comment_id,video_id,name_ko,name_en,unit,text,like_count,published_at,text_len
UgzAi5BY4MDxAAV0dCF4AaABAg,IDELs4nhE1c,강지,Kangji,STELLIVE,“최악이다” 듣는거까지가 똘복이 빌드업임 ㅇㅇ,744,2026-09-05T05:08:27Z,25
Ugy-LQV5Ahe75hXsEJh4AaABAg,IDELs4nhE1c,강지,Kangji,STELLIVE,3:09 똘복이 진짜 보법이다르네 ㅋㅋㅋㅋㅋㅋㅋㅋㅋㅋㅋ,470,2026-09-05T05:29:31Z,30
UgxBnzo5CCZ21MINRTF4AaABAg,IDELs4nhE1c,강지,Kangji,STELLIVE,김똘복 각 보고 들어오는거 진짜 예술이네 ㅋㅋㅋㅋㅋㅋㅋㅋㅋㅋㅋㅋㅋㅋㅋㅋㅋ,226,2026-09-05T05:54:49Z,40
UgwDh3ta4iEwsjnolzV4AaABAg,IDELs4nhE1c,강지,Kangji,STELLIVE,"6:42
180정도...역시...파랑은 파랑을...(김x루의 키 나무위키 기준 183)",473,2026-09-05T05:51:32Z,48
UgzaMwNrIlXa_StheXF4AaABAg,IDELs4nhE1c,강지,Kangji,STELLIVE,3:13 똘복님ㅋㅋ 진짜 다르시내ㅋㅋ,84,2026-09-05T05:05:08Z,20
UgxSSGlSYBwOkMkPFKp4AaABAg,IDELs4nhE1c,강지,Kangji,STELLIVE,0:11 기생오래비…? 김똘복 잘생겼었어…?,331,2026-09-05T06:35:02Z,24
UgzNLY3t26fiLz7vw4x4AaABAg,IDELs4nhE1c,강지,Kangji,STELLIVE,"기생오래비처럼 생긴거 안좋아 한다고 했다 똘복이가 한인물 한다는거다 
그럼...",370,2026-09-05T05:35:42Z,44
Ugy10k3D51u0ThuXVS94AaABAg,IDELs4nhE1c,강지,Kangji,STELLIVE,파란분은 이미 임자가 있으시니 옆에 노란분을 가지세요,265,2026-09-05T05:02:50Z,29
UgwHipoDezr346hmAF54AaABAg,IDELs4nhE1c,강지,Kangji,STELLIVE,6:37 이런 다급한 강지 얼마만에 보는건지 ㅋㅋ,98,2026-09-05T05:47:03Z,27
UgzH_YPKylFtlqf1tal4AaABAg,IDELs4nhE1c,강지,Kangji,STELLIVE,"키크고 마르고 기생오래비 
김똘복 도대체 얼마나 잘생긴거냐....
저러니까 취집 할 생각 만땅이겠지.....",27,2026-09-05T08:54:58Z,60
UgzMJOFLlhggwXMPQLp4AaABAg,IDELs4nhE1c,강지,Kangji,STELLIVE,아니 한명은 이미 있잖아,224,2026-09-05T05:18:32Z,13
Ugxqv9w-kYkYSJc6j4t4AaABAg,IDELs4nhE1c,강지,Kangji,STELLIVE,6:40 남편실격↘  남사친 합격★,222,2026-09-05T05:12:17Z,19
UgzmYStkmXsi2zGyOJd4AaABAg,IDELs4nhE1c,강지,Kangji,STELLIVE,똘복아 더 성장해서 오거라...,697,2026-09-05T05:01:59Z,17
UgwqunEwGAsad9s8_GN4AaABAg,IDELs4nhE1c,강지,Kangji,STELLIVE,어이어이 김똘복은 지금 매우 급하다고 조심하지 않으면 바로 결혼으로 골인된다 ㅋㅋㅋ,49,2026-09-05T05:02:46Z,46
Ugwrb8FJqpCfV-zCIex4AaABAg,IDELs4nhE1c,강지,Kangji,STELLIVE,12:30 멋사와 오승철,26,2026-09-05T06:11:00Z,13
Ugwk0E5y7IR0mQVDog94AaABAg,IDELs4nhE1c,강지,Kangji,STELLIVE,저 사람은 진심이야.,32,2026-09-05T05:01:24Z,11
UgyXuB-IaDfhPi5YrCp4AaABAg,IDELs4nhE1c,강지,Kangji,STELLIVE,파랑이 이파랑이 아닌대...,36,2026-09-05T05:01:40Z,15
UgwshR4dgdPxZok0GON4AaABAg,IDELs4nhE1c,강지,Kangji,STELLIVE,3:47 ㅋㅋㅋㅋㅋ 멘트 진짜 잘 친다,12,2026-09-05T06:28:12Z,21
Ugxl7G4T58-PIkx4nCx4AaABAg,IDELs4nhE1c,강지,Kangji,STELLIVE,4:08 삐부만 눈이 다른데 힌트인가요?,100,2026-09-05T05:34:42Z,22
UgzNAg1LD7ygXNs2uIN4AaABAg,IDELs4nhE1c,강지,Kangji,STELLIVE,오이오이 이미 임자가 있으신분을…,95,2026-09-05T05:01:20Z,18
UgxWLDClgOoo0qVZmIV4AaABAg,IDELs4nhE1c,강지,Kangji,STELLIVE,감자한텐 임자가 있다는거임~,25,2026-09-05T05:56:20Z,15
Ugwx7nLKVKcndal3q2p4AaABAg,IDELs4nhE1c,강지,Kangji,STELLIVE,한분은 임자가 있으셔서 안된답니다,14,2026-09-05T05:25:16Z,18
Ugyap2O9s-Mx5OksMtp4AaABAg,IDELs4nhE1c,강지,Kangji,STELLIVE,11:22 대신 멋사 너불 두 분은....핑맨님과 같이 셋이서 동거를 했었다는거죠 헉!!,4,2026-09-05T17:10:03Z,49
UgzWbVMGZ9kQAfI5srB4AaABAg,IDELs4nhE1c,강지,Kangji,STELLIVE,강지를 가지려면 에란겔 정도는 정복하고 와라….,13,2026-09-05T06:03:59Z,26
Ugy1xnRFcvN3-Vadxs94AaABAg,IDELs4nhE1c,강지,Kangji,STELLIVE,임자있는 분 건드렸다간 에란겔로 납치 당할수도;;,9,2026-09-05T06:42:24Z,27
UgyQ1tHIsZdDBrbI9cl4AaABAg,IDELs4nhE1c,강지,Kangji,STELLIVE,"똘복이 샌드백 역할 고트임 ㅋㅋㅋㅋㅋㅋ
딱 봐도 착해 5,6년 동안 샌드백 역할 하면서 이렇게 친하게 연락 유지되는거 보면
극한의 비지니스 아니면 착한게 맞을듯",10,2026-09-05T08:28:18Z,89
UgyxAmiocseBAhCsMYt4AaABAg,IDELs4nhE1c,강지,Kangji,STELLIVE,똘복아 신호등 중에서 남은 멤버 한명한테도 똑같이 장인어른 대려오시라 해라,57,2026-09-05T05:25:48Z,41
UgzA2dltu_E2usUh_Vp4AaABAg,IDELs4nhE1c,강지,Kangji,STELLIVE,"6:46 키 185에...
훈훈하게 생긴 상에...
부지런하고....
구독자 많고....
흠흠.",30,2026-09-05T07:11:08Z,53
Ugwjn4fvqOK7MZSOJRl4AaABAg,IDELs4nhE1c,강지,Kangji,STELLIVE,"남의 여자 눈독들이는건 위험한데
강블코인은 죽지않는다고!!!!",8,2026-09-05T06:57:45Z,34
UgwgZRbD5r8vtIFMajt4AaABAg,IDELs4nhE1c,강지,Kangji,STELLIVE,저챗합방 치트키 김똘복,11,2026-09-05T06:11:56Z,12
Ugz8P17lOOoZE9G7mPN4AaABAg,IDELs4nhE1c,강지,Kangji,STELLIVE,뭐지 옆의 핑맨 우결이 결정타였나ㅋㅋㅋㅋㅋ,7,2026-09-05T06:25:28Z,23
Ugx2DJQ62rusMBy-rUV4AaABAg,IDELs4nhE1c,강지,Kangji,STELLIVE,배그왕이 달려오는 소리가 들리네,13,2026-09-05T06:23:28Z,17
UgyIf5qrIw1KEznDOap4AaABAg,IDELs4nhE1c,강지,Kangji,STELLIVE,2:11 그니까 wwe가 아니라는거지..?ㅎㅎ,17,2026-09-05T06:51:56Z,25
UgzAOu5Yu3axZjz9V5V4AaABAg,IDELs4nhE1c,강지,Kangji,STELLIVE,12:50 ㅋㅋㅋㅋㅋㅋㅋㅋㅋ,9,2026-09-05T06:13:37Z,15
UgwVK68K5B5yC65e8Dh4AaABAg,IDELs4nhE1c,강지,Kangji,STELLIVE,제목부터 심상치 않음을 느꼈으면 개추 ㅋㅋㅋ,18,2026-09-05T05:02:13Z,24
UgyjGuWdOMgfnYyCewR4AaABAg,IDELs4nhE1c,강지,Kangji,STELLIVE,멘트가 진짜 하나하나 섬세하게 박살이 나 있네 ㅋㅋㅋㅋㅋㅋㅋㅋㅋㅋㅋㅋㅋㅋㅋ,1,2026-09-05T13:27:59Z,41
UgysJGPQgsB3lLW0rYt4AaABAg,IDELs4nhE1c,강지,Kangji,STELLIVE,머야 예전 일러 중간중간에 나오는거 징짜 뭐야..❤ 너무 좋다 많이 넣어주세요😍,0,2026-09-05T10:59:27Z,44
UgxKS-TrCy-f0YwB8Ax4AaABAg,IDELs4nhE1c,강지,Kangji,STELLIVE,180이 약간한참 안되지만 마르지 않고 기생오라비랑은 거리가 영 먼 우리 종우가 역시,2,2026-09-05T12:51:26Z,47
UgwfzOUNibTNzpbJ3PJ4AaABAg,IDELs4nhE1c,강지,Kangji,STELLIVE,강지는 이미 임쟈가 있음,2,2026-09-05T08:15:14Z,13
Ugwzc7UB7TUwtJPbCq54AaABAg,IDELs4nhE1c,강지,Kangji,STELLIVE,똘복이 라인 타는거 ㅈ고수다ㅋㅋㅋ,2,2026-09-05T06:05:50Z,18
UgyPxcbTUpmzLM1W_654AaABAg,xFeUqVfHpeY,강지,Kangji,STELLIVE,이게 위치 때문인지 진짜 면접관모먼트가 섞여 나오는게 킥이네ㅋㅋㅋㅋ,713,2026-09-13T05:18:39Z,37
UgyX7jIXG5oyZ2ToFvJ4AaABAg,xFeUqVfHpeY,강지,Kangji,STELLIVE,EMS되신분들도 안되신분들도.... 전부 봉누도에서 기대되는 분들임ㅋㅋㅋㅋㅋ,221,2026-09-13T05:24:34Z,42
UgyReKs-4ytx4zLhPp14AaABAg,xFeUqVfHpeY,강지,Kangji,STELLIVE,"""봉누도 2에서도 강지는 사황의 위세를 떨칠 예정""",505,2026-09-13T05:10:36Z,28
Ugz1w-PRzzBfgVW2b9R4AaABAg,xFeUqVfHpeY,강지,Kangji,STELLIVE,자몽뀨 진짜 인상 개쎄게 남았네 ㅋㅋㅋㅋㅋㅋ 와 게이간호사는 ㄹㅇ 쉽지않네 ㅋㅋㅋㅋㅋㅋ,341,2026-09-13T05:10:32Z,48
UgymJPVNlkOZtTuaqbV4AaABAg,xFeUqVfHpeY,강지,Kangji,STELLIVE,1시간 30분 고봉밥 이거 뭐야ㅑ,625,2026-09-13T05:01:01Z,18
UgyV9GoB5N_uKOb59hB4AaABAg,xFeUqVfHpeY,강지,Kangji,STELLIVE,1:00:59 찐말투 나오기전까지 진짜 일본인인줄알았네;;;ㄹㅇ벽느껴진다,47,2026-09-13T14:11:39Z,40
UgxeyVuMNYwUHETRs0d4AaABAg,xFeUqVfHpeY,강지,Kangji,STELLIVE,"“새봄언니 썸네일로 잘 썼어, 근데 면접은 불합격이야.”",146,2026-09-13T10:15:41Z,31
Ugxa6KjkKh_nzhHTUtN4AaABAg,xFeUqVfHpeY,강지,Kangji,STELLIVE,45:27 저건 그냥 미친새기잖아 ㅋㅋㅋㄱㅋㅋㅋㄱㅋㅋ,35,2026-09-13T07:53:10Z,29
UgyArbcR0URgTXSI0b94AaABAg,xFeUqVfHpeY,강지,Kangji,STELLIVE,이초홍 그녀는 몇 안되는 강지를 제압할 수 있는 여자..,24,2026-09-13T07:02:48Z,31
UgxR5bGprGlR5voLxgB4AaABAg,xFeUqVfHpeY,강지,Kangji,STELLIVE,진짜 여러의미로 많이 힘들 예정인 현정이원장누나ㅋㅋㅋ,233,2026-09-13T05:02:17Z,29
UgwOBreoRDjoFpLsyAJ4AaABAg,xFeUqVfHpeY,강지,Kangji,STELLIVE,앞에 오빠 발견은... 발견 당하면 벌떡 일어나 도망가겠네,33,2026-09-13T06:54:36Z,32
UgyVbA2-_MCXhoQTVrJ4AaABAg,xFeUqVfHpeY,강지,Kangji,STELLIVE,이번엔 EMS진짜 갱급으로 재밌을듯 ㅋㅋㅋㅋ,96,2026-09-13T05:02:09Z,24
Ugz9lA6bvkW9HWffHXp4AaABAg,xFeUqVfHpeY,강지,Kangji,STELLIVE,몽뀨햄 진짜 심상치 않다 ㅋㅋㅋㅋ,111,2026-09-13T05:08:12Z,18
UgweNc8HTlcJbV8VW6d4AaABAg,xFeUqVfHpeY,강지,Kangji,STELLIVE,42:29 찐텐 웃음ㅋㅋㅋ,34,2026-09-13T11:04:56Z,14
UgxEH5rKgpRC9wLY85p4AaABAg,xFeUqVfHpeY,강지,Kangji,STELLIVE,"배순이 ㅋㅋㅋㅋㅋㅋㅋ
봉누도의 츠밍이 될것인가 ㅋㅋㅋㅋ
백곰파 어케합격했누 ㅋㅋㅋ",85,2026-09-13T05:24:47Z,45
UgwZaflzlgHHzhvsyq14AaABAg,xFeUqVfHpeY,강지,Kangji,STELLIVE,7:40 감자 고구마 듀오는 못 참는다,33,2026-09-13T08:29:26Z,21
UgyMngNZfRIUy41x19t4AaABAg,xFeUqVfHpeY,강지,Kangji,STELLIVE,EMS가 Emergancy Military Service(긴급 군사 서비스)였나고....,56,2026-09-13T06:12:06Z,49
Ugyd_tT5OIntk0joi0Z4AaABAg,xFeUqVfHpeY,강지,Kangji,STELLIVE,후야 라이벌 딱나왔네 곰파랑 원장님 옆자리 차지 싸움 보는 재미 있을것 같은데,40,2026-09-13T05:19:31Z,43
Ugxw4pY8d9fT4EkublZ4AaABAg,xFeUqVfHpeY,강지,Kangji,STELLIVE,45:10 이 누님 개빡이네ㅋㅋ,19,2026-09-13T08:32:09Z,17
Ugxng4omK-oUzeLWzut4AaABAg,xFeUqVfHpeY,강지,Kangji,STELLIVE,좌초홍 우새봄 든든하네 ㅋㅋㅋㅋㅋㅋㅋㅋ,422,2026-09-13T05:01:43Z,21
UgwhRdAexp5AWiYmM0J4AaABAg,xFeUqVfHpeY,강지,Kangji,STELLIVE,진짜 분명 분내 나지만 중간마다 폐급 모먼트나는 분들과 가짜 분내같은 몽뀨햄 때문에 ㅈㄴ 웃겼음 ㄹㅇ ㅋㅋㅋ,369,2026-09-13T05:01:07Z,60
UgwK3SFQ0vIt5L7pxTZ4AaABAg,xFeUqVfHpeY,강지,Kangji,STELLIVE,자몽뀨 진짜 개웃기다 ㅋㅋㅋㅋㅋㅋㅋㅋㅋ,17,2026-09-13T06:54:17Z,21
UgxZ_Sz8RtBBbOpQfYR4AaABAg,xFeUqVfHpeY,강지,Kangji,STELLIVE,이초홍이랑은 그래도 티키타카 하는데 서새봄 한테는 즉시 ㅈㄴ 공손해짐 ㅋㅋㅋㅋ,40,2026-09-13T14:19:07Z,43
UgxMUiTaFGABiBlpalN4AaABAg,xFeUqVfHpeY,강지,Kangji,STELLIVE,"봉누도의 유명한 전투력 집단
'병원'",14,2026-09-13T09:49:56Z,20
UgwP2pfzFJLUfDi7sJ94AaABAg,xFeUqVfHpeY,강지,Kangji,STELLIVE,백곰파 이력서 보다가 이글콥님 이력서 보니까 속이 시원하네,7,2026-09-13T10:13:41Z,32
Ugzg6H_i39HyO7wWj9p4AaABAg,xFeUqVfHpeY,강지,Kangji,STELLIVE,우리 몽뀨 오빠 응원부탁드립니다!!! 42:24,40,2026-09-13T05:44:59Z,26
Ugyjy67rUd3exV-euOl4AaABAg,xFeUqVfHpeY,강지,Kangji,STELLIVE,백곰파 지원서 vs 후야 지원서 이거 박빙이네 ㅋㅋ,81,2026-09-13T06:14:20Z,28
UgysSepbIVf5vEDmPQ14AaABAg,xFeUqVfHpeY,강지,Kangji,STELLIVE,배돈 포지션이 진짜 있을법한게 존나 웃김 ㅋㅋㅋㅋㅋ 몸 좋은 산적상 간호사,37,2026-09-13T06:19:58Z,41
UgwhaNANkY0kj1Dfd2R4AaABAg,xFeUqVfHpeY,강지,Kangji,STELLIVE,3:48 확실한 마마력이 있으시네요...마망,2,2026-09-13T17:32:08Z,24
Ugz3TYjxNNrEuXcabKh4AaABAg,xFeUqVfHpeY,강지,Kangji,STELLIVE,38:05 “감규리 비상.🚨”,57,2026-09-13T09:03:33Z,16
UgyaMRpuf48d7WNlxYB4AaABAg,xFeUqVfHpeY,강지,Kangji,STELLIVE,아무래도 손희쇼님은 강지가 컨트롤 할 수 가 없는 사람인 것이지...부담100배 ㅋㅋㅋㅋ,4,2026-09-13T08:09:16Z,49
UgwmsFawhyhmq80tBS14AaABAg,xFeUqVfHpeY,강지,Kangji,STELLIVE,서새봄님 ㅋㅋㅋ 네크로필리아 ㅋㅋㅋㅋ,11,2026-09-13T09:42:33Z,20
UgwYAqUHi8EV_SXBpWB4AaABAg,xFeUqVfHpeY,강지,Kangji,STELLIVE,새봄추가 쏘모씨에게 고소당해도 쉴드는 못쳐주겠다.,7,2026-09-13T06:22:53Z,27
UgyxqonGtz8fIN7CdMN4AaABAg,xFeUqVfHpeY,강지,Kangji,STELLIVE,45:48 어 뭔가 하얀머리에 오드아이의 향기가....,9,2026-09-13T09:43:08Z,30
UgzTQD6V_pAB0aoPUeF4AaABAg,xFeUqVfHpeY,강지,Kangji,STELLIVE,11:37 뭔소린가 했네 ㅋㅋㅋㅋㅋㅋㅋㅋㅋㅋㅋㅋㅋㅋㅋㅋㅋㅋㅋ,6,2026-09-13T14:11:06Z,33
UgxP2klhWhF6HCANbgZ4AaABAg,xFeUqVfHpeY,강지,Kangji,STELLIVE,32:33 수진양… (⸝⸝⸝╸w╺⸝⸝⸝),4,2026-09-14T00:57:04Z,22
UgziR7hhfMnFvNUSVSd4AaABAg,xFeUqVfHpeY,강지,Kangji,STELLIVE,41:59 물소!,18,2026-09-13T05:25:11Z,9
UgyuKnVSEUN66ZU_BMl4AaABAg,xFeUqVfHpeY,강지,Kangji,STELLIVE,자몽뀨 진짜 도라이인가 ㅋㅋㅋㅋㅋㅋㅋㅋㅋㅋㅋㅋㅋㅋㅋㅋㅋㅋㅋ,6,2026-09-13T08:13:56Z,32
UgwfjjurSyLPZLaVJHR4AaABAg,xFeUqVfHpeY,강지,Kangji,STELLIVE,언니한테 약한 감자 ㅋㅋㅋ,11,2026-09-13T05:51:10Z,14
Ugw2HnAVou0I55PbUwd4AaABAg,xFeUqVfHpeY,강지,Kangji,STELLIVE,42:23 압도적 인재등장 ㅋㅋㅋㅋㅋㅋㅋㅋㅋㅋㅋㅋ,191,2026-09-13T06:53:38Z,27
Ugw4_pQeRRLLAgnWzJN4AaABAg,5tkYxllAKF8,강지,Kangji,STELLIVE,감스트: 이게 뭐야! 이게 뭐야!,544,2026-09-01T09:34:17Z,18
Ugw6MTcMq_VC12yZfkJ4AaABAg,5tkYxllAKF8,강지,Kangji,STELLIVE,참고로 강지님은 뽑은 메가 레쿠쟈ex mur카드는 등급 의뢰가 몇건 들어오지 않은 카드고 등급을 받지 않은 상태로 200만원 정도 한다고 합니다ㄷㄷㄷㄷ,329,2026-09-01T08:47:47Z,84
UgzcJ8Du3w3T7Ww97OR4AaABAg,5tkYxllAKF8,강지,Kangji,STELLIVE,8:00 황금 레쿠쟈 등장,371,2026-09-01T07:18:39Z,14
UgziykHvMbxoiJOcCat4AaABAg,5tkYxllAKF8,강지,Kangji,STELLIVE,"운이 왤케 좋은데 X
아 내 운이 저기로 갔구나 O",843,2026-09-01T07:03:11Z,28
Ugzg7-JqpVpypcVrPHF4AaABAg,5tkYxllAKF8,강지,Kangji,STELLIVE,0:55 뭐긴 뮈야 전세대 초전설 칼라마네로님이시잖아?,14,2026-09-01T13:48:58Z,30
UgwiFjOeCN_5F3H93Xd4AaABAg,5tkYxllAKF8,강지,Kangji,STELLIVE,"진짜 하는 것마다 운이 이렇게 좋을 수가 있나...
벽 느껴진다ㅋㅋㅋㅋ",18,2026-09-01T07:56:40Z,39
UgxqH7YkQqysB0MmCrB4AaABAg,5tkYxllAKF8,강지,Kangji,STELLIVE,내가 운 뚱땡이 키드 받을때 필요했던 운을 정감자가 다가져갔었네.... 어쩐지,15,2026-09-01T08:34:12Z,43
UgxDOuCUvuNxfsYibWd4AaABAg,5tkYxllAKF8,강지,Kangji,STELLIVE,"운말고 몸도 뚱땡이가 될 필요가 있음..
",94,2026-09-01T07:52:11Z,22
UgzxyxUlzJXXN0IJYC54AaABAg,5tkYxllAKF8,강지,Kangji,STELLIVE,몸은 나뭇가지요 운은 코끼리니 그를 정강지라 하노라,13,2026-09-01T09:03:19Z,28
Ugxc5rv009JvCufJdoB4AaABAg,5tkYxllAKF8,강지,Kangji,STELLIVE,강아가  댕신난어 ㅋㅋㅋㅋㅋㅋㅋㅋㅋㅋㅋㅋㅋ커엽구만,10,2026-09-01T21:23:40Z,27
UgxQ2QWu_OQNXmQl0cZ4AaABAg,5tkYxllAKF8,강지,Kangji,STELLIVE,전생에 얼마나 힘들었던거냐..정강지...!,294,2026-09-01T07:02:25Z,23
UgwaoJsv4ZqA9oAKgqV4AaABAg,5tkYxllAKF8,강지,Kangji,STELLIVE,생방으로 봤는디 감자가 행복해해서 나도 너무 재밌었던 기억이,43,2026-09-01T07:11:31Z,33
Ugys3CMHIwmfcghALFd4AaABAg,5tkYxllAKF8,강지,Kangji,STELLIVE,8:03축하드립니다.,27,2026-09-01T08:45:00Z,11
UgwYGW32xS0bTjV0KdZ4AaABAg,5tkYxllAKF8,강지,Kangji,STELLIVE,행복해 하는거 보니까 기분좋아요 강지님!!!,4,2026-09-01T09:15:00Z,24
Ugz0gNgF_FP-Xmhowux4AaABAg,5tkYxllAKF8,강지,Kangji,STELLIVE,이건 진짜 개멋지네 ㄷㄷ 첫 mur 축하드립니다,5,2026-09-01T07:18:55Z,26
Ugx47yMOT8ABkTqJy014AaABAg,5tkYxllAKF8,강지,Kangji,STELLIVE,잘 나오면 겁나 신나하고 망하면 시무룩한 게 투명해서 너무 귀여워요 ㅋㅋㅋㅋ,2,2026-09-01T17:17:03Z,42
UgwqJnsm_JzH_gJ_mXd4AaABAg,5tkYxllAKF8,강지,Kangji,STELLIVE,2:32 동덕이를 좋아하시다니,12,2026-09-01T07:05:21Z,16
UgxQw3rXn2LpUtUzwwV4AaABAg,5tkYxllAKF8,강지,Kangji,STELLIVE,그 운의 반만 살로 찌워다오…,9,2026-09-01T07:05:02Z,16
Ugyl0qhlHMAfBr1r7m94AaABAg,5tkYxllAKF8,강지,Kangji,STELLIVE,학교 끝나자마자보는 따끈따끈한 강지 새영상,4,2026-09-01T07:02:23Z,23
Ugy7Js3jnCGsshdxkxV4AaABAg,5tkYxllAKF8,강지,Kangji,STELLIVE,운과 건강을 등가교환한 강아가,4,2026-09-01T09:28:09Z,16
UgxrJOBLkJzAdg4BYEB4AaABAg,5tkYxllAKF8,강지,Kangji,STELLIVE,사쟌님 카드나온거 축하하고 싶으면서도 저 가느다란 팔이 마음아픈건 어째서일까 ㅠ,3,2026-09-01T07:06:37Z,44
UgyhzP_POcVdwu_CylV4AaABAg,5tkYxllAKF8,강지,Kangji,STELLIVE,뭘해도 운이넘쳐나네!?,4,2026-09-01T07:04:59Z,12
Ugz3oJT53DjJaEHusEB4AaABAg,5tkYxllAKF8,강지,Kangji,STELLIVE,누군가의 72박스..,29,2026-09-01T10:59:11Z,11
UgwlQJQdDvAaLZDuPoB4AaABAg,5tkYxllAKF8,강지,Kangji,STELLIVE,ㅋㅋㅋㅋㅋㅋ졍사장 신나셨다,3,2026-09-01T07:03:24Z,14
UgyIWbUYGRnDNDjubjR4AaABAg,5tkYxllAKF8,강지,Kangji,STELLIVE,이 정도 운이 되어야 스텔라이브 채용이 가능합니다.,4,2026-09-01T07:02:16Z,28
UgxMr0ktJD2pVTKSeRx4AaABAg,5tkYxllAKF8,강지,Kangji,STELLIVE,운이고 자시고 건강만해다오,1,2026-09-01T08:24:24Z,14
UgyPuZccNIDsxvAusr54AaABAg,5tkYxllAKF8,강지,Kangji,STELLIVE,9:30 자랑스럽게 마지막에 황금 레쿠쟈 보여주는거 진짜 킹받네요 강지님,26,2026-09-01T07:17:12Z,40
Ugzy9R8MaiodsU8kAFd4AaABAg,5tkYxllAKF8,강지,Kangji,STELLIVE,실시간으로 봤는데 배 아파 죽는 줄 알았다 ㄹㅇ...,2,2026-09-01T10:14:34Z,29
UgwP2dlkDxZgixV12pB4AaABAg,5tkYxllAKF8,강지,Kangji,STELLIVE,진짜 운이 엄청나네 ㄷㄷ,3,2026-09-01T07:07:09Z,13
UgzsQt1wBsmAqgofN8Z4AaABAg,5tkYxllAKF8,강지,Kangji,STELLIVE,"저번부터 느꼈는대 진짜 뼈 밖에 없으시네...
건강 좀 챙기셨음 좋겠습니다 ㅠㅠ",4,2026-09-01T08:03:49Z,44
UgzygMAuiytYGgQnQAl4AaABAg,5tkYxllAKF8,강지,Kangji,STELLIVE,"야호 야호 야호 ㅋㅋㅋㅋㅋㅋ
요롷게 ㅋㅋㅋㅋㅋㅋㅋㅋ",3,2026-09-01T07:05:52Z,28
Ugz5nc9grVnBjCq03mB4AaABAg,5tkYxllAKF8,강지,Kangji,STELLIVE,스텔라이브 운영자금이 여기서 나오는 건가요,3,2026-09-01T07:44:01Z,23
Ugzr8iRU06az8ORGF8d4AaABAg,5tkYxllAKF8,강지,Kangji,STELLIVE,이잉~ 하시는 사장님 너무 커엽다..,1,2026-09-01T07:18:50Z,20
UgzX8lUY7vUxK6yAyz94AaABAg,5tkYxllAKF8,강지,Kangji,STELLIVE,"운이 가득한 강지님 귀여워요!
기뻐하는 모습이 너무 너무 귀여우셔요!!!",0,2026-09-01T12:24:20Z,40
UgyVUXHxbo2hL3s7xhh4AaABAg,5tkYxllAKF8,강지,Kangji,STELLIVE,8:02 부럽....,1,2026-09-01T10:17:36Z,11
Ugx_sa674SiIu9LliBd4AaABAg,5tkYxllAKF8,강지,Kangji,STELLIVE,강지님 축하드려요 스톰에메랄다 영상 올려주셔서 감사해요 ~ 다음에 진짜 MA 시리즈 혼합한 확장팩 나오던데 부탁드릴게요,0,2026-09-01T08:57:24Z,66
Ugx1OqZyo_h3M46OEtB4AaABAg,5tkYxllAKF8,강지,Kangji,STELLIVE,1:08 강물의 흐름 보듯이 가만히 있능거 개욱김ㅋㅋㅋㅋㅋㅋㅋ,0,2026-09-01T11:30:07Z,34
UgxUoEsgtAB6JUzodmZ4AaABAg,5tkYxllAKF8,강지,Kangji,STELLIVE,ㅋㅋㅋㅋㅋㅋㅋㅋㅋㅋㅋ 신난거 겁나킹받는데 귀엽네 ㅋㅋㅋㅋㅋ,0,2026-09-03T11:21:01Z,32
UgzigAIh2lPONQEcasV4AaABAg,5tkYxllAKF8,강지,Kangji,STELLIVE,운뚠띠 정강지,2,2026-09-01T07:01:33Z,7
Ugz_IMZmOX099moZRSZ4AaABAg,5tkYxllAKF8,강지,Kangji,STELLIVE,"강지님이 행복하면 된거야
부럽네요!",0,2026-09-01T17:22:12Z,20
Ugzk_BhwDWcn84gRupd4AaABAg,nmMqBDd9EWw,강지,Kangji,STELLIVE,"""뭘뽀노?""
""참지마 싸버려""",974,2026-09-10T07:13:46Z,16
UgyxnGZe-3Ev43pig8t4AaABAg,nmMqBDd9EWw,강지,Kangji,STELLIVE,5:12 찌로 부르는데 막 사랑이 느껴져,145,2026-09-10T08:06:50Z,22
UgyFhaQ29KHyuvQSMLh4AaABAg,nmMqBDd9EWw,강지,Kangji,STELLIVE,"""둘은 문제아지만 최강""
""참지마 싸버려""
기억이 새록새록하구나",596,2026-09-10T07:01:57Z,35
UgxYUjmAHtmarYTlbsp4AaABAg,nmMqBDd9EWw,강지,Kangji,STELLIVE,그시절 스텔라이브를 아는사람..💀,934,2026-09-10T07:01:45Z,18
Ugxx9mAJDoYUA4i8b8d4AaABAg,nmMqBDd9EWw,강지,Kangji,STELLIVE,3명이서의 그 다락방? 단칸방? 감성이 있었지… 거침없이 매운 칸유와 당황해서 말리는 감자의 조합,101,2026-09-10T07:34:59Z,54
UgxBKsNx6l-DZXjA6AF4AaABAg,nmMqBDd9EWw,강지,Kangji,STELLIVE,2:11 1기생 아예 없어질뻔했네ㅋㅋㅋㅋ,99,2026-09-10T14:25:35Z,22
UgxbvY4S3xclxJliohh4AaABAg,nmMqBDd9EWw,강지,Kangji,STELLIVE,4:00 많은 의미가 담겨 있는 한마디 ㅋㅋㅋㅋ,68,2026-09-10T12:11:13Z,26
UgyiPIxgt0lmZ_p37LF4AaABAg,nmMqBDd9EWw,강지,Kangji,STELLIVE,7:41 진짜 현역 초딩아니냐고ㅋㅋㅋ,15,2026-09-10T11:04:30Z,20
UgwWnPrqwvjhufcaosp4AaABAg,nmMqBDd9EWw,강지,Kangji,STELLIVE,미스틱을 아는 사람☠️☠️☠️☠️☠️,29,2026-09-10T07:21:49Z,20
UgzR0_HUUum-QlZLqyZ4AaABAg,nmMqBDd9EWw,강지,Kangji,STELLIVE,12:01 목소리 분내 맛좋네..,6,2026-09-11T18:41:25Z,18
UgykRxcwIGNfmrM7vax4AaABAg,nmMqBDd9EWw,강지,Kangji,STELLIVE,"비록 첨엔 3명이서 시작한 스텔라이브가 이젠 진짜 대기업이 됬으니 옛날에 유니의 ""뭘뽀노"",황녀님의 ""참지마,씨버려"" 진짜 레전드였어",197,2026-09-10T08:03:48Z,74
UgyLMDNjsTP2UgNA2H94AaABAg,nmMqBDd9EWw,강지,Kangji,STELLIVE,11:24 역시 나쁜말 양파가 더 잘 자라,21,2026-09-10T09:24:33Z,23
UgyJ1yG_pZmYYSCU5pJ4AaABAg,nmMqBDd9EWw,강지,Kangji,STELLIVE,??:유니는 ㄹㄹ임니다! 여러분들은 ㄹㄹ콩임니다!!,38,2026-09-10T08:46:33Z,28
UgzqbSBPs2jJBfm0fiF4AaABAg,nmMqBDd9EWw,강지,Kangji,STELLIVE,3:42 캐쉬카우선언 ㅋㅋㅋ,5,2026-09-10T09:45:47Z,15
UgwrbcS4NuTrJ9TxaFR4AaABAg,nmMqBDd9EWw,강지,Kangji,STELLIVE,14:04 이타도리 유지랑 토도 아오이냐고 ㅋㅋㅋㅋㅋㅋㅋㅋ,3,2026-09-10T11:33:59Z,32
Ugz9kHXsFdybKHAtW254AaABAg,nmMqBDd9EWw,강지,Kangji,STELLIVE,지금 스텔 분위기도 유니가 스타트 끊었지 ㅋㅋㅋㅋㅋ,8,2026-09-10T10:34:51Z,28
UgwAHDeimXIxSP5-os54AaABAg,nmMqBDd9EWw,강지,Kangji,STELLIVE,존재하지 않는 기억을 가지고 있는 사람: ☠️☠️☠️,24,2026-09-10T10:33:28Z,29
UgyklvEq6zqF4NQEYKR4AaABAg,nmMqBDd9EWw,강지,Kangji,STELLIVE,강사장 맛시로가 싸장님! 하니까 개좋아하네 ㅋㅋㅋㅋ 맛시로가 귀엽긴해,3,2026-09-10T14:43:30Z,38
UgwNnSGd28vwHEe4ibN4AaABAg,nmMqBDd9EWw,강지,Kangji,STELLIVE,얘전엔 셋이었는데 이젠 둘이구나...,180,2026-09-10T07:06:51Z,20
UgzuQapjPPSsA_yCEGB4AaABAg,nmMqBDd9EWw,강지,Kangji,STELLIVE,13:26 아르르를르ㅡㄹ르르루,27,2026-09-10T09:26:59Z,16
Ugxw7NSAY4ROve-nzgF4AaABAg,nmMqBDd9EWw,강지,Kangji,STELLIVE,태초에 뭘뽀노와 싸버려가 공존하던 시절..,4,2026-09-10T13:35:43Z,23
Ugybimy1zLsKUGHbesl4AaABAg,nmMqBDd9EWw,강지,Kangji,STELLIVE,"저러니 유니가 평생 따라가려고 하지
귀화까지 하려고 하면서 ㅋㅋㅋㅋㅋㅋㅋ",17,2026-09-10T14:37:14Z,40
UgyUc86Obsy8zRuJ7v94AaABAg,nmMqBDd9EWw,강지,Kangji,STELLIVE,??? : 5년 재계약은 무적이다!!!,3,2026-09-10T14:16:30Z,21
UgyKtXKfI2CiQRwA8C14AaABAg,nmMqBDd9EWw,강지,Kangji,STELLIVE,"""이사님""",4,2026-09-10T08:53:58Z,5
UgzTbdUZFOnhuDMfDaB4AaABAg,nmMqBDd9EWw,강지,Kangji,STELLIVE,"망국의 유니콘, 개국공신.",6,2026-09-10T13:01:05Z,14
UgwhlWuIB1zaTJFhzw94AaABAg,nmMqBDd9EWw,강지,Kangji,STELLIVE,지금도 레전드긴한데 진짜 원시 유니는 최강이였지 ㅋㅋㅋ,2,2026-09-10T07:04:59Z,30
Ugwji-NFB2iyffp5kaJ4AaABAg,nmMqBDd9EWw,강지,Kangji,STELLIVE,칸유 조합은 진짜 ㄹㅈㄷ였지ㅋㅋㅋ,19,2026-09-10T10:32:50Z,18
UgwwQCSHi3YNHyr6hjB4AaABAg,nmMqBDd9EWw,강지,Kangji,STELLIVE,10년 뒤 다들 30대가 된 스텔라이브도 재밌긴 하겠다 지금 1~3기생은 진짜 대선배 느낌날듯,2,2026-09-10T08:32:59Z,52
UgyV97RHM2CdEP-cZFl4AaABAg,nmMqBDd9EWw,강지,Kangji,STELLIVE,유니의..'날것'은 강지도 기겁했다..,2,2026-09-10T07:23:44Z,21
UgxU0dkyRv1wA5mktdh4AaABAg,nmMqBDd9EWw,강지,Kangji,STELLIVE,유니는 데뷔전교육이 아니라 데뷔후교육이지 ㅋㅋㅋㅋㅋ,2,2026-09-10T09:49:13Z,28
UgwSuzSfDrbNidQEyet4AaABAg,nmMqBDd9EWw,강지,Kangji,STELLIVE,'원시의 분노',3,2026-09-10T08:37:39Z,8
Ugzka4GiNfrdCGtvhw94AaABAg,nmMqBDd9EWw,강지,Kangji,STELLIVE,"""유니를 좋아하는 당신들은 ㄹ..""",15,2026-09-10T07:04:30Z,19
Ugz1ayExjWyUzIKXiiF4AaABAg,nmMqBDd9EWw,강지,Kangji,STELLIVE,5:56 빵상? 빵상? 깨랑까랑?,1,2026-09-10T09:59:46Z,18
UgycgHEMzPEvgH6L1xJ4AaABAg,nmMqBDd9EWw,강지,Kangji,STELLIVE,"??:뭘 뽀노?
??:참지마.싸버려
전설의 미스틱",1,2026-09-12T02:23:02Z,27
Ugz7NyC75XwqBZMj9V54AaABAg,nmMqBDd9EWw,강지,Kangji,STELLIVE,절대 사장님에게 그 시절을 회상하게 만들지마…,1,2026-09-10T07:32:05Z,25
UgxeDOwW_P697iRs9Pt4AaABAg,nmMqBDd9EWw,강지,Kangji,STELLIVE,??: 사쟌님은 나에게 졸업브루 시킬수 없어 계약으로 몇년했어 갠찮아~ 졸업하는법!,13,2026-09-10T13:10:43Z,46
Ugwv0IeGfhLf3jgjDkp4AaABAg,nmMqBDd9EWw,강지,Kangji,STELLIVE,8:32 운은 없어도 마음씨 착한 요우신 ㅋㅋㅋㅋ,0,2026-09-10T11:06:16Z,27
UgzLovh2iP6tqne-0F54AaABAg,nmMqBDd9EWw,강지,Kangji,STELLIVE,오랜만에 떠올리니 좋죠? ㅋㅋㅋ,1,2026-09-10T15:38:27Z,17
UgyJWpRoy5WdwBWQ4854AaABAg,nmMqBDd9EWw,강지,Kangji,STELLIVE,2:31 저 부르는거같아서 기분이 이상해요,14,2026-09-10T07:34:46Z,23
Ugw1EQeBysmhNSRr2y14AaABAg,nmMqBDd9EWw,강지,Kangji,STELLIVE,유니는 수선 언제나오니,14,2026-09-10T07:01:21Z,12
UgzlBHV7uxK_XzST5Lh4AaABAg,egoTEH8teX0,아야츠노 유니,Ayatsuno Yuni,EVERYS,"이거 보다가 학교 늦었다
책임져라…유니유니야",343,2026-07-09T23:23:28Z,24
Ugxin5mHRMUqQOSjPtt4AaABAg,egoTEH8teX0,아야츠노 유니,Ayatsuno Yuni,EVERYS,납치되셨구나ㅋㅋㅋㅋㅋㅋㅋㅋ,823,2026-07-10T01:31:27Z,14
UgyhqNPQepImM1H8DXV4AaABAg,egoTEH8teX0,아야츠노 유니,Ayatsuno Yuni,EVERYS,유니야... 퇴근하고 자고 있었다... 이러지 말아다오...,18,2026-07-10T05:03:37Z,33
Ugyz6dk1I0Zsar2ytm14AaABAg,egoTEH8teX0,아야츠노 유니,Ayatsuno Yuni,EVERYS,오늘부터 알림음 이거다,28,2026-07-09T23:29:12Z,12
UgxY7-RHEOQDl6grRit4AaABAg,egoTEH8teX0,아야츠노 유니,Ayatsuno Yuni,EVERYS,진짜 증독성 미쳤거 너무 귀엽다ㅋㅋㅋㅋ 유니유니❤,3,2026-07-20T02:25:48Z,27
Ugz4oBKzVeC8hLJkEpN4AaABAg,egoTEH8teX0,아야츠노 유니,Ayatsuno Yuni,EVERYS,여기로 납치되셨구나ㅋㅋㅋㅋ,369,2026-07-09T23:15:28Z,14
Ugyyj-ra_XTkgoBMz8Z4AaABAg,egoTEH8teX0,아야츠노 유니,Ayatsuno Yuni,EVERYS,개 쳐 귀엽네,20,2026-07-09T23:23:00Z,7
UgyztU7mvVquGbRdI7x4AaABAg,egoTEH8teX0,아야츠노 유니,Ayatsuno Yuni,EVERYS,유니너무 귀여워요❤❤❤❤❤,1,2026-09-24T09:45:37Z,14
Ugw3GR2W_FMUVMdPlSZ4AaABAg,egoTEH8teX0,아야츠노 유니,Ayatsuno Yuni,EVERYS,오늘 늦잠자버렸는데 마침 이 숏츠가 나오네 ㅋㅋㅋ.. 넘 귀엽다,1,2026-07-10T07:03:55Z,35
UgzcIO-lWUWe-1AlKqh4AaABAg,egoTEH8teX0,아야츠노 유니,Ayatsuno Yuni,EVERYS,"오 유니유니야
이거 커버곡 불러주는 거야?!",4,2026-07-10T09:31:43Z,24
UgxjpMhlgMvP_ibCnJN4AaABAg,egoTEH8teX0,아야츠노 유니,Ayatsuno Yuni,EVERYS,"일어났는데 유니가 깨워주고 있으면
일어났어도 자는척 해야지 음음",128,2026-07-09T23:42:18Z,35
Ugy3HUPCqYFKWdOjYeJ4AaABAg,egoTEH8teX0,아야츠노 유니,Ayatsuno Yuni,EVERYS,"유니님 넘 예쁘고 귀여워용 사랑해용♡♡
💕💗💘💖❤🧡💛💚💙💜🖤🤎🤍",0,2026-07-10T02:35:30Z,35
UgzIRbZLMjdFLDPVTq54AaABAg,egoTEH8teX0,아야츠노 유니,Ayatsuno Yuni,EVERYS,"유니가 안아줘야 일어나는 병에 걸렷어요
그러니 안아줘요~~",3,2026-07-13T07:14:04Z,32
UgyYglLDSR8V8y3Ly6B4AaABAg,egoTEH8teX0,아야츠노 유니,Ayatsuno Yuni,EVERYS,귀여웡ㅋㅋㅋ 30분만 더 잘게 😴,0,2026-07-10T04:59:55Z,18
UgzOdbaK1UVtVxolG9V4AaABAg,egoTEH8teX0,아야츠노 유니,Ayatsuno Yuni,EVERYS,"7:30이면 학교 늦었는데?(아 몰라, 이따 병원가야지)",2,2026-07-11T15:35:19Z,31
UgxsG10FKDsFN22cxOp4AaABAg,egoTEH8teX0,아야츠노 유니,Ayatsuno Yuni,EVERYS,와씨 ㅋㅋㅋㅋㅋㅋㅋ 유니숏츠 그롱그롱 벨소리인데 이거 모닝콜각이네 ㅋㅋㅋㅋㅋㅋ,0,2026-07-10T11:46:33Z,43
UgxCKxlgzD-UdnalqwN4AaABAg,egoTEH8teX0,아야츠노 유니,Ayatsuno Yuni,EVERYS,이제 내 알람은 이거다,2,2026-07-09T23:53:34Z,12
Ugy4ZzZnJDEwIFmrxcd4AaABAg,egoTEH8teX0,아야츠노 유니,Ayatsuno Yuni,EVERYS,"결국 끌려오셨구만...

+ 유니유니 긔여어ㅓㅓ",0,2026-07-10T07:57:22Z,26
UgzfI50noKZxpkKIeLx4AaABAg,egoTEH8teX0,아야츠노 유니,Ayatsuno Yuni,EVERYS,아 5분만요,10,2026-07-09T23:22:09Z,6
UgxbApykid_j3zuPk6J4AaABAg,egoTEH8teX0,아야츠노 유니,Ayatsuno Yuni,EVERYS,귀여웡ㅋㅋㅋㅋㅋㅋㅋ저렇게 깨워주면 자는척 하고 싶어지는데~,0,2026-07-10T02:19:11Z,32
UgygLIbnZmEqXPDB2594AaABAg,egoTEH8teX0,아야츠노 유니,Ayatsuno Yuni,EVERYS,중독성 쩔어 ㅋㅋ 너무 귀여운 유니 ㅋㅋ,0,2026-07-10T16:08:43Z,22
UgyIPucRqavQVnZtbg54AaABAg,egoTEH8teX0,아야츠노 유니,Ayatsuno Yuni,EVERYS,와... 성덕 되셨네요. 축하드려요!!,0,2026-07-10T11:33:06Z,21
UgyR25JMuhh2Bb81M-t4AaABAg,egoTEH8teX0,아야츠노 유니,Ayatsuno Yuni,EVERYS,개쳐귀엽네...,1,2026-07-09T23:35:11Z,8
UgwGan0oDcEohKzMPhx4AaABAg,egoTEH8teX0,아야츠노 유니,Ayatsuno Yuni,EVERYS,아 그만 깨워 정유니!!,1,2026-07-10T00:32:12Z,13
Ugw6HYEa5uyStqEIj_l4AaABAg,egoTEH8teX0,아야츠노 유니,Ayatsuno Yuni,EVERYS,그저 유니가 귀여울뿐인 쇼츠,0,2026-07-09T23:01:14Z,15
UgwOYR8yvjNs_sxalB14AaABAg,egoTEH8teX0,아야츠노 유니,Ayatsuno Yuni,EVERYS,결국 납치되셨네 ㅋㅋ,1,2026-07-10T09:02:13Z,11
Ugx4PBa3ylNwjXLPK2J4AaABAg,egoTEH8teX0,아야츠노 유니,Ayatsuno Yuni,EVERYS,쥰네 귀엽네 ㅋㅋㅋㅋㅋㅋ,2,2026-07-10T08:23:08Z,13
UgxU5z2Y4yXCoZlKV2p4AaABAg,egoTEH8teX0,아야츠노 유니,Ayatsuno Yuni,EVERYS,ㅋㅋㅋㅋ귀여웤ㅋㅋㅋ,0,2026-07-09T23:23:26Z,10
UgzhUJISykQ4joxKKix4AaABAg,egoTEH8teX0,아야츠노 유니,Ayatsuno Yuni,EVERYS,이거 벨소리로 변경하면.. 모닝콜.. 쏭?,1,2026-08-09T06:37:14Z,23
UgxZsvJJ1yERlUe4iXZ4AaABAg,egoTEH8teX0,아야츠노 유니,Ayatsuno Yuni,EVERYS,이렇게 귀엽게 깨우는데 일어나지 않을 수 없지 ㅋㅋㅋ,0,2026-07-10T03:44:04Z,29
Ugxp5nEA_2que7OhVwh4AaABAg,egoTEH8teX0,아야츠노 유니,Ayatsuno Yuni,EVERYS,이미 출근해서 눈떠있다는 나쁜말은 하면 안되겠...으허어어ㅓ엉ㅇ,0,2026-07-10T00:18:20Z,35
Ugyf1agAQPVbi69I2DZ4AaABAg,egoTEH8teX0,아야츠노 유니,Ayatsuno Yuni,EVERYS,유니:아르냥 일어나야해. 넌 조선?의 자존심이야!!,1,2026-07-10T05:54:15Z,28
UgyL1J5vgmic9MrVTcF4AaABAg,egoTEH8teX0,아야츠노 유니,Ayatsuno Yuni,EVERYS,미치도록 귀엽다,0,2026-07-09T23:18:36Z,8
Ugy1hGMf5ev5_YawDtd4AaABAg,egoTEH8teX0,아야츠노 유니,Ayatsuno Yuni,EVERYS,"귀여워잇..
(납치당하셨네..)",0,2026-07-09T23:23:42Z,17
UgzVaLczuHMcyT3njbd4AaABAg,egoTEH8teX0,아야츠노 유니,Ayatsuno Yuni,EVERYS,납치될만했지.. 넘잘하셨어..,0,2026-07-11T05:15:45Z,16
Ugw0R9XPX8K6yTdoQtZ4AaABAg,egoTEH8teX0,아야츠노 유니,Ayatsuno Yuni,EVERYS,이거 듣고 덕분에 지각안했다 유니야 고맙다..,0,2026-07-09T23:11:30Z,25
UgwDMH2Wl7CEbijjEwp4AaABAg,egoTEH8teX0,아야츠노 유니,Ayatsuno Yuni,EVERYS,그저 귀여운 유니유니였다,0,2026-07-09T23:21:34Z,13
UgziGMK3DapGwpKjM354AaABAg,egoTEH8teX0,아야츠노 유니,Ayatsuno Yuni,EVERYS,크아악 유니야 월드컵 경기 끝난지 1시간 지나써...,0,2026-07-10T00:09:08Z,29
UgyEYMCRqbTpMsGgxfN4AaABAg,egoTEH8teX0,아야츠노 유니,Ayatsuno Yuni,EVERYS,유... 유니야..  거기 멱살이다..  커헉... 내가 잘못했다...,1,2026-07-10T00:27:51Z,39
Ugy_sgU5esIcm1hoL3x4AaABAg,GiaDQPVBDsM,아야츠노 유니,Ayatsuno Yuni,EVERYS,ㅈㄴ 귀여운데 꼬리가 자꾸 시선강탈하네ㅋㅋㅋ,795,2026-07-24T03:09:08Z,24
UgwzWTrb_T0Z-fg1_GB4AaABAg,GiaDQPVBDsM,아야츠노 유니,Ayatsuno Yuni,EVERYS,"누가 만들었죠 겁나 힘들었을것같은데
유니 더 귀여워진것같네",373,2026-07-24T03:10:29Z,32
Ugx0PMLw8bKZr3zIlQ14AaABAg,GiaDQPVBDsM,아야츠노 유니,Ayatsuno Yuni,EVERYS,안녕하세요 스트리머 무르무르푸르푸르님,685,2026-07-24T09:50:55Z,20
UgwIfSaZyOie6JX35gZ4AaABAg,GiaDQPVBDsM,아야츠노 유니,Ayatsuno Yuni,EVERYS,뭐냐! 또 누굴 납치한게냐! 이 귀여운 움직임은!,82,2026-07-24T09:25:11Z,27
UgxctsyEblHdDSyhwJJ4AaABAg,GiaDQPVBDsM,아야츠노 유니,Ayatsuno Yuni,EVERYS,진짜 만든사람 칭찬합니다.,75,2026-07-24T04:19:56Z,14
UgwWbammdHRl1ISHR554AaABAg,GiaDQPVBDsM,아야츠노 유니,Ayatsuno Yuni,EVERYS,왜케 동글몽글퐁실말랑매끈빵실부들찰랑사뿐해졌냐,30,2026-07-24T14:03:40Z,24
UgwF3JRmim3UhZOZ8R14AaABAg,GiaDQPVBDsM,아야츠노 유니,Ayatsuno Yuni,EVERYS,손 턱대고서 오잉? 하는거 귀여워여ㅋㅋㅋ,29,2026-07-24T06:06:02Z,22
Ugx_L40wpJMaJTnbTNF4AaABAg,GiaDQPVBDsM,아야츠노 유니,Ayatsuno Yuni,EVERYS,이 그림체는 좀 청순한 느낌이네 ㅋㅋㅋ 귀엽다,11,2026-07-24T04:21:48Z,25
Ugxajg2F2JKdmUeqWu94AaABAg,GiaDQPVBDsM,아야츠노 유니,Ayatsuno Yuni,EVERYS,거의 통통꼬리급의 꼬력이다 크윽 당해내지 못하겠어 일루와잇,8,2026-07-24T15:39:31Z,32
UgyIG0H0a7x4Yt-f1b94AaABAg,GiaDQPVBDsM,아야츠노 유니,Ayatsuno Yuni,EVERYS,완전 귀여운 유니콘 🦄,13,2026-07-24T04:51:15Z,12
UgzEK9xnFfKgFZ4MPEJ4AaABAg,GiaDQPVBDsM,아야츠노 유니,Ayatsuno Yuni,EVERYS,오늘도 유니유니는 내 심장을 박살내는군 귀여움으로!,12,2026-07-24T04:11:49Z,28
Ugx-KxBwBFiYXnnWT_d4AaABAg,GiaDQPVBDsM,아야츠노 유니,Ayatsuno Yuni,EVERYS,나른해보이는 눈에 치켜든 눈썹이 진짜 개귀엽네,3,2026-08-01T13:50:44Z,25
UgydK2QdHTVLJ2Xzp5h4AaABAg,GiaDQPVBDsM,아야츠노 유니,Ayatsuno Yuni,EVERYS,교복유니 진짜 귀여움 ㄹㅇ,3,2026-07-31T08:27:31Z,14
Ugw4Ff5thgXmPUtNXpx4AaABAg,GiaDQPVBDsM,아야츠노 유니,Ayatsuno Yuni,EVERYS,너무 귀여워요 그냥 아기 같아요 사랑스러워요. 아 아냐 그냥 아가에요 사랑스럽고 귀여운 아가요.,2,2026-08-01T00:08:01Z,53
UgzFuo1zNmiTPLVdfKl4AaABAg,GiaDQPVBDsM,아야츠노 유니,Ayatsuno Yuni,EVERYS,개귀엽네 진짜 무친 퀄리티 감사합니다,2,2026-07-24T05:23:28Z,20
Ugxpc7MBOEWMiCekI_J4AaABAg,GiaDQPVBDsM,아야츠노 유니,Ayatsuno Yuni,EVERYS,그림체 진짜 말랑말랑하게 잘 그리셨다,1,2026-07-24T11:47:28Z,20
UgzR0rF9WkVpN-Yqak54AaABAg,GiaDQPVBDsM,아야츠노 유니,Ayatsuno Yuni,EVERYS,너무 귀여운데,4,2026-07-24T05:20:37Z,7
Ugz6hjO2Zpcs5_vaPLx4AaABAg,GiaDQPVBDsM,아야츠노 유니,Ayatsuno Yuni,EVERYS,유니 너무귀여워요❤❤❤❤❤,3,2026-07-24T08:50:22Z,14
UgzvXtm28oEutdQY7UF4AaABAg,GiaDQPVBDsM,아야츠노 유니,Ayatsuno Yuni,EVERYS,아 너무 귀엽네!!!!❤❤❤❤❤❤❤,2,2026-07-24T04:37:02Z,19
UgwdngC3bMXCEVVEyAZ4AaABAg,GiaDQPVBDsM,아야츠노 유니,Ayatsuno Yuni,EVERYS,꿍싯꿍싯 망아지 귀여워,84,2026-07-24T04:14:25Z,12
UgxShYlecF_EkL5yIIN4AaABAg,GiaDQPVBDsM,아야츠노 유니,Ayatsuno Yuni,EVERYS,프레임뭐야 어흐 말랑쫀득하네..,1,2026-07-24T07:08:06Z,17
UgzDAYWJc8Y7H-mHLmx4AaABAg,GiaDQPVBDsM,아야츠노 유니,Ayatsuno Yuni,EVERYS,꼬리 흔들거리는 게 귀엽네요,1,2026-07-24T10:00:34Z,15
Ugy3xAX_Y8P0F3klCZ54AaABAg,GiaDQPVBDsM,아야츠노 유니,Ayatsuno Yuni,EVERYS,망아지 왜이러케 귀여어!!,1,2026-07-24T07:00:09Z,14
UgzvKhfT79YNIzlSD8N4AaABAg,GiaDQPVBDsM,아야츠노 유니,Ayatsuno Yuni,EVERYS,와 왤케 이뻐,1,2026-07-24T07:59:45Z,7
UgxQYHM2ANal5zS9Uph4AaABAg,GiaDQPVBDsM,아야츠노 유니,Ayatsuno Yuni,EVERYS,눈이 넘 예쁘다,1,2026-07-24T04:47:49Z,8
Ugxkv2pvc980SJQFKeB4AaABAg,GiaDQPVBDsM,아야츠노 유니,Ayatsuno Yuni,EVERYS,와 보컬로이드,1,2026-08-15T15:42:06Z,7
Ugy2-mIO8eq5QdJcUEF4AaABAg,GiaDQPVBDsM,아야츠노 유니,Ayatsuno Yuni,EVERYS,중간중간에 포즈잡는 유니챤 ㄱㅇㅇ,0,2026-07-24T05:13:03Z,18
Ugyu_TtJu1OYoB1x8v54AaABAg,GiaDQPVBDsM,아야츠노 유니,Ayatsuno Yuni,EVERYS,꼬리가 시선강탈하네여ㅋㅋㅋ,0,2026-07-27T02:42:11Z,14
UgyEtJeHGM1nbBNyL9B4AaABAg,GiaDQPVBDsM,아야츠노 유니,Ayatsuno Yuni,EVERYS,유니가 더 청순해졌소...,1,2026-07-24T11:10:51Z,14
Ugy4Z3dNQp518NZwpsd4AaABAg,GiaDQPVBDsM,아야츠노 유니,Ayatsuno Yuni,EVERYS,어쩜 이리 귀여울까 ㅋㅋㅋㅋㅋ,0,2026-07-24T04:28:29Z,16
UgyMrXSLF22tOruJ8TJ4AaABAg,GiaDQPVBDsM,아야츠노 유니,Ayatsuno Yuni,EVERYS,"와아...프레임 감탄나온다
누굴 납치하신겁니까",0,2026-07-24T10:15:33Z,25
Ugy5VTa2uaMdMjPXmkV4AaABAg,GiaDQPVBDsM,아야츠노 유니,Ayatsuno Yuni,EVERYS,와... 이건 영혼을 갈았는데,1,2026-07-24T12:23:04Z,16
Ugw6fZGEC-oznawqvrV4AaABAg,GiaDQPVBDsM,아야츠노 유니,Ayatsuno Yuni,EVERYS,와우 꼬리가..,1,2026-08-02T06:07:24Z,8
UgzPCYNRSDHB3qvSMMd4AaABAg,GiaDQPVBDsM,아야츠노 유니,Ayatsuno Yuni,EVERYS,주체 못하는 유니 꼬리가 너무 귀엽다,0,2026-07-24T04:04:53Z,20
UgwI58azCrKjOWdRPuh4AaABAg,GiaDQPVBDsM,아야츠노 유니,Ayatsuno Yuni,EVERYS,(대충 심장 부여잡고 쓰러지는 짤),1,2026-07-25T03:48:59Z,19
UgwC6JMxZy57elyNlgB4AaABAg,GiaDQPVBDsM,아야츠노 유니,Ayatsuno Yuni,EVERYS,역시 선배지만 제일 막내,1,2026-07-25T12:40:17Z,13
UgyoKp7nUHEtohxYMTB4AaABAg,GiaDQPVBDsM,아야츠노 유니,Ayatsuno Yuni,EVERYS,컷애니인데 저렇게 부드러우면 얼마나 컷을 쪼갠거지 대단하다..,0,2026-07-25T06:47:11Z,34
UgzwP4ntyh2p1x1KHlV4AaABAg,GiaDQPVBDsM,아야츠노 유니,Ayatsuno Yuni,EVERYS,❤❤❤❤,1,2026-08-04T03:25:27Z,4
Ugyvp1lVyMnfIxJ6M-x4AaABAg,GiaDQPVBDsM,아야츠노 유니,Ayatsuno Yuni,EVERYS,오빠는 끝 그림체하고 비슷하다!!❤,2,2026-08-04T09:36:52Z,19
UgwGIhm2HAC9Dz7soZN4AaABAg,GiaDQPVBDsM,아야츠노 유니,Ayatsuno Yuni,EVERYS,진짜 개귀엽네,1,2026-08-20T08:15:50Z,7
Ugzxmf0zrSz1FEVdU2J4AaABAg,WQxtkLDMpG4,아야츠노 유니,Ayatsuno Yuni,EVERYS,오프닝 미친거니 유니유니야....ㅋㅋㅋㅋㅋㅋㅋㅋㅋㅋㅋㅋ,400,2026-09-16T10:36:17Z,30
Ugz1RvaQoGJXY7beTSl4AaABAg,WQxtkLDMpG4,아야츠노 유니,Ayatsuno Yuni,EVERYS,이 날 진짜 미친사람인줄 알았음 ㅋㅋㅋㅋ,699,2026-09-16T10:36:01Z,22
UgxTejfUEUZ3nMmMrbl4AaABAg,WQxtkLDMpG4,아야츠노 유니,Ayatsuno Yuni,EVERYS,진짜 미친 망아지 어떡하면 좋냐 ㅋㅋㅋ,294,2026-09-16T10:38:05Z,21
UgwI2rDlGX9xzONjV8l4AaABAg,WQxtkLDMpG4,아야츠노 유니,Ayatsuno Yuni,EVERYS,이건 유니랑 리제가 마크에 같이 들어와서 만난 것 부터 사고였다. 그 둘을 절대 붙여놓지마........,176,2026-09-16T12:36:04Z,58
UgyG3MGfasjBj5OExCt4AaABAg,WQxtkLDMpG4,아야츠노 유니,Ayatsuno Yuni,EVERYS,"후배 기강잡는게 아니라
사장님한테 머리끄댕이 잡힐거같긴해",114,2026-09-16T10:47:37Z,31
UgwV0lj02yqA_lDHU7p4AaABAg,WQxtkLDMpG4,아야츠노 유니,Ayatsuno Yuni,EVERYS,5:35 와 강지 개무섭 ㄷㄷㄷㄷㄷ,263,2026-09-16T12:41:38Z,19
UgzxGZkz-sXulPMWTIF4AaABAg,WQxtkLDMpG4,아야츠노 유니,Ayatsuno Yuni,EVERYS,7:35 약속의 네버랜드 ㅋㅋ,62,2026-09-16T10:44:53Z,16
UgyuQxgfGREOPIWs-RJ4AaABAg,WQxtkLDMpG4,아야츠노 유니,Ayatsuno Yuni,EVERYS,0:55 거짓탐지기 삐빅,16,2026-09-16T16:02:38Z,13
UgyUnsIwqSfSUPF7O6B4AaABAg,WQxtkLDMpG4,아야츠노 유니,Ayatsuno Yuni,EVERYS,1:47 치이카와보다 머리크고 귀여움ㅎ,35,2026-09-16T11:51:18Z,21
Ugzisb0_Mf0RXbjtPZV4AaABAg,WQxtkLDMpG4,아야츠노 유니,Ayatsuno Yuni,EVERYS,19금을 넘은 690금 색드립  + 노브레이크 4살 = 강사장의 눈물,25,2026-09-16T16:30:37Z,38
Ugwx1Ym5cxC9XcCF7TN4AaABAg,WQxtkLDMpG4,아야츠노 유니,Ayatsuno Yuni,EVERYS,뭐라고..? 유니야 사장님은.....,114,2026-09-16T10:43:08Z,20
UgzScRddtD7pgZ2Sc354AaABAg,WQxtkLDMpG4,아야츠노 유니,Ayatsuno Yuni,EVERYS,썸넬보고 뇌가 잠시 멈췄다..,15,2026-09-16T11:37:50Z,16
UgzWZ-1RkS9of_trXqF4AaABAg,WQxtkLDMpG4,아야츠노 유니,Ayatsuno Yuni,EVERYS,11:04 누구누구씨는 기회 세번 다썼나보내,3,2026-09-23T08:20:40Z,24
Ugy6qmKGXssqFgWMTCx4AaABAg,WQxtkLDMpG4,아야츠노 유니,Ayatsuno Yuni,EVERYS,15:00 엔딩텍스트 왤케 아련하게써놨어 ㅋㅋㅋㅋ,38,2026-09-16T14:05:15Z,27
UgxsweIQ7BdWfUIDhaZ4AaABAg,WQxtkLDMpG4,아야츠노 유니,Ayatsuno Yuni,EVERYS,저 강사장 잠깐의 스턴 다음 너미쳤니가ㅋㅋㅋㅋㅋㅋㅋㅋ,8,2026-09-16T11:10:14Z,29
Ugz86cuu0_pGibxBFZ14AaABAg,WQxtkLDMpG4,아야츠노 유니,Ayatsuno Yuni,EVERYS,무적의 5년 계야꾸 깨지기 일보직전ㅋㅋㅋㅋㅋㅋㅋㅋㅋㅋ,6,2026-09-16T12:28:27Z,29
UgzhkBD2yUs32oG2b7R4AaABAg,WQxtkLDMpG4,아야츠노 유니,Ayatsuno Yuni,EVERYS,후반부 유니랑 강지님 회사에 대한 얘기하는거 이런 이야기 듣는것도 좋은듯. 옛날 갬성도 느껴짐.,2,2026-09-16T17:25:36Z,53
UgyyLCeBOspEO-Qiyi54AaABAg,WQxtkLDMpG4,아야츠노 유니,Ayatsuno Yuni,EVERYS,강지도 사건사고 없다고 할 순 없다만 ㅋㅋ 잘 수습하고 잘 버티고 한거라 오래 방송한거니 유니도 끝까지 잘해주면좋겠네,3,2026-09-16T15:45:51Z,65
UgyZ-GvBQ2ofzsKTUg94AaABAg,WQxtkLDMpG4,아야츠노 유니,Ayatsuno Yuni,EVERYS,유니야 도대체 계약기간이 얼마나 남았길레 이러는거니,20,2026-09-16T10:58:29Z,28
Ugy0VFrribu7sM-Nea94AaABAg,WQxtkLDMpG4,아야츠노 유니,Ayatsuno Yuni,EVERYS,유니유니 봉인풀리니까 그냥 뿔로 찌르고가버리네ㅋㅋㅋㅋ,4,2026-09-16T10:54:36Z,29
Ugx8ud2eca7c1oI_YRV4AaABAg,WQxtkLDMpG4,아야츠노 유니,Ayatsuno Yuni,EVERYS,(겸열됨) 감별사라니 유니유니야,5,2026-09-16T10:37:06Z,17
UgzntY11BQHb0B53swZ4AaABAg,WQxtkLDMpG4,아야츠노 유니,Ayatsuno Yuni,EVERYS,3기생이 기강 잡힌 이유 : 어떤 용이 유메 X센트 이야기를 해버려서...,127,2026-09-16T10:40:07Z,41
UgzrhVJHiZqFr5OxbSd4AaABAg,WQxtkLDMpG4,아야츠노 유니,Ayatsuno Yuni,EVERYS,"0:20 리제한테 4기 기강 잡는 거 진지하게 묻는 유니 댕귀엽네 ㅠㅋㅋㅋㅋㅋ
아니 근데 조언이라고 해주는 게 ㅋㅋㅋㅋㅋㅋ 
리젴ㅋㅋㅋㅋㅋㅋㅋㅋㅋㅋ처녀 판정이라닠ㅋㅋㅋㅋㅋㅋㅋㅋㅋㅋㅋㅋ
그리고 그걸 가서 바로 사쟌님한테 
저런 드립 할 수 있는 건 유니 뿐이긴 해... ㅋㅋㅋㅋㅋㅋㅋㅋㅋ",0,2026-09-16T20:37:57Z,159
UgxDlrKwbNfOAiEexKl4AaABAg,WQxtkLDMpG4,아야츠노 유니,Ayatsuno Yuni,EVERYS,역시 보법이 다른 대 유 니. 사쟌님과 유니와 기싸움 이겨먹는 4기생 들어오면 좋겠습니다 ㅋㅋ,1,2026-09-16T16:57:47Z,52
UgwXf1ISLa9Hy-W4gyd4AaABAg,WQxtkLDMpG4,아야츠노 유니,Ayatsuno Yuni,EVERYS,내가 뭘 들은거야 미친 ㅋㅋㅋㅋ,7,2026-09-16T10:37:01Z,17
Ugw70NsT4C0rtgqptMt4AaABAg,WQxtkLDMpG4,아야츠노 유니,Ayatsuno Yuni,EVERYS,유니가 의외로 생각이 깊네,2,2026-09-17T15:01:56Z,14
Ugy6PIJaOFEPB8Gjea54AaABAg,WQxtkLDMpG4,아야츠노 유니,Ayatsuno Yuni,EVERYS,"2:49  5년계약 vs 이..탐지기
진짜 누가 이길까 ㅋㅋㅋ",2,2026-09-16T14:02:55Z,34
Ugwl8h-WqS_RPQR5aqh4AaABAg,WQxtkLDMpG4,아야츠노 유니,Ayatsuno Yuni,EVERYS,8:28  이 둘만 이야기할 수 있는 이야기….,1,2026-09-17T12:07:57Z,26
Ugz3DEY3ah-fMJJbn6N4AaABAg,WQxtkLDMpG4,아야츠노 유니,Ayatsuno Yuni,EVERYS,유니 특유의 문법 개무시 문장 구사력으로 말하니까 더 정신 나간거 같음ㅋㅋㅋㅋㅋㅋㅋㅋ,1,2026-09-17T00:06:50Z,47
Ugwf7gcwmzoDYTg3oyB4AaABAg,WQxtkLDMpG4,아야츠노 유니,Ayatsuno Yuni,EVERYS,13:51 아직도 이거 돌려보는 아르냥이면 개추ㅋㅋ,1,2026-09-19T20:43:52Z,28
UgzexIrL-OFNrtuvF5d4AaABAg,WQxtkLDMpG4,아야츠노 유니,Ayatsuno Yuni,EVERYS,유니가 멋있고 존경스럽다면 스텔라이브는 유니가 사장이고 남은사람은 없을것이다...,2,2026-09-16T12:55:28Z,45
Ugwz9Kg-ALz7xOe307F4AaABAg,WQxtkLDMpG4,아야츠노 유니,Ayatsuno Yuni,EVERYS,"영상 초반 제외하고 강지랑 유니랑 이런저런 진지한 이야기 들으니까 좋네 ㅎㅎ 
가끔 이런모습도 좋다고 생각합니다",0,2026-09-16T13:45:00Z,62
UgxQJJvuvntJEwngVyF4AaABAg,WQxtkLDMpG4,아야츠노 유니,Ayatsuno Yuni,EVERYS,"강지님도, 유니님도, 다른 멤버분들도 항상 행복하면 좋겠습니다❤
오늘도 재밌게 잘 보고 갑니다~",1,2026-09-17T07:03:31Z,53
UgzVBbamy6zNPCAhq9p4AaABAg,WQxtkLDMpG4,아야츠노 유니,Ayatsuno Yuni,EVERYS,스텔에 한 명은 있으려나? 싶네ㅋㅋ,3,2026-09-17T03:19:14Z,19
UgxiHnQvx2LoUoG06h54AaABAg,WQxtkLDMpG4,아야츠노 유니,Ayatsuno Yuni,EVERYS,12:08 아직 입덕 초기지만 ㄹㅇ 다른방송 못가겟음 ㅋㅋㅋㅋㅋㅋ 모든 스텔라들을 좋아하지만..,1,2026-09-16T18:00:14Z,53
Ugy5Ubg3MACAUEvnF4N4AaABAg,WQxtkLDMpG4,아야츠노 유니,Ayatsuno Yuni,EVERYS,강지야 네가 선택한 자식이다 악으로 깡으로 품고 가아겠지?,1,2026-09-16T15:40:23Z,32
UgxUH20P9pbviKHea1x4AaABAg,WQxtkLDMpG4,아야츠노 유니,Ayatsuno Yuni,EVERYS,기강 잡긴 좋을 것 같은데 기수열외 당할거같은데 ㅋㅋㅋㅋ,1,2026-09-20T07:32:57Z,31
UgwJcw4EwYYUx_3N-XZ4AaABAg,WQxtkLDMpG4,아야츠노 유니,Ayatsuno Yuni,EVERYS,유니유니야 기강잡기는 무리야..,25,2026-09-16T10:46:25Z,17
UgxpkPdJD_IVqyqp8XN4AaABAg,WQxtkLDMpG4,아야츠노 유니,Ayatsuno Yuni,EVERYS,ㄷㄷ 썸네일 살벌하네요..,1,2026-09-16T14:04:55Z,14
UgywNZY8AbIWA6ut58B4AaABAg,WQxtkLDMpG4,아야츠노 유니,Ayatsuno Yuni,EVERYS,이거 배후가 돌맹씨 ㅋㅋㅋㅋ,3,2026-09-16T16:50:35Z,15
Ugx7Gxs2Tuu_ktsrgZR4AaABAg,ysdVgfguR-Q,아야츠노 유니,Ayatsuno Yuni,EVERYS,10:11 “드리루 있는 애랑 야채랑”은 너무 한거 아니야 ㅋㅋㅋㅋㅋㅋㅋㅋ,28,2026-09-01T08:32:47Z,41
UgyI2gH8JIQWs5XzIAZ4AaABAg,ysdVgfguR-Q,아야츠노 유니,Ayatsuno Yuni,EVERYS,유니님 일본어 잘하시는건 의외네요,411,2026-08-31T08:32:36Z,18
Ugw2Vv9g5bkpAopHMkB4AaABAg,ysdVgfguR-Q,아야츠노 유니,Ayatsuno Yuni,EVERYS,9:28 큰 회사가 뒷배라서 좋긴 좋네,26,2026-08-31T11:57:39Z,21
UgzEbgIY7d-kL4_mbXN4AaABAg,ysdVgfguR-Q,아야츠노 유니,Ayatsuno Yuni,EVERYS,1:11 나도 들을때마다 신기해,34,2026-08-31T10:48:52Z,17
UgwcnEhFhSS6UPw28lt4AaABAg,ysdVgfguR-Q,아야츠노 유니,Ayatsuno Yuni,EVERYS,(짝짝짝)완벽한 딜교였어 유니야.,45,2026-08-31T08:51:33Z,18
UgzVArmT439e0NxqDix4AaABAg,ysdVgfguR-Q,아야츠노 유니,Ayatsuno Yuni,EVERYS,0:12 나는 안 긁혔는데 저 혹시 모를 긁힌 사람들 때문에라도 화를 내는 거야 알아!??!??!?!,46,2026-08-31T08:40:57Z,56
Ugx_odiC-HqOaIVqZit4AaABAg,ysdVgfguR-Q,아야츠노 유니,Ayatsuno Yuni,EVERYS,과장없이 유니면 스텔라이브 창립자 대우가 맞음....,7,2026-08-31T09:27:25Z,29
Ugz5zEGZtrRpPgTLyiV4AaABAg,ysdVgfguR-Q,아야츠노 유니,Ayatsuno Yuni,EVERYS,원래 사업 상 만나는 자리는 재밌음.   분위기 좋게 만들어야 하는 사람(들)이 꼭 있으니까.,4,2026-08-31T11:44:09Z,52
UgwTTZGAjdXJ_yjySfV4AaABAg,ysdVgfguR-Q,아야츠노 유니,Ayatsuno Yuni,EVERYS,유니는 유명한 JLPT1 합격자임,23,2026-08-31T09:55:21Z,18
UgyDNBLdFdb0L0rbw014AaABAg,ysdVgfguR-Q,아야츠노 유니,Ayatsuno Yuni,EVERYS,유니야 아르냥 머리는 건들지말자,14,2026-08-31T08:47:53Z,17
UgwMDsNhox5E-MkgB5N4AaABAg,ysdVgfguR-Q,아야츠노 유니,Ayatsuno Yuni,EVERYS,시작부터 딜 넣는게 장난이 아니구나,12,2026-08-31T08:44:02Z,19
UgzFAOPqOhV3Sq9kBhZ4AaABAg,ysdVgfguR-Q,아야츠노 유니,Ayatsuno Yuni,EVERYS,"아니 유니야 시작부터 인신공격을 하다니...
아르냥 비질게.... ㅠㅠㅠㅠ",132,2026-08-31T08:31:57Z,41
UgwVFnXtRrXcFeXJdqV4AaABAg,ysdVgfguR-Q,아야츠노 유니,Ayatsuno Yuni,EVERYS,규카쿠같이 무한리필집만가도 인당 5천엔이고 부유한 관광객이 갈만한 곳이면 35000엔 충분히 나올만한듯,6,2026-08-31T10:55:55Z,57
Ugx-RmRHluWXr6f2qBd4AaABAg,ysdVgfguR-Q,아야츠노 유니,Ayatsuno Yuni,EVERYS,유니는 진짜 언어천재가 맞다니까!,4,2026-08-31T08:53:17Z,18
Ugwy64BzjLydFWSZLEd4AaABAg,ysdVgfguR-Q,아야츠노 유니,Ayatsuno Yuni,EVERYS,11:09 매우 놀랍게도 필요한 표현은 다들어있닼ㅋㅋㅋㅋㅋㅋㅋㅋㅋㅋㅋㅋ,3,2026-08-31T09:34:26Z,39
Ugwc2xhZyPf9rj1Rlm14AaABAg,ysdVgfguR-Q,아야츠노 유니,Ayatsuno Yuni,EVERYS,3:56 시로도 이렇게하지않냐,17,2026-08-31T08:45:47Z,16
UgydFG7rXFC6kFsQ9dN4AaABAg,ysdVgfguR-Q,아야츠노 유니,Ayatsuno Yuni,EVERYS,1:34 유니는 태극기 똑바로 들줄안다!!!,61,2026-08-31T11:34:51Z,24
Ugxx4ADY2BIFbsb4vL54AaABAg,ysdVgfguR-Q,아야츠노 유니,Ayatsuno Yuni,EVERYS,M자탈모 씁빡 진짜,79,2026-08-31T08:36:02Z,10
UgyFuwvmpmWsNKpgQUh4AaABAg,ysdVgfguR-Q,아야츠노 유니,Ayatsuno Yuni,EVERYS,2:05 쭈글 유니 귀여웤ㅋㅋㅋㅋㅋㅋㅋㅋㅋㅋㅋㅋㅋㅋㅋㅋㅋㅋㅋ,2,2026-08-31T12:56:12Z,33
UgxlpE6IXeKSyQ-EISR4AaABAg,ysdVgfguR-Q,아야츠노 유니,Ayatsuno Yuni,EVERYS,유니가 대선배 포지션이다보니 후배들 잘 챙겨줘서 보기 좋다,1,2026-08-31T09:27:38Z,32
UgwHcnndg8UOi1FGfBV4AaABAg,ysdVgfguR-Q,아야츠노 유니,Ayatsuno Yuni,EVERYS,큿쏘오오오!!!! 아야츠노 유니!! 화가 안 나겠냐!!,4,2026-08-31T12:04:02Z,30
UgwYuedkDAfUvUzWwdB4AaABAg,ysdVgfguR-Q,아야츠노 유니,Ayatsuno Yuni,EVERYS,유니 나중에 귀화시험 한다고 시험장가서 주한미군이 한국어 말하기 대회에서  태극머리띠하고 독도는! 한국땅! 이러는 거 따라하는 상상함 ㅋㅋㅋㅋㅋㅋㅋ,8,2026-08-31T14:19:36Z,82
UgzW_J-A1hbN8PQj3Y94AaABAg,ysdVgfguR-Q,아야츠노 유니,Ayatsuno Yuni,EVERYS,콜라만 마시세요...정유니씨,2,2026-08-31T08:31:37Z,15
UgxdXctnGKY2JbVuY3N4AaABAg,ysdVgfguR-Q,아야츠노 유니,Ayatsuno Yuni,EVERYS,사장이 서운하게해서 이직각을봅니다는 ㄷㄷ,2,2026-08-31T09:22:57Z,22
UgyeO_zfW68NlKc2WYt4AaABAg,ysdVgfguR-Q,아야츠노 유니,Ayatsuno Yuni,EVERYS,유니님 일본어 잘하시네 ㅎ,2,2026-09-02T09:12:01Z,14
UgwP7KnhZuWzriYAJhd4AaABAg,ysdVgfguR-Q,아야츠노 유니,Ayatsuno Yuni,EVERYS,"셋이서 고기먹고 35만원은ㅋㅋㅋㅋㅋㅋ
얼마나 고급진델 간거야",2,2026-08-31T09:42:23Z,33
UgwrY-fBs2pP5poUFw14AaABAg,ysdVgfguR-Q,아야츠노 유니,Ayatsuno Yuni,EVERYS,어른들: 우리중에 스파이가...,2,2026-08-31T09:42:12Z,17
Ugx1_RVrSSco0nlvSZl4AaABAg,ysdVgfguR-Q,아야츠노 유니,Ayatsuno Yuni,EVERYS,유니님 일본어 잘하시네요ㅋ,4,2026-08-31T09:06:38Z,14
UgzSVZl6QhIgaxD1mB94AaABAg,ysdVgfguR-Q,아야츠노 유니,Ayatsuno Yuni,EVERYS,"0:56 섹시?잘못들은거같아여 유니님
4:24 세계로 뻗어나가는 치즈화력",2,2026-08-31T09:07:51Z,40
UgxVqCxUVO26pvASr4F4AaABAg,ysdVgfguR-Q,아야츠노 유니,Ayatsuno Yuni,EVERYS,유니 너무귀여워요❤❤❤❤❤,2,2026-08-31T08:31:16Z,14
UgwDoqsQNsQfaPxasi94AaABAg,ysdVgfguR-Q,아야츠노 유니,Ayatsuno Yuni,EVERYS,유니는 스텔라이브 창업공신인데 사장들 미팅에 데려가는게 당연한거지.,1,2026-08-31T22:05:22Z,37
UgwdpGVBBArmM5aQcd54AaABAg,ysdVgfguR-Q,아야츠노 유니,Ayatsuno Yuni,EVERYS,엄마 회사 회식따라간 딸래미,2,2026-08-31T08:34:09Z,15
UgwiuE57c3ndkipgiJh4AaABAg,ysdVgfguR-Q,아야츠노 유니,Ayatsuno Yuni,EVERYS,4:14 니가 잘하던가! 니가 잘하던가! 니가 잘하던가! 본거 또 보고! 본거 또 보고! 본거 또 보고!,1,2026-08-31T14:54:21Z,58
UgyaIyUl7NiTgcHjkaV4AaABAg,ysdVgfguR-Q,아야츠노 유니,Ayatsuno Yuni,EVERYS,이 날 망아지 엄청 딴길로 샜는데 편집 감사합니다!!!,0,2026-08-31T08:57:36Z,30
UgztOCPIjuup6x7ZxEh4AaABAg,ysdVgfguR-Q,아야츠노 유니,Ayatsuno Yuni,EVERYS,강지님 한국어 진짜 잘하세요 ㅋㅋ,1,2026-08-31T08:32:34Z,18
UgyJVnPPOsmDNSCpgqN4AaABAg,ysdVgfguR-Q,아야츠노 유니,Ayatsuno Yuni,EVERYS,3:16 아니야 일본 너네도 맵긴해 !! 그래도 한국식 천원펀치는 무섭긴해 ㅋㅋㅋㅋㅋ,1,2026-09-01T01:12:24Z,47
UgzPFaxUpPNBM8UAxi14AaABAg,ysdVgfguR-Q,아야츠노 유니,Ayatsuno Yuni,EVERYS,이 그림체로 보니까 썸네일 강지 완전 마망인데?,3,2026-08-31T08:44:33Z,26
UgxhG8BrsAFDaDxh6sB4AaABAg,ysdVgfguR-Q,아야츠노 유니,Ayatsuno Yuni,EVERYS,캬ㅑㅑ 여윽시 수능 일본어 문제 2개밖에 안틀린 유니콘 👍 👍,0,2026-08-31T14:48:09Z,34
Ugx05erjcQe6uUje2e14AaABAg,ysdVgfguR-Q,아야츠노 유니,Ayatsuno Yuni,EVERYS,아니 유니는 언어 능력이 그냥 좋네 ㅋㅋㅋㅋㅋㅋㅋㅋㅋ,0,2026-08-31T13:06:08Z,29
Ugxi96_yJpoav84yGIx4AaABAg,ysdVgfguR-Q,아야츠노 유니,Ayatsuno Yuni,EVERYS,얘가 발음이 왜케 귀여워지는거 같냐 ㅋㅋㅋ,0,2026-08-31T09:14:38Z,23
UgxWBN-SOH68yrLb5tZ4AaABAg,8shKFjkHabo,사키하네 후야,Sakihane Huya,EVERYS,됏다.. 스텔라이브 청초 1위해라…,1227,2026-08-31T10:46:02Z,19
Ugw2ZxPpTKS40LP-qQ14AaABAg,8shKFjkHabo,사키하네 후야,Sakihane Huya,EVERYS,俺たちの夏は終わらねえ...(՞⸝⸝o̴̶̷̥̥᷄  ̫ o̴̶̷̥̥᷅⸝⸝՞),10,2026-09-02T15:24:38Z,40
UgyRMUacvIDaaqaTcnp4AaABAg,8shKFjkHabo,사키하네 후야,Sakihane Huya,EVERYS,"항상 되새기면서 살아봅시다.

*""수영복은 단순하게""*",667,2026-08-31T10:46:15Z,30
UgwRvDaW5BmsDD3non14AaABAg,8shKFjkHabo,사키하네 후야,Sakihane Huya,EVERYS,후야 신의상 보고 머리 반으로 쪼개진 어흐단은 어흐ㅡㅡㅡㅡㅡㅡㅡㅡㅡㅡㅡ,875,2026-08-31T10:44:30Z,39
UgyjITQqj69_qxKSLY14AaABAg,8shKFjkHabo,사키하네 후야,Sakihane Huya,EVERYS,뭔지 모르겠지만 일단 어흐어흐한 후야가 개처귀엽게 노래할거라는건 알겠네요,463,2026-08-31T03:54:26Z,40
UgyG6RuJyHNKSyA1WPJ4AaABAg,8shKFjkHabo,사키하네 후야,Sakihane Huya,EVERYS,"0:13 와타시 할 때 이 후야 특유의 초딩 ""와따"" 발음이 ㄹㅇ 귀여움 ㅋㅋㅋ",71,2026-09-03T01:45:03Z,44
UgyEYmCX2FAkom1GKvJ4AaABAg,8shKFjkHabo,사키하네 후야,Sakihane Huya,EVERYS,스텔은 청초 1위 무조건 해야함,3,2026-09-05T04:16:46Z,17
UgxGXjm4B3Zxj8mqmoN4AaABAg,8shKFjkHabo,사키하네 후야,Sakihane Huya,EVERYS,유튜브 뮤직으로 듣고싶어요 일하면서 듣게요,3,2026-09-08T11:02:04Z,23
Ugy1ssya69nHdd6-BIB4AaABAg,8shKFjkHabo,사키하네 후야,Sakihane Huya,EVERYS,스텔라이브 공식으로 피규어나오면? 후야님이랑 마시로님 피규어 사고 싶음 흐흐 ㅋㅋㅋㅋㅋ,1,2026-09-17T14:57:10Z,48
Ugwd-VaK-2JdiARYjtN4AaABAg,8shKFjkHabo,사키하네 후야,Sakihane Huya,EVERYS,후야님의 전체적인 커버곡은 가사가 또박또박 잘들려서 좋네,2,2026-09-13T12:48:44Z,31
Ugy4douFWaavVVV7Ck14AaABAg,8shKFjkHabo,사키하네 후야,Sakihane Huya,EVERYS,진짜 너무 귀엽다 영원히 귀여워 줘,2,2026-09-05T23:06:13Z,19
UgxvotcsVjI0zOlo3BN4AaABAg,8shKFjkHabo,사키하네 후야,Sakihane Huya,EVERYS,신의상과 너무 잘 어울리는 노래다 와ㅏ~,2,2026-08-31T10:47:36Z,22
UgzsfuvAWcd510bfBLV4AaABAg,8shKFjkHabo,사키하네 후야,Sakihane Huya,EVERYS,어흐으으ㅡㅡ으으ㅡ흐으으으ㅡㅡ,1,2026-08-31T10:50:32Z,15
UgxRXiWa-XhLc32QxH94AaABAg,8shKFjkHabo,사키하네 후야,Sakihane Huya,EVERYS,어흐ㅡㅡㅡ3ㅡㅡㅡㅡㅡㅡㅡㅡㅡㅡㅡㅡㅡㅡㅡㅡㅡㅡ,1,2026-09-02T11:04:23Z,24
UgyJCTF2EyyF_qdPZsF4AaABAg,8shKFjkHabo,사키하네 후야,Sakihane Huya,EVERYS,"""그곳이 터져 죽습니다""",0,2026-08-31T10:51:03Z,13
UgxQa90Ma-rz1FAeUOV4AaABAg,8shKFjkHabo,사키하네 후야,Sakihane Huya,EVERYS,역시 근오타쿠대후야는 우리가 뭘 좋아하는지 알아주는구나!!,158,2026-08-31T10:45:43Z,32
UgzdjO6AfY9lbpH0OC54AaABAg,8shKFjkHabo,사키하네 후야,Sakihane Huya,EVERYS,캬ㅑㅑㅑㅑ 여름엔 푸른 산호초지~💜 좋은 노래 선물해줘서 넘 고맙구 진짜 넘 이뿌당!!!💜 어흐에요 어흐~💜,0,2026-08-31T10:50:41Z,60
Ugw9U8uTCsqUxwTjVoZ4AaABAg,8shKFjkHabo,사키하네 후야,Sakihane Huya,EVERYS,"진짜로 어흐한 눈나가 목소리는 청량허이
넘모좋고",4,2026-08-31T10:50:03Z,26
Ugw5506aBihJscBJ23R4AaABAg,8shKFjkHabo,사키하네 후야,Sakihane Huya,EVERYS,전설의 곡을 전설의 용이 부르네....ㄷㄷ,4,2026-08-31T14:11:42Z,23
UgyzMyD-KBWCwC9Shu14AaABAg,8shKFjkHabo,사키하네 후야,Sakihane Huya,EVERYS,기교없이 정직하게 부른느낌? 청량함도 있고 좋다,10,2026-09-01T14:12:56Z,26
UgwqHgn3km0y4Bz49Sh4AaABAg,8shKFjkHabo,사키하네 후야,Sakihane Huya,EVERYS,와 학원 때문에 늦을뻔 후야 진짜 개이뻐서 물구나무 서서 봤다 진짜,6,2026-08-31T11:52:56Z,37
UgyAFmNcZ1OIQsWKQtF4AaABAg,8shKFjkHabo,사키하네 후야,Sakihane Huya,EVERYS,후야야와 어울리는 시원하고 밝은 노래 최고구나,5,2026-08-31T19:21:02Z,25
UgwDbG18MtBP6_JKdT54AaABAg,8shKFjkHabo,사키하네 후야,Sakihane Huya,EVERYS,후야 응애 아니야… 후야 눈나야… 어흐ㅡㅡㅡㅡ,0,2026-08-31T10:47:26Z,25
UgzH70tALi5swMeb06J4AaABAg,8shKFjkHabo,사키하네 후야,Sakihane Huya,EVERYS,"첫 신의상이랑 같이 커버곡을?!!!!!!
감사합니다 후야사마!!!!",0,2026-08-31T10:47:05Z,37
Ugw0J0QFyOoBFVr0i3h4AaABAg,8shKFjkHabo,사키하네 후야,Sakihane Huya,EVERYS,"신의상 어흐....
바평 실시간으로 떨어지긋네요
어흐예요 어흐",0,2026-08-31T10:49:12Z,34
UgzEIDHiupNnhPHgDZt4AaABAg,8shKFjkHabo,사키하네 후야,Sakihane Huya,EVERYS,어흐에요 어흐으ㅡ,0,2026-08-31T10:49:31Z,9
UgwFEY1j-AmRt7YF-Dd4AaABAg,8shKFjkHabo,사키하네 후야,Sakihane Huya,EVERYS,"후야 노래 첨 듣는다



진짜 첫 소절 듣자마자 반했다 역시 우리 스텔 청초 1위야 사랑한다",5,2026-09-05T07:05:27Z,52
UgxIgoBA_PkAVX59iN94AaABAg,8shKFjkHabo,사키하네 후야,Sakihane Huya,EVERYS,정신 차라니 신의상 나왔네 어흐으으ㅡㅡㅡㅡㅡㅡ,1,2026-08-31T10:57:17Z,25
UgxXNes78Vq8HiYo-sZ4AaABAg,8shKFjkHabo,사키하네 후야,Sakihane Huya,EVERYS,푸른 산호초이길,4,2026-08-31T06:15:08Z,8
UgyTztHOdrP8bkqe4u54AaABAg,8shKFjkHabo,사키하네 후야,Sakihane Huya,EVERYS,진짜 이게 푸른산호초구나 미쳤다 신의상 개이쁘고 음색 지리고 너무좋네 ㅠㅠㅠㅠㅠ,2,2026-08-31T10:45:14Z,44
UgzFYrCvnXc98trDbK94AaABAg,8shKFjkHabo,사키하네 후야,Sakihane Huya,EVERYS,"𓍢ִ⁠໋🌷͙֒⋆₊💌˚⊹♡𓊈🧸 ℋ𝓊𝓎𝒶 𓆩^._.^𓆪𓊉ॱᐧ.˳˳.⋅ઇଓ
또 그 부드러운 목소리로
기분 좋게 만들어 주셨어요 💜
💜🐲",1,2026-08-31T22:41:38Z,72
UgwA0Su3AHLdJaeGWUt4AaABAg,8shKFjkHabo,사키하네 후야,Sakihane Huya,EVERYS,어ㅡㅡㅡ흐ㅡㅡㅡㅡ,0,2026-08-31T10:58:03Z,9
UgyXZwEt77q3mER1s-J4AaABAg,8shKFjkHabo,사키하네 후야,Sakihane Huya,EVERYS,여름 다 끝나가서 덜 더워지는건지 이 노래가 시원해서 덜 더워지는지 분간이 안된다,0,2026-08-31T10:47:50Z,45
Ugz2GbhEol33DmtlS2d4AaABAg,8shKFjkHabo,사키하네 후야,Sakihane Huya,EVERYS,'그곳이 터져 죽습니다',1,2026-09-05T00:41:59Z,13
UgygFdrUxcU3oMhhN_l4AaABAg,8shKFjkHabo,사키하네 후야,Sakihane Huya,EVERYS,진짜 수영복 후야만 있으면 사계절 내내 여름이여도 상관 없다,1,2026-08-31T10:46:57Z,33
Ugxj529FQTr7RBBZUax4AaABAg,8shKFjkHabo,사키하네 후야,Sakihane Huya,EVERYS,청초!!!!!!!!!!🥰🥰😡😡🦅🦅🥵🥵🐺🐺,0,2026-09-01T06:20:52Z,22
UgznbOJtrdbSfxuDal54AaABAg,8shKFjkHabo,사키하네 후야,Sakihane Huya,EVERYS,"스텔 청초 계보
히나-린-후야",2,2026-09-03T23:46:53Z,16
UgyPFh5H0KecFgJm7nN4AaABAg,8shKFjkHabo,사키하네 후야,Sakihane Huya,EVERYS,야호!❤,0,2026-09-02T10:14:28Z,4
Ugzpp64jKtSEr2OKA1J4AaABAg,8shKFjkHabo,사키하네 후야,Sakihane Huya,EVERYS,너무 이쁘다 후야!!!!!!!!💜💜💜💜,0,2026-08-31T10:50:14Z,21
Ugxhg77EvuMheDj_D6h4AaABAg,8shKFjkHabo,사키하네 후야,Sakihane Huya,EVERYS,여름이었다. 시원하고도 시원한 ☁️🌊,8,2026-08-31T10:48:18Z,20
Ugx3vgdHLwXmYyvtCqJ4AaABAg,w16uoVZpKqY,사키하네 후야,Sakihane Huya,EVERYS,꼬리 파닥거리는 거 귀엽네,310,2026-07-28T22:02:47Z,14
Ugx3PsQTCpKPnmDzIPZ4AaABAg,w16uoVZpKqY,사키하네 후야,Sakihane Huya,EVERYS,통통꼬리 살랑거리면서 폴짝폴짝 튀는 것 뿐이지만 나의 수십분이 사라젔다…,119,2026-07-28T22:26:28Z,40
Ugwjj1EbdP2Z1LdBBZp4AaABAg,w16uoVZpKqY,사키하네 후야,Sakihane Huya,EVERYS,"영어로 적힌글 해석본
방송은 오후5시 5(뒷내용 알수없음)

오늘 늦잠자서 이제일어남(의역이나 정황상 대충 맞음)

사실 어제 늦게 잠들었음(의역이나 정황상 대충 맞음)

그래도 노르마 뽑기(뒷내용 알수없음)

길게 쓰면 알아보지 못하겠지 (다소 의역)",460,2026-07-28T23:40:32Z,141
Ugxt7vuOOZp5rd4XdI94AaABAg,w16uoVZpKqY,사키하네 후야,Sakihane Huya,EVERYS,귀여운 후야님이 귀여운 그림체를 받고 귀여운곡까지 들리는데 그와중에 귀여운 통통꼬리또한 부각되니 이토록 귀여운 쇼츠가 또있을지 궁금할 정도군요. 물론 후야님은 매일매일이 귀엽긴 합니다만 이 쇼츠에선 노리고 귀여움을 뽐내기 때문에 이 말을 전하지 않을수가 없겠습니다. 귀여운 후야를 보니 대뷔때가 떠오르는군요. 대뷔때부터 귀엽다고 판단했습니다만 지금처럼 귀엽고 무해해질것이라곤 생각하지 못하였습니다. 역시 후야님은 귀여움에 대한 재능을 타고나신것 같군요. 저도 바쿠로써 후야님의 귀여움을 본받아 최대한 귀여워지도록 시도를 해보겠습니다. 감사합니다.,223,2026-07-28T22:22:30Z,305
UgykKbQY2sQQmLZiLSp4AaABAg,w16uoVZpKqY,사키하네 후야,Sakihane Huya,EVERYS,단단 이리이리,10,2026-07-29T04:53:34Z,7
UgxEZCAmOhKddiAThWh4AaABAg,w16uoVZpKqY,사키하네 후야,Sakihane Huya,EVERYS,"저도 후야님이 좋습니다 ㅋㅋ
파닥거리는 통통꼬리도 좋습니다 ㅋㅋㅋ",13,2026-07-29T00:26:37Z,36
UgyhSI6vZw25NrFjZqF4AaABAg,w16uoVZpKqY,사키하네 후야,Sakihane Huya,EVERYS,통통꼬리는 유해할 수밖에 없는 거지요,10,2026-07-28T22:21:32Z,20
UgyycJyZF-QaBfzQGVx4AaABAg,w16uoVZpKqY,사키하네 후야,Sakihane Huya,EVERYS,ㅋㅋㅋㅋㅋㅋ 사장님 상태가 왜 그래 ㅋㅋㅋ😅,15,2026-07-29T01:40:55Z,24
Ugx9Z73hXbfcBoXlpPB4AaABAg,w16uoVZpKqY,사키하네 후야,Sakihane Huya,EVERYS,아아ㅏ 아침부터 심장에 무리가,7,2026-07-28T22:26:12Z,16
UgxMwywyJVqtx4Gxput4AaABAg,w16uoVZpKqY,사키하네 후야,Sakihane Huya,EVERYS,통통꼬리 귀엽다😆,9,2026-07-28T22:28:53Z,9
UgwN0oGncFyqTXeAJaF4AaABAg,w16uoVZpKqY,사키하네 후야,Sakihane Huya,EVERYS,통통꼬리가 다 살렷다 커여버,31,2026-07-29T01:49:19Z,15
UgzyYPwQjiw7k4dm2Qh4AaABAg,w16uoVZpKqY,사키하네 후야,Sakihane Huya,EVERYS,이리 이리 요? ㅋ,6,2026-07-29T01:14:26Z,10
UgwYWCvq-5VoqoOSifV4AaABAg,w16uoVZpKqY,사키하네 후야,Sakihane Huya,EVERYS,후야 너무귀여워요❤❤❤❤❤,5,2026-07-29T01:33:46Z,14
UgwAJ17eT43UiQaPClV4AaABAg,w16uoVZpKqY,사키하네 후야,Sakihane Huya,EVERYS,다들 귀엽다~ㅎㅎ,6,2026-07-29T03:51:34Z,9
UgysKTjalsUSIginAKh4AaABAg,w16uoVZpKqY,사키하네 후야,Sakihane Huya,EVERYS,3연 스타 지리네;;,3,2026-08-04T22:45:48Z,11
UgzxakAgv_3-xRAQsw94AaABAg,w16uoVZpKqY,사키하네 후야,Sakihane Huya,EVERYS,좋아하시는 거에 꼬리 살랑살랑 움직이는 모습 진짜 귀여워요!,2,2026-07-28T22:23:39Z,33
UgzgWrGLNrBir_K0vaJ4AaABAg,w16uoVZpKqY,사키하네 후야,Sakihane Huya,EVERYS,누가 이렇게 귀여우랬습니까 후야님...,1,2026-07-29T00:38:28Z,21
Ugyoj0Y2paadWmyZpcd4AaABAg,w16uoVZpKqY,사키하네 후야,Sakihane Huya,EVERYS,아 너무 귀여워,3,2026-08-01T14:21:56Z,8
Ugwu3VtDsFXVgZl6gnx4AaABAg,w16uoVZpKqY,사키하네 후야,Sakihane Huya,EVERYS,유행을 제일 잘아는 스텔라 1위,1,2026-08-01T10:47:11Z,17
UgxQjoV4QrwMARmxEW14AaABAg,w16uoVZpKqY,사키하네 후야,Sakihane Huya,EVERYS,깡총깡총 갸귀엽넼ㅋ,3,2026-07-28T22:23:04Z,10
UgwHr38ZDTcM6JUIaG94AaABAg,w16uoVZpKqY,사키하네 후야,Sakihane Huya,EVERYS,초카와이 마룡 또또 귀여운 쇼츠내서 바쿠들 홀리지,1,2026-07-28T22:47:30Z,27
UgxSg1Vl8Yo5hMY3iW94AaABAg,w16uoVZpKqY,사키하네 후야,Sakihane Huya,EVERYS,통통 꼬리 살랑거리는거 겁나 귀엽네ㅋㅋㅋㅋㅋㅋㅋ,1,2026-07-28T22:21:14Z,26
UgzLmw8zOuZ6-IQHTB14AaABAg,w16uoVZpKqY,사키하네 후야,Sakihane Huya,EVERYS,ㅋㅋㅋㅋ 귀여워,2,2026-07-29T04:16:40Z,8
UgzKWD2oSJPu8V3aq494AaABAg,w16uoVZpKqY,사키하네 후야,Sakihane Huya,EVERYS,보면 볼수록 입꼬리가 더 올라가는군ㅎㅎ,2,2026-07-29T00:41:14Z,21
UgyfCBkDBCZ1UlVxyJp4AaABAg,w16uoVZpKqY,사키하네 후야,Sakihane Huya,EVERYS,그긴거에 좋아하는 후야표정이...어흐,1,2026-07-29T02:07:53Z,20
Ugxo3R2SDm9FLm2gX_N4AaABAg,w16uoVZpKqY,사키하네 후야,Sakihane Huya,EVERYS,아침부터 심장에 해로운걸 보다니..,0,2026-07-28T23:13:25Z,19
UgwfvSoUB_Ujgf8PkGZ4AaABAg,w16uoVZpKqY,사키하네 후야,Sakihane Huya,EVERYS,새벽부터 통통꼬리 귀엽고,1,2026-07-29T21:25:20Z,13
Ugx0R9JhUPAwjWuYTsp4AaABAg,w16uoVZpKqY,사키하네 후야,Sakihane Huya,EVERYS,이게 마룡이여 똥강아지여,1,2026-07-28T22:47:40Z,13
UgxbvD33ssMlBWRb3nR4AaABAg,w16uoVZpKqY,사키하네 후야,Sakihane Huya,EVERYS,후야야 기여워 ㅠㅠ,0,2026-07-28T23:04:58Z,10
UgwXj0uqJABh1vmC3R94AaABAg,w16uoVZpKqY,사키하네 후야,Sakihane Huya,EVERYS,신나서 꼬리 좌우로 움직이는거 넘 귀엽네요,0,2026-07-28T22:16:50Z,23
Ugw5S6LjdIZlBNFKnTN4AaABAg,w16uoVZpKqY,사키하네 후야,Sakihane Huya,EVERYS,ㅋㅋㅋㅋㅋ,3,2026-07-28T22:44:20Z,5
UgxErvfBe2eHAk9VqS14AaABAg,w16uoVZpKqY,사키하네 후야,Sakihane Huya,EVERYS,꼬리 파닥거리는거 넘 귀엽네 ㅋㅋ,0,2026-07-29T00:25:22Z,18
Ugx2mdAxcw0FrSnTTlV4AaABAg,w16uoVZpKqY,사키하네 후야,Sakihane Huya,EVERYS,와ㅏㅏㅏㅏ너무 귀여워요...!!,0,2026-07-28T23:15:32Z,17
UgwPNssJWZ2T2d6E88R4AaABAg,w16uoVZpKqY,사키하네 후야,Sakihane Huya,EVERYS,최고의 귀여움이다,1,2026-07-29T00:22:39Z,9
UgzgUwYF4l9rj00oHXJ4AaABAg,w16uoVZpKqY,사키하네 후야,Sakihane Huya,EVERYS,마지막 바쿠 x하는줄ㅋㅋㅋㅋ,1,2026-07-28T22:56:34Z,15
UgyRvA8sfjBvrl_8d-t4AaABAg,w16uoVZpKqY,사키하네 후야,Sakihane Huya,EVERYS,꼬리 움직이는 거 너무 귀여워!!!!,0,2026-07-28T22:09:43Z,20
UgyXnKH-duPDlpmHOLJ4AaABAg,w16uoVZpKqY,사키하네 후야,Sakihane Huya,EVERYS,"후야님 넘 귀여워 죽겠어용 사랑해용♡♡
💕💗💘💖❤🧡💛💚💙💜🖤🤎🤍",0,2026-07-29T02:45:01Z,35
UgxsYdSUB_b4RSzQVUZ4AaABAg,w16uoVZpKqY,사키하네 후야,Sakihane Huya,EVERYS,후아가 아르르르르르르,1,2026-07-28T22:53:51Z,11
Ugzl3srd7AfhSykrcAl4AaABAg,w16uoVZpKqY,사키하네 후야,Sakihane Huya,EVERYS,쉴새없이 파닥이는 후야의 꼬리,0,2026-07-29T03:11:20Z,16
Ugy5qM3Ejc58w-SPI0B4AaABAg,w16uoVZpKqY,사키하네 후야,Sakihane Huya,EVERYS,너무 귀여우세요❤,1,2026-07-29T08:01:25Z,9
UgylRNsGbUR7jNwFAIR4AaABAg,HlGZ8AY6nrw,사키하네 후야,Sakihane Huya,EVERYS,??? : 이봐 양↗️배추↘️,665,2026-08-14T02:24:34Z,16
Ugy0UCW1QVgU2VHJRb14AaABAg,HlGZ8AY6nrw,사키하네 후야,Sakihane Huya,EVERYS,이 둘이 티키타카 하는거 너무 귀여움ㅋㅋㅋㅋㅋㅋㅋ,218,2026-08-13T22:22:23Z,27
UgzcvyTEhhiiHYiKfB94AaABAg,HlGZ8AY6nrw,사키하네 후야,Sakihane Huya,EVERYS,애들 다 발음이 이봐 용가리가 아니라 이vㅘ 용가리야 ㅋㅋㅋㅋㅋㅋㅋㅋㅋㅋㅋㅋㅋㅋㅋㅋㅋㅋㅋㅋ,92,2026-08-14T02:06:12Z,50
UgwRgv5W6EARdMwzYOh4AaABAg,HlGZ8AY6nrw,사키하네 후야,Sakihane Huya,EVERYS,"스텔라이브 더 애니멀즈
고대마룡, 유니콘, 외계고양이, 요우신
그리고 사카밤바스피스",443,2026-08-13T22:07:00Z,46
UgyplqX01gjmxA4lTZZ4AaABAg,HlGZ8AY6nrw,사키하네 후야,Sakihane Huya,EVERYS,서로 고양이 용가리 하는거 중독적이면서 재밌고 귀엽네 진짜루 ㅋㅋ 너무 귀여워 둘다,93,2026-08-13T22:42:03Z,46
UgzyCpo-PvtWYItp6at4AaABAg,HlGZ8AY6nrw,사키하네 후야,Sakihane Huya,EVERYS,안녕 고양아~ ㅋㅋㅋㅋㅋㅋㅋㅋ 진짜 이게 개귀여움,63,2026-08-13T22:22:28Z,27
Ugzhf4lHVjoPeAtZ3sN4AaABAg,HlGZ8AY6nrw,사키하네 후야,Sakihane Huya,EVERYS,이 둘의 호칭에서 시작해서 영상을 본 리코가 질투해서 자기도 껴달라고 하고 그 영상을 본 린이 이봐 양배추를 하고 또 그걸 본 리코가 이봐 물꼬기를 하고 그 영상을 본 시로가 리코와 어이 상체 어이 하체 하게 되기까지의 과정이 너무 좋음 ㅋㅋ 확장의 확장 ㅋㅋ,18,2026-08-14T00:29:19Z,145
Ugyzd0-nLeBSvLkpqOx4AaABAg,HlGZ8AY6nrw,사키하네 후야,Sakihane Huya,EVERYS,후야가 처음에 이봐 고양이✊️ 했을 땐 이게 이렇게 될 줄 몰랐지 ㅋㅋㅋ,23,2026-08-13T22:19:25Z,40
UgwBMAVZtIWaRupcm2R4AaABAg,HlGZ8AY6nrw,사키하네 후야,Sakihane Huya,EVERYS,동물폼 체급 왤케 크냐고 ㅋㅎㅋㅎㅋㅋ,11,2026-08-13T22:01:52Z,20
UgycHxyPPhx9cA3nmxx4AaABAg,HlGZ8AY6nrw,사키하네 후야,Sakihane Huya,EVERYS,이봐 꾸예예!!,30,2026-08-13T22:10:35Z,8
UgwT2t-Lg5zFSyJCKql4AaABAg,HlGZ8AY6nrw,사키하네 후야,Sakihane Huya,EVERYS,후야야~ 안녕~고양아~ 이봐용가리! 이봐고양이! 이 흐름이 그냥 미치도록 기여움,6,2026-08-13T23:34:23Z,44
UgwhulMytnTpdO3ETtx4AaABAg,HlGZ8AY6nrw,사키하네 후야,Sakihane Huya,EVERYS,이봐 용가리 이봐 고양이의 찰짐을 댓글로 표현하기 어려움 ㅋㅋㅋㅋㅋㅋㅋ,5,2026-08-14T01:28:36Z,39
Ugxc4xfVFa_JdkdOln54AaABAg,HlGZ8AY6nrw,사키하네 후야,Sakihane Huya,EVERYS,"스텔은 사실 사람이 없다...
유니콘, 마룡, 고양이, 치와와, 짱돌, 누룽지,  양배추, 물고기, 여우, 작은인간(?)",41,2026-08-13T22:36:49Z,67
Ugz53c1CzeCiC3c_qLl4AaABAg,HlGZ8AY6nrw,사키하네 후야,Sakihane Huya,EVERYS,이거지 이거야 중독성 높은 인사법 ㅋㅋㅋㅋㅋㅋ,5,2026-08-14T01:40:08Z,25
Ugy38l24htUF3fqCBhN4AaABAg,HlGZ8AY6nrw,사키하네 후야,Sakihane Huya,EVERYS,후야만큼 잘 받아주는 용가리도 없지😌😌,5,2026-08-14T00:29:14Z,21
UgyuTRIcP-uSd1Lp8-J4AaABAg,HlGZ8AY6nrw,사키하네 후야,Sakihane Huya,EVERYS,이봐 꾸예예~,6,2026-08-14T01:08:09Z,7
UgyneaT1ct8kqcszJ7B4AaABAg,HlGZ8AY6nrw,사키하네 후야,Sakihane Huya,EVERYS,2026 최고의 신규 듀오 ㅋㅋㅋㅋㅋㅋㅋㅋㅋㅋ,2,2026-08-14T04:41:48Z,25
Ugy3exrl6HO7Rv6E5bp4AaABAg,HlGZ8AY6nrw,사키하네 후야,Sakihane Huya,EVERYS,"누구는 귀엽게 ”꼬오냥이!“하는데..썅 내 최애는
???:”ㅈ냥아..“",0,2026-08-29T15:59:00Z,39
UgxnGGiJIUKPp6Wfedp4AaABAg,HlGZ8AY6nrw,사키하네 후야,Sakihane Huya,EVERYS,이봐 용가리 폼도 용가리 치킨 같아서 귀여워 ㅋㅋㅋㅋ,3,2026-08-13T22:01:40Z,29
UgydX4BlQNRWcIuI29J4AaABAg,HlGZ8AY6nrw,사키하네 후야,Sakihane Huya,EVERYS,진짜 너무 귀엽다 이봐! 고양이! 이봐 용가리!  부키에겐 이봐 캥캥이! 겠죠?,3,2026-08-14T02:46:26Z,44
UgwLZwzCk5f2FoRuHWd4AaABAg,HlGZ8AY6nrw,사키하네 후야,Sakihane Huya,EVERYS,너무 귀여운 고양이와 용가리 ㅋㅋㅋㅋ,7,2026-08-14T00:48:36Z,20
UgypBFW_IXkq8SJLG554AaABAg,HlGZ8AY6nrw,사키하네 후야,Sakihane Huya,EVERYS,마지막 순간 바쿠인줄 알았다가 부키였네ㅋㅋㅋㅋ,1,2026-08-21T03:25:22Z,25
Ugx3d-BHE7f6hbVYf8N4AaABAg,HlGZ8AY6nrw,사키하네 후야,Sakihane Huya,EVERYS,"후야야~ 안녕 고양아~ 인사가 너무 좋당
부키 웃음소리도 너무 좋넹 ㅋㅋㅋㅋㅋㅋㅋ",2,2026-08-14T02:18:25Z,45
UgzfrnitlcsVs-wRehJ4AaABAg,HlGZ8AY6nrw,사키하네 후야,Sakihane Huya,EVERYS,이거 중독성이 너무 높아요 ㅋㅋㅋㅋㅋㅋㅋ,5,2026-08-14T00:52:30Z,22
UgyuALmhNGUL0pP-UYt4AaABAg,HlGZ8AY6nrw,사키하네 후야,Sakihane Huya,EVERYS,역시 1기생 편입생 가장 크구나 ㅋㅋㅋ 부키 엄청 작네 ㅋㅋㅋ,1,2026-08-13T22:16:14Z,34
UgyzfxbVPHXfrtGSW-14AaABAg,HlGZ8AY6nrw,사키하네 후야,Sakihane Huya,EVERYS,ㅋㅋㅋㅋㅋㅋㅋ 둘이 그냥 개쳐귀여움,4,2026-08-14T00:29:55Z,19
Ugz6K689gxRkfd-iMNZ4AaABAg,HlGZ8AY6nrw,사키하네 후야,Sakihane Huya,EVERYS,이봐 용가리 거기 부키좀 주워줘,3,2026-08-13T23:08:48Z,17
Ugy0gepF1kynWiBK44d4AaABAg,HlGZ8AY6nrw,사키하네 후야,Sakihane Huya,EVERYS,스텔 3대가 펼치는 귀욤 귀욤,1,2026-08-14T02:07:02Z,16
UgyR2vnOVoKheqSFDz54AaABAg,HlGZ8AY6nrw,사키하네 후야,Sakihane Huya,EVERYS,둘이 서로 찰지게 받아줘서 착착 감기고 귀엽다 ㅋㅋㅋ,1,2026-08-13T23:20:53Z,29
Ugw8Q5Yba15rkmieD0R4AaABAg,HlGZ8AY6nrw,사키하네 후야,Sakihane Huya,EVERYS,ㅋㅋㅋ 귀엽군,2,2026-08-14T00:01:51Z,7
UgwIFw_it1EIeY2xv9F4AaABAg,HlGZ8AY6nrw,사키하네 후야,Sakihane Huya,EVERYS,귀여운애+귀여운애=짱짱귀여움❤,1,2026-08-14T07:52:39Z,16
UgwTkoM5OwXWhq2d6Yd4AaABAg,HlGZ8AY6nrw,사키하네 후야,Sakihane Huya,EVERYS,용가리 고양이 캥캥이 다들 너무 귀엽다,1,2026-08-14T01:26:12Z,21
UgxgIGZhfya-Z6iTPs14AaABAg,HlGZ8AY6nrw,사키하네 후야,Sakihane Huya,EVERYS,이봐 고양이! 이봐 꾸에에!,2,2026-08-13T23:17:35Z,15
UgyInLsU_nQ--5gXskl4AaABAg,HlGZ8AY6nrw,사키하네 후야,Sakihane Huya,EVERYS,진짜 용가뤼 고양이 너무 귀여웤ㅋㅋㅋㅋㅋㅋㅋ,1,2026-08-14T04:05:52Z,24
UgyQd7-n7oePtsm0LmJ4AaABAg,HlGZ8AY6nrw,사키하네 후야,Sakihane Huya,EVERYS,후야야~~🦕 고양아~~🐱,1,2026-08-13T22:12:47Z,13
UgyAeEx7XNeMMNusWUR4AaABAg,HlGZ8AY6nrw,사키하네 후야,Sakihane Huya,EVERYS,"이봐 용가리!! 이봐 고양이!!
둘다 넘 귀여워",1,2026-08-13T22:02:47Z,26
UgzeG3vtxI-QWfqyzsV4AaABAg,HlGZ8AY6nrw,사키하네 후야,Sakihane Huya,EVERYS,"후야님 귀여운쇼츠 고마워용 사랑해용!♡
💕💗💘💖❤🧡💛💚💙💜🖤🤎🤍",1,2026-08-14T02:35:47Z,35
Ugw4DSOHemk39ef_SKJ4AaABAg,HlGZ8AY6nrw,사키하네 후야,Sakihane Huya,EVERYS,용가리 개 귀엽네,1,2026-08-13T23:38:53Z,9
UgzreCzmKEC8M3L_K_Z4AaABAg,HlGZ8AY6nrw,사키하네 후야,Sakihane Huya,EVERYS,보라둘리 뭔데ㅋㅋ,1,2026-08-13T23:52:00Z,9
UgxOu28vVTh57mDD_uZ4AaABAg,HlGZ8AY6nrw,사키하네 후야,Sakihane Huya,EVERYS,캬~~~ 이거지 ㅋㅋㅋ,2,2026-08-14T00:17:50Z,12
UgytmMdkBdO19PAZPt14AaABAg,FmMnqJQ6tX0,사키하네 후야,Sakihane Huya,EVERYS,아무래도 빠라라뽐뿌와 즈탱이 콘팡과 같은 별명을 유닛에게 새롭게 붙여줄수 있는 발상을 가지고 있다는 부분에서 절대 평범하진 않다는 것이지 ㅇㅇ... ㅋㅋㅋㅋㅋㅋㅋㅋ,107,2026-08-05T04:01:51Z,91
UgwOEHjye5DOW00nO4t4AaABAg,FmMnqJQ6tX0,사키하네 후야,Sakihane Huya,EVERYS,카이팅과 디펜시브를 아는 시점에서 여성 버튜버 탑급,317,2026-08-04T23:10:14Z,28
UgwNbEC0wN6buGu9B5d4AaABAg,FmMnqJQ6tX0,사키하네 후야,Sakihane Huya,EVERYS,집중할때 입모양이 ^랑 o로 왔다갔다 하는거 진짜 귀여움 ㅋㅋ,162,2026-08-05T06:44:41Z,34
Ugxx29lBolLZ_0FMmIZ4AaABAg,FmMnqJQ6tX0,사키하네 후야,Sakihane Huya,EVERYS,노래까지 근본력 넘치는구나,239,2026-08-05T03:55:16Z,14
Ugw7F79C8ER0PA_o2dZ4AaABAg,FmMnqJQ6tX0,사키하네 후야,Sakihane Huya,EVERYS,짬에서 나오는 바이브,51,2026-08-05T04:28:49Z,11
Ugy3JJmOi_w0CmOb8-l4AaABAg,FmMnqJQ6tX0,사키하네 후야,Sakihane Huya,EVERYS,스타리그 노래라니 마치 그 경기를 보신것처럼 잘하시네요,26,2026-08-04T22:52:21Z,30
Ugw1VQ5c3aEDL3SU5wV4AaABAg,FmMnqJQ6tX0,사키하네 후야,Sakihane Huya,EVERYS,다른건 몰라도 카이팅과 웹은 진짜 놀랍네,10,2026-08-06T01:36:44Z,22
UgwYqugTshhy5S9iGrV4AaABAg,FmMnqJQ6tX0,사키하네 후야,Sakihane Huya,EVERYS,스천재 후아야😊,19,2026-08-04T22:47:36Z,8
UgwpD_slliCsAKJ4zut4AaABAg,FmMnqJQ6tX0,사키하네 후야,Sakihane Huya,EVERYS,아무래도 스타리그 전성기를 함께 보낸 짬이 있으시단거지.,4,2026-08-09T01:59:01Z,31
UgxkxqjaJiH2r0UJOuN4AaABAg,FmMnqJQ6tX0,사키하네 후야,Sakihane Huya,EVERYS,선곡 덕에 이거 완전 아가테란 정후야 하이라이트네,6,2026-08-05T08:28:23Z,27
UgyMGDNqpmhqJGCnh294AaABAg,FmMnqJQ6tX0,사키하네 후야,Sakihane Huya,EVERYS,스타크래프트 재밌게 즐기는 모습 보기 좋다 ㅋㅋ,2,2026-08-05T04:00:13Z,26
UgzqSbk1vcDwrxnicq14AaABAg,FmMnqJQ6tX0,사키하네 후야,Sakihane Huya,EVERYS,"스타 뉴비...? 디게 잘하잖아!!!
역시 우리 만능 마룡!!!!",5,2026-08-04T22:26:21Z,36
UgwZFGRlnOWx98bsKr94AaABAg,FmMnqJQ6tX0,사키하네 후야,Sakihane Huya,EVERYS,후야야의 스타2 도전을 기원합니다,60,2026-08-05T02:42:01Z,18
UgwHFQd4okQguceIhUR4AaABAg,FmMnqJQ6tX0,사키하네 후야,Sakihane Huya,EVERYS,ㄹㅇ 재능 말안됨,6,2026-08-05T03:43:24Z,9
UgylDNlT8r8GKBhL63d4AaABAg,FmMnqJQ6tX0,사키하네 후야,Sakihane Huya,EVERYS,심시티 짓고 좋아하는거 웰케 귀엽냐 ㅋㅋㅋ,1,2026-08-05T03:50:13Z,23
UgwTdF2wTxTpyO28MOF4AaABAg,FmMnqJQ6tX0,사키하네 후야,Sakihane Huya,EVERYS,멋찌다 우리 마룡!,2,2026-08-04T22:09:29Z,10
Ugy7l4Ql-LJIuHzoDPl4AaABAg,FmMnqJQ6tX0,사키하네 후야,Sakihane Huya,EVERYS,사랑스럽잖아 ❤❤,1,2026-08-11T13:24:23Z,9
Ugwcy7rffYe-pMyegZl4AaABAg,FmMnqJQ6tX0,사키하네 후야,Sakihane Huya,EVERYS,연륜이 느껴지는 컨트롤,0,2026-08-08T23:22:46Z,12
UgymEXfM61gxeoscabZ4AaABAg,FmMnqJQ6tX0,사키하네 후야,Sakihane Huya,EVERYS,와 씹 커세어다크 ㅋㅋㅋㅋㅋㅋㅋㅋㅋㅈㄴ 추억 낭만 그 자체의 조합이네,0,2026-08-10T22:09:56Z,38
Ugxj27zr5lpzKxgf5MJ4AaABAg,FmMnqJQ6tX0,사키하네 후야,Sakihane Huya,EVERYS,카이팅이 스무스 하네 ㄷㄷ,1,2026-08-05T05:07:07Z,14
UgzfaWH4S4LSEQVcHul4AaABAg,FmMnqJQ6tX0,사키하네 후야,Sakihane Huya,EVERYS,진짜  탑급인  후야~,0,2026-08-07T00:25:30Z,12
UgxFHywiEe1s08phK8B4AaABAg,FmMnqJQ6tX0,사키하네 후야,Sakihane Huya,EVERYS,"뭐야 이런분이셨어요...?
바로 구독박고 햝쨖햝쨖!",1,2026-08-07T18:00:39Z,28
UgwfpO8fM_oD-aarKXh4AaABAg,FmMnqJQ6tX0,사키하네 후야,Sakihane Huya,EVERYS,ㅋㅋㅋㅋㅋㅋ 너무 귀여워염 ㅠㅠ,0,2026-09-16T06:03:38Z,17
UgwJPVePL92Pe3gMpVd4AaABAg,FmMnqJQ6tX0,사키하네 후야,Sakihane Huya,EVERYS,스타는 모르지만 후야가 하니깐 재밌어 보이네,0,2026-08-05T04:07:35Z,24
UgyoQU8yE8k40E9yZb14AaABAg,FmMnqJQ6tX0,사키하네 후야,Sakihane Huya,EVERYS,와 개고수,4,2026-08-04T22:46:30Z,5
Ugz3EPjsrow7OTDPD654AaABAg,FmMnqJQ6tX0,사키하네 후야,Sakihane Huya,EVERYS,이거 박카스 스타리그 오프닝 곡인가? 가물가물,7,2026-08-05T01:15:31Z,25
UgzoZD3fi152H-59jqN4AaABAg,FmMnqJQ6tX0,사키하네 후야,Sakihane Huya,EVERYS,집중하는게 진짜 귀여운듯ㅋㅋㅋ,0,2026-08-05T17:49:26Z,16
Ugy-fsD82xdn9tRexMl4AaABAg,FmMnqJQ6tX0,사키하네 후야,Sakihane Huya,EVERYS,전장을 지배하는 마룡 캬ㅑ,2,2026-08-04T22:01:20Z,14
UgysgV_K1Eho3lX9fv14AaABAg,FmMnqJQ6tX0,사키하네 후야,Sakihane Huya,EVERYS,잘하시내요 후야님,0,2026-08-14T08:15:43Z,9
Ugx2sEpQnFjAzR_3kfl4AaABAg,FmMnqJQ6tX0,사키하네 후야,Sakihane Huya,EVERYS,와 브금도 그레이트 이스케이프 ㅋㅋㅋㅋㅋ,0,2026-08-09T02:32:02Z,22
Ugy8Sb5gaCyxMbgwYjN4AaABAg,FmMnqJQ6tX0,사키하네 후야,Sakihane Huya,EVERYS,후야님 잘다듬으면 뉴비 대전에 스텔라이브 대표로 출현 하셔도 될것같은데,1,2026-08-05T04:07:06Z,39
UgxZ8TNoGWPG4AhSpkx4AaABAg,FmMnqJQ6tX0,사키하네 후야,Sakihane Huya,EVERYS,아니 파일런 길막 뭔데!! 스천재 대후야,0,2026-08-07T15:53:59Z,22
UgwgTnL4DqHJyvTj_y54AaABAg,FmMnqJQ6tX0,사키하네 후야,Sakihane Huya,EVERYS,잘하네 후야,0,2026-08-06T02:19:20Z,6
UgyzxiFSJ8SVjW9rr4Z4AaABAg,FmMnqJQ6tX0,사키하네 후야,Sakihane Huya,EVERYS,캬ㅏㅏㅏㅏㅏㅏㅏㅏㅏㅏㅏ 웹쓰는건 진짜 개멋있는후야,0,2026-08-05T05:45:26Z,27
UgyIid8RPeKXJR5axGd4AaABAg,FmMnqJQ6tX0,사키하네 후야,Sakihane Huya,EVERYS,아니 브금이 너무 근본이라 몰입감이 너무 높은데요!,0,2026-08-06T20:04:00Z,28
UgyJVMGceQpVpVW9GJV4AaABAg,FmMnqJQ6tX0,사키하네 후야,Sakihane Huya,EVERYS,스타천재 대후야...,0,2026-08-05T12:54:03Z,11
UgxGEgl7VvuFhjrYpXB4AaABAg,FmMnqJQ6tX0,사키하네 후야,Sakihane Huya,EVERYS,후야야 제발 스타2도 해줘잉..,1,2026-08-05T03:20:56Z,17
UgyuiY7_pY4BuJj0hzJ4AaABAg,FmMnqJQ6tX0,사키하네 후야,Sakihane Huya,EVERYS,역시 2천년 짬밥은 달라 노래선정부터 너무 좋다,0,2026-08-11T06:17:11Z,26
UgxHpe79WShyc2-sZYt4AaABAg,FmMnqJQ6tX0,사키하네 후야,Sakihane Huya,EVERYS,근날여왕ㅋㅋㅋㅋ,1,2026-08-05T03:56:05Z,8
Ugw30_KDUo0sLGHA8IV4AaABAg,aPGU47ki2fo,시라유키 히나,Shirayuki Hina,UNIVERSE,이걸 직접 같이 짖어서 서열정리하네 ㅋㅋㅋㅋㅋㅋ,1397,2026-08-24T05:13:02Z,26
Ugw7XXYadgb979WUdGt4AaABAg,aPGU47ki2fo,시라유키 히나,Shirayuki Hina,UNIVERSE,히나 짖는 소리가 진짜 개 짖는 소리랑 똑같아서 더 어이없음 ㅋㅋㅋ,814,2026-08-24T05:25:08Z,37
Ugz3xWf0bPhg2Atw_Ch4AaABAg,aPGU47ki2fo,시라유키 히나,Shirayuki Hina,UNIVERSE,자기가 낮은 서열인걸 깨닫고 자아실현하는 공줔ㅋㅋㅋㅋㅋ,760,2026-08-24T08:10:53Z,30
Ugwegcc1-PSqpctWcc54AaABAg,aPGU47ki2fo,시라유키 히나,Shirayuki Hina,UNIVERSE,소형견 짖어서 제압하는건 봤어도 대형견한테 맞짖어서 제압하는건 진짜 처음보네 ㅋㅋㅋㅋㅋㅋㅋ,306,2026-08-24T09:51:27Z,50
UgxvDIGBOV38TXG6C4N4AaABAg,aPGU47ki2fo,시라유키 히나,Shirayuki Hina,UNIVERSE,공주 우렁찬게 다 주인 닮은거구나,223,2026-08-24T05:11:51Z,18
UgxQGE_hqiH2p3g95y94AaABAg,aPGU47ki2fo,시라유키 히나,Shirayuki Hina,UNIVERSE,"고독한 늑대, 공주 서열정리 완료",240,2026-08-24T05:14:13Z,18
UgxsvJqFbCcq7ieGiBl4AaABAg,aPGU47ki2fo,시라유키 히나,Shirayuki Hina,UNIVERSE,공주 서열정리ㅋㅋㅋㅋㅋㅋ 우렁차네,394,2026-08-24T05:12:12Z,18
Ugxp2Pi6EvQs4DJXb6V4AaABAg,aPGU47ki2fo,시라유키 히나,Shirayuki Hina,UNIVERSE,공주도 얼마나 놀랐으면 갑자기 조용해지냐ㅋㅋㅋㅋ,57,2026-08-24T05:14:42Z,26
UgxLS1V2dmCZcWnkGcp4AaABAg,aPGU47ki2fo,시라유키 히나,Shirayuki Hina,UNIVERSE,리제도 그렇고 서열정리를 물어서 하는구나,194,2026-08-24T05:12:40Z,22
UgyZFPWlvbfwkUEOGN94AaABAg,aPGU47ki2fo,시라유키 히나,Shirayuki Hina,UNIVERSE,진짜 개짖는 소리 같아서 히나가 짖은줄 몰랐음 ㅋㅋ,55,2026-08-24T06:31:19Z,28
UgxH6cV5nuHYLinzO7B4AaABAg,aPGU47ki2fo,시라유키 히나,Shirayuki Hina,UNIVERSE,히나 예쁘면 멍멍하라고 할때는 아무말도 안하다가 히나 싫으면 멍멍하라고 하니까 멍멍하는게 개웃겼음 ㅋㅋㅋ,20,2026-08-24T10:39:43Z,58
Ugy6P8jb4APWrbAcjRF4AaABAg,aPGU47ki2fo,시라유키 히나,Shirayuki Hina,UNIVERSE,공주:어떻게 나한테 그런 심한말을..,42,2026-08-24T05:15:28Z,20
UgxrPGYwfBbXO3WGUW54AaABAg,aPGU47ki2fo,시라유키 히나,Shirayuki Hina,UNIVERSE,강아지도 고독한 늑대는 이길 수 없다,30,2026-08-24T06:15:40Z,20
UgyzjQDciHe24CHSmJB4AaABAg,aPGU47ki2fo,시라유키 히나,Shirayuki Hina,UNIVERSE,히나가 Wall을 외치자 공주는 벽을 느꼈다.,90,2026-08-24T06:17:49Z,25
Ugw407Eogeqki3k4TsJ4AaABAg,aPGU47ki2fo,시라유키 히나,Shirayuki Hina,UNIVERSE,공주 한방에 제압해버리는 히크나이트..,45,2026-08-24T05:12:52Z,21
UgzSlVl3TZcP2_tG_594AaABAg,aPGU47ki2fo,시라유키 히나,Shirayuki Hina,UNIVERSE,진짜 바로 짖을줄은 몰랐는데,121,2026-08-24T05:18:55Z,15
Ugzbz6dnVeqp5xRX_nB4AaABAg,aPGU47ki2fo,시라유키 히나,Shirayuki Hina,UNIVERSE,히나가 서열정리하는거 미치겠네ㅋㅋㅋㅋㅋㅋㅋㅋㅋㅋㅋ,60,2026-08-24T05:17:05Z,27
UgyqCcTvDnWQ2Ge2Eox4AaABAg,aPGU47ki2fo,시라유키 히나,Shirayuki Hina,UNIVERSE,확실히 서열정리는 하긴해야지 ㅋㅋㅋㅋㅋㅋㅋ,27,2026-08-24T05:14:33Z,23
Ugznx7QUj_kTl9x7fhF4AaABAg,aPGU47ki2fo,시라유키 히나,Shirayuki Hina,UNIVERSE,"얼마나 심한 ""월!"" 이었는지 감도 안 옴 ㅋㅋㅋㅋㅋㅋ",15,2026-08-24T05:25:33Z,30
UgxxAlzeBO6jvVNUgsR4AaABAg,aPGU47ki2fo,시라유키 히나,Shirayuki Hina,UNIVERSE,"공주도 아차 싶었던 거지.
아 이거 여기서 더 짖었다간 자기가 물리겠구나 싶었던 거지...",24,2026-08-24T09:56:13Z,50
UgxkGoBngmlofH7_WdN4AaABAg,aPGU47ki2fo,시라유키 히나,Shirayuki Hina,UNIVERSE,"""지는 인간이면서 개 하나 이겨먹겠다고 이걸 짖어??""",5,2026-08-24T12:13:33Z,30
UgxdDBblquUrtTalYfN4AaABAg,aPGU47ki2fo,시라유키 히나,Shirayuki Hina,UNIVERSE,알았어 안 짖을게가 겁나 웃기네 ㅋㅋㅋㅋㅋㅋㅋㅋㅋㅋ,8,2026-08-24T08:22:53Z,28
UgytKCihiL5rqY1SiyF4AaABAg,aPGU47ki2fo,시라유키 히나,Shirayuki Hina,UNIVERSE,"다음영상 
공주 눈 주위에
 실밥을 눈곱인줄 알고 땐 히나",87,2026-08-24T05:16:49Z,32
UgxQKqm6kPRPiHfoQlx4AaABAg,aPGU47ki2fo,시라유키 히나,Shirayuki Hina,UNIVERSE,역시 고득한 늑대 정히나...,17,2026-08-24T05:16:30Z,16
Ugx-Fh2ZwwAlGE3Tf_V4AaABAg,aPGU47ki2fo,시라유키 히나,Shirayuki Hina,UNIVERSE,공주가 히나를 못이기는게 이거였구나..,14,2026-08-24T05:13:40Z,21
UgxhuUOafyZGIH-wceJ4AaABAg,aPGU47ki2fo,시라유키 히나,Shirayuki Hina,UNIVERSE,알았어 안 짓을게 ㅋㅋㅋㅋ 이게 맞... 나? ㅋㅋㅋㅋㅋㅋㅋ,8,2026-08-24T05:13:37Z,33
UgzaD7vk8NWqtPcHp654AaABAg,aPGU47ki2fo,시라유키 히나,Shirayuki Hina,UNIVERSE,"무슨 개욕을 했길래 한번짖었을뿐인데 조용해지넼
ㅋㅋㅋㅋㅋㅋㅋㅋㅋ",4,2026-08-24T16:45:55Z,35
UgwFWZxTQ2sTsPUY7Wt4AaABAg,aPGU47ki2fo,시라유키 히나,Shirayuki Hina,UNIVERSE,바로 서열정리 해버리네 ㅋㅋㅋ 역시 고늑정,7,2026-08-24T05:17:34Z,23
UgyhS6_GCFRYuvCbC-x4AaABAg,aPGU47ki2fo,시라유키 히나,Shirayuki Hina,UNIVERSE,개상대로 기싸움하는거 진짜 ㅋㅋㅋㅋ,6,2026-08-24T05:36:31Z,19
Ugyz0_FysFfHwsP0_qx4AaABAg,aPGU47ki2fo,시라유키 히나,Shirayuki Hina,UNIVERSE,공주가 차르봄바 히댕이 한테 서열 정리 당한거 뭔데ㅋㅋㅋ,4,2026-08-24T06:24:38Z,31
UgwMRRIGT831fWA76ll4AaABAg,aPGU47ki2fo,시라유키 히나,Shirayuki Hina,UNIVERSE,ㅋㅋㅋ 이것이 히형욱의 서열정리! 공주야 히나 언니랑 같이 건강하게 오래오래 보자!,2,2026-08-24T05:14:37Z,46
Ugyd165Pzvbu62FLCzh4AaABAg,aPGU47ki2fo,시라유키 히나,Shirayuki Hina,UNIVERSE,이게 서열정리지,18,2026-08-24T05:11:32Z,8
Ugxh9m2B3NWvhGQrY254AaABAg,aPGU47ki2fo,시라유키 히나,Shirayuki Hina,UNIVERSE,"우렁찬 공주 귀여워😊
서열정리하는 히나 귀여워😂",2,2026-08-24T05:19:33Z,26
UgxZZRQ68LZBJx_YdJR4AaABAg,aPGU47ki2fo,시라유키 히나,Shirayuki Hina,UNIVERSE,거기서 바로 짖고 조용해지는 게 너무 웃겨 ㅋㅋㅋㅋㅋㅋㅋㅋㅋ,1,2026-08-24T07:03:04Z,33
UgwLFDYO4OfPLoM0o8R4AaABAg,aPGU47ki2fo,시라유키 히나,Shirayuki Hina,UNIVERSE,공주 진짜 얼마나 힘들면 당근을 저렇게 열심히 흔들까... 공주는 세상에서 히나가 제일 무서울 듯,2,2026-08-24T05:23:46Z,54
Ugzo-SieRTGcGVAD9dx4AaABAg,aPGU47ki2fo,시라유키 히나,Shirayuki Hina,UNIVERSE,서열정리 확실하다 ㅋㅋㅋㅋ,3,2026-08-24T05:14:51Z,14
UgxP0DMxH-H3IglOkt14AaABAg,aPGU47ki2fo,시라유키 히나,Shirayuki Hina,UNIVERSE,어떤아이돌이 자기 강아지가 짖는다고 자기도 짖어서 서열정리해요 ㅋㅋㅋ,1,2026-08-24T07:02:53Z,38
UgxqpbIFgRkCkJGHh4B4AaABAg,aPGU47ki2fo,시라유키 히나,Shirayuki Hina,UNIVERSE,영상에 나오는 짐승 두마리가 너무 귀엽네용 호홍,1,2026-08-24T05:13:37Z,26
UgyhUtTU9AW39n18bLJ4AaABAg,aPGU47ki2fo,시라유키 히나,Shirayuki Hina,UNIVERSE,당근흔드는거 개귀엽넼ㅋㅋㅋㅋㅋㅋㅋㅋㅋ,1,2026-08-24T05:50:04Z,20
UgzbOpwMlum_3CKAGtl4AaABAg,aPGU47ki2fo,시라유키 히나,Shirayuki Hina,UNIVERSE,고늑정: 필요한 행동이었다,3,2026-08-24T05:25:14Z,14
Ugxdhva6ur48bC-QDZB4AaABAg,ekINzN4PQmo,시라유키 히나,Shirayuki Hina,UNIVERSE,0:29 어흐 히나 눈웃음 개이쁘네,66,2026-09-01T13:56:43Z,19
UgzBSuX8BKnmvQmsZ7R4AaABAg,ekINzN4PQmo,시라유키 히나,Shirayuki Hina,UNIVERSE,확실히 한국어들으니까 좋다 스텔 커버곡할때 Jpop도 좋지만 이런 국산노래랑 r&b같은거도 많이 불러주시면 좋겠당,94,2026-09-03T13:47:38Z,63
UgyfCojXB7cPrOWRycp4AaABAg,ekINzN4PQmo,시라유키 히나,Shirayuki Hina,UNIVERSE,???:히나님 다음 신의상 제가 담당할게요,827,2026-08-31T13:56:22Z,23
UgweDheicQhbzAUWgwF4AaABAg,ekINzN4PQmo,시라유키 히나,Shirayuki Hina,UNIVERSE,3:09 극락 코러스,37,2026-09-01T16:11:07Z,11
UgxwM8d8gdnMz9EU8QV4AaABAg,ekINzN4PQmo,시라유키 히나,Shirayuki Hina,UNIVERSE,우리 히나 청초입니다,148,2026-09-01T13:01:57Z,11
Ugz3DcMAi8mBjEKffbZ4AaABAg,ekINzN4PQmo,시라유키 히나,Shirayuki Hina,UNIVERSE,"히나 한식은 진짜 오랜만인거같은데
역시 내 취향은 한식인거같다

오늘 신의상도 너무예쁨!!
사실 뭐 어딜까는거 자체가 좋다기보단
히나가 해둥이들이 좋아하는걸 해주려는 그 마음이 더 좋은거같음

앞으로는 사고없이 다시 쌓아나가보자",94,2026-09-01T15:46:39Z,127
UgxONxbdRlcxgC7zMNV4AaABAg,ekINzN4PQmo,시라유키 히나,Shirayuki Hina,UNIVERSE,0:58 어흐에요 어흐,10,2026-09-01T15:23:55Z,12
Ugz4W-qBYn83XF9dmyR4AaABAg,ekINzN4PQmo,시라유키 히나,Shirayuki Hina,UNIVERSE,스텔라들은 들어라 청초가 다시 오셨다,368,2026-09-01T12:51:40Z,20
UgxZxf2r_PlzwXSZgfB4AaABAg,ekINzN4PQmo,시라유키 히나,Shirayuki Hina,UNIVERSE,"This is so nostalgic, my sister introduced me to Korean music through BoA :D Amazing cover I also enjoyed the original of this version :D",7,2026-09-03T10:01:37Z,137
UgyGFMLiNIUVgrep9B14AaABAg,ekINzN4PQmo,시라유키 히나,Shirayuki Hina,UNIVERSE,???: 다음 신의상 기대하세요,26,2026-09-01T15:35:15Z,17
Ugzv92GOxYdobqD99Zx4AaABAg,ekINzN4PQmo,시라유키 히나,Shirayuki Hina,UNIVERSE,"선곡 드디어미쳣구나
나를 구불육으로 만들지마",60,2026-09-01T12:48:39Z,24
UgzHDJtI-iA7M01Ebyp4AaABAg,ekINzN4PQmo,시라유키 히나,Shirayuki Hina,UNIVERSE,금일부로 청초의 복귀를 선언한다.,17,2026-09-01T12:51:17Z,18
UgwzxEFTfN-5XWf9eAd4AaABAg,ekINzN4PQmo,시라유키 히나,Shirayuki Hina,UNIVERSE,"히나の新衣装めちゃくちゃ可愛い！！！
最高👍",4,2026-09-01T13:11:13Z,22
UgzyQwomUhVTxQwjFF94AaABAg,ekINzN4PQmo,시라유키 히나,Shirayuki Hina,UNIVERSE,The outfit is super cute!! Her voice is warm and endearing!,4,2026-09-03T09:17:06Z,59
Ugz7paQjuWmKkcY4Sqh4AaABAg,ekINzN4PQmo,시라유키 히나,Shirayuki Hina,UNIVERSE,오늘만큼은 감히 데뷔때의 그 청초와 비빌 수 있다고 생각한다,92,2026-09-01T12:51:50Z,33
UgzSDUfmNSYS_KjRaEB4AaABAg,ekINzN4PQmo,시라유키 히나,Shirayuki Hina,UNIVERSE,진짜 오늘 해둥이 행복사 하는 날인가요? ㅋㅋㅋ,23,2026-09-01T14:34:07Z,26
UgywjAlNA9V1hbxVFK54AaABAg,ekINzN4PQmo,시라유키 히나,Shirayuki Hina,UNIVERSE,난 분명 이 목소리로 입덕했어,2,2026-09-06T22:57:10Z,16
Ugwq6SPJcqExjrB42tB4AaABAg,ekINzN4PQmo,시라유키 히나,Shirayuki Hina,UNIVERSE,"히나님 목소리가 너무 좋으시네요 너무 청초하세요
어떻게 이런 목소리가 나오는지 의문이 들기도 하고 신기하기도 하고 기분도 좋고 그렇더라고요
이번 커버곡도 엄청 나더라고요
신의상도 직접 만드셨다니 대단해요 정말 재주가 많으신거 같아요
신의상도 예쁘고 그것보다 목소리가 더 독보여서 버스에서 노래 듣다가 고개 까딱이면서 리듬 타고 있었는데 친구가 어디 아프냐고 물어보긴 했지만;;
일단 히나님 화이팅!!!
14년생 파스텔 올림
^ㅡ^",10,2026-09-02T10:05:35Z,240
Ugxl0w6LEivDJF0YzZN4AaABAg,ekINzN4PQmo,시라유키 히나,Shirayuki Hina,UNIVERSE,히나야 진짜 앞으로 너만볼게,9,2026-09-01T12:55:17Z,15
Ugz6JgEPtbz3JBu78rN4AaABAg,ekINzN4PQmo,시라유키 히나,Shirayuki Hina,UNIVERSE,"말로는 뭐든 안해줄것처럼 단호하게 구는데

정작 행동은 시청자들이 해달라는거 다 해주는 히나 ㅋㅋ",4,2026-09-01T17:00:17Z,54
UgxWhlA9mCOckQkDFFh4AaABAg,ekINzN4PQmo,시라유키 히나,Shirayuki Hina,UNIVERSE,"26.07.20 군입대 이후 힘들고, 우울하고, 자존감이 낮았는데 히나님 커버곡 노래 들으면서 힘내보겠습니다.😢❤
아직 군생활이 낮설고, 두렵고, 무섭지만.. 전역하는 그날까지 몸 건강히 오겠습니다.😌❤",4,2026-09-05T11:19:20Z,113
Ugz63bPZekP9cgtwZ5x4AaABAg,ekINzN4PQmo,시라유키 히나,Shirayuki Hina,UNIVERSE,어떻게 이게 가볍게 준비한 커버곡이란 말인가!! 목소리 줜~~~~나 좋네,24,2026-09-01T16:28:15Z,40
UgwTLtDXbNr_Yrvjqet4AaABAg,ekINzN4PQmo,시라유키 히나,Shirayuki Hina,UNIVERSE,"히나님, 용기를 내주셔서 감사합니다. 😄",2,2026-09-01T12:56:26Z,22
UgzWwQB6f61VUCXHx3F4AaABAg,ekINzN4PQmo,시라유키 히나,Shirayuki Hina,UNIVERSE,해둥이라서 너무 행복합니다...,3,2026-09-01T13:09:17Z,17
UgzwNWo64YOtX6Q7ihx4AaABAg,ekINzN4PQmo,시라유키 히나,Shirayuki Hina,UNIVERSE,진짜 청량하네...이것이 청초인가.....?,9,2026-09-01T14:31:32Z,24
UgwnYBWOVDTqki6Pt1d4AaABAg,ekINzN4PQmo,시라유키 히나,Shirayuki Hina,UNIVERSE,"청~~초
역시 아틀란티스 소녀야 진짜 여름 느낌 제대로 나는 것 같아서 좋다
항상 좋은 노래 고마워",5,2026-09-01T12:58:56Z,55
UgxxJ12bcjfqLiakGDp4AaABAg,ekINzN4PQmo,시라유키 히나,Shirayuki Hina,UNIVERSE,이게 아틀란티스지,6,2026-09-01T15:17:32Z,9
UgyNVjsHU2xPPRkm83t4AaABAg,ekINzN4PQmo,시라유키 히나,Shirayuki Hina,UNIVERSE,시라유키양 여름이라고 돌아오셨군요,10,2026-09-01T16:23:31Z,18
UgyCv8qd963GLxTojvF4AaABAg,ekINzN4PQmo,시라유키 히나,Shirayuki Hina,UNIVERSE,폭죽을 터트려라! 스텔라이브 청초 시라유키 히나님이 돌아오셨다!,9,2026-09-01T14:38:36Z,35
UgyYq0DYGiCptdZ5aJp4AaABAg,ekINzN4PQmo,시라유키 히나,Shirayuki Hina,UNIVERSE,かわいい……逆に日本語訳ほしいｗ,5,2026-09-02T11:35:38Z,16
UgyooMCc7vpvuRmxFQp4AaABAg,ekINzN4PQmo,시라유키 히나,Shirayuki Hina,UNIVERSE,"청순은 언제나 승리한다 ,,, ♥ 
진짜 두근거렸어요 너모예뻐 ㅠ ㅠ 🥹💕👍🏻",9,2026-09-01T12:52:00Z,43
UgwDRlAE772B4jX5Pwd4AaABAg,ekINzN4PQmo,시라유키 히나,Shirayuki Hina,UNIVERSE,"아 노래 너무 좋다. 바로 옆에서 불러주는 것 같아
시원청량한 진성이랑 마지막 허밍 부분 전부 즐겁다",2,2026-09-01T15:30:00Z,56
Ugymj4OGuxxWCYF0HPl4AaABAg,ekINzN4PQmo,시라유키 히나,Shirayuki Hina,UNIVERSE,이거지 이거지 진짜 기대한 만큼 그정도로 그 결과가 나왔구만,5,2026-09-01T12:52:27Z,33
Ugxt_YCNbodBiF5pk5Z4AaABAg,ekINzN4PQmo,시라유키 히나,Shirayuki Hina,UNIVERSE,와 너무 폭력적이다 ㄷㄷ 역시 히나 건강만 하라고 했더니 ㄹㅇ로 건강하네,5,2026-09-01T13:19:39Z,40
UgzN7NVoOwd7GsEhvXt4AaABAg,ekINzN4PQmo,시라유키 히나,Shirayuki Hina,UNIVERSE,진짜 히나 데뷔 초창기이 불러줬던 노래인데 너무 히나랑 찰떡이라서 자주 들었는데 이게 공식 커버곡으로!! 너무 좋다 히나야 수영복도 너무 예뻐 프릴도 좋아,4,2026-09-01T13:14:23Z,86
Ugz0iXwUjJUqdan7XHd4AaABAg,ekINzN4PQmo,시라유키 히나,Shirayuki Hina,UNIVERSE,"해둥이 최고의 하루였어❤🎉
수히나 잘 준비해줘서 고마워",2,2026-09-01T16:52:36Z,30
UgzslBi0VUd17xXB5cF4AaABAg,ekINzN4PQmo,시라유키 히나,Shirayuki Hina,UNIVERSE,"신의상도 너무 이쁘고 노래도 너무 잘어울리고 편곡도 너무좋네요!!!
긴장많이 했다고 하셨는데 너무 잘했어요 히나님!",8,2026-09-01T12:55:23Z,64
UgwInrs_YQx-wuT4rel4AaABAg,ekINzN4PQmo,시라유키 히나,Shirayuki Hina,UNIVERSE,"신의상이랑 나온건 알았고, 어울리는 커버곡이 하루 늦게지만 알고리즘에 떴길래 잠시 들렀는데, (제가 원래 오시도 커버곡은 크게 관심 없어서 제 스타일 곡 아니면 반 쯤 듣다가 뒤로 휙휙 넘기며 보거든요?) 이번 히나님 커버곡 진짜 잘 어울리는 거 같아요. 제가 진성으로 부르는 보컬이 취향이라 그런걸지도 모르겠지만 뭔가 이번 노래가 발성법이나 음역대가 히나님 음색이랑 찰떡인 것 같습니다.",2,2026-09-02T13:37:47Z,217
UgysTmdtNx9aTiBG_gV4AaABAg,ekINzN4PQmo,시라유키 히나,Shirayuki Hina,UNIVERSE,2:43 다시찾게 될거에요 할때 목소리 너무 좋다 ㅠㅠ,3,2026-09-02T08:33:16Z,30
UgyKlVsms6mD7SNyqah4AaABAg,ekINzN4PQmo,시라유키 히나,Shirayuki Hina,UNIVERSE,아틸란티스 소녀라닛!!!엄청 좋아하는 노래이고 맑은 목소리를 가지신 히나님한테 너무나도 잘 어울리는 노래네요!!일러스트가 되게 모아나??그런 느낌이라서 너무 이뻐여!!,19,2026-09-01T12:48:11Z,93
UgxnAlK69ggPN-w7VU94AaABAg,MWdD0D5lGXM,시라유키 히나,Shirayuki Hina,UNIVERSE,이거 그냥 타비 고로시영상 아니냐 ㅋㅋㅋㅋ,1636,2026-09-09T05:05:22Z,23
UgxfaBzAZ1sC_BgYy1V4AaABAg,MWdD0D5lGXM,시라유키 히나,Shirayuki Hina,UNIVERSE,타비 히나꺼 입을때 왜 흐르는데 ㅋㅋㅋㅋㅋㅋㅋㅋㅋㅋ,804,2026-09-09T05:03:14Z,28
UgwMBd3rhRO1cH3KLTJ4AaABAg,MWdD0D5lGXM,시라유키 히나,Shirayuki Hina,UNIVERSE,정타비 돌리는거 개웃기네 ㅋㅋㅋ,381,2026-09-09T05:04:33Z,17
UgzyQJeQhLvOoqf0Gzp4AaABAg,MWdD0D5lGXM,시라유키 히나,Shirayuki Hina,UNIVERSE,"1) 시로 옷 컬러 조합이 히나, 리제와도 잘 맞는것 같다.
2) 유독 한명만 계속 고통받는 것 같다.",193,2026-09-09T05:35:05Z,57
Ugyfl_hJ3Axcqu1ea314AaABAg,MWdD0D5lGXM,시라유키 히나,Shirayuki Hina,UNIVERSE,그냥 타비 고로시잖아 ㅋㅋㅋㅋㅋㅋ,141,2026-09-09T05:10:36Z,18
UgzC7dCASyUflSCtCj54AaABAg,MWdD0D5lGXM,시라유키 히나,Shirayuki Hina,UNIVERSE,ㅋㅋㅋㅋㅋㅋㅋ 따비 고로시 아니냐 ㅋㅋㅋㅋ,62,2026-09-09T05:07:24Z,23
Ugyoi67M712oYUMe0_V4AaABAg,MWdD0D5lGXM,시라유키 히나,Shirayuki Hina,UNIVERSE,걍 타비 괴롭히는 거자나 ㅋㅋㅋ,31,2026-09-09T05:41:10Z,17
UgyDV2gXbEAPG_eqU1J4AaABAg,MWdD0D5lGXM,시라유키 히나,Shirayuki Hina,UNIVERSE,타비 흘러내리는거 너무 한거 아니냐고 ㅋㅋㅋㅋ,17,2026-09-09T05:10:05Z,25
UgyjAegmd35Z6C11f7R4AaABAg,MWdD0D5lGXM,시라유키 히나,Shirayuki Hina,UNIVERSE,"다들 너무 예쁘다 근데 왜 타비 거 뺏어 입을 때 옷 사이즈가 늘어나는 거지!? 원래 사이즈로 입으면...아닙니다
그나저나 타비 표정 변화가 젤 웃겨 ㅋㅋㅋ",15,2026-09-09T05:04:21Z,87
UgwtNaHCTZBTJFpqr3d4AaABAg,MWdD0D5lGXM,시라유키 히나,Shirayuki Hina,UNIVERSE,"매번 이 챌린지 볼 때마다 누구 한명이 고마워지는데 이번 영상은 누구 하나 고맙다기보단 다 고마운 것 같음
그저 타비만...",2,2026-09-09T12:57:18Z,69
UgzYYcK1RJl-f0scz854AaABAg,MWdD0D5lGXM,시라유키 히나,Shirayuki Hina,UNIVERSE,타비타비야 ㅋㅋㅋㅋㅋㅋㅋㅋ,12,2026-09-09T05:13:58Z,14
UgwKopPQgppaRYoSCsN4AaABAg,MWdD0D5lGXM,시라유키 히나,Shirayuki Hina,UNIVERSE,리제 시로 바꿔입은거 생각보다 잘 어울리네요. 색조합이 비슷해서 그런가,3,2026-09-09T05:16:11Z,39
UgxOHGemkwPEIh4njUR4AaABAg,MWdD0D5lGXM,시라유키 히나,Shirayuki Hina,UNIVERSE,제가 바라던 쇼츠가 여깄네요,6,2026-09-09T05:13:45Z,15
UgzuFWS9lNew8UC53fx4AaABAg,MWdD0D5lGXM,시라유키 히나,Shirayuki Hina,UNIVERSE,천국이다ㅏㅏㅏㅏㅏ,6,2026-09-09T05:02:29Z,9
UgxUqwCLRyRiO9geDKl4AaABAg,MWdD0D5lGXM,시라유키 히나,Shirayuki Hina,UNIVERSE,히나가 흑발이라그런가 다 잘어울린당ㅎㅎ,5,2026-09-09T05:04:28Z,21
UgwAvFxkVJR6JEfk4094AaABAg,MWdD0D5lGXM,시라유키 히나,Shirayuki Hina,UNIVERSE,와 이 감다살 쇼츠는 진짜 뭐에요????,7,2026-09-09T05:04:41Z,22
UgzwGGbixMO6g_TRhhN4AaABAg,MWdD0D5lGXM,시라유키 히나,Shirayuki Hina,UNIVERSE,히나 리제 체인지가 색조합도 좋고 제일 귀여운거 같아여,2,2026-09-09T06:17:42Z,30
UgxREd7WEwK6MbNa5iZ4AaABAg,MWdD0D5lGXM,시라유키 히나,Shirayuki Hina,UNIVERSE,이건 걍 타비 놀리려고 만든거잖아 ㅋㅋㅋㅋㅋㅋㅋㅋㅋㅋㅋㅋ,1,2026-09-09T10:08:37Z,31
UgwfoAwYkPojW5LDuzF4AaABAg,MWdD0D5lGXM,시라유키 히나,Shirayuki Hina,UNIVERSE,"바꿔 입으니까 또 색다르고 예쁜데
히나가 타비꺼 입었을 때만 엄청 꽉 끼는 효과가 있네 ㅋㅋ",1,2026-09-09T05:31:37Z,51
UgwRUPARX9LF3FyPtJh4AaABAg,MWdD0D5lGXM,시라유키 히나,Shirayuki Hina,UNIVERSE,와중에 타비만 고로시당하는중ㅋㅋㅋㅋㅋㅋㅋㅋㅋㅋㅋ히나껀 아예 흘러ㅋㅋㅋㅋㅋㅋㅋㅋㅋㅋㅋㅋㅋㅋㅋㅋㅋ,1,2026-09-09T05:45:00Z,52
Ugw3_jIP_N0D2okAMzN4AaABAg,MWdD0D5lGXM,시라유키 히나,Shirayuki Hina,UNIVERSE,나 그냥 너무 행복해요 아 이게 천국이지,2,2026-09-09T07:07:48Z,22
UgxxnGjd_gsKEVpQ0kp4AaABAg,MWdD0D5lGXM,시라유키 히나,Shirayuki Hina,UNIVERSE,한 명 빼고 모두가 즐거운 영상,2,2026-09-09T05:31:48Z,17
UgzgmR5cQ2y5Sh3Dyq54AaABAg,MWdD0D5lGXM,시라유키 히나,Shirayuki Hina,UNIVERSE,옷바꿔입는거 마다 시로 리제가 특히 잘어울리네 어색함이 없음,1,2026-09-09T06:14:00Z,33
UgynnPIRg1LdoMZgMQ54AaABAg,MWdD0D5lGXM,시라유키 히나,Shirayuki Hina,UNIVERSE,타비 표정이 ㅋㅋㅋㅋㅋ개웃김 ㅋㅋㅋㅋㅋㅋ,1,2026-09-09T05:26:28Z,22
UgyIvoU2CMy6VtREcGx4AaABAg,MWdD0D5lGXM,시라유키 히나,Shirayuki Hina,UNIVERSE,한명만 상처받는 영상이잖아 ㅋㅋㅋㅋㅋ,1,2026-09-09T11:22:39Z,20
UgzWdEL1T6Ls3nKJiPF4AaABAg,MWdD0D5lGXM,시라유키 히나,Shirayuki Hina,UNIVERSE,타 B와 H나 컵 바꾸기 어흑!😊,5,2026-09-09T06:10:05Z,18
Ugxqu6IhssJjktsROtJ4AaABAg,MWdD0D5lGXM,시라유키 히나,Shirayuki Hina,UNIVERSE,폭력적이군뇨,2,2026-09-09T10:20:59Z,6
UgwkWDbahrllmyeFuLF4AaABAg,MWdD0D5lGXM,시라유키 히나,Shirayuki Hina,UNIVERSE,색감이랑 표정 너무 귀엽다!,2,2026-09-09T05:04:42Z,15
UgxDU_R8Eg81ffEczDp4AaABAg,MWdD0D5lGXM,시라유키 히나,Shirayuki Hina,UNIVERSE,타비 리제 수영복 입으니까 선이 없네 ㅋㅋㅋㅋㅋㅋㅋ,1,2026-09-09T09:17:00Z,28
UgxtDs8QrsaFvvHBO1t4AaABAg,MWdD0D5lGXM,시라유키 히나,Shirayuki Hina,UNIVERSE,캬 이거지.. 감사합니다,2,2026-09-09T05:05:40Z,13
UgzgQqvPuxyXT-W3W8N4AaABAg,MWdD0D5lGXM,시라유키 히나,Shirayuki Hina,UNIVERSE,아유~ 그냥 다 좋네유 껄껄껄껄껄껄껄껄껄,2,2026-09-09T05:16:54Z,22
UgwEgCOVBSDwmLsfa-V4AaABAg,MWdD0D5lGXM,시라유키 히나,Shirayuki Hina,UNIVERSE,토끼 히나 개귀엽다 진짜,2,2026-09-09T05:13:30Z,13
UgyiTjza-z-gh9B4hT94AaABAg,MWdD0D5lGXM,시라유키 히나,Shirayuki Hina,UNIVERSE,이상하게 누군가가 자꾸 고통받는 느낌이 ㅋㅋㅋ,0,2026-09-09T08:39:51Z,25
UgzldeI8pOhuI14Jw2t4AaABAg,MWdD0D5lGXM,시라유키 히나,Shirayuki Hina,UNIVERSE,다들 잘 어울리는데 타비가 웃기다 ㅋㅋ,1,2026-09-09T12:03:13Z,21
UgwpxA_7CqZ3fVI2WIt4AaABAg,MWdD0D5lGXM,시라유키 히나,Shirayuki Hina,UNIVERSE,정타비 고로시 영상 ㅋㅋㅋ,2,2026-09-09T05:06:46Z,14
UgwiQ-Y94hZKgdYLmtp4AaABAg,MWdD0D5lGXM,시라유키 히나,Shirayuki Hina,UNIVERSE,뿌대이 개같이 기대하고 들어왔다,2,2026-09-09T06:38:56Z,17
UgyPuFLS6jBW58DgJQF4AaABAg,MWdD0D5lGXM,시라유키 히나,Shirayuki Hina,UNIVERSE,고래 가슴에 새우      터지는 슬픈 영상..ㅠㅠ,6,2026-09-09T06:49:37Z,28
UgzyxvZdg0vIp_8l_ol4AaABAg,MWdD0D5lGXM,시라유키 히나,Shirayuki Hina,UNIVERSE,바꿔 입기가 아니라 그냥 타비 고로시하기 잖아ㅋㅋ,1,2026-09-09T08:26:10Z,27
Ugw4qjR8s3q5VMdJbN54AaABAg,MWdD0D5lGXM,시라유키 히나,Shirayuki Hina,UNIVERSE,이거지ㅣㅣㅣ 믿고 있었다고,2,2026-09-09T05:02:09Z,14
UgzizZmTU5h3N2h45FN4AaABAg,MWdD0D5lGXM,시라유키 히나,Shirayuki Hina,UNIVERSE,"어흐 히나, 어흐 시로, 어흐 리제, 쭈굴 타비 ㅋㅋㅋㅋㅋㅋ",1,2026-09-09T05:49:10Z,33
Ugy3PwGRFhXB4KippHt4AaABAg,VL53rQCld60,시라유키 히나,Shirayuki Hina,UNIVERSE,귀엽네 ㅋㅋ 첫 장면의 중량감이 남달라,618,2026-08-16T05:18:36Z,21
Ugybua-dsPnRhVvzzbF4AaABAg,VL53rQCld60,시라유키 히나,Shirayuki Hina,UNIVERSE,처음에 흔들리는 편안함 ㄷㄷ,308,2026-08-16T05:18:50Z,15
UgxD3RBbluE1Md7gge14AaABAg,VL53rQCld60,시라유키 히나,Shirayuki Hina,UNIVERSE,꿍싯꿍싯 거리는 히나 못참겠다,44,2026-08-16T05:15:40Z,16
Ugw4Ftxqq5OTrik2GfV4AaABAg,VL53rQCld60,시라유키 히나,Shirayuki Hina,UNIVERSE,히~~~~나 해~~~~둥 둘다 기엽네 특히 마지막에 브이하는게 제일 귀엽다,18,2026-08-16T05:19:23Z,41
UgwI5tUX0vR6odR1TsF4AaABAg,VL53rQCld60,시라유키 히나,Shirayuki Hina,UNIVERSE,"부류는 단 둘이다
흔들리다
귀엽다,이쁘다",13,2026-08-16T13:11:55Z,22
UgwAloqr1DHa--Uo0Sp4AaABAg,VL53rQCld60,시라유키 히나,Shirayuki Hina,UNIVERSE,활발하고 장난기 넘치는 표정이 넘 귀엽다 딱 히나 같아 ㅋㅋㅋ,19,2026-08-16T05:48:05Z,34
UgxX47czdBbdQOq_Dzx4AaABAg,VL53rQCld60,시라유키 히나,Shirayuki Hina,UNIVERSE,요즘 저 눈썹 찡그리면서 웃는거 너무 귀엽더라,4,2026-08-16T15:37:39Z,25
Ugx41j1YMgkmDxVaF7t4AaABAg,VL53rQCld60,시라유키 히나,Shirayuki Hina,UNIVERSE,처음에 뉴턴의 만유인력을 매우 잘 표현하셨군요,10,2026-08-16T05:12:07Z,25
UgwhxF6Nq0O6dwnT-kl4AaABAg,VL53rQCld60,시라유키 히나,Shirayuki Hina,UNIVERSE,"핵 버튼 발사~~!
와... ㅈㄴ 묵직하다!",21,2026-08-16T06:40:10Z,24
Ugz2pUAuLOsayR4Yxrt4AaABAg,VL53rQCld60,시라유키 히나,Shirayuki Hina,UNIVERSE,"아 진짜 배경화면으로 해두고 싶다
계속 보게 되네...😖❤️",7,2026-08-16T05:08:35Z,33
UgwOqx_3zAtCiCoMZxl4AaABAg,VL53rQCld60,시라유키 히나,Shirayuki Hina,UNIVERSE,아 뭐야 너무 귀여워 ㅋㅋㅋㅋㅋ,14,2026-08-16T05:38:09Z,17
UgzJHVMzZpDm6Bp5w1N4AaABAg,VL53rQCld60,시라유키 히나,Shirayuki Hina,UNIVERSE,히나 개귀엽네,19,2026-08-16T05:12:56Z,7
UgxGNsQ2pnJWGel3NnF4AaABAg,VL53rQCld60,시라유키 히나,Shirayuki Hina,UNIVERSE,히~~~나 (개처귀여운 톤으로),6,2026-08-16T05:05:49Z,17
UgwHXT36X0yfv1TjW3N4AaABAg,VL53rQCld60,시라유키 히나,Shirayuki Hina,UNIVERSE,그림체 개 귀엽네 진짜 ㅋㅋㅋ,5,2026-08-16T05:05:58Z,16
UgxuaTOj1Jx7QgxoPlJ4AaABAg,VL53rQCld60,시라유키 히나,Shirayuki Hina,UNIVERSE,3년전과 맞먹는 쇼츠로군요 잘먹겠습니다,7,2026-08-16T05:05:49Z,21
UgyRDggetlntp6dvNlt4AaABAg,VL53rQCld60,시라유키 히나,Shirayuki Hina,UNIVERSE,춤출때가 ㅈㄴ 귀엽긴 하네 ㅋㅋㅋㅋㅋ 꿍실~ 꿍실~,3,2026-08-16T06:38:05Z,28
UgzC3bpwZu_hl3Y83WZ4AaABAg,VL53rQCld60,시라유키 히나,Shirayuki Hina,UNIVERSE,봐도봐도 진짜 팬캐릭터랑 참 찰떡임,2,2026-08-16T05:22:36Z,19
Ugy4G8mz10lugT8zO_F4AaABAg,VL53rQCld60,시라유키 히나,Shirayuki Hina,UNIVERSE,"히~~~~~나!
해~~~~~둥!",6,2026-08-16T05:12:37Z,17
Ugwg_cvO-Xi8iFdzR5p4AaABAg,VL53rQCld60,시라유키 히나,Shirayuki Hina,UNIVERSE,진짜 댕커엽넼ㅋㅋㅋㅋ,8,2026-08-16T05:14:12Z,11
UgzKneMdANLhKeHgjBd4AaABAg,VL53rQCld60,시라유키 히나,Shirayuki Hina,UNIVERSE,"히~~~~나와 해~~~~둥
이 그림체 너무 좋다...",120,2026-08-16T05:04:38Z,29
UgzhUzv1wCWlZMVqwDZ4AaABAg,VL53rQCld60,시라유키 히나,Shirayuki Hina,UNIVERSE,"아 너무 잘 어울리는 그림체고
귀여워",2,2026-08-16T05:17:25Z,20
UgziH36VLSDvaDe5-XN4AaABAg,VL53rQCld60,시라유키 히나,Shirayuki Hina,UNIVERSE,可愛すぎるでしょ！！絵柄が最高！,2,2026-08-16T22:34:42Z,16
UgxUQNyimvuXLyiztiZ4AaABAg,VL53rQCld60,시라유키 히나,Shirayuki Hina,UNIVERSE,말 안하면 청초히나인데..어째서..,3,2026-08-16T15:34:42Z,19
Ugwme42s6eU4vH7zQY14AaABAg,VL53rQCld60,시라유키 히나,Shirayuki Hina,UNIVERSE,중간데 진짜 개커여워지고 ㅋㅋㅋㅋㅋㅋ,2,2026-08-16T11:22:52Z,20
Ugz_X9lCmOPSJX4D-tF4AaABAg,VL53rQCld60,시라유키 히나,Shirayuki Hina,UNIVERSE,"아앍 .. 너므 커여워 ,, ㅜㅠ",3,2026-08-16T05:05:26Z,18
UgyJKOzv89NYdQ2u7m14AaABAg,VL53rQCld60,시라유키 히나,Shirayuki Hina,UNIVERSE,"히나는 언제나 귀엽네😍
이런영상 너무좋아요",2,2026-08-16T06:55:46Z,23
UgzmOthgixVPkE1GDUN4AaABAg,VL53rQCld60,시라유키 히나,Shirayuki Hina,UNIVERSE,"흔~~~~들
꿍~~~~싯
해~~~~둥",3,2026-08-16T07:44:05Z,20
UgxhjPeUTS5RW0bTPw14AaABAg,VL53rQCld60,시라유키 히나,Shirayuki Hina,UNIVERSE,"개 귀엽네ㅋㅋㅋㅋㅋㅋㅋ
해~~~~~~둥",2,2026-08-16T05:00:45Z,21
Ugwxpr4dem-UrNF7eNJ4AaABAg,VL53rQCld60,시라유키 히나,Shirayuki Hina,UNIVERSE,쇼츠 위아래 무한 반복중,3,2026-08-16T07:07:57Z,13
Ugwoo-NohnDOgq0l5wB4AaABAg,VL53rQCld60,시라유키 히나,Shirayuki Hina,UNIVERSE,히~~~~나 너무귀엽네,3,2026-08-16T05:32:32Z,12
Ugyqyc1KoKsti60ZvC94AaABAg,VL53rQCld60,시라유키 히나,Shirayuki Hina,UNIVERSE,와 보소....,5,2026-08-16T05:11:58Z,8
UgyBCnv4cW-hHieFeyV4AaABAg,VL53rQCld60,시라유키 히나,Shirayuki Hina,UNIVERSE,아이 귀여워!!!❤❤❤❤,2,2026-08-16T09:00:35Z,13
UgxENszIqJYQZcDaAAJ4AaABAg,VL53rQCld60,시라유키 히나,Shirayuki Hina,UNIVERSE,와 처음에 진짜 폭력적이다..,2,2026-08-16T12:23:44Z,16
UgyomitCoZJ2DeM6Y5Z4AaABAg,VL53rQCld60,시라유키 히나,Shirayuki Hina,UNIVERSE,아 귀여워ㅋㅋ,2,2026-08-16T05:53:59Z,7
UgzgLgtiOa-mByX2NdR4AaABAg,VL53rQCld60,시라유키 히나,Shirayuki Hina,UNIVERSE,히나랑 해둥이 진짜 ㄱ작은거 쥰내 귀엽다 이래서 해둥이 하지 ㅋㅋㅋ,14,2026-08-16T05:09:06Z,37
UgydpdjEgsGI6Ejxs1B4AaABAg,VL53rQCld60,시라유키 히나,Shirayuki Hina,UNIVERSE,진짜 개쳐귀엽네 너무 잘만들었다 ㅋㅋㅋ,1,2026-08-25T04:36:36Z,21
Ugx8efAEMs6K3X8vB4F4AaABAg,VL53rQCld60,시라유키 히나,Shirayuki Hina,UNIVERSE,개귀엽다❤,2,2026-08-16T05:57:35Z,5
UgzhDJlh1hiiKRLArfx4AaABAg,VL53rQCld60,시라유키 히나,Shirayuki Hina,UNIVERSE,그림체 왜케 귀엽지 ㅋㅋ,2,2026-08-16T09:12:45Z,13
Ugw79Rgy77qLCQgdntJ4AaABAg,VL53rQCld60,시라유키 히나,Shirayuki Hina,UNIVERSE,이 짧은 쇼츠서 심장을 멈추게 하는 부분이 왜케 많아,1,2026-08-16T05:13:41Z,29
UgyTmejoQWgFEiHHGFp4AaABAg,VL53rQCld60,시라유키 히나,Shirayuki Hina,UNIVERSE,히~~~~~~~~~~나 해~~~~~~~~~~둥 둘다 넘 귀엽당!,1,2026-08-16T05:07:20Z,35
Ugxh60jdjsARTEUFt0B4AaABAg,2qEGFmXROQ4,네네코 마시로,Neneko Mashiro,UNIVERSE,2:40 부키 최ㅣㅣㅣㅣ고~캥 뭐야 ㅋㅋㅋㅋ,73,2026-08-30T06:18:23Z,24
UgyhGgmBPolpEJCfs6B4AaABAg,2qEGFmXROQ4,네네코 마시로,Neneko Mashiro,UNIVERSE,1:17 밍쳐귀엽네 ㅋㅋㅋ,87,2026-08-29T11:07:11Z,14
UgzMdk2tgB8tsViNrmR4AaABAg,2qEGFmXROQ4,네네코 마시로,Neneko Mashiro,UNIVERSE,"네 기꺼이

똔묵쨔",1082,2026-08-26T09:38:33Z,10
UgwNxY3bPnj0krebJNN4AaABAg,2qEGFmXROQ4,네네코 마시로,Neneko Mashiro,UNIVERSE,1:53 와 여기 ㄷㄷ,27,2026-08-29T13:29:51Z,12
UgyqT5KhWSmlwXoY1ZZ4AaABAg,2qEGFmXROQ4,네네코 마시로,Neneko Mashiro,UNIVERSE,0:48 댄스파트 애니도 곡도 진짜 기깔나게 뽑아놨네ㅋㅋㅋㅋㅋ 운전할 때 들으면 졸음 싹날아가겠다ㅋㅋ,64,2026-08-29T11:40:44Z,56
Ugxo36yWVLzrggP5Pht4AaABAg,2qEGFmXROQ4,네네코 마시로,Neneko Mashiro,UNIVERSE,0:35 아니 찌로 개잘어울리네 ㅋㅋㅋㅋㅋㅋㅋ 완전 밍처귀엽네 붘밍 조합 지린다,96,2026-08-29T10:14:39Z,44
UgzXGUPPQRsIRt-q0n14AaABAg,2qEGFmXROQ4,네네코 마시로,Neneko Mashiro,UNIVERSE,2:40 자막에 뭐야ㅋㅋㅋㅋㅋㅋㅋㅋㅋㅋㅋㅋ 캥~,11,2026-08-30T04:06:26Z,26
UgzprM_P-yTYAnME2sR4AaABAg,2qEGFmXROQ4,네네코 마시로,Neneko Mashiro,UNIVERSE,1:18 부키 왘!!! 졸라 웃기네ㅋㅋㅋㅋㅋㅋ,5,2026-09-01T08:35:26Z,25
UgzOe4FQ3Qry6dPAUp94AaABAg,2qEGFmXROQ4,네네코 마시로,Neneko Mashiro,UNIVERSE,뮤비 원작 감성도 엄청 잘 살렸는데 무엇보다 시로랑 부키가 넘 귀엽게 잘 불렀다ㅋㅋㅋㅋㅋ,752,2026-08-29T10:05:16Z,49
Ugyp9AB07G3fcxHHk3l4AaABAg,2qEGFmXROQ4,네네코 마시로,Neneko Mashiro,UNIVERSE,부키 내려놨다고 했는데 이건 빙의를했는데? 밍사장이랑 너무 잘 어울린다,399,2026-08-29T10:05:38Z,39
UgxHQCmBdzj33-ZAKNR4AaABAg,2qEGFmXROQ4,네네코 마시로,Neneko Mashiro,UNIVERSE,1:24 에이~~ 왘!!,7,2026-08-29T18:37:36Z,13
UgzS4JoM8dniHJz6urh4AaABAg,2qEGFmXROQ4,네네코 마시로,Neneko Mashiro,UNIVERSE,이 두명은 음악을 줄기면서 하는게 느껴져서 개좋음 ㅇㅇ,25,2026-08-29T12:44:10Z,30
Ugzx5WIrpi7ziHoEK2N4AaABAg,2qEGFmXROQ4,네네코 마시로,Neneko Mashiro,UNIVERSE,"하.. 부모님이랑 대학가지고 얘기하다가 내 의견 묵살당해가지고 
그냥 뛰쳐나와서 스카에서 눈물 겨우 참으면서 노래 듣고있었는데 
이거 듣고 피식 웃었다..ㅋㅋ..  

항상 힘나게 해줘서 고마워 

더 힘내볼게!",4,2026-09-05T14:42:29Z,118
UgzyIb8lyg4t-QU9yf94AaABAg,2qEGFmXROQ4,네네코 마시로,Neneko Mashiro,UNIVERSE,"1:52 
ㅋㅋㅋㅋ 이부분 밍쳐귀엽네",5,2026-08-29T11:34:25Z,20
Ugxti83wUQFaThmb_7J4AaABAg,2qEGFmXROQ4,네네코 마시로,Neneko Mashiro,UNIVERSE,"네, 기꺼이 압도적 감사해드리죠",19,2026-08-29T10:17:56Z,17
Ugz34_tYIaqD3aS6wQh4AaABAg,2qEGFmXROQ4,네네코 마시로,Neneko Mashiro,UNIVERSE,2:38에 시로 똔~.하는거 귀엽네ㅋㅋㅋㅋ,4,2026-08-31T22:41:29Z,23
Ugz_2mOd9nvjJg16B9x4AaABAg,2qEGFmXROQ4,네네코 마시로,Neneko Mashiro,UNIVERSE,부끼 이번 노래 너무 좋고 밍사장은 엄청나구나 아주,22,2026-08-29T10:04:02Z,28
Ugy2XruhCtEwg5mrTJd4AaABAg,2qEGFmXROQ4,네네코 마시로,Neneko Mashiro,UNIVERSE,1:57 여기 유니 목소리 들리는 것 같은데 아닌가. . .,2,2026-09-23T16:09:05Z,33
Ugxt9iPMO6R6YiQzShp4AaABAg,2qEGFmXROQ4,네네코 마시로,Neneko Mashiro,UNIVERSE,엌ㅋㅋㅋ 첨듣는 노래인데 짱좋네요❤ 왜이리 사회에 찌든표정이야😂,15,2026-08-29T14:58:07Z,35
UgyLkL_Xp3xGOJIbbJF4AaABAg,2qEGFmXROQ4,네네코 마시로,Neneko Mashiro,UNIVERSE,시로랑 부키가 이렇게 장난스러운 느낌으로 부르는 건 첨 듣는데 심지어 잘 불러서 웃음만 나오네ㅋㅋ,4,2026-08-30T03:47:47Z,54
UgykIsoxsLuMdkYKSZh4AaABAg,2qEGFmXROQ4,네네코 마시로,Neneko Mashiro,UNIVERSE,Amazing cover !,3,2026-08-30T09:02:30Z,15
UgwJF1T2XN7bQXjfbsV4AaABAg,2qEGFmXROQ4,네네코 마시로,Neneko Mashiro,UNIVERSE,빵 시로 어흐ㅡㅡㅡㅡ,20,2026-08-29T10:08:52Z,11
UgwLP7ecVr9Ze2GLzaB4AaABAg,2qEGFmXROQ4,네네코 마시로,Neneko Mashiro,UNIVERSE,2:40 '부키 최ㅣㅣㅣㅣ고~캥' 밍 쳐 귀엽네 ㅋㅋㅋ,2,2026-08-30T13:50:30Z,30
Ugw2NS1A0eZCDXl3qZl4AaABAg,2qEGFmXROQ4,네네코 마시로,Neneko Mashiro,UNIVERSE,"表情めっちゃ好き！
2人とも歌い方かっこいいね！",3,2026-08-30T09:43:20Z,24
UgycesWrRvNzIbf22op4AaABAg,2qEGFmXROQ4,네네코 마시로,Neneko Mashiro,UNIVERSE,둘다 왤케 쫀득해 밍사장 보증이 맞았네ㅋㅋㅋㅋ 캥사장은 괜히 걱정했고!!ㅋㅋㅋㅋㅋ,6,2026-08-29T10:05:55Z,45
UgzulBNu2Ej9GjBSvBp4AaABAg,2qEGFmXROQ4,네네코 마시로,Neneko Mashiro,UNIVERSE,あっちのシロちゃん、あっちのてんちゃん😂,4,2026-09-01T22:49:06Z,20
UgzMp-Oni3Wpnd-v0IF4AaABAg,2qEGFmXROQ4,네네코 마시로,Neneko Mashiro,UNIVERSE,제가 이런 귀한 노래를 들어도 괜찮은걸까요?,13,2026-08-29T10:05:58Z,24
UgyOv6VN1-osKQ03X1B4AaABAg,2qEGFmXROQ4,네네코 마시로,Neneko Mashiro,UNIVERSE,요즘 찌로 3기생들이랑 커버 많이 하네 ㅋㅋㅋ,147,2026-08-27T02:29:38Z,25
Ugw-_kFR_b9FkivmM6V4AaABAg,2qEGFmXROQ4,네네코 마시로,Neneko Mashiro,UNIVERSE,"개강일 부터 듣는중....
제 알고리즘에 나타나 주셔서 감사합니다...진짜 도움 됩니다..!👍👍👍👍👍",1,2026-09-02T22:36:34Z,56
UgwmyUsLrgMBUN6z-9R4AaABAg,2qEGFmXROQ4,네네코 마시로,Neneko Mashiro,UNIVERSE,신사적인 품격을.......어흐,702,2026-08-29T10:23:15Z,17
UgyR9jSw0QlqVLqVcYR4AaABAg,2qEGFmXROQ4,네네코 마시로,Neneko Mashiro,UNIVERSE,부키 목소리 되게 다양하게 썼네,2,2026-09-14T20:38:55Z,17
Ugxedx3H9fkytq89Fg14AaABAg,2qEGFmXROQ4,네네코 마시로,Neneko Mashiro,UNIVERSE,마지막에 부키 최고 캥 뭐노 ㅋㅋ,2,2026-09-12T05:57:53Z,18
Ugz0Ep9j_ds4M7I4Si54AaABAg,2qEGFmXROQ4,네네코 마시로,Neneko Mashiro,UNIVERSE,"중독성 있는 노래를 시로랑 부키가 느낌을 엄청 잘살려서 불러서 계속 들어도 안질림 ㅋㅎㅋㅎㅋ

앞으로도 노래 기대할게!!!",4,2026-08-29T13:52:19Z,68
UgyZO5pupeo-KEBWT9J4AaABAg,2qEGFmXROQ4,네네코 마시로,Neneko Mashiro,UNIVERSE,빵과 농의 아름다운 조화네요,6,2026-08-29T14:13:46Z,15
UgwCgGMn8JwPy6nSQkl4AaABAg,2qEGFmXROQ4,네네코 마시로,Neneko Mashiro,UNIVERSE,"진짜 제대로 내려놨구나 부키야 ㅋㅋㅋ
둘다 너무잘했네",3,2026-08-29T10:10:30Z,29
UgxubEVzUcqZ-lHN5aB4AaABAg,2qEGFmXROQ4,네네코 마시로,Neneko Mashiro,UNIVERSE,"???? ??: 시로야..
??? ??: 부키야..",12,2026-08-30T09:39:31Z,28
UgwCSY6lQW7CDQ26yNp4AaABAg,2qEGFmXROQ4,네네코 마시로,Neneko Mashiro,UNIVERSE,"진짜 이번곡은 느낌 개잘살렸네 ㅋㅋㅋㅋㅋㅋ
둘다 너무 잘어울린다",2,2026-08-31T18:17:45Z,35
Ugwt0N5o2QTc4qcGtuh4AaABAg,2qEGFmXROQ4,네네코 마시로,Neneko Mashiro,UNIVERSE,일주일 넘도록 일이 쌓여있을때의 냥이와 여우 상태,7,2026-08-29T10:15:23Z,27
UgwE107w6UNvKKx7fbl4AaABAg,2qEGFmXROQ4,네네코 마시로,Neneko Mashiro,UNIVERSE,1:50 시로 랩 뭐임? 아니 특유의 느낌으로 개잘하는데?,1,2026-09-08T10:31:43Z,32
UgxVRsZ3jNnAHJ02gZ14AaABAg,2qEGFmXROQ4,네네코 마시로,Neneko Mashiro,UNIVERSE,"가끔 이분들 커버곡 나올때 마다 ""뮌 방송인 노래 커버영상 퀼리티가 미첬네"" 라고 생각하지만 
3초뒤 떠오르는 하나에 기억 ""아... 이분들 노래가 본업이지?"" ㅋㅋㅋㅋ",2,2026-08-30T13:43:25Z,94
Ugxnzmxk_Fpo8qTYdNt4AaABAg,8Kek19lHTFk,네네코 마시로,Neneko Mashiro,UNIVERSE,진짜 다음번엔 그냥 입고 나오겠어 ㅋㅋㅋ,823,2026-09-04T03:54:43Z,22
UgwX7vu8CdSkMDRt1uB4AaABAg,8Kek19lHTFk,네네코 마시로,Neneko Mashiro,UNIVERSE,전체공개까지 노편집으로 쇼츠에 담기는 우다다냥이 ㅋㅋㅋㅋ 너무 속시원해써,429,2026-09-04T04:17:23Z,40
UgwpmkZZ0iT1r4ZWVb94AaABAg,8Kek19lHTFk,네네코 마시로,Neneko Mashiro,UNIVERSE,시로는 뜸들이는거 따윈 몰라 ㅋㅋㅋㅋㅋㅋ,806,2026-09-04T04:07:56Z,22
UgyhzD1O4IHaYFzpFPd4AaABAg,8Kek19lHTFk,네네코 마시로,Neneko Mashiro,UNIVERSE,저때 밍창난 채팅창까지가 웃겼음ㅋㅋㅋㅋㅋ,173,2026-09-04T04:52:59Z,22
UgyIUpyzNBrsCs85kfV4AaABAg,8Kek19lHTFk,네네코 마시로,Neneko Mashiro,UNIVERSE,강지 닮아서 신의상 막힘 없이 빠르게 하네 ㅋㅋㅋ,63,2026-09-04T15:08:54Z,27
UgzhkiTleWL-YogIGAR4AaABAg,8Kek19lHTFk,네네코 마시로,Neneko Mashiro,UNIVERSE,ㅋㅋㅋㅋㅋㅋㅋㅋ 진짜 일케 빠른거 첨 봤져 시로다워서 좋아 ㅋㅋㅋㅋ,190,2026-09-04T04:14:48Z,37
UgxVrGqwuqJeejxZeVp4AaABAg,8Kek19lHTFk,네네코 마시로,Neneko Mashiro,UNIVERSE,찌로의 신의상 공개시간은 점점 줄어들고 있다,120,2026-09-04T04:09:27Z,24
Ugz5VIajM6Zc9IRbcpR4AaABAg,8Kek19lHTFk,네네코 마시로,Neneko Mashiro,UNIVERSE,한 쇼츠 안에 담기는 신의상 공개ㅋㅋㅋ,81,2026-09-04T03:56:37Z,21
UgzWNn_X32dayg1GNz54AaABAg,8Kek19lHTFk,네네코 마시로,Neneko Mashiro,UNIVERSE,역시 내가 보는 방송인이야 시원한게 일품이여,88,2026-09-04T04:45:32Z,24
UgzsTDn7U0ciKykByaJ4AaABAg,8Kek19lHTFk,네네코 마시로,Neneko Mashiro,UNIVERSE,"도네소리 어마무시하네ㅋㅋㅋㅋㅋㅋㅋ
찌로 신의상 너무 예쁘다잉~
마지막 목소리 치인다",37,2026-09-04T03:57:20Z,46
UgzNJ4ehxMLZFUTbENZ4AaABAg,8Kek19lHTFk,네네코 마시로,Neneko Mashiro,UNIVERSE,이게 쇼츠에 다 담긴다고 ㅋㅋㅋㅋ 쇼츠각까지 나왔어 오히려좋아ㅋㅋㅋ 😂,59,2026-09-04T04:04:28Z,39
Ugy3Q-go1GDPO4sc3vt4AaABAg,8Kek19lHTFk,네네코 마시로,Neneko Mashiro,UNIVERSE,"그래...  앞에서 좀 길게 컨텐츠 하더라도
공개는 우다다다 하는게 좋아",25,2026-09-04T05:03:12Z,40
UgwSf64aA0zB_oskwBt4AaABAg,8Kek19lHTFk,네네코 마시로,Neneko Mashiro,UNIVERSE,"우다다 냥이 넘 귀여움 ㅋㅋㅋㅋㅋㅋㅋ
밍키니 진짜 너무 예쁘댜!! 큐티 떽띠 맛찌로 ♡",280,2026-09-04T03:58:17Z,48
UgwzL1RTALsjit4BfFh4AaABAg,8Kek19lHTFk,네네코 마시로,Neneko Mashiro,UNIVERSE,신의상 공개마저 우다다다해버리는게 시로답다 진짜 밍쳐귀엽네 ㅋㅋㅋ,18,2026-09-04T05:26:43Z,36
UgzLGenQd96Sd-o4M5d4AaABAg,8Kek19lHTFk,네네코 마시로,Neneko Mashiro,UNIVERSE,"진짜 우다다냥이 ㅋㅋㅋㅋㅋㅋ
시로 신의상 진짜 이뻐~🩶",30,2026-09-04T04:12:19Z,30
UgxvZEUsTxjGT1mEowh4AaABAg,8Kek19lHTFk,네네코 마시로,Neneko Mashiro,UNIVERSE,아니 신의상 너무 예쁜데 채팅창이랑 도네 왜 다 어흐밖에 없엌ㅋㅋㅋ,4,2026-09-05T17:23:44Z,37
UgwbBU9aIU5refnO9Ld4AaABAg,8Kek19lHTFk,네네코 마시로,Neneko Mashiro,UNIVERSE,진짜 깐시로 귀엽고 예쁘고 어흐어흐ㅡㅡㅡㅡㅡㅡㅡ,16,2026-09-04T04:32:10Z,26
Ugy78SAnyR8RUiazyUd4AaABAg,8Kek19lHTFk,네네코 마시로,Neneko Mashiro,UNIVERSE,진짜 저날 얼굴 발음 엉굴되는거랑 오늘!찌로!양갈래 했슘미다~하는게 너무 신나보이고 나이뻐?나이뻐??하는것같아서 복복복마려웠음 이제부터 귀여움의 기준은 시로다ㅠㅠㅠ,5,2026-09-04T13:30:20Z,91
UgyMGdxwS1Zr4krEtJ14AaABAg,8Kek19lHTFk,네네코 마시로,Neneko Mashiro,UNIVERSE,"시로가 신의상 예측 하나하나 다 봐주려고 노력하다가 
뭐? 다른 애들도 일부만 보고 남은건 후열로 봐준다고?? 하면서 바로 우다다 신의상 공개 하는게 진짜 시로다워서 좋았음 ㅋㅋ",11,2026-09-05T06:09:34Z,99
UgzwEjn_hYAGBN7wlqR4AaABAg,8Kek19lHTFk,네네코 마시로,Neneko Mashiro,UNIVERSE,다음 신의상은 아예 입고나오겠네 ㅋㅋㅋㅋㅋㅋ,9,2026-09-04T04:09:13Z,24
UgwCBvpPykcmXf6x0X94AaABAg,8Kek19lHTFk,네네코 마시로,Neneko Mashiro,UNIVERSE,"찌로는 우다다가 맞아 ㅋㅋㅋㅋ
신의상 예측 보다가 시간 늦어져서라지만
쇼츠에 다담기네 ㅋㅋㅋㅋㅋ",5,2026-09-04T07:22:01Z,53
Ugx7LF-uG_IeHdAsckh4AaABAg,8Kek19lHTFk,네네코 마시로,Neneko Mashiro,UNIVERSE,이게 쇼츠에 다 담기네ㅋㅋㅋㅋ,9,2026-09-04T03:54:58Z,16
Ugy7CNiSAicRn0xHzQp4AaABAg,8Kek19lHTFk,네네코 마시로,Neneko Mashiro,UNIVERSE,찌로는 참지 않아 ㅋㅋㅋㅋㅋ 진짜 찌로 이번에 넘 귀엽구 이뻐,2,2026-09-04T06:50:01Z,34
UgxgIZbjlBvf2aDw3mR4AaABAg,8Kek19lHTFk,네네코 마시로,Neneko Mashiro,UNIVERSE,신의상 공개가 쇼츠에 다 담겨써 ㅋㅋㅋ,8,2026-09-04T03:52:07Z,21
UgwW69U2E94U-12wjJp4AaABAg,8Kek19lHTFk,네네코 마시로,Neneko Mashiro,UNIVERSE,하나 하나 천천히 자세히 보여주는것도 좋지만 역시 이렇게 빠르게 보여주는게 시원해서 좋다 ㅋㅋ,0,2026-09-06T20:10:21Z,52
Ugwo3g6NiXdLd4wOfRt4AaABAg,8Kek19lHTFk,네네코 마시로,Neneko Mashiro,UNIVERSE,뜸들이지 않는 모습 보기 좋네요😊,1,2026-09-04T05:40:08Z,18
Ugxnq4EayTOlJ-aM6TZ4AaABAg,8Kek19lHTFk,네네코 마시로,Neneko Mashiro,UNIVERSE,난 이래서 니가 좋아,3,2026-09-04T06:18:09Z,11
Ugyv8I1tbOVrKk1kF8Z4AaABAg,8Kek19lHTFk,네네코 마시로,Neneko Mashiro,UNIVERSE,흔히 예상 하는게~신의상 공개하면 뜸들일거라 생각하는데 시로는 스피드런 한다는 사실,4,2026-09-04T04:24:41Z,46
UgxBA5cFxvguHieFXIh4AaABAg,8Kek19lHTFk,네네코 마시로,Neneko Mashiro,UNIVERSE,어흐ㅡㅡㅡㅡ 후원 음 높낮이 바뀌는게 ㅈㄴ 웃김 ㅋㅋㅋㅋㅋㅋㅋㅋㅋㅋㅋㅋㅋ,1,2026-09-05T01:09:52Z,40
UgzjOhTS4casWNi6T7V4AaABAg,8Kek19lHTFk,네네코 마시로,Neneko Mashiro,UNIVERSE,진짜 이번 신의상들 모두 이갈고 나온것 같아서 너무 좋음❤,1,2026-09-04T04:37:14Z,32
UgxW-tur1arbVMdI-gF4AaABAg,8Kek19lHTFk,네네코 마시로,Neneko Mashiro,UNIVERSE,진짜 우다다닥 고양이야 ㅋㅋㅋㅋ,0,2026-09-04T05:12:32Z,17
Ugwye6bCAUM0xIMvBIZ4AaABAg,8Kek19lHTFk,네네코 마시로,Neneko Mashiro,UNIVERSE,시로 사랑스럽네 ㅎ,3,2026-09-04T06:22:52Z,10
UgwxqfqI-DqQauZxTvl4AaABAg,8Kek19lHTFk,네네코 마시로,Neneko Mashiro,UNIVERSE,모든걸 공략하는 남자도 이건 불가능하다,1,2026-09-05T01:09:41Z,21
Ugw8oISZ28D4qQ7fy_14AaABAg,8Kek19lHTFk,네네코 마시로,Neneko Mashiro,UNIVERSE,자 세상의 모든 신의상을 공략하는 고양이,1,2026-09-04T05:51:26Z,22
Ugxfuh5btYW8Y4E7JQd4AaABAg,8Kek19lHTFk,네네코 마시로,Neneko Mashiro,UNIVERSE,속 시원하이 좋구만 ㅋㅋㅋㅋ,1,2026-09-04T15:53:56Z,15
Ugwru-5-DF888edI1hV4AaABAg,8Kek19lHTFk,네네코 마시로,Neneko Mashiro,UNIVERSE,"진~짜 냥이뻐
우리 누나 힐링되서 좋아",1,2026-09-04T04:07:48Z,21
Ugwwjnj7W232yLGv0mt4AaABAg,8Kek19lHTFk,네네코 마시로,Neneko Mashiro,UNIVERSE,ㅋㅋㅋㅋㅋㅋㅋㅋㅋㅋㅋㅋㅋㅋㅋㅋㅋ진짜우다다다다ㅏ,1,2026-09-04T05:24:50Z,25
Ugz61pI75BpXAILZsUp4AaABAg,8Kek19lHTFk,네네코 마시로,Neneko Mashiro,UNIVERSE,이 요망한 고양이 너무 귀엽쟈나~~~ ㅋㅋㅋㅋㅋㅋ,0,2026-09-04T07:50:07Z,27
Ugxz8cqcijjp8QIqeAl4AaABAg,8Kek19lHTFk,네네코 마시로,Neneko Mashiro,UNIVERSE,진짜 밍쳐 예쁘네,2,2026-09-04T08:11:58Z,9
UgzN1J1ZSDxIWoinjG94AaABAg,8Kek19lHTFk,네네코 마시로,Neneko Mashiro,UNIVERSE,제일 빠르긴했어ㅋㅋㅋ,1,2026-09-04T03:50:32Z,11
UgzMzZtVWS15lx2H9z14AaABAg,eeDdzUFGfcU,네네코 마시로,Neneko Mashiro,UNIVERSE,너무 귀엽다 ㅋㅋㅋㅋㅋ,598,2026-07-07T10:36:30Z,12
UgwfzoLJR1z_CTFbX6x4AaABAg,eeDdzUFGfcU,네네코 마시로,Neneko Mashiro,UNIVERSE,진짜 이렇게 세상에서 제일 귀여운 시로랑 같은 시대를 살아갈 수 있는게 영광이다🩶🩶,275,2026-07-07T10:37:41Z,46
Ugwq9w2AyvoFqijwNhJ4AaABAg,eeDdzUFGfcU,네네코 마시로,Neneko Mashiro,UNIVERSE,누가 이렇게 귀엽나 했는데 시로였네 진짜 개쳐귀여움 ㅠ,88,2026-07-07T10:54:56Z,30
Ugx-1VQcmuB-HhqqDGN4AaABAg,eeDdzUFGfcU,네네코 마시로,Neneko Mashiro,UNIVERSE,꼬리 살랑살랑 진짜 귀여웠는데 이렇게 다시 볼 수 있으니 넘 좋다,42,2026-07-07T11:21:32Z,36
UgxpZBounef_Vvz3O1J4AaABAg,eeDdzUFGfcU,네네코 마시로,Neneko Mashiro,UNIVERSE,와 시로는 ㄹㅇ 귀여움과 떽띠함 그 사이 무언가가 있다..,33,2026-07-07T12:17:26Z,32
UgzGMIBzIY0MBRDVxQB4AaABAg,eeDdzUFGfcU,네네코 마시로,Neneko Mashiro,UNIVERSE,"와 이건 지짜 마로들 죽으라고 만든거지 찌로야ㅋㅋㅎ
진짜 이정도면 마로는 귀여워서 심장 멎어서 죽는다ㅋㅋㅋㅋㅋㅋ",7,2026-07-07T13:43:32Z,62
UgyQrtoo4Gmv2-AAZH54AaABAg,eeDdzUFGfcU,네네코 마시로,Neneko Mashiro,UNIVERSE,시로 3D는 뭔가 더 귀여운 그 거시기가 있음,7,2026-07-07T13:11:13Z,25
UgyQqE2Ix0fGd3x3IwZ4AaABAg,eeDdzUFGfcU,네네코 마시로,Neneko Mashiro,UNIVERSE,고양이가 울지도 않고 귀엽게 춤도 잘추네,57,2026-07-07T10:38:45Z,22
UgymnySXF6FKHnYiWWR4AaABAg,eeDdzUFGfcU,네네코 마시로,Neneko Mashiro,UNIVERSE,귀여운 쇼츠는 언제나 환영입니다,12,2026-07-07T12:36:27Z,17
UgxKrGYf6auRH8wpYOd4AaABAg,eeDdzUFGfcU,네네코 마시로,Neneko Mashiro,UNIVERSE,궁디팡팡하고 싶네요,504,2026-07-07T11:17:57Z,10
UgwBiN7jKruk85qUwZh4AaABAg,eeDdzUFGfcU,네네코 마시로,Neneko Mashiro,UNIVERSE,몸짓 하나하나가 진짜 너무 귀엽다..ㅋㅋㅋㅋㅋㅋㅋㅋㅋㅋ미쳤지 고양이,1,2026-07-07T10:47:27Z,37
UgyxBtnTFPvUFT0sa2V4AaABAg,eeDdzUFGfcU,네네코 마시로,Neneko Mashiro,UNIVERSE,씰룩씰룩 웃으면서 춤 추는거 너무 귀엽자나!!!!!,1,2026-07-07T10:48:03Z,28
UgwwfRVXjjZEwQahFnR4AaABAg,eeDdzUFGfcU,네네코 마시로,Neneko Mashiro,UNIVERSE,몸짓 하나하나가 너무 귀여운거 아니냐궁 ㅋㅋ,1,2026-07-26T13:42:30Z,24
UgzRTgAQTGbkXVJqSiN4AaABAg,eeDdzUFGfcU,네네코 마시로,Neneko Mashiro,UNIVERSE,진짜 이렇게 밍쳐귀여워도 되는거임? ㅋㅋㅋㅋ,1,2026-07-07T10:56:43Z,24
Ugy6W0mZltJuRauTIxN4AaABAg,eeDdzUFGfcU,네네코 마시로,Neneko Mashiro,UNIVERSE,방금 시험 끝내고 폰을 딱 켰더니 시로3D 영상이?!,17,2026-07-07T11:55:34Z,29
UgxKMw3CNkrxaW1n-Eh4AaABAg,eeDdzUFGfcU,네네코 마시로,Neneko Mashiro,UNIVERSE,"끼약~~~~~꼬리봐 
얼굴봐~ 귀여다잉 ~~! ㅋㅋㅋㅋㅋㅋㅋ",1,2026-07-09T11:51:30Z,33
Ugyg8miID2iCi7VUgnF4AaABAg,eeDdzUFGfcU,네네코 마시로,Neneko Mashiro,UNIVERSE,귀엽다고 밖에 할말이 없다,2,2026-07-07T14:03:11Z,14
Ugx8Y-NPQLsBrK53Ehh4AaABAg,eeDdzUFGfcU,네네코 마시로,Neneko Mashiro,UNIVERSE,모캡 너무 귀엽고 자연스럽다 ㅋㅋㅋ,1,2026-07-08T01:29:26Z,19
UgzALzxk81b2bK9t7Ah4AaABAg,eeDdzUFGfcU,네네코 마시로,Neneko Mashiro,UNIVERSE,"찌로 3D 특히나 더 귀여운 거 같아 ㅋㅋㅋㅋㅋㅋㅋㅋ
댄싱냥이 넘 귀엽땨!!!",0,2026-07-07T13:33:11Z,43
UgyyNCS0w0a9ygMGkRl4AaABAg,eeDdzUFGfcU,네네코 마시로,Neneko Mashiro,UNIVERSE,와 진짜 너무 귀엽다 ㅋㅋㅋ,1,2026-07-07T11:41:21Z,15
Ugx-aBtq4nJgOWyQv2p4AaABAg,eeDdzUFGfcU,네네코 마시로,Neneko Mashiro,UNIVERSE,진짜 시로다워서 좋다 귀엽다 ㅋㅋㅋㅋ,0,2026-07-07T12:10:45Z,20
UgzN2TwKQWkywuPvoFt4AaABAg,eeDdzUFGfcU,네네코 마시로,Neneko Mashiro,UNIVERSE,그냥 순수 귀엽다,1,2026-07-11T14:57:08Z,9
UgziiM2uZx95vEV5afl4AaABAg,eeDdzUFGfcU,네네코 마시로,Neneko Mashiro,UNIVERSE,진짜 이 고양이는 개쳐귀여운 생명체다 하..,1,2026-07-15T03:53:11Z,24
Ugx8GmHv9Hd5oJEg8sR4AaABAg,eeDdzUFGfcU,네네코 마시로,Neneko Mashiro,UNIVERSE,ㅋㅋㅋㅋㅋㅋㅋ 너무 귀여운거 아닙니까,0,2026-07-07T10:58:57Z,20
Ugyv8pmoR1SxZkV4pJh4AaABAg,eeDdzUFGfcU,네네코 마시로,Neneko Mashiro,UNIVERSE,살랑살랑 거리는 거 진챠 개커엽네ㅋㅋㅋㅋㅋㅋㅋㅋ,0,2026-07-07T14:37:33Z,26
UgyRgswFxxqWGbIiRvl4AaABAg,eeDdzUFGfcU,네네코 마시로,Neneko Mashiro,UNIVERSE,귀여워 ❤❤❤❤❤,2,2026-07-07T12:40:39Z,9
UgyrKxZEdNCIMbxWisB4AaABAg,eeDdzUFGfcU,네네코 마시로,Neneko Mashiro,UNIVERSE,누가 이렇게 귀여우래!!!,0,2026-07-07T11:15:32Z,14
Ugz1AcUHf3Eun7esjmV4AaABAg,eeDdzUFGfcU,네네코 마시로,Neneko Mashiro,UNIVERSE,마리오 안된다고 울던 시로였는데 벌써 이렇게 귀여움이 가득하다니 ❤❤,0,2026-07-07T16:09:30Z,38
UgyyuHqxLe4gfvw6wxV4AaABAg,eeDdzUFGfcU,네네코 마시로,Neneko Mashiro,UNIVERSE,진짜 왤케 귀엽냐 ㅋㅋㅋㅋㅋㅋㅋㅋㅋ,0,2026-07-07T13:00:14Z,19
UgxhatmPGYH8SgTqc_F4AaABAg,eeDdzUFGfcU,네네코 마시로,Neneko Mashiro,UNIVERSE,ㅋㅋㅋ 귀여웡❤,1,2026-07-08T07:35:59Z,8
Ugw0UkRMoLxMhKXjcTl4AaABAg,eeDdzUFGfcU,네네코 마시로,Neneko Mashiro,UNIVERSE,진짜 너무 귀엽다ㅋㅋㅋ,0,2026-07-07T12:14:11Z,12
UgwDt_gjhnSKJe0qk8Z4AaABAg,eeDdzUFGfcU,네네코 마시로,Neneko Mashiro,UNIVERSE,진짜 너무 귀엽다 우리 찌로❤,0,2026-07-07T10:43:47Z,16
Ugx6dYnaeWh_w6O05t54AaABAg,eeDdzUFGfcU,네네코 마시로,Neneko Mashiro,UNIVERSE,이 말도 안되는 귀여움은 뭐냐..!! 덕분에 최고로 *_High!_* 한 기분이다아아아아아아아아앙!!!!!!!,0,2026-07-08T00:55:00Z,61
Ugy_OBD6VVehqLf609h4AaABAg,eeDdzUFGfcU,네네코 마시로,Neneko Mashiro,UNIVERSE,너무 귀여웡❤❤❤,0,2026-07-07T11:07:37Z,9
UgzxlvHznRHmEJm3MeJ4AaABAg,eeDdzUFGfcU,네네코 마시로,Neneko Mashiro,UNIVERSE,너무 귀엽자너 ㅋㅋㅋ,0,2026-07-07T13:08:11Z,11
UgzNMCBQhyWIepMk73J4AaABAg,eeDdzUFGfcU,네네코 마시로,Neneko Mashiro,UNIVERSE,와 진짜 이만큼 귀여운 고양이가 또 있을까😊😊😊,0,2026-07-07T11:08:35Z,26
UgyRgsukIY8cLxOEOqF4AaABAg,eeDdzUFGfcU,네네코 마시로,Neneko Mashiro,UNIVERSE,아오 귀여워 ㅠㅠㅠㅠ,1,2026-07-07T13:18:21Z,11
Ugzm-c74hgFzwjCsh4N4AaABAg,eeDdzUFGfcU,네네코 마시로,Neneko Mashiro,UNIVERSE,귀여워서 심장에 해로워요,0,2026-07-08T01:30:00Z,13
UgwywhTr9kDNqybPrEV4AaABAg,eeDdzUFGfcU,네네코 마시로,Neneko Mashiro,UNIVERSE,왜 점점 귀여워지는거야!!,0,2026-07-07T14:44:16Z,14
UgxEkMNJtN5dj-nhTT14AaABAg,eeDdzUFGfcU,네네코 마시로,Neneko Mashiro,UNIVERSE,넘 귀엽다ㅏㅏㅏㅏ!,0,2026-07-07T11:58:05Z,10
UgwCK9w0yV3xJ9wq2bp4AaABAg,ncuxH3ZMmeU,네네코 마시로,Neneko Mashiro,UNIVERSE,1:35 저 벚꽃 때문에 리제가 자리 잡지 않았나,64,2026-09-16T08:27:39Z,27
UgxyxoCWAvIMDUKNPsl4AaABAg,ncuxH3ZMmeU,네네코 마시로,Neneko Mashiro,UNIVERSE,아무리 정실이어도 수선은 중대사항이지ㅋㅋㅋ,144,2026-09-16T07:33:18Z,23
UgxR26MFVF8donGwKOx4AaABAg,ncuxH3ZMmeU,네네코 마시로,Neneko Mashiro,UNIVERSE,8:21 오늘의 시로,40,2026-09-16T07:37:26Z,11
Ugy4ir-lUTvzX-XLPfd4AaABAg,ncuxH3ZMmeU,네네코 마시로,Neneko Mashiro,UNIVERSE,8:05 ㅋㅋㅋㅋ밍처귀엽댜,41,2026-09-16T07:42:53Z,14
Ugx3oE2eVa2pkr57sPZ4AaABAg,ncuxH3ZMmeU,네네코 마시로,Neneko Mashiro,UNIVERSE,8:04 밍동부 편집 습박 ㅋㅋㅋㅋㅋㅋ,15,2026-09-16T11:52:06Z,21
UgzPZN1gkkaDrOTEnwN4AaABAg,ncuxH3ZMmeU,네네코 마시로,Neneko Mashiro,UNIVERSE,3:25 아니 왜 죽이는데 ㅋㅋㅋㅋㅋㅋㅋㅋ,101,2026-09-16T07:37:30Z,23
UgxUF74E2QGAeSA3gvt4AaABAg,ncuxH3ZMmeU,네네코 마시로,Neneko Mashiro,UNIVERSE,8:05 여기입니다,23,2026-09-16T07:42:30Z,10
Ugw63ONYoKZoVixDjRB4AaABAg,ncuxH3ZMmeU,네네코 마시로,Neneko Mashiro,UNIVERSE,0:39 오시를 만나자 행복한 사쵸 ㅋㅋㅋ,39,2026-09-16T08:18:44Z,23
UgyG27iZJhDtbmq59_h4AaABAg,ncuxH3ZMmeU,네네코 마시로,Neneko Mashiro,UNIVERSE,2:36 진짜 개무섭네 ㅋㅋㅋㅋ,13,2026-09-16T07:36:03Z,17
UgzH8odfd1MktZv40YB4AaABAg,ncuxH3ZMmeU,네네코 마시로,Neneko Mashiro,UNIVERSE,5:52 외냥이: 나 외계인 아님,8,2026-09-16T09:47:38Z,18
UgzteWAaHNbD6AGVE3J4AaABAg,ncuxH3ZMmeU,네네코 마시로,Neneko Mashiro,UNIVERSE,2:06 얼굴 일그러지는게 개웃기네 그냥 ㅋㅋㅋㅋ,186,2026-09-16T08:03:15Z,27
UgwbTGJOZJ5xiS8CqER4AaABAg,ncuxH3ZMmeU,네네코 마시로,Neneko Mashiro,UNIVERSE,2:41 히나 진짜 ㅈㄴ 무섭다,5,2026-09-16T11:01:21Z,17
UgyHKGmKlNPdJ1IfOEh4AaABAg,ncuxH3ZMmeU,네네코 마시로,Neneko Mashiro,UNIVERSE,6:31 혹시... 아닙니다,10,2026-09-16T09:48:56Z,15
UgxieOiUZstPXmeSoGR4AaABAg,ncuxH3ZMmeU,네네코 마시로,Neneko Mashiro,UNIVERSE,0:37 ㅠㅠ 너무 사랑스러워,6,2026-09-16T07:50:14Z,16
UgznZTF2aOBAFg7xZfl4AaABAg,ncuxH3ZMmeU,네네코 마시로,Neneko Mashiro,UNIVERSE,2:54 화면 가득한 마로!!,6,2026-09-16T07:43:59Z,16
UgxtQtDCnts5IuzvHe14AaABAg,ncuxH3ZMmeU,네네코 마시로,Neneko Mashiro,UNIVERSE,T냥이는 차갑다...,13,2026-09-16T07:32:51Z,11
UgzmdKtTzpQHT9usl1d4AaABAg,ncuxH3ZMmeU,네네코 마시로,Neneko Mashiro,UNIVERSE,4:00 진심 아이스티 뿜어버렸다,4,2026-09-16T11:53:36Z,18
UgyTFjBqUHs99jK9mz14AaABAg,ncuxH3ZMmeU,네네코 마시로,Neneko Mashiro,UNIVERSE,"2:45 습박개짱무서워
7:12 개쩌러!!!",3,2026-09-19T03:02:24Z,24
UgyE4jg-_fUv6o4KcqR4AaABAg,ncuxH3ZMmeU,네네코 마시로,Neneko Mashiro,UNIVERSE,8:12 ㅋㅋㅋㅋㅋㅋ 개웃기네,18,2026-09-16T09:40:10Z,16
UgxaEFcIbmMMyWhR6iV4AaABAg,ncuxH3ZMmeU,네네코 마시로,Neneko Mashiro,UNIVERSE,"2:09 분명 평범한 히나가 아니었지.
살인자의 눈을 한 히나였어..",2,2026-09-16T11:51:00Z,38
UgzghikhPY7N8gZkaHd4AaABAg,ncuxH3ZMmeU,네네코 마시로,Neneko Mashiro,UNIVERSE,5:24 뭐야 찌로 집이잖아,4,2026-09-16T09:45:55Z,15
UgzbNSuEA2IqSbK0lJV4AaABAg,ncuxH3ZMmeU,네네코 마시로,Neneko Mashiro,UNIVERSE,2:45 히나좀 애껴줰ㅋㅋㅋㅋㅋㅋㅋ,2,2026-09-16T10:53:22Z,19
Ugz2xMtcxmYa77twjJN4AaABAg,ncuxH3ZMmeU,네네코 마시로,Neneko Mashiro,UNIVERSE,0:39 최애멤버 만난 사장님 표정보소 ㅋㅋㅋㅋㅋ,1,2026-09-16T07:49:35Z,27
UgxesG6CuRHYeLCvtpR4AaABAg,ncuxH3ZMmeU,네네코 마시로,Neneko Mashiro,UNIVERSE,2:07 시로는 차갑다.,2,2026-09-16T08:07:36Z,13
Ugw1jdLXsSggwWJ7Ldt4AaABAg,ncuxH3ZMmeU,네네코 마시로,Neneko Mashiro,UNIVERSE,8:00 ㅋㅋㅋㅋㅋㅋㅋㅋㅋㅋㅋㅋㅋㅋ,2,2026-09-16T08:30:28Z,19
UgyAGdTCwcy_j0s-p2J4AaABAg,ncuxH3ZMmeU,네네코 마시로,Neneko Mashiro,UNIVERSE,8:07 ㅎㅎㅎㅎㅎ좋아욬ㅋ,2,2026-09-16T08:25:46Z,14
UgxjmsjDdAd_07eNSQJ4AaABAg,ncuxH3ZMmeU,네네코 마시로,Neneko Mashiro,UNIVERSE,"시로 마크는 걍 밍처웃기고 밍처귀여움
애니멀즈도 완전 귀엽다!!",2,2026-09-16T10:59:11Z,35
UgwwVjCdGj3845CW9wd4AaABAg,ncuxH3ZMmeU,네네코 마시로,Neneko Mashiro,UNIVERSE,3:26 뭐야 시로가 터졌어요😮😮😮,2,2026-09-16T07:45:14Z,19
UgzJsX2vlFNugV15TKx4AaABAg,ncuxH3ZMmeU,네네코 마시로,Neneko Mashiro,UNIVERSE,고양이는 참지 않아,3,2026-09-16T07:35:39Z,10
Ugyadg7YT8j6wcfgIZB4AaABAg,ncuxH3ZMmeU,네네코 마시로,Neneko Mashiro,UNIVERSE,"여친한테 꺼지라고하는 상남자(?),쌉테토 마시로",3,2026-09-16T09:44:45Z,26
UgzGK3grNGg_9hAfwWN4AaABAg,ncuxH3ZMmeU,네네코 마시로,Neneko Mashiro,UNIVERSE,인어공주가 봉누도까지 헤엄쳐왔구나,3,2026-09-16T07:41:11Z,18
UgzaLj3PGL-V31Pttld4AaABAg,ncuxH3ZMmeU,네네코 마시로,Neneko Mashiro,UNIVERSE,그럼 꺼져에 꽂힌게 개웃김 ㅋㅋㅋㅋㅋㅋㅋㅋㅋㅋㅋㅋ,1,2026-09-16T08:56:26Z,27
UgwpNeLQyFMEdYs8r2B4AaABAg,ncuxH3ZMmeU,네네코 마시로,Neneko Mashiro,UNIVERSE,정실에게까지 자비없는 평등주의 고양이,1,2026-09-16T11:47:37Z,20
UgzW1Haikh5OtpkYiMB4AaABAg,ncuxH3ZMmeU,네네코 마시로,Neneko Mashiro,UNIVERSE,3:56 난 시로 가질거야,1,2026-09-16T08:23:28Z,14
UgxHT31wfmVyfdEGd3V4AaABAg,ncuxH3ZMmeU,네네코 마시로,Neneko Mashiro,UNIVERSE,재밌게 잘 보았습니다ㅎㅎ 목소리가 좋으시네요,0,2026-09-18T15:57:40Z,24
Ugxn2FD89ViqzMCc55V4AaABAg,ncuxH3ZMmeU,네네코 마시로,Neneko Mashiro,UNIVERSE,"시로를 보자 다정해지는 강사장
시로에게 차이는 히나
잼민이 듀오 부키",1,2026-09-16T14:40:29Z,38
Ugx-xhfh4uktu17gK2d4AaABAg,ncuxH3ZMmeU,네네코 마시로,Neneko Mashiro,UNIVERSE,2:08 ㅌㅋㅋㅋㅋㅋㅋㅋㅋㅋ,1,2026-09-16T07:35:13Z,15
Ugyx_ezBQl7kTz2NgKJ4AaABAg,ncuxH3ZMmeU,네네코 마시로,Neneko Mashiro,UNIVERSE,1:36 아니 이거 리제가 집 터 배경으로 삼으려고 했던 그 벚꽃나무 아님?ㅋㅋㅋㅋㅋㅋㅋㅋ,0,2026-09-16T08:06:40Z,50
Ugx1nDdQkGQq8nmTX8F4AaABAg,ncuxH3ZMmeU,네네코 마시로,Neneko Mashiro,UNIVERSE,쥬세용~☆,1,2026-09-16T09:51:32Z,5
UgyLxF-6WXG_klDB-Id4AaABAg,ncuxH3ZMmeU,네네코 마시로,Neneko Mashiro,UNIVERSE,2:08 ???: 시로야…?,1,2026-09-16T07:43:59Z,15
Ugxgq6E-Blbjnbbg3id4AaABAg,yXBmkQ-vYKY,아카네 리제,Akane Lize,UNIVERSE,아니 어떻게 사람이 그림을 그리다가 미세골절이 와요 ㅋㅋㅋㅋㅋㅋㅋㅋㅎㅋㅋㅋㅎㅋㅋㅎㅋㅋㅋㅋ,987,2026-09-08T05:31:50Z,49
UgxyKYpSpV9pT-6KDmN4AaABAg,yXBmkQ-vYKY,아카네 리제,Akane Lize,UNIVERSE,리제는 나이가 나이인지라…,1298,2026-09-08T05:31:37Z,14
UgykX40Qe9zgxHzmjEB4AaABAg,yXBmkQ-vYKY,아카네 리제,Akane Lize,UNIVERSE,"걷다가 미세골절 vs 그림 그리다가 미세골절...
쓰읍... 쉽지않은데?",430,2026-09-08T05:31:44Z,40
Ugz80kEOzaCcRpFlQHJ4AaABAg,yXBmkQ-vYKY,아카네 리제,Akane Lize,UNIVERSE,"스키장에서 굴러서 깁스: 깁스할만함
그림 그리다가 골절: ???",495,2026-09-08T06:58:18Z,35
Ugy58uavEN7z0u0FQuF4AaABAg,yXBmkQ-vYKY,아카네 리제,Akane Lize,UNIVERSE,애초에 미세골절이라는 단어를 말을 설백님 방송에서 처음 들어봄 ㅋㅋㅋ,228,2026-09-08T05:47:32Z,38
UgzTHpZMVzmH2JbUFfR4AaABAg,yXBmkQ-vYKY,아카네 리제,Akane Lize,UNIVERSE,"픽셀은 종합병원이야 뭐야 ㅋㅋㅋㅋ
탬탬은 천식 기관지
설백 리제는 정형외과
연비니는 영양실조",7,2026-09-09T11:18:05Z,51
UgxQvoY5_udxuKZIA7d4AaABAg,yXBmkQ-vYKY,아카네 리제,Akane Lize,UNIVERSE,병약 대결은 첨본다ㅋㅋㅋㅋ,65,2026-09-08T05:31:17Z,14
Ugwv0X6oDjGbGAsBk0d4AaABAg,yXBmkQ-vYKY,아카네 리제,Akane Lize,UNIVERSE,확정이나 추정이나....어휴 이러다 바람 불면 두명다 갈비 나가는거 아니냐...;;,11,2026-09-08T05:52:07Z,46
UgwNtgLCsUO5w3n-H6t4AaABAg,yXBmkQ-vYKY,아카네 리제,Akane Lize,UNIVERSE,??? : 저 TV보다 신나서 춤추려했는데 발가락이.... 뇨!!.....,34,2026-09-08T05:35:53Z,41
UgwAZqTWkACqWVxAB8l4AaABAg,yXBmkQ-vYKY,아카네 리제,Akane Lize,UNIVERSE,너보다 더 심하기는 리제야.. 연필 잡았다고 미세골절 오는 것 보다는 낫지…,144,2026-09-08T05:35:14Z,42
Ugyxkrj3n-56DRpDYnR4AaABAg,yXBmkQ-vYKY,아카네 리제,Akane Lize,UNIVERSE,리제는 나이가 나이인것도 그런데 설백님은 툭하면 골절이고 심지어 딸기 씨앗이 목에 걸린적도 있는데 ㅋㅋ,48,2026-09-08T05:50:26Z,57
UgwjhvwRoqvbtKLP66h4AaABAg,yXBmkQ-vYKY,아카네 리제,Akane Lize,UNIVERSE,?? : 장비칸에 이제 팔 없어짐?,6,2026-09-08T07:44:03Z,19
UgxMLngCV99YvB3sP_F4AaABAg,yXBmkQ-vYKY,아카네 리제,Akane Lize,UNIVERSE,설백은 듀얼로 치면 이미 엑조디아 5장 다뽑았지만 짱돌은 이제 한장 뽑은 연약계의 샛별,9,2026-09-08T05:54:22Z,48
UgxWTqgHokayIwvK_CV4AaABAg,yXBmkQ-vYKY,아카네 리제,Akane Lize,UNIVERSE,방금 발로한다는 얘기 듣고 설백 손가락 괜찮을까부터 걱정했다,8,2026-09-08T05:51:40Z,33
UgxsugmXKTkKOgGsGAh4AaABAg,yXBmkQ-vYKY,아카네 리제,Akane Lize,UNIVERSE,"그래도 리제는.. 
사랑니 뽑고 마라탕도 잘 먹는
건강.. 건.. 강..!!!
쿨럭",15,2026-09-08T05:31:01Z,46
Ugwv29FCtEk1pYWZxnp4AaABAg,yXBmkQ-vYKY,아카네 리제,Akane Lize,UNIVERSE,"픽셀에는 두명의 병원 VIP가 있다.
걷다가 미세골절 외과의 설백
체중이 체온과 맞짱뜨는 내과의 탬탬버린",1,2026-09-08T09:20:47Z,58
Ugx7iMxAfHEmNPKBBBp4AaABAg,yXBmkQ-vYKY,아카네 리제,Akane Lize,UNIVERSE,리제는 골다골증이 올나이라😢,4,2026-09-08T16:34:47Z,15
UgxxgtamsaAQtlP69ZB4AaABAg,yXBmkQ-vYKY,아카네 리제,Akane Lize,UNIVERSE,아니 걷다가 다리 뿌러지는 사람이  스키장을 갔어? ㅋㅋㅋㅋㅋㅋㅋㅋ,1,2026-09-09T05:48:30Z,37
UgwaynoHJPoDHY-WlE14AaABAg,yXBmkQ-vYKY,아카네 리제,Akane Lize,UNIVERSE,병약 대결의 신흥강자 정리제!,9,2026-09-08T05:47:24Z,16
Ugx2adkJiHqkcNuUwAd4AaABAg,yXBmkQ-vYKY,아카네 리제,Akane Lize,UNIVERSE,"자 두 사람 크게 놀라면 갈비뼈 금 가는 거 아님? 저 정도면
제발 오래오래 방송하길",0,2026-09-08T23:36:42Z,47
UgwlElra96e-IgxRzjZ4AaABAg,yXBmkQ-vYKY,아카네 리제,Akane Lize,UNIVERSE,"썸네일 뭐야 설백인줄 알았네
뭐야 설백이네",3,2026-09-08T08:43:24Z,23
Ugze2aTiuu9omuM6ln14AaABAg,yXBmkQ-vYKY,아카네 리제,Akane Lize,UNIVERSE,"리제님 귀여운쇼츠 고마워용 사랑해용!♡
💕💗💘💖❤🧡💛💚💙💜🖤🤎🤍",7,2026-09-08T05:35:02Z,35
Ugz_JcQ1F3wsZfOuAnN4AaABAg,yXBmkQ-vYKY,아카네 리제,Akane Lize,UNIVERSE,설씨 뼈금가는게 일상인분이 할말인가,1,2026-09-09T13:46:09Z,19
UgzqdXaA2bP2Me0ce1F4AaABAg,yXBmkQ-vYKY,아카네 리제,Akane Lize,UNIVERSE,이걸 응 맞네를 해주시네;;;,0,2026-09-08T23:50:37Z,16
UgwuzLcoZ5MJuSRoMXt4AaABAg,yXBmkQ-vYKY,아카네 리제,Akane Lize,UNIVERSE,뼈가.. 다들.. 나무젓가락 이신가요?!😅,1,2026-09-10T13:36:52Z,23
Ugwnfn0DUbiKBheLJ0p4AaABAg,yXBmkQ-vYKY,아카네 리제,Akane Lize,UNIVERSE,우리 할머니는 무릎센서도 좋아서 비오는 날도 기가막히게 맞춘답니다,2,2026-09-08T05:48:47Z,36
UgwHW1-flAD93XFWayd4AaABAg,yXBmkQ-vYKY,아카네 리제,Akane Lize,UNIVERSE,설백님은 정말... 스켈레톤이야 아니 스켈레톤도 설백님보다는 튼튼할 듯...,0,2026-09-10T02:05:00Z,42
UgzVYfHA_YeBu46Xoop4AaABAg,yXBmkQ-vYKY,아카네 리제,Akane Lize,UNIVERSE,리제야 건강하게만 지내다오,5,2026-09-08T05:43:29Z,14
UgzW2qDYbXQzY2rBDZR4AaABAg,yXBmkQ-vYKY,아카네 리제,Akane Lize,UNIVERSE,깁스했던 건 잊을 수가 없지 드립을 한두 개 나왔던 게 아니라,0,2026-09-10T13:55:12Z,34
Ugy_u52ozKWCcGYZIMV4AaABAg,yXBmkQ-vYKY,아카네 리제,Akane Lize,UNIVERSE,그저 병약에겐천마 ㅋㅋㅋㅋㅋㅋ,0,2026-09-10T23:56:11Z,16
UgwwEOjKXBEbo4kVZ554AaABAg,yXBmkQ-vYKY,아카네 리제,Akane Lize,UNIVERSE,리제야 여기서도 부상을 당하면 어쩌는거니...,0,2026-09-08T12:51:52Z,25
Ugz6KALvF2KcUSYePC94AaABAg,yXBmkQ-vYKY,아카네 리제,Akane Lize,UNIVERSE,천마라서 사람같지 않게 그림그리다 미세골절 온거야?,0,2026-09-08T06:58:30Z,28
UgxMh8DJOAPzCoBll9h4AaABAg,yXBmkQ-vYKY,아카네 리제,Akane Lize,UNIVERSE,캐릭터보고 누군가 했더니 미세곻절의 설백이구나! 탬탬과 박빙의!!,1,2026-09-08T12:13:05Z,36
UgxUAs88rGy0DWXWAWB4AaABAg,yXBmkQ-vYKY,아카네 리제,Akane Lize,UNIVERSE,그림그리다가 골절 오는거는 대부분 하루에 몇시간씩 그림 힘조절 잘 못하면 힘 준 상태로 계속 그림->뼈에 부담이 졸라감->한번 힘 세게들어가면 투둑,0,2026-09-08T11:22:46Z,82
UgwDWVK3m4HIx8_hMDJ4AaABAg,yXBmkQ-vYKY,아카네 리제,Akane Lize,UNIVERSE,진짜 엄마가 되야 강해지나봐 어른들이 그러잔아 엄마는 강하다 하는데 그전에 크게 다치는거 아니겠지,0,2026-09-08T21:17:19Z,54
UgzukNkNm82ObLFk5-R4AaABAg,yXBmkQ-vYKY,아카네 리제,Akane Lize,UNIVERSE,이인간들 골밀도가 어떻게 돼먹은거야,0,2026-09-09T03:28:42Z,19
UgwwKtugyYyjqCAyKJB4AaABAg,yXBmkQ-vYKY,아카네 리제,Akane Lize,UNIVERSE,겜하다가 손가락 깁스가 걍 개넘사임 ㅋㅋㅋㅋㅋㅋㅋㅋㅋㅋ,0,2026-09-08T08:24:56Z,30
UgyzHbJZdebyYebi0Rt4AaABAg,yXBmkQ-vYKY,아카네 리제,Akane Lize,UNIVERSE,병약(물리) vs 병약(정신),0,2026-09-08T09:55:03Z,16
UgwOVkngpz_EJA76cEh4AaABAg,yXBmkQ-vYKY,아카네 리제,Akane Lize,UNIVERSE,미세골절=떨백이 바로 나오는거로봐서 떨밑리,0,2026-09-08T08:47:32Z,23
Ugwzj0hH2ceI5xrdntF4AaABAg,yXBmkQ-vYKY,아카네 리제,Akane Lize,UNIVERSE,미세골절 후배 리제리제😂,0,2026-09-08T22:45:36Z,13
UgxlUcBb0aheUpaFBMx4AaABAg,wiz1NPDJW4A,아카네 리제,Akane Lize,UNIVERSE,히나가 멘헤라에 당하는 모습은 귀하다 ㅋㅋㅋㅋㅋㅋㅋㅋㅋ,1144,2026-08-31T05:34:56Z,30
Ugx5ZgqHEzxEiLGKRHV4AaABAg,wiz1NPDJW4A,아카네 리제,Akane Lize,UNIVERSE,저 묘하게 맹한 말투로 멘헤라 부리니깐 개웃기네 ㅋㅋㅋㅋ,872,2026-08-31T05:32:19Z,31
UgyW6g8dUrIX1uqeHW54AaABAg,wiz1NPDJW4A,아카네 리제,Akane Lize,UNIVERSE,통통하이 개커엽네 ㄹㅇ ㅋㅋㅋㅋㅋ,431,2026-08-31T05:32:04Z,18
UgxQ7UDgug8XdujuRUN4AaABAg,wiz1NPDJW4A,아카네 리제,Akane Lize,UNIVERSE,이 그림체가 진짜 찹쌀떡같아서 쥰내 귀여움 ㅋㅋㅋㅋ,262,2026-08-31T05:36:13Z,28
UgwfsrC07LjPWnPAtFZ4AaABAg,wiz1NPDJW4A,아카네 리제,Akane Lize,UNIVERSE,느엥한 말투로 멘헤라 부리는거 왤캐 귀엽냐...구불육됐나?,230,2026-08-31T06:48:39Z,32
UgyllucszRpXTLDg1TR4AaABAg,wiz1NPDJW4A,아카네 리제,Akane Lize,UNIVERSE,강지의 기분을 느끼는 히나,89,2026-08-31T05:40:58Z,14
UgzaHGqSjAyJFgSHFMR4AaABAg,wiz1NPDJW4A,아카네 리제,Akane Lize,UNIVERSE,와중에 부키 맞는 거 자닌해...,66,2026-08-31T06:17:21Z,18
UgzADUxix0WXbmAC9WN4AaABAg,wiz1NPDJW4A,아카네 리제,Akane Lize,UNIVERSE,부키 때릴 때 모자이크 진짜 너무 잔인해요....동물학대....,94,2026-08-31T07:48:00Z,35
Ugy2FAzpMNAVqGj4Pql4AaABAg,wiz1NPDJW4A,아카네 리제,Akane Lize,UNIVERSE,사랑해줘 사랑해줘 사랑해줘를 듣고온 리제 ㅎㄷㄷ,62,2026-08-31T06:40:03Z,26
Ugz0O12llP40NSivu354AaABAg,wiz1NPDJW4A,아카네 리제,Akane Lize,UNIVERSE,멘헤라 얀데레 합치니까 리제가되는구나,30,2026-08-31T05:40:39Z,20
UgzEsLaaqpA-2l4xWxN4AaABAg,wiz1NPDJW4A,아카네 리제,Akane Lize,UNIVERSE,죽창 던지는 거 왜이렇게 무섭고 귀엽냐 ㅋㅋㅋ,20,2026-08-31T06:56:32Z,25
Ugx-BMeVUjhVQQrbDJx4AaABAg,wiz1NPDJW4A,아카네 리제,Akane Lize,UNIVERSE,"저때 진짜 살인마랑 동기화되서
난리치는게 웃겼는데 ㅋㅋㅋ",8,2026-08-31T05:32:54Z,31
UgwiWoWiF826lBaPCst4AaABAg,wiz1NPDJW4A,아카네 리제,Akane Lize,UNIVERSE,히나 반응 맛도리네,4,2026-08-31T07:31:38Z,10
UgylXUbI2ohv7juy1jt4AaABAg,wiz1NPDJW4A,아카네 리제,Akane Lize,UNIVERSE,저 말랑 쫀득한 그림체로 멘헤라 오니까 그냥 귀엽다ㅋㅋ,23,2026-08-31T06:12:40Z,30
UgzYxKKDBeBJeGujJ254AaABAg,wiz1NPDJW4A,아카네 리제,Akane Lize,UNIVERSE,그림체 진짜 개 귀엽네 ㅋㅋㅋㅋㅋ,4,2026-09-19T03:59:06Z,18
UgzSRjWd1XppfTjVGWx4AaABAg,wiz1NPDJW4A,아카네 리제,Akane Lize,UNIVERSE,모습은 분명 천마인데 왜 목소리는 므엥~이가 소환된거지,8,2026-08-31T08:53:43Z,30
UgyAG94PxSO7cGTe5mp4AaABAg,wiz1NPDJW4A,아카네 리제,Akane Lize,UNIVERSE,히나보다 더 무서운 멘헤라는 리제가 최초아..ㅋㅋ,3,2026-08-31T09:12:17Z,27
UgxH84-Nd6I6Xi0-Vxh4AaABAg,wiz1NPDJW4A,아카네 리제,Akane Lize,UNIVERSE,소스가 좋은 것도 있지만 말랑쫀득한 그림체에 표현력이 너무 좋으셔ㅋㅋㅋㅋㅋㅋㅋ,45,2026-08-31T05:50:20Z,43
Ugxn4Qon5v67wanoexd4AaABAg,wiz1NPDJW4A,아카네 리제,Akane Lize,UNIVERSE,아니 근데 리제 진짜 개잘던짐 ㅋㅋㅋㅋ 에임 좋아,7,2026-08-31T08:39:08Z,27
Ugyb6l4ixPIi_mwY3Tt4AaABAg,wiz1NPDJW4A,아카네 리제,Akane Lize,UNIVERSE,목소리에 살짝 쇳소리 섞여서 더 무섭네 ㅋㅋㅋㅋㅋㅋㅋㅋㅋㅋㅋㅋ,6,2026-08-31T05:38:50Z,34
Ugwd95Wjw77AjHromXl4AaABAg,wiz1NPDJW4A,아카네 리제,Akane Lize,UNIVERSE,부키짱...진짜여우고기가되면어쩌자는거야ㅠㅠ,4,2026-08-31T11:48:20Z,23
UgyyItNo8EAIFoGD1rB4AaABAg,wiz1NPDJW4A,아카네 리제,Akane Lize,UNIVERSE,영역전개 빨강(누구가의 피로 필드를 전무 붉개 물들인다),6,2026-08-31T05:38:24Z,31
UgxQDd999ViVD9Fnj3h4AaABAg,wiz1NPDJW4A,아카네 리제,Akane Lize,UNIVERSE,양대 멘헤라의 피해자 캥캥이,8,2026-08-31T05:42:13Z,15
UgxQSp7U5v8E4q_Dwap4AaABAg,wiz1NPDJW4A,아카네 리제,Akane Lize,UNIVERSE,리제 멘헤라는 진심 쥰내무섭다,5,2026-08-31T07:30:16Z,16
UgwuUTOKP9x_l5YOKtt4AaABAg,wiz1NPDJW4A,아카네 리제,Akane Lize,UNIVERSE,그림체 존나 귀엽네 진짜 ㅋㅋㅋㅋㅋ,4,2026-08-31T07:42:36Z,19
UgySNU1Q3gNNVPNoBON4AaABAg,wiz1NPDJW4A,아카네 리제,Akane Lize,UNIVERSE,ㅌㅋㅋㅋㅋㅋㅋㅋㅋㅋ공포라곤 하나도 찾아 볼 수 없는 그림체 그저 귀엽기만 한,3,2026-08-31T08:00:10Z,42
Ugxk5LRTvZa8K2TgBep4AaABAg,wiz1NPDJW4A,아카네 리제,Akane Lize,UNIVERSE,무서운데 귀여워 ㅋㅋㅋ,4,2026-08-31T07:50:05Z,12
UgyXhywOPr5AgQ3YcHJ4AaABAg,wiz1NPDJW4A,아카네 리제,Akane Lize,UNIVERSE,죽창마스터 천마 리제,3,2026-08-31T06:44:57Z,11
Ugyvamt-VHMGCmv8fSh4AaABAg,wiz1NPDJW4A,아카네 리제,Akane Lize,UNIVERSE,천마모드때 진짜 공포다 ㄷㄷㄷ,4,2026-08-31T05:36:50Z,16
Ugz3WUWMbZ-uuI-jVyl4AaABAg,wiz1NPDJW4A,아카네 리제,Akane Lize,UNIVERSE,느엥혜라 라니!!! 쥰나ㅡㅡ귀엽잖아!!!,8,2026-08-31T05:42:30Z,22
UgzYiaT86-LHPfM5lwN4AaABAg,wiz1NPDJW4A,아카네 리제,Akane Lize,UNIVERSE,"ㅋㅋㅋ 방송때에도 재밌었는데
느엥하게 봐도 재밌네 ㅋㅋㅋ",3,2026-08-31T08:23:25Z,31
UgxcDTKWx-S-pZHKcWZ4AaABAg,wiz1NPDJW4A,아카네 리제,Akane Lize,UNIVERSE,뭔가 삐뚤어지고 무서운 사랑...,3,2026-08-31T05:31:41Z,18
Ugw-ieifepdl1cT-U2R4AaABAg,wiz1NPDJW4A,아카네 리제,Akane Lize,UNIVERSE,동기사랑은 역시 정리제,3,2026-08-31T05:32:25Z,12
UgydSyhkKtbZUvIUsRF4AaABAg,wiz1NPDJW4A,아카네 리제,Akane Lize,UNIVERSE,천마멘헤라 ㄷㄷㄷㄷㄷㄷㄷㄷㄷㄷ,2,2026-08-31T07:31:56Z,16
Ugy-T_qgAN-JUuLl62d4AaABAg,wiz1NPDJW4A,아카네 리제,Akane Lize,UNIVERSE,히나야 이게 지금까지 멤버들이 감내해야 했던(?) 멘헤라들이란다 업보를 청산하도록 하거라,2,2026-08-31T08:55:02Z,49
UgxyYollQeVAccmAlch4AaABAg,wiz1NPDJW4A,아카네 리제,Akane Lize,UNIVERSE,리제 멘헤라 ㄷㄷㄷㄷ,2,2026-09-03T22:06:22Z,11
Ugyj33DaIadCQ98NbV54AaABAg,wiz1NPDJW4A,아카네 리제,Akane Lize,UNIVERSE,마지막에 붙어있는 거 보니 순애네요,5,2026-08-31T07:53:29Z,19
UgzCV9oFa9X3Uvb44Lt4AaABAg,wiz1NPDJW4A,아카네 리제,Akane Lize,UNIVERSE,히얼스 리~제~~,1,2026-08-31T08:43:02Z,9
UgzFpECogEJWP3YKkJh4AaABAg,wiz1NPDJW4A,아카네 리제,Akane Lize,UNIVERSE,ㅋㅋㅋㅋㅋㅋㅋㅋ 제철리제의 멘헤라ㅋㅋㅋㅋㅋ,2,2026-08-31T05:34:42Z,23
Ugw-d-mqppshsvzAuC54AaABAg,wiz1NPDJW4A,아카네 리제,Akane Lize,UNIVERSE,😂😂😂오우 뛰는 자 위에 나는 자 천마ㅋㅋㅋ,1,2026-08-31T07:04:48Z,24
Ugx8TWfvK6ps-DqPVnZ4AaABAg,K06nuLImA0g,아카네 리제,Akane Lize,UNIVERSE,급하게 4기생한테 숫자 가르치고있는 강사장이면 개추,1010,2026-09-12T06:32:21Z,28
UgxHCoHHWv8qDdQJ5Ft4AaABAg,K06nuLImA0g,아카네 리제,Akane Lize,UNIVERSE,역시 스텔은 나이에 반비례해서 지능이....,606,2026-09-12T05:40:02Z,24
Ugx4VUroR53Djf3o0lN4AaABAg,K06nuLImA0g,아카네 리제,Akane Lize,UNIVERSE,아니 하나둘셋응애! 는 뭐냐고ㅋㅋㅋㅋ 귀여워,482,2026-09-12T05:45:16Z,24
UgwXLWHioLvFPl-TOcp4AaABAg,K06nuLImA0g,아카네 리제,Akane Lize,UNIVERSE,7살 응애천마님 치매와서 아무것도 기억을 못하시네,88,2026-09-12T05:38:48Z,27
UgwWmucFeJ4uW20DZEF4AaABAg,K06nuLImA0g,아카네 리제,Akane Lize,UNIVERSE,베어버리는게 진짜 개웃기네ㅋㅋㅋㅋㅋㅋ,174,2026-09-12T06:11:25Z,20
Ugwlykigr1QUO4QGcml4AaABAg,K06nuLImA0g,아카네 리제,Akane Lize,UNIVERSE,숫자세는 법보다 고로시를 먼저 배운 우리 돌멩이🙂‍↕️,166,2026-09-12T06:18:16Z,30
UgyWKWgvXgQWhWsjxzN4AaABAg,K06nuLImA0g,아카네 리제,Akane Lize,UNIVERSE,아 천마 100살이 인간 1살이라고ㅋㅋ 아직 숫자 어려울때 라고ㅋㅋ,33,2026-09-12T06:17:06Z,37
Ugx14nzasu61KAn5xsd4AaABAg,K06nuLImA0g,아카네 리제,Akane Lize,UNIVERSE,리아가 진짜 딸같아 ㅋㅋㅋㅋ,31,2026-09-12T06:30:52Z,15
Ugz-sR0WYwrogJYKap54AaABAg,K06nuLImA0g,아카네 리제,Akane Lize,UNIVERSE,그림체 진짜 빵떡하이 쫀득하이,31,2026-09-12T07:08:19Z,16
Ugw_4GMKrqI61mJmWn14AaABAg,K06nuLImA0g,아카네 리제,Akane Lize,UNIVERSE,"4기생 면접이 길어지는 이유
일단 노래를 잘하는 사람을 뽑아볼까?
흠.. 방송도 잘 해야겠지?
스텔라이브에 진심이어야겠지?
케미나 대화도 좋아야겠지?
흠.. 롤도 어느정도 하고..
이리..도 했으면 좋겠고..
마크는 당연히 해야하고
마지막으로 지능 검사를..
검사를...
검사를..",115,2026-09-12T06:14:23Z,157
UgyiV-i7hqT3qqNqGy14AaABAg,K06nuLImA0g,아카네 리제,Akane Lize,UNIVERSE,춘력일섬 개귀엽네,17,2026-09-12T07:00:16Z,9
UgwQYkSy1hZ-jRZRPed4AaABAg,K06nuLImA0g,아카네 리제,Akane Lize,UNIVERSE,ㅋㅋㅋㅋㅋㅋ저 통통한게 치트키임 그냥..,16,2026-09-12T05:37:11Z,22
UgzG3Fva8MleI8HWLEl4AaABAg,K06nuLImA0g,아카네 리제,Akane Lize,UNIVERSE,이 짜리몽땅한 그림체 개맘에들어 ㅋㅋㅋㅋㅋㅋㅋㅋㅋ야르송이후로 이그림체로 가는건가 ㅋㅋㅋㅋㅋㅋㅋ,4,2026-09-13T00:56:37Z,52
UgxTarsROqC-uVjgtlt4AaABAg,K06nuLImA0g,아카네 리제,Akane Lize,UNIVERSE,응애! 아파요오 하는거 개귀엽네ㅋㅋㅋㅋㅋㅋㅋ,7,2026-09-12T08:04:00Z,24
Ugy0F2ob-qH7uJhxuZZ4AaABAg,K06nuLImA0g,아카네 리제,Akane Lize,UNIVERSE,숫자세는건 가정교육 선에서 컷 아니냐고 ㅋㅋㅋ,4,2026-09-12T08:44:34Z,25
UgzB057i1gyTXwZQ0Zx4AaABAg,K06nuLImA0g,아카네 리제,Akane Lize,UNIVERSE,응애가 준내 귀엽구만 ㅋㅋㅋㅋㅋㅋㅋㅋㅋㅋㅋㅋㅋㅋㅋㅋㅋㅋㅋㅋㅋㅋㅋㅋㅋㅋ,1,2026-09-16T20:36:11Z,38
UgxEYp-yl4U-K5y17o54AaABAg,K06nuLImA0g,아카네 리제,Akane Lize,UNIVERSE,이제는 본능적으로 응애~~ 거리넼ㅋㅋㅋㅋㅋㅋㅋ 진짜 리아가가 되어버린,2,2026-09-12T05:31:35Z,38
UgwMpwBOLOUhY2xHWX54AaABAg,K06nuLImA0g,아카네 리제,Akane Lize,UNIVERSE,응앸ㅋㅋㅋㅋㅋㅋㅋㅋ귀여워 죽것어잉,10,2026-09-12T05:33:19Z,18
Ugx0LlLX9dAfdCUE5894AaABAg,K06nuLImA0g,아카네 리제,Akane Lize,UNIVERSE,토끼의 호흡 1식 애이아이(愛以兒理),8,2026-09-12T08:48:20Z,20
UgyPRRTNBLwg5Km8c2p4AaABAg,K06nuLImA0g,아카네 리제,Akane Lize,UNIVERSE,진짜 돌멩이 그 자체네 ㅋㅋㅋ,5,2026-09-12T05:38:22Z,16
UgzwpdxdCkIviFMSPNZ4AaABAg,K06nuLImA0g,아카네 리제,Akane Lize,UNIVERSE,리제 너무 귀여워❤,5,2026-09-12T06:37:34Z,10
UgwT-dDIOY_roA-Z4XJ4AaABAg,K06nuLImA0g,아카네 리제,Akane Lize,UNIVERSE,그림 너무 귀여운거 실화냐구 ㅋㅋ 어느 부분의 쇼츠인지 알겠당 데바데였던가?,1,2026-09-13T05:48:40Z,42
UgzNsrPBOHwo5b5llhJ4AaABAg,K06nuLImA0g,아카네 리제,Akane Lize,UNIVERSE,응애는 뭐야ㅋㅋㅋㅋㅋㅋㅋㅋㅋㅋㅋㅋㅋㅋㄴ,3,2026-09-12T09:10:07Z,21
UgyJ8NYkjq8RAEwU5gt4AaABAg,K06nuLImA0g,아카네 리제,Akane Lize,UNIVERSE,그림체랑 너무 잘 맞아서 더 맛있다,3,2026-09-12T11:00:15Z,19
Ugw25ZTmFgTkCZdzf1J4AaABAg,K06nuLImA0g,아카네 리제,Akane Lize,UNIVERSE,그림체 진짜 개귀엽다 ㅋㅋㅋㅋㅋㅋㅋㅋㅋㅋㅋㅋ,4,2026-09-12T09:08:47Z,24
UgxKo_DgLl2_0LCR3rl4AaABAg,K06nuLImA0g,아카네 리제,Akane Lize,UNIVERSE,이 그림체 볼매야ㅋㅋ,3,2026-09-12T07:58:04Z,11
UgwjuvIZWJUY6ucRo394AaABAg,K06nuLImA0g,아카네 리제,Akane Lize,UNIVERSE,저 데바데 판은 진짜 레전드 였다고요 ㅋㅋㅋ,3,2026-09-12T05:31:39Z,24
Ugw4YgE4JjvNsbmxpdh4AaABAg,K06nuLImA0g,아카네 리제,Akane Lize,UNIVERSE,초등학교 교육이 700년 전이라고~~~ 기억 못할만도 하죸ㅋㅋㅋ,3,2026-09-12T05:32:01Z,35
Ugz3bF1Sk8Q6rmDIX6Z4AaABAg,K06nuLImA0g,아카네 리제,Akane Lize,UNIVERSE,스텔유치원이 시급하다 ㅋㅋ,3,2026-09-12T08:51:39Z,14
UgwAqIc30aCLtill1ot4AaABAg,K06nuLImA0g,아카네 리제,Akane Lize,UNIVERSE,리제는 짱돌이라 그런 거 몰라잉~,34,2026-09-12T05:31:39Z,18
UgxH9GziyK0OglQtxPd4AaABAg,K06nuLImA0g,아카네 리제,Akane Lize,UNIVERSE,역시 리제는 아가가 맞아ㅋㅋㅋㅋㅋㅋㅋㅋㅋㅋㅋㅋㅋㅋㅋ,1,2026-09-12T13:18:54Z,28
UgwtfqDsj5OW4RwIhvl4AaABAg,K06nuLImA0g,아카네 리제,Akane Lize,UNIVERSE,존나귀엽내진짜 ㅋㅋㅋㅋㅋㅋㅋㅋㅋㅋㅋ,3,2026-09-12T05:58:22Z,19
Ugwrjwx3IyVhSEivxNd4AaABAg,K06nuLImA0g,아카네 리제,Akane Lize,UNIVERSE,하긴... 고려 시대땐 아무나 교육 못 받았지,5,2026-09-12T06:34:42Z,25
UgwP33IGF2vSjAxrsDZ4AaABAg,K06nuLImA0g,아카네 리제,Akane Lize,UNIVERSE,ㅋㅋㅋㅋㅋ넘 귀여워 아가리제,2,2026-09-12T06:10:17Z,15
UgzcE1uk_fgR5gQSR4l4AaABAg,K06nuLImA0g,아카네 리제,Akane Lize,UNIVERSE,스텔에서 안가르쳤다는 말에 스처지나가는 그놈들,1,2026-09-12T06:26:45Z,25
UgyhvDLzEr-8Q8hl1jF4AaABAg,K06nuLImA0g,아카네 리제,Akane Lize,UNIVERSE,700살이면 아무래도 배울나이때 기초교육이 없었단 것이지,3,2026-09-12T05:39:18Z,31
UgxRLqpWm0TQii1eUVd4AaABAg,K06nuLImA0g,아카네 리제,Akane Lize,UNIVERSE,하나 둘 셋!,4,2026-09-12T06:30:25Z,7
UgyvuZOxoK-Pufb6RFF4AaABAg,K06nuLImA0g,아카네 리제,Akane Lize,UNIVERSE,응애~ 아파요오~~ ㅋㅋㅋ,1,2026-09-17T21:40:54Z,14
UgzWN5J_rQYX8Ex7vEZ4AaABAg,K06nuLImA0g,아카네 리제,Akane Lize,UNIVERSE,끌고 가는거 느엥귀엽네ㅋㅋㅋㅋ,2,2026-09-12T05:42:57Z,16
UgyNGTsmzLOLNzf1FfZ4AaABAg,K06nuLImA0g,아카네 리제,Akane Lize,UNIVERSE,냅다 베어버리는게 개웃기네 ㅋㅋㅋㅋ,1,2026-09-12T07:24:56Z,19
UgxEzVt7FfcvGpsNFlt4AaABAg,kZ9ZHFuWkJY,아카네 리제,Akane Lize,UNIVERSE,아잇 그림체 쭨뜩쭨뜩하이 통통 쫀득쫀쫀한게 참 느엥하네요,876,2026-08-25T05:41:30Z,31
Ugwd7iCkCajnHRNR0CB4AaABAg,kZ9ZHFuWkJY,아카네 리제,Akane Lize,UNIVERSE,훈훈한 지원은 안받고 화끈한 지원만 받는 천마님 ㅋㅋ,659,2026-08-25T05:31:20Z,29
UgxV55iSzB-nCzQLoHd4AaABAg,kZ9ZHFuWkJY,아카네 리제,Akane Lize,UNIVERSE,여친 재산 다 뜯네..이게 로맨스 스캠이지..,185,2026-08-25T07:25:02Z,25
UgwJp3Pnh1ck8WLqMRp4AaABAg,kZ9ZHFuWkJY,아카네 리제,Akane Lize,UNIVERSE,이건걍 쌩양아치 잔아 ㅋㅋㅋㅋㅋ,21,2026-08-25T06:42:59Z,17
UgxQGaDAN2qjFEebOpp4AaABAg,kZ9ZHFuWkJY,아카네 리제,Akane Lize,UNIVERSE,"예전엔 청초와 청불이 메인이였는데
어느 순간부터 에겐과 귀여움 담당이 된 내 오시라니 
이건 이것대로 미식이로구나",51,2026-08-25T06:45:51Z,63
Ugwn8wgH7hLDWGwY4hB4AaABAg,kZ9ZHFuWkJY,아카네 리제,Akane Lize,UNIVERSE,도둑한테 도둑질 하넼ㅋㅋㅋ,151,2026-08-25T05:32:07Z,14
UgwpSwzS6KT8X4gHVFx4AaABAg,kZ9ZHFuWkJY,아카네 리제,Akane Lize,UNIVERSE,태극듀오는 언제나 귀엽다는것이 학교의 점심,281,2026-08-25T06:00:51Z,23
UgwJrltGV2F9TYEzyMp4AaABAg,kZ9ZHFuWkJY,아카네 리제,Akane Lize,UNIVERSE,그림체 한번 이빠이 쫜득하네 ㅋㅋㅋ,25,2026-08-25T07:46:26Z,19
Ugy71sHRSMkAUY7BnoZ4AaABAg,kZ9ZHFuWkJY,아카네 리제,Akane Lize,UNIVERSE,그림체 느엥이랑 딱 맞네 ㅋㅋㅋㅋ 하찮고 귀여워 ㅋㅋㅋㅋㅋ,29,2026-08-25T06:27:17Z,32
UgwmNfuNfel1DhxtqMZ4AaABAg,kZ9ZHFuWkJY,아카네 리제,Akane Lize,UNIVERSE,화끈한 지원 발성이 개웃김 ㅋㅋㅋㅋ,27,2026-08-25T06:15:13Z,19
UgwSUaxmFr5UyGRXLd14AaABAg,kZ9ZHFuWkJY,아카네 리제,Akane Lize,UNIVERSE,아니 안된다는데 달라고 때쓰는거 내 사촌동생 보는거같냐 ㅋㅋㅋ 리쪽이 클라쓰 ㅋㅋㅋ,4,2026-08-25T08:28:15Z,46
UgyyauBL6QFCb19B84R4AaABAg,kZ9ZHFuWkJY,아카네 리제,Akane Lize,UNIVERSE,빨개져버린 뿌대이,17,2026-08-25T05:33:25Z,9
UgyAmq647YsCNxa1Zhl4AaABAg,kZ9ZHFuWkJY,아카네 리제,Akane Lize,UNIVERSE,"?? 자, 가진거 다 내놓고, 정실자리도 순순히 내놓으실까?",4,2026-08-25T08:33:07Z,33
UgyXvCPl4lChwGzIqfp4AaABAg,kZ9ZHFuWkJY,아카네 리제,Akane Lize,UNIVERSE,천마 그지야.. ㅋㅋㅋ,6,2026-08-25T06:54:28Z,12
UgydlwckjMvDFCNdc294AaABAg,kZ9ZHFuWkJY,아카네 리제,Akane Lize,UNIVERSE,진짜 이 찹쌀떡 그림체 너무 어울리고 귀엽다,4,2026-08-25T06:08:31Z,24
Ugz--oG6KuDiEbK7RBx4AaABAg,kZ9ZHFuWkJY,아카네 리제,Akane Lize,UNIVERSE,ㅋㅋㅋㅋㅋㅋㅋㅋㅋ더~줘어~가 인상적이네ㅋㅋㅋㅋㅋㅋ,2,2026-08-25T05:33:20Z,27
Ugyuf9iRpoFm87wH9Ap4AaABAg,kZ9ZHFuWkJY,아카네 리제,Akane Lize,UNIVERSE,작업대 설치하고 더 달라는게 개웃겼음 ㅋㅋㅋ,1,2026-08-25T06:00:08Z,24
UgzDTP0ZwVnjH1psVKR4AaABAg,kZ9ZHFuWkJY,아카네 리제,Akane Lize,UNIVERSE,둘 다 존니 귀엽네 진짜 ㅋㅋㅋ 볼따구 비비고 싶다,1,2026-08-28T13:53:16Z,28
Ugy2SHeSH0B1mwC2hRB4AaABAg,kZ9ZHFuWkJY,아카네 리제,Akane Lize,UNIVERSE,"아직, 순수한 결심은 빼앗지 않았나 보네

순 수한
결 심",1,2026-09-03T18:12:20Z,32
UgwEY__7fgx6GCS6MXZ4AaABAg,kZ9ZHFuWkJY,아카네 리제,Akane Lize,UNIVERSE,"이것이야말로 태극 듀오.
물건과 옷도 다 빼앗죠.
북극따위 무시하고 진행하시죠!",1,2026-08-25T06:02:29Z,44
Ugx925sVOiTI1L1qEpF4AaABAg,kZ9ZHFuWkJY,아카네 리제,Akane Lize,UNIVERSE,당당한 우리 천마님,1,2026-08-25T12:16:57Z,10
UgyMCWrMFPbKTt0HIVt4AaABAg,kZ9ZHFuWkJY,아카네 리제,Akane Lize,UNIVERSE,그림체 너무 좋다,1,2026-08-25T06:15:05Z,9
Ugwx1uojNNlAGrtU1BN4AaABAg,kZ9ZHFuWkJY,아카네 리제,Akane Lize,UNIVERSE,저건 타락한 인티제잖아요,2,2026-08-25T16:07:56Z,13
Ugwsb34plAgy39_LjuJ4AaABAg,kZ9ZHFuWkJY,아카네 리제,Akane Lize,UNIVERSE,ㅋㅋㅋㅋㅋ태극듀오는 항상 옳아,1,2026-08-25T06:05:10Z,16
UgzAtWfSlaqHOh7p3fx4AaABAg,kZ9ZHFuWkJY,아카네 리제,Akane Lize,UNIVERSE,리제 말투가 너무 귀엽다 ㅋㅋㅋ,1,2026-08-25T06:58:03Z,17
Ugwue4aDtY0W1gv5Vyp4AaABAg,kZ9ZHFuWkJY,아카네 리제,Akane Lize,UNIVERSE,진짜 이집 야르송이후로 쪼꼬미에 짜리몽땅이 더귀여워졌엌ㅋㅋㅋㅋㅋㅋㅋㅋㅋㅋ,0,2026-08-25T13:31:25Z,40
UgyKha5zCkUiSlloKf14AaABAg,kZ9ZHFuWkJY,아카네 리제,Akane Lize,UNIVERSE,"합법적 삥 뜯기 ㅋㅋㅋ
솔직히 저 장면 웃기긴 했음.. 자제 이정도면 된다고 줬는데
보는 자리에서 전부 사용하더니 더 달라고 하는데 ㅋㅋㅋ
어이없어 하는 타비의 표정 ㅋㅋㅋ",0,2026-08-25T06:03:48Z,96
UgwKsP72W9U-X4bMgW14AaABAg,kZ9ZHFuWkJY,아카네 리제,Akane Lize,UNIVERSE,그림체 진짜 ㅋㅋㅋㅋㅋㄱㄲ,1,2026-08-25T05:47:39Z,14
UgzB5Tx5wVr1n_QA9et4AaABAg,kZ9ZHFuWkJY,아카네 리제,Akane Lize,UNIVERSE,아는 내용인데 그냥 그림이 개웃겨서 겁나 새롭네 ㅋㅋㅋㅋ,1,2026-08-25T05:42:41Z,31
UgyMGfHvYlmxOja4qYh4AaABAg,kZ9ZHFuWkJY,아카네 리제,Akane Lize,UNIVERSE,진짜 그림체 띨빵해서 귀여운데 쫀득해서 귀여워,0,2026-08-25T09:59:44Z,25
Ugw74G2ajkZzVh0EkqZ4AaABAg,kZ9ZHFuWkJY,아카네 리제,Akane Lize,UNIVERSE,그림체 개귀욥다 ㅋㅋㅋㅋㅋㅋㅋㅋ 리제 볼 늘어난 거 봐 ㅋㅋㅋㅋㅋㅋㅋㅋㅋㅋㅋㅋ,0,2026-08-25T11:37:32Z,43
Ugys55VNj71l5IKGWcB4AaABAg,kZ9ZHFuWkJY,아카네 리제,Akane Lize,UNIVERSE,그림 넘 귀엽네 아가들이 더욱 귀여워지네 볼따구 조물조물하고싶당,0,2026-08-25T06:01:19Z,35
UgxnyZ1AjITe04WF2Sh4AaABAg,kZ9ZHFuWkJY,아카네 리제,Akane Lize,UNIVERSE,중간이 없다니까 자기 중심적으로 할 거 같아서 차마 중간 없다고는 못하겠다.. ;ㅁ;,1,2026-08-25T06:02:06Z,47
UgxVAa6DkCY6r7PD4_l4AaABAg,kZ9ZHFuWkJY,아카네 리제,Akane Lize,UNIVERSE,아ㅋㅋㅋㅋ훈지말고 화끈한 지원 달라구~,0,2026-08-25T06:40:21Z,21
Ugy6C3DvSxr9aaFvvf14AaABAg,kZ9ZHFuWkJY,아카네 리제,Akane Lize,UNIVERSE,한번 뜯을때 화끈하게 뜯어버리는 천마님ㅋㅋㅋㅋㅋㅋㅋㅋㅋㅋㅋㅋㅋㅋㅋㅋㅋㅋㅋㅋㅋㅋ,0,2026-08-25T07:03:21Z,43
UgzlssaoNOkD4lmBDDV4AaABAg,kZ9ZHFuWkJY,아카네 리제,Akane Lize,UNIVERSE,리제님 느엥  할때마다  너무 귀여움 ㅋㅋㅋ,0,2026-09-08T12:17:47Z,24
Ugwa_EdhC0IzLw5rghZ4AaABAg,kZ9ZHFuWkJY,아카네 리제,Akane Lize,UNIVERSE,태극듀오의 티키타카는 언제나 꿀잼보장!,0,2026-08-26T01:49:55Z,21
UgxqY5VM_wAgFLQmfFZ4AaABAg,kZ9ZHFuWkJY,아카네 리제,Akane Lize,UNIVERSE,타비님과 리제님 케미 너무 좋네요ㅎㅎ,0,2026-08-25T06:10:41Z,20
UgyAd-SbKclw5Ef9VGx4AaABAg,kZ9ZHFuWkJY,아카네 리제,Akane Lize,UNIVERSE,ㅋㅋㅋㅋㅋ 동기사랑은 타비티비,0,2026-08-25T06:03:35Z,16
UgyF86KZfH4XXU21EiN4AaABAg,kZ9ZHFuWkJY,아카네 리제,Akane Lize,UNIVERSE,"저 제작대 설치하고 진행했다고
더 달라할때 진짜 어의없었는데 ㅋㅋㅋㅋ",0,2026-08-25T05:43:49Z,38
UgxzzvsOCQZTmO5p-PB4AaABAg,nwqIoe_3zbE,아라하시 타비,Arahashi Tabi,UNIVERSE,"맨 마지막 크레딧에 원곡자가 저로 되어있는 찐빠를 발견했습니다 !
절대 제가 원곡자가 아닙니다 !!!
원곡자는 Panic! At The Disco 입니댯 !!",1939,2026-08-31T12:40:29Z,88
UgwJi9qQjxuUFNvmtGx4AaABAg,nwqIoe_3zbE,아라하시 타비,Arahashi Tabi,UNIVERSE,타비가 일부러 자막을 마마를 아버지로 쓴거보고 울컥했다,615,2026-08-31T12:31:58Z,30
UgwF7bSIQo_-pITh5ex4AaABAg,nwqIoe_3zbE,아라하시 타비,Arahashi Tabi,UNIVERSE,"평범한 고2 뿡댕이입니다!
아침마다 듣던 노래를 커버해주셔서 감사합니다!! 덕분에 매일 커버곡과 오리곡들로 활기를 얻어서 등교하고있습니다..!
자막을 키고 노래를 듣다가 자막이 가사와 다르게 나온것을 보고 어떤 의미가 있을까? 라고 생각했는데 그 의미를 알고나니 저도 아버지처럼 누군가의 인생에 큰 발자국을 남길 수 있는 사람이 되고싶다고 생각하게 되었습니다! 항상 팬들을 생각해주시는 마음을 여러가지 방법으로 표현해주셔서 감동도 받았습니다.. 소심한 성격탓에 적극적인 활동은 하지못하지만, 그래도 마음은 항상 응원하고있습니다!! 정타비 화이팅!!",40,2026-09-04T14:51:28Z,306
UgwUOqfZgSmT3wBYWpN4AaABAg,nwqIoe_3zbE,아라하시 타비,Arahashi Tabi,UNIVERSE,10장을 의뢰했지만 선의로 무려 40장이나 그려주신 그림작가님 진짜 너무 감사합니다ㅠㅠ,786,2026-08-31T12:22:47Z,48
UgxBwARqg-hJRRhNjzh4AaABAg,nwqIoe_3zbE,아라하시 타비,Arahashi Tabi,UNIVERSE,엄마아빠..정타비는 위대한 사람이에요,43,2026-08-31T12:08:39Z,20
UgyfYDHVABTqI8Z9g3p4AaABAg,nwqIoe_3zbE,아라하시 타비,Arahashi Tabi,UNIVERSE,2:33 여기 점점 고조되는게 진짜 미쳤음,5,2026-09-12T19:23:56Z,23
UgxzufbB46NVFAZRbz94AaABAg,nwqIoe_3zbE,아라하시 타비,Arahashi Tabi,UNIVERSE,"High hopes

Don't give up, guys!",6,2026-09-09T09:12:53Z,32
Ugx7LUJOMPyUINjUv-14AaABAg,nwqIoe_3zbE,아라하시 타비,Arahashi Tabi,UNIVERSE,"따비야 좋은 노래 고마워
학폭으로 우울증, 공황장애가
생겨서 자퇴하고 사실 많이 힘들어하며 살고 있는데 
요즘은 타비와 스텔라들 덕분에 살아가고 있는 것 같아
너가 이 댓글을 볼지는 모르겠지만 따비의 존재가
나 말고도 다른이들에게도
큰 힘이 된다는 걸 알았으면 좋겠어! 너무 잘하고 있고 잘해왔으니까 앞으로도 열심히 달려가보자 사랑해 정따비❤❤❤",90,2026-08-31T23:19:37Z,193
UgxjK23DOY9fg0x5DwJ4AaABAg,nwqIoe_3zbE,아라하시 타비,Arahashi Tabi,UNIVERSE,2:58 배경화면으로 만들어주면 레전드 된다이거,64,2026-08-31T12:16:09Z,26
UgxBrSnrWiw1OsCljIp4AaABAg,nwqIoe_3zbE,아라하시 타비,Arahashi Tabi,UNIVERSE,9모 올백 맞은 뿡댕이입니다! 계속 노래 듣고 있으니 타비님도 큰 꿈을 가지고 나아가 주세요!,5,2026-09-16T07:24:02Z,52
UgyjzKPYpgUDHdT7uVN4AaABAg,nwqIoe_3zbE,아라하시 타비,Arahashi Tabi,UNIVERSE,언젠가는 타비가 반드시 커버해 줄 거라고 생각했던 노래 역시나 기대 그 이상이다 내 하나뿐인 오시 타비에게 항상 좋은 일만 가득하길,42,2026-08-31T12:05:56Z,73
UgwLe1RWZJdKwwVXF0h4AaABAg,nwqIoe_3zbE,아라하시 타비,Arahashi Tabi,UNIVERSE,High Hopes 70만회 달성!! 더 높이 가보자ㅏㅏㅏㅏㅏㅏ,3,2026-09-12T04:43:02Z,35
Ugw5yr_YSPE0JgKPpPN4AaABAg,nwqIoe_3zbE,아라하시 타비,Arahashi Tabi,UNIVERSE,"뿡댕이가 된지 200일차인 평범한 초5입니다
제가 우울증을 진단 받은건 아니지만 매사에 항상 부정적이고 우울해져서 한편으로 자ㅅ까지 생각하고 시도했던 뿡댕이입니다
그러던 그때, 타비님을 우연히 접했고 타비님 덕분에 항상 하루하루를 즐겁게 보내고있습니다
타비님 건강하시고 꼭 열심히 방송해주세요.

화이팅!🫡",7,2026-09-07T12:59:11Z,171
UgzORr6qHSxEVX0YPW14AaABAg,nwqIoe_3zbE,아라하시 타비,Arahashi Tabi,UNIVERSE,0:48 밍사장 물에 빠진거 왤케 웃기냐 ㅋㅋㅋ 커버곡 올릴때 마다 일러 퀄이 좋아서 눈이 즐겁구나 타비야,2,2026-09-03T01:12:36Z,59
UgzCTdeunmspJFqtIkZ4AaABAg,nwqIoe_3zbE,아라하시 타비,Arahashi Tabi,UNIVERSE,"따비의 하이홉스..!
나 기대해도 되는거지?!
따비랑 너무너무 잘 어울리는 청량한 느낌!!! 진짜 너무 좋다!!",27,2026-08-30T17:20:54Z,62
Ugwi6yEVnTuaf5Wx2aB4AaABAg,nwqIoe_3zbE,아라하시 타비,Arahashi Tabi,UNIVERSE,2:31 허억... 개멋져,16,2026-08-31T12:01:36Z,14
UgxK990tZsOdC163exl4AaABAg,nwqIoe_3zbE,아라하시 타비,Arahashi Tabi,UNIVERSE,벌써 60만이다 따비야 네 노래를 좋아하는사람이 이렇게나 많다,3,2026-09-08T03:09:48Z,34
Ugz-lZtEOAFCiDu-Nr54AaABAg,nwqIoe_3zbE,아라하시 타비,Arahashi Tabi,UNIVERSE,"아빠가 어떤 사람인지 모르지만, 바꾼 가사를 보고 나에게도 아빠가 있었다면 저런 말을 들을 수 있었을까 생각해보게 되네요. 따비 신의상 너무 예쁘다!! 좋은 노래 커버해줘서 고마워잉",15,2026-09-01T13:49:42Z,101
UgwJlPzTKHo1fDBq76t4AaABAg,nwqIoe_3zbE,아라하시 타비,Arahashi Tabi,UNIVERSE,타비야 생일축하해 타비는 언제나 뿌댜의 high hopes 🩵,2,2026-09-07T00:15:17Z,34
UgzmWyUrTxluDBk_-H14AaABAg,nwqIoe_3zbE,아라하시 타비,Arahashi Tabi,UNIVERSE,"공부가 너무 힘들어 창문 앞에 섰을때
예약해둔 커버곡 알림이 떠서 내가 듣는
마지막 타비 노래다 하고 들었는데
다시 살아갈 용기를 얻었습니다
진심으로 감사드려요. 타비님이 진심으로
전해주신 노래의 가사처럼 높은 꿈을
가지고 열심히 공부할게요",12,2026-09-08T09:01:08Z,134
Ugwm0uSZ-rGPTRupIxx4AaABAg,nwqIoe_3zbE,아라하시 타비,Arahashi Tabi,UNIVERSE,"늦게 봐서 미안해..
정말 멋있는 사람인 내 오시! 앞으로도 함께야",2,2026-09-08T08:02:49Z,37
Ugw-oTDYRcr-pmnhHsx4AaABAg,nwqIoe_3zbE,아라하시 타비,Arahashi Tabi,UNIVERSE,"와 애니메이션까지 얼마나 준비한거야 타비야 안 그래도 바쁜 시기일텐데
이렇게 행복한 커버곡 준비해줘서 고마워🥹 
이번 신의상도 정말 잘 어울린다 최고야!!!!!!!",37,2026-08-31T11:47:09Z,91
UgyDfoeg4JbYqwqzvw94AaABAg,nwqIoe_3zbE,아라하시 타비,Arahashi Tabi,UNIVERSE,이번 신의상도 이쁘게 잘 나왔고 모든 뿡댕이와 파스텔은 타비가 지금처럼 잘 노래잘하고 멤버들과 생활하는모습은 매우좋고 타비방송 보면서 모든 뿡댕이는 오늘의하루를 버텼다고 생각을 한다. 타비야 건강하게 잘 지냉 ❤❤❤❤❤,2,2026-09-13T02:27:44Z,122
UgyuEcaY5hqhhp74KQl4AaABAg,nwqIoe_3zbE,아라하시 타비,Arahashi Tabi,UNIVERSE,솔직히 다들 애니 얘기 있고 한데 그냥 그런거 제쳐두고 지금까지 부른 노래중에 제일 잘부름 심지어 장르 선정도 그냥 딱 타비꺼라는 생각이 들게끔 너무 노래를 잘 잡음 잘들었습니다 잘부르시네요,4,2026-09-04T14:59:32Z,106
Ugyeppq1_euTeTe5pVR4AaABAg,nwqIoe_3zbE,아라하시 타비,Arahashi Tabi,UNIVERSE,영상 마지막에 높은 파도가 다가와도 패닉에 빠지거나 도망가지 않고 결심하듯 웃으면서 즐기듯이 서핑타는 애니메이션과 함께 노래 후렴구가 같이 나오는거 보고 울컥했어요. 저도 살면서 크고 작은 위기같은 순간들이 저를 덮치는 듯한 느낌을 받은 적이 있었고 그때마다 움츠러들고 자책하는 순간들이 많았는데 이제는 타비처럼 웃으면서 즐기듯이 살아가고 싶어요😂🩵 늘 응원하고 있어요 타비님. 화이팅!!🥰,1,2026-09-03T00:27:10Z,218
UgyjR3t0aSO1SrgoSzx4AaABAg,nwqIoe_3zbE,아라하시 타비,Arahashi Tabi,UNIVERSE,"음악 준비중인 고1파스텔입니다
사실 요즘부터 스트레스도 자주 받고 과연 내가 성공할수 있을까 하는 생각에 걱정이 많았는데 이번 노래 듣고 생각을 바꿨습니다
그냥 꿈을 크게 잡고 노력하자! 다른 학생분들로 치자면 우선 목표를 서울대로 잡고 노력하다 보면 진짜 서울대가 아니더라도 좋은 결과가 나오는 것처럼 이 노래 제목처럼 저도 high hopes 큰 꿈을 가지고 앞으로 나아갈 용기를 얻었습니다
좋은 노래 불러주신 타비님과 작업자분들 그리고 타비가 이 자리까지 올수 있게 있어준 수많은 뿡댕이 파스텔분들 모두 감사드리고 행복하세요!",18,2026-09-02T09:22:13Z,297
Ugxk68r6NoW0h9zvk5t4AaABAg,nwqIoe_3zbE,아라하시 타비,Arahashi Tabi,UNIVERSE,"1:15 캬 타비가 목 긁는거 너무 좋다
(●´ω｀●)",8,2026-09-03T07:06:14Z,30
Ugx7e8Io_6kgToLzAEJ4AaABAg,nwqIoe_3zbE,아라하시 타비,Arahashi Tabi,UNIVERSE,오! 오렌만이다! 이노래!,3,2026-09-10T11:57:33Z,14
UgxF9qtRU9GoQAhMBHF4AaABAg,nwqIoe_3zbE,아라하시 타비,Arahashi Tabi,UNIVERSE,"""태어났으니 살아가야지""",2,2026-09-13T03:36:56Z,13
UgxUTk2bJ7242jvlG3V4AaABAg,nwqIoe_3zbE,아라하시 타비,Arahashi Tabi,UNIVERSE,진짜 타비 음색이랑 너무 잘 어울린다. 특히 가사에서 ‘mama’를 ‘아버지’로 번역한 것도 그렇고 타비가 지금까지 걸어온 길을 이야기해 주는 느낌이라 더 좋은 것 같음,5,2026-09-02T09:53:38Z,94
UgykuhmDBBf1YQ_C6dh4AaABAg,nwqIoe_3zbE,아라하시 타비,Arahashi Tabi,UNIVERSE,타비야 생일콘에 오리곡들도 그렇고 최근 커버곡들도 그렇고 너 요즘 폼 미쳤어,2,2026-09-08T04:49:47Z,42
Ugw_ShKuAuXkIdgLBJl4AaABAg,nwqIoe_3zbE,아라하시 타비,Arahashi Tabi,UNIVERSE,"따비야....너가 포기하지 않고 여기까지 와줘서 너무 고맙다
넌 누군가에겐 우상이고 빛이야
앞으로도 잘 부탁해",8,2026-08-31T23:16:03Z,61
UgyRC64-EAlm-ixqHhB4AaABAg,nwqIoe_3zbE,아라하시 타비,Arahashi Tabi,UNIVERSE,"Tabi's voice fits this song so well, great job with the cover! 👏

I would love to hear you sing more English songs as well!",2,2026-09-05T06:51:52Z,123
UgzLdOAvLxVxPrAPlZR4AaABAg,nwqIoe_3zbE,아라하시 타비,Arahashi Tabi,UNIVERSE,"언제 들어도 너무 좋다,,",3,2026-09-13T05:23:24Z,14
UgyUmveqb4BPeASTN194AaABAg,nwqIoe_3zbE,아라하시 타비,Arahashi Tabi,UNIVERSE,"성공이 어려운 게 아니다. 
끝이 어딘지 모를 어둠 속에서 빛을 좇는 게 어두운 거다.
밤하늘에 빛나려면 얼마나 많은 빛을 내야하는지는, 저기 박혀있는 별만 알기에.",2,2026-09-06T14:21:41Z,92
Ugx2Hcw1zvwGM48x5uh4AaABAg,nwqIoe_3zbE,아라하시 타비,Arahashi Tabi,UNIVERSE,"타비가 이렇게불러주는데
뿡댕이를 어케안해",30,2026-08-31T11:49:05Z,22
UgxVk4Jo4Bj4HRBE7jp4AaABAg,nwqIoe_3zbE,아라하시 타비,Arahashi Tabi,UNIVERSE,내가 가장 좋아하는 노랜데 타비야 고맙다 덕분에 여름도 잘 보내고있고 덕분에 굿즈 생각에 기대도 된다 언제나 나의 아이돌 타비야 쭉 계속 함께하자,7,2026-08-31T12:01:22Z,81
Ugz_VCJkl9DYEFuctml4AaABAg,nwqIoe_3zbE,아라하시 타비,Arahashi Tabi,UNIVERSE,"널 선택한걸 후회하지 않게 해주는구나... 5년 10년이 지나도, 우리가 헤어지는 날이 오더라도 이 노래를 들으며 기억할게 사랑한다 정타비🩵🩵",123,2026-08-31T12:09:25Z,79
UgzC_esW_VPll55HIsl4AaABAg,nwqIoe_3zbE,아라하시 타비,Arahashi Tabi,UNIVERSE,요이 근데 신의상 쓴거 ㄹㅇ 감다살이네,3,2026-09-08T10:34:05Z,21
UgyFBHtb93jHk5bAl2F4AaABAg,uBtFoUXR9Qc,아라하시 타비,Arahashi Tabi,UNIVERSE,"처음에 나온 편지 번역)
제 곁을 함께 걸어준 모든 분들께,
제가 헤매던 날들 속에서도 저를 찾아와 주셔서 고마워요.
여러분이 곁에 있어 주었기에, 스쳐가는 모든 바람조차 계속 나아갈 이유가 되었습니다.
바람이 우리를 어디로 이끌든, 우리가 언제나 같은 하늘을 바라볼 수 있기를 바라요.
이 여정에 함께해 주어서 참 행복합니다. ♡",1700,2026-09-07T15:09:49Z,185
UgxdDTDORVGtWFPIwxt4AaABAg,uBtFoUXR9Qc,아라하시 타비,Arahashi Tabi,UNIVERSE,"음색 너무 좋다
0:32 작게 흐앙~ 이거 모임 ㅋㅋㅋㅋㅋ 뿡쳐귀엽넹",149,2026-09-08T05:25:42Z,38
UgwpsSXX9G9cpfjWmBB4AaABAg,uBtFoUXR9Qc,아라하시 타비,Arahashi Tabi,UNIVERSE,"타비님
덕분에 버튜버 판에 제대로 발을 들였습니다. 작든 크든 아라하시타비는 많은 사람에게 영향을 주었습니다. 작은 짐이 아닐터인걸 뿌댕이들도 잘 알고있으니
언제나 뒤에 저희가 있다는걸 잊지 말아주셨으면 합니다.
생일 축하해 따비야.",27,2026-09-07T15:53:27Z,130
Ugx8XxvEDYl4X1FZwE14AaABAg,uBtFoUXR9Qc,아라하시 타비,Arahashi Tabi,UNIVERSE,늘 힘차고 기운넘치던 사람이 맛깔나고 깔끔한 가성을 보여주는게 너무 좋다. 저음도 고음도 가성 기교 다 너무 좋다. 진짜 정말 너무 사랑한다.,2,2026-09-20T07:22:58Z,79
Ugzgyh0zDMV43B5IZyl4AaABAg,uBtFoUXR9Qc,아라하시 타비,Arahashi Tabi,UNIVERSE,"타비 목 관리 잘 하면서 노래 실력도 진짜 엄청 늘었다!!!
그래 본인만의 음색에 맞게 노래 잘 고르고 잘 소화할 줄 알아야지!
자신감 가져라 타비야 너 지금 잘해 너 지금 최고야!",10,2026-09-08T15:00:38Z,101
UgzV38jzRWvV9EMdRjJ4AaABAg,uBtFoUXR9Qc,아라하시 타비,Arahashi Tabi,UNIVERSE,"타비야 4번째 생일 축하해🌊🧭
신의상 커버곡도 올라온지 얼마 안됐는데 생일 커버곡이라니!! 늘 뿡댕이들을 위해서 열심히 준비해줘서 고마워, 타비야! 생일축하해! 사랑해🌊🧭",128,2026-09-07T12:45:48Z,95
UgzgLdnNYIQOcQoRx8J4AaABAg,uBtFoUXR9Qc,아라하시 타비,Arahashi Tabi,UNIVERSE,3:51 아웃트로 때 원곡에 없는 기타솔로 + 기타리프랑 톤 등등 트럼펫 솔로 대신에 기타솔로 들어가는거 보니까 세션이 따로 녹음한듯,115,2026-09-07T22:17:10Z,74
UgwFJxsqIoFwhkXmATx4AaABAg,uBtFoUXR9Qc,아라하시 타비,Arahashi Tabi,UNIVERSE,"요루시카,,, 파란머리,,,
그러니까 이게 매지컬미라이2026 인거죠?",6,2026-09-08T12:50:49Z,39
Ugyv0bFtI6Y56UYKoUd4AaABAg,uBtFoUXR9Qc,아라하시 타비,Arahashi Tabi,UNIVERSE,"타비야 지금까지 함께 있어줘서 너무 고맙다..
뮤비에 일러스트 처럼 항상 환하게 웃는 일만 있으면 좋겠다
뿡댕이들도 이렇게 좋아해본 적이 처음이라서 틱틱대긴 하지만
그만큼 좋아하고 사랑 한다는 걸 알고 있으면 좋겠다
누구보다 오랫동안 함께 있자",77,2026-09-07T15:26:42Z,136
UgyCh5vTY_FzyOjS07d4AaABAg,uBtFoUXR9Qc,아라하시 타비,Arahashi Tabi,UNIVERSE,타비야 오늘 생일 방송 너무 고생했어 요즘 엄청 바쁘게 지내던데 이거 보여주려고 했구나 수고했어 늘 우리 위해 노력해줘서 고마워 우리 천만년돌 영원히 행복하자 생일축하해🎉 많이 사랑해 🩵,59,2026-09-07T15:41:45Z,104
Ugz2P9IVpcHI7TBkDy14AaABAg,uBtFoUXR9Qc,아라하시 타비,Arahashi Tabi,UNIVERSE,처음에 봤을땐 그냥 장난꾸러기인줄 알았는데 알고보면 속이 참 깊고 착한 타비 너무너무 사랑해,8,2026-09-09T10:06:59Z,51
Ugzz93-Ze6tfQgDwaMl4AaABAg,uBtFoUXR9Qc,아라하시 타비,Arahashi Tabi,UNIVERSE,진짜로 청량하고 시원하고 그리고 특히 기타 가 와  진짜로 시원하게 스트레스 날려주는 느낌 와 진짜로 잘들었습니다 그리고 늦졌지만 타비님 생일 축하드립니다🩵,10,2026-09-08T12:53:09Z,87
UgywORdWnDSeVNI_MwF4AaABAg,uBtFoUXR9Qc,아라하시 타비,Arahashi Tabi,UNIVERSE,노래 음색 일러까지 너무 조타.. 음색 진짜 너무 내 스탈이라 좋다라는 말 밖에 안 나옴..,13,2026-09-08T10:40:13Z,51
UgwKvQuy66Ph65KpRVR4AaABAg,uBtFoUXR9Qc,아라하시 타비,Arahashi Tabi,UNIVERSE,방송에서 수도 없이 채팅창을 잠식했던 욘~데이루가 오다니!! 캬~~ 어느덧 4번째 생일이라니 정말 축하해 🎉🎉 언제나 타비가 가는 길에 행복만이 가득하길 빌께!! 사랑해 🩵🩵,17,2026-09-06T17:11:51Z,97
Ugw1bBfLU-P2EfLFsF94AaABAg,uBtFoUXR9Qc,아라하시 타비,Arahashi Tabi,UNIVERSE,"3:22에서 포인트 주면서 악기 소리 터지는 부분 들을 때마다 도파민 너무 돈다
방송에서 듣던 만큼 요즘 엄청 자주 듣던 노래라 커버 해줘서 고맙다!! 생일 축하해 타비",12,2026-09-09T10:17:27Z,94
Ugz1VebAfMMriMXa8mF4AaABAg,uBtFoUXR9Qc,아라하시 타비,Arahashi Tabi,UNIVERSE,"타비의 4번째 생일 축하해! 🥳 
이 노래를 방송에서 자주 틀더니 커버를 해주다니 너무 기뻐!
앞으로도 타비의 여로를 계속 함께하고 지켜봐줄게!",4,2026-09-09T01:15:14Z,80
UgzCzYrZ7iWM0fX-hrh4AaABAg,uBtFoUXR9Qc,아라하시 타비,Arahashi Tabi,UNIVERSE,"뭐라고? 정타비가 욘데이루를 불렀다고?
크르르르 참‼️을‼️수‼️가‼️없‼️다‼️


4번째 생일 축하하고 우리 곁에 계속 있어줘서 항상 고맙다
항상 사랑한다🎉",12,2026-09-07T15:05:28Z,89
UgzvJ1LGuEJGUrYLP2d4AaABAg,uBtFoUXR9Qc,아라하시 타비,Arahashi Tabi,UNIVERSE,"우리 개쳐사랑스러운 정따비 커버곡 내느라 고생많았다 진짜 항상 동경하고 있고 끝까지 서로가 서로에게 빛나는 이정표로서 서로에게 소중한 인연으로 남았으면 좋겠다, 노래 잘 들을게 생일축하한다🎉",5,2026-09-09T03:50:24Z,106
UgzgV1Ixw4vaG_XbYg94AaABAg,uBtFoUXR9Qc,아라하시 타비,Arahashi Tabi,UNIVERSE,1番の推しが、千鳥歌ってくれて嬉しすぎるし、歌声まじで好きだー！,25,2026-09-07T15:53:47Z,32
UgyqoIG6n4dRaxnMD2x4AaABAg,uBtFoUXR9Qc,아라하시 타비,Arahashi Tabi,UNIVERSE,타비야 4번째 생일 축하해!!!🎉🎉🎉,5,2026-09-09T13:28:46Z,20
UgzLOhpYUfT3yEa0-4h4AaABAg,uBtFoUXR9Qc,아라하시 타비,Arahashi Tabi,UNIVERSE,물떼새 진짜 좋아하는데 커버 고마워ㅓㅓㅓ,8,2026-09-08T12:03:53Z,22
UgzKlWfYS_jXnjHLd5l4AaABAg,uBtFoUXR9Qc,아라하시 타비,Arahashi Tabi,UNIVERSE,"타비 이번에 힘 빡주고 불렀는데 허스키한 느낌까지 대박이네

타비야 4번째 생일 축하해!!🎉",7,2026-09-08T07:50:36Z,51
UgzxjSFcf4Y8tc-YyEx4AaABAg,uBtFoUXR9Qc,아라하시 타비,Arahashi Tabi,UNIVERSE,타비 목소리 평생 듣고 싶다,6,2026-09-10T13:45:15Z,15
Ugw6TOYelranqR3LpKV4AaABAg,uBtFoUXR9Qc,아라하시 타비,Arahashi Tabi,UNIVERSE,땁이얌 노레너무 좋다! 생일 축하 했고 앞으로도 쭉 행복 하자잉!!🎉🎉,3,2026-09-09T11:04:11Z,39
Ugx8gTDrzVtlmGfgSSd4AaABAg,uBtFoUXR9Qc,아라하시 타비,Arahashi Tabi,UNIVERSE,"많이 성장했다 우리 타비. 3년 전부터 오직 너의 목소리가 내 마음을 흔들었어. 타비가 멋지게 성장하는 만큼 나도 노력할게. 계속, 더 오래 볼 수 있으면 좋겠다",11,2026-09-08T00:16:15Z,90
UgxkZ-o7jusyBSlV8754AaABAg,uBtFoUXR9Qc,아라하시 타비,Arahashi Tabi,UNIVERSE,타비야 4번째 생일 축하해🎉 화이팅!,7,2026-09-08T12:06:15Z,20
UgwJbASUQWZACQmS6x14AaABAg,uBtFoUXR9Qc,아라하시 타비,Arahashi Tabi,UNIVERSE,"타비 넘 죠아,, 음샏조 넘 조쿵",3,2026-09-10T12:25:35Z,18
UgzcsBgUC-dRADkVbER4AaABAg,uBtFoUXR9Qc,아라하시 타비,Arahashi Tabi,UNIVERSE,벌써 타비가 4번째 생일이라니... 타비를 보며 시간이 너무 빠르다고 느껴 생일 축하해!!,4,2026-09-08T12:14:43Z,50
UgxoxzScRuBgI2MJMIR4AaABAg,uBtFoUXR9Qc,아라하시 타비,Arahashi Tabi,UNIVERSE,"따비야...
아무리 그림이라도 너무 사기 치는거 아니냐고..",1,2026-09-10T09:45:02Z,33
Ugz1N3DZxji6g9MJmB14AaABAg,uBtFoUXR9Qc,아라하시 타비,Arahashi Tabi,UNIVERSE,타비가 와타시오 욘-데이~이루~,32,2026-09-07T16:54:16Z,17
UgzH2uWIf3093dX0H_V4AaABAg,uBtFoUXR9Qc,아라하시 타비,Arahashi Tabi,UNIVERSE,"비록 일때문에 생방보진 못했지만, 아라하시 타비님의 생일을 진심으로 축하드립니다.",1,2026-09-08T04:45:36Z,45
Ugx8oX8DjPxB0a-ecEx4AaABAg,uBtFoUXR9Qc,아라하시 타비,Arahashi Tabi,UNIVERSE,"타비 욘데이루는 원곡이랑 다른 느낌이라서 너무 좋음 특히 일렉이 미쳤음
일렉 원곡보다 존재감이 커서 타비 목소리랑 더 잘어울리는 느낌",7,2026-09-08T06:52:13Z,74
UgxPVyEV0aMvA0GIXO14AaABAg,uBtFoUXR9Qc,아라하시 타비,Arahashi Tabi,UNIVERSE,타비야 늦었지만 4번째 생일 축하한다,2,2026-09-08T11:51:42Z,20
UgwXeO8znzAV_xORDE54AaABAg,uBtFoUXR9Qc,아라하시 타비,Arahashi Tabi,UNIVERSE,"I've been obsessed with this song lately. Wonderful cover, Tabi!",9,2026-09-07T16:19:33Z,64
UgyQtywDUMyyVWUyVzN4AaABAg,uBtFoUXR9Qc,아라하시 타비,Arahashi Tabi,UNIVERSE,"원래 타비가 잘 안쓰는 진짜 정말 따따비가 아니라 정타비라서 좋은 그 약간 걸걸한(?) 그 목소리 진짜 잘어울린다 

인기투표) 쿠모린꺼 vs 증따비꺼",0,2026-09-09T09:59:06Z,84
Ugx1FFJ_3JfAtWN5RcF4AaABAg,uBtFoUXR9Qc,아라하시 타비,Arahashi Tabi,UNIVERSE,"타비 스텔에서 맞이하는 4번째 생일 축하해! 🎉🎉
오리지널 곡 2개 포함 고방밥 생일 컨텐츠 정말 즐거웠어요 :) 
타비와 찰떡인 욘데이루~도 편지도 고마워요! 오늘 오프닝으로 들고 와서 욘데이루 달리게 해줄 거지? ㅋㅋ",6,2026-09-08T07:47:39Z,123
UgwhkrfxI_o4IOrN2Ol4AaABAg,uBtFoUXR9Qc,아라하시 타비,Arahashi Tabi,UNIVERSE,"4번째 생일을 축하해 타비야!
처음 만난 날부터 지금까지 너는 잘 해왔고 잘 해나갈거야!",1,2026-09-08T11:17:14Z,49
UgwvFfNmsHCvTyDMm6J4AaABAg,uBtFoUXR9Qc,아라하시 타비,Arahashi Tabi,UNIVERSE,타비라는 스텔라가 있어서 너무 좋다. 이렇게까지 뿡댕이와 파스텔을 아껴주고 고마운 사람이 있을까 고맙다 그리고 생일 축하해! 항상 응원해!,6,2026-09-07T16:02:57Z,77
UgyEKnnpnVKFXZ_WT2d4AaABAg,uBtFoUXR9Qc,아라하시 타비,Arahashi Tabi,UNIVERSE,정타비 생일 축하해!,1,2026-09-07T15:31:18Z,11
UgxniECNFVaYFt9jmxd4AaABAg,uBtFoUXR9Qc,아라하시 타비,Arahashi Tabi,UNIVERSE,ㅋㅋ 태그에 #타비생일이얌 써둔 거 개귀엽네 ㅋㅋㅋㅋ,3,2026-09-08T22:46:29Z,29
UgzH5sXc9wCUM6b_vi14AaABAg,2z5Ib-ULSH0,아라하시 타비,Arahashi Tabi,UNIVERSE,캣파이트👊 미야오🐱캣파이트👊 미야오🐱캣파이트👊 미야오🐱,644,2026-09-10T08:41:39Z,30
UgzqTstIkYhS33nPCrl4AaABAg,2z5Ib-ULSH0,아라하시 타비,Arahashi Tabi,UNIVERSE,캣파이트👊미야오🐈,905,2026-09-10T08:32:58Z,9
UgzwT4otFIYDNA2t9WZ4AaABAg,2z5Ib-ULSH0,아라하시 타비,Arahashi Tabi,UNIVERSE,"처음부터 퀄리티 뭔데 다큐냐고ㅋㅋㅋㅋ
캣파이트👊 미야오🐱",222,2026-09-10T08:33:13Z,31
UgwrPnW9Ynvg9Ga5bcB4AaABAg,2z5Ib-ULSH0,아라하시 타비,Arahashi Tabi,UNIVERSE,그냥 썸넬에 레나 있으면 대유쾌마운틴임 ㅋㅋㅋㅋ,360,2026-09-10T08:34:10Z,26
Ugw2uuNchgB8NhWZnRd4AaABAg,2z5Ib-ULSH0,아라하시 타비,Arahashi Tabi,UNIVERSE,"레나 나오는 영상은 왜 항상 인트로가 이조랄이 나는거냐 ㅋㅋㅋㅋㅋ
캣퐈이트👊미야오🐈",161,2026-09-10T08:34:59Z,46
UgzkPUZDXOba-7TZd9R4AaABAg,2z5Ib-ULSH0,아라하시 타비,Arahashi Tabi,UNIVERSE,채팅 캣창나는게 진짜 개웃겼는데 ㅋㅋㅋㅋㅋ,337,2026-09-10T08:33:30Z,23
UgzWxppY4hqJLkKlduV4AaABAg,2z5Ib-ULSH0,아라하시 타비,Arahashi Tabi,UNIVERSE,캣파이트👊미야오🐈 캣파이트👊미야오🐈 캣파이트👊미야오🐈,61,2026-09-10T10:31:09Z,29
UgxXQ5m_EYCRNTxgwbt4AaABAg,2z5Ib-ULSH0,아라하시 타비,Arahashi Tabi,UNIVERSE,‪캣파이트✊미야오🐈‬ ‪캣파이트✊미야오🐈‬ ‪캣파이트✊미야오🐈,52,2026-09-10T08:52:22Z,34
UgyQOy7ugEtGa9_ppHl4AaABAg,2z5Ib-ULSH0,아라하시 타비,Arahashi Tabi,UNIVERSE,0:19  역시 타비구나 Fitght는 처음본다,353,2026-09-10T08:35:07Z,26
UgxWFNeqbqtQ2ztoLnx4AaABAg,2z5Ib-ULSH0,아라하시 타비,Arahashi Tabi,UNIVERSE,"6:35 나도 캣퐈이트 미야오 하고 싶다는
타비 졸귀탱ㅋㅋㅋㅋㅋㅋㅋㅋㅋㅋㅋ",14,2026-09-10T17:42:18Z,41
Ugz_M9410duhuBmNLSR4AaABAg,2z5Ib-ULSH0,아라하시 타비,Arahashi Tabi,UNIVERSE,어떻게 노움강도단 후열이 캣파이트👊 미야오🐈,32,2026-09-10T08:44:01Z,24
Ugy8BfduOFT5pEUEccp4AaABAg,2z5Ib-ULSH0,아라하시 타비,Arahashi Tabi,UNIVERSE,캣파이트👊미야오🐈~캣파이트👊미야오🐈~,33,2026-09-10T08:36:28Z,20
Ugxf249-FguDtFfT6U14AaABAg,2z5Ib-ULSH0,아라하시 타비,Arahashi Tabi,UNIVERSE,"또 너야?! 또 레나야.. 젠장 난 또 외쳐야만해..
캣파이트👊 미야오🐈",21,2026-09-10T09:00:15Z,40
UgykMFH4qBRnqGdVguB4AaABAg,2z5Ib-ULSH0,아라하시 타비,Arahashi Tabi,UNIVERSE,캣파이트👊🏻 미야오🐈 ㅋㅋㅋㅋㅋㅋ,35,2026-09-10T08:38:12Z,18
Ugz5wBoV7TxMMUNN_c14AaABAg,2z5Ib-ULSH0,아라하시 타비,Arahashi Tabi,UNIVERSE,"캣파이트👊 미야오🐈는 캣파이트👊 미야오🐈 입니다
👊감사합니다🐈",19,2026-09-10T09:20:57Z,34
UgxpUe6HvF--DxKviJZ4AaABAg,2z5Ib-ULSH0,아라하시 타비,Arahashi Tabi,UNIVERSE,1:44 왜 레나만 레나가 아니라 죵쬐냐고 ㅋㅋㅋㅋㅋㅋㅋㅋ,293,2026-09-10T08:33:53Z,32
UgxnHAUH_ksLYMWHGVV4AaABAg,2z5Ib-ULSH0,아라하시 타비,Arahashi Tabi,UNIVERSE,본방부터 후열까지 말이 안되는 조합 ㅋㅋ,62,2026-09-10T08:32:53Z,22
UgwI-6iswbN0OZf5_zF4AaABAg,2z5Ib-ULSH0,아라하시 타비,Arahashi Tabi,UNIVERSE,10:34 아니 진짜 고양이 하악질하는거같네ㅋㅋㅋㅋ,34,2026-09-10T11:36:57Z,28
UgwpIJzxM-vYpW3fojV4AaABAg,2z5Ib-ULSH0,아라하시 타비,Arahashi Tabi,UNIVERSE,"보라색 타비와
파란색 레나 조합 그냥 믿고 보면됨",102,2026-09-10T08:41:42Z,27
UgwDDS63eKEpmDFBcyR4AaABAg,2z5Ib-ULSH0,아라하시 타비,Arahashi Tabi,UNIVERSE,11:38 아무래도 meow인 것이지,85,2026-09-10T09:06:33Z,20
UgxupFfwbbD2mFgpn8Z4AaABAg,2z5Ib-ULSH0,아라하시 타비,Arahashi Tabi,UNIVERSE,5:25 그와중에 레나는 너불빠진다고 캣파이트 쓴거보면 의외로 정확하게 썼네 ㅋㅋㅋㅋㅋㅋㅋ,10,2026-09-12T06:28:10Z,50
Ugysy5KLwagJ4lkw8bJ4AaABAg,2z5Ib-ULSH0,아라하시 타비,Arahashi Tabi,UNIVERSE,9:05 개물소겜 ㅋㅋㅋㅋㅋ 물리적으로 저딴 무빙이 ㅋㅋㅋㅋㅋㅋ,4,2026-09-10T22:39:31Z,35
UgxK7jdF_R2qgEM65Dh4AaABAg,2z5Ib-ULSH0,아라하시 타비,Arahashi Tabi,UNIVERSE,"머신파티 선수입장에 왜 레나는 죵쬐인데 ㅋㅋㅋ
캣퐈이트👊미야오🐈",6,2026-09-10T09:04:19Z,35
Ugwa_f0Q2PNIHEDJXz54AaABAg,2z5Ib-ULSH0,아라하시 타비,Arahashi Tabi,UNIVERSE,캣파이트👊 미야오🐱캣파이트👊 미야오🐱캣파이트👊 미야오🐱캣파이트👊 미야오🐱 ㅋㅋㅋㅋ,5,2026-09-10T14:07:53Z,45
UgySqw1NBAr9JCLjtBJ4AaABAg,2z5Ib-ULSH0,아라하시 타비,Arahashi Tabi,UNIVERSE,CATFIGHT👊MEOW🐈캣파이트👊MEOW🐈,12,2026-09-10T16:43:36Z,24
UgyCyst-2a2s4aSxykt4AaABAg,2z5Ib-ULSH0,아라하시 타비,Arahashi Tabi,UNIVERSE,진짜 캣파이트 미야오랑 쫑쬐보면 요즘 레나님 폼 미첬다,2,2026-09-11T02:46:50Z,30
UgxKfsa8PDGfZ0iv9-94AaABAg,2z5Ib-ULSH0,아라하시 타비,Arahashi Tabi,UNIVERSE,ㅋㅋㅋㅋ 이때 진짜 너무 웃겼는뎈ㅋㅋㅋㅋ 캣파이트👊 미야오🐈,3,2026-09-10T10:55:50Z,33
UgwlsyokF8VmqLthZoN4AaABAg,2z5Ib-ULSH0,아라하시 타비,Arahashi Tabi,UNIVERSE,"캣파이트 = 대충 여자끼리 싸우는거
열차미니게임에서 여자끼리 싸우게되니까 죵쬐님이 신들려서 말해버리는게 ㅈㄴ 웃기네 ㅋㅋㅋㅋ
캣파이트👊 미야오 🐈",98,2026-09-10T09:27:42Z,81
UgyccqSDyZK4TCqO3xN4AaABAg,2z5Ib-ULSH0,아라하시 타비,Arahashi Tabi,UNIVERSE,아니 어디서 시작된 유행어인가 했는데 이것도 달콤레나야ㅋㅋㅋㅋㅋㅋ,2,2026-09-14T15:01:28Z,36
Ugz8Af1z9dR4B95jj054AaABAg,2z5Ib-ULSH0,아라하시 타비,Arahashi Tabi,UNIVERSE,젠장 캣파이트👊 미야오🐈를 외 칠 수 밖에 없잖아!!!!!,4,2026-09-10T09:57:38Z,32
UgzBn2BxSmYbioFE9XZ4AaABAg,2z5Ib-ULSH0,아라하시 타비,Arahashi Tabi,UNIVERSE,캣파이트👊미야오🐈는 캣파이트👊미야오🐈지 아무래도,3,2026-09-12T09:09:48Z,26
Ugwq8EBMhq8L3AToNbJ4AaABAg,2z5Ib-ULSH0,아라하시 타비,Arahashi Tabi,UNIVERSE,젠장 캣파이트👊미야오🐈 라니…,9,2026-09-10T09:21:32Z,16
UgxrNPxGvlg9WVv0pO54AaABAg,2z5Ib-ULSH0,아라하시 타비,Arahashi Tabi,UNIVERSE,"유튭 채팅창도 뿡창 나게 만들어버리는 타튜브..
캣파이트👊 미야오🐱(?)",2,2026-09-10T09:46:26Z,40
UgydYmgAeTsgDiVlyKF4AaABAg,2z5Ib-ULSH0,아라하시 타비,Arahashi Tabi,UNIVERSE,이상하더라도 입에 붙어버리면 유행어 성립된다..!,3,2026-09-10T10:00:36Z,27
Ugxdzz3htGRiN08ijR54AaABAg,2z5Ib-ULSH0,아라하시 타비,Arahashi Tabi,UNIVERSE,"유행인거 같아 달아봅니다
캣 파이트👊 미야오🐱",6,2026-09-10T08:47:01Z,25
UgxFBLYMpTE6iWGI4rl4AaABAg,2z5Ib-ULSH0,아라하시 타비,Arahashi Tabi,UNIVERSE,캣파이트👊🏻 미야오🐈,9,2026-09-10T10:23:58Z,11
UgyiaeHqnRoyOqMc6IR4AaABAg,2z5Ib-ULSH0,아라하시 타비,Arahashi Tabi,UNIVERSE,3:38 메타인지가 빠른편 ㅋㅋㅋㅋ,1,2026-09-17T07:57:30Z,19
Ugx--pIMP6V-MDMdJc94AaABAg,2z5Ib-ULSH0,아라하시 타비,Arahashi Tabi,UNIVERSE,"인트로 왜이러냐고 ㅋㅋㅋㅋ
캣파이트👊 미야오🐈",3,2026-09-10T08:47:21Z,25
UgyS-z07pKzVYRzTFD14AaABAg,2z5Ib-ULSH0,아라하시 타비,Arahashi Tabi,UNIVERSE,캣파이트👊미야오후!!🐈,8,2026-09-10T15:20:17Z,12
UgzOEzfNNSWCHd-4B454AaABAg,2z5Ib-ULSH0,아라하시 타비,Arahashi Tabi,UNIVERSE,레나 분기별로 이상한 밈 하나씩 만들어지는데 그게 다 개쳐웃김 ㅋㅋㅋㅋㅋ,0,2026-09-26T09:17:20Z,40
UgypEkAEUKSIvuGuBbB4AaABAg,ka3WUfs4bIs,아라하시 타비,Arahashi Tabi,UNIVERSE,기어들어가는거 개쳐귀엽네ㅋㅋ 순수재미임,1272,2026-09-12T03:43:19Z,21
UgxPfK-tV2FZOPbju-x4AaABAg,ka3WUfs4bIs,아라하시 타비,Arahashi Tabi,UNIVERSE,와 댕귀엽네 진짜 고기 물리는거는 이모티콘으로 써도 되겠는데? ㅋㅋㅋㅋㅋㅋㅋ,825,2026-09-12T03:48:38Z,42
Ugx83MIcbWeVjt6B-TN4AaABAg,ka3WUfs4bIs,아라하시 타비,Arahashi Tabi,UNIVERSE,먹을거 줘서 바로 기분 풀리는게 겁나 웃기네ㅋㅋㅋㅋㅋㅋㅋㅋ,375,2026-09-12T03:41:17Z,32
Ugx4kauXk60WpLOP97p4AaABAg,ka3WUfs4bIs,아라하시 타비,Arahashi Tabi,UNIVERSE,어떻게 모든 구간이 콘으로 써도 될거 같냐 ㅋㅋㅋㅋㅋㅋㅋㅋㅋㅋ 개챠귀엽네 ㅋㅋㅋㅋ,252,2026-09-12T04:24:10Z,45
UgwRikimVB5qdARdZEB4AaABAg,ka3WUfs4bIs,아라하시 타비,Arahashi Tabi,UNIVERSE,그림체 개사기야ㅋㅋㅋㅋㅋ 쥰내 귀여워,221,2026-09-12T03:52:21Z,20
UgzFQixot675Gey-h-t4AaABAg,ka3WUfs4bIs,아라하시 타비,Arahashi Tabi,UNIVERSE,다락문 밑에서 대화하고 있는게 개쳐귀엽네 ㅋㅋㅋㅋ,195,2026-09-12T03:34:04Z,27
UgwuVlCcjvZgucY3PNJ4AaABAg,ka3WUfs4bIs,아라하시 타비,Arahashi Tabi,UNIVERSE,자매같은 이세계즈 ㅋㅋㅋㅋ 개쳐귀엽네 둘 다,115,2026-09-12T03:48:00Z,24
UgzoL1bf_m_ovlXI08t4AaABAg,ka3WUfs4bIs,아라하시 타비,Arahashi Tabi,UNIVERSE,저거 만나기 전에 마크 채팅으로 티격태격했는데 정말로 마주친 게  진짜 웃겼음 ㅋㅋㅋㅋㅋㅋㅋㅋㅋㅋㅋㅋㅋ,43,2026-09-12T04:25:31Z,57
Ugx7M0djO3zrhiYBJZZ4AaABAg,ka3WUfs4bIs,아라하시 타비,Arahashi Tabi,UNIVERSE,기어갈 때 아기들 신발 소리 나는 거 뿡쳐귀엽넹 ㅋㅋㅋㅋㅋ,41,2026-09-12T03:48:06Z,32
UgyWQwBIwJAMa6rmd414AaABAg,ka3WUfs4bIs,아라하시 타비,Arahashi Tabi,UNIVERSE,애니메이터님 ㅋㅋㅋㅋㅋㅋㅋ 진짜 월급 3배로 받으세요 ㅋㅋㅋㅋ 잘 만드시네,38,2026-09-12T03:54:32Z,41
UgxlAJL1VdlmfTlCJS14AaABAg,ka3WUfs4bIs,아라하시 타비,Arahashi Tabi,UNIVERSE,"""ㅎ""
""음...""
""에?""
""쳐웃어?"" 

이 호흡이 너무 웃김ㅋㅋㅋㅋㅋㅋ",16,2026-09-12T07:31:53Z,42
Ugxcihl8ZOL1MslZ5hV4AaABAg,ka3WUfs4bIs,아라하시 타비,Arahashi Tabi,UNIVERSE,밤우님 그림체가 ㄹㅇ 귀엽긴 하지 ㅋㅋㅋ 따비리코 둘다 커엽당,14,2026-09-12T05:42:35Z,34
Ugzn_SmkKFG2-7FYWZZ4AaABAg,ka3WUfs4bIs,아라하시 타비,Arahashi Tabi,UNIVERSE,둘이서 유치하게 기싸움하고 노는거 너무 귀엽다 ㅋㅋㅋ,13,2026-09-12T03:48:04Z,29
UgwBDpxqRHy3zYgodCp4AaABAg,ka3WUfs4bIs,아라하시 타비,Arahashi Tabi,UNIVERSE,밤우님 그림체 개귀엽네 진짜 ㅋㅋㅋ,7,2026-09-12T03:49:33Z,19
Ugyt9UMYZJiL1P1MYAt4AaABAg,ka3WUfs4bIs,아라하시 타비,Arahashi Tabi,UNIVERSE,ㅋㅋㅋㅋㅋㅋㅋㅋㅋ짇짜 이세계즈 너무 귀여운거 아니냐,10,2026-09-12T04:21:49Z,28
UgyqORKbIwAwAw2_8ct4AaABAg,ka3WUfs4bIs,아라하시 타비,Arahashi Tabi,UNIVERSE,"이거 땅 파다 만난 거 개쳐욱겼는데 ㅋㅋㅋㅋㅋㅋㅋㅋㅋㅋ
둘이 댕귀엽ㅋㅋㅋㅋ",7,2026-09-12T10:34:45Z,41
Ugz2BQKKxK9XpuIVarB4AaABAg,ka3WUfs4bIs,아라하시 타비,Arahashi Tabi,UNIVERSE,"아니 밤우님 언제 타동부 오신거야
ㄹㅇ이가;;;;;",5,2026-09-12T10:33:22Z,28
UgyBUzpFfzJ9EQ5X4ul4AaABAg,ka3WUfs4bIs,아라하시 타비,Arahashi Tabi,UNIVERSE,둘이 채팅으로 다이아 니가많니 내가많니 하다가 굴파다 만난게 ㄹㅇ 웃겼었음ㅋㅋㅋ,2,2026-09-12T09:07:03Z,44
UgwX-nOGIYIuvgK4uxd4AaABAg,ka3WUfs4bIs,아라하시 타비,Arahashi Tabi,UNIVERSE,리코가 궁둥이 찰싹 때리니까 바보털 팍 서는거봐 ㅋㅋ,3,2026-09-12T21:00:50Z,29
UgzC5C60d5nS17y_tNd4AaABAg,ka3WUfs4bIs,아라하시 타비,Arahashi Tabi,UNIVERSE,ㅋㅋㅋㅋ 넘 귀여워 그림 진짜 쪼물쪼물하고싶네 기어가는거봐 ㅎㅎ,2,2026-09-12T06:11:52Z,35
UgyozWOHPLEUWM5e0zV4AaABAg,ka3WUfs4bIs,아라하시 타비,Arahashi Tabi,UNIVERSE,개쳐귀엽다 진짜,8,2026-09-12T03:48:29Z,8
UgxWTPs7d2xR3FQuSRZ4AaABAg,ka3WUfs4bIs,아라하시 타비,Arahashi Tabi,UNIVERSE,이 그림체는 또 뭐냐!!!!줜나게 귀엽네,2,2026-09-12T10:39:42Z,22
Ugyq0f0-RfUi9gnYCpR4AaABAg,ka3WUfs4bIs,아라하시 타비,Arahashi Tabi,UNIVERSE,이세계즈 맨날 티격대는거 왤케 웃기냐 ㅋㅋ,4,2026-09-12T05:36:06Z,23
Ugy6b19YOiW2gqcLW2d4AaABAg,ka3WUfs4bIs,아라하시 타비,Arahashi Tabi,UNIVERSE,ㅋㅋㅋㅋ초딩같은 선배와 절대 지지않는 초딩같은 후배,2,2026-09-12T03:50:06Z,28
Ugy171GotXLQRy7gzzt4AaABAg,ka3WUfs4bIs,아라하시 타비,Arahashi Tabi,UNIVERSE,밤우님 그림체 사기급이긴해,5,2026-09-12T05:05:47Z,14
UgxXsABGRNUCsFpR_xp4AaABAg,ka3WUfs4bIs,아라하시 타비,Arahashi Tabi,UNIVERSE,기어갈 때 삑삑 소리나는 거 왤케 귀여워 ㅋㅋㅋㅋㅋ,12,2026-09-12T03:34:22Z,28
Ugwnkj-sPMkXVYjosa54AaABAg,ka3WUfs4bIs,아라하시 타비,Arahashi Tabi,UNIVERSE,뭐야 공식이었네? 어떤 맛도리분을 납치해오신거지? 그림체가 쫀득쥬씨하네,0,2026-09-12T03:52:43Z,39
UgyWTYwsA33yHHH6trp4AaABAg,ka3WUfs4bIs,아라하시 타비,Arahashi Tabi,UNIVERSE,예전엔 이뻐보이고 섹시했는데 이젠 그냥 옆집 뽀삐마냥 둘다 귀여워보임,1,2026-09-12T03:50:39Z,38
UgyiY59StBX7I1G2LeV4AaABAg,ka3WUfs4bIs,아라하시 타비,Arahashi Tabi,UNIVERSE,어흐 ㅋㅋㅋㅋ 쇼츠저장해서 매일봐주마 ㅋㅋ,1,2026-09-12T05:49:10Z,23
UgzBjExdaIoMeLcoc9x4AaABAg,ka3WUfs4bIs,아라하시 타비,Arahashi Tabi,UNIVERSE,겁나 커엽네 ㅋㅋㅋㅋㅋㅋ 특히 마지막 기어가는거 ㅋㅋㅋㅋㅋ,3,2026-09-12T04:40:08Z,32
UgwYKhvHpp5CnnPSqIN4AaABAg,ka3WUfs4bIs,아라하시 타비,Arahashi Tabi,UNIVERSE,마지막에 기어가는거 왤캐 하찮고 귀여움 ㅋㅋㅋㅋㅋ,2,2026-09-12T07:27:13Z,27
Ugx1tzUmMbHooGdwbhJ4AaABAg,ka3WUfs4bIs,아라하시 타비,Arahashi Tabi,UNIVERSE,진짜 싸우다가 하필 땅속에서 만난게 ㅋㅋㅋ 개웃김,1,2026-09-12T06:28:01Z,27
UgwBwxmR7MtPJLNinoB4AaABAg,ka3WUfs4bIs,아라하시 타비,Arahashi Tabi,UNIVERSE,왜이리 귀엽니,2,2026-09-12T10:04:50Z,7
UgxYH-8r3gXDuakUR2J4AaABAg,ka3WUfs4bIs,아라하시 타비,Arahashi Tabi,UNIVERSE,와 기어가는데 뽁뽁이 신발 소리나는거 뿡쳐귀여움,2,2026-09-12T12:18:42Z,26
UgxbMxDkDni8TxLFAbR4AaABAg,ka3WUfs4bIs,아라하시 타비,Arahashi Tabi,UNIVERSE,"생일콘 이후로 더 가까워진 것 같음 
이세계즈 그냥 보기 좋다 ㄹㅇㅋㅋ",1,2026-09-12T07:59:31Z,39
Ugw63waPWSJBAjdb08R4AaABAg,ka3WUfs4bIs,아라하시 타비,Arahashi Tabi,UNIVERSE,먹을거에 바로 풀리는 이베리코 ㅋㅋㅋㅋㅋ,2,2026-09-12T04:06:13Z,22
Ugyfsc0lJmVnjBQmsFR4AaABAg,ka3WUfs4bIs,아라하시 타비,Arahashi Tabi,UNIVERSE,요즘쇼츠 너무귀엽다 따비야~ 기어가는거 진짜 귀엽다🩵🩵🩵,1,2026-09-12T08:03:27Z,31
Ugy1GQmyOocA9-zwLdh4AaABAg,ka3WUfs4bIs,아라하시 타비,Arahashi Tabi,UNIVERSE,애니메이션 진짜 개귀엽다ㅋㅋㅋㅋㅋㅋㅋㅋ,1,2026-09-12T09:16:10Z,21
UgwiwuEQxiyPlp6c2Yt4AaABAg,ka3WUfs4bIs,아라하시 타비,Arahashi Tabi,UNIVERSE,이런거 많이 올려주세요 야랄하네 타비님,1,2026-09-12T05:36:15Z,21
UgypqwltheowV42vBpl4AaABAg,ka3WUfs4bIs,아라하시 타비,Arahashi Tabi,UNIVERSE,와중에 때리고 먹을거없다니까 고기주는거봐 정타비 ㅋㅋㅋㅋ,1,2026-09-12T03:57:17Z,31
Ugw379EAvkLnxDHFeIN4AaABAg,RRyTMxzy-mE,텐코 시부키,Tenko Shibuki,CLICHE,8:10 혼신의 리아가 달래기ㅋㅋㅋㅋ,28,2026-09-04T06:29:09Z,20
Ugy8PSDUXipioWOPSIp4AaABAg,RRyTMxzy-mE,텐코 시부키,Tenko Shibuki,CLICHE,2:24 1기 대선배가 뚜드려 맞는데 그냥 무시하는 사장님,72,2026-09-03T08:36:12Z,32
Ugxxf4Hp4y0viR9EAgt4AaABAg,RRyTMxzy-mE,텐코 시부키,Tenko Shibuki,CLICHE,7:45 썸넬,294,2026-09-03T08:26:27Z,7
UgxHC1ssbZCb_DkgeTt4AaABAg,RRyTMxzy-mE,텐코 시부키,Tenko Shibuki,CLICHE,8:55 미적감각이 남다른 천마 ....,27,2026-09-03T10:36:27Z,22
UgxUiun68kw0bfPt37d4AaABAg,RRyTMxzy-mE,텐코 시부키,Tenko Shibuki,CLICHE,리제의 그 집을 아는 사람:💀💀💀💀💀,350,2026-09-03T08:24:08Z,20
UgwUnxCI1qf3UgIGLk14AaABAg,RRyTMxzy-mE,텐코 시부키,Tenko Shibuki,CLICHE,"7:45 강사장, 진짜 믿기지 않을 참담한 소식 들었을때 어투ㅋㅋㅋㅋ",10,2026-09-04T05:52:29Z,38
Ugx3tQx8gTcFH6jnp6h4AaABAg,RRyTMxzy-mE,텐코 시부키,Tenko Shibuki,CLICHE,1:26 나리 다리가 없어서 굴러다녀ㅋㅋㅋㅋㅋㅋ,38,2026-09-03T08:27:12Z,26
Ugxcx6WRPa6TBUXQiDF4AaABAg,RRyTMxzy-mE,텐코 시부키,Tenko Shibuki,CLICHE,12:12 ㅁㅊ 발박수 ㅋㅋㅋㅋ 소리까지 하찮은게 댕처귀엽네ㅋㅋㅋㅋㅋㅋㅋ,14,2026-09-03T17:00:42Z,40
UgzfCvqmoxjBVUYgYWV4AaABAg,RRyTMxzy-mE,텐코 시부키,Tenko Shibuki,CLICHE,다같이 우루루가서 여기에 짓냐고 물어봐서 우울해하는게 개웃김ㅋㅋ,96,2026-09-03T08:23:44Z,35
UgzIZzlYMDNARaHnQTZ4AaABAg,RRyTMxzy-mE,텐코 시부키,Tenko Shibuki,CLICHE,7:48 사장님 어디! 하는게 왤케 웃기냐ㅋㅋㅋㅋㅋㅋ 다급해보임,133,2026-09-03T09:15:38Z,35
Ugx-G1Ml1b3VYhftK214AaABAg,RRyTMxzy-mE,텐코 시부키,Tenko Shibuki,CLICHE,11:48 자기전에 발박수를 많이 치는 유니콘,8,2026-09-03T16:58:37Z,25
Ugy6OepW-c6fs5Og3cp4AaABAg,RRyTMxzy-mE,텐코 시부키,Tenko Shibuki,CLICHE,"새로운 기수에 맞춰 나온다는 전설의 스텔마크....
4기생 진짜 곧이네;;",314,2026-09-03T08:29:09Z,41
UgxiNJMZ1fzVAPxCAjR4AaABAg,RRyTMxzy-mE,텐코 시부키,Tenko Shibuki,CLICHE,6:50 이래서 눈치빠른 유니콘은...,3,2026-09-03T21:47:59Z,21
UgwJKAobK58v8PmA-3N4AaABAg,RRyTMxzy-mE,텐코 시부키,Tenko Shibuki,CLICHE,7:48 느엥대! 느엥대가 나타났다!!!,9,2026-09-03T11:44:34Z,22
Ugztz3iCuzsEG9JtXtB4AaABAg,RRyTMxzy-mE,텐코 시부키,Tenko Shibuki,CLICHE,8:20 눅눅리제 넘 기여웡!!!!!!!!!!!!!,5,2026-09-03T12:32:15Z,28
UgyuR2cfqpbAt3U9k2d4AaABAg,RRyTMxzy-mE,텐코 시부키,Tenko Shibuki,CLICHE,7:55 리제 개쳐귀여워,6,2026-09-03T09:45:34Z,13
UgwnYTS42an6T4BQ8sB4AaABAg,RRyTMxzy-mE,텐코 시부키,Tenko Shibuki,CLICHE,5:41 이정도면 그냥 유니가 맞음 ㅋㅋㅋㅋㅋㅋㅋㅋㅋㅋㅋㅋㅋㅋㅋㅋ 부키 진짜 유잘알 ㅋㅋㅋ,3,2026-09-03T10:19:38Z,50
UgzTxlmma-zigHisVpF4AaABAg,RRyTMxzy-mE,텐코 시부키,Tenko Shibuki,CLICHE,7:48 모두가 한 마음으로 피하고 싶은 정리제 옆 집...,2,2026-09-03T10:36:04Z,33
UgzhwgtE7tgJXNqNE-54AaABAg,RRyTMxzy-mE,텐코 시부키,Tenko Shibuki,CLICHE,천마님 집짓는다니까 둘다 갑자기 뭐? 어디!하는게 개웃겼음 ㅋㅋㅋㅋㅋ,3,2026-09-03T11:08:21Z,38
UgwdlhaUFfXK937fRV54AaABAg,RRyTMxzy-mE,텐코 시부키,Tenko Shibuki,CLICHE,오기도 전에 다들 다급하게 모여서 대책 세우는 거 개웃기네ㅋㅋㅋㅋㅋㅋㅋㅋㅋㅋ,3,2026-09-04T02:16:21Z,42
Ugw3UeVGrxCUc8olPeF4AaABAg,RRyTMxzy-mE,텐코 시부키,Tenko Shibuki,CLICHE,8:06 부터 겁나 웃기네 ㅋㅋㅋㅋㅋㅋㅋㅋㅋㅋㅋㅋ,1,2026-09-06T03:59:01Z,27
UgwjgtwdcYMUl_9sK4Z4AaABAg,RRyTMxzy-mE,텐코 시부키,Tenko Shibuki,CLICHE,6:51 ㅋㅋㅋㅋㅋㅋㅋㅋㅋㅋ,1,2026-09-14T00:57:56Z,15
UgwDB_fYXTUinToTUX14AaABAg,RRyTMxzy-mE,텐코 시부키,Tenko Shibuki,CLICHE,"7:48 감자 마저도 같이 다급하게 어디!! 하게 만드는
리제....랑 같은 동네 ....",1,2026-09-03T10:34:30Z,50
UgyDAUMwvMMs8qbzzmp4AaABAg,RRyTMxzy-mE,텐코 시부키,Tenko Shibuki,CLICHE,1:05 메타인지가 부족한 천마,2,2026-09-03T10:18:30Z,17
UgxDKjSZie03pStaEoB4AaABAg,RRyTMxzy-mE,텐코 시부키,Tenko Shibuki,CLICHE,0:58 너도 실패한거 아니었니 리제야..?,3,2026-09-03T08:35:11Z,24
UgwTpDRA4L1e2Etmbz54AaABAg,RRyTMxzy-mE,텐코 시부키,Tenko Shibuki,CLICHE,2:03 감사합니다,1,2026-09-03T08:38:08Z,10
UgyWtYD1CpzVJB7QXeV4AaABAg,RRyTMxzy-mE,텐코 시부키,Tenko Shibuki,CLICHE,"제목 보자마자 홀리 쉿을 마음 속에서 말하며 바로 들어왔습니다.
나나님의 영상은 잠시 무시하고 이걸 시청하겠습니다. 감사합니다.",1,2026-09-03T09:19:44Z,71
UgyBreENcvufh2tzvs94AaABAg,RRyTMxzy-mE,텐코 시부키,Tenko Shibuki,CLICHE,다들 진짜 뭔 큰일난거 마냥 우르르 쫒아가는게 개웃김 ㅋㅋㅋㅋㅋ(큰일 맞음),1,2026-09-03T10:54:48Z,42
UgzfuIXvwXUb96lGApl4AaABAg,RRyTMxzy-mE,텐코 시부키,Tenko Shibuki,CLICHE,5:24 선배의 지혜 ㄷㄷㄷ,1,2026-09-03T11:17:18Z,15
UgyMpV0wwzhZ_X0UKxV4AaABAg,RRyTMxzy-mE,텐코 시부키,Tenko Shibuki,CLICHE,초❗️❗️🚨비❗️❗️❗️🚨🚨🚨상❗️❗️🚨🚨,15,2026-09-03T08:23:50Z,23
UgwCel4hNZoyJFuKOxl4AaABAg,RRyTMxzy-mE,텐코 시부키,Tenko Shibuki,CLICHE,좋은하루보내세욘,2,2026-09-03T08:23:53Z,8
UgwXNiL6-tWIDKVpSRd4AaABAg,RRyTMxzy-mE,텐코 시부키,Tenko Shibuki,CLICHE,9:49 ㅋㅋㅋㅋㅋㅋㅋㅋㅋ,2,2026-09-03T13:07:19Z,14
Ugxjqbig_PjKTlcEW_54AaABAg,RRyTMxzy-mE,텐코 시부키,Tenko Shibuki,CLICHE,썸넬부터 진짜 ㅋㅋㅋㅋㅋㅋㅋㅋ,2,2026-09-03T08:26:20Z,16
UgwOOJwOhB2LIVNeuhF4AaABAg,RRyTMxzy-mE,텐코 시부키,Tenko Shibuki,CLICHE,"썸네일만 보면 지구종말임ㅋㅋㅋㅋㅋㅋ
1:09 리제야 그정도는 흠...
5:41 유니는 집 지을 땅 강매당함",1,2026-09-03T08:45:45Z,59
UgzBH5dmz5JjpEwPO7J4AaABAg,RRyTMxzy-mE,텐코 시부키,Tenko Shibuki,CLICHE,0:52 이거 3기생 들어왔을 때에도 이브님과 칸나님에게 돈빌려서 멋있는 선배인 척.. ㅋㅋㅋㅋㅋ,4,2026-09-03T12:29:42Z,54
UgyL9Y4zjqABxIzyj4l4AaABAg,RRyTMxzy-mE,텐코 시부키,Tenko Shibuki,CLICHE,12:15 하찮은 발박수 ㅋㅋㅋㅋ,1,2026-09-03T13:34:38Z,18
UgwB7Hx3Xda_DQDqnJx4AaABAg,RRyTMxzy-mE,텐코 시부키,Tenko Shibuki,CLICHE,"8:54
리제 : 난 항상 예쁜 거지였는데..",0,2026-09-04T00:42:27Z,25
UgwrKfowteBL0k646Ex4AaABAg,RRyTMxzy-mE,텐코 시부키,Tenko Shibuki,CLICHE,not lize in my back yard,1,2026-09-04T04:31:24Z,24
Ugz_72Ral-J1Oj_H21N4AaABAg,RRyTMxzy-mE,텐코 시부키,Tenko Shibuki,CLICHE,천마탑이 돌아왔다,1,2026-09-04T02:49:26Z,9
Ugxy7BjKYwiHw-D7Ym94AaABAg,RRyTMxzy-mE,텐코 시부키,Tenko Shibuki,CLICHE,"""그날, 스텔라들은 떠올렸다.""",2,2026-09-03T08:55:08Z,17
UgxJ5D-tbV9j1oBNGcd4AaABAg,zQp6ZZAT6ew,텐코 시부키,Tenko Shibuki,CLICHE,내신을 왜 챙겨; 내신이 여기 있는데;;,1246,2026-09-01T13:51:33Z,22
UgzrdBJqQDv9fklS67x4AaABAg,zQp6ZZAT6ew,텐코 시부키,Tenko Shibuki,CLICHE,0:50 '캥'파 '캥'파,239,2026-09-02T14:02:20Z,14
UgywtFt5ObcWUH7tV3p4AaABAg,zQp6ZZAT6ew,텐코 시부키,Tenko Shibuki,CLICHE,0:40 모시모시 수시수시 정시정시 입시입시...,579,2026-09-02T11:51:28Z,27
UgxXKtTBFgmI0qev7Ul4AaABAg,zQp6ZZAT6ew,텐코 시부키,Tenko Shibuki,CLICHE,1:00 와 옷음소리 치인다....💜💜💜,41,2026-09-02T11:58:38Z,22
Ugxcq5scVFd6VwOb3vN4AaABAg,zQp6ZZAT6ew,텐코 시부키,Tenko Shibuki,CLICHE,0:49켄파켄파 대신 캥파캥파한거 진짜 감다살,105,2026-09-02T13:53:40Z,25
UgygqX_bK82qlI-4Qs54AaABAg,zQp6ZZAT6ew,텐코 시부키,Tenko Shibuki,CLICHE,여우신 이번 노래도 너무 잘 어울리고 신의상도 최고얌 💜,37,2026-09-02T15:46:23Z,31
UgwiRDnTeqaKrbRIMXN4AaABAg,zQp6ZZAT6ew,텐코 시부키,Tenko Shibuki,CLICHE,아니 진짜 이순이들까지 꼬시지 말라고😚😚,205,2026-09-02T08:18:26Z,22
Ugxy3ibq4cs4SIQTM494AaABAg,zQp6ZZAT6ew,텐코 시부키,Tenko Shibuki,CLICHE,2:33 아니 스피커로 들을땐 몰랏는데 마지막에 속삭이는거 머야🫨,10,2026-09-03T02:45:30Z,36
Ugz75HZ_cNdypfvKTnd4AaABAg,zQp6ZZAT6ew,텐코 시부키,Tenko Shibuki,CLICHE,갈매기 처럼 뛰어 왔습니다,43,2026-09-02T09:34:55Z,14
UgwU1x9nQril_rutNNd4AaABAg,zQp6ZZAT6ew,텐코 시부키,Tenko Shibuki,CLICHE,다들 겁나 좋은 노래 쭉 내줌,3,2026-09-16T23:35:44Z,16
UgzCg4iU1BC14zMJ1yx4AaABAg,zQp6ZZAT6ew,텐코 시부키,Tenko Shibuki,CLICHE,"Found you through DKBK, I'm absolutely addicted to your melodies😭🕊️💔✌️",1,2026-09-18T14:31:11Z,70
Ugwgt0stgYGyKLoW6Qx4AaABAg,zQp6ZZAT6ew,텐코 시부키,Tenko Shibuki,CLICHE,"あまりにも可愛すぎて狂ってしまう…とてつもない可愛さで心臓がもたない…
耳が幸せになる心地良い歌声で大好きです
沢山聞きます！歌ってくれてありがとうございます！",3,2026-09-02T12:12:40Z,80
UgyivItjYMtNwJoAnNZ4AaABAg,zQp6ZZAT6ew,텐코 시부키,Tenko Shibuki,CLICHE,"아 보인다.. 보여.. 노래의 고점을 더 뚫고
청량한 목소리와 이쁜 신의상을 입은 부키가..!",15,2026-09-01T16:05:50Z,52
UgzhM8Hy4EaqOi1I1l94AaABAg,zQp6ZZAT6ew,텐코 시부키,Tenko Shibuki,CLICHE,"진심으로 미치겠다 부키야ㅑㅑㅑ
완전 교신하려고 작정을 했구나
신의상 엄청 이뻤어
그리고.. 발 으흐흐
진짜 수영복 엄청 잘어울리더라 ㄹㅇ 개이뻣어",14,2026-09-02T12:10:28Z,81
UgzITMD-vAZMzHa94JZ4AaABAg,zQp6ZZAT6ew,텐코 시부키,Tenko Shibuki,CLICHE,모시모시 유행 지났지 않나? 라고 생각하면서 들었는데 극락 가버린 이나리,3,2026-09-05T09:29:22Z,40
UgxUjt3uJJwxC9AIUkl4AaABAg,zQp6ZZAT6ew,텐코 시부키,Tenko Shibuki,CLICHE,후와후와한 목소리 넘 좋아서 귀 녹아내릴거 같아!!! 신의상도 넘넘 이쁘고 뮤비 일러스트도 넘 최고에요,3,2026-09-02T12:11:56Z,57
UgwDSvdVMD48SSiGdtd4AaABAg,zQp6ZZAT6ew,텐코 시부키,Tenko Shibuki,CLICHE,"2:07
하이라이트 진짜 상쾌함의 가청화 그 자체네....",1,2026-09-03T09:04:24Z,32
Ugzbl311wqgvUczq36d4AaABAg,zQp6ZZAT6ew,텐코 시부키,Tenko Shibuki,CLICHE,0:40 극락이여 극락이여 극락이 여기있어,73,2026-09-02T12:13:25Z,23
UgzuISA6q0EH0B_Whkt4AaABAg,zQp6ZZAT6ew,텐코 시부키,Tenko Shibuki,CLICHE,내가 섬기는 신은 오직 여우신...,2,2026-09-03T08:01:39Z,19
UgwDr5Cnwt76KSC9UfZ4AaABAg,zQp6ZZAT6ew,텐코 시부키,Tenko Shibuki,CLICHE,뭐야 일러 무슨일이야 너무 이쁘자나,5,2026-09-02T13:32:32Z,19
UgzElOjrZFgDNGYA9gN4AaABAg,zQp6ZZAT6ew,텐코 시부키,Tenko Shibuki,CLICHE,아니 노래도 많이 들어서 익숙한건데 이거를 캥초딩으로 부르니까 개쳐 귀여운데 또 뮤비 퀄이 또 미쳐가지고 진짜,2,2026-09-03T23:17:04Z,61
UgzyPgN30a9r3Q_-XM14AaABAg,zQp6ZZAT6ew,텐코 시부키,Tenko Shibuki,CLICHE,키코에테루?할때 부키 아닌줄 왤케 청초해,5,2026-09-02T11:49:14Z,22
Ugyxcg1dQULGVgwI2NV4AaABAg,zQp6ZZAT6ew,텐코 시부키,Tenko Shibuki,CLICHE,귀가 간질간질하니 미칠것같습니다.,2,2026-09-02T14:03:28Z,18
UgzuhAMsTQ70_llqiJ54AaABAg,zQp6ZZAT6ew,텐코 시부키,Tenko Shibuki,CLICHE,"이걸 들으니 쟤 아이폰이 폴더폰이 됐어요. 전파 잘터지네요.
감사합니다💜",1,2026-09-02T23:04:01Z,40
Ugw3WMOF_l5-_kPc91J4AaABAg,zQp6ZZAT6ew,텐코 시부키,Tenko Shibuki,CLICHE,"노래수준 개높아지다가
이제는 빙의까지하네.. 진짜 이번 노래도 너무 좋다 ㅎㅎㅎ",2,2026-09-02T12:42:15Z,44
UgxIXwZECeLBGMtt1TZ4AaABAg,zQp6ZZAT6ew,텐코 시부키,Tenko Shibuki,CLICHE,흑흑ㅜㅜㅜㅜㅜㅜㅜㅜㅜ부키야 신의상 너무 이쁘고 이번 일러 너무 잘나왔고 노래 너무좋아 너무 북처귀엽고 말로 설명할수없다 나는 너무 행복ㅎ다 항상 행복해 부키야 사랑해,1,2026-09-03T13:33:07Z,92
UgwZg8SlorVQC1my4Ht4AaABAg,zQp6ZZAT6ew,텐코 시부키,Tenko Shibuki,CLICHE,"1:01 아니 그런 웃음소리는 안홀릴수가 없잖아
이미 부키한테 푹 빠져서 교신 중!
항상 나리들을 행복하게 만들어주는 여우신!! 너무 고마워🥰🥰",0,2026-09-02T11:54:49Z,80
UgytTRwMUWnpmIf047Z4AaABAg,zQp6ZZAT6ew,텐코 시부키,Tenko Shibuki,CLICHE,진짜 이나리 심장 저격ㅎ하려고 작정을햇구나 부키야,3,2026-09-02T12:07:47Z,27
Ugwz-Iv8KbRyTBzt0954AaABAg,zQp6ZZAT6ew,텐코 시부키,Tenko Shibuki,CLICHE,진짜 존나 사랑한다 내아내 시부키 내가 죽을때까지 응원하마 우리 같이 평생 놀자꾸나 사랑한다💜,2,2026-09-02T12:01:16Z,52
UgyFHUeUwaoGfDohuQd4AaABAg,zQp6ZZAT6ew,텐코 시부키,Tenko Shibuki,CLICHE,중간고사 공부 다 때려치고 왔습니다,3,2026-09-02T12:39:12Z,19
Ugxs5X-ghHagPX65Fu94AaABAg,zQp6ZZAT6ew,텐코 시부키,Tenko Shibuki,CLICHE,하아 진짜 농농한 부키의 작은 부풀어오른  사랑스러운 우리 여우신님!!!!!!!!!!!!!! 너무사랑해!,1,2026-09-02T13:51:17Z,58
Ugw-NgaeU2H5ZLe0c-d4AaABAg,zQp6ZZAT6ew,텐코 시부키,Tenko Shibuki,CLICHE,"다른거모르고 덴파덴파부분만 알아서 신나게 불렀던게 엊그제같은데 ㅋㅋㅋㅋㅋ
커버곡으로 나오네 너무좋다 💜",1,2026-09-02T13:58:34Z,57
Ugzcjf2ftV8ZknWwIah4AaABAg,zQp6ZZAT6ew,텐코 시부키,Tenko Shibuki,CLICHE,오늘 시험 때문에 시력이 안좋아지는 거 같았는데 갑자기 좋아지는 거 같네,1,2026-09-02T13:28:55Z,40
Ugx-Fr3knA5oeFYJttd4AaABAg,zQp6ZZAT6ew,텐코 시부키,Tenko Shibuki,CLICHE,캥파 캥파노 카이캥파~,2,2026-09-02T11:52:42Z,12
Ugz7Pmt0yWh4UjBGcfh4AaABAg,zQp6ZZAT6ew,텐코 시부키,Tenko Shibuki,CLICHE,"버뮤다 삼각지대가 머리에서 떠나질 않는다...



부키야 언제나 응원할게!!",1,2026-09-02T14:02:53Z,43
UgwDP1nl4Jn7lgAX8NF4AaABAg,zQp6ZZAT6ew,텐코 시부키,Tenko Shibuki,CLICHE,"어떻게 이렇게 귀여울수 있단 말이냐,,, 젠장 또 홀려져버렸다... 💜",1,2026-09-02T14:39:28Z,39
UgyK3Xy2UTplPznIi4x4AaABAg,zQp6ZZAT6ew,텐코 시부키,Tenko Shibuki,CLICHE,하 텐파텐파 할때 북캥쳐 귀엽다...,1,2026-09-03T07:21:11Z,20
UgyFxZAH9m9o3JndLaR4AaABAg,zQp6ZZAT6ew,텐코 시부키,Tenko Shibuki,CLICHE,"웬만해선 댓글 안 다는데 편곡 지린다 진짜
전파계 냄새 하나도 안 나고 부키 목소리도 잘 어울려서 아예 다른 노래인 줄
이번 신의상 커버곡 1등은 너다",0,2026-09-02T21:41:08Z,84
Ugx1b1HxBxhbbJssSQt4AaABAg,zQp6ZZAT6ew,텐코 시부키,Tenko Shibuki,CLICHE,극락이얌 ㅠㅠ,1,2026-09-14T00:30:19Z,7
Ugwo5u0icxqcJ1FalFV4AaABAg,zQp6ZZAT6ew,텐코 시부키,Tenko Shibuki,CLICHE,"2:06
여기가 특히 그런데, 전체적으로 깔려있는 정말 고운 모래 알갱이 느낌 사운드 이펙투 진짜 좋다....",0,2026-09-06T07:50:40Z,61
Ugx4LCchHi1jhFW5FJR4AaABAg,8_h8cJB5Uw4,텐코 시부키,Tenko Shibuki,CLICHE,"""내가 언제부터 차를 같이 타고있다고 착각한거지?""",831,2026-09-20T13:00:25Z,28
UgzFqg2GDnnafP7aJVB4AaABAg,8_h8cJB5Uw4,텐코 시부키,Tenko Shibuki,CLICHE,빵빵이 진짜 박은것처럼 말해서 더 헷갈린사건ㅋㅋ,694,2026-09-20T13:01:38Z,26
Ugwb8ornNqe7ktsQROJ4AaABAg,8_h8cJB5Uw4,텐코 시부키,Tenko Shibuki,CLICHE,빵빵이가 철면피 깔고서 복수하는줄 알았는데 ㅋㅋㅋㅋ 빵빵이는 착한 친구였어 ㅠㅠ,225,2026-09-20T13:15:50Z,44
Ugz478gulUeAJJNwdUB4AaABAg,8_h8cJB5Uw4,텐코 시부키,Tenko Shibuki,CLICHE,빵빵이가 진짜 장난삼아 박으면서 안 그런 척하는 줄 알았는데 언제부터 캥화수월이 걸렸던 거냐 ㅋㅋㅋㅋㅋㅋㅋ,352,2026-09-20T15:01:31Z,59
UgxA8INL22jApLL36o54AaABAg,8_h8cJB5Uw4,텐코 시부키,Tenko Shibuki,CLICHE,지해 유기 됐어ㅋㅋㅋㅋㅋ,636,2026-09-20T12:45:54Z,13
UgwB0QFjVX-SH9x9xsZ4AaABAg,8_h8cJB5Uw4,텐코 시부키,Tenko Shibuki,CLICHE,내가 언제부터 캥화수월을 쓰지 않았다고 착각한거지?,179,2026-09-20T12:46:21Z,28
Ugyp_wchVChTf3iNKGZ4AaABAg,8_h8cJB5Uw4,텐코 시부키,Tenko Shibuki,CLICHE,"이게 봉누도라 웃기게 보이는데 가만히 생각해보면 ㄹㅇ 공포임 ㄷㄷ
심야괴담회에 제보해도 될 정도임",74,2026-09-20T22:16:59Z,54
UgxTMdzfTrr71M-lgLp4AaABAg,8_h8cJB5Uw4,텐코 시부키,Tenko Shibuki,CLICHE,"“깨져라, 캥화수월”",77,2026-09-20T13:05:51Z,11
UgwkLfbeqyFavsqH2cp4AaABAg,8_h8cJB5Uw4,텐코 시부키,Tenko Shibuki,CLICHE,억울한 빵빵이와 벌레물린 지해양ㅋㅋㅋ,135,2026-09-20T12:44:57Z,20
UgxIHt2JVtJ9kMA16ld4AaABAg,8_h8cJB5Uw4,텐코 시부키,Tenko Shibuki,CLICHE,버그라고는해도 차개발살내면서 내 운전 실력을 못믿는거야? 라는 워딩이 너무 웃김 ㅋㅋㅋㅋ,22,2026-09-21T04:54:01Z,49
UgwPDcp9BEysWqeEzlV4AaABAg,8_h8cJB5Uw4,텐코 시부키,Tenko Shibuki,CLICHE,부키 블리치 좋아한다고 이런 캥화수월을ㅋㅋㅋㅋ(아무튼 이스터에그임ㅋㅋ),55,2026-09-20T13:03:49Z,39
UgxdBmcPEMJRG4y0EEt4AaABAg,8_h8cJB5Uw4,텐코 시부키,Tenko Shibuki,CLICHE,빵빵이는 앞의 차가 멈춰있으면 빵빵안하고 바로 들이박는 남자한테 운전을..,139,2026-09-20T12:46:13Z,41
UgzByvesON8yYe5ep3F4AaABAg,8_h8cJB5Uw4,텐코 시부키,Tenko Shibuki,CLICHE,그건 그냥 지해가 아니었어……사악한 지해였어,18,2026-09-20T17:13:11Z,24
UgzSAY9mWvxaSUKIhgN4AaABAg,8_h8cJB5Uw4,텐코 시부키,Tenko Shibuki,CLICHE,빵빵이의 운전실력에 너무 정신이 혼미해진듯 ㅋㅋㅋㅋㅋㅋ,36,2026-09-20T12:45:20Z,30
Ugx0KAKjR_-HC8-gcp54AaABAg,8_h8cJB5Uw4,텐코 시부키,Tenko Shibuki,CLICHE,버그라기엔 너무 무서웠다 ㅋㅋㅋ😂,29,2026-09-20T12:49:55Z,18
UgyWWbqBHv8ZuUaoTOl4AaABAg,8_h8cJB5Uw4,텐코 시부키,Tenko Shibuki,CLICHE,빵빵이 진짜 부키 볼때마다 옆에 있는데 걍 체급이 ㅈㄴ웃김 ㅋㅋㅋㅋㅋㅋㅋㅋㅋㅋㅋㅋㅋㅋㅋㅋㅋ,15,2026-09-20T13:02:12Z,50
UgypfdZYnhKPg0mBqBl4AaABAg,8_h8cJB5Uw4,텐코 시부키,Tenko Shibuki,CLICHE,근데 빵빵이 목소리 개똑같네ㅋㅋ,20,2026-09-20T12:48:06Z,17
UgzD7eme9cxV7QuWoJB4AaABAg,8_h8cJB5Uw4,텐코 시부키,Tenko Shibuki,CLICHE,ㅋㅋㅋㅋㅋㅋㅋㅋ뭔 버그냐 상황이랑 묘하게 개웃기네,16,2026-09-20T12:57:42Z,27
UgwY0RJhMHqD-x6nAOd4AaABAg,8_h8cJB5Uw4,텐코 시부키,Tenko Shibuki,CLICHE,멀쩡하게 잘 운전하다가 갑자기 욕먹은 빵빵이 ㅋㅋㅋㅋ,15,2026-09-21T00:26:27Z,29
UgwxPvsChVQLJo3SYbR4AaABAg,8_h8cJB5Uw4,텐코 시부키,Tenko Shibuki,CLICHE,"정지해: *""언제부터 내가 차에 타있었다고 생각했던 거지?""*",10,2026-09-20T13:33:53Z,34
UgzmqrT1ESHXjlDZAQJ4AaABAg,8_h8cJB5Uw4,텐코 시부키,Tenko Shibuki,CLICHE,"""깨져라, 캥화수월.""",9,2026-09-20T13:56:44Z,12
Ugz3Vnk61FVLL4kB4wB4AaABAg,8_h8cJB5Uw4,텐코 시부키,Tenko Shibuki,CLICHE,사악한 지해였어... ㄷㄷ,20,2026-09-20T12:49:54Z,14
UgzhgNawE7gNs8I9hx14AaABAg,8_h8cJB5Uw4,텐코 시부키,Tenko Shibuki,CLICHE,"""깨져라 캥화수월""",12,2026-09-20T16:09:23Z,10
UgyfTKY7ZLDGjBeDkEt4AaABAg,8_h8cJB5Uw4,텐코 시부키,Tenko Shibuki,CLICHE,ㅋㅋㅋㅋㅋㅋㅋㅋㅋㅋㅋㅋ이 때 난 빵빵이가 일부러 한 줄 알았다고 ㅋㅋㅋㅋㅋㅋ,9,2026-09-20T13:00:03Z,42
UgxcL3D_Aw-FXOFGx054AaABAg,8_h8cJB5Uw4,텐코 시부키,Tenko Shibuki,CLICHE,"ㅋㅋㅋㅋㅋㅋㅋㅋㅋㅋㅋㅋ
이거 처음보고 몰카하는줄
근데 차가 뿅!! 하고 사라짐 ㅋㅋㅋㅋ",4,2026-09-20T16:06:58Z,48
UgysfyIVxnKRR_31hNF4AaABAg,8_h8cJB5Uw4,텐코 시부키,Tenko Shibuki,CLICHE,"진짜 보면서 경악스러운 버그였음 ㅋㅋㅋㅋ
이게 경화수월이지",4,2026-09-20T15:29:39Z,32
UgwJQ8CWjCIROYFvqpp4AaABAg,8_h8cJB5Uw4,텐코 시부키,Tenko Shibuki,CLICHE,캥화수월,18,2026-09-20T12:46:10Z,4
UgxfC910MmPmIfAiJxR4AaABAg,8_h8cJB5Uw4,텐코 시부키,Tenko Shibuki,CLICHE,서로 캥 얼척없었겠네 ㅋㅋㅋㅋ,4,2026-09-20T14:23:08Z,16
UgxUvSp2ZM23DkuAmv94AaABAg,8_h8cJB5Uw4,텐코 시부키,Tenko Shibuki,CLICHE,처음에 안움직일때부터 캥화수월이였네,3,2026-09-20T15:54:13Z,19
UgwyL-VFrmG9tyN8hW94AaABAg,8_h8cJB5Uw4,텐코 시부키,Tenko Shibuki,CLICHE,빵빵이랑 한 대화가 진짜 박은것처럼 대화해서 버그라는걸 늦게 알아챘다 ㅋㅋㅋㅋㅋㅋㅋㅋㅋㅋ,1,2026-09-21T13:26:56Z,49
Ugwd4POycrZWI3mB4sR4AaABAg,8_h8cJB5Uw4,텐코 시부키,Tenko Shibuki,CLICHE,이게 캥화수월이지 ㄹㅇㅋㅋㅋㅋㅋㅋㅋㅋㅋㅋㅋㅋ,4,2026-09-20T17:07:22Z,24
UgyFOpxNGDvYExOsi2Z4AaABAg,8_h8cJB5Uw4,텐코 시부키,Tenko Shibuki,CLICHE,"캥화수월
""대체 언제부터 차를 타고 있다고 착각한거지?""",2,2026-09-20T17:38:00Z,31
UgxD57Xuuz4-eOCRjPN4AaABAg,8_h8cJB5Uw4,텐코 시부키,Tenko Shibuki,CLICHE,"현실 귀신 썰도 실은 버그걸린 거 아닐까😂 
완전 괴담 소재네😂😂😂",2,2026-09-21T02:29:33Z,37
UgzN57WG8SFQCEfWtvh4AaABAg,8_h8cJB5Uw4,텐코 시부키,Tenko Shibuki,CLICHE,"""언성을...언성을 높이지 마라 정지해...네 차는 멀쩡하니까...""",1,2026-09-20T17:58:34Z,38
UgxlrGpexkYI-84wRAV4AaABAg,8_h8cJB5Uw4,텐코 시부키,Tenko Shibuki,CLICHE,빵빵씨 말투 때문에 진심 속았음ㅋㅋㅋㅋ,1,2026-09-23T01:42:50Z,21
Ugwwt1llm6jlmK9dU_J4AaABAg,8_h8cJB5Uw4,텐코 시부키,Tenko Shibuki,CLICHE,"""깨져라 경화수월"" 언제부터 빵빵이가 고의복수를 하고 있디고 생각한거지?",2,2026-09-20T13:22:59Z,40
UgywPZYw7XksFr3DaMV4AaABAg,8_h8cJB5Uw4,텐코 시부키,Tenko Shibuki,CLICHE,처음에 나 놀리는건 줄알아슨데 내리자마자 증발하는거 보고 개웃겻다 ㅋㅋㅋㅋㅋㅋㅋㅋㅋㅋㅋ,1,2026-09-21T13:41:16Z,48
UgwqNVmz_7IaKh0JyOB4AaABAg,8_h8cJB5Uw4,텐코 시부키,Tenko Shibuki,CLICHE,아니 이게 일부러 한게 아니었다고? ㅋㅋㅋㅋㅋㅋㅋㅋㅋㅋ,2,2026-09-20T13:09:16Z,30
UgyMRQlzlas7P_fRTdx4AaABAg,8_h8cJB5Uw4,텐코 시부키,Tenko Shibuki,CLICHE,헉 봉누도도 멀티버스 였던 거임. 차원을 달리는 지해,2,2026-09-21T01:43:26Z,29
UgzoSBp0P0SDAwx_39N4AaABAg,8_h8cJB5Uw4,텐코 시부키,Tenko Shibuki,CLICHE,정지혜 경찰은 아무런 위협이 되지않았습니다 ㅋㅋㅋㅋㅋㅋㅋ,1,2026-09-20T22:59:48Z,31
UgwK2cVbXrxIbP5oM654AaABAg,3VUGnc7S6Ow,텐코 시부키,Tenko Shibuki,CLICHE,처제 야식도 챙기는 착한 언니,561,2026-09-14T08:05:11Z,16
UgyMDj9zCUlyYUwMqOV4AaABAg,3VUGnc7S6Ow,텐코 시부키,Tenko Shibuki,CLICHE,썸넬에 부키 언니만 나오면 부키가 삐진다는 말이있다 난 이 이야기를 참 좋아한다,309,2026-09-14T08:07:23Z,44
UgwxchRqGt1w6nZKYjN4AaABAg,3VUGnc7S6Ow,텐코 시부키,Tenko Shibuki,CLICHE,10:58 야식받고 좋아하는 잼북희 진짜 캥쳐귀엽네,135,2026-09-14T08:10:34Z,28
UgwKKJPWDz6dzf-BZv14AaABAg,3VUGnc7S6Ow,텐코 시부키,Tenko Shibuki,CLICHE,"여우를 길들이는 법
1.단 공물을 바쳐
2.제 공물을 바쳐",221,2026-09-14T08:05:08Z,32
Ugz3dIOIrw_3w7r5WJ94AaABAg,3VUGnc7S6Ow,텐코 시부키,Tenko Shibuki,CLICHE,유독 누님이 썸네일에 나오면 좋아하는 이나리들이 있다..,146,2026-09-14T08:31:03Z,31
UgzockoStGprEx8ErCB4AaABAg,3VUGnc7S6Ow,텐코 시부키,Tenko Shibuki,CLICHE,간식 와서 캥캥한 부키 진짜 붘쳐 귀엽다......;;;;;,26,2026-09-14T14:44:31Z,33
Ugxt35pDG-DUYA_iYLZ4AaABAg,3VUGnc7S6Ow,텐코 시부키,Tenko Shibuki,CLICHE,"8:53 결국 언니가 자주 안와서
서운한 언니 바라기 부키
언니가 와서 자고 간다니 그저 좋은 막냉이 부키",16,2026-09-14T18:58:07Z,59
UgzVWcj_dwVrFC7-1tp4AaABAg,3VUGnc7S6Ow,텐코 시부키,Tenko Shibuki,CLICHE,10:08 언니 기습 등장 ㅋㅋ,83,2026-09-14T09:32:36Z,17
Ugxi4zRVy0OJtvewdnB4AaABAg,3VUGnc7S6Ow,텐코 시부키,Tenko Shibuki,CLICHE,ㅋㅋㅋ 밍사장 눈나보이스 좋다고 밍사장의 여우가 되고 싶어했는데 이후에 마크에서 시로한테 후두려 맞는거보소 ㅋㅋㅋㅋ,60,2026-09-14T08:18:58Z,64
UgwzXgdnjpFyY08CtNJ4AaABAg,3VUGnc7S6Ow,텐코 시부키,Tenko Shibuki,CLICHE,부키가 사랑스러운 이유는 가족들에게 사랑을 많이 받았다는게 느껴지기 때문인걸까?,7,2026-09-14T11:14:35Z,44
UgxPPelzVR3f4hZ37Ud4AaABAg,3VUGnc7S6Ow,텐코 시부키,Tenko Shibuki,CLICHE,5:04 여기가재일재밌다,19,2026-09-14T08:26:33Z,13
UgzWYGhCSeN9re2CI3V4AaABAg,3VUGnc7S6Ow,텐코 시부키,Tenko Shibuki,CLICHE,2:43 줄서라 양보는 없다,5,2026-09-14T09:12:55Z,15
Ugz2S3HZC4ClaBtJmd54AaABAg,3VUGnc7S6Ow,텐코 시부키,Tenko Shibuki,CLICHE,부키는 진짜 챙겨주는 보람이 동생인 것 같네 ㅋㅋㅋㅋ,3,2026-09-15T01:31:03Z,29
UgzvZ32rcRbD-nBOQyV4AaABAg,3VUGnc7S6Ow,텐코 시부키,Tenko Shibuki,CLICHE,11:07  진짜 애기다 강사장 이런 보물 캐와줘서 너무 고마워요,3,2026-09-15T03:47:36Z,36
Ugwed-cksn0xYMazZf54AaABAg,3VUGnc7S6Ow,텐코 시부키,Tenko Shibuki,CLICHE,언니 여우한테 이쁨 받는 캥캥요우신 ㅋㅋ,7,2026-09-14T19:06:09Z,22
UgwLcUWovxQL7dugDSV4AaABAg,3VUGnc7S6Ow,텐코 시부키,Tenko Shibuki,CLICHE,"2:45 돌봐달라고 하고싶은 거야, 아니면 키워달라고 하고싶은 거야?ㅋㅋㅋㅋㅋ",4,2026-09-14T09:11:14Z,43
UgxolYBkc7EmV-BDsn54AaABAg,3VUGnc7S6Ow,텐코 시부키,Tenko Shibuki,CLICHE,2:43 그니까 결국 그냥 펫이 되고 싶다는 거잖아??,5,2026-09-14T19:00:43Z,30
UgycqwfmVAnACPUn8Bd4AaABAg,3VUGnc7S6Ow,텐코 시부키,Tenko Shibuki,CLICHE,06:49~06:50 밍시장 찐목웃음소리 좋다,4,2026-09-14T14:32:30Z,25
UgwS1jw9OmKJk4NdtSN4AaABAg,3VUGnc7S6Ow,텐코 시부키,Tenko Shibuki,CLICHE,언니가 놀러와도 못놀러와줘서 삐진거임??ㅋㅋㅋㅎㅋㅋㅎㅎㅋㅋㅎㅋ 개기엽네 진짜,4,2026-09-14T19:07:57Z,42
UgwEBCcU-qIaiEfT3ul4AaABAg,3VUGnc7S6Ow,텐코 시부키,Tenko Shibuki,CLICHE,여태까지 맨날 부키 괴롭히기만 하는 줄 알았는데 의외로 부키 챙겨주는 언니...😲,4,2026-09-14T08:11:33Z,45
UgxByDtOK71Kr5IBs6l4AaABAg,3VUGnc7S6Ow,텐코 시부키,Tenko Shibuki,CLICHE,"뿌끼야
모르는 사람이 맛있는거 사준데도 따라가면 안된다..",24,2026-09-14T08:19:50Z,32
UgwMNoV_YfW9oMD0IUp4AaABAg,3VUGnc7S6Ow,텐코 시부키,Tenko Shibuki,CLICHE,"사랑받는 막둥이. 그립구나, 나도 저런 시절이 있었을 것인데.",1,2026-09-15T12:46:36Z,34
Ugy2lUqnJOI4-JHt4KB4AaABAg,3VUGnc7S6Ow,텐코 시부키,Tenko Shibuki,CLICHE,썸낼 붘쳐귀엽네,2,2026-09-14T08:54:45Z,8
Ugwhyg0PMej9NHj2xV54AaABAg,3VUGnc7S6Ow,텐코 시부키,Tenko Shibuki,CLICHE,언니가 최고긴하네요,2,2026-09-14T18:05:00Z,10
UgxJ0rkU_cbZWHhqTP54AaABAg,3VUGnc7S6Ow,텐코 시부키,Tenko Shibuki,CLICHE,ㅋㅋㅋㅋ언니분 부키 잘챙겨주신다 이런 귀여운 동생이면 좋아죽을것같아,1,2026-09-14T08:22:22Z,37
UgyrM8B7Ech8-jpnIoF4AaABAg,3VUGnc7S6Ow,텐코 시부키,Tenko Shibuki,CLICHE,역시 부키는 먹을거만주면 다 되네 쉽노ㅋ,18,2026-09-14T08:04:55Z,22
UgxR-CwyLPe_QGDUufp4AaABAg,3VUGnc7S6Ow,텐코 시부키,Tenko Shibuki,CLICHE,썸네일 붘처귀엽네,3,2026-09-14T09:13:01Z,9
UgyOtaeeebgi2-7IdER4AaABAg,3VUGnc7S6Ow,텐코 시부키,Tenko Shibuki,CLICHE,저도 언니분이랑 같이 살고싶네요.,3,2026-09-14T13:27:05Z,18
Ugyc77s8VMov41xs4hB4AaABAg,3VUGnc7S6Ow,텐코 시부키,Tenko Shibuki,CLICHE,(썸네일을 보며) 베리베리..스트....롱!!,4,2026-09-14T11:49:03Z,25
UgzjcbtAIZFcq-ClYyR4AaABAg,3VUGnc7S6Ow,텐코 시부키,Tenko Shibuki,CLICHE,11:22 엔딩부분 처음 봤는데 너무 귀여워요 ㅎㅎ,23,2026-09-14T11:10:25Z,28
UgxOqa4Iljt7z6sC6uF4AaABAg,3VUGnc7S6Ow,텐코 시부키,Tenko Shibuki,CLICHE,언니가 진짜 잘챙겨주시네 ㅋㅋㅋ,2,2026-09-14T09:04:12Z,17
UgwoHb6RZLkiQb3_cLt4AaABAg,3VUGnc7S6Ow,텐코 시부키,Tenko Shibuki,CLICHE,"처제~ 이 형부가 몰래 아이스크림도 넣어줬어~
그러니까 처제 언니한테 형부좀 잘 봐달라고 해줘...",3,2026-09-14T08:10:23Z,55
Ugz1Xctyxw3x1bX0QsZ4AaABAg,3VUGnc7S6Ow,텐코 시부키,Tenko Shibuki,CLICHE,진짜 고양이 쉽지 않네ㅋㅋㅋㅋㅋㅋ,2,2026-09-14T10:12:59Z,18
UgxOWycOjvQxssGOoiF4AaABAg,3VUGnc7S6Ow,텐코 시부키,Tenko Shibuki,CLICHE,궈여운 막둥이,6,2026-09-14T08:04:49Z,7
Ugxh9GOdj0TBnAFDeqp4AaABAg,3VUGnc7S6Ow,텐코 시부키,Tenko Shibuki,CLICHE,귀여운 막둥이와 착한 언니,1,2026-09-14T11:46:06Z,14
Ugyut8DknUjqY_hMXB94AaABAg,3VUGnc7S6Ow,텐코 시부키,Tenko Shibuki,CLICHE,아 여우신이랑 살고 싶다..,2,2026-09-14T12:41:14Z,15
UgzK0riNT0k7JIKajDF4AaABAg,3VUGnc7S6Ow,텐코 시부키,Tenko Shibuki,CLICHE,한입이 두입되고 두입이 세입됨 ㅋㅋㅋㅋㅋㅋ,2,2026-09-14T09:44:48Z,23
UgyRNKY3Ui7FRKmf6Ct4AaABAg,3VUGnc7S6Ow,텐코 시부키,Tenko Shibuki,CLICHE,ㅋㅋㅋ언니랑 사이 좋아보이네,2,2026-09-14T13:28:14Z,15
UgzxDNDgUZsjXie3myJ4AaABAg,3VUGnc7S6Ow,텐코 시부키,Tenko Shibuki,CLICHE,저런 리액션이면 키울맛 나겠네 ㅋㅋ,2,2026-09-14T08:16:36Z,19
UgyJw-L6cLzjvF5Y23F4AaABAg,3VUGnc7S6Ow,텐코 시부키,Tenko Shibuki,CLICHE,나도 엘리스 밍사쟝 그 부분 진짜 좋아함,2,2026-09-14T09:31:37Z,22
UgzOJ1qDEjHRnngThN14AaABAg,ys4_cLIvTt0,아오쿠모 린,Aokumo Rin,CLICHE,"""린씨 로봇 소리는 어떻게 나나요?""
""예?!""
""고마워요""",1373,2026-08-08T09:08:49Z,33
Ugx5ZSw8oqNupoDeNSJ4AaABAg,ys4_cLIvTt0,아오쿠모 린,Aokumo Rin,CLICHE,더빙ㅋㅋㅋㅋㅋㅋㅋㅋㅋㅋㅋ다들 열심히 소리내서 답해주는 거 너무 귀엽네,307,2026-08-08T09:13:35Z,38
UgzWMfIhTkrIhg62G9N4AaABAg,ys4_cLIvTt0,아오쿠모 린,Aokumo Rin,CLICHE,부키만 바로 답 안해주고 경계하넼ㅋㅋㅋㅋ,374,2026-08-08T08:37:28Z,22
Ugxnkwnxd0uGS6g2N0V4AaABAg,ys4_cLIvTt0,아오쿠모 린,Aokumo Rin,CLICHE,나나 총소리 개요란해서 개웃기네 ㅋㅋㅋㅋㅋ,131,2026-08-08T11:15:29Z,23
UgwvRn_Qajgox61u90V4AaABAg,ys4_cLIvTt0,아오쿠모 린,Aokumo Rin,CLICHE,진짜 리코 개귀엽네,302,2026-08-08T09:06:45Z,10
UgwrJRK9UGZvJ8pASuh4AaABAg,ys4_cLIvTt0,아오쿠모 린,Aokumo Rin,CLICHE,리코 해주고 뿌듯해하는게 개귀엽네,1149,2026-08-08T08:37:57Z,18
UgyI1okAkdRMdvKxt9R4AaABAg,ys4_cLIvTt0,아오쿠모 린,Aokumo Rin,CLICHE,나나는 뭔 기관단총 난사하는거같냐ㅋㅋㅋㅋ,1112,2026-08-08T09:09:18Z,22
UgxCSSAp4ENXvbTjjix4AaABAg,ys4_cLIvTt0,아오쿠모 린,Aokumo Rin,CLICHE,돼지 소리가 귀엽긴 처음인것입니다ㅏㅏ,182,2026-08-08T09:22:28Z,20
UgwybhukkaUxjfcYoEl4AaABAg,ys4_cLIvTt0,아오쿠모 린,Aokumo Rin,CLICHE,뭔가 어지러운 감성인데 진짜 귀엽네 ㅋㅋㅋㅋㅋ,88,2026-08-08T09:10:33Z,25
UgzHFca8GpSyPgFpYmR4AaABAg,ys4_cLIvTt0,아오쿠모 린,Aokumo Rin,CLICHE,귀여움으로 승부보지 말라고 ㅋㅋㅋㅋ,111,2026-08-08T09:11:38Z,19
Ugwjt6RFx5l9h6Qn0Ph4AaABAg,ys4_cLIvTt0,아오쿠모 린,Aokumo Rin,CLICHE,진짜 다들 너무 사랑스럽네 ㅋㅋㅋㅋㅋ,49,2026-08-08T09:17:52Z,20
UgzAmVDHFJPSckEnaip4AaABAg,ys4_cLIvTt0,아오쿠모 린,Aokumo Rin,CLICHE,돼지 사진에서 리코 에헤 하는 소리 나는거 왜 이렇게 귀엽냐 ㅋㅋㅋ,16,2026-08-08T16:53:24Z,37
Ugy8_hnrqLykdzRzNYN4AaABAg,ys4_cLIvTt0,아오쿠모 린,Aokumo Rin,CLICHE,리코 헤헤는 왜 잘 어울리지 ㅋㅋㅋㅋ,20,2026-08-08T09:20:14Z,20
Ugyxf1yz2IDBshx5qQ94AaABAg,ys4_cLIvTt0,아오쿠모 린,Aokumo Rin,CLICHE,린은 쇼츠를 얼마나 보는거야ㅋㅋㅋㅋㅋㅋㅋㅋㅋㅋㅋ,19,2026-08-08T13:29:20Z,26
Ugy1KrbqrxpA1dqHWz94AaABAg,ys4_cLIvTt0,아오쿠모 린,Aokumo Rin,CLICHE,편집 미쳤냐굿 ㅋㅋㅋㅋㅋㅋㅋㅋ,21,2026-08-08T09:18:08Z,16
Ugznz2Z1j3HlTASmb2d4AaABAg,ys4_cLIvTt0,아오쿠모 린,Aokumo Rin,CLICHE,이제 곧 3명이 댓글에 등장하는것 까지가 클리셰임,34,2026-08-08T09:06:42Z,27
UgzQpXjPqJuNbYaPN_J4AaABAg,ys4_cLIvTt0,아오쿠모 린,Aokumo Rin,CLICHE,"""쿠리미들은 어떤 소리가 나나요?""
""아ㅏㅏ 습박 바람피고 싶다!!!""",14,2026-08-08T13:23:48Z,39
UgxeWAbr6dvl6uF8YtB4AaABAg,ys4_cLIvTt0,아오쿠모 린,Aokumo Rin,CLICHE,"나나 사랑이 소리 에바다 ㅋㅋ 
근데 다 질문에 성심성의껏 대답해주는것 보니까 진짜 클리셰답다",2,2026-08-09T00:35:37Z,52
UgzY6jcnfmk9bJeexi14AaABAg,ys4_cLIvTt0,아오쿠모 린,Aokumo Rin,CLICHE,린의 노림수도 웃긴데 애기들이 다 대응력이 고트다 진짜ㅋㅋ,2,2026-08-08T16:36:32Z,32
UgyNVlI12fhcJlbis7J4AaABAg,ys4_cLIvTt0,아오쿠모 린,Aokumo Rin,CLICHE,다들 개귀엽넼ㅋ,6,2026-08-08T11:06:31Z,8
UgxBXKleZhfHz7XnggZ4AaABAg,ys4_cLIvTt0,아오쿠모 린,Aokumo Rin,CLICHE,ㅋㅋㅋㅋㅋ클리셰는 진짜 아가야들임 ㅋㅋㅋㅋㅋㅋ,2,2026-08-09T16:41:42Z,25
UgwtZw9JZrtgrRQlyyp4AaABAg,ys4_cLIvTt0,아오쿠모 린,Aokumo Rin,CLICHE,애들 귀엽네,7,2026-08-08T10:25:40Z,6
Ugw2wXaJ2QKKvaY7m-Z4AaABAg,ys4_cLIvTt0,아오쿠모 린,Aokumo Rin,CLICHE,드릴 소리는 그냥 린 위용위용 틀으면 될거 같은데,4,2026-08-08T09:36:15Z,27
Ugxb58j-F1k2qrHbklN4AaABAg,ys4_cLIvTt0,아오쿠모 린,Aokumo Rin,CLICHE,이거 유니버스 버전으로 안나오나요? 린이 타비한테 야랄 어떻게하냐고 물으면 ㄹㅈㄷ 싸움 가능할듯,3,2026-08-08T10:25:38Z,53
Ugz1xL5n-JJehYp9loN4AaABAg,ys4_cLIvTt0,아오쿠모 린,Aokumo Rin,CLICHE,그르륵 칵칵 개웃기네 ㅋㅋㅋㅋ,3,2026-08-08T17:21:11Z,16
Ugx_CHz9gT77dcAeguZ4AaABAg,ys4_cLIvTt0,아오쿠모 린,Aokumo Rin,CLICHE,부키 그걸 왜 저한테'물으세요' 톤 너무귀여움 ㅋㅋㅋㅋㅠㅠ,1,2026-08-08T13:57:27Z,32
Ugzdgg6iZjfIXxeSgQ54AaABAg,ys4_cLIvTt0,아오쿠모 린,Aokumo Rin,CLICHE,진짜 다들 너무 귀엽다 ㅋㅋㅋㅋㅋㅋ,3,2026-08-08T15:36:52Z,19
Ugyumaukm-JmXe5unCJ4AaABAg,ys4_cLIvTt0,아오쿠모 린,Aokumo Rin,CLICHE,그르를 카ㅏㅏ 개웃기네 ㅋㅋㅋ,2,2026-08-10T14:01:27Z,16
Ugx-FpCroGqcKlGkIdd4AaABAg,ys4_cLIvTt0,아오쿠모 린,Aokumo Rin,CLICHE,부키씨 위잉 할때 순간 위용위용의 악몽이...,2,2026-08-09T06:46:21Z,25
UgxfDRqmQDmBU-yWL4R4AaABAg,ys4_cLIvTt0,아오쿠모 린,Aokumo Rin,CLICHE,개판이넼ㅋㅋㅋㅋ,6,2026-08-08T09:12:42Z,8
UgzlsecstWvqRHgsYIJ4AaABAg,ys4_cLIvTt0,아오쿠모 린,Aokumo Rin,CLICHE,클리셰 부키드릴소리 리코돼지소리 나나 권총소리  귀엽다 ㅋㅋㅋㅋㅋ ㅋㅋㅋㅋ ㅋㅋㅋㅋ ❤❤❤❤❤❤ 린 로봇 소리 듣고싶은데,4,2026-08-08T22:15:43Z,67
UgwlddM7QO900pWcX4p4AaABAg,ys4_cLIvTt0,아오쿠모 린,Aokumo Rin,CLICHE,그 탑5 폭주 소리 보셨나? ㅋㅋㅋㅋㅋ 린님 사카밤바스피스 소리는 어떻게 나나요?,1,2026-08-08T09:43:35Z,45
UgyGA8She0KVFBPnFC94AaABAg,ys4_cLIvTt0,아오쿠모 린,Aokumo Rin,CLICHE,다들 귀여워 죽겠네 정말 ❤❤❤,2,2026-08-09T15:57:21Z,17
UgxtCFIxZnAJAOh_dtl4AaABAg,ys4_cLIvTt0,아오쿠모 린,Aokumo Rin,CLICHE,나나 Grrrrrrrr Kak kak 훌ㄹ루룰루루가 진짜 개쳐귀엽네ㅋㅋㅋ,1,2026-08-08T17:06:30Z,40
UgwjCxfhFTY5m6ma7594AaABAg,ys4_cLIvTt0,아오쿠모 린,Aokumo Rin,CLICHE,리코 마지막에 웃는거 ㅈㄴ 잘어울리네,1,2026-08-09T05:42:25Z,20
Ugy4Y0tOV1-WiK_ieS14AaABAg,ys4_cLIvTt0,아오쿠모 린,Aokumo Rin,CLICHE,ㅋㅋㅋㅋㅋㅋ 귀엽네,2,2026-08-08T10:39:25Z,10
UgySQiLpOUidpWKbVJN4AaABAg,ys4_cLIvTt0,아오쿠모 린,Aokumo Rin,CLICHE,아 애들 하나같이 다 너무 귀여워ㅠㅠㅠㅠㅠㅠ❤,1,2026-08-08T12:05:32Z,25
Ugzu3jXOtmpBxsS9tJ14AaABAg,ys4_cLIvTt0,아오쿠모 린,Aokumo Rin,CLICHE,"ㅋㅋㅋㅋㅋㅋㅋㅋ 미치겠네 진짜ㅋㅋ
동기 고로시는 린",0,2026-08-09T02:11:36Z,28
Ugw6OrF-zPgOQg0tWPB4AaABAg,ys4_cLIvTt0,아오쿠모 린,Aokumo Rin,CLICHE,이걸 공식이 해준다고?,2,2026-08-08T09:05:20Z,12
Ugy4Aja2tpGP14bCZmd4AaABAg,ys4_cLIvTt0,아오쿠모 린,Aokumo Rin,CLICHE,ㅋㅋㅋㅋㅋㅋㅋㅋㅋㅋㅋㅋㅋㅋㅋ,7,2026-08-08T09:09:10Z,15
UgzB0O1VLu3Ao8C7z3B4AaABAg,9S3if_u5n_Q,아오쿠모 린,Aokumo Rin,CLICHE,"아오쿠모 린님의 ""소뇨레이"" 잘 들었습니다",677,2026-08-11T11:37:34Z,23
UgyLvOTh7vbYVgm1o3R4AaABAg,9S3if_u5n_Q,아오쿠모 린,Aokumo Rin,CLICHE,여기서 죽으면 된다는거죠?,475,2026-08-11T11:46:46Z,14
Ugw5F-tz9xnG1Ylen1d4AaABAg,9S3if_u5n_Q,아오쿠모 린,Aokumo Rin,CLICHE,"원곡 뮤비에선 한 쪽 소녀의 그림자가 안 그려져 있는걸로 그 소녀는 죽은 사람이라는걸 나타냈는데
여기 일러스트에선 반투명한 다리와 검은색 리본으로 원작의 그 의도를 잘 표현하고 있어서 너무 좋다",202,2026-08-11T12:49:49Z,108
Ugzep9na97HqMXEzAVZ4AaABAg,9S3if_u5n_Q,아오쿠모 린,Aokumo Rin,CLICHE,모르고 들었을 땐 청량하다고 느꼈는데 노래를 파먹어 보니 여름괴담처럼 으스스한 느낌도 드네요,9,2026-08-11T22:08:40Z,51
UgwO744BjVYxFP23r8t4AaABAg,9S3if_u5n_Q,아오쿠모 린,Aokumo Rin,CLICHE,머리 푼 린이 maid my way에 핑크눈 린 같다고해야하나 이어진다는 느낌이 있어서 좋다..,110,2026-08-11T11:53:38Z,53
Ugz9AgKqdozBDIug8ap4AaABAg,9S3if_u5n_Q,아오쿠모 린,Aokumo Rin,CLICHE,0:10 어째서 츠하하핫이 아니라 청초 웃음인 거야,399,2026-08-11T11:40:14Z,28
Ugzy_-FeeR_d_8FEUDR4AaABAg,9S3if_u5n_Q,아오쿠모 린,Aokumo Rin,CLICHE,最高すぎます😭😭これからも頑張ってください！,10,2026-08-14T22:49:16Z,22
Ugy5UN60ErwYjhui-bJ4AaABAg,9S3if_u5n_Q,아오쿠모 린,Aokumo Rin,CLICHE,0:44 그런 말 안 해도 손 잡아줄테니 뼈 때리지 말아다오....,82,2026-08-11T12:37:01Z,37
Ugyv2QtrZjRaNuOUglF4AaABAg,9S3if_u5n_Q,아오쿠모 린,Aokumo Rin,CLICHE,0:54 좋아 죽겠습니다.. 쿠리미 하겠습니다...,20,2026-08-12T00:11:13Z,28
UgxeKCX53A3ZbN8IxZB4AaABAg,9S3if_u5n_Q,아오쿠모 린,Aokumo Rin,CLICHE,진짜 커버곡제작 뇨봇이 아닐까?,21,2026-08-12T00:21:08Z,17
UgzLPtyEiDR7N6jNR_N4AaABAg,9S3if_u5n_Q,아오쿠모 린,Aokumo Rin,CLICHE,진짜 이것만 기다렸다면 믿어줄래...........................천번 만번도 넘게 들은 소녀레이를 너무 잘어울리게 해석해서 불러준 린아가 사랑해.......... 마지막 웃음소리때문에 오늘 잠 못잘거같아요.............사랑해 이마음을 어떻게 전해야할까 진짜 사랑한다는 말로도 너무 부족하지만 ... 남은 여름 이 곡으로 정말 더위를 잘 이겨내볼게 너무너무 사랑해 린아가...💙💙💙💙💙,40,2026-08-11T12:34:29Z,227
UgzVr3OJI5bZSOSGInd4AaABAg,9S3if_u5n_Q,아오쿠모 린,Aokumo Rin,CLICHE,2:48 캬 이거지 내친구 쿠모린,44,2026-08-11T11:48:37Z,18
Ugy3dvAtX2bcGBUqMrp4AaABAg,9S3if_u5n_Q,아오쿠모 린,Aokumo Rin,CLICHE,"뭐 버튜버 팔 정도의 덕력을 가지신 분들이라면 소녀레이 스토리 정도야 다들 알고 계시겠지만…
-근- 한 숟가락 얹어보자면... 노래의 화자인 A는 동성 친구인 소녀 B에게 고백을 했지만, 거절을 당합니다.

그 복수가 아니라, 오히려 B를 고립시킨 상태에서 자신이 구원자로 등장하면 상황이 바뀔까 하는 어린 생각으로 B를 반에서 고립시키는 것을 주도하고, 성공합니다.
가사 중 ""다음 표적에게 놓인 꽃병 / 준비한 건 나였어""는, 살아있는 사람을 죽은 사람 취급하는 학교 폭력의 일종이죠.
 
A는 B를 괴롭히며 어서 자신에게 손을 내밀어 줄 것을 기다렸지만, B는 스스로 마지막을 선택합니다.

그 후회에 미쳐버리고 만 A는 B의 환각을 봅니다.
B의 마지막이었던 철도 너머에서 망령에 이끌려 A도 건널목에 뛰어듭니다.

1:12 를 보면, 마주보고 있는 B의 발목이 흐릿한 것을 볼 수 있습니다.

4:21 을 보면, A가 기찻길 위에 서 있음에도 철도 건널목의 안전바가 내려오고
4:32 부근에서 B의 웃음 소리를 들으실 수 있습니다.",116,2026-08-11T14:54:19Z,526
Ugw5GzHt9mItnl-YKTx4AaABAg,9S3if_u5n_Q,아오쿠모 린,Aokumo Rin,CLICHE,오리곡 낸지 얼마됐다고 정말 뇨봇인거냐,18,2026-08-11T15:13:45Z,21
UgyIaEXQ4Bo9jf_ALn54AaABAg,9S3if_u5n_Q,아오쿠모 린,Aokumo Rin,CLICHE,4:32 지금 김포공항 김포공항행 급행 열차가 들어오고 있습니다,9,2026-08-11T20:09:34Z,35
Ugz1mvdzfhMSYrXYhyd4AaABAg,9S3if_u5n_Q,아오쿠모 린,Aokumo Rin,CLICHE,"소녀레이 원작 MV에 없는 01부터 09까지 숫자 연출이 신경쓰여서 나름대로 추측해봤어요. 노래 가사 중에 '여름이 지워버린'과 '9월의 시작을 알리는 종소리'를 봤을 때 친구가 세상을 떠난 시점은 9월 무렵으로 짐작할 수 있습니다.

초반에 나오는 01부터 09까지 숫자를 친구가 살아있던 시간으로 볼 때, 02:45 시점에 차단기가 내려오고 친구는 세상에 존재하지 않게 됩니다. 이후 더 이상 숫자는 변하지 않고 가운데 밑부분에 조그마한 00만 남아있게 됩니다.

소녀레이 스토리를 생각해봤을 때 여러모로 많은 생각이 들게 하는 연출이라 공유해봅니다.",9,2026-08-12T14:13:10Z,310
Ugzgi4W6tTc4t_cBWhV4AaABAg,9S3if_u5n_Q,아오쿠모 린,Aokumo Rin,CLICHE,"""그래, 너는 친구""
내 친구 쿠모린",8,2026-08-11T14:27:49Z,20
UgxoJY8h0VmeigPXqXZ4AaABAg,9S3if_u5n_Q,아오쿠모 린,Aokumo Rin,CLICHE,여름에는 역시 여름노래로..... 최고,9,2026-08-12T07:53:59Z,21
UgwOLaP7g7RI4YDqAH54AaABAg,9S3if_u5n_Q,아오쿠모 린,Aokumo Rin,CLICHE,와 소녀레이 왜 이걸 이제야 봤지?? 여기에 무덤 팔게욤..,3,2026-08-29T13:33:12Z,33
UgzOUF0KxkxpnTvWyZV4AaABAg,9S3if_u5n_Q,아오쿠모 린,Aokumo Rin,CLICHE,와..ㅠㅠㅠ 린이 라이브에서 불렀을 때 넘 좋았는데 이렇게 예쁜 일러스트로 정식커버를 해줄줄은 ㅠㅠ 넘 아름답고 잘어울려,3,2026-08-11T11:42:40Z,67
Ugwcogmzv56AD4nSddF4AaABAg,9S3if_u5n_Q,아오쿠모 린,Aokumo Rin,CLICHE,"아니 안그래도 어제부터 무한재생 중이던 노래인데

이정도면 운명 맞지요?
일루와잇!",7,2026-08-11T12:24:33Z,46
Ugy8K_0XWpbFKlshMiN4AaABAg,9S3if_u5n_Q,아오쿠모 린,Aokumo Rin,CLICHE,방송하고 공연하고 유튜브하고 다하면서 어떻게 이렇게 또 신곡활동주기가 짧을수가있지 정말 감사합니다!!!! 얼마나 부지런하고 노력하고있는지 감도안옴,5,2026-08-14T06:04:10Z,81
UgwoV90PD-yJV-MH58x4AaABAg,9S3if_u5n_Q,아오쿠모 린,Aokumo Rin,CLICHE,"린님 덕분에 여름이 가버린줄 알았습니다
노래 너무 잘들었어요, 역시 노래 너무 잘부르시네요
청순 보컬!!!!",5,2026-08-11T13:42:19Z,60
Ugy6BUyJgtuTAMSxoVd4AaABAg,9S3if_u5n_Q,아오쿠모 린,Aokumo Rin,CLICHE,"""깨달았다! 바람의 핵심!!!!""",4,2026-08-11T13:04:33Z,18
UgxrqJeXITYADvAnC8h4AaABAg,9S3if_u5n_Q,아오쿠모 린,Aokumo Rin,CLICHE,"""수능100일전 최고의 선택""",1,2026-08-11T11:39:51Z,16
Ugx49M03P-NmMPQMCaJ4AaABAg,9S3if_u5n_Q,아오쿠모 린,Aokumo Rin,CLICHE,"가사 내용이랑은 상반되게 여름과 너무나도 잘 어울리는 노래!
커버해줘서 고마워 린아! 잘 들을게~",5,2026-08-11T11:55:33Z,54
UgwKNhtwVXXzygr8Nr14AaABAg,9S3if_u5n_Q,아오쿠모 린,Aokumo Rin,CLICHE,제가 가장 좋아하는 커버인 원곡자 셀프커버 버전 특유에 그 감성과 구성을 따라가는 커버라 참 좋았습니다. 커버곡 자체 퀄만 봐도 지금까지 들은 커버중 젤 좋은 것 같네요,1,2026-08-11T16:23:21Z,94
UgzTfefQN6g-f6WXmdh4AaABAg,9S3if_u5n_Q,아오쿠모 린,Aokumo Rin,CLICHE,"귀여운 뇨봇 커버곡 공장 오늘도 정상 영업합니다~ 
귀여운 위용! 위용~! 린 보고 , 귀가 녹는 목소리의 노래 듣고 가세요~",3,2026-08-11T14:35:34Z,70
UgysfXL2RrrvP8-B_B14AaABAg,9S3if_u5n_Q,아오쿠모 린,Aokumo Rin,CLICHE,"진짜 린이 불러주기 만을 바랐던 노래…
여기가 내 무덤이다",3,2026-08-11T13:05:28Z,32
Ugyo-scp-_6NRldjClN4AaABAg,9S3if_u5n_Q,아오쿠모 린,Aokumo Rin,CLICHE,"소녀 레이 ㄹㅈㄷ다
누군가 소녀레이 기원하시던데
성불하시길..
뇨멘...",2,2026-08-12T11:39:34Z,40
UgwiNEKjus1x4iLgLMd4AaABAg,9S3if_u5n_Q,아오쿠모 린,Aokumo Rin,CLICHE,드디어 스텔산 少女レイ 커버 왔구나... 정말 오래 기다렸다,7,2026-08-11T12:33:01Z,33
Ugz7crbBYUPCRLsxH994AaABAg,9S3if_u5n_Q,아오쿠모 린,Aokumo Rin,CLICHE,아 진짜 어떻게 이렇게 찰떡인 곡만 골라오냐 ..... 레전드로 좋네,2,2026-08-27T05:32:29Z,38
UgwKXVviJVUVMAsOWHZ4AaABAg,9S3if_u5n_Q,아오쿠모 린,Aokumo Rin,CLICHE,내 여름 최애곡 소녀레이가 떴다고..?! 사랑합니다 아오쿠모 린님 당신은 그저 카미사마..,5,2026-08-11T12:41:12Z,50
Ugz5IY39kdcF96ly5mt4AaABAg,9S3if_u5n_Q,아오쿠모 린,Aokumo Rin,CLICHE,이 타이밍에 소녀레이 커버? 9월 미키토P 공연 게스트가 아오쿠모 린 이구나!,4,2026-08-12T10:29:34Z,43
Ugy1XMiHrKHtPZn7o4p4AaABAg,9S3if_u5n_Q,아오쿠모 린,Aokumo Rin,CLICHE,호.호.호.호를 못 듣는게 아쉽군요 제일 좋아하는 파트였는데,16,2026-08-11T14:16:01Z,33
UgwrKEpSPrbdFDUtu_94AaABAg,9S3if_u5n_Q,아오쿠모 린,Aokumo Rin,CLICHE,기다렸다 소녀레이,1,2026-08-11T11:23:44Z,9
UgzaW9tZvntYT5QgjXl4AaABAg,9S3if_u5n_Q,아오쿠모 린,Aokumo Rin,CLICHE,도입부 소름돋았네 웅장하게 슈욱 (분내웃음) 드디어 청초를 제대로보여줄려하는구나 애니메이션에 나올것같네ㅋㅋ,3,2026-08-11T12:10:16Z,59
UgyM9oGwK1XYvOtwEAt4AaABAg,9S3if_u5n_Q,아오쿠모 린,Aokumo Rin,CLICHE,아 이거 마지막에 열차에 치이는 그 노래잖아,2,2026-08-13T04:05:28Z,24
Ugya0I-giHpp3NYQYIF4AaABAg,9S3if_u5n_Q,아오쿠모 린,Aokumo Rin,CLICHE,"와 제목보고 바로 들어왔어요
일단 내 플리에 저장",2,2026-08-12T15:04:25Z,27
Ugzyk6510hsJDlhUZPp4AaABAg,9S3if_u5n_Q,아오쿠모 린,Aokumo Rin,CLICHE,캬~~~ 이게 여름이지,3,2026-08-12T12:13:45Z,12
UgzP3igvopo0G4vwqLN4AaABAg,iZe55klpx8E,아오쿠모 린,Aokumo Rin,CLICHE,살짝미쳐봐 붙여서 말하는 거 뭔데 ㅋㅋ,964,2026-08-20T08:20:37Z,21
Ugy6WY1WZVe486UsTWN4AaABAg,iZe55klpx8E,아오쿠모 린,Aokumo Rin,CLICHE,근데 막상 시키니까 부끄러워서 저러는거 ㄹㅇ 뇨커여움,780,2026-08-20T08:10:58Z,29
UgxiK-wEW-jB1lCkDC14AaABAg,iZe55klpx8E,아오쿠모 린,Aokumo Rin,CLICHE,이 그림체 너무 좋음,1650,2026-08-20T08:15:21Z,11
Ugz0DNNI6Tr24PvihoZ4AaABAg,iZe55klpx8E,아오쿠모 린,Aokumo Rin,CLICHE,마지막에 뮤비 멋있게 보여주고 다시 하칞아 지는거 개 웃기네 ㅋㅋㅋㅋ,543,2026-08-20T08:08:13Z,38
UgxSOKZEDkNlNrFzb2V4AaABAg,iZe55klpx8E,아오쿠모 린,Aokumo Rin,CLICHE,살?짝 미쳐봐 ㅋㅋㅋㅋㅋ,379,2026-08-20T09:01:07Z,13
UgwcMC-yqoDNamUHSKh4AaABAg,iZe55klpx8E,아오쿠모 린,Aokumo Rin,CLICHE,"진짜 리코 저 살짝미쳐봐 때문에 음악 갓 나왔을 때 머리가 받아들이질 못했음 ㅋㅋㅋㅋㅋ
충격과 공포의 엇박",223,2026-08-20T09:20:42Z,59
UgylzrNwyo5Sh5f-m9d4AaABAg,iZe55klpx8E,아오쿠모 린,Aokumo Rin,CLICHE,ㅋㅋㅋㅋㅋㅋㅋㅋ 자연스러운 노래 홍보까지,347,2026-08-20T08:03:17Z,22
UgxweCzb0mxN1FSQSfp4AaABAg,iZe55klpx8E,아오쿠모 린,Aokumo Rin,CLICHE,나나는 진심으로 웃길때 숨넘어가는게 쥰내웃김 ㅋㅋㅋㅋㅋㅋㅋ,116,2026-08-20T08:44:51Z,32
Ugwv2sDVzZEa9KBSWCx4AaABAg,iZe55klpx8E,아오쿠모 린,Aokumo Rin,CLICHE,진짜 미쳐야함,237,2026-08-20T08:18:08Z,7
Ugz-s-MyZpGVABRtf9p4AaABAg,iZe55klpx8E,아오쿠모 린,Aokumo Rin,CLICHE,왜 날아가니!!!!!!!!!!ㅋㅋㅋㅋㅋㅋㅋㅋㅋㅋ,134,2026-08-20T08:29:24Z,26
Ugzvy_XEgX_ToDlA63F4AaABAg,iZe55klpx8E,아오쿠모 린,Aokumo Rin,CLICHE,처음에 린머리 뚱땅거리는거 톰과제리 제리 머리 뚱땅거리는거 같네ㅋㅋㅋㅋㅋㅋㅋㅋ개귀여워,72,2026-08-20T08:13:58Z,47
UgxAXarNMUDlVcUvjoR4AaABAg,iZe55klpx8E,아오쿠모 린,Aokumo Rin,CLICHE,진짜 정'답'이 없네  ㅋㅋㅋㅋ,43,2026-08-20T08:23:17Z,17
Ugy7NTKGhB48NBNroTd4AaABAg,iZe55klpx8E,아오쿠모 린,Aokumo Rin,CLICHE,린님도 maid my way 뽕맛에 미쳐버렸구나,73,2026-08-20T08:02:00Z,26
UgypE14R-uwuXQxTmLR4AaABAg,iZe55klpx8E,아오쿠모 린,Aokumo Rin,CLICHE,리코가 부를 때 린 무슨 톰과 제리 마냥 막 찌그러지는거 개웃기네 ㅋㅋㅋㅋㅋ,21,2026-08-22T00:46:47Z,42
UgzK3TQL-zTKZp2dujR4AaABAg,iZe55klpx8E,아오쿠모 린,Aokumo Rin,CLICHE,언제 봐도 이 그림체는 쫀득하네,52,2026-08-20T08:06:28Z,17
UgxcJz8NonPX5ZO9End4AaABAg,iZe55klpx8E,아오쿠모 린,Aokumo Rin,CLICHE,ㅋㅋㅋㅋ짱귀엽네ㅋㅋㅋㅋ,51,2026-08-20T08:19:28Z,12
UgwB5LtrJLDaDFq0XAV4AaABAg,iZe55klpx8E,아오쿠모 린,Aokumo Rin,CLICHE,나나의 리코야사랑해가 너무 웃김 ㅋㅋㅋㅋㅋㅋㅋ,13,2026-08-21T09:52:26Z,25
UgyLSQCE5fdjXn2sM3t4AaABAg,iZe55klpx8E,아오쿠모 린,Aokumo Rin,CLICHE,리코가할때 린 삐걱거리는거 개웃기네 ㅋㅋㅋㅋㅋ,15,2026-08-20T08:47:35Z,25
UgwHR4XMVnOUrdBTYpJ4AaABAg,iZe55klpx8E,아오쿠모 린,Aokumo Rin,CLICHE,진짜 승천하는게 얼탱이가 없네 ㅋㅋㅋㅋㅋㅋㅋ 그와중에 퀄은 또 좋아 ㅋㅋㅋㅋㅋ,8,2026-08-25T15:15:26Z,43
UgxJesM6eYUoMjkX7Ex4AaABAg,iZe55klpx8E,아오쿠모 린,Aokumo Rin,CLICHE,얼굴 위아래 옆으로 움직이는거 귀엽다가 그냥 승천 ㅋㅋㅋㅋㅋ,17,2026-08-20T08:59:29Z,33
UgwdKklJLhEGU2qddBZ4AaABAg,iZe55klpx8E,아오쿠모 린,Aokumo Rin,CLICHE,"양배추견 뭐임 ㅋㅋㅋㅋㅋㅋ
다 동물로 변한 거 귀엽네",3,2026-08-28T03:41:18Z,29
Ugz6HXmJBuwl8QBx_Pt4AaABAg,iZe55klpx8E,아오쿠모 린,Aokumo Rin,CLICHE,리코가 처음에 할때 개빵터졌네 ㅋㅋㅋㅋㅋㅋㅋㅋㅋㅋ,7,2026-08-20T09:31:16Z,27
UgxPuJ9Udo3gvb9Ceup4AaABAg,iZe55klpx8E,아오쿠모 린,Aokumo Rin,CLICHE,진짜 클리셰 노래는 다 좋아 미치겠음..,5,2026-08-20T08:52:36Z,22
Ugy0TAHaelUX5uwe-YZ4AaABAg,iZe55klpx8E,아오쿠모 린,Aokumo Rin,CLICHE,이 깔끔한 연출 100점드리겠습니다,3,2026-08-20T08:22:49Z,19
Ugzr7uZW_NJWnfIXHCl4AaABAg,iZe55klpx8E,아오쿠모 린,Aokumo Rin,CLICHE,"튀어잇~~~~~
저 하늘 너머로 날아간 메이드린
동물친구들 귀엽네",5,2026-08-20T09:00:01Z,36
UgwSu6DU1t3pUvuTMeF4AaABAg,iZe55klpx8E,아오쿠모 린,Aokumo Rin,CLICHE,리코가 부를때 노래 박살나는거 진짜 ㅋㅋ,3,2026-08-20T11:52:23Z,22
Ugwv557merVqRjkQr3d4AaABAg,iZe55klpx8E,아오쿠모 린,Aokumo Rin,CLICHE,대단한 애니메이터,9,2026-08-20T10:28:16Z,9
Ugzp8IComDgk69dgIu14AaABAg,iZe55klpx8E,아오쿠모 린,Aokumo Rin,CLICHE,진짜 귀여운 그림체 너무 좋은데 마지막에 린이 너무 예쁘다,1,2026-08-23T07:32:42Z,32
UgyMTj5nDOEF7xd3LfN4AaABAg,iZe55klpx8E,아오쿠모 린,Aokumo Rin,CLICHE,제발 살짝만 미쳐주세요 린씨ㅠㅠ,5,2026-08-20T08:43:47Z,17
Ugz8N3hjsPFRS12Ssah4AaABAg,iZe55klpx8E,아오쿠모 린,Aokumo Rin,CLICHE,아니 사장님 잠깐만 할때 진짜로 감자로 등장 시키는거 뭔데욬ㅋㅋㅋㅋㅋ,1,2026-08-24T21:24:13Z,38
Ugy0qv7Va7WbunkbPIt4AaABAg,iZe55klpx8E,아오쿠모 린,Aokumo Rin,CLICHE,와 이 쇼츠에서 감동을 느꼈어요 🎉,2,2026-08-21T16:47:54Z,19
Ugx8XLTO060t7UYeuL94AaABAg,iZe55klpx8E,아오쿠모 린,Aokumo Rin,CLICHE,린은 사랑입니다,3,2026-08-20T08:23:07Z,8
UgzQnFisyqZS0Nhmx4Z4AaABAg,iZe55klpx8E,아오쿠모 린,Aokumo Rin,CLICHE,그냥 처음부터 끝까지 다 개웃김ㅌㅋㅋㅋㅋㅋㅋ,2,2026-08-20T10:41:28Z,24
UgzetekjrtrOeeDD_ON4AaABAg,iZe55klpx8E,아오쿠모 린,Aokumo Rin,CLICHE,0기생 사쵸의 콘서트가 제일 시급합니다ㅋㅋㅋ,2,2026-08-20T08:26:32Z,24
UgwN0fwNF_8xKYSTExF4AaABAg,iZe55klpx8E,아오쿠모 린,Aokumo Rin,CLICHE,아니 태양까지 가는거냐고😂,2,2026-08-20T09:45:12Z,14
UgyDXzjQ3JzD9XoEoPh4AaABAg,iZe55klpx8E,아오쿠모 린,Aokumo Rin,CLICHE,ㅋㅋㅋㅋㅋㅋㅋ너무좋아,25,2026-08-20T08:14:48Z,11
UgztgEuVrta6-3omJAp4AaABAg,iZe55klpx8E,아오쿠모 린,Aokumo Rin,CLICHE,마지막에 클리셰 애니멀즈 ㅋㅋㅋㅋㅋ,3,2026-08-20T10:35:49Z,19
UgxINd5V5qXNqSisenp4AaABAg,iZe55klpx8E,아오쿠모 린,Aokumo Rin,CLICHE,ㅋㅋㅋㅋㅋ다들 뒷모습일때 딴걸로 바뀌네 양배추에 감자에 너무 좋고,1,2026-08-20T09:14:48Z,36
Ugw-esgub4SqMAuILOJ4AaABAg,iZe55klpx8E,아오쿠모 린,Aokumo Rin,CLICHE,아 진짜 그림체 넘 쫀득하게 귀여움ㅋㅋㅋㅋㅋㅋㅋㅋㅋㅋㅋ,1,2026-08-21T11:45:19Z,30
UgzW0fg7z8merJEx4P54AaABAg,iZe55klpx8E,아오쿠모 린,Aokumo Rin,CLICHE,ㅋㅋㅋㅋㅋㅋㅋㅋㅋㅋㅋㅋㅋㅋㅋㅋㅋㅋ 마지막 클리셰 미치겠다 그냥,6,2026-08-20T08:03:12Z,34
UgymzqgzNE9fSqztOWh4AaABAg,JBL1C951Nig,아오쿠모 린,Aokumo Rin,CLICHE,법조차도 구속할수없는 그의 어깨..,285,2026-09-17T08:16:15Z,19
UgwldiHSGI67s8Butkh4AaABAg,JBL1C951Nig,아오쿠모 린,Aokumo Rin,CLICHE,3:32 극악무도 린,214,2026-09-17T08:17:10Z,11
Ugw7oL_seET9DS4PAsp4AaABAg,JBL1C951Nig,아오쿠모 린,Aokumo Rin,CLICHE,7:36 don't coming 은 ㅋㅋㅋㅋㅋㅋㅋ 아 확실히 유학파인거 같아 ㅋㅋ,111,2026-09-17T08:33:48Z,45
UgxdR4iI2WNCTWGwEqR4AaABAg,JBL1C951Nig,아오쿠모 린,Aokumo Rin,CLICHE,8:01 놀라운 언어구사능력 ㅋㅋㅋㅋㅋㅋㅋㅋ,11,2026-09-18T16:14:17Z,24
Ugz-sokfvBi1MxJvTlV4AaABAg,JBL1C951Nig,아오쿠모 린,Aokumo Rin,CLICHE,7:40 선빵쳤는데 졌어 ㅋㅋ 개약하네,61,2026-09-17T08:23:20Z,21
UgyStmYf-CSr4_SC8X94AaABAg,JBL1C951Nig,아오쿠모 린,Aokumo Rin,CLICHE,그건 그냥 린이 아니었어. 주먹패 대장 청운강이었지.,33,2026-09-17T09:21:35Z,29
Ugw0HG_FJzV_NO9sbLJ4AaABAg,JBL1C951Nig,아오쿠모 린,Aokumo Rin,CLICHE,봉창섭 다라이에 버금가는 현대의 이능 *마담홍*,38,2026-09-17T08:23:47Z,26
UgyMp30kHNqUBxphVo14AaABAg,JBL1C951Nig,아오쿠모 린,Aokumo Rin,CLICHE,아오쿠모린은 청운종이고 가오쿠모린은 청운강이구나!,49,2026-09-17T08:38:28Z,27
UgxbkVCH8FTK-COYdv14AaABAg,JBL1C951Nig,아오쿠모 린,Aokumo Rin,CLICHE,진짜 볼때마다 다라이가 개 살벌하네 ㅋㅋㅋ,21,2026-09-17T08:52:15Z,23
Ugyx1LqpNFPYgndWJFR4AaABAg,JBL1C951Nig,아오쿠모 린,Aokumo Rin,CLICHE,봉누도가 벌써 올라와? 빠르다 빨라,62,2026-09-17T08:15:51Z,19
Ugyj6B0Wc5JHVhbz-TV4AaABAg,JBL1C951Nig,아오쿠모 린,Aokumo Rin,CLICHE,저러다가 어느 조직의 보스가 될 것 같은 그녀의 어깨,6,2026-09-17T11:41:48Z,29
UgxAq8ODI941ecmEW8x4AaABAg,JBL1C951Nig,아오쿠모 린,Aokumo Rin,CLICHE,2:53 거 운강씨도 까치랑 똑같네 ㅋㅋㅋ,12,2026-09-17T08:32:41Z,23
Ugxtd-_bRMLUuMq56ql4AaABAg,JBL1C951Nig,아오쿠모 린,Aokumo Rin,CLICHE,0:35 꾸예예 하악질,1,2026-09-19T02:45:39Z,12
UgxyNJAy22POSYDqekB4AaABAg,JBL1C951Nig,아오쿠모 린,Aokumo Rin,CLICHE,그 어떠한 것으로도 막을수없는 운강행님... 경찰이랑 싸워도 다 죽이고 올듯하네...,11,2026-09-17T08:21:47Z,47
Ugy_uXVOQfxy3ReEsYV4AaABAg,JBL1C951Nig,아오쿠모 린,Aokumo Rin,CLICHE,"드디어 시작됐다... ""천 운 강"" 형님의 전설이",5,2026-09-18T04:49:39Z,27
UgwKYCvZ585r2LABFW54AaABAg,JBL1C951Nig,아오쿠모 린,Aokumo Rin,CLICHE,"6:00
여기서부터는 아예 불도저가 되신 ㅋㅋㅋㅋㅋ",8,2026-09-17T08:26:54Z,28
UgzKrz9n_-AtPdtsuOR4AaABAg,JBL1C951Nig,아오쿠모 린,Aokumo Rin,CLICHE,0:52 진짜 지독하게 잘하네ㅋㅋㅋㅋㅋㅋㅋㅋㅋ,5,2026-09-17T08:18:54Z,25
UgxuEPwgn3NV0PF9UdR4AaABAg,JBL1C951Nig,아오쿠모 린,Aokumo Rin,CLICHE,"1:06 언론에 제일 못생긴사람 제보하는 인성보소!
1:40 운강햄 화났다!
2:58 자연스러운 택시 훔치기
4:43 형 차 아니에요ㅋㅋ
6:04 젤 못생긴 남자 청운강ㅋㅋㅋㅋ",8,2026-09-17T08:22:53Z,98
Ugw-fi0IWBnWmhNYsbp4AaABAg,JBL1C951Nig,아오쿠모 린,Aokumo Rin,CLICHE,3:02 그저 분탕이 좋은 운강이햄,4,2026-09-17T08:24:47Z,19
UgxyXjq2fT3g6goI5hB4AaABAg,JBL1C951Nig,아오쿠모 린,Aokumo Rin,CLICHE,0:48 gta에서 이런대사.. 누군가 생각나는 말이네요..,25,2026-09-17T08:21:17Z,33
UgxTyiEknXc4hzUUXf54AaABAg,JBL1C951Nig,아오쿠모 린,Aokumo Rin,CLICHE,수감사유 정당한 거 보소,5,2026-09-18T22:26:56Z,13
UgwFH5HGlKDIyr1aVe54AaABAg,JBL1C951Nig,아오쿠모 린,Aokumo Rin,CLICHE,린 교정공도 잘어울렸을거 같은데 ㅋㅋㅋㅋㅋ 교정공에 봉누도 최고의 정신병ㅈ...아니 체급 지리는 인간들 다모여있던데 ㅋㅋㅋ,2,2026-09-18T12:23:14Z,68
UgynS97mt1JQXiYxrX54AaABAg,JBL1C951Nig,아오쿠모 린,Aokumo Rin,CLICHE,가오햄 컨셉 개좋음 ㅋㅋㅋ,5,2026-09-17T08:21:09Z,14
UgzetQbSH7ADlaOpGId4AaABAg,JBL1C951Nig,아오쿠모 린,Aokumo Rin,CLICHE,진짜 간지 하난 미친 운강햄...,4,2026-09-17T08:51:03Z,18
Ugy9ysPUQqhgzRTMcXl4AaABAg,JBL1C951Nig,아오쿠모 린,Aokumo Rin,CLICHE,운강햄 1일차부터 보도국 공격가는 가오 ㄷㄷ,3,2026-09-18T18:32:43Z,24
UgxMRF2QQjfPS7yxLXF4AaABAg,JBL1C951Nig,아오쿠모 린,Aokumo Rin,CLICHE,6:47 그대가 들어오네요~주먹이 날아오죠~,4,2026-09-17T08:59:49Z,24
UgzHKJT4eXLinpom7NZ4AaABAg,JBL1C951Nig,아오쿠모 린,Aokumo Rin,CLICHE,어라 빠르게 올라왔네,9,2026-09-17T08:15:58Z,11
UgwO43_1sihKi4qyxsJ4AaABAg,JBL1C951Nig,아오쿠모 린,Aokumo Rin,CLICHE,수감사유 미친사람 끄덕......,4,2026-09-17T08:32:05Z,18
UgwOZtQDjbdd6MWnV_94AaABAg,JBL1C951Nig,아오쿠모 린,Aokumo Rin,CLICHE,무력보다 가오가 먼저라 패배한 전적이 훨씬 많은 운강햄...,2,2026-09-17T19:14:52Z,33
Ugx8DoUbgzbO06QpizJ4AaABAg,JBL1C951Nig,아오쿠모 린,Aokumo Rin,CLICHE,운강이 행님 다라이가 살벌하십니다..!!,2,2026-09-17T11:44:36Z,22
UgyC9SUC94_BFsOffyt4AaABAg,JBL1C951Nig,아오쿠모 린,Aokumo Rin,CLICHE,광기의 극치 광기의 예술가 가오쿠모린,4,2026-09-17T08:40:56Z,20
UgxXmR5tkgl7SREyxqZ4AaABAg,JBL1C951Nig,아오쿠모 린,Aokumo Rin,CLICHE,준식이 이후 역대급 J.O.A.T 가튼 녀석들,3,2026-09-17T09:05:40Z,25
Ugxl6WvKZWwoVmOy5xt4AaABAg,JBL1C951Nig,아오쿠모 린,Aokumo Rin,CLICHE,ㅋㅋㅋㅋㅋㅋㅋㅋㅋ봉인풀린 린,3,2026-09-18T06:15:05Z,15
Ugw-BmKbIUZxkKKRQyl4AaABAg,JBL1C951Nig,아오쿠모 린,Aokumo Rin,CLICHE,7:55 행님 너무 약하십니다,1,2026-09-18T01:22:19Z,16
Ugw71xg4nvkP3Uman7x4AaABAg,JBL1C951Nig,아오쿠모 린,Aokumo Rin,CLICHE,실제 사람이오? (저게 사람이라고?),8,2026-09-17T08:16:16Z,20
UgxCYrdWhExHAcv7N5N4AaABAg,JBL1C951Nig,아오쿠모 린,Aokumo Rin,CLICHE,가오는 죄가 없다,5,2026-09-17T08:30:40Z,9
UgzP2jzRb3Ulj-2tWMl4AaABAg,JBL1C951Nig,아오쿠모 린,Aokumo Rin,CLICHE,오늘이 4일찬데 1일차거가 벌써ㄷㄷ,4,2026-09-17T08:15:55Z,19
Ugw2SM_VlzHuPXtf-dJ4AaABAg,JBL1C951Nig,아오쿠모 린,Aokumo Rin,CLICHE,무섭다 무서워 가오쿠모린,4,2026-09-17T08:20:25Z,13
UgxDJsEO6gsh5oaRriR4AaABAg,JBL1C951Nig,아오쿠모 린,Aokumo Rin,CLICHE,이번에 린이 대박인거같앜ㅋㅋㅋㅋㅋㅋㅋㅋㅋ개웃곀ㅋㅋㅋㅋ,1,2026-09-17T09:41:32Z,29
UgySJhNZ6loo8cVWCJZ4AaABAg,JBL1C951Nig,아오쿠모 린,Aokumo Rin,CLICHE,행넴 멋지십니다!,2,2026-09-17T08:49:04Z,9
UgzaG3aTQC5D-NWZ_iF4AaABAg,qv_VVUJOt0M,하나코 나나,Hanako Nana,CLICHE,"하a~~!!!
써글~~!!!
뇨오~~!!!",869,2026-09-17T08:13:55Z,23
UgyfskYjd2AOenelNGl4AaABAg,qv_VVUJOt0M,하나코 나나,Hanako Nana,CLICHE,진짜 삼색볼펜 셋이서 웃기고 귀엽고 다 하네 ㅋㅋㅋㅋㅋ,74,2026-09-17T08:36:33Z,30
UgytPxkaHkw4cZWqqOB4AaABAg,qv_VVUJOt0M,하나코 나나,Hanako Nana,CLICHE,아무리봐도 히나 혼자 땅을 짚는게 아니라 박차고 있는데 정상인가요,2,2026-09-25T03:37:48Z,36
UgxNZvuEX5d3IOFtbdd4AaABAg,qv_VVUJOt0M,하나코 나나,Hanako Nana,CLICHE,"하aaa~!
Hㅏ~~
하아아악!!!",35,2026-09-17T08:54:03Z,19
UgwRjOKLqLhWyxoFidd4AaABAg,qv_VVUJOt0M,하나코 나나,Hanako Nana,CLICHE,하아~ 하아아~ 하아아악!~,736,2026-09-17T08:02:23Z,15
UgxgF-9GqNQ1rkrOsqR4AaABAg,qv_VVUJOt0M,하나코 나나,Hanako Nana,CLICHE,확실히 작은 까탈레나라고 할 수 있네요,486,2026-09-17T08:22:43Z,21
UgzX-MzyoRjr2CD7hb94AaABAg,qv_VVUJOt0M,하나코 나나,Hanako Nana,CLICHE,"춤추는 작은 까탈레나
춤추는 큰 까탈레나
춤추는 이상한 까탈레나",119,2026-09-17T21:08:31Z,35
UgyTJXzaXxQ52cRWajh4AaABAg,qv_VVUJOt0M,하나코 나나,Hanako Nana,CLICHE,"0:18 가사에 현실고증 되있는거 감다살이네요
(작은 까탈레나)",42,2026-09-17T09:03:45Z,35
Ugw9xCimc32ncQcYbqJ4AaABAg,qv_VVUJOt0M,하나코 나나,Hanako Nana,CLICHE,"춤추는 ""작은"" 까탈레나...",1,2026-09-23T15:57:27Z,16
Ugyq56oPAsdDVBNZcHh4AaABAg,qv_VVUJOt0M,하나코 나나,Hanako Nana,CLICHE,선곡과 멤버를 보는 순간 광기가 느껴졌다 ㅋㅋㅋㅋㅋ,154,2026-09-17T08:22:55Z,28
UgzlrY6HUGM3qQMNhIh4AaABAg,qv_VVUJOt0M,하나코 나나,Hanako Nana,CLICHE,도입부가 제일 기대되는 곡 ㅋㅋㅋ,37,2026-09-17T08:50:07Z,18
UgyuieeBC-Tb4Ptxkpx4AaABAg,qv_VVUJOt0M,하나코 나나,Hanako Nana,CLICHE,히나 춤출때 발로 힘차게 땅 찍는거 ㅈㄴ씩씩하네 ㅋㅋㅋㅋㅋㅋㅋㅋㅋㅋ,432,2026-09-17T08:42:31Z,37
UgzvkC2ltXHAMLDvsSN4AaABAg,qv_VVUJOt0M,하나코 나나,Hanako Nana,CLICHE,진짜 맨 첨 오프닝 고딩 수련회 여자애들 장기자랑같네ㅋㅋㅋ,2,2026-09-18T20:36:10Z,32
Ugwun8GTOISrzwgqCXF4AaABAg,qv_VVUJOt0M,하나코 나나,Hanako Nana,CLICHE,2:36,18,2026-09-17T16:41:45Z,4
UgwIU_Io5JV_2fxgDnR4AaABAg,qv_VVUJOt0M,하나코 나나,Hanako Nana,CLICHE,히나 움직임 하나하나 파워풀한거  진짜 볼때마다 개웃기네 ㅋㅋㅋㅋㅋ,14,2026-09-17T09:24:23Z,37
UgzRJc-EFvqoATkcO0R4AaABAg,qv_VVUJOt0M,하나코 나나,Hanako Nana,CLICHE,너무 곡에 찰떡인 조합이였다 ㅋㅋㅋ,75,2026-09-17T08:06:34Z,19
UgxMdzYYIR2fCEF7aFd4AaABAg,qv_VVUJOt0M,하나코 나나,Hanako Nana,CLICHE,"하!
하아!
워아아AhhhhWAAAACK!",6,2026-09-17T10:26:35Z,23
UgyWx7LDp45wi4KM3bp4AaABAg,qv_VVUJOt0M,하나코 나나,Hanako Nana,CLICHE,"킥포인트
0:13 히나 웃음소리
01:46 린 코딩오류",12,2026-09-17T13:45:06Z,30
UgzPzpkys9dPOWGcOnx4AaABAg,qv_VVUJOt0M,하나코 나나,Hanako Nana,CLICHE,やっぱりStelLiveは最高だぜ…！！！,2,2026-09-17T12:19:10Z,21
Ugwt2rPads3PotZLV3p4AaABAg,qv_VVUJOt0M,하나코 나나,Hanako Nana,CLICHE,오구오구 짜란다 짜란다,11,2026-09-17T09:16:48Z,12
UgwFNjGx6ITDYSON31p4AaABAg,qv_VVUJOt0M,하나코 나나,Hanako Nana,CLICHE,3D를 뚫고 나오는 나나의 쪼꼬미 ...,11,2026-09-17T08:52:53Z,22
UgwWyR1gnsY4uRvZwNV4AaABAg,qv_VVUJOt0M,하나코 나나,Hanako Nana,CLICHE,진짜 스텔에서 까탈레나 제일 잘어울리는 멤버들 제대로 뽑아왔다 ㅋㅋ,10,2026-09-17T09:25:07Z,37
UgxiGYH9uxmX-gBuRF94AaABAg,qv_VVUJOt0M,하나코 나나,Hanako Nana,CLICHE,아주 겁나 까탈스러울 거 같은 트리오구만,16,2026-09-17T09:49:43Z,22
UgwuADh2U-AKINYtbgZ4AaABAg,qv_VVUJOt0M,하나코 나나,Hanako Nana,CLICHE,3:13 셋명다 윙크 하는거 너무 기엽다 ㅋㅋㅋㅋㅋ,26,2026-09-17T10:36:07Z,28
UgxF28ISIfLNotL-Pr54AaABAg,qv_VVUJOt0M,하나코 나나,Hanako Nana,CLICHE,추석 코앞이라 그런가 조카들 재롱잔치같네 ㅋㅋㅋㅋㅋㅋㅋㅋㅋㅋㅋㅋㅋㅋㅋㅋ,5,2026-09-17T17:40:03Z,39
UgxLVuL6d2GUSPWY8Fh4AaABAg,qv_VVUJOt0M,하나코 나나,Hanako Nana,CLICHE,0:17 확실히 작긴 해요,9,2026-09-17T10:39:23Z,14
UgyQSqbMq_Fg76aWi2F4AaABAg,qv_VVUJOt0M,하나코 나나,Hanako Nana,CLICHE,"내일 입학하는 초등학교 1학년 조카
씩씩한 여고?생
팔딱거리는 물고기
오",1,2026-09-17T12:08:43Z,40
UgynfGRzep3Fa2k68Rh4AaABAg,qv_VVUJOt0M,하나코 나나,Hanako Nana,CLICHE,히나가 누른 작동버튼. 뇨봇은 그냥 넘길 수 없었다.,1,2026-09-19T16:50:07Z,29
UgwFHvblkWCDTr-hR2t4AaABAg,qv_VVUJOt0M,하나코 나나,Hanako Nana,CLICHE,❤👍 3인방,1,2026-09-22T07:08:10Z,6
Ugzs9hq4BGCzm-oxqD94AaABAg,qv_VVUJOt0M,하나코 나나,Hanako Nana,CLICHE,셋이 진짜 잘 어울리네 ㅋㅋㅋㅋㅋ 셋 다 넘 예쁘다,1,2026-09-18T14:30:20Z,28
Ugzl8KTp0H-d6qPQt1l4AaABAg,qv_VVUJOt0M,하나코 나나,Hanako Nana,CLICHE,"1:55
이거 안무 나나만 저거 춘 거 괜찮네
쪼꼬미가 키 맞추려는 거 같아 더 귀여워 ㅋㅋ",11,2026-09-17T09:46:18Z,51
Ugy3SZwmt8RhMhSPBcJ4AaABAg,qv_VVUJOt0M,하나코 나나,Hanako Nana,CLICHE,되게...초등학교 3학년들의 학예회를 지켜보는 담임선생님이 된 기분이에요...어쩜 울지도 않고 이렇게 씩씩하니...ㅠ,0,2026-09-17T11:15:41Z,65
Ugz3eTRgq7heDhvsAi14AaABAg,qv_VVUJOt0M,하나코 나나,Hanako Nana,CLICHE,셋다 귀여워 죽겠네 그냥!,8,2026-09-17T08:21:53Z,14
Ugx0Eh9ketFzRDQ6qNF4AaABAg,qv_VVUJOt0M,하나코 나나,Hanako Nana,CLICHE,춤추는 작은 까탈나나~,10,2026-09-17T08:41:01Z,12
UgwTT3SjqOrfzqzLyV54AaABAg,qv_VVUJOt0M,하나코 나나,Hanako Nana,CLICHE,1:01 시라유키 히나는 땅가르기를(을) 사용했다.,3,2026-09-17T09:38:34Z,28
UgwmEMy8BiYoE8Hdv-h4AaABAg,qv_VVUJOt0M,하나코 나나,Hanako Nana,CLICHE,춤도 춤인데 노래부를때 웃음기 가득해서 기분 좋아지는듯 ㅋㅋㅋㅋ,4,2026-09-17T18:23:55Z,35
UgytW1x_SwGks9SRG0p4AaABAg,qv_VVUJOt0M,하나코 나나,Hanako Nana,CLICHE,하아! 하아아! 하아아아악!,2,2026-09-17T08:19:47Z,15
UgwnNgnD4BnCsOs7lrd4AaABAg,qv_VVUJOt0M,하나코 나나,Hanako Nana,CLICHE,히나 춤추는거 겁나 씩씩해 ㅋㅋㅋㅋ,2,2026-09-17T14:55:15Z,19
UgycamT8ZSrD0v_MWR14AaABAg,qv_VVUJOt0M,하나코 나나,Hanako Nana,CLICHE,아기들 재롱잔치 너무 보기 좋네요 ^^,4,2026-09-17T09:36:12Z,21
Ugx2m0VArb2r9iY3t194AaABAg,qv_VVUJOt0M,하나코 나나,Hanako Nana,CLICHE,영상 시작전에 좋아요 및 댓글 달고 간다. 자~ 드가자~,1,2026-09-17T17:16:24Z,31
Ugxy_0XL9GOel1EE7k54AaABAg,Zetk77I6_s8,하나코 나나,Hanako Nana,CLICHE,"나나가 커버한 곡들
-summertime
-summertime
-summer
-오츠카레summer

여름이 좋은 청년




+ 2일만에 1000 좋아요라니..! 감사합니다!",1314,2026-09-12T11:07:51Z,97
UgyjeUfiea-qxxwaGZ54AaABAg,Zetk77I6_s8,하나코 나나,Hanako Nana,CLICHE,3:38 다이죠-브이데쇼 하고 웃는 거 기엽네,51,2026-09-12T13:17:45Z,25
UgxAy67zvfQJSs8PKsd4AaABAg,Zetk77I6_s8,하나코 나나,Hanako Nana,CLICHE,0:41 진짜 육성으로 아니 뭐야 왜이리 잘해가 터져 나왔네,312,2026-09-12T14:59:10Z,33
UgyjA14VLbG7gp-35jt4AaABAg,Zetk77I6_s8,하나코 나나,Hanako Nana,CLICHE,걍 이제 말할 것도 없이 ㅈㄴ 잘하네 걍,140,2026-09-12T11:10:38Z,22
UgzUScbjR5yqBAIqu0Z4AaABAg,Zetk77I6_s8,하나코 나나,Hanako Nana,CLICHE,1:32 여기가 말로 듣던 후야의 웃음 부분인가Zz,358,2026-09-12T10:53:53Z,28
Ugz5-kIgh3Hk_RMZDxd4AaABAg,Zetk77I6_s8,하나코 나나,Hanako Nana,CLICHE,"카맛테 카맛테도 알고 있었구 노래 하이라이트도 분명 들어봤는데 아니아니 다이죠브이데쇼도.. 이게 왜 다 한 노래야,,??",120,2026-09-12T19:46:00Z,67
UgxdKQTi9KNKTlkNAFV4AaABAg,Zetk77I6_s8,하나코 나나,Hanako Nana,CLICHE,내 아내랑 내 아내가 같이 커버곡을 내준다니.. 너무 좋네요,69,2026-09-12T02:10:23Z,33
UgxuIDVQU7_oYqtnBCt4AaABAg,Zetk77I6_s8,하나코 나나,Hanako Nana,CLICHE,다이죠 어흐데쇼!,81,2026-09-12T10:56:45Z,9
UgxLHaT9Ol52kpHylO94AaABAg,Zetk77I6_s8,하나코 나나,Hanako Nana,CLICHE,안그래도 랩 잘하는 나나랑 잘 어울릴거 같았는데 진짜 찰떡에 후야도 너무너무 잘 하고 좋은데요!!!!!!!?????,4,2026-09-22T12:36:47Z,64
UgyC88Ywirc32j0T4NV4AaABAg,Zetk77I6_s8,하나코 나나,Hanako Nana,CLICHE,3:58 자막 뭐지요 귀여움 발산 정지를 권유합니다,75,2026-09-12T14:26:19Z,28
UgxP_yCYP6gyCkQdMpV4AaABAg,Zetk77I6_s8,하나코 나나,Hanako Nana,CLICHE,1:18 이부분 '바이바이~'가 진짜 너무 좋네요...,11,2026-09-13T16:41:20Z,30
UgxwTQ80gGeKDnG1Mph4AaABAg,Zetk77I6_s8,하나코 나나,Hanako Nana,CLICHE,용가리와 작은 인간의 듀엣이라니 기대된다~,52,2026-09-12T03:18:58Z,23
UgyrfdwRl9gjsGRLsqN4AaABAg,Zetk77I6_s8,하나코 나나,Hanako Nana,CLICHE,1:16 bye bye ㅁㅊ ㅈㄴ 좋네,24,2026-09-12T12:07:18Z,21
Ugzu1aaoLAjgwdgTDn14AaABAg,Zetk77I6_s8,하나코 나나,Hanako Nana,CLICHE,2:36 여기 살짝 끄는게 ㄹㅇ ㄹㅈㄷ다,9,2026-09-12T14:36:08Z,22
UgzpKXT_CjxJmeJnGg14AaABAg,Zetk77I6_s8,하나코 나나,Hanako Nana,CLICHE,ステライブすごい! 友達が勧めてくれた!,18,2026-09-12T11:24:03Z,20
UgwVgBfznIZaIwgx8OZ4AaABAg,Zetk77I6_s8,하나코 나나,Hanako Nana,CLICHE,그녀들의 노래와 의상에는 감동이 있다.. 흑흑,63,2026-09-12T11:09:20Z,25
UgwJAZYCnTwnjf-4aNp4AaABAg,Zetk77I6_s8,하나코 나나,Hanako Nana,CLICHE,"와 진짜 둘이 색깔이 엄청 다른데 듀엣이라니
겁나 기대 돼네",30,2026-09-11T23:57:27Z,33
UgzWGzLc7mVWOYls-6Z4AaABAg,Zetk77I6_s8,하나코 나나,Hanako Nana,CLICHE,3:28 곧 쇼츠로 나올 생각에 기대되는 페토면 페추~~,33,2026-09-12T12:47:54Z,31
UgyP8n5e9fsmyhXV-Pt4AaABAg,Zetk77I6_s8,하나코 나나,Hanako Nana,CLICHE,3:39 둘다 다이v데쇼하고 웃는거 너무 사랑스럽다,4,2026-09-13T13:09:02Z,28
UgxrlTpuYPkbmoum3VV4AaABAg,Zetk77I6_s8,하나코 나나,Hanako Nana,CLICHE,나나랑 후야 랩 진짜 미쳤네??,223,2026-09-12T11:09:11Z,17
Ugx0PFLED0O8hsU9xZ14AaABAg,Zetk77I6_s8,하나코 나나,Hanako Nana,CLICHE,아 쇼츠에서 맨날 듣던게 이 노래구나 3:51,12,2026-09-13T14:47:07Z,25
Ugx57cGLQPHfYT3Jigp4AaABAg,Zetk77I6_s8,하나코 나나,Hanako Nana,CLICHE,이거 중독성 좀 미친것같애 그냥 챌린지 밈노래라고 생각하고 관심 없었는데 계속 오츠카레섬머 빈복하고있다,3,2026-09-18T01:43:59Z,57
UgygdLuPumV-C4nqTVN4AaABAg,Zetk77I6_s8,하나코 나나,Hanako Nana,CLICHE,정말 노래 제목대로 내 여름 끝 곡이 되겠다 마룡님과 토끼의 조합 너무 맛있다,19,2026-09-11T20:19:07Z,43
UgyKJBHfGpTijBxm-P14AaABAg,Zetk77I6_s8,하나코 나나,Hanako Nana,CLICHE,둘이 음색 너무 잘어울림 ㅠㅠㅠ,21,2026-09-12T11:24:13Z,17
Ugz9-ZGYz8GfaVYZ4ZJ4AaABAg,Zetk77I6_s8,하나코 나나,Hanako Nana,CLICHE,楽しみ楽しみ楽しみ楽しみ,6,2026-09-12T01:17:33Z,12
UgxdLaZKDmS4JfVgXmJ4AaABAg,Zetk77I6_s8,하나코 나나,Hanako Nana,CLICHE,와 나나랑 후야씨 커버곡이라니 스텔라이브의 여름은 아직 안끝났다!!,22,2026-09-12T00:53:07Z,37
UgyHRhhe1C8B9UckVbJ4AaABAg,Zetk77I6_s8,하나코 나나,Hanako Nana,CLICHE,오시들의 커버곡이라니 개행복하다,10,2026-09-12T13:18:50Z,17
Ugx0qxU2siyEwDoh_094AaABAg,Zetk77I6_s8,하나코 나나,Hanako Nana,CLICHE,랩이랑 다이죠브이부터 마지막에 ㅎ힝ㅠ 까지 다 너무 귀여워서 힐링된다,14,2026-09-12T11:38:26Z,38
UgyJ_aTprLvqOhqfDcF4AaABAg,Zetk77I6_s8,하나코 나나,Hanako Nana,CLICHE,나나야 원래 잘했다지만 후야도 랩 되게 잘하네...,3,2026-09-12T17:38:03Z,28
Ugx-WuVC_mPlARv8W0N4AaABAg,Zetk77I6_s8,하나코 나나,Hanako Nana,CLICHE,"3:38 아 이게 이거였구나...! ㅎㅎ
노래에 랩파트가 되게 많은데 나나도 그렇고 후야님도 깔끔하게 잘 하셔서 놀랐어요!

기습? 적인 커버곡이었는데 노래도 좋구 이번 신의상이랑 같이 배경도 예뻐서 들을때마다 한번씩 영상도 같이 봐야겠네요😀",1,2026-09-13T15:00:30Z,135
Ugz00RJT-YsI8FhkJHd4AaABAg,Zetk77I6_s8,하나코 나나,Hanako Nana,CLICHE,너무 좋아하는 곡 진짜 최애곡 랩파트 기대 만땅..!,993,2026-09-11T19:34:09Z,29
Ugz_MuQgRjAf29nl-MR4AaABAg,Zetk77I6_s8,하나코 나나,Hanako Nana,CLICHE,둘이 음색 되게 잘어울리네,12,2026-09-12T17:59:38Z,14
UgzHEQWWo1Z-Wo35GVN4AaABAg,Zetk77I6_s8,하나코 나나,Hanako Nana,CLICHE,다이죠브이가 온다..,299,2026-09-12T01:31:38Z,11
UgyCfuWYgc0t3vLEIdl4AaABAg,Zetk77I6_s8,하나코 나나,Hanako Nana,CLICHE,캬ㅑㅑㅑㅑㅑ 여름 끝나자마자 오츠카레 쌈머! 스텔라들 이번 여름도 수고했어 ❤,8,2026-09-11T23:56:08Z,43
Ugxrco2v6ByCgB2Lza54AaABAg,Zetk77I6_s8,하나코 나나,Hanako Nana,CLICHE,음...상큼하고 씹을수록 단맛이 우러나오는 커버곡...미식이군요...!,7,2026-09-12T12:19:36Z,39
Ugz0NRypMtAuRTa7ISB4AaABAg,Zetk77I6_s8,하나코 나나,Hanako Nana,CLICHE,이제는 무슨 노래든 다 잘하네.  근데 이 노래로 챌린지는 안하고 커버를 하네 ㅋㅋㅋ 감다살,6,2026-09-16T23:26:04Z,51
Ugz6FHj8WZrwNzdHt0V4AaABAg,Zetk77I6_s8,하나코 나나,Hanako Nana,CLICHE,"나나와 후야가 같이 부르니까 뭔가 경쾌하고 힘차면서 평온한 느낌이군뇨
일러부터 노래까지 모두 다 좋군뇨",8,2026-09-12T11:32:45Z,57
UgxwxYKstRlTK1JLpRl4AaABAg,Zetk77I6_s8,하나코 나나,Hanako Nana,CLICHE,"3:38
다이죠v데쇼",9,2026-09-12T11:06:16Z,11
UgyldZW39MPI5LAmHUJ4AaABAg,Zetk77I6_s8,하나코 나나,Hanako Nana,CLICHE,1:36 자주 듣던 그부분을 후야와 나나의 목소리로!!,2,2026-09-15T13:14:30Z,30
UgxXNMIAcAzfEbKW2yl4AaABAg,Zetk77I6_s8,하나코 나나,Hanako Nana,CLICHE,진짜 중독성 레전드 입니다! 나나 후야야 ㅎㅇㅌ!,4,2026-09-12T15:39:39Z,27
Ugz850FN0JZ9JtV0xvd4AaABAg,Rkd03AguDJ4,하나코 나나,Hanako Nana,CLICHE,썸네일 앵글부터 걍 본인이 쥰네 멋진 사람인걸 앎.... 이러니까 페토들이 뻑이가지,642,2026-09-07T08:35:54Z,46
UgwXGA3fn49qtAQmWot4AaABAg,Rkd03AguDJ4,하나코 나나,Hanako Nana,CLICHE,"""몸은 작아도 보컬은 그대로! 포기를 모르는 명보컬! 나나는 언제나 하나!
""그 이름은 하나코 나나!""",701,2026-09-07T09:08:21Z,57
UgwBdma69ekQn-PCSQ14AaABAg,Rkd03AguDJ4,하나코 나나,Hanako Nana,CLICHE,"""비행준비 이시대에 주인이 누군지 똑똑히 보여줘라""",221,2026-09-07T08:42:17Z,28
Ugx1jP-fvEamj4ZNTlB4AaABAg,Rkd03AguDJ4,하나코 나나,Hanako Nana,CLICHE,"이번엔 "" 어떤 꿈을 꾸러가볼까 """,72,2026-09-07T08:46:19Z,19
UgyD13BdBfQZhsKqLN14AaABAg,Rkd03AguDJ4,하나코 나나,Hanako Nana,CLICHE,4:07 숨소리 때문에 순간 몰입도 확 오름,79,2026-09-08T09:52:00Z,24
UgxR3tkF48pY7ZVnKC94AaABAg,Rkd03AguDJ4,하나코 나나,Hanako Nana,CLICHE,진짜 사람이 어떻게 귀여울땐 개처귀엽고 섹시할땐 눈나가 되고 웃길때는 개처웃길 수 가 있지? 왜 이렇게 매력이 넘치냐 진짜ㅏㅏㅏㅏㅏ,36,2026-09-07T09:16:13Z,73
UgxlIefwR69rzxIPLd14AaABAg,Rkd03AguDJ4,하나코 나나,Hanako Nana,CLICHE,小っちゃい体にパワフルなパフォーマンス！そして相変わらず歌上手すぎ！！！,14,2026-09-08T13:33:18Z,36
UgzpMe7AdmdhOeaRYeh4AaABAg,Rkd03AguDJ4,하나코 나나,Hanako Nana,CLICHE,"깃발 퍼포먼스 개쩔었고, 보컬 진짜 미쳤는데 묘하게 그녀에겐 넓고 큰 무대와 화면비율...",50,2026-09-07T09:56:27Z,50
UgwdE0XC2CnaBup7bbB4AaABAg,Rkd03AguDJ4,하나코 나나,Hanako Nana,CLICHE,깃발 춤 다음에 바로 비행정 젼율 지린다ㅏ,35,2026-09-07T08:37:11Z,23
UgyuRITFYTPLraNVpJl4AaABAg,Rkd03AguDJ4,하나코 나나,Hanako Nana,CLICHE,내 오시인게 ㅈㄴ 자랑스러운 무대임,13,2026-09-07T09:44:54Z,19
Ugx3vookBz3E3Ks78nR4AaABAg,Rkd03AguDJ4,하나코 나나,Hanako Nana,CLICHE,이봐이봐 깃발 들고 휘적거리는거에 미치는건 또 어케 알고 와서 날 먼저 꼬신다니까?,12,2026-09-07T08:43:20Z,46
UgwTZTdGRBsuonf79LB4AaABAg,Rkd03AguDJ4,하나코 나나,Hanako Nana,CLICHE,"이. 모든게.. 라이브라고? 
진짜 미쳤나...나...",3,2026-09-10T06:39:26Z,30
Ugxywbys1qVH1QnvSQp4AaABAg,Rkd03AguDJ4,하나코 나나,Hanako Nana,CLICHE,나나 비행정은 간지 원탑이다,0,2026-09-26T15:03:55Z,15
Ugxfp1CRwwnuiGlbb2d4AaABAg,Rkd03AguDJ4,하나코 나나,Hanako Nana,CLICHE,"😙💞🤍🤍🩵🩵🩷🩷💖💖💓💓💗💗❣️❣️❤️‍🔥❤️‍🔥💝💝💘💘💘💘💘🎀✨️✨️✨️✨️
にゃんにゃーん",2,2026-09-10T05:17:59Z,50
UgxUEQ8qUidUk8L6CWd4AaABAg,Rkd03AguDJ4,하나코 나나,Hanako Nana,CLICHE,"쬐깐한 몸뚱아리, 그것보다 큰 깃발, 자신감 넘치는 댄스, 이 모든 것을 커버치는 가창력.
인정합니다.",4,2026-09-07T12:18:22Z,57
UgyYlCirqzNsY9J1OZZ4AaABAg,Rkd03AguDJ4,하나코 나나,Hanako Nana,CLICHE,캬ㅑㅑ 나나 레전드 오프닝 무대 떳넹,15,2026-09-07T09:03:21Z,20
Ugwke3jGXrGCUSeW1yV4AaABAg,Rkd03AguDJ4,하나코 나나,Hanako Nana,CLICHE,풀3d 퀄리티 미쳤네.,14,2026-09-07T08:47:09Z,12
UgzZm0jGjbsrx4Aj_fN4AaABAg,Rkd03AguDJ4,하나코 나나,Hanako Nana,CLICHE,旗振り？っていうんかな？そんなことできたの！？,9,2026-09-07T09:07:08Z,23
Ugyw2eSZtuC8DJAx2xx4AaABAg,Rkd03AguDJ4,하나코 나나,Hanako Nana,CLICHE,월드컵 관리자는 빠른 시일 내에 이 버전으로 바꿔 올리도록.,1,2026-09-07T11:38:28Z,33
UgzedqaO4Jn0PfnFrlB4AaABAg,Rkd03AguDJ4,하나코 나나,Hanako Nana,CLICHE,멋있게 깃발흔들다가 풀샷에서 쪼꼬매서 귀여움 ㅋㅋㅋ,5,2026-09-07T10:10:35Z,28
UgyqlkOIMY20LeVmGVp4AaABAg,Rkd03AguDJ4,하나코 나나,Hanako Nana,CLICHE,와 이건 진짜 진심 개멋있네,8,2026-09-07T08:42:07Z,15
UgwvYCgvrqaZ1F7Npi54AaABAg,Rkd03AguDJ4,하나코 나나,Hanako Nana,CLICHE,"원곡보다 나나님의 비행정 커버곡을 더 많이 본 것 같아요 진짜 중독성 있네요
앞으로도 좋은 노래 많이 많이 불러주세요~",3,2026-09-14T05:46:56Z,66
UgwnsL2R-CJ1MCa7oHh4AaABAg,Rkd03AguDJ4,하나코 나나,Hanako Nana,CLICHE,이번에 KSPO 돔 가서 킹누 직관하고 앵콜로 비행정 듣고 왔는데 킹누가 아예 생각 안난다면 거짓말이지만 진짜 자기 노래로 만들었네... 무대를 즐긴다는게 느껴져서 좋다 어설프게 킹누처럼 하려고 한 게 아니라 진짜 하나코 나나의 무대라 너무 좋네,125,2026-09-07T09:20:11Z,137
UgzY8Qd4ZXqawmbCxxV4AaABAg,Rkd03AguDJ4,하나코 나나,Hanako Nana,CLICHE,나나의 요루시카 물떼새 유행 탑승 기원,1,2026-09-10T06:41:44Z,21
UgyG9IaRjcsScfj6lcx4AaABAg,Rkd03AguDJ4,하나코 나나,Hanako Nana,CLICHE,뭐..뭐지.. 첫부분 깃발 들었을땨 웅장해야 하는데 재롱잔치 보는느낌이야.. 근데 좋다,4,2026-09-08T06:58:31Z,48
Ugy_dUl6pLIGPYJhU2J4AaABAg,Rkd03AguDJ4,하나코 나나,Hanako Nana,CLICHE,저 깃발 춤이 진짜 미친 개간지남 말이 안 됨,3,2026-09-07T09:26:08Z,25
Ugwm2NzqQR8P2OIKDQ54AaABAg,Rkd03AguDJ4,하나코 나나,Hanako Nana,CLICHE,"저 꼬마 자기 몸보다 큰 깃발을 휘두른다고?
대단하네",1,2026-09-07T11:41:13Z,29
UgyjNuo5uwMg_ZrIOO94AaABAg,Rkd03AguDJ4,하나코 나나,Hanako Nana,CLICHE,내가 알던 그 꼬맹이가 맞나?,2,2026-09-14T08:36:08Z,16
Ugy8aoyzG8X6zZrpG614AaABAg,Rkd03AguDJ4,하나코 나나,Hanako Nana,CLICHE,비행정같은 노래에 저런깃발 들고있으니깐 진짜 멸망한 어떤  나라가 생각나네..,71,2026-09-07T08:37:42Z,43
UgwP3F1z20Bsgu5dLQl4AaABAg,Rkd03AguDJ4,하나코 나나,Hanako Nana,CLICHE,머리에서 이 노래가 떠나질 않아...,48,2026-09-07T08:47:49Z,20
Ugz5LK-4FkIupdpvBwN4AaABAg,Rkd03AguDJ4,하나코 나나,Hanako Nana,CLICHE,"왔다 내 작은 거인💗💗
라이브가 더 좋고
처음에 깃발 휘적휘적 진짜 뭘 안다니까.....",5,2026-09-07T09:05:41Z,49
UgycJGBdPkf56CcPKcl4AaABAg,Rkd03AguDJ4,하나코 나나,Hanako Nana,CLICHE,1:18 박자마다 끊어가면서 추는게 너무 머쩌,1,2026-09-08T06:02:22Z,25
UgxwaZBXYsvfq4C3hWt4AaABAg,Rkd03AguDJ4,하나코 나나,Hanako Nana,CLICHE,"진짜 분위기 작살나네... 노래, 커버, 라이브 하나같이 마음에 깊숙하게 박히네요

여러분 이게 제 아내입니다 존나 쩔지 않습니까",0,2026-09-07T13:17:57Z,72
UgxvwI0ttiFTz1ZJCEh4AaABAg,Rkd03AguDJ4,하나코 나나,Hanako Nana,CLICHE,귀엽고 멋있다,14,2026-09-07T09:15:37Z,7
Ugz43mgTsoRD2oP1CVN4AaABAg,Rkd03AguDJ4,하나코 나나,Hanako Nana,CLICHE,내 아내 멋있다,7,2026-09-07T08:43:56Z,8
UgzGQVd9VaTObkaF9HJ4AaABAg,Rkd03AguDJ4,하나코 나나,Hanako Nana,CLICHE,미쳤다미쳤다.. 저 쪼끄만한 몸뚱아리에서 저 실력은 반칙이지...;; 진짜 너무 멋있음..,0,2026-09-09T23:16:38Z,50
UgyL7kX8qILqrKkxW_R4AaABAg,Rkd03AguDJ4,하나코 나나,Hanako Nana,CLICHE,정나나 정말 잘한다 진짜~~~~~~ 널 좋아하면서 내가 다 뿌듯해지니까 맘이 너무 조음... 정나나 사 랑 해,1,2026-09-14T14:27:31Z,61
UgxoRgrbuifcqdvRz3F4AaABAg,Rkd03AguDJ4,하나코 나나,Hanako Nana,CLICHE,와 진짜 개 멋있다,7,2026-09-07T08:46:51Z,10
UgzMtcT0r40dzyrb5bB4AaABAg,Rkd03AguDJ4,하나코 나나,Hanako Nana,CLICHE,라이브를 봐야하는 이유,0,2026-09-07T08:56:59Z,12
UgxH1kWrat1lRDK3s4F4AaABAg,Rkd03AguDJ4,하나코 나나,Hanako Nana,CLICHE,캬~믓지다,5,2026-09-07T08:53:58Z,5
Ugx6YURamwBqxm2lt094AaABAg,-5uKjMUnlqY,하나코 나나,Hanako Nana,CLICHE,얼마나 애니를 많이 봤으면 현지인한테 의심받을 정도의 일본어를 ㅋㅋㅋㅋㅋㅋㅋㅋㅋㅋㅋㅋㅋㅋ,109,2026-09-16T08:03:23Z,49
UgyuTxAyMwpnEP_Xq2N4AaABAg,-5uKjMUnlqY,하나코 나나,Hanako Nana,CLICHE,4:27 폰에 비친 나나가ㅋㅋㅋㅋㅋ,251,2026-09-16T08:11:31Z,19
UgzT6XM0_81ZO2C86Vl4AaABAg,-5uKjMUnlqY,하나코 나나,Hanako Nana,CLICHE,"진짜 한국어 말고 다른 언어도 배우면 무의식적으로 일본어,한국어가 섞인 문장을 할 수 있음 ㄹㅇ",196,2026-09-16T08:03:12Z,53
UgyyZSqVHo9L7Yl_gtR4AaABAg,-5uKjMUnlqY,하나코 나나,Hanako Nana,CLICHE,나나가 일본어는 유니 다음으로 잘하는것같음,367,2026-09-16T08:01:57Z,23
UgzbNGP_MVEb6QEm_x94AaABAg,-5uKjMUnlqY,하나코 나나,Hanako Nana,CLICHE,아무래도 나나의 일본어는 원어민급이라는 것이지,41,2026-09-16T08:02:57Z,25
Ugykwl3l8GWv4qJOMex4AaABAg,-5uKjMUnlqY,하나코 나나,Hanako Nana,CLICHE,나나는 스파이라 다중국적이라 어쩔수 없는것이지,92,2026-09-16T08:04:19Z,25
Ugy6CkEGtrA7a7iUS0F4AaABAg,-5uKjMUnlqY,하나코 나나,Hanako Nana,CLICHE,4:52 왜 나나의 패치에 오류가 나는건데 ㅋㅋㅋㅋㅋㅋㅋㅋㅋㅋ,42,2026-09-16T08:05:37Z,34
UgzBYp5XkMfy7bPSehV4AaABAg,-5uKjMUnlqY,하나코 나나,Hanako Nana,CLICHE,2:12  빵 나 나,29,2026-09-16T09:45:28Z,11
UgwPBKagtL1iR_QI_NN4AaABAg,-5uKjMUnlqY,하나코 나나,Hanako Nana,CLICHE,4:21 잠깐 이거 어... 그래,104,2026-09-16T08:09:57Z,18
UgwjV2TfgTyzLOda5th4AaABAg,-5uKjMUnlqY,하나코 나나,Hanako Nana,CLICHE,화나니까 나오는 속사포 사투리 진짜 개귀여움,19,2026-09-16T08:47:47Z,24
Ugx_MWwYslr4v7mMObN4AaABAg,-5uKjMUnlqY,하나코 나나,Hanako Nana,CLICHE,"어머님이랑 일본 여행 가면서
유니도 보고 싶다고
만나고 오고
알차게 여행 보내고 왔네!
유니도 외로웠을텐데
기특한 후배이네!",9,2026-09-16T19:39:28Z,69
UgxQIGvfpNXoob23zK14AaABAg,-5uKjMUnlqY,하나코 나나,Hanako Nana,CLICHE,0:03 나나야 배경화면이..,70,2026-09-16T08:02:51Z,16
Ugx69On4qLllobTXQyV4AaABAg,-5uKjMUnlqY,하나코 나나,Hanako Nana,CLICHE,6:37 도쿄 자유여행 처음 가봤는데 구글 지도로 검색하면 어느 쪽으로 어느 게이트로 들어가면 되는지 아주 자세하게 알려줘서 잘 다녀왔던 기억이...,15,2026-09-16T10:12:31Z,83
Ugwmpp00DFGBruYNfpB4AaABAg,-5uKjMUnlqY,하나코 나나,Hanako Nana,CLICHE,한본어 << 일본에서도 쓰기 시작하는 기묘한 언어체계,10,2026-09-16T08:42:47Z,29
UgySJhBqlI9kHaqcuzt4AaABAg,-5uKjMUnlqY,하나코 나나,Hanako Nana,CLICHE,진짜 일본 지하철은... 갈아 탈려면 지상으로 나와서 걸어가서 다시 지하로 내려가야 할때도 있고 갈아타는 역까지 30분 가량 걸어야 할때도 있고.. 매번 갈아 탈때마다 표를 사야하고.. 암튼 분편하긴힘,6,2026-09-16T11:58:10Z,112
UgxVbC-HFLxSzGhNDeN4AaABAg,-5uKjMUnlqY,하나코 나나,Hanako Nana,CLICHE,완벽한 한본어! ㅋㅋㅋ,15,2026-09-16T09:45:17Z,12
Ugw8wAfogmxXhkFop4Z4AaABAg,-5uKjMUnlqY,하나코 나나,Hanako Nana,CLICHE,님들 버즈 끼고 통화하면서 들으면 마치 나랑 통화하는 것 같은 음질로 들을수있음 나만의 나나를 느낄수 있음,6,2026-09-16T10:14:37Z,59
UgwGo1XbYfDTLBhqs354AaABAg,-5uKjMUnlqY,하나코 나나,Hanako Nana,CLICHE,"좋은여행 알찬여행 보내고 왔네 ㅋㅋㅋ
유니랑 어머님 일화도 재밌고 ㅋㅋㅋㅋ 
마지막은 한번씩은 무조건 겪는다는 전철 문제 ㅋㅋㅋ 전철 환승하는데서 헷갈려서 헤메고있는데 지나가던 한국인이 도와줌 ㅋㅋ 한국인인거 어떻게 알았냐고 하니깐 다들 여기서 헤멘다고 하더라 ㅋㅋ집에갈땐 내가 다른사람 도와줌 ㅋㅋㅋ",11,2026-09-16T10:23:36Z,168
UgzRuW4xYuqwfzyDAb94AaABAg,-5uKjMUnlqY,하나코 나나,Hanako Nana,CLICHE,진짜 이번 나고야 홍수 전날밤 귀국하고 나서 다음날 X보는데 식은땀 흘림 ㅋㅋ,5,2026-09-16T08:23:21Z,43
UgzZ2gPmFpjRN0by2KR4AaABAg,-5uKjMUnlqY,하나코 나나,Hanako Nana,CLICHE,하나의 영상에서 한국어와 일본어와 서울말과 부산말이 다 들리는 레전드 영상,3,2026-09-17T12:57:51Z,41
Ugwdo3pSOY1DpMh7lIJ4AaABAg,-5uKjMUnlqY,하나코 나나,Hanako Nana,CLICHE,00:10 역시 ㅡㅎ흐흐,9,2026-09-16T08:11:51Z,13
UgwBT6CppwEwsaGZx-p4AaABAg,-5uKjMUnlqY,하나코 나나,Hanako Nana,CLICHE,언어패치 버그난거 갸귀엽네 ㅋㅋㅋㅋㅋ,4,2026-09-16T16:20:27Z,20
UgwltwGmon76IbogqMB4AaABAg,-5uKjMUnlqY,하나코 나나,Hanako Nana,CLICHE,"나도 예전에 일본 이자카야갔는데 
빡빡이 노가다 아재 두명이 ㅈ나 유창하게 일본어로 주문하길래
그냥 평범한 일본인이겠구나 했는데
지들끼리 대화는 유창한 한국어로 함 아직도 그들의 국적이 궁금함",3,2026-09-16T14:58:06Z,107
UgyB1Zl1X7bvmIIVClh4AaABAg,-5uKjMUnlqY,하나코 나나,Hanako Nana,CLICHE,전철로 빡친거 이야기 시작하니 바로 입트이는 거 웃기네ㅋㅋㅋㅋ,3,2026-09-16T08:29:23Z,34
Ugz5nYca7UcSJX7aWSh4AaABAg,-5uKjMUnlqY,하나코 나나,Hanako Nana,CLICHE,이것이 전설의 한본ㅇ,6,2026-09-16T09:18:15Z,11
UgwaUiubqyY5UrJwnnh4AaABAg,-5uKjMUnlqY,하나코 나나,Hanako Nana,CLICHE,유니는 그냥 후배가 보러와주면 좋지,2,2026-09-16T11:06:57Z,19
UgyI4OOS_wgyJogBpBR4AaABAg,-5uKjMUnlqY,하나코 나나,Hanako Nana,CLICHE,근데 애니로 일본어를 배웠다기엔 너무 술술 나와서 신기할 따름임,20,2026-09-16T08:05:37Z,35
UgxIerTjX9_ihTbHgCV4AaABAg,-5uKjMUnlqY,하나코 나나,Hanako Nana,CLICHE,나나가 일본어가 유창하긴하지..음음..캬 역시 내 아내임.,2,2026-09-16T08:02:43Z,32
Ugy_pt56qKbsz2SCEIR4AaABAg,-5uKjMUnlqY,하나코 나나,Hanako Nana,CLICHE,마음씨가 너무 곱다,2,2026-09-16T10:08:26Z,10
Ugyld6rQYbm3X2ryd-J4AaABAg,-5uKjMUnlqY,하나코 나나,Hanako Nana,CLICHE,언어천재,2,2026-09-16T09:40:35Z,4
UgzFtSMqmFI_u7Mig2d4AaABAg,-5uKjMUnlqY,하나코 나나,Hanako Nana,CLICHE,"나나씨 일본어가 정말 유창하고 놀랐어요!
일본에 오셔서 즐겁게 지내셨으면 다행이에요😊",0,2026-09-16T22:53:09Z,47
Ugwaa3Zviiyj-oVFEI94AaABAg,-5uKjMUnlqY,하나코 나나,Hanako Nana,CLICHE,이제야 알 것 같아요  왜 나나님을 팬분들이 아끼고 좋아하시는지.. 키는 가장 작으신데 그 작은 몸에 따뜻한 마음만 가득 담고 계신 것 같아요,0,2026-09-17T00:46:18Z,79
Ugy9T91-W6cTRbdsuBt4AaABAg,-5uKjMUnlqY,하나코 나나,Hanako Nana,CLICHE,1:32 정말로 회생님의 일러스타가 저 취향에 급소가격,0,2026-09-19T01:55:48Z,30
UgyAHt5KYdEjNc2OL514AaABAg,-5uKjMUnlqY,하나코 나나,Hanako Nana,CLICHE,이게 그 한본어인가 그건가 ㅋㅋ,3,2026-09-16T08:37:19Z,17
UgygecD8jqg6mq-h9K94AaABAg,-5uKjMUnlqY,하나코 나나,Hanako Nana,CLICHE,쿠키영상까지 너무 귀엽다 ㅋㅋㅋㅋ,1,2026-09-16T09:14:05Z,18
UgwrdliU_kmFW_JqKrV4AaABAg,-5uKjMUnlqY,하나코 나나,Hanako Nana,CLICHE,나나를 보면 그냥 내가 왜 비늘이에서 그 눈물을 쏟고 페토가 되었는지 알 거 같다 너무너무 좋아....,0,2026-09-17T01:21:11Z,57
UgxwynlSG3BpweMCtFx4AaABAg,-5uKjMUnlqY,하나코 나나,Hanako Nana,CLICHE,딱 광복후에 저렇게 섞어썼다는거같은데,3,2026-09-16T08:39:56Z,20
UgwgqBhPgO6MnLudtbR4AaABAg,-5uKjMUnlqY,하나코 나나,Hanako Nana,CLICHE,"한밤중에 일본 라이브 보는데 갑자기 지진 흔들거리는거 생으로 보고 어느 정도인지 감이 오긴하더라고요 ㄷㄷ 
건물 내였으면 무서웠을듯",0,2026-09-17T12:43:16Z,73
UgzEeViR0k-1oR4tCFJ4AaABAg,-5uKjMUnlqY,하나코 나나,Hanako Nana,CLICHE,3:40 팬케이키야상 ㅋㅋㅋㅋㅋㅋㅋㅋㅋㅋ,0,2026-09-17T01:17:59Z,22
UgyrUfuR2jub6sZYkKN4AaABAg,-5uKjMUnlqY,하나코 나나,Hanako Nana,CLICHE,지진 실제로 막 땅이 울리는게 느껴지는것보다 가구들이 들떴다가 내려앉는 소리가 개무서움. 진짜 책상이랑 침대가 바비비비비바ㅏ바바바바ㅏ바바바바바박 거리면서 땅울림 시전함 예전에 포항 지진때 울산에 있었는데 ㅎㄷㄷ했지요 ㅠㅠ,0,2026-09-17T04:48:04Z,123
Ugy7jac1-ZuBDvo8X5l4AaABAg,2jSgapP6I4w,유즈하 리코,Yuzuha Riko,CLICHE,다들 귀여워지는데 뇨키밤바스피스만 광기만 남은 물고기가 되어버렸어...,1351,2026-09-04T05:42:52Z,39
Ugw_7ygHtS0Lt67WPhB4AaABAg,2jSgapP6I4w,유즈하 리코,Yuzuha Riko,CLICHE,나나는 저기서 한단계 더 작아지면 신생아정도의 키 아니냐고ㅋㅋ,500,2026-09-04T06:59:12Z,34
UgwLZ98v-S1vwmPYteZ4AaABAg,2jSgapP6I4w,유즈하 리코,Yuzuha Riko,CLICHE,나머지는 의상 그대로에 크기만 줄였는데 린은 다채로운거 귀엽 ㅋㅋㅋㅋㅋㅋ,317,2026-09-04T05:24:15Z,40
UgyhgJt60jIBmHGKfnp4AaABAg,2jSgapP6I4w,유즈하 리코,Yuzuha Riko,CLICHE,무지성으로 납치당하지말고 건강하게 영상 올리라고 댓글 쓰려다가 양배추 공식인거보고 안심했다,211,2026-09-04T05:41:03Z,50
UgzD4FdL_14TtK2Fr5l4AaABAg,2jSgapP6I4w,유즈하 리코,Yuzuha Riko,CLICHE,몸은 작아져도 귀여움은 3배!!!,105,2026-09-04T05:18:27Z,18
Ugwv20fRkYBDRSopApZ4AaABAg,2jSgapP6I4w,유즈하 리코,Yuzuha Riko,CLICHE,"맴버들 각자 밈대로 귀엽게 나왔네 ㅋㅋㅋㅋ
양배추 데구르르 하찮다 ㅋㅋㅋㅋㅋ",12,2026-09-04T05:36:26Z,42
UgylSQlTn3stV0wc4Rd4AaABAg,2jSgapP6I4w,유즈하 리코,Yuzuha Riko,CLICHE,"다들 작아지면서 귀요미가 되내~~
캥캥이 요우신💜
팔딱팔딱 사카밤파스피스💙
깡총 나토끼🩷
동글동글 리양배추~~💚",5,2026-09-04T06:00:15Z,62
UgwYqZ3ReHKRa0K01G54AaABAg,2jSgapP6I4w,유즈하 리코,Yuzuha Riko,CLICHE,죄다 쪼끄매지는거 왜케귀여운데 ㅋㅋㅋㅋㅋㅋㅋㅋㅋㅋ,7,2026-09-04T05:36:14Z,27
UgzVehtzCfjjOTKaKhZ4AaABAg,2jSgapP6I4w,유즈하 리코,Yuzuha Riko,CLICHE,양배추 귀엽네,46,2026-09-04T05:44:32Z,7
UgxYEq_WMSW1aE56TN14AaABAg,2jSgapP6I4w,유즈하 리코,Yuzuha Riko,CLICHE,역시 작을수록 좋은 법이죠....ㅎㅎ,5,2026-09-05T10:45:59Z,20
UgxXQilIDKtvQUA52-F4AaABAg,2jSgapP6I4w,유즈하 리코,Yuzuha Riko,CLICHE,"와씨 짱깔래 베레모 멜빵 리코 뭐임
진짜 좋아하는 취향 다 있네",2,2026-09-04T05:44:51Z,35
UgzvglEDhL27REgxgnJ4AaABAg,2jSgapP6I4w,유즈하 리코,Yuzuha Riko,CLICHE,"작아지면서 점점 하찮아지네 ㅋㅋㅋㅋ
클리셰 짱 기엽당",4,2026-09-04T05:40:38Z,29
UgyJiXdSVpJkHS9IyC14AaABAg,2jSgapP6I4w,유즈하 리코,Yuzuha Riko,CLICHE,물고기 너무 파닥거려요 ㅠㅠㅋㅋㅋㅋ,21,2026-09-04T05:21:57Z,19
UgzKg_rsNotxjvsT7t54AaABAg,2jSgapP6I4w,유즈하 리코,Yuzuha Riko,CLICHE,"와 여우신 옆가...와ㅏㅏㅏㅏㅏㅏㅏㅏㅏ
와 나나 바디슈트 툭튀 와ㅏㅏㅏㅏㅏㅏㅏ",1,2026-09-04T09:22:40Z,43
UgyYIXeA-wpYoB_GTBh4AaABAg,2jSgapP6I4w,유즈하 리코,Yuzuha Riko,CLICHE,앜ㅋㅋ 진짜 클리셰 아가버전 너무 귀여웤ㅋㅋㅋㅋㅋ,1,2026-09-04T05:49:11Z,27
UgywPWELoGmaSoYkk154AaABAg,2jSgapP6I4w,유즈하 리코,Yuzuha Riko,CLICHE,다들 3번째께 정말루다가 귀엽네유,2,2026-09-04T05:58:58Z,18
Ugxs3RJiiE6z3vq8FaB4AaABAg,2jSgapP6I4w,유즈하 리코,Yuzuha Riko,CLICHE,점점 작아져 ㅋㅋㅋㅋㅋ,2,2026-09-04T08:18:36Z,12
UgwOOOALEoH3EAfBB4t4AaABAg,2jSgapP6I4w,유즈하 리코,Yuzuha Riko,CLICHE,혼자 야채라니 ㅋㅋㅋ 나나는 사랑이로 변하는줄 ㅋㅋㅋ,1,2026-09-04T06:00:10Z,29
UgwT7ewUOE3EYXEPTnx4AaABAg,2jSgapP6I4w,유즈하 리코,Yuzuha Riko,CLICHE,다들 작아지면서 귀여워지는데 린은 중간에ㅋㅋㅋㅋ,1,2026-09-04T07:54:07Z,26
UgyxNs9f52cihAXcgdd4AaABAg,2jSgapP6I4w,유즈하 리코,Yuzuha Riko,CLICHE,혼자 사카밤바스피스라서 글이 혼자 긴거 ㅋㅋㅋㅋ,1,2026-09-04T05:43:13Z,26
UgxPAq1_0XFVAbmPMRB4AaABAg,2jSgapP6I4w,유즈하 리코,Yuzuha Riko,CLICHE,다들 귀여운데 린 통 쓴거랑 리코 양배추가 웃기네 ㅋㅋ,1,2026-09-04T08:18:13Z,30
UgzBNWaKeH2fbMy8JJl4AaABAg,2jSgapP6I4w,유즈하 리코,Yuzuha Riko,CLICHE,ㅋㅋㅋㅋ 굴러다니네,4,2026-09-04T05:45:13Z,10
Ugx8CHwMy0jqi37GhRx4AaABAg,2jSgapP6I4w,유즈하 리코,Yuzuha Riko,CLICHE,순간 팬채널인 줄 다들 귀(?)엽네,1,2026-09-04T06:31:14Z,19
Ugwm4h2c6B8r_N8LEq14AaABAg,2jSgapP6I4w,유즈하 리코,Yuzuha Riko,CLICHE,붘키어흐으ㅡ흐ㅡ흐ㅡㅡㅡㅡㅡㅡ,5,2026-09-04T06:30:51Z,15
UgyZB6ysy_5X2S5Ex4F4AaABAg,2jSgapP6I4w,유즈하 리코,Yuzuha Riko,CLICHE,리코 전성기는 그 마르고 등에 근육 엄청 많은 그 때 아닌가. 그거 보고 왕년에 어마어마 했구나 바로 느껴지던데,0,2026-09-04T10:47:54Z,62
UgxmLbjBKxIV8nqehWF4AaABAg,2jSgapP6I4w,유즈하 리코,Yuzuha Riko,CLICHE,리코혼자 양배추가되서 굴러가는게 너무 웃기네 ㅋㅋㅋㅋㅋㅋㅋ,0,2026-09-18T12:09:40Z,32
UgwaVRRmlPuqbZSVlYx4AaABAg,2jSgapP6I4w,유즈하 리코,Yuzuha Riko,CLICHE,진짜 귀여유ㅓ 최고야 이런 쇼츠 보기만 해도 행복해…,0,2026-09-04T22:42:54Z,29
UgxNwwCQtgZwXtJ0iu14AaABAg,2jSgapP6I4w,유즈하 리코,Yuzuha Riko,CLICHE,나나랑 부키는 찌그러지면 얼마나 없어지는거야,1,2026-09-04T11:47:14Z,24
UgxeWaD03wZFOhIpB9F4AaABAg,2jSgapP6I4w,유즈하 리코,Yuzuha Riko,CLICHE,와 농나나 와캬퍄 ㅋㅋㅋㅋㅋ,1,2026-09-04T07:00:15Z,15
UgyNTiJuoR8b23PNTIx4AaABAg,2jSgapP6I4w,유즈하 리코,Yuzuha Riko,CLICHE,결국 양배추가 되어버렸어.......이런!,1,2026-09-04T10:24:01Z,23
Ugy0VC8Pa6zUxZ9YKd14AaABAg,2jSgapP6I4w,유즈하 리코,Yuzuha Riko,CLICHE,ㅋㅋㅋㅋ다들 너무 귀엽네,1,2026-09-04T05:38:50Z,13
UgxF_mhbU4RryHiz70p4AaABAg,2jSgapP6I4w,유즈하 리코,Yuzuha Riko,CLICHE,두번째 부키가 미식이군요,1,2026-09-04T08:12:45Z,13
UgyUPYA4bVKtivrs_V94AaABAg,2jSgapP6I4w,유즈하 리코,Yuzuha Riko,CLICHE,양배추 굴러가는게 짱웃기네 ㅋㅋㅋㅋ,0,2026-09-04T06:43:32Z,19
UgwHrqJNEmwKuF-MbSB4AaABAg,2jSgapP6I4w,유즈하 리코,Yuzuha Riko,CLICHE,"린 처음눈빛 완전 어흐합니다 
어흐ㅡㅡㅡㅡㅡㅡ",0,2026-09-04T09:21:12Z,25
UgxTBvppjVsmeB2Hhfl4AaABAg,2jSgapP6I4w,유즈하 리코,Yuzuha Riko,CLICHE,아우 귀여워 ㅋㅋㅋㅋ,1,2026-09-04T05:35:06Z,11
UgyXBsc-jDbAptdPbcJ4AaABAg,2jSgapP6I4w,유즈하 리코,Yuzuha Riko,CLICHE,2번째.. ㄱㄴ...,1,2026-09-04T06:52:09Z,11
Ugw0C69KWmEOx4xae1h4AaABAg,2jSgapP6I4w,유즈하 리코,Yuzuha Riko,CLICHE,다른 애들은 눈코입이라도 있지 리코는 걍 양배추네ㅋㅋㅋㅋ,0,2026-09-04T16:10:20Z,31
UgzVcDzKEg-WDn4XPM54AaABAg,2jSgapP6I4w,유즈하 리코,Yuzuha Riko,CLICHE,다들 왜 찌그러져 ㅋㅋㅋ 귀여워,0,2026-09-04T08:55:42Z,17
UgzcOWzu6CUYXMuxxq14AaABAg,2jSgapP6I4w,유즈하 리코,Yuzuha Riko,CLICHE,양배추굴러가는거 개웃기네ㅋㅋ,0,2026-09-04T23:20:02Z,15
UgzRcsXrThcwgACuitR4AaABAg,2jSgapP6I4w,유즈하 리코,Yuzuha Riko,CLICHE,린 사카밤바스피스 되고도 파닥파닥 난리치는 거 ㅋㅋㅋㅋ,0,2026-09-04T09:53:48Z,30
UgyZI36mBVGErOKB3XV4AaABAg,kFp_A-9SNV8,유즈하 리코,Yuzuha Riko,CLICHE,막 막 막 하니까 고양이가 막막막 용사를 막막막 ㅋㅋㅋㅋ,1671,2026-08-21T06:04:03Z,31
Ugygh2Z_92g2np64q6N4AaABAg,kFp_A-9SNV8,유즈하 리코,Yuzuha Riko,CLICHE,리코는 처음 걷는 거 부터 오두방정이네 ㅋㅋㅋㅋ,772,2026-08-21T06:12:08Z,26
UgwbhRhWGLNdwu34oUF4AaABAg,kFp_A-9SNV8,유즈하 리코,Yuzuha Riko,CLICHE,안 맞는 사람들 중에 최고로 잘 맞는 사람,1201,2026-08-21T06:02:50Z,23
Ugy9IsKBSEix1ljaIkp4AaABAg,kFp_A-9SNV8,유즈하 리코,Yuzuha Riko,CLICHE,고양이한테도 지는 게 뭔 용사야...,2044,2026-08-21T06:11:58Z,20
UgxiFh4n3wQsQQvTK-Z4AaABAg,kFp_A-9SNV8,유즈하 리코,Yuzuha Riko,CLICHE,진짜 밍용사조합 밍처귀엽네 ㅋㅋㅋㅋㅋㅋ,265,2026-08-21T09:13:19Z,21
Ugxs72Km2mdnpqkYbVZ4AaABAg,kFp_A-9SNV8,유즈하 리코,Yuzuha Riko,CLICHE,볼 늘릴때 귀여웠는데 더 잡아당기자 소리지르는거는ㅋㅋㅋ,210,2026-08-21T06:30:53Z,30
Ugy0kWfG0Bq0P4XiVcl4AaABAg,kFp_A-9SNV8,유즈하 리코,Yuzuha Riko,CLICHE,양배추는 고양이한테 찢겨....,75,2026-08-21T06:19:00Z,17
Ugwm8IBV2f39ma8g9YZ4AaABAg,kFp_A-9SNV8,유즈하 리코,Yuzuha Riko,CLICHE,시로 마지막 주거주거 개 귀엽네ㅋㅋㅋ,115,2026-08-21T06:55:38Z,20
Ugypry-QgOzIAcaxIDp4AaABAg,kFp_A-9SNV8,유즈하 리코,Yuzuha Riko,CLICHE,"선배가 막! 말을 그렇게 막! 하니까는 내가 막! 상처받아서 그래써
이 욘사 타격감이 너무 좋다 ㅋㅋㅋ 댕쳐귀엽네",37,2026-08-21T07:38:20Z,63
Ugw7I_mrUMIRseg1-tl4AaABAg,kFp_A-9SNV8,유즈하 리코,Yuzuha Riko,CLICHE,가슴이 옹졸하지는 전투 수준에 비례하는 하이 퀄리티의 맹한 매력의 귀여움이 미치겠네ㅋㅋㅋ,48,2026-08-21T09:53:53Z,49
UgxRRt-Qu505Pk81TAR4AaABAg,kFp_A-9SNV8,유즈하 리코,Yuzuha Riko,CLICHE,2살한테 지는 용사라니... ㅋㅋㅋㅋㅋㅋㅋㅋㅋㅋ,193,2026-08-21T06:14:49Z,26
UgxQoWHTj15DzBlTuRR4AaABAg,kFp_A-9SNV8,유즈하 리코,Yuzuha Riko,CLICHE,ㅇㄴ 처음에 리코 왜 한발로 뒤뚱거리며 걷냐고 개귀엽네 ㅋㅋㅋㅋㅋ,60,2026-08-21T07:26:27Z,36
UgzARSWaLK8qirAa6oV4AaABAg,kFp_A-9SNV8,유즈하 리코,Yuzuha Riko,CLICHE,너무 귀엽다 마지막에 주거주거주거 ㅋㅋㅋㅋ 귀여워ㅓㅓㅓㅓㅓ,87,2026-08-21T06:20:02Z,32
UgwYz0dY-42RjF2dXw54AaABAg,kFp_A-9SNV8,유즈하 리코,Yuzuha Riko,CLICHE,두분이 함께 준비하신걸까요? 너무 귀여워요 💚,256,2026-08-21T06:01:21Z,25
UgzZg0Dmsx_u8vbbuAt4AaABAg,kFp_A-9SNV8,유즈하 리코,Yuzuha Riko,CLICHE,용도 잡고 마왕도 무찔렀는데 당췌 이 고양이가 쓰러지질 않는다,19,2026-08-21T08:54:20Z,34
UgyiFzgekLKFt1MtqPt4AaABAg,kFp_A-9SNV8,유즈하 리코,Yuzuha Riko,CLICHE,마지막에 시로 싫어! 가 겁나 찰지네ㅋㅋ,23,2026-08-21T07:06:12Z,22
UgysVtnl81JowNchosZ4AaABAg,kFp_A-9SNV8,유즈하 리코,Yuzuha Riko,CLICHE,ㅋㅋㅋㅋㅋㅋㅋ 냥배추 티격태격 진짜 넘 재미써 ㅌㅋㅋㅋㅋㅋㅋㅋㅋ,33,2026-08-21T06:03:25Z,35
Ugz3pa72Evw0WMCwTC94AaABAg,kFp_A-9SNV8,유즈하 리코,Yuzuha Riko,CLICHE,볼 잡아 땡기는게 졸귀인데 고증 살리려고 볼 잡고 더빙한거까지 밍쳐기엽네ㅋㅋㅋㅋㅋㅋ,43,2026-08-21T06:06:37Z,46
UgwPkiNgU2QopMmB6ml4AaABAg,kFp_A-9SNV8,유즈하 리코,Yuzuha Riko,CLICHE,고양이 하악질이랑 리코 막막막 하는거 귀엽네 ㅋㅋㅋㅋㅋㅋㅋ,14,2026-08-21T06:35:17Z,32
Ugyf3wGN2tVYkquCh_p4AaABAg,kFp_A-9SNV8,유즈하 리코,Yuzuha Riko,CLICHE,리코는 저 해명하려고 할때 말투가 찐 얼라같아서 귀여워요 ㅋㅋ,4,2026-08-21T09:31:41Z,34
UgzgS-8zuY_CHNm-ZEN4AaABAg,kFp_A-9SNV8,유즈하 리코,Yuzuha Riko,CLICHE,꾸예예한테 지는 막막막용사 ㅋㅋㅋㅋㅋㅋㅋㅋㅋㅋㅋ,17,2026-08-21T06:32:58Z,26
Ugyq2iEOO2ncvEapDUV4AaABAg,kFp_A-9SNV8,유즈하 리코,Yuzuha Riko,CLICHE,와 머야 리코랑 시로의 더빙 레전드다 너무 좋다 너무 기엽다ㅋㅋㅋㅋㅋㅋ 둘이 투닥거리는 것도 기여워,7,2026-08-21T06:05:54Z,55
UgyfxOt_UgbqzHNvZtx4AaABAg,kFp_A-9SNV8,유즈하 리코,Yuzuha Riko,CLICHE,냥배추 케미가 은근 개웃김 ㅋㅋㅋㅋㅋㅋ,5,2026-08-21T11:44:53Z,21
UgwBJU-Un7dyv0b93Pp4AaABAg,kFp_A-9SNV8,유즈하 리코,Yuzuha Riko,CLICHE,막막 너무 약간 막 귀엽다 진짜,8,2026-08-21T06:31:47Z,17
UgxPN6k3Ajj8hd91D3h4AaABAg,kFp_A-9SNV8,유즈하 리코,Yuzuha Riko,CLICHE,밥 먹자고 해서 기분 다시 좋아지는줄 알았는데 또 싸우네 ㅋㅋㅋㅋㅋ,332,2026-08-21T06:03:15Z,37
UgzJqCXhLHvOEUByCt54AaABAg,kFp_A-9SNV8,유즈하 리코,Yuzuha Riko,CLICHE,고양이 비명지르는거 머임 ㅋㅋㅋ 개뿜았네,3,2026-08-21T08:49:33Z,22
UgySJFzbTE6nh-Oyw1F4AaABAg,kFp_A-9SNV8,유즈하 리코,Yuzuha Riko,CLICHE,"맛시로님의 얼굴을 만지다니 부럽습니다, 용사님!!!",5,2026-08-21T06:33:57Z,28
Ugzl7tuZK1B3GouyMq54AaABAg,kFp_A-9SNV8,유즈하 리코,Yuzuha Riko,CLICHE,시로 비명지르는게 진짜 고양이소리네 ㅋㅋ,2,2026-08-22T05:23:49Z,22
UgxykqhB2f51Piwa7fR4AaABAg,kFp_A-9SNV8,유즈하 리코,Yuzuha Riko,CLICHE,냥배추 조합 넘 귀여워 ㅋㅋㅋㅋㅋ,5,2026-08-21T06:34:22Z,18
UgxhkHTe_fjJLnaFDr54AaABAg,kFp_A-9SNV8,유즈하 리코,Yuzuha Riko,CLICHE,화내다가 밥이나 먹자 하니까 웅! ㅋㅋㅋㅋ 넘 귀엽네,2,2026-08-21T11:52:12Z,29
Ugzpsa5KkSWByqD7ZBJ4AaABAg,kFp_A-9SNV8,유즈하 리코,Yuzuha Riko,CLICHE,진짜 냥배추 시너지 미치게 귀엽다ㅋㅋㅋ,2,2026-08-21T10:32:01Z,21
Ugx1LO_neiWzj-qp0eV4AaABAg,kFp_A-9SNV8,유즈하 리코,Yuzuha Riko,CLICHE,시로 비명 개웃기네ㅋㅋ,4,2026-08-21T10:04:05Z,12
Ugz7qFgPyooXfHzRnVR4AaABAg,kFp_A-9SNV8,유즈하 리코,Yuzuha Riko,CLICHE,귀여운거 둘이서 귀여운거 찍으니까 개귀엽네 마지막 시로 죽어죽어죽어 ㅋㅋㅋㅋㅋㅋㅋ,1,2026-08-21T07:04:04Z,45
UgxYOmTRaa4trGs-2m94AaABAg,kFp_A-9SNV8,유즈하 리코,Yuzuha Riko,CLICHE,ㅈ냥이 모먼트 ㅈㄴ 귀엽네ㅋㅋㅋㅋ,1,2026-09-15T04:20:51Z,18
UgzLmvnfjslpmCa2HYt4AaABAg,kFp_A-9SNV8,유즈하 리코,Yuzuha Riko,CLICHE,막 막 막막막 약간 막 막 ㅋㅋㅋㅋㅋㅋㅋㅋㅋㅋㅋㅋㅋㅋㅋㅋㅋㅋㅋㅋㅋㅋㅋㅋㅋㅋㅋㅋ아 진짜 귀여움 미침,3,2026-08-21T06:05:55Z,54
UgzqO-hrwYL-YNq7VoN4AaABAg,kFp_A-9SNV8,유즈하 리코,Yuzuha Riko,CLICHE,아오!! 귀엽다 ㅋㅋㅋㅋㅋ,2,2026-08-22T07:34:55Z,14
Ugy8uFRTyc3dO-Ff2Vl4AaABAg,kFp_A-9SNV8,유즈하 리코,Yuzuha Riko,CLICHE,고양이는 용사를 찢어,3,2026-08-21T07:31:42Z,11
Ugx9fnjfUBpboPiQexh4AaABAg,kFp_A-9SNV8,유즈하 리코,Yuzuha Riko,CLICHE,고양이로 변하는거 개 웃기네 ㅋㅋㅋ,3,2026-08-21T06:24:07Z,19
Ugz1jEjyKoWnZgXDfJd4AaABAg,kFp_A-9SNV8,유즈하 리코,Yuzuha Riko,CLICHE,양배추랑 고양이의 싸움 잘 봤습니다 너무 귀엽네요 ㅋㅋㅋㅋ,2,2026-08-21T06:32:20Z,32
UgxEilZXpLsuu8I7iOp4AaABAg,kFp_A-9SNV8,유즈하 리코,Yuzuha Riko,CLICHE,그저 상처 받은 욘사 청년(?)와 그저 맞는 말만 한 외냥이 청년(?),1,2026-08-21T16:16:25Z,39
Ugwx4j0TF1yJ9rbb65p4AaABAg,yuxa6o1_scc,유즈하 리코,Yuzuha Riko,CLICHE,양궁선수하고있는 치코입니다 내일 결승경기 인데 선물을 이렇게 주시고 감사합니다 용사님 !!⚔️🍀,396,2026-09-02T12:34:28Z,53
UgxIOdfAJRvjHkkpZcB4AaABAg,yuxa6o1_scc,유즈하 리코,Yuzuha Riko,CLICHE,*_“잊고 있던 계절을 떠올리게 하는 청량한 목소리”_*,308,2026-09-02T11:19:13Z,31
UgzLhiAHcUIwsSedGld4AaABAg,yuxa6o1_scc,유즈하 리코,Yuzuha Riko,CLICHE,Ms. GREEN CABBAGE,33,2026-09-04T17:24:34Z,17
Ugyy1El-xfLLgJCRNNN4AaABAg,yuxa6o1_scc,유즈하 리코,Yuzuha Riko,CLICHE,"INTRO. 나는 나 자신을

OUTRO. 사랑하고 있어

처음이랑 끝에 뭐임 이거 ㄷㄷ",1,2026-09-24T17:08:45Z,49
UgxmzIGDzJbkdy3tz5p4AaABAg,yuxa6o1_scc,유즈하 리코,Yuzuha Riko,CLICHE,"かわいいよー！！！！！（ iωi ）
りこちゃんのライラックずっと聞きたかったからほんとにうれしい߹ ˙̫ ߹",11,2026-09-03T09:49:00Z,55
UgyB7wBiv5HfE3bdFuJ4AaABAg,yuxa6o1_scc,유즈하 리코,Yuzuha Riko,CLICHE,군대에서 최고의 선물…🍀,615,2026-09-02T10:52:59Z,13
UgwiyWjaW1lVL8w6NCZ4AaABAg,yuxa6o1_scc,유즈하 리코,Yuzuha Riko,CLICHE,ただでさえ難しい歌を日本語で歌うとか凄い…さすが歌姫,15,2026-09-02T11:06:55Z,26
Ugw_RJw6eeE16MePKMR4AaABAg,yuxa6o1_scc,유즈하 리코,Yuzuha Riko,CLICHE,あ、何か夏がやっと始まった気がする！,14,2026-09-03T05:44:18Z,18
UgwRgK-leCnkghU_a1V4AaABAg,yuxa6o1_scc,유즈하 리코,Yuzuha Riko,CLICHE,리코 그냥 개쳐 청초하네 방송에서도 제발…,110,2026-09-02T14:32:25Z,23
UgyFHfwTfSTv76QNaKt4AaABAg,yuxa6o1_scc,유즈하 리코,Yuzuha Riko,CLICHE,"욘사님은 라일락 꽃 한다발이 풍기는 향기보다 향기로운 향을 풍기시며 장미 한 다발보다 아름다운 잔망스러운 매력이 있으시며 상쾌한 바람보다도 시원한 목소리를 가지셨습니다...
나의 빛
나의 삶
나의 사랑

리.코.님.아.나.타",59,2026-09-02T12:02:55Z,125
UgxmNd0NQWJ34cIEteh4AaABAg,yuxa6o1_scc,유즈하 리코,Yuzuha Riko,CLICHE,りこー！！さらんへよー！！,8,2026-09-02T10:54:04Z,13
Ugwa0dUl0rQRAFiNbm54AaABAg,yuxa6o1_scc,유즈하 리코,Yuzuha Riko,CLICHE,뭔가 음색이 고급스러워졌어,27,2026-09-02T10:56:38Z,14
UgyjzijFzJnh3D-xTqN4AaABAg,yuxa6o1_scc,유즈하 리코,Yuzuha Riko,CLICHE,ミセスの曲！？めちゃ素晴らしいすぎる！！！！,5,2026-09-02T12:54:39Z,22
Ugyn5PpTgwwMiT5Duhl4AaABAg,yuxa6o1_scc,유즈하 리코,Yuzuha Riko,CLICHE,最っっ高です!!!!!,6,2026-09-03T13:29:47Z,11
UgxRylxaCcPZ_lvBM-J4AaABAg,yuxa6o1_scc,유즈하 리코,Yuzuha Riko,CLICHE,"先週ぐらいにたまたま３Dパフォーマンスみて追いかけ始めた新米だけど
どの歌動画もすばらしかったし、今回も最高だった。ありがとう！",4,2026-09-02T11:03:09Z,64
UgwdZiHMpiEfDdJ4NpB4AaABAg,yuxa6o1_scc,유즈하 리코,Yuzuha Riko,CLICHE,리코 목소리 너무 좋고 생각보다 중독적이여서 내 최애임 아이돌 좋아해본적도 없는데 노래 듣고 바로 좋아하게 된건 처음이다 숨박꼭질 이후로부터 계속 보고 있는데 모든 노래가 환상적이다 그냥,11,2026-09-06T02:05:13Z,104
UgzDZkPn9Y19yFixuBp4AaABAg,yuxa6o1_scc,유즈하 리코,Yuzuha Riko,CLICHE,내가 이걸 볼려고 모의고사라는 고통을 느낀거구나 모의고사로 생긴 피로 다 사라지네,4,2026-09-02T12:03:01Z,45
UgxsqdpyXlQmId9ewkJ4AaABAg,yuxa6o1_scc,유즈하 리코,Yuzuha Riko,CLICHE,"역시 우리의 하나뿐인 용사ㅜㅜ
너무너무 좋아~!!!",2,2026-09-19T22:49:36Z,28
UgwLo40Do4wtEzr3XTR4AaABAg,yuxa6o1_scc,유즈하 리코,Yuzuha Riko,CLICHE,진짜 볼때마다 느끼는 건데 리코 미세스 노래랑 진짜 잘 어울림,7,2026-09-02T11:10:52Z,34
Ugy7aFHQg52IW1TnxX94AaABAg,yuxa6o1_scc,유즈하 리코,Yuzuha Riko,CLICHE,솔직히 생각해서 리키니가 졸라 이쁘다고 생각돼요,4,2026-09-02T19:25:45Z,26
UgzP2u0nxz74DOcIael4AaABAg,yuxa6o1_scc,유즈하 리코,Yuzuha Riko,CLICHE,리코야 신의상이랑 신곡 준비해줘서 너무너무 고마워!! 앞으로도 행복한 길만 걷자❤❤❤,19,2026-09-02T10:59:29Z,47
UgwL9gcL6QhHzkZEWvV4AaABAg,yuxa6o1_scc,유즈하 리코,Yuzuha Riko,CLICHE,입대 전 최고의 선물이다,2,2026-09-04T23:53:07Z,13
UgzVh7U5Ut8DJredvup4AaABAg,yuxa6o1_scc,유즈하 리코,Yuzuha Riko,CLICHE,하루에 한번씩 듣고있는 나에게 의문이 든다 난 왜  연두색 설치류단도 아닌데 이걸 계속 보는거지 잠식당해가는건가...?,3,2026-09-05T12:20:20Z,66
UgxxzCkzDiEiKWUh2d14AaABAg,yuxa6o1_scc,유즈하 리코,Yuzuha Riko,CLICHE,"와 라일락 
여름이 지났지만 청량하네요",11,2026-09-02T22:06:38Z,21
UgxIMksKBzamgLgIUnJ4AaABAg,yuxa6o1_scc,유즈하 리코,Yuzuha Riko,CLICHE,Really great cover !,2,2026-09-06T11:09:04Z,20
UgzCOYWCi0MoJtHA13J4AaABAg,yuxa6o1_scc,유즈하 리코,Yuzuha Riko,CLICHE,수시 원서 작성후 최고의 선택,36,2026-09-03T16:03:33Z,16
Ugz8tFW6bePorqohdzZ4AaABAg,yuxa6o1_scc,유즈하 리코,Yuzuha Riko,CLICHE,리코는 항상 커버곡 선곡이 ㄹㅇ 감다살임 본인이 뭔 노래가 어울리는지 다 안다니까?,2,2026-09-02T11:17:14Z,46
UgxvXB9EJvtCA6MmiuV4AaABAg,yuxa6o1_scc,유즈하 리코,Yuzuha Riko,CLICHE,다시봐도 일러스트는 진짜 탑으로 잘뽑힌거 같음…🗡️🍀,0,2026-09-14T23:55:28Z,29
UgzJrO7wqdo6e9tZUqB4AaABAg,yuxa6o1_scc,유즈하 리코,Yuzuha Riko,CLICHE,"진~짜 이쁘다! 제 첫사랑입니다💚
라일락의 꽃말도 첫사랑💚",13,2026-09-02T11:03:56Z,32
UgwWFSF6RrCNQplxrDN4AaABAg,yuxa6o1_scc,유즈하 리코,Yuzuha Riko,CLICHE,리코 음색으로 라일락 부르니까 완전 시원시원하네,4,2026-09-02T12:32:39Z,26
UgwE5MybRIdFlwR-Xp14AaABAg,yuxa6o1_scc,유즈하 리코,Yuzuha Riko,CLICHE,"可愛すぎる！！
韓国語勉強しなきゃ！！",9,2026-09-04T04:52:27Z,19
UgyI3Ph0pZLYYu08Jnx4AaABAg,yuxa6o1_scc,유즈하 리코,Yuzuha Riko,CLICHE,beautiful as always 10/10,2,2026-09-04T05:46:48Z,25
Ugz5Q8AI1IgcU_AChVB4AaABAg,yuxa6o1_scc,유즈하 리코,Yuzuha Riko,CLICHE,"전역 77일 남은 기념인가 링고잼, 치코인 나에게 너무 행복한 선물이다 고마워 리코야 🍀",4,2026-09-02T11:19:36Z,49
UgwdLIth-QjxK1L9l8J4AaABAg,yuxa6o1_scc,유즈하 리코,Yuzuha Riko,CLICHE,지금 생방 보고있는 치코😊,3,2026-09-06T12:41:38Z,14
UgzEE8FRsNormzBO-r14AaABAg,yuxa6o1_scc,유즈하 리코,Yuzuha Riko,CLICHE,그냥 사람이 좋다,3,2026-09-03T15:38:22Z,9
UgxTLev869FnxBiEPK54AaABAg,yuxa6o1_scc,유즈하 리코,Yuzuha Riko,CLICHE,9평 끝나고 최고의 선택~,1,2026-09-05T12:57:28Z,14
UgyX4ybyKLND22tV2yp4AaABAg,yuxa6o1_scc,유즈하 리코,Yuzuha Riko,CLICHE,며칠만에 커버곡이 몇개냐 너무 시이와세하다,3,2026-09-04T06:37:18Z,23
Ugy7KdpR_rGqwhQmxSt4AaABAg,yuxa6o1_scc,유즈하 리코,Yuzuha Riko,CLICHE,"여름이었다....
원래 라일락은 초여름이지만 늦여름도 어울리는군",5,2026-09-02T11:59:00Z,35
Ugw8OwM09pVmL7z6SRZ4AaABAg,yuxa6o1_scc,유즈하 리코,Yuzuha Riko,CLICHE,불안과 불신이 넘쳐나는 날 속에도 당신이 사랑할 수 있는 무언가가 있기를,2,2026-09-03T13:53:18Z,40
Ugxv3hCGxFVZTrtm2b54AaABAg,yuxa6o1_scc,유즈하 리코,Yuzuha Riko,CLICHE,아니 미친 라일락이라니 청사과에 미친 저는 여기에 오늘 하루를 묻겠습니다 ㅠㅠㅠㅠㅠㅠㅠㅠㅠㅠㅠㅠ,3,2026-09-02T10:48:24Z,53
Ugw9DRkJSQDuUrbgchd4AaABAg,yYnsrxHMJcw,유즈하 리코,Yuzuha Riko,CLICHE,리코는 우리가 햄스터인거 한번씩 까먹나봐,1219,2026-09-18T05:32:55Z,22
Ugz2ftHeg43bSB_-YsJ4AaABAg,yYnsrxHMJcw,유즈하 리코,Yuzuha Riko,CLICHE,설치류의 몸으로 호두 깐다고 하면 제일 먼저 생각나는게 저 방법이긴해 ㅋㅋㅋㅋㅋ,492,2026-09-18T05:35:43Z,44
UgwMmrrSyLbcsJreW9B4AaABAg,yYnsrxHMJcw,유즈하 리코,Yuzuha Riko,CLICHE,리코야... 치코 이빨 깨졋어 어떡해??,865,2026-09-18T05:32:25Z,22
UgyCUJUCUy50H9tv_kx4AaABAg,yYnsrxHMJcw,유즈하 리코,Yuzuha Riko,CLICHE,"""밭을 샀어야죠"" 미쳤나 ㅋㄱㅋㄱㅋㅋ",219,2026-09-18T07:35:19Z,20
Ugx0d5Tukbris4o_D1d4AaABAg,yYnsrxHMJcw,유즈하 리코,Yuzuha Riko,CLICHE,늘 맞으면서도 한 마디 씩 꼭 붙이는 치코 ㅋㅋㅋㅋㅋ,326,2026-09-18T05:43:56Z,29
UgySRZTKZiFw2FI1EBl4AaABAg,yYnsrxHMJcw,유즈하 리코,Yuzuha Riko,CLICHE,"리코야 미안해 까주려고했는데 내가 먹어버렸어

한개만 더주라",114,2026-09-18T05:37:11Z,33
Ugww2MtVXiGkX9KL49F4AaABAg,yYnsrxHMJcw,유즈하 리코,Yuzuha Riko,CLICHE,역시 이베리코는 호두보다는 도토리,80,2026-09-18T06:44:13Z,18
UgxxLSoAqqTLyOXLV_x4AaABAg,yYnsrxHMJcw,유즈하 리코,Yuzuha Riko,CLICHE,마지막으로 이 드러내는게 왤캐 웃기지 ㅋㅋㅋㅋ,54,2026-09-18T06:05:31Z,25
Ugxo1GbfCDO5TAc6oWh4AaABAg,yYnsrxHMJcw,유즈하 리코,Yuzuha Riko,CLICHE,더빙 진짜 개잘하네 ㅋㅋㅋㅋㅋㅋㅋㅋㅋㅋㅋㅋㅋㅋㅋㅋㅋㅋㅋㅋㅋㅋㅋㅋㅋㅋㅋㅋㅋㅋㅋㅋㅋㅋㅋㅋㅋ,18,2026-09-18T09:16:21Z,48
UgxFkcez9BVEhJmMNZl4AaABAg,yYnsrxHMJcw,유즈하 리코,Yuzuha Riko,CLICHE,리코 쇼츠는 진짜 중독성이 너무 강해 ㅋㅋ,21,2026-09-18T05:33:16Z,23
UgzihphiZe2fAMP0jip4AaABAg,yYnsrxHMJcw,유즈하 리코,Yuzuha Riko,CLICHE,치코 목소리가 점점 남잼이 되가고있어,5,2026-09-18T15:38:59Z,20
UgyDzptKyzLWjr4DiAF4AaABAg,yYnsrxHMJcw,유즈하 리코,Yuzuha Riko,CLICHE,리코 더빙이 넘 맛도리라 보는 맛이 있음ㅋㅋㅋㅋ,5,2026-09-20T01:16:32Z,26
UgyAf8_g6wXZVV7WCut4AaABAg,yYnsrxHMJcw,유즈하 리코,Yuzuha Riko,CLICHE,설치류라 어쩔 수 없는 부분이지 ㅋㅋㅋㅋ,5,2026-09-18T17:00:28Z,22
UgzmdmNXAQKJ4hNjPO54AaABAg,yYnsrxHMJcw,유즈하 리코,Yuzuha Riko,CLICHE,기가 막히게 까줄 수 있는데 조금 축축하게 느껴지는건 기분 탓일거야,36,2026-09-18T05:34:27Z,37
UgwfmfNYyCOMyznOnSR4AaABAg,yYnsrxHMJcw,유즈하 리코,Yuzuha Riko,CLICHE,리코는 밭 5개는 사야한다는 납흔말은 ㄴㄴ,6,2026-09-18T08:40:15Z,23
UgyC2U1UoFez4iloYwp4AaABAg,yYnsrxHMJcw,유즈하 리코,Yuzuha Riko,CLICHE,치코 빨간약 ㄷㄷ,11,2026-09-18T05:31:26Z,9
UgzsyjzslLNGfqnL1Nt4AaABAg,yYnsrxHMJcw,유즈하 리코,Yuzuha Riko,CLICHE,아 진짜 밭을 샀어야줘 겁나 웃기네,5,2026-09-18T07:49:04Z,19
UgwQfiMy7fbrH3PswSN4AaABAg,yYnsrxHMJcw,유즈하 리코,Yuzuha Riko,CLICHE,아니 리코님 호두 까준다니까요? 왜 싫어하세요?,12,2026-09-18T05:52:08Z,26
UgzqQPWgXJ_qJiFjc8h4AaABAg,yYnsrxHMJcw,유즈하 리코,Yuzuha Riko,CLICHE,"본능은 못참는거야😢
난 귀여운걸보면 못참는 본능을 가진 치코야
리코 일루와잇🫪💚",2,2026-09-18T07:25:13Z,44
UgxsYHiWAHk-wEp80st4AaABAg,yYnsrxHMJcw,유즈하 리코,Yuzuha Riko,CLICHE,본능이라 어쩔수 없어 리코야!😢,4,2026-09-18T09:20:42Z,17
UgwQZOhRdI64I0UdEJ14AaABAg,yYnsrxHMJcw,유즈하 리코,Yuzuha Riko,CLICHE,치코는 리코의 아스파라거스까지 먹을수 있어여🐹,3,2026-09-18T07:09:25Z,25
Ugz08rbLKGiOuw5YaQV4AaABAg,yYnsrxHMJcw,유즈하 리코,Yuzuha Riko,CLICHE,진짜 리코 쇼츠 애니메이션 너무 귀여워 ㅋㅋㅋㅋ,3,2026-09-18T05:42:13Z,26
Ugw6bwrSigzG-rpOXA94AaABAg,yYnsrxHMJcw,유즈하 리코,Yuzuha Riko,CLICHE,본능은 쩔수 없다고~~ ㅋㅋㅋㅋㅋㅋㅋㅋㅋㅋ,2,2026-09-18T06:13:12Z,23
Ugx-pb2m-QNHtWMk6M94AaABAg,yYnsrxHMJcw,유즈하 리코,Yuzuha Riko,CLICHE,저 그림체랑 리코님이랑 목소리가 너무 잘 어울림 ㅋㅋㅋㅋ,1,2026-09-18T09:43:37Z,31
Ugwe7DO-0od5_VqIn2R4AaABAg,yYnsrxHMJcw,유즈하 리코,Yuzuha Riko,CLICHE,리코 똑똑해질만큼 먹으려면 치코 호두까다 이빨 다 닳는거아냐...?,1,2026-09-18T05:56:48Z,37
UgwuLLRbkszOYyfdkRR4AaABAg,yYnsrxHMJcw,유즈하 리코,Yuzuha Riko,CLICHE,ㅋㅋㅋㅋ 아 저장본능,4,2026-09-18T08:41:31Z,11
UgycZdRzdfTBRJSiYR54AaABAg,yYnsrxHMJcw,유즈하 리코,Yuzuha Riko,CLICHE,"아니죠아니죠
리코님은밭을살게아니고
어…..이거얼마나사야하는지가늠도안된다",1,2026-09-19T12:24:14Z,39
UgxwI4mqTk51i4fEP-x4AaABAg,yYnsrxHMJcw,유즈하 리코,Yuzuha Riko,CLICHE,밭을 사ㅋㅋㅋㅋㅋㅋ,3,2026-09-18T07:07:05Z,10
Ugz0hV-yyZiU0Ya6f2B4AaABAg,yYnsrxHMJcw,유즈하 리코,Yuzuha Riko,CLICHE,앗차차 본능이 또...,3,2026-09-18T05:33:15Z,12
UgzqApAlcxiANb2yAdZ4AaABAg,yYnsrxHMJcw,유즈하 리코,Yuzuha Riko,CLICHE,우으.....치코 이빨 위아래 2개 총 4개 밖에 없어...,1,2026-09-18T11:26:53Z,33
UgyzUMqeDuVwLHMRkC94AaABAg,yYnsrxHMJcw,유즈하 리코,Yuzuha Riko,CLICHE,ㅋㅋㅋ 치코들 햄스터인거 자꾸 까먹네 ㅋㅋ,1,2026-09-18T13:28:46Z,23
UgxAW78ehxtFd8nT_O14AaABAg,yYnsrxHMJcw,유즈하 리코,Yuzuha Riko,CLICHE,치코가 햄스터 빨간약 보여줄때마다 리코가 기겁하거나 싫어하는게 그냥 개쳐웃김ㅋㅋㅋㅋㅋㅋㅋㅋㅋㅋㅋㅋㅋㅋ,0,2026-09-18T10:07:48Z,56
UgwP_3UzpmnGwV-6VqJ4AaABAg,yYnsrxHMJcw,유즈하 리코,Yuzuha Riko,CLICHE,진짜 이거 혼자 1인2역 더빙하는 거 졸귀탱임ㅋㅋㅋㅋㅋㅋ,0,2026-09-18T06:52:44Z,31
Ugw0WfRqexmpw0zuuEp4AaABAg,yYnsrxHMJcw,유즈하 리코,Yuzuha Riko,CLICHE,이거 ㄹㅇ로 재밌다는거 ㅋㅋㅋㅋㅋㅋㅋㅋㅋㅋㅋㅋ,1,2026-09-18T06:56:49Z,25
UgwlFc2icEiNDALepLh4AaABAg,yYnsrxHMJcw,유즈하 리코,Yuzuha Riko,CLICHE,"리코 더빙도 좋고ㅋㅋㅋㅋㅋ
가끔 리얼리티하게 보이는 치코도 좋고 ㅡㅋㅋㅋㅋㅋㅋ",0,2026-09-18T08:54:06Z,43
UgxWDxy6LOgkZV4rWY54AaABAg,yYnsrxHMJcw,유즈하 리코,Yuzuha Riko,CLICHE,리코는 진짜 연기력이 스텔라이브 탑3 안에는 들거같음 ㅋㅋㅋㅋ,0,2026-09-18T13:15:20Z,34
Ugyk4HeR09F_DtHT2N54AaABAg,yYnsrxHMJcw,유즈하 리코,Yuzuha Riko,CLICHE,이거 목소리 녹음할거 생각하면 진짜 댕커엽다는거임ㅋㅋㅋㅋㅋㅋㅋㅋ,0,2026-09-18T08:48:28Z,35
UgzX70M7Wn2fEDFNZ-B4AaABAg,yYnsrxHMJcw,유즈하 리코,Yuzuha Riko,CLICHE,리코 반응 보는게 세상에서 제일 재밌어 ㅋㅋㅋㅋㅋㅋ,0,2026-09-18T08:20:03Z,28
UgxPhKIjFD08mIyypkR4AaABAg,yYnsrxHMJcw,유즈하 리코,Yuzuha Riko,CLICHE,이런거 정말 좋아,1,2026-09-18T09:02:14Z,9
UgxBQIrZvJx4ZWG8YW94AaABAg,yYnsrxHMJcw,유즈하 리코,Yuzuha Riko,CLICHE,치코 실사화 나올 때마다 저항없이 터짐ㅋㅋㅋㅋㅋㅋ,0,2026-09-18T11:12:13Z,27
