comment_id,video_id,name_ko,name_en,unit,author,text,like_count,published_at,text_len
UgwlbccyqLJ0s6_z4oB4AaABAg,RlHhOcxnYII,강지,Kangji,STELLIVE,@YE_AHHHHHHHH,1:25 너무 말랐다...,1150,2026-07-28T07:15:12Z,14
UgwBR7xux5_s36tHMIV4AaABAg,RlHhOcxnYII,강지,Kangji,STELLIVE,@미숫가루찌개,결혼준비 중인게 분명하당께요,47,2026-07-29T12:58:25Z,15
UgzFL1wl_pnAQYiU38Z4AaABAg,RlHhOcxnYII,강지,Kangji,STELLIVE,@글로-f5i,3:33 정보) 목소리만 들으면 무서운 사장님이랑 거래하는 애기같지만 시윤님이 한 살 언니다.,357,2026-07-28T08:23:12Z,52
UgxAyOl7a6HOqGTnTcd4AaABAg,RlHhOcxnYII,강지,Kangji,STELLIVE,@아이스블록-r7s,10:32 ㅋㅋㅋ 왼쪽 하단에,1283,2026-07-28T07:12:12Z,16
UgwlayGXQ2DqXtwcNxd4AaABAg,RlHhOcxnYII,강지,Kangji,STELLIVE,@justmingyu1115,8:07언제 봐도 쪽팔리네,26,2026-07-28T10:18:08Z,14
Ugy67Igvub_65Iqfj1V4AaABAg,RlHhOcxnYII,강지,Kangji,STELLIVE,@jdra217,1:50 어디 수용소 수감되셨습니까?,8,2026-07-30T02:48:16Z,20
UgzxBQrj7iruZmysgVx4AaABAg,RlHhOcxnYII,강지,Kangji,STELLIVE,@Xlf라소,3:19 귀여워 4기생 기대돼❤,25,2026-07-28T18:00:42Z,17
UgwjF1qEJl9ZIpLdBmZ4AaABAg,RlHhOcxnYII,강지,Kangji,STELLIVE,@우주최강디붕이,10:33 왼쪽 아래의 그 파란색,681,2026-07-28T07:08:12Z,18
Ugw8BPYBol8eN_zyYhl4AaABAg,RlHhOcxnYII,강지,Kangji,STELLIVE,@ld9199,키가 170대인데 54키로가 진짜 어떻게 나오는건데.....미친 뼈말라 여돌도 그정돈 안나온다고 아 너무하다진짜 걱정된다,990,2026-07-28T08:27:06Z,67
UgyhWEbZyjN5FhIFqtJ4AaABAg,RlHhOcxnYII,강지,Kangji,STELLIVE,@Stryteller171,"1:24 '좀'이 아니라 어디 갇힌 거 같잖아... 
3:41 어떻게 시윤님이 언니지...?",82,2026-07-28T09:10:58Z,51
UgzBuPUI9S4Jbhgf2EV4AaABAg,RlHhOcxnYII,강지,Kangji,STELLIVE,@Pikachu_7201,"내 친구 진석이 이제는 자연스럽게 스텔라이브들과 같이 등장하는구나
역시 스텔라이브4기생 안펴지노 팔이",36,2026-07-28T09:49:00Z,56
UgwfEUKHO1xmXQm6-tR4AaABAg,RlHhOcxnYII,강지,Kangji,STELLIVE,@opsing6214,아니 분명 강지님은 픽셀에서 건강한 사람이였던걸로 기억하는데 왜 멸치가......ㄷㄷ 건강하세요......ㅠㅠ,9,2026-07-28T10:16:31Z,61
Ugw82wS2DzSr8wqYl9l4AaABAg,RlHhOcxnYII,강지,Kangji,STELLIVE,@사카밤바린피스0,강사장 당신 쓰러지면 딸래미들 무너진다. 몸 관리는 하자..,95,2026-07-28T08:29:12Z,33
Ugz1S1neuiEIHx7MteB4AaABAg,RlHhOcxnYII,강지,Kangji,STELLIVE,@werwerwewe-py7in,진짜 이쁠거같은 느낌이,6,2026-07-29T02:40:00Z,12
UgyAwUgZIGqJV9ny3Cd4AaABAg,RlHhOcxnYII,강지,Kangji,STELLIVE,@키벅-b7h,근데 강지님이진짜 뼈대가 얇은거같음 나도 비슷한 키에 비슷한 몸무게인데 내가 훨씬 뚱뚱해보임ㅋㅋ,2,2026-07-28T13:40:11Z,53
Ugx3dzTjZeHaHGkNVk14AaABAg,RlHhOcxnYII,강지,Kangji,STELLIVE,@ugon0507,"진짜 말랐다 하면서 보고 있는데 나랑 큰 차이 안난다는 생각이 드니 뭔가 잘못되었다는 생각이 들었다.
.. 나 저정도 아닌데",1,2026-07-28T16:16:49Z,69
UgzoHtVEXhwC-zQZ5iF4AaABAg,RlHhOcxnYII,강지,Kangji,STELLIVE,@후드티,강형 지금 이러고 있을때가 아니야,16,2026-07-29T14:11:24Z,18
Ugw-yLlob4mf1noBCUJ4AaABAg,RlHhOcxnYII,강지,Kangji,STELLIVE,@Plu_E_To,9:33 마 개쉐이야,54,2026-07-28T09:42:39Z,11
UgzhJtQWAeeym0mFzQZ4AaABAg,RlHhOcxnYII,강지,Kangji,STELLIVE,@jinlee2923,밥이 넘어가겠냐... 세상이 아주 blue 할텐데.,2,2026-07-28T10:18:38Z,28
UgyhO_ciPF0qD0Dp_z14AaABAg,RlHhOcxnYII,강지,Kangji,STELLIVE,@hoopoe5057,많이 마르셨넹..... 그나저나 간만에 보는데... 여전히 목소리 이쁘고 행동이 귀여우심 ㅎㅎㅎ,1,2026-07-29T00:39:05Z,53
Ugx8GnEebdjAA9MvkDx4AaABAg,RlHhOcxnYII,강지,Kangji,STELLIVE,@panda.a.1125,아니 살 빠졌다 빠졌다 얘기는 들었는데 20키로가 빠진거라고? 오마이갓.....,1,2026-07-28T10:12:27Z,44
Ugw1uvfEvBh29xNDwUF4AaABAg,RlHhOcxnYII,강지,Kangji,STELLIVE,@bekaliever,당신은 탬씨 보고 말랐다 하지 마쇼,58,2026-07-28T08:11:21Z,19
UgwgibnzApKXF90AQsF4AaABAg,RlHhOcxnYII,강지,Kangji,STELLIVE,@기상-f3t,썸넬 오 강지 실물 하다가 다리 그냥 뼈인 거 보고 눈을 의심했다...,1,2026-07-28T09:12:20Z,39
UgyfwhKLVM8QoH3QnIZ4AaABAg,RlHhOcxnYII,강지,Kangji,STELLIVE,@Luce-cu4ph,3:21 아하 유니유니는 당시에 연습생이었구나!,187,2026-07-28T08:54:05Z,26
UgzalEuzjetNLpEOQOR4AaABAg,RlHhOcxnYII,강지,Kangji,STELLIVE,@올드109,강사장님 늘 건강 잘 챙기시길 바랍니다. 건강이 최고에요.ㅎㅎ❤️👍,1,2026-07-29T03:08:21Z,37
Ugzc5KtAYVfrB-IGEcR4AaABAg,RlHhOcxnYII,강지,Kangji,STELLIVE,@키레이0131,3:19 ㅋㅋㅋ 4기생 딸랑구들은 얼마나 청초한지 기대가 되는군요,0,2026-07-31T02:31:33Z,36
UgyN1M2T2LI-VZEaVhN4AaABAg,RlHhOcxnYII,강지,Kangji,STELLIVE,@Geasscode0,"정사장 ..
딸랑구들 두고 벌써 가버리면
안되는거요 ....
애들 어떡하라구 ..
건강 잘 챙기시오",0,2026-07-31T07:34:42Z,55
Ugx_rFbOXLhI5ncoZBB4AaABAg,RlHhOcxnYII,강지,Kangji,STELLIVE,@Rough3481,강스켈레톤..살좀쪄야하는데..진짜..내 강지가 사라진다고...,11,2026-07-28T10:42:49Z,34
UgwM2w_7WdPOA8wC8RZ4AaABAg,RlHhOcxnYII,강지,Kangji,STELLIVE,@user-hr9uj5yr8d,참고로 강지님은 살이 빠져도 언제나 일진같으십니다.. 네..,1,2026-07-28T13:14:43Z,33
UgyUeUpAk27gJcJrXjN4AaABAg,RlHhOcxnYII,강지,Kangji,STELLIVE,@weaponlee5762,아니 누나 너무 말랐어... 옷은 예쁘네 ㅋ,1,2026-07-28T09:49:02Z,24
Ugw3N6_JNJeCbTb6VQR4AaABAg,RlHhOcxnYII,강지,Kangji,STELLIVE,@B1eup_52,"하수 : 너무 말랐어ㅜ 남편이 안챙기고 뭐해!!
고수 : 아하 아이도루 데뷔를 위한 빌드업이구나!!!",0,2026-07-28T14:08:16Z,56
UgybjCsMc36L2zSTmLh4AaABAg,RlHhOcxnYII,강지,Kangji,STELLIVE,@Ctchmyheart,10:32 악질강동부,239,2026-07-28T07:20:28Z,11
UgyS4YhFVfKtXxWewcl4AaABAg,RlHhOcxnYII,강지,Kangji,STELLIVE,@유노님00,강지와 키몸무게가 똑같은 고3입니다..,1,2026-07-28T08:28:08Z,21
UgwUdxjT--5qjsyT9eV4AaABAg,RlHhOcxnYII,강지,Kangji,STELLIVE,@rexipher,사장님 작년 살 썰풀이에서 봤던 종이인형짤이 단줄 알았는데 처음보는 짤이 또... 사장님 1그램이 아니라 더 빠지시는거같은데 ㅋㅋㅋ😮,0,2026-07-28T13:31:36Z,74
UgzRUq69lweQSY3W7yF4AaABAg,RlHhOcxnYII,강지,Kangji,STELLIVE,@akxdjepw-u2t,썸네일 다리 얇은거보고 깜짝 놀람... 건강 챙기세요ㅠㅠ,0,2026-07-28T14:48:27Z,31
UgxuJvpr2dMcS9tQM2Z4AaABAg,RlHhOcxnYII,강지,Kangji,STELLIVE,@IU_AENA,2:32 이러고 아직까지도 안올렸다는거임 습박,10,2026-07-28T13:48:42Z,25
Ugw8r___wFDibYRZ_PB4AaABAg,RlHhOcxnYII,강지,Kangji,STELLIVE,@좋네-e1x,나무지팡이만 들면 피들스틱이네,2,2026-07-29T17:11:08Z,16
Ugz5ZcD2RdhOB1T8n1F4AaABAg,RlHhOcxnYII,강지,Kangji,STELLIVE,@쑤딘_Sudin,썸네일보고 달려왔습니다 우째 뼈밖에 남지않으셧눈지..,0,2026-07-28T11:36:27Z,29
UgwNAMfJoA2xu7MX7hR4AaABAg,RlHhOcxnYII,강지,Kangji,STELLIVE,@김현빈-f8f,근데 진짜로 목소리는 강한누나데 사진는 진짜 여리여리 하실거 같아요😊,5,2026-07-28T08:54:21Z,38
Ugx3msiQuoxxRFOp9kp4AaABAg,RlHhOcxnYII,강지,Kangji,STELLIVE,@치구사,무슨 팔이 진짜 힘없는 환자들 팔처럼 앙상해... 블루야 책임져라,0,2026-07-28T11:02:38Z,36
UgykxNUZqrtaJ9Gvch14AaABAg,nsV1HkZS5VI,강지,Kangji,STELLIVE,@나는페토될거야,"둘이 꽁냥대는 거 아주 쥬시해
방금 치과다녀왔는데 다시 가야할 것같아",3634,2026-07-20T07:34:44Z,38
Ugy5x5MDI7E2_74Vxwd4AaABAg,nsV1HkZS5VI,강지,Kangji,STELLIVE,@Macarung,강지 웃을때 끊어서 하하하 웃는거 진짜 개 귀여움,2951,2026-07-20T07:25:50Z,27
UgxClYZVTM9D0qnXIjx4AaABAg,nsV1HkZS5VI,강지,Kangji,STELLIVE,@스텔라-i3i,장작이 저절로 탄다니까?,1764,2026-07-20T07:29:20Z,13
UgzKO5en9JJY_30-HxR4AaABAg,nsV1HkZS5VI,강지,Kangji,STELLIVE,@귀여운감자바쿠피엔나,강블코인 상장폐지가 안된이유,311,2026-07-20T08:19:32Z,15
Ugwr6e0VFWHB8jIRsxl4AaABAg,nsV1HkZS5VI,강지,Kangji,STELLIVE,@쿠리미한_감자,아 달다.....달아......너무 달다....... 일부러 보는 앞에서 생색내며 누르려고 참은 강사장도 대단하네..... 나 왜 이거 보면서 웃지.....?,1428,2026-07-20T07:25:17Z,88
UgzTt5FZZCJVzabpSxR4AaABAg,nsV1HkZS5VI,강지,Kangji,STELLIVE,@sxozon,진짜 연인끼리 (부부끼리) 장난으로 수다떠는 것 같음.. ㅠㅜㅜ 강블은 천년에 한번 나올까말까 하는 내가 “지지하는” 커플이다 ㄹㅇ,824,2026-07-20T08:09:21Z,73
UgxtP5BliFjgAZ5PBDR4AaABAg,nsV1HkZS5VI,강지,Kangji,STELLIVE,@파스텔이될거야,강블쇼츠라니 감사합니다...,628,2026-07-20T07:28:29Z,15
UgwFUH3w3eMAvLKOpFF4AaABAg,nsV1HkZS5VI,강지,Kangji,STELLIVE,@Jay-jg3dv,쇼츠마저 뜨거운 두 사람 ㅋㅋㅋ,371,2026-07-20T07:24:44Z,17
UgwDPoEFkaqjK1oBQfd4AaABAg,nsV1HkZS5VI,강지,Kangji,STELLIVE,@사탄-c9p,내가 유일하게 투자 성공한 코인임 ㅇㅇ,58,2026-07-20T09:05:08Z,21
Ugz5FrQHb1qJKep_rEt4AaABAg,nsV1HkZS5VI,강지,Kangji,STELLIVE,@leepyan-dess,소개팅보고 급하게 올린 강지면 개추ㅋㅋ,351,2026-07-20T07:27:18Z,21
UgxigI7jMhlESepTkBt4AaABAg,nsV1HkZS5VI,강지,Kangji,STELLIVE,@서_리비,"이가 썩을것 같아 너무 달아 ㅋㅋ
강블은 이런 분위기 너무 좋아요  ㅋㅋ",45,2026-07-20T08:43:12Z,40
Ugzt1H6BK6aQOpoWsBp4AaABAg,nsV1HkZS5VI,강지,Kangji,STELLIVE,@TraderOfFun,"진짜... 이 코인을 내가 몇년 동안 기다렸는데!!!!!
둘이 불 붙인거야? 😊",192,2026-07-20T08:01:21Z,44
Ugwcicw5Fq4HxoXGasV4AaABAg,nsV1HkZS5VI,강지,Kangji,STELLIVE,@나의채널_MCY,이게 자연발화지,24,2026-07-20T09:55:19Z,8
Ugw4BPX5dREsZjWwgHx4AaABAg,nsV1HkZS5VI,강지,Kangji,STELLIVE,@fero_owo,감자 부끄러워서 찐감쟈 되겠네,36,2026-07-20T08:09:36Z,16
UgwildwyZPSE_2xOrPF4AaABAg,nsV1HkZS5VI,강지,Kangji,STELLIVE,@kimjyu0414,"둘이 이쁜 사랑 하세요~~
근데 둘이 귀엽넼ㅋㅋㅋ",510,2026-07-20T07:27:03Z,27
UgxAywX5MGAe81W_x7R4AaABAg,nsV1HkZS5VI,강지,Kangji,STELLIVE,@재율이-s8w,이쁘다는 말에 빨개지면서 부들부들 떠는거 밍쳐귀엽네ㅋㅋㅋ,53,2026-07-20T08:04:31Z,31
UgzZaUdW_5D8AlutpX94AaABAg,nsV1HkZS5VI,강지,Kangji,STELLIVE,@시험망할것,"음...장마철에 대형산불이라니.
신기한 광경입니다.",30,2026-07-20T08:06:48Z,28
UgxU79cFBYAT153fZdd4AaABAg,nsV1HkZS5VI,강지,Kangji,STELLIVE,@김동아-n9g,부부사이가 참 정겹네요,14,2026-07-20T08:41:53Z,12
UgxjBGx4glhPZlONxyB4AaABAg,nsV1HkZS5VI,강지,Kangji,STELLIVE,@레로레로-w5t,칭찬받고 신난 감자 줜ㄴ나 귀엽네,109,2026-07-20T08:28:55Z,18
UgxmCPP4TgVy-0LW3kB4AaABAg,nsV1HkZS5VI,강지,Kangji,STELLIVE,@PUBGDOLI,젠장 오늘도 강블이야... 항상 숭배만 해야돼...,8,2026-07-20T11:58:54Z,28
Ugy8dv5T4m3-KQzM0554AaABAg,nsV1HkZS5VI,강지,Kangji,STELLIVE,@알락꼬리마도요나그네,블루님 감자 그림체 마음에 드네여,75,2026-07-20T07:24:55Z,18
UgzDjYXsyGNpObXSDIl4AaABAg,nsV1HkZS5VI,강지,Kangji,STELLIVE,@스마-고수가-될거야,쥰내 귀엽네 진짜,10,2026-07-20T09:15:09Z,9
UgxwdqT5DZe6b2LNp9N4AaABAg,nsV1HkZS5VI,강지,Kangji,STELLIVE,@lozo1269,저것봐 진심으로 행복해하는 웃음이야,36,2026-07-20T08:45:41Z,19
UgxJwAo1OQ-aO52tWj94AaABAg,nsV1HkZS5VI,강지,Kangji,STELLIVE,@Joshuatabi-0915,이런 정강지 이 귀여움은 뭐냐 크아악,3,2026-07-23T08:39:42Z,20
UgxIGIGz5gEOoBDhoa54AaABAg,nsV1HkZS5VI,강지,Kangji,STELLIVE,@구루밍-p8h,강지님 목소리에서 독기 싹빠지고 순수 에겐력만 들어가있음ㅋㅋㅋㅋㅋㅋㅋㅋ,3,2026-07-20T14:31:57Z,39
UgxeFdArSiPBKCUQxpd4AaABAg,nsV1HkZS5VI,강지,Kangji,STELLIVE,@Shinji_Hirako-5-10,일단 둘중 한명은 사랑이 맞음,30,2026-07-20T07:28:20Z,16
Ugx1hbpqFQ406LtqdJh4AaABAg,nsV1HkZS5VI,강지,Kangji,STELLIVE,@Rrudiicn,보기 좋네요 ㅋㅋㅋㅋㅋㅋ,7,2026-07-20T08:21:03Z,13
Ugw1bn6dh4DFfiea0YF4AaABAg,nsV1HkZS5VI,강지,Kangji,STELLIVE,@saisi-사이시,"""장작이 없는 곳에서 이정도의 화둔을....!!""",4,2026-07-23T01:01:09Z,27
UgwJULn3h10rgii8AdR4AaABAg,nsV1HkZS5VI,강지,Kangji,STELLIVE,@윤지현-j8q,"이제 이 맛을 못 보겠지.
즐거웠다 강블 
내 강블코인 😭",4,2026-07-27T11:26:28Z,32
UgxDEorYeOgStZjRjDB4AaABAg,nsV1HkZS5VI,강지,Kangji,STELLIVE,@_jjaktung116,참으로 달달하다ㅏㅏㅏㅏㅏ,7,2026-07-20T08:18:04Z,13
UgyxQUGbB9eA6JtUbdV4AaABAg,nsV1HkZS5VI,강지,Kangji,STELLIVE,@CherryCandy3535,“고마워” 리고 히는 것도 블루님이니까 하는 듯 ㅎㅎ,1,2026-07-20T11:46:35Z,29
UgzR2Frq3r3_cZ1ca6Z4AaABAg,nsV1HkZS5VI,강지,Kangji,STELLIVE,@하라가헷타,이젠 우결로 끝내지 말고 실제 결혼으로 끝내야 할 듯,4,2026-07-20T09:28:40Z,29
UgzNtPsplfUz5lmgpYJ4AaABAg,nsV1HkZS5VI,강지,Kangji,STELLIVE,@뽀얁_바라기,진짜 귀여우 결혼 축하해,4,2026-07-20T23:24:23Z,13
UgzMFKvYnK8x2Ecf7SV4AaABAg,nsV1HkZS5VI,강지,Kangji,STELLIVE,@은하계밀크티,"평소에 완전 차가운데,ㅠㅠ 부끄러워 하는거 너무 귀여워ㅠㅠㅠㅠㅠ 이래서 강블 못 잊어어😢😢",0,2026-07-20T13:50:21Z,50
UgzA_K9eKWi_8B_Jctt4AaABAg,nsV1HkZS5VI,강지,Kangji,STELLIVE,@정다은-q6d,"강지 목소리 톤이 달라지네
이건 진심이다 진짜",1,2026-07-20T11:34:23Z,25
UgzjEeUnNH1jX1HqdBB4AaABAg,nsV1HkZS5VI,강지,Kangji,STELLIVE,@Love_stellive1228,사장님일때와 누나일때의 갭이 너무 좋다ㅋㅋㅋ,1,2026-07-29T10:07:46Z,24
UgzZVl3Nv_Oc_JqKmiR4AaABAg,nsV1HkZS5VI,강지,Kangji,STELLIVE,@거그,강지님과 블루님 쇼츠 너무 좋은데요ㅎㅎ,0,2026-07-20T09:33:30Z,21
Ugy5-qoAtrdLME49OjJ4AaABAg,nsV1HkZS5VI,강지,Kangji,STELLIVE,@chealtori철토리,아무리 블쨘이 다른사람 만난다 해도 강블이 최고야,1,2026-07-20T22:28:00Z,27
UgxYEYNcGBVKLTsda7Z4AaABAg,nsV1HkZS5VI,강지,Kangji,STELLIVE,@검성-i2r,뜨거운 감자 ㅋㅋㅋ,4,2026-07-20T08:21:55Z,10
UgzbnOpjlX1YMsu2Yy94AaABAg,nsV1HkZS5VI,강지,Kangji,STELLIVE,@Weterth,이 조합 무지달다 이거 완전 팬케이크아니야!,98,2026-07-20T07:25:03Z,24
UgzlFK9BG5j51uGPfnd4AaABAg,J3aC5GFGw2c,강지,Kangji,STELLIVE,@김블루님,감자누나랑 뭘 준비중일까??😂😂,4120,2026-07-11T08:02:23Z,17
UgxhHJKgPLSjZtmNGSt4AaABAg,J3aC5GFGw2c,강지,Kangji,STELLIVE,@Kwon_Incisor_Tooth,"""포보스 선정 종료된 우결중 유일하게 팬들 보다 지들이 더 장작을 많이 넣는 커플""",3673,2026-07-11T05:04:42Z,46
UgzaQxtXajvlqrUtBzx4AaABAg,J3aC5GFGw2c,강지,Kangji,STELLIVE,@김동윤-v7e,"내 친구도 결혼준비할때 가장먼저 물어본게 ""너네들 와서 뭐먹을래"" 였었는데",1516,2026-07-11T05:02:23Z,41
UgwBrG4dxJI7hW4v0HJ4AaABAg,J3aC5GFGw2c,강지,Kangji,STELLIVE,@섬혁,"'장작이 스스로 불타는 수준을 넘어서, 아예 원자로로 진화한 뒤 멜트다운을 일으키는 경지에 도달함'",4307,2026-07-11T05:04:46Z,55
UgwS54Yd2hvTpmZk9jx4AaABAg,J3aC5GFGw2c,강지,Kangji,STELLIVE,@dhxksl17,"하수) 우결을 다시 하는구나.
고수) 이젠 부부 생활로 가는구나.",161,2026-07-11T11:47:17Z,36
UgwQHecZikQs1P_Fm5N4AaABAg,J3aC5GFGw2c,강지,Kangji,STELLIVE,@스윗-stel하트,썸네일 만들면서 흐믓한 웃음 짓은 강동부면 개추,1627,2026-07-11T05:17:23Z,26
Ugzo57u2bOrCNnOoJAd4AaABAg,J3aC5GFGw2c,강지,Kangji,STELLIVE,@neoelais9454,"부키의 왼쪽 눈은 강지로부터, 오른쪽 눈은 블루에게서 물려받았고,
머리색은 반반 섞은 거라는 이야기가 있다
난 이 이야기를 참 좋아한다.",924,2026-07-11T05:29:03Z,76
UgyTZqtfnypCc0Tzrxx4AaABAg,J3aC5GFGw2c,강지,Kangji,STELLIVE,@시라유키히나정실1,폭염주의보 왜 뜨나 했는데 장작이 불타고 있었구나,2137,2026-07-11T05:05:16Z,27
UgyT_IbLA9YChjNBKNR4AaABAg,J3aC5GFGw2c,강지,Kangji,STELLIVE,@백혜아,"생활 패턴도 잘 맞고
같은 직업이고
궁합도 잘 맞고
연상 연하 커플이고
서로 일할 때 돈 터치
감자 이상형인 연락 잘 안 하기 까지",304,2026-07-11T07:02:10Z,73
Ugzxuw6Dwvh8XT3rugV4AaABAg,J3aC5GFGw2c,강지,Kangji,STELLIVE,@강블우결코인,와ㅆ 진짜 큰거오나?,1711,2026-07-11T06:06:07Z,11
UgzoY65ZbaMvO7TAUVZ4AaABAg,J3aC5GFGw2c,강지,Kangji,STELLIVE,@y_esung,10:02 강지님 웃는거 오해를 할수 밖에 없게 만드는데,50,2026-07-11T16:09:10Z,31
UgyeaWQ1dI5i-6LQwCZ4AaABAg,J3aC5GFGw2c,강지,Kangji,STELLIVE,@dktkdsssep,0:12 와.. 식장+신혼여행+돌잔치..,97,2026-07-12T03:44:40Z,22
UgxXLN3RURNBDNkrdf54AaABAg,J3aC5GFGw2c,강지,Kangji,STELLIVE,@박지민-q3q,저번 만우절 전부터 대화하는거 들어보면 이미 뒤에서 사귀고 있나 싶을정도로 애정 넘쳤는데 이젠 진짜같다,57,2026-07-11T05:33:00Z,57
UgwjFscyPrX77B6UKQ54AaABAg,J3aC5GFGw2c,강지,Kangji,STELLIVE,@rileygale_,7:22 봐봐 장작에 스스로 불이 난다니까???,717,2026-07-11T05:01:58Z,26
Ugwko6Ot_kjFUHx8rmR4AaABAg,J3aC5GFGw2c,강지,Kangji,STELLIVE,@cchhiikkoo,"[Web발신]
너는나를존중해야한다나는2018년9월27일부2020년10월6일까지무려741일간유튜브최장기우결을진행하였으며유튜브에우결컨텐츠열풍을불러일으켰다2020년6월합방에서트위치동시간시청자수세계2등의기록을달성했다또한함밤과별의노래를커버했다우결종료이후에도2021년10월9일강지의합방노쇼로김블루가강지의집을찾아가현실합방을진행했으며강지가나중에김블루의집에서방송할때사운드를채워주겠다고약속해아직우결이끝나지않았음을암시했다또한2026년4월1일사주방송에서결혼운이잘맞음을공개적으로밝혔다만으로도이미30대가된강지가나이들고(중략)결혼하자며실질적인결혼선언을하였다김블루는우결종료이후에도스텔라이브소속아이돌과지속적으로교류하며아버지로서의역할을하고있다강지가우결을종료한것은딸랑구양성을위해서지절대마음이식어서가아니다",8,2026-07-26T21:40:35Z,375
Ugx2FetnsLzdJ4dA8Dd4AaABAg,J3aC5GFGw2c,강지,Kangji,STELLIVE,@non-t9v,10:02 내가 강지님을 1년을 봤는데 한번도 이런 웃음을 본적이 없다,23,2026-07-11T14:17:46Z,39
UgxgqUT2qrW4oCo2LX54AaABAg,J3aC5GFGw2c,강지,Kangji,STELLIVE,@tortoisesage5353,"""지가 두눈으로 똑똑히 봣슈! 장작이 벼락에 맞아서 알아서 활활 타올랐다니깐???""",25,2026-07-11T09:56:11Z,46
UgzCJuspbZa5ENLhZbt4AaABAg,J3aC5GFGw2c,강지,Kangji,STELLIVE,@와우-d8n,"10:29 여기 블루님이 ""어..?"" 하고 당황하는게 찐임. 시부키 다시보기 보러가세용~~",95,2026-07-12T02:51:16Z,50
UgwFNFOx5EbC26Ztv2R4AaABAg,J3aC5GFGw2c,강지,Kangji,STELLIVE,@ld9199,팩트는 라방키고 공개결혼하면 축의금으로 얼마를땡길지 상상이안간다는거임ㅋㅋ,14,2026-07-11T11:26:27Z,40
Ugy7K4CoyqXaWJy5qjV4AaABAg,J3aC5GFGw2c,강지,Kangji,STELLIVE,@y_esung,10:02 이 웃음 뭐지...,112,2026-07-11T16:10:36Z,16
UgxgF3w_TIaBxy0QXUF4AaABAg,J3aC5GFGw2c,강지,Kangji,STELLIVE,@스텔보는일반인,10:17 개설레요,17,2026-07-11T13:57:27Z,10
UgxcnDk_WHlvIYhoxc14AaABAg,J3aC5GFGw2c,강지,Kangji,STELLIVE,@ingonggasung,다시 상장한다는거라....돈 좀 모으게 야근해야겠군,258,2026-07-11T05:01:16Z,28
UgzwTh4ynxXry4cTN4R4AaABAg,J3aC5GFGw2c,강지,Kangji,STELLIVE,@김블루형사랑해,"강지님 남편 조건: 잘생겨야함, 키큼, 예의가 발라야함
엇",7,2026-07-12T07:55:10Z,32
UgzXZnqboue3o-ALvc14AaABAg,J3aC5GFGw2c,강지,Kangji,STELLIVE,@Im_Ryx4,코인 개떡상 했다,30,2026-07-11T05:15:33Z,9
UgyyJOEcbo5QYc9x-zp4AaABAg,J3aC5GFGw2c,강지,Kangji,STELLIVE,@라novel,"설마 듀엣 커버곡 새거 뜨나?????
블햄 저번에 노래 잠깐 하셨던 것 같은데",340,2026-07-11T05:01:52Z,43
UgwE1hIcbCL9FqWGI3Z4AaABAg,J3aC5GFGw2c,강지,Kangji,STELLIVE,@hyuk342,5:45에 진짜 삼촌이랑 조카 느낌이네ㅋㅋㅋㅋ,9,2026-07-11T17:38:36Z,25
UgwtuEJZZCX5zX0m5bR4AaABAg,J3aC5GFGw2c,강지,Kangji,STELLIVE,@늘졸린사람,강블 이 둘은 늘 기대하지 말라면서 기대할만한 무언가를 가져왔다는 거임ㅋㅋㅋㅋㅋㅋㅋㅋㅋㅋㅋㅋㅋ,122,2026-07-11T05:19:46Z,52
Ugz-ya2uZesWNoAVinN4AaABAg,J3aC5GFGw2c,강지,Kangji,STELLIVE,@LEERED-1010,10:50 부키 아빠선언ㅋㅋㅋㅋ,17,2026-07-11T05:42:42Z,17
UgxR8ogVy303_2lybhZ4AaABAg,J3aC5GFGw2c,강지,Kangji,STELLIVE,@블제로,큰거라는게 설마... 우...우걸이라던가 우결이라던가 우결이라던가??,17,2026-07-11T08:30:52Z,38
UgyGtpjOcCPtCLpO7dx4AaABAg,J3aC5GFGw2c,강지,Kangji,STELLIVE,@김동경-w9g,8:04 과연 생활패턴이 왜 맞을까? 우연일까? 맞춘걸까?,81,2026-07-11T10:36:16Z,32
UgyFweMsa-aOEvtd36h4AaABAg,J3aC5GFGw2c,강지,Kangji,STELLIVE,@xordn9584,결혼식은 아닌데 시즌 3가 아나라고는 말 안했잖아,20,2026-07-11T08:26:46Z,27
UgyR3-c1I80HThGqIMV4AaABAg,J3aC5GFGw2c,강지,Kangji,STELLIVE,@준호-m6x,7:20 공개해줄수있는건 없다=비방으로 만나서 뭔가 하고있기는하지만 방송에서공개하면 난리나니 공개해줄수없다,172,2026-07-11T07:55:28Z,59
UgzQcgacfr6-d1MjbG94AaABAg,J3aC5GFGw2c,강지,Kangji,STELLIVE,@e성찬입니다,10:00 이거 개설래잔아ㅡ 머야ㅡ,110,2026-07-11T05:21:23Z,19
UgzXI9bBzooCYkjQV4B4AaABAg,J3aC5GFGw2c,강지,Kangji,STELLIVE,@cal1barn,태그에 부키 빅헤드는 없고 강지 김블루만 있는게 함정 ㅋㅋ,8,2026-07-11T08:25:11Z,32
UgxuwWpvatwftQg_FWh4AaABAg,J3aC5GFGw2c,강지,Kangji,STELLIVE,@시온-x2m,설마 그게... 강블 소개팅인가요?,6,2026-07-13T06:26:43Z,19
UgyzZ1Yw_gklPMFjzDR4AaABAg,J3aC5GFGw2c,강지,Kangji,STELLIVE,@Miso-z5l,드디어 결혼식을…..,252,2026-07-11T05:01:38Z,11
UgxY7bKZAB4p_lp4fIV4AaABAg,J3aC5GFGw2c,강지,Kangji,STELLIVE,@poTATo-b1e,11:41 상견례는 이미 한참 전에 했다는...,4,2026-07-13T16:16:17Z,26
UgzzkSI_JMy4A0wGaOh4AaABAg,J3aC5GFGw2c,강지,Kangji,STELLIVE,@난그저평범한파스텔,강블 코인은 계속 떡상한다,289,2026-07-11T05:01:22Z,14
Ugz-CQ6eWxZVpK37bAh4AaABAg,J3aC5GFGw2c,강지,Kangji,STELLIVE,@치코핑,이야 이게 아마테라스지 불꽃이 안꺼지네 ㅋㅋㅋㅋ,11,2026-07-11T06:59:36Z,26
Ugy7W9w60l6wugV5sth4AaABAg,J3aC5GFGw2c,강지,Kangji,STELLIVE,@_jjaktung116,아니 공식에서 장작 자꾸 넣고있다니깐여?!!??,9,2026-07-11T08:27:36Z,26
UgyIZ1hFxFMg-vifQLt4AaABAg,SnphXZcC-9w,강지,Kangji,STELLIVE,@김블루님,배그 서버비는 역시 대 스텔라이브,3014,2026-07-15T07:50:16Z,18
UgwrmTKPcenxekzhYcJ4AaABAg,SnphXZcC-9w,강지,Kangji,STELLIVE,@난그저평범한파스텔,0:15 시작부터 장작이 산불급으로 커지네,1062,2026-07-15T07:01:36Z,23
Ugz4UnBcCwId9PVQs8l4AaABAg,SnphXZcC-9w,강지,Kangji,STELLIVE,@준서이-j1j5x,1:32 ???:부키부키야 엄마는 아빠편이란다,161,2026-07-15T08:05:45Z,25
UgywksHb3NaSZI6Z9kh4AaABAg,SnphXZcC-9w,강지,Kangji,STELLIVE,@hebi_IS_GOD,집이 활활타도 흐뭇하게 웃는 강도단들,1302,2026-07-15T07:01:47Z,20
UgzXMl-u0TZkQU_juVl4AaABAg,SnphXZcC-9w,강지,Kangji,STELLIVE,@gofl230,5:40 다라이 살벌하넼ㅋㅋㅋㅋㅋㅋ,178,2026-07-15T07:46:05Z,19
Ugz1NbEVjppIaTP7A8Z4AaABAg,SnphXZcC-9w,강지,Kangji,STELLIVE,@크라운-r1d,아무리 봐도 평범한 가정에서 아빠가 딸한테 용돈 주는 상황.,1568,2026-07-15T07:03:20Z,33
UgzTUD8CZ0mEA6oHgZF4AaABAg,SnphXZcC-9w,강지,Kangji,STELLIVE,@나쁜느그아저씨,제목부터 '이 집안의...' 라고 정의했다. 😅😂😊,718,2026-07-15T07:17:19Z,28
UgwsXFQ-h4evcRRitDB4AaABAg,SnphXZcC-9w,강지,Kangji,STELLIVE,@ysbbhddbhdjn,4:10 사장이라도 포브스 선정된 사람보단 적죠 ㅎ,69,2026-07-15T07:14:40Z,28
UgyfepOPCtsS8bcbDFF4AaABAg,SnphXZcC-9w,강지,Kangji,STELLIVE,@김블루형사랑해,1:27 본격 막내 딸내미 훈육,237,2026-07-15T07:06:08Z,17
UgzvD8HT95ijp_me33R4AaABAg,SnphXZcC-9w,강지,Kangji,STELLIVE,@gndrm483,6:50 그렇게 고차비는 루기아 그란돈 오너가 되었다고 한다,86,2026-07-15T07:58:15Z,33
UgypTOS5v53i9w6jgQp4AaABAg,SnphXZcC-9w,강지,Kangji,STELLIVE,@쿠몽베리,0:13 와 미친 내가 다 설렘,14,2026-07-15T10:48:01Z,17
UgwKl6leYcCNjRz42ft4AaABAg,SnphXZcC-9w,강지,Kangji,STELLIVE,@dgoar2987,오호라... '집안' 이라고 하셨겠다?,60,2026-07-15T07:37:12Z,21
Ugx5BlP6h6jVsVP1dc54AaABAg,SnphXZcC-9w,강지,Kangji,STELLIVE,@jaekim5256,4:36 우리 타르코프 사랑해주세요....,14,2026-07-15T12:59:43Z,23
UgzNDJfUjxxMCyKZSpx4AaABAg,SnphXZcC-9w,강지,Kangji,STELLIVE,@스윗-stel하트,이제 블루형 결혼하면 용돈 타서 쓰겠네 ㅋㅋㅋㅋ,882,2026-07-15T07:01:27Z,26
Ugx63l7z7iimrG7uoAx4AaABAg,SnphXZcC-9w,강지,Kangji,STELLIVE,@LEERED-1010,3:40 용돈 주는 블버지,296,2026-07-15T08:04:42Z,14
Ugy0LGYJxSYUpnq6ZUV4AaABAg,SnphXZcC-9w,강지,Kangji,STELLIVE,@박다람쥐썬더,11:02 이러니까 '주위에서 무서워하는 이유가 있구나~' 싶음 ㅋㅋㅋㅋㅋ,31,2026-07-15T08:54:04Z,41
UgyHVytRv8emwbkGfz94AaABAg,SnphXZcC-9w,강지,Kangji,STELLIVE,@soti._.i,5:30 진짜 여기서도 운뚱땡이네 꼬부기 레전드..,71,2026-07-15T07:52:34Z,28
UgyZhWwGjFttUZSnsBN4AaABAg,SnphXZcC-9w,강지,Kangji,STELLIVE,@흐하-p6c,1:07 ㅅ자연스럽게 상당히 당황스러운 부부 로 읽었네,265,2026-07-15T07:17:01Z,30
UgwTrfVsGMqiJmQwN2l4AaABAg,SnphXZcC-9w,강지,Kangji,STELLIVE,@승-b9y,내 강블코인..,16,2026-07-16T14:15:43Z,8
UgypEwzkcUC9mHR8ii94AaABAg,SnphXZcC-9w,강지,Kangji,STELLIVE,@chani0129,집안? 집안? 집안이랬다? 파랑이한테 집안사람이랬다!!!,12,2026-07-15T09:58:09Z,31
UgwceEZraV2bMi7RrmV4AaABAg,SnphXZcC-9w,강지,Kangji,STELLIVE,@엥나-angna,11:00 이게 안산의 조퇴 방법 이군.....요?,6,2026-07-15T13:46:46Z,28
UgzeTn1uLTvlBNfgmNZ4AaABAg,SnphXZcC-9w,강지,Kangji,STELLIVE,@Teriro.,"캠프파이어다 
장작이 너무 잘 탄다 ㅋㅋㅋㅋㅋㅋㅋㅋㅋㅋㅋㅋㅋㅋㅋㅋㅋㅋㅋㅋㅋㅋㅋㅋㅋㅋㅋㅋㅋ",32,2026-07-15T07:09:14Z,49
Ugx2JhLL85sopxO52DR4AaABAg,SnphXZcC-9w,강지,Kangji,STELLIVE,@user-hc5dg4le9x,큰일 난거 같으면 개추....,19,2026-07-16T15:27:14Z,16
UgyVWrxypRgM_Cc-ZJp4AaABAg,SnphXZcC-9w,강지,Kangji,STELLIVE,@가라토,역시 김블루 플러팅장인 김블루,55,2026-07-15T07:03:49Z,16
UgwAu6lzx7P82jC60u14AaABAg,SnphXZcC-9w,강지,Kangji,STELLIVE,@스트레칭합시다,이중가챠가 사라진게 패치야? 지리긴하네...,40,2026-07-15T07:51:29Z,24
UgzE5YnBX9LtdVcEWDd4AaABAg,SnphXZcC-9w,강지,Kangji,STELLIVE,@승혜김-b5o,"강블 코인 주주들아 잘 들어라,. 최근에 강지 재생목록에 '❤우결'목록에서 영상이 몇개가 빠졌단 사실을 알고 있니? 그 영상들이 어디로 갔을까? 무려 정감자가!! '❤우결 그 이후' 라는 재생목록을 만들았다고!!! 정감자는 신이야!!!!",18,2026-07-25T15:51:08Z,132
Ugx4kV2YLo27-ab8KSB4AaABAg,SnphXZcC-9w,강지,Kangji,STELLIVE,@수니임-l5z,내 코인..,10,2026-07-16T14:56:58Z,6
UgxzhsuPODUL-38g6zZ4AaABAg,SnphXZcC-9w,강지,Kangji,STELLIVE,@lion08223,5:20 이건 뭐야 ㅋㅋㅋ,6,2026-07-15T10:10:25Z,14
UgyGReRSTYpNGv_WXO14AaABAg,SnphXZcC-9w,강지,Kangji,STELLIVE,@김도현-w3c-n7q,"용돈 주는 과정
강지 -> 김블루 -> 스텔라이브 딸 10명",23,2026-07-15T07:18:49Z,33
UgyX7qF7OKrWaernjEV4AaABAg,SnphXZcC-9w,강지,Kangji,STELLIVE,@xhdl12,5:40 ㅋㅋㅋㅋ개바부 같다,2,2026-07-15T10:57:32Z,15
UgwvNuJapUFZdjqvQJ94AaABAg,SnphXZcC-9w,강지,Kangji,STELLIVE,@그랬구나야,"이 집안?   이집안????????? 이집안?!?!?!?!!??!?!?



장작은 너네가 줬다 분명.",242,2026-07-15T07:38:08Z,57
UgxSoUo-uSBpd4X4ON94AaABAg,SnphXZcC-9w,강지,Kangji,STELLIVE,@kcvx2021,딸이 아빠한테 용돈 받고 아빠는 엄마한테 용돈받는 상황?,35,2026-07-15T07:55:06Z,31
Ugw5LT5X6VdaaNM0eZp4AaABAg,SnphXZcC-9w,강지,Kangji,STELLIVE,@바황-0707,강블 우결의 시간이다! 장작! 장작을 계속 들여보내라!,39,2026-07-15T07:05:17Z,30
UgzVrfDHQ4IcsFRakkV4AaABAg,SnphXZcC-9w,강지,Kangji,STELLIVE,@scales-s4v,"처음에 블루님이 ""누나 이쁘다"" 하니까 입꼬리 베시시 올라가는 거 봐라 ㅋㅋㅋㅋㅋ

아이 이게 참 입꼬리가 안 내려가네^^",2,2026-07-15T08:56:06Z,68
Ugx7gOECr-BTvAzqpMp4AaABAg,SnphXZcC-9w,강지,Kangji,STELLIVE,@jj-yj7ih,엄마 -> 아빠 -> 딸,41,2026-07-15T07:42:51Z,13
UgzHHiVUxBOmDZrTYhp4AaABAg,SnphXZcC-9w,강지,Kangji,STELLIVE,@dae_han_u,3:38 빌드업이 예사롭지 않다 이거,66,2026-07-15T07:10:48Z,20
UgxOg_WKC4-GpzmPE-14AaABAg,SnphXZcC-9w,강지,Kangji,STELLIVE,@사용자-f1s,6:49 이걸 예언을 해..????,2,2026-07-15T07:56:39Z,19
UgzOivCAOSiW0sBtE0J4AaABAg,SnphXZcC-9w,강지,Kangji,STELLIVE,@준전부기,비이이이이이이이이이상사아사ㅏㅏㅏㅏㅏㅏ,6,2026-07-16T14:06:34Z,20
UgwBJmbla46o7DxPjsZ4AaABAg,SnphXZcC-9w,강지,Kangji,STELLIVE,@순진한,나 지금 디게 바보처럼 웃고 있을듯(≧∀≦),2,2026-07-15T19:23:11Z,24
UgwTsYawFDXt4-vPh7h4AaABAg,SnphXZcC-9w,강지,Kangji,STELLIVE,@user-uw1jv6ub6s,8:32 오랜만에 돌아온 강지렁이,1,2026-07-15T11:55:25Z,18
UgzlBHV7uxK_XzST5Lh4AaABAg,egoTEH8teX0,아야츠노 유니,Ayatsuno Yuni,EVERYS,@따당-v5p,"이거 보다가 학교 늦었다
책임져라…유니유니야",287,2026-07-09T23:23:28Z,24
Ugxin5mHRMUqQOSjPtt4AaABAg,egoTEH8teX0,아야츠노 유니,Ayatsuno Yuni,EVERYS,@가오리._.3,납치되셨구나ㅋㅋㅋㅋㅋㅋㅋㅋ,705,2026-07-10T01:31:27Z,14
UgyhqNPQepImM1H8DXV4AaABAg,egoTEH8teX0,아야츠노 유니,Ayatsuno Yuni,EVERYS,@리코바라기_치코,유니야... 퇴근하고 자고 있었다... 이러지 말아다오...,13,2026-07-10T05:03:37Z,33
Ugyz6dk1I0Zsar2ytm14AaABAg,egoTEH8teX0,아야츠노 유니,Ayatsuno Yuni,EVERYS,@리제눈나팬,오늘부터 알림음 이거다,25,2026-07-09T23:29:12Z,12
Ugyyj-ra_XTkgoBMz8Z4AaABAg,egoTEH8teX0,아야츠노 유니,Ayatsuno Yuni,EVERYS,@따당-v5p,개 쳐 귀엽네,17,2026-07-09T23:23:00Z,7
Ugz4oBKzVeC8hLJkEpN4AaABAg,egoTEH8teX0,아야츠노 유니,Ayatsuno Yuni,EVERYS,@심심한크루의일상,여기로 납치되셨구나ㅋㅋㅋㅋ,304,2026-07-09T23:15:28Z,14
UgxY7-RHEOQDl6grRit4AaABAg,egoTEH8teX0,아야츠노 유니,Ayatsuno Yuni,EVERYS,@광대clown,진짜 증독성 미쳤거 너무 귀엽다ㅋㅋㅋㅋ 유니유니❤,2,2026-07-20T02:25:48Z,27
UgzcIO-lWUWe-1AlKqh4AaABAg,egoTEH8teX0,아야츠노 유니,Ayatsuno Yuni,EVERYS,@여엄익선,"오 유니유니야
이거 커버곡 불러주는 거야?!",3,2026-07-10T09:31:43Z,24
UgxjpMhlgMvP_ibCnJN4AaABAg,egoTEH8teX0,아야츠노 유니,Ayatsuno Yuni,EVERYS,@파스텔이될거야,"일어났는데 유니가 깨워주고 있으면
일어났어도 자는척 해야지 음음",114,2026-07-09T23:42:18Z,35
Ugw3GR2W_FMUVMdPlSZ4AaABAg,egoTEH8teX0,아야츠노 유니,Ayatsuno Yuni,EVERYS,@김c요,오늘 늦잠자버렸는데 마침 이 숏츠가 나오네 ㅋㅋㅋ.. 넘 귀엽다,1,2026-07-10T07:03:55Z,35
UgzfI50noKZxpkKIeLx4AaABAg,egoTEH8teX0,아야츠노 유니,Ayatsuno Yuni,EVERYS,@leekyunghae_raon,아 5분만요,10,2026-07-09T23:22:09Z,6
Ugy3HUPCqYFKWdOjYeJ4AaABAg,egoTEH8teX0,아야츠노 유니,Ayatsuno Yuni,EVERYS,@DinoSRainbow,"유니님 넘 예쁘고 귀여워용 사랑해용♡♡
💕💗💘💖❤🧡💛💚💙💜🖤🤎🤍",0,2026-07-10T02:35:30Z,35
UgxCKxlgzD-UdnalqwN4AaABAg,egoTEH8teX0,아야츠노 유니,Ayatsuno Yuni,EVERYS,@사탄-c9p,이제 내 알람은 이거다,2,2026-07-09T23:53:34Z,12
UgzOdbaK1UVtVxolG9V4AaABAg,egoTEH8teX0,아야츠노 유니,Ayatsuno Yuni,EVERYS,@のぞみ-e7u,"7:30이면 학교 늦었는데?(아 몰라, 이따 병원가야지)",2,2026-07-11T15:35:19Z,31
UgxsG10FKDsFN22cxOp4AaABAg,egoTEH8teX0,아야츠노 유니,Ayatsuno Yuni,EVERYS,@KIM-rp6dt,와씨 ㅋㅋㅋㅋㅋㅋㅋ 유니숏츠 그롱그롱 벨소리인데 이거 모닝콜각이네 ㅋㅋㅋㅋㅋㅋ,0,2026-07-10T11:46:33Z,43
UgxbApykid_j3zuPk6J4AaABAg,egoTEH8teX0,아야츠노 유니,Ayatsuno Yuni,EVERYS,@뱡수뱅수,귀여웡ㅋㅋㅋㅋㅋㅋㅋ저렇게 깨워주면 자는척 하고 싶어지는데~,0,2026-07-10T02:19:11Z,32
UgyYglLDSR8V8y3Ly6B4AaABAg,egoTEH8teX0,아야츠노 유니,Ayatsuno Yuni,EVERYS,@Min77539,귀여웡ㅋㅋㅋ 30분만 더 잘게 😴,0,2026-07-10T04:59:55Z,18
UgyR25JMuhh2Bb81M-t4AaABAg,egoTEH8teX0,아야츠노 유니,Ayatsuno Yuni,EVERYS,@파랑하늘곰,개쳐귀엽네...,1,2026-07-09T23:35:11Z,8
Ugxm6jPTSfM67evxp7R4AaABAg,egoTEH8teX0,아야츠노 유니,Ayatsuno Yuni,EVERYS,@YouTube-v7b,유니 너무귀여워요❤❤❤❤❤,1,2026-07-10T08:35:23Z,14
UgwGan0oDcEohKzMPhx4AaABAg,egoTEH8teX0,아야츠노 유니,Ayatsuno Yuni,EVERYS,@멘멘우,아 그만 깨워 정유니!!,1,2026-07-10T00:32:12Z,13
UgyIPucRqavQVnZtbg54AaABAg,egoTEH8teX0,아야츠노 유니,Ayatsuno Yuni,EVERYS,@탑베인,와... 성덕 되셨네요. 축하드려요!!,0,2026-07-10T11:33:06Z,21
Ugy4ZzZnJDEwIFmrxcd4AaABAg,egoTEH8teX0,아야츠노 유니,Ayatsuno Yuni,EVERYS,@kishiro-sp6xl,"결국 끌려오셨구만...

+ 유니유니 긔여어ㅓㅓ",0,2026-07-10T07:57:22Z,26
UgwOYR8yvjNs_sxalB14AaABAg,egoTEH8teX0,아야츠노 유니,Ayatsuno Yuni,EVERYS,@마로나리뱀뱀,결국 납치되셨네 ㅋㅋ,1,2026-07-10T09:02:13Z,11
UgygLIbnZmEqXPDB2594AaABAg,egoTEH8teX0,아야츠노 유니,Ayatsuno Yuni,EVERYS,@tradeno9741,중독성 쩔어 ㅋㅋ 너무 귀여운 유니 ㅋㅋ,0,2026-07-10T16:08:43Z,22
Ugxp5nEA_2que7OhVwh4AaABAg,egoTEH8teX0,아야츠노 유니,Ayatsuno Yuni,EVERYS,@곰빵이_건빵,이미 출근해서 눈떠있다는 나쁜말은 하면 안되겠...으허어어ㅓ엉ㅇ,0,2026-07-10T00:18:20Z,35
UgxZsvJJ1yERlUe4iXZ4AaABAg,egoTEH8teX0,아야츠노 유니,Ayatsuno Yuni,EVERYS,@KJHtest,이렇게 귀엽게 깨우는데 일어나지 않을 수 없지 ㅋㅋㅋ,0,2026-07-10T03:44:04Z,29
Ugw6HYEa5uyStqEIj_l4AaABAg,egoTEH8teX0,아야츠노 유니,Ayatsuno Yuni,EVERYS,@hjmddrgg,그저 유니가 귀여울뿐인 쇼츠,0,2026-07-09T23:01:14Z,15
Ugw0R9XPX8K6yTdoQtZ4AaABAg,egoTEH8teX0,아야츠노 유니,Ayatsuno Yuni,EVERYS,@바황-0707,이거 듣고 덕분에 지각안했다 유니야 고맙다..,0,2026-07-09T23:11:30Z,25
Ugyf1agAQPVbi69I2DZ4AaABAg,egoTEH8teX0,아야츠노 유니,Ayatsuno Yuni,EVERYS,@FireBear_불곰,유니:아르냥 일어나야해. 넌 조선?의 자존심이야!!,1,2026-07-10T05:54:15Z,28
UgxRI4fYGCff4I5GIdl4AaABAg,egoTEH8teX0,아야츠노 유니,Ayatsuno Yuni,EVERYS,@S2_hanari,안일어날땐 등짱 스메쉬..,1,2026-07-28T06:32:39Z,14
UgxU5z2Y4yXCoZlKV2p4AaABAg,egoTEH8teX0,아야츠노 유니,Ayatsuno Yuni,EVERYS,@Kevin-k3l9g,ㅋㅋㅋㅋ귀여웤ㅋㅋㅋ,0,2026-07-09T23:23:26Z,10
UgyEYMCRqbTpMsGgxfN4AaABAg,egoTEH8teX0,아야츠노 유니,Ayatsuno Yuni,EVERYS,@그저파스텔인짱똘,유... 유니야..  거기 멱살이다..  커헉... 내가 잘못했다...,1,2026-07-10T00:27:51Z,39
UgxNpxoVbcjgsZXU8QN4AaABAg,egoTEH8teX0,아야츠노 유니,Ayatsuno Yuni,EVERYS,@훈이는썰푸는사람,야르렁일어나라,2,2026-07-15T12:19:01Z,7
UgzIRbZLMjdFLDPVTq54AaABAg,egoTEH8teX0,아야츠노 유니,Ayatsuno Yuni,EVERYS,@큐잉곰,"유니가 안아줘야 일어나는 병에 걸렷어요
그러니 안아줘요~~",1,2026-07-13T07:14:04Z,32
Ugy1hGMf5ev5_YawDtd4AaABAg,egoTEH8teX0,아야츠노 유니,Ayatsuno Yuni,EVERYS,@린아가사랑한다,"귀여워잇..
(납치당하셨네..)",0,2026-07-09T23:23:42Z,17
UgziGMK3DapGwpKjM354AaABAg,egoTEH8teX0,아야츠노 유니,Ayatsuno Yuni,EVERYS,@giantRunyann,크아악 유니야 월드컵 경기 끝난지 1시간 지나써...,0,2026-07-10T00:09:08Z,29
Ugx3hHFaH8MY1EpHiSd4AaABAg,egoTEH8teX0,아야츠노 유니,Ayatsuno Yuni,EVERYS,@Rateun,아르냥들 팬채널 다 찍어먹어서 그런가 보고 바로 아시네 ㅋㅋㅋㅋ 실력자는 데려와야지 아무래도...,0,2026-07-10T02:02:00Z,54
Ugw7-hDq9NfxP74kmYV4AaABAg,egoTEH8teX0,아야츠노 유니,Ayatsuno Yuni,EVERYS,@nevelebe12,당장 설명란만 들어가봐도 누가 그렸고 무엇을 참고했다 쓰여있는데 관계 없는 사람 얘기만 하고있으니 유니도 섭섭하겠다,99,2026-07-13T20:03:49Z,64
UgwDMH2Wl7CEbijjEwp4AaABAg,egoTEH8teX0,아야츠노 유니,Ayatsuno Yuni,EVERYS,@guro_express_グロ急行,그저 귀여운 유니유니였다,0,2026-07-09T23:21:34Z,13
Ugy_sgU5esIcm1hoL3x4AaABAg,GiaDQPVBDsM,아야츠노 유니,Ayatsuno Yuni,EVERYS,@나는페토될거야,ㅈㄴ 귀여운데 꼬리가 자꾸 시선강탈하네ㅋㅋㅋ,604,2026-07-24T03:09:08Z,24
Ugx0PMLw8bKZr3zIlQ14AaABAg,GiaDQPVBDsM,아야츠노 유니,Ayatsuno Yuni,EVERYS,@리오-hebi,안녕하세요 스트리머 무르무르푸르푸르님,474,2026-07-24T09:50:55Z,20
UgwzWTrb_T0Z-fg1_GB4AaABAg,GiaDQPVBDsM,아야츠노 유니,Ayatsuno Yuni,EVERYS,@아르냥할꺼임,"누가 만들었죠 겁나 힘들었을것같은데
유니 더 귀여워진것같네",303,2026-07-24T03:10:29Z,32
UgwIfSaZyOie6JX35gZ4AaABAg,GiaDQPVBDsM,아야츠노 유니,Ayatsuno Yuni,EVERYS,@카9양,뭐냐! 또 누굴 납치한게냐! 이 귀여운 움직임은!,66,2026-07-24T09:25:11Z,27
UgwWbammdHRl1ISHR554AaABAg,GiaDQPVBDsM,아야츠노 유니,Ayatsuno Yuni,EVERYS,@그레-b6x,왜케 동글몽글퐁실말랑매끈빵실부들찰랑사뿐해졌냐,25,2026-07-24T14:03:40Z,24
UgwF3JRmim3UhZOZ8R14AaABAg,GiaDQPVBDsM,아야츠노 유니,Ayatsuno Yuni,EVERYS,@rexipher,손 턱대고서 오잉? 하는거 귀여워여ㅋㅋㅋ,28,2026-07-24T06:06:02Z,22
UgxctsyEblHdDSyhwJJ4AaABAg,GiaDQPVBDsM,아야츠노 유니,Ayatsuno Yuni,EVERYS,@귀여운감자바쿠피엔나,진짜 만든사람 칭찬합니다.,59,2026-07-24T04:19:56Z,14
Ugx-KxBwBFiYXnnWT_d4AaABAg,GiaDQPVBDsM,아야츠노 유니,Ayatsuno Yuni,EVERYS,@day_end_771,나른해보이는 눈에 치켜든 눈썹이 진짜 개귀엽네,3,2026-08-01T13:50:44Z,25
Ugxw7aPbJQtiJtyTlj14AaABAg,GiaDQPVBDsM,아야츠노 유니,Ayatsuno Yuni,EVERYS,@느엥밍뿡빵에휴뇨배추,유니도 꿍싯꿍싯을!!!!!! 스읍박 나 뒤질게 ㅋㅋ,15,2026-07-24T10:41:00Z,28
Ugx_L40wpJMaJTnbTNF4AaABAg,GiaDQPVBDsM,아야츠노 유니,Ayatsuno Yuni,EVERYS,@사탄-c9p,이 그림체는 좀 청순한 느낌이네 ㅋㅋㅋ 귀엽다,9,2026-07-24T04:21:48Z,25
Ugxajg2F2JKdmUeqWu94AaABAg,GiaDQPVBDsM,아야츠노 유니,Ayatsuno Yuni,EVERYS,@히흐히흐히히,거의 통통꼬리급의 꼬력이다 크윽 당해내지 못하겠어 일루와잇,5,2026-07-24T15:39:31Z,32
UgyIG0H0a7x4Yt-f1b94AaABAg,GiaDQPVBDsM,아야츠노 유니,Ayatsuno Yuni,EVERYS,@루지리,완전 귀여운 유니콘 🦄,11,2026-07-24T04:51:15Z,12
UgzEK9xnFfKgFZ4MPEJ4AaABAg,GiaDQPVBDsM,아야츠노 유니,Ayatsuno Yuni,EVERYS,@Shikawa_8988,오늘도 유니유니는 내 심장을 박살내는군 귀여움으로!,10,2026-07-24T04:11:49Z,28
UgydK2QdHTVLJ2Xzp5h4AaABAg,GiaDQPVBDsM,아야츠노 유니,Ayatsuno Yuni,EVERYS,@Kumumu35P,교복유니 진짜 귀여움 ㄹㅇ,2,2026-07-31T08:27:31Z,14
UgzR0rF9WkVpN-Yqak54AaABAg,GiaDQPVBDsM,아야츠노 유니,Ayatsuno Yuni,EVERYS,@아르케론,너무 귀여운데,4,2026-07-24T05:20:37Z,7
Ugz6hjO2Zpcs5_vaPLx4AaABAg,GiaDQPVBDsM,아야츠노 유니,Ayatsuno Yuni,EVERYS,@YouTube-v7b,유니 너무귀여워요❤❤❤❤❤,3,2026-07-24T08:50:22Z,14
Ugxpc7MBOEWMiCekI_J4AaABAg,GiaDQPVBDsM,아야츠노 유니,Ayatsuno Yuni,EVERYS,@lamines1387,그림체 진짜 말랑말랑하게 잘 그리셨다,1,2026-07-24T11:47:28Z,20
UgzFuo1zNmiTPLVdfKl4AaABAg,GiaDQPVBDsM,아야츠노 유니,Ayatsuno Yuni,EVERYS,@박준용-l3h,개귀엽네 진짜 무친 퀄리티 감사합니다,1,2026-07-24T05:23:28Z,20
UgzvXtm28oEutdQY7UF4AaABAg,GiaDQPVBDsM,아야츠노 유니,Ayatsuno Yuni,EVERYS,@판지-c6x,아 너무 귀엽네!!!!❤❤❤❤❤❤❤,2,2026-07-24T04:37:02Z,19
Ugw4Ff5thgXmPUtNXpx4AaABAg,GiaDQPVBDsM,아야츠노 유니,Ayatsuno Yuni,EVERYS,@개구리-d4o,너무 귀여워요 그냥 아기 같아요 사랑스러워요. 아 아냐 그냥 아가에요 사랑스럽고 귀여운 아가요.,2,2026-08-01T00:08:01Z,53
Ugy4Z3dNQp518NZwpsd4AaABAg,GiaDQPVBDsM,아야츠노 유니,Ayatsuno Yuni,EVERYS,@KJHtest,어쩜 이리 귀여울까 ㅋㅋㅋㅋㅋ,0,2026-07-24T04:28:29Z,16
Ugy3xAX_Y8P0F3klCZ54AaABAg,GiaDQPVBDsM,아야츠노 유니,Ayatsuno Yuni,EVERYS,@HIRAM_,망아지 왜이러케 귀여어!!,1,2026-07-24T07:00:09Z,14
UgzvKhfT79YNIzlSD8N4AaABAg,GiaDQPVBDsM,아야츠노 유니,Ayatsuno Yuni,EVERYS,@에들렝,와 왤케 이뻐,1,2026-07-24T07:59:45Z,7
UgzPCYNRSDHB3qvSMMd4AaABAg,GiaDQPVBDsM,아야츠노 유니,Ayatsuno Yuni,EVERYS,@쿠리미한_감자,주체 못하는 유니 꼬리가 너무 귀엽다,0,2026-07-24T04:04:53Z,20
UgzDAYWJc8Y7H-mHLmx4AaABAg,GiaDQPVBDsM,아야츠노 유니,Ayatsuno Yuni,EVERYS,@코기씨-m3t,꼬리 흔들거리는 게 귀엽네요,1,2026-07-24T10:00:34Z,15
Ugw6fZGEC-oznawqvrV4AaABAg,GiaDQPVBDsM,아야츠노 유니,Ayatsuno Yuni,EVERYS,@yee나리,와우 꼬리가..,1,2026-08-02T06:07:24Z,8
UgxShYlecF_EkL5yIIN4AaABAg,GiaDQPVBDsM,아야츠노 유니,Ayatsuno Yuni,EVERYS,@cent00468,프레임뭐야 어흐 말랑쫀득하네..,1,2026-07-24T07:08:06Z,17
Ugy2-mIO8eq5QdJcUEF4AaABAg,GiaDQPVBDsM,아야츠노 유니,Ayatsuno Yuni,EVERYS,@신사에서누가돌아왔게,중간중간에 포즈잡는 유니챤 ㄱㅇㅇ,0,2026-07-24T05:13:03Z,18
UgxQYHM2ANal5zS9Uph4AaABAg,GiaDQPVBDsM,아야츠노 유니,Ayatsuno Yuni,EVERYS,@너의의미-v8i,눈이 넘 예쁘다,1,2026-07-24T04:47:49Z,8
UgxCOgyeO7yaOeUNRiF4AaABAg,GiaDQPVBDsM,아야츠노 유니,Ayatsuno Yuni,EVERYS,@sadmilk9283,씨ㅋㅋㅋㅋㅋㅋㅋㅋㅋㅋ왤케 귀엽고 난리야ㅋㅋㅋㅋㅋㅋㅋㅋㅋㅋㅋㅋㅋㅋ,0,2026-07-24T04:18:17Z,35
Ugyvp1lVyMnfIxJ6M-x4AaABAg,GiaDQPVBDsM,아야츠노 유니,Ayatsuno Yuni,EVERYS,@커핀-x3k,오빠는 끝 그림체하고 비슷하다!!❤,2,2026-08-04T09:36:52Z,19
UgyeG1nNZfZ_ruWObN94AaABAg,GiaDQPVBDsM,아야츠노 유니,Ayatsuno Yuni,EVERYS,@pastel-z3w,너무 귀여워서 할 말이가 없네,0,2026-07-24T04:30:15Z,16
Ugyu_TtJu1OYoB1x8v54AaABAg,GiaDQPVBDsM,아야츠노 유니,Ayatsuno Yuni,EVERYS,@야메쨩-527,꼬리가 시선강탈하네여ㅋㅋㅋ,0,2026-07-27T02:42:11Z,14
Ugxp2IVmz1iefjpHnMF4AaABAg,GiaDQPVBDsM,아야츠노 유니,Ayatsuno Yuni,EVERYS,@1heuglo686,뭐야 진짜 귀여워 ㅋㅋㅋ🤍🤍,0,2026-07-26T07:48:01Z,15
UgzwP4ntyh2p1x1KHlV4AaABAg,GiaDQPVBDsM,아야츠노 유니,Ayatsuno Yuni,EVERYS,@백린탄-g1s,❤❤❤❤,1,2026-08-04T03:25:27Z,4
UgzJAxbAQl_nL5Gnrxx4AaABAg,GiaDQPVBDsM,아야츠노 유니,Ayatsuno Yuni,EVERYS,@Wonducke,세상 귀여운 유니유니~,0,2026-07-24T04:28:22Z,12
UgzV_aPgZJauOJhDnt94AaABAg,GiaDQPVBDsM,아야츠노 유니,Ayatsuno Yuni,EVERYS,@Heena_1001,이번의 희생냥은 누구냐…,0,2026-07-27T07:40:17Z,13
Ugxqs3yK3cRQsarsCNl4AaABAg,GiaDQPVBDsM,아야츠노 유니,Ayatsuno Yuni,EVERYS,@italianquagsire,It's seriously cute!!,0,2026-07-25T02:38:06Z,21
UgzzDsNzrtsLannlYrt4AaABAg,GiaDQPVBDsM,아야츠노 유니,Ayatsuno Yuni,EVERYS,@forrest2025,유니유니 ㅈㄴ기여워❤,1,2026-07-24T04:08:16Z,11
UgyMrXSLF22tOruJ8TJ4AaABAg,GiaDQPVBDsM,아야츠노 유니,Ayatsuno Yuni,EVERYS,@ddangi5629,"와아...프레임 감탄나온다
누굴 납치하신겁니까",0,2026-07-24T10:15:33Z,25
Ugzq1pRqlfbt7RJOz8x4AaABAg,_GtqXRMM9ik,아야츠노 유니,Ayatsuno Yuni,EVERYS,@Thomas-om4ni,"6:02 본능이 거부하는 채찍 ㅋㅋㅋㅋ
말 채찍질 ㅋㅋㅋㅋ",175,2026-06-25T14:28:59Z,32
UgzfwDoA162L26c2Oqh4AaABAg,_GtqXRMM9ik,아야츠노 유니,Ayatsuno Yuni,EVERYS,@novelrio-i3z,3:30 프롬갤에 박제될법한 노양심플레이 ㅋㅋㅋㅋ,24,2026-06-28T06:06:06Z,27
Ugw1pYKw045oC94NNwJ4AaABAg,_GtqXRMM9ik,아야츠노 유니,Ayatsuno Yuni,EVERYS,@권오연-e6o,"무기같지 않은 무기를 들고 오는 사람이 있다


조심해라",364,2026-06-26T01:19:06Z,31
UgxEERq254UnHoXS2b54AaABAg,_GtqXRMM9ik,아야츠노 유니,Ayatsuno Yuni,EVERYS,@enoch0959,아르냥들 고인물로써 압살하러 왔다기 보다는 요상한 무기로 괴롭히러 왔네 ㅋㅋㅋ,33,2026-06-25T15:42:04Z,43
UgzwuUq3gFOuVukbOnp4AaABAg,_GtqXRMM9ik,아야츠노 유니,Ayatsuno Yuni,EVERYS,@나는페토될거야,"""틈새의 땅속 사내들""",313,2026-06-25T09:23:30Z,12
UgyPUHFp-CenusWlsix4AaABAg,_GtqXRMM9ik,아야츠노 유니,Ayatsuno Yuni,EVERYS,@Sonagi_KR,"뒤틀린 황천의 망자들은, 미끼를 던져 상대를 자신만만해진 상태로 만든 뒤 천천히 무너뜨리는 마귀",41,2026-06-25T20:16:40Z,53
Ugz_TjbF5qdIEepkVo94AaABAg,_GtqXRMM9ik,아야츠노 유니,Ayatsuno Yuni,EVERYS,@opwe1111,3:50 역시 기사도따위 존재하지 않는 암살과 기습의 유니콘 나라 출신,29,2026-06-25T17:34:18Z,39
UgzdLWiqHexCaIc-EFJ4AaABAg,_GtqXRMM9ik,아야츠노 유니,Ayatsuno Yuni,EVERYS,@RosenHime,"유니유니야... 피빞에서 평범한 무기 들고 오는 애들을 제일 조심해야대;; 
그거로도 줘팰수 있다는 뜻이야...;;",323,2026-06-25T09:27:49Z,64
UgxUBvp4yy-2TjF8L6F4AaABAg,_GtqXRMM9ik,아야츠노 유니,Ayatsuno Yuni,EVERYS,@absolutelynotdefeat,"ㅋㅋㅋㅋㅋ
너무 많은 아르냥이 동시에 큐돌려서 유니와 한번도 못 만나서 아쉬웠지만 다른 아르냥과 금방 매치 되어서 나름 재밌었음.",34,2026-06-25T21:38:49Z,72
Ugzg50ZQdfsF7TBph9Z4AaABAg,_GtqXRMM9ik,아야츠노 유니,Ayatsuno Yuni,EVERYS,@미애옹-l7o,난 가끔 무서운게 있어...몇년 후...유니의 한국어 실력이 늘어 더이상 요상한 발음을 들을 수 없는 미래가...무서워...ㅠ,759,2026-06-25T09:24:26Z,70
UgzXwYrO9b2h7SNAp6l4AaABAg,_GtqXRMM9ik,아야츠노 유니,Ayatsuno Yuni,EVERYS,@핑구는펭구인,수많은 아르냥 열사님들의 복수,31,2026-06-26T01:01:47Z,16
UgzXILny31_B6waublZ4AaABAg,_GtqXRMM9ik,아야츠노 유니,Ayatsuno Yuni,EVERYS,@cokak889,성품이 귀여운 조카같아서 거스러미 없이 편하게 볼 수 있는게 매력인듯,15,2026-06-25T19:19:23Z,38
UgwkfzEMP4_Gjg8pt3x4AaABAg,_GtqXRMM9ik,아야츠노 유니,Ayatsuno Yuni,EVERYS,@사탄-c9p,13:05 이런거 하면 항상 엔딩은 비질게 엔딩이네 ㅋㅋ,163,2026-06-25T09:12:12Z,31
UgxUwME0GRM63JI43YJ4AaABAg,_GtqXRMM9ik,아야츠노 유니,Ayatsuno Yuni,EVERYS,@상괭이는원래파랗다,3:02 유니야 저 무기로 특수 모션 안나온걸 다행히 여겨라 ㅋㅋㅋㅋㅋㅋ,25,2026-06-25T12:28:47Z,40
UgyCf4DhUWVQ3jVnNel4AaABAg,_GtqXRMM9ik,아야츠노 유니,Ayatsuno Yuni,EVERYS,@Geasscode0,"와 엘든링이 ㅋㅋㅋㅋ 이게 편집본이 올라오다니 ㅋㅋㅋㅋㅋㅋㅋㅋㅋ
역시 유니는 맞아서 눅눅해지고 당해서 비질게로 나와야 맛이긴 해 ㅋㅋㅋㅋㅋㅋㅋㅋㅋㅋ",23,2026-06-25T14:47:35Z,83
UgwdMTEWnfbNRmvH3Rl4AaABAg,_GtqXRMM9ik,아야츠노 유니,Ayatsuno Yuni,EVERYS,@Ulter-l8t,라이브로 안봐서 잘 모르겠는데 마지막 친구는 무기세팅만 보면 아르냥이 아니라 그냥 PVP꾼 같은데?;;,12,2026-06-25T15:41:06Z,57
UgyE5b80rBkO21sl6-V4AaABAg,_GtqXRMM9ik,아야츠노 유니,Ayatsuno Yuni,EVERYS,@hck9578,9:38 다라이 개살벌하네ㅋㅋㅋㅋㅋㅋㅋㅋ,50,2026-06-25T20:05:35Z,22
Ugy-8_wcqrLubGu_PjJ4AaABAg,_GtqXRMM9ik,아야츠노 유니,Ayatsuno Yuni,EVERYS,@giantRunyann,"엘든링 아르냥 시참이 유튜브에 올라올줄은 몰랐는데 ㅋㅋㅋㅋ

진짜 재밌고 기억에 오래남을 컨텐츠였다 유든링",217,2026-06-25T09:04:34Z,59
Ugx5OcYNIM1JQP1BR414AaABAg,_GtqXRMM9ik,아야츠노 유니,Ayatsuno Yuni,EVERYS,@Rat.Hammer,"엘든링 이렇게 바닥까지 싹싹싹긁어먹을줄은몰랐음 보스 처음 만나면 무력하게 지면서도 어느새 성장해서 잡고있는거보면 엘든링 제작자들 의도대로 재밌게 즐긴듯
세키로도 싹싹비웠던거 생각해보면 조만간 다크소울도 할듯ㅋㅋㅋㅋㅋㅋㅋ 아 줴줴이야~",49,2026-06-25T14:01:18Z,130
UgyJ-3V1Sc8RbX5TFGx4AaABAg,_GtqXRMM9ik,아야츠노 유니,Ayatsuno Yuni,EVERYS,@맑음-c9z,1:40 이거 완전 강사쵸 웃음소리잖아,4,2026-07-02T09:10:55Z,21
Ugw89LgUp7vVhyJaVih4AaABAg,_GtqXRMM9ik,아야츠노 유니,Ayatsuno Yuni,EVERYS,@김상혁-j3t,11:42 이놈은 세팅이 UFC인데?ㅋㅋㅋㅋ,13,2026-06-27T21:09:08Z,24
UgxxU8sKCsMJMy_emPt4AaABAg,_GtqXRMM9ik,아야츠노 유니,Ayatsuno Yuni,EVERYS,@Stryteller171,"내가 잠든 사이… 틈새의 땅이 어떻게 변했는지… 유니의 빈약한 기술을 보면 상상이 가는군!

급조된 기술로 이 아르냥을 속박할 수 있겠느냐!",13,2026-06-26T06:50:06Z,78
UgxCUp0Pttoa99f0hm94AaABAg,_GtqXRMM9ik,아야츠노 유니,Ayatsuno Yuni,EVERYS,@가장행복한미소,11:36미스틱이냐곸ㅋㅋ,4,2026-07-05T12:28:23Z,13
UgzuNIl6GT4F5h0RSst4AaABAg,_GtqXRMM9ik,아야츠노 유니,Ayatsuno Yuni,EVERYS,@파인애플-u5c,10:52 엘든링 pvp는 자신 있는 사람만 남아있는 컨텐츠니까,3,2026-07-01T06:31:05Z,35
UgySKoHu4JKS0gifQ1p4AaABAg,_GtqXRMM9ik,아야츠노 유니,Ayatsuno Yuni,EVERYS,@KIMUMU,유니콘 다짐육이 되었구나,47,2026-06-25T11:02:47Z,13
UgxpjGjjZ-OhPlwwxS94AaABAg,_GtqXRMM9ik,아야츠노 유니,Ayatsuno Yuni,EVERYS,@mulmukelgga,그냥 보기만 해도 썩은 망자잖아..,4,2026-06-25T13:34:47Z,19
UgzXWvJxUpGYHYE2R3l4AaABAg,_GtqXRMM9ik,아야츠노 유니,Ayatsuno Yuni,EVERYS,@내가바로뚤기다,소울류에서 커마가 이상한 캐릭터를 만난다면 무조건 도망가십쇼 ㅋㅋㅋㅋ,2,2026-06-28T23:22:19Z,38
UgzJ59bEsdQtJfgj_md4AaABAg,_GtqXRMM9ik,아야츠노 유니,Ayatsuno Yuni,EVERYS,@초보00192,엘든링 고생많았어 그러니까 pvp 뜨자,4,2026-06-25T16:34:34Z,21
UgxQlFtBFYOLkr-Kq5J4AaABAg,_GtqXRMM9ik,아야츠노 유니,Ayatsuno Yuni,EVERYS,@이성호-g9h5u,유니 먼지나게 맞은날..,3,2026-06-25T14:08:04Z,13
Ugx7Gf6Ead3syHdL5fV4AaABAg,_GtqXRMM9ik,아야츠노 유니,Ayatsuno Yuni,EVERYS,@nisino_sinpei,저녁 반찬 맛있네 ㅋㅋㅋㅋㅋㅋ 맛돌리야,3,2026-06-25T14:37:27Z,21
Ugxj8AEDB_d6X-00lxF4AaABAg,_GtqXRMM9ik,아야츠노 유니,Ayatsuno Yuni,EVERYS,@harmlessmandu,4:14 여자를 꽃으로도 때리지 말라는 말을  반박하는 아르냥 ㄷㄷ..,0,2026-07-28T04:47:29Z,39
UgwKG_i3b-YuxTe8_7J4AaABAg,_GtqXRMM9ik,아야츠노 유니,Ayatsuno Yuni,EVERYS,@oxymoron121,원래 소드마스터보다 강한건 웨폰마스터다,2,2026-06-29T06:26:14Z,21
Ugzk3CnE6VZRNYU2YYp4AaABAg,_GtqXRMM9ik,아야츠노 유니,Ayatsuno Yuni,EVERYS,@귀여운-t6m,흉물들 왜 안나오나했더니 유니좀 즐기게 놔두고 기다리다오네 ㅋㅋ,1,2026-07-02T03:45:59Z,35
UgyvdyYZBF-OVeC5zbl4AaABAg,_GtqXRMM9ik,아야츠노 유니,Ayatsuno Yuni,EVERYS,@코른버져커,"""유니유니와 기둥속 아르냥들""",1,2026-06-25T19:35:25Z,16
UgzFYBkEIgbhflZoBXJ4AaABAg,_GtqXRMM9ik,아야츠노 유니,Ayatsuno Yuni,EVERYS,@brownieasdf5373,아른냥들 팬미팅에서 좋았겠네,2,2026-06-25T15:22:21Z,15
UgzeGpEvp69JAtWtjJl4AaABAg,_GtqXRMM9ik,아야츠노 유니,Ayatsuno Yuni,EVERYS,@뿡타비,썸네일 자동더빙임?,1,2026-07-24T23:04:40Z,10
Ugw5-Jk2HrbniWn0rQd4AaABAg,_GtqXRMM9ik,아야츠노 유니,Ayatsuno Yuni,EVERYS,@thesithlord4812,"3:32

아이사츠 중에 공격이라니, 이 무슨 스고이 시츠레이...!",0,2026-07-17T07:25:57Z,38
UgwP2zkGSs2agwGLoQd4AaABAg,_GtqXRMM9ik,아야츠노 유니,Ayatsuno Yuni,EVERYS,@소무-u3m,"5:42 엘든 링 갓겜이였네
저런 무기도있고 ㅋㅋ",0,2026-06-25T20:50:38Z,27
UgyQgtTYSVusxfa3I0t4AaABAg,_GtqXRMM9ik,아야츠노 유니,Ayatsuno Yuni,EVERYS,@guestaccounttemporary7658,"ᵕ̈⋆¸*ೃ☼ 𓊈🦄 𝒴𝓊𝓃𝒾  ☺︎𓊉ִֶָ ..𓂃 ࣪ ִֶָ⁠🪽་༘࿐
유니님 발음이 늘지 않았으면 좋겠다고 생각하고 있지요 🤍
☪️🤍",0,2026-07-04T13:03:57Z,74
UgyNv926ZpLeNAcPL0l4AaABAg,_GtqXRMM9ik,아야츠노 유니,Ayatsuno Yuni,EVERYS,@kimyong10,뭐야 미켈라단도 잡았어? 열 몇시간 하다 자러 간 것만 보고 그 이후론 엘든링 방송 못 봤는데 다시보기 찾아봐야겠네,1,2026-06-25T18:23:05Z,64
UgyJ2Qogbx2XAEA4Tn14AaABAg,1tnc3DNZfoc,아야츠노 유니,Ayatsuno Yuni,EVERYS,@DC_5volt,"초보: 유니야 롯데만은 안된다...
고수: 롯데 우승할때까지 야구 같이 봐주겠구나!",1134,2026-06-16T09:53:08Z,46
Ugw7pHIVfs65eZkGYE54AaABAg,1tnc3DNZfoc,아야츠노 유니,Ayatsuno Yuni,EVERYS,@SIUuu-i4d,방송컨텐츠로 써먹기에는 꼴데가 우주제일이긴 해 매일이 불타고 재밌을거야,327,2026-06-16T09:54:44Z,39
Ugykd-d6mjEFs3YJYIN4AaABAg,1tnc3DNZfoc,아야츠노 유니,Ayatsuno Yuni,EVERYS,@_JevJ_,"고등학교 때 국어쌤이 그랬다
이번에 롯데 우승하면 집 사주겠다고
어쩌면 진심이었을지도 모른다만
암튼 아직도 내집마련 못함",267,2026-06-16T11:17:57Z,67
Ugz3GF1uInRycW7dmqZ4AaABAg,1tnc3DNZfoc,아야츠노 유니,Ayatsuno Yuni,EVERYS,@seongjinkim2701,유니유니야 롯데 자이언츠라고 해서 요미우리 자이언츠 생각하면 오산이다!!,160,2026-06-16T10:51:11Z,40
Ugw_u0XcHa9-kvd74CV4AaABAg,1tnc3DNZfoc,아야츠노 유니,Ayatsuno Yuni,EVERYS,@jhb1791,"응원문화 즐기기 > 롯데 선택해도 상관없음.
야구 자체를 즐기기 > 롯데 선택하면 야구가 재미없어짐.",365,2026-06-16T19:21:08Z,56
UgwJXjwdARLx6RJiwMp4AaABAg,1tnc3DNZfoc,아야츠노 유니,Ayatsuno Yuni,EVERYS,@조류-w5r,"초보 : 아 롯데 자이언츠 응원하는 구나
고수 : 지바롯데 응원하는구나!!",93,2026-06-16T11:54:27Z,41
UgzXsTu6LK-CH0aqEBt4AaABAg,1tnc3DNZfoc,아야츠노 유니,Ayatsuno Yuni,EVERYS,@estatebro,"부산 사람이다 어릴때 아버지가 그랬다 이번엔 롯데 우승 할거같다고. 아버지랑 즐겁게 응원했다.

중학교 가서 알았다 친구들도 전부 아버지에게 설득 당해서 롯데팬이라는걸. 주황봉다리 쓰고 재밌게 응원했다.

고등학교 가서 알았다 롯데의 마지막 우승이 김일성 때라는걸(소련 해체 10개월 후)

성인이 되었다 지금까지 응원한게 아까워서 아직도 롯데를 응원한다.",1557,2026-06-16T09:49:11Z,199
UgzTxjV14oONZLOfZuF4AaABAg,1tnc3DNZfoc,아야츠노 유니,Ayatsuno Yuni,EVERYS,@팩트와체크,그냥 이기는 편 우리편 하고 야구 자체만 즐겨.. 팀 정하지마... 정하는 순간 지옥이야.....,341,2026-06-16T09:37:23Z,54
UgwldQD7S3DH5PhOQFV4AaABAg,1tnc3DNZfoc,아야츠노 유니,Ayatsuno Yuni,EVERYS,@Wellington-p5j,"롯데 마린즈나 요미우리 자이언츠를 응원해주십시오

롯데 자이언츠는 아닙니다..",256,2026-06-16T10:22:49Z,43
UgxO9kNx1V3eyiSXyqB4AaABAg,1tnc3DNZfoc,아야츠노 유니,Ayatsuno Yuni,EVERYS,@neuetyp,"<<롯데 우승까지 응원>>
평생 컨텐츠 기획하는구나!",18,2026-06-16T13:20:24Z,16
UgxGULih2kpj6h8pTdN4AaABAg,1tnc3DNZfoc,아야츠노 유니,Ayatsuno Yuni,EVERYS,@유니의그긴거,유니는 사실 치어리더가 보고 싶은 거 아닐까?,115,2026-06-16T10:09:32Z,25
UgzUNKt_LORNz3uFBfN4AaABAg,1tnc3DNZfoc,아야츠노 유니,Ayatsuno Yuni,EVERYS,@lottojung2011,영상올라가고 롯데 자이언츠 6연승 중!!! 저점매수 드가자!!,14,2026-06-23T12:45:08Z,34
UgwDFH4SMqiE2-HPumZ4AaABAg,1tnc3DNZfoc,아야츠노 유니,Ayatsuno Yuni,EVERYS,@데쿠_158,1:37 ㅋㅋㅋㅋㅋㅋㅋㅋㅋ,16,2026-06-16T15:57:25Z,14
UgwwNp3jOwjpAE5V7O54AaABAg,1tnc3DNZfoc,아야츠노 유니,Ayatsuno Yuni,EVERYS,@빵타비는죄악이다,롯데추천한놈 엎드려 콱씨그냥 뉴비한테 변기통에 내려야할 팀을 추천하지말란말이다,202,2026-06-16T09:35:12Z,43
UgxZrk0L-9gHt221Ss14AaABAg,1tnc3DNZfoc,아야츠노 유니,Ayatsuno Yuni,EVERYS,@징-h8d,"유니야... 롯데 팬이다...
응원하면 고혈압으로 빨리 디진다...
진짜 아니다...",153,2026-06-16T09:56:29Z,47
Ugy06lYgKgi62QxEGY14AaABAg,1tnc3DNZfoc,아야츠노 유니,Ayatsuno Yuni,EVERYS,@재갈-j,"두산 소개하시는분 영업 못하시네
망곰이 콜라보 굿즈를 보여주셔야지",71,2026-06-16T10:39:23Z,36
Ugyvbs0iwzkHmtxYEkl4AaABAg,1tnc3DNZfoc,아야츠노 유니,Ayatsuno Yuni,EVERYS,@dhdyx-f1i,7:40  정보)근 20세기 마지막 우승팀은 한화가 아니라 00년도 현대다..,5,2026-06-16T11:15:01Z,43
UgxCYJfePHz3yZ_Z_e54AaABAg,1tnc3DNZfoc,아야츠노 유니,Ayatsuno Yuni,EVERYS,@coldtea6063,진짜 2000년도초에 가을야구 갔을때 낚인걸 진짜 지금도 평생 후회하고있다 그 모든팀보다 압도적으로 혈압이 오르고 눈앞이 깜깜해지고 아.....,22,2026-06-16T10:03:37Z,80
UgyoOBFTHr0dZDF8mSh4AaABAg,1tnc3DNZfoc,아야츠노 유니,Ayatsuno Yuni,EVERYS,@katrina939,"근데 롯데 직관 가보면 진짜 순식간에 입덕하게 되긴 해여 
저도 직관 갔다가 미친 응원 낭만을 맛보고.... 그만...",8,2026-06-16T17:09:06Z,66
UgzkaNIHBZQ_Iw6C3-R4AaABAg,1tnc3DNZfoc,아야츠노 유니,Ayatsuno Yuni,EVERYS,@solx-o9i,16:24 나무위키... 아야츠노 유니... 사건사고/논란 항목 추가... 롯데 배신...,14,2026-06-18T12:05:05Z,50
UgyJ0DOhHgjcHDeh2hB4AaABAg,1tnc3DNZfoc,아야츠노 유니,Ayatsuno Yuni,EVERYS,@buzzbee9712,0:53 은근슬쩍 한구꾸 해버리기,13,2026-06-16T09:50:55Z,18
Ugxi2PHH_X1M22j5FFR4AaABAg,1tnc3DNZfoc,아야츠노 유니,Ayatsuno Yuni,EVERYS,@mongsil-u9z,여러사람 난리나는 주제를 갑자기 ㅋㅋㅋㅋㅋㅋ 사람들 카페에 글 올린거 넘 웃겼음 월드컵이랑,83,2026-06-16T09:10:25Z,50
UgwK_9MhFdd4Ukcf-bh4AaABAg,1tnc3DNZfoc,아야츠노 유니,Ayatsuno Yuni,EVERYS,@Dumi199,"일본과 한국은
타이거즈와 자이언츠의 세계선이 뒤바뀐 세상이다..",19,2026-06-16T16:23:02Z,35
UgwpZt0jW8QldCwxOwh4AaABAg,1tnc3DNZfoc,아야츠노 유니,Ayatsuno Yuni,EVERYS,@hyungikim4063,"난 우리 아버지를 정말 존경하고 내 자식에게 우리 아버지같은 사람이 되고 싶지만
롯데팬이 되게 만든 점만은 닮고싶지 않다
서울 토박이에 부산은 가본 적이 손에 꼽는 내가
왜 아직도 롯데를 응원하며 화를 내고 있어야 하는지 아직도 모르겠다...
더 화나는건
누가 그럴거면 걍 엘두팬해 라고 했을때 차라리 야구를 안 봤으면 안 봤지 응원팀은 옮기고 싶지 않다는 대답이 자연스럽게 나오는 내 정신머리다...",21,2026-06-17T01:50:08Z,224
Ugy14V69whm2CUFgOQZ4AaABAg,1tnc3DNZfoc,아야츠노 유니,Ayatsuno Yuni,EVERYS,@k란밍,04:13 유니야 삼성 이재용 회장님도 롯데 신동빈 회장님도 야구 좋아하셔. 근데 문제는 롯데는 그냥 진짜 해체 한번했다가 새로 만드는게 더 나을 정도록 썩어빠졌어😢😢.,5,2026-06-17T22:33:16Z,94
UgwqAbXrnCig7ijo7Jp4AaABAg,1tnc3DNZfoc,아야츠노 유니,Ayatsuno Yuni,EVERYS,@guyepic680,아버지가 군대 계실때 롯데 마지막 우승이었는데 내가 전역하고 아버지께 말씀드렸더니 아무말 없이 술을 홀짝이셨고 나도 같이 짠치고 어머니께서도 같이 짠치셨다 골수 롯데팬 가족이어서 정말 행복하지만 그와 동시에 너무 슬프다,7,2026-06-17T03:39:15Z,122
UgzPecgF-VYVepn_V2B4AaABAg,1tnc3DNZfoc,아야츠노 유니,Ayatsuno Yuni,EVERYS,@청산별곡나비-o9d,"응원가가 유행하기 시작한게 롯데가 유행시켜서 다들 따라하면서 만들어진거고 원래 선수별 응원가는 롯데만 있던 시절이 있었습니다. 그때 다른 팀들은 유독 사직구장만 오면 힘을 못쓰는 모습도 자주 보여줬죠.
응원이 상당히 열정적이고 재밌는 팀인데. 상대가 견제할때 ""마!"" 라고 다같이 소리질러주고, 7회나 8회쯤 역전각이 나올때 다같이 부산갈매기 한번 불러주면 아주 그냥 뽕이 차오릅니다. 심지어 롯데출신 슈퍼스타들이 엄청 많아요. 지금까지 현역으로 활동하는 선수들 중에 롯데출신들이 꽤 있습니다.
문제는 그런 슈퍼스타들 데리고도 우승 못한 롯데는 해체해라!!!!!!!!!!!!!!!!!!!!!",36,2026-06-16T13:45:29Z,330
Ugz_FWcNiZmNlgKWEw14AaABAg,1tnc3DNZfoc,아야츠노 유니,Ayatsuno Yuni,EVERYS,@김진호-y6l9r,15:48 유니유니야 그러면 그냥 모든팀을 응원하자 언제나 승리를 할 수 있는데 스트레스는 받을거야,3,2026-06-16T13:52:51Z,55
UgwTTYi2DXt36OVx-vV4AaABAg,1tnc3DNZfoc,아야츠노 유니,Ayatsuno Yuni,EVERYS,@Peace0608,현대 유니콘이 남아있었다면...,64,2026-06-16T10:02:19Z,17
UgyqyQuTmSaFc5CYaW14AaABAg,1tnc3DNZfoc,아야츠노 유니,Ayatsuno Yuni,EVERYS,@진홍까마귀,제발 여긴 오면 진짜 사람이 죽는다고. 지옥이라고,12,2026-06-16T09:47:09Z,27
UgzcNGxkKwWosfkbLk94AaABAg,1tnc3DNZfoc,아야츠노 유니,Ayatsuno Yuni,EVERYS,@acacia9078,"롯데는 언제나 뜨거워지는 팀이다⚾️











혈압으로 뜨거워지는 팀이다",6,2026-06-16T10:36:17Z,45
UgxZzyGREahae50RaUt4AaABAg,1tnc3DNZfoc,아야츠노 유니,Ayatsuno Yuni,EVERYS,@롤린이-p2r,썸네일 진짜 폭력적이네 ㅋㅋㅋㅋㅋㅋㅋ,9,2026-06-16T10:56:17Z,20
UgxU3SmV_xaqatlBHKZ4AaABAg,1tnc3DNZfoc,아야츠노 유니,Ayatsuno Yuni,EVERYS,@택커-w7j,롯데 무리! 롯데 무리! 롯데 무리 무리!,7,2026-06-16T13:56:40Z,23
UgxRDfIr3nfeXxn-JIB4AaABAg,1tnc3DNZfoc,아야츠노 유니,Ayatsuno Yuni,EVERYS,@답이없군,외쳐라 최강기아 한번 들으면 울겠구먼,7,2026-06-16T10:01:47Z,20
UgwQrXJpueieIqHM6J94AaABAg,1tnc3DNZfoc,아야츠노 유니,Ayatsuno Yuni,EVERYS,@ggiyatho,3:39 34년째 우승이 없는데 왜 최강이죠? 라고 물으면 안되겠죠?,10,2026-06-16T11:16:41Z,38
UgxdZbN12YzuyQQqqt94AaABAg,1tnc3DNZfoc,아야츠노 유니,Ayatsuno Yuni,EVERYS,@눈물나네,돌아다니다가 우연히 봤는데 이 분에게 전해주세요. 살아오면서 25년동안 롯데를 응원했지만 야구를 보기 힘들거라고 ㅇㅇ 답 안나오는 팀인데 ㅋㅋ,3,2026-06-17T05:43:21Z,79
Ugz45PHBkofRHi2jCCp4AaABAg,1tnc3DNZfoc,아야츠노 유니,Ayatsuno Yuni,EVERYS,@AAA1-y6m,지나가는 롯데팬입니다. 두번 생각하지말고 세번 다시 생각하세요. 열번도 넘게 생각하세요.,11,2026-06-16T10:04:46Z,49
UgykqHy8IF57VG84xP14AaABAg,1tnc3DNZfoc,아야츠노 유니,Ayatsuno Yuni,EVERYS,@크라-이오,롯데 응원하면 롯 돼...,9,2026-06-16T09:49:07Z,14
UgxHvNHBek26NqM0nFV4AaABAg,1tnc3DNZfoc,아야츠노 유니,Ayatsuno Yuni,EVERYS,@Stellive_kurimi_valo,9:05 모리가...,2,2026-06-16T23:00:19Z,11
UgyJvGS6zs1tiQ5aC-l4AaABAg,1tnc3DNZfoc,아야츠노 유니,Ayatsuno Yuni,EVERYS,@suelee2208,"유니유니야~ 롯팬으로 말하자면... 너가 오면 너무 너무 좋겠지만, 그 강은 건너지 마려무나 🤣
장점 하나 말해주자면 야구장 가서 응원하면 진짜 잼있어~ 근데 야구 안보고 응원만 해야 잼있어~",3,2026-06-16T11:24:56Z,107
Ugx3vgdHLwXmYyvtCqJ4AaABAg,w16uoVZpKqY,사키하네 후야,Sakihane Huya,EVERYS,@강찬식1,꼬리 파닥거리는 거 귀엽네,236,2026-07-28T22:02:47Z,14
Ugx3PsQTCpKPnmDzIPZ4AaABAg,w16uoVZpKqY,사키하네 후야,Sakihane Huya,EVERYS,@35p-ko.1바쿠에요,통통꼬리 살랑거리면서 폴짝폴짝 튀는 것 뿐이지만 나의 수십분이 사라젔다…,93,2026-07-28T22:26:28Z,40
Ugwjj1EbdP2Z1LdBBZp4AaABAg,w16uoVZpKqY,사키하네 후야,Sakihane Huya,EVERYS,@H0it2,"영어로 적힌글 해석본
방송은 오후5시 5(뒷내용 알수없음)

오늘 늦잠자서 이제일어남(의역이나 정황상 대충 맞음)

사실 어제 늦게 잠들었음(의역이나 정황상 대충 맞음)

그래도 노르마 뽑기(뒷내용 알수없음)

길게 쓰면 알아보지 못하겠지 (다소 의역)",358,2026-07-28T23:40:32Z,141
UgxEZCAmOhKddiAThWh4AaABAg,w16uoVZpKqY,사키하네 후야,Sakihane Huya,EVERYS,@냐냥-r3x-c5i,"저도 후야님이 좋습니다 ㅋㅋ
파닥거리는 통통꼬리도 좋습니다 ㅋㅋㅋ",12,2026-07-29T00:26:37Z,36
UgyycJyZF-QaBfzQGVx4AaABAg,w16uoVZpKqY,사키하네 후야,Sakihane Huya,EVERYS,@Inari2025,ㅋㅋㅋㅋㅋㅋ 사장님 상태가 왜 그래 ㅋㅋㅋ😅,6,2026-07-29T01:40:55Z,24
Ugyoj0Y2paadWmyZpcd4AaABAg,w16uoVZpKqY,사키하네 후야,Sakihane Huya,EVERYS,@Joshuatabi-0915,아 너무 귀여워,2,2026-08-01T14:21:56Z,8
UgxMwywyJVqtx4Gxput4AaABAg,w16uoVZpKqY,사키하네 후야,Sakihane Huya,EVERYS,@심심한_범부,통통꼬리 귀엽다😆,7,2026-07-28T22:28:53Z,9
Ugx9Z73hXbfcBoXlpPB4AaABAg,w16uoVZpKqY,사키하네 후야,Sakihane Huya,EVERYS,@뭘보뇨,아아ㅏ 아침부터 심장에 무리가,6,2026-07-28T22:26:12Z,16
UgykKbQY2sQQmLZiLSp4AaABAg,w16uoVZpKqY,사키하네 후야,Sakihane Huya,EVERYS,@zz1-e7v,단단 이리이리,6,2026-07-29T04:53:34Z,7
Ugxt7vuOOZp5rd4XdI94AaABAg,w16uoVZpKqY,사키하네 후야,Sakihane Huya,EVERYS,@신사적인바쿠,귀여운 후야님이 귀여운 그림체를 받고 귀여운곡까지 들리는데 그와중에 귀여운 통통꼬리또한 부각되니 이토록 귀여운 쇼츠가 또있을지 궁금할 정도군요. 물론 후야님은 매일매일이 귀엽긴 합니다만 이 쇼츠에선 노리고 귀여움을 뽐내기 때문에 이 말을 전하지 않을수가 없겠습니다. 귀여운 후야를 보니 대뷔때가 떠오르는군요. 대뷔때부터 귀엽다고 판단했습니다만 지금처럼 귀엽고 무해해질것이라곤 생각하지 못하였습니다. 역시 후야님은 귀여움에 대한 재능을 타고나신것 같군요. 저도 바쿠로써 후야님의 귀여움을 본받아 최대한 귀여워지도록 시도를 해보겠습니다. 감사합니다.,205,2026-07-28T22:22:30Z,305
UgwN0oGncFyqTXeAJaF4AaABAg,w16uoVZpKqY,사키하네 후야,Sakihane Huya,EVERYS,@마이_네임_이즈_바선생,통통꼬리가 다 살렷다 커여버,23,2026-07-29T01:49:19Z,15
UgyhSI6vZw25NrFjZqF4AaABAg,w16uoVZpKqY,사키하네 후야,Sakihane Huya,EVERYS,@He_황,통통꼬리는 유해할 수밖에 없는 거지요,8,2026-07-28T22:21:32Z,20
UgwAJ17eT43UiQaPClV4AaABAg,w16uoVZpKqY,사키하네 후야,Sakihane Huya,EVERYS,@후야와결혼생활-b3u,다들 귀엽다~ㅎㅎ,5,2026-07-29T03:51:34Z,9
Ugz5ruf4RGO80nonj9x4AaABAg,w16uoVZpKqY,사키하네 후야,Sakihane Huya,EVERYS,@핸들-k,후야는 사장님을 싫어한다 (날조 있나?),0,2026-07-30T03:18:44Z,22
UgwYWCvq-5VoqoOSifV4AaABAg,w16uoVZpKqY,사키하네 후야,Sakihane Huya,EVERYS,@YouTube-v7b,후야 너무귀여워요❤❤❤❤❤,3,2026-07-29T01:33:46Z,14
UgzxakAgv_3-xRAQsw94AaABAg,w16uoVZpKqY,사키하네 후야,Sakihane Huya,EVERYS,@ddeokdodook,좋아하시는 거에 꼬리 살랑살랑 움직이는 모습 진짜 귀여워요!,2,2026-07-28T22:23:39Z,33
UgzgWrGLNrBir_K0vaJ4AaABAg,w16uoVZpKqY,사키하네 후야,Sakihane Huya,EVERYS,@seeKer_HIDER,누가 이렇게 귀여우랬습니까 후야님...,1,2026-07-29T00:38:28Z,21
Ugwe86-W62AbVzaj5sd4AaABAg,w16uoVZpKqY,사키하네 후야,Sakihane Huya,EVERYS,@느엥밍뿡빵에휴뇨배추,아 통통꼬리 너무 귀엽고 ㅋㅋ,2,2026-07-29T07:04:43Z,16
UgzKWD2oSJPu8V3aq494AaABAg,w16uoVZpKqY,사키하네 후야,Sakihane Huya,EVERYS,@Force_Baku,보면 볼수록 입꼬리가 더 올라가는군ㅎㅎ,2,2026-07-29T00:41:14Z,21
UgwHr38ZDTcM6JUIaG94AaABAg,w16uoVZpKqY,사키하네 후야,Sakihane Huya,EVERYS,@마늘-purplegarlic,초카와이 마룡 또또 귀여운 쇼츠내서 바쿠들 홀리지,1,2026-07-28T22:47:30Z,27
UgzLmw8zOuZ6-IQHTB14AaABAg,w16uoVZpKqY,사키하네 후야,Sakihane Huya,EVERYS,@1heuglo686,ㅋㅋㅋㅋ 귀여워,2,2026-07-29T04:16:40Z,8
Ugxo3R2SDm9FLm2gX_N4AaABAg,w16uoVZpKqY,사키하네 후야,Sakihane Huya,EVERYS,@kurimi_pastel,아침부터 심장에 해로운걸 보다니..,0,2026-07-28T23:13:25Z,19
Ugy5qM3Ejc58w-SPI0B4AaABAg,w16uoVZpKqY,사키하네 후야,Sakihane Huya,EVERYS,@띨띨둘기-q2d,너무 귀여우세요❤,1,2026-07-29T08:01:25Z,9
UgxbvD33ssMlBWRb3nR4AaABAg,w16uoVZpKqY,사키하네 후야,Sakihane Huya,EVERYS,@우유맛푸딩-x4v,후야야 기여워 ㅠㅠ,0,2026-07-28T23:04:58Z,10
UgxQjoV4QrwMARmxEW14AaABAg,w16uoVZpKqY,사키하네 후야,Sakihane Huya,EVERYS,@스트레칭합시다,깡총깡총 갸귀엽넼ㅋ,2,2026-07-28T22:23:04Z,10
UgwfvSoUB_Ujgf8PkGZ4AaABAg,w16uoVZpKqY,사키하네 후야,Sakihane Huya,EVERYS,@지나가던환자,새벽부터 통통꼬리 귀엽고,0,2026-07-29T21:25:20Z,13
UgxSg1Vl8Yo5hMY3iW94AaABAg,w16uoVZpKqY,사키하네 후야,Sakihane Huya,EVERYS,@sadmilk9283,통통 꼬리 살랑거리는거 겁나 귀엽네ㅋㅋㅋㅋㅋㅋㅋ,1,2026-07-28T22:21:14Z,26
UgyXnKH-duPDlpmHOLJ4AaABAg,w16uoVZpKqY,사키하네 후야,Sakihane Huya,EVERYS,@DinoSRainbow,"후야님 넘 귀여워 죽겠어용 사랑해용♡♡
💕💗💘💖❤🧡💛💚💙💜🖤🤎🤍",0,2026-07-29T02:45:01Z,35
Ugwu3VtDsFXVgZl6gnx4AaABAg,w16uoVZpKqY,사키하네 후야,Sakihane Huya,EVERYS,@Loveairikanna,유행을 제일 잘아는 스텔라 1위,0,2026-08-01T10:47:11Z,17
UgyfCBkDBCZ1UlVxyJp4AaABAg,w16uoVZpKqY,사키하네 후야,Sakihane Huya,EVERYS,@리제를숭배하라,그긴거에 좋아하는 후야표정이...어흐,1,2026-07-29T02:07:53Z,20
UgzbORNay6t3hJIDo1p4AaABAg,w16uoVZpKqY,사키하네 후야,Sakihane Huya,EVERYS,@Visuki0116,통통꼬리마룡 귀여워,0,2026-07-28T22:57:30Z,10
UgzyYPwQjiw7k4dm2Qh4AaABAg,w16uoVZpKqY,사키하네 후야,Sakihane Huya,EVERYS,@refresh8577,이리 이리 요? ㅋ,3,2026-07-29T01:14:26Z,10
Ugx2mdAxcw0FrSnTTlV4AaABAg,w16uoVZpKqY,사키하네 후야,Sakihane Huya,EVERYS,@teaky58,와ㅏㅏㅏㅏ너무 귀여워요...!!,0,2026-07-28T23:15:32Z,17
UgwXj0uqJABh1vmC3R94AaABAg,w16uoVZpKqY,사키하네 후야,Sakihane Huya,EVERYS,@tuigumi,신나서 꼬리 좌우로 움직이는거 넘 귀엽네요,0,2026-07-28T22:16:50Z,23
Ugx5CoUB_oO3gX2fF2t4AaABAg,w16uoVZpKqY,사키하네 후야,Sakihane Huya,EVERYS,@misue946,"통통꼬리 꼬리라고 이름 붙힌 팬들도 센스 죽인다.
입에 착 붙네. 
거기다가 후유 모델링이 후야랑 딱 어울림. 표정도 잘쓰고",0,2026-07-29T01:30:06Z,69
Ugx0R9JhUPAwjWuYTsp4AaABAg,w16uoVZpKqY,사키하네 후야,Sakihane Huya,EVERYS,@짜증난다-f3w,이게 마룡이여 똥강아지여,1,2026-07-28T22:47:40Z,13
Ugy81Tzo2lx5FtXpoFV4AaABAg,w16uoVZpKqY,사키하네 후야,Sakihane Huya,EVERYS,@kishiro-sp6xl,후야 넘 긔여어ㅠㅠㅠㅠ❤❤,0,2026-07-28T23:24:45Z,14
UgzIeyhBCNshstqoG554AaABAg,w16uoVZpKqY,사키하네 후야,Sakihane Huya,EVERYS,@Snow_Flake_15,너무 귀엽고 사랑스러워요,0,2026-07-29T02:43:34Z,13
UgyRvA8sfjBvrl_8d-t4AaABAg,w16uoVZpKqY,사키하네 후야,Sakihane Huya,EVERYS,@평범한뿡댕이,꼬리 움직이는 거 너무 귀여워!!!!,0,2026-07-28T22:09:43Z,20
Ugym7Z7qpSX_KDlKha14AaABAg,w16uoVZpKqY,사키하네 후야,Sakihane Huya,EVERYS,@moonlight-s-t7,너무 귀엽당 ㅋㅋㅋㅋㅋㅋㅋ,0,2026-07-29T15:19:17Z,14
UgwdIEMpyHK0jjkDJPV4AaABAg,jeft__9y7ik,사키하네 후야,Sakihane Huya,EVERYS,@ddeokdodook,절대아기셔서 도망가실때도 예술적이네요!,445,2026-07-21T22:04:26Z,21
Ugxvzo8JbF4tSKwhUoJ4AaABAg,jeft__9y7ik,사키하네 후야,Sakihane Huya,EVERYS,@청달이,와 씨 분명 주접댓글 달려고 생각중이었는데 빅덩이 보고 머리가 하얘졌네;;,515,2026-07-21T22:04:35Z,41
UgwR2o4oJ1tpTHVlCEB4AaABAg,jeft__9y7ik,사키하네 후야,Sakihane Huya,EVERYS,@신사적인바쿠,'둘은 예술가지만 최강',127,2026-07-21T22:13:01Z,13
Ugzplbn9-KRnlVWsHGB4AaABAg,jeft__9y7ik,사키하네 후야,Sakihane Huya,EVERYS,@페토가되는거다,"방학날에 이런 선물을
잘먹겠습니다",574,2026-07-21T22:28:51Z,18
UgzzgsT7FsQ_KluZl4d4AaABAg,jeft__9y7ik,사키하네 후야,Sakihane Huya,EVERYS,@HOSHIN0_TENCY텐시,왜 계속 HAED HEAD HAED HEAD로 바뀌냐고 ㅋㅋㄲㅋㅋㅋㅋㅋㅋㅋㅋ,125,2026-07-21T23:18:08Z,42
Ugy3pTomYExSOblXcDJ4AaABAg,jeft__9y7ik,사키하네 후야,Sakihane Huya,EVERYS,@파스텔될꼬얌,'예술은 쓰레기다',42,2026-07-21T22:30:46Z,10
UgzopLb1sta54B7-NgR4AaABAg,jeft__9y7ik,사키하네 후야,Sakihane Huya,EVERYS,@후야를보면우는사이렌,???: 그대는 모라시티의 절대악에 관한 이야기를 알고있나? 그녀는 머리큰 조수와 함깨 도시를 하나의 예술 작품으로 만들려고 했지. 간악한 경찰들도 막을수도 없던 절대악을 우리는 숭배해야 되!,71,2026-07-21T22:10:21Z,107
UgyI2-g9K7dfUmMlQK94AaABAg,jeft__9y7ik,사키하네 후야,Sakihane Huya,EVERYS,@심심한_범부,"""절재악""의 보법이 다른 도주",9,2026-07-22T00:10:02Z,16
Ugzr-LOIYBYwuSWrdQl4AaABAg,jeft__9y7ik,사키하네 후야,Sakihane Huya,EVERYS,@히흐히흐히히,야랄대장 정타비와 그와 같이 야랄했던 정나나 그녀들과 통통꼬리와 머리큰놈,16,2026-07-22T00:37:14Z,40
UgwnegOdDwefVANOHr14AaABAg,jeft__9y7ik,사키하네 후야,Sakihane Huya,EVERYS,@불강이,뒤에 헤드님 귀엽네요,10,2026-07-21T23:59:23Z,11
UgwPoHIx32Yh7naD_Y14AaABAg,jeft__9y7ik,사키하네 후야,Sakihane Huya,EVERYS,@파치리스-l7v,헤드빅은 어찌하여 ㅋㅋㅋ,7,2026-07-22T02:34:15Z,13
UgyjNCw6yI8fqb40dpl4AaABAg,jeft__9y7ik,사키하네 후야,Sakihane Huya,EVERYS,@정따비-b5y,타비꺼 보고 이거 보니까 화가 풀리는 그냥 귀여운 마룡이네..,4,2026-07-27T12:03:32Z,34
UgwNrhvm1liQ6sbI5Kl4AaABAg,jeft__9y7ik,사키하네 후야,Sakihane Huya,EVERYS,@V1RGIL-VAN-DIJK,헤드형 일루왔 와바바밥바밧 ❤️❤️❤️❤️❤️❤️❤️❤️❤️❤️❤️❤️❤️❤️❤️❤️,6,2026-07-22T06:30:54Z,47
Ugx21v-U5dXKXdoW0cF4AaABAg,jeft__9y7ik,사키하네 후야,Sakihane Huya,EVERYS,@999masijjyeong,큰머리 침투력 뭐야 ㅋㅋ,3,2026-07-22T00:51:50Z,13
UgxQFaLop9dbGrhkpxl4AaABAg,jeft__9y7ik,사키하네 후야,Sakihane Huya,EVERYS,@HIRAM_,빅헤드 개귀엽네 ㅋㅋㅋㅋ 머리 복복 하고싶다,43,2026-07-21T23:07:13Z,24
UgyIc_pBEj7tpnbkAjN4AaABAg,jeft__9y7ik,사키하네 후야,Sakihane Huya,EVERYS,@도토리-i1z,헤드님 엄청 귀엽게 나오시네 ㅋㅋㅋㅋㅋㅋㅋ 너무 귀엽다 ㅋㅋㅋㅋㅋㅋㅋ,3,2026-07-22T02:41:42Z,38
UgypnpwzY2IfkxJihCl4AaABAg,jeft__9y7ik,사키하네 후야,Sakihane Huya,EVERYS,@He_황,방학이어서 뭘해도 너무 좋은 바쿠들이면 개추 ㅋㅋ,2,2026-07-22T01:51:43Z,27
Ugz2mR8o2iciy8W7cf14AaABAg,jeft__9y7ik,사키하네 후야,Sakihane Huya,EVERYS,@DinoSRainbow,"후야님 귀여운쇼츠 고마워용 사랑해용!♡
💕💗💘💖❤🧡💛💚💙💜🖤🤎🤍",1,2026-07-22T02:35:26Z,35
UgxY-YvybmrI1bS2T_R4AaABAg,jeft__9y7ik,사키하네 후야,Sakihane Huya,EVERYS,@moonlight-s-t7,"헤드님 ㅋㅋㅋㅋㅋㅋㅋㅋㅋㅋㅋ
진짜 너무 귀엽다 ㅋㅋㅋㅋㅋㅋㅋㅋ",1,2026-07-22T12:04:10Z,34
UgxbqKpXBqyfnRDkqPZ4AaABAg,jeft__9y7ik,사키하네 후야,Sakihane Huya,EVERYS,@akshxjsl3220,빅씨 졸귀탱,2,2026-07-21T22:27:11Z,6
UgzVtn0EwV4J9AwEebx4AaABAg,jeft__9y7ik,사키하네 후야,Sakihane Huya,EVERYS,@연화바쿠,"모라하지마 서버 생각나고 너무 좋네요!
후야 너무 귀엽고 예쁘다~",2,2026-07-22T02:32:36Z,36
UgwQGd3dwXhHDa69hvl4AaABAg,jeft__9y7ik,사키하네 후야,Sakihane Huya,EVERYS,@Saturn-l8q,헤드님 나올때 뒤에 후야도 있네ㅋㅋ,1,2026-07-24T00:24:55Z,19
Ugzi0yHL2yImwqWtFVJ4AaABAg,jeft__9y7ik,사키하네 후야,Sakihane Huya,EVERYS,@뱀늘이-w5v,"예술적이네요 ....






후지기ㅣ",2,2026-07-21T23:11:47Z,22
UgxknY5D7NzNwOuDWll4AaABAg,jeft__9y7ik,사키하네 후야,Sakihane Huya,EVERYS,@Wedjfssn,"이거 모라하지마 서버에서 있었던걸 재미있게 그리셧내요.
후야님과 빅헤드님 너무 귀엽개 나왔다.",1,2026-07-22T01:49:19Z,52
Ugxs-R3eKHee5n-SyQN4AaABAg,jeft__9y7ik,사키하네 후야,Sakihane Huya,EVERYS,@느엥밍뿡빵에휴뇨배추,빅헤드랑 유니중에 누가 모리가 큼?,3,2026-07-22T09:09:29Z,19
UgyVj4hG2_2X4ug_7uZ4AaABAg,jeft__9y7ik,사키하네 후야,Sakihane Huya,EVERYS,@바황-0707,저 둘이 모이면 광장엔 쓰레기 더미로 만든 예술작품이 만들어진다.그렇다 그둘이 모이면 도시는 예술관으로 변한다,1,2026-07-22T02:45:39Z,61
UgyYXIVuKA_Eqz7JGIp4AaABAg,jeft__9y7ik,사키하네 후야,Sakihane Huya,EVERYS,@YouTube-v7b,후야 너무귀여워요❤❤❤❤❤,1,2026-07-22T02:36:38Z,14
UgwAx-VR8loDzUTKWFh4AaABAg,jeft__9y7ik,사키하네 후야,Sakihane Huya,EVERYS,@나나가너무좋아요,진짜 개열받는다 ㅋㅋㅋㅋㅋㅋㅋㅋ,0,2026-07-24T12:44:50Z,17
UgyOffJX8ezmFB0IJrJ4AaABAg,jeft__9y7ik,사키하네 후야,Sakihane Huya,EVERYS,@정타비앞니사냥꾼,진짜 후커퀸이랑 머리크랫 ㅋㅋㅋㅋㅋ,1,2026-07-22T02:10:05Z,19
Ugxma_jSOjuYrrX5-L94AaABAg,jeft__9y7ik,사키하네 후야,Sakihane Huya,EVERYS,@스텔밤시청,아침부터 눈호강해주는 후야..,0,2026-07-21T22:05:37Z,16
UgzpX6qTPzFfxADK4EJ4AaABAg,jeft__9y7ik,사키하네 후야,Sakihane Huya,EVERYS,@뿡빵띠-f5f,떨어지는 후야님을 들어서 으...으흐흐흐..ㅎ흐ㅡ흐,0,2026-07-22T15:02:20Z,28
UgxsZDG2vsWM7f5tomR4AaABAg,jeft__9y7ik,사키하네 후야,Sakihane Huya,EVERYS,@kishiro-sp6xl,"후야 너무 귀여워...❤

근데 빅헤드 뭔데ㅋㅋㅋㅋㅋㅋㅋㅋㅋㅋㅋㅋㅋㅋ",0,2026-07-21T22:49:48Z,38
UgzIIC9fSNEAypTtEVt4AaABAg,jeft__9y7ik,사키하네 후야,Sakihane Huya,EVERYS,@cent00468,ㅋㅎㅋㅎㅋ 아 귀여워  말랑 쫀득하네,0,2026-07-22T06:49:47Z,20
UgzM-ig-AtSTqLA757p4AaABAg,jeft__9y7ik,사키하네 후야,Sakihane Huya,EVERYS,@애취,아 빅해드 나와!!!!!!!!!!,1,2026-07-22T21:18:44Z,18
UgxHhBB3MUXLkHgLgzh4AaABAg,jeft__9y7ik,사키하네 후야,Sakihane Huya,EVERYS,@non-ANTI,"중간중간에 빅헤드 님 오른쪽 안경에
HEAD 랑 HAED가 있는데 의도된건가요 ㅋㅋㅋ",0,2026-07-22T03:48:44Z,47
UgxbZRwInGQaOTA4LQF4AaABAg,jeft__9y7ik,사키하네 후야,Sakihane Huya,EVERYS,@Dr삡삐,아침부터보는 후야쇼츠,0,2026-07-21T22:04:13Z,11
UgxkSuZVyIl_adTU6Dh4AaABAg,jeft__9y7ik,사키하네 후야,Sakihane Huya,EVERYS,@박태환-g7f,타비 표정이ㅋㅋㅋㅋ,1,2026-07-22T06:00:52Z,10
Ugw27gIA1sCh1l1U0bJ4AaABAg,jeft__9y7ik,사키하네 후야,Sakihane Huya,EVERYS,@nanakona1016,빅헤드님 너무 귀여운데,1,2026-07-21T22:05:07Z,12
Ugzgiw6g2miF2gig9rl4AaABAg,jeft__9y7ik,사키하네 후야,Sakihane Huya,EVERYS,@대두여도사랑한다,절대아기ㄷㄷ,2,2026-07-22T02:55:44Z,6
UgwfXsuN37FZF3yP2JV4AaABAg,jeft__9y7ik,사키하네 후야,Sakihane Huya,EVERYS,@냐냥-r3x-c5i,ㅋㅋ 후야야 너무 ㄱㅇㅇ ㅋㅋ,0,2026-07-22T00:53:09Z,16
UgzZttMY0YQf1tjN9gd4AaABAg,VITNdv2ZywY,사키하네 후야,Sakihane Huya,EVERYS,@메가라임-i6z,"0:05 ""사실 하나~ 둘 말고 적절한 표현이 없어서 하나 둘이지만 셋둘하나 느낌 아닐까요 근데 자막에 셋둘하나 쓰기엔 좀 과하지 않나 아무튼 그러네요""
자막마저 후야님과 어울리는 ㅋㅋㅋㅋㅋ",350,2026-07-07T11:53:35Z,106
UgxM-BlckSyQLvnhfel4AaABAg,VITNdv2ZywY,사키하네 후야,Sakihane Huya,EVERYS,@신사적인바쿠,"누군가 후야가 청초가 아니라고 한들, 바쿠에게는 영원한 청초로 남을것이니...
생일 축하합니다!💜🎂🎉",446,2026-07-07T11:37:57Z,56
UgzWLatvTCf6buEmA7F4AaABAg,VITNdv2ZywY,사키하네 후야,Sakihane Huya,EVERYS,@pongdang03,"노래 가사가 생일 까먹었네 이 가사여서 뭔가 오늘이랑 딱 어울리네요 ㅋㅋ
재밌는 하루 기억에 새기고 즐겁게 앞으로도 같이 보내봐요!! 행복한 하루에요~",106,2026-07-07T11:37:02Z,84
Ugy3CSmquNGH-hbQBQR4AaABAg,VITNdv2ZywY,사키하네 후야,Sakihane Huya,EVERYS,@명조사랑단띵순,ㅎㅎㅎ 후야는 노래 부를 때 또박또박 야무지게 잘 불러서 너무 귀여움,30,2026-07-08T15:31:18Z,38
UgwSny3-B6CpvrBT2gV4AaABAg,VITNdv2ZywY,사키하네 후야,Sakihane Huya,EVERYS,@triangletuna,0:06 순간 뭐 나왔다가 사라지길래 봤더니 어김없이 그 긴거...,51,2026-07-07T14:54:45Z,37
UgxuCCya7SxNsTUoT-B4AaABAg,VITNdv2ZywY,사키하네 후야,Sakihane Huya,EVERYS,@샤론97,와.. 후야가 왜 스텔 들어왔는지 이해됐다. 목소리가.. 벽이다 압도적인 벽.. 엄청나네,6,2026-07-27T17:32:39Z,49
UgzuZOKAi8DjfzQvX5V4AaABAg,VITNdv2ZywY,사키하네 후야,Sakihane Huya,EVERYS,@파스텔과쿠리미,"생일 축하해!!
스텔라이브로 우리에게 와줘서 고마워!!
후야옆에는 항상 바쿠가 있을테니 언제나 지켜보고 있을게🥳🎉🎊",10,2026-07-07T13:21:18Z,64
UgzAXJEADedm182NHIh4AaABAg,VITNdv2ZywY,사키하네 후야,Sakihane Huya,EVERYS,@느엥밍뿡빵에휴뇨배추,후야야 생일축하해!!!!!!!!!!!!!!! 아 진짜 너무 귀여워서 한입 먹고싶네,2,2026-07-09T06:26:40Z,45
UgwEM-lnlThKvoKpYWh4AaABAg,VITNdv2ZywY,사키하네 후야,Sakihane Huya,EVERYS,@던붕던붕이,"진짜 후야가 강지 약점 쥐고있는거아니냐 
나오는 뮤비마다 퀄리티 지리네 ㅋㅋ",16,2026-07-07T13:03:34Z,42
Ugym29BYsnQrrBOnqyR4AaABAg,VITNdv2ZywY,사키하네 후야,Sakihane Huya,EVERYS,@사나이정바쿠,"후야 생일인데 바쿠에게 이런 쫀득귀염한 선물을 주시다니..!
누구보다 행복하고 즐거운 생일 보내길 바래요
앞으로도 잔뜩 축하해줄거야!!",1,2026-07-07T11:36:04Z,75
Ugy-SoKCX33aPp44m094AaABAg,VITNdv2ZywY,사키하네 후야,Sakihane Huya,EVERYS,@astriaori,"후야님은 푸른 하늘의 랩소디도 그렇고
잘 모르는 귀여운 노래들 불러줘서 좋음
개쩌는 파인다이닝 사이 섞어있는 입에서 살살 녹는 맛있는 디저트 먹는 느낌",4,2026-07-09T02:31:57Z,84
Ugy1mQGAmIwZsz8ujwZ4AaABAg,VITNdv2ZywY,사키하네 후야,Sakihane Huya,EVERYS,@4pple_Pine,0:06 자막에 귀여운 근긴거,6,2026-07-07T11:55:15Z,16
UgzMyo01iiDPCB8EliJ4AaABAg,VITNdv2ZywY,사키하네 후야,Sakihane Huya,EVERYS,@리리-v3h,후야 생일축하해 쭉 바쿠들과 함께 행복하자💜💜,7,2026-07-07T11:35:19Z,25
UgyhT_lIo5quXS-8OZl4AaABAg,VITNdv2ZywY,사키하네 후야,Sakihane Huya,EVERYS,@user-GomMoon,"스텔라이브의 후야로써 맞는 첫 생일 정말 축하해!
너무너무 귀여운 커버곡 선물 고마워!
앞으로 함께 할 날들이 정말 기대된다~ 언제나 화이팅!",2,2026-07-07T13:43:24Z,79
Ugz4P8Q2UFr7mG9Iex94AaABAg,VITNdv2ZywY,사키하네 후야,Sakihane Huya,EVERYS,@dontworry-everyone,진심 개귀여워서 매일 듣는다 어카냐 후야야,4,2026-07-08T19:01:34Z,23
UgwcECV_DmF77zys5jl4AaABAg,VITNdv2ZywY,사키하네 후야,Sakihane Huya,EVERYS,@frostyday17,생일 축하해요 후야야!! 바쿠들한테 잔뜩 축하 받았는데 행복한 하루였기를 바래요 진짜 쫜득하게 불러줘서 너무 좋고 선물 줘서 고마워요~ 앞으로도 잘 부탁해요!! 사랑해 💜,9,2026-07-07T11:39:59Z,95
UgxmJHyoUpBa5zAtopF4AaABAg,VITNdv2ZywY,사키하네 후야,Sakihane Huya,EVERYS,@HebiHebii,후야까진 청초맞음ㅇㅇ,3,2026-07-07T13:13:16Z,11
UgwO2vemT1SVFYxdEp14AaABAg,VITNdv2ZywY,사키하네 후야,Sakihane Huya,EVERYS,@포로리야_아,"후야야 생일 축하해요🥳🥳
열심히 준비해줘서 너무너무 즐거운 하루였어요!!
앞으로도 잘부탁해요🥰",2,2026-07-07T12:40:07Z,52
UgwSvfjGaEPlSnv053Z4AaABAg,VITNdv2ZywY,사키하네 후야,Sakihane Huya,EVERYS,@kyun_81,"후야 생일 너무 축하해요~ 
생일날인데도 이렇게 좋은 선물 너무 고맙구
앞으로도 같이 행복하게 보내요!!",2,2026-07-07T14:09:39Z,58
UgywCvcqJAAcEnfPmsl4AaABAg,VITNdv2ZywY,사키하네 후야,Sakihane Huya,EVERYS,@kishiro-sp6xl,"생일 축하해 후야야!! 커버곡 선물도 너무 고맙고, 바쿠들도 항상 곁에서 응원할게❤",3,2026-07-07T19:20:29Z,46
Ugxam-tQl71OtFx7dDt4AaABAg,VITNdv2ZywY,사키하네 후야,Sakihane Huya,EVERYS,@explore.space0,후야야야 스텔라이브에서의 첫번째 생일 축하해 ♡♡ 사랑해 내 용 ㅜㅡㅜ..,2,2026-07-07T21:02:22Z,41
UgwR7m9nCqnTdCifKkt4AaABAg,VITNdv2ZywY,사키하네 후야,Sakihane Huya,EVERYS,@유림이-x8d,후야야 생일 축하해💜 너무 고마워,3,2026-07-07T12:52:03Z,18
UgwTP2DfSAnPOC6Xxvd4AaABAg,VITNdv2ZywY,사키하네 후야,Sakihane Huya,EVERYS,@용욱-n5x,후야야 첫 생일 축하해~~,3,2026-07-07T11:04:44Z,14
UgxbZ_zsusRlBmoK0qZ4AaABAg,VITNdv2ZywY,사키하네 후야,Sakihane Huya,EVERYS,@kkobee13,"후야 스텔라이브에서 첫 번째 생일 축하해요!!!
노래도 너무 잘 어울려요 후야
영상도 너무 이쁘고 앞으로도 행복한 추억 많이 만들어요!!",5,2026-07-07T19:35:23Z,76
Ugw2p6zTUP-dCauETSp4AaABAg,VITNdv2ZywY,사키하네 후야,Sakihane Huya,EVERYS,@cent00468,생일은 자기들이면서 항상 파스텔들한테 선물을줘.. 너무 고맙구 생일축해하 후야아~,6,2026-07-07T11:50:01Z,45
UgzGH0SafLEFpBmrUqR4AaABAg,VITNdv2ZywY,사키하네 후야,Sakihane Huya,EVERYS,@Bineur,"후야, 생일 축하해!!",1,2026-07-07T13:24:46Z,12
UgxcC7hcC9Ci7ekB9gJ4AaABAg,VITNdv2ZywY,사키하네 후야,Sakihane Huya,EVERYS,@빚과소금-q6d,후야님 스텔라이브에 와줘서 고마워요~ 생일 축하해요^^,3,2026-07-07T11:39:21Z,30
Ugwq1b0wdrb_nJCcKKl4AaABAg,VITNdv2ZywY,사키하네 후야,Sakihane Huya,EVERYS,@호서123,사키하네 영애의 생일을 진심으로 축하드립니다~ 커버곡도 너무 좋고 생일 방송도 재밌었어요! 생일 굿즈도 편입생인 후야님의 공백을 향수와 얼빡쿠션을 통해 조금이라도 채우려고 해주신게 너무 좋은 것 같아요.. 항상 바쿠 생각해주고 즐겁게 해주는 우리 후야넴 사랑해요!! 💜🎉,5,2026-07-07T16:30:30Z,151
UgyjzwEuLyL1bu2Pe_h4AaABAg,VITNdv2ZywY,사키하네 후야,Sakihane Huya,EVERYS,@Heena_1001,"후야야 잘부탁하고 우리곁애 와준거 고마워- 
후야후야 생일 축하해! 
생일 커버곡 진짜 너무 좋아!",3,2026-07-07T12:38:54Z,55
UgxeN4ldhUbZid-bGUt4AaABAg,VITNdv2ZywY,사키하네 후야,Sakihane Huya,EVERYS,@kimchioverdose2278,"쫀득한 노래라더니 바쿠 빵뎅이조차 쫀득하네 ㅋㅋㅋ
생일날 너무 좋은 선물 줘서 고마워요!",3,2026-07-07T11:36:16Z,49
UgzCIi5hCXxmxg_k6qB4AaABAg,VITNdv2ZywY,사키하네 후야,Sakihane Huya,EVERYS,@zard4088,후야님의 생일 축하해요! 이대로만 갑시다 쭉!,4,2026-07-07T11:42:49Z,25
UgwtvlJKK59q_Km6eIV4AaABAg,VITNdv2ZywY,사키하네 후야,Sakihane Huya,EVERYS,@나만고양이없어-w9e,"후야야는 어떻게 항상 본인한테 이렇게 잘 어울리는 노래를 잘 찾아오는지 모르겟다..,,, 사랑하구 생일축하해애",15,2026-07-07T11:47:12Z,61
UgzthJxgPyBZLR34UbZ4AaABAg,VITNdv2ZywY,사키하네 후야,Sakihane Huya,EVERYS,@codma4222,🎉후야야 생일 정말 축하해 🎉,3,2026-07-07T12:42:34Z,16
UgzArZ9XZKu22vDWQoh4AaABAg,VITNdv2ZywY,사키하네 후야,Sakihane Huya,EVERYS,@청화-g2c,"후야의 첫번째 생일을 함께 축하 할 수 있어서 정말 다행이야.
이 첫번째 걸음이 앞으로도 계속해서 걸을 수 있었으면 좋겠어
생일 축하해 우리곁에 와줘서 고마워",81,2026-07-07T11:34:34Z,88
UgydeceujhXsvo7Yqi54AaABAg,VITNdv2ZywY,사키하네 후야,Sakihane Huya,EVERYS,@책,후야의 생일을 축하합니다🎉❤,2,2026-07-07T13:00:12Z,15
UgyqybzH16i6tdMbBRV4AaABAg,VITNdv2ZywY,사키하네 후야,Sakihane Huya,EVERYS,@rlawlgnsdlqslek,생일 축하해  후야야~🎉,2,2026-07-07T13:17:26Z,13
Ugyw7rCFSV0OmfZOs_J4AaABAg,VITNdv2ZywY,사키하네 후야,Sakihane Huya,EVERYS,@HY0502,9쨜 후아가 배방구 아르르르르,6,2026-07-07T15:50:20Z,16
UgzyAcJzVPUNkB_5_n54AaABAg,VITNdv2ZywY,사키하네 후야,Sakihane Huya,EVERYS,@집중과선택-l3y,후야님 오늘 생일 너무 축하드립니다!,2,2026-07-07T12:41:57Z,20
UgyjPjx95ggJDBf2PMp4AaABAg,VITNdv2ZywY,사키하네 후야,Sakihane Huya,EVERYS,@너두마우,후야야 생일 축해,2,2026-07-07T13:22:52Z,9
UgzbhGPOkKfP1VGnOWZ4AaABAg,VITNdv2ZywY,사키하네 후야,Sakihane Huya,EVERYS,@녹선멀,생일 축하해 후야야,2,2026-07-07T13:13:24Z,10
Ugw4hMNqdSBCNnbL_ap4AaABAg,IVDQWVfrKwA,사키하네 후야,Sakihane Huya,EVERYS,@heelsi-1,사장이랑 다이다이 깨면 15강지까지 불러올수 있는 유일한 존재,731,2026-06-30T22:43:19Z,34
UgwQc5hEm0DvuV8eJxF4AaABAg,IVDQWVfrKwA,사키하네 후야,Sakihane Huya,EVERYS,@강찬식1,2000살은 안산의 왕을 아르르르르 할 수 있구나,261,2026-06-30T22:22:24Z,27
UgwPOF4oJiVSDdfuaY14AaABAg,IVDQWVfrKwA,사키하네 후야,Sakihane Huya,EVERYS,@jsi789,"강아가 아르르르르르
후아가 아르르르르르",469,2026-06-30T22:55:53Z,21
UgwVXcdhsYndNBR0AGd4AaABAg,IVDQWVfrKwA,사키하네 후야,Sakihane Huya,EVERYS,@딥다-u6f,강지 : 머라 중얼 거리는거야,100,2026-07-01T03:36:55Z,16
UgyRqaZowUYNB3-x6hV4AaABAg,IVDQWVfrKwA,사키하네 후야,Sakihane Huya,EVERYS,@백혜아,유일한 감자 카운터 가능성이 높은 마룡,346,2026-07-01T00:14:58Z,21
Ugzd9rBjvPQ_9Dq0D354AaABAg,IVDQWVfrKwA,사키하네 후야,Sakihane Huya,EVERYS,@JJJ_Edits0627,사장도 못막는 마룡 ㄷㄷ,69,2026-06-30T22:33:55Z,13
Ugwd_EbSEwAyTHS_pXR4AaABAg,IVDQWVfrKwA,사키하네 후야,Sakihane Huya,EVERYS,@CHUNGHA-AZ,역시 2천살 강도단 ㅋㅋㅋㅋㅋㅋㅋㅋㅋㅋㅋ,42,2026-07-01T01:22:50Z,22
Ugz8pTedXF7EVqHUMzB4AaABAg,IVDQWVfrKwA,사키하네 후야,Sakihane Huya,EVERYS,@황스타피,후야 할 거 다하고 그런 말하면 안돼요~~ 하는게 ㅈㄴ 웃김ㅋㅋㅋ그런김에 또 못참겠다 강아가 arrrrrrrr,35,2026-07-01T04:03:22Z,61
UgwFDdAej38AI5Eo6z54AaABAg,IVDQWVfrKwA,사키하네 후야,Sakihane Huya,EVERYS,@슈라-o3b,마룡이 하늘에 서겠다,54,2026-06-30T22:47:28Z,11
UgxsT1wlxDWiXL2A0554AaABAg,IVDQWVfrKwA,사키하네 후야,Sakihane Huya,EVERYS,@soko_o_doke,강지 후야랑 있으면 진짜 친구같긴 함 사장님에서 살짝 내려옴,31,2026-07-01T11:56:04Z,33
Ugy8lnoz-i3zFYcHb8h4AaABAg,IVDQWVfrKwA,사키하네 후야,Sakihane Huya,EVERYS,@그저파스텔인짱똘,2천년의 마룡은 무서울게 많지만 강지를 잘 다룬다,183,2026-06-30T22:15:52Z,27
UgwHpcL_J-0qMrUEb_B4AaABAg,IVDQWVfrKwA,사키하네 후야,Sakihane Huya,EVERYS,@gofl230,후야가 1년 선배긴 하지 허허,10,2026-07-01T01:39:14Z,16
Ugwpa7mlXgOJnNmyfGx4AaABAg,IVDQWVfrKwA,사키하네 후야,Sakihane Huya,EVERYS,@franticghost108,진짜 아무리봐도 거프랑 센고쿠같은 관계 아니냐,8,2026-07-05T08:35:36Z,25
UgzXHqeORDC3EGTiUCx4AaABAg,IVDQWVfrKwA,사키하네 후야,Sakihane Huya,EVERYS,@35p-ko.1바쿠에요,"강아가 아르르르 후아가 아르르르
두사람은 유명한 아가임",10,2026-07-01T01:38:13Z,30
Ugzl6WoKlalwaO-cQuJ4AaABAg,IVDQWVfrKwA,사키하네 후야,Sakihane Huya,EVERYS,@ddeokdodook,아가들이 서로 아가로 보는게 진짜 귀여워요!,64,2026-06-30T22:27:35Z,24
UgzUW8a1hb4Uhb_PzC94AaABAg,IVDQWVfrKwA,사키하네 후야,Sakihane Huya,EVERYS,@ppuday,정후야 파티애니멀즈로 따라와,7,2026-07-01T22:29:49Z,15
UgzT-zKpUPN3r0ew2oR4AaABAg,IVDQWVfrKwA,사키하네 후야,Sakihane Huya,EVERYS,@rexipher,이 그림체가 음흉한 표정 너무 찰떡이에요 ㅋㅋㅋ 특히 후야님한테 더 잘어울리는듯,6,2026-07-01T08:05:34Z,44
Ugznllmo5R8F-gRQ2z94AaABAg,IVDQWVfrKwA,사키하네 후야,Sakihane Huya,EVERYS,@min.j_fartlek,아니 근데 왜 강지님까지 후야 그림체로 ㅋㅋㅋㅋㅋㅋ,5,2026-07-01T02:09:45Z,28
UgzUlo_QQr1m7pxj-Ut4AaABAg,IVDQWVfrKwA,사키하네 후야,Sakihane Huya,EVERYS,@djskxosms,유일하게 15강지와 대적할 수 있는 멤버,1,2026-07-24T00:33:55Z,22
UgxAIWk8HZIEHLy0uYV4AaABAg,IVDQWVfrKwA,사키하네 후야,Sakihane Huya,EVERYS,@귀여워요햄스터님,강아가! 스타로 따라와!,6,2026-06-30T23:05:13Z,13
UgzPrhb6EPe4mVG-qz94AaABAg,IVDQWVfrKwA,사키하네 후야,Sakihane Huya,EVERYS,@refresh8577,치료가 필요하다면..현실에서도..가능이...조심...크앙,6,2026-06-30T23:15:38Z,31
UgwPZCgGiHGaFbB0yrV4AaABAg,IVDQWVfrKwA,사키하네 후야,Sakihane Huya,EVERYS,@체대입시하는페토0313,2000년정도 잘면 강아가를 잘 다룰수있구나.. 나도 2000살이 될수있도록 건강하게 살아야지!,4,2026-06-30T22:35:52Z,53
Ugz4Cn0qaLhzTuJiFiJ4AaABAg,IVDQWVfrKwA,사키하네 후야,Sakihane Huya,EVERYS,@사탄-c9p,강지를 아가취급 할 수 있는 유일한 마룡,14,2026-07-01T00:23:51Z,22
UgxnpJA-Q0NFttqFEGx4AaABAg,IVDQWVfrKwA,사키하네 후야,Sakihane Huya,EVERYS,@Force_Baku,강아가 아르르르르~~ㅋㅋㅋ,4,2026-07-01T04:46:22Z,14
UgxKTwkxPzql9zasEzd4AaABAg,IVDQWVfrKwA,사키하네 후야,Sakihane Huya,EVERYS,@진룡검,아가에게 아가가,3,2026-06-30T23:55:28Z,8
Ugw8QDDS8Dm02fuEquR4AaABAg,IVDQWVfrKwA,사키하네 후야,Sakihane Huya,EVERYS,@ぴせ-o3q,감자라면 후야가 주접 떠는 거 속으로는 엄청 좋아할 것 같은데ㅋㅋㅋㅋㅋ 아무래도 유우명하고 유구한 후야러버시잖아요,0,2026-07-16T16:40:02Z,63
UgzZfG2s9w2gM-kQSRd4AaABAg,IVDQWVfrKwA,사키하네 후야,Sakihane Huya,EVERYS,@르황,강아가 커엽긴해,3,2026-06-30T22:18:04Z,8
UgxSfPDjjQc3iwwunzN4AaABAg,IVDQWVfrKwA,사키하네 후야,Sakihane Huya,EVERYS,@Sunam_Lee,강아가는 어쩔 수 없지...,2,2026-06-30T22:32:06Z,15
Ugy_wLiwSB_OFI38Ru94AaABAg,IVDQWVfrKwA,사키하네 후야,Sakihane Huya,EVERYS,@마황-222,스텔라이브는 걍 강육수임 ㅋㅋ,2,2026-06-30T22:15:54Z,16
UgwsngapX8WQdhkF5fV4AaABAg,IVDQWVfrKwA,사키하네 후야,Sakihane Huya,EVERYS,@정방개-w9w,오오키네 후야~,2,2026-06-30T23:41:03Z,8
Ugx-jEgsy-N1qYFeCI14AaABAg,IVDQWVfrKwA,사키하네 후야,Sakihane Huya,EVERYS,@하늘깃_Kor,강아가 귀여워 죽겠네 정말 ❤❤❤,1,2026-07-03T03:25:49Z,18
UgwzXYQcCM0YhQmSGrJ4AaABAg,IVDQWVfrKwA,사키하네 후야,Sakihane Huya,EVERYS,@YouTube-v7b,후야 너무예뻐요❤❤❤❤❤,2,2026-07-01T04:01:50Z,13
UgyCEt9bAh_YPaYT0_h4AaABAg,IVDQWVfrKwA,사키하네 후야,Sakihane Huya,EVERYS,@tuigumi,"사장님 신의상 완전 이뻐요
강아가 아르르르르",1,2026-06-30T22:17:01Z,24
UgyodsEhjrKEw0hipCt4AaABAg,IVDQWVfrKwA,사키하네 후야,Sakihane Huya,EVERYS,@Pa._.stella10-v4u,15강지에 맞설 수 있는 유일한 호적수 용언풀린 후야...ㅋㅋㅋㅋㅋㅋㅋㅋ,0,2026-07-24T03:13:42Z,40
Ugyrd5CQzaiCw1GJFlN4AaABAg,IVDQWVfrKwA,사키하네 후야,Sakihane Huya,EVERYS,@Hell_Dust-Buhnerman,감자 사장님 덕질하는 후야... 통통꼬리가 참 귀엽군요. -~-.,0,2026-07-18T07:45:52Z,36
UgyfPMPyLrqmbybHifx4AaABAg,IVDQWVfrKwA,사키하네 후야,Sakihane Huya,EVERYS,@mr-vx6vi,아르르르까지 하면 그날부로 마룡(였던 것) 될거에요 후야님,0,2026-07-07T05:00:01Z,32
UgxxuvsKvYp88sMHnsR4AaABAg,IVDQWVfrKwA,사키하네 후야,Sakihane Huya,EVERYS,@k란밍,그쵸 예수님과 동년배인 마룡인디 무서울게 뭐가 있겠어요😂😂,0,2026-07-03T06:56:24Z,32
UgxNn2nb_rseiUWUdWJ4AaABAg,IVDQWVfrKwA,사키하네 후야,Sakihane Huya,EVERYS,@H3lin,이후.. 갑자기 마리색이 예전으로 돌아가는 사장님..,0,2026-08-04T23:46:35Z,29
Ugx_BFVsRx4IGanyOKx4AaABAg,IVDQWVfrKwA,사키하네 후야,Sakihane Huya,EVERYS,@00boinda,강아가와 후야가😊,0,2026-07-01T00:12:16Z,9
UgzhVbM5jnhQMhEmC094AaABAg,IVDQWVfrKwA,사키하네 후야,Sakihane Huya,EVERYS,@kuIre-1kr,사장님을 괴롭히는게 사장 위에 서겠다랑 뭐가 다르니 후야후야야....,0,2026-07-03T13:02:40Z,38
UgwacE9ETNTkwkm8oxp4AaABAg,lR8FEwEnuqk,시라유키 히나,Shirayuki Hina,UNIVERSE,@피황_sss,공주의 필사적인 짖기.. 얼마나 시달리고 있는지 감도 안옴...,2045,2026-07-15T06:17:42Z,35
UgyLK6Ggc5hewOvJW4p4AaABAg,lR8FEwEnuqk,시라유키 히나,Shirayuki Hina,UNIVERSE,@noname-y6-e3u,"아니, 다른 건 모르겠고 퉷 할 때 뭐가 지나가나 했더니 그거 맞으러 가는 해둥이였냐고 ㅋㅋㅋㅋㅋㅋ 그 와중에 또 감사하대",1173,2026-07-15T06:27:07Z,68
UgxYCVODG3BuKPhRlj54AaABAg,lR8FEwEnuqk,시라유키 히나,Shirayuki Hina,UNIVERSE,@사랑한다하나코나나,히나의 개소리(진짜임)이 잊혀지지않음...,916,2026-07-15T06:42:06Z,23
UgwYeSOaqC4iimTV8kx4AaABAg,lR8FEwEnuqk,시라유키 히나,Shirayuki Hina,UNIVERSE,@쿠리미한_감자,"중간에 감사합니다는 뭐냐 대체 ㅋㅋㅋㅋㅋㅋㅋㅋㅋㅋ 

히나야 쟤 말고 나한테.",464,2026-07-15T06:27:30Z,43
UgwbtGN5VWqIF86sML54AaABAg,lR8FEwEnuqk,시라유키 히나,Shirayuki Hina,UNIVERSE,@Stellive_twinkle,ㅋㅋㅋ 공주는 거짓말 안한대~~ 그래도 히나랑 살다니 정말 부러운 뇨석,201,2026-07-15T06:17:30Z,39
UgzjvWO1ugQbARHjOQd4AaABAg,lR8FEwEnuqk,시라유키 히나,Shirayuki Hina,UNIVERSE,@fpao30,공주랑노는거 완전 귀여워서 힐링되네ㅋㅋ,296,2026-07-15T06:19:31Z,21
UgxZY2Do8bB9XGDKLSx4AaABAg,lR8FEwEnuqk,시라유키 히나,Shirayuki Hina,UNIVERSE,@vermouth-i9f,어떻게 반려견마저 방송천재인것이냐 정히나…!,75,2026-07-15T06:46:51Z,24
Ugz9ZDEhx2C44xoGMKd4AaABAg,lR8FEwEnuqk,시라유키 히나,Shirayuki Hina,UNIVERSE,@ASA27-sam,침맞으러 마하9속도로 달리는 해둥이 뭐냐고 ㅋㅋㅋㅋㅋ,100,2026-07-15T07:19:28Z,29
UgzXYsin_1RoWf-a7CN4AaABAg,lR8FEwEnuqk,시라유키 히나,Shirayuki Hina,UNIVERSE,@Who_desu,공주가 멍 안해주니까 자기가 멍! 하는게 진짜 웃기네ㅋㅋㅋㅋ,107,2026-07-15T06:25:28Z,33
Ugws6zV6Md-ZdiAnz-V4AaABAg,lR8FEwEnuqk,시라유키 히나,Shirayuki Hina,UNIVERSE,@keyma0220,ㅋㅋㅋㅋㅋㅋㅋㅋ 진짜 딱 저모습이었을거 같아서 웃기네요,89,2026-07-15T06:19:06Z,30
UgxlO2OuXV0-A-_yGwl4AaABAg,lR8FEwEnuqk,시라유키 히나,Shirayuki Hina,UNIVERSE,@ramply_07,공주가 주인닮아 방송감이 넘치네~ ㅋㅋㅋㅋ,71,2026-07-15T06:16:15Z,23
UgxXSX-Q4ery7YDo54N4AaABAg,lR8FEwEnuqk,시라유키 히나,Shirayuki Hina,UNIVERSE,@herz0320,ㅋㅋㅋㅋㅋ 공주가 방송을 아네ㅋㅋㅋㅋㅋ,45,2026-07-15T06:17:17Z,21
Ugyk_5xaMYBKCddcdgJ4AaABAg,lR8FEwEnuqk,시라유키 히나,Shirayuki Hina,UNIVERSE,@스텔조아,눈물 맺히는 거 웃겨ㅋㅋㅋㅋ,35,2026-07-15T06:16:33Z,15
UgxPcWlGtbCKDWZ28gl4AaABAg,lR8FEwEnuqk,시라유키 히나,Shirayuki Hina,UNIVERSE,@bravoshot,공주가 계속 짖어서 단 한합에 제압한 히나 생각나네,14,2026-07-15T06:28:33Z,28
Ugw2m8HU4zI3F_Gml6R4AaABAg,lR8FEwEnuqk,시라유키 히나,Shirayuki Hina,UNIVERSE,@권두원-e5k,"ㅋㅋㅋ 진실을 알았다
히나 님 당황하는 거 개귀엽네",28,2026-07-15T06:16:42Z,28
UgzIitngLX5Ukjnz0BB4AaABAg,lR8FEwEnuqk,시라유키 히나,Shirayuki Hina,UNIVERSE,@멍때리고방송보기,ㅋㅋㅋㅋㅋㅋ 공주도 히나도 짱귀엽네,14,2026-07-15T06:17:55Z,19
UgzR547qly14s-WZfGV4AaABAg,lR8FEwEnuqk,시라유키 히나,Shirayuki Hina,UNIVERSE,@바황-0707,"진짜 공주가 한번도 안하주니까 히나가 작게 ""멍!""하는게 왤케 안쓰럽냐 공주도 히나랑 가족 아닐까봐 감다살이네 진짜 ㅋㅋ",6,2026-07-15T07:14:00Z,67
UgwURLZ7ylJv9JI2m9F4AaABAg,lR8FEwEnuqk,시라유키 히나,Shirayuki Hina,UNIVERSE,@Basa_Kana,너무귀엽다 진짜 ㅋㅋㅋㅋㅋ,10,2026-07-15T06:17:18Z,14
UgwYZVW4vM6GAtYL4h54AaABAg,lR8FEwEnuqk,시라유키 히나,Shirayuki Hina,UNIVERSE,@말말-x9s,ㅋㅋㅋㅋ 이게 쇼츠로 나오네~ 더 귀엽네,8,2026-07-15T06:45:08Z,22
Ugx4FFK4HCvNj2IU-QJ4AaABAg,lR8FEwEnuqk,시라유키 히나,Shirayuki Hina,UNIVERSE,@깡있는새우,해평 얼마나 떨어지는지 감도 안옴,6,2026-07-18T03:11:43Z,18
UgybpbdJAJgCxbfGLNd4AaABAg,lR8FEwEnuqk,시라유키 히나,Shirayuki Hina,UNIVERSE,@special0038,공주 천재견이야 ㅋㅋㅋㅋㅋㅋ,21,2026-07-15T06:17:31Z,15
Ugw1mWRgEF1QHU-hcU14AaABAg,lR8FEwEnuqk,시라유키 히나,Shirayuki Hina,UNIVERSE,@성운-mi,공주 타이밍이 진짜 ㅋㅋㅋㅋ 넘 귀엽당,3,2026-07-15T06:36:22Z,21
UgyADxJ72EncqMCKTNB4AaABAg,lR8FEwEnuqk,시라유키 히나,Shirayuki Hina,UNIVERSE,@boksilboksil328,공주도 방송천재네 ㅋㅋㅋㅋㅋㅋㅋㅋㅋㅋ,2,2026-07-15T13:45:20Z,20
UgxiSCaYiw0XiEG6SrB4AaABAg,lR8FEwEnuqk,시라유키 히나,Shirayuki Hina,UNIVERSE,@민둥게,이제 저 다음 장면이 고독한 히나가 짖는 장면이죠?,2,2026-07-15T06:25:58Z,28
UgwUBrj8jlSXumlsNox4AaABAg,lR8FEwEnuqk,시라유키 히나,Shirayuki Hina,UNIVERSE,@loadcat7507,"히나 몰래 자기가 하는것도 귀엽고
방송천재 공주도 귀엽고 ㅋㅋㅋ",1,2026-07-15T08:49:08Z,35
Ugz8jAxdB5CYCIw4L9B4AaABAg,lR8FEwEnuqk,시라유키 히나,Shirayuki Hina,UNIVERSE,@jdidkim7983,너무 귀엽다 ㅋㅋㅋㅋㅋㅋ,5,2026-07-15T06:17:09Z,13
UgzIfibeKr4r78hhfWZ4AaABAg,lR8FEwEnuqk,시라유키 히나,Shirayuki Hina,UNIVERSE,@잉어킹-s5g,히나가 진짜특이함 근데 그게 매력임 귀여움,1,2026-07-18T18:46:18Z,23
UgyKKEs5hHNcKZmzTvh4AaABAg,lR8FEwEnuqk,시라유키 히나,Shirayuki Hina,UNIVERSE,@김들비,공주 기강잡는다고 히나가 짖을때 진짜 ㅋㅋㅋㅋ 어이가없어서 ㅋㅋㅋㅋ,1,2026-07-15T08:46:19Z,37
UgweI4oSyoyijla5tbt4AaABAg,lR8FEwEnuqk,시라유키 히나,Shirayuki Hina,UNIVERSE,@강원도사는감자,아직도 그 영상이 안잊혀진다 고늑정의 서열정리,3,2026-07-15T07:08:31Z,25
Ugyy-vN4NNmyBDiDLrl4AaABAg,lR8FEwEnuqk,시라유키 히나,Shirayuki Hina,UNIVERSE,@luv_in_Nana,공주 이름이랑 이미지에 비해 짖는소리가 ‘왈’ 이 아니라 ‘컹’ 이야 ㅋㅋㅋㅋ,2,2026-07-15T16:32:17Z,43
Ugxh47i4VtCXDyBjJ9R4AaABAg,lR8FEwEnuqk,시라유키 히나,Shirayuki Hina,UNIVERSE,@참취뽀꿈밥-v8h,그림체 짱구스러워서 히나랑 너무 잘 어울림ㅋㅋㅋ,2,2026-07-21T17:30:15Z,26
Ugy0O3CLX6n4ewoyWRB4AaABAg,lR8FEwEnuqk,시라유키 히나,Shirayuki Hina,UNIVERSE,@체리셔-l6l,"히나, 공주 둘 다 너무 귀여워🥰",1,2026-07-15T07:18:33Z,18
Ugzh_50I2CxyA9AE_fh4AaABAg,lR8FEwEnuqk,시라유키 히나,Shirayuki Hina,UNIVERSE,@파치리스-l7v,고생이 많은 공주 ㅋㅋ,2,2026-07-15T06:29:17Z,12
UgyjTbx8CrHHc2Gy0zB4AaABAg,lR8FEwEnuqk,시라유키 히나,Shirayuki Hina,UNIVERSE,@빠아앙-w4p6x,"""멍멍해"" 알아들어서 히나가 자꾸 귀찮게 굴땐 멍 한번만 하고 도네로 물어봤을땐 두번함.... 개똑똑한 갱얼쥐임",1,2026-07-15T12:03:19Z,62
UgyL7rq1ZM9xP5PMFut4AaABAg,lR8FEwEnuqk,시라유키 히나,Shirayuki Hina,UNIVERSE,@냐미-k7u,멍멍 해라했는대 진짜 멍멍 두번을하네 한번이 아니라ㅋㅋ 얼마나 괴롭힌거야ㅋㅋ,0,2026-07-16T03:26:57Z,42
UgwOuQN8tDpZWnpwKB54AaABAg,lR8FEwEnuqk,시라유키 히나,Shirayuki Hina,UNIVERSE,@1heuglo686,아 공주랑 히나 진짜 귀여웤ㅋㅋㅋㅋㅋ,1,2026-07-15T06:22:51Z,20
UgzUm8S5MnWuEU5Bz4J4AaABAg,lR8FEwEnuqk,시라유키 히나,Shirayuki Hina,UNIVERSE,@jin3stars,진짜 너무귀여워,2,2026-07-15T06:43:33Z,8
Ugwp-l1Y9i9SV9ARTqJ4AaABAg,lR8FEwEnuqk,시라유키 히나,Shirayuki Hina,UNIVERSE,@samu12340,공주 참 똑똑해ㅋㅋㅋㅋ,1,2026-07-15T06:19:38Z,12
UgxojRd__1zUFFt1_KJ4AaABAg,lR8FEwEnuqk,시라유키 히나,Shirayuki Hina,UNIVERSE,@히흐히흐히히,제가 대신 멍멍 하겠습니다,3,2026-07-15T08:37:52Z,14
UgweL8ezM9nYhB9N5lN4AaABAg,lR8FEwEnuqk,시라유키 히나,Shirayuki Hina,UNIVERSE,@사탄-c9p,진짜 뭔가 둘이 닮았다니까?,4,2026-07-15T07:43:12Z,15
UgxTg4GDqUYTVAO6AGF4AaABAg,FFe9FMdemO8,시라유키 히나,Shirayuki Hina,UNIVERSE,@아무렇지않게나eiebdjd83,쪼꼬미 모드 되서 파닥파닥 거리는게 댕귀엽네 ㅋㅋㅋㅋ,663,2026-06-16T05:28:36Z,29
UgwpjppBuI8jZrYyr0x4AaABAg,FFe9FMdemO8,시라유키 히나,Shirayuki Hina,UNIVERSE,@Shinji_Hirako-5-10,저기서 비 오면 히나한테 낚시대 뺏김ㅠ,1038,2026-06-16T05:51:52Z,21
UgxEDtRxU961ugJ4nFV4AaABAg,FFe9FMdemO8,시라유키 히나,Shirayuki Hina,UNIVERSE,@CHUNGHA-AZ,이야 영입성공이다 ㅋㅋㅋ 찰떡이네 ㅋㅋ,81,2026-06-16T05:12:57Z,21
UgwcDGtR19iwC4GazFN4AaABAg,FFe9FMdemO8,시라유키 히나,Shirayuki Hina,UNIVERSE,@haedung-m7i,파닥파닥거리는게 귀엽네 ㅋㅋ,50,2026-06-16T05:00:57Z,15
UgzY1PJjRQL3DHTuFoh4AaABAg,FFe9FMdemO8,시라유키 히나,Shirayuki Hina,UNIVERSE,@양배추와결혼한햄스터,히나가 상상한 자신의 춤의 모습과 현실....,460,2026-06-16T05:04:48Z,25
UgzrnaUbvD4ehPEQwmV4AaABAg,FFe9FMdemO8,시라유키 히나,Shirayuki Hina,UNIVERSE,@페토가되는거다,어유 이렇게 청초하니 얼마나 이뻐,16,2026-06-16T06:30:39Z,18
UgxefQObD1zl5JaWt8h4AaABAg,FFe9FMdemO8,시라유키 히나,Shirayuki Hina,UNIVERSE,@sonny02-super,독보적인 씩씩한 춤선..,16,2026-06-16T05:51:21Z,13
UgxwFNZkzTRnIuhTb9h4AaABAg,FFe9FMdemO8,시라유키 히나,Shirayuki Hina,UNIVERSE,@DGRAGON-7,입 벌리고 손 위 아래로 휘적이는거 귀엽네 ㅋㅋ,136,2026-06-16T05:18:49Z,26
UgwQAyW2HaeCjO3WXc14AaABAg,FFe9FMdemO8,시라유키 히나,Shirayuki Hina,UNIVERSE,@Lwe.,가렌 춤 히나 개귀엽네 ㅋㅋㅋㅋ,17,2026-06-16T05:40:15Z,17
Ugz0W6JECA_8WeaePgJ4AaABAg,FFe9FMdemO8,시라유키 히나,Shirayuki Hina,UNIVERSE,@전경환-y4x,아아- 모르는건가.. 저 춤은 우마루 춤이라고 한다..,77,2026-06-16T06:07:35Z,30
UgycLNeIuxaCim-H0ux4AaABAg,FFe9FMdemO8,시라유키 히나,Shirayuki Hina,UNIVERSE,@JHM-pz8px,무해한 표정으로 팔 휘적거리는게 너무 귀엽다,9,2026-06-16T05:11:46Z,24
UgygTc2oQMuxdBbSVoZ4AaABAg,FFe9FMdemO8,시라유키 히나,Shirayuki Hina,UNIVERSE,@Kame-shang,영입 진짜 잘한 듯 그림체가 히나랑 찰떡임,4,2026-06-16T09:22:23Z,23
Ugy13X-qdmb80WcleEp4AaABAg,FFe9FMdemO8,시라유키 히나,Shirayuki Hina,UNIVERSE,@denny_0511,"히날두 히렌을 넘어 이제 댄스같은 게 나오기 시작했어ㅠㅠ
진짜 고생했다 히나야",10,2026-06-16T05:41:45Z,43
UgxbIx5Z5VvD1aHj-gl4AaABAg,FFe9FMdemO8,시라유키 히나,Shirayuki Hina,UNIVERSE,@헤비짱이야,쪼꼬미되서 가렌춤추는거 너무귀엽다ㅋㅋ,6,2026-06-16T05:31:39Z,20
UgxYLNI9p2pUaI1sBtB4AaABAg,FFe9FMdemO8,시라유키 히나,Shirayuki Hina,UNIVERSE,@김주영-01010,물고기 도망가니깐 가만히 있어 흔들리잖아,11,2026-06-16T05:44:10Z,22
Ugwfy3tJw7adXdvVp-V4AaABAg,FFe9FMdemO8,시라유키 히나,Shirayuki Hina,UNIVERSE,@어흐흐흐흐흐,아니 이 치명적 귀여움은 뭐냐 숨을 못쉬겠어,3,2026-06-16T05:56:23Z,24
UgzcTjGseAeQQNJL7l14AaABAg,FFe9FMdemO8,시라유키 히나,Shirayuki Hina,UNIVERSE,@bigeyes1759,파닥파닥 히나 너무 귀엽네 증말 ㅋㅋㅋㅋ 아이 귀여워,4,2026-06-16T05:43:43Z,29
Ugy1QBa2Q9fJ78FF9G54AaABAg,FFe9FMdemO8,시라유키 히나,Shirayuki Hina,UNIVERSE,@Joshuatabi-0915,이게 히나지 앞으로도 폼 미친 쇼츠 양산해 주세요,3,2026-06-16T12:05:03Z,27
UgxppKDrn94hII-EMSB4AaABAg,FFe9FMdemO8,시라유키 히나,Shirayuki Hina,UNIVERSE,@pongdang03,후반부에 팔랑파닥 거리는거 짱귀엽네 ㅋㅋㅋ,3,2026-06-16T05:01:33Z,23
Ugz3clgFCeLdnmcMaAp4AaABAg,FFe9FMdemO8,시라유키 히나,Shirayuki Hina,UNIVERSE,@godok-5150,해달 오이데 오이데~,12,2026-06-16T05:09:08Z,11
UgxnndendRtf2v83XK94AaABAg,FFe9FMdemO8,시라유키 히나,Shirayuki Hina,UNIVERSE,@citysir4708,캬ㅑㅑㅑㅑ 이 세상 귀여움이 아니다,2,2026-06-16T05:02:57Z,19
UgzwqRXUIcbCi_78G3F4AaABAg,FFe9FMdemO8,시라유키 히나,Shirayuki Hina,UNIVERSE,@순간의반짝임,마지막에 허우적 거리는게 길거리 홍보 벌룬같네 ㅋㅋ,4,2026-06-16T09:45:28Z,28
UgzIFIo4uUk39GBYb3N4AaABAg,FFe9FMdemO8,시라유키 히나,Shirayuki Hina,UNIVERSE,@kkobee13,뒤에서 파닥거리는 귀엽다 히나 ㅋㅋㅋㅋㅋㅋ,1,2026-06-16T05:28:47Z,23
UgwCftaIGmrvdGZtq6B4AaABAg,FFe9FMdemO8,시라유키 히나,Shirayuki Hina,UNIVERSE,@농농쭉쭉로리타비어흐,비율 박살 나는게 거의 우마루급임 ㅋㅋㅋㅋ,1,2026-06-16T12:44:43Z,23
Ugy13D9edEIwOzv4xz14AaABAg,FFe9FMdemO8,시라유키 히나,Shirayuki Hina,UNIVERSE,@김민성-brs14,"😍❤ 와 이거 너무 귀여운데ㅋㅋ
 파닥파닥 개귀여워ㅋㅋㅋㅋ",1,2026-06-16T05:02:43Z,32
UgyM8NbvkHN62Y-mfJp4AaABAg,FFe9FMdemO8,시라유키 히나,Shirayuki Hina,UNIVERSE,@갓피닉스,히나도 해둥이도 너무 귀엽다 ㅋㅋ,1,2026-06-16T05:57:55Z,18
UgyWrfifb3wdiOvtsmt4AaABAg,FFe9FMdemO8,시라유키 히나,Shirayuki Hina,UNIVERSE,@ARAhHASHI-KANNA,파닥거리는거 개귀엽네ㅋㅋㅋㅋㅋ,1,2026-06-16T07:19:10Z,16
UgzGr-hQ8rF4G_WjONN4AaABAg,FFe9FMdemO8,시라유키 히나,Shirayuki Hina,UNIVERSE,@Ianuarius1023,상상과 현실 ㅋㅋㅋ 귀엽네,2,2026-06-16T05:21:18Z,14
UgwmvlNopwRB5cNRfp54AaABAg,FFe9FMdemO8,시라유키 히나,Shirayuki Hina,UNIVERSE,@_vOwO_7,ㅋㅋㅋㅋㅋㅋㅋ 뒤에서 춤추고 있는 히나 너무 귀여운데????,1,2026-06-16T05:06:21Z,33
UgxogjJk122XrhTnbdR4AaABAg,FFe9FMdemO8,시라유키 히나,Shirayuki Hina,UNIVERSE,@겨울솜사탕,최고다!!! 히나얌 ;ㅁ;!!!!,2,2026-06-16T05:22:15Z,18
UgyD_vxFHQhmrlUzrjF4AaABAg,FFe9FMdemO8,시라유키 히나,Shirayuki Hina,UNIVERSE,@가오리._.3,아 초반에 한쪽 입꼬리만 올라간거 왜 이렇게 귀엽지ㅋㅋㅋㅋㅋㅋㅋ,0,2026-07-17T14:56:15Z,35
UgyEQgHpItvt7F1l7b14AaABAg,FFe9FMdemO8,시라유키 히나,Shirayuki Hina,UNIVERSE,@meonji09,뒤에서 춤추는거 개 귀엽네 ㅋㅋ ㅠㅠ,1,2026-06-16T05:22:07Z,20
UgyQ4SjLiajrvrvgnR14AaABAg,FFe9FMdemO8,시라유키 히나,Shirayuki Hina,UNIVERSE,@훠훠훠-j5m9s,"우와 내가 맨날 낚시하는 덕포방파제가
히나 유튜브에 까지 나오다니.. 
너무 행복하다.. 거제사는게 자랑스럽다 진짜..",0,2026-06-16T14:14:56Z,66
Ugx2i5zlEu3fyhjxpep4AaABAg,FFe9FMdemO8,시라유키 히나,Shirayuki Hina,UNIVERSE,@성탄선물,히나의 우마루화 귀하구만 ㅎㅎ,1,2026-07-22T03:35:07Z,16
UgyNWhsiQfEivpN4jnl4AaABAg,FFe9FMdemO8,시라유키 히나,Shirayuki Hina,UNIVERSE,@승원-b9m,쪼꼬미 히나 ㄱㅇㅇ,2,2026-06-16T05:54:30Z,10
Ugxz6fx8rGtnF3jc6Gt4AaABAg,FFe9FMdemO8,시라유키 히나,Shirayuki Hina,UNIVERSE,@loadcat7507,"댄스여제 히나와 커여운 파닥파닥히나를 동시에 볼수있다니! 
물고기도 흥에 겨워 낚여버린 히나의 댄스!",0,2026-06-16T06:02:42Z,56
Ugxvvianu2LwBd6RYH54AaABAg,FFe9FMdemO8,시라유키 히나,Shirayuki Hina,UNIVERSE,@짜콩즈,귀여웤ㅋㅋㅋ,0,2026-08-03T01:54:04Z,6
UgyAFNN6_edZjifTCUZ4AaABAg,FFe9FMdemO8,시라유키 히나,Shirayuki Hina,UNIVERSE,@bkk3456,"풍어의 춤이였네 파라파라 댄스ㅋㅋㅋㅋㅋㅋㅋㅋㅋㅋ 
나도 낚시 가서 고기 안 잡히면 춰볼까..",0,2026-06-16T10:57:30Z,51
UgyrxJtw3fq8XpjA0I54AaABAg,FFe9FMdemO8,시라유키 히나,Shirayuki Hina,UNIVERSE,@kishiro-sp6xl,뒤에서 파닥파닥 춤추는 거 개커엽네ㅋㅋㅋㅋㅋㅋ,0,2026-06-16T08:08:17Z,25
UgyWnttXHdrd3kwwNPd4AaABAg,FFe9FMdemO8,시라유키 히나,Shirayuki Hina,UNIVERSE,@Visuki0116,쪼꼬미 히나 귀여워 ㅋㅋㅋ,0,2026-06-16T05:56:32Z,14
UgwzOTBTsYTaKzV8nJB4AaABAg,_w7V7MgoTR8,시라유키 히나,Shirayuki Hina,UNIVERSE,@shirakawa-kotone,이 챌린지 만든사람 상줘야함 ㄹㅇ,686,2026-06-11T05:28:39Z,18
Ugwc-Lr7eR78AgFExKZ4AaABAg,_w7V7MgoTR8,시라유키 히나,Shirayuki Hina,UNIVERSE,@스컬-SKULL,갸루가 이렇게 청초할 리 없어,77,2026-06-11T08:56:24Z,16
UgxS0fSj2FeSpAJcQup4AaABAg,_w7V7MgoTR8,시라유키 히나,Shirayuki Hina,UNIVERSE,@귀여운감자바쿠피엔나,와 시라유키씨가 오셨네 ㄷㄷ 청순해서 코피 2번터졌습니다,57,2026-06-11T05:57:47Z,31
Ugyh0Y8IfFCspbvVPnV4AaABAg,_w7V7MgoTR8,시라유키 히나,Shirayuki Hina,UNIVERSE,@순간의반짝임,"입 열기전: 갸루+청초 GOAT 시라유키 히나
입을 열면: 정히나..",59,2026-06-11T15:07:26Z,38
UgxVRQkK3WLoE_U_tgx4AaABAg,_w7V7MgoTR8,시라유키 히나,Shirayuki Hina,UNIVERSE,@Moheji_000,야호에요 야호,328,2026-06-11T05:09:06Z,7
UgynJqh6O40oirw7Dp94AaABAg,_w7V7MgoTR8,시라유키 히나,Shirayuki Hina,UNIVERSE,@흔-c6l-q7l,머리 묶은거 진짜 야호네요,30,2026-06-11T05:10:00Z,14
UgzJH1jAEL21bYBTUAx4AaABAg,_w7V7MgoTR8,시라유키 히나,Shirayuki Hina,UNIVERSE,@bjh6529,"이건 해둥이들을 위해 멘헤라 복장으로도 하나 더 만들어줘야 한다고 봅니다
어흐 개귀엽네",14,2026-06-11T08:18:13Z,48
UgygtbM1xNvLBYO_47x4AaABAg,_w7V7MgoTR8,시라유키 히나,Shirayuki Hina,UNIVERSE,@2012_김띠니,와 진짜 포상 밋힌,15,2026-06-11T07:30:18Z,10
Ugz7ZBtF8DcwvKhfb214AaABAg,_w7V7MgoTR8,시라유키 히나,Shirayuki Hina,UNIVERSE,@happy_smw,와 청초히나 천연기념물인데 ㄷㄷ,4,2026-06-11T06:53:37Z,17
Ugw85gP5fV2Cz40OB6V4AaABAg,_w7V7MgoTR8,시라유키 히나,Shirayuki Hina,UNIVERSE,@해황-흑화완,잠깐 시라유키 히나님으로 돌아가셨네요 감사합니다,3,2026-06-11T06:54:00Z,26
UgxSQtrKzZJBJYYTxjp4AaABAg,_w7V7MgoTR8,시라유키 히나,Shirayuki Hina,UNIVERSE,@justinjjeon5030,잘어울린다,11,2026-06-11T05:17:45Z,5
Ugwsn_l7w1RUdXv_Z3B4AaABAg,_w7V7MgoTR8,시라유키 히나,Shirayuki Hina,UNIVERSE,@Wonducke,히나 너무 귀엽자나~,5,2026-06-11T07:59:31Z,11
Ugxcd5NcItRcPZzrY8N4AaABAg,_w7V7MgoTR8,시라유키 히나,Shirayuki Hina,UNIVERSE,@스윗-stel하트,해둥이들 포상뭐지요?,650,2026-06-11T05:01:42Z,11
UgyAeFWhACFSFS_0ZJF4AaABAg,_w7V7MgoTR8,시라유키 히나,Shirayuki Hina,UNIVERSE,@ilililililllllililii,살짝 너프 먹은것 같지만 이것도 미식이네요......,4,2026-06-11T06:18:37Z,29
UgxGXj28JttyrKr8brx4AaABAg,_w7V7MgoTR8,시라유키 히나,Shirayuki Hina,UNIVERSE,@치코핑,잘 어울리냐? 야호야호,14,2026-06-11T07:24:23Z,12
UgyFiATlsohbnh5PLR94AaABAg,_w7V7MgoTR8,시라유키 히나,Shirayuki Hina,UNIVERSE,@oooplp5-7,근데 이건 언급을 안 할 수가 없을 정도로 노골적인데?,1,2026-06-11T07:59:28Z,30
UgwrF4YYF69CLvpw0jV4AaABAg,_w7V7MgoTR8,시라유키 히나,Shirayuki Hina,UNIVERSE,@_vOwO_7,아ㅡ너무 좋아!!!!!!!!!!!!!!!,3,2026-06-11T05:18:37Z,22
UgwT-aV6Jb6pJDqgan94AaABAg,_w7V7MgoTR8,시라유키 히나,Shirayuki Hina,UNIVERSE,@부키만봐난-u2g,와 진짜 개쳐귀엽네,1,2026-06-11T05:34:31Z,10
UgwB0abt2uYZMaAraL94AaABAg,_w7V7MgoTR8,시라유키 히나,Shirayuki Hina,UNIVERSE,@Stellive_twinkle,이거 보니깐 다음 신의상은 포니테일 해야겠다. 너무 예뻐!!,1,2026-06-11T05:37:50Z,33
Ugz62BxycP6W81QaAJB4AaABAg,_w7V7MgoTR8,시라유키 히나,Shirayuki Hina,UNIVERSE,@스텔라-i3i,너무 귀엽다,3,2026-06-11T05:03:26Z,6
UgxfncJpe16_WMQorxF4AaABAg,_w7V7MgoTR8,시라유키 히나,Shirayuki Hina,UNIVERSE,@겨울솜사탕,최고다!!! 히나얌 ;ㅁ;!!!!,1,2026-06-11T06:17:40Z,18
Ugwf1TNWwQNxypcDW154AaABAg,_w7V7MgoTR8,시라유키 히나,Shirayuki Hina,UNIVERSE,@강블우결단-v3b,오랜만에 뵙습니다.시라유키 히나씨,1,2026-06-11T06:33:44Z,18
UgzSNkOmc-dRuAXtgk94AaABAg,_w7V7MgoTR8,시라유키 히나,Shirayuki Hina,UNIVERSE,@허츄-t,갸루인척 하는 히나님 오늘도 귀엽 ㅋㅋㅋㅋㅋㅋㅋㅋ,0,2026-07-10T08:20:30Z,27
UgwbA0hzEAZRGl8rUWF4AaABAg,_w7V7MgoTR8,시라유키 히나,Shirayuki Hina,UNIVERSE,@이현규1,충격적인 갸루 히나에 정신 못차리는 해둥이들ㅋㅋㅋㅋ,0,2026-06-11T11:06:19Z,28
Ugxin6c7NgVf7z3XGkl4AaABAg,_w7V7MgoTR8,시라유키 히나,Shirayuki Hina,UNIVERSE,@mulbit_u4n,포니테일 너무 좋다,1,2026-06-11T07:03:42Z,10
UgzsxO3GajrnQL6Npep4AaABAg,_w7V7MgoTR8,시라유키 히나,Shirayuki Hina,UNIVERSE,@가오리._.3,귀찮아 부분 구도가 진짜...어흐임 어흐,0,2026-06-11T17:26:39Z,22
UgyqAVR-47N2Vv1ckjd4AaABAg,_w7V7MgoTR8,시라유키 히나,Shirayuki Hina,UNIVERSE,@이상호-t6u,이야 중심이 거대해서 좋다,0,2026-07-30T08:09:40Z,14
UgxVEFhtpVZ7hKuQrrZ4AaABAg,_w7V7MgoTR8,시라유키 히나,Shirayuki Hina,UNIVERSE,@민슈슈슉,갸루라 하기엔 쿨하지 못하고 평범한 고등학생이라기엔 상당히 미쳐있는,0,2026-06-11T05:30:59Z,37
UgwI6cDdO8Rw3sHEltd4AaABAg,_w7V7MgoTR8,시라유키 히나,Shirayuki Hina,UNIVERSE,@He_황,히나 아니야...진짜 아니야...,1,2026-06-11T06:54:07Z,18
Ugx0jf5362ZQjlHuSZ54AaABAg,_w7V7MgoTR8,시라유키 히나,Shirayuki Hina,UNIVERSE,@가오리._.3,진짜 갸루 그림체로 히나 잘 살린듯ㄷㄷㄷ,0,2026-06-11T10:56:17Z,22
Ugz-fXcJlfWA39c3jPR4AaABAg,_w7V7MgoTR8,시라유키 히나,Shirayuki Hina,UNIVERSE,@Daknam719,오타쿠한테 친절한 갸루는 존재하지않아...,0,2026-06-20T16:20:18Z,23
UgxHumdd6AnM2CYJnAh4AaABAg,_w7V7MgoTR8,시라유키 히나,Shirayuki Hina,UNIVERSE,@user-dd8wg2cg7b,진짜 야호,0,2026-06-11T05:52:21Z,5
UgwRh5DwIo216M5YLeF4AaABAg,_w7V7MgoTR8,시라유키 히나,Shirayuki Hina,UNIVERSE,@table_777,얏-호 ~ 🥵,1,2026-06-11T07:41:38Z,7
Ugwe-M3rYw2PeG5VRGh4AaABAg,_w7V7MgoTR8,시라유키 히나,Shirayuki Hina,UNIVERSE,@V5phantom,마지막 혀 낼름 캬ㅑㅑㅑ,0,2026-06-11T12:22:53Z,13
UgzN8ZKg0QdAAuXOp8l4AaABAg,_w7V7MgoTR8,시라유키 히나,Shirayuki Hina,UNIVERSE,@얼류최,GOAT,3,2026-06-11T07:27:21Z,4
Ugy_ACHjuG3d3vE3M994AaABAg,_w7V7MgoTR8,시라유키 히나,Shirayuki Hina,UNIVERSE,@KumoRin_jeongsil,히나 갸루 버전? 왜 어울리지..?,1,2026-06-13T02:57:47Z,19
UgzaE38SW0GIki67YD94AaABAg,_w7V7MgoTR8,시라유키 히나,Shirayuki Hina,UNIVERSE,@헤비짱이야,와... 진짜감탄밖에안나온다 와아..이야..,0,2026-06-11T07:23:39Z,24
UgzpFvLtuhQd_9FkpDN4AaABAg,_w7V7MgoTR8,시라유키 히나,Shirayuki Hina,UNIVERSE,@ISEGYEIDOL-StelLive-love,와 뭐냐 히나 너무 이쁘게 나왔네 ❤ ㅋㅋ,0,2026-06-21T15:13:36Z,23
UgzQj-Jgao0s7ors1QJ4AaABAg,_w7V7MgoTR8,시라유키 히나,Shirayuki Hina,UNIVERSE,@페황07,설마... 시라유키씨?! 정말 보고싶었습니다!!! 이제 계속 나오는 거죠?!,0,2026-06-11T17:53:57Z,42
Ugz2IwBZk9FdSP7q8cp4AaABAg,xKYey53VI1U,시라유키 히나,Shirayuki Hina,UNIVERSE,@noname-y6-e3u,해둥이 버려졌어 ㅋㅋㅋ,545,2026-07-12T05:59:55Z,12
UgyanTTFSlZ1wWRd_hl4AaABAg,xKYey53VI1U,시라유키 히나,Shirayuki Hina,UNIVERSE,@쌍베의은밀한휴방법,"자시안 한카리아스 달투곰
전쟁나감? 세계대전급이네 ㅋㅋ",188,2026-07-12T07:18:46Z,30
UgxK-1t_pUAdVdCwGuB4AaABAg,xKYey53VI1U,시라유키 히나,Shirayuki Hina,UNIVERSE,@_vOwO_7,"히나양......................
아직도 생각나는게 서버하면서
뭐 대화나감? 전쟁나감? << 이 말이 너무 웃겼음😂😂",455,2026-07-12T05:41:17Z,72
UgwsZMo27ck1PlWHoOF4AaABAg,xKYey53VI1U,시라유키 히나,Shirayuki Hina,UNIVERSE,@보추헌터,잡고있던 해둥이 냅다 발로 까는게 개웃기네ㅋㅋㅋ,123,2026-07-12T06:10:44Z,26
Ugx2bxoo8qRCRaYCWx94AaABAg,xKYey53VI1U,시라유키 히나,Shirayuki Hina,UNIVERSE,@이승호-k7c7t,해둥이 개귀엽네 ㅋㅋㅋㅋㅋㅋ,18,2026-07-12T13:49:16Z,15
UgzsMMuyZ_FEDqe0WoZ4AaABAg,xKYey53VI1U,시라유키 히나,Shirayuki Hina,UNIVERSE,@Big_Sword6,해둥이 발길질 당한거 가엾어ㅠㅠ,76,2026-07-12T05:03:49Z,17
UgzTe1KP5fNmQ-DrClh4AaABAg,xKYey53VI1U,시라유키 히나,Shirayuki Hina,UNIVERSE,@zard4088,해둥이 발로 차는거 개웃긴데 ㅋㅋㅋ,7,2026-07-12T14:42:10Z,19
UgxDbxfXB-D9gF1KTix4AaABAg,xKYey53VI1U,시라유키 히나,Shirayuki Hina,UNIVERSE,@이재성-x6t,차가울정도로 공업적인 대답이구나..,5,2026-07-12T12:33:38Z,19
UgwdsiDyeXDopLKYkIt4AaABAg,xKYey53VI1U,시라유키 히나,Shirayuki Hina,UNIVERSE,@돌고래고래-j4n,아 성능이 있어야 애정과 친밀도가 생기죠~ ㅋㅋㅋㅋㅋㅋ,3,2026-07-12T11:09:36Z,30
UgxIkcB5egyrsRQYa1h4AaABAg,xKYey53VI1U,시라유키 히나,Shirayuki Hina,UNIVERSE,@DaphneOdora,"친밀도는 싸우다 져서 기절하면 깎인다고 ㅋㅋㅋ
성능이 있어야 안 쓰러지고 친밀도가 쌓일 거 아냐!! ㅋㅋㅋㅋ",58,2026-07-12T05:05:09Z,60
Ugy-uvnYY_VI3UNwUOd4AaABAg,xKYey53VI1U,시라유키 히나,Shirayuki Hina,UNIVERSE,@ntj5274,그 유대조차 성능(유대기띠)을 위한 작업이란게 포인트임,2,2026-07-12T13:54:29Z,30
UgwGayoXnJggJWoG8Kl4AaABAg,xKYey53VI1U,시라유키 히나,Shirayuki Hina,UNIVERSE,@happy-squirrel,성능이 있으면 우정과 친밀도는 같이 딸려오는거긴해~~ ㅋㅋㅋㅋㅋ,2,2026-07-12T07:25:29Z,35
UgwRB8SPpPFqEdnjQL14AaABAg,xKYey53VI1U,시라유키 히나,Shirayuki Hina,UNIVERSE,@in-10,그림 진짜 너무 귀엽다 ㅋㅋㅋㅋㅋ,2,2026-07-16T03:51:16Z,18
UgzXNVVO--3fJrqFjPd4AaABAg,xKYey53VI1U,시라유키 히나,Shirayuki Hina,UNIVERSE,@Lopeca,단순 포켓몬 애호가가 아닌 포켓몬 트레이너다 이말이야,2,2026-07-12T08:33:22Z,29
UgyjnLW9p8kdVUycLzp4AaABAg,xKYey53VI1U,시라유키 히나,Shirayuki Hina,UNIVERSE,@박준용-l3h,왜 도덕문제를 틀리냐고 ㅋㅋㅋㅋㅋㅋㅋㅋㅋㅋㅋㅋ,1,2026-07-18T00:30:44Z,25
UgyR1OZSjPs5n6i5Q2h4AaABAg,xKYey53VI1U,시라유키 히나,Shirayuki Hina,UNIVERSE,@쌀뚱백이,성능 중요하긴하지ㅋㅋㅋㅋㅋ,1,2026-07-16T04:38:12Z,14
UgxYmjs_Gjmzn-JgVAR4AaABAg,xKYey53VI1U,시라유키 히나,Shirayuki Hina,UNIVERSE,@썩은토마토-h7e,그치만...성능만 챙기면 그건 유대가 아니라 이용하는거잖니..,1,2026-07-13T07:39:41Z,34
UgwHKgUcw-tGBi0g28N4AaABAg,xKYey53VI1U,시라유키 히나,Shirayuki Hina,UNIVERSE,@ip_add_00,실전은 몰라도 실전에 최적화된 인재,2,2026-07-12T06:30:46Z,19
UgwZjxJ5TgBcCKC74td4AaABAg,xKYey53VI1U,시라유키 히나,Shirayuki Hina,UNIVERSE,@흐접한스텔팬만화,히나는 차갑다,4,2026-07-13T00:02:29Z,7
UgzjyqXK7RZTjvICb8Z4AaABAg,xKYey53VI1U,시라유키 히나,Shirayuki Hina,UNIVERSE,@최경민-t1x,히나는 유명한 극악무도한 성능충이라는 거임 ㅋㅋ,3,2026-07-12T05:07:15Z,26
UgxvLD4fulXf61XndYV4AaABAg,xKYey53VI1U,시라유키 히나,Shirayuki Hina,UNIVERSE,@zk2946,해둥이 너무 가여워..,1,2026-07-12T10:22:43Z,12
Ugy9VxgDHMY20IDG4394AaABAg,xKYey53VI1U,시라유키 히나,Shirayuki Hina,UNIVERSE,@He_황,"히나 극의! ""나 T야!""",40,2026-07-12T05:36:20Z,14
UgzO0ijLH151Uh1b_Ld4AaABAg,xKYey53VI1U,시라유키 히나,Shirayuki Hina,UNIVERSE,@justinjjeon5030,ㅋㅋㅋㅋㅋ역시 성능이지 암!,1,2026-07-12T09:46:24Z,15
UgxgGUtuOs8ry2Wl4P54AaABAg,xKYey53VI1U,시라유키 히나,Shirayuki Hina,UNIVERSE,@GMJ_7337,히나님 실전파셨어여??,1,2026-07-14T00:03:31Z,12
Ugy7Y6XTzL9JkPsKK8d4AaABAg,xKYey53VI1U,시라유키 히나,Shirayuki Hina,UNIVERSE,@Min77539,무친ㅋㅋㅋㅋㅋ 성능 나올줄 알았다 ㅋㅋㅋㅋㅋ,0,2026-07-12T18:27:20Z,24
UgxTwq2tXpaVFKIIuWB4AaABAg,xKYey53VI1U,시라유키 히나,Shirayuki Hina,UNIVERSE,@dodoo4549,히나 진철이됐네 ㅋㅋㅋㅋㅋㅋ,1,2026-07-12T15:08:27Z,15
UgxqEdggww2SliuBKId4AaABAg,xKYey53VI1U,시라유키 히나,Shirayuki Hina,UNIVERSE,@렇렇-q2n,성능맞긴하지,1,2026-07-14T03:07:12Z,6
UgxdDc_Pp2bCrJ_GGgZ4AaABAg,xKYey53VI1U,시라유키 히나,Shirayuki Hina,UNIVERSE,@정재웅-d5f,세준팍의 파치리스도 처음엔 성능픽이었거늘...!,0,2026-07-12T08:39:45Z,26
UgxsMDkOIekSTXUPYEd4AaABAg,xKYey53VI1U,시라유키 히나,Shirayuki Hina,UNIVERSE,@JhKim_7,"자, 우리 해둥이도 스펙과 외모, 지능과 능력 순으로 내림차순으로 나열 후 걸러보아요~,",1,2026-07-15T18:56:19Z,49
UgwfEYkD_FXhcHT2-5V4AaABAg,xKYey53VI1U,시라유키 히나,Shirayuki Hina,UNIVERSE,@ulsia2724,히나는 히카리 복장이 정말 잘 어울리네 으흐흐,0,2026-08-04T12:27:41Z,25
Ugz6wCfSsbwHRsjJrSV4AaABAg,xKYey53VI1U,시라유키 히나,Shirayuki Hina,UNIVERSE,@스윗-stel하트,"강한 포켓몬, 약한 포켓몬. 그런 건 사람이 
멋대로 정하는 것

하지만 사람들이 다 쓰는덴 이유가 있다고😂",232,2026-07-12T05:12:30Z,60
Ugyd6qjpxW2bE4F3Lsx4AaABAg,xKYey53VI1U,시라유키 히나,Shirayuki Hina,UNIVERSE,@멀티버스-v1l,로켓단 마인드 ㅋㅋㅋㅋㅋㅋㅋㅋㅋ,0,2026-07-13T02:33:12Z,17
Ugxs35toTgVtoHYKX9B4AaABAg,xKYey53VI1U,시라유키 히나,Shirayuki Hina,UNIVERSE,@ely-9hye,해카츄 개귀엽네 ㅋㅋㅋㅋ,0,2026-07-13T17:29:59Z,13
UgyWQvOxdj2wTveHEXp4AaABAg,xKYey53VI1U,시라유키 히나,Shirayuki Hina,UNIVERSE,@holypolarislee,과연 그 한국 챔피언의 파치리스 플레이를 보고도 그런 소리가 나올까??,0,2026-07-14T08:43:09Z,39
UgzRuxF-osoS_TPXy3x4AaABAg,xKYey53VI1U,시라유키 히나,Shirayuki Hina,UNIVERSE,@poi056,성능이 최고긴 함,0,2026-07-12T09:46:45Z,9
UgxzyHDHvftCecQE19Z4AaABAg,xKYey53VI1U,시라유키 히나,Shirayuki Hina,UNIVERSE,@bravoshot,이걸 통과시키네 ㅋㅋㅋㅋㅋ,0,2026-07-12T23:32:40Z,14
UgwB525QY2WQF3i2EhN4AaABAg,xKYey53VI1U,시라유키 히나,Shirayuki Hina,UNIVERSE,@Yuz__ful,극한의 성능핑...,15,2026-07-12T05:54:38Z,10
Ugz-BNmoRC-s4KBjy9B4AaABAg,xKYey53VI1U,시라유키 히나,Shirayuki Hina,UNIVERSE,@으아-e8s,틀린말이 아니긴해ㅋㅋㅋ,0,2026-07-13T09:15:49Z,12
Ugyl32P8QQB5l2-PXiZ4AaABAg,xKYey53VI1U,시라유키 히나,Shirayuki Hina,UNIVERSE,@김현-i8t,DP의 진철이냐 ㅋㅋㅋㅋ,0,2026-07-15T11:01:30Z,13
Ugx6T2oUqGG9AoeODG54AaABAg,xKYey53VI1U,시라유키 히나,Shirayuki Hina,UNIVERSE,@Roche_limit478,"저의 최애 딩루입니다. 

감사합니다.",0,2026-07-12T08:55:32Z,21
UgyXctNEqSyknWvm1qd4AaABAg,jMPJW2JNc9M,네네코 마시로,Neneko Mashiro,UNIVERSE,@스윗-stel하트,그냥 점프하는건데 왤케 귀여운거냐 맛쉬로,488,2026-06-01T06:27:02Z,22
UgwcAkAvYbmaMzYkYLN4AaABAg,jMPJW2JNc9M,네네코 마시로,Neneko Mashiro,UNIVERSE,@maskaruseef9427,점프를 높게뛰는게 아니라 다리를 접는구나 시로야 반칙쓰지마라,2067,2026-06-01T06:20:18Z,33
UgxHLw1iV3_JLKrMKK14AaABAg,jMPJW2JNc9M,네네코 마시로,Neneko Mashiro,UNIVERSE,@kahnz8280,시로도 쇼츠가동! 3D 컨텐츠 좋아요!,298,2026-06-01T05:42:49Z,21
Ugxx4uG0V2a8MM9RlSV4AaABAg,jMPJW2JNc9M,네네코 마시로,Neneko Mashiro,UNIVERSE,@강블우결단-v3b,요즘 3D컨텐츠 많은거 좋다🩶,275,2026-06-01T06:32:15Z,16
UgxKIFJltx0terLdQ4h4AaABAg,jMPJW2JNc9M,네네코 마시로,Neneko Mashiro,UNIVERSE,@마레로로쉐,뭐지 이 귀여운 생명체는,36,2026-06-01T06:26:08Z,13
UgxaFgCP3lWi16zBe9h4AaABAg,jMPJW2JNc9M,네네코 마시로,Neneko Mashiro,UNIVERSE,@Asadal2333,고양이가 쩜푸! 쩜푸!! 하는 것 같아서 진짜 밍쳐귀엽네ㅋㅋㅋㅋㅋㅋㅋ,29,2026-06-01T05:53:46Z,38
UgyHva8A8eZxNHx56MN4AaABAg,jMPJW2JNc9M,네네코 마시로,Neneko Mashiro,UNIVERSE,@mongsil-u9z,첨에 비장한 표정 ㅋㅋㅋㅋㅋㅋ,30,2026-06-01T06:19:38Z,16
Ugxuah6RrXXtuEuBqxt4AaABAg,jMPJW2JNc9M,네네코 마시로,Neneko Mashiro,UNIVERSE,@사랑한다하나코나나,진짜 밍쳐귀엽네 뭘 먹었길래 이렇게 귀여워요,7,2026-06-01T06:20:05Z,24
Ugy9BHAJ0KM0kIPSs-p4AaABAg,jMPJW2JNc9M,네네코 마시로,Neneko Mashiro,UNIVERSE,@ch_ion,어떻게 점프하는 것까지 이렇게 귀엽지ㅋㅋㅋ,13,2026-06-01T05:51:14Z,23
UgzqqnwtPKkDZ97Jan94AaABAg,jMPJW2JNc9M,네네코 마시로,Neneko Mashiro,UNIVERSE,@hu_nyang,짬푸!! 도리도리 🤣 커여워라,14,2026-06-01T05:59:47Z,16
Ugysf4IjJjVhWsLzWYF4AaABAg,jMPJW2JNc9M,네네코 마시로,Neneko Mashiro,UNIVERSE,@짜장맛순대,당돌하게 끄덕거리는거 너무 귀엽잖아ㅋㅋㅋ,5,2026-06-01T05:49:04Z,22
UgzMPPikN70Ld9U1wq14AaABAg,jMPJW2JNc9M,네네코 마시로,Neneko Mashiro,UNIVERSE,@스트레칭합시다,저 초반 끄덕이 ㅈㄴ 귀여운거임,3,2026-06-01T09:56:27Z,17
Ugwzu-rrk5HFKc8-t994AaABAg,jMPJW2JNc9M,네네코 마시로,Neneko Mashiro,UNIVERSE,@천비,ㅋㅋㅋㅋㅋㅋ 진짜 귀엽네 시로,4,2026-06-01T05:47:35Z,16
UgzM2grh9xFLnYFCuKp4AaABAg,jMPJW2JNc9M,네네코 마시로,Neneko Mashiro,UNIVERSE,@민물에사는고래,드디어 밍사장이 쇼츠를!!,3,2026-06-01T06:36:05Z,14
UgzmnBzpF5Kfub2DA154AaABAg,jMPJW2JNc9M,네네코 마시로,Neneko Mashiro,UNIVERSE,@페토가되는거다,허어어ㅓ 시로의 귀여운 쇼츠가 드뎌 ㅠㅠ,2,2026-06-01T06:04:39Z,22
Ugx150W8mjD8VyC219h4AaABAg,jMPJW2JNc9M,네네코 마시로,Neneko Mashiro,UNIVERSE,@날강민철두,아 고냥이 냥귀엽네 진짜,4,2026-06-01T08:36:11Z,13
UgzzzHTT-vkL623P_ed4AaABAg,jMPJW2JNc9M,네네코 마시로,Neneko Mashiro,UNIVERSE,@파란치코,아니ㅋㅋㅋ 진짜 겁나 귀엽네ㅋㅋㅋ,1,2026-06-01T07:02:17Z,18
UgxWWQDHo6GaQp_QM9F4AaABAg,jMPJW2JNc9M,네네코 마시로,Neneko Mashiro,UNIVERSE,@사탄-c9p,진짜 밍쳐 귀엽네 ㅋㅋㅋㅋ,2,2026-06-01T07:22:41Z,14
UgzrGnL7ARgPbzB2qjF4AaABAg,jMPJW2JNc9M,네네코 마시로,Neneko Mashiro,UNIVERSE,@허니츄러스발닦개,비장한 표정이 너무 귀여워요 ㅋㅋㅋㅋㅋ,1,2026-06-01T06:31:21Z,21
Ugy5RPnT4j0_k8a276B4AaABAg,jMPJW2JNc9M,네네코 마시로,Neneko Mashiro,UNIVERSE,@대왕나나,점프 높게 뛰는건줄 알았는데 다리를 접는 건에 대하여,2,2026-06-01T07:15:02Z,29
Ugxl5BcKcJ9grLPV_Qt4AaABAg,jMPJW2JNc9M,네네코 마시로,Neneko Mashiro,UNIVERSE,@hina_cuty,냥쳐귀엽네 ㅋㅋ,1,2026-06-01T07:20:07Z,8
UgzaUZqV0hw9_-oHQjZ4AaABAg,jMPJW2JNc9M,네네코 마시로,Neneko Mashiro,UNIVERSE,@perr_Stel,개쳐귀엽네,11,2026-06-01T05:40:33Z,5
UgyQMfYzJ8IXdiw3XyF4AaABAg,jMPJW2JNc9M,네네코 마시로,Neneko Mashiro,UNIVERSE,@DinoSRainbow,"시로님 넘 예쁘고 귀여워용 사랑해용♡♡
💕💗💘💖❤🧡💛💚💙💜🖤🤎🤍",0,2026-06-01T05:50:09Z,35
Ugw5YWveVEEWKViyhT54AaABAg,jMPJW2JNc9M,네네코 마시로,Neneko Mashiro,UNIVERSE,@성대-y8m4b,비장하게 서있다가 쩜프하는거 개귀엽누,0,2026-07-30T03:02:32Z,20
UgyzO4SynL7MYuUVv694AaABAg,jMPJW2JNc9M,네네코 마시로,Neneko Mashiro,UNIVERSE,@버튜버탐지견페토,마시로의 저 점프력이 참ㅋㅋ 다리를 접어서 하는게 상상되서 귀엽❤❤,0,2026-06-01T14:34:05Z,37
UgzvVd-03IRMJeUZdId4AaABAg,jMPJW2JNc9M,네네코 마시로,Neneko Mashiro,UNIVERSE,@necrosis_maro,밍쇼츠 넘 좋네 ㅋㅋㅋㅋ 점프시로 귀여워,1,2026-06-01T05:44:57Z,22
Ugx-9aG7M-NnD8GNbCp4AaABAg,jMPJW2JNc9M,네네코 마시로,Neneko Mashiro,UNIVERSE,@1heuglo686,오랜만에 쇼츠 너무 귀엽잖아 ㅋㅋㅋㅋㅋㅋㅋ,1,2026-06-01T05:59:39Z,23
UgyCuewPXNNYnR-TPkF4AaABAg,jMPJW2JNc9M,네네코 마시로,Neneko Mashiro,UNIVERSE,@겨울솜사탕,최고다!!! 시로얌 ;ㅁ;!!!!!,1,2026-06-01T06:08:26Z,19
UgwH9lVCtNJcDaiCQex4AaABAg,jMPJW2JNc9M,네네코 마시로,Neneko Mashiro,UNIVERSE,@밀덕마로,처음부터 끝까지 밍쳐귀엽네ㅋㅋㅋㅋㅋ,1,2026-06-01T06:22:24Z,19
UgwkCobQUm0s8RTEZaJ4AaABAg,jMPJW2JNc9M,네네코 마시로,Neneko Mashiro,UNIVERSE,@UCC탐험대원정은비,점푸할때 눈 감는 우리 찌로가 밍쳐 귀여운 이유가 무엇이냐ㅑㅏㅏ!!🤪👈,0,2026-06-01T06:55:57Z,39
UgxDPjdaATeipCyJE594AaABAg,jMPJW2JNc9M,네네코 마시로,Neneko Mashiro,UNIVERSE,@MakeTankGreatAgain,ㅋㅋㅋ개귀엽네,2,2026-06-01T05:39:39Z,7
UgySUphvTr-nfIg9Iut4AaABAg,jMPJW2JNc9M,네네코 마시로,Neneko Mashiro,UNIVERSE,@RaspBerry-n4r,그냥 점프하는 건데 이렇게 귀여워도 되는 거냐고 ㅋㅋㅋ,0,2026-06-01T13:48:15Z,30
Ugzaxty8e5XQE6LuFZt4AaABAg,jMPJW2JNc9M,네네코 마시로,Neneko Mashiro,UNIVERSE,@RaeBelBmuR,그냥 서있기만해도 반듯해 보이네,1,2026-06-01T09:29:28Z,17
Ugwjf1jXA5jqLR7oNvB4AaABAg,jMPJW2JNc9M,네네코 마시로,Neneko Mashiro,UNIVERSE,@urijibgangajissi,애기가 울지않고 잘 뛰네요. 귀여워라,0,2026-06-01T06:31:23Z,20
UgxMTbGLl0mzl3Tm_bF4AaABAg,jMPJW2JNc9M,네네코 마시로,Neneko Mashiro,UNIVERSE,@아기찹쌀,"ㅋㅋㅋㅋㅋㅋ 아 귀여워 미치겠넹
찌로 짬뿌 잘한댜!!",0,2026-06-01T09:24:07Z,29
UgzXbj4dffeoMd32UnZ4AaABAg,jMPJW2JNc9M,네네코 마시로,Neneko Mashiro,UNIVERSE,@ramply_07,ㅋㅋㅋ 냥귀엽네 진짜ㅋㅋㅋㅋ,1,2026-06-01T05:45:54Z,15
UgxBH-jX82I3uaAhio94AaABAg,jMPJW2JNc9M,네네코 마시로,Neneko Mashiro,UNIVERSE,@sadmilk9283,점프만 하는데 귀엽기 쉽지않은데 그걸 해내는구나 찌로야,0,2026-06-01T11:01:00Z,30
UgxLWlZueDU1rqMB0Yt4AaABAg,jMPJW2JNc9M,네네코 마시로,Neneko Mashiro,UNIVERSE,@W.O_O.K,소리지르면서 뛰었을거 같은 밍시로 ㅋㅋㅋㅋㅋㅋㅋ 귀엽 ㅋㅋㅋ,0,2026-06-01T06:10:47Z,33
UgzUBS2isrpUoAnbp3d4AaABAg,jMPJW2JNc9M,네네코 마시로,Neneko Mashiro,UNIVERSE,@이것만보고끌게요,뭐야 언제 찍은거야? 생각보다 잘 뛴다고 해야하나 ㅋㅋㅋㅋㅋ,0,2026-06-01T05:39:38Z,33
Ugz-9BJXVfSKyEY7IvN4AaABAg,jMPJW2JNc9M,네네코 마시로,Neneko Mashiro,UNIVERSE,@출근하러가는길,진짜 일자로 서잇는거 너무 귀엽다ㅋㅋ,0,2026-06-01T08:19:09Z,20
UgzMzZtVWS15lx2H9z14AaABAg,eeDdzUFGfcU,네네코 마시로,Neneko Mashiro,UNIVERSE,@천비,너무 귀엽다 ㅋㅋㅋㅋㅋ,528,2026-07-07T10:36:30Z,12
UgwfzoLJR1z_CTFbX6x4AaABAg,eeDdzUFGfcU,네네코 마시로,Neneko Mashiro,UNIVERSE,@Asadal2333,진짜 이렇게 세상에서 제일 귀여운 시로랑 같은 시대를 살아갈 수 있는게 영광이다🩶🩶,238,2026-07-07T10:37:41Z,46
Ugx-1VQcmuB-HhqqDGN4AaABAg,eeDdzUFGfcU,네네코 마시로,Neneko Mashiro,UNIVERSE,@Pon_Chike,꼬리 살랑살랑 진짜 귀여웠는데 이렇게 다시 볼 수 있으니 넘 좋다,39,2026-07-07T11:21:32Z,36
UgxKrGYf6auRH8wpYOd4AaABAg,eeDdzUFGfcU,네네코 마시로,Neneko Mashiro,UNIVERSE,@강민철의버튜버분석,궁디팡팡하고 싶네요,439,2026-07-07T11:17:57Z,10
Ugwq9w2AyvoFqijwNhJ4AaABAg,eeDdzUFGfcU,네네코 마시로,Neneko Mashiro,UNIVERSE,@dbgp67,누가 이렇게 귀엽나 했는데 시로였네 진짜 개쳐귀여움 ㅠ,73,2026-07-07T10:54:56Z,30
UgzGMIBzIY0MBRDVxQB4AaABAg,eeDdzUFGfcU,네네코 마시로,Neneko Mashiro,UNIVERSE,@유달-g2w,"와 이건 지짜 마로들 죽으라고 만든거지 찌로야ㅋㅋㅎ
진짜 이정도면 마로는 귀여워서 심장 멎어서 죽는다ㅋㅋㅋㅋㅋㅋ",6,2026-07-07T13:43:32Z,62
UgyQrtoo4Gmv2-AAZH54AaABAg,eeDdzUFGfcU,네네코 마시로,Neneko Mashiro,UNIVERSE,@날강민철두,시로 3D는 뭔가 더 귀여운 그 거시기가 있음,7,2026-07-07T13:11:13Z,25
UgxpZBounef_Vvz3O1J4AaABAg,eeDdzUFGfcU,네네코 마시로,Neneko Mashiro,UNIVERSE,@2010treble,와 시로는 ㄹㅇ 귀여움과 떽띠함 그 사이 무언가가 있다..,23,2026-07-07T12:17:26Z,32
UgyQqE2Ix0fGd3x3IwZ4AaABAg,eeDdzUFGfcU,네네코 마시로,Neneko Mashiro,UNIVERSE,@공냥-s6g5w,고양이가 울지도 않고 귀엽게 춤도 잘추네,49,2026-07-07T10:38:45Z,22
Ugy6W0mZltJuRauTIxN4AaABAg,eeDdzUFGfcU,네네코 마시로,Neneko Mashiro,UNIVERSE,@PiennaMaro,방금 시험 끝내고 폰을 딱 켰더니 시로3D 영상이?!,17,2026-07-07T11:55:34Z,29
UgzGTbnYQU3oWyPCNHJ4AaABAg,eeDdzUFGfcU,네네코 마시로,Neneko Mashiro,UNIVERSE,@느엥밍뿡빵에휴뇨배추,밍시로가 밍꼬리 흔드는거 너무 밍쳐귀여운밍밍밍밍,3,2026-07-08T11:22:02Z,26
UgymnySXF6FKHnYiWWR4AaABAg,eeDdzUFGfcU,네네코 마시로,Neneko Mashiro,UNIVERSE,@HebiSketch,귀여운 쇼츠는 언제나 환영입니다,10,2026-07-07T12:36:27Z,17
UgwwfRVXjjZEwQahFnR4AaABAg,eeDdzUFGfcU,네네코 마시로,Neneko Mashiro,UNIVERSE,@fnsjajfhdi,몸짓 하나하나가 너무 귀여운거 아니냐궁 ㅋㅋ,1,2026-07-26T13:42:30Z,24
UgwBiN7jKruk85qUwZh4AaABAg,eeDdzUFGfcU,네네코 마시로,Neneko Mashiro,UNIVERSE,@준영-o8z,몸짓 하나하나가 진짜 너무 귀엽다..ㅋㅋㅋㅋㅋㅋㅋㅋㅋㅋ미쳤지 고양이,1,2026-07-07T10:47:27Z,37
UgziiM2uZx95vEV5afl4AaABAg,eeDdzUFGfcU,네네코 마시로,Neneko Mashiro,UNIVERSE,@도파민에환장함,진짜 이 고양이는 개쳐귀여운 생명체다 하..,1,2026-07-15T03:53:11Z,24
UgyxBtnTFPvUFT0sa2V4AaABAg,eeDdzUFGfcU,네네코 마시로,Neneko Mashiro,UNIVERSE,@호호잇룰루,씰룩씰룩 웃으면서 춤 추는거 너무 귀엽자나!!!!!,1,2026-07-07T10:48:03Z,28
UgzRTgAQTGbkXVJqSiN4AaABAg,eeDdzUFGfcU,네네코 마시로,Neneko Mashiro,UNIVERSE,@화리_02,진짜 이렇게 밍쳐귀여워도 되는거임? ㅋㅋㅋㅋ,1,2026-07-07T10:56:43Z,24
Ugx8Y-NPQLsBrK53Ehh4AaABAg,eeDdzUFGfcU,네네코 마시로,Neneko Mashiro,UNIVERSE,@렌버-b9r,모캡 너무 귀엽고 자연스럽다 ㅋㅋㅋ,1,2026-07-08T01:29:26Z,19
UgxKMw3CNkrxaW1n-Eh4AaABAg,eeDdzUFGfcU,네네코 마시로,Neneko Mashiro,UNIVERSE,@성탄선물,"끼약~~~~~꼬리봐 
얼굴봐~ 귀여다잉 ~~! ㅋㅋㅋㅋㅋㅋㅋ",1,2026-07-09T11:51:30Z,33
UgzALzxk81b2bK9t7Ah4AaABAg,eeDdzUFGfcU,네네코 마시로,Neneko Mashiro,UNIVERSE,@아기찹쌀,"찌로 3D 특히나 더 귀여운 거 같아 ㅋㅋㅋㅋㅋㅋㅋㅋ
댄싱냥이 넘 귀엽땨!!!",0,2026-07-07T13:33:11Z,43
Ugyg8miID2iCi7VUgnF4AaABAg,eeDdzUFGfcU,네네코 마시로,Neneko Mashiro,UNIVERSE,@페토가되는거다,귀엽다고 밖에 할말이 없다,2,2026-07-07T14:03:11Z,14
UgyyNCS0w0a9ygMGkRl4AaABAg,eeDdzUFGfcU,네네코 마시로,Neneko Mashiro,UNIVERSE,@모로로로로로로로로롱,와 진짜 너무 귀엽다 ㅋㅋㅋ,1,2026-07-07T11:41:21Z,15
Ugx8GmHv9Hd5oJEg8sR4AaABAg,eeDdzUFGfcU,네네코 마시로,Neneko Mashiro,UNIVERSE,@maroname222,ㅋㅋㅋㅋㅋㅋㅋ 너무 귀여운거 아닙니까,0,2026-07-07T10:58:57Z,20
Ugx-aBtq4nJgOWyQv2p4AaABAg,eeDdzUFGfcU,네네코 마시로,Neneko Mashiro,UNIVERSE,@Grizzly-B-10,진짜 시로다워서 좋다 귀엽다 ㅋㅋㅋㅋ,0,2026-07-07T12:10:45Z,20
UgyRgswFxxqWGbIiRvl4AaABAg,eeDdzUFGfcU,네네코 마시로,Neneko Mashiro,UNIVERSE,@더블크림라떼,귀여워 ❤❤❤❤❤,2,2026-07-07T12:40:39Z,9
UgwCZVjf9FwermfvEtJ4AaABAg,eeDdzUFGfcU,네네코 마시로,Neneko Mashiro,UNIVERSE,@tierlehmann5736,와 밍덩이,2,2026-07-07T11:05:14Z,5
Ugx6dYnaeWh_w6O05t54AaABAg,eeDdzUFGfcU,네네코 마시로,Neneko Mashiro,UNIVERSE,@페황07,이 말도 안되는 귀여움은 뭐냐..!! 덕분에 최고로 *_High!_* 한 기분이다아아아아아아아아앙!!!!!!!,0,2026-07-08T00:55:00Z,61
UgwDt_gjhnSKJe0qk8Z4AaABAg,eeDdzUFGfcU,네네코 마시로,Neneko Mashiro,UNIVERSE,@_DoweN,진짜 너무 귀엽다 우리 찌로❤,0,2026-07-07T10:43:47Z,16
UgyrKxZEdNCIMbxWisB4AaABAg,eeDdzUFGfcU,네네코 마시로,Neneko Mashiro,UNIVERSE,@idbi2owqkkqjdk234,누가 이렇게 귀여우래!!!,0,2026-07-07T11:15:32Z,14
UgzN2TwKQWkywuPvoFt4AaABAg,eeDdzUFGfcU,네네코 마시로,Neneko Mashiro,UNIVERSE,@Inari-y1x,그냥 순수 귀엽다,1,2026-07-11T14:57:08Z,9
Ugyv8pmoR1SxZkV4pJh4AaABAg,eeDdzUFGfcU,네네코 마시로,Neneko Mashiro,UNIVERSE,@kishiro-sp6xl,살랑살랑 거리는 거 진챠 개커엽네ㅋㅋㅋㅋㅋㅋㅋㅋ,0,2026-07-07T14:37:33Z,26
Ugy_OBD6VVehqLf609h4AaABAg,eeDdzUFGfcU,네네코 마시로,Neneko Mashiro,UNIVERSE,@Kunnyanggang,너무 귀여웡❤❤❤,0,2026-07-07T11:07:37Z,9
UgyyuHqxLe4gfvw6wxV4AaABAg,eeDdzUFGfcU,네네코 마시로,Neneko Mashiro,UNIVERSE,@호루12,진짜 왤케 귀엽냐 ㅋㅋㅋㅋㅋㅋㅋㅋㅋ,0,2026-07-07T13:00:14Z,19
Ugz1AcUHf3Eun7esjmV4AaABAg,eeDdzUFGfcU,네네코 마시로,Neneko Mashiro,UNIVERSE,@부산비늘이,마리오 안된다고 울던 시로였는데 벌써 이렇게 귀여움이 가득하다니 ❤❤,0,2026-07-07T16:09:30Z,38
Ugw0UkRMoLxMhKXjcTl4AaABAg,eeDdzUFGfcU,네네코 마시로,Neneko Mashiro,UNIVERSE,@pastel-maro,진짜 너무 귀엽다ㅋㅋㅋ,0,2026-07-07T12:14:11Z,12
UgzxlvHznRHmEJm3MeJ4AaABAg,eeDdzUFGfcU,네네코 마시로,Neneko Mashiro,UNIVERSE,@kingha10_YouTube,너무 귀엽자너 ㅋㅋㅋ,0,2026-07-07T13:08:11Z,11
UgxEkMNJtN5dj-nhTT14AaABAg,eeDdzUFGfcU,네네코 마시로,Neneko Mashiro,UNIVERSE,@SeojinYoon-o2o,넘 귀엽다ㅏㅏㅏㅏ!,0,2026-07-07T11:58:05Z,10
UgzNMCBQhyWIepMk73J4AaABAg,eeDdzUFGfcU,네네코 마시로,Neneko Mashiro,UNIVERSE,@ramply_07,와 진짜 이만큼 귀여운 고양이가 또 있을까😊😊😊,0,2026-07-07T11:08:35Z,26
UgxSMGpQenMxhx_ZpDB4AaABAg,eeDdzUFGfcU,네네코 마시로,Neneko Mashiro,UNIVERSE,@Macarung,조선왕조실룩샐룩~~,4,2026-07-07T13:04:15Z,10
UgyRgsukIY8cLxOEOqF4AaABAg,eeDdzUFGfcU,네네코 마시로,Neneko Mashiro,UNIVERSE,@juyeon0222,아오 귀여워 ㅠㅠㅠㅠ,1,2026-07-07T13:18:21Z,11
UgxFPnZKvxRTHhJBbz94AaABAg,f7uaxrWNIdE,네네코 마시로,Neneko Mashiro,UNIVERSE,@쿠리미모린,노래들으려고 왔는데 밑에 있던 애개뤼 쩌ㅓㅓ억 보고 겁나 웃었네 ㅋㅋ,69,2026-06-10T14:43:17Z,38
UgwQx5ON9g8U9k8tRQR4AaABAg,f7uaxrWNIdE,네네코 마시로,Neneko Mashiro,UNIVERSE,@하루마로,"3주년 너무 축하하고 노래 선물도 고마워!❤
항상 시로 귀여운 목소리 들어서 행복해!😊",335,2026-06-10T13:04:43Z,48
UgwF4GrzdzThWzpqKl14AaABAg,f7uaxrWNIdE,네네코 마시로,Neneko Mashiro,UNIVERSE,@fero_owo,"우리가 변기에서 부터 3년을 봐왔다니 정말 놀랍구나
항상 귀여워서 우릴 웃게 해줘서 고마워🎉",24,2026-06-10T15:19:11Z,51
UgwXq0Bu0hf9zJS5unN4AaABAg,f7uaxrWNIdE,네네코 마시로,Neneko Mashiro,UNIVERSE,@짜장맛순대,"3주년 축하해 시로~~
마로라서 너무 행복해 항상 고마워!❤",10,2026-06-10T17:02:25Z,33
UgzjYzPMtu1QAZHsHXx4AaABAg,f7uaxrWNIdE,네네코 마시로,Neneko Mashiro,UNIVERSE,@롤하는_마로,"찌로님 3주년 축하해요~~🎉
악마가 아닌걸도 너무 잘 듣고 있는데 
악마가 아닌걸 올라온지 얼마나 됐다고 이런 깜찍한 노래를~~~
다시 한번 3주년 축하하고 언제나 응원합니다! 밍!",27,2026-06-10T13:19:34Z,101
UgxHFoOpMxMcV-WRYq94AaABAg,f7uaxrWNIdE,네네코 마시로,Neneko Mashiro,UNIVERSE,@김도영의버튜버분석,"다들 항상 얘기하는거지만 시로는 항상 곡 선택이 참 맛있단 말이죠

3주년 축하하고 계속해서 옆에서 똥겜 해줘🎉",10,2026-06-11T23:31:56Z,62
Ugw-rojhCCZitWE3JUx4AaABAg,f7uaxrWNIdE,네네코 마시로,Neneko Mashiro,UNIVERSE,@UCC탐험대원정은비,1:03 와…찌로야 어흐…너무 좋다 진짜로 사랑한다❤,37,2026-06-10T13:28:31Z,29
Ugwn1z2wp-JeDDxZ45Z4AaABAg,f7uaxrWNIdE,네네코 마시로,Neneko Mashiro,UNIVERSE,@MaroShiro,시로 유니버스 3주년 축하하고 항상 즐거운 하루 만들어줘서 고마워여ㅕ..,11,2026-06-10T14:01:15Z,40
UgwfLz4WZlavR6uj7nx4AaABAg,f7uaxrWNIdE,네네코 마시로,Neneko Mashiro,UNIVERSE,@Bomdoduk,시로 목소리랑 또 너무 잘어울리는 곡을 가져왔구나 3주년 축하해~!!,13,2026-06-10T13:05:04Z,38
Ugys-LpdwrPlocZwmG14AaABAg,f7uaxrWNIdE,네네코 마시로,Neneko Mashiro,UNIVERSE,@멜린코스멜,"시로야 3주년 축하해 마로를위해 커버곡 내줘서 감사합니다 방송매일챙겨보고있으니 
시로야 사랑해",5,2026-06-10T13:10:55Z,52
Ugwo5BA4J_nYVleM9T14AaABAg,f7uaxrWNIdE,네네코 마시로,Neneko Mashiro,UNIVERSE,@강민철의버튜버분석,시로처럼 달콤한 노래 좋네요 3주년 축하드립니다,6,2026-06-10T17:06:16Z,26
UgxgAnC0JNSN4kwrzx54AaABAg,f7uaxrWNIdE,네네코 마시로,Neneko Mashiro,UNIVERSE,@조원인g,3주년 정말 축하해~🎉🎉 노래 잘들을게 앞으로도 오래오래 같이하자🥰,8,2026-06-10T13:56:57Z,37
UgyhUz43dGu6hHEgppx4AaABAg,f7uaxrWNIdE,네네코 마시로,Neneko Mashiro,UNIVERSE,@pien_pienna,"3周年おめでとうございます！
Live見てました！カメラワークが見どころをばっちり捉えていて、みんなのかわいいところが完璧に映ってましたね！",5,2026-06-10T15:35:31Z,70
UgwiLgS-IycEDiVOGYp4AaABAg,f7uaxrWNIdE,네네코 마시로,Neneko Mashiro,UNIVERSE,@Irisia-f8m,"3주년 너무 축하합니다 시로의 귀여운 목소리를 항상 들을 수 있어서 너무 기뻐요
앞으로도 ㅎㅇㅌ 힘내요",2,2026-06-12T06:36:14Z,57
UgwPQkcr7hqLVEIx8rd4AaABAg,f7uaxrWNIdE,네네코 마시로,Neneko Mashiro,UNIVERSE,@강민철의버츄얼분석,시로 다운 정말 귀여운 노래의 선곡이네요. 3주년 너무 축하드립니다🎉🎉🎉,80,2026-06-10T13:38:34Z,40
UgyjrlKQxKNRQJqzpRN4AaABAg,f7uaxrWNIdE,네네코 마시로,Neneko Mashiro,UNIVERSE,@lune2082,"찌로넴~ 3주년 너무너무 축하해요!! 귀여운 고양이 시로님의 매력에 많은 힘을 얻어요!!
항상 좋은 방송과 노래로 저희 곁에 함께 해주셔서 너무너무 고마워요!!
앞으로도 저희 곁에서 오래오래 빛나주세요~ 저희도 항상 함께 곁에서 응원할게요.
3주년 다시 한 번 너무너무 축하해 🎉🎉",1,2026-06-11T13:22:29Z,157
UgwuGfnvyIP8nTmDfph4AaABAg,f7uaxrWNIdE,네네코 마시로,Neneko Mashiro,UNIVERSE,@わたあめ-e4t,日本から応援しています！,6,2026-06-11T01:50:02Z,12
UgwoW008GiNAEZSaFdB4AaABAg,f7uaxrWNIdE,네네코 마시로,Neneko Mashiro,UNIVERSE,@huhspyo,시로 데뷔 3주년 축하해🎉🎉,1,2026-06-10T13:06:31Z,15
Ugz0iNaGgUqmCKFX1a14AaABAg,f7uaxrWNIdE,네네코 마시로,Neneko Mashiro,UNIVERSE,@탁도리,역시 시로다운 너무 귀여운 노래다ㅋㅋ 3년동안 정말 고생 많았고 고마웠어 앞으로도 잘부탁해 기여운 매력덩어리 시로🤍,0,2026-06-11T16:25:44Z,64
Ugy07MVt-LAmdc_1S8J4AaABAg,f7uaxrWNIdE,네네코 마시로,Neneko Mashiro,UNIVERSE,@마황-222,유니버스 그리고 시로야 3주년 축하해 30주년이든 오래오래 함께하자,1,2026-06-10T13:01:45Z,37
UgwR1PHtyM7Jssdtt_N4AaABAg,f7uaxrWNIdE,네네코 마시로,Neneko Mashiro,UNIVERSE,@jinredrain1597,어째 이렇게 찰떡인 노래를 찾아오니,2,2026-06-11T11:28:30Z,19
UgzGEJxX_CY2lUSPiXB4AaABAg,f7uaxrWNIdE,네네코 마시로,Neneko Mashiro,UNIVERSE,@쿠리미모린,시로야 3주년까지 고생했고 귀엽고 귀엽다 고마워 시로야❤,1,2026-06-10T14:42:18Z,31
UgyOg187VACuS2RLKFh4AaABAg,f7uaxrWNIdE,네네코 마시로,Neneko Mashiro,UNIVERSE,@느엥밍뿡빵에휴뇨배추,"귀여워지고 싶다고???? 넌 이미 귀여워 찌로야ㅑ!!! 너무 귀여워서 복복복 해주고싶네ㅔㅔ
마찌로 2주년 유니버스 2주년 추카추카해해해해ㅐ!!!! 🎂 🥳 🎉",1,2026-06-11T23:15:07Z,87
UgxuM771Ko59OR9yspt4AaABAg,f7uaxrWNIdE,네네코 마시로,Neneko Mashiro,UNIVERSE,@pongdang03,"너 이외에는 전부 필요없어 나만을 계속 쫒아와줘<< 이 가사 진짜 좋네
시로가 하고 싶은 말 가사로 담긴 곡 고른거라니까 이게 시로의 뜻이겠지??
평생 쫒아갈거야 시로!!  3주년 축하해~",0,2026-06-10T13:05:10Z,105
UgwLhXQf6WsQ9SGTnYJ4AaABAg,f7uaxrWNIdE,네네코 마시로,Neneko Mashiro,UNIVERSE,@amz-xs,3주년 너무너무 축하하고🎉🎉 매일 노래 듣고 잘보구있으니깐 화이팅!!!!!,2,2026-06-12T13:05:49Z,41
UgznFnqvKNQsi54BSxx4AaABAg,f7uaxrWNIdE,네네코 마시로,Neneko Mashiro,UNIVERSE,@11nyeonsaengpastel,진짜 개커엽다ㅋㅋㅋㅋㅋ 👉🤪👉🤪,1,2026-06-17T03:42:07Z,17
UgwtIweAs55l_K9ojD94AaABAg,f7uaxrWNIdE,네네코 마시로,Neneko Mashiro,UNIVERSE,@진윤재-e7d,"벌써 시로를 알고 보낸 시간이 3년이 되었네 시간이 참 빠른 것 같아.
이제는 시로가 나의 일상에 빠질 수 없는 존재가 되었어.
3주년 축하하고 아프지 말고 오래오래 방송 해줘!
4주년 때도 고마워하고 축하해줄게 🎉",0,2026-06-10T22:08:28Z,120
UgzMhiehfJ26vd-PIzJ4AaABAg,f7uaxrWNIdE,네네코 마시로,Neneko Mashiro,UNIVERSE,@25세김호두,"시로야 3주년 축하해 🎉🎉🎉 어느새 시간이 3년이라는 시간이 흘럿는데 그동안 열심히 달려오느라 고생했고 앞으로도 잘 부탁해!!
항상 방송때마다 모든 시청자들한테 고마워하는 찌로라 방송키는 날엔 항상 보러가서 힐링하고 이써!!! 네가 마로들의 삶의 즐거운 이유 중 하나가 되어줘서 고마워!!",0,2026-06-10T20:09:35Z,161
Ugzl6zdDWB2Y9KAEPdF4AaABAg,f7uaxrWNIdE,네네코 마시로,Neneko Mashiro,UNIVERSE,@뿡순이1,ㅈㄴ귀여워서 깨물어버리고싶다,1,2026-06-10T13:21:33Z,15
UgwfQXvnip6b2_UjrBl4AaABAg,f7uaxrWNIdE,네네코 마시로,Neneko Mashiro,UNIVERSE,@_DoweN,"3주년 축하해!!🎉🎉
전하고 싶은 말이 가사에 담겨져 있다고 말해줘서 시로가 마로를 얼마나 생각해주고 아껴주는지 알것 같아
항상 고맙고 사랑해❤",0,2026-06-10T22:27:04Z,80
UgzNHy9leSrrmdTjahl4AaABAg,f7uaxrWNIdE,네네코 마시로,Neneko Mashiro,UNIVERSE,@bloverprimal5086,"3주년 🎉🎉🎉
밍 시 로",1,2026-06-10T16:48:35Z,13
UgwRz5b-ylX5tQwVlcB4AaABAg,f7uaxrWNIdE,네네코 마시로,Neneko Mashiro,UNIVERSE,@bakucook,1:08 얼마나 귀여워질지 감도안옴,1,2026-06-12T07:47:27Z,19
UgyY2pomulCKD1RN9jN4AaABAg,f7uaxrWNIdE,네네코 마시로,Neneko Mashiro,UNIVERSE,@7676ten,"네네코 마시로 3주년 축하해!
네번째 해도 함께 했으면 좋겠어!",12,2026-06-10T13:17:44Z,35
Ugz6gDB7ZiLEaqnB4Bp4AaABAg,f7uaxrWNIdE,네네코 마시로,Neneko Mashiro,UNIVERSE,@이파지와제네루-asq09,3주년 축하해🎉 시로를 만나서 행운이야. 함께 있어서 행복했어 그러니 앞으로도 행복하게 지내자,0,2026-06-10T14:11:06Z,52
Ugx_EzuENQcntDDF6G94AaABAg,f7uaxrWNIdE,네네코 마시로,Neneko Mashiro,UNIVERSE,@피황1001,오랜만에 솔로 커버곡이 나왔구나!! 밍사장 3주년 정말 축하하고 지친 하루였는데 이 커버곡 덕분에 행복해진것 같아 아리가또 밍사장,0,2026-06-10T13:44:14Z,72
UgxdOxpG37k2bodfUNF4AaABAg,f7uaxrWNIdE,네네코 마시로,Neneko Mashiro,UNIVERSE,@うっしーめがどん,すごくかわいいです！,1,2026-06-16T17:03:55Z,10
Ugw-Ko15fATH60HDR1V4AaABAg,f7uaxrWNIdE,네네코 마시로,Neneko Mashiro,UNIVERSE,@김도영-m2z,뭐야 노래 진짜 좋다 3주년 축하해요~,1,2026-06-10T17:20:28Z,21
UgzNSbMuGhz-2Xmgm5V4AaABAg,f7uaxrWNIdE,네네코 마시로,Neneko Mashiro,UNIVERSE,@KOREA_ROKA-2023,"3년동안 매일 힘들었을텐데 수고 많으셨습니다
앞으로도 즐겁게 방송하는 모습만 보겠습니다",1,2026-06-10T13:03:54Z,48
UgwUPrqO167qXOSUiAF4AaABAg,f7uaxrWNIdE,네네코 마시로,Neneko Mashiro,UNIVERSE,@히흐히흐히히,3주년 축하해 앞으로도 잘 부탁해 사랑해~ 세상제일고양이 마시로~,1,2026-06-10T13:53:03Z,36
Ugwv8jIUW7VEftnBqfV4AaABAg,f7uaxrWNIdE,네네코 마시로,Neneko Mashiro,UNIVERSE,@소무-u3m,유니버스 3주년 축하해!🍄🍄🎉,9,2026-06-10T12:59:49Z,16
Ugxcwe14E0nJtVndcax4AaABAg,yY_Al_ZYnvA,네네코 마시로,Neneko Mashiro,UNIVERSE,@PeliN-a4d,2:43 누나 나죽어,29,2026-07-05T09:47:33Z,11
UgwUtn420--W_7LRbIR4AaABAg,yY_Al_ZYnvA,네네코 마시로,Neneko Mashiro,UNIVERSE,@흔-c6l-q7l,3:04 아 난 찌그러지는게 왤케 좋지 ㅋㅋㅋ,36,2026-07-05T09:58:36Z,25
UgzDtqWd1Bc1SyTfIl14AaABAg,yY_Al_ZYnvA,네네코 마시로,Neneko Mashiro,UNIVERSE,@mongsil-u9z,4:40 편집 개맛있네 ㅋㅋㅋㅋㅋ 후야 렙보소 ㅋㅋㅋ,135,2026-07-05T10:08:57Z,29
Ugx7s-2u0dEngitPiGp4AaABAg,yY_Al_ZYnvA,네네코 마시로,Neneko Mashiro,UNIVERSE,@iinomico,"요새 밍튜브 참좋다

편집자 뽑는데 오래 걸리고 한동안 정상운영 안되길래 걱정이었는데 지금 제일 좋은거 같아

시로 특유의 병맛 개그만화 같은 묘한 공기랑 찰떡이라서 너무 좋다",689,2026-07-05T08:47:43Z,98
UgymjCIVp9-x4whvX9J4AaABAg,yY_Al_ZYnvA,네네코 마시로,Neneko Mashiro,UNIVERSE,@사탄-c9p,2:19 이런 냥아치라면 제 지갑을 바치겠습니다...,208,2026-07-05T09:41:21Z,29
UgyXkHeUvs7TC9rAH9B4AaABAg,yY_Al_ZYnvA,네네코 마시로,Neneko Mashiro,UNIVERSE,@스컬-SKULL,1:31 매력점,32,2026-07-05T08:44:43Z,8
UgzkpRt-bQlTQJpzzTN4AaABAg,yY_Al_ZYnvA,네네코 마시로,Neneko Mashiro,UNIVERSE,@뉠리리야-r4h,"영상 흐름이 진짜 스텔 멤버들 공식 유튜브 중 가장 수준급인듯
진짜 감탄만나온다",52,2026-07-05T16:26:09Z,44
UgyNjN99aSIKAe9xQwp4AaABAg,yY_Al_ZYnvA,네네코 마시로,Neneko Mashiro,UNIVERSE,@UCe1myrBIoHjE8xnifXGqUbA,2:56 존나 귀여워서 웃음을 참지 못했다,118,2026-07-05T08:49:10Z,23
UgwrJvUBBm2eKmB_2Kx4AaABAg,yY_Al_ZYnvA,네네코 마시로,Neneko Mashiro,UNIVERSE,@사람-j6c9q,편집 뭔가 옛날 유튜브 전성기 시절 나도 유튜버될꺼야 하던 꼬마애가 고도로 발전된 느낌인데 그때 그맛이 개맛있다 진짜,14,2026-07-05T16:19:42Z,65
UgwIabITDNg9KFb1psd4AaABAg,yY_Al_ZYnvA,네네코 마시로,Neneko Mashiro,UNIVERSE,@김보성-w3i,빙하기에 이런 특식이.. 맛있게 먹겠습니다,70,2026-07-05T08:45:08Z,23
UgwWF0ou9Lgu0Zmham54AaABAg,yY_Al_ZYnvA,네네코 마시로,Neneko Mashiro,UNIVERSE,@hu_nyang,5:53 의도치 않았는데 사길 잘한 이유가 추가 됐다 🤔,23,2026-07-05T08:45:08Z,31
Ugwa5761Xxbr-4dmaaF4AaABAg,yY_Al_ZYnvA,네네코 마시로,Neneko Mashiro,UNIVERSE,@Random-d8c2y,0:51 이것이 강자의 여유라는것이겠지요,22,2026-07-05T09:54:15Z,22
UgxQVnfXDKgnn5iozrt4AaABAg,yY_Al_ZYnvA,네네코 마시로,Neneko Mashiro,UNIVERSE,@404_N0tFound,6:54 옛날노래 한다고 화면비율 줄이고 클립제목 나오는 편집 감다살이네ㅋㅋㅋ,4,2026-07-05T10:20:37Z,43
UgwH6lkD62uKqW3sncV4AaABAg,yY_Al_ZYnvA,네네코 마시로,Neneko Mashiro,UNIVERSE,@Oled-n5q,0:44 시로야 네가 좀 더 좋아진것같아,8,2026-07-05T18:41:19Z,22
UgxRsqrCWc0QolJqRfB4AaABAg,yY_Al_ZYnvA,네네코 마시로,Neneko Mashiro,UNIVERSE,@정유진st,"2:27 냥아치 
2:45 여기있었구나 
진짜 밍쳐귀운게 매력 개터지네 미쳐찌",22,2026-07-05T08:40:48Z,43
UgxGiXGCQ6tkNdS3Ps14AaABAg,yY_Al_ZYnvA,네네코 마시로,Neneko Mashiro,UNIVERSE,@amz-xs,2:44 설렛다...,2,2026-07-05T16:41:45Z,11
UgzssHZVwwHpRGx65tp4AaABAg,yY_Al_ZYnvA,네네코 마시로,Neneko Mashiro,UNIVERSE,@찌질한얌뱃쭈_chikomaro,3:27 편집자 미친건가 ㅋㅋㅋㅋ,323,2026-07-05T10:47:23Z,18
Ugx9upgdVw4aKPVks5J4AaABAg,yY_Al_ZYnvA,네네코 마시로,Neneko Mashiro,UNIVERSE,@젤루좋아-k7o,밍동부 편집자분 너무 취저..ㅋㅋㅋㅋㅋㅋㅋㅋㅋㅋㅋㅋ,4,2026-07-08T04:05:09Z,28
UgzqnuuXJOlSIcYW8014AaABAg,yY_Al_ZYnvA,네네코 마시로,Neneko Mashiro,UNIVERSE,@poi056,기타치는 찌로 존귀네,16,2026-07-05T08:59:17Z,11
Ugx8jQw01fpCA0r7KYF4AaABAg,yY_Al_ZYnvA,네네코 마시로,Neneko Mashiro,UNIVERSE,@출근하러가는길,2:26 삼성페이 됩니꺼,2,2026-07-05T08:40:02Z,13
UgyQOy-S-da6lkcM5f14AaABAg,yY_Al_ZYnvA,네네코 마시로,Neneko Mashiro,UNIVERSE,@rm67-01,2:26 이런 요망한 2살 고양이 같으니라고!!,12,2026-07-05T10:00:01Z,26
UgwK3_FQqXwZr-a_WUR4AaABAg,yY_Al_ZYnvA,네네코 마시로,Neneko Mashiro,UNIVERSE,@우니뮤00,4:40 편집 미친거야? ㅋㅋㅋㅋㅋ 감탄밖에 안나오네,1,2026-07-05T19:28:22Z,29
UgyRros7PQsI70Iisr54AaABAg,yY_Al_ZYnvA,네네코 마시로,Neneko Mashiro,UNIVERSE,@Oled-n5q,2:21 내 마음도 줄게요,6,2026-07-05T18:43:37Z,14
Ugy-OD3J-DwR1yamn7l4AaABAg,yY_Al_ZYnvA,네네코 마시로,Neneko Mashiro,UNIVERSE,@to45abba,1:09 즉시 증명하는거 개웃기네 ㅋㅋㅋㅋ,2,2026-07-05T08:53:54Z,23
UgzOlX3MoKe7Qr6ik954AaABAg,yY_Al_ZYnvA,네네코 마시로,Neneko Mashiro,UNIVERSE,@아기찹쌀,"캡쳐 마구마구 했던 날 ㅋㅋㅋㅋ ❤
찌로 표정 넘 귀여워 ㅋㅋㅋㅋㅋ
우리의 꿈 부를 때도 세상 귀엽땨 ♡ ㅋㅋㅋㅋㅋ 새우냥이도 나오넹
이번에도 재미있게 봤어유!!",18,2026-07-05T08:37:37Z,90
UgzY4oIssCyGPFm2mZd4AaABAg,yY_Al_ZYnvA,네네코 마시로,Neneko Mashiro,UNIVERSE,@kirisameM342,1:17 쫑알쫑알하면서도 마로 부탁 다 들어주는 찌로,0,2026-07-07T17:38:05Z,29
UgwMQlqMx5cVPWdSnDt4AaABAg,yY_Al_ZYnvA,네네코 마시로,Neneko Mashiro,UNIVERSE,@PeliN-a4d,6:14 아이쇼 스피드 오열,13,2026-07-05T15:11:35Z,15
UgxVEshDd1Dwi-Wrdm14AaABAg,yY_Al_ZYnvA,네네코 마시로,Neneko Mashiro,UNIVERSE,@느엥밍뿡빵에휴뇨배추,이봐 양아치!,9,2026-07-05T08:52:08Z,7
Ugynjsj5NVR4LYz0nU54AaABAg,yY_Al_ZYnvA,네네코 마시로,Neneko Mashiro,UNIVERSE,@eric-ee5ut,1:04 이거 전에 공겜에서 할때도 독같앴는데 ㅋㅋㅋㅋㅋㅋㅋㅋㅋ,1,2026-07-05T08:47:22Z,35
UgzysZnMn--mx_N3SxZ4AaABAg,yY_Al_ZYnvA,네네코 마시로,Neneko Mashiro,UNIVERSE,@aster497,뭘 해도 귀여움이 빠질 수 없음 걍,6,2026-07-05T08:36:39Z,19
UgytCcG4XgUlDifUoe94AaABAg,yY_Al_ZYnvA,네네코 마시로,Neneko Mashiro,UNIVERSE,@스텔보는일반인,2:22 밍황극 개귀염네 ㅋㅋㅋㅋㅋ,0,2026-07-06T09:46:05Z,19
Ugw9ZxTYexKYLNeHB8p4AaABAg,yY_Al_ZYnvA,네네코 마시로,Neneko Mashiro,UNIVERSE,@아이디어뱅크-f3y,0:25 그렇게 귀엽게 얘기하지 마라고 ㅋㅋㅋㅋㅋㅋ,0,2026-07-06T11:24:41Z,28
UgygTSM4gVSASZYNSI14AaABAg,yY_Al_ZYnvA,네네코 마시로,Neneko Mashiro,UNIVERSE,@뱀엔코로,3:00 이 무친 고양이 ㅈㄴ 귀엽다 습박 진짜 날 얼마나 밍며들게 하려고,0,2026-07-05T19:36:11Z,41
Ugz2nkUJ22i4IPEJrJl4AaABAg,yY_Al_ZYnvA,네네코 마시로,Neneko Mashiro,UNIVERSE,@Asadal2333,6:55 밍피스 우리의 꿈,5,2026-07-05T08:45:41Z,14
UgyN_67XVFvEhgMT7pR4AaABAg,yY_Al_ZYnvA,네네코 마시로,Neneko Mashiro,UNIVERSE,@JHLee-w5v5n,6:26 땅콩뇌 인상적이다,0,2026-07-09T08:28:03Z,14
UgxlSwAWAhNcDSTkNNV4AaABAg,yY_Al_ZYnvA,네네코 마시로,Neneko Mashiro,UNIVERSE,@MoognDangE,3:34 조이랑 할때는 멜을 후픽하거나 아예 정화를 들도록 하자,1,2026-07-05T13:46:10Z,35
UgzXwdRVK-SRQBbQHnJ4AaABAg,yY_Al_ZYnvA,네네코 마시로,Neneko Mashiro,UNIVERSE,@루루애오-j3s,진짜 숨막히게 귀엽고 재밌어요ㅋㅋㅋㅋㅋㅋ,0,2026-07-05T09:21:15Z,22
Ugz6tKHTBF4n6JkPZX14AaABAg,yY_Al_ZYnvA,네네코 마시로,Neneko Mashiro,UNIVERSE,@ujuinpeto,2:28 진짜 귀엽고 잘어울리네 ㅋㅋㅋ,0,2026-07-05T19:44:47Z,21
UgwJ7_tHD0-7GsY6UbZ4AaABAg,yY_Al_ZYnvA,네네코 마시로,Neneko Mashiro,UNIVERSE,@bismarckar98k,2:43 드르륵....탁...드르륵....탁,0,2026-07-06T01:42:25Z,24
UgxFs5cj3MLkoWM-p3p4AaABAg,yY_Al_ZYnvA,네네코 마시로,Neneko Mashiro,UNIVERSE,@Dornenpfad,6:43 대충 네가 네가 하고 우는 고양이 짤,0,2026-07-14T02:29:02Z,25
UgzlqINcwTnJvD9F61h4AaABAg,D9OEykMduEU,아카네 리제,Akane Lize,UNIVERSE,@류한211,이걸 직접부르네ㅋㅋㅋㅋㅋㅋㅋㅋㅋㅋㅋㅋㅋㅋㅋㅋㅋ,1604,2026-07-11T05:35:28Z,25
Ugzv2BX-NlGWQAG0kU54AaABAg,D9OEykMduEU,아카네 리제,Akane Lize,UNIVERSE,@스윗-stel하트,콘서트 가야하는데 이거보고 지금깬 엥나들은  헉 ㄷㄷ,2319,2026-07-11T05:38:42Z,29
UgwzDdX4NNT5blfSXbt4AaABAg,D9OEykMduEU,아카네 리제,Akane Lize,UNIVERSE,@mongsil-u9z,리제는 직접 녹음했네 ㅋㅋㅋㅋㅋㅋㅋㅋㅋㅋㅋㅋ,476,2026-07-11T06:20:05Z,24
UgyELbrh16GOcCWwia14AaABAg,D9OEykMduEU,아카네 리제,Akane Lize,UNIVERSE,@페토가되는거다,콘서트 이전에 쇼츠 올리는건 스텔의 전통인 것인가,1254,2026-07-11T05:34:21Z,27
Ugzad8b5HsuIqDVRhqR4AaABAg,D9OEykMduEU,아카네 리제,Akane Lize,UNIVERSE,@쿠리미한_감자,이걸 직접 녹음하네 ㅋㅋㅋㅋㅋㅋㅋㅋㅋㅋㅋㅋㅋㅋㅋㅋㅋㅋㅋㅋ 웃참 어케했냐 ㅋㅋㅋㅋㅋㅋㅋㅋㅋㅋㅋ,595,2026-07-11T05:35:26Z,51
UgzubwU3AovkA9Zi27B4AaABAg,D9OEykMduEU,아카네 리제,Akane Lize,UNIVERSE,@강우1972,"콘서트 전에 이런 쇼츠를ㅋㅋㅋㅋ
잠이 확 깬다",300,2026-07-11T05:32:14Z,25
UgwAcvo5c1dCFIwLcEB4AaABAg,D9OEykMduEU,아카네 리제,Akane Lize,UNIVERSE,@Gureum_Haetae,이게 정녕 오늘 콘서트 하는 사람이냐,108,2026-07-11T06:54:23Z,20
UgyfG117mxFbvPjfKwR4AaABAg,D9OEykMduEU,아카네 리제,Akane Lize,UNIVERSE,@뿡타비,어.. 콘서트 3시간 남았네.. 출발 ㄹㅊㄱ,57,2026-07-11T05:58:50Z,24
Ugwvs9mEwhzvOn-dhF54AaABAg,D9OEykMduEU,아카네 리제,Akane Lize,UNIVERSE,@우는비버,진짜ㅋㅋㅋㅋㅋㅋㅋㅋㅋ 태극듀오 아니랄까봐ㅋㅋㅋ,139,2026-07-11T05:46:50Z,25
UgzMHOlCndVuYIYdqsp4AaABAg,D9OEykMduEU,아카네 리제,Akane Lize,UNIVERSE,@bcbda6491,오늘 콘서트에서 야르 라이브 함 조지죠,54,2026-07-11T05:39:04Z,21
Ugxa9mJuR05B005Glj94AaABAg,D9OEykMduEU,아카네 리제,Akane Lize,UNIVERSE,@AABBDDCCCC,이거 모닝콜로 쓰고싶다 ㅋㅋㅋㅋㅋㅋㅋ,18,2026-07-11T08:45:39Z,20
Ugw2MJZ2A0n1tlnzmap4AaABAg,D9OEykMduEU,아카네 리제,Akane Lize,UNIVERSE,@익명의바쿠,리제야 날씨가 미쳐 날뛰는구나,444,2026-07-11T05:34:15Z,16
UgynzFnJx8CA2Ehel8F4AaABAg,D9OEykMduEU,아카네 리제,Akane Lize,UNIVERSE,@Pillka_필카,콘서트다본기념 다시보는 엥나 손,12,2026-07-11T14:14:22Z,17
UgwrS6WbbkWkjK6bTDB4AaABAg,D9OEykMduEU,아카네 리제,Akane Lize,UNIVERSE,@정한신-o6o6m,덕분에 야르한 하루를 시작 할 수 있겠네요,8,2026-07-11T05:31:14Z,23
UgydmHoVr-TpXtY74S94AaABAg,D9OEykMduEU,아카네 리제,Akane Lize,UNIVERSE,@ttbi-oop,리제 목소리 들려서 개당황햇네 ㅋㅋㅋㅋㅋㅋㅋㅋ,7,2026-07-11T06:19:33Z,25
Ugz1Fz5nk3dG0Rnfoot4AaABAg,D9OEykMduEU,아카네 리제,Akane Lize,UNIVERSE,@흐접한스텔팬만화,ㅋㅋㅋㅋㅋㅋㅋㅋ 마지막이 느엥이 넘쳐서 아주 좋네요,3,2026-07-11T06:24:37Z,28
UgwU0N-hxxfqlozyMa94AaABAg,D9OEykMduEU,아카네 리제,Akane Lize,UNIVERSE,@poi056,ㅋㅋㅋㅋㅋㅋㅋㅋㅋㅋㅋㅋㅋㅋㅋㅋㅋㅋㅋㅋㅋㅋㅋㅋㅋㅋ 녹음직법한건가?,75,2026-07-11T05:37:16Z,35
Ugz6Vu7gS3emUhR3Hux4AaABAg,D9OEykMduEU,아카네 리제,Akane Lize,UNIVERSE,@2Naring,콘서트 파이팅 붉은 짱똘!!!!,7,2026-07-11T05:35:04Z,17
UgzooBAn15-Q9HlKL6F4AaABAg,D9OEykMduEU,아카네 리제,Akane Lize,UNIVERSE,@퓨전-y5n,뭐지 은근 킹받는 야르송은...리제 콘선트하면 이 노래 야르송 틀면 어떨까나 상상해봄.ㅋㅋㅋㅋㅋㅋㅋㅋㅋㅋ,1,2026-07-13T05:19:50Z,58
Ugxne8nSJkkCP42HE6d4AaABAg,D9OEykMduEU,아카네 리제,Akane Lize,UNIVERSE,@백혜아,야르르르르 못해서 야르으으으으ㅡㅡㅡㅡㅡ 하는거 진짜 ㅋㅋㅋㅋ,1,2026-07-11T07:12:19Z,33
Ugx71tdYZ3MCLX3SSiV4AaABAg,D9OEykMduEU,아카네 리제,Akane Lize,UNIVERSE,@버탘,"저거 녹음할땐 ㅋㅋㅋㅋㅋ했고 지금은 긴장했을 리제가 상상된다ㅋㅋㅋㅋ
화이팅 리제!",1,2026-07-11T06:05:19Z,45
UgyTgZv_lOVnLjKaWHh4AaABAg,D9OEykMduEU,아카네 리제,Akane Lize,UNIVERSE,@뿡댕이임다,이거 녹음하면서 혼자 몇 번을 빵 터졌을가 ㅋㅋㅋㅋㅋㅋ,1,2026-07-11T08:06:46Z,30
Ugz8aUlQxF0QacQXeDh4AaABAg,D9OEykMduEU,아카네 리제,Akane Lize,UNIVERSE,@usermind63,대기하다가 더운 와중에 쇼츠보고 많이 웃었어 ㅋㅋㅋ 콘서트 잘 보고 왔어,0,2026-07-11T14:20:47Z,40
Ugxsf8N-jyIrtjkTE7R4AaABAg,D9OEykMduEU,아카네 리제,Akane Lize,UNIVERSE,@양말푸들,"ㅋㅋㅋㅋㅋㅋㅋㅋㅋㅋㅋ이거 진짜 올려줬네 
업그레이드가 됬어 ㅋㅋㅋㅋㅋㅋㅋ",0,2026-07-11T07:18:27Z,40
UgyDc-_r_lIXz5n6YdN4AaABAg,D9OEykMduEU,아카네 리제,Akane Lize,UNIVERSE,@U2lov6262,ㅋㅋㅋㅋㅋ 진짜 야르~~~ 하게 기분 좋아진당,0,2026-07-11T08:07:50Z,25
UgxtrzFJaMyGgCPwhsB4AaABAg,D9OEykMduEU,아카네 리제,Akane Lize,UNIVERSE,@뽀얁_바라기,ㅁㅊ 귀여웅 ㅋㅋ,5,2026-07-11T05:45:16Z,9
UgyLWGck3AxusyI5EJp4AaABAg,D9OEykMduEU,아카네 리제,Akane Lize,UNIVERSE,@김강민-u4y,리제는 진짜ㅋㅎㅋㅎ너무 귀엽고 사랑스럽다❤❤❤,0,2026-07-12T03:27:00Z,25
Ugyi_AeEklZ6EneJAfN4AaABAg,D9OEykMduEU,아카네 리제,Akane Lize,UNIVERSE,@Whatare_you_looking-at,아 미친 콘서트 중간에 생각나서 미치는 줄 알았네 ㅋㅋㅋㅋ,2,2026-07-11T14:31:11Z,32
Ugx1nR0ZWxBq2IFCYWt4AaABAg,D9OEykMduEU,아카네 리제,Akane Lize,UNIVERSE,@스테이1001,덕분에 야르하게 콘서트 즐길수 있을거 같아요 감사합니다,0,2026-07-11T05:32:19Z,30
UgzRzGmD-oMslRzf3oF4AaABAg,D9OEykMduEU,아카네 리제,Akane Lize,UNIVERSE,@gdo3ej33,이걸 직접 부르네 ㅋㅋㅋㅋㅋㅋㅋㅋㅋㅋㅋㅋㅋㅋ,3,2026-07-11T10:51:54Z,24
UgxD5r7PcvTAZw22EHJ4AaABAg,D9OEykMduEU,아카네 리제,Akane Lize,UNIVERSE,@뿡빵사마,콘서트에서도 어떤 야랄을 보여주실지 기대가 되시네요...또 어떤 타비를 뛰어넘을 개야랄을 보여주십시요!,3,2026-07-11T05:34:45Z,57
UgxOZZ6XDsE9KpGZqDB4AaABAg,D9OEykMduEU,아카네 리제,Akane Lize,UNIVERSE,@Forever_Beside_Pastel,"왜 이걸 지금 봤을까;; ㅎㅎ 이것은 야르인가 야랄인가 ㅋㅋ






우리 천마님 화이팅!!!! 콘서트 고생하셨슴다!! 리제님!!🎉 ❤️",0,2026-07-23T13:17:08Z,77
UgwmhWv5D7zWT8XUWoV4AaABAg,D9OEykMduEU,아카네 리제,Akane Lize,UNIVERSE,@어흐흐흐흐흐,콘서트 전에 이런 영상을 올린다고? 게다가 직접 녹음하셨네 천마 존명! 그냥 미쳤죠?,0,2026-07-11T06:14:02Z,47
Ugzr7tgxZ51tCDW4Zgd4AaABAg,D9OEykMduEU,아카네 리제,Akane Lize,UNIVERSE,@middleschoolenna-q9h,소리를 켜보니 목소리가 리제네?ㅋㅋㅋ오히려 좋아,0,2026-07-11T06:04:59Z,26
UgwvPn-e3iCjMTnlBBV4AaABAg,D9OEykMduEU,아카네 리제,Akane Lize,UNIVERSE,@AqrLohengrin,ㅋㅋㅋㅋ 모닝콜 쓰고 있었는데 정식으로 올라왔네 ㅋㅋㅋ,0,2026-07-11T06:50:15Z,30
UgyUGolPD02tGo-UAMh4AaABAg,D9OEykMduEU,아카네 리제,Akane Lize,UNIVERSE,@시원-t8r,콘서트를 못간다ㅠㅠ 그래도 리제님 보니 야르~~,0,2026-07-11T15:39:07Z,26
UgzJAceofdMTAxVm9nB4AaABAg,D9OEykMduEU,아카네 리제,Akane Lize,UNIVERSE,@_By_chance_,진짜 이거 음원으로 알람하고 싶은데 너무 귀에 쏙쏙들어와요,0,2026-07-11T13:26:25Z,32
UgzDw4YY9Ntfqib2Aid4AaABAg,D9OEykMduEU,아카네 리제,Akane Lize,UNIVERSE,@서_리비,리제야 너무 귀엽쟈나 ㅋㅋㅋㅋ,0,2026-07-12T21:53:03Z,16
UgxKJWiEEiPH6571k-d4AaABAg,D9OEykMduEU,아카네 리제,Akane Lize,UNIVERSE,@brb_2357,정말 감동적인 곡이야..,2,2026-07-11T09:39:26Z,13
UgwsC33mecFG7Hbz_yR4AaABAg,TTHSIecBzhg,아카네 리제,Akane Lize,UNIVERSE,@승상육손,진짜 천마신교네ㅋㅋㅋㅋ,1774,2026-07-10T05:57:14Z,12
UgzdGnw_DjtQf8iC1qZ4AaABAg,TTHSIecBzhg,아카네 리제,Akane Lize,UNIVERSE,@nba9654,라이트팬들 콘서트 현장 ㅈㄴ 쉽지않을예정ㅋㅋㅋㅋㅋㅋㅋㅋㅋㅋㅋ,2832,2026-07-10T05:43:25Z,33
Ugxe0XRTat9gTy8VYFJ4AaABAg,TTHSIecBzhg,아카네 리제,Akane Lize,UNIVERSE,@ip_add_00,"이게 아이돌 콘서트야
천마신교 개파식이야",1439,2026-07-10T06:05:04Z,22
Ugy0n2z8h8cLmRWss1Z4AaABAg,TTHSIecBzhg,아카네 리제,Akane Lize,UNIVERSE,@Zero0Rei,"리제: 대답!!!
피엔나: 느엥~",1228,2026-07-10T06:04:36Z,18
Ugy-SMzox2oaiDFbrB54AaABAg,TTHSIecBzhg,아카네 리제,Akane Lize,UNIVERSE,@Bluue-SeaMew,이게 콘서트임 무림인 집회임ㅋㅋㅋㅋㅋㅋㅋㅋㅋㅋㅋㅋㅋㅋㅋㅋㅋㅋㅋㅋ,255,2026-07-10T09:09:17Z,35
UgxpzRNXeqtaUKzbxJl4AaABAg,TTHSIecBzhg,아카네 리제,Akane Lize,UNIVERSE,@TraderOfFun,"대답!
짱!돌!",586,2026-07-10T05:40:16Z,8
UgwUDG5bJpx_iTBAnQd4AaABAg,TTHSIecBzhg,아카네 리제,Akane Lize,UNIVERSE,@SilviaRequiem,무친 진짜로 천마가 되어버렸잖아 ㅋㅋㅋㅋㅋㅋㅋ,131,2026-07-10T06:29:02Z,25
UgzRRVQH1ebFuhZbAQZ4AaABAg,TTHSIecBzhg,아카네 리제,Akane Lize,UNIVERSE,@llll-zy7we,부끄러워서 못하겠어요 스트리머 아카네 리제님...,529,2026-07-10T05:54:04Z,27
Ugx0lrhmh0c7K7F6EHd4AaABAg,TTHSIecBzhg,아카네 리제,Akane Lize,UNIVERSE,@tentalove8620,내가 늙었다는걸 실감하게 만드네 진짜 ㅋㅋㅋㅋ,53,2026-07-10T07:10:00Z,25
UgwaoqZdda41Ec5vVkp4AaABAg,TTHSIecBzhg,아카네 리제,Akane Lize,UNIVERSE,@user-01-kr,실제로 생갇보다 잘했고 더 웅장해서 좋았다 캬ㅑㅑㅑ,7,2026-07-11T14:08:17Z,28
Ugwc3FJvDs81FH2xeXt4AaABAg,TTHSIecBzhg,아카네 리제,Akane Lize,UNIVERSE,@ASA27-sam,이거 단체로 하면 멋있긴할거같은데...묘하게 웃참들 하느라 힘들듯ㅋㅋㅋㅋㅋㅋㅋ,49,2026-07-10T07:11:27Z,43
UgzxhJDvsJ7fd3HDvaN4AaABAg,TTHSIecBzhg,아카네 리제,Akane Lize,UNIVERSE,@이연k,아직 콘서트 시작 안했는데 연습하니까 아랫집 사람이랑 4번 만났어! 엥나 잘했지? 이웃간의 인간관계까지 신경써주는 대 리 제,291,2026-07-10T06:05:43Z,69
Ugxnwdk7PQS2OvRIf7R4AaABAg,TTHSIecBzhg,아카네 리제,Akane Lize,UNIVERSE,@sottondfild,쉽지 않아 보이지만 다 같이 하면 저런 게 또 꿀잼이란 말이지 ㅋㅋㅋㅋㅋㅋㅋㅋ,151,2026-07-10T05:49:03Z,43
Ugyli6HG61ux-K7nXJR4AaABAg,TTHSIecBzhg,아카네 리제,Akane Lize,UNIVERSE,@ragdoll_garllnyang,그냥 군대를 만드셨네 개인 무기까지 쥐어주시고 ㅋㅋㅋㅋ 존명대대 ㄷㄷ,2,2026-07-11T14:10:50Z,38
UgxcteuhPfclP8ua9q54AaABAg,TTHSIecBzhg,아카네 리제,Akane Lize,UNIVERSE,@스윗-stel하트,"이거 온라인도 해당되는거지?
아랫집 올라오도록 세게 해볼게 ㅋㅋ",584,2026-07-10T05:58:38Z,35
UgzIYY9MFklQbLMWSpt4AaABAg,TTHSIecBzhg,아카네 리제,Akane Lize,UNIVERSE,@뿡타비,쿵.쿵.하.....쓰읍..조온....하아...며어엉..,6,2026-07-10T06:39:35Z,30
UgzyOwO8TLVKhjDhHXF4AaABAg,TTHSIecBzhg,아카네 리제,Akane Lize,UNIVERSE,@알테어카이앤,진짜 천마잖아 ㅋㅋㅋ,3,2026-07-10T09:34:18Z,11
UgyfYVTe7s_vYY1tMJx4AaABAg,TTHSIecBzhg,아카네 리제,Akane Lize,UNIVERSE,@태현김-d9k2n,"대답!
악! 60번 피엔나!
목소리봐 이거!",28,2026-07-10T05:52:57Z,24
UgymErBD-w8erH9eNN14AaABAg,TTHSIecBzhg,아카네 리제,Akane Lize,UNIVERSE,@윤병규-w7e,"제발~ 꼭!!!!!
무료 공개 부분에 해주세요~ 
드론 샷 겁나 기대중 ㅋㅋㅋ",2,2026-07-10T07:03:11Z,43
UgyNOuPEClAzaUs_NVx4AaABAg,TTHSIecBzhg,아카네 리제,Akane Lize,UNIVERSE,@성탄선물,"ㅋㅋㅋㅋㅋㅋㅋㅋㅋㅋㅋㅋㅋㅋㅋㅋㅋㅋㅋㅋㅋㅋㅋㅋ
스텔 마교 천마교주님 ㅋㅋㅋㅋㅋㅋㅋㅋㅋㅋㅋㅋㅋㅋㅋㅋㅋㅋㅋㅋ",2,2026-07-14T03:23:19Z,57
UgxTD8-xMvg23C7ui_14AaABAg,TTHSIecBzhg,아카네 리제,Akane Lize,UNIVERSE,@HANEL28,세계 최초 라이트팬+유입 다내쫓는 콘서트,2,2026-07-12T13:37:51Z,22
UgzxW-9VEWTuxDzhFT54AaABAg,TTHSIecBzhg,아카네 리제,Akane Lize,UNIVERSE,@Ssinsa,천마재림 만마앙복 성화강림 마도천하!!,5,2026-07-10T05:57:24Z,21
UgwNf4akb_XqjaoWxRF4AaABAg,TTHSIecBzhg,아카네 리제,Akane Lize,UNIVERSE,@lake0705,개씹덕가타여!,2,2026-07-10T16:25:11Z,7
UgxhJn5PxC3vqZcjF5d4AaABAg,TTHSIecBzhg,아카네 리제,Akane Lize,UNIVERSE,@yongin9303,아니ㅋㅋㅋㅋㅋㅋㅋㅋ 천마 취임식이네 ㄹㅇ ㅋㅋㅋㅋㅋㅋㅋ,2,2026-07-10T09:39:13Z,30
UgwPe_VzZbJMcynVJ6t4AaABAg,TTHSIecBzhg,아카네 리제,Akane Lize,UNIVERSE,@서메주-w3g,"아니 콘서트 하랬더니 개파식을 하네 ㅋㅋㅋㅋ




재밌겠다….",1,2026-07-10T12:40:34Z,35
UgzgoDb1QbHQPB-dUdp4AaABAg,TTHSIecBzhg,아카네 리제,Akane Lize,UNIVERSE,@RealPianos,드디어 한국에도 천마신교가 +_+,2,2026-07-10T11:50:55Z,18
UgwO39wGJqQUlkjDKUN4AaABAg,TTHSIecBzhg,아카네 리제,Akane Lize,UNIVERSE,@Watson-o1w,너무 짜쳐서 못따라하겠어요..,2,2026-07-10T10:26:40Z,16
Ugz4pzOgWSxF3lEXSKd4AaABAg,TTHSIecBzhg,아카네 리제,Akane Lize,UNIVERSE,@쥰-n6f,와 리제님 진짜 오타쿠같아요,2,2026-07-10T06:27:29Z,15
Ugwnan-FregrwO9fbmh4AaABAg,TTHSIecBzhg,아카네 리제,Akane Lize,UNIVERSE,@얼음깨줄때까지숨참음,아 나도 이런거 하고싶었다고 리제리제야.....,1,2026-07-11T05:10:32Z,26
UgzIxzZbJ6nrLCv-DhB4AaABAg,TTHSIecBzhg,아카네 리제,Akane Lize,UNIVERSE,@dva3105,다들 해서 할수 있었지 진짜 솔직히 하면서도 살짝 부끄부끄 했더랄까ㅋㅋㅋ,2,2026-07-12T12:27:26Z,40
UgwMzd1A-h7EVvb2XEZ4AaABAg,TTHSIecBzhg,아카네 리제,Akane Lize,UNIVERSE,@에러걸린브름이,마지막 출렁 어흐...,1,2026-07-10T12:18:38Z,12
Ugz96hdM8TyREUbPEfN4AaABAg,TTHSIecBzhg,아카네 리제,Akane Lize,UNIVERSE,@SYoukkid,존명 콘서트에서 실제로 한것도 쇼츠 올려주세용,1,2026-07-14T20:53:21Z,25
UgyZxbGVs0_RXLkfBbF4AaABAg,TTHSIecBzhg,아카네 리제,Akane Lize,UNIVERSE,@user-wldmsdlRt,어차피 몇몇 대문자 E 피엔나들이 하면 주변에서 다 따라할 예정이라 괜찮아 콘서트가면 생각보다 쪽팔린 거 없더라,5,2026-07-10T16:39:55Z,62
Ugyf-YTTt6TCCl4-Ebd4AaABAg,TTHSIecBzhg,아카네 리제,Akane Lize,UNIVERSE,@하늘-m6r4q,강사장 피셜: 쿵 쿵 존! 명! 할때 개부끄러워가지고 얼굴을 못들었다는....,3,2026-07-13T06:53:55Z,43
UgwgXSWTlrTr5Nj6In94AaABAg,TTHSIecBzhg,아카네 리제,Akane Lize,UNIVERSE,@독재-x6y,천마님 신나셨네,2,2026-07-10T06:40:00Z,8
UgyZQsWnYNaCrPZiwoV4AaABAg,TTHSIecBzhg,아카네 리제,Akane Lize,UNIVERSE,@서종주-u9z,"단체로 쿵쿵 하면 무서울것 같은데 ㅋㅋㅋㅋㅋㅋ
스파르타!",1,2026-07-10T13:01:36Z,31
UgxXnxnFBa2k2zsalAJ4AaABAg,TTHSIecBzhg,아카네 리제,Akane Lize,UNIVERSE,@퓨전-y5n,콘서트가는분들 고생이많아요!ㅋㅋㅋㅋㅋㅋㅋ,1,2026-07-13T05:34:00Z,22
UgwgLuEJMIisT_2ipRV4AaABAg,TTHSIecBzhg,아카네 리제,Akane Lize,UNIVERSE,@이크-y5i,저러면 난 가기 싫을듯,2,2026-07-11T02:51:04Z,12
UgzlOFXYH8QZkmPQyTR4AaABAg,TTHSIecBzhg,아카네 리제,Akane Lize,UNIVERSE,@아아아아아아-i4d,진짜 개재밌었는데 ㅋㅋㅋ첨에 봤을때 이걸어케하지하는데 실제로 하니까 재밌고 소속감이 생기더라ㅎㅎ,0,2026-07-11T17:40:44Z,53
UgzYja4N4-Tthes4tfN4AaABAg,TTHSIecBzhg,아카네 리제,Akane Lize,UNIVERSE,@미르뱀뱀이,ㅈㄴ 웅장하겠다 개 재밌겠네 그래 이맛에 콘서트가지,1,2026-07-10T06:29:27Z,28
UgxI8cxLm7Apa93rCYJ4AaABAg,3Y7Ek6YSGPE,아카네 리제,Akane Lize,UNIVERSE,@iiiiits_,선생님…❤사랑합니다 찬란하게 피어나십쇼!!!!!!💙💙💙🦋🦋🦋저에게 연락하셨으면 엠알이라도 보내드렸을텐데요ㅠㅠㅠㅠ감사합니다,3725,2026-07-04T13:02:56Z,67
UgwoBsgaIJHAblG4SJ94AaABAg,3Y7Ek6YSGPE,아카네 리제,Akane Lize,UNIVERSE,@grk-p1j,"무ㅜ야 하입돼서 들었는데 깜짝 놀람 
보통 유튜브에서 커버 하는 사람들 다 실력 별로라 안 들었는데 
이 사람 충격적으로 잘 부름..",43,2026-07-08T07:08:19Z,74
UgxdwGvC8oiw460X3iJ4AaABAg,3Y7Ek6YSGPE,아카네 리제,Akane Lize,UNIVERSE,@user-eh7gj4ff9j,와 일러도 레전드고 노래도 레전드고 그냥 이번거도 레전드다 갓리제,118,2026-07-04T12:17:08Z,36
Ugx2GaIi2OYMqjjzWPl4AaABAg,3Y7Ek6YSGPE,아카네 리제,Akane Lize,UNIVERSE,@흐접한스텔팬만화,같이보기를 보고 녹음한걸까? 우연의 일치일까? 😂,100,2026-07-05T00:51:13Z,27
UgwkidqvedHk_RlF2hR4AaABAg,3Y7Ek6YSGPE,아카네 리제,Akane Lize,UNIVERSE,@스윗-stel하트,"라이브때 들었던걸 이제 계속 들을수있다고?
당연히 들어야겠쥐~?",581,2026-07-04T11:25:18Z,35
UgwRGCCOEsKxjwfxPq94AaABAg,3Y7Ek6YSGPE,아카네 리제,Akane Lize,UNIVERSE,@늘졸린사람,안경 끼고 웃는 모습 진짜 너무 아름다우신 거 아니십니까,27,2026-07-05T07:52:32Z,31
UgzNqvVbLgGFYyhUWfd4AaABAg,3Y7Ek6YSGPE,아카네 리제,Akane Lize,UNIVERSE,@Chenna_Pastel,콘서트 준비하면서 커버곡 까지 끊임없이 찍어내는...역시 우리 천마님이느뇨!!,182,2026-07-04T11:56:39Z,43
UgxGPsl-1HbKiFtRX9h4AaABAg,3Y7Ek6YSGPE,아카네 리제,Akane Lize,UNIVERSE,@007kim4,와 일러도 안경낀거 너무 노래랑 찰떡임 실환가ㅜㅜ 너무 좋아요 청량 아련 그 자체다………,21,2026-07-05T10:05:54Z,49
UgyXZHiygeyiLGPhYjt4AaABAg,3Y7Ek6YSGPE,아카네 리제,Akane Lize,UNIVERSE,@holymolygwakamoly33,"우리의 짱돌이 파란 짱돌이 됐어요!
리제님 커버 너무 감사합니다, 너무 좋은 커버라 생각됩니다.
얼마남지 않은 콘서트 꼭 성황리에 마칠수있길 바라며 온라인에서 응원하고 즐기고 있을게요!
고마워요!",5,2026-07-06T08:56:23Z,109
UgzwbH0KX8pReTOFBuB4AaABAg,3Y7Ek6YSGPE,아카네 리제,Akane Lize,UNIVERSE,@날강민철두,리제 커버곡엔 깊은 감동이 있다,5,2026-07-04T13:07:51Z,17
UgxWh47kQqLiwsbYKsB4AaABAg,3Y7Ek6YSGPE,아카네 리제,Akane Lize,UNIVERSE,@치황-h1x,국가유산:리제님 목소리❤,10,2026-07-06T12:43:57Z,13
UgxhwdQSoMPfI1mI5M94AaABAg,3Y7Ek6YSGPE,아카네 리제,Akane Lize,UNIVERSE,@뿡빵사마,여름이 좋았는데 리제가 영원한 봄을 찾으라 해서 여름 버리고 영원한 봄 찾으러 가겠습니다,11,2026-07-04T12:42:09Z,49
UgxiMTjAFyMkqx40i4F4AaABAg,3Y7Ek6YSGPE,아카네 리제,Akane Lize,UNIVERSE,@Givemespear,와 이 사람 노래 잘한다.. 옛날에 락페에서 자우림 노래 처음 들었을 때 생각이 났습니다! ㅎㅎ,5,2026-07-05T11:26:53Z,53
UgyrCnpwDrLL8hwI8kx4AaABAg,3Y7Ek6YSGPE,아카네 리제,Akane Lize,UNIVERSE,@Ed123472,최근들었던 노래 중 제일 시원하고 걍 여름GOAT급 노래네,1,2026-08-06T09:11:38Z,32
UgzQrLWAUKrY0M1CkUF4AaABAg,3Y7Ek6YSGPE,아카네 리제,Akane Lize,UNIVERSE,@나마케모노,일러 넘 예쁘다 여름에 맞는 뮤비와 리제리제의 시원한 목소리 너무 좋느뇨,7,2026-07-06T23:57:26Z,40
Ugw7fW2uHpQdg4ugyLl4AaABAg,3Y7Ek6YSGPE,아카네 리제,Akane Lize,UNIVERSE,@25세김호두,와 홍대병이라 사람들이 청록 청록거려도 안들었는데 커버곡 나와서 들어보니까 캬ㅑㅑㅑㅑ 인생 개후회되네 이걸 안듣고있었다고..??,3,2026-07-06T12:25:16Z,71
UgyfV3B7KwxJ-OS_FXN4AaABAg,3Y7Ek6YSGPE,아카네 리제,Akane Lize,UNIVERSE,@숭-w7v,와 이 노래만 계속 듣고 있는데 들을 때마다 리제가 살린 디테일이라던가 뭔가 리제만의 무언가가 하나씩 느껴져서 너무 새롭다 리제야 너가 내 여름이야,8,2026-07-05T11:57:32Z,82
Ugw9aOuFMPrbnccf0014AaABAg,3Y7Ek6YSGPE,아카네 리제,Akane Lize,UNIVERSE,@LunaticFlower-r5m,아 청록이 '청록색'이 아니라 '청'(Blue) '록'(Rock) 이였구나,91,2026-07-05T05:40:05Z,41
UgzSwhSakYPo3Far7Cx4AaABAg,3Y7Ek6YSGPE,아카네 리제,Akane Lize,UNIVERSE,@rmsidwjsidrmfo,"캬 시원한 리제의 음색이 좋아❤❤
이번 커버곡도 넘 고마워여",7,2026-07-04T12:47:37Z,33
Ugz4cM9mqe9UBee2xAR4AaABAg,3Y7Ek6YSGPE,아카네 리제,Akane Lize,UNIVERSE,@moriHayashi-g3y,라이브로 노래방할 때 청록만 계속 계속 들었는데 이렇게 커버까지 나올 줄이야 감사합니다,4,2026-07-05T05:22:40Z,48
UgyiSBf7m3ymMno9F0R4AaABAg,3Y7Ek6YSGPE,아카네 리제,Akane Lize,UNIVERSE,@가을하늘_서고,둥근 안경 끼니까 진짜 새로운 매력이다 .. 일러스트도 너무 예쁘고 시원한 배경이라 리제님 목소리랑 잘 어울려서  좋네요.,5,2026-07-05T07:17:42Z,68
UgwlociTwT261-xkYGB4AaABAg,3Y7Ek6YSGPE,아카네 리제,Akane Lize,UNIVERSE,@LightUnderDawn,하루만에 10만 달성 끼얏호!!! 엥나들 청록 진짜 많이 기다렸구낭 ㅋㅋㅋㅋㅋㅋㅋㅋㅋㅋ 좋은 노래 커버해줘서 고마워 천마님!!,5,2026-07-05T11:57:14Z,70
UgxNMoDdeBKrbjQEphl4AaABAg,3Y7Ek6YSGPE,아카네 리제,Akane Lize,UNIVERSE,@stellive-8919,리제의 청순한 노래를 보여준 커버곡..! 고마워 리제야,3,2026-07-05T14:38:06Z,30
UgyohYiTwrc26lM6CwV4AaABAg,3Y7Ek6YSGPE,아카네 리제,Akane Lize,UNIVERSE,@코코임_coco,ㅁㅊㅁㅊㅁㅊㅁㅊ 진짜 안경 미치도록 예뿌네... 진짜 내아내임,2,2026-07-13T16:28:02Z,34
UgzagqdWjO0wqBMsTMB4AaABAg,3Y7Ek6YSGPE,아카네 리제,Akane Lize,UNIVERSE,@모네-t4p,진짜 리제 픽이 찐맛도리 픽임.. 귀 호강 매번 한다,3,2026-07-04T12:41:42Z,29
Ugx_zP2gbi3nj91fLJZ4AaABAg,3Y7Ek6YSGPE,아카네 리제,Akane Lize,UNIVERSE,@최종우-h6n,친구가 들어보라고 듣는 노래인데 너무 좋다.목소리에서부터 상쾌함이 터진다.❤,2,2026-07-06T15:30:30Z,42
UgxC874MVHXEaAYaCZl4AaABAg,3Y7Ek6YSGPE,아카네 리제,Akane Lize,UNIVERSE,@하이퍼까망님,고마워요!! 정식커버로 꼭 듣고 싶었어요!!,3,2026-07-04T12:46:35Z,24
UgztNR8KlFqd0cME2iV4AaABAg,3Y7Ek6YSGPE,아카네 리제,Akane Lize,UNIVERSE,@인과-u4x,그림체가 몽글몽글하네 디맥감성이라 해야하나 뭔가 추억돋는 그림체다,2,2026-07-06T12:54:00Z,36
UgyPYLo4OAB-8SF5FBx4AaABAg,3Y7Ek6YSGPE,아카네 리제,Akane Lize,UNIVERSE,@추억향-v1d,1:12 '푸'르른 할 때 느껴지는 수분감에서 오는 청량함 너무 좋다..,28,2026-07-05T04:27:22Z,40
Ugz8GKTshJTqS1WwRzB4AaABAg,3Y7Ek6YSGPE,아카네 리제,Akane Lize,UNIVERSE,@25세김호두,"콘서트의 여운이 아직도 가시지않아서 또 들으러 옴 하 ㅠㅠㅠㅠㅠㅠ 진짜 개멋있었고, 너무 잘부름 진짜 귀 호강 야무졌다",1,2026-07-13T09:34:01Z,66
UgxHEdD4LmSGEo6V9SZ4AaABAg,3Y7Ek6YSGPE,아카네 리제,Akane Lize,UNIVERSE,@지나가던피엔나_1,와 미친 진짜 드디어 떴다 ㅎㅎㅎㅎㅎ,3,2026-07-05T08:28:10Z,20
Ugznvcn_fYzIotTYHLV4AaABAg,3Y7Ek6YSGPE,아카네 리제,Akane Lize,UNIVERSE,@bmiller1066,타 버츄얼 팬이지만 이 분은 진짜 미치신 것 같음(p) 어떻게 노래를 이렇게 잘 부르시냐,0,2026-07-24T10:36:59Z,49
Ugz374PNTDMaEPLDpTh4AaABAg,3Y7Ek6YSGPE,아카네 리제,Akane Lize,UNIVERSE,@우주먼지-13,공짜의 퀄이 아니라서 양심적으로 데이터 키고 봤습니다 b,6,2026-07-06T22:11:44Z,31
Ugy5oc3RWdvftRwbzPV4AaABAg,3Y7Ek6YSGPE,아카네 리제,Akane Lize,UNIVERSE,@Guriandbna,와 키리누키만 열심히 들었는데 이걸 진짜로 녹음해주다니 감사합니다 오우,2,2026-07-04T12:53:50Z,39
Ugx-Ct4L82kUIkn2HQF4AaABAg,3Y7Ek6YSGPE,아카네 리제,Akane Lize,UNIVERSE,@Silverdori,예전 라이브 보고 감탄을 했었는데 이런 큰 선물을ㅜㅡㅜ,21,2026-07-04T11:49:35Z,30
UgwcajUOuHsPsgbqawZ4AaABAg,3Y7Ek6YSGPE,아카네 리제,Akane Lize,UNIVERSE,@dream_monster543,아니 어떡해 커버곡을 하나 할 때 마다 고점을 갱신하냐....이거 맞아 정리제.?❤❤,1,2026-07-08T02:16:27Z,47
UgxWt0MkN8oD4lfLirh4AaABAg,3Y7Ek6YSGPE,아카네 리제,Akane Lize,UNIVERSE,@dlvkflrkehl,노래 진짜 맛있게 부른다,2,2026-07-05T11:52:16Z,13
UgyHwDR0GMkvcVq1ARt4AaABAg,3Y7Ek6YSGPE,아카네 리제,Akane Lize,UNIVERSE,@백종원의버튜버분석,대강지 이런 명곡을 커버로 내라고 시키다니 대 강 지 그는 안산의 왕,1,2026-07-27T04:49:58Z,38
UgzdegIqHaBpd8PINpJ4AaABAg,3Y7Ek6YSGPE,아카네 리제,Akane Lize,UNIVERSE,@sujinchoi1297,"일러스트는 역대급으로 너무 예쁘게 잘 나왔고 안경 쓴 일러가 이렇게 잘 어울리다니 놀랍네요
라이브와는 또 다른 매력의 믹싱으로 더블링이 깔리니 청록 특유의 상쾌하고 청량한 느낌이 정말 너무 잘 살아나서 좋았습니다!",14,2026-07-04T15:51:07Z,120
UgxNuWR_YCIC7ofIKQt4AaABAg,3Y7Ek6YSGPE,아카네 리제,Akane Lize,UNIVERSE,@user-hodu1004,하루에 50번 이상은 들어야 만족감이 드는 최고의 목소리,1,2026-07-10T09:54:54Z,31
Ugxlpb14_oTI852_nJl4AaABAg,BJeJjfbM-XM,아카네 리제,Akane Lize,UNIVERSE,@HHHHHHHHHHHHHina,아 포테땅 리제 성대모사 개웃기네 진짜 ㅋㅋㅋㅋㅋㅋㅋㅋㅋㅋ,993,2026-07-20T06:01:51Z,32
UgyynQTLxFHpAYJBhFV4AaABAg,BJeJjfbM-XM,아카네 리제,Akane Lize,UNIVERSE,@스윗-stel하트,"""와, 사장님 정말 핵심을 찔렀어""",686,2026-07-20T05:37:16Z,19
UgzGD8pxRFH-IeBHUsV4AaABAg,BJeJjfbM-XM,아카네 리제,Akane Lize,UNIVERSE,@고무곰,근데 진지하게 말들어 먹고 따르는건 이업계에서 정말 흔하지않은 레어한 재능맞음 ㅋㅋㅋㅋㅋㅋㅋㅋㅋ,310,2026-07-20T07:45:01Z,53
UgxAEteBGCMkRC4Ez-h4AaABAg,BJeJjfbM-XM,아카네 리제,Akane Lize,UNIVERSE,@stella-00009,사장님 진짜 신이냐 다 모니터링 하네 ㄷㄷ,75,2026-07-20T09:55:06Z,23
UgxOIMUxoduzPqZgWy94AaABAg,BJeJjfbM-XM,아카네 리제,Akane Lize,UNIVERSE,@Varely258,엥나 고생은 사쵸가 다 알아주는구나 ㅋㅋㅋ,22,2026-07-20T09:58:28Z,23
UgwHg3KM2_B_4sQVuQ94AaABAg,BJeJjfbM-XM,아카네 리제,Akane Lize,UNIVERSE,@강우1972,"예측훈수 진짜 연습한다고
5초 미래시가 생겼습니다",640,2026-07-20T06:01:19Z,27
Ugz0K1750VPjEoe2zEV4AaABAg,BJeJjfbM-XM,아카네 리제,Akane Lize,UNIVERSE,@SwrfgUub-lh1bb,리제한텐 피엔나 밖에 없다 ㅇㅇ,32,2026-07-20T08:33:42Z,17
UgyPSe3zniavj-O3T2R4AaABAg,BJeJjfbM-XM,아카네 리제,Akane Lize,UNIVERSE,@날강민철두,사쵸 리제 개잘따라하네 ㅋㅋㅋㅋㅋㅋㅋㅋ,19,2026-07-20T15:10:53Z,21
UgwxmUa8b2SDYNhGURB4AaABAg,BJeJjfbM-XM,아카네 리제,Akane Lize,UNIVERSE,@kishiro-sp6xl,성대모사ㅋㅋㅋㅋㅋㅋㅋㅋㅋㅋㅋㅋㅋㅋㅋㅋㅋㅋ 역시 리잘알,27,2026-07-20T08:04:12Z,29
UgyZCtCPzaQ50o4RdER4AaABAg,BJeJjfbM-XM,아카네 리제,Akane Lize,UNIVERSE,@BBooNG-5375,지능 박살난 편ㅋㅋㅋㅋㅋㅋㅋㅋㅋ,18,2026-07-20T07:58:26Z,17
Ugwbhj5ZuvCmwvMQQUB4AaABAg,BJeJjfbM-XM,아카네 리제,Akane Lize,UNIVERSE,@He_황,아 우리가 뇌 역할이라고 ㅋㅋㅋㅋㅋ,9,2026-07-20T09:21:06Z,19
UgwNU66Get3S14gr4Hl4AaABAg,BJeJjfbM-XM,아카네 리제,Akane Lize,UNIVERSE,@Rser,속이뻥 ㅋㅋㅋㅋㅋㅋ,10,2026-07-20T08:59:59Z,10
Ugy-mcAOzNx94WH-Lo14AaABAg,BJeJjfbM-XM,아카네 리제,Akane Lize,UNIVERSE,@장승준-d9g,역시 똑똑한 사쟌님,5,2026-07-20T11:19:14Z,10
UgwEWEflsZUwdnxBwDx4AaABAg,BJeJjfbM-XM,아카네 리제,Akane Lize,UNIVERSE,@오빠달린다-g9p,바로 들켜버리기ㅋㅋㅋㅋ,5,2026-07-20T12:36:15Z,12
Ugy9gnYp5IGGOLcb3OV4AaABAg,BJeJjfbM-XM,아카네 리제,Akane Lize,UNIVERSE,@999masijjyeong,이게 다 피엔나들에게 미래시를 갖게 해주려는 천마님 특제 수련법인게지,2,2026-07-22T08:13:06Z,38
Ugzrs0qhplRzPJqk1LV4AaABAg,BJeJjfbM-XM,아카네 리제,Akane Lize,UNIVERSE,@R.FIREWOOD,둘 다 참 귀엽다는게 진짜 팩트ㅋㅋㅋ,2,2026-07-20T11:58:31Z,20
Ugyu0eBu8o456XxaS-V4AaABAg,BJeJjfbM-XM,아카네 리제,Akane Lize,UNIVERSE,@Sunam_Lee,완벽한 아카느엥 리제씨네요,3,2026-07-20T08:25:06Z,14
UgznFnl2nBUzEagxDwl4AaABAg,BJeJjfbM-XM,아카네 리제,Akane Lize,UNIVERSE,@TGNO08,진짜 리제 롤체할때랑 똑같네ㅋㅋㅋㅋ,3,2026-07-21T12:30:53Z,19
UgyYSGB2mlP2EKwmw4N4AaABAg,BJeJjfbM-XM,아카네 리제,Akane Lize,UNIVERSE,@guestaccounttemporary7658,"아, 귀여워라···!
두분 모두 좋아요~",1,2026-07-20T09:23:19Z,22
UgzSMRZ16ry0F2KmKjV4AaABAg,BJeJjfbM-XM,아카네 리제,Akane Lize,UNIVERSE,@justinjjeon5030,ㅋㅋㅋㅋㅋ사쵸 잘하신다 역시 0기생,1,2026-07-20T09:56:25Z,19
UgyfWAEBqvUMdyOzPP14AaABAg,BJeJjfbM-XM,아카네 리제,Akane Lize,UNIVERSE,@하창민-u6w,엥나들 속이 뻥~~ ㅋㅋ,1,2026-07-21T03:01:45Z,13
UgxGMGbJzZWaWl4z8vd4AaABAg,BJeJjfbM-XM,아카네 리제,Akane Lize,UNIVERSE,@느엥나-11,돌맹이는 뇌가 없어요 사장님..,3,2026-07-20T07:54:19Z,17
UgwUJLLy_h7Tev4ORYV4AaABAg,BJeJjfbM-XM,아카네 리제,Akane Lize,UNIVERSE,@Joshuatabi-0915,사쵸 정확한거 보소;; 근데 리제는 겜을 두손가락으로 한다고 하는거 보니 저정도로도 잘하는거 아닐까?,5,2026-07-21T03:42:59Z,56
UgwwHAHD726GXhwJxKN4AaABAg,BJeJjfbM-XM,아카네 리제,Akane Lize,UNIVERSE,@HanJinSoo3429,역시 엄마다… 딸의 행동들 죄다 파악하네 ㅋㅋㅋ,1,2026-07-21T03:54:05Z,26
UgxQRVRLPciVYVJ4Q-p4AaABAg,BJeJjfbM-XM,아카네 리제,Akane Lize,UNIVERSE,@chimesea608,ㅎㅎ 귀여우셔라,0,2026-07-21T10:40:37Z,8
Ugx8w-VjuY8DTFcmXut4AaABAg,BJeJjfbM-XM,아카네 리제,Akane Lize,UNIVERSE,@d.g.5959,리제 때문에 견문색 패기 각성했다니까 ㅋㅋㅋ,0,2026-07-20T09:34:16Z,24
Ugyk5jI_TRt9fATnO9t4AaABAg,BJeJjfbM-XM,아카네 리제,Akane Lize,UNIVERSE,@melomance8861,대리뇌라... 촉수여왕 리제는 군단이느뇨,0,2026-07-20T11:52:34Z,22
Ugw09XM5edXCwvXG-SJ4AaABAg,BJeJjfbM-XM,아카네 리제,Akane Lize,UNIVERSE,@eeedddeeefff,지능적인편 ㅋㅋㅋㅋ,0,2026-07-24T02:13:55Z,10
UgyxhqywMvX4Q48yv8Z4AaABAg,BJeJjfbM-XM,아카네 리제,Akane Lize,UNIVERSE,@happycnc-g7g,훈수를 원하는 스트리머는 첨보네ㅋㅋ개호감이다,0,2026-08-02T02:11:04Z,24
Ugx_DAuvZar5pNUInj94AaABAg,BJeJjfbM-XM,아카네 리제,Akane Lize,UNIVERSE,@qu_pray,"엥나들이 예측 훈수 한답시고, 미래시 개안해서 머리 터져나가던 그 참사를ㅋㅋ",0,2026-07-26T19:44:23Z,42
Ugw0GZNbTTYMj3Q6cBJ4AaABAg,BJeJjfbM-XM,아카네 리제,Akane Lize,UNIVERSE,@별꽃-m5k,짱귀엽네,0,2026-07-20T17:59:35Z,4
UgzyTLjtkTWudotVUBp4AaABAg,BJeJjfbM-XM,아카네 리제,Akane Lize,UNIVERSE,@jiwjnnwoj23,"뭐임?
이 분 진짜 경쟁에서 훈수받아서 랭크 올림?",1,2026-08-05T12:03:17Z,28
UgzMICjddcVjUEW90q94AaABAg,BJeJjfbM-XM,아카네 리제,Akane Lize,UNIVERSE,@MaroShiro,다 아는 사쵸 ㅋㅋㅋㅋㅋㅋ,0,2026-07-26T06:57:17Z,14
Ugxu70OQH-YeltYGI814AaABAg,BJeJjfbM-XM,아카네 리제,Akane Lize,UNIVERSE,@조크7294,"강G가 대신 다 말해주네 ㅋㅋㅋㅋㅋㅋㅋ
후련하다 ㅋㅋㅋㅋㅋㅋㅋ",0,2026-07-25T19:49:27Z,34
UgyZRxFLtdJZtUy7QrZ4AaABAg,BJeJjfbM-XM,아카네 리제,Akane Lize,UNIVERSE,@협상전문가P,"지 : ral하지 마세요
능 : 능지 없잖아요
라는 뜻이면 지능적이긴해",0,2026-07-20T10:51:14Z,39
UgxDfp546Zx5NZGS65N4AaABAg,BJeJjfbM-XM,아카네 리제,Akane Lize,UNIVERSE,@양말푸들,다행이다 누군가는 알아주는구나,0,2026-07-20T10:30:11Z,16
Ugywa5Mu911AaD2sxPJ4AaABAg,BJeJjfbM-XM,아카네 리제,Akane Lize,UNIVERSE,@sodan26,리잘알 사쵸,0,2026-07-20T05:41:38Z,6
Ugy22tUNHCd7J7K2sZ54AaABAg,BJeJjfbM-XM,아카네 리제,Akane Lize,UNIVERSE,@설경waxd,지능적이군요 (피엔나가),0,2026-07-25T00:42:13Z,13
UgzGMcAnqHMQLxw9XUd4AaABAg,BJeJjfbM-XM,아카네 리제,Akane Lize,UNIVERSE,@fx_kinrockstar,뇌대리는 리평~,0,2026-07-20T10:22:23Z,8
UgxH8MGN0ITk3avf3kJ4AaABAg,HbH5LgxkSm4,아라하시 타비,Arahashi Tabi,UNIVERSE,@나는페토될거야,"육수가 많아지니 육수통도 무거워져서 
이젠 야랄로 육수통 엎으려 해도 
엎어지지가 않네ㅋㅋㅋ",2090,2026-07-15T05:07:20Z,51
Ugw4oF3b7i6V3AOIQBF4AaABAg,HbH5LgxkSm4,아라하시 타비,Arahashi Tabi,UNIVERSE,@claudio-m8,ㅋㅋㅋㅋ아 나 순수재미라니까 ㅋㅋㅋㅋ,1729,2026-07-15T04:02:17Z,20
Ugw7T02K0Rdyqv798Zl4AaABAg,HbH5LgxkSm4,아라하시 타비,Arahashi Tabi,UNIVERSE,@이나리다-반갑고,애가요즘에 귀여워짐ㅋㅋㅋㅋ,423,2026-07-15T07:36:30Z,14
UgzJQezCQdd7O_vW9dt4AaABAg,HbH5LgxkSm4,아라하시 타비,Arahashi Tabi,UNIVERSE,@폭신폭신계란빵,꿍싯꿍싯하면서 바보털 흔들리는 거에 자꾸 눈이 가네 ㅋㅋ,93,2026-07-15T04:21:03Z,31
Ugw3-r60UfebIuLcBGB4AaABAg,HbH5LgxkSm4,아라하시 타비,Arahashi Tabi,UNIVERSE,@하얀콜라P,육수 끓으려면 불 꺼버리는게 불조절 야무지네ㅋㅋㅋㅋ,214,2026-07-15T06:37:53Z,28
UgyQh89drFDzdLjZqLR4AaABAg,HbH5LgxkSm4,아라하시 타비,Arahashi Tabi,UNIVERSE,@pongdang03,"아 진짜 이 폭신폭신한 그림체로 춤추는 타비 진짜 짱귀엽네 ㅋㅋ
근데 마지막은 또 왜그러냐고!",813,2026-07-15T04:01:36Z,52
UgxfE-FkjAJCjavcohx4AaABAg,HbH5LgxkSm4,아라하시 타비,Arahashi Tabi,UNIVERSE,@GET-TO,아 졸라귀엽고 졸라이쁘다,36,2026-07-15T08:25:42Z,13
UgwFRtUtBKcUYRsdnDR4AaABAg,HbH5LgxkSm4,아라하시 타비,Arahashi Tabi,UNIVERSE,@Visuki0116,그냥 귀여우려고 작정했구나,18,2026-07-15T07:51:22Z,14
UgyXFTG3WNHhZwtHgad4AaABAg,HbH5LgxkSm4,아라하시 타비,Arahashi Tabi,UNIVERSE,@He_황,샤갈 이젠 야랄이 나와도 짜증나지 않아,13,2026-07-15T13:14:45Z,21
Ugz8ZGtVh56omG83ugl4AaABAg,HbH5LgxkSm4,아라하시 타비,Arahashi Tabi,UNIVERSE,@eva-rei,"""야랄비는 서비스 종료다""",544,2026-07-15T04:40:27Z,14
Ugyh2V-XaR3uUvlho8t4AaABAg,HbH5LgxkSm4,아라하시 타비,Arahashi Tabi,UNIVERSE,@피황1001,얼굴이 왕커지니 왕귀여워짐,7,2026-07-15T08:20:57Z,14
UgzMnaY2xJW9CA2w--d4AaABAg,HbH5LgxkSm4,아라하시 타비,Arahashi Tabi,UNIVERSE,@hdgeefkl,아랼마저 귀여운 정타비...,8,2026-07-15T07:43:22Z,15
UgyfcB7ud5v1WiMV6BV4AaABAg,HbH5LgxkSm4,아라하시 타비,Arahashi Tabi,UNIVERSE,@Ss0ran_.g,말 그대로 꿍싯꿍싯이네 ㅋㅋㅋ 그림체 진짜 사기다,4,2026-07-15T04:18:00Z,27
UgweGX2sssfMLDB259F4AaABAg,HbH5LgxkSm4,아라하시 타비,Arahashi Tabi,UNIVERSE,@홍시의유튜버분석,이젠 야랄을 봐도 열받지가 않아...나 구불육 된거야?,2,2026-07-15T14:41:47Z,30
Ugwk6wwCn6PIXjLTjsh4AaABAg,HbH5LgxkSm4,아라하시 타비,Arahashi Tabi,UNIVERSE,@khw-z5v,육수통은 이정도로 엎어지지 않아! ㅋㅋㅋㅋ,3,2026-07-15T08:19:13Z,23
Ugwaxfjd1pCq8cy2EYN4AaABAg,HbH5LgxkSm4,아라하시 타비,Arahashi Tabi,UNIVERSE,@htrblue,이 형용불가한 귀여움은 뭐냐!!!,2,2026-07-15T08:21:06Z,18
Ugxy2oh1nnogDjOERtR4AaABAg,HbH5LgxkSm4,아라하시 타비,Arahashi Tabi,UNIVERSE,@묵섬,맨날 야랄하는것만 보다가  이런거 보다가   이런 귀여운거 보니 달달해 죽겠네 요새 왜이리 귀엽지?,0,2026-07-15T17:26:21Z,55
Ugw7mkttQ2shDzVwFcJ4AaABAg,HbH5LgxkSm4,아라하시 타비,Arahashi Tabi,UNIVERSE,@파스텔-뱀뱀이-Ky0211,ㅘㅏㅏㅏㅏ 개쳐귀엽다..,4,2026-07-17T14:27:47Z,13
UgwQhNCp6Ow6upYt6y94AaABAg,HbH5LgxkSm4,아라하시 타비,Arahashi Tabi,UNIVERSE,@jiwoo-meow,"아ㅋㅋ 개귀여워♡ 
아 마지막 뭐야 취소할래..",1,2026-07-15T09:56:58Z,26
UgzpAgXrnda_pvZ8D-R4AaABAg,HbH5LgxkSm4,아라하시 타비,Arahashi Tabi,UNIVERSE,@ion-c7j2q,아아..나리..순수재미는 어디 가시고 육수통만 남기고 가셨소..,0,2026-07-17T12:06:26Z,35
Ugx_M5UQGPnPLpbz1Wl4AaABAg,HbH5LgxkSm4,아라하시 타비,Arahashi Tabi,UNIVERSE,@kcr1515,뭔가 요즘 점점 귀여워지는거 같다 ㅋㅋ,0,2026-07-15T08:20:15Z,21
UgwFQUQZAXzaP6Ay-SZ4AaABAg,HbH5LgxkSm4,아라하시 타비,Arahashi Tabi,UNIVERSE,@15년생_오타쿠_알빠노,하찮은데 넘 기엽다 따비양 🩵🩵,1,2026-07-15T11:11:10Z,17
UgwPZ_9GxeHWnm5IcI94AaABAg,HbH5LgxkSm4,아라하시 타비,Arahashi Tabi,UNIVERSE,@느엥밍뿡빵에휴뇨배추,"ㅅㅂ 귀여운데....?
왜 야랄도 귀엽지....?
아니야 ㅅㅂ 나 구불욱 아니야!!!!!!!",9,2026-07-15T10:36:28Z,51
UgzgWjIwYliRfRi8bdV4AaABAg,HbH5LgxkSm4,아라하시 타비,Arahashi Tabi,UNIVERSE,@장문수-v3r,"어떡하냐 저것도 귀엽네
하아  재롱잔치 잘봤어요.",0,2026-07-18T12:37:17Z,27
UgwIt8YbQaNVNFX1UH54AaABAg,HbH5LgxkSm4,아라하시 타비,Arahashi Tabi,UNIVERSE,@RaBiLK-i7m,진짜 쇼츠 켤대마다 한번씩 나오는데 귀여워서 미치게 만드내 그만해!!!!,0,2026-07-17T01:03:01Z,40
UgyuXwHYBuHIDc9GvgR4AaABAg,HbH5LgxkSm4,아라하시 타비,Arahashi Tabi,UNIVERSE,@나마케모노,항상 느끼는 건데 타비는 아이돌 쪽에도 지식이 꽤 많아서 부르는 노래나 하는 챌린지같은 걸 보면 kpop 아이돌 관련한 게 참 많은 것 같음 ㅋㅋ,1,2026-07-16T01:54:32Z,81
UgxuHFKYyImy19y_JiB4AaABAg,HbH5LgxkSm4,아라하시 타비,Arahashi Tabi,UNIVERSE,@sandbro_KR1,타비양…그대를…내…안에 품고…싶소…,0,2026-07-16T07:20:14Z,19
UgzR37rL15z4xB2ydoR4AaABAg,HbH5LgxkSm4,아라하시 타비,Arahashi Tabi,UNIVERSE,@김준서-s9g9u,내 육수통이 금강불괴가 되버린것에 대하여....,1,2026-07-21T15:06:20Z,26
UgxXIl-RhTZeCvBkTod4AaABAg,HbH5LgxkSm4,아라하시 타비,Arahashi Tabi,UNIVERSE,@페토08,아 ㅋㅋㅋㅋㅋㅋ 나 순수재미로 가끔온다니까 ㅋㅋㅋㅋㅋㅋ,0,2026-07-15T09:25:34Z,30
UgxMXU-B7n5Xk4sEI6V4AaABAg,HbH5LgxkSm4,아라하시 타비,Arahashi Tabi,UNIVERSE,@KumoRin_jeongsil,타비야 너를 보면 구불육이 되버렷🥵🥵,1,2026-07-15T10:49:10Z,20
UgxQyabThuRWKW67_8J4AaABAg,HbH5LgxkSm4,아라하시 타비,Arahashi Tabi,UNIVERSE,@r1n행복한젤라또,와 ㅅㅂ 일러스트 구불육이 될수 밖에 없잖아요,1,2026-07-19T15:14:48Z,25
UgwReUi467jmNXOp-D14AaABAg,HbH5LgxkSm4,아라하시 타비,Arahashi Tabi,UNIVERSE,@루미-i4l,넘나 커엽다요... 제일 커여윤게 사시표정이라고 하면 믿겠습니까?,0,2026-07-15T14:25:16Z,36
Ugy6sLjXpoubN4UsaN14AaABAg,HbH5LgxkSm4,아라하시 타비,Arahashi Tabi,UNIVERSE,@바람을모르는뿡황,와 개쳐귀엽네 하고 있었는데 마지막에 육수통을 거하게 엎구나,0,2026-07-15T09:52:23Z,33
UgxjhCwtWQh07R2zMJZ4AaABAg,HbH5LgxkSm4,아라하시 타비,Arahashi Tabi,UNIVERSE,@버튜버탐방견뽀삐,"아니 타비 괄사 받고 머리 ㅈㄴ 퐁실퐁실하져서 
ㄱ쳐귀여워 ㅠㅠㅠㅠ",0,2026-07-15T12:22:39Z,37
UgwsEt7evRbJmavwgid4AaABAg,HbH5LgxkSm4,아라하시 타비,Arahashi Tabi,UNIVERSE,@선플낭만열사,ㅋㅋㅋㅋㅋㅋㅋ 귀엽고 예쁘다 했더니 역시나 야랄을 포기하지 못했구나 ㅋㅋㅋㅋㅋㅋㅋㅋㅋ,0,2026-07-28T13:01:07Z,47
Ugww-xxxJ3USnnEdFTx4AaABAg,HbH5LgxkSm4,아라하시 타비,Arahashi Tabi,UNIVERSE,@차승준-m9g,아니 진짜 먼짓을 해도 육수가 우려지는게 ㄱ신기하네. 모델링 해주신 분에게 절해야되겠다. 쇼츠 제작자분에게도 추가로 하고,0,2026-07-17T02:41:01Z,67
UgzwE-Kx0MrFZI-HK3V4AaABAg,HbH5LgxkSm4,아라하시 타비,Arahashi Tabi,UNIVERSE,@루프탑8290,중약불 맞추고 귀여움msg 추가하는 크으... 이게 육수우리는 비법레시피인가요?,0,2026-07-15T08:34:13Z,44
UgwSnLWJlZNLoiz3y1t4AaABAg,HbH5LgxkSm4,아라하시 타비,Arahashi Tabi,UNIVERSE,@뜨헉아니이것은,첫번째 도대체 퀄이...어떤 대머리 애니보다 좋네,2,2026-08-05T07:43:33Z,27
UgzoJ5LSGYK4HBGsnMJ4AaABAg,HbH5LgxkSm4,아라하시 타비,Arahashi Tabi,UNIVERSE,@user-ri7jt3rj7f,분명히 하는 행동은 전과 비슷한데 왜 모든행동이 귀엽고 사랑스럽지,0,2026-07-18T07:17:27Z,36
Ugxuc02q7oqjJKi9Vq54AaABAg,HbH5LgxkSm4,아라하시 타비,Arahashi Tabi,UNIVERSE,@성탄선물,쥰내 귀엽네 진짜 손 잡고 비행기 태우고 싶네,1,2026-07-24T16:26:13Z,25
UgwuKTwpo2AnxabF4eZ4AaABAg,KxG2L57W0SQ,아라하시 타비,Arahashi Tabi,UNIVERSE,@Laurel-ub2he,며칠 육수 우리더니 이제 슬슬 육수통 엎을때가 됐긴했어 음음,1979,2026-06-29T03:50:07Z,33
Ugw_YOcypHapRruPqmR4AaABAg,KxG2L57W0SQ,아라하시 타비,Arahashi Tabi,UNIVERSE,@나는페토될거야,기다렸는데 반갑진않은 이 느낌은 뭘까..,2511,2026-06-29T03:52:59Z,22
Ugw16pDl5xeesL07lwF4AaABAg,KxG2L57W0SQ,아라하시 타비,Arahashi Tabi,UNIVERSE,@주하영-g3w,이판사판 순수지랄을 전개해버리네,760,2026-06-29T03:50:56Z,17
Ugx13-GeKyFs32lnDq14AaABAg,KxG2L57W0SQ,아라하시 타비,Arahashi Tabi,UNIVERSE,@노튜브TV,왔구나... 야랄의 악마,1179,2026-06-29T03:45:59Z,13
UgzwuG3upnPT9Ed9nD54AaABAg,KxG2L57W0SQ,아라하시 타비,Arahashi Tabi,UNIVERSE,@ARAhHASHI-KANNA,그래 슬슬 야랄이 올 때가 됐었어ㅋㅋ,347,2026-06-29T03:55:12Z,20
UgwQd5-lUirKckEGvzJ4AaABAg,KxG2L57W0SQ,아라하시 타비,Arahashi Tabi,UNIVERSE,@진짜칼강,이게 치팅데이라는 건가,163,2026-06-29T08:19:12Z,12
UgxP85Pl4W3p97F7dhx4AaABAg,KxG2L57W0SQ,아라하시 타비,Arahashi Tabi,UNIVERSE,@oooplp5-7,ㅅㅂ 존나 웃기네ㅋㅋㅋㅋㅋ,202,2026-06-29T04:30:34Z,14
UgxUqFiZXOIisyulTOR4AaABAg,KxG2L57W0SQ,아라하시 타비,Arahashi Tabi,UNIVERSE,@두두다다다-r9e,돌아왔구나 정타비,66,2026-06-29T03:50:08Z,9
UgysRFRLZoBLPW76rhh4AaABAg,KxG2L57W0SQ,아라하시 타비,Arahashi Tabi,UNIVERSE,@_Ha_mong,세상에 내가 모르는 야랄유토피아가 있어서 이런게 계속 나오는거임..? 대체 무슨..,91,2026-06-29T03:47:49Z,46
Ugw7GPVY_ebDUruJHFJ4AaABAg,KxG2L57W0SQ,아라하시 타비,Arahashi Tabi,UNIVERSE,@kamito_90,저 통통튀는 타비가 개쳐열받네 ㅌㅌㅋㅋㅋㅋ,95,2026-06-29T03:47:28Z,23
UgxULVORinPW2tKfbgZ4AaABAg,KxG2L57W0SQ,아라하시 타비,Arahashi Tabi,UNIVERSE,@파스텔이될거야,야르송 처음봤을때 타비가 생각났다면 믿어줄래?,49,2026-06-29T07:16:04Z,25
Ugyoc7jJwHszulkMiIB4AaABAg,KxG2L57W0SQ,아라하시 타비,Arahashi Tabi,UNIVERSE,@이서준tv,내가 본 야랄증에 제일 야랄맞는 야랄임 조끼세요,33,2026-06-29T07:25:11Z,26
UgzWb0ertr0G53Hi-gd4AaABAg,KxG2L57W0SQ,아라하시 타비,Arahashi Tabi,UNIVERSE,@하얀콜라P,이야 오랜만에 야랄쇼츠라 좀 반갑네ㅋㅋㅋㅋ,31,2026-06-29T03:47:25Z,23
Ugwn3hyb13FqgfGVx7l4AaABAg,KxG2L57W0SQ,아라하시 타비,Arahashi Tabi,UNIVERSE,@mongsil-u9z,허허... 방송과의 괴리감이 더 커져버렸군,28,2026-06-29T05:29:38Z,23
UgwlKHFn9G8m8YdIXsl4AaABAg,KxG2L57W0SQ,아라하시 타비,Arahashi Tabi,UNIVERSE,@바황-0707,"아니 시불 타비야 그래 이맛이지 역시 우린 야랄이 맞아 ㅋㅋㅋ 아 듣다보니 쥰내 웃기네 ㅋㅋㅋ
순수 재미들아 다시 살아나라",281,2026-06-29T04:58:17Z,68
Ugxpw9Jd9lq_MreVhVt4AaABAg,KxG2L57W0SQ,아라하시 타비,Arahashi Tabi,UNIVERSE,@사탄-c9p,요즘은 느끼지 못하는 따비의 맛 이거거덩요,18,2026-06-29T04:09:22Z,23
UgxrC59c6aqJJABGhPt4AaABAg,KxG2L57W0SQ,아라하시 타비,Arahashi Tabi,UNIVERSE,@스톰이,"""아니 이 귀하게 끓인 육수를 왜 엎는거니 타비야!""

하지만 냄비속에 육수는 끄떡없다는듯 냄비통 안을 지켰어요.
이미 육수는 구불육이 되어 떨어질 생각을 하지 못했기 때문이죠",10,2026-06-29T09:52:02Z,98
UgzbwoR1P72sUNmCt9N4AaABAg,KxG2L57W0SQ,아라하시 타비,Arahashi Tabi,UNIVERSE,@플로로21,야랄은 역시 정타비,49,2026-06-29T03:55:46Z,10
UgzoAFyFmeToIB9sfnJ4AaABAg,KxG2L57W0SQ,아라하시 타비,Arahashi Tabi,UNIVERSE,@KIMUMU,야르하시 타비님.,15,2026-06-29T07:20:28Z,9
UgzJpCBHYuTFX_n5PWR4AaABAg,KxG2L57W0SQ,아라하시 타비,Arahashi Tabi,UNIVERSE,@그저파스텔인짱똘,이럴때는 전부 순수재미같지만 결국 구불육인걸,9,2026-06-29T07:38:03Z,24
UgwWd2_7tqykQXjb7ul4AaABAg,KxG2L57W0SQ,아라하시 타비,Arahashi Tabi,UNIVERSE,@urnon_E,왜이렇게 볼수록 중독되냐ㅋㅋㅋㅋ 알고리즘 뜰때마다 누르게되네ㅋㅋ,10,2026-06-30T19:22:38Z,35
Ugx6Wb_B9ue-GtYL4R14AaABAg,KxG2L57W0SQ,아라하시 타비,Arahashi Tabi,UNIVERSE,@안녕_뿡빵띠,? 공식이구나 기대 많이했다,8,2026-06-29T03:45:48Z,15
UgzDVeGaJtFyjE_Wv9p4AaABAg,KxG2L57W0SQ,아라하시 타비,Arahashi Tabi,UNIVERSE,@전자비-6s,오랜만에 느껴보는 야랄의 맛이네 ㅋㅋㅋ,7,2026-06-29T03:52:39Z,21
UgzRvC3TrtrAQTAG8S54AaABAg,KxG2L57W0SQ,아라하시 타비,Arahashi Tabi,UNIVERSE,@Black_Durumi,"아 이거 존나 웃기네 ㅋㅋㅋㅋㅋㅋㅋㅋㅋㅋ
순수 야랄 goat 정타비 ㅋㅋㅋㅋㅋㅋㅋㅋ",5,2026-06-29T06:57:41Z,46
UgwlTuz2A7Zh81bBIPd4AaABAg,KxG2L57W0SQ,아라하시 타비,Arahashi Tabi,UNIVERSE,@파란치코,와 보고싶었어…타비야…드디어…돌아왔구나…사랑한다…,5,2026-06-29T06:46:53Z,27
Ugy_2YFpeDH6dWb-1PJ4AaABAg,KxG2L57W0SQ,아라하시 타비,Arahashi Tabi,UNIVERSE,@00said00-x2u,야랄송ㅋㅋㅋ,10,2026-06-30T10:57:03Z,6
UgzIonTiLQ36GjSu1Md4AaABAg,KxG2L57W0SQ,아라하시 타비,Arahashi Tabi,UNIVERSE,@sonny02-super,이번건 알고리즘이 떠먹이기 전에 제발로 스스로 걸어 들어왔습니다.,3,2026-06-29T04:18:55Z,36
UgywhdammOPQQuSkbJx4AaABAg,KxG2L57W0SQ,아라하시 타비,Arahashi Tabi,UNIVERSE,@정만돌-0819,"육수통 엎어뜨리기 위해서 최선을 다하는 
너의 이름은 정타비",1,2026-07-01T01:09:27Z,33
UgyGZ9ON1Uwh8IO-AH14AaABAg,KxG2L57W0SQ,아라하시 타비,Arahashi Tabi,UNIVERSE,@백일홍-o4j,진짴ㅋㅋ 그래 이맛이지 익숙하지만 약간 이상한 냄새나는거 같은 맛 ㅋㅋㅋ,4,2026-06-29T10:17:14Z,40
UgyP5np6djPPyDCoP3B4AaABAg,KxG2L57W0SQ,아라하시 타비,Arahashi Tabi,UNIVERSE,@오냐덤벼라딸딸딸-892,님들 이거보고 안심하는거 가스라이팅임... 매맞는 아내가 남편이 오랜시간 안때리면 불안해지고 맞으면 아 이제 당분간은 안맞겠지 하고 안도하는 증상이랑 똑같은거임...눈을 뜨셈...,1,2026-06-29T04:42:20Z,100
Ugzq7GkvraQihOGqje94AaABAg,KxG2L57W0SQ,아라하시 타비,Arahashi Tabi,UNIVERSE,@페토가되는거다,오타비 돌아왔구나,6,2026-06-29T04:45:12Z,9
UgwWySQvP3X84nrKzfV4AaABAg,KxG2L57W0SQ,아라하시 타비,Arahashi Tabi,UNIVERSE,@민물에사는고래,원기옥이 이거였구나,5,2026-06-29T07:34:40Z,10
UgxgxGVF83qO2FuKriF4AaABAg,KxG2L57W0SQ,아라하시 타비,Arahashi Tabi,UNIVERSE,@프세카26인오시가되,야르랑 야랄이 같은거였구나(?) ㅋㅋㅋㅋㅋㅋ,4,2026-06-29T06:28:03Z,24
UgwfxZv29gUut5SQg8d4AaABAg,KxG2L57W0SQ,아라하시 타비,Arahashi Tabi,UNIVERSE,@saisi-사이시,불끄고 육수통을 엎으려해도 좋아하는분들이 아마테라스를 써버리네ㅋㅋ,1,2026-07-22T10:42:46Z,36
Ugxk8VTFtzLpWZE3bIB4AaABAg,KxG2L57W0SQ,아라하시 타비,Arahashi Tabi,UNIVERSE,@Joshuatabi-0915,익숙한 맛이군..,3,2026-06-29T19:25:57Z,9
UgyzyQFh9LnvT6Jyh3l4AaABAg,KxG2L57W0SQ,아라하시 타비,Arahashi Tabi,UNIVERSE,@호기심-v3x,도대체 이거 만든분은 누굴까...근데 중독된다 유행중 두번 듣고 증독되는건,1,2026-07-12T11:15:35Z,41
UgxILYvuE4x751TphbF4AaABAg,KxG2L57W0SQ,아라하시 타비,Arahashi Tabi,UNIVERSE,@서프라이즈-g6v,.....귀여워 보이는...,3,2026-07-01T10:25:51Z,15
UgzuV_deL3dS-Sf6FRB4AaABAg,KxG2L57W0SQ,아라하시 타비,Arahashi Tabi,UNIVERSE,@jangseokwoo1004,이랄 줄 알았다....,1,2026-07-15T12:37:50Z,12
Ugz8MkuDrZHi0exY_5F4AaABAg,KxG2L57W0SQ,아라하시 타비,Arahashi Tabi,UNIVERSE,@jaylee0309,TMI: 이게 일상이다.,3,2026-06-29T05:45:40Z,13
Ugwvg39FO8pJ0nv4-2d4AaABAg,KxG2L57W0SQ,아라하시 타비,Arahashi Tabi,UNIVERSE,@홍규민-c4z,리제처럼 직접 부른 버전은 없낭,1,2026-07-20T21:46:05Z,17
UgzD86oLWPopxqDkycF4AaABAg,yqkYpiIwYl0,아라하시 타비,Arahashi Tabi,UNIVERSE,@유강현-d8e,진짜 제 소원입니다 타비님 제발요,949,2026-07-04T03:32:16Z,18
UgxqrKVY7e360Svrk7R4AaABAg,yqkYpiIwYl0,아라하시 타비,Arahashi Tabi,UNIVERSE,@_Ha_mong,아니 미친 아르헨티나 미쿠라고 원곡 대신 미쿠버젼 가지고 왔어 ㅋㅋㅋㅋㅋㅋㅋ,1280,2026-07-04T03:32:32Z,42
UgypyY-z9lx-09jMCxB4AaABAg,yqkYpiIwYl0,아라하시 타비,Arahashi Tabi,UNIVERSE,@diejinhecute,그러니까 이 쇼츠가 맨발 비키니 타비 신의상 예고란 말이죠? 흐흐흐,489,2026-07-04T03:33:18Z,37
Ugzb8QqPKmDyLJV4Dkl4AaABAg,yqkYpiIwYl0,아라하시 타비,Arahashi Tabi,UNIVERSE,@Macarung,신의상 나온지 얼마 안 지났는데 벌써 비키니 예고를 캬 대타비,53,2026-07-04T08:19:18Z,34
UgygrWdaVEfFYtQHBU14AaABAg,yqkYpiIwYl0,아라하시 타비,Arahashi Tabi,UNIVERSE,@난그저평범한파스텔,진짜 제 소원이니까 해줘요,198,2026-07-04T04:03:47Z,14
UgxUgJ-vunxyfm2BrhN4AaABAg,yqkYpiIwYl0,아라하시 타비,Arahashi Tabi,UNIVERSE,@페토가되는거다,"이거 다음 신의상 유출인가요
급함",11,2026-07-04T05:52:18Z,18
Ugyu14CTGbd-mDJQykN4AaABAg,yqkYpiIwYl0,아라하시 타비,Arahashi Tabi,UNIVERSE,@참취뽀꿈밥-v8h,타비님 타비님 야랄 또 보여주세요,8,2026-07-04T15:23:55Z,18
UgzIEmye-4G4L1ZzcKB4AaABAg,yqkYpiIwYl0,아라하시 타비,Arahashi Tabi,UNIVERSE,@KumoRin_jeongsil,소원 들어주실 때까지 숨 참겠습니다,76,2026-07-04T05:18:01Z,19
UgyC6yI7kbzlsCXa9J14AaABAg,yqkYpiIwYl0,아라하시 타비,Arahashi Tabi,UNIVERSE,@Micky_van_de_ven_37,"타비님 타비님
눈나비를 데려와주세요",7,2026-07-04T04:52:49Z,19
Ugxal6Clk5_m0gEiK3N4AaABAg,yqkYpiIwYl0,아라하시 타비,Arahashi Tabi,UNIVERSE,@뿡빵띠2,제 소원인데 양갈래 말고 장발로 스트리밍 때 자주 껴주세요,2,2026-07-08T12:10:12Z,32
Ugww2vd2-KGZF8flD6J4AaABAg,yqkYpiIwYl0,아라하시 타비,Arahashi Tabi,UNIVERSE,@كيممينهو-ص8ز,어흐ㅡㅡㅡㅡㅡㅡㅡㅡㅡㅡㅡㅡㅡㅡㅡㅡㅡㅡㅡㅡㅡㅡㅡㅡ,25,2026-07-04T04:20:52Z,26
UgyVEVjgYw7m0xp1s7N4AaABAg,yqkYpiIwYl0,아라하시 타비,Arahashi Tabi,UNIVERSE,@오늘도딴짓중-b6d9j,4:00 짤로 만드는 대신 커뮤니티엔 영상 링크로 올리라는 뜻,2,2026-07-18T12:43:08Z,34
Ugy9wCfEwteuxjUfh8p4AaABAg,yqkYpiIwYl0,아라하시 타비,Arahashi Tabi,UNIVERSE,@치코핑,진짜 제 오랜소원입니다 타키니 갑시다 날도 더운데,4,2026-07-04T04:45:55Z,27
Ugwku79-Ul1s7bHPCvV4AaABAg,yqkYpiIwYl0,아라하시 타비,Arahashi Tabi,UNIVERSE,@CHUNGHA-AZ,일잘한다 뿡동부!!!!!!,6,2026-07-04T04:32:48Z,14
Ugz62PpiCI2I3vpSUmV4AaABAg,yqkYpiIwYl0,아라하시 타비,Arahashi Tabi,UNIVERSE,@Clovergay,그냥 육수통도 청소할 겸 평소 하시던 야랄이나 열심히 해주세요,3,2026-07-04T09:39:09Z,34
Ugwi8FBUl-SFHTZnDl14AaABAg,yqkYpiIwYl0,아라하시 타비,Arahashi Tabi,UNIVERSE,@그저파스텔인짱똘,"타비님 타비님 ""해줘""",3,2026-07-04T09:09:33Z,12
UgzUgNjyTsWRWSWRqXV4AaABAg,yqkYpiIwYl0,아라하시 타비,Arahashi Tabi,UNIVERSE,@서메주-w3g,당황해하는타비가미식이네요좋습니더어흐,3,2026-07-04T06:24:53Z,19
Ugx2axwCJ38ZTWk-Kpl4AaABAg,yqkYpiIwYl0,아라하시 타비,Arahashi Tabi,UNIVERSE,@뿌땡이-g,그니까 이 쇼츠가 다음 신의상 예고인거죠?,1,2026-07-04T04:37:44Z,23
UgyjNTDpvlfRZHBtnCN4AaABAg,yqkYpiIwYl0,아라하시 타비,Arahashi Tabi,UNIVERSE,@애러쨩,타비님 타비님 이 댓글이 배댓이 되게 해주세요.,1,2026-07-05T04:48:31Z,26
Ugy7iAVgxfHvM_4osDV4AaABAg,yqkYpiIwYl0,아라하시 타비,Arahashi Tabi,UNIVERSE,@순간의반짝임,"타비야 신의상 기대할께



어흐 장전완료",1,2026-07-04T12:36:01Z,23
UgwT_6D5org5vWGDdF14AaABAg,yqkYpiIwYl0,아라하시 타비,Arahashi Tabi,UNIVERSE,@쿠리미한_감자,천년의 소원입니다 타비님 타비님 제발 저희의 소원을 들어주세요,1,2026-07-04T04:01:13Z,34
Ugz-J0nUcrdwUp1kw3V4AaABAg,yqkYpiIwYl0,아라하시 타비,Arahashi Tabi,UNIVERSE,@느엥밍뿡빵에휴뇨배추,맨발 비키니 타비 존버하겠슺니다 어흐흐어ㅓ흐흐흐ㅡㅡㅡㅡ으으으ㅡㅡㅡ으으으으ㅡ으ㅡㅡ으으ㅡㅡ,5,2026-07-04T05:29:26Z,48
UgxcZJWkCh61eIFM36x4AaABAg,yqkYpiIwYl0,아라하시 타비,Arahashi Tabi,UNIVERSE,@MateoVillalona,"Loki, I don’t even know",2,2026-07-19T18:01:41Z,23
UgwVY8wGwTkW2BuNsjV4AaABAg,yqkYpiIwYl0,아라하시 타비,Arahashi Tabi,UNIVERSE,@이피삐,타비님 타비님 신의상으로 야랄해주세요,1,2026-07-04T03:57:31Z,20
UgwWumx4M371lLC5a8N4AaABAg,yqkYpiIwYl0,아라하시 타비,Arahashi Tabi,UNIVERSE,@Joshuatabi-0915,맨발 비키니라니 어흐에요,1,2026-07-04T19:30:05Z,13
UgzLoVEULRc2mBCMSoB4AaABAg,yqkYpiIwYl0,아라하시 타비,Arahashi Tabi,UNIVERSE,@rockinseed,"와 미쿠님 타비님 코스프레를 하셨군요
그래서 타비키니는 언제 하실 계획이신지요?",0,2026-07-04T04:40:03Z,44
UgyacxhN1jGaXLUuLmJ4AaABAg,yqkYpiIwYl0,아라하시 타비,Arahashi Tabi,UNIVERSE,@JungSH28MX2,뭐야뭐야 모에화부터 트랩칙까지 다 해주는거야?,0,2026-07-04T05:04:19Z,25
UgzHrUQYY1-x5H5F8hZ4AaABAg,yqkYpiIwYl0,아라하시 타비,Arahashi Tabi,UNIVERSE,@뚜루뚜루-j8t,신의상 신의상 하는거같당 ㅋㅋㅋㅋㅋㅋ,0,2026-07-04T12:02:58Z,20
Ugw1h2y2D4vBF5H2Zmh4AaABAg,yqkYpiIwYl0,아라하시 타비,Arahashi Tabi,UNIVERSE,@스텔라이브짱이다-i7h,오 비키니 나온다는 거죠 여름이니까?,0,2026-07-09T00:31:21Z,20
Ugz870WScWXaamyffx54AaABAg,yqkYpiIwYl0,아라하시 타비,Arahashi Tabi,UNIVERSE,@프로펠러모자,물에 젖으면 안되는 텀블러 ㅋㅋㅋㅋㅋㅋㅋ,0,2026-07-04T11:40:42Z,22
UgywlZJjYOeb0flyYUN4AaABAg,yqkYpiIwYl0,아라하시 타비,Arahashi Tabi,UNIVERSE,@TROLLT1771,이게 다음 신의상이구나. 어쩐지 타비가 바쁘더라,0,2026-07-06T06:12:29Z,26
UgwY1yywHMWDGYQ9voZ4AaABAg,yqkYpiIwYl0,아라하시 타비,Arahashi Tabi,UNIVERSE,@Wonducke,타비 쇼츠에는 감동이 있다~ 캬,0,2026-07-06T05:02:26Z,17
Ugxm4AICoqKkQ8rh4XV4AaABAg,yqkYpiIwYl0,아라하시 타비,Arahashi Tabi,UNIVERSE,@Racoon2-z6u,그니까 곧 타비 비키니 신의상나온다고?,0,2026-07-04T11:48:59Z,21
UgyQeAk9SJqsjxS8tyl4AaABAg,yqkYpiIwYl0,아라하시 타비,Arahashi Tabi,UNIVERSE,@반찬-z7y,모든쇼츠를 타비로배우는 1인..,0,2026-07-04T03:51:07Z,17
UgzucH619_IpAp-R1Ud4AaABAg,yqkYpiIwYl0,아라하시 타비,Arahashi Tabi,UNIVERSE,@ttbi-oop,다음 신의상 예고 영상인거죠 타비님?,0,2026-07-04T04:14:44Z,20
UgzOH-vV1LFZI3ibrat4AaABAg,yqkYpiIwYl0,아라하시 타비,Arahashi Tabi,UNIVERSE,@타비는내아내-54349,타비님 이제 잼민이 제가 구불육이 될거같습니다,0,2026-07-04T23:32:16Z,25
Ugx79EburZHPsLkQObB4AaABAg,yqkYpiIwYl0,아라하시 타비,Arahashi Tabi,UNIVERSE,@Pastel_SteILive,타비님 저는 겸손하니 하나만 해주셔도 괜찮습니다,0,2026-07-04T05:29:00Z,26
Ugy9dWizoFtT3jHGgbx4AaABAg,yqkYpiIwYl0,아라하시 타비,Arahashi Tabi,UNIVERSE,@Geon_6140,소원을 인지하셨으니 이제 곧인겁니다,0,2026-07-04T20:01:07Z,19
Ugx7mIiROdt0N6dcBdB4AaABAg,yqkYpiIwYl0,아라하시 타비,Arahashi Tabi,UNIVERSE,@빨댕이,긍까 저게 추후의 여름 신의상이라는 거죠?,0,2026-07-04T04:30:01Z,23
UgwLGLNj8bN0gkTY2Zl4AaABAg,yqkYpiIwYl0,아라하시 타비,Arahashi Tabi,UNIVERSE,@18게이지-w8u,우리가 떱떱이로 말하는것 같나요? 이건 협박입니다 제발 가져오세요,0,2026-07-04T07:42:08Z,36
Ugxm2UMwlDDBJggvQGV4AaABAg,39_zaFVluAw,아라하시 타비,Arahashi Tabi,UNIVERSE,@KAZUYA.m.k,"츠나 씨의 라이브를 보고 왔습니다. 저는 일본인이지만, 한국어를 공부하고 있습니다. 지금은 아직 모든 내용을 다 이해하지는 못하지만, 타비가 하는 말을 전부 이해할 수 있게 되고 싶습니다.",679,2026-06-20T13:20:34Z,105
Ugz6RHo-vK0fOY9yjYF4AaABAg,39_zaFVluAw,아라하시 타비,Arahashi Tabi,UNIVERSE,@TerHora,"오늘 컨텐츠 준비 많이 했겠다 싶었어 정말 고생많았다 디자인 하나하나 바뀐 거 보니까 신경 많이 썼다는 게 느껴지면서도 거기다 커버곡까지 뿌댜들 생각해서 선물로 주는거보니까 진짜 우리 대가리 깰려고 작정을 했구나? 마사지로 나온 뉴땁땁이 새로운 모습도 계속 응원할게, 사랑해~~🌊🧭💙",417,2026-06-20T11:03:25Z,158
Ugywbv4n55DO8azBgjl4AaABAg,39_zaFVluAw,아라하시 타비,Arahashi Tabi,UNIVERSE,@PEN_C1L,커버 공개하면서 5시에서 개신나가지고 따라 부르면서 몸 이리저리 흔들고 뛰는거 진짜 개쳐귀여웠음 ㅋㅋㅋㅋㅋㅋㅋㅋㅋㅋ,466,2026-06-20T11:06:59Z,64
UgzJLOPpXibYrSHD2pR4AaABAg,39_zaFVluAw,아라하시 타비,Arahashi Tabi,UNIVERSE,@tabibabobabo,"너가 뭘 하던 우린 다 좋아할 자신 있어 
불안해하지말고 하고싶은거 다 해 평생 따비 옆에 있을게",22,2026-06-20T11:50:14Z,54
Ugwqs5gP_wCwi1kCDyh4AaABAg,39_zaFVluAw,아라하시 타비,Arahashi Tabi,UNIVERSE,@25세김호두,"진짜 원래 구불육이 였는데 구불육을 넘어섰다 ,, 타비야 이번 노래도 정말 포인트 잘 살려서 너무 귀엽게 불렀다 그 와중에 노래 더 탄탄해진 실력 뭐냐,, 진짜 팬들 사랑은 역시 대 타 비 !! 항상 응원하고 이써 앞으로도 더 행복해져라 ㅎㅎ",25,2026-06-22T00:57:27Z,135
UgwpHm1-waO5mUIa7lx4AaABAg,39_zaFVluAw,아라하시 타비,Arahashi Tabi,UNIVERSE,@meow0211w,진심 이거 맨날 한번씩은 듣게 됨.. 무친 매력 정타비;; 진짜 개귀엽네;;,4,2026-07-24T18:10:01Z,42
UgzG2ynO53OvEfqT0iF4AaABAg,39_zaFVluAw,아라하시 타비,Arahashi Tabi,UNIVERSE,@YJS_145,"타비야 외적으로든 내적으로든 뭔가 변화가 생길때마다 뿡댕이가 좋아해줄까 걱정하는 마음도 이해하지만 니가 타비라는건 바뀌지않아

뿡댕이들이 타비의 일부 면을 보고 입덕을 했다하더라도 결국 좋아하게 되고 응원하게 되는 사람은 타비 너 자체니까

그러니 앞으로는 개쭈글해하면서 멘헤라오지말고 ""쇼발 내가 이런다고 니가 날 싫어할수 있겠어? 넌 결국 구불육일 뿐이야"" 하는 마인드를 장착하도록하자",145,2026-06-20T15:53:24Z,217
UgxHRFKlJHiE1gL6KBx4AaABAg,39_zaFVluAw,아라하시 타비,Arahashi Tabi,UNIVERSE,@Pastel3817,따비야 군대에서 듣는데 겁나 좋다잉 덕분에 힘나서 다음주 훈련도 열심히 받을게,41,2026-06-21T06:04:40Z,43
Ugx-mubd0Qd7V3oudXp4AaABAg,39_zaFVluAw,아라하시 타비,Arahashi Tabi,UNIVERSE,@Gaon_hee,최애노래인데 진짜 불러줘서 고맙다 행복하고 건강해라 따비야,18,2026-06-20T15:12:08Z,32
UgxjevIo5kRME5FfT3h4AaABAg,39_zaFVluAw,아라하시 타비,Arahashi Tabi,UNIVERSE,@こっぺぱん_X,"この衣装可愛すぎだろ！！！！
つの発音が少しちゅ寄りなのも可愛すぎる",6,2026-06-25T07:58:32Z,34
UgwpfR3fFSebQEvhEqh4AaABAg,39_zaFVluAw,아라하시 타비,Arahashi Tabi,UNIVERSE,@Nnun_nu,"노래 제목이 지금 제 상태와 매우 똑같아요..! 👀
못토 테라시테쿠레요 ! 하는 부분 왤케 좋지?! 기여워ㅓㅓㅓ 으아아아아ㅏㄱ 🫠🔨🔨🔨
내 머리는 이제 봉합 불가다,,
그냥 고마어 따비야..🩵🩵",15,2026-06-20T19:48:01Z,108
UgwWMDvW__bpSwBxKtx4AaABAg,39_zaFVluAw,아라하시 타비,Arahashi Tabi,UNIVERSE,@vksekaos,진짜 사람 심장병 걸리게 작정하신게 분명함 이런다고 뿡댕이가 죽을 줄.....(털썩),7,2026-06-20T10:41:14Z,47
UgwKCcyZp1mPAvsn0At4AaABAg,39_zaFVluAw,아라하시 타비,Arahashi Tabi,UNIVERSE,@holymolygwakamoly33,"타비야 신의상 공개할때 진짜 너무예쁘고 귀여워서 진짜 구불육 될뻔했다...
진짜 이번에 괄사 받은것도 너무 잘된거같고 상시 앞니도 너무 귀엽고 기존에비해 윗입 라인이 살짝 w 느낌으로 조금파인것도 너무 귀여웠어!
앞으로 진짜 구불육 될거같음...
타비방송 항상 잘 보고 있을게요!
커버곡 너무 좋고 타비가 말한대로 귀엽게 부른만큼 귀엽게 나온거같아요!
항상 고마워요!",8,2026-06-20T23:54:34Z,205
UgygXVQg7OOzcSKgDrt4AaABAg,39_zaFVluAw,아라하시 타비,Arahashi Tabi,UNIVERSE,@누룽지-g8i,잘 모르는데 가사만 보고 연습했다는 비하인드때문에 더 행복하게 들을 수 있는 커버야 ㅋㅋㅋ,2,2026-07-07T09:01:40Z,50
UgyozjtR8BfBSwkpQUl4AaABAg,39_zaFVluAw,아라하시 타비,Arahashi Tabi,UNIVERSE,@_jjaktung116,나도 항상 너 생각만한다..,9,2026-06-20T15:06:59Z,15
Ugz05CbIcpRGAof6sGl4AaABAg,39_zaFVluAw,아라하시 타비,Arahashi Tabi,UNIVERSE,@위범-x3k,진짜 목소리도 넘 이쁘고 이분이 아라하시 타비님이구나.... 요즘 정타비님만 나와서 어디 아프신가 했더니 다시 오셔서 다행이네요 ㅠㅠ,4,2026-06-21T11:47:09Z,74
Ugwp1CSGT9wWmce04vd4AaABAg,39_zaFVluAw,아라하시 타비,Arahashi Tabi,UNIVERSE,@BBung_Tabi,캬ㅑㅑㅑㅑ 신의상두 진짜 넘 귀엽구 노래두 진짜 넘 좋당🩵 진짜 넘 사랑스럽넹🩵 평생 타비의 구불육으로 살게요🩵🩵 정타비 마니마니 사랑한다🩵,9,2026-06-20T11:04:19Z,78
UgwUVIJbC2nE4z6ANgl4AaABAg,39_zaFVluAw,아라하시 타비,Arahashi Tabi,UNIVERSE,@뿡스텔,신의상에다가 커버곡도 같이 봤으니 뿌댜도 밤새도록 타비 생각할게,20,2026-06-20T11:00:56Z,35
UgyILWhrhbtmFKZ20-p4AaABAg,39_zaFVluAw,아라하시 타비,Arahashi Tabi,UNIVERSE,@밸입니다044,타비 귀여워 바이❤ 1:02,10,2026-06-21T05:38:02Z,15
UgyvKxT0ULDmHRbcSeV4AaABAg,39_zaFVluAw,아라하시 타비,Arahashi Tabi,UNIVERSE,@Ss0ran_.g,"처음 듣는 노래인데 완전 정타비 노래 아니냐고 진짜 쫀득하게 잘 어울린다 ㅋㅋㅋ 
가사도 신의상 컨셉이랑 잘 어울리고 아주그냥 어 어? 작정했구나",7,2026-06-20T11:04:58Z,81
UgynFJFkKyLVxz332p94AaABAg,39_zaFVluAw,아라하시 타비,Arahashi Tabi,UNIVERSE,@havin0925,"타비야 이번 신의상 진짜 너무 귀엽고 예쁘다… 보자마자 계속 감탄했어
디테일 하나하나 신경 쓴 게 느껴져서 더 좋았고, 진짜 타비랑 너무 잘 어울려
항상 이렇게 좋은 거 보여주려고 노력해주는 거 느껴져서 더 고맙고
덕분에 보는 나도 진짜 행복해진다
앞으로 어떤 모습이든 다 좋으니까
그냥 타비라는 이유만으로 계속 좋아하고 응원할게 💙",3,2026-06-20T17:09:14Z,186
UgyBKLDkPgskHltNz_94AaABAg,39_zaFVluAw,아라하시 타비,Arahashi Tabi,UNIVERSE,@닉넴-bbuoT,진짜 노래 넘 좋다 아침에 일어나서 듣기 딱 좋아,3,2026-07-11T05:17:53Z,27
Ugzn6tZmMsCI1whqgW54AaABAg,39_zaFVluAw,아라하시 타비,Arahashi Tabi,UNIVERSE,@bbungdaeng20ngi,"어떻게 노래만 들어도 이렇게 행복한 느낌을 받을 수가 있는 거지 타비가 불러줘서 그런가ㅋㅋ

늘 이렇게 소중한 선물을 줘서 고마워!!😆💙💙💙",3,2026-06-20T11:59:09Z,78
Ugydgm13gCqyqczdCg14AaABAg,39_zaFVluAw,아라하시 타비,Arahashi Tabi,UNIVERSE,@moRTTab,"커버곡 나온지 얼마나 됐다고 또 나왔어!!! 
나도 요즘 밤새도록 타비 생각해 흐흐 
좋은 커버 너무 고마워! 행운을 빌어줘에 이어서 플리에 넣을 곡이 또 생겼네 행복하다 ㅎㅎ",2,2026-06-20T17:53:31Z,98
Ugz7ELrnNyvrvTK7DNh4AaABAg,39_zaFVluAw,아라하시 타비,Arahashi Tabi,UNIVERSE,@lune2082,신의상 너무 이쁘다~ 노래도 너무너무 좋고!! 고마워 따비얌,6,2026-06-20T11:04:38Z,33
UgzpVKIhY8Ux1ow0Ift4AaABAg,39_zaFVluAw,아라하시 타비,Arahashi Tabi,UNIVERSE,@kkobee13,"타비야 노래하고 타비 목소리 너무 잘 어울린다
영상도 너무 이쁘고 너무 좋아 타비",7,2026-06-20T11:04:55Z,45
UgwJ58rfS51_x6XfHut4AaABAg,39_zaFVluAw,아라하시 타비,Arahashi Tabi,UNIVERSE,@LoTanE_07,널 귀여워하지 않을 수가 없다,2,2026-06-22T17:03:02Z,16
UgybYDs0HcZKxSVa3KV4AaABAg,39_zaFVluAw,아라하시 타비,Arahashi Tabi,UNIVERSE,@nam_gijun,"이야 스텔에서 이걸 커버해주는 사람이 있네
좋아하는 노래인데 잘 들을게 타비야",2,2026-06-20T11:05:50Z,43
Ugz5jTDBD64bbNNNs2x4AaABAg,39_zaFVluAw,아라하시 타비,Arahashi Tabi,UNIVERSE,@kanna_lov,"정타비, 이 귀여움은 대체 뭐냐!!",2,2026-06-20T14:09:33Z,19
Ugwu0v87EhQ6aYOuWud4AaABAg,39_zaFVluAw,아라하시 타비,Arahashi Tabi,UNIVERSE,@Doongyi_123,따비야 신의상하고 얼굴 너무 귀엽고 이쁘더라!! 그리고 우리한테 좋은 커버곡 들려줘서 고마워! 잘들을게🩵,1,2026-06-20T14:10:23Z,58
UgwKczHXVGild1IK89J4AaABAg,39_zaFVluAw,아라하시 타비,Arahashi Tabi,UNIVERSE,@P엥나-e5z,진짜 신의상 너무 귀엽더라… 바빠서 많이 보지는 못했지만 진짜 귀엽더라… 앞으로도 잘 부탁해!!,1,2026-06-20T12:36:24Z,53
UgytAthwk4_xhK95VmJ4AaABAg,39_zaFVluAw,아라하시 타비,Arahashi Tabi,UNIVERSE,@최종화-0349giqh,"진짜 준비 마니했네 신의상도 개귀엽구 노래도 좋구만~ 이정도로 준비하면 당연히 긴장되지 그래도 디게 완전 마니 잘해써 준비하느라 고생해써 우리 반응이 조금이라도 너의 행복이되길

🩵",1,2026-06-20T16:58:55Z,101
Ugxk2XQTWdEZJA3ZkuZ4AaABAg,39_zaFVluAw,아라하시 타비,Arahashi Tabi,UNIVERSE,@stella_96-s7i,잠들지 못하는 새벽마다 찾아와서 가사랑 같이 보면 괜히 기분 좋아지더라! 좋은 노래 커버해줘서 고마워!,0,2026-08-03T17:18:55Z,57
Ugx18xVyTul6FQhKcuR4AaABAg,39_zaFVluAw,아라하시 타비,Arahashi Tabi,UNIVERSE,@경서입니다,곡 들으면서 신의상을 같이 보니까 너무 요오망하네 흐흐,3,2026-06-20T15:09:55Z,30
Ugzg5ELRriqSe_u2X894AaABAg,39_zaFVluAw,아라하시 타비,Arahashi Tabi,UNIVERSE,@이나리가되,타비야 정말 수고 많았고 재밌었어!!이번 뽑기 연출도 좋았어!!긴장한게 눈에 보여서 걱정햤는데 나중엔 즐기는거 보니 좋더라!,1,2026-06-21T05:20:44Z,69
UgzRa8dzfiOjLuEZdh54AaABAg,39_zaFVluAw,아라하시 타비,Arahashi Tabi,UNIVERSE,@정유진st,"곡 선정까지 너무 좋았다
제목도 그렇고 몰랐던 노랜데 덕분에 또 좋은 노래 하나 알아가네 
마사지 받고 새로운 옷 까지 입으니까 진짜 완전 이쁘더라 🥰",1,2026-06-20T23:56:50Z,84
UgwX7ToRrrkmTuVQIAl4AaABAg,39_zaFVluAw,아라하시 타비,Arahashi Tabi,UNIVERSE,@공수1이어려운인간,진짜 너무나도 감사합니다 볼때마다 위로를 얻어요! 신의상도 너무 이쁘고 원래도 귀엽던게 한층 더 귀엽게 느껴져요 앞으로도 오래오래 같이 볼 수 있으면 좋겠어요 :) 항상 한 구석에서 응원하고있을게요!,1,2026-06-20T17:51:38Z,111
UgzX0BPb6_khDvbsntJ4AaABAg,39_zaFVluAw,아라하시 타비,Arahashi Tabi,UNIVERSE,@에픽아이디,진짜 따비.... 유튜브 뿡댕이 죽일려고 작정을 했구나.. 넘모 커엽다 진짜!!,1,2026-06-21T00:33:34Z,44
Ugyfwc-W6YSjQLh6abp4AaABAg,39_zaFVluAw,아라하시 타비,Arahashi Tabi,UNIVERSE,@mywifetabi,항상 덕분에 너무 행복해 너무 고마워 이번 신의상 너무 예뻐 귀여워 사랑한다 노래도 잘 들을게 🩵,1,2026-06-20T16:38:47Z,54
UgxRlq_oks0fi0epBBd4AaABAg,39_zaFVluAw,아라하시 타비,Arahashi Tabi,UNIVERSE,@슨찬-g8z,"요모스가라는 진짜 무슨.. 미친 선곡이야
진짜 타비 신의상도 최고고 노래도 최고다..",1,2026-06-20T13:39:53Z,47
UgwiHJkNC-70GSB-UvR4AaABAg,UiYVtkyveYA,텐코 시부키,Tenko Shibuki,CLICHE,@스윗-stel하트,무호흡으로 맞는게 개웃기네ㅋㅋㅋㅋㅋ,1891,2026-07-09T08:39:22Z,19
UgxxIBFK8PM7gaHi-vJ4AaABAg,UiYVtkyveYA,텐코 시부키,Tenko Shibuki,CLICHE,@bersur2940,화가 머리끝(143cm)까지 난 부키 ㄷㄷ,1964,2026-07-09T08:55:00Z,23
Ugz3ROqldwIdd-D4QvF4AaABAg,UiYVtkyveYA,텐코 시부키,Tenko Shibuki,CLICHE,@stellar6568,너불의 저 아무래도 화법이 그냥 ㅈㄴ 웃김,285,2026-07-09T08:29:43Z,23
UgzhrbugxBV5k9GCdl54AaABAg,UiYVtkyveYA,텐코 시부키,Tenko Shibuki,CLICHE,@감자기여워,아무래도 이 말투 중독된다는 말이지 아무래도,528,2026-07-09T08:38:18Z,24
Ugxow_rFR-LTohow2BR4AaABAg,UiYVtkyveYA,텐코 시부키,Tenko Shibuki,CLICHE,@그뭔닉없-t9i,황린준씨한테 팩트로 개발린 정복자,966,2026-07-09T08:35:35Z,18
UgyNz0wcKitYRAYdkJ94AaABAg,UiYVtkyveYA,텐코 시부키,Tenko Shibuki,CLICHE,@유병율-i2s,부키 팩폭 맞았다 ㅋㅋㅋㅋㅋㅋ,379,2026-07-09T08:21:45Z,16
UgxIpIvyUwlT6qYSro54AaABAg,UiYVtkyveYA,텐코 시부키,Tenko Shibuki,CLICHE,@진우-k8i,아무래도 무호흡으로 두들겨 패는 너구리한텐 여우신은 이길수가 없단 말이지 ㅋㅋㅋㅋㅋㅋㅋㅋㅋㅋㅋ,53,2026-07-09T09:27:38Z,52
UgzhdZ7bo0RoBXRe5pF4AaABAg,UiYVtkyveYA,텐코 시부키,Tenko Shibuki,CLICHE,@으니쨩aa7993,아무래도 일방적 딜교 겨드랑이 당한거죠 아무래도,119,2026-07-09T08:27:16Z,26
UgwvelnLqHq9nU1CHwd4AaABAg,UiYVtkyveYA,텐코 시부키,Tenko Shibuki,CLICHE,@난그저평범한파스텔,아무래도 부키는 나나보다는 크니 괜찮다고 볼 수 있지,243,2026-07-09T08:21:30Z,29
Ugx-DWM6VmYt7eOPPWB4AaABAg,UiYVtkyveYA,텐코 시부키,Tenko Shibuki,CLICHE,@블루하와이-c4f,작아서 귀여운건데ㅋㅋㅋㅋㅋ,38,2026-07-09T08:27:24Z,14
UgxH9KexOIxEItdg3AB4AaABAg,UiYVtkyveYA,텐코 시부키,Tenko Shibuki,CLICHE,@사탄-c9p,진짜 개 잘 긁네 ㅋㅋㅋㅋ,34,2026-07-09T08:48:33Z,14
Ugy6OzSpetQVQh00zMh4AaABAg,UiYVtkyveYA,텐코 시부키,Tenko Shibuki,CLICHE,@승상육손,겨드랑이는 진짜 너무했다ㅋㅋ,9,2026-07-09T08:28:57Z,15
UgwbZ-a6BuC9JNVkRqd4AaABAg,UiYVtkyveYA,텐코 시부키,Tenko Shibuki,CLICHE,@He_황,놀랍게도 팩트라는 거임 ㅋㅋ,7,2026-07-09T09:07:35Z,15
UgxFRIkF62tyKpR86qp4AaABAg,UiYVtkyveYA,텐코 시부키,Tenko Shibuki,CLICHE,@퓨전-y5n,부키야 언니불러서 혼내주자~ㅋㅋㅋㅋㅋㅋㅋㅋㅋㅋ,7,2026-07-09T09:04:10Z,25
UgxUov3mruKnK3uoi8V4AaABAg,UiYVtkyveYA,텐코 시부키,Tenko Shibuki,CLICHE,@이름성-p7g,아무래도라면서 중간중간 숨쉬는게 날 미치게해ㅋㅋㅋ,1,2026-08-04T05:55:19Z,27
Ugyd1F4H0oZ3BayCNiB4AaABAg,UiYVtkyveYA,텐코 시부키,Tenko Shibuki,CLICHE,@halfawake-o7v,빡칠만 하네 ㅋㅋㅋ,31,2026-07-09T08:27:43Z,10
UgwI5kMufL8_Ukt2o8p4AaABAg,UiYVtkyveYA,텐코 시부키,Tenko Shibuki,CLICHE,@종합병원-u6f,😂😂😂 괜히 건디려가지고~… 본전도 못찿았네~…😭😭😭 140따리…😭😭😭,1,2026-07-29T05:34:48Z,39
UgwnNgkJ4UUzV3k83ch4AaABAg,UiYVtkyveYA,텐코 시부키,Tenko Shibuki,CLICHE,@페토가되는거다,아주 그냥 패다못해 뭉개놓고 앉았네 ㅋㅋㅋㅋㅋㅋㅋ,7,2026-07-09T10:25:15Z,27
UgxgwAgHJceavStcIdx4AaABAg,UiYVtkyveYA,텐코 시부키,Tenko Shibuki,CLICHE,@999masijjyeong,말싸움 걸면 안 되는 사람 ㅋㅋㅋ,4,2026-07-09T09:52:27Z,18
UgziOQnP6DNb2q5f8Cd4AaABAg,UiYVtkyveYA,텐코 시부키,Tenko Shibuki,CLICHE,@바이리-n5s,"화가 머리끝까지나도 키가 140따리라서 겨드랑이한테 화를 낼수밖에없지만은,
아무래도 겨드랑이 한테 화내도 소용이 없는 것이지.",5,2026-07-09T13:47:26Z,70
Ugwc_nDGW44Krk5yOhd4AaABAg,UiYVtkyveYA,텐코 시부키,Tenko Shibuki,CLICHE,@옻빛오우거-c9v,아무래도가 ㅈㄴ 크리티컬이네 ㅋㅋㅋ,3,2026-07-09T10:34:35Z,19
UgwWGGlN_Cz5wL9xOrN4AaABAg,UiYVtkyveYA,텐코 시부키,Tenko Shibuki,CLICHE,@daram7,ㅋㅋㅋㅋㅋ그림체 너무 찰떡이네 꼬맹이 부키,1,2026-07-09T08:31:05Z,23
UgxO5pz6es9t-TmG0od4AaABAg,UiYVtkyveYA,텐코 시부키,Tenko Shibuki,CLICHE,@버튜버탐방견뽀삐,본인이 제일 잘 아시잖아요 그거는 ㅋㄱㅋㅋㅋㅋㅋ,2,2026-07-09T11:24:01Z,26
UgzBqDw-3DIcudyHu7p4AaABAg,UiYVtkyveYA,텐코 시부키,Tenko Shibuki,CLICHE,@사랑한다헤비빙보구치,겨드랑이님 안녕하세욬ㅋㅋㅋㅋ,63,2026-07-09T08:25:52Z,15
UgxXXEnGXzBBDKMPa9B4AaABAg,UiYVtkyveYA,텐코 시부키,Tenko Shibuki,CLICHE,@오정석,ㅋㅋㅋㅋ 역시 찰진 너불ㅎㅎ,0,2026-07-09T09:00:12Z,15
UgzMOeJEqn9DOzltQEl4AaABAg,UiYVtkyveYA,텐코 시부키,Tenko Shibuki,CLICHE,@BBooNG-5375,"조카,삼촌 모먼트 너무웃기네ㅋㅋㅋㅋㅋㅋㅋㅋㅋㅋ",1,2026-07-10T20:06:39Z,25
Ugxm85BtRSrj0nY3tkh4AaABAg,UiYVtkyveYA,텐코 시부키,Tenko Shibuki,CLICHE,@파치리스-l7v,쪼꼬미의 서러움 ㅋㅋ,1,2026-07-09T09:20:08Z,11
UgxAt8ThF1d69g1IZ6J4AaABAg,UiYVtkyveYA,텐코 시부키,Tenko Shibuki,CLICHE,@rm67-01,그냥 쪼꼬매서 더 캥귀여운 우리 캥캥이 ㅋㅋㅋㅋㅋ,0,2026-07-20T15:24:19Z,27
Ugxgd_7uMtc9wnGZ1Np4AaABAg,UiYVtkyveYA,텐코 시부키,Tenko Shibuki,CLICHE,@sadmilk9283,황린준씨 무호흡딜링ㅋㅋㅋㅋㅋㅋㅋㅋㅋ,1,2026-07-09T10:10:49Z,19
UgyKxRp9bF3ajUfr5N14AaABAg,UiYVtkyveYA,텐코 시부키,Tenko Shibuki,CLICHE,@bliss7211,아무래도 부키가 무호흡으로 뚜까 맞은거지 ㅋㅋㅋㅋㅋ,1,2026-07-09T09:57:39Z,28
Ugypag5UkrrFZIdQxIF4AaABAg,UiYVtkyveYA,텐코 시부키,Tenko Shibuki,CLICHE,@tanacat0,너불 님은 저 기관총같은 입담이 최고얔ㅋㅋㅋㅋ,0,2026-07-11T00:47:25Z,25
UgxUvdr9C-uIxJcnqXx4AaABAg,UiYVtkyveYA,텐코 시부키,Tenko Shibuki,CLICHE,@Rateun,너불님 말투가 평소보다 장난끼 가득이다 ㅋㅋㅋㅋ,0,2026-07-09T16:38:43Z,26
UgxOBC0sNSh0ZPYKoct4AaABAg,UiYVtkyveYA,텐코 시부키,Tenko Shibuki,CLICHE,@Varely258,조카 놀리는 삼촌 ㅋㅋㅋ,0,2026-07-09T09:45:48Z,13
Ugw8OYZPOo44boOHwON4AaABAg,UiYVtkyveYA,텐코 시부키,Tenko Shibuki,CLICHE,@느엥밍뿡빵에휴뇨배추,이브이 달라고 한번 했다가 팩폭 ㅈㄴ맞는 시붘희 ㅋㅋㅋㅋㅋㅋ,0,2026-07-10T06:35:13Z,33
UgzHixchj73V2tncD6J4AaABAg,UiYVtkyveYA,텐코 시부키,Tenko Shibuki,CLICHE,@항덕이든,머리는 평균 20cm전후이므로..... 170~160 대 사람들이 봉잡고 있으면 부키는 진짜 겨 밖에 안보인다는 뜻,2,2026-07-12T06:02:05Z,64
UgwZQEP8399GuqapiKh4AaABAg,UiYVtkyveYA,텐코 시부키,Tenko Shibuki,CLICHE,@_vOwO_7,ㅋㅋㅋㅋㅋㅋㅋㅋㅋㅋㅋㅋㅋㅋㅋㅋㅋㅋ 숨도 안쉬고 패시네 개웃김,0,2026-07-09T08:52:01Z,33
UgxmJsaWEhkoyLy46Pp4AaABAg,UiYVtkyveYA,텐코 시부키,Tenko Shibuki,CLICHE,@Twitch_k-131,키작은 조카 놀리는 너불삼촌ㅋㅋ,0,2026-07-09T09:03:13Z,17
UgyuYmhbCswzp79S0H54AaABAg,UiYVtkyveYA,텐코 시부키,Tenko Shibuki,CLICHE,@정타비앞니사냥꾼,부키는 쪼꼬매도 귀엽잖아 한잔해,0,2026-07-09T09:36:02Z,17
UgzibS8LGka_wI-SjOl4AaABAg,UiYVtkyveYA,텐코 시부키,Tenko Shibuki,CLICHE,@테크보리차,비기! 무호흡으로 부키 팩폭하기ㅋㅋㅋㅋㅋㅋㅋㅋㅋ 개웃기네,0,2026-07-16T13:19:38Z,31
Ugwb9hWGBF3ojBdDjAl4AaABAg,UiYVtkyveYA,텐코 시부키,Tenko Shibuki,CLICHE,@mung_2,말 ㅈㄴ 잘하네 ㅋㅋㅋ 개킹받겠다,1,2026-07-09T11:34:58Z,18
Ugxy3cu9VZVW8QMrPLR4AaABAg,Uuf2oipmXHg,텐코 시부키,Tenko Shibuki,CLICHE,@elpril1428,후배 선배는 그냥 부조리잖아 ㅋㅋㅋ,2534,2026-07-11T07:51:41Z,19
UgzXi2SQ8YpdkKwGNgR4AaABAg,Uuf2oipmXHg,텐코 시부키,Tenko Shibuki,CLICHE,@귀여운감자바쿠피엔나,선배 후배를 이은 후배 선배 ㅋㅋㅋㅋㅋ,1204,2026-07-11T07:23:23Z,21
Ugzc8rfu54_QCTErc-F4AaABAg,Uuf2oipmXHg,텐코 시부키,Tenko Shibuki,CLICHE,@나무부엉,"나 선배후배 : 귀엽고 뭐든 주고싶어짐
나 후배선배 : 숨이 턱 막히고 눈앞이 깜깜해짐",1242,2026-07-11T09:05:54Z,48
UgzOmpEgIUb793gCjeF4AaABAg,Uuf2oipmXHg,텐코 시부키,Tenko Shibuki,CLICHE,@범골1,후배 선배는 부조리잖아 ㅋㅋㅋㅋㅋ,87,2026-07-11T14:17:00Z,18
UgyvKM0Qje81xEWCTyZ4AaABAg,Uuf2oipmXHg,텐코 시부키,Tenko Shibuki,CLICHE,@TT_cmsac,글자만 보면 무서운데 귀여워서 살았다,366,2026-07-11T07:21:38Z,20
Ugw3PXNRiGvQ5ts5NTV4AaABAg,Uuf2oipmXHg,텐코 시부키,Tenko Shibuki,CLICHE,@뿡스텔,후배선배는 그냥 삥뜯는거잖아 ㅋㅋㅋ,203,2026-07-11T07:11:34Z,19
UgwZSoxwDGWpeU2CY294AaABAg,Uuf2oipmXHg,텐코 시부키,Tenko Shibuki,CLICHE,@닉네임뭐하지-l3b,후배선배에서 부키가 두근한건 다른의미의 심쿵이지 않을까....ㅋㅋㅋㅋㅋㅋ,23,2026-07-11T11:11:02Z,40
UgyOHfIvCQRubsmwRq54AaABAg,Uuf2oipmXHg,텐코 시부키,Tenko Shibuki,CLICHE,@varra7732,ㅋㅋㅋㅋㅋ 역으로 당하니까 어땨 정붘희,306,2026-07-11T07:08:12Z,21
UgxwgRE8D4UMqSLfzwd4AaABAg,Uuf2oipmXHg,텐코 시부키,Tenko Shibuki,CLICHE,@스윗-stel하트,"진짜 끼리끼리 귀엽네 ㅋㅋㅋㅋㅋ
타붘조합 맛있군",709,2026-07-11T07:10:48Z,26
UgwAWOyNC4TjDbEJzmN4AaABAg,Uuf2oipmXHg,텐코 시부키,Tenko Shibuki,CLICHE,@백영준-z2l,서로가 서로에게 귀여운 상황,99,2026-07-11T07:13:01Z,15
Ugx6OvErXmjg41swJTR4AaABAg,Uuf2oipmXHg,텐코 시부키,Tenko Shibuki,CLICHE,@느엥밍뿡빵에휴뇨배추,"사실 타비가 청초해진 이우는 ""나 선배 후배""에 대항하기 위해서다",189,2026-07-11T07:27:53Z,36
UgyL62xcWVflY5_zFFZ4AaABAg,Uuf2oipmXHg,텐코 시부키,Tenko Shibuki,CLICHE,@스텔보는일반인,그냥 존나귀여움,20,2026-07-11T09:47:59Z,8
UgyiMcGhzj4pfG7YmuZ4AaABAg,Uuf2oipmXHg,텐코 시부키,Tenko Shibuki,CLICHE,@KiroKuro_Studio,나… 할 때 진짜 개쳐귀엽네 ㅋㅋㅋ,37,2026-07-11T08:48:23Z,19
Ugx2JcFx6_PtNNFjQLJ4AaABAg,Uuf2oipmXHg,텐코 시부키,Tenko Shibuki,CLICHE,@ssl278,후배 선배 하기 직전에 망설이는 찰나의 순간이 맛도리임 ㅋㅋㅋㅋㅋ,4,2026-07-14T03:07:33Z,36
UgwF-Z-PZs5XjbgCHZN4AaABAg,Uuf2oipmXHg,텐코 시부키,Tenko Shibuki,CLICHE,@헤바라기-x2r,나 너 선배.사탕 내놔(날조 조금),10,2026-07-11T09:09:41Z,19
UgwQEW-ieEqqSsM2c494AaABAg,Uuf2oipmXHg,텐코 시부키,Tenko Shibuki,CLICHE,@gited-b3z,붘히 웃을거 같아서 입 턱하고 막는거 진짜 설레 뒤지겠네 ㅋㅋㅋㅋㅋㅋ,4,2026-07-13T16:02:13Z,38
UgzDBrgHeJqTx3pM04J4AaABAg,Uuf2oipmXHg,텐코 시부키,Tenko Shibuki,CLICHE,@sottondfild,타붘 선배후배 조합 맛있다 ㅋㅋㅋㅋㅋㅋㅋ,6,2026-07-12T08:12:01Z,22
UgwrOlGxitZ-zGa7Q_l4AaABAg,Uuf2oipmXHg,텐코 시부키,Tenko Shibuki,CLICHE,@민소다-w2o,저거 뿡댕이들이 타비한테 하라고 시켰는데 타비가 우물쭈물하다가 겨우 뱉어서 ㅈㄴ 커엽더라  ㅋㅋ,4,2026-07-11T15:36:31Z,53
Ugy1TlDs2jYev969fBh4AaABAg,Uuf2oipmXHg,텐코 시부키,Tenko Shibuki,CLICHE,@분식집맛집-i2f,이뻐진 이유는 후배들에게 삥을 뜯기 위함,6,2026-07-11T09:29:49Z,22
Ugw5akYdeUU5froZAM54AaABAg,Uuf2oipmXHg,텐코 시부키,Tenko Shibuki,CLICHE,@카딘-r7c,타비님 신의상 나오고서 귀여움이 증폭되서 넘 좋네요,1,2026-07-16T16:45:58Z,28
Ugx6XbDbcP_vGg2UiZR4AaABAg,Uuf2oipmXHg,텐코 시부키,Tenko Shibuki,CLICHE,@페토가_되,후배 선배는게 개쳐 귀엽네,3,2026-07-11T09:18:45Z,14
UgxyvlQ5FgRXe4Drfu94AaABAg,Uuf2oipmXHg,텐코 시부키,Tenko Shibuki,CLICHE,@스텔라이브짱이다-i7h,아 졸귀다 너무 이쁘다 심장 멈춘다,3,2026-07-12T08:35:41Z,19
UgyVnq_JU4KxxT766Rt4AaABAg,Uuf2oipmXHg,텐코 시부키,Tenko Shibuki,CLICHE,@KJHtest,"귀여운 선배가 귀여운 후배에게 ㅋㅋㅋ
서로서로 잘 놀아줘서 너무 맛나네 캬",0,2026-07-11T08:14:08Z,41
UgwvOI4RyX7yaAR_dxV4AaABAg,Uuf2oipmXHg,텐코 시부키,Tenko Shibuki,CLICHE,@Rybepepharis,"대사만 보면 부조리의 끝판왕인데
타비가 쭈글쭈글하게 하니까 하찮고 귀여워짐 ㅋㅋㅋㅋ",0,2026-07-11T10:55:04Z,46
UgxlhwBx84V06l_wNa94AaABAg,Uuf2oipmXHg,텐코 시부키,Tenko Shibuki,CLICHE,@개발자-e5r,"우린 이걸 삥뜯기, 부조리, 직장내 괴롭힘이라고 부르기로 했어요.",1,2026-07-20T03:37:29Z,36
UgzgbgzrIK6ujr9pw_l4AaABAg,Uuf2oipmXHg,텐코 시부키,Tenko Shibuki,CLICHE,@이런뿡창낭넹,이거 그름그리시는 분 디테일이 개쩌는게 예전 나 선배후배에서는 타비 입고리가 각져있는데 지금 영상에서는 입고리가 둥글게생김. 양악받은 타비 반영한 당신 칭찬해❤,0,2026-07-16T10:13:17Z,89
Ugw8xVaLJDQa7r_9Dtd4AaABAg,Uuf2oipmXHg,텐코 시부키,Tenko Shibuki,CLICHE,@Nosyrup.,"ㅋㅋㅋㅋ 귀여운녀석들
귀여워서주는거야 서로",0,2026-07-11T12:15:43Z,23
UgwVxPbTThHfdRBa1o94AaABAg,Uuf2oipmXHg,텐코 시부키,Tenko Shibuki,CLICHE,@만개-s8r,안귀여웠으먄 부조리였다 ㄹㅇㅋㅋ,2,2026-07-14T17:05:29Z,17
UgwUDpjAUIYufLLN4D94AaABAg,Uuf2oipmXHg,텐코 시부키,Tenko Shibuki,CLICHE,@ABCDEFG-1-a,걍 둘다 참 귀여워잉ㅋㅋㅋ 후배선배 참ㅋㅋㅋ,0,2026-07-11T20:34:59Z,24
UgzqfaCtkAZv1PduLsN4AaABAg,Uuf2oipmXHg,텐코 시부키,Tenko Shibuki,CLICHE,@firstchiko,강지 : 나 너네 사장.,1,2026-07-18T03:17:10Z,13
UgyU5PaEajvYG82t9LR4AaABAg,Uuf2oipmXHg,텐코 시부키,Tenko Shibuki,CLICHE,@Darkness1676,ㅋㅋ 시청자들이 후배선배 해보라고 처음에 빼는척 하더니 하러간 타비 ㄱㅇㅇ,0,2026-07-11T08:13:12Z,41
Ugxukca8S_T9rKPnzNR4AaABAg,Uuf2oipmXHg,텐코 시부키,Tenko Shibuki,CLICHE,@재미재미다,선배가 너무 귀여운 부키 ㅋㅋㅋㅋㅋㅋ,0,2026-07-11T14:49:51Z,20
Ugw1jRAqQhVF7oB-P0p4AaABAg,Uuf2oipmXHg,텐코 시부키,Tenko Shibuki,CLICHE,@kishiro-sp6xl,"선배 후배 = 선배 나 저거 주떼염
후배 선배 = 내놔",1,2026-07-11T10:12:47Z,30
Ugz8CetLL6cgTAaw5yF4AaABAg,Uuf2oipmXHg,텐코 시부키,Tenko Shibuki,CLICHE,@풍신-d7m,"이거 봉캣몬에서 본장면인데 여태 이런 쇼츠 뜨면 설정잡아서 녹음하고 애니메이션 만들어서 영상 만드는줄 알았는데 아니였구나
걍 방송중에 있던 일 오디오를 따서 애니메이션을 만든거였어",1,2026-07-12T04:52:40Z,100
UgwgnaRPvt3hhenMkUV4AaABAg,Uuf2oipmXHg,텐코 시부키,Tenko Shibuki,CLICHE,@Muba1086,선배후배도 귀여운데 후배선배는 뭔가 더 귀여워,0,2026-07-11T12:14:43Z,25
Ugy-g2iEmHY6aikuaPZ4AaABAg,Uuf2oipmXHg,텐코 시부키,Tenko Shibuki,CLICHE,@dkfndk5077,후배 선배는 그냥 삥 뜯기잖아.. ㅋ,1,2026-07-11T14:29:02Z,20
UgxRMxYDOCGEdM78oAp4AaABAg,Uuf2oipmXHg,텐코 시부키,Tenko Shibuki,CLICHE,@roroaoao-st1hd,환호하는거 진짜 개ㅐㅐㅐㅐㅐㅐㅐㅐㅐ쳐귀엽네 ㅋㅋㅋㅋㅋㅋㅋㅋㅋㅋㅋㅋㅋㅋ,0,2026-07-17T03:30:02Z,38
UgwdkdVRuhAYU0KklIt4AaABAg,Uuf2oipmXHg,텐코 시부키,Tenko Shibuki,CLICHE,@DinoSRainbow,"부키님 타비님 넘 귀여워용 사랑해용♡♡
💕💗💘💖❤🧡💛💚💙💜🖤🤎🤍",0,2026-07-11T07:20:02Z,35
UgzxH11rsS4uBU0VFU94AaABAg,Uuf2oipmXHg,텐코 시부키,Tenko Shibuki,CLICHE,@Random-d8c2y,??? : 후배선배 (두근),2,2026-07-11T08:27:34Z,15
UgzNotPMqNRNJwI_s394AaABAg,Uuf2oipmXHg,텐코 시부키,Tenko Shibuki,CLICHE,@여우조아-o9j,"나 후배 선배는 ㅋㅋㅋ 
귀여운 선배라 다행이다 ㅋㅋ",0,2026-07-11T14:43:52Z,29
UgzTfpAK3v38nNL9B0x4AaABAg,nsZmnwC9ukE,텐코 시부키,Tenko Shibuki,CLICHE,@세계수정마나-pastel,딸기를 얼마나 좋아하는지 감도 안 옴,768,2026-07-25T08:44:50Z,20
UgzHhg2gWXNMqWiRfJJ4AaABAg,nsZmnwC9ukE,텐코 시부키,Tenko Shibuki,CLICHE,@ZSTEP-sx3qm,"젠장, 또 들어버렸어 숭배해야만 해
All time GOAT, 대 황 탁",678,2026-07-25T10:33:39Z,40
Ugx9SgnZHBS-HnkeQmB4AaABAg,nsZmnwC9ukE,텐코 시부키,Tenko Shibuki,CLICHE,@user-become_a_human,"젠장 또 TAK이야
난 도깨비꽃부터 베리베리스트로베리까지 숭배할 수 밖에 없어",335,2026-07-25T14:36:50Z,43
UgyOg4KtY3QAps_QAL54AaABAg,nsZmnwC9ukE,텐코 시부키,Tenko Shibuki,CLICHE,@만년필-p5h,"붘과 탘의 만남은 마치 날개 달린 호랑이, 꽃이 올라간 비단, 드릴 달린 여우와도 같다",345,2026-07-25T11:29:37Z,48
UgwlnooPmUCyLuYWr494AaABAg,nsZmnwC9ukE,텐코 시부키,Tenko Shibuki,CLICHE,@PHwang1001,"생방 부키 긴장하는거 개귀엽습니다.
어흐",974,2026-07-25T09:00:23Z,22
UgyFCPWHKRfFZSJM4294AaABAg,nsZmnwC9ukE,텐코 시부키,Tenko Shibuki,CLICHE,@user-kii1027,2:35 3D로 이 춤추는 부키 생각하면 귀여워서 죽을거같은데 어떡함,95,2026-07-25T16:53:06Z,38
UgzMgx1XsaPy0uSevg14AaABAg,nsZmnwC9ukE,텐코 시부키,Tenko Shibuki,CLICHE,@Nathan-ng8wk,listening and watching to all these korean vtubers really makes me want to learn korean,7,2026-08-03T23:55:43Z,87
UgxQYuONWHZCviXVbBF4AaABAg,nsZmnwC9ukE,텐코 시부키,Tenko Shibuki,CLICHE,@부키가좋은뿌댜,"와.... 이거 귀엽네
길쭉 부키랑 그 쇼츠 부키가 섞여나온다!",64,2026-07-25T10:53:22Z,35
UgxJxclM0hgdLMm3Szh4AaABAg,nsZmnwC9ukE,텐코 시부키,Tenko Shibuki,CLICHE,@dadada-n7p,2:47 고음부키 미칫다,94,2026-07-25T10:17:13Z,13
Ugzo6KrADNREYErZjwN4AaABAg,nsZmnwC9ukE,텐코 시부키,Tenko Shibuki,CLICHE,@holymolygwakamoly33,"이거 듣고 도깨비꽃 다시 들어보니까 부키가 탁님에게 도깨비꽃때보다 성장했다고 들었다는 말이 뭔지 알겠네..
진짜 잘 성장했다 정부키ㅋㅋㅋ",158,2026-07-25T10:18:03Z,76
Ugxy7_d4osr08-q5FyZ4AaABAg,nsZmnwC9ukE,텐코 시부키,Tenko Shibuki,CLICHE,@BoxOffice3,"1:21 라이트 하게 보는 편이라 잘 몰랐는데
이 그림 그리시는 분이 오앵님이셨군요.
항상 귀여워서 너무 좋아요 😊",60,2026-07-25T13:44:06Z,64
UgyMrIxe6FtdesLsIWV4AaABAg,nsZmnwC9ukE,텐코 시부키,Tenko Shibuki,CLICHE,@wild_boar27,"PICKY PICKY 가
뿌키  뿌키 로 들리네 ㅋㅋㅋㅋ",25,2026-07-25T19:25:29Z,31
UgzlcxEVEWVFpWBI5E14AaABAg,nsZmnwC9ukE,텐코 시부키,Tenko Shibuki,CLICHE,@YeonjooChoi-o1g,2:56 부키가 너무 귀여운거얌,59,2026-07-25T12:30:53Z,17
UgxUQTXfU-r4juy8gDV4AaABAg,nsZmnwC9ukE,텐코 시부키,Tenko Shibuki,CLICHE,@Coco-ik8df,"대한민국의 자랑
대 황 탁",17,2026-07-25T11:33:33Z,14
UgzZt-RZPR7IkSUwVwZ4AaABAg,nsZmnwC9ukE,텐코 시부키,Tenko Shibuki,CLICHE,@roheon013,"오리곡 중독성도 그렇고 너무 좋다
딸기 엄청 좋아하더니 딸기 관련 가사도 나올줄 몰랐고, 이나리들 비유해서 말한것도 좋당 ㅋㅋㅋㅋ
영상이 그냥 다 너무 개쳐귀여워서 좋은 오리곡",34,2026-07-25T11:22:19Z,98
UgwKn2ursquaNASAQ7h4AaABAg,nsZmnwC9ukE,텐코 시부키,Tenko Shibuki,CLICHE,@밍찌로,진짜 통통튀는 브금 저 tak입니다~ 하고있네 ㅋㅋㅋㅋㅋ,10,2026-07-25T15:41:46Z,31
UgzzEoM3v9m7y3b1hWF4AaABAg,nsZmnwC9ukE,텐코 시부키,Tenko Shibuki,CLICHE,@밥챤,이 좋은노래가 유튜브억까로 검색해도 안나오니 다들 많이 검색해주시고 들어주세요😊,20,2026-07-26T12:47:50Z,44
UgyquHg8rqNFDupuwvx4AaABAg,nsZmnwC9ukE,텐코 시부키,Tenko Shibuki,CLICHE,@sujinchoi1297,Tak - 시부키 조합은 정말 전설이다..,18,2026-07-26T05:25:31Z,23
UgxtqcgMm8NB2P-kXOZ4AaABAg,nsZmnwC9ukE,텐코 시부키,Tenko Shibuki,CLICHE,@이도건-l3i,0:58 순간 꼬리 겁나 커진줄 알았다,98,2026-07-25T11:26:36Z,21
UgwH8ShNkHMESnHmIoJ4AaABAg,nsZmnwC9ukE,텐코 시부키,Tenko Shibuki,CLICHE,@SATSU94,0:41 빙글빙글 돌아가는 쪼꼬미 부키 귀여우면 붘추 ㅋㅋㅋㅋ,16,2026-07-25T09:15:33Z,34
UgwsByG7OV5OjLfpUUx4AaABAg,nsZmnwC9ukE,텐코 시부키,Tenko Shibuki,CLICHE,@민둥게,"1:13 이부분이 전 가장 부키를 닮았다고 생각합니다.

귀여워",10,2026-07-25T09:34:50Z,35
UgxF1ShyjbvuMR5wHkJ4AaABAg,nsZmnwC9ukE,텐코 시부키,Tenko Shibuki,CLICHE,@testiidx,익숙한 맛이라서 와봤는데 역시 컴포져가….,18,2026-07-25T10:04:23Z,23
UgwnTJh088ejPQ5KfG94AaABAg,nsZmnwC9ukE,텐코 시부키,Tenko Shibuki,CLICHE,@999masijjyeong,귀여운 분위기 곡인데 샤우팅도 그렇고 들어있을 거 다 있는 신기한 곡이네 ㅋㅋ,9,2026-07-26T07:06:36Z,43
UgxmSwLpBNWH1gHJz0t4AaABAg,nsZmnwC9ukE,텐코 시부키,Tenko Shibuki,CLICHE,@aFunnyvideocollector,그러니까 귀가드릴 여우신 시부키님한테 딸기를 공물로 바치란 소리지...?,13,2026-07-27T05:59:45Z,40
UgyTXiXHjIDQA8DjqGx4AaABAg,nsZmnwC9ukE,텐코 시부키,Tenko Shibuki,CLICHE,@아리모-i2v,어딜 잘라들어도 꽉차있어서 너무 좋다,12,2026-07-25T11:08:59Z,20
UgxvGx_ndGiAVizn7154AaABAg,nsZmnwC9ukE,텐코 시부키,Tenko Shibuki,CLICHE,@He_황,_신사에서 누가 돌아왔게~?_ 🍓,447,2026-07-25T09:20:07Z,18
Ugy05rRaAFi0Ni4UmpV4AaABAg,nsZmnwC9ukE,텐코 시부키,Tenko Shibuki,CLICHE,@ExoticBankaiYT,"Very cute, i like it !",5,2026-07-28T06:56:48Z,22
Ugz3Ip3mCaDpTTuFIrd4AaABAg,nsZmnwC9ukE,텐코 시부키,Tenko Shibuki,CLICHE,@ednaturay4703,"This upbeat, sparkling message song is dedicated to many important people who love eating strawberries a lot! 🍓😋",9,2026-07-25T12:22:00Z,112
UgyFr1zo0WdaMepeXmd4AaABAg,nsZmnwC9ukE,텐코 시부키,Tenko Shibuki,CLICHE,@ghshqn,먼가 익숙하더니 tak 노래였네 퀄 너무좋다,22,2026-07-25T10:47:29Z,24
UgySEQUjKaolymDzOQ14AaABAg,nsZmnwC9ukE,텐코 시부키,Tenko Shibuki,CLICHE,@나마케모노,탁님 음악스타일이 부키 음색이랑 미친듯이 잘어울림...뮤비도 너무 사랑스럽고...중독적이고 너무 죠타,6,2026-07-25T13:56:42Z,56
Ugw6BA6HJJX8m9pwHc54AaABAg,nsZmnwC9ukE,텐코 시부키,Tenko Shibuki,CLICHE,@ILJminwoo,뭐지? 나만 처음엔 부키 귀엽다 하고 넘기고 다른 노래들 중독성 쩐다 했는데 이젠 이거만 머리속에서 무한반복중임,3,2026-07-30T04:32:58Z,62
UgxaOj4NWTT3I6ssiQF4AaABAg,nsZmnwC9ukE,텐코 시부키,Tenko Shibuki,CLICHE,@파스텔과쿠리미,1:51 편집 ㅋㅋㅋㅋㅋㅋㅋ,31,2026-07-26T06:39:20Z,15
UgyVocT8zjCT5NPkmyZ4AaABAg,nsZmnwC9ukE,텐코 시부키,Tenko Shibuki,CLICHE,@SleeepBear,몽땅부키 귀여워 미치겟습니다,3,2026-07-26T03:33:57Z,15
Ugxzas0g3oNych3ZHNB4AaABAg,nsZmnwC9ukE,텐코 시부키,Tenko Shibuki,CLICHE,@luckyguy1705,노래만 들어도 너무 새콤달콤하고 딸기향이 느껴지는 거 같냐.. 평소 좋아하지도 않는 딸기 케이크 땡기네 ㅋㅋㅋ,2,2026-07-31T21:44:44Z,61
UgxZrmqtxlJPloZPSoZ4AaABAg,nsZmnwC9ukE,텐코 시부키,Tenko Shibuki,CLICHE,@에헹에헹에헹,중간중간 나오는 '선배 나 후배' 모먼트가 개귀여움,6,2026-07-26T10:56:21Z,28
Ugwf6onjd1I-XEeYh_54AaABAg,nsZmnwC9ukE,텐코 시부키,Tenko Shibuki,CLICHE,@BurningMonday_14,캐릭터 너무 귀여운 거 아닌가요,8,2026-07-25T11:52:39Z,17
Ugzqn2BwWO-4on2oC7F4AaABAg,nsZmnwC9ukE,텐코 시부키,Tenko Shibuki,CLICHE,@windtaker11,TAK과 BUKI 그저 빛,3,2026-07-25T14:51:16Z,14
UgzE3nZGB_sZ8n5fmRN4AaABAg,nsZmnwC9ukE,텐코 시부키,Tenko Shibuki,CLICHE,@lms523,TAK님 느낌 잔뜩 느껴지네ㅋㅋㅋㅋ 부키랑 너무 잘어울린다,4,2026-07-25T13:45:50Z,32
Ugy8jXzPHOmpXcuJtFN4AaABAg,nsZmnwC9ukE,텐코 시부키,Tenko Shibuki,CLICHE,@뭘뽀노_3247,어쩜 이렇게 귀엽지,10,2026-07-25T10:47:04Z,10
Ugwq_3fIu1io_EauRjd4AaABAg,nsZmnwC9ukE,텐코 시부키,Tenko Shibuki,CLICHE,@뇨뇨뇨뇨뇨-d4b8s,"부키의 상징중 하나인 딸기가 나온것도 너무 좋다
곡도 중독성 너무 잘 살렸고 중간중간 귀여운 뿌키도 좋고 그냥 다 좋아💜💜 이게 오리곡이비",3,2026-07-26T00:19:28Z,77
UgwbfC0rBiwpey5eycd4AaABAg,wO7pHjlBdz4,텐코 시부키,Tenko Shibuki,CLICHE,@He_황,그림체 붘쳐귀엽네 ㅋㅋㅋㅋㅋㅋㅋ,613,2026-07-24T08:06:09Z,17
UgzxQAZDZ6H_GNiT2qF4AaABAg,wO7pHjlBdz4,텐코 시부키,Tenko Shibuki,CLICHE,@user-bz8eo6jq7t,뽀뽀할 때 바보털 하트되는 거 개귀엽네 ㅋㅋㅋㅋ,219,2026-07-24T09:13:41Z,26
Ugx2FGFAr7UtRRmYQ9J4AaABAg,wO7pHjlBdz4,텐코 시부키,Tenko Shibuki,CLICHE,@쿠리미한_감자,오늘만큼은 빨간짱돌이 아니라 대 리 제,447,2026-07-24T08:13:56Z,21
Ugyb_MSG3W8lbyuDTuZ4AaABAg,wO7pHjlBdz4,텐코 시부키,Tenko Shibuki,CLICHE,@varra7732,고맙다 리제야 ㅋㅋㅋㅋㅋ,112,2026-07-24T08:19:00Z,13
UgzxX1PAlpurzuXA82V4AaABAg,wO7pHjlBdz4,텐코 시부키,Tenko Shibuki,CLICHE,@호루12,마음이 돈이라네요 ㅋㅋㅋㅋㅋㅋㅋㅋㅋ,22,2026-07-24T08:13:56Z,19
UgyAWPRXaDP-wU8jiK14AaABAg,wO7pHjlBdz4,텐코 시부키,Tenko Shibuki,CLICHE,@dvvarfstar,"캬 대 천 마
덕분에 숏츠로도 무한 재생 뽀뽀 받았다",26,2026-07-24T08:17:27Z,29
UgxamE5pejWOVL4YTKR4AaABAg,wO7pHjlBdz4,텐코 시부키,Tenko Shibuki,CLICHE,@fero_owo,나 후배 선배 2탄,38,2026-07-24T08:13:58Z,10
Ugyr5achF178URFa8Yl4AaABAg,wO7pHjlBdz4,텐코 시부키,Tenko Shibuki,CLICHE,@서메주-w3g,난또 리제가 나 후배 선배 라고 하는 줄ㅋㅋㅋ,4,2026-07-24T22:51:56Z,25
UgyfS7VdNsKwjUNPcul4AaABAg,wO7pHjlBdz4,텐코 시부키,Tenko Shibuki,CLICHE,@부키의노예1호,그저goat리제 존!명,8,2026-07-24T09:46:01Z,12
UgwkGDvVs5FjKU1CXM14AaABAg,wO7pHjlBdz4,텐코 시부키,Tenko Shibuki,CLICHE,@녹차_JANJUN,감사합니다 천마님,4,2026-07-24T08:56:28Z,9
UgyyBePF_fH6Z--i-Sd4AaABAg,wO7pHjlBdz4,텐코 시부키,Tenko Shibuki,CLICHE,@이나리22,귀요미한 그림체,5,2026-07-24T08:09:30Z,8
UgzvO39t92bgsliP--F4AaABAg,wO7pHjlBdz4,텐코 시부키,Tenko Shibuki,CLICHE,@TraderOfFun,리제 : 나후배선배 :)❤,8,2026-07-24T09:13:19Z,14
UgwHjT-rGXpmV0p2x2R4AaABAg,wO7pHjlBdz4,텐코 시부키,Tenko Shibuki,CLICHE,@w_oona_da,리제선배가 니즈를 확실하게 파악해써!! 캬ㅑㅑㅑ,2,2026-07-24T08:31:59Z,26
UgyWBf2tQysYRx8b1jZ4AaABAg,wO7pHjlBdz4,텐코 시부키,Tenko Shibuki,CLICHE,@사랑한다텐코시부키1,느에엥 리제는 이제부터 신이다.,2,2026-07-24T15:34:50Z,17
UgwwCrRa-LfIWlSxtSZ4AaABAg,wO7pHjlBdz4,텐코 시부키,Tenko Shibuki,CLICHE,@여우조아-o9j,리제덕에 뽀뽀도 받고 고맙다,2,2026-07-24T08:51:56Z,15
UgwV0vOOvUPWa4NBII94AaABAg,wO7pHjlBdz4,텐코 시부키,Tenko Shibuki,CLICHE,@arahashl_tabi_love,"리제야, 오늘 만큼은 짱돌이 아니구나.",2,2026-07-24T14:45:16Z,21
Ugzn8YyNih-pwmwzUzZ4AaABAg,wO7pHjlBdz4,텐코 시부키,Tenko Shibuki,CLICHE,@햄복한고냠미,캬~ 감사!합니다,2,2026-07-25T11:30:21Z,9
UgzIyVCbbnsbHWNvHzx4AaABAg,wO7pHjlBdz4,텐코 시부키,Tenko Shibuki,CLICHE,@강민철의유튜브분석_GP,나 후배 선배.,1,2026-07-24T08:50:49Z,8
UgwZSBeQOu0mOVLqoNd4AaABAg,wO7pHjlBdz4,텐코 시부키,Tenko Shibuki,CLICHE,@jun-ak-07,부키는 마음이 작..읍읍,3,2026-07-24T08:06:31Z,13
Ugx8LK3h8sRHAL53s-d4AaABAg,wO7pHjlBdz4,텐코 시부키,Tenko Shibuki,CLICHE,@바람을모르는뿡황,고맙다 리제야 그리고 사랑한다 부키야,1,2026-07-24T13:21:07Z,20
UgzNrgMNLI-8zw_rPIB4AaABAg,wO7pHjlBdz4,텐코 시부키,Tenko Shibuki,CLICHE,@오정석,"아..  부키님꺼 훈지 받는게 아니고
ㅋㅋㅋ 엥나와 나리들에게 치즈를 ㅋㅋㅋㅋ",0,2026-07-24T08:40:46Z,43
UgyFR63jMh5iNaktU_l4AaABAg,wO7pHjlBdz4,텐코 시부키,Tenko Shibuki,CLICHE,@느엥밍뿡빵에휴뇨배추,부키는 줄 마음이 없는데....,3,2026-07-24T11:16:59Z,17
UgyorguGWFFnpsMZYcZ4AaABAg,wO7pHjlBdz4,텐코 시부키,Tenko Shibuki,CLICHE,@슈라-o3b,"천마는 지능캐느뇨
대 선 배 키야~~~",0,2026-07-24T12:19:12Z,21
Ugy1sL_Yr7bCMmSp9cl4AaABAg,wO7pHjlBdz4,텐코 시부키,Tenko Shibuki,CLICHE,@스프-j6d,나 후배선배! 돈내놔라제~,2,2026-07-25T01:30:39Z,14
UgxaR8uN_z4rUCiYjtV4AaABAg,wO7pHjlBdz4,텐코 시부키,Tenko Shibuki,CLICHE,@키레이0131,대박박 귀엽느뇨 미틴🫦🫦🫦🔥🔥🔥🔥🔥🔥,0,2026-07-24T14:54:59Z,20
UgyGYpw_FvFiB3mt43t4AaABAg,wO7pHjlBdz4,텐코 시부키,Tenko Shibuki,CLICHE,@블루하와이-c4f,부키 순수하게ㅎㅎㅎ,0,2026-07-24T09:25:41Z,10
UgzirR5qDEWdgbPB1Vx4AaABAg,wO7pHjlBdz4,텐코 시부키,Tenko Shibuki,CLICHE,@KeyLa_0603,리제야 진심으로 고맙다...ㅋㅋ,0,2026-07-24T08:34:51Z,17
Ugw_1nvVEp5zuSbLtIJ4AaABAg,wO7pHjlBdz4,텐코 시부키,Tenko Shibuki,CLICHE,@_jjaktung116,고맙다 리제야 너도 해주라,1,2026-07-24T15:20:25Z,14
Ugzooeq8cKKs5fRyq994AaABAg,wO7pHjlBdz4,텐코 시부키,Tenko Shibuki,CLICHE,@헬라인드,고맙다  리제야,0,2026-07-24T08:35:47Z,8
Ugy5sz_eFhFuQA9PUoN4AaABAg,wO7pHjlBdz4,텐코 시부키,Tenko Shibuki,CLICHE,@이유튭-f1l,느엥도 북희도 마니 마니 귀엽다 ㅋㅋㅋ,0,2026-07-25T00:16:48Z,21
UgxINV6JccQtctOGtnV4AaABAg,wO7pHjlBdz4,텐코 시부키,Tenko Shibuki,CLICHE,@별꽃-m5k,짱귀엽네,1,2026-07-25T23:55:53Z,4
Ugzzs8O163LnPTjnBRl4AaABAg,wO7pHjlBdz4,텐코 시부키,Tenko Shibuki,CLICHE,@귀여운감자바쿠피엔나,감사합니다 스트리머 아카네 리제님.,2,2026-07-24T10:00:06Z,19
UgwIoxwDVuQERZ4R8rB4AaABAg,wO7pHjlBdz4,텐코 시부키,Tenko Shibuki,CLICHE,@星光_텔스,리제 유도 작전 아주 그냥 감사합니다,1,2026-07-24T23:34:40Z,20
Ugycqv-tcIkduqQ3icV4AaABAg,wO7pHjlBdz4,텐코 시부키,Tenko Shibuki,CLICHE,@루프탑8290,너무 좋네요 존명!,0,2026-07-24T12:00:25Z,10
UgzoX9IIsfBQJyZoJZh4AaABAg,wO7pHjlBdz4,텐코 시부키,Tenko Shibuki,CLICHE,@PNXG,리제 부키 너무 귀여워❤,0,2026-07-25T15:39:09Z,13
UgwoK7-X5NSahQ0_d7d4AaABAg,wO7pHjlBdz4,텐코 시부키,Tenko Shibuki,CLICHE,@binke67,부키는 마음이 없어서 줄게 없다네요~,188,2026-07-24T08:06:58Z,20
Ugz0BAdpaAMd9T1oBst4AaABAg,wO7pHjlBdz4,텐코 시부키,Tenko Shibuki,CLICHE,@user-js9tu7ef9e,마음~뫄,0,2026-07-24T10:08:21Z,4
Ugx9ZFCNSuPxpLA3awR4AaABAg,wO7pHjlBdz4,텐코 시부키,Tenko Shibuki,CLICHE,@1heuglo686,ㅋㅋㅋㅋㅋㅋ귀여워,0,2026-07-24T12:31:30Z,9
UgzKI4F3CdU4v34qWgR4AaABAg,wO7pHjlBdz4,텐코 시부키,Tenko Shibuki,CLICHE,@poonde,로리여우신이시다 캥캥❤,0,2026-07-25T07:48:46Z,12
Ugy-WYPPx8mP9nrsxAh4AaABAg,ZYSQLv_L26Y,아오쿠모 린,Aokumo Rin,CLICHE,@멀바-V,아니 벌써 100만을 넘었다고??,17,2026-08-06T19:56:49Z,18
UgzHPL5CeC7t37sMAR14AaABAg,ZYSQLv_L26Y,아오쿠모 린,Aokumo Rin,CLICHE,@paka-1,뮤비노래분위기 ㄹㅇ 역대급이면 개추 ㅋㅋㅋㅋㅋㅋㅋ,2229,2026-07-27T09:05:28Z,27
UgxRni0xbmydpJDZfi54AaABAg,ZYSQLv_L26Y,아오쿠모 린,Aokumo Rin,CLICHE,@YongSal-lee,"현실 
노래 부르는 사람: 아오쿠모 린
방송하는 사람: 뇨",771,2026-07-27T16:18:26Z,32
UgycbzvCjTRV4u0NCsF4AaABAg,ZYSQLv_L26Y,아오쿠모 린,Aokumo Rin,CLICHE,@EveStellarBlade11,"가사해석: 사회장단에만 맞추고 살다 자가자신을 잃어버리기 싫어 ->  run away 후 진정한 나의 길을 개척함 = ""Maid My Way""
뇌피셜 뮤비해석: 
1:20 평범한 메이드 생활 (근데 쿠리미 침대가 왜 없어진건지 나도 잘 모름 - 조금 무서움;;;)
1:35 린이 거울을 보고 깨달음, 아... 사실 난 평범한 메이드가 아니라 인기 메이드 버튜버가 될 재목이란 걸
1:43 버튜버 뇨조 사토루, 옥문강 해제 
2:01 평범한 메이드 일만 하는 자신이 싫어 거울 냥냥펀치 중
2:29 뇨이키 텐카이, 무량영어
3:03 아오쿠모린 -> 무라사키쿠모린 -> 아카쿠모린 진화 완료",5,2026-07-28T05:37:42Z,328
Ugx3gi3ON5MMrJ7ikxJ4AaABAg,ZYSQLv_L26Y,아오쿠모 린,Aokumo Rin,CLICHE,@dwdw-Zuixz,지금 준내 힘들어서 이 노래를 심장박동 삼아 살아가고 있습니다 오리곡 고마워요 감사해요 덕분에 살아요..,5,2026-08-03T18:36:18Z,58
UgxYW921SK0S9SJo3314AaABAg,ZYSQLv_L26Y,아오쿠모 린,Aokumo Rin,CLICHE,@garden._two,"1:19 “Nyo, 나도 원래 이랬던건 아니야.”",1224,2026-07-27T09:55:18Z,27
UgyDddp6GOdKn0ez8O94AaABAg,ZYSQLv_L26Y,아오쿠모 린,Aokumo Rin,CLICHE,@Earendel_,3:03 와 여기 뭐임??? ㅋㅋㅋㅋㅋ 밋친밋친,372,2026-07-27T09:38:58Z,26
Ugwc5v4iu_7-UPtsVZt4AaABAg,ZYSQLv_L26Y,아오쿠모 린,Aokumo Rin,CLICHE,@YSH_27,"저음에서 가성 전환, 긁는거, 지르는거
제가 린님 보컬에서 제일 좋아하는 것들이 다 들어있는 미친 곡... 개좋아...",291,2026-07-27T09:07:12Z,66
Ugw5DW_tuOxKGpjCXMt4AaABAg,ZYSQLv_L26Y,아오쿠모 린,Aokumo Rin,CLICHE,@나마케모노,"확실히 린은 이렇게 사운드 빵빵하고 쎈 노래가 잘어울려...저음이 엄청 매력적이고 성량도 좋아서...뮤비 퀄리티도 역대급이고, 이번에 클리셰들 오리곡 내느라 너무 수고 많았따💙☁️",9,2026-07-27T11:38:44Z,100
UgwlO0NoU-mqCIwYrFd4AaABAg,ZYSQLv_L26Y,아오쿠모 린,Aokumo Rin,CLICHE,@Ukiwi071,갠적으로 지금까지의 곡중에 이게 가장 치이긴해...,9,2026-07-27T12:11:14Z,28
UgxaJxc-9yfjs_MoUoJ4AaABAg,ZYSQLv_L26Y,아오쿠모 린,Aokumo Rin,CLICHE,@그뭔닉없-t9i,이것만 기다렸다면 믿어줄래...?,1095,2026-07-27T07:16:38Z,18
UgyQXUlCjVLSI2BoEtN4AaABAg,ZYSQLv_L26Y,아오쿠모 린,Aokumo Rin,CLICHE,@가오리._.3,"진짜 락 미쳤다...가사랑 제목도 ㄹㅇ 찰떡이네
약간 악마랑 계약하는 기분이에요",15,2026-07-27T14:40:50Z,44
UgytEn4xte6CzgCi8px4AaABAg,ZYSQLv_L26Y,아오쿠모 린,Aokumo Rin,CLICHE,@김재호-r4r,벌써 100만이냐..,10,2026-08-06T08:29:37Z,11
Ugw-_meEqzLzgtyD50B4AaABAg,ZYSQLv_L26Y,아오쿠모 린,Aokumo Rin,CLICHE,@kishiro-sp6xl,"와 씨 분위기 개오지네 진짜 와
린 보컬 몇 번을 들어도 소름돋는다 진짜...",14,2026-07-27T18:33:39Z,43
UgytpxtdjE_AIzCVaeB4AaABAg,ZYSQLv_L26Y,아오쿠모 린,Aokumo Rin,CLICHE,@Minye-pastel,"이 노래에 미쳐버릴 것 같다 너무 좋잖아

최근에 느낀 건데 린 목소리가 밴드 사운드에 꽤 잘어울려 이런 노래도 좋다
가사도 너무 좋고!! 이 노래 들으면서 힘낼게!!!",28,2026-07-27T12:32:51Z,94
UgyJvtgvwt0H3OBCNEZ4AaABAg,ZYSQLv_L26Y,아오쿠모 린,Aokumo Rin,CLICHE,@clover04-L7,"3:10 마지막 ""지치시거든, 언제든 미쳐보시길!"" 할 떄 진짜 홀려서 멍...하고 쳐다봄 ( 린아 첫 오리진 곡 축하해!!!!! )",170,2026-07-27T10:13:08Z,74
Ugz2ryUgattT1Od1Gwd4AaABAg,ZYSQLv_L26Y,아오쿠모 린,Aokumo Rin,CLICHE,@numerugon_daisuki,2:07 여기 가사에 아오(푸르게)쿠모(뭉게구름)가 담긴 채 나오는 거 넘 감다살...,310,2026-07-27T09:32:08Z,48
UgycZLqb5oVrW-DthqB4AaABAg,ZYSQLv_L26Y,아오쿠모 린,Aokumo Rin,CLICHE,@nmangginchang,의외로 생각한것보다 퀄 레전드라서 놀랐으면 개추 ㅋㅋ,170,2026-07-27T09:33:58Z,29
UgxQgpuk9bhAHUKhJvB4AaABAg,ZYSQLv_L26Y,아오쿠모 린,Aokumo Rin,CLICHE,@마시-h8i,바빠서 드문드문 보던 사람인데 진짜 가사도 음도 리듬도 한번 들으면 잊을 수가 없음 계속 들을거 같아요 ㅎㅎㅎ,4,2026-07-30T15:10:20Z,61
UgyXrahnGzh10jgjNDx4AaABAg,ZYSQLv_L26Y,아오쿠모 린,Aokumo Rin,CLICHE,@만년필-p5h,살짝 돌아보라는 말을 린이 하니까 신뢰도가 급상승한다,12,2026-07-27T11:28:04Z,29
UgxcdPuYADJsg5kGOMN4AaABAg,ZYSQLv_L26Y,아오쿠모 린,Aokumo Rin,CLICHE,@ho_ca,"고음 나올때 눈 색 변하는게 너무너무,,, 취향이고 노래 파워풀 한게 너무 좋다,,,, 린 항상 화이팅!!!",42,2026-07-27T11:49:43Z,60
UgwUY9QbYym8EedNnih4AaABAg,ZYSQLv_L26Y,아오쿠모 린,Aokumo Rin,CLICHE,@끝나지않는이야기,리코가 부른게 잊혀지지 않는다,4,2026-07-27T10:34:31Z,16
Ugy0CKg5TpBq80nMKvF4AaABAg,ZYSQLv_L26Y,아오쿠모 린,Aokumo Rin,CLICHE,@Yunsung-m8o8,"제목의 언어유희, 린 음색, 뮤비, 분위기, 노래 퀄리티, 가사, 미친 린의 외모력까지 진짜 모든게 최애였다.... 티저부터 기대했었는데 기대이상!!!💙💙💙",20,2026-07-27T10:28:58Z,87
Ugx2ajbjB61WQUbSkrN4AaABAg,ZYSQLv_L26Y,아오쿠모 린,Aokumo Rin,CLICHE,@노래-x9n,2:16 피어나야해 이부분이 개좋네,21,2026-07-29T19:47:01Z,19
UgyUn-6cRsuXDgdUbQd4AaABAg,ZYSQLv_L26Y,아오쿠모 린,Aokumo Rin,CLICHE,@나크로스-q5i,"처음에는 노래 분위기 자체가 멋지고 멜로디가 신나고 그래서 반복해서 듣다가, 어느 순간 가사에 좀 위로를 받아버려서 약간 울컥했습니다. 좋은 노래 불러주셔서 감사합니다.",3,2026-07-28T06:09:30Z,94
UgxGI2quFdmHTwp2DfZ4AaABAg,ZYSQLv_L26Y,아오쿠모 린,Aokumo Rin,CLICHE,@깍두기볶음밥,자막 띄우면 박수랑 눈 똘망똘망 이모티콘 나오는거 겁나 뇨하네,27,2026-07-27T10:04:31Z,34
Ugxw-LeON_-v9T02JdJ4AaABAg,ZYSQLv_L26Y,아오쿠모 린,Aokumo Rin,CLICHE,@holymolygwakamoly33,린 곡 조회수 상승률 미쳤네 벌써49만? 이제 50만되겠네ㄷㄷ,7,2026-07-30T09:55:29Z,34
UgxADLSx9RoClpikSMN4AaABAg,ZYSQLv_L26Y,아오쿠모 린,Aokumo Rin,CLICHE,@콜라곰-y7w,"베시시한 표정으로 해맑게 웃는 린이
이런 표정을 지어버리면 쿠리미 녹아버려요..",11,2026-07-27T10:47:38Z,44
UgwfcuEn4EEkoYT9Lph4AaABAg,ZYSQLv_L26Y,아오쿠모 린,Aokumo Rin,CLICHE,@ChiefPriest2026,쿠모린의 광기가 무서운 쪽이었으면 이랬을듯 진짜 노래 가사 분위기 고음 다 내스타일,31,2026-07-27T11:51:09Z,46
UgxdBOJamQuCFxkWoGR4AaABAg,ZYSQLv_L26Y,아오쿠모 린,Aokumo Rin,CLICHE,@퍼슬러리,내가 본 린은 위용위용위용이었어 하지만 지금보는 린은 말로 표현 불가,5,2026-07-29T02:53:59Z,38
Ugx-JEqw9p_59miNOJ94AaABAg,ZYSQLv_L26Y,아오쿠모 린,Aokumo Rin,CLICHE,@znlzzlr,사신 작가님 같은데 그림 진짜 개지린다,32,2026-07-27T09:10:30Z,21
UgzAOMUvyJzjg4jwiv94AaABAg,ZYSQLv_L26Y,아오쿠모 린,Aokumo Rin,CLICHE,@docent_89,"7월 27일에 군입대했습니다 솔직히 막막했는데 최애의 노래가 입대곡이라고 생각하니 버틸 수 있을 것 같습니다 정말 감사합니다 
노래가 진짜 너무 좋습니다 군 복무 기간 동안 이 노래 들으면서 버티겠습니다

스텔라이브 화이팅!!",71,2026-08-01T05:09:46Z,126
UgyTjBsKDePlw5Qbp554AaABAg,ZYSQLv_L26Y,아오쿠모 린,Aokumo Rin,CLICHE,@Blueacorn_413,이 노래를 이길 노래는 린의 두번째 오리곡밖에 없을거야,8,2026-07-27T09:49:38Z,30
UgzeJ9V0Le9dd36lTaF4AaABAg,ZYSQLv_L26Y,아오쿠모 린,Aokumo Rin,CLICHE,@sunoah3832,"드디어 전설의
따따따 따라 따라
원곡을 듣게 되었다....
리코야..이게 그건 아니잖아...",2,2026-07-27T14:08:05Z,51
UgzPV7m-9T46a05Hjep4AaABAg,ZYSQLv_L26Y,아오쿠모 린,Aokumo Rin,CLICHE,@passby_kyj,"고맙다 린아 덕분에 이곡만 한곡반복해서 14km/h로 40분 뛰기 성공했다
성취감 장난아니네...",3,2026-07-28T00:18:05Z,54
Ugxa_Zt4A85m8e_NaXx4AaABAg,ZYSQLv_L26Y,아오쿠모 린,Aokumo Rin,CLICHE,@GRR-z7l,와 후렴구에서 계속 다다닫다ㅏㄸ따따다 넣어주는 거 진짜 지린다..,30,2026-07-27T11:32:25Z,36
UgxMUkjwG2SuNwhFjuV4AaABAg,ZYSQLv_L26Y,아오쿠모 린,Aokumo Rin,CLICHE,@비밀번호-b5c,이제 '뇨'의 시대가 온 것 같지 않아?,514,2026-07-27T07:43:42Z,22
Ugz_CfDmNEzpEAkuazd4AaABAg,ZYSQLv_L26Y,아오쿠모 린,Aokumo Rin,CLICHE,@김동하-n5z,린의 매력을 종류별로 전부 느낄 수 있는 곡이네... 대박이다 그냥,8,2026-07-27T12:15:04Z,37
Ugy6dXf2yKuOrFx4eql4AaABAg,ZYSQLv_L26Y,아오쿠모 린,Aokumo Rin,CLICHE,@나쁜사람_아닙니다,"땡글땡글한 눈을 가진 린이 사실은 차가운 얼음 공주 캐릭 이었다는 건가?

이건 쌈@뽕하게 미1식 이잖아?!",3,2026-07-27T11:07:15Z,60
UgzqEhBsQj88xYomjfB4AaABAg,ZYSQLv_L26Y,아오쿠모 린,Aokumo Rin,CLICHE,@ouo.제갈미정,"그림 그려주신 분 사신 커버곡 맡아주신 분이랑 같으신가보다,,
곡 너무 좋아요,,",5,2026-08-04T13:37:55Z,45
UgyqcNYCTK7adjP3Qnt4AaABAg,y1nUYj_D1Es,아오쿠모 린,Aokumo Rin,CLICHE,@뿡빵사마,내신이 왜 중요해 내 신이 여깄는데,1235,2026-06-28T09:01:27Z,19
UgzqV4eQFhmsYgjhrGR4AaABAg,y1nUYj_D1Es,아오쿠모 린,Aokumo Rin,CLICHE,@그뭔닉없-t9i,0:32 하품 개쳐귀엽네 진짜ㅋㅋ 자막도 (하ㅏㅏㅏ품),435,2026-06-28T08:07:21Z,30
Ugwj5Odj8YuY5U294XB4AaABAg,y1nUYj_D1Es,아오쿠모 린,Aokumo Rin,CLICHE,@스윗-stel하트,린의 목소리가 날 '욘데이루' 하는데 어떻게 안 오냐고...,949,2026-06-27T23:52:17Z,33
UgxYzKJCIV1W7dSX5NR4AaABAg,y1nUYj_D1Es,아오쿠모 린,Aokumo Rin,CLICHE,@Pen_guin1007,"여러분 그거 아시나요
1. 린 앞머리에 구름이 아니라 새가 붙어있습니다
2. 첫,마지막 장면에 티켓에 날짜는 최초 공개 날 입니다
3. 1:31, 3:51 초에 베개로 사용되는 쿠리미는 도움을 요청하고 있습니다
4. 2:00 초에 쿠리미가 보고 있는 영상은 (아마도?) 3D 대뷔(보니까 이게 더 비슷한듯?) 영상인 것 같네요
5.티켓 하단에 숫자는 린의 생일 입니다(20260503)
6. 하이라이트 파트 뮤비에 나오는 나뭇잎의 개수는 215개입니다(?)(직접 세봄)
7. 티켓에 QR코드를 찍으면 아오쿠모 린 채널이 나옵니다",443,2026-06-28T08:56:36Z,295
UgyJ5NmUI72VATRkzlR4AaABAg,y1nUYj_D1Es,아오쿠모 린,Aokumo Rin,CLICHE,@화월saewoo,진짜 저음이 너무 매력적이다 이렇게 저음 매력적인 여자 뇨?봇 처음봄….,60,2026-06-28T08:17:35Z,40
UgxqRMIj8DvvYT2Nenp4AaABAg,y1nUYj_D1Es,아오쿠모 린,Aokumo Rin,CLICHE,@오이치코-q2y4o,평생 요루시카만 보며 살아온 파스텔은 그렇게 성불하고 마는데...,122,2026-06-28T10:11:09Z,36
UgwJlzAuhJmTlGJfMDR4AaABAg,y1nUYj_D1Es,아오쿠모 린,Aokumo Rin,CLICHE,@minyu-j3x,1:59 여기 린 3D 데뷔 영상이네 ㅋㅋ,145,2026-06-28T10:13:54Z,23
UgwKMnx_asT_JJcvdGd4AaABAg,y1nUYj_D1Es,아오쿠모 린,Aokumo Rin,CLICHE,@zsd-s6q,갠적으론 이게 린 커버곡중에선 젤 맘에드는,5,2026-07-26T05:10:30Z,23
Ugyeos7dOJ9qaOJWbkt4AaABAg,y1nUYj_D1Es,아오쿠모 린,Aokumo Rin,CLICHE,@Dinosaurus-w1i,4:03 티켓 QR 찍으니까 린튜브 나오는 디테일 ㄷㄷ 항상 좋은 음악 너무 고마워ㅓㅓ 항상 응원해요ㅛ💙,23,2026-06-28T12:38:12Z,58
UgyvquFpDygPNiSwgsl4AaABAg,y1nUYj_D1Es,아오쿠모 린,Aokumo Rin,CLICHE,@SRTNEC,"요루시카 곡도 어울리는구나 린의 커버곡은 항상 기대된다
이걸로 1달 1커버곡 지킨 쿠모린",41,2026-06-28T08:10:20Z,49
Ugyt6p9hlWr6yUIggJl4AaABAg,y1nUYj_D1Es,아오쿠모 린,Aokumo Rin,CLICHE,@이쁘미-e8o,3:38 욘~데이루➡️↗️⤵️↗️⤵️,83,2026-06-28T08:49:58Z,20
UgyGCnXTbVQpJQ0MQ7l4AaABAg,y1nUYj_D1Es,아오쿠모 린,Aokumo Rin,CLICHE,@소금뿌린,2:40 쿠모린이 나를 부르고 있어~,44,2026-06-28T09:21:41Z,20
Ugxi2f7uvtv15TL-f0h4AaABAg,y1nUYj_D1Es,아오쿠모 린,Aokumo Rin,CLICHE,@하아아요,내 요루시카 최애곡을 해준 린에게 압도적 감사,7,2026-06-29T03:03:31Z,25
UgwqvYYXt_feTogRAIh4AaABAg,y1nUYj_D1Es,아오쿠모 린,Aokumo Rin,CLICHE,@강민철의메디컬실패기,"2:40 ""쿠모(린)가 나를 부르고 있어~""",134,2026-06-28T13:38:52Z,24
Ugz0diFExM1X9DkJiwp4AaABAg,y1nUYj_D1Es,아오쿠모 린,Aokumo Rin,CLICHE,@윤영-x9b,"썸네일 진짜 잘 그린 것 같음

억새밭, 푸른 바람, 구름의 능선
= 파도가 일렁이는 해변가 <- 이것의 은유인데 진짜 잘 캐치한 느낌",4,2026-06-29T13:00:00Z,75
UgzF2SsoJZIPHDxoleR4AaABAg,y1nUYj_D1Es,아오쿠모 린,Aokumo Rin,CLICHE,@LunaticFlower-r5m,린님이 부르니까 뭔가 희망 넘치는 지브리 영화 ost 같은 느낌이다,8,2026-06-28T08:49:45Z,37
Ugzh48V5sUylw1VMuzR4AaABAg,y1nUYj_D1Es,아오쿠모 린,Aokumo Rin,CLICHE,@덕질하는_사람1인,잰장 또 린이야 자꾸 나를 물들이고 있잖아..ㅋㅋㅋ 근데 이번 커버곡은 ㄹㅈㄷ긴 합니다 (화질 240p로 보는거 추천 드려요),3,2026-07-01T12:23:52Z,70
UgwPBuEk07Jp1i31xJt4AaABAg,y1nUYj_D1Es,아오쿠모 린,Aokumo Rin,CLICHE,@코리조-1107,0:17 와~ 린님이랑 여행 떠난다~,46,2026-06-28T08:18:23Z,20
UgyEntpg0swl4R51PjV4AaABAg,y1nUYj_D1Es,아오쿠모 린,Aokumo Rin,CLICHE,@평범한아르냥,린의 욘데이루~ 듣고 녹던 쿠리미 다시 부활함,22,2026-06-28T08:19:56Z,25
UgzTCcvOX3JAlcjDaMB4AaABAg,y1nUYj_D1Es,아오쿠모 린,Aokumo Rin,CLICHE,@jinyounglee3889,쇼츠 유입되었습니다. 왜 이리 늦게 알고리즘에 떴을까요..,1,2026-07-19T13:59:41Z,32
UgyfMT3a4q-3iHlO5ll4AaABAg,y1nUYj_D1Es,아오쿠모 린,Aokumo Rin,CLICHE,@Sinamon-j2w,내가... 이 노래를 어떻게 잊어버렸는데... 또다시.. 듣게 만들다니... 욘데이루~ 그만!!!! 욘데이루~~~,3,2026-06-29T09:58:50Z,63
Ugw0tiI7TAUo5RXDihh4AaABAg,y1nUYj_D1Es,아오쿠모 린,Aokumo Rin,CLICHE,@가오뉴비,어떻게 노래취향이 이렇게 겹칠수가 있지,1,2026-07-12T12:38:14Z,21
UgybxGgGBSGi6fxA74x4AaABAg,y1nUYj_D1Es,아오쿠모 린,Aokumo Rin,CLICHE,@파치리스-l7v,"등장부터 끼요오옷 하던 린과 이 노래를 부른 멋진 아티스트 아오쿠모 린은 같은 사람입니다
갭차이가 정말 멋져요
욘데이루~~~ 정말 시원하고 청량한 노래",4,2026-06-29T02:25:46Z,84
Ugxfun6ZvpM19bL6EkB4AaABAg,y1nUYj_D1Es,아오쿠모 린,Aokumo Rin,CLICHE,@JdoubleJ713,"욘데이루~이 노래 어디서 들었더라? 
욘데이루~이 부분이 중독적이라 얼마간 무의식적으로 따라 불렀었는데",1,2026-07-05T13:09:04Z,57
Ugyntuis4iyVBbhcxw14AaABAg,y1nUYj_D1Es,아오쿠모 린,Aokumo Rin,CLICHE,@antoine-laurentdelavoisier3526,최근에 진짜 이곡만 들었는데 린이 커버를 해준다고????? 이건 못참지,3,2026-06-28T05:32:26Z,39
UgxDB5cRzcNsQPs_dyl4AaABAg,y1nUYj_D1Es,아오쿠모 린,Aokumo Rin,CLICHE,@뱀뱀이소속아무개,"얼마나 나가고 싶은지 감도 안옴 ㄷㄷ
아, 여기가 아닌가?",4,2026-06-28T12:16:01Z,32
Ugxzgsoc8b5FqS8tvft4AaABAg,y1nUYj_D1Es,아오쿠모 린,Aokumo Rin,CLICHE,@강린철,"물떼새 스텔중에 커버해주면 좋겠다는 생각을 했었는데  내 최애가 커버 해준다니 감사합니다 성불할게요

이제 봤는데 3:39 여기에 꺾기? 뭐지 너무 좋은데",110,2026-06-28T07:38:25Z,86
UgzOCDcEdASqY-nBUJR4AaABAg,y1nUYj_D1Es,아오쿠모 린,Aokumo Rin,CLICHE,@Tempest-4w,뭘 하던 다 소화하는 린 사랑하면 개추,1,2026-07-05T09:43:54Z,21
Ugw7MHdn5TXorlftxhV4AaABAg,y1nUYj_D1Es,아오쿠모 린,Aokumo Rin,CLICHE,@김동원-f2j,시험 망함 각이네 사랑해 린아가 시험 2일전 최고의 선택이었다,2,2026-06-29T10:09:13Z,34
UgyAtZ5TmuhF9ajm0Pd4AaABAg,y1nUYj_D1Es,아오쿠모 린,Aokumo Rin,CLICHE,@arkru,욘데이루할때 욘이 너무 쫀득함...,1,2026-07-27T12:54:35Z,19
UgywlDwbmnN4732A_B54AaABAg,y1nUYj_D1Es,아오쿠모 린,Aokumo Rin,CLICHE,@나는이나리가될거야,"진짜 가끔씩 커버곡에 있는 디테일 보는게 ㄱ재미있음 
아 참 그리고 린 의상 신의상으로 나오면 좋겠다
또 쿠리미 우노하는 모습 ㄱㅇㅇ
그리고 2:00에 린 3D 모습 보는 쿠리미",3,2026-06-29T11:52:43Z,99
UgzuIe9rn1vo00T01Yt4AaABAg,y1nUYj_D1Es,아오쿠모 린,Aokumo Rin,CLICHE,@dd2ol-d4s,쇼츠에서 들었던 노래가 이거구나 좋다,1,2026-07-12T07:33:12Z,20
Ugw71XYwIt1f1Zjr6mh4AaABAg,y1nUYj_D1Es,아오쿠모 린,Aokumo Rin,CLICHE,@커리헝,"원래는 펑키함을 더 살리는데 이거는
일렉으로 시원함을 더 살려서 좋다
린의 목소리랑도 어울림",2,2026-07-02T12:54:52Z,51
UgwnfbXnELmDcN1DQxV4AaABAg,y1nUYj_D1Es,아오쿠모 린,Aokumo Rin,CLICHE,@lagal3504,"어떻게 음색이 베이스깔이지?
쫀득하다 쫀득해",1,2026-07-07T05:17:14Z,24
UgwFVcTGlzxAZJtktQd4AaABAg,y1nUYj_D1Es,아오쿠모 린,Aokumo Rin,CLICHE,@Rang-youme,3:38 이런 애드립은 어디서 나오는 걸까 진짜... 너무 좋아......,17,2026-06-28T08:12:17Z,41
UgzdcHDxGobpeG03tPh4AaABAg,y1nUYj_D1Es,아오쿠모 린,Aokumo Rin,CLICHE,@뭔데여,진짜 감사합니다,1,2026-07-03T06:14:26Z,8
UgyAZbPbehuwy7DWwZZ4AaABAg,y1nUYj_D1Es,아오쿠모 린,Aokumo Rin,CLICHE,@나리부키,쿠리미 뒤에서 우노 하는거 ㄱㅇㅇ,2,2026-07-01T10:29:07Z,18
UgzNnETWqwY6x8XZ9UN4AaABAg,y1nUYj_D1Es,아오쿠모 린,Aokumo Rin,CLICHE,@물한모금-l2f,요즘 욘데이루에 너무 중독되서 이것만들어 린아 이번에도 좋은 곡 너무 고마워!!,2,2026-07-08T15:59:27Z,44
UgwHuBaDfdJ6lCTcilt4AaABAg,y1nUYj_D1Es,아오쿠모 린,Aokumo Rin,CLICHE,@patxl_1111,이걸 커버해준다고? ㅅㅂ 그냥 어후...개고트,3,2026-06-28T13:54:47Z,25
UgwlNdFM0VG-x0-earN4AaABAg,y1nUYj_D1Es,아오쿠모 린,Aokumo Rin,CLICHE,@ooooooooohyo,처음 듣는 노래지만 반해버렸다,1,2026-07-22T11:40:27Z,16
UgwdrjJFJTIgYne4nZx4AaABAg,NMqafFZBz30,아오쿠모 린,Aokumo Rin,CLICHE,@saramkim-ch7bb,이번엔 또 무슨 릴스를 목격하신겁니까...,427,2026-07-26T07:57:49Z,23
UgzQ4GUoYHoP8S3-Wxx4AaABAg,NMqafFZBz30,아오쿠모 린,Aokumo Rin,CLICHE,@pusemelt5951,"물고기
죽순
양배추
...조리담당...?",291,2026-07-26T07:56:33Z,22
UgwQQx1n7h2G_eT3Y194AaABAg,NMqafFZBz30,아오쿠모 린,Aokumo Rin,CLICHE,@sbima200,시끄러운것 같은데 또 조용하네 기묘해,37,2026-07-26T07:53:35Z,20
Ugxr34tM1EGk_GVT6G54AaABAg,NMqafFZBz30,아오쿠모 린,Aokumo Rin,CLICHE,@페토가되는거다,"N번째 시청중
이해를 하기 위해 머리를 굴려보는중",20,2026-07-26T08:34:28Z,27
UgwWPWdYXtfDkH31hkl4AaABAg,NMqafFZBz30,아오쿠모 린,Aokumo Rin,CLICHE,@Lesson5는_이걸_위해서,정보 : 해당 야랄의 원본은 영화 ’아이스 에이지‘(원피스 아님)에 나오는 땅늘보들이 모여 야랄을 하는 장면에서 기인했습니다.,95,2026-07-26T09:04:29Z,70
Ugy-Y80BMiEDy4npL5x4AaABAg,NMqafFZBz30,아오쿠모 린,Aokumo Rin,CLICHE,@독징어와유복치,아이스에이지를 대체 얼마나 감명깊게 본거임...,8,2026-07-26T18:50:39Z,26
Ugzx7TYrd2f2LIAj4jB4AaABAg,NMqafFZBz30,아오쿠모 린,Aokumo Rin,CLICHE,@Pastel_SteILive,갈 수록 다 린을 닮아가네 ㅋㅋ,7,2026-07-26T07:58:50Z,17
UgxsCsyHIfIwjuAdZkF4AaABAg,NMqafFZBz30,아오쿠모 린,Aokumo Rin,CLICHE,@이피삐,린이 정상적인 행동을 하다니,180,2026-07-26T07:47:56Z,15
Ugxd_yLezlYeqlMOUtp4AaABAg,NMqafFZBz30,아오쿠모 린,Aokumo Rin,CLICHE,@파스텔이될거야,음 정신없꼬! 귀엽따!,8,2026-07-26T07:55:16Z,12
Ugx_VO_FjTDqDNxCTTR4AaABAg,NMqafFZBz30,아오쿠모 린,Aokumo Rin,CLICHE,@알고리즘-m7w,애들 성격에따라 속도 다른거도 왜케 귀엽냐 😊😊,19,2026-07-26T07:55:41Z,26
UgyRW-nMwj1yVbCgF-14AaABAg,NMqafFZBz30,아오쿠모 린,Aokumo Rin,CLICHE,@유승우-c1k,물고기/양배추/귀가드릴/나컬로이드와 함께하는 춤,7,2026-07-26T07:54:26Z,26
UgxVetsvAYKsBZpLF6V4AaABAg,NMqafFZBz30,아오쿠모 린,Aokumo Rin,CLICHE,@사탄-c9p,선배한테서 또 이상한 거 배워왔네,2,2026-07-27T05:09:17Z,18
UgzbsuGHvL8Nmo4RAtV4AaABAg,NMqafFZBz30,아오쿠모 린,Aokumo Rin,CLICHE,@bfk3000,아 이거 아이스 에이지2에 나오는 그 나무늘보들 소리넼ㅋㅋㅋㅋㅋ,2,2026-07-26T12:38:26Z,35
UgwatrXOuMqF5Bj2mg14AaABAg,NMqafFZBz30,아오쿠모 린,Aokumo Rin,CLICHE,@얍얍얏-n9r,ㅋㅋㅋㅋㅋㅋㅋ 짱 귀여운데 사운드 뭐야 ㅋㅋㅋ,4,2026-07-26T08:46:30Z,25
UgxIOiPztZ8f_Et6ioh4AaABAg,NMqafFZBz30,아오쿠모 린,Aokumo Rin,CLICHE,@귀여운감자바쿠피엔나,린아 내일기다리고있을게ㅋㅋ,2,2026-07-26T09:46:20Z,14
UgzhiGjAf9pa3PlGQ1d4AaABAg,NMqafFZBz30,아오쿠모 린,Aokumo Rin,CLICHE,@clover04-L7,와....어디서 또 무슨 야랄 맞은 걸 보고 오신 거죠?,1,2026-07-27T10:53:55Z,31
Ugyz4d-MIrRRX_eGAeR4AaABAg,NMqafFZBz30,아오쿠모 린,Aokumo Rin,CLICHE,@eunwoobang,린아 요즘 서남시 괴담 ai영상이 핫하던데 그거비슷하게 패러디로 만들어줘 (사실편집자에게하는말임),0,2026-07-28T01:38:58Z,54
UgzYFwFaDJCSgWQhgZp4AaABAg,NMqafFZBz30,아오쿠모 린,Aokumo Rin,CLICHE,@모사712,진짜 짱 귀업네ㅋㅋㅋㅋㅋ💜💙🩷💚,2,2026-07-26T07:19:22Z,17
UgzCWxdx1apKnDEkvnR4AaABAg,NMqafFZBz30,아오쿠모 린,Aokumo Rin,CLICHE,@StellCloud-2077,클리셰 귀여움을 따라할수없다!!!,3,2026-07-26T07:50:18Z,18
UgxuoxmbRunHjVFwX0V4AaABAg,NMqafFZBz30,아오쿠모 린,Aokumo Rin,CLICHE,@거그,린님 쇼츠 귀엽네요ㅎㅎ,1,2026-07-26T09:00:44Z,12
UgxbuTpz2TGIodQsM1B4AaABAg,NMqafFZBz30,아오쿠모 린,Aokumo Rin,CLICHE,@그저그냥그런이름,개귀엽네 진짜 ㅋㅋㅋㅋㅋㅋ,2,2026-07-26T07:16:28Z,14
UgzNGvU6wJMVSBmdX8x4AaABAg,NMqafFZBz30,아오쿠모 린,Aokumo Rin,CLICHE,@25세김호두,린아 미안해.. 다른애들이 하면 귀여운데 너가하니까 너무 웃겨 ㅋㅋㅎㅋㅎㅋㅎㅋㅎㅋㅎㅋㅋ,0,2026-07-26T18:04:52Z,48
UgxkTImAsmmRVb7QdQJ4AaABAg,NMqafFZBz30,아오쿠모 린,Aokumo Rin,CLICHE,@으아-p2w,이쇼츠 그림체 너무 동글동글해서 좋음 귀여워요,0,2026-07-26T17:38:45Z,25
UgwoLx9ir0ILb93VqHx4AaABAg,NMqafFZBz30,아오쿠모 린,Aokumo Rin,CLICHE,@파치리스-l7v,"귀여운데 어지럽다
뭘본거야 ㅋㅋ",1,2026-07-26T08:44:33Z,17
UgxMm79rzi1sH9PHeMx4AaABAg,NMqafFZBz30,아오쿠모 린,Aokumo Rin,CLICHE,@많이좋았다,친구끼리 두루두루 친한건 정말 좋은것이야,0,2026-07-26T12:17:14Z,22
Ugy-0sUE4gjhCuusoN14AaABAg,NMqafFZBz30,아오쿠모 린,Aokumo Rin,CLICHE,@David_P-z3m,뭔가어지러운데재밌엌ㅋㅋㅋㅋ,0,2026-07-26T09:18:37Z,14
Ugxkv6OO2EaNFP9Zlrd4AaABAg,NMqafFZBz30,아오쿠모 린,Aokumo Rin,CLICHE,@반달_ban,와 정말 대단한 춤이에요!,0,2026-07-26T09:30:30Z,14
UgzbJwHlyptThgvx2e54AaABAg,NMqafFZBz30,아오쿠모 린,Aokumo Rin,CLICHE,@noname-y6-e3u,뭔가 빠르게 귀여운 생물체들이 지나갔어,0,2026-07-26T15:00:24Z,21
Ugz-BpLIMaOiU0a-QDF4AaABAg,NMqafFZBz30,아오쿠모 린,Aokumo Rin,CLICHE,@Human-0552,뭐야 언제끝나는지 궁금해서 봤는데 이미 3번은 봐버렸어,0,2026-07-26T13:00:00Z,30
Ugzoi2Cx7UVQ4t1Utwd4AaABAg,NMqafFZBz30,아오쿠모 린,Aokumo Rin,CLICHE,@호루12,그림체 개커여워 ㅋㅋㅋㅋㅋㅋ,0,2026-07-26T14:04:15Z,15
UgyKNdg94QWm39gdE554AaABAg,NMqafFZBz30,아오쿠모 린,Aokumo Rin,CLICHE,@정타비앞니사냥꾼,진짜 뽀짝하네 ㅋㅋㅋㅋㅋ,0,2026-07-26T08:13:19Z,13
UgwlZE5WC5SO9S1389t4AaABAg,NMqafFZBz30,아오쿠모 린,Aokumo Rin,CLICHE,@okdk_kdko,이거 아이스에이지 그 밈 아니냐ㅋㅋㅋㅎ,0,2026-07-26T10:53:42Z,21
UgzigGEbiveEnRCWa8p4AaABAg,NMqafFZBz30,아오쿠모 린,Aokumo Rin,CLICHE,@도화지파스텔,이게 뭐라고 귀엽냐 ㅋㅋㅋ,1,2026-07-27T00:02:31Z,14
UgytwJ-6Tvcifjgl2wV4AaABAg,NMqafFZBz30,아오쿠모 린,Aokumo Rin,CLICHE,@ssl278,그냥 뭘 해도 귀엽네,0,2026-07-27T03:41:51Z,11
UgwJlXvGnApf1ZUWPg54AaABAg,NMqafFZBz30,아오쿠모 린,Aokumo Rin,CLICHE,@NakiriTsuna,린 쇼츠 볼때마ㄷ...,0,2026-07-26T23:10:01Z,12
UgzIUjUDsCI4xYdnD2Z4AaABAg,NMqafFZBz30,아오쿠모 린,Aokumo Rin,CLICHE,@Joshuatabi-0915,진짜 요즘 릴스 쇼츠 힘들다..,1,2026-07-26T12:50:05Z,17
UgySudQ5y1YqLqjaDnx4AaABAg,NMqafFZBz30,아오쿠모 린,Aokumo Rin,CLICHE,@rm67-01,클리셰는 그냥 아가야 들임 ㅋㅋㅋㅋㅋ,0,2026-07-26T09:57:27Z,20
Ugwp9SX1AGoVyoM8ght4AaABAg,NMqafFZBz30,아오쿠모 린,Aokumo Rin,CLICHE,@백혜아,이게뭐지..? 너무 귀엽군..,0,2026-07-26T10:36:15Z,16
UgzKxMsmMl5nHe9n-vB4AaABAg,NMqafFZBz30,아오쿠모 린,Aokumo Rin,CLICHE,@언데드-d9u,뭔가 이상한게 나오겠지하고 기다리는 중,0,2026-07-26T09:17:45Z,21
UgzeH9xQEPLL5Ym-VQl4AaABAg,NMqafFZBz30,아오쿠모 린,Aokumo Rin,CLICHE,@쿠몽베리,노력했구나(?),0,2026-07-26T08:30:59Z,8
UgzUFLL19RRjsaxdwll4AaABAg,I88_TyumGqQ,아오쿠모 린,Aokumo Rin,CLICHE,@이나리가되,저게 진짜 리코때문에 다다다다다다ㅏㄷ다다 살짝 미쳐봐로 들린다고,147,2026-07-28T12:57:35Z,35
Ugxeevynh1J2lvrz_8t4AaABAg,I88_TyumGqQ,아오쿠모 린,Aokumo Rin,CLICHE,@잇츠미쿠리미,전 이미 미쳐버렸어요,337,2026-07-28T08:49:26Z,11
UgzxLrI3iDOKQ5Gpxi54AaABAg,I88_TyumGqQ,아오쿠모 린,Aokumo Rin,CLICHE,@arahashi_뿡댕이,아아 살짝 미칠수가 없는데요,76,2026-07-28T11:29:58Z,15
Ugx-lJa9UhX5dC64evJ4AaABAg,I88_TyumGqQ,아오쿠모 린,Aokumo Rin,CLICHE,@김강산_98,"감성이 진짜 미쳤다.
저 자세에 저 눈빛이 그냥 미쳤음",2,2026-08-03T11:04:48Z,30
UgxMdCHRHdhKT3eEbjJ4AaABAg,I88_TyumGqQ,아오쿠모 린,Aokumo Rin,CLICHE,@culgeunjunginyongsa,미쳤나봐 버스 안에서 혼자 에어팟 끼고 리듬 타고 있었어ㅋㅋㅋ,233,2026-07-28T08:08:21Z,34
Ugz-r5S2c0mCR-iIo5d4AaABAg,I88_TyumGqQ,아오쿠모 린,Aokumo Rin,CLICHE,@강블결혼단,으항♡미쳐버렷♡,29,2026-07-28T11:58:47Z,8
UgzFEu2jHvrOIxoZKEt4AaABAg,I88_TyumGqQ,아오쿠모 린,Aokumo Rin,CLICHE,@곽철용-f5b,"돌아봐가 먼저, 미쳐봐를 그 뒤에 배치해서 처음의 돌아봐를 두가지 의미로 만드는 구성. 잘했음.",1,2026-07-28T18:30:58Z,53
Ugxp-CE68DiYI6lRPFN4AaABAg,I88_TyumGqQ,아오쿠모 린,Aokumo Rin,CLICHE,@yukinose,イケメンすぎませんか…？メロつきが止まらないです…😇,3,2026-07-28T11:53:13Z,26
Ugz8VG26oUpb3kMOL8Z4AaABAg,I88_TyumGqQ,아오쿠모 린,Aokumo Rin,CLICHE,@거그,린님 쇼츠 너무 좋네요ㅎㅎ,3,2026-07-28T13:23:45Z,14
UgxjtObMBAcIPTPiCi94AaABAg,I88_TyumGqQ,아오쿠모 린,Aokumo Rin,CLICHE,@GuGGa_KR,이걸 들으니 리코 버전 듣고 감자가 왜 개빡쳐서 극대노 했는지 알겠네 완전 다른 노래자나 ㅋㅋㅋㅋㅋㅋ,0,2026-07-30T13:23:26Z,56
UgxtDbDsJyq-g3mZ2lJ4AaABAg,I88_TyumGqQ,아오쿠모 린,Aokumo Rin,CLICHE,@모로로로로로로로로롱,노래 듣고 안그래도 미친거 더 미쳐버렸습니다 감사함다,1,2026-07-28T12:23:49Z,29
UgzLhnmunYMJuT09T5p4AaABAg,I88_TyumGqQ,아오쿠모 린,Aokumo Rin,CLICHE,@젠냥이당,"미칠수밖에 없는거 아닌가
노래 넘 좋네요",1,2026-08-02T02:40:53Z,22
UgwoxJt5PHNKxNI5APp4AaABAg,I88_TyumGqQ,아오쿠모 린,Aokumo Rin,CLICHE,@로어셰크-x6n,린이 부르니까 설득력이 미쳤어요,0,2026-07-28T18:19:34Z,17
UgzlHZduiAlv0p6Am-Z4AaABAg,I88_TyumGqQ,아오쿠모 린,Aokumo Rin,CLICHE,@귀여운감자바쿠피엔나,린 오리곡이 진심 중독성이 오짐ㅋㅋㅋㅋ,89,2026-07-28T08:13:49Z,21
UgxhAzqux8-VJT1KI9d4AaABAg,I88_TyumGqQ,아오쿠모 린,Aokumo Rin,CLICHE,@ddak42,리코한테 고맙다고 해야해.. 그녀석이 이상하게 부른 바람에 궁금해서라도 들어본 사람이 꽤 될꺼야 ㅋㅋㅋ,1,2026-08-01T16:57:51Z,57
UgwgNtGbMIvjkLSPHJh4AaABAg,I88_TyumGqQ,아오쿠모 린,Aokumo Rin,CLICHE,@wooahae12,"중독성 미쳤다
뮤비도 너무 매력적임..",0,2026-07-29T04:38:03Z,21
UgxlVH2Y-zMQVT9un214AaABAg,I88_TyumGqQ,아오쿠모 린,Aokumo Rin,CLICHE,@사탄-c9p,난 아직도 리코 버전이 더 익숙하다 ㅋㅋㅋ,3,2026-07-28T18:16:10Z,23
UgxcQcxpJEkntpKts5R4AaABAg,I88_TyumGqQ,아오쿠모 린,Aokumo Rin,CLICHE,@이상하융,신나게 미쳐버리고 싶은거지 린처럼 은은하게 미쳐버리고 싶지 않다고하면 린한테 실례일까?,0,2026-08-01T11:19:06Z,48
Ugwslc2dBlxF5-Ko7s14AaABAg,I88_TyumGqQ,아오쿠모 린,Aokumo Rin,CLICHE,@rubimong_0724,이미 미쳐있는 자가 자기 따라서 같이 미쳐볼까 하는 느낌이라 기분이 묘하면서도 빠져들고 한편으로는 무서워요,0,2026-07-29T03:18:29Z,59
UgzA2Spbu11KuyxXrtR4AaABAg,I88_TyumGqQ,아오쿠모 린,Aokumo Rin,CLICHE,@빙뚤,노래도 노래지만 뮤비 그림체랑 분위기가 너무 좋다!!!,0,2026-07-28T15:13:05Z,30
Ugy2du3a8hqvYhOGNcB4AaABAg,I88_TyumGqQ,아오쿠모 린,Aokumo Rin,CLICHE,@ugon0507,리코 덕분에 이거 부를려고 하는데 자꾸 악마가 아니잖아로 변해버리는..,0,2026-08-01T16:35:24Z,39
UgwhowLG2D1Dxue_8PF4AaABAg,I88_TyumGqQ,아오쿠모 린,Aokumo Rin,CLICHE,@sjrkekgoajrdjfk,목소리에 미쳐버려,1,2026-07-29T00:19:12Z,9
UgzrnSs0WlfDVdLgJ1N4AaABAg,I88_TyumGqQ,아오쿠모 린,Aokumo Rin,CLICHE,@하윤주-j4x,완전 미쳤다~~,1,2026-07-28T14:00:53Z,8
UgyyVwLHx98G9YqAhUF4AaABAg,I88_TyumGqQ,아오쿠모 린,Aokumo Rin,CLICHE,@하네코_haneko,이거 노래방에 안나오나요 빨리나오면 좋겠다,0,2026-07-29T08:22:02Z,23
UgwxeN6UBAvu6LOPiQx4AaABAg,I88_TyumGqQ,아오쿠모 린,Aokumo Rin,CLICHE,@CHUNGHA-AZ,눈 미쳤네 ❤❤,1,2026-07-28T11:50:59Z,8
Ugwnr06bfaxiLaJW5rV4AaABAg,I88_TyumGqQ,아오쿠모 린,Aokumo Rin,CLICHE,@ji_ring,캬ㅑㅑㅑ💙,0,2026-07-28T08:02:35Z,5
UgzkcBhcLy2r_iHRjgV4AaABAg,I88_TyumGqQ,아오쿠모 린,Aokumo Rin,CLICHE,@배고프다-kwiw,이파트가 진짜 좋음,0,2026-07-28T14:04:31Z,10
UgzSas9uM5K2jQ3MA6h4AaABAg,I88_TyumGqQ,아오쿠모 린,Aokumo Rin,CLICHE,@user-cd9nf8fv8l,린은 대체 얼마나..,0,2026-07-28T22:36:57Z,11
Ugzkjq7-UKxXihtoIm14AaABAg,I88_TyumGqQ,아오쿠모 린,Aokumo Rin,CLICHE,@lanie1080,우리는 살짝 미치라면서 왜 본인은 완전 미치셨나요,0,2026-07-28T13:58:27Z,27
UgwCSPQECgxYWQI6r0V4AaABAg,I88_TyumGqQ,아오쿠모 린,Aokumo Rin,CLICHE,@noname-y6-e3u,진짜 미쳐버릴것같아요!!!,0,2026-07-28T12:17:57Z,14
Ugw4Cs7oyGWiUJ5e_zp4AaABAg,I88_TyumGqQ,아오쿠모 린,Aokumo Rin,CLICHE,@저지버프좀,이미 린은 미쳤다는 나쁜말은 ㄴㄴ,0,2026-07-29T04:43:18Z,18
UgxrKy6rjhxcpc-pUAJ4AaABAg,I88_TyumGqQ,아오쿠모 린,Aokumo Rin,CLICHE,@장경윤-u4n,너무 중독적이에요!!,0,2026-08-02T23:57:06Z,11
UgxodSBCx-Xhu4EPOTx4AaABAg,I88_TyumGqQ,아오쿠모 린,Aokumo Rin,CLICHE,@KGS_KingGodYume,이거 듣다가 거리에서 다다다다다다 거리는 미친놈 됐으.. ㅔ.. 다다다다다 하다가 주변보니까 사람들 한.. 14명정도 힐끔봄.. ㅠ 관종됐어요..,0,2026-07-28T17:29:57Z,81
Ugy5D7L5sg9OWwIRAEV4AaABAg,I88_TyumGqQ,아오쿠모 린,Aokumo Rin,CLICHE,@EreChannel,노래 듣고 미쳐버리겠어요!!! 진짜 너무좋아💙💙💙,0,2026-07-30T03:56:46Z,27
UgxGn8fJvxTGr_7Pz1F4AaABAg,I88_TyumGqQ,아오쿠모 린,Aokumo Rin,CLICHE,@하얌-h9d,아 곡 너무 좋다,0,2026-07-30T06:40:12Z,9
UgynxRHuD9IJmOAErmh4AaABAg,I88_TyumGqQ,아오쿠모 린,Aokumo Rin,CLICHE,@수닷치-z6d,캬 분위기 너무 좋다 ㅋㅋㅋㅋㅋ,0,2026-07-28T14:06:34Z,17
UgyDjbMWYjUJ94XtQKh4AaABAg,I88_TyumGqQ,아오쿠모 린,Aokumo Rin,CLICHE,@KiroKuro_Studio,눈나 나 미쳐!!!!,1,2026-07-28T19:06:57Z,11
Ugy2eHkS_30bReU8muZ4AaABAg,I88_TyumGqQ,아오쿠모 린,Aokumo Rin,CLICHE,@리제눈나팬,"으아아아ㅏㅏ뇌가 떨린다!!
개인적으로 3기생오리지널곡중 제일 좋은듯?",0,2026-07-28T14:57:30Z,38
UgxuPx8PJpz63xHgFsd4AaABAg,I88_TyumGqQ,아오쿠모 린,Aokumo Rin,CLICHE,@드래곤게임채널-j4o,솔로곡 너무 좋아요 헤헤 너무 재밌네요 ㅋㅋㅋ,0,2026-07-30T23:35:46Z,25
Ugxu7wIvOj9XJ8K_oAB4AaABAg,I88_TyumGqQ,아오쿠모 린,Aokumo Rin,CLICHE,@선플낭만열사,"처음에는 뮤비 속 린의 광기어린 모습에 감탄했고
두 번째는 가사의 의미에 감동했습니다. 

그런데 세 번째는 이 후렴구만 들으니 스텔 팰월드 서버에서 동기들의 노래를 홍보했던, 리코의 땃땃땃땃땃 살짝미쳐보ㅘ 가 생각나서 웃었습니다.",1,2026-07-28T13:05:25Z,129
UgwC-A_jm5HIuvyGIed4AaABAg,aUVF5Tw9lz4,하나코 나나,Hanako Nana,CLICHE,@sinon4879,린 비명 끊기는거ㅋㅋㅋㅋㅋㅋㅋ,1764,2026-07-08T08:08:29Z,16
UgwFmC6jkUSslfY1yV54AaABAg,aUVF5Tw9lz4,하나코 나나,Hanako Nana,CLICHE,@smwwjsur,린의 절규 ㅋㅋㅋㅋㅋㅋㅋㅋㅋㅋㅋ,695,2026-07-08T08:02:07Z,17
UgwUEjfOIz4xDsHMSlx4AaABAg,aUVF5Tw9lz4,하나코 나나,Hanako Nana,CLICHE,@그저파스텔인짱똘,"""나나가 처음으로 누군가를 내려다본 순간""",1187,2026-07-08T08:21:04Z,23
UgzO8qV_enGMOfNXo1Z4AaABAg,aUVF5Tw9lz4,하나코 나나,Hanako Nana,CLICHE,@MDDchill,진짜 비명 하나가 앞에 이야기를 순간적으로 잊게 하네 ㅋㅋㅋ,456,2026-07-08T08:34:11Z,33
Ugzoqc7XEQ5Pz6cfKzt4AaABAg,aUVF5Tw9lz4,하나코 나나,Hanako Nana,CLICHE,@2010treble,그림체 보자마자 터졌네 습박 ㅋㅋㅋㅋㅋㅋㅋㅋㅋㅋ 거참 띨빵하게도 생겼네,96,2026-07-08T08:30:46Z,39
Ugw7jF6HS1fOZLuiSKF4AaABAg,aUVF5Tw9lz4,하나코 나나,Hanako Nana,CLICHE,@치코핑,마지막 린 비명이 젤 웃기네 ㅋㅋㅋㅋ,82,2026-07-08T08:35:12Z,20
UgxrgzFipIVW2CJrZK14AaABAg,aUVF5Tw9lz4,하나코 나나,Hanako Nana,CLICHE,@moontangit,부키 들어갈때는 입모양 3 였는데 나올때는 스위치 부셔져서 ^ 인거 개웃기네 ㅋㅋㅋㅋ,186,2026-07-08T08:58:39Z,47
UgxKlhblnOUY2ujQZ_x4AaABAg,aUVF5Tw9lz4,하나코 나나,Hanako Nana,CLICHE,@djbieber-27,외마디 비명 미친거냐고 ㅋㅋㅋㅋㅋㅋㅋㅋㅋ,268,2026-07-08T08:05:20Z,22
UgxxAnAxxVXfsDC29_94AaABAg,aUVF5Tw9lz4,하나코 나나,Hanako Nana,CLICHE,@시원-t8r,"리코님은 갔더니 치코가 근육맨이 됐고, 부키님은 갔더니 게임기릉 부쉈는데 나나만 도수치료가 됐엌ㅋㅋㅋ 그와중에 마지막에 린님 비명ㅋㅋㅋㅋ",398,2026-07-08T08:02:23Z,76
Ugzwoz3-AUwa7dEe4OJ4AaABAg,aUVF5Tw9lz4,하나코 나나,Hanako Nana,CLICHE,@meddle_lee,스위치 부서진게 왤케 웃기지 ㅋㅋㅋㅋㅋ,21,2026-07-08T10:04:56Z,21
Ugwx1oG3AVGifyB0UpF4AaABAg,aUVF5Tw9lz4,하나코 나나,Hanako Nana,CLICHE,@스텔라-i3i,안산식 도수치료 ㄷㄷ,32,2026-07-08T08:19:08Z,11
Ugw8vqWGz_PGYr4igQ94AaABAg,aUVF5Tw9lz4,하나코 나나,Hanako Nana,CLICHE,@RamenRice4649,난 왜 이 그림체 보면 웃음부터 나오지? ㅋㅋㅋㅋㅋㅋㅋㅋㅋㅋㅋㅋㅋ,38,2026-07-08T10:53:20Z,36
Ugw50cROdT0vX6uavAR4AaABAg,aUVF5Tw9lz4,하나코 나나,Hanako Nana,CLICHE,@hyuk-m,린 으아ㅏㄱ-! 하면서 비명 끊기는거가 개웃기네ㅋㅋ,27,2026-07-08T08:35:51Z,28
Ugxdp3_-pm5huTNeSeB4AaABAg,aUVF5Tw9lz4,하나코 나나,Hanako Nana,CLICHE,@무메리,아니 시바 린ㅋㅋㅋㅋㅋㅋㅋㅋㅋㅋㅋㅋㅋㅋㅋㅋㅋㅋㅋㅋㅋㅋㅋㅋㅋㅋㅋㅋ,6,2026-07-08T08:29:57Z,35
UgwBU_cXvWC5ztqNjBV4AaABAg,aUVF5Tw9lz4,하나코 나나,Hanako Nana,CLICHE,@치코-n7x,치코 개쌔짐ㅋㅋ 아무도 날 막을수 없으셈,3,2026-07-09T12:26:04Z,22
UgxB9EDEDPRvlMc-2814AaABAg,aUVF5Tw9lz4,하나코 나나,Hanako Nana,CLICHE,@mongsil-u9z,나나 고양이냐고 ㅋㅋㅋㅋ 허리만 길어졌자나,30,2026-07-08T08:05:21Z,23
UgwpJP3BffD-GcmWUrZ4AaABAg,aUVF5Tw9lz4,하나코 나나,Hanako Nana,CLICHE,@성탄선물,ㅋㅋㅋㅋㅋ 귀엽다 증말 ㅋㅋㅋ 넷다 일루와잇~,1,2026-07-28T02:32:05Z,25
Ugy8T1QkSE8gKnuUXU54AaABAg,aUVF5Tw9lz4,하나코 나나,Hanako Nana,CLICHE,@Joshuatabi-0915,린 비명 ㅋㅋㅋㅋ,4,2026-07-08T23:36:38Z,9
UgwEAQcnCJDJRt2qALt4AaABAg,aUVF5Tw9lz4,하나코 나나,Hanako Nana,CLICHE,@쿠리미한_감자,"""클리셰의 멘탈이 강한 이유""",2,2026-07-08T08:28:58Z,16
Ugyn1-yVjS67o0s_1LJ4AaABAg,aUVF5Tw9lz4,하나코 나나,Hanako Nana,CLICHE,@농농쭉쭉로리타비어흐,"부키 세모입 돼서 나오는거 캥처귀엽네 진짜
ㅋㅋㅋㅋㅋㅋㅋㅋ",2,2026-07-08T12:01:15Z,32
UgzCPafT2CdzIS2isx94AaABAg,aUVF5Tw9lz4,하나코 나나,Hanako Nana,CLICHE,@칸타타충,부키는 치료 받는데도 게임하다 사장님이 부셨나보넴ㅋㅋㅋㅋ,1,2026-07-08T08:48:26Z,31
UgwIyiJYyvbkSIV34UV4AaABAg,aUVF5Tw9lz4,하나코 나나,Hanako Nana,CLICHE,@악꾼-o5l,ㅋㅋㅋㅋ 마지막 비명  소리에 터졌네요 ㅋㅋㅋㅋ,1,2026-07-08T18:07:45Z,26
UgyBFayh2AOFtlWTooh4AaABAg,aUVF5Tw9lz4,하나코 나나,Hanako Nana,CLICHE,@김들비,아니 게임기 부수는게 진짜 개웃기네 ㅋㅋㅋㅋㅋㅋㅋ,1,2026-07-08T13:06:46Z,27
UgwDveVuJzUlcOaJl1Z4AaABAg,aUVF5Tw9lz4,하나코 나나,Hanako Nana,CLICHE,@참새맨-s6g,시무룩 부키 입 바뀌는게 개쳐귀엽네 ㅋㅋㅋ,1,2026-07-08T08:56:52Z,23
Ugw-zbPTJMllG3Y6rb14AaABAg,aUVF5Tw9lz4,하나코 나나,Hanako Nana,CLICHE,@damu0414,역시 병원장님,1,2026-07-08T19:04:27Z,7
UgxO3SbBMqFn8BTWfUp4AaABAg,aUVF5Tw9lz4,하나코 나나,Hanako Nana,CLICHE,@He_황,벽이 같이 있는 게 철벽이네요,1,2026-07-08T08:58:16Z,16
Ugxei2lnLLVV81vB7IF4AaABAg,aUVF5Tw9lz4,하나코 나나,Hanako Nana,CLICHE,@SweetCosyBourbon,대체 얼마나 짧은 시간 안에 웃기는 게 가능한거야 린 피지컬은ㅋㅋㅋㅋㅋㅋㅋ,1,2026-07-09T13:53:09Z,41
UgyNIjmD7hFWdOu0tcR4AaABAg,aUVF5Tw9lz4,하나코 나나,Hanako Nana,CLICHE,@Ol_Sina,비명 미치겠네 ㅋㅋㅋㅋㅋㅋㅋㅋㅋㅋㅋㅋㅋㅋㅋㅋ,1,2026-07-08T08:16:51Z,24
UgxUbDOG338fxpzJBs14AaABAg,aUVF5Tw9lz4,하나코 나나,Hanako Nana,CLICHE,@blue_half_moon_bear,아 오랜만에 웃었네요 ㅋㅋㅋㅋ,1,2026-07-09T11:12:34Z,16
UgwOXPYMBY_QsFGYzvt4AaABAg,aUVF5Tw9lz4,하나코 나나,Hanako Nana,CLICHE,@알리익스프레스-3,감자 전성기 때네. 저 엄청난 테토력 보면 전성기 감자가 확실함ㅇㅇ.,1,2026-07-08T09:38:58Z,38
UgzzBVVS2eR-FF7RVVt4AaABAg,aUVF5Tw9lz4,하나코 나나,Hanako Nana,CLICHE,@이망냥_파스텔shiro,치코에게 무슨일이..,1,2026-07-08T08:20:39Z,11
UgyiPvAUdFlIKQIJr214AaABAg,aUVF5Tw9lz4,하나코 나나,Hanako Nana,CLICHE,@somson00,린 ㅋㅋㅋㅋㅋㅋㅋ 끊기는거 레전드,1,2026-07-08T15:43:40Z,18
UgwA3WLZBC7Ev87lIiJ4AaABAg,aUVF5Tw9lz4,하나코 나나,Hanako Nana,CLICHE,@pe2niet,진심 이 시리즈는 볼때마다 너무 좋다 이것만 따로 모음집도 만들어주세요,0,2026-07-08T14:14:55Z,39
Ugxx_F-DfobSkj3nqHt4AaABAg,aUVF5Tw9lz4,하나코 나나,Hanako Nana,CLICHE,@참치-m3i,"제 스텔라이브 최애는
나나 쇼츠에 나오는 린 입니다
ㅋㅋㅋㅋ양 세기 부터 웃음이 멈추질 않네요ㅋㅋ",0,2026-07-08T17:15:42Z,54
UgxvFirkXmemRp7S7Ql4AaABAg,aUVF5Tw9lz4,하나코 나나,Hanako Nana,CLICHE,@Geasscode0,"다같이 도수치료라니
잘했네 ㅋㅋㅋㅋ
주기적으로 받자",0,2026-07-08T13:41:48Z,28
UgzN_U92GpxUPF2gpRl4AaABAg,aUVF5Tw9lz4,하나코 나나,Hanako Nana,CLICHE,@바텐더칼리스,나나님 드디어 유아복을 입지 않아도 되는군요ㅠㅠㅠ,1,2026-07-08T09:27:14Z,27
UgwBmfbRpckQ3A43XvB4AaABAg,aUVF5Tw9lz4,하나코 나나,Hanako Nana,CLICHE,@maguni3381,아니 마지막 ㅋㅋㅋㅋㅋㅋㅋㅋㅋㅋㅋㅋ,0,2026-08-02T07:00:02Z,19
Ugw9TWH6_NW7rEEq4NJ4AaABAg,aUVF5Tw9lz4,하나코 나나,Hanako Nana,CLICHE,@user-dreamer1003,천하장사 소세지....(나나야 사랑이 치워줘...),0,2026-07-08T11:50:47Z,28
UgyTLOWDQlhYw8ebe2V4AaABAg,aUVF5Tw9lz4,하나코 나나,Hanako Nana,CLICHE,@뱡수뱅수,"다들 너무 귀여워ㅋㅋㅋㅋㅋㅋ
나나는 허리가 긴편이구나",0,2026-07-08T08:53:34Z,29
UgwgHkUFYtV8sbv4kbZ4AaABAg,aUVF5Tw9lz4,하나코 나나,Hanako Nana,CLICHE,@kuIre-1kr,역시 마지막은 린의 비명이라니깐 맛집이여 맛집,0,2026-07-08T14:05:12Z,25
Ugx-_RvJvFvWHkBYTkR4AaABAg,UoeqQ79OhJk,하나코 나나,Hanako Nana,CLICHE,@스윗-stel하트,아 진짜 하나하나 다 귀엽잖아 ㅋㅋ,513,2026-07-11T04:01:58Z,19
UgzdhvRZLKjZwFG-00B4AaABAg,UoeqQ79OhJk,하나코 나나,Hanako Nana,CLICHE,@PIN_sj,진짜 개개개개개쳐귀엽네,40,2026-07-11T06:28:34Z,12
UgwW1nKepgVJNLk2Wkt4AaABAg,UoeqQ79OhJk,하나코 나나,Hanako Nana,CLICHE,@Poka_0116,저 네모가 도마가 아니었다고?,459,2026-07-11T05:45:21Z,16
UgzSd4Y1_PoUxOZJH4R4AaABAg,UoeqQ79OhJk,하나코 나나,Hanako Nana,CLICHE,@스텔보는일반인,진짜 존나귀여우면 페추,88,2026-07-11T09:49:24Z,12
Ugx54T9FBHXtc1feXJ94AaABAg,UoeqQ79OhJk,하나코 나나,Hanako Nana,CLICHE,@안녕하세요-m4t4j,농 ㅋㅋㅋㅋㅋㅋ,5,2026-07-11T07:12:33Z,8
Ugz1nW4mO0GTX5IP6JN4AaABAg,UoeqQ79OhJk,하나코 나나,Hanako Nana,CLICHE,@순간의반짝임,"작아서 카메라가 내려가는게 귀엽네
검은색이당~",194,2026-07-11T04:06:04Z,25
UgyNEWVXPglrIxgj4yF4AaABAg,UoeqQ79OhJk,하나코 나나,Hanako Nana,CLICHE,@since2000-js,벌칙카드 턱 꺼내는거 너무 귀엽고,0,2026-08-03T06:16:04Z,18
UgySqPzoCLyD-OTG77p4AaABAg,UoeqQ79OhJk,하나코 나나,Hanako Nana,CLICHE,@제발수염좀깨끗이깎아,따봉나나~,1,2026-07-11T06:51:02Z,5
UgwUgZCsyIIriLnVfm94AaABAg,UoeqQ79OhJk,하나코 나나,Hanako Nana,CLICHE,@holo-y2k,ㅋㅋㅋㅋ 아웃라인 길이도 누구보다 큐티~,0,2026-07-12T21:32:16Z,22
UgxeC-wKrcOyvkiahCd4AaABAg,UoeqQ79OhJk,하나코 나나,Hanako Nana,CLICHE,@농농쭉쭉로리나나어흐,아 너무 귀엽다 진짜,0,2026-08-01T02:17:12Z,11
Ugx08TB3vbAuEI7YAEB4AaABAg,UoeqQ79OhJk,하나코 나나,Hanako Nana,CLICHE,@이찬영-l6t,나나따봉 귀엽다 ㅎㅎ,0,2026-07-12T11:03:50Z,11
UgzejalpgjMK67iDWnB4AaABAg,UoeqQ79OhJk,하나코 나나,Hanako Nana,CLICHE,@999masijjyeong,마지막은 사랑이 엔딩이라니,0,2026-07-12T06:55:14Z,14
Ugxj3Pj2xZwF2O9Ty9N4AaABAg,UoeqQ79OhJk,하나코 나나,Hanako Nana,CLICHE,@영K-b9d,와 겨드랑이 진짜 씨 하...,0,2026-07-13T11:58:12Z,16
UgxLL-y1X6_gg6HQF4V4AaABAg,UoeqQ79OhJk,하나코 나나,Hanako Nana,CLICHE,@Neangom_,귀엽다 긔엽다 귀엽다,0,2026-07-12T12:00:13Z,11
Ugx3WtR8wssEzHyAh3B4AaABAg,UoeqQ79OhJk,하나코 나나,Hanako Nana,CLICHE,@쿠마-d2s,개처귀엽구만!!!,0,2026-07-12T03:52:18Z,9
Ugx21y0_21wsaX-U7v54AaABAg,UoeqQ79OhJk,하나코 나나,Hanako Nana,CLICHE,@김씨-88,어어 어라어라 마지막은 그냥 아웃 아닌가요,0,2026-07-11T11:33:25Z,23
Ugze361yr5bSI6HT_hd4AaABAg,UoeqQ79OhJk,하나코 나나,Hanako Nana,CLICHE,@네모난비비빅,귀여워ㅋㅋㅋㄱㄱ,0,2026-07-12T05:19:07Z,8
UgxSRKpbUsH9PjFB7mN4AaABAg,UoeqQ79OhJk,하나코 나나,Hanako Nana,CLICHE,@ぴせ-o3q,따봉나나야 고마워~~,0,2026-07-11T18:31:50Z,11
UgxpGI97frmce5vMu9x4AaABAg,UoeqQ79OhJk,하나코 나나,Hanako Nana,CLICHE,@Suneast-d2q,나나 따봉,0,2026-07-11T05:01:08Z,5
UgzNctNonY3rDjYED1R4AaABAg,UoeqQ79OhJk,하나코 나나,Hanako Nana,CLICHE,@승상육손,귀여워ㅋㅋㅋㅋ,0,2026-07-11T05:09:55Z,7
UgypyWCX07Scpuak6UF4AaABAg,UoeqQ79OhJk,하나코 나나,Hanako Nana,CLICHE,@sheildbang,아 진짜 귀여움의 대명사다❤,0,2026-07-11T08:09:28Z,15
Ugw9QFD7eti0esRpam94AaABAg,UoeqQ79OhJk,하나코 나나,Hanako Nana,CLICHE,@ssl278,따봉나나야 고마워,0,2026-07-15T02:32:48Z,9
UgygMEafpZ4dVPDQRYV4AaABAg,UoeqQ79OhJk,하나코 나나,Hanako Nana,CLICHE,@성령의바람-y1p,결국 웃는날이 온다고 생각해,0,2026-07-14T08:00:30Z,15
UgzZbWiDKbH_4NRacjt4AaABAg,UoeqQ79OhJk,하나코 나나,Hanako Nana,CLICHE,@PNXG,나나 너무 귀여워❤,0,2026-07-11T08:12:42Z,10
Ugx0R8tJtBcAwfO9ORZ4AaABAg,UoeqQ79OhJk,하나코 나나,Hanako Nana,CLICHE,@버튜버탐지견페토,어흐 어으으으으❤❤❤❤❤❤,0,2026-07-11T15:43:46Z,14
UgxPECA1SPhbSV7vC3Z4AaABAg,UoeqQ79OhJk,하나코 나나,Hanako Nana,CLICHE,@RamenRice4649,쪼꼬만하게 딴 선이 ㄹㅇ 킥이네,10,2026-07-11T05:22:51Z,17
UgznIpeRsj3tuzeYifp4AaABAg,UoeqQ79OhJk,하나코 나나,Hanako Nana,CLICHE,@박상일-u6h,공간에 딱 맞게 쏙 들어가네 ㅋㅋ,5,2026-07-11T06:28:02Z,18
UgyYTehCZqhf5BbgxUt4AaABAg,UoeqQ79OhJk,하나코 나나,Hanako Nana,CLICHE,@nexusthe,와 짧다..,0,2026-07-28T04:53:23Z,6
Ugxh58dp6RcJZInSgsN4AaABAg,UoeqQ79OhJk,하나코 나나,Hanako Nana,CLICHE,@nanalovely77,많이 들어본 소리이네 했는데 프세카였구나 ㅋㅋㅋ,0,2026-07-11T09:25:57Z,26
UgzT9r8w060zatS_7-x4AaABAg,UoeqQ79OhJk,하나코 나나,Hanako Nana,CLICHE,@과고가버린페토,못참겠다,0,2026-07-11T11:56:45Z,4
UgyimDhsnt7uyBqbvmZ4AaABAg,UoeqQ79OhJk,하나코 나나,Hanako Nana,CLICHE,@최종화-0349giqh,개귀엽자 진짜아아아ㅏ,0,2026-07-11T06:45:14Z,11
UgwAaq30aajxmnK-Nct4AaABAg,UoeqQ79OhJk,하나코 나나,Hanako Nana,CLICHE,@무명사제,뭔가 익숙한 효과음이라 생각했더니만ㅋㅋㅋㅋ,0,2026-07-11T07:52:13Z,23
Ugz5963fQvCLrNQQ5Hd4AaABAg,UoeqQ79OhJk,하나코 나나,Hanako Nana,CLICHE,@어색한침묵,따따봉이요 ㅋㅋㅋㅋㅋ,0,2026-07-11T08:39:27Z,11
UgxVRKkJQfFjmMwNLkZ4AaABAg,UoeqQ79OhJk,하나코 나나,Hanako Nana,CLICHE,@베어리얼,나나야...그레서 나 언제까지 떨어져있어야하니...땅밖에안보여..,0,2026-07-11T07:34:35Z,36
UgwvtE1KN4BU85a35aV4AaABAg,UoeqQ79OhJk,하나코 나나,Hanako Nana,CLICHE,@kishiro-sp6xl,하 너무 귀엽다 진챠 세상 소중해,1,2026-07-11T08:56:55Z,18
Ugy55_moOhlaFcEfncZ4AaABAg,UoeqQ79OhJk,하나코 나나,Hanako Nana,CLICHE,@kuIre-1kr,마지막에는 그냥 '아웃'라인을 넘어간거잖ㅇ,0,2026-07-11T13:21:42Z,23
UgyZgKnPGS4t8CYiENR4AaABAg,UoeqQ79OhJk,하나코 나나,Hanako Nana,CLICHE,@kusanagi_nene-w1s-c2y,"""-0.1""
으아아.. 프세카 밖에 떠오르지 않는다ㅠㅠ",0,2026-07-11T17:16:50Z,30
UgwyOJAk1feNK8XLSad4AaABAg,UoeqQ79OhJk,하나코 나나,Hanako Nana,CLICHE,@Or시타,작으니까 선 그리기 편하구만~,0,2026-07-11T22:00:27Z,16
UgwSFtQuqpBej0olS8h4AaABAg,jvZRK7W7S9Y,하나코 나나,Hanako Nana,CLICHE,@롤하는_마로,"와 진짜 이건 나나를 위한 그냥 나나 노래다..
재즈를 진짜 너무 잘부른다
너무 잘 어울려서 계속 듣게되네",175,2026-07-27T09:30:49Z,59
UgyOZ63ZQeArvf5Q-8V4AaABAg,jvZRK7W7S9Y,하나코 나나,Hanako Nana,CLICHE,@pain_nana,단순한 재즈가 아니라 고전풍 재즈랑 애니메이션풍 재즈가 섞인 느낌인데 여러 장르를 모두 소화할 수 있는 나나라서 부를 수 있는 곡인거 같음,563,2026-07-26T11:57:38Z,77
Ugz4hVSieTL0X1r3LlF4AaABAg,jvZRK7W7S9Y,하나코 나나,Hanako Nana,CLICHE,@roheon013,"진짜 말그대로 나나 오리곡 그자체.
너무 잘어울린다는 말밖에 안나온다
다른 누군가 부를 수 있다고 해도 나나처럼 이런 느낌을 안나올거 같다고 느낀 곡",29,2026-07-29T01:37:15Z,83
UgyrL4N7iJg4RpfUAkN4AaABAg,jvZRK7W7S9Y,하나코 나나,Hanako Nana,CLICHE,@spurs-eej4,요런 재즈가 베이스인 스텔 노래 더 없나..? ㅈㄴ 좋다,44,2026-07-27T06:18:35Z,31
Ugw8rPjOm5TageUgTYF4AaABAg,jvZRK7W7S9Y,하나코 나나,Hanako Nana,CLICHE,@ChiefPriest2026,"""세상에서 가장 고급진 고백""",6,2026-08-03T02:04:07Z,16
UgxKB3jy-2NFL-lgfh54AaABAg,jvZRK7W7S9Y,하나코 나나,Hanako Nana,CLICHE,@이하준-s5k,어떻게 첫 오리지널 곡인데 재즈 심지어 템포도 빠르고 곡에 분위기 변화도 엄청 빠르고 다양한데 이렇게 잘소화를 한다고?? 나나는 확실하다... 2:10 그리거 여기 섹션 미텼다...,38,2026-07-27T02:06:43Z,101
UgwffEQ4RNJiF-9mSOd4AaABAg,jvZRK7W7S9Y,하나코 나나,Hanako Nana,CLICHE,@언더테이커86,확실히 나나가 노래 스펙트럼이 넓은 편이구나,27,2026-07-27T00:33:46Z,24
Ugyhqsd1s5A8PfTcrVd4AaABAg,jvZRK7W7S9Y,하나코 나나,Hanako Nana,CLICHE,@커리헝,초반부 1분 정도는 ㄹㅇ 재즈에 자주 나오는 템플릿 아니냐,2,2026-08-05T13:22:36Z,32
UgzGt9PKniGUk0g2F2R4AaABAg,jvZRK7W7S9Y,하나코 나나,Hanako Nana,CLICHE,@백일홍-o4j,"진짜 딱 첫소절 듣자마자, 괴도루팡 생각나고 바로 007 생각남 ㅋㅋㅋ 진짜 나나도 대단하네",6,2026-08-02T18:01:34Z,51
Ugz_527dSGXbEyZ1o9F4AaABAg,jvZRK7W7S9Y,하나코 나나,Hanako Nana,CLICHE,@Longhairjoohomin,개좋다샤갈.....................................,5,2026-07-31T00:33:51Z,42
UgwWoDwQdoHX-dfpj3V4AaABAg,jvZRK7W7S9Y,하나코 나나,Hanako Nana,CLICHE,@ILJminwoo,나 이런거 좋아했었네?,12,2026-07-30T18:27:47Z,12
Ugz893IgQ8JdiJaH1gd4AaABAg,jvZRK7W7S9Y,하나코 나나,Hanako Nana,CLICHE,@R_Aven,"이번 오리곡들 공통점이 
다들 자기 음색에 걸맞는 곡들이라
듣기도 좋고 즐겁다",3,2026-08-04T22:50:17Z,43
Ugxyy2e9BX-beYULlmh4AaABAg,jvZRK7W7S9Y,하나코 나나,Hanako Nana,CLICHE,@user-uv7pc6qs6p,매일 잠자기 전에 들으면서 자는중,3,2026-08-02T02:00:08Z,18
UgxCSGe6jFB08tpyneB4AaABAg,jvZRK7W7S9Y,하나코 나나,Hanako Nana,CLICHE,@언데드-d9u,나나님 노래할때는 나도 모르게 숨참고 듣고있는게 신기함,3,2026-08-05T00:48:15Z,30
Ugyud4BGDNavczhiLf14AaABAg,jvZRK7W7S9Y,하나코 나나,Hanako Nana,CLICHE,@LeQuZ,이 노랜 ㄹㅇ 리듬겜 으로 마렵네,8,2026-07-30T13:47:09Z,18
UgyYakzwlbmX0XPbo_B4AaABAg,jvZRK7W7S9Y,하나코 나나,Hanako Nana,CLICHE,@HANEL28,진짜 거의 800일동안 이것만 기다렸어 너무 좋다,15,2026-07-27T09:50:22Z,27
UgxT5TodEA4dNjjZ--d4AaABAg,jvZRK7W7S9Y,하나코 나나,Hanako Nana,CLICHE,@민물에사는고래,진짜 1:59 여기 기타 넣은놈 누군진 몰라도 노벨상 두세개 정도만 줘라,99,2026-07-29T15:17:19Z,40
Ugz8ioZo0auBG942KNh4AaABAg,jvZRK7W7S9Y,하나코 나나,Hanako Nana,CLICHE,@user-wj6fz8fl9y,나나 첫 솔로 오리곡 축하해 나나랑 너무 찰떡인 노래 분위기 창법도 나나만의 스타일이 제대로 보여서 너무 좋다,14,2026-07-27T01:39:13Z,61
Ugy3tndpmr0oP2jLukF4AaABAg,jvZRK7W7S9Y,하나코 나나,Hanako Nana,CLICHE,@마시로시로시로,뭔가 품위있고 섹시한 노래네 …,6,2026-07-29T03:05:04Z,17
UgyyokRx_l_wsxu-dyJ4AaABAg,jvZRK7W7S9Y,하나코 나나,Hanako Nana,CLICHE,@Freck0314,와 진짜 겁나 쪼온득하네 ㅋㅋㅋㅋㅋㅋㅋㅋ,5,2026-07-30T21:30:30Z,22
UgwOgsCf0sllPX5ZeZd4AaABAg,jvZRK7W7S9Y,하나코 나나,Hanako Nana,CLICHE,@SP-ti8kz,"와... 쉬바....
말이 안나온다 진짜
넘 좋은데...",8,2026-07-26T22:09:32Z,31
UgzcULGg4haG599xCUl4AaABAg,jvZRK7W7S9Y,하나코 나나,Hanako Nana,CLICHE,@케이_YouTube,와 곡 개 잘 뽑음,4,2026-07-30T12:11:11Z,10
UgwboIZNyQo0neYYkKJ4AaABAg,jvZRK7W7S9Y,하나코 나나,Hanako Nana,CLICHE,@wp-h8x,페토 뭔가 거만한 듯 귀여운게 뭔가 되게 귀여운데,3,2026-07-31T01:16:11Z,27
UgzlPn5jFe_5GjwzSGd4AaABAg,jvZRK7W7S9Y,하나코 나나,Hanako Nana,CLICHE,@hoyang1470,와 hush it down할 때 미쳤네 ㄷㄷㄷ,2,2026-07-31T03:01:56Z,25
UgwRI_JliwV5rtnJdrp4AaABAg,jvZRK7W7S9Y,하나코 나나,Hanako Nana,CLICHE,@Piena-sun,존나좋다,3,2026-08-05T00:34:13Z,4
UgyF_mhnDwsUKYtUJWF4AaABAg,jvZRK7W7S9Y,하나코 나나,Hanako Nana,CLICHE,@재우-w6g,진짜 분위기 느좋이다 ㅋㅋㅋㅋㅋㅋㅋㅋㅋㅋㅋㅋㅋㅋㅋ그냥 나나 숭배할게요 사랑한다 하나코나나나나나나나,2,2026-08-02T03:53:17Z,54
UgzwlOhjcl3kCe9hkGd4AaABAg,jvZRK7W7S9Y,하나코 나나,Hanako Nana,CLICHE,@까망멍또,역시 특유의 분위기가 너무 좋다,5,2026-07-30T13:16:38Z,17
UgyGmMhUZfdrYBrgydp4AaABAg,jvZRK7W7S9Y,하나코 나나,Hanako Nana,CLICHE,@junyee3719,하이라이트에 안 밀리는 인트로와 빵빵한 세션 특히 개인적으로 2절 건반 이후 하이라이트로 넘어가는 구간에 기타? 소리 점점 커지는 게 소름 돋을 정도로 취향임 ㅇㅇ,9,2026-07-27T16:08:43Z,91
Ugym8Ahqm6ppHBQKchV4AaABAg,jvZRK7W7S9Y,하나코 나나,Hanako Nana,CLICHE,@hoyang1470,와 괴도 루팡 예전 느낌 같이 있는게 개맛돌이네 ㄷㄷㄷㄷ,3,2026-07-31T03:01:33Z,31
UgxVoH3l08ZSzO3ztrR4AaABAg,jvZRK7W7S9Y,하나코 나나,Hanako Nana,CLICHE,@빵떡빵떡-j7h,나나야 진짜 곡 너무 좋다. 스텔라이브 일 진짜 잘한다니까. 오리곡들이 전부 멤버 각자랑 찰떡임 미쳐버림. 덕분에 귀가 즐겁다,3,2026-07-29T20:48:18Z,70
UgzKvkhxRM1GMPHAWW94AaABAg,jvZRK7W7S9Y,하나코 나나,Hanako Nana,CLICHE,@cast2189,초반에 자막 나올때 애니메이션 오프닝나올때뜨는 제작사? cast 정보 나오는거같아서 소름돋고 맛있음..,4,2026-07-31T16:52:47Z,57
UgwbdgerGyDaRxReTOJ4AaABAg,jvZRK7W7S9Y,하나코 나나,Hanako Nana,CLICHE,@카자제,나나님이란 캐릭터를 소개하는 노래같아요 잘 듣고 갑니다!,2,2026-08-01T20:56:36Z,31
UgzeP5D582M4XJ96v_x4AaABAg,jvZRK7W7S9Y,하나코 나나,Hanako Nana,CLICHE,@paulkeem,"1:58 여기부터  보컬 악기 모든게 다 음악적으로 완벽함. 나 쇼크먹고 혼을 뺐김.... 여기에다 일렉기타 빌드업 아이디어 누구꺼였을까? 천재다 ㅋㅋㅋㅋㅋ 

그리고 나나님 목소리 너무 부드러워서 나 넘어질뻔. 음 길게 부를때 너무 매끄럽고 이쁘게 들렸어요. 마지막 ""될테니까"" 는 소름.",5,2026-07-26T15:10:53Z,162
UgwJSHs8-QYpKd7xquh4AaABAg,jvZRK7W7S9Y,하나코 나나,Hanako Nana,CLICHE,@구제불능뿡댕,와 리얼 저음에 끈적하니까 미쳐버리겠네 진짜 나나 눈나ㅏㅏㅏ,5,2026-07-26T16:17:29Z,33
UgyTXepqFfORAFNQjyx4AaABAg,jvZRK7W7S9Y,하나코 나나,Hanako Nana,CLICHE,@페인트토,해병대 훈련소에서 군가 대신 부르는중입니다 교관한테 걸려서 질문은 못받습니다..;;,10,2026-08-01T01:51:23Z,46
UgyAZ8BvzzKJep4ILvZ4AaABAg,jvZRK7W7S9Y,하나코 나나,Hanako Nana,CLICHE,@유모잉,하 진짜 느무느무 좋음....ㅠㅠ 나나의 장르를 사랑하는 사람이 되......😭,3,2026-07-30T06:56:09Z,44
Ugzp7tCg9xsJN9AHnXZ4AaABAg,jvZRK7W7S9Y,하나코 나나,Hanako Nana,CLICHE,@zzzzzz-r6y2o,1:20 여기부터 그냥 미쳣네,6,2026-07-28T06:24:56Z,16
UgwHi23_SMlD1Cj-rv54AaABAg,jvZRK7W7S9Y,하나코 나나,Hanako Nana,CLICHE,@시로카제,"도대체 소화하지 못하는 노래 라는 게 있나?
진짜 매력의 끝을 모르겠다",2,2026-07-26T17:41:04Z,39
Ugz6wmmmzGTfS5Kly-V4AaABAg,jvZRK7W7S9Y,하나코 나나,Hanako Nana,CLICHE,@shindongin,아 들을수록 진국이네 나나야 사랑해🩷,5,2026-07-29T09:11:19Z,20
UgxA_ZPduzgBwc4PErN4AaABAg,jvZRK7W7S9Y,하나코 나나,Hanako Nana,CLICHE,@hoyang1470,와 애니메이션 느낌 뭐임 ㄷㄷㄷ,2,2026-07-31T03:02:49Z,17
UgzRHLlwTXV9XpuB1wF4AaABAg,bHeNo0qY2iI,하나코 나나,Hanako Nana,CLICHE,@mongsil-u9z,뭐야 드릴끼리 공명도 하잖아,729,2026-06-29T08:01:20Z,15
UgxOtZqsxuP2Dgih9qR4AaABAg,bHeNo0qY2iI,하나코 나나,Hanako Nana,CLICHE,@노매드nomad,보라가 뒤집어져서 드릴 끼리 합체하는줄 ㅋㅋㅋㅋ,454,2026-06-29T08:23:43Z,26
UgzKmOIM75t6aFDDwRp4AaABAg,bHeNo0qY2iI,하나코 나나,Hanako Nana,CLICHE,@SodaJellyf,자꾸 테토녀 테토녀 하니까 진짜 테토가 되셨군요 나나님,73,2026-06-29T08:52:26Z,30
UgwALYueb-r6Rs4Skl94AaABAg,bHeNo0qY2iI,하나코 나나,Hanako Nana,CLICHE,@스윗-stel하트,와 빨간 미쿠다!!! 카사네 나나 ㅋㅋㅋ,844,2026-06-29T08:01:57Z,22
UgxKlp4M99CV7ryeOgR4AaABAg,bHeNo0qY2iI,하나코 나나,Hanako Nana,CLICHE,@후렁리,"드릴 소리 개웃기네ㅋㅋㅋㅋㅋㅋㅋ
머리 모양때문에 아가씨 손된건 왜케 귀여움ㅋㅋㅋㅋㅋㅋㅋㅋ",232,2026-06-29T08:06:26Z,49
Ugy4rLkRUq8XVe_NRfR4AaABAg,bHeNo0qY2iI,하나코 나나,Hanako Nana,CLICHE,@멘탈이나가버린페토,미용사 쪼그리고 있는 장면 진짜 폭력적이네ㅋㅋㅋㅋㅋㅋ,125,2026-06-29T08:12:02Z,29
UgxKFQ2kvqjh2vwQhP94AaABAg,bHeNo0qY2iI,하나코 나나,Hanako Nana,CLICHE,@레피린,이젠 드릴로 주파수를 맞추네 ㅋㅋㅋ,48,2026-06-29T08:02:37Z,19
UgwpicH6L_1F5_Baz9p4AaABAg,bHeNo0qY2iI,하나코 나나,Hanako Nana,CLICHE,@KIMUMU,"하수: ㅋㅋㅋ 드릴공명
고수: 다음 신 의상 드릴로리구나",135,2026-06-29T09:49:03Z,31
Ugz_nJ5u8auMFq2yqnl4AaABAg,bHeNo0qY2iI,하나코 나나,Hanako Nana,CLICHE,@귀혁,ㅋㅋㅋㅋ 드릴 공명 개웃기네 ㅋㅋㅋ 진짜 나 이시리즈 너무 좋아 ㅋㅋㅋ,22,2026-06-29T11:20:22Z,39
UgzY54LZ5m3udC0uf4x4AaABAg,bHeNo0qY2iI,하나코 나나,Hanako Nana,CLICHE,@공백0-0-0,옆집은 아라하시 미쿠가 되었는데 여기는 카사네 나나ㅋㅋㅋㅋㅋㅋ,8,2026-06-29T08:09:32Z,34
UgzhgGxaouvHs-ci4bp4AaABAg,bHeNo0qY2iI,하나코 나나,Hanako Nana,CLICHE,@양심그게뭔데-d3r,드릴 공명ㅋㅋㅋㅋㅋ,8,2026-06-29T08:03:12Z,10
UgyIykd1CsGvjxYOH894AaABAg,bHeNo0qY2iI,하나코 나나,Hanako Nana,CLICHE,@Runel_Runel,나나 머리에 부키 드릴 들어가는 줄 ㅋㅋㅋ,6,2026-06-29T08:34:09Z,23
UgxFtqzRVDmRXmJGBgZ4AaABAg,bHeNo0qY2iI,하나코 나나,Hanako Nana,CLICHE,@iresian,이 시리즈 너무 좋아 ㅋㅋ 더 많이 올라왔음 좋겠다,3,2026-06-29T08:55:07Z,28
UgzGBjoNlCBeGq91wh54AaABAg,bHeNo0qY2iI,하나코 나나,Hanako Nana,CLICHE,@ChiChi-hi4cb,??? : 하... 사랑이랑 평화 마렵게 하네,26,2026-06-29T08:11:11Z,25
UgydxwPmY_8I6EkRvgV4AaABAg,bHeNo0qY2iI,하나코 나나,Hanako Nana,CLICHE,@강민철의그냥분석,이제 파란머리 버튜버랑 북극곰 전세사기 할 일만 남은거죠?,2,2026-06-29T08:16:04Z,32
UgzwUI5GEbAjJEKaUil4AaABAg,bHeNo0qY2iI,하나코 나나,Hanako Nana,CLICHE,@난그저평범한파스텔,아 진짜 ㅋㅋㅋㅋㅌㅋㅋㅋ 나나 머리가 똔 모양으로 보이는 게 말이 되냐고 ㅋㅋㅋㅋㅋㅋㅋ 난 쓰레기야 ㅠㅠㅠㅠㅠㅠ,2,2026-06-29T08:20:13Z,62
UgweZo-QFaZFNeSyJXp4AaABAg,bHeNo0qY2iI,하나코 나나,Hanako Nana,CLICHE,@Rafflesia66,와 순간 공명하길래 부키 드릴이 나나 머리에 꽂히는 줄ㅋㅋㅋ,3,2026-06-29T09:14:55Z,33
UgzLQID_YDU-TcTo6gJ4AaABAg,bHeNo0qY2iI,하나코 나나,Hanako Nana,CLICHE,@Wsk-m8o,이러면 하나나 잖아 하고 나락 감지한 뒤 멘붕오고 다시 볶는거봐라 ㅋㅋ,1,2026-07-24T18:04:06Z,39
Ugw0eb5m2-spC7VJqKx4AaABAg,bHeNo0qY2iI,하나코 나나,Hanako Nana,CLICHE,@yomu2722,"드릴 공명 ㅋㅋㅋㅋㅋㅋㅋㅋㅋ
근데 나나 이 머리 완전 어울리겠는데???",1,2026-06-29T13:03:41Z,39
Ugy87Wc6N38WqeN48Sp4AaABAg,bHeNo0qY2iI,하나코 나나,Hanako Nana,CLICHE,@사탄-c9p,처음 자른 뿌까 머리가 개귀여운데 ㅋㅋ?,2,2026-06-29T08:18:36Z,22
UgzyXY3mvJ-VF0TmIi94AaABAg,bHeNo0qY2iI,하나코 나나,Hanako Nana,CLICHE,@cho_chuck,미용사아저씨 그래도 머리잘려줄려고 앉아있는거 왜이리 스윗해보이지?ㅋㅋㅋ,1,2026-06-29T09:13:54Z,39
Ugyzn7OsEHURhVfcErl4AaABAg,bHeNo0qY2iI,하나코 나나,Hanako Nana,CLICHE,@솜섞인뿌댜-r6v,아니 둘 다 너무 귀여우시네,1,2026-06-29T12:50:37Z,15
UgyfKFCdwaDrn7-e7JZ4AaABAg,bHeNo0qY2iI,하나코 나나,Hanako Nana,CLICHE,@PNXG,나나 너무너무 귀여워❤,2,2026-06-29T09:11:26Z,12
UgxrvqO4p2wOUW37vYl4AaABAg,bHeNo0qY2iI,하나코 나나,Hanako Nana,CLICHE,@가오리._.3,"아니 미치겠네ㅋㅋㅋㅋㅋㅋㅋ
모동숲 효과음으로 머리 고치는것도 웃긴데 걸어가는 소리랑 드릴 공명 진짜ㅋㅋㅋㅋㅋ",0,2026-07-11T03:24:43Z,60
UgxxxyjW6e8TM3GdqZ14AaABAg,bHeNo0qY2iI,하나코 나나,Hanako Nana,CLICHE,@KangZzang_uncle,분명 두손으로 잡고 있는데 어케 넘긴거지?????,1,2026-06-30T04:03:20Z,27
Ugy3gAwlnDYzY2yBBJt4AaABAg,bHeNo0qY2iI,하나코 나나,Hanako Nana,CLICHE,@노래정콩,뿌까머리 나나 너무 귀여운데,1,2026-06-29T11:37:38Z,15
UgzIHpZO3dq0Y0axQyN4AaABAg,bHeNo0qY2iI,하나코 나나,Hanako Nana,CLICHE,@뱡수뱅수,ㅋㅋㅋㅋㅋㅋㅋㅋㅋ공명하는 거 갸웃기네ㅋㅋㅋㅋㅋㅋㅋㅋㅋㅋ,1,2026-06-29T08:22:27Z,30
Ugx9VVtNqp7kPMHoRxN4AaABAg,bHeNo0qY2iI,하나코 나나,Hanako Nana,CLICHE,@느엥밍뿡빵에휴뇨배추,두번째 스타일링이 제일 좋군뇨,1,2026-06-29T23:08:30Z,16
UgwcdBH__w2g9PF1J3Z4AaABAg,bHeNo0qY2iI,하나코 나나,Hanako Nana,CLICHE,@Thisis2222,드릴 대롱대롱거리는 고증까지 ㅋㅋ,1,2026-06-29T09:42:33Z,18
UgzuT5FuTTm043n4d6Z4AaABAg,bHeNo0qY2iI,하나코 나나,Hanako Nana,CLICHE,@cosette625,아이 귀여워ㅋㅋㅋㅋㅋ,1,2026-06-29T08:34:39Z,11
UgwD901BGzc4D0Ooa7N4AaABAg,bHeNo0qY2iI,하나코 나나,Hanako Nana,CLICHE,@쿠리미한_감자,공명한다....어째서? 네놈의 그 머리...... 내 무기와 공명하고 있어.....!!,1,2026-06-29T08:38:49Z,48
Ugxs1GrCTL9oI_TH62h4AaABAg,bHeNo0qY2iI,하나코 나나,Hanako Nana,CLICHE,@Jay-ex5hh,머리한 나나 부키의 캥초딩자세 손모양인거 넘 귀엽자나 ㅋㅋㅋ,0,2026-06-29T13:59:04Z,33
UgxA_PWuMkF733JbMdx4AaABAg,bHeNo0qY2iI,하나코 나나,Hanako Nana,CLICHE,@집중과선택-l3y,기획  잘 하셨네요^^,0,2026-06-30T08:13:08Z,12
UgzOKBXT3ChWpcPJCWh4AaABAg,bHeNo0qY2iI,하나코 나나,Hanako Nana,CLICHE,@DinoSRainbow,"나나님 귀여운쇼츠 고마워용 사랑해용!♡
💕💗💘💖❤🧡💛💚💙💜🖤🤎🤍",1,2026-06-29T08:00:19Z,35
UgwFnL-JuVQoJvcK6-J4AaABAg,bHeNo0qY2iI,하나코 나나,Hanako Nana,CLICHE,@melbassiking,ㅋㅋㅋ 무슨 헤어스타일을 해도 귀엽네,0,2026-08-05T09:45:03Z,20
Ugx6ISz09_Qa1coh4iF4AaABAg,bHeNo0qY2iI,하나코 나나,Hanako Nana,CLICHE,@guestaccounttemporary7658,꺄악 정나나씨 너무 귀여워요!❤,0,2026-06-30T00:08:30Z,17
UgyHRpkmqXB_xJrj2Lh4AaABAg,bHeNo0qY2iI,하나코 나나,Hanako Nana,CLICHE,@MARO_PETO,매끈헤어 나만 매끈허이로 봤나,0,2026-06-29T12:26:34Z,16
Ugz8qBbFStINXckybjd4AaABAg,bHeNo0qY2iI,하나코 나나,Hanako Nana,CLICHE,@박준용-l3h,걸어갈 때 저 공주 손 디테일머얔ㅋㅋㅋㅋㅋ,0,2026-07-05T08:24:46Z,23
UgzlWgButeFjO1O-JHZ4AaABAg,bHeNo0qY2iI,하나코 나나,Hanako Nana,CLICHE,@Joshuatabi-0915,합체하는 나나 ㄷㄷ,1,2026-06-29T19:28:22Z,10
Ugz3_YhJmJTMveqWGFB4AaABAg,bHeNo0qY2iI,하나코 나나,Hanako Nana,CLICHE,@김히카-p4o,찌발 마지막에 웃어버렸네ㅋㅋㅋㅋㅋ,0,2026-07-24T20:39:40Z,18
UgxG3a31g2mJfSp3Zmp4AaABAg,5YakLR9sQfw,유즈하 리코,Yuzuha Riko,CLICHE,@1heuglo686,아닠ㅋㅋㅋ 이걸 더빙해줬구낰ㅋㅋㅋㅋㅋ 아 귀여워 ㅋㅋㅋㅋㅋㅋㅋ,4630,2026-07-08T06:18:04Z,34
UgxKe_DEWxxk55hDLDx4AaABAg,5YakLR9sQfw,유즈하 리코,Yuzuha Riko,CLICHE,@호리미야,로봇청소기 타고 나오는거 왜캐 힘빠지냐 ㅋㅋㅋㅋㅋㅋㅋㅋㅋ 그냥 웃음밖에 안나오네 ㅋㅋㅋ,1687,2026-07-08T06:30:15Z,48
UgzlIDehu7UtA-0wL4R4AaABAg,5YakLR9sQfw,유즈하 리코,Yuzuha Riko,CLICHE,@뱀엔코로,클리셰는 진짜 너무 귀여운 집단임 아오 귀여워,3016,2026-07-08T06:15:39Z,25
UgxgIAZ8yqMLfUAJRCt4AaABAg,5YakLR9sQfw,유즈하 리코,Yuzuha Riko,CLICHE,@여우는어떻게우나요,린 로봇 청소기까지 더빙한게 진짜 개 웃기네,794,2026-07-08T06:35:37Z,24
UgxLcyv6Db4Kvur6geB4AaABAg,5YakLR9sQfw,유즈하 리코,Yuzuha Riko,CLICHE,@ip_add_00,"빨려가는게 개웃기네 ㅋㅋㅋㅋ
뇨봇청소기 흡입력 뭔데",1892,2026-07-08T06:10:44Z,28
UgxWR45DokYdSjbpqel4AaABAg,5YakLR9sQfw,유즈하 리코,Yuzuha Riko,CLICHE,@bismarckar98k,ㅋㅋㅋㅋㅋㅋ이거 올라왔구낰ㅋㅋㅋㅋㅋㅋㅋ너무 귀여운거 아니냐고 ㅋㅋㅋㅋㅋㅋㅋㅋ,536,2026-07-08T06:16:05Z,42
UgwyOjjg9IcsG_zgXG54AaABAg,5YakLR9sQfw,유즈하 리코,Yuzuha Riko,CLICHE,@cent00468,ㅋㅋㅋㅋㅋ 이거 채색안된 원본으로 봤었는데 이걸 더빙까지한걸로 다시보게되네 아 귀여워,415,2026-07-08T06:21:38Z,47
UgxbaU9tDXbe18rSyUl4AaABAg,5YakLR9sQfw,유즈하 리코,Yuzuha Riko,CLICHE,@Fsoul1014,클리셰 최강자는 역시 린이구나ㅋㅋㅋㅋㅋ,437,2026-07-08T06:16:11Z,21
UgzLDHMPC71bUpNwb_54AaABAg,5YakLR9sQfw,유즈하 리코,Yuzuha Riko,CLICHE,@페러데이-q5r,리코랑 나나 우는거 너무 귀여워 ㅋㅋㅋㅋㅋㅋㅋㅋㅋㅋㅋㅋ,188,2026-07-08T06:15:29Z,30
UgwksQN1exrA1D29L4J4AaABAg,5YakLR9sQfw,유즈하 리코,Yuzuha Riko,CLICHE,@yubuki0,용사랑 특수요원이 조용히 해라랑 니나 해라 한마디에 울면 어떡해 ㅋㅋㅋㅋㅋ,490,2026-07-08T07:39:19Z,41
UgyKQomlzkP1XEnMfUZ4AaABAg,5YakLR9sQfw,유즈하 리코,Yuzuha Riko,CLICHE,@장작튀김0808,진짜 그냥 캥쳐퀴여움 ㅋㅋㅋㅋ,199,2026-07-08T06:19:49Z,16
UgyKNBTmtYflteS4OFd4AaABAg,5YakLR9sQfw,유즈하 리코,Yuzuha Riko,CLICHE,@Pizza_muffin,리코는 진짜 우는거 같은데ㅋㅋㅋㅋㅋ너무 귀엽다ㅋㅋㅋㅋ,58,2026-07-08T06:44:44Z,29
Ugx_QCw-m6OgOuC3Vix4AaABAg,5YakLR9sQfw,유즈하 리코,Yuzuha Riko,CLICHE,@He_황,"옷에 다 용사,신,요원,메이드 적혀 있는 거 개귀여워 ㅋㅋㅋㅋㅋㅋㅋ",71,2026-07-08T08:47:21Z,37
UgzvRjg5FqH1ulgA96J4AaABAg,5YakLR9sQfw,유즈하 리코,Yuzuha Riko,CLICHE,@ssl278,그냥 이게 말이 되나 싶다 이렇게 귀여운거더하기귀여운거더하기귀여운거더하기귀여운거는 범죄 수준임 아주,29,2026-07-08T07:13:54Z,55
Ugxt-DuoP4oyNwIpQD94AaABAg,5YakLR9sQfw,유즈하 리코,Yuzuha Riko,CLICHE,@뿡빵사마,오지마라... 우리 린은 명령을 받으면 반드시 수행하는 로봇이란 말이다..,53,2026-07-08T06:15:02Z,41
Ugz26tA8AXOfvAOPaWh4AaABAg,5YakLR9sQfw,유즈하 리코,Yuzuha Riko,CLICHE,@HSClover,용사 신 요원 메이드 적혀있는게 너무 하찮아서 웃기네 ㅋㅋㅋ,4,2026-08-01T01:55:03Z,33
UgxUlGEY0iOsT5a_pDp4AaABAg,5YakLR9sQfw,유즈하 리코,Yuzuha Riko,CLICHE,@2keeeeeaaaaaa,"이 아가들을 어찌하면 좋을까 진짜
하 개쳐그냥 와 진짜..",18,2026-07-08T08:27:27Z,32
Ugy_gR3-L8IxDv3aS054AaABAg,5YakLR9sQfw,유즈하 리코,Yuzuha Riko,CLICHE,@kkbj3812,ㅋㅋㅋㅋㅋㅋㅋㅋㅋㅋㅋ 앙앙우는 리코 진짜 귀엽네,78,2026-07-08T06:05:34Z,26
UgwUkjIfyXcD2A9Jamh4AaABAg,5YakLR9sQfw,유즈하 리코,Yuzuha Riko,CLICHE,@Satan_사탄,로봇청소기까지 린이 더빙하면 어떡함ㅋㅋㅋㅋㅋ,34,2026-07-08T06:36:33Z,24
Ugy-rymWmflDS1oa2dt4AaABAg,5YakLR9sQfw,유즈하 리코,Yuzuha Riko,CLICHE,@suhan05,이거 라나가님이 본인이 그리고도 내가 뭘그렸지 했던 그거 아닌가 ㅋㅋㅋㅋㅋ,1,2026-07-08T06:17:14Z,41
Ugwa_jBfPRx43DeM7WR4AaABAg,5YakLR9sQfw,유즈하 리코,Yuzuha Riko,CLICHE,@waitingkanna,진짜 너무 귀엽네 ㅋㅋㅋㅋㅋㅋㅋㅋ,17,2026-07-08T06:22:45Z,18
Ugx4lbde9PRIo2Julll4AaABAg,5YakLR9sQfw,유즈하 리코,Yuzuha Riko,CLICHE,@이름-2012,아니 티셔츠에 각자 RP적어 놓은게 겁나 웃기네 ㅋㅋㅋㅋㅋ,1,2026-07-25T03:42:55Z,32
UgxNPJeQyIgVlu97cLt4AaABAg,5YakLR9sQfw,유즈하 리코,Yuzuha Riko,CLICHE,@Raven_Guard_Mor_Deythan,아니 리코님 너무 귀엽고 서럽게 잘우네ㅋㅋㅋ 역시 성검 아스파라거스의 주인..,3,2026-07-12T06:21:50Z,43
Ugzb9uKNvDqFwFx3IA94AaABAg,5YakLR9sQfw,유즈하 리코,Yuzuha Riko,CLICHE,@TamnaS_Butler,부키가 청소기에 빨려 들어갔다가 다시 나와서 순해지는줄 알았네,1,2026-07-08T08:04:10Z,34
Ugyl-jsiBdUy0Ft80-R4AaABAg,5YakLR9sQfw,유즈하 리코,Yuzuha Riko,CLICHE,@Sorbus_mgm,"ㅋㅋㅋㅋㅋ 대체 왜 나나만 연기톤인 건데 ㅋㅋㅋㅋㅋ
다들 대사톤이 너무 다 자연스럽잖아 ㅋㅋㅋ",4,2026-07-08T10:45:19Z,52
UgzVshhtpwfTEW3VjCh4AaABAg,5YakLR9sQfw,유즈하 리코,Yuzuha Riko,CLICHE,@Kang_Honey_Sleep,여우신 용사 비밀요원보다 강한 메이드ㅋㅋㅋㅋ,0,2026-07-08T10:06:00Z,24
UgwzpZO3A5TBADGtrAR4AaABAg,5YakLR9sQfw,유즈하 리코,Yuzuha Riko,CLICHE,@사탄-c9p,부키 빨려들어가는 게 개웃기네 ㅋㅋㅋㅋ 블랙홀이냐고,9,2026-07-08T10:58:16Z,28
UgzJFQ2XhFF157HDXHx4AaABAg,5YakLR9sQfw,유즈하 리코,Yuzuha Riko,CLICHE,@omil_momil,더빙인데 다들 맥아리가 하나도 없어서 개웃기네 ㅋㅋㅋㅋㅋㅋㅋㅋ,1,2026-07-08T06:46:30Z,34
UgyFcM7SdifiGebg2SR4AaABAg,5YakLR9sQfw,유즈하 리코,Yuzuha Riko,CLICHE,@Zero0Rei,"클리셰가 다같이 장보는 만화도 있어요
그것도 해 주세요 ㅋㅋㅋㅋㅋ",3,2026-07-08T06:41:24Z,36
UgwjcelnrVkgYRMQntV4AaABAg,5YakLR9sQfw,유즈하 리코,Yuzuha Riko,CLICHE,@crowwain,"옷에 하찮게 ^용사^, ^요원^, ^신^, ^메이드^ 써져 있는 거 뻘하게 웃기네 ㅋㅋㅋㅋㅋㅋ",1,2026-07-08T08:18:09Z,52
Ugx3Bl5M5VRrobzoDAV4AaABAg,5YakLR9sQfw,유즈하 리코,Yuzuha Riko,CLICHE,@김도영의버튜버분석,"쥰내 힘 없이 ""oh..."" 가ㅋㅋㅋㅋㅋㅋㅋㅋ",4,2026-07-08T08:55:34Z,25
UgwWnHCVNAwGaoFrmN94AaABAg,5YakLR9sQfw,유즈하 리코,Yuzuha Riko,CLICHE,@junyee3719,"아니 린 무슨 로봇청소기 타고 다니는 
고양이냐고ㅋㅋㅋㅋㅋㅋ 다소곳하네",1,2026-07-08T14:41:44Z,39
UgzJFlFTiBlRGxoq78d4AaABAg,5YakLR9sQfw,유즈하 리코,Yuzuha Riko,CLICHE,@KeyLa_0603,아 진짜 부키 빨려들어간거 겁나 귀엽네ㅋㅋㅋ,4,2026-07-08T06:18:04Z,24
Ugyx650ld_AvzmkXxwJ4AaABAg,5YakLR9sQfw,유즈하 리코,Yuzuha Riko,CLICHE,@qetu2468,리코 ㅈㄴ 서럽게 우는거 움직이는걸로 보니까 더 웃기네 ㅋㅋㅋㅋㅋㅋ,0,2026-07-08T07:20:43Z,37
UgxKUmJ7W3IHDr0fHtJ4AaABAg,5YakLR9sQfw,유즈하 리코,Yuzuha Riko,CLICHE,@탁도리,와 머야 클리셰 다같이 더빙해준거 너무 기엽고 좋다 행복해 죽어버릴ㄱ,31,2026-07-08T06:12:50Z,38
Ugw6VLt21ssRM-vkWnd4AaABAg,5YakLR9sQfw,유즈하 리코,Yuzuha Riko,CLICHE,@페토가되는거다,진짜 순수 귀여움 집합체 지아민 작가님과 클리셰들 ㅋㅋㅋㅋㅋ,2,2026-07-08T07:45:20Z,33
UgyfiAxU1tXv1ZUorGB4AaABAg,5YakLR9sQfw,유즈하 리코,Yuzuha Riko,CLICHE,@SDFG_1,트위터에서 원본 봤을때도 개쳐웃었는데 이건 개쳐귀엽네 ㅋㅋㅋㅋ,4,2026-07-08T07:37:09Z,34
Ugw8eyH3vl9qSg0uBNt4AaABAg,5YakLR9sQfw,유즈하 리코,Yuzuha Riko,CLICHE,@겨울솜사탕,ㅋㅋㅋ 다들 너무 귀엽고 ;ㅁ;!!!!,4,2026-07-08T07:28:54Z,21
UgzVNx0Lt0s1k_q5H154AaABAg,5YakLR9sQfw,유즈하 리코,Yuzuha Riko,CLICHE,@강민철의버튜버분석,린은 왜 로봇 청소기 더빙을 하죠?,3,2026-07-08T09:57:05Z,19
Ugw991d6OcjCDk6hUWt4AaABAg,5YakLR9sQfw,유즈하 리코,Yuzuha Riko,CLICHE,@nengna1001,용사 진짜 너무 귀얍지 않냐 ㅋㅋㅋ 바로 울어버려 ㅠㅠ,2,2026-07-09T07:57:12Z,30
UgwGbgDg_-1-FZ2kvXJ4AaABAg,P_oxx3_VpIY,유즈하 리코,Yuzuha Riko,CLICHE,@수리페,"이거 다들 똑같나 보네
처음 들을때보다 들으면 들을수록 ㅈㄴ 개띵곡임",411,2026-07-25T15:58:11Z,38
UgxHiggOHvX-b_ZBIHZ4AaABAg,P_oxx3_VpIY,유즈하 리코,Yuzuha Riko,CLICHE,@Tqanjfhgkwl,ㅋㅋㅋㅋㅋㅋㅋㅋㅋㅋ 아 유출한줄알고 안절부절 하는 영상보고 오니까 더 재밌네,163,2026-07-25T08:44:19Z,42
UgxMtgv8GF2pCPh13-x4AaABAg,P_oxx3_VpIY,유즈하 리코,Yuzuha Riko,CLICHE,@흐접한스텔팬만화,ㅋㅋㅋㅋ 노래 청초하고 좋다고 듣다가 중간 리코스러운 부분에 빵터졌네,850,2026-07-24T09:22:31Z,38
Ugz5Adz22f1krM2tzBF4AaABAg,P_oxx3_VpIY,유즈하 리코,Yuzuha Riko,CLICHE,@기므브루상,"노래 시작하자마자 급발진 뭐야
빌드업 없이 바로 하이라이트로 가버리네 ㅋㅋㅋㅋㅋㅋ",662,2026-07-25T09:26:00Z,45
UgxTH6FyJZOwfsxH_hd4AaABAg,P_oxx3_VpIY,유즈하 리코,Yuzuha Riko,CLICHE,@He_황,_이세계에서 누가 돌아왔게~☆_,2591,2026-07-24T07:48:47Z,17
UgzEvgxWJNaPN_G9QoN4AaABAg,P_oxx3_VpIY,유즈하 리코,Yuzuha Riko,CLICHE,@김찬호-y3y,공격받아버렸당 <- 진짜 킥인듯 ㅋㅋㅋ,44,2026-07-31T06:13:58Z,21
Ugzmfgh5C6lmbeBM2fZ4AaABAg,P_oxx3_VpIY,유즈하 리코,Yuzuha Riko,CLICHE,@귀여운감자바쿠피엔나,1:43 마 이리온나! 뭐야ㅋㅋㅋㅋㅋㅋㅋㅋㅋㅋㅋㅋㅋㅋㅋㅋ,670,2026-07-24T09:06:31Z,31
Ugwmp2lpRAUyr4GzmFl4AaABAg,P_oxx3_VpIY,유즈하 리코,Yuzuha Riko,CLICHE,@lxx.seojxn,1:21 ㄹㅇ말투 개쳐귀엽네,31,2026-07-24T10:13:20Z,15
UgwxmHtP2cw0d6uJgeZ4AaABAg,P_oxx3_VpIY,유즈하 리코,Yuzuha Riko,CLICHE,@崔노원,마왕이 설레서 심장마비로 죽은게 맞다 ㄹㅇ,465,2026-07-24T09:07:25Z,23
Ugw2FTbg96gpckRC-aR4AaABAg,P_oxx3_VpIY,유즈하 리코,Yuzuha Riko,CLICHE,@kar-g6a,"오리 곡이 퀄 자체가 좋은건 간만이다
스텔라이브 응원하는 입장에서 더 흥하려면 계속 귀에 걸리도록 일단 곡 체급 자체가 좋아야 함",36,2026-07-25T09:22:19Z,72
Ugze83CjWBhhiR7EFvZ4AaABAg,P_oxx3_VpIY,유즈하 리코,Yuzuha Riko,CLICHE,@치카치카치코,크하하하 악당 등장! 🍀,190,2026-07-24T09:34:11Z,13
Ugy1ROUiepMayh0S8xF4AaABAg,P_oxx3_VpIY,유즈하 리코,Yuzuha Riko,CLICHE,@p2krj2ohw1,이게 가장 케이팝 아이돌스럽네,16,2026-08-01T04:53:26Z,16
Ugyho7FvdSwYtXO1eCF4AaABAg,P_oxx3_VpIY,유즈하 리코,Yuzuha Riko,CLICHE,@조지윤-b7k,이실직고함 첨엔 과하다느끼고 좀 아니다 했는데 계속생각나더니 갓띵곡임 계속듣는중ㅅㅂㅋㅋㅋㅋ,8,2026-07-31T17:27:18Z,50
Ugz9XyS6hiyPnjvoG3N4AaABAg,P_oxx3_VpIY,유즈하 리코,Yuzuha Riko,CLICHE,@Basa_Kana,01:15 조오오오오오온나 귀엽네,109,2026-07-24T09:08:25Z,18
Ugyf7tqpAp_5rfm6dYp4AaABAg,P_oxx3_VpIY,유즈하 리코,Yuzuha Riko,CLICHE,@뿡댕제8군단장,마왕이 귀여워서 안절부절못하는 틈에 카운터펀치 때려서 쓰러뜨렸다는 그 전설의 유즈하 the general 리코 아니여 이거,12,2026-07-29T04:45:07Z,68
UgypDqsgkFUxdYjMTNt4AaABAg,P_oxx3_VpIY,유즈하 리코,Yuzuha Riko,CLICHE,@티오_0606,드디어 시작해볼까 뒷부분을 듣는구나,240,2026-07-24T06:33:09Z,19
UgwLNMYfDMkeV8hWP2t4AaABAg,P_oxx3_VpIY,유즈하 리코,Yuzuha Riko,CLICHE,@BTPicachu,많은 팬이 기다렸던 오리곡 드뎌 나오는구나 악당주의보!!!,220,2026-07-24T06:32:38Z,32
UgxWk0tsGkCvjUkdpjB4AaABAg,P_oxx3_VpIY,유즈하 리코,Yuzuha Riko,CLICHE,@묻지마-h5c,노래가 여러 변형이 있어서 지루하지 않고 2:00 부터 리코 마음이 정말 잘 담긴거 같아서 노래가 확 다가오네 뭔가 요즘 이것저것 잘 승화한거 같아서 너무 좋아요,96,2026-07-24T09:49:52Z,90
Ugx1iIuCFq2H788E1dV4AaABAg,P_oxx3_VpIY,유즈하 리코,Yuzuha Riko,CLICHE,@riko타치즈,"그녀는 그저 goat 양배추
너무 귀엽다 첫 오리곡 너무 축하하고!! 평생 응원할게요!!!",39,2026-07-24T07:10:14Z,50
UgzTSi_PGbiocb_txAd4AaABAg,P_oxx3_VpIY,유즈하 리코,Yuzuha Riko,CLICHE,@대두여도사랑한다,2:26 헤이 오빠삐 개 쳐귀엽네,235,2026-07-24T10:40:02Z,18
UgwnxN03qcb4xx-sqZx4AaABAg,P_oxx3_VpIY,유즈하 리코,Yuzuha Riko,CLICHE,@나는야양배추,누구보다 밝고 씩씩하고 긍정적이고 귀여운 우리 욘사욘사님 첫 오리지널 곡 축하해🎉🎉,30,2026-07-24T08:16:32Z,46
UgyWLMJUDmNUgl5rCTh4AaABAg,P_oxx3_VpIY,유즈하 리코,Yuzuha Riko,CLICHE,@rikohamster,"노래에는 각자의 주인이 있다고 하는데
악당주의보라는 노래의 주인은 리코가 아니면 말이 안되는 수준이야
진심 리코 그 자체라고 할 수 있겠다..!

신곡 발매 너무너무 축하해 노래 맨날 들을게❤",19,2026-07-24T17:18:03Z,107
UgwMugonJQQB_wRhHmh4AaABAg,P_oxx3_VpIY,유즈하 리코,Yuzuha Riko,CLICHE,@도레미-m3f,리코야 오리곡 정말 축하해 여기까지온다고 고생많앗어!! 앞으로도 치코가 마니마니 응원해즐게!!!,50,2026-07-24T06:32:58Z,53
UgwC9uIZHPh2jzbqmSV4AaABAg,P_oxx3_VpIY,유즈하 리코,Yuzuha Riko,CLICHE,@meow0211w,진짜 미친듯이 좋아 미쳤나바 몇번 듣는건지 모르겠네..,17,2026-07-24T14:30:35Z,30
Ugx5pniehU8zx38ZJXR4AaABAg,P_oxx3_VpIY,유즈하 리코,Yuzuha Riko,CLICHE,@텅텅비어버린,미쳤다 왔다 내 마음 훔쳐간 악당! 당장 좋아요와 플리 저장 하잎까지 해서 잡는다,53,2026-07-24T07:17:54Z,45
UgyjInwFAJw8KeksVcV4AaABAg,P_oxx3_VpIY,유즈하 리코,Yuzuha Riko,CLICHE,@Forever임無限_Hebi,기억에 남는거 :시키시키샤카샤카 슈~와!!,12,2026-07-24T10:53:30Z,23
UgyMoI6dxFJcjuMIl0V4AaABAg,P_oxx3_VpIY,유즈하 리코,Yuzuha Riko,CLICHE,@Frown_7,"그냥 곡 체급이 높아서 더 좋다ㅏ
통통 튀고 상큼하이 리코 그 자체..
첫 오리지널 곡 너무너무 축하해 💚",36,2026-07-24T09:34:49Z,59
Ugw2JHVKB8n3mNqkQ294AaABAg,P_oxx3_VpIY,유즈하 리코,Yuzuha Riko,CLICHE,@그저.리아가,리코야 평소의 너도 노래 부를 때나 방송 할 때처럼 항상 밝고 발랄하고 행복해했으면 좋겠어,7,2026-07-24T11:06:53Z,50
Ugxx47v-hBiSg248PDp4AaABAg,P_oxx3_VpIY,유즈하 리코,Yuzuha Riko,CLICHE,@25세김호두,리코만이 소화할 수 있는 노래 캬~~ 리코야 앞으로도 너의 노래들이 나오길 기다리며 응원할게!! 항상 좋은 노래 고마워!!,31,2026-07-24T09:02:55Z,68
UgypAT0bywr2LBVSIRx4AaABAg,P_oxx3_VpIY,유즈하 리코,Yuzuha Riko,CLICHE,@Pastel_SteILive,중간에 슈슝~ 거리는게 너무 귀여워 ㅋㅋ,11,2026-07-26T08:50:29Z,22
UgzSCflHUNi-4PU__Yl4AaABAg,P_oxx3_VpIY,유즈하 리코,Yuzuha Riko,CLICHE,@hy_tlmh_rsrn,용사가 악당주의보 부르는 이거 딱봐도 노래가 맛있다는게 느껴지는 클리셰거든요,49,2026-07-24T08:32:07Z,42
UgzBYeIB92SD26XhyaZ4AaABAg,P_oxx3_VpIY,유즈하 리코,Yuzuha Riko,CLICHE,@Jin_onion,"리코야 오리지널곡 너무 축하해!!
오늘 방송에서 라이브로 불러준거랑 
가사 해석해준 것도 너무 좋았어!!
처음으로 후원도 해봤는데 반응해줘서 고마워!! 
앞으로도 화이팅하고 언제나 응원할게!!
방송에서 정한 응원법..? 언젠가 콘서트에서 
울려퍼질 때를 기대하고 있을게!!",4,2026-07-24T11:51:24Z,152
UgxspvRPPhFKKE2GrOl4AaABAg,P_oxx3_VpIY,유즈하 리코,Yuzuha Riko,CLICHE,@별자리-q4m,리코의 첫 오리지널 커버곡 모두모두 많관부~~💚🎉,15,2026-07-24T06:39:04Z,27
UgzAiEfRuVjKXNDajAB4AaABAg,P_oxx3_VpIY,유즈하 리코,Yuzuha Riko,CLICHE,@세화-e9q,너무 귀엽고 사랑가득한 예쁜 오리지널 곡이였다! 중간 중간에 있는 코멘트 하나 하나가 너무 리코스러워서 그냥 누가 들어봐도 용사 오리지널 곡 ㅋㅋㅋㅋㅋ,6,2026-07-24T20:23:16Z,84
UgxQsbTl0Sf4UD9SM4d4AaABAg,P_oxx3_VpIY,유즈하 리코,Yuzuha Riko,CLICHE,@fullop2,첫 솔로 오리곡 축하해!!!!!!!! 분위기도 리코랑 찰떡이고 너무너무 기대된다!!!,23,2026-07-24T07:34:40Z,47
Ugzvs761iSx86rjKBuZ4AaABAg,P_oxx3_VpIY,유즈하 리코,Yuzuha Riko,CLICHE,@나의별hebi,어떻게 리코는 노래에서도 리코다움이 나오는지 너무 좋다,12,2026-07-24T12:51:33Z,30
Ugzi5120oT736HlhRdh4AaABAg,P_oxx3_VpIY,유즈하 리코,Yuzuha Riko,CLICHE,@lee2679,진짜 누가봐도 리코곡이야! 너무 어울리고 좋다 ㅋㅋㅋㅋ 완전 신나고 귀여워,21,2026-07-24T09:07:12Z,41
UgyYr-bK-MsLn2eHslR4AaABAg,P_oxx3_VpIY,유즈하 리코,Yuzuha Riko,CLICHE,@asddffgdsg-z8w,리코곡이 진짜 잘뽑힌거 같은게 버튜버 서브컬쳐 곡이 아니라 진짜 대중kpop같은 느낌임 곡 퀄이 미쳤음 특히 브릿지 부분 1:59 레전드,2,2026-07-27T16:03:04Z,76
Ugxp6uxNRZhsditEOsp4AaABAg,P_oxx3_VpIY,유즈하 리코,Yuzuha Riko,CLICHE,@know2581-1k,남은 2시간 동안 리코 노래 들을 치코들이면 개추ㅋㅋ,46,2026-07-24T07:09:39Z,29
Ugzdd5ad7jHIXg06vQh4AaABAg,P_oxx3_VpIY,유즈하 리코,Yuzuha Riko,CLICHE,@hwk3348,"노래가 너무 좋아서 들을 때마다  방구석에서 미소가 절로 지어지더랬죠 주책맞게 잇몸 만개해버렸더랬죠
역시 '내 아내'답더랬죠",1,2026-07-26T13:51:00Z,69
UgyNc3E-SKMjadnMdUF4AaABAg,6y-jHz_1r1Y,유즈하 리코,Yuzuha Riko,CLICHE,@느엥밍뿡빵에휴뇨배추,리제 느엥 개잘띠라하네 ㅋㅋㅋㅋㅋㅋㅋ,1827,2026-07-18T06:54:29Z,20
Ugwq_OKZvyAERP3H0t94AaABAg,6y-jHz_1r1Y,유즈하 리코,Yuzuha Riko,CLICHE,@난그저평범한파스텔,성대모사 개 잘하네 ㅋㅋㅋㅋㅋㅋㅋㅋㅋㅋㅋㅋㅋㅋㅋㅋㅋㅋㅋㅋㅋ,1850,2026-07-18T06:16:59Z,32
UgzXXSEDaKzIgP5xkl94AaABAg,6y-jHz_1r1Y,유즈하 리코,Yuzuha Riko,CLICHE,@피황_sss,히나는 왜 이미지가 멘헤라로 굳은거야 ㅋㅋㅋㅋㅋ,2229,2026-07-18T06:20:55Z,26
UgxnJFos7lgYphs_rCB4AaABAg,6y-jHz_1r1Y,유즈하 리코,Yuzuha Riko,CLICHE,@Ol_Sina,"강지 소리지르기, 히나 멘헤라, 쭈글 따비, 아카느엥 ㅋㅋㅋㅋㅋㅋㅋㅋㅋ",535,2026-07-18T06:26:31Z,39
UgyJf4-YeLeubHJ2BYJ4AaABAg,6y-jHz_1r1Y,유즈하 리코,Yuzuha Riko,CLICHE,@모리큰교수,히나 리제 성대모사 뭐야 ㅋㅋㅋㅋㅋㅋ 소름돋네,267,2026-07-18T07:19:13Z,25
Ugzoyc6hb3yg28EGYYd4AaABAg,6y-jHz_1r1Y,유즈하 리코,Yuzuha Riko,CLICHE,@user-hg,"아니 ㅈㄴ 잘따라하는데 ㅋㅋㅋㅋㅋㅋㅋㅋ
모두의 귀여운 면을 다 잘하는 귀여움 마스터",90,2026-07-18T06:18:00Z,46
Ugxdbt7gZ0AVaWy7Hpp4AaABAg,6y-jHz_1r1Y,유즈하 리코,Yuzuha Riko,CLICHE,@스윗-stel하트,리코가 귀엽게 특징을 잘살리네,430,2026-07-18T06:29:20Z,16
UgysPbLIJcyQ5njXz4Z4AaABAg,6y-jHz_1r1Y,유즈하 리코,Yuzuha Riko,CLICHE,@ld9199,근데 뭘해도 약간다 리코가남아있네ㅋㅋ눈감고들어도리코임ㅋㅋ,190,2026-07-18T06:26:09Z,31
UgzCIL92KqHZQElOgut4AaABAg,6y-jHz_1r1Y,유즈하 리코,Yuzuha Riko,CLICHE,@2010treble,다른 스텔라들 대사는 항상 바뀌는 거 같은데 히나는 무슨 스텔라애들이 성대모사 할 때마다 저 대사인 것 같음 ㅋㅋㅋㅋㅋㅋㅋㅋ 이미지가 얼마나 굳어진 거임 ㅋㅋ,79,2026-07-18T06:23:24Z,88
Ugy6UGum7gN7eEZyszh4AaABAg,6y-jHz_1r1Y,유즈하 리코,Yuzuha Riko,CLICHE,@daram7,다 비슷하면서도 숨길 수 없는 리코 느낌이 섞여있네ㅋㅋㅋㅋ 재밌다,31,2026-07-18T07:02:57Z,36
UgzlrqsH8aislKVJ7X14AaABAg,6y-jHz_1r1Y,유즈하 리코,Yuzuha Riko,CLICHE,@호루12,타비는 요즘 표독함 사러지더니 성대모사도 ㅋㅋㅋㅋㅋㅋㅋ 리제 성대모사는 느엥한 느낌 살려서 겁나 귀엽게 잘하네 ㅋㅋㅋㅋㅋ,5,2026-07-18T09:45:12Z,67
Ugypee6JDPnMT8UBWux4AaABAg,6y-jHz_1r1Y,유즈하 리코,Yuzuha Riko,CLICHE,@Joshuatabi-0915,저게 어렵게 한거라고? 역시 성우 맞다니깐;;,9,2026-07-19T08:44:13Z,25
Ugy29BHpEoXH-Btmd_l4AaABAg,6y-jHz_1r1Y,유즈하 리코,Yuzuha Riko,CLICHE,@StellCloud-2077,성대모사 잘하는 리코 너무 귀여워!!!,18,2026-07-18T06:49:42Z,21
UgyldWNScrQU0cZnb7R4AaABAg,6y-jHz_1r1Y,유즈하 리코,Yuzuha Riko,CLICHE,@happy_smw,리코가 진짜 맴버들 특징 잘 살려서 잘 나타낸다 ㅋㅋㅋ,23,2026-07-18T06:44:08Z,30
UgzPqj4wRU9JV1KkA9V4AaABAg,6y-jHz_1r1Y,유즈하 리코,Yuzuha Riko,CLICHE,@치코핑,역시 목소리가 좋으니깐 성대모사도 겁나 잘하네 ㅋㅋㅋ,5,2026-07-18T07:49:07Z,29
UgxgYLsh_EGuTxG19Xh4AaABAg,6y-jHz_1r1Y,유즈하 리코,Yuzuha Riko,CLICHE,@정타비앞니사냥꾼,냥배추 개귀엽네 ㅋㅋㅋㅋㅋ,10,2026-07-18T06:34:22Z,14
Ugyvj-a087o0EjMet394AaABAg,6y-jHz_1r1Y,유즈하 리코,Yuzuha Riko,CLICHE,@Conan7381,히나랑 리제 개잘따라하네 ㅋㅋㅋㅋㅋㅋㅋㅋㅋㅋㅋㅋㅋㅋ,3,2026-07-22T02:29:15Z,28
UgwZAzh72LYgBynBf014AaABAg,6y-jHz_1r1Y,유즈하 리코,Yuzuha Riko,CLICHE,@여온1,리제가 개똑같네 ㅋㅋㅋㅋㅋ,1,2026-08-01T00:34:15Z,14
UgzGb88I_FHAsmp85jN4AaABAg,6y-jHz_1r1Y,유즈하 리코,Yuzuha Riko,CLICHE,@김들비,진짜 특징 잘잡고 잘따라함 ㅋㅋㅋㅋ,21,2026-07-18T07:01:17Z,19
UgzfMdl5A-k618iOdP94AaABAg,6y-jHz_1r1Y,유즈하 리코,Yuzuha Riko,CLICHE,@user-js9tu7ef9e,리코 성대모사 개잘한다 그죠~~,2,2026-07-18T11:34:12Z,17
UgyObUTflLSMiNSwYF94AaABAg,6y-jHz_1r1Y,유즈하 리코,Yuzuha Riko,CLICHE,@Jeongtabong,"어렵다면서 진짜잘함 ㅋㅋㅋㅋㅋㅋ
리제는 진짜 똑같았음 ㅋㅋㅋㅋㅋ",1,2026-07-21T11:18:02Z,35
UgzFU2tGT0dxV8yaGc94AaABAg,6y-jHz_1r1Y,유즈하 리코,Yuzuha Riko,CLICHE,@22_GOD,성대모사 잘해 ㅋㅋㅋㅋ 리코도 왤케 기여운거야~💚,1,2026-07-18T06:17:42Z,27
Ugxfa5a_N_CwOKwmbAR4AaABAg,6y-jHz_1r1Y,유즈하 리코,Yuzuha Riko,CLICHE,@U2lov6262,"ㅋㅋㅋㅋ 역시 성우재질인가???
너무 잘따라하는데????
포인트들 잘 캐치한당~~~",0,2026-07-18T06:20:41Z,46
UgxxAO99ljAGQzyEH9B4AaABAg,6y-jHz_1r1Y,유즈하 리코,Yuzuha Riko,CLICHE,@수유일,특히 리제 성대모사 잘하넼ㅋㅋ,1,2026-07-26T04:00:30Z,16
UgyrsdGL9aHMjteSmhV4AaABAg,6y-jHz_1r1Y,유즈하 리코,Yuzuha Riko,CLICHE,@선플낭만열사,"와 유니리코, 감자리코, 타비리코, 밍리코, 히나리코, 리제리코 넘나 예쁨 ㄷㄷㄷ 감사합니다ㅏㅏㅏ!!!!!",0,2026-07-25T11:28:16Z,59
UgwIVKPXl8LnHEITecd4AaABAg,6y-jHz_1r1Y,유즈하 리코,Yuzuha Riko,CLICHE,@푸른여름하늘,성대모사 잘한다 멤버 특징 시그니처나 그런거 잘했다 리냥이가 너무 귀엽다ㅋㅋㅋㅋ💚,0,2026-07-18T08:29:53Z,45
UgxOC5NYEoEKfD4FaVt4AaABAg,6y-jHz_1r1Y,유즈하 리코,Yuzuha Riko,CLICHE,@heelsi-1,"리코 <- 뮤 잡아야 될 기믹도 잘풀고 성대모사,노래,밥 야무지게 먹기 걍 레전드",0,2026-07-18T07:10:27Z,45
UgxsMnMbqp7zNziNkHd4AaABAg,6y-jHz_1r1Y,유즈하 리코,Yuzuha Riko,CLICHE,@jinW_Kim,히나는 왜 저한테만 뭐라그래요? 가 아니라 왜 저한테는 안뭐라그래요? 이거 아님? ㅋㅋㅋㅋㅋ,1,2026-07-21T17:49:54Z,51
Ugx2INTj_G3V_kYECjl4AaABAg,6y-jHz_1r1Y,유즈하 리코,Yuzuha Riko,CLICHE,@추억해,리코의 그죠 못참겠네 너무 귀엽다💚,2,2026-07-18T06:23:14Z,19
UgzKhJHKQSXF4zZ75W14AaABAg,6y-jHz_1r1Y,유즈하 리코,Yuzuha Riko,CLICHE,@미_찌,아니 히나는 따라할 때마다 다들 멘헤라 멘트밖에 안 하네 ㅋㅋㅋㅋㅋㅋ,1,2026-07-18T06:35:53Z,38
UgzlZq6CPtyN62f4Wlp4AaABAg,6y-jHz_1r1Y,유즈하 리코,Yuzuha Riko,CLICHE,@lilie_lila_,아니...뭐지??? 성대모사 너무 잘하는데!?!?!???? 목소리들이 들리는데???,0,2026-07-23T00:44:47Z,46
UgzW7qennj3EmDOwiV54AaABAg,6y-jHz_1r1Y,유즈하 리코,Yuzuha Riko,CLICHE,@말바랑보,리코 성대모사 잘해잘해 소질있어🥰💚💚,0,2026-07-19T03:48:25Z,20
UgzOcOy4stgJ8hIymBN4AaABAg,6y-jHz_1r1Y,유즈하 리코,Yuzuha Riko,CLICHE,@MoMo-pm8tr,우리 욘사 재능 쩐다,2,2026-07-18T13:12:12Z,11
Ugy_XS5MuoMCHL_AouJ4AaABAg,6y-jHz_1r1Y,유즈하 리코,Yuzuha Riko,CLICHE,@사랑한다헤비빙보구치,리코님 유니님 복장 자주 입어주세요 감사합니다,191,2026-07-18T06:17:25Z,25
Ugw4YHh3IEnwpS-IG3N4AaABAg,6y-jHz_1r1Y,유즈하 리코,Yuzuha Riko,CLICHE,@Geasscode0,"어렵다더니 개잘따라하네 ㅋㅋㅋㅋㅋㅋㅋㅋㅋ
아주 포인트를 잘 캐치했네 ㅋㅋㅋㅋㅋㅋㅋ
동기들도 같이 해주지",0,2026-07-18T13:49:21Z,57
Ugwe6HaQDkYBB7iTrP14AaABAg,6y-jHz_1r1Y,유즈하 리코,Yuzuha Riko,CLICHE,@그저파스텔인짱똘,성대묘사ㅋㅋㅋㅋㅋㅋㅋ,2,2026-07-18T08:11:09Z,11
UgzH_BxhYZdmCjb5WBJ4AaABAg,6y-jHz_1r1Y,유즈하 리코,Yuzuha Riko,CLICHE,@하늘깃_Kor,스텔라이브 다들 사랑스럽잖아 ❤,1,2026-07-21T23:41:41Z,17
Ugw0wew6PlesoRXkcjR4AaABAg,6y-jHz_1r1Y,유즈하 리코,Yuzuha Riko,CLICHE,@varra7732,리제 ㅋㅋㅋㅋ 진짜 캥똑같네 ㅋㅋㅋㅋ,0,2026-07-18T07:57:51Z,20
UgyTlPHVn1fd56yF9aZ4AaABAg,6y-jHz_1r1Y,유즈하 리코,Yuzuha Riko,CLICHE,@meteon0413,그 귀여운 모임에 리코님도 포함되있죠ㅎㅎ,0,2026-07-26T05:57:44Z,22
Ugy1caof_uPrLlJvw9l4AaABAg,6y-jHz_1r1Y,유즈하 리코,Yuzuha Riko,CLICHE,@냠얌-h9k,겁나 귀엽다 ㅋㅋㅋ,2,2026-07-18T06:17:31Z,10
UgynhDlkflxr63jJdZ54AaABAg,p7jnlTehA2M,유즈하 리코,Yuzuha Riko,CLICHE,@-besta2901,치코가 햄버거 다 먹는다고 돼지라고 하는거 개귀엽네ㅋㅋㅋㅋㅋ,653,2026-07-26T04:17:19Z,33
Ugz0wZNEN-BXp-rfT3h4AaABAg,p7jnlTehA2M,유즈하 리코,Yuzuha Riko,CLICHE,@나는페토될거야,"건강에 안좋은 햄버거는 치코가 
처리했으니 안심하라고",532,2026-07-26T04:42:00Z,29
Ugw0ijAOk3aKO0iJUFR4AaABAg,p7jnlTehA2M,유즈하 리코,Yuzuha Riko,CLICHE,@텅텅비어버린,어째서 린은 고통받는 것인가...ㅋㅋㅋㅋ,256,2026-07-26T04:21:51Z,22
Ugy0UX22bVgGe17q2gF4AaABAg,p7jnlTehA2M,유즈하 리코,Yuzuha Riko,CLICHE,@ripia859,린한테 준 햄버거 본적있다 했더니 이환에 라크리모사가 먹는 햄버거네 ;;;,58,2026-07-26T05:42:23Z,41
Ugy-QF1dPhC0Z7RcIAd4AaABAg,p7jnlTehA2M,유즈하 리코,Yuzuha Riko,CLICHE,@고양이와오멘,뇌를 비우고 보면 ㅈㄴ힐린 된다,18,2026-07-26T04:35:10Z,17
Ugz8f--IHz0XH8CS73J4AaABAg,p7jnlTehA2M,유즈하 리코,Yuzuha Riko,CLICHE,@가오리._.3,린 토마토밖에 없으니까 망치를 꺼내네ㅋㅋㅋㅋㅋㅋㅋㅋ,92,2026-07-26T05:00:25Z,28
UgzQxoJlidMiPiqWmJx4AaABAg,p7jnlTehA2M,유즈하 리코,Yuzuha Riko,CLICHE,@rikohamster,치코야 그만먹어!ㅋㅋㅋㅋㅋㅋㅋㅋㅋㅋ 리코도 좀줘~,7,2026-07-26T07:54:27Z,27
Ugxoac9NeEwonX86tN14AaABAg,p7jnlTehA2M,유즈하 리코,Yuzuha Riko,CLICHE,@cursed_bandaid,부키 카레 들고있는거 이나리로 카레 해먹으려는거임? ㅋㅋㅋㅋㅋㅋㅋ,7,2026-07-26T09:15:42Z,36
UgwkU1tXOpIQZ6f2EYN4AaABAg,p7jnlTehA2M,유즈하 리코,Yuzuha Riko,CLICHE,@소무-u3m,린 부분에서 나만 도마도마 들리나,8,2026-07-26T04:44:34Z,18
Ugzhy99Lmn9e8-dEepV4AaABAg,p7jnlTehA2M,유즈하 리코,Yuzuha Riko,CLICHE,@뇨카밤바스피스,린 햄버거가 제일 정상 같은데 ㅋㅋ,29,2026-07-26T05:38:51Z,19
Ugwx1P_Htxrm6zdyeeZ4AaABAg,p7jnlTehA2M,유즈하 리코,Yuzuha Riko,CLICHE,@999masijjyeong,저렇게 만든 버거를 대신 먹어주는 치코가 착한것이지,0,2026-07-26T07:58:06Z,28
UgxcVdSLgTx-HmFVS3Z4AaABAg,p7jnlTehA2M,유즈하 리코,Yuzuha Riko,CLICHE,@Pizza_muffin,반응이 다 넘 귀엽네 특히 마지막에 화내는게 넘 귀엽다ㅋㅋㅋㅋㅋ,58,2026-07-26T04:35:10Z,35
Ugw637RN7rkN5le6CCV4AaABAg,p7jnlTehA2M,유즈하 리코,Yuzuha Riko,CLICHE,@도화지파스텔,클리셰는 건강한 것만 먹어 치코가 안 건강한 건 다 묵을테니까,0,2026-07-27T02:43:03Z,34
UgyKqDp8t0vnS04g2iZ4AaABAg,p7jnlTehA2M,유즈하 리코,Yuzuha Riko,CLICHE,@세현이-b4j,"놀랍게도 치코 빼면 아무도 햄버거(?)를 안먹음
ㅋㅋㅋ",1,2026-07-26T05:07:17Z,30
UgxkPVB28VtZgQciUKx4AaABAg,p7jnlTehA2M,유즈하 리코,Yuzuha Riko,CLICHE,@푸른여름하늘,치코가 혼자 햄버거 다 먹었어ㅋㅋㅋㅋㅋ 돼지라고하는 리코 귀여워ㅋㅋㅋㅋ💚,0,2026-07-26T07:55:22Z,40
Ugymwws4g2F839-_7NR4AaABAg,p7jnlTehA2M,유즈하 리코,Yuzuha Riko,CLICHE,@추억해,리코가 역시 치코를 많이 사랑하네 유일한 정상인걸 보면 ㅋㅋㅋㅋㅋ,0,2026-07-26T05:11:01Z,36
UgxR5CD2_q8BqkZzcBV4AaABAg,p7jnlTehA2M,유즈하 리코,Yuzuha Riko,CLICHE,@승상육손,린은 진짜 눈에 광기가ㅋㅋ,1,2026-07-26T07:07:03Z,14
Ugzg7gLbp3DXHyPAtP14AaABAg,p7jnlTehA2M,유즈하 리코,Yuzuha Riko,CLICHE,@귀여운감자바쿠피엔나,쥰내 당황했어요,2,2026-07-26T05:47:36Z,8
Ugxon-x5iAS_MHzsp5d4AaABAg,p7jnlTehA2M,유즈하 리코,Yuzuha Riko,CLICHE,@Nabangbang,리코 햄버거에 산낙지 넣어줘야겠다,1,2026-07-26T05:00:24Z,18
UgwWsq93wJfjM_DqOSd4AaABAg,p7jnlTehA2M,유즈하 리코,Yuzuha Riko,CLICHE,@nevergive_up516,나나 맨발 어흐,1,2026-07-26T06:45:57Z,8
UgyF1eHPYgAf1LVOkEB4AaABAg,p7jnlTehA2M,유즈하 리코,Yuzuha Riko,CLICHE,@난그저평범한파스텔,그냥 다 정상이 아니잖아 ㅋㅋㅋㅋㅋㅋㅋㅋㅋㅋ,0,2026-07-26T04:54:28Z,24
Ugyv_q62luUuLvIBdJ54AaABAg,p7jnlTehA2M,유즈하 리코,Yuzuha Riko,CLICHE,@용이나리코0209,부키는 빵에 밥을 ㅋㅋㅋ,1,2026-07-26T05:14:14Z,13
UgxRhAvDHnLdw12xF6R4AaABAg,p7jnlTehA2M,유즈하 리코,Yuzuha Riko,CLICHE,@쿠이키-i3l,그림체 귀엽당,1,2026-07-26T06:03:45Z,7
UgyRpuDG7ctmZFEnCCF4AaABAg,p7jnlTehA2M,유즈하 리코,Yuzuha Riko,CLICHE,@StellCloud-2077,맛있는 햄버거 먹는 치코 랑 햄버거 못먹어 분한 리코 귀여워!!!,0,2026-07-26T07:54:15Z,36
Ugw67nUpnW4qhSNntIR4AaABAg,p7jnlTehA2M,유즈하 리코,Yuzuha Riko,CLICHE,@치황-h1x,햄버거말고 그냥 빵아니냐 이정도는,1,2026-07-26T15:24:45Z,18
UgwsrbKvPMi8Ghn5jDR4AaABAg,p7jnlTehA2M,유즈하 리코,Yuzuha Riko,CLICHE,@David_P-z3m,색다른버거만들기군요 ㅋㅋㅋ,1,2026-07-26T05:53:58Z,14
UgwPitZOtHCUVU4oKDZ4AaABAg,p7jnlTehA2M,유즈하 리코,Yuzuha Riko,CLICHE,@거그,햄버거가 이상한데 귀엽네요ㅎㅎ,0,2026-07-26T05:01:01Z,16
UgyztZuSzYF1WKEnrn94AaABAg,p7jnlTehA2M,유즈하 리코,Yuzuha Riko,CLICHE,@배가_고프다,치코: 아 저장본능,0,2026-07-26T06:34:28Z,10
Ugw-SwdJnQiOfkoIMld4AaABAg,p7jnlTehA2M,유즈하 리코,Yuzuha Riko,CLICHE,@kkkkkkkk-g8f,햄버거를 합법적으로 섭취하는(뺏어먹는) 방법,0,2026-07-26T05:09:51Z,24
UgxmOB86ywbKu7lvFAB4AaABAg,p7jnlTehA2M,유즈하 리코,Yuzuha Riko,CLICHE,@MaroShiro,린 경멸 ㅋㅋㅋㅋㅋㅋㅋㅋㅋ,1,2026-07-26T07:00:15Z,14
Ugw_yz7emDKZb2hsuml4AaABAg,p7jnlTehA2M,유즈하 리코,Yuzuha Riko,CLICHE,@안산치카라포테땅러버,린아....건강해주렴...,1,2026-07-26T04:59:31Z,14
UgzdKh7ZldxGrBpeyEV4AaABAg,p7jnlTehA2M,유즈하 리코,Yuzuha Riko,CLICHE,@Riko_bite,너무귀엽다!!💚,1,2026-07-26T04:57:54Z,8
UgwMVy6CxSDpx-yJONl4AaABAg,p7jnlTehA2M,유즈하 리코,Yuzuha Riko,CLICHE,@k란밍,리코 질투하는거 너무 귀엽다❤❤,0,2026-07-26T06:00:03Z,17
UgzAPR9LyW8E6ES30U94AaABAg,p7jnlTehA2M,유즈하 리코,Yuzuha Riko,CLICHE,@세피로트엘렌,토마토 대신 🥒 를😂😂,0,2026-07-29T04:19:31Z,12
UgyV4ykqFgHAGo8jgvt4AaABAg,p7jnlTehA2M,유즈하 리코,Yuzuha Riko,CLICHE,@은차-p8h,멤버들 개성을 다 잘살려줫네 ㅋㅋㅋㅋ,0,2026-07-26T08:44:29Z,20
UgzK1OaP_7kLM16U-Md4AaABAg,p7jnlTehA2M,유즈하 리코,Yuzuha Riko,CLICHE,@wowcirnao,리듬천국 하는거 같네 ㅋㅋ,0,2026-07-30T12:10:16Z,14
UgxkcX06eyBRNK5UG_t4AaABAg,p7jnlTehA2M,유즈하 리코,Yuzuha Riko,CLICHE,@느엥밍뿡빵에휴뇨배추,역시 그스그시라고 치코도 리코도 돼지네요,1,2026-07-26T07:21:01Z,22
UgwQtZOqksCln7qAf1V4AaABAg,p7jnlTehA2M,유즈하 리코,Yuzuha Riko,CLICHE,@Pen_guin1007,왜 린만...,1,2026-07-26T11:40:52Z,7
UgxdL_F2xpLkkZNFE0J4AaABAg,p7jnlTehA2M,유즈하 리코,Yuzuha Riko,CLICHE,@AgFe-k6o,"린 표정 너무 귀엽다
리코 표정도 너무 귀엽다
치코는 뭐지",0,2026-07-26T21:24:34Z,32
UgzwgrGv7whLljq756l4AaABAg,p7jnlTehA2M,유즈하 리코,Yuzuha Riko,CLICHE,@bori0431,토마토 사이에 빵 하나 어디갔엌ㅋㅋㅋㅋ,0,2026-07-26T11:21:45Z,21
