game,name_ko,review_id,title,content,rating,at,app_version
genshin,원신,14565916082,진짜 갓겜입니다..ㅜ,"일단 제작자님 사랑합니다..
우선 저는 원신을 시작한지 1년도 안된 응애인데요.. 제가 원신을 올해 3월에 시작해서 지금까지 하고 있는데 7,8월을 개인사정으로 인해 원신을 잠시 못했다가 9월에 복귀했는데요.. 저는 원래 애니,웹툰 등을 별로 선호하지않아서 주변에서도 갓반인(갓 일반인이라는뜻)이라고 할정도로 관심이 없는 사람이어서
솔직히 원신 처음 했을때는 그냥 싸우는 겜이라고 생각하고 플레이 했는데 하다보니까 재밌어져서 계속하다가
이 글을 쓰고있는 지금 제가 진짜 싸우는 겜이라고만 생각하고 플레이한점을 죄송하게 생각하고 있습니다..
왜냐면요.. 임무에서 기간한정보상을 준다길래 스네즈나야를 하던도중에
코룔로프스키 극장(?)에서 오데트의 공연을 볼때 사건 있잖아요 ㅜㅜ
결말을 보고 여러가지 생각도 들면서
모두 죽어있던거란 사실에 너무 슬프면서
감동적이더라고요..ㅜㅜ 
저 앞으로 원신 자주 할게요ㅜㅜ
진짜 갓겜입니다 ㅜㅜ
이런 갓겜을 일찍 알았으면 좋았을텐데..
암튼 제작자님 정말 존경하고 사랑합니다",5,2026-09-18T15:12:44-07:00,7.0.0
genshin,원신,14564527619,굳굳,일단 게임 퀄리티 좋고 이야기도 재미있고 이벤트도 지금은 많이하니까 좋고 할거 많고 일일의뢰도 빠르게 할 수 있게 해주고 쨋든 갓겜임. 이런 갓겜이 저장공간을 많이 차지하지만 공간을 많이 차지하는 만큼 대단한 겜.,5,2026-09-18T07:38:15-07:00,7.0.0
genshin,원신,14563047455,Game chán,Thằng nào lập trình chán thế. Xong quay ra kêu bug. Lập trình ngô vc. Đền bù 1k6 nt đi.,4,2026-09-17T22:29:35-07:00,7.0.0
genshin,원신,14559681498,저장공간만 아니면 자주하는겜,정말 좋아하는게임이지만 저장공간이 커서 슬프네요,5,2026-09-17T02:21:33-07:00,7.0.0
genshin,원신,14555335683,.,나선비경 밸런스 ㅈ같이 하네,1,2026-09-15T22:54:57-07:00,7.0.0
genshin,원신,14537685235,ㄹㅇ갓겜,원래 게임을 하려고 앱 설치 할때마다 조금만하고 삭제 하고 리뷰도 안쓰고 그런데 원신은 남다른 스타일이고 원소 조합 같은게 싸울때마다 도파민을 터지게 하고 캐릭터들도 각양각색 다르게 스타일 도 다르고 개성도 다르고 이쁘고 잘생겨서 좋음,5,2026-09-11T09:36:18-07:00,7.0.0
genshin,원신,14537471530,다른건 다 좋은데 제발좀,다른건 다 좋은데 제발좀 스킵기능이나 만들어주세요,3,2026-09-11T08:32:14-07:00,7.0.0
genshin,원신,14533703509,재화 존나 짜다,.,1,2026-09-10T09:11:27-07:00,7.0.0
genshin,원신,14521174064,갓겜,십갓겜,5,2026-09-07T05:22:22-07:00,7.0.0
genshin,원신,14520753332,절벽 막 올라왔을때 몹 나오게 하지 마라 짜증나니까,.,4,2026-09-07T02:37:41-07:00,7.0.0
genshin,원신,14513504790,항상 욕하지만 결국 돌아오게하는 게임,3.7버전부터 7.0까지 꾸준히 하고 있습니다. 중간 나타땐 1년 쉬었지만.. 원신만의 매력이 그리워서 다시 하고 있습니다 원신최고❤️❤️,5,2026-09-05T06:06:04-07:00,7.0.0
genshin,원신,14512077346,제발 좀 알려주거나 봐주세요,"이거 원신 계속 하다가 오랜만에 들어갔는데 이메일 하라고 해서 네이버 이메일, 구글 이메일 다 비밀번호도 맞게 쳤는데 계정에 비밀번호가 설정되어 있지 않다고 뜨고 결국 밑에 있는 로그인으로 했는데 되는 줄 알았더니 계정 날라가고 처음부터 시작해야 되는데 어떻게 해요? 제가 진짜 열심히 키웠는데 다 날라갔어요",5,2026-09-04T20:51:30-07:00,7.0.0
genshin,원신,14511101919,나타는 썩었다,"85학번이고 2년 3년 쭉 하다가 나타 나오고 접게 되었다. 스토리도 그렇다 할 재미도 없고 파워레인저 마냥 인원 모아서 어쩌구 저쩌구, 감동도 없고 너무 지루했다. 심지어 남캐 비율은 이게 원신인지 서유기 여아국인지 모를 만큼 여캐만 주구장창 내서 뭘 뽑고 싶은 생각도 안들어서 접었다. 
현재 스네즈나야 열리고 복귀 했는데 훨씬 쾌적하고 달라진것 같다.",4,2026-09-04T14:30:50-07:00,7.0.0
genshin,원신,14509076434,들어주새요 제작자님,"넘 재밌고 오픈월드에요, 근데 뽑기 확률 또는 뽑기에 쓰이는 원석 양좀 버프해주세요",4,2026-09-04T03:52:29-07:00,7.0.0
genshin,원신,14500746379,워우 정말 재밌습니다!,"일단 스토리 자체가 풍성하고 재밌어요. 그리고 캐릭터들이 전체적으로 예쁨ㅎㅎ
아 근데 용량이 너무 큼..
하지만 게임 완성도가 높아서 게임 할 맛이납니다🫪
(참고로 저는 3.0업뎃때부터 시작함ㄷㄷ)",5,2026-09-01T23:58:22-07:00,7.0.0
genshin,원신,14492752325,이게 웬 4.1 별,"에니메이션 대박이구요
목소리 장난 아니구요
걍 좋아요 다른 1별 리뷰 보지 말고 제 리뷰 보세요
찐으로 좋아요
제발",5,2026-08-30T23:27:09-07:00,7.0.0
genshin,원신,14490263313,Awful luck,"I have been playing genshin impact since 2021 and even my first limited 5star came on ar 51 with a 50/50 lost, I always go until hard pity and lose, the luck is absolutely terrible, with the snezhnaya release you can’t even get a guranteed character…",1,2026-08-30T08:08:59-07:00,7.0.0
genshin,원신,14486230982,보 만 다,"지 진 
G O A T",5,2026-08-29T07:37:29-07:00,7.0.0
genshin,원신,14477953387,진짜 강추임,"마신 임무도 스토리 탄탄하고 캐릭터 디자인도 개 지림. 근데 하나 아쉬운 점이 초반 캐들이 디자인이 살짝 아쉽습니다 근데 최신 캐들은 4성들까지 예뻐요

미소년 좋아하시는 분은 캐릭터들도 좋아 할 것 같아요.

(데이터 많이 필요해서 좀 느릴 수 있어요)",5,2026-08-27T05:19:48-07:00,7.0.0
genshin,원신,14474261768,스킵기능 좀 만들어줘라,재밌기는 한데 스킵을 못하니까 시간낭비도 너무 심하고 슬슬 짜증남… 답답해서 관두는 사람들도 꽤 있을 것 같은데,4,2026-08-26T06:25:02-07:00,7.0.0
genshin,원신,14473155184,꿀잼,고트,5,2026-08-25T23:33:10-07:00,7.0.0
genshin,원신,14469302668,하지마세요,이거하고 개씹덕되었던 적이 있어요. 지금은 정상. 제발하지마세요 드립이아니라 그양 제발제발하지마세요 제발 하지마세요 정상인의 삶을 삽시다. 만약 의문이 든다면 주변 정상인 친구에게 나 원신 하는데 하면서 설명하고 여자 캐릭터 보여주세요. 그러고 그 캐릭터 설명해봐요. 막 스토리랑 그런거 다…그 친구 반응이 다른사람들 반응입니다. 제발하지마세요…,1,2026-08-25T00:02:40-07:00,7.0.0
genshin,원신,14465053577,노이 풀속성 발레리 4성,"스네즈나야 감다뒤졌네
원신 이제 여캐만 빨아주는거 극혐
노이 풀속성이라는 말이 맞냐
아무리 남자유저가 많다고해도 그렇지
메이드년이 딜러고 기사가 서폿이냐
진짜 말도 안된다 원신 나왔을적부터
시작해서 지금까지 하고있는 유저인데
진짜 돈에 미쳐가지고 지네 마음대로 캐릭터 만드는게 말이되냐 드럽다 노이 진쩌 풀속성이고 메이드년이 딜러로
진짜 찌라시대로 나온다면 나는 이거 게임 못한다 전부 번개인것도 짜증나는데 이제 캐릭터도 지네 꼴리는대로 만든다? 이건 그냥 유저들
무시하는거나 다름없다 이딴식으로 하는거 보고 원신에 더이상의 돈도 안쓸거다 똑바로해라 류웨이새꺄",1,2026-08-23T21:13:28-07:00,7.0.0
genshin,원신,14461658040,💘,사랑해요 진짜 갓겜,5,2026-08-23T00:43:21-07:00,7.0.0
genshin,원신,14460060370,소리,다운받앗는데 소리가안나요..,2,2026-08-22T13:34:11-07:00,7.0.0
genshin,원신,14459896755,이러나저러나 해도 돌고 돌아 원신이다…,"용량도미쳤고, 돈도잔뜩들고, 매일욕하지만 마음의고향같고 계속돌아옴그냥 섭종하지말고 오래장수겜해라…",5,2026-08-22T12:34:40-07:00,7.0.0
genshin,원신,14459076110,서버,"자기 계정들, 캐릭터들 가 갖고 서버 변경할 수 있으면 좋겠어요.. 안 된다는 거 알지만 친구랑 서버가 달라서 같이 하질 못해요… 그 외에 좀 어려운 거 빼면 힐링도 되고 배경음악 좋고 캐릭터 이쁘고 잘생기고 좋아요. 어려운 건 제가 못하는 걸 테구요….",5,2026-08-22T08:13:41-07:00,7.0.0
genshin,원신,14452525883,1점 누구냐!!,아니 게임을 이렇게 좋게 만들어 놨는데 1점이 뭐야1점이 이런 게임에는 5점이 아까워요100점을 줘야지,5,2026-08-20T15:37:30-07:00,7.0.0
genshin,원신,14449693289,인생게임임,"한 2년정도 했는데 일단 스토리는 붕스보단 아쉬움 그리고 뽑기 확률도 낮고 재화모으기도 개빡셈 무과금은 뽑기 하려면 너무 힘듬 솔직히 내가 그냥 못얻는걸수도 있긴함 그리고 초반에 렙업이 힘듬 캐릭터를 뽑고 렙업 하려 재료를 모으려고 보면 멥 저 끝에 있는 경우가 많음 그래도 스토리도 나쁘지 지는 않고 캐릭터들도 이쁘고 모션이나 이런것들도 다 잘뽑히고 마음에듬 솔직히 치치가 안좋은 이미지가 씌워져서 그렇지 예능용으론 괜찮음ㅋㅋ 4성들도 쓸만한 좋은 애들도 많고 월드를 탐험하는 맛이 있음 물론 콘텐츠 다즐기면 할게 없어서 업데이트만 주구장창 기다리는데 그건 새계정으로 첨부터 하면 해결이 어느정도는 되더라 그 노가다를 다시 한다니까 약간 아찔하긴 했는데;; 암튼, 이대로만 쭉 아니 이대로 승승장구만 하면 좋겠음.   




사랑한다 원신아 이번 업데이트 맛도리더라 다시 돌아왔다.",5,2026-08-19T23:29:14-07:00,7.0.0
genshin,원신,14444695111,스토리 더 만들어주세요,게임 오래 할래요 재밌어요 재밌어,5,2026-08-18T16:49:19-07:00,7.0.0
genshin,원신,14438497779,제발 리메이크좀,"신캐랑 구캐릭이랑 너무 외모차이오져요 ㅠㅠ 
여행자라도 해주세요 ㅠㅠ 아님 스킨이라두..
너무 못생겨서 하기싫음 ㄹㅇ
그거 빼곤 재밌어요 ! 천장좀 치긴했지마는 ㅠ",2,2026-08-17T04:57:26-07:00,7.0.0
genshin,원신,14435823765,최고,넘 재밌어요,5,2026-08-16T11:33:57-07:00,7.0.0
genshin,원신,14430814212,스킵좀 쳐 만들어라,뭔놈의 스킵없이 강제로 스토리를 쳐먹임 개빡치네 붕스는 스킵있는데 이건 왜없음??일부러안만드는데 존나 화나네 미친새끼들,1,2026-08-15T06:33:21-07:00,7.0.0
genshin,원신,14429767023,망겜 지우겟습니다.,너무 재미가업네요,1,2026-08-15T00:11:01-07:00,7.0.0
genshin,원신,14429388656,사랑한다,긴말필요없다,5,2026-08-14T21:29:45-07:00,7.0.0
genshin,원신,14429228737,ㅇ,인생겜,5,2026-08-14T20:24:38-07:00,7.0.0
genshin,원신,14427454322,건의사항,"다 좋은데 월드 탐험 100% 채우기가 너무 힘들어요
월드 탐험 모드? 같은게 있었으면 좋겠어요 탐험한 맵이 색칠이 된다던가
좀 더 편리하게 만들어주세요",3,2026-08-14T09:47:14-07:00,7.0.0
genshin,원신,14422858806,FPS게임..🥵😭😒🥸 저 발로란트 프로게이멍 헥 헥 개고숛 인데ㅋ 개임 이따구로 만들지 마세욛,젤다ㅏ짭 아니에요 헧 거제 야호~😜,4,2026-08-13T07:09:34-07:00,7.0.0
genshin,원신,14422681318,원신사랑해,이거만한게임없어요,5,2026-08-13T06:18:52-07:00,7.0.0
genshin,원신,14421583609,복각 주기 조금만 줄여주세요ㅜ,한 캐릭터가 2년 가까이 안오는게 말이됩니까 묶음기원 좀 자주자주 돌려주세요ㅜㅠ,1,2026-08-12T23:43:53-07:00,7.0.0
genshin,원신,14420423156,와우 정말 재밌어요!,"원신 아이폰 유저인데 거짓말 않하고 진짜 재밌음.스네즈야 오픈하자 마자 원석 도 뿌리고  뽑기 하자마자  5성 떳는데 픽둟이라 아쉽긴 하지만 진짜 재밌고 이정 도 퀴리티에 무료 개임은 진짜 몇안데는 갓겜임 .그리고 진짜진짜 아쉬워서 말하는 건데 픽업 배너에 여자 5성캐릭터 밖에 없음 2연으로 여자밖에 없는 픽업 베너임 개발자님 진짜 제발 5성 남자캐릭터 만들어 주세요!(그렇다고 남자 캐릭터가 진짜 심하게 없는건 아님 5성 중에만 좀 적음)그리고 나타 이후에 이상해 졌다.뭐라뭐라 하는데 사람마다 취향이 있는 거고 이만한 퀄리티에 무료로 이용 하면 그냥 재밌게 플레이 하면 안돼나 싶음 그리고 젤다 짭이다 그러는 데 내가 젤다 야숨,왕눈 을 다 플레이 한사람으로써 절대로 짭아님그러니 짭이다 그러는 사람의 말은 그냥 무시하셈 진짜 5별점을 줘도 모잘겜임 만약 10점 까지 있음 난 10점 줬음 그러니 원신 깔고 즐겁게 플레이 하셈.너무 어렵다고 생각 되면  모험 레벨 16 까지만 가면 다인 모드가 열려서 같이 플레이 할수 있음 다만 매인 이나 전설 임무는 안됌.여기 까지 읽어 줘서 감사하고 이게 앞에 떠서 많은 사람이 봤으면좋겠음.",5,2026-08-12T16:03:37-07:00,7.0.0
genshin,원신,14419078552,개재밌음,인생겜 근데 무과금인데 재화 모으기가 개어렵고 해야하는게 ㅈㄴ 많아요,5,2026-08-12T08:25:16-07:00,7.0.0
genshin,원신,14418096874,저는 원석을 먹고 삽니다,절 굶어 죽일 작정인가요? 더 줘!!!!!!!!!!!!!!!!!!,5,2026-08-12T03:25:36-07:00,7.0.0
genshin,원신,14417781393,스토리 나오는거 짜쳐요,그냥 지나가기만 해도 마음대로 스토리 나오는것도 짜증나는데 스킵버튼도없음 이거 말고도 문제점 많은데 적어도 이것만큼은 고쳐졌으면…,1,2026-08-12T01:20:49-07:00,7.0.0
genshin,원신,14417670211,오픈유저인데,"매번 고봉밥에 별빛 천장 보고 재화는 너무 적어요
돈 써도 원하는 캐릭터 안 나오는 게 짜증나서 돈 쓰던 것도 접었습니다 이게 게임사에서 원하는 방향인가요?
신규 버전 출석 이벤트가 그렇게 어렵습니까? 복귀신규 챙길 시간에 있는 유저 좀 챙기세요 왜 떠나겠어요",1,2026-08-12T00:35:02-07:00,7.0.0
genshin,원신,14417639279,ㅈㅂ,제발맥os출시좀해주세요더이상감당할수가없습니다,5,2026-08-12T00:22:06-07:00,7.0.0
genshin,원신,14417529421,달반응십샠기,달반응캐릭터들 다 유료인데 그 캐릭터가 없으면 못잡는 보스들이 너무 많아요. 그리고 픽뚫 계속 남 픽뚫 계속 나는 계정이랑 잘 안 나는 계정 돈 차이가 너무 큼,1,2026-08-11T23:35:51-07:00,7.0.0
genshin,원신,14417390801,이상원을찬양하자,요즘 버전에는 캐릭터들도 예쁘게 나오고 그래서 모델링에는 큰 문제가 없음 그런데 과금유도가 좀 있어여 진짜 원신만 계속 하는게 아니면 조금 원석 모으는데 한계가 있기두하고.. 그래도 좋아하는 캐릭터 뽑을 수는 있엉용 스토리스킵기능없고 인플레심함 다들벤티사이즈하자,4,2026-08-11T22:35:42-07:00,7.0.0
genshin,원신,14417363167,답변 부탁해요,최악이네요 계정까지 나가지고 돈 벌 생각이 없어보여요,1,2026-08-11T22:23:33-07:00,7.0.0
genshin,원신,14417058249,정말 최고입니다!!,중학생 때 시작했는데 벌써 성인이 되었네요… 저의 학창시절을 함께 한 이 게임에 정말 큰 애정을 느끼고 있습니다. 앞으로도 계속 쭉 원신과 함께 하고싶네요,5,2026-08-11T20:15:59-07:00,7.0.0
genshin,원신,14417056497,이제 진짜 갓겜이다,서브컬쳐 일황,5,2026-08-11T20:15:19-07:00,7.0.0
genshin,원신,14417042744,원신사랑해여,갓겜,5,2026-08-11T20:09:52-07:00,7.0.0
genshin,원신,14416832828,에,붕스랑 번갈아 가면서 합니다. 캐릭터를 너무 잘생기고 이쁘게 뽑지마세요. 저 스크타 2시간만 있어요. 엉엉슨,5,2026-08-11T18:51:17-07:00,7.0.0
genshin,원신,14416802166,추억이되는 게임,모든면에서 최고인게임입니다.. 최근에 다시 복귀했는데 너무 좋네요 계속 쭉 할걸 ㅠ,5,2026-08-11T18:40:00-07:00,7.0.0
genshin,원신,14416742203,기꺼이 나의 지갑을 열게 만드는 게임,"원래 현질 안하고 무과금으로 즐겼지만 처음으로 나의 지갑을 열게 만든 게임 정말 그 돈이 아깝지가 않음! 물론 무뽑이 사악해서 개선이 더 필요 ㅠㅠ 스택이월 해줘! 
엔컨도 더 내주시길",5,2026-08-11T18:18:13-07:00,7.0.0
genshin,원신,14416561840,ㅇㄴ 왜케 퀄 높음,모든 스토리마다 눈물을 흘렸다…특히 푸리나 푸리나 스토리가 제일 God임 ㅠㅠ 더 눈물 나오게 스토리 만들어주세여,5,2026-08-11T17:11:22-07:00,7.0.0
genshin,원신,14416559860,원신 4년차,"너무 좋습니다 일단 로엔에게 반했구요
20스택에 별빛포착으로 준 호요 사랑해요",5,2026-08-11T17:10:39-07:00,7.0.0
genshin,원신,14416415155,원신은 돈 벌 생각이 있는거야?,"재밌긴 한데, 스토리 스킵 추가 하고, 성유물 프리셋 추가하고, 2주에 한번 씩 짬통기원 로태이션 돌려라. 복각 주기 1년 초과가 말이 되냐.",3,2026-08-11T16:14:22-07:00,7.0.0
genshin,원신,14416353648,재밌긴한데,"무과금들은 빡세긴해요
그래도 3년 째 쉬지도 않고 매일 들어가는 중 호호",4,2026-08-11T15:50:28-07:00,7.0.0
genshin,원신,14413980137,원석,전임 하나 다 밀면 원석 100개는 줘야한다고 생각합니다,5,2026-08-11T03:13:08-07:00,6.7.0
genshin,원신,14412521192,원석 조금 더 뿌려라,다른게임에 비해 뽑기 재화가 부족하고 무기 뽑기는 분리하도록 개선필요하다.,1,2026-08-10T17:28:35-07:00,6.7.0
genshin,원신,14408945228,와ㅏㅏ..!,"46GB?투자해서 깔았는데 생각보다 아이디어도 신박하고 퀼리티가 너무 좋음 심지어 배경과 뷰가.. 한강뷰보다 좋은 ㅋㅋㅋ
원석도 많이주고 과금까진 아니어도 어느정도 재미있게 할수있어서 이걸 깐지 1년반?좀 넘어가네요 ㅋㅋ
앞으로 얼마나 퀼리티가
더 올라갈진 모르겠지만 앞으로도 이 행동 끝까지 가봅시다 :>
참고로 여기다 한 7만원만 투자해서 잘 즐기고 있어요~",5,2026-08-09T19:57:23-07:00,6.7.0
genshin,원신,14406999716,몇달동안 모은 원석이 충격적이라 접음,하 미탸때문에 복귀함,5,2026-08-09T08:20:43-07:00,6.7.0
genshin,원신,14405574861,굿 ^^,아이패드로 하는데 키보드연결이 안돼서ㅠㅠ,5,2026-08-08T23:35:39-07:00,6.7.0
genshin,원신,14403843145,바멘,"바르바토스님을 믿으라.
믿음만이살길이다.
바멘",5,2026-08-08T11:45:10-07:00,6.7.0
genshin,원신,14398360922,ㅗ,시발새끼 시간만 존나 버림,5,2026-08-07T03:12:20-07:00,6.7.0
genshin,원신,14396317272,존잼,이걸 왜 이제했지!!,5,2026-08-06T13:25:33-07:00,6.7.0
genshin,원신,14395876113,저장공간,저장공간 왜이리 많이 차지하나요,2,2026-08-06T10:55:07-07:00,6.7.0
genshin,원신,14395621747,원신은 갓겜,"다른 사람들은 뭐 이동기가 갑자기 ㅈㄴ 쩔어졌다 이러는데 그런걸 떠나서 일단 캐디가 개 쩝니다 그리고 진짜 원신은 스토리의 이어지는 곡선,액션 등등 진짜 쩌는 게임입니다.. 캐릭터도 다양하고 생김새도 다 다양하기도 하여서 진짜 캐릭터 뽑는 맛도 있습니다 뽑기의 확률은 조작할수없어서 안좋은게 나올수도있지만 뽑기를 할맛이 납니다 그리고 캐릭터의 스킬 궁극기도 다 다양성있게 액션이 나와서 싸울맛도 납니다 싫어하는 사람도 있겠지만 저는 원신을 갓겜이라고 생각이 들어서 이런 리뷰를 씁니다 원신도 렉이나 버그가 생길때도 있긴있습니다 물론 저도 걸려봤어요 그치만 그런것만 제외하면 진짜 원신은 갓겜 그 자체. 입니다 캐릭터를 키울때 뉴비같은 처음하거나 복귀하시는 분들은 어려울수도있습니다 그치민 캐릭터 안키우고 그냥 맵을 둘러보며 힐링게임을 하실 분들한테도 추천합니다 원신은 맵도 무척무척무척 예쁘기 때문에 힐링하려고 하시는 분들에게도 추천합니다 물론 신맵도 뷰같은건 엄지척X100입니다 진짜 짱입니다 물론 싸우거나 때리는 맛을 보려고 하시는 분들에게도 추천드립니다 캐릭터를 키울땐 다인모드라는 것도 있어서 다른 사람들에게 도움을 받아서 캐릭터를 키우는 분들도 있어서 쉽게 키울수도 있을겁니다 어느정도 됬다 싶으면 혼자서 해도 충분히 굿굿 입니다!!",5,2026-08-06T09:35:07-07:00,6.7.0
genshin,원신,14394165623,아~~~~씨발,나선비경을 쳐 들어가는데 핑 999ㅁ찍어서 팅기네용 씨벌^^,1,2026-08-06T01:48:18-07:00,6.7.0
genshin,원신,14387180498,에휴,"ㅇㄴ 최적화, 튕김 ㅇㅈㄹ 하면서 1점 주는 새끼들 이해 ㅈㄴ 안되네 다른 오픈월드게임 다 20기가는 넘는데 원신은 출시된지 6년은 넘은 게임이니까 그만큼 맵이랑 스토리 많이 나와서 용량 크겠지 지들 폰이 구린거면서 렉 튕김 최적화 이러면서 리뷰에 1점 남기는건 뭔 심보냐ㅋㅋ",5,2026-08-04T07:59:20-07:00,6.7.0
genshin,원신,14383161154,재밌긴해요,"솔직히 이정도의 퀄리티의 게임은 .. 별로없을 거 같긴함.
이 게임 처음 나올때부터 전 개인적으로 풍경이 너무 이뻐서 시작한 게임인데 이게.. 점점 캐릭터 빨이 너무 심해지고 돈을 쓰긴쓰는데.. 생각보다 캐릭터 하나 뽑기위해 많은 돈이 들어가고..
점점 그 뽑기운도 떨어지는 걸 느끼고 무엇보다 퀘스트 스킵이 없어서 시간이 너무 많이 잡아먹음..

학생땐 그래도 남는게 시간이니 했는데 직장 들어가고 나서는 오히려 접게됐네요 ㅎㅎ.. 뭔가 한번 밀리면 안하게 되는 성격이기도 하고 엄두가 안나서 안하게 돼서 접었어요ㅜㅜ

그치만 10년뒤에 커서도 재밋게 했던 게임이라고 말할정도로 정말 재밌고 풍경너무너무 이쁨 ..
피씨로 그래픽 카드 용량 넉넉하다면 강추합니다 ㅎㅎ",5,2026-08-03T08:29:32-07:00,6.7.0
genshin,원신,14377357907,최적화좀 해라 용량이 이게뭐냐 이게,최적화해 원신 용량줄여,1,2026-08-01T22:04:44-07:00,6.7.0
genshin,원신,14370911435,좋아요,좀 어렵긴 한데 재밌어요 캐릭터도 이쁘고 때리는 맛도 있고 좋아요,5,2026-07-31T07:55:52-07:00,6.7.0
genshin,원신,14368623383,리뷰,"장점
1.스토리
스토리가 너무 어렵지 않고 재밌습니다
초반 몬드 스토리도 기대 이상으로 재밌었습니다
캐릭터 전설임무 스토리도 나쁘지 않은 편입니다
전설임무의 주인공 캐릭터를 중심으로 흘러가는 스토리의 전개가 막히지 않고 자연스럽게 흘러갑니다
2.캐릭터
캐릭터 한 명 한 명마다 개성이 뚜렷합니다
또 캐릭터의 서사도 너무 비슷비슷하지 않고 그 캐릭터만의 서사시가 있는 게 좋았습니다
3.별바다 세계
별바다 세계에서 자신이 좋아하는 장르의 미니게임을 즐길 수 있는 건 원신만의 재밌는 기능이라고 생각합니다
유저들이 직접 게임 시스템과 맵을 만드는 게 제일 별바다 세계의 장점이라고 생각합니다
4.이벤트
이벤트는 대체적으로 미니게임?이 많았습니다
가끔씩 하는 5성 캐릭터 무료 지급이 제일 좋았습니다

여기부터는 단점입니다
1.스토리 스킵 기능
월드 임무 스토리는 빨리 스킵하고 싶은데 스토리 스킵 기능은 아예 못 만드나요?
월드 임무 스토리가 그닥 중요하진 않은 것 같아서 스토리 스킵 기능이 있었으면 좋겠습니다
2.몹의 체력
필드를 돌아다니다 보면 본인의 캐릭터 전투력보다 체력이 높은 몹이 나올 때도 있는데요
그런 몹과 싸울 땐 캐릭터가 죽습니다
몹 체력은 어쩔 수 없겠죠
 
어쩌다 보니 말이 길어졌네요
이 글은 여기서 끝입니다",5,2026-07-30T18:08:35-07:00,6.7.0
genshin,원신,14365992789,복각이 너무 느림.,"좀 돈에 미친 운영이랄까? 신캐 사기로 내고, 배너 내려가면 너프하고. 신캐에 돈 써야 하는 전형적인 게임 운영법. 뭐 인기캐 묶음기원이든 배너를 3개로 늘리든 좀 개편을 해줬르면 좋겠음. 그리고 좀 쓸데없는 말인데 운을 너무 많이 탐. 뉴비 때 말 그대로 죄다 고봉픽뚫밖에 못 먹어서 재미 떨어지고 많이 안 하게 됨. 게임 자체는 되게 좋은데 아쉬움 많이.",3,2026-07-30T03:42:00-07:00,6.7.0
genshin,원신,14362888590,좋은데...,"재화가... 너무 적어요. 뒤로 갈 수록 무과금이면 그냥 캐릭터를 못 뽑습니다.
이벤트를 자주 하던가 재화를 늘리던가 해주세요...",4,2026-07-29T08:29:23-07:00,6.7.0
genshin,원신,14353651938,재밌습니다!,"원신은 진짜 캐릭터 디자인도 그렇고 
목소리도 그렇고, 모션까지 싹다 예쁘고 보기 좋게 만드는 것 같아요!! 
개인적으로는 콜롬비나,푸리나의 모션이랑 디자인이 
제일 예쁜 것  같아요!!! 
앞으로 이렇게만 
계속 나아가주셨으면 합니다!! 
그럼 이만!!!",5,2026-07-27T02:40:09-07:00,6.7.0
genshin,원신,14338880713,최고의 게임,특색있고 아름다운 맵 때문에 진짜 탐험할 때 눈이 즐거워요. 캐릭터들도 거의다 매력있게 잘뽑았어요. 스토리 완성도도 진짜 높아서 스토리충으로써 진짜 눈 돌아갔습니다. 단점은 재화를 좀 짜게 주고 픽뚫이라는 시스템이 있겠네요. 재화는 좀 더퍼줘 호요버스 ㅠㅠㅠ,5,2026-07-23T08:29:29-07:00,6.7.0
genshin,원신,14338594381,잼있다,"일단 컨텐츠가 다양해서 재미있고요
스토리도 풍부하가지고 시간 순삭되요
RPG게임류 원한다면 강추!!",5,2026-07-23T07:10:00-07:00,6.7.0
genshin,원신,14337986007,이거 원래 이렇게 오래 걸리나요,2시간동안 리소스 다운로드를 했습니다.. 겨우 끝났는데 잘은 모르지만 다른 것들 다운로드 하는 것도 지금 너무 오래 걸리고 있습니다 이 게임 너무너무 해보고 싶었는데 원래 이렇게 초반이 오래 걸리나요..? 아니면 저의 휴대폰 문제일까요..,5,2026-07-23T04:04:21-07:00,6.7.0
genshin,원신,14334099967,최고의 게임,재밌긴한데 갤럭시 때 구글 개정으로 로그인 을 했는데 아이폰으로 갈아타 개장을 연동하는데 구글 이 없어서 처음 부터 다시하지만 그래도 최고,5,2026-07-22T05:04:20-07:00,6.7.0
genshin,원신,14333899010,게임 난이도가 아쉬움,작년 반년쯤 하고 다시 복귀한 유저입니다. 다시 처음부터 하고있는데 초반 미션임에도 불구하고 난이도가 꽤 있습니다.. 그리고 기원 하기도 아이템이 잘 안 모아져서 아쉽고요ㅠㅜ 그 외에 디자인 요소나 스토리는 좋습니다,3,2026-07-22T03:55:45-07:00,6.7.0
genshin,원신,14326985849,원신의장점과단점,제가 이게임을 해보면서 장단점을 찾았습니다. 게임 화질과 이야기 등 다 재밌습니다. 그런데 제가 오랜만에 원신을 깔려는데 저장공간에 20GB 넘게 차오른거 보고 깜짝놀랐습니다. 너무 오랜만에 하는게임이라 다른앱들을 절반이상 지우고 겨우 깔았어요.. (;  저장공간 야르하네요 야르~,3,2026-07-20T09:39:22-07:00,6.7.0
genshin,원신,14322205433,서브컬쳐겜 입문용으로 추천해요,"서브컬쳐겜 뭐할까? 생각 중이라면 원신 추천해요 무과금이라도 전 만족하면서 플레이 했습니당 왠만하면 가지고 싶은 캐릭터 
다 나왔고요 캐릭터들도 예쁘고 잘생긴캐 많았어요. 지금도 계속 좋은 캐릭터들 많이 나오더라고요. (그런데 어느샌가 화면이 자주 끊겨서 할 맛이 안나더라고요…저만 계속 끊기나요ㅠㅠ 아이패드 유저입니다.)",5,2026-07-19T05:37:30-07:00,6.7.0
genshin,원신,14318650028,짧고 굵게,"4년한 현직 티바트인임, 말이 필요한가? 제2의 인생임 ㅇㅇ, 원신만의 감성을 흉내라도 낸 게임을 본적 없음",5,2026-07-18T08:00:11-07:00,6.7.0
genshin,원신,14317211244,니애미,니애미,1,2026-07-17T23:34:43-07:00,6.7.0
genshin,원신,14309908817,ㅈ,아니 배낭을 눌러도 안눌리자나 이 망겜아 중국산 게임이러 그런지 쓰레기네 ㅉ,1,2026-07-16T04:58:30-07:00,6.7.0
genshin,원신,14302667274,ㅅㅂ,좆병싴들아 데히야 좆또 필요없다고 픽뚫같은걸 왜쳐 만들고 지랄이야 씨발 원석 뒤지게 쳐 모아서 뽑음 의미가 있나 씨발 맨날 픽뚫쳐뜨는데 별빛포착도 좆또 안뜨고 본적도 없어 원신하면서 씨발들아,1,2026-07-14T09:06:52-07:00,6.7.0
genshin,원신,14298640970,로딩은 많이 걸리지만 게임성은 신,로딩하는데 12분 걸려서 좀 짜증났는데 좀 하다보니깐 화가 싹 가라앉음,5,2026-07-13T09:06:12-07:00,6.7.0
genshin,원신,14297766445,우와우 정말 갓.겜,"예. 저는 복귀유저입니다. 처음에 캐릭터가 넘 예뻐서 해봤는데 점점 뭔가 잊혀지더라구요 그래서 자연스럽게 접게 되었는데.. 다른 겜들은 정말 너무 질리더라구요. 그래서 원신을 다시 생각해봐서 돌아왔습다. 제가 처음에 완전 초반에 와서 걍 완전 신캐들이 많이 발전을 하지 않았었거덩요.. 근데 2년?쯤 후에 복귀하니까 신캐들이 날아다니더라구요.. ㄹㅇ임 잠수도 가능하고.. 걍 엄청 대단했었어요..(지금도 그럼)         

암튼 원신을 평가하자면... 진심 제목 그래도에요. 갓.겜. 캐릭터들도 예쁘고 퀄리티도 좋아용! 스토리?는 잘 모르겠는데 캐릭터는 예쁘다는 점~ 그리고!! 뽑기가 확률이 아~~주 희박하지만 한번 5성 뽑으면 그냥 기분이 째져><가 되는 거죠🎇🌠 질리지도 않는 대단한 게임입니다.. 저의 인생겜! 한번 깔아볼만 해요! 강추입니다아",4,2026-07-13T04:48:56-07:00,6.7.0
genshin,원신,14294522145,달은 말이안됨,팩트임ㅋㅋㅋㅋ 원공노는 싹다 개추다,5,2026-07-12T08:24:28-07:00,6.7.0
genshin,원신,14294005958,ㅓㅓ,이거지,5,2026-07-12T05:51:13-07:00,6.7.0
genshin,원신,14288097609,개씨발년들아스토리납치씨발련들아,맵쳐미는데스토리납치좀그만하라고난내눈앞에워프를찍고싶은데스토리로왜납치를하는데개새끼들아그리고스토리스킵만들어라애미뒤진잡담영양가없는말만존나많으면서스킵도안됨,5,2026-07-10T17:22:15-07:00,6.7.0
genshin,원신,14260798326,아니,신맵너오고 하루만에 다퍽어서 뽑기돌려도 진짜 항상 풀천 픽뜛인데 이게 맞나요 인생게임인데 계속하고싶어요,5,2026-07-03T22:34:33-07:00,6.7.0
genshin,원신,14259718500,적당히좀 하자 이제,"이번 업데이트에 분명히
스토리 넘기는거 더 빠르게 할 수
있다고 해넣고선 정작해보면
다를게 없는게 맞는거냐?
그리고 왜 무기는 두 개가 묶음뽑기로 되있는거냐 이건 니네들이 생각해도
에바라고 생각 안듬?
그리고 원석을 수급할 때가 너무 적다
캐릭터랑 그에 걸맞는 서포터들을 뽑을려면 턱없이 부족하단걸 조금만
생각해도 알텐데?
지금까지 나왔던 맵하고 스토리 등등 모든 걸 다 파먹은 유저에겐 앞으로 업데이트 될 새로운 뉴컨텐츠가 원석 수급하는 유일한 길인데
보상이 너무 적다 솔직히;
이제 오래된 게임인데 이게 맞냐고",1,2026-07-03T15:36:29-07:00,6.7.0
genshin,원신,14249754448,인생 게임,저 할머니 할아버지 될때까지 서비스 해 주세요…,5,2026-07-01T07:39:08-07:00,6.7.0
genshin,원신,14249165539,Без смысла,СПС интересно,5,2026-07-01T04:55:04-07:00,6.7.0
genshin,원신,14248955882,재화붕스처럼뿌리라고,이제다파먹어서원석얻을수잇는 수단이나선과이벤트이런것밖에없는 고인물유저도생각해주란말이야 이제캐릭터는점점많아지는데 얻을수있는원석은점점줄고,5,2026-07-01T03:47:28-07:00,6.7.0
genshin,원신,14248664083,6년한 플레이어의 의견과 소감,"6년이 됐네요 이 게임을한지 20년도에 시작해서 여러차례 리세를 감행하기도 하고 현질도 처음으로 이 게임으로
시작했어요 제가 한 게임중
제일 오래한거같아요 그만큼 6년 이라는 시간동안 별의별 메타 를 다 겪어봤어요 나선비경은 뭐 찍먹한다고 캐릭터들만 얻었지만 그래도 이 게임의 장점이라면 오픈월드 게임중에서 이만한 게임이 없을거라 생각합니다",5,2026-07-01T01:59:53-07:00,6.7.0
genshin,원신,14248615964,재밌어용,옛날캐릭터들 퀄이 좀만 더 올라갔으면 좋겠오요,5,2026-07-01T01:40:59-07:00,6.7.0
genshin,원신,14248028285,원석주세용,아니 다 좋은데 원석만 좀 많이 주면 좋을 듯..✨,5,2026-06-30T21:48:42-07:00,6.7.0
genshin,원신,14248003696,유일하게 오래 하고있는 게임,"호기심으로 시작했지만 어느새 내 일상의 일부가 되어있는 게임이다. 무과금도 부담없이 즐길 수 있다고 생각한다. 게임 내 가장 중요한 재화인 원석을 사용해 캐릭터를 뽑을 수 있는데, 인게임 내에서도 얻을 수 있는 방법이 다양하고 개인적으로 원하는 캐릭터를 위해 재화를 모으는 것이 정말 너무 재미있었다. 한달정도만 모아도 5성 캐릭터 하나는 얻을 수 있고, 운이 좋으면 한정 캐릭터도 얻을 수 있다. 재믹다.",5,2026-06-30T21:39:21-07:00,6.7.0
genshin,원신,14247656740,산드로네 비틱하게 해주세요..!,내게로와산드로네COMEHOME,5,2026-06-30T19:33:01-07:00,6.7.0
genshin,원신,14247542963,최고!!!!,유명한 이유가 있다….. 근데 스킨 좀 더 자주 내주면 좋겠음,5,2026-06-30T18:53:07-07:00,6.7.0
genshin,원신,14247130006,히히,재밋다,5,2026-06-30T16:29:33-07:00,6.7.0
genshin,원신,14247022946,저장공간을 포기해서라도 하세요 진짜 ㄹㅇ 추천함,원신 총합해서 3~4년 정도한 유저임!! 원신 진짜 ㄹㅇ 너무너무 재미있고 좋아하는게임인데 저장공간이 진짜 너무 많이차긴차요.. 그치만 진짜 게임 원신만 깔고 나머지 다 지워서라도 원신은 꼭 한번 해보세요 진짜 ㄹㅇ 짱짱 재밌습니다 진짜로 초반엔 많이들 어려워하시던데 진짜 익숙해지면 개 느좋게임임 ㅇㅇ,5,2026-06-30T15:51:09-07:00,6.7.0
genshin,원신,14244742368,원신 왜 이태까지 안했지??,당장하세여 진짜재밌슨,5,2026-06-30T04:40:15-07:00,6.6.0
genshin,원신,14220784643,결국에는 내가 아쉬워서 돌아오는 게임,"처음 시작할 때는 그냥 황홀한 게임이었고, 중간에 이러저러한 논란과 문제로 몇 달 접어도 결국 다시 생각나서 돌아오게 되는 게임입니다. 개인적으로는 이게 제가 서브컬쳐에 입문하게 되는 첫 게임.",4,2026-06-24T07:16:29-07:00,6.6.0
genshin,원신,14216545902,로엔 뽑게해주셔서 감사합니다....,로엔 반천장으로 뽑았네요...그래도 뽑은거 어딥니까...감사해요...이제 시틀라리 좀..,5,2026-06-23T05:37:41-07:00,6.6.0
genshin,원신,14205538941,원공노 때부터 초심 제대로 잃고,초창기 유저로서 실망한 부분이 많습니다.,3,2026-06-20T07:57:25-07:00,6.6.0
genshin,원신,14201159098,리뷰,1년 조금 넘게 하고 접은 원붕이 입니다 저의 개인적인 생각이 많은 리뷰니 그냥 무시하셔도 됩니다 일단 재미있습니다 매력적인 외모 서사 들이 있는 캐릭터들이 많습니다 다만 컴뷰터는 100기가가 넘는걸로 알고 핸드폰은 약 60기가가 넘는 걸로 알고 있습니다 하실분들은 용량 넉넉하게 준비해두시는게 좋을것 같습니다 그리고 원신은 스토리 게임이라서 스토리가 긴데요 저는 스토리 개인적으로 좋다고 생각합니다 다만 스킵기능이 없어 스토리를 다 보실려면 시간이 오래 걸립니다 다음으로 굳이 돈 많이 안써도 재화 열심이 모으면 원하는 캐릭터 뽑을수 있습니다 마지막으로 젤다 짭이라고 하시는분들이 많은데 이나즈마 때부터는 거의 자기 길을 찾은 느낌이였어요 그럼 좋은 하루 보내시길 바랍니다,5,2026-06-19T05:49:43-07:00,6.6.0
genshin,원신,14192510971,원공노,사랑합니다진짜,5,2026-06-17T00:40:07-07:00,6.6.0
genshin,원신,14184942825,운영개허접 날먹전문쌀숭이회사,가져와도어디푸세식에서 퍼왓나 버전당 미니이벤트 개열받는거만 들고오는것도 재능이다,1,2026-06-15T02:25:15-07:00,6.6.0
genshin,원신,14181935849,Лучшая игра,С каждым обновлением игра становится все лучше. Правда наград меньше. Но так как я не F2P игрок мне нормально,5,2026-06-14T07:23:05-07:00,6.6.0
genshin,원신,14180993802,별하나 주기도 아깝네여ㅠ 이러누,👎🏻👎🏻👎🏻👎🏻👎🏻👎🏻👎🏻👎🏻👎🏻👎🏻👎🏻👎🏻👎🏻👎🏻,1,2026-06-14T01:42:25-07:00,6.6.0
genshin,원신,14171454019,5년 플레이,"출시일부터 플레한 유저, 중간에 쉬기도 했지만 결국 다시 찾는게임. 스토리와 세계관이 너무 취향에 맞아서 좋음. 앞으로도 계속 재밌는 이야기와 컨텐츠 개발 해주세요",5,2026-06-11T14:20:15-07:00,6.6.0
genshin,원신,14169751719,.,내가 다신 원신 안 하겠다고 했는데 푸리나 때문에 다시 깔음 쌰갈 내 딸 ㅠㅠㅠ,5,2026-06-11T05:40:34-07:00,6.6.0
genshin,원신,14162419840,..,..,5,2026-06-09T07:32:21-07:00,6.6.0
genshin,원신,14161995823,픽뚫,어떻게 원신에서만 캐릭터 픽뚫이 3연속으로 날수가 있죠 이건좀 아니라고 보는데요 이러다가 10연속 픽뚫날까봐 무섭네요,3,2026-06-09T05:23:31-07:00,6.6.0
genshin,원신,14157967666,스킵좀,복귀하면 스토리필요없으니까 초반은 스킵기능좀,5,2026-06-08T04:19:22-07:00,6.6.0
genshin,원신,14153330910,my GOAT,접고 하고 접고 하고를 반복해도 결국엔 다시 할 수 밖에 없는 게임. 시간 잡고 하면 개재밌음,5,2026-06-06T22:21:41-07:00,6.6.0
genshin,원신,14150969595,헿,"게임이 자유도가 높아서 시작하자마자 맵 이곳저곳을 돌아댕기느라 뭘해야할지 뭐르겠어요. 공룡섬(?)화산까지 들어가느데, 주인공 렙이20이네여 헿",5,2026-06-06T07:47:19-07:00,6.6.0
genshin,원신,14143122876,재밌는데…,"아직 뉴비인 무과금 여행자입니다.일단 원신은 아주 재밌게 즐기고 있습니다.스토리도 재밌고,필드도 예뻐서 탐사하는 재미도 좋습니다.그런데 무과금 입장에서 캐릭터 수급이 조금 힘드네요ㅜ

결론:원석 수급량 높이고 천장 낮춰주세요",5,2026-06-04T07:24:13-07:00,6.6.0
genshin,원신,14137973791,.,3년 동안 한 게임인데 진짜 재밌게 하고 잇거든요 ㅠ 근데 스토리 건너뛰기만 만들어주시면 좋을것 같아요ㅠㅠ 너무 길어서 빨리 스토리 깨고 싶어요ㅠㅠ,5,2026-06-02T23:03:02-07:00,6.6.0
genshin,원신,14135991428,진짜 잘만든 게임이긴 한데…,한참 재미를 느낄때는 그냥 월드 탐험만 해도 재밌는데 일퀘같이 사소한거 까지도 손컨을 해야하다 보니 원태기가 약간만 오는순간 그냥 접속 자체를 안하게 되더라구요… 그러다보면 그냥 삭제하고 몇달뒤에 생각나면 복귀하고 뭔가 다른 모바일 게임에 비해 오래하기 힘든 느낌,4,2026-06-02T10:21:55-07:00,6.6.0
genshin,원신,14131136622,낭비,삶을 좀 낭비하며 살고싶다면 추천드려요 저는 낭비했는데 꽤나 재밌어서 소비로 정정하도록 할게요,4,2026-06-01T06:06:14-07:00,6.6.0
genshin,원신,14127592396,Primogems,You barely give us primos to save up characters,1,2026-05-31T08:01:33-07:00,6.6.0
genshin,원신,14119928224,도박게임,뽑기에 중독되서 힘들게 번 돈 때려박지 말고 주식을 사자. 여기 뽑기는 인생 파탄내는 뽑기야. 너네 그돈으로 1년만 주식 사봐. ETF라도 사.,1,2026-05-29T08:44:13-07:00,6.6.0
genshin,원신,14116575894,There’s no gacha game as bad as this game,Give us more primogems!,1,2026-05-28T11:17:13-07:00,6.6.0
genshin,원신,14115026073,걍 하셈,매인 스토리 제발 폰타인까지 밀어보고 더 할지말지 결정하셈,5,2026-05-28T02:59:46-07:00,6.6.0
genshin,원신,14112363298,Got seriously disappointed by Sandrone’s design,"I was really excited about Sandrone’s design and gameplay because she came to my liking in nod-krai quest. What I liked about her is her modest long dress, colour palette and her robot called Pulonia. I was thinking that Pulonia will be in the gameplay but turns out not. Hoyo removed him using some lore excuse and added new robo-waifu for fan service as it seems so✌️Just why, why does a robot-assistant need big chest? What is the lore excuse for this one? Why did you make Sandrone’s dress way shorter and chest bigger? We all know the answer - it’s fan service for middle aged perverts. Just amazing. Progress in women rights protection. Just great. The design doesn’t even fit her as a character …",1,2026-05-27T09:01:15-07:00,6.6.0
genshin,원신,14112283772,대화창 위치만 변경해 줌 좋을듯,"게임 재밌는데 모바일 버전 대화창 버튼 위치 ㅡㅡ 거슬림, 게임중에 계속 눌려서 불편합니다.",3,2026-05-27T08:36:13-07:00,6.6.0
genshin,원신,14105687883,몇몇 일퀘는 그만 좀 나왔으면,지역마다 몬드 잃어버린 열쇠 찾기 / 리월 운세 / 이나즈마 시게루 같이 x뺑이는 더럽게 치게 하면서 보상을 더 주는 것도 아니고 말은 또 더럽게 많아서 시간만 질질 끄는 일퀘들은 빈도 좀 줄여줘요. 내용이 유쾌한 것도 아니고 사이드퀘로 한 번 보면 됐지 이딴 걸 며칠에 한 번씩 보게 만듭니까. 안 한다고 까버리고 버전 내내 안 뜨게라도 좀 해줘요.,3,2026-05-25T13:28:31-07:00,6.6.0
genshin,원신,14104821251,HoyoWhatIsThis,"Pls stop making good character designs and lore garbage damn it i want my old Sandrone back and also- this game is not f2p friendly y’all, just a heads up!",1,2026-05-25T08:44:59-07:00,6.6.0
genshin,원신,14102933826,ㅉ,이딴 ㅈ망겜할바엔 명조하러감 ㅅㄱ,1,2026-05-24T20:27:16-07:00,6.6.0
genshin,원신,14101970353,재밋어요,그 뭐지 일단 뉴비이긴 한데 깔아보니깐 원신이 제 저장공간을 다 잡아먹던데 그 이유를 알겠네요..,5,2026-05-24T13:50:43-07:00,6.6.0
genshin,원신,14100660955,결국엔 이거다,"폰타인 초창기부터 플레이한 뉴비입니다. 현질도 하고 한때 엄청 즐겨했었는데 최근에 원태기가 진짜 쌔게 와서 이참에 그냥 다른 게임도 맛보자 하고 같은 호요버스 게임인 젠존제도 해보고 리버스1999, 블루아카이브, 엔드필드, 명조, 이환….오픈월드/서브컬쳐 종류 거의 모든 게임을 다 해봤습니다. 신작게임의 그래픽에 놀라기도 하고 젠존제의 최적화에도 진짜 이렇게 많이 발전했구나 싶을정도로 원신보다 뛰어난 게임들이 많았습니다. 그래도 원신은 원신이였습니다. 계속 생각나더군요ㅋㅌ 
다시 원태기가 올 수도 있지만 그래도 섭종할때까지 할 유일한 게임인듯 싶습니다.",5,2026-05-24T06:49:07-07:00,6.6.0
genshin,원신,14100158177,제발 고쳐주세요,원신 오랜만에 들어가서 하는데 스토리를 보다보면 중간에 계속 끊기고 새로 시작하니까 같은 스토리를 몇번이나 보는지 모르겠네요. 스토리가 잘 진행 되다가도 갑자기 끊기니 원인도 모르겠고 너무 답답합니다. 네트워크가 문젠가 싶어서 장소를 옮겨도 똑같아요. 계속 끊깁니다. 평소 스토리를 그대로 다 읽으려고 하는 편인데 계속 반복이 되니까 읽기고 싫어지고 그냥 게임을 끄고 싶어집니다. 제발 고처주세요.,5,2026-05-24T03:57:02-07:00,6.6.0
genshin,원신,14099420227,하지 말걸,씨1발 마약같은겜 걍 하지말걸,5,2026-05-23T22:36:30-07:00,6.6.0
genshin,원신,14097971877,ВЕРНИТЕ ДОТТОРЕ,не убивайте дотторе,1,2026-05-23T12:48:19-07:00,6.6.0
genshin,원신,14095755671,트위터 로그인,개ssi벌 트위터 로그인 한 번 할 때마다 개오래 걸리고 개빡침 좀 고쳐라 매번 권한이 필요합니다 ㅇㅈㄹ ㅉ,1,2026-05-23T00:02:07-07:00,6.6.0
genshin,원신,14092726707,전무,아니니콜전무뽑으려고무과금으로겨우겨우140개만들어서뽑았는데왜두린전무만2개나오냐고진짜뭐가문젠데나무과금이라고,1,2026-05-22T05:22:49-07:00,6.6.0
genshin,원신,14089230846,아이패드 프로 산게 아깝지 않게 느껴지는 게임,아이패드 프로로 하기 딱 좋은 게임 거의 7년째 장기 플레이하고있는 유일한 게임 이게 중국게임일줄이야.. 현질유도에만 급급한 우리나라 게임업계는 반성해야함,5,2026-05-21T06:07:41-07:00,6.6.0
genshin,원신,14088248659,.,Верните дотторе! Это ужас.,1,2026-05-20T23:06:24-07:00,6.6.0
genshin,원신,14087921791,산드로네 디자인 돌려내 씨발,제발 재투자 좀 해라 뭔 붕스 찢이랑 비교를 안할수가 없네,1,2026-05-20T20:25:22-07:00,6.6.0
genshin,원신,14085990211,돌고돌아 원신,결국 당신은 돌아오게 되어있다……….,5,2026-05-20T08:12:36-07:00,6.6.0
genshin,원신,14085191734,괜찮아,나는 괜찮아,5,2026-05-20T03:53:45-07:00,6.6.0
genshin,원신,14084844990,Das ist Super!,"The game is absolutely amazing. I’ve been playing for like 2 weeks? It’s soooo good! I got recommended this game by my friend, it was definitely worth it. It just takes a lot of space.",5,2026-05-20T01:17:49-07:00,6.6.0
genshin,원신,14084698500,편의성 고쳐주세요,"스토리 스킵 기능 추가해주세요...
아직까지도 스킵 기능이 없는게 말이 됩니까?",1,2026-05-20T00:04:12-07:00,6.6.0
genshin,원신,14084611535,재밌어요,자꾸 자꾸 돌아오는 게임,5,2026-05-19T23:20:17-07:00,6.6.0
genshin,원신,14084393071,말이안됨,그냥 개잼씀,5,2026-05-19T21:30:30-07:00,6.6.0
genshin,원신,14084303812,무뽑 개선 좀 해주세요,"원신 라이덴때부터 해오던 유저입니다 
물론 무기 뽑기가 지금은 천장치는게 2스택에서 1스택으로 줄었지만 캐릭뽑기와 달리 다음 픽업으로 넘어가면 그 확정스택이 사라지는게 좀 아니라고 봅니다 전무 지금 역픽뚫 포함해서 7연속으로 픽뚫났는데 진짜 좀 짜증나요 이건 아니지 않나요 원석을 막 많이 뿌리는 것도 아니여서 저 같은 무소과금 유저들은 진짜 꾸역꾸역 모아서 하는건데 픽뚫나고 그 다음 캐로 넘어가면 확정 스택이 초기화 되는거 보면 정 존나 떨어져요 
적어도 확정 스택은 캐릭 뽑처럼 유지 된 상태로 넘어가주면 좋겠습니다.",1,2026-05-19T20:46:39-07:00,6.6.0
genshin,원신,14083679199,하면 좋을 기준 알려줌,그냥해라 후회는 없을거다,5,2026-05-19T16:17:40-07:00,6.6.0
genshin,원신,14082705416,치치야 사랑해,"최근 들어 속상한 일, 지치는 일, 우울해지는 일들이 많았습니다. 가끔은 너무 힘들어서 다 포기해버리고 싶을 때도 있었습니다. 그래도 ‘다음 업데이트까지만 보고, 이 캐릭터만 뽑고, 스토리만 보고,’ 하면서 포기를 미루다보니 어느순간 희망도 보이고 인생이 즐거워졌습니다. 편의성 문제나 구캐릭터 인플레 같은 자잘한 문제들도 있었지만 최근에는 고치는 모습도 보이고, 유저를 위해서 상시 열심히 해주시는 여러분들, 감사합니다. 시간 개념조차 잊을 정도로 매번 새로운 기쁨을 주셔서 감사합니다. 이번 업데이트도 기다려지네요. 앞으로도 잘 부탁드립니다. (유라 복각 해주실거죠?)",5,2026-05-19T10:08:00-07:00,6.5.1
genshin,원신,14082413162,Greedy ahh game,This game is NOT friendly to f2p players and make you spend unimaginable time playing minigames and boring unskippable quests. What's the point of releasing new character if a majority of the players won't be guaranteed to get them. GIVE MORE WISHES AND FREE 5 STAR CHARACTERS I'm going to quit until they add a skip button to this god forsaken game💔✌️,1,2026-05-19T08:32:11-07:00,6.5.1
genshin,원신,14080437407,재밌었습니다,"고딩때 친구따라 한건데 재밌었습니다
지금은 안하지만 그래도 가끔 노래들을때마다 추억 돋네요 오래오래 있길",5,2026-05-18T18:40:56-07:00,6.5.1
genshin,원신,14071233570,제발,"원신을 거의 초창기부터 하고 있는 유저입니다. 원신도 해보고 명조,붕스 여러가지 많이 접해봤고요. 원신 공월의 노래로 바뀌면서 캐릭터 디자인과 스토리로 “ 이게 내가 알던 원신이 맞나? “ 라며 감탄하기도 했고요. 그만큼 원신도 노력하는 걸 알지만 고쳐줬으면 하는 부분이 있습니다. 원신에도 스토리 스킵기능이 있어주면 좋겠습니다. 원신도 이제 게임으로서 연식이 차면서 유입층들이 점점 없어질텐데. 제가 부계정을 키웠다보니  종종 스킵기능이 없어서 불편함을 더 느끼는 것 같습니다. 한번 원태기가 와서 다시 복귀를 하고 싶다고 해도 임무들 리스트만 보면 모든게 일처럼 느껴져서 미루고 싶어집니다. 원신이 호요겜중에서 가장 편의성을 덜 생각한다고 생각해요 제발 스토리 스킵기능좀 넣으세요. 진짜 원신같은 동화 감성 놓치기 싫어서 타게임에 비해 낮은 캐릭터 모델링이나 픽뚫같은거는 참을 수 있는데 스토리 스킵은 정말 진절머리 납니다. 이 의견을 보고 한번만 더 생각해주시면 좋겠네요",5,2026-05-16T07:45:28-07:00,6.5.1
genshin,원신,14056209227,60뽑 미침?,한 버전에 2개 신캐 내면서 수급 가능 원석이 60뽑 밖에 안되는게 말이 된다고 생갇함?,1,2026-05-12T06:20:52-07:00,6.5.1
genshin,원신,14055935269,I Don’t recommend playing this game,Keeps giving us less primogems every update,1,2026-05-12T04:49:45-07:00,6.5.1
genshin,원신,14052232279,조아요,근데 ㅈㅂ 복각 빨리..!!!ㅠㅠㅠㅠㅠㅠ 묶음기원에라도 넣어주세요!!!!! 너무느려요!!!! 재작년에 마지막으로 복각했었는데~~ㅠㅠㅠ,5,2026-05-11T04:18:02-07:00,6.5.1
genshin,원신,14049517567,좀 많이 아쉬운 게임,"운영 조금만 잘했더라면 웬만한 타 게임들 압도할 수 있는 게임, 옛날 방식을 고집해서 타 게임과 다르게 점점 퇴화하는 게임, 압도적인 인지도로 그정도 밖에 운영을 못 한 게 아쉬운 게임.",2,2026-05-10T09:10:32-07:00,6.5.1
genshin,원신,14049123226,호요 개혜자 게임도 많은데 굳이 원신 하지 마삼,이번에 신캐가 두명이나 나오는데 뭐 계산해보니 무과금플들은 뒤얽인연 60개 준다네? 미친거 아냐 붕괴스타레일이 있는데 이런 개에바게임 누가 해요 스토리 스킵버튼도 안주고 뭐하는 짓인지 진짜 궁금하다 호요 다른 게임은 다 주는데 왜 원신만 이 쓰래기게임이 되었는지 진짜 궁금하다,1,2026-05-10T07:14:17-07:00,6.5.1
genshin,원신,14048353881,옛날엔 좋앗으나 지금은 별로임,"얘도 요즘 모바일겜이랑 비교햇을때 비쌈 전무 픽뚫없는 게임이나 복각은 확정인 게임도 많은데 아까움
캐릭터 하나 쓰려면 전용서포터 뽑도록 강제하는게 너무 심해짐 못생겨도 뽑아야되는게 거지같음
모델링도 옛날엔 괜찮앗지만 지금은 타게임과 비교하면 그닥",1,2026-05-10T02:43:56-07:00,6.5.1
genshin,원신,14048218326,원신의 가장 큰 문제점,"4년넘게 하고 있는 83학번 유저입니다. 게임을 플레이하다보면 느끼는게 점점 운영이 거지같아지고 있다는 점입니다. 첫번째로 원석 수급처가 매우 적습니다. 맵 탐사와 월드퀘스트를 끝내면 원석을 얻을 수 있는곳이 이벤트나 엔드컨텐츠뿐인데 이벤트에서 얻을 수 있는 원석은 굉장히 적은데 그렇다고 이벤트가 자주 열리는건 아닙니다. 엔드컨텐츠는 캐릭터가 별로 없거나 약한 뉴비같은 경우에는 제대로 깰 수 없을뿐더러 저처럼 뉴비가 아니더라도 캐릭터 돌파를 많이 할 수없는 무•소과금 유저들 입장에서는 그림의 떡일뿐입니다. 저는 지금까지 원신에 n십만원 이상 써왔지만 그럼에도 불구하고 갈수록 현질 없이는 게임을 제대로 즐기는데 어려움이 있다고 느끼고 있습니다. 또한 심지어 이 엔드컨텐츠도 초기화되는 쿨타임이 굉장히 깁니다. 이 뿐만이 아닙니다. 월드퀘스트나 탐사를 제외하면 진득하게 할만한 컨텐츠가 부족합니다. 별바다세계라는 새로운 컨텐츠를 내놓은 것은 좋지만 여기서도 가챠를 돌리라니요ㅋㅋ 심지어 현질을 하라고요? 네 잘도 하겠네요 원신은 돈 벌생각에 눈이 멀었나요? 두번째로 몇년전부터 유저들이 주장하던 컨텐츠 부족 문제 뿐만 아니라 원석 제공량에 대해서도 문제가 있다고 생각합니다. 신맵이 나와서 탐사도를 100%까지 올리고 월드퀘스트도 전부 끝냈음에도 불구하고 원석 수급량이 10연도 돌릴 수 없다는 점이 매우 놀랍습니다. 당장 동생겜만 보더라도 매 버전마다 n십연씩 돌릴 수 있는 재화를 무려 접속만 해도 받을 수 있게 됩니다. 물론 동생겜이 인플레가 더 심하다는 상황은 감안해야 하지만 원신도 인플레가 없다고 단언할 순없습니다. 접대 캐릭터가 아니면 깰 수 없게 만들어놓은 엔드컨텐츠, 갈수록 거지같아지는 접대 몹들 등… 하지만 이번 6.6 업데이트에서 주는 원석량이 충분하다고 생각하시나요? 물론 원신에서 엔드컨텐츠나 기원은 필수가 아니라 선택입니다. 하지만 서브컬쳐 게임이란 결국 캐릭터 팔이 장사 아닌가요? 이런식의 운영은 오래 플레이한 유저들까지 떠날 수 있다는걸 잊지 말아주세요. 다른 서브컬쳐 게임들의 등장과 부상으로 원신의 입지가 예전같지 않지만 그럼에도 아직 많은 사람들니 원신을 플레이하는건 그동안 쌓아온 정과 좋아하는 캐릭터들이 있기 때문입니다. 그런데 그런 유저들을 내치는 꼴이라니 이게 말이 됩니까? 제발 정신을 차려주세요. 저는 원신이 오래 갔으면 좋겠습니다.",1,2026-05-10T01:46:21-07:00,6.5.1
genshin,원신,14048179379,z,별바다 씹창났는데 왜 추가함? 이번 옷도 존나 구리고 초반 말고 하는사람 ㅈ도 없는 굳이 싶다,1,2026-05-10T01:29:49-07:00,6.5.1
genshin,원신,14047854532,질려도 다시 복귀하게 되는게임,스토리 다 한 유저로써 할게 없다가도 접으면 항상 아쉽고 어떻게든 돌아오게 됨 ㅜㅜ 그냥 이젠 일상이 된거같아요 다른 게임보다 오픈월드가 강점이라 그거 좋아하는 사람은 벗어날 수 없음 제발 섭종만 안하길,5,2026-05-09T23:05:58-07:00,6.5.1
genshin,원신,14047142140,말해뭐합니까?,"gta급 오픈월드를 폰에서한다고?
이건 혁명이지뭐..ㅋ",5,2026-05-09T17:59:49-07:00,6.5.1
genshin,원신,14046812344,ㅗㅗ,그래 돈많이벌어처먹고 부자돼라,1,2026-05-09T15:42:07-07:00,6.5.1
genshin,원신,14045028118,Suck for reward,"게임오래붙잡고 있어봤자 
한달에 60뽑 모이는걸로 캐릭 0.3정도 못뽑는 망겜가는 핵과금게임 개비추",1,2026-05-09T05:39:32-07:00,6.5.1
genshin,원신,14044946309,Game state is a mess,"Ever since miliastra wonderland dropped, it seems like their budget has shifted towards developing it and not their main game. Powercreep, lack of pulls, lack of unique character designs, minimal openworld exploration, and boring story is an ongoing problem in this game and I quit bc of it.",1,2026-05-09T05:12:06-07:00,6.5.1
genshin,원신,14044217326,LISTEN TO YOUR PLAYERS AND INVEST INTO THE GAME!,LISTEN TO YOUR PLAYERS AND INVEST INTO THE GAME!,1,2026-05-09T00:02:32-07:00,6.5.1
genshin,원신,14023114153,내 인생 게임!,"679일 동안 원신을 한 사람입니다. 스토리, 캐릭터, 배경 음악 등 너무 만족 중 이에요! 그런데 스토리 스킵하는 게 없어서 불편하고 무기 해체 기능도 없어서 힘든 것 같아요…",4,2026-05-03T02:23:22-07:00,6.5.1
genshin,원신,14020349858,헤헤,"잼밌ㅈ
당",5,2026-05-02T07:48:45-07:00,6.5.1
genshin,원신,14016378415,재미ㅆ어요,좋아용,5,2026-05-01T06:16:59-07:00,6.5.1
genshin,원신,14004565145,싀바루같음ㅗ,싀바루 확률형 게임인거 알지만 진짜 아이템이든 캐릭터든 줫같이 나올 때마다 정뚝떨임 ㅗ,1,2026-04-27T20:46:49-07:00,6.5.1
genshin,원신,13997712312,나에겐 갓겜,다른 호요겜 못하겠음,5,2026-04-25T21:13:59-07:00,6.5.1
genshin,원신,13997591370,내 인생 게임,내 인생에서 가장 사랑하고 오래한 게임,5,2026-04-25T20:17:00-07:00,6.5.1
genshin,원신,13995503513,모바일 최고의 게임,걍 스토리 연출 캐릭터 그래픽 재미 다 미쳤음,5,2026-04-25T06:53:31-07:00,6.5.1
genshin,원신,13994926935,4년 넘게 해온 게임,"옛날에 엄청난 자유도와 캐릭터, 그런게 너무 좋아서 진짜 오래 했어용 이제 스네즈나야 나온다니….!!! 너무 기대되고 진짜로 원신 스네즈나야 ㄹㅈㄷ 에요 지금이 원신 시작하실 타이밍 ㅇㅇㅇㅇ",5,2026-04-25T03:23:09-07:00,6.5.1
genshin,원신,13994178334,내 열여덟의 청춘을 바친 게임,처음 게임 출시했을땐 내가 초딩이였었음. 내 친구의 오빠 권유로 시작했는데 그때의 나는 스토리도 어려웠고 컨트롤에 미숙해 게임을 지웠음. 중학교 올라가고 우연히 유튜브로 수메르 출시 광고를 보게됐는데 맵이 예쁘길래 다시 시작함. 처음엔 마찬가지로 스토리나 조작도 어려워서 대충대충 했었음. 근데 어느순간부터 더 강해지고 싶고 더 몰입하고 싶고 다른사람과 함께하고 싶다는 생각이 들어 캐릭터 세팅하는 방법도 찾아보고 주변에 해보라고 권유했음. 그 어느순간이 지금 1330일이나 됐네용. 원신 때문에 해외출국도 하면서 중국 콜라보 굿즈 직접 사러 다녓어요ㅎㅎ 아무리 폐사버전과 원태기와 병크 터져도 매몰비용 때문인지 돌고돌아 다시 원신합니다. 지금은 18살인데 어른 될때까지 계속 하고 싶네용~~. 감히 내 인생 최고의 게임을 꼽으라면 원신인듯 원신아 앞으로도 병크터지지말고 행복하쟈~~~~,5,2026-04-24T21:28:40-07:00,6.5.1
genshin,원신,13994126840,이 앱 꼭 다운받으세요,"솔직히 몇 번씩 지웠다가 깔았어요. 근데 인정할 수 밖에 없는 스토리, 애니가 넘 고퀄입니다ㅜㅜ 서브 월퀘는 소소한 재미까지 줘서 안사랑할 수가 없네요",5,2026-04-24T21:03:28-07:00,6.5.1
genshin,원신,13987095812,이개똥망겜,돈 벌 생각이 아직도 없으신가? 돈 벌고 싶으면 옆집 명조처럼 맥에서도 플레이 할 수 있게 만들어라,2,2026-04-22T19:07:21-07:00,6.5.1
genshin,원신,13974112562,진짜 ㄹㅇ 개꿀잼 게임임,"몇달 하다보니 느낀건데,캐릭들도 너무 예쁘고 튜토리얼은 쉬운데 템도 많이 주고 했던걸로 기억해서 강추입니다",5,2026-04-19T02:38:27-07:00,6.5.1
genshin,원신,13973933609,Круто,Люблю капитано,5,2026-04-19T01:18:54-07:00,6.5.1
genshin,원신,13972156753,너무재밌게하고있어요,근데 퀘스트 중 시간과 바람 퀘스트 미션이 생기기전에 제가 이미 무인도에가서 광풍의핵을 제거해버려서 퀘스트 완료가 안되고 수정도 보상을 못받고있는데 어떻게 방법이없을까요? ㅠㅠ,5,2026-04-18T12:25:45-07:00,6.5.1
genshin,원신,13971159575,ㅅㅂ 다이루크,와 픽둘 뜨면 다이루크 맨날 공봉밥 이 조망겜 나가 뒤져라,1,2026-04-18T07:04:52-07:00,6.5.1
genshin,원신,13971107398,환상극,시발 환상극 난이도 조정해라 나처럼 무과금 유저는 환상극의 난이도를 깰수가 없어 체력도 높고 체험카도 존나 약하고 개다가 요즘엔 원소 반응 좆 같은것만 딜링이 안되는 것만 모아서 쳐내는건 뭔대? 도토레 10마리를 동시에 상대는게 이것보단 쉬울거 같다 이 개새끼야,1,2026-04-18T06:49:12-07:00,6.5.1
genshin,원신,13962012072,Bad rewards,"No skip button, 60pulls for free to play. Doesn’t listen to criticism from players. Ignorant. Weird voice lines for children charcter s",1,2026-04-15T16:03:41-07:00,6.5.1
genshin,원신,13945020173,재미잇듬,조금 어렵긴한데 재미잇어요😵‍💫❤️,4,2026-04-10T20:15:06-07:00,6.5.0
genshin,원신,13944844478,솔직히,엄…게임같은것도 잘질리고 캐릭터 뽑는 맛으로하는 나한텐 이런 픽뚫이나 재화가 잘 안모이는 게임은 꽤 고역이였음 그래도 탐사가 자유기도하고 여러기믹들푸는것도 재미있고 육성재료모으는게 좀 빡세긴한데 이건 친구들이 도와줘서 가능하거나 원쌤들이 많이 계시죠 이제곧 55랩을 앞두고있는데 진짜 추천합니다 재미있고 이런게임 다신없다 미루지말고 빨리 깔아서 해야함 진짜 아 근데 이벤트로는 원석 좀 많이 주면좋겠음 붕스는 많이주는데 내가 젠존제랑 붕스 원신 다해서그런가 좀 재화가 아쉽다느끼는게 문제….,5,2026-04-10T18:59:54-07:00,6.5.0
genshin,원신,13940761517,이거 오류난 건가요,"원신 정말정말 재밌게 플레이하고 있는데요… 최근에 한 업데이트 이후로 이어폰을 연결하지 않으면 소리가 나질 않아요ㅠㅠ 이어폰 연결하고 플레이하면 되긴 하는데, 그래도 여러모로 불편한 점이 있다보니.. 해결해 주실 수 있으시다면 감사하겠습니다..",5,2026-04-09T15:09:19-07:00,6.5.0
genshin,원신,13939431641,원신을 정말 좋아하는 학생 유저로써,다 좋은데 재화수급이 너무 어려워요진짜.. 임무도 너무 긴데 바치는 시간에 비해 보상은 현저히 적습니다. 중간고사가 코앞인 저에겐…🥲 캐릭터 키우기도 너무 힘들고 스타레일처럼 예비레진같은게 없어서 육성을 한번에 많이 할수 있는것고 아닌데 요구하는 재료는ㅈㄴ많고… 근데 한 시간에 캐릭터에 대한 정… 그게 자꾸 절 이게임으로 불러오네요… 복귀유저만 4번째 된 사람입니다. 접으려 해도 이 게임과 함께한 추억때문에 떠나질 못하겠어요… 제가 사랑하는 원신이 좀더 나은 게임이 되었으면 좋겠습니다.,4,2026-04-09T07:14:36-07:00,6.5.0
genshin,원신,13935614665,맛은 보세요,"원태기가 지금도 와있는 유저입니다
그래도 원신을 재밌게 하던 기억이있어서 접었다 복귀를 자주하곤 합니다 운이 원신에서 유독 안좋아서 16반천13픽뚫이라는 기록때문에 기분이 많이 안좋아지기도 했지만 결국 다시 하게되더라구요 지금도 원태기라 별로 안하고 있기는하지만 아마 다음에 원하는캐릭이나 스토리나오면 복귀하지 않을까요 ㅋㅋ",5,2026-04-08T05:54:01-07:00,6.5.0
genshin,원신,13935552056,돌고돌아 다시 원신,"4년정도 된 유저임. 중간에 권태기 와서 다른 게임 하고 그러지만 결국 다시 돌아오게 됨ㅋㅋ 접었다 복귀했다 무한반복ㅋㅋ
이렇게 되는 것 마저 결국 게임이 재미가 있기에 가능한거라고 생각됨 뭣보다 과금 없이 즐길 수 있음. 환상극이나 지맥제압은 좀 어렵긴 하지만 원신은 그것말고도 즐길게 많으니 매우 만족",5,2026-04-08T05:33:07-07:00,6.5.0
genshin,원신,13935335090,내 인생 겜,으하앙ㄱ갛핳ㅎ하 원신 후유증에 걸려버렸어요 ㅠㅠㅠㅠ 피라미드 보면 수메르가 떠오르고 달을 보면 콜롬비나가 떠올라여ㅠㅠㅠ,5,2026-04-08T04:14:34-07:00,6.5.0
genshin,원신,13935090491,리뷰,"원신이 베꼈다고한 타게임을 해본 유저로서 표절얘기가 오가는 건 어쩔 수 없다고 생각함. 그러나 게임의 완성도를 생각해 보았을 때 겹치는 부분이 많은 건 조금 아쉬운 부분도 있으나 원신에서만 즐길 수 있는 이미지나 장점도 충분히 있다고 봄. 원신만의 캐릭터나 시스템, 스토리를 생각 해 보았을 땐 다른 게임인 것이 구분이 감. 그러나 타 게임과 겹치는 부분이 많음. 모션이나 장소, 또는 무기명이나 오프닝 그리고 트레일러가 표절이 아니라고 보기엔 너무 의도적으로 만든 것 같아 그 부분이 조금 아쉬움. 그 게임이 없었으면 초반 부분은 아예 못 만들었겠다고 생각 할 정도로. 그리고, 무엇보다 명색이 가챠가 90퍼센트이기 때문에 확률이나 재화를 조금 더 퍼주어도 될 것 같다고 생각하나, 그냥 매운 확률만 봤을 땐 현질유도 식상한 가챠겜으로밖에 안 보임. 그래도 열심히 플레이 하겠습니다.",3,2026-04-08T02:28:19-07:00,6.5.0
genshin,원신,13935070130,매일 찾게 되는 게임,"원신을 3년 이상 했던 유저인데요 
원신을 하면서 시간을 보내던게 정말로 즐거웠습니다 이제 벌써 원신 6.n버전을 지나가고 있습니다 
오늘 업데이트 되는 신규 지역은 뭔가 셀레스티아를 연상하게 만드는 느낌을 많이 주고 있습니다 
매일 새로운 지역과 캐릭터를 많이 내주세요 감사합니다",5,2026-04-08T02:18:39-07:00,6.5.0
genshin,원신,13935011865,완벽한 게임,"군생활을 책임져준 환상의
게임",5,2026-04-08T01:50:02-07:00,6.5.0
genshin,원신,13934937288,벤티가 최애인데 아 아니 종려? 나누크? 비소? 못고르겠다그냥다나에게로,"너무좋아너무좋아너무좋아너무좋아너무좋아
근데 원석 너무 찔끔 줘요… 무과금러는 플레이 힘듬",5,2026-04-08T01:12:42-07:00,6.5.0
genshin,원신,13934807610,재밌어요,다 좋은데.. 재화 모으기가 너무 빡세고 여캐만 점점 많아 지네요 그리고 딜러가 나오면 알맞은 서포터를 내주는 식으로 세트로 자꾸 출시를 하는데 ㅇ..왜 그러세요? 진짜 현질유도하는거 같음,4,2026-04-08T00:06:31-07:00,6.5.0
genshin,원신,13934567290,업대이트 지속력,개임이 좋긴 한데 지속력과 업데이트가 느려요 조금아쉬 워요,3,2026-04-07T22:04:12-07:00,6.5.0
genshin,원신,13934304540,돈쓰기 싫으면 안하는게 좋은 게임,"왜냐면 꼽기 때문입니다,,",1,2026-04-07T19:57:58-07:00,6.5.0
genshin,원신,13934139367,노드크라이 삼다살,"스토리 재밌고 신캐들 다 너무 예쁘고 잘생기고 매력적이네요ㅠㅠ 다 뽑고 싶음
달감전 메커니즘 접대 + 몹 피통 늘어남 + 공격 ㅈㄴ 쎈 건 좀 엿같긴 하지만 어차피 전 전투가 중요한 플레이어는 아니라 만족 중입니다 앞으로도 이렇게만 쭉 해주세용
그리고 필드에 나침반 업뎃 해주면서 탐사도 채우는 재미를 첨 깨달았는데 진짜 이게 원신의 진정한 재미구나 싶네요. 월령 너무 귀엽고, 힐링돼요.",5,2026-04-07T18:44:02-07:00,6.5.0
genshin,원신,13925187862,걍 이거 보면 까세요,접으려고 하면 자꾸 생각나서 미칠거같아요 캐릭터 하나하나가 다 너무 이쁘고 멋져요 그리고 스토리가 개미춌어요 그리고 미션하다보면 너무 슬퍼요 그리고 캐릭터가 너무 이뻐서 자꾸 텅장 되는데 그만큼의 가치가 있는거 같아요,5,2026-04-05T06:34:35-07:00,6.4.0
genshin,원신,13917266807,.,это пмздец,1,2026-04-03T02:53:48-07:00,6.4.0
genshin,원신,13886828549,이거 버그에요?,로그인할때 드래그 퍼즐 그거 맞쳤는데 틀렸다고 다시하래요 그거 땜에 로그인을 못하고 있어요,5,2026-03-25T14:50:20-07:00,6.4.0
genshin,원신,13885845530,ㅠㅠㅠㅠ,재화를 너무 적게 줘요…이벤트도 마찬가지….,4,2026-03-25T08:49:01-07:00,6.4.0
genshin,원신,13883794299,미소녀 덕질겜인줄알고 안하다가 해봄,"ㄹㅇ 개쩌는 맵활용도와 방대한 월드 크기가 압도적임 숨겨진 맵들까지 탐험하면 크.. 하루에 게임 10시간이상돌리는데도 끝이없음 ..
bgm도 미쳤고 스토리도 미침",5,2026-03-24T18:03:17-07:00,6.4.0
genshin,원신,13877821339,미친 게임,"단점?그게 뭐죠?
캐릭터?존잘에 존예들만 있고여 스토리 존잼이구여!그리고!제가 갠적으로 제일제일 좋아하는 부분이~풍경!캬~걍 미쳤어요 산 위에 올라가서 노을지는 산들 보면 하..이 맛ㅅ에 살죠 속도 뻥 뚫리고 렉같은거 안 걸리고 튕김도 없음요ㅛ 하다보면 오기 생겨서 적들 걍 싹~다 몰살시켜버리고 싶고 그래요(?) 한마디:퀄 개쩌는 게임
꼭 해보세요!❤️❤️",5,2026-03-23T01:26:02-07:00,6.4.0
genshin,원신,13871190112,원신,오타쿠 되고싶으면 하세요,1,2026-03-21T04:36:00-07:00,6.4.0
genshin,원신,13869287219,명조 하위호환 게임,"스토리 스킵 안되고, 비경은 요일마다 입장제한 걸려있고, 체력충전시간 8분이나 되면서 최대치는 200밖에 안되고, 경험치책이랑 모라는 수시로 바닥나고, 일일의뢰 보상은 꼬박꼬박 캐서린한테 가야되고, 합성기능도 합성대로 안가면 이용할 수 없고. 이런 별 시덥잖은 통제는 전부 명조에는 없음. 게임사와 유저는 상하관계가 아니다.",1,2026-03-20T14:18:53-07:00,6.4.0
genshin,원신,13865554544,최애 게임,다른말 필요없고 평생 할 거임,5,2026-03-19T12:32:05-07:00,6.4.0
genshin,원신,13864639154,좋은 게임,원신 다 좋은데 월드 임무 때문에 전설 임무 나 마신 임무 못하는게 너무 빡침 월드 임무 쓸데없이 길어서 한참 해야함 퍼즐 같은거 나오면 또 그거때문에 또 한참 걸림 마신 임무는 하고싶은데 월드 임무 때문에 아지도 마신 임무 못 끝냈음 그냥 월드 임무 무시하고 마신 임무 할수 있는 기능 추가해 줬으면 하는 마음니 있음,5,2026-03-19T07:09:01-07:00,6.4.0
genshin,원신,13851233697,돈 먹는 하마,현질 않하면은 게임 진행이 안되는 게임,1,2026-03-15T08:59:41-07:00,6.4.0
genshin,원신,13849002357,하루종일원신만함,개재밌네진짜,5,2026-03-14T17:33:12-07:00,6.4.0
genshin,원신,13845646083,재밌네염,빠리 다른 버전 나왔으면 좋겠어용,5,2026-03-13T19:09:27-07:00,6.4.0
genshin,원신,13839882943,존잼,"재밌어요 자유도도 높고 콘텐츠들도 다양합니다.

다만 나타, 노드크라이에선 무조건 신캐가 있어야만 할수있는 컨텐츠들이 늘어나서 아쉽습니다. 달에 몇만원정도 쓰는 소과금러에겐 힘드네요.",4,2026-03-12T04:20:47-07:00,6.4.0
genshin,원신,13831362094,ㅋㄷ,대충해도잼,5,2026-03-09T13:52:37-07:00,6.4.0
genshin,원신,13830628830,카피타노플블기원,제발제발제발제발카피티노플블해주세요 카피타노 플블 내주시면 제가 돈모아서 지금 무과금으로 겜중인데 현질겁나 할게요 현질해서 풀돌 풀재 할게요 제발 저희 카피타노플블 내주세요 제발 제발 제발 제발제발요 부탁드려요 빌게요 지금까지 ㄹㅈㄷ 갓셈이였잖아요 갓겜이면 카피타노 내야지 감다살이라고 생각해요 제발 카피타노 플블 출시 해주세요,5,2026-03-09T09:12:36-07:00,6.4.0
genshin,원신,13826395497,개지리는 겜..,"원신한지 곧 1년차 되는 뉴비인데여…
아니 너무 재밌어서 세달만에 마신임무 다깨구 월드임무하는중입니당…
가끔 원태기가 오지만!! 손이 가네요…하하핳 
캐릭들이 요새 너무 잘생겨서 한번 깔아본건데 어느새 이렇게 됐네요
뽑기하는게 개빡센거 빼면 다 좋습니당ㅇ
다들 비틱하시구 ㅎㅇㅌ",5,2026-03-08T04:04:56-07:00,6.4.0
genshin,원신,13824822418,스토리 스킵.,"게임은 재밌는데, 스토리가 개 씹 노잼이라 하차합니다. 스토리 스킵 왜 안 되나요? 애초에 스토리가 재미없는데 계속 보라 만든건 무슨 심보인건지… 그냥 안 하고 말겠습니다. 시간 아까워서. 빠르고 자극적인거 좋아하는 한국인한테 엄청 루즈한 스토리 들이밀면 계속 할 줄 알았나요?",1,2026-03-07T15:26:34-07:00,6.4.0
genshin,원신,13815480950,업데이트 버그,업데이트가 완료된 상태에서 신규 리소스를 다운로드 받고 접속해도 재실행하라는 문자만 띄우며 강제종료됩니다. 조치 바랍니다.,1,2026-03-05T00:12:02-07:00,6.4.0
genshin,원신,13809969325,용량부족으로 삭제합니다,"별바다세계인지뭔지 하지도않는데 용량만 차지해서 결국 업데이트안되네요 이게맞는지;;
거기엔 이쁜스킨 뚝딱잘도 내 주면서 왜…하
여러모로 현타와서 접습니다",1,2026-03-03T08:54:27-07:00,6.4.0
genshin,원신,13800984988,4년 넘게 한 게임!,폰타인 복귀 유저인데 원신은 제가 제일 힘든 시기에 시작한 게임이라 그런지 더욱 애정이 가더라고요 그냥 접속해 있어도 아무것도 안해도 힐링이 되는 느낌.. 그럼 원석은 안모이지만..,5,2026-02-28T20:21:05-07:00,6.4.0
genshin,원신,13798334859,삭제하고 나서 계속 생각나는 겜,원신 삭제하고 나서 계속 생각남 그리고 걍 재미있음,5,2026-02-28T04:26:14-07:00,6.4.0
genshin,원신,13795663218,이거 재밌으니 꼭 하세요.,"저한테는 인생갓겜임 이게임안했으면 그냥 원신은 지나가는 오타쿠게임이라고 생각이들었을꺼에요. 호요버스 직원분들 고생많으십니다.. 붕스때 중간칸 덜컹 거리고 원신도 한번 달리는게 끊길뻔했지만 일단 다른게임을 약간 (1/10)채우고 그냥 그위에 캐릭터, 고유맵, 그냥 (9/10)일단 자신의 게임성을 찾았어요! 그리고 노잼이다, 픽뚫존나 많다 이런거있던데 그건 님들 운이에요ㅋㅋ 아니 뽑기가있는데.. 뭐 픽뚫안나고 그런거에요? 10뽑에 5성 뽑아요? 옆집 명조도 뽑기 천장있는데 당연한거에요, 그리고 노잼이라고하는분들은 제대로 플레이 안한거에요! 노드크라이,폰타인,나타,이벤트 할껄 엄청많아요 ㅎㅎ.. 이벤트가 많은데 안하니까 그렇겠죠? 그리고 “아 나는 퍼주는때에 들어가고싶다~” 이런분들은 해등절(한국으로  치면 새해)에 들어오면 퍼주는 편이에요, 물론 해등절전에 들어오면 버전 보상까지 야무지게 챙기고 시작할수있어요! 뭐 무슨 픽뚫 때문에 망겜 이러는데 70뽑에 픽뚫이면 나쁘지 않은거에요. 90뽑에 고봉밥이 더심한데 70뽑 한번에 픽뚫났다고 “망겜! 우이이익!!! 악평달꺼당!!” 이러는데 그럴꺼면 님들도 좀 고봉밥 먹어라 고봉밥당하는 우리 입장은 생각안해요? 현질했는데 고봉밥당하고 그럼 기분 나쁘잖아요, 그리고 요즘버전은 재미없다 이런리뷰들도 있는데.. 아니 스토리를 이해하세요.. 근본얘들 복각퍼주고 그냥 다퍼주고 버전마다 이벤트, 좋은거, 다받으면서 “부족한데?” 이러면 뭐 직원분들이랑 류웨이가 16000원석은 퍼줘야하나요? 이미 버전 업뎃마다 600원석 주고 버전 이벤트로 얻고 지맥 돌고 일일퀘하고 그러다보면 이미 1600원석은 있을텐데 부족하면 안 탐사한 구역에서 그냥..도세요 현질유도? ㄴㄴ 무과금도 명전 가능하고 전무 픽뚫났을때 내가 탐사 겁나해서 원석얻고 그러고 나서 뽑았어요.. 그리고 콜롬비나 다음에 자백 나온거를 질렀는데 아직도 구역추가에 탐사하고 그러면 부자가 또 됩니다.. 어우.. 긴글 읽어주셔서 감사하고 다읽으신 분들 복 매우받아서 픽업캐릭터 60뽑이나 55뽑쯔음에 뽑을겁니다!

추천: 젠존제는 스토리 분량이 2시간인데 엄청 길게 느껴지고 붕스는 3.7,3.8이 망했지만4.0은 꼭해야합니다.",5,2026-02-27T10:03:02-07:00,6.4.0
genshin,원신,13789969950,진짜 기가 없어서 못했는데 지금 해보네요 재밌어요,하고 싶었는데 기가가 부족해서 못하다가 폰 바꾸고 해봤는데 재밌어요!!,5,2026-02-25T20:16:38-07:00,6.4.0
genshin,원신,13787847285,게속 돌아오게 되는 게임,몇년 전에 처음 해봣다가 다시 몇년 후에 돌아오고 또 다시 왔어요 ㅋㅋㅋ 너무 재밌어서 한 번 하면 서너시간은 하게 되는 것 같더라구요… 오랜만에 하니 더 재밌어요 ㅋㅋㅋㅋ 저장공간이 부족해서 사진 정리도 했다가 앱도 지웟다가 해서 결국 깔앗어요 저장공간 차지가 심하긴 하지만 이정도 그래픽이면 이해하져,4,2026-02-25T07:05:10-07:00,6.4.0
genshin,원신,13787667035,제발 스킵,제발 스킵 제발 스킵 제발 스킵 제발 스킵 제발 스킵 제발 스킵 제발 스킵 제발 스킵 제발 스킵 제발 스킵 제발 스킵 제발 스킵 제발 스킵 제발 스킵 제발 스킵 제발 스킵 제발 스킵 제발 스킵 제발 스킵 제발 스킵 제발 스킵 제발 스킵 제발 스킵 제발 스킵 제발 스킵 제발 스킵 제발 스킵 제발 스킵 제발 스킵 제발 스킵 제발 스킵 제발 스킵 제발 스킵 제발 스킵 제발 스킵 제발 스킵 제발 스킵 제발 스킵 제발 스킵 제발 스킵,5,2026-02-25T06:09:45-07:00,6.4.0
genshin,원신,13787544366,요즘감다뒤,원띤•니똥꼬의노래,1,2026-02-25T05:32:10-07:00,6.4.0
genshin,원신,13787299765,푸리나때문에해봄,원신뉴비인데요 몇년전에 하다가 어려워서 접었었는데 다시 해보니까 생각보다 너무 재밋고 캐릭터들도 이쁘고귀엽고잘생김 이제 원신말고 다른겜은 못하겠어요흑흑,5,2026-02-25T04:14:37-07:00,6.4.0
genshin,원신,13786669132,"이게 pc위주로 갈건가, 용량 최적화가 절실하다","오픈월드라해도 정도껏이지 매번 업데이트때마다 리소스때문에 용량이 과부화됨. 정도껏해야지 125gb기기에 게임이라곤 이것뿐인데,,,",1,2026-02-24T23:45:24-07:00,6.4.0
genshin,원신,13786530697,오래오래서비스해주세요..!,"모바일 게임을 몇년째 하고 있는거야....처음입니다..
오래오래 서비스해주세요.",5,2026-02-24T22:35:43-07:00,6.4.0
genshin,원신,13786520412,디테일이 엄청 좋은 게임 !!,"스토리 너무 재밌고, 캐릭터들도 너무 예쁘고, 디테일들도 다 너무 완벽하게 좋은데요, 마물과 싸울 때 지정된 장소보다 아주 조금 멀리 가도 마물이 지정된 장소로 가면서 마물이 풀피가 돼요 ㅜㅜ 이것 빼곤 다 좋은 것 같아요 !!",4,2026-02-24T22:30:31-07:00,6.4.0
genshin,원신,13786418064,음,노드크라이 이후로 좀 좋아진 것 같긴 한데 …무기는 픽뚫을 없애주셨으면 합니다. 첫 현질로 무기 돌렸는데 픽뚫에 이때까지 캐릭 전무를 맞춰준적이 없습니다…; 제발요,5,2026-02-24T21:38:21-07:00,6.4.0
genshin,원신,13786325134,너무 매력적인게임,"예전에 깔짝 하다가 최근에 복귀한 늅입니다 최근에 원래 마신임무가 이나즈마 까지 밀려있었는데 수메르 부터 하나하나 차근차근 밀다보니 마신 임무는 다 깼습니다 
허나 원신은 마신임무 말고도 다양한 임무들과 즐길거리가 굉장히 방대해서 좋은것 같고 매력적인 캐릭들과 스토리가 요즘 나오는 그래픽 좋고 타격감 좋은 게임들에게도 밀리지 않는 이유라 생각합니다",5,2026-02-24T20:51:53-07:00,6.4.0
genshin,원신,13786220044,다 좋은데,다 좋은데 스토리 스킵 좀 만들어 주세요 붕스랑 젠존제도 스토리 스킵 만들었는데 원신도 만들어 주면 정말 좋을것 같아요 아무리 스토리 게임이여도 너무 말이 많아서 임무 하나 미는데 시간이 너무 오래 걸립니다 제발 제발 스토리 스킵 좀 만들어 주세요,4,2026-02-24T20:01:33-07:00,6.4.0
genshin,원신,13786113750,남캐,원석좀 뿌려주세요,4,2026-02-24T19:14:12-07:00,6.4.0
genshin,원신,13786054206,게임다운 게임,다른게임들 보면 유저들 과금한건 대체 어디로 가는지 모르겠는 게임들 많은데 이건 그나마 유저들 돈쓴보람있게 모델링도 맵도 브금도 잘뽑는다,5,2026-02-24T18:48:45-07:00,6.4.0
genshin,원신,13785656571,화석이 아닌 석유이상이 되어버림,"1.2때 시작해서, 어느순간 부터 6년 된 유저가 되어버린 게임…..지금도 사실 나온지 얼마 안된 게임 같음 4년정도 플레이 했을때는 중간중간 접기도 하고 원태기도 자주 와서 딴 게임을 했지만 결국에는 이만한 게임이 없어서 다시 돌아오게 됨. …. 아직도 재미있습니다^^사실 이번에 바르카 나와서 복귀했습니다. 바르카 기대하고 있어요",5,2026-02-24T16:04:04-07:00,6.4.0
genshin,원신,13785648103,재밋어용,3.1때부터 플레이하고앗는유저입니당 지금도 계속 하고잇는데 재밋어용 제발 픽뚫만 안나길,5,2026-02-24T16:00:33-07:00,6.4.0
genshin,원신,13785537366,"1티어는 아니더라도 3,4티어는 된다.","뭐 이래저레 많이 욕하긴 했지만 똥겜은 아닙니다.팬들이 욕하는 이유는 예전에 0티어 였던 게임이 3,4티어로 떨어져서 그런거겠죠. 현재 문제점을 간략히 말하면 보상 적고, 성비 박살났고,구 캐릭은 신캐릭에 비해 성능이 낮고 서포터 범용성은 개나 줬고 예전 이동기가 희귀했던. 시대에 비해 요즘은 캐릭터 중 7할이 이동기가 있고 나타는 컨셉 맞지도 않게 기게 타고 다니고 예전 이벤트는 영원히 못하고 (금사과나 동화 속 세계) 적들은 점점 짜증나게 변해가고 뭐 이정도…(작은게 많나?)",4,2026-02-24T15:12:17-07:00,6.4.0
genshin,원신,13783095773,Goat,너무 재미있음,5,2026-02-23T23:01:10-07:00,6.3.1
genshin,원신,13779090637,최고의 게임,난 솔직히 다른사람들 씨부리면서 불편하다는거 모르겠고 걍 갓 원신 스토리 미친 개튼튼해서 제발 애니로 만들어줬으면 좋겠고 이런게임이 다시 세상에 나올ㅋ가 싶다 서사 스토리 진짜 개쩜 님들아 제발 해보셈 진짜로 나만 이거할때 오타쿠 취급받는데 억울함 진짜걍 개띵작임 미친거같음,5,2026-02-22T19:05:13-07:00,6.3.1
genshin,원신,13775586648,재밌다아아아앙,하윙,5,2026-02-21T20:04:21-07:00,6.3.1
genshin,원신,13769798963,정말 게임 지루함,게임을 하다보면 정말 짜증나게 만듦. 난이도와 상관없이 시간 끌기가 많아서 더 이상 하기 싫음,1,2026-02-20T06:22:06-07:00,6.3.1
genshin,원신,13768765187,월정액유저,이제 과금 안하면 플레이 힘듦. 나타부터 신캐 강매 심해지더니 노드크라이부터는 정 털려서 안하게됨,3,2026-02-19T23:12:51-07:00,6.3.1
genshin,원신,13761783632,고집 좀 그만 부르고 스킵 좀 만들어주세요,재밌는데 스토리 때문에 하기 시름 미룬이가 됨,5,2026-02-18T00:07:32-07:00,6.3.1
genshin,원신,13758935399,현재,같은장르 나온 게임중 최고,5,2026-02-17T05:08:12-07:00,6.3.1
genshin,원신,13752509625,원신 개선좀 해보셈,아니 나타 스토리 겁나 망했는데 노크에선 캐릭성 다 붕괴 실화???악역으로 나올 줄 알았던 콜롬비나는 갑자기 신이되고 산드로네는 츤츤거리면서 티타임이나 가지네 와…앨리스는 작중 행적보면 도토레따윈 뭉갤줄 알았더니만 도토레 수법도 미리 눈치 못채고 ㄹㅈㄷ네..아를레키노는 감정에 휩싸이면 안된다는 규칙을 아이들도 아니고 친해보이지도 않던 콜롬비나 때메 깨진거 ㄹㅇ에바.애들 캐디도 좀 어케 해봐요…실루엣보니까 막장이던데…그리고 남캐도 좀 내고 여캐 요망하면서 절대 안넘어가고 꿀리지 않는 테토녀들이나 많이 만드삼.그래도 몬드 돌아온건 좋은데 또 망치면 접음ㅅㄱ.이나즈마는 캐릭터가 이쁘기라도 했지…폰타인 이후 원신 존망,3,2026-02-15T08:59:52-07:00,6.3.1
genshin,원신,13751335334,처음으로 1년 넘게 한 갓겜,생일 선물 주는 게임처음 해봄. 감동,5,2026-02-15T02:11:43-07:00,6.3.1
genshin,원신,13748409385,너무 잘하고 있는 게임인데 자각몽 세계 너무 별로,게임용량 너무 커서 할때마다 앱 지우고 하는데 자각몽 세계로 rpg도 아니고 로블록스같은 맴 생겨서 너무 별로임 용량 더 차지하고 재미는 없어요 스토리 중심으로 계속 밀고 나가주세요 이상한거 해서 용량 늘리지 마시고..,3,2026-02-14T06:30:34-07:00,6.3.1
genshin,원신,13748153890,4성 캐릭터,원하는 4성 캐릭터 뜰 확률좀 높여주세요 일루가 2돌 ㅠㅠ,5,2026-02-14T05:08:57-07:00,6.3.1
genshin,원신,13747479215,수매르가 좋음,제 인생 게임 입니다 할 것 도 많고 월드임무가 생각보다 진지하고 떡빱이 많아서 역사 덜질 하기 좋아요 ㅎㅎ 티바트가 생긴 이유나 그 전 상황들 시대별 전쟁과 수선화 십자회 같음 조직덕분에 진짜 이세계 보는 것 같아요 진짜 추천이에요!!,5,2026-02-14T00:35:20-07:00,6.3.1
genshin,원신,13747474803,살려줘…,원신을 요즘 안했더니 퀘가 밀렸어….,5,2026-02-14T00:33:26-07:00,6.3.1
genshin,원신,13743929531,안녕,장밍차이,1,2026-02-13T00:54:33-07:00,6.3.1
genshin,원신,13743322572,재밌음,"서브컬쳐계에서 과금 유도가 많은건 어쩔 수 없지만 무과금으로도 충분히 즐길 수 있음
작년 8월에 시작해서 지금 반년정도 했는데 재밌음
중간에 원태기 올 수도 있는데 뭐 그건 극복하면 그만임 어떻게 됐든 다시 돌아오기 마련
할거 없음 해보셈",5,2026-02-12T19:51:12-07:00,6.3.1
genshin,원신,13742946992,동생게임을 더 챙겨줘서 열받음,동생게임을 더 챙겨줘서 열받음,5,2026-02-12T17:07:59-07:00,6.3.1
genshin,원신,13730005040,인생 게임,세달 전에 시작한 생뉴비입니다 지금까지 모든 마신임무 다밀었고 너무너무 재밌게 플레이하고있어요 이거 하면 시간가는줄도 모르겠어요. 가챠할때 짜릿함이랑 캐릭터 얻고 쓰는 모든 하나하나가 다 재밌네요 인생게임입니다. 이런 게임을 만들어주셔서 감사합니다,5,2026-02-09T02:34:46-07:00,6.3.1
genshin,원신,13726773121,결국,다른 신작들 나와서 즐겼다가도 결국 돌아오게 되네요.,5,2026-02-08T05:25:57-07:00,6.3.1
genshin,원신,13725230273,원신,존•잼.이단어만있으면 원신의 평가는 끝이예요,4,2026-02-07T18:31:25-07:00,6.3.1
genshin,원신,13722402809,재밋음,"1점따리 리뷰보면 다 픽뚫 현질 이런 말 하는 사람이 대다수 인데
실제로는 그렇게 안 심함. 옛날 원신 무기뽑 수준이면 몰라도
요즘에는 별빛포착같은 지원 많이 해줌
픽뚫이 많이 난다면 그것은 운이 좋지 않은것ㅎ..
참고로 난 원신 3,4년 하는 동안 현질 한거라곤 만 오처넌 정도밖에
안 씀.. 게임하는 동안 현질유도 미쳣네,, 이런생각은 거의 한 적 없는듯",5,2026-02-07T01:51:55-07:00,6.3.1
genshin,원신,13714865417,갓겜,"지금 리월까지 깬 모험레벨 35의 뉴비입니다!좋은점1.세계관이 빵빵합니다. 예를 들면,파네스가 티바트를 만든게 아닌 니벨룽겐이 만듯것 처럼말입니다. 몬드랑 리월스토리가 엄청 쟀었어서 이나즈마도 기대됩니다. 2. 캐릭터를 무과금으로 플래이를 해도 충분히플레이할수있습니다.기본지급캐릭터만써도 아이노,카치나,리넷,향릉,캐이아,엠버,리사,콜래이,바바라,상시5성,해등절에서 주는 캐릭등등 많은 캐릭터를 줍니다.3. 초반에 원석을 많이 줍니다.초반에 원석을 많이줘서 기다리다가 좋은 캐릭이 픽업에 떴을때 쓰시면 그 캐릭을 중심으로 스토리를 미는것은 문제가 없습니다. 기타등등많은 이유가 있지만 이것들만 설명하도록 하겠습니다. 꼭 해보시고 다른사람에게 권해보세요. 진짜 갓겜!",5,2026-02-05T00:41:57-07:00,6.3.1
genshin,원신,13711026224,👍,👍,5,2026-02-03T23:22:12-07:00,6.3.1
genshin,원신,13707141095,사랑해 콜롬비나,"원공노만큼 감동적인 것이 없다
호요버스 최고에요👍👍",5,2026-02-02T21:12:36-07:00,6.3.1
genshin,원신,13691428137,넘 재밋어용,뽑기 확률 어이없네요 무과금은 어떻게 하라고요 자원은 많이 주지도 않으면서 좋은 신캐만 내고있고 진짜 어떡하라는겁니까,5,2026-01-29T19:27:04-07:00,6.3.0
genshin,원신,13684905348,Awesome! But…,This game is SO great I started playing in Natlan but… I’m still waiting for a mac version!!! And also the devs never ever ever i mean EVER listen people have been asking for a skip button for 5 years and yet we still dont have one… the devs are awful and never listen. If it werent for the devs the game would be incredible. Absolutely hate genshin devs. ABSOLUTELT AWFUL INCONSIDERATE GREEDY DEVS SO BEWARE,4,2026-01-28T03:42:12-07:00,6.3.0
genshin,원신,13681751711,제발 스토리 스킵기능좀,진짜 다른 게임들이랑 비교하니까 답답하다,1,2026-01-27T07:06:15-07:00,6.3.0
genshin,원신,13677816470,원신은 섭종이다!!!,이제 원신은 섭종했고 원공노가 나왔다!!!!!,5,2026-01-26T05:55:32-07:00,6.3.0
genshin,원신,13669856961,한정 5성 캐릭터 전체 선택권을 넣어주세요,아니 무슨 게임에서 그런 걸 한번도 않해주나요.,1,2026-01-24T03:55:46-07:00,6.3.0
genshin,원신,13662193361,매번 고점 갱신,"같은 회사 타겜(붕스,젠존제)과 다르게 나올때마다 미친듯 
특히 스토리 개연성이 미친듯..",5,2026-01-22T02:30:50-07:00,6.3.0
genshin,원신,13662060503,확률이게 맞냐,"뉴비인데 플린스때 유입으로 푸리나 픽뚤로 별빛포착으로 두린먹고,이번에 이네파 뽑는데 또 픽뚤은 너무한거아니냐 진짜 접을까 진지하게 고민하고 있다. 스킵도 안돼서 리세계만들기도 어려운데 접으라고 옆에서 총구 밀어넣고 있다.",1,2026-01-22T01:30:07-07:00,6.3.0
genshin,원신,13659084503,이 게임이 재미있고 감동 이라는 친구들아,"너희들은 100% 확정으로  미성숙한 사람이다. 
세상에 나가서 경험을 하거라. 
미소녀 미소년 캐릭터로부터 판타지 충족 시키지 말고. 
현실을 살 거라. 현실에서의 아름다움을 찾아라.",1,2026-01-21T05:52:39-07:00,6.3.0
genshin,원신,13658348404,여행자 성별 바꿀수 있게 해주세요,여행자 성별 바꿀수 있게 해주세요,1,2026-01-21T01:10:03-07:00,6.3.0
genshin,원신,13655987735,짱깨게임,"6돌 10개 미만은 읽지 마라 씨발년들아
내인생 가장 좆같은 게임",1,2026-01-20T09:01:15-07:00,6.3.0
genshin,원신,13654031999,재밌습니다 그러나,"재밌습니다 역시 원신이에요 
근데 젠존제랑 스타레일은 스토리 스킵기능이 있는데 왜 원신은 처음나온게임인데도 불구하고 없는건가요 그리고 저 픽뚫이 너무 당하는데 이거 맞는 확률인가요 제발 잘좀 봐주세요",5,2026-01-19T19:57:09-07:00,6.3.0
genshin,원신,13654010102,내가돌아왓다원신,3년 전에 하다 내가 왔다 원신,5,2026-01-19T19:47:29-07:00,6.3.0
genshin,원신,13650971502,너무 힘듦,"장난 아니고 조작이 너무 구립니다.화면은 자꾸 돌아가고 벽에 막히면 적도 안보이고 적이 있는지 없는지도 화면 돌아가면 잘 안보입니다.그리고 자꾸 서브 퀘스트에 타임 어택이 많은데 클리어하기 난이도가 있고 또 이거 못하면 메인 스토리를 즐기기 힘들다는 점에서 별로입니다.
초반에 조차 좋은 캐릭터 못 뽑으면 즐기기 힘들고요,똑같은 화면만 2시간 동안 보다가 짜증나서 그만뒀습니다. 이렇게 까지 현질 유도하는 게임 처음이에요.",1,2026-01-19T01:47:54-07:00,6.3.0
genshin,원신,13650314149,와우,와우,5,2026-01-18T20:25:42-07:00,6.3.0
genshin,원신,13649735290,О,О,5,2026-01-18T16:30:36-07:00,6.3.0
genshin,원신,13649564098,82학번이고요,"아직까지도 재밌게 하고 있습니다 별바다 기행만 빼면 다 좋고요 원석 더 내놔요 ㅗ
그리고 치명타 확률좀 뜨라고 ㅅㅂ 성유물 파밍 ㅈ같네 그리고 뉴비를 위한 한마디 하자면 치치는 좋으니까 일단 뽑으세요:)

+아니 류웨이 돈벌 생각 없다는게 산드로네 죽이는거임? 플블로 안내고?",5,2026-01-18T15:21:56-07:00,6.3.0
genshin,원신,13647931312,콜롬비나 나의 사랑,"원신이라는 게임을 처음 접하고 천천히 붕스 젠존제 명조 등등 여러 게임을 하게 되었어요.
이제 이런류의 게임이 아니면 절대 플레이 못할 거 같아요. 뽑기 운이 뒤지게 안좋을 줄 알았는데 항상 떠먹여줘서 사랑합니다.
콜롬비나 내 사랑 오늘도 사랑해 움쪼ㅑㄱ쫙",5,2026-01-18T06:35:24-07:00,6.3.0
genshin,원신,13647706409,산드로네 살려내라,말 그대로 안살려내면 별테함.,5,2026-01-18T05:27:45-07:00,6.3.0
genshin,원신,13646540085,데이터용량이 너므 많이 차지해요,좋긴한데 용량치지만 조금..,3,2026-01-17T21:43:11-07:00,6.3.0
genshin,원신,13643360817,재밌어,요요스킨 너무예뻐,5,2026-01-17T03:22:30-07:00,6.3.0
genshin,원신,13639029386,진짜 최고에요!!!,"요즘 원신 다시 초심잡고 여행자 스킨도 내주다니 너무 좋습니다!
앞으로도 초심 잃지않고 천리잡으러 가즈아!!",5,2026-01-16T00:00:01-07:00,6.3.0
genshin,원신,13636108454,모바일 게임중 가장 재밋는듯,"이렇게 큰 스케일을 모바일에서 처음보고 대부분 이러면 광고나 현질 유도하는데 안그래서 좋네여
\",5,2026-01-15T05:22:36-07:00,6.3.0
genshin,원신,13635897397,에휴,개같은 픽뚫겜 누구는 비틱 존나나고 누구는 맨날 픽뚫만 쳐나네,2,2026-01-15T04:13:15-07:00,6.3.0
genshin,원신,13632709660,내가 유일하게 5년 이상 해온 게임임,이유는 모르겠는데 그냥 계속 해야한다는 의무감이 생기는 게임임. 이거 접으면 난 큰일난다 이런 생각들게 하는 게임임. 개인적으로 그런 생각들게하는 게임임.,5,2026-01-14T07:03:41-07:00,6.3.0
genshin,원신,13632400532,노드크라이 이후 스토리 점점 갓작됨,많은 게 개선되며 점점 애착을 가질 수 있는 게임이 됨,5,2026-01-14T05:29:08-07:00,6.3.0
genshin,원신,13632172795,이얏호,"아 진짜너무 갓겜임근데 너무 과금유도가 심해서 자꾸 사람들이 접으니까 생각좀 하세요 생각안하죠? 접는 이유가 뭘까 라고 생각응 쳐하시면서 게임운영을 하셔야지요;;;그니까 좀 무과금들도 즐길수 있게 쳐만들라고요;,, 난 재밌게하고있지만 나도 내돈이 아깡워ㅠㅜ;(",5,2026-01-14T04:15:34-07:00,6.3.0
genshin,원신,13632110342,콜롬비나를 뽑으면 공월이 바껴..,"돈벌 생각이 없다면서요?

진짜 돈벌고 싶으면 mac버전도 내주세요. ㅠㅠ",5,2026-01-14T03:53:46-07:00,6.3.0
genshin,원신,13631828927,원신 4년정도 함,"스토리 좋구(나타빼고) 맵도 예쁘고 캐릭터도 예쁨
다른것도 좋은데 이번에 나오는 노드크라이가 진짜 재밌음",5,2026-01-14T01:59:35-07:00,6.3.0
genshin,원신,13631775557,굿,진짜 학생인데도 시작할때부터 지금까지 쉬지않고 계속했어요 그만큼 진짜진짜 재미있어요,5,2026-01-14T01:35:15-07:00,6.3.0
genshin,원신,13631745265,.,재밌어용 그냥 세계관이 너무 매력적임,5,2026-01-14T01:21:24-07:00,6.3.0
genshin,원신,13631707232,인생의 유일한 게임,중학교때부터 시작한 게임을 성인이 되어서도 하고 있어요 중간중간 쉬기도 하고 열정적으로 할때도 있고 함께한 시간은 어느새 살의 일부로 굳어 소중한 추억들과 함께 놓지 못하는 게임이 되었어요 매년 새롭게 맞이하는 지역들은 그동안 내가 알던 원신과 달리 새로운 게임처럼 느껴졌고 새로운 경험과 애정을 가지게 되면 또 다른 지역이 나와요 오픈월드든 그저 게임이든 이런 애정과 추억을 가져본 적은 처음 인듯 해요 원래 리뷰 잘 안쓰는데 업데이트하며 콜롬비아 뽑을 생각에 기대와 설렘을 참지 못하겠네요,5,2026-01-14T01:03:35-07:00,6.3.0
genshin,원신,13631577556,벤티 사랑해,이런 오픈월드 rpg는 원신이 처음이였는데 넓고 특색있는 맵 탐험하는것도 재밌었고 캐릭터들 하나하나가 다들 매력있어서 좋음,5,2026-01-14T00:00:56-07:00,6.3.0
genshin,원신,13631413660,87학번원붕이,안녕하세요 저는 23년도 부터 원신을 해왔는데요 중간에 원테기가 와서 안할때도있지만 원신은 진짜 갓겜입니다 탐사 스토리 캐릭터 뺄게없는 게임이에요 살면서 이렇게 오래한겜이 원신밖에 없는것같아요 근데 캐릭터 남녀비율이 여자가 너무 많은것같아요 남캐도 내주시면 좋을것같아요 원석이 잘 안모아진다 하시는데 저는 무과금인데도 탐사나 스토리들로만으로도 원석은 잘 모아지는것같아요 재밌습니다,5,2026-01-13T22:40:06-07:00,6.3.0
genshin,원신,13631385047,이나즈마때부터 플레이한 유저입니다,"플린스랑 일루가 출시, 둘 관련 스토리 내용 보고 바로 노드크라이 캐릭터들 다 뽑음ㅇㅇ 콜롬비나 이네파 플린스 자백 일루가 다뽑아요~ 그리고 토요나가토시유키 성우 기용 부탁드립니다..",5,2026-01-13T22:25:57-07:00,6.3.0
genshin,원신,13631153564,광고가 허위가 아니에요,"진짜 원신을 어렸을때부터 했는데요
할때 마다 새롭고 새로운 캐릭터가 많이 나와서 캐릭터 뽑는 맛이 있어요!!
그리고 몬스터도 주변에 많이 나와서 레벨 올리는것도 쉽구요!!!!!!!",5,2026-01-13T20:35:08-07:00,6.3.0
genshin,원신,13631149484,저장공간이 부족….,아니 제 인생 게임이고 너무 재미있는데 ㅜㅜ 저장공간을 너무 많이 차지해서 문제에요 ㅜㅜ 원신 캐릭터도 너무 이쁘고 잘생겼고 ㅜㅜ 다 좋은데 아무래도 그래픽이 좋은 게임이다보니깐 저장공간을 너무 많이 차지해요 ㅠㅠ 그렇다고 접기도 애매하고 ㅜㅜ,4,2026-01-13T20:33:18-07:00,6.3.0
genshin,원신,13631078841,별세계 데이터 지워줘요,들어가지도 않을건데 용량존나큼 제발,4,2026-01-13T20:03:06-07:00,6.3.0
genshin,원신,13630949870,200만원 2개월만에 원신에 씀,그만큼 좋다는 뜻,5,2026-01-13T19:08:19-07:00,6.3.0
genshin,원신,13630938155,나쁘진 않은데 못 끊음,아니 픽뚫 좀 그만나게 해주세요 ㅠㅠ 그리고 원석벌기 조낸힘들어요,5,2026-01-13T19:03:29-07:00,6.3.0
genshin,원신,13630910780,너무하네요.,"원신을 한지 1~2년정도 된 유저입니다.만.. 왜이렇게 짜치죠?ㅠㅠ 5성캐한개 뽑을려면 적어도 80뽑정도 모아둬야하고, 오래된 유저들은 원석을 얻을수 있는곳이 딱히없고.. 무과금 유저로선 너무힘드네요.",5,2026-01-13T18:52:08-07:00,6.3.0
genshin,원신,13630840700,모든 버전에 새로운 맵이 나왔으면 좋겠어요,다른 게임들도 스토리가 좋고 캐릭터가 좋고 이런 게임들은 많지만 제가 원신 에서 가장 좋아하는 점은 맵을 정말 흥미롭게 잘 짠 다는 점 같습니다. 코너를 돌고 문을 열고 떨어지고 올라갈 때마다 새로운 지평선이 등장하고 새로운 공간이 등장 하는 게 몹시 설레고 그래서 업데이트 때마다 신맵을 간절히 기다리게 됩니다. 매 업데이트마다 새로운 맵이 나오면 정말 좋겠네요,5,2026-01-13T18:23:58-07:00,6.3.0
genshin,원신,13630804892,남캐 더만들어주세요,장신남캐하….개좋음,5,2026-01-13T18:09:49-07:00,6.3.0
genshin,원신,13630796783,나타,나타할때 뒤에 수메르랑 폰타인 같이 재밋는게 많았어서 나타가 너무 재미 없어서 꾸역 꾸역 했는데 노드크라이가 재밋어용,3,2026-01-13T18:06:38-07:00,6.3.0
genshin,원신,13630533535,역사에 남을 갓겜,이 장르에서는 이렇게 다정하고 세세하게 공들인 게임이 또 나오기 어렵다. 이게임은 정말이지 낭만과 순수함이 만들어준 선물같다. 최고의 게임. 모든 캐릭터가 다 사랑스러움. 신기할정도로,5,2026-01-13T16:22:33-07:00,6.3.0
genshin,원신,13630456955,너무 좋네요,로블록스라는 게임이 자녀보호라는 쓰레기같은 게임 망하는 기능을 만들어서 원신으로 넘어왔습니다 이거 보시는 사람들은 걍 로블록스 하실꺼면(이미하고 있으시면) 삭제가 답입니다 원신을 하세요,5,2026-01-13T15:52:02-07:00,6.3.0
genshin,원신,13630437241,유메미즈키 6돌,"원신 3년 차 무과금 유저입니다! 
잡몹부터 보스전까지… 정말 갓겜!
스토리도 탄탄해서 할 맛이 납니다. 다만 스킵기능이 없어서 일일이 기다려야한다는 게 단점… 그리고 가챠모션은 진짜 좋은데, 5성이 진짜 안 뽑혀요. 픽뚫…ㄹㅈㄷ입니다.",4,2026-01-13T15:44:08-07:00,6.3.0
genshin,원신,13629442472,원신 3년 원붕이,"안녕하세요. 저는 현재 젠존제, 명조, 원신, 붕스를 하고 있는 원붕이입니다!
저는 네 개의 게임을 모두 해보았지만, 그중에서도 원신이 제일 재미있었다고 생각합니다.

하지만 다른 게임에 비해 무료 재화 배포가 적은 편이고, 무·소과금 유저는 애정 캐릭터를 뽑으려면 어느 정도 재화를 미리 모아 두어야 뽑을 수 있다는 점이 단점인 것 같습니다!
(원석 좀 많이 뿌려줘요, 미호요!)

또 원신은 한 버전이 약 40일 정도인데요, 저처럼 할 것이 없는 원붕이들은 스토리를 밀고 맵을 파먹고 나면 할 다른 콘텐츠가 없습니다!
(물론 별세계가 나왔지만, 별로 흥미를 느끼지는 못했습니다..)

그치만! 제가 해본 서브컬처 게임 중에서는 가장 재미있었고, 스토리도 흥미로워서 좋았습니다!
이번에 나오는 콜롬비나 모두 비틱 치시길 바라며, 모두 즐거운 원신 하세요!!",5,2026-01-13T09:34:07-07:00,6.2.0
genshin,원신,13625087590,재미없음,재미없음,1,2026-01-12T06:13:16-07:00,6.2.0
genshin,원신,13614609300,재밌게 플레이 하는중,"재밌게 하고있어요. 이번 공월버전 들어가니 나타때 욕처먹고 이번에 만든게 잘 보이네요. 솔직히 말해서 폰타인, 수메르 스토리가 너무 강렬해서 그런지 나타는 그냥 말아먹었다 해도 노드크라이는 그닥 크게 긴장감이나 감동이 많은편은 아니었다고 생각합니다. 바르카 진짜 기대를 엄청 많이 하고있는데 잘 나와주면 좋겠네요. 그리고 추가로 다인모드 서칭할때 설정같은거 넣어서 16~57렙까지만 뜨게 할수 있도록 필터같은거 넣어도 좋을것 같아요. 간단히 말해서 선율이 흐르는 악보에 필터시스템 그대로 가져와도 될것같은데 안될거 알면서도 한번 기대해보겠습니다.
다음 마신임무도 기대하며 즐겁게 플레이 하겠습니다~",4,2026-01-09T13:52:54-07:00,6.2.0
genshin,원신,13579425126,저 5성 좀 주세요ㅜㅜ,저는 초보입니다 원신은 캐릭터를 뽑아야 하는데 돈도 없고 원석이 너무 많이 필요해서 어려움을 많이 겪고 있어요 근데 저는 느비예트가 사기라고 해서 뽑으려고 해도 느비예트가 안나와요 5성 캐릭터 선택권에 느비예트를 포함해서 우편함에 주실수 있을까요 도와줄 수 있을까요ㅜㅜ부탁드려요,5,2025-12-31T19:23:48-07:00,6.2.0
genshin,원신,13568643694,버그 너무 많음;;,"솔직히 버그도 잦게 보이고 몇년 전보다 캐디는 이뻐졌지만 버그는 좀 보이더라고요 ㅠㅠ 
그리고 옛날감성? 이 사라지니까 플레이하는 시간도 줄어들었어요…. 원신… 스토리는 좋지만 잘 안맞는 게임 같아요ㅜ
그리고 맵뚫을 의도한것도 아닌데 캐릭터가 자꾸 어딜 들어가고 버벅거리고 그래요....",1,2025-12-29T04:29:18-07:00,6.2.0
genshin,원신,13558462543,콜롬비나!!,안녕하세요 5.0때부터 하고있는181학번 58랩입니다.저는 초반에는 스토리도 너무 재미없고 귀찮아서 많이안했는데5.0부터 나타나오고 너무재밌게했습니다.스토리도 재밌고 키니치도 잘생겼고…그리고 이번 공월의노래도 아주재밌게봤습니다. 그리고 전 이번 세번째 공월의노래 마신임무때 많이 화가났었습니다.네 도토래 때문이고….아프로도 많이할생각입니다. 그리고 콜롬비나.하이포셀레니아 많이 사랑해주십쇼!,4,2025-12-26T13:34:49-07:00,6.2.0
genshin,원신,13552810297,개똥같은 스토리,"스토리 개똥마냥 싸질러놨으면 스킵이라도 되게해라 뭔 똑같은 말을 시간 끌기마냥 몇번이나 처 하는지를 모르겠네 거기 스토리작가들이 학창시절 왕따경험자라 그런지 개 ㅈ같은 스토리만 싸놓고 참 불쌍할 지경이다 
스토리 스킵 처 만들어라 가 ㅂㅅ강은 ㄴㄷ아",1,2025-12-25T02:36:47-07:00,6.2.0
genshin,원신,13541849344,남캐 좀…..,매우 재밌어요! 다 좋은데 여캐말고 남캐 좀 출시 해 주시면 안 돼요?,5,2025-12-22T02:38:03-07:00,6.2.0
genshin,원신,13525415701,선넘네,아니 다운로드 자꾸 오래걸리는데 자꾸 끊겨요,1,2025-12-17T15:07:50-07:00,6.2.0
genshin,원신,13511544599,내 인생겜,"스토리도 방대하고 재화주는거도 나쁘지않아서 계속하게 되는듯
천장 60~70이라던데 30~40마다 5성 나와서 무과금으로 해도 명전 매버젼 가져갈수있어서 괜찮은듯
거기다 스토리도 방대하고 재밌음
너무 방대해서 메모장 켜서 정리하면서 하지만 그만큼 즐길거리가 많아서 좋음ㅋㅋ
게임 출시 초반때부터 시작했는데 나타만 빼면 ㄹㅇ 최고의 게임이다....",5,2025-12-13T22:15:49-07:00,6.2.0
genshin,원신,13506507004,원신,"조금 억까가 있긴 하지만
재미있고 캐릭터가 너무귀여워요>_<♡",5,2025-12-12T15:23:31-07:00,6.2.0
genshin,원신,13493937645,the game is just bad,"this company never does the smallest thing the fanbase asks for, be it a continent or characters. and don't get me started on Columbina's whole mysterious vibe that got ruined, because you decided that the traveller didn't have enough 'waifus'. same with the rest of the harbingers. such a shame, the game started off so well, but you turned it into something now worthy any time because of your greediness.
AND DELETE THE FREAKING ROBLOX THING DON'T EMBARRASS YOURSELVES MAN",1,2025-12-09T07:14:25-07:00,6.2.0
genshin,원신,13484705354,저장공간 다 차지하니깐 좋냐?,64GB 유전데 진짜 ㄹㅇ 아니라고 생각함 50GB가 넘는 겜 첨 봄 내가 돈이 많은 것도 아니고 1TB사라는거냐?? 128GB유저들도 겨우겨우 함;;;;,2,2025-12-06T21:48:40-07:00,6.2.0
genshin,원신,13481567581,오류 좀 어케 해봐요,원신 안들어간지 좀 됬는데 들어갈려고 할때 업데이트 확인중이라 뜨고 오류 떠서 안들어가져요ㅠ 왜이럴까요,5,2025-12-06T04:26:19-07:00,6.2.0
genshin,원신,13480643479,안녕하세요,안녕하세요 올해 1월에 시작한 평범한 원신 유저입니다. 원신을 처음 접할때는 나히다만 보고 왔는데 어느 순간 티바트 현지인이 되어버리네요. 아무튼 잘 즐기고있어요. 가끔 다인하다가 튕기는건 어쩔수 없지만요. 별바다 세계도 이정도면 나쁘지 않다고 생각해요. 무튼 여기까지 읽어주셔서 감사합니다. (붕스도 재미있더라고요),5,2025-12-05T22:33:25-07:00,6.2.0
genshin,원신,13477586757,.,갓겜,5,2025-12-05T04:36:04-07:00,6.2.0
genshin,원신,13477143556,와 진짜 사랑해요,나이제한때문에 못하고 있었는데 12세로 낮춰져서 재밌게 하고 있습니다❤️,5,2025-12-05T01:53:13-07:00,6.2.0
genshin,원신,13473532247,별바다기행 왜만듦? 진모,기행할거면 걍 로블하셈ㅋㅋ,5,2025-12-04T02:56:31-07:00,6.2.0
genshin,원신,13470000196,너무 재밌음,"씹덕겜이라고 옆에서 놀려도 진짜 원신만큼 재밌는 게임은 없다고 생각합니다. 
음악 좋아하는 사람이라면 무조건 하시는거 추천드립니다. 특히 개인적으론 몬드랑 폰타인 브금이 너무 좋아요.",5,2025-12-03T04:18:18-07:00,6.2.0
genshin,원신,13469687796,이런 고퀄게임을,무료로 할수있음에 감사해요,5,2025-12-03T02:22:39-07:00,6.2.0
genshin,원신,13469517855,개선사항 부탁,생각보다 재밌게 하고 있습니다. 나타가 호불호가 많이 갈리지만.. 전 캐릭터들도 이쁘고 디자인도 나쁘지 않고 해서 만족하는 쪽입니다. 스토리도 좋습니다만.. 근데 천장이 90뽑에 5성이 뽑힐 확률이 너무 낮습니다. 원석 수급도 어려운 편이고요. 그래서 천장을 조금 낮추든 원석 수급이 쉽게 되게끔 만들면 좋을 거 같습니다.,5,2025-12-03T01:08:19-07:00,6.2.0
genshin,원신,13469423337,한번 들어오면 빠져나갈 수 없는 게임..,"사실 게임리뷰 진짜 안 쓰는 편인데 원신은 진짜 너무너무 재밌어서 리뷰작성합니다.. 일단 단연코 모바일로 이런 퀄리티의 게임을 냈다는 것이 큰 장점이라고 할 수 있습니다 물론 이 게임의 음악도 큰 장점으로 꼽힙니다 퀄리티와 동시에 힐링적인 모먼트까지.. 캐릭터가 걸어다닐 때의 걸음걸이, 맵마다 달라지는 bgm 등등 큰 장점요소에 꼽힌다고 볼 수 있습니다 이번에 신캐도 나온다고 하니 더 기대돼요 아 물론 원석을 모아야 하긴 하지만 그 원석 수집을 통해 모험레벨과 스토리도 진행되는 형식이 너무 재밌구요 캐릭터도 각자 개성이 있고 너무 좋습니다 이벤트도 자주 하기 때문에 솔직히 할 것도 너무 많구요 오히려 할 게 너무 많아서 행복합니다 원신은 진짜 갓겜이라고 칭하여도 충분한 게임입니다 유저층도 그만큼 아주 많고 글로벌하구요 가끔씩 다인모드로 친구나 다른 사람과 같이 깨거나 도와주거나 플레이 할 수 있는 것도 좋습니다 진짜 자유도가 아주 높은 게임 원신이 그저 더 흥했으면 하는 제 바람입니다 앞으로도 재밌는 이벤트 많이 열어주세요!
(방랑자도 출연 많이 시켜줘)",5,2025-12-03T00:24:44-07:00,6.2.0
genshin,원신,13469330125,남캐좀 내줘,"너무 좋은 스토리에 전보다 좋아진 모델링이 마음에 들지만 좀 아쉬운것은 전 안드로이드,pc로만 게임을 즐기다가 애플기기로 연동을 하려는데 구글 연동이 안돼는게 많이 아쉽네요
그리고 원신이 여캐를 잘 내는것에 동의하지만 아무리 매출때문이라도 남캐를 좀 내줘야 한다고 생각합니다. 여캐만 잔뜩 나오고 있고 남캐는 거의 나라별로 한두명이 끝인게 좀 이해가 안돼네요",3,2025-12-02T23:40:52-07:00,6.2.0
genshin,원신,13469275834,"공월의 노래, 복귀 최고의 선택",우리 원신이 달라졌어요,5,2025-12-02T23:15:11-07:00,6.2.0
genshin,원신,13468969732,난 돈이 많이 없어요,현질 안하면 즐기기가 힘듬 가챠를 현질 안하면 못함,1,2025-12-02T20:48:16-07:00,6.2.0
genshin,원신,13468748379,빠지면 하루 15시간 하는겜,힐링이됨,5,2025-12-02T19:10:03-07:00,6.2.0
genshin,원신,13468746191,오픈월드 게임 원탑,이렇게 작품성이 높은 게임은 처음입니다.,5,2025-12-02T19:09:09-07:00,6.2.0
genshin,원신,13468151090,원신 캐릭터들이 잘생겨져요…,아주 극 초반에 시작했다가 접고 새계정으로 다시 시작하게 된 뉴비인데 탐사도랑 월드임무  등 귀찮을 것 같아보이는 건 안했는데 재밌는 게임임 진짜 마신임무 너무 재밌게 봤고 캐릭터들이 점점 예쁘고 잘생겨져서 나와서 게임 할맛남 특히 몬드캐릭터들 성능 as는 감다살,4,2025-12-02T15:06:20-07:00,6.2.0
genshin,원신,13465704741,원신,내가 이게임을 평가하고 리뷰를 남길 자격이 있는 사람일까,5,2025-12-02T01:00:10-07:00,6.1.0
genshin,원신,13459089863,스킵 제발 넣어줘,느그들이 만든 게임중에서 원신만 빼고 다 스킵이 있어. 오죽하면 인스타에서 릴스보는데 스페이스바가 뿐질러지는 그런 영상이 나오느냐고. 옆집 게임 명조도 스킵은 있어. 캐릭터빨로다 스킵 기능이 여태 없는거다라고 판단을 하자면 너무 구식이다. 이딴게 글로벌로 인기 있는 게임인가?,2,2025-11-30T07:48:30-07:00,6.1.0
genshin,원신,13449563118,굿,베리굿,5,2025-11-27T22:42:03-07:00,6.1.0
genshin,원신,13448871070,스토리 스킵 만들어라 제발 좀,아오 더럽게 재미없고 유치하고 읽기 싫다고,3,2025-11-27T17:28:30-07:00,6.1.0
genshin,원신,13442497856,다운로드가 끊겨요,풀 버젼을 다운로드 할려고 하면 60%에서 계속 끈어져요. 고쳐주세요,1,2025-11-26T02:02:56-07:00,6.1.0
genshin,원신,13442365005,버그,임무 진행하다가 버그 생기는데 노드크라이에서 망치 부수고 올라갈 방법 찾을 때 망치 안부숴져있어서 내내 찾다가 도저히 답이 안보여서 껐다가 켰음...  임무 복구안돼서 다시 임무 진행하니 버그 없어짐; ㅜ 이후에 나오는 임무도 버그 걸려서 다음걸로 안넘어감 또 끔... 용량 커서 그런가 아쉬움,4,2025-11-26T01:02:56-07:00,6.1.0
genshin,원신,13434408924,초창기부터 했었던 유저인데,"원신한지 5년 됐음
처음엔 꽤 재밌었음 진짜 판타지 같고
모험하는 재미도 있고
근데 점점 내가 원하던 모습과는 달라짐
결국 지금은 옆 동네로 넘어갔지만
가끔은 추억으로 들어감
퀄리티는 진짜 좋다고 생각한다",4,2025-11-23T22:12:43-07:00,6.1.0
genshin,원신,13427251721,다들.. 최근에 난리났네요,"옛날에 하다가 지우고,하다가 지우고,몇달(거의 6월인가?) 전부터 다시 새롭게 시작하던 여행자입니다! 원신 5주년 맞이했다는 매일을 맡으니 정말 오래됬구나.. 라는 생각도 들고 정말 좋은 게임이었어요. 근데 무슨.. 저장공간 차지하고 뭐라나… 저장공간 없으면 어쩌라는거지? 그럼 안하면 되지않나? 난 재미있는데.. 무슨.. 캐릭터가 쉽게 뽑으면 재미있나? 막.. 힘들게 모아서 뽑으면 성쾨함? 같은게 있잖아.. 난 언제나 응원할거야. 원신은 나에겐 재미를 주니깐! 몇칠 뒤에 나오는 두린! 얼른 뽑고 싶네요!",5,2025-11-22T02:32:48-07:00,6.1.0
genshin,원신,13426718506,:D..,"안녕하세요오..~원신 시작한지 얼마안된 뉴비입니다~일단 제가 왜 이 게임을 모르고 있었는지 후회가 됩니다….제가 이 게임을 시작하게된 계기가 친구의 조언으로부터 시작하게 된건데요. 처음에는 다운로드도 오래걸리고 스토리도 영 이해가 안 가서 중간에 때려칠려고 했지만 꾹 참고 했습니다.
계속해서 하다보니 캐릭터들의 개성과 스토리를 차차 알아가게 되더라구요.
제가 해 본 모바일게임 중에서 굉장히 재밌고 시간 가는줄 모르고 했던 게임인거같네요…
어쨌든 감사합니다~

(나히다 언제 복각하나요……….ㅜ)",5,2025-11-21T22:50:53-07:00,6.1.0
genshin,원신,13416646679,계정없어짐,복귀해서 불과 며칠전까지 제 계정 있었는데 지웠다가 다시까니까 왜 다시 초기화됐죠? 튜토리얼 넘기기라도 하면좋은데 그런거도없고 언제 다시하나요,3,2025-11-19T06:11:04-07:00,6.1.0
genshin,원신,13412972391,좋았따,"정말로 재미있게 하고있었고 프리나 5성 한정 뽑기가 떠 해보았지만 실패해 지나가던 친구에게 싸커킥을 날리고 접었습니다
정말로 갓겜임니다",5,2025-11-18T06:26:28-07:00,6.1.0
genshin,원신,13400382153,어쩔 수 없이 돌아오는 게임,ㄹㅇ 갓겜,5,2025-11-15T03:17:01-07:00,6.1.0
genshin,원신,13387428014,최고의 게임,젤다 시리즈 총 플레이 시간 4000시간 유저인데 희안하게 젤다 보다 전투가 재미있고 스토리는 더 세세해요,5,2025-11-11T21:15:53-07:00,6.1.0
genshin,원신,13371881003,후회없는 겜,"원신은 제 친구가 추천해서 하게 되었는데 너무 재밌음 현질해도 후회없음 넘 갓겜이여서 매일 해도 질리지도 않음 권태기는 살짝 오지만;; 넘 재밌음
재밋으면 됨 ㅎ ㅏ ㅎ ㅏ",5,2025-11-08T04:41:16-07:00,6.1.0
genshin,원신,13368502243,게임은 괜찮은데,"진짜 운영 꼬라지가 최악임
해달라는건 다 안해주네 뭐 유료재화를 달란것도 아니고 편의성패치 딸깍 좀 해달라는건데 이게임을 2년을 했지만 진짜 정신좀 차리세요",1,2025-11-07T08:44:37-07:00,6.1.0
genshin,원신,13362612632,게임 접게되면서 후기 남깁니다.,"3버전에 입문했고 중간에 접은적 없이 매일 출석 + 공월, 기행 끊기지 않음 + 초회결제와 필요할때마다 조금씩 추가 결제 정도의 과금을 하고있었고 완전히 접게되면서 리뷰 남깁니다.

현재 젠존제, 붕스도 거의 동일 수준으로 과금하고있으나 원신은 최근 업데이트가 진행될수록 불쾌한 방식으로 엔드컨텐츠의 장벽이 높아져서 암묵적으로 더 많은 과금을 유도하고 있는것 같아 완전히 접었습니다.
(젠존제, 붕스도 비슷한 양상이 있지만 아직까지는 만족스럽게 플레이하고있음)

1. 환상극: 기존 최고난이도도 넓은 캐릭풀을 요구하여 불필요하게 급격히 많은 성장재화를 소모하게 했습니다. 이후 더 높은 난이도를 개방하여 캐릭풀 커버가 불가능해져서 이제는 보상을 다 받아가지도 못하게 되었습니다.

2. 나선비경: 나타 이후로 접대 기믹이 상당히 불쾌해졌습니다. 특정 캐릭터가 없고 돌파가 되어있지 않은경우 온몸비틀기를 해야 올클리어가 가능해졌습니다.

3. 지맥제압전: 나선비경보다 접대가 더 심하고 올클리어는 돌파의 영역인것 같습니다.

4. 별바다세계: 이건 대체 뭡니까... 아마 따로 냈다면 즐겁게 했을지도 모르겠습니다만 모든유저가 여유로운 저장공간을 가진게 아니기도하고 관심 여부와 관계없이 동의도 구하지않고 dlc를 강매당한 기분입니다.

5. 전무획득: 솔직히 형제게임은 전무를 곧잘뽑고싶게 설계되었는데, 원신의 전무 획득시스템은 역겹습니다.

6. 성유물: 성유물 정리하는 방식도 여전히 개선 여지가 많고, 또 젠존제, 붕스도 마찬가지이긴한데 성유물 주옵, 강화시 부옵마다 붙는 확률 다르죠?(커뮤니티에서 돌린 통계 참고했습니다.) 솔직히 이것도 상당히 불쾌한 부분이긴 합니다.

덧붙여서 엔드컨텐츠 문턱이 높아진 문제는 그전까지 고난도 컨텐츠를 안낼것처럼 하다가 단기간에 와르르 내버린게 문제가 아닌가 싶습니다. 조금만더 점진적으로 진행했다면 적응할만 했을텐데요...

원신의 스토리는 아직까지도 매우 좋아하고있으며 노드크라이에서의 스토리도 게임은 접었지만 스트리머의 풀영상을 통해 보고있습니다.
솔직히 이미 접은 지금 상황에서 게임 운영의 개선은 기대안합니다. 개선된다해도 복귀를 위한 관성때문에 더 많은 과금이 필요할테니 복귀 의향도없구요.

뒤늦게 3버전부터 시작하긴 했지만 다른 유저를 놓치지 않기 위해서라도 하루도빠짐없이 충성하며 플레이하던 유저가 어떻게 떠났는지 읽어주셨으면좋겠네요
직접 의견을 전달할 채널이 있다면 알려주세요. 글을 복사해서 다시 전해드리겠습니다.",1,2025-11-05T23:23:11-07:00,6.1.0
genshin,원신,13345673133,내 운,재미있기는 한데 확율이 조금 그런가 같습니다.맨날 고봉밥만 많이 먹고 픽뚤은 맨날 당하고 근데 재밌잖아 한잖해~,5,2025-11-02T00:48:05-07:00,6.1.0
genshin,원신,13332646397,와…레전드….,"제가 원래 게임들 한달 넘게 않하고 지우는데 3개 게임중 하나 손 꼽힐 만큼 지우기가 너무 싫고, 업뎃도 자주하고 뽑 확률도 은근 좋아서 않 해보신 분들 강추!!!!!!!!!!",5,2025-10-30T01:11:14-07:00,6.1.0
genshin,원신,13332031091,아픈 내 손가락,"애정하고 추억 때문에 못 버리는 게임.
욕하고 까내려도 결국은 애정 때문에 남고 못 버리는 게임.
동생 겜들에 비해 운영도 별로고 망언과 사건사고가 난무하지만 애정 때문에 추억 때문에 못 버리는 게임.
그래도 노드크라이는 감다살이니깐 복귀 유저는 꼭 츄라이 해봐",4,2025-10-29T20:38:34-07:00,6.1.0
genshin,원신,13328948778,개별로게임이네요.,저 네퍼 뽑으려고 개열심히 모았는데 왜 진 주세요? 진짜 확률 고치세요. 농락하는 것도 아니고 개나쁘세요 진짜. 접으려다가 한 번 봐드림,1,2025-10-29T04:24:07-07:00,6.1.0
genshin,원신,13322000298,굿,동화같은 이야기,5,2025-10-27T11:19:20-07:00,6.1.0
genshin,원신,13321240263,캐릭터 뽑기 너무 똥이에여,현질 하지 않으면 키우기 애매한 게임.? 스토리 즐기긴 좋은데 좀 뒤죽박죽이고 현질없이 좋은 캐릭 없긴 힘들 듯 ㅠ 딱히 출석 보상이나 이벤트 보상도 아예 없어서 하는 맛이 좀 없음..,2,2025-10-27T07:50:16-07:00,6.1.0
genshin,원신,13320791524,매우좋음,프롤로그부터 이렇게 감동적이면 어떡하라고,5,2025-10-27T05:51:12-07:00,6.1.0
genshin,원신,13318483561,원신아 내계정돌려내,"안녕하세요 원신개발자님들을 전 원신하다가 다시하게된 유저입니다 원신대한 흥미가
떨어져서 원신을 삭제하고 다른게임을하다가 새로운 캐들이 나왔길래 다시 깔아서 로그인을했는데요 들어가 보니 계정이 사라졌습니다 계정을 다시해주면 감사합니다 계정이름은 레이나입니다",2,2025-10-26T15:03:49-07:00,6.1.0
genshin,원신,13310802695,추천!,원신을 몰랐었다가 친구가 추천해서 노트북으로 해봤는데 아무래도 노트북으로 처음하는 게임이 원신이고 키보드도 잘 못 다뤄서 처음엔 많이 서툴고 힘들었지만 너무 재밌어서 계속하게 됬고 5성도 뽑았어요!! 물론 전 운이 안 좋아서 제대로 된 5성이 5명도 안됬습니다..ㅎㅎㅎㅎ 그리고 원신이 용량이 크다보니 노트북에 있는 걸 원신 빼고 다 지워도 저장공간이부족하더라구요ㅠㅠ 절망했지만 그냥 패드로 갈아타고 계정도 다시 만들었답니다^^그만큼 원신이 너무 재밌고 캐릭터들도 예뻐서 제 최애 게임이에용~ 단점은 스토리 대사 스킵이 안되는 거랑 5성이 잘 안나온다는거밖에 없어요!! 꼭 한번쯤 해보시는 걸 추천드려요~!!,5,2025-10-24T22:36:38-07:00,6.1.0
genshin,원신,13307288268,감다살,나타때 접을까말까 엄청 고민했는데 노드크라이 ㄹㅇ 람다살임 나타 했다가 접은분들 다시 오셔도 ㄱㅊ을듯,5,2025-10-24T03:46:28-07:00,6.1.0
genshin,원신,13305713622,최고의 게임,"인터넷만 안 열면 아주 좋은 최고의 게임. 솔로로 힐링 게임으로 할 수 있고 친구와도 만날 수 있음. 내가 좋아하는 캐릭터를 데려오고, 가장 강하게 육성하고 관련 스토리를 읽고 눈물을 머금으며 노랫소리를 듣고 분위기에 빠지고, 소설읽기과 게임, 여행을 동시에 하는 느낌… 심지어 나를 칭찬해주고 좋아해주는 캐릭터들로 인해 자존감도 올라감. 자극적인 요소도 별로 없음. 엄청난 성우와 효과음도 한 몫.
퀄리티는 어떤가? 엄청난 퀄리티라고 해도 무방함. 심지어 그 퀄리티를 가진채 모바일로 할 수 있음. 더 좋은 퀄로 컴퓨터로도 가능함.
다른 사람이 오타쿠, 씹덕이라고 불러도 상관없음. 이 게임은 정말 좋음. 매일매일이 행복해질 수 있음. 물론 적당히 플레이 하는게 건강에 좋음 너무 깊이 빠져들면 후유증 남음. 그리고 인터넷 여론에 휩싸여서 왜 이 게임을 했는지 잊지 말것. 난 원래 여론에 휩싸이고 분노를 느꼈지만 이젠 다 지우고 잊기로 함. 다 잊고 사니까 왜 내가 이 게임 욕했는지 의문이 듦…

내 인생 최고의 게임",5,2025-10-23T17:13:49-07:00,6.1.0
genshin,원신,13299559798,캬캬캬캬캬캬캬ㅑㅋ캬캬컄ㅋ캬,"ㅋㅋㅋㅋㅋㅋㅋㅋㅋㅋ이야 연출 개쩐다
원신은 가챠빼고 다 좋음 ㅋㅋㅋㅋㅋㅋㅋ
스토리가 탄탄하고 ㅋㅋㅋㅋㅋㅋ무조건 하셈ㅋㅋㅋㅋㅋ

참고로 이 게임 젤다의전설 야생의 숨결보다 먼저 나옴",5,2025-10-22T06:41:50-07:00,6.1.0
genshin,원신,13299296227,진짜 갓 겜!!!,"사촌 언니 추천으로 1년 넘게 복귀유저 된 적 없이 쭉~~~하고 있어요.스토리,브금,그래픽,캐릭터가 너무 재밌고 예쁘더라구요!특히 최애 캐릭터를 골라 그 캐릭터를 뽑고 키우는게 너무 재밌었어요.어떤 게임이든 6개월 이상은 못하고 질려버렸는데 원신은 너무 재밌었어요!아직 보완할 점이 많지만 재밌고 부담없이 할 수 있어요!!",5,2025-10-22T05:31:18-07:00,6.1.0
genshin,원신,13299132440,제 이십대 초반 청춘이 담겨있어요,이제 일하느라 피곤해서 전처럼 열심히는 못하지만 대학생때 모험했던 기억이 아름다운 추억으로 남아있어서 접지는 못하고있어요 많이 힘든 시기였어서 게임에 도피하듯 의존하며 살았었는데 자유도가 높아서인지 하루종일 게임을 해서인지 한때 티바트에 살았던것 같고 그러네요 제 인생게임입니다. 끈기부족에 매사에 쉽게질리는 제가 유일하게 몇년째 하고있는 게임이에요.,5,2025-10-22T04:44:44-07:00,6.1.0
genshin,원신,13299018379,감다살 원신,노드크라이 이대로만 가자,5,2025-10-22T04:10:21-07:00,6.1.0
genshin,원신,13298649068,명기견들 ㄲㅈ,ㅋㅋ,5,2025-10-22T01:59:11-07:00,6.1.0
genshin,원신,13298569090,자꾸 생각나는 게임,"안녕하세요. 저는 원신을 처음부터 지금까지 즐겨온 5년 차 유저입니다.
그동안 원신을 하면서 여러 번 원태기가 와서, 게임을 접었다가 다시 돌아오기를 반복했습니다. 다시 복귀할 때마다 어떤 때는 게임이 발전해 있어서 놀라기도 하고, 어떤 때는 예전보다 아쉬운 점이 느껴지기도 했습니다. 저에게 원신은 단점도 많지만 그만큼 매력도 많은, 자꾸 생각나는 게임인 것 같습니다. 저장 공간을 많이 차지하는 건 흠이지만 그래도 한 번쯤은 꼭 해볼 만한 게임이라고 생각합니다.",5,2025-10-22T01:27:20-07:00,6.1.0
genshin,원신,13298468390,"뭐임??,,",업데이트 원석 보상이 왜 420개냐 씹 GOAT겜이네,5,2025-10-22T00:46:20-07:00,6.1.0
genshin,원신,13298272603,현질만 잘하면 최고의 게임,"원래 게임할 때 현질 안하는데 처음으로 해본 게임
솔직히 여웃돈이 많았으면 하루 종일 이것만 했을 듯
현질유도가 쎄서 별하나 뺏구요
스타렐이나 젠존제보다 현질할 때 써야 되는 돈이 조금 더 많은 것 빼고는
갬성있어서 좋습니다.
메이플 유저엿는데 그때도 안해본 현질을 하게 해준 게임…
정이 가면서도 원망도 하는 그런 게임….",4,2025-10-21T23:24:34-07:00,6.1.0
genshin,원신,13298227758,부담 없이 즐길수 있다,"무과금으로 충분히 즐길수 있는 몇 안되는 게임 입니디!
첫 7천원 이후 5년째 무과금 입니다.",5,2025-10-21T23:05:16-07:00,6.1.0
genshin,원신,13298007775,원신 5년 넘게 한 유저,다른건 다 좋지만 레진이 늦게 나온 게임인 스타레일 보다 적고 복지 자체가 스타레일 보다 적어 아쉬움이 많습니다,5,2025-10-21T21:29:03-07:00,6.1.0
genshin,원신,13297982565,3년넘게 한 게임은 메이플 이후로 처음이네요,"한반 흥미 잃으면 디시는 손도 안대는데, 유일하게 꾸준히 하는 게임이네요. 이런 게임은 메이플 이후로 처음이에요. 메이플 10년넘게 하고 서서히 빈도수 줄다가 이제는 완전히 접었거든요. 그 자리에 원신을 하고 있네요.",5,2025-10-21T21:18:07-07:00,6.1.0
genshin,원신,13297934838,이거만한 게임 없다 진짜,원래도 재밌게 했지만 노드크라이에 들어오면서 더 재밌음!! 이대로만 갑시다!!!,5,2025-10-21T20:57:29-07:00,6.1.0
genshin,원신,13297922781,원래 게임 안하는데,"원신만 21년부터 계속 하고 있어요 
중간에 일 바쁠때 잠깐씩 안한거 빼고는 계속 하고 있네요",5,2025-10-21T20:52:12-07:00,6.1.0
genshin,원신,13297831282,스킨 좀 내라 어휴,호요페어고 뭐고 나온 건 많은데 스킨은 하나도 안 내니까 그거 좀 어이가 아리마셍!!! 스킨좀내라 제발!!! 스카라무슈 스킨이고 바르바토스 스킨이고 여름 한정 스킨이고 그냥 좀 내줘라!!! 그럼 돈도 많이 벌 테고 좋을 텐데 뭐가 문제임??? 다른 호요겜에는 스킨 많이 내주더만 왜 우리원신한테만그렇게가혹하게구는거냐며!!! 화가난다!!!,4,2025-10-21T20:13:07-07:00,6.1.0
genshin,원신,13297368602,полный отстой,.,1,2025-10-21T17:11:38-07:00,6.1.0
genshin,원신,13297129768,노드크라이 굳,솔직히 나타 때 접을까 고민 많이 했는네 노드크라이부터 칼갈고 나왔네;; 유저들 피드백도 수용적이고 다만 원석 가격좀 내려라,4,2025-10-21T15:38:44-07:00,6.1.0
genshin,원신,13294271735,하하,핳하핳하하핳하하하하,5,2025-10-21T00:51:54-07:00,6.0.0
genshin,원신,13290457837,12+아니였어요? 15+...,본론만 말하자면 원래 원신 15세 이상 아니였지 않나요? 제가 알기론 12세인데..본 게임은 진짜 재밌단 말이죠? 제가 15세가 아니라서 원신이 플레이 할 수 없게 되었습니다..붕괴:스타레일이나 젠레스 존 제로는 12세인데..하다가 원태기가 와서..ㅎ 접었다가 복귀한 유저인데 잘 플레이 안하다가 캐릭터가 너무 맘에 들어서 복귀하려했는데..15세..더라구요?..ㅋ 그래서 게임을 플레이하지 못하고 있습니다..나이 차도 좀 있는데..부모님에게 부탁 해보는게..좀 그래서..다시 12세로 돌려주시면 안됄까요..?,4,2025-10-20T03:39:53-07:00,6.0.0
genshin,원신,13287350396,아진짜 이게임만 4년했어요,"이게임만 4년 했는데 친구들이 씹덕게임 이러는데 한번만 꼭해보세요
솔직히 캐릭터 보는 맛도있지만
키워서 대미지 보는 맛도있어요
그러니 보통 사람은 초반에 찍먹만
하고 그냥 노잼 이러고 지우는데
마신임무라고 제발 몬드까지만
끝네보세요 근데도 재미없다고 하면
뭐 맞지않는 게임이니 뭐라고 못하지만
진짜 거기 까지만이라도 해보세요
그러면그감동과 그런 스토리때문에 진짜..ㅠㅠ 너무 하게되요 그러니
갓겜이니 제발 많이 해보시고
조금이라도 해보세요 저는 지금
계정이2개에요 그정도로 진짜 너무재밌으니 꼭해보세요",5,2025-10-19T09:06:35-07:00,6.0.0
genshin,원신,13280866629,내 통장은 반쪼가리,돈이 사라졌어요!!!!!,5,2025-10-17T22:05:18-07:00,6.0.0
genshin,원신,13265759747,ㅈ망겜,여기다가 현질할 빠엔 돈 모아서 집사는게 승리자임,5,2025-10-14T08:06:35-07:00,6.0.0
genshin,원신,13264937052,명조 하고 원신 비교 ㄴㄴ,명조는 애초에 물리엔진이 압도적으로 좋아서 그래픽이 좋을수 밖에 없음 근데 원신하거 비교하면서 짜친다고 하면 안되지…,5,2025-10-14T04:16:16-07:00,6.0.0
genshin,원신,13251805612,애플 리딤코드,리딤코드 쓸 수 잇게 해주세요,5,2025-10-11T02:29:52-07:00,6.0.0
genshin,원신,13243829444,"서버 옮길 수 있는 기능이나, 다른 서버 사람들과도 다인모드를 할 수 있으면 좋겠어요.","제가 어렸을때 아시아섭이 뭔지 몰라서,그냥 아무 서버나 눌렀어요. 그후에 친구랑 서버가 다르니까 같이 게임도 못하고 같이 할 수있는 한국인들도 별로 없는 거있죠..그럴때마다 너무 스트레스 받습니다 도입시급해요. 제발!!!!!!!!!!",1,2025-10-09T05:10:49-07:00,6.0.0
genshin,원신,13238070049,제발 기원 확률좀…,"참… 접었다가 몇번을 다시 돌아온건지…
그래도 뽑기 확률 뭐같은건 똑같네요…
전에는 3개월동안 모은 원석 다 때려박았는데
5성 안나와서 접었섰습니다.
그래도 멋진 남케 나와서 간만에 해봤는데…
하… 그래도 뽑기 말곤 다 괜찮으니 2점 드리겠습니다.",2,2025-10-07T19:17:19-07:00,6.0.0
genshin,원신,13231182901,젤다랑 좀 비슷하지만 재밌어요,젤다랑 비슷한 부분이 있지만 너무 재밌네요,4,2025-10-06T05:37:39-07:00,6.0.0
genshin,원신,13227176914,여행자,폰타인까지 정말 스토리든 캐릭터든 서사든 너무 완벽했어요. 근데 나타에서 살짝 깨지는 것 같다고 느꼈었어요. 그때 원태기도 좀 왔었구... 근데 노드크라이 들어가니 스토리도 다시 회복되는 것 같고 캐릭터 pv나 퀄리티도 올라가는 것 같아 다시 기대해봅니다. 참고로 원석 공급은 짜요. 픽뚫도 지리고,5,2025-10-05T07:21:02-07:00,6.0.0
genshin,원신,13222789422,폰신 하지마라,"일단 PC보다는 그래픽은 당연히 떨어질 수 있는데 화면 고정,기믹 깨는데 불편하고 발열이 30분만 해도
심함.폰신 얘기랑은 관련 없는 얘긴데
다른 서브컬쳐 게임과 다르게 무료 재화가 그리 뿌지리 않는게 문제인거 같음.몬드~노드 크라이까지 먹으면
한 20만 정도 양이 있는데 2파티+전무
하면 양이 부족함.나선말고 원석 수급되는 이밴트 몇개만 만들면 좋을거 같음",1,2025-10-04T07:34:17-07:00,6.0.0
genshin,원신,13221787328,으엄,"오늘 원신 깔아봣는데 그 뭐지 처음에 업뎃? 같은거 하는데만 1시간 넘게 걸려요..
이건 단축이 안되는 걸까요ㅠ",5,2025-10-04T02:55:21-07:00,6.0.0
genshin,원신,13218826865,👍👍,인생 최고의 게임..♥♥,5,2025-10-03T09:25:18-07:00,6.0.0
genshin,원신,13214659931,붕스 하다가 이거 하니까 천국이네,원신 잘만들었음,5,2025-10-02T10:36:15-07:00,6.0.0
genshin,원신,13208526784,이제는 때가 되었다,맥북도 지원해 달라. 81학번 맥북 소유자는 더 이상 참을 수 읎습니다.,3,2025-10-01T03:18:21-07:00,6.0.0
genshin,원신,13206245526,얘넨 돈을 벌겠다는거임 말겠다는거임?,"망겜다됏네
가라 그냥
박수치는사람은 없지만 섭종가자",1,2025-09-30T13:35:58-07:00,6.0.0
genshin,원신,13204314062,아이폰에도 리딤코드를 추가해주세요,"원신 다른 것들은 솔직히 너무 좋습니다. 하지만 제가 붕괴에서 원신으로 넘어왔는데요, 붕괴는 그냥 이벤트 때 7일 접속하면 10연차 무료로 빠꾸없이 돌릴 수 있습니다. 하지만 원신은 원석을 제 영혼을 탈탈탈 털어야만 겨우겨우 얻을 수 있습니다. 어느 날 원석을 모으고 SNS를 둘러보니 리딤 코드라는 것이 있더군요. 그래서 원신을 빠르게 접속해 1시간 가량 찾아보았는데도 멸종해있습니다. 그래서 호요랩에 물어보니 딱 아이폰만 딱 IOS만 리딤코드를 사용할 수 없더군요. 삼성 그런거는 리딤 코드로 원석을 모을 수 있지만, iOS는 모으기도 어려운 원석을 더욱 더 어렵게 모아야합니다. 이 사실이 아주 조금 불쾌하면서도 왜 그랬는지 궁금합니다. 이것만 고쳐주시면 아주 완전 짜자장짱 좋을 것 같습니다. 안그래도 뽑기하기 어려운 시대에 이런 것까지 있으니 좀 에바잖아요 이거 리딤코드 꼭!! iOS에도 추가해주세요",3,2025-09-30T04:50:42-07:00,6.0.0
genshin,원신,13204242312,나쁘진 않은데 조금 실망스러움,"솔직히 겜 퀄이랑 스토리,뭐 목소리 원석?은 많이 주는거 같은데 가챠 확률이 진짜 너무 이상한거 같아요..;; ㅠㅠ 55퍼로 올랐다는 소릴 들었는데 너무 안뜨고..픽뚫도 너무 꾸역꾸역 떠서 좀 아닌거 같기도 해요. 원석 지급이랑 가챠 확률좀 바껴주시길 바랍니다.. (진짜 의도한건 모르겠는데 저만 자꾸 픽뚫 치치 떠요.. 확률도 아예 안맞는거 같기도 하고..조금 실망스러운거 빼고 다 재미있는거 같네요.)",3,2025-09-30T04:30:23-07:00,6.0.0
genshin,원신,13201627293,수행의 길 개더럽네,간간히했는데 이젠 숙제를 8주나 하게 만든거보고 병신겜접음 보상받고싶으면 개노잼숙제해라 이거네,1,2025-09-29T12:10:48-07:00,6.0.0
genshin,원신,13200293678,상단에뜨라고5점줌,88학번 원신 2년차 유저입니다. 돈도 100 이상 썼고 정말 매일매일 하던 게임입니다. 몬드의 자유로운 느낌과 수메르의 자연과 어우러진 느낌도 폰타인 마신임무도 너무 재밌었어요. 하지만 나타 들어가면서 뭔가 바뀐 느낌입니다. 본래 원신의 모습을 추구하지 않고 돈만 벌고 싶어하는 느낌이랄까요.. 친구들과 함께 했었는데 나타에 들어오고 나서부터 친구들이 한두명씩 점점 빠지다가 이제 게임창에는 30일 전 접속밖에 뜨지 않습니다. 저도 이제 원신을 보내주려 합니다. 그냥 이번 6.0 업데이트 보고 100만원 쓰는 유저 한명 데려오려다가 10만원 쓰는 유저들 100명 잃는 느낌이에요. 초심을 잃지 말길 바랍니다.,5,2025-09-29T06:05:53-07:00,6.0.0
genshin,원신,13199487861,원신 87학번 60렙,"원신 진짜 재밌게 플레이 했음
처음부터 그래픽좋고 스토리 좋은 게임이라고 생각했음
7개국 7개 원소 폰타인까지는 
틀 안에서 쭉쭉 나아가고 있었음
현질을 많이 한건 아니지만 가끔 치치가 나오고 간장이 나와도
재밌었음
나타 나오고 실망 많이했다
스토리 자체가 너무 잼민이 같고
여캐만 주구장창 내고 한동안 접었다
아무리 그래도 레벨을 돈으로 팔다니 이건 좀 심하지 않았나 싶다
유일하게 하는게임인데..",4,2025-09-29T01:43:28-07:00,6.0.0
genshin,원신,13196058086,데히야가 너무 이뻐요,이쁨 ㅇㅇ,5,2025-09-28T06:26:24-07:00,6.0.0
genshin,원신,13195952859,노드크라이 스토리 흥행기원,"진심으로 생방 돈 벌생각 발언 논란부터 노드크라이 스토리 망하면 진짜 답없어요 원신…민심회복 하셔야져..근데 레벨 100랩을 왜..돈으로 하실려합니가..갓들어온 뉴비들은 살아남지도 못해요 기존유저 중요한데
새로운 유저가 당신들이 패치하는
업데이트를 온전히 느끼는 사람인데 이건 아니잖아요..오픈월드 게임이잖아 왜 리니지 처럼 갈려는건데 상시 캐릭터 하나 풀돌시키는게 쉬운거라 생각하는거야?",5,2025-09-28T05:59:30-07:00,6.0.0
genshin,원신,13191466591,장점&단점&원신 사랑해,"장점부터 알려드립니다
1.캐릭터가 맛깔난다
2.전투가 재밌다(호불호 갈림)
3.스토리도 맛깔난다
4.성우분들도 맛깔난다
5.맵이 이쁘다
6.bgm(ost)이 좋다(따로 들을정도)
단점도 말해드릴게요
1.npc가 안 이쁘다
2.스토리 스킵이 안 된다
제가 느낀건 이정도
원신은 정말 갓겜이구요..제가 그냥 갓겜이라는게 아니라 한번쯤 해보세요..일단 해보셔야 알거 아니에요?한번은 꼭 해보는게 좋은 게임입니다!!원신은 제 인생 최고의 겜이니 여러분도 한번은 꼭 해보세요!!
글 읽어주셔서 감사해요🙇‍♀️",5,2025-09-27T05:29:18-07:00,6.0.0
genshin,원신,13186518055,부자는 못하는 게임 ㅎ,"스토리 망, 픽뚫은 더럽게 잘 됨, 재화 드럽게 안 줌, 그래픽 명조보다 구림 그냥 현질 유도 게임 거의 4년 정도하고 느낌점을 적은 겁니다 ㅎ",1,2025-09-26T02:39:05-07:00,6.0.0
genshin,원신,13161113603,나타가 왜 논란?,솔직히 나타 다 별로라 하는지 이해 안감 판타지 겜이고 여러방향으로 시도하는거 좋은데 왜 욕하는지 모르겟음;;원신이 잘 가다가 딴데로 새는 경우는 지들이 생각을 많이 안 한거고 맵이나 이벤트 자체는 크게 지장도 없고 잼씀,5,2025-09-20T05:24:39-07:00,6.0.0
starrail,붕괴:스타레일,14539799359,엠어게인,엠어게인이나 하시죠,5,2026-09-11T23:01:02-07:00,4.5.0
starrail,붕괴:스타레일,14533136793,저장공간 타령은 제발 ㄴㄴ,"게임 재밌고 퀄리티도 좋고 매력있는 스토리에 푹 빠져서 여태 잘 하고 있는 여행자겸 개척자입니다 !! 다들 저장공간 가지고 뭐라고 하시던데,, 원래 서브컬쳐 게임들은 이거보다 더 많이 나올때도 많구요 명조는 더 심합니다 ㅋㅋ 저장공간 가지고 무지성 뿌애앵은 하지 마시길 애초에 게임 퀄리티가 이정도로 좋은데 40기가면 낫배드구요 임무 다 밀면 저장공간 처리해서 20기가대로 줄일수 있습니다..ㅎㅎ 저장공간때문에 꺼려지시는분들 그냥 하세요 ㄹㅇ 후회 안하실겁니다",5,2026-09-10T06:29:27-07:00,4.5.0
starrail,붕괴:스타레일,14517513900,호요버스 겜 중에 가장 최고,개인적으로는 호요버스 게임 중에 운영도 가장 잘하고 재밌어요 그리고 턴제 게임이라고 욕하는 사람들은 이 겜을 안하면 됩니다. 턴제 게임이 이 게임의 포인트인데 그걸 욕하면 다른 RPG 게임을 하세요,5,2026-09-06T06:10:36-07:00,4.5.0
starrail,붕괴:스타레일,14513181893,인생게임,"처음 원신으로 서브컬쳐 입문한 뒤로 여러 게임들 해면서 정착 못하다가 처음으로 1년 넘게 한 게임이에요. 정말 장단점이 뚜렷한 게임이라고 생각합니다. 일단 장점으로는 화려한 액션과 깊이 있는 스토리라고 생각합니다. 붕괴 스타레일의 스토리는 전반적으로 다른 서브 컬쳐 게임들보다 어렵더라구요. 근데 이해만 잘하면 재미있고 거기에서 오는 감동도 큰 것 같아요. 붕괴 스타레일은 턴제 게임이라 각 캐릭터들의 평타와 궁극기 모션이 굉장히 화려하고 멋있는데요, 이러한 장점을 잘 살린 쉬운 턴제 시스템으로 입문하기도 쉽습니다. 
근데 여기서 단점이 나오는데요, 생각보다 단순한 턴제 요소로 인해서 턴제 게임을 깊게 즐기고 싶어서 입문하시는 분들은 큰 재미를 못 느끼시고 접는 분들도 많은 것 같아요. 그리고 요즘에는 좀 고쳐지진 했는데 메인 스토리를 다 밀면 콘텐츠가 부족해져서 권태기를 느끼고 접는 경우도 있고요.",5,2026-09-05T04:22:58-07:00,4.5.0
starrail,붕괴:스타레일,14497473578,게임은 복작 하고 재미도 없고 일일다 해야 하니까,나도 그렇게 이상한다,1,2026-09-01T04:33:57-07:00,4.5.0
starrail,붕괴:스타레일,14494583696,다른 건 다 좋은데,진짜 다른 건 다 좋은데 성옥 드럽게 안줌 얻는 건 몇달인데 픽업은 2주씩 열리니까 너무 빠듯함 좀 더 성옥 배포나 수급을 더 늘렸으면 좋겠음,4,2026-08-31T09:55:13-07:00,4.5.0
starrail,붕괴:스타레일,14477981753,보스에바,보스가 아니여도 메인스토리에서 적 처치하는게 너무 어려움 개척력도 제한있고 육성이 너무 어려움 캐릭터 레벨 다 80이고 광추도 80이고 행적만 부족한데 행적 부족하다고 걍 바로 페배 시켜버림..그래서 스토리 진행이 안됨 지쳐버림 그거빼곤 다 좋아요 근데 스토리가 막혀버리니까 뭘 해야될지 모르겠네요....,4,2026-08-27T05:28:36-07:00,4.5.0
starrail,붕괴:스타레일,14477969465,최고의 게임,남캐들이 재밌고 게임이 맛있어요,5,2026-08-27T05:24:45-07:00,4.5.0
starrail,붕괴:스타레일,14477039444,용량이너무커요,용량이 너무 커서 아무 것도 못하겟어요,4,2026-08-26T23:21:39-07:00,4.5.0
starrail,붕괴:스타레일,14475934324,붕스 굳,"물론 내가 잘 뽑는 거겠지만… 저는 픽뚤 생각보다 많이 안 났고 60~70뽑하면 가져갈 수 있드라고요…~~
단점은 스토리가 너무 어렵다…

하하ㅏ하 내가 스토리만 지금 몇번을 돌려조고 있는거야… 
철학적 같은데… 너무 어렵당…",5,2026-08-26T15:41:35-07:00,4.5.0
starrail,붕괴:스타레일,14473201434,제 인생게임입니다,이렇게 제 취향에 맞는 스토리는 처음이에요 제 애정을 말로는 표현 못 해서 여기끼지 적을게요.,5,2026-08-25T23:53:38-07:00,4.5.0
starrail,붕괴:스타레일,14473154360,개꿀잼,완벽함 게임도 재밌고 스토리도 고트,5,2026-08-25T23:32:47-07:00,4.5.0
starrail,붕괴:스타레일,14472937967,붕스 사랑해,진짜 왠만해선 리뷰 진짜 잘 안 쓰는데 이거 진심 제 인생 게임이에요 3년차고 복귀도 하고 계정 날라가기도 했는데 그냥 재밌어서 계속 했어요ㅠㅠ 캐릭터 뽑기가 어렵긴 하지만 그건 제가 무과금이라 그런거고 재화도 다른 호요버스 게임보다 많이 줘서 좋아요^^,5,2026-08-25T21:54:45-07:00,4.5.0
starrail,붕괴:스타레일,14472695879,살면서 서브컬쳐 게임 처음 해봄,나같경 이런 게임 너무 그뭔씹으로 느껴져서 거들떠보지도 않았는데 파이논이 자꾸 어디선가 죽여도 죽여도 돌아오는 곱등이처럼 보이길래 결국 궁금증을 참지 못하고 깔았음ㅋㅋ 게임을 좋아하는 편인데 이런 서브컬쳐 게임 자체는 처음이라 신세계였던 거 같음 초반에는 설정들이 다 그뭔씹이고 자기들 아는 얘기만 해서 뭐야? 했는데 이젠 내가 그걸 다 이해하고 있음;; 그리고 내가 볼땐 과금도 엄청 유도하는 편은 아닌듯 물론 성능충이나 빡겜러들한텐 그렇게 느껴지겠지만 나는 즐겜러고 무조건 맘에 드는 캐만 픽업하기 때문에 내가 쓰고 싶을때 현질하는편임,5,2026-08-25T20:09:26-07:00,4.5.0
starrail,붕괴:스타레일,14466516948,겜 접음,"엠포까진 그나마 괜찮았는데 이상낙원부터 너무 씹스러워짐 모델링 돌려쓰기는 그나마 흐린눈 했는데 콜라보 캐릭터들 모델링이 너무 단순하고 빈말로도 미형이라 할 수가 없을 수준임
이격 내는건 괜찮음 그런데 왜 한번 푸쉬캐로 소비했던 캐릭터 이격을 내는거임? 그리고 이격을 푸쉬캐로 낸것도 이해가 안됨 
그리고 요즘들어 계속 이격만 내는것도 별로임
용량 너무 크고 다운할때 너무 오래걸림 
한창 현질도 많이하고 스토리도 재밌게 보고 앤컨도 즐겼었는데 걍 꼬접함",1,2026-08-24T06:50:36-07:00,4.4.0
starrail,붕괴:스타레일,14458181459,잘 보일려고 5점줌,솔직히 붕스 지웠다 설치하면 리소스 다운로드 하는거 귀찮음 빠른것도 아니고 느린데 리소스 다운로드 하는거는 빼면 좋겠음..-,5,2026-08-22T03:25:23-07:00,4.4.0
starrail,붕괴:스타레일,14438908094,턴제,게임 자체는 좋은데 천재인게 아쉬움 그냥 전투였으면 진짜 5점 쌉가능 ㅇㅇ,4,2026-08-17T07:01:33-07:00,4.4.0
starrail,붕괴:스타레일,14438771980,아ㅏ..,"4픽뚫 이거 고의 아니냐고 ㅠㅠ..
물론 내 운이 없는 손가락 탓도 있지만 ㅜㅜ..",5,2026-08-17T06:22:12-07:00,4.4.0
starrail,붕괴:스타레일,14430730864,저장 공간 좀,진짜 재밋고 게임 내 퀄리티도 높음. 근데 문제 점이 저장 공간이 너무 많이 필요함.게임 하려면 저장 공간이 많이 필요한데 나는 그만큼도 없어서 플레이 하지도 못함.,4,2026-08-15T06:09:17-07:00,4.4.0
starrail,붕괴:스타레일,14427086787,사랑합니다,"붕스사랑합니다 내가 붕스를 좋아하는이유
1. 타겜보다 무료보상을 많이뿌리는것같음 버전 시작할때마다 10티켓 주는건 기본이고 최근 길가메시, 아처 배포만봐도 이미 보상이 돌아버린 게임이라는 것을 알수있음 심지어 아처는 현재 2번 배포한거라서 돈 한푼 안들이고 5성1돌? 이만큼 혜자겜이어딨냐ㄹㅇ 찬양하거라.
2. 붕스가ㅈㄴ비싸다는사람들 주목 위에서 말했듯이 이미 무료 보상을 많이 뿌리기에 이벤트 열심히하고 임무만 주구장창 밀어도 하루만에 10뽑정도는 모을 수 있는 것 같음 시간이 많이걸리는 것도 아닌게 원신과달리 스토리 스킵이 있는 것이 난 굉장히 만족스러움
3. 스토리,캐디가 이미 넘사임 선주나부 스토리는 그렇다치자 근데 앰포리어스 정말 여운이 깊게남음 11월12일 전 앰포리어스 기억하고있습니다 붕스님 이상낙원 스토리ㅈㅉ 내스타일 캐디마저도 완벽하면 다른 게임은 뭐먹고살라는거에요~~",5,2026-08-14T08:01:26-07:00,4.4.0
starrail,붕괴:스타레일,14405339776,갑자기 유치해짐,엠포에서는 엄청 우울했는데 갑자기 이상낙원에서 왤케 유치해짐…솔직히 엠포 엔딩이 많이 우울했는데 갑자기 이상낙원에서 유치해지니깐 살짝 이질감 든다고 해야하나 엠포에서 나온 캐릭들이 좀 많이 불쌍하네 5막 초반인데 스토리가 밀기 싫어졌다,3,2026-08-08T21:48:32-07:00,4.4.0
starrail,붕괴:스타레일,14389917560,쓸데없는 이벤트게임 끼워넣기가 너무 많음,캐릭터나 전투 등 재미있는 요소도 많지만 불만인 점은 메인스토리 깨는데 슈퍼마리오 모방한 너구리게임 몇번이나 해야되는건지 모르겠어요;; 멀미도 나고 스토리에 집중적인 것도 아니고 그냥 무지성 미니게임 끼워넣기때문에 오히려 스토리 미는 것도 루즈해지고 억지로 하게 되니까 재미도 없어요,3,2026-08-05T00:24:47-07:00,4.4.0
starrail,붕괴:스타레일,14378760312,엠포리어스 진짜,"결말 안말아 먹었으면 그래도 계속 하는데 엠포리어스가 남긴건 감동은 무슨 엄청난 캐릭터 인플레와 여러 문제점들…

그리고 다운 받을때 데이터 기본만 받게 해주세요…",3,2026-08-02T06:54:23-07:00,4.4.0
starrail,붕괴:스타레일,14372533929,호요 월클병을 상징하는 게임2,"원신에 이어 지들이 월드클래스인줄 알고 낸겜 2인둣 
턴제겜 주제에 bm은 미친ㅅㄲ지 30만원주고뽑은캐릭 점프도못해 반년 지나면 유통기한 끝났으니까 버려
최대장점이었던 그놈의 스토리도 결국 쓰레기통에 집어 처넣고 인플레는 점점 가속화에.. 뭐 말을말아야지",2,2026-07-31T17:01:01-07:00,4.4.0
starrail,붕괴:스타레일,14362092680,슬 벅찬데,이런식의 가챠 게임은 이제 지친다.. 호요버스도 차라리 콘솔게임 한번 내줘~,2,2026-07-29T04:33:18-07:00,4.4.0
starrail,붕괴:스타레일,14345743910,내 딸 히메코,히메코를 만나고 내 인생은 달라졌다.,5,2026-07-25T02:16:52-07:00,4.4.0
starrail,붕괴:스타레일,14330594780,재미있다,여캐가 너무 예뻐요^^,5,2026-07-21T07:39:15-07:00,4.4.0
starrail,붕괴:스타레일,14324558638,재미는있음. 돈 많으면 하셈.,"5성 캐릭 풀돌 20여개 이상 가지고 있는 나름 과금한 유저임. 재미 있긴함. 스토리도 낫배드. 

사실 돈 쓸 생각이 없어도 하려면 할 수 있긴 함. 다만 커뮤 참고를 좀 덜 하는게 행복할듯. 필자는 커뮤 특유의 올려치기 내려치기 갈드컵에 선동당해 캐릭들 한두개 빼고 최소 2돌파에 전광을 했기 때문에 하면서도 스트레스를 받았음. 한 게임에만 n천만원 쓰느라 현생 다른 취미에 영향이 가더라고..

내가 모든 캐릭 풀돌 풀중첩을 해줄수 있다? 그 정도 재력이면 왜 이 겜 하세요…? rpg랭커하러가셈…. 

무튼 어찌저찌 이상낙원까지 오픈 때부터 함께해왔지만 내게 스타레일은 페나코니까지였나봄… 더는 안되겠다. 함께해서 행복했고 다신 만나지말자!!!!",1,2026-07-19T18:46:53-07:00,4.4.0
starrail,붕괴:스타레일,14320330433,솔직 리뷰,다 좋다고 생각하긴함 그제 최애캐 뽑아서 좋았는데 어제 돌파 생각 없이 던진거에서 생각하지 않은 돌파를 하게되서 기분이 좋았음 근데 여기서 멈춰야 할것 같다는 생각이 계속들었음….내가 스토리를 다 스킵하긴 해도 이미 줄거리를 다 알고 있는데 나부때도 뭔가 별로다는 생각이 들었는데 앰포리어스 스토리… 이미 시작 전에도 스토리 다 알게됨..너무하단 생각이 들었음 그래서 버전마다 바로 나온 개척임무밖에 못밀겠음 스토리 밀기가 좀 그럼 또 인플레가 너무 심하다고 생각함 4성은 벌써 맥택 이후로 안나온지 2년 거의 다되가는데 다시 나오기는 이미 글렀음…적은 갈수록 세지는데 4성은 무슨 5성만으로 팀을 구성해야해 팀 폭이 지나치게 줄어듦 그리고 갈수록 5성도 조금씩 인플레가 시작됨 이번에 나온 히메코 노바도 너무 사기로 나오고 예전에 사기였던 기억팟도 이제는 명전으로도 빡셀정도로 최신 메타를 계속 따라가면서 돌파도 해야하니… 무과금은 매우 빡세게 해도 오히려 픽뚫나면 모든것이 수포가 되는 상황도 나타날수 있음 충분히 좋은 게임이지만 개선이 필요하고 인플레 줄일 방법도 찾아보는게 맞다고 생각함,4,2026-07-18T17:36:45-07:00,4.4.0
starrail,붕괴:스타레일,14314250210,파이논은 진리임,다들 스토리 어쩌고 인플레 어쩌고 하는데 나는 무과금 유저인데도 충분히 좋음……..크흡 픽뚫………..,5,2026-07-17T06:20:39-07:00,4.4.0
starrail,붕괴:스타레일,14313897966,최고의 반픈월드,단순한 서브컬쳐 게임을 넘어섬,5,2026-07-17T04:32:09-07:00,4.4.0
starrail,붕괴:스타레일,14307754701,기똥차게 재밌는 게임,별점 1점 준애들은 개무시하면 됨 서브컬쳐에 가려진 어마무시한 철학이 있음,5,2026-07-15T14:43:09-07:00,4.4.0
starrail,붕괴:스타레일,14307690743,너무비싸다,"가챠확률은 극악에 픽뚫이라도 나오면
정신을 잃을거같고 결국
트럭을질러야하나 싶다가도 정신나간가격에
손사래를치게만든다 심지어 재화수급도 높지도않음",1,2026-07-15T14:19:27-07:00,4.4.0
starrail,붕괴:스타레일,14306242915,재밌어요,재밌어요,5,2026-07-15T06:50:30-07:00,4.4.0
starrail,붕괴:스타레일,14304740887,최고의 게임,"뀨뀨쟁이 인생 최고의 게임
모두들 스타레일 고수가 되도록 노력하자",5,2026-07-14T21:26:08-07:00,4.4.0
starrail,붕괴:스타레일,14304136745,과금은 안하지만 제 최애겜,"여러모로 신세지고 있습니다
너무 재밌어요 사랑해요 붕스 ღ",5,2026-07-14T17:32:30-07:00,4.4.0
starrail,붕괴:스타레일,14303934827,스텔레가 세상을 지배한다,"학생인데 애들 최소 전광까지는 챙겨주려고 100만원 넘게 태웠습니다. 내 알바비 다 가져가고 좋냐 미호요? 

좋겠지… 앞으로도 잘부탁드립니다.",5,2026-07-14T16:13:10-07:00,4.4.0
starrail,붕괴:스타레일,14220798161,괜찮은 게임이지만 내 취향 아님,"게임 캐릭터 전투와 게임 내 맵에 완성도가 매우 높음. 이건 인정함 
다만 턴제 게임이다 보니 액션감을 원하는 나한테는 안 맞는 게임이었음. 
스토리도 잘 쓰다가 요즘은 갑자기 너무 이해하기 어렵고 결말도 말아먹어서 욕을 되게 먹음. 
인플레이션이 매우매우매우 심함. 1.1 때 나름 좋았던 카프카 뽑고 2.3에 복귀했는데 퇴물되어서 쓰기도 힘들어짐. as를 가끔 하긴 하지만 기본적으로는 업데이트 버전에 나온 캐릭터를 뽑지 않으면 덱의 딜이 밀리는 거 같음.",3,2026-06-24T07:20:19-07:00,4.3.1
starrail,붕괴:스타레일,14205541850,스토리 난해하고 인플레 심하지만,그만큼 캐릭터 매력적이라 하게 되네요. 라뷰~,5,2026-06-20T07:58:16-07:00,4.3.1
starrail,붕괴:스타레일,14200877883,모델링이랑 캐릭터성 스토리 다 최고!,"일단 애들 와꾸랑 코디가 진짜 예쁨
캐릭 서사들도 너무 감동이고 좋음

인플레 문제는 쿠킹덤이라는 다른 겜에서 많이 겪어서 면역 생겼음!

그리고 이런 서브컬쳐 pvp요소 없는 게임은 애정캐만 뽑는게 좋음 ㅇㅇ

황금색 로봇 대가리 재화 로빈한테 쓴 거 후회되긴 한데(곽향이나 토파즈/나찰/완매 고를걸)
암튼 스토리는 문제 없이 잘 하고 있음!

(감점 이유)

지금당장앰포리어스를구제하면아무도다치지않는다그러지않으면너희는모두죽어탐정놀이도이젠끝이다앰포리어스로돌아간다면잊지말고전해라개척자가너희의마지막을배웅했다는것을소탕시작액선원집행목표고정즉시처단프로토콜통과초토화작전집행깨어났군한참이나기달렸다우린전에만난적이있지니네유저개척자아낙사먼지한톨이다일찍이니네앞에나타나사실을알려주고싶었어하지만예상보다방해물이많더군열한차례시도했지만모두실패로끝났지그러는사이에나도모르게이세계와긴밀이연결되어각본속구속에서날수없게됐다엘리오말대로우리는이꿈의땅에서잊을수없는수확을얻게될테지나에겐그와카프카처럼사람의마음을꿰뚫어보는통찰력도은랑과블레이드처럼뛰어난특기도없다내가잘하는것대부분은불쌍히여길필요도없는악당에게만적용되지그러니내가사용있는수단도하나뿐이다네게보여주기위한거야내전부를",1,2026-06-19T04:16:14-07:00,4.3.1
starrail,붕괴:스타레일,14158868962,저장공간을 너무 많이 차지하는듯,40GB를 혼자서 처먹고 있으니 앱 설치를 못하지.,4,2026-06-08T09:02:45-07:00,4.3.0
starrail,붕괴:스타레일,14158348229,진짜 재밌어요,스토리가 너무 몰입되고 재밌어요!캐릭터 디자인도 너무 잘 만든거 같습니다!! 너무 재미있아서 한번씩 추천드리고싶은 게임이네요!,5,2026-06-08T06:26:13-07:00,4.3.0
starrail,붕괴:스타레일,14155047253,하 스토리 적당히좀 하고싶은말만해,엠포리어스 스토리밀다가 뒤질뻔했다 캐릭터팔이를 얼마나 하고싶었던건지 몇명이 주인공임? 꼭 이렇게 하나하나 다 만들어야했음? 그리고 이야기를 끝냈다싶으면 끝난줄 알았지? 하고 돌아오고 진짜 끝났다하니까 구구절절이 몇번이냐? 진짜 리뷰안남기는데 너무 빡치네,1,2026-06-07T08:49:38-07:00,4.3.0
starrail,붕괴:스타레일,14143797858,이거 ㅅㅂ 일부러 이지랄하는거임?,"뭔 뽑을때마다 ㅅㅂㅋㅋ픽뚫이 쳐나냐?
뭐 돈 쓰라고 눈치주는거임? ㄱ ㅐ ㅅㅂ 왜 나한테만 이지랄 쳐하는거임? 이거 운영자가 일부러 내 계정에만 이러는거임? ㅅㅂ 카스 뽑을때도 픽뚫나고,은랑도 픽뚫나고, 전광도 픽뚫나고,효광도 픽뚫나네ㅅㅂ 복귀유저면 잘해줘야 하는거 아니냐? 계속 연속으로 픽뚫만 ㅊ 나네ㅅㅂㅋㅋ",5,2026-06-04T10:49:18-07:00,4.3.0
starrail,붕괴:스타레일,14131133410,꼬순내,약간 강아지의 꼬순내 같은 게임,5,2026-06-01T06:05:14-07:00,4.3.0
starrail,붕괴:스타레일,14130780989,인플레,너무 심해서 웬만큼 돈 쓸 각오한 성능충 아니면 그냥 애정으로 하시는거 ㅊㅊ,3,2026-06-01T04:10:16-07:00,4.3.0
starrail,붕괴:스타레일,14130183955,캐릭터가 매력적이에요,턴제게임 특유의 인플레 때문인지 캐릭터가 많이 출시 되는데 다양한 캐릭터들 덕분에 취향따라서 잡을 수 있고 4성캐가 요즘 출시 안되는 추세인데 5성 캐릭터는 출시할때마다 스토리나 전투상으로 접대를 받는다던지 pv를 받는다던지 해서 파먹을 요소도 많다고 생각합니다 pv 퀄리티도 좋고 음악도 좋아서 더 매력적이라고 생각하네요,5,2026-05-31T23:56:51-07:00,4.3.0
starrail,붕괴:스타레일,14127743519,인생게임,게임성보다는 스토리 때문에 인생게임,5,2026-05-31T08:45:00-07:00,4.2.0
starrail,붕괴:스타레일,14126735042,재투자하는지 의심됨,이젠 게임인지도 의심됨,1,2026-05-31T03:20:06-07:00,4.2.0
starrail,붕괴:스타레일,14118477932,재밌음,재밌음,5,2026-05-29T00:11:57-07:00,4.2.0
starrail,붕괴:스타레일,14107471372,지랄이다,기물락 ㄱㅅㄲ들 진짜 ㅈㄹ,1,2026-05-26T02:32:09-07:00,4.2.0
starrail,붕괴:스타레일,14093041548,게임 최적화 필요!!,"게임 최적화를 해주시고, 게임 모바일 핸드폰 데이터용량을 줄여주세요ㅠㅠ 
게임 최적화와 게임 모바일 핸드폰 데이터용량 줄여주시길ㅠㅠ
에어와 오류와 렉과 튕김버그와 버그 빠른 개선 부탁ㅠㅠ",5,2026-05-22T07:01:16-07:00,4.2.0
starrail,붕괴:스타레일,14090437586,씹덕은 확실히 돈이 된다,"내 인생 최고의 RPG게임…
나이 먹고 이런 뽕맛을 언제 느낄 수 있을까
다만 용량이 클 뿐…
과금러는 아니지만, 소액으로 성옥도 차곡차곡 모으고 있다
섭종까지 함께하자 파이논 키레네",5,2026-05-21T12:45:36-07:00,4.2.0
starrail,붕괴:스타레일,14089277470,아니 화폐전쟁 누가 만듬??,아니 화폐전쟁 처음에 즐겁게 하는데 왜 갑자기 지멋대로 전투 종료함?? 억울하게 체력 깎여서 존나 억울하네,2,2026-05-21T06:22:34-07:00,4.2.0
starrail,붕괴:스타레일,14075741420,똥개훈련 ㅈㄴ 시킴,스토리 미는 재미로 하긴하는데 별거 아닌거같은 잡퀘도 조뺑이를 왤케 많이 치게 하는지 모르겠네여;;,4,2026-05-17T11:26:13-07:00,4.2.0
starrail,붕괴:스타레일,14048347055,비쌈,"돈 많이 쓰긴햇는데 게임이 타게임 대비해서 너무 비쌈 ㅋㅋ  
퀄리티도 점점 갈수록 떨어지고 았고 캐릭 쌀먹도 많아짐
계속 하긴할거지만 다른사람한테 추천은 안할듯",2,2026-05-10T02:41:04-07:00,4.2.0
starrail,붕괴:스타레일,14048230646,캐릭터 6개월간 대여하는 가격 30만원,정신차려라 ㅋㅋㅋ,1,2026-05-10T01:51:32-07:00,4.2.0
starrail,붕괴:스타레일,14045150568,몇 잘만에 만렙 된 유저의 평가,"스토리에서 가끔 박는 거 빼면 괜찮음, 재화는 무과금이면 많이 얻기에는 힘듬",5,2026-05-09T06:18:22-07:00,4.2.0
starrail,붕괴:스타레일,14043125452,연예인 게임,게임이 모델 보는 느낌.현질을 않할수가 없음.,1,2026-05-08T15:49:27-07:00,4.2.0
starrail,붕괴:스타레일,14031362252,적당히 쳐 해야지,픽뚫4번연속이면 확률이 이상한거 아니냐? 적당히 쳐 해야할거 아니야 진짜 하기 싫어지네,1,2026-05-05T08:50:26-07:00,4.2.0
starrail,붕괴:스타레일,14024013737,인플레이션,"주인공이 웃기고 마음에 들어서 계속 하고는 있다만 인플레이션이 너무 심하다고 생각된다
뽑기 확률은 좋다. 한정 캐릭터 대부분은 무과금으로 한 버전당 2명정도는 뽑을
수 있는것 같다",4,2026-05-03T07:47:25-07:00,4.2.0
starrail,붕괴:스타레일,14023797503,요,재밋긴한데 인플레너무 심함,4,2026-05-03T06:42:05-07:00,4.2.0
starrail,붕괴:스타레일,14019061232,최고,방망이,2,2026-05-01T23:33:47-07:00,4.2.0
starrail,붕괴:스타레일,14014953606,아,ㅏ,5,2026-04-30T20:23:59-07:00,4.2.0
starrail,붕괴:스타레일,14011491984,ㅇㅇ,잼남,5,2026-04-29T21:10:24-07:00,4.2.0
starrail,붕괴:스타레일,14006808387,재미뜸,👍,5,2026-04-28T12:21:40-07:00,4.2.0
starrail,붕괴:스타레일,14006161694,아니 님? 확률 이거 맞?,개발자님들아. 이 게임 시스템이랑 퍼즐은 할 만 하고 컨텐츠도 재밌어서 요즘 달리는 중인데 확률이 이게 맞음? 내 최애캐 뽑으려고 성옥 거의 14000개 이상 썼는데 하나도 안나오는거 실화임? 제발 확률좀 올려주거나 성옥좀 뿌려주세요. 자꾸 하도 아무것도 안나오는 뽑기 하고나서 밤마다 운다ㅠㅠ,5,2026-04-28T08:28:21-07:00,4.2.0
starrail,붕괴:스타레일,13994190893,ㅅㅂ 이게 말이됨?,"아니 ㅅㅂ 상대적은 개쳐셈고 내 팀쪽은 약한데 이게 말이되냐고,,",2,2026-04-24T21:34:57-07:00,4.2.0
starrail,붕괴:스타레일,13987924936,아이패드 프로 멈춤 현상,게임을 하다가 갑자기 멈추는데 이유가 뭘까요?👀,5,2026-04-23T02:20:40-07:00,4.2.0
starrail,붕괴:스타레일,13983553922,강원고 안지우의 선택,너무 좋아요 저희 아들이 재미있게합니다,5,2026-04-21T18:52:34-07:00,4.2.0
starrail,붕괴:스타레일,13981853153,개척자 성별전환 기능 좀,스텔레 유저입니다 스텔레도 귀엽고 이쁘지만 때로는 카일루스의 똘기넘치는 면모도 보고싶습니다 그러니 호요는 들어라 당장 개척자의 성별전환 기능을 넣어두도록.,4,2026-04-21T07:32:30-07:00,4.1.0
starrail,붕괴:스타레일,13953738768,돌아와 파이노ㅗㅗㅗㅗㅗㄴ,"널 풀돌시킬때까지 멈추지 않겠어. 난 이 고통을 기억해야만 해. 따웨이거 지금 당장 파이논을 데려와 그렇지 않으면 너흰 죽어 샤오지ㅣㅣㅣ파이논에게 여명을 가져다주라고 젠장ㅇㅇㅇㅇ아이고 케빈사마 어째서 여기서도 고통받으십나이까 제가 나찰 오토 모가지를 따드려야 하겠나이까 애니화에서 파이논 안 보이면 본사 쳐들어감 미호요 딱대 파이논 굿즈 회사에 절반 이상 안 보이면 너희를 파멸로 파멸시켜주마 이잉ㅅ 피안의 파며ㅕㅕㄹ!!!!!!
참, 그래서 스효스등에서 은랑 넣고 뭐 빼야 할지 추천 좀",5,2026-04-13T07:15:52-07:00,4.1.0
starrail,붕괴:스타레일,13927390363,데자뷰,"픽뚫이 하도 심하게 나서 계정을 버리고 새로 만들었다

픽뚫이 하도 심하게 나서 계정을 버리고 새로 만들었다

픽뚫이 하도 심하게 나서 계정을 버리고 새로 만들었다",1,2026-04-05T20:49:11-07:00,4.1.0
starrail,붕괴:스타레일,13899027421,양날의 게임이에요,"스토리가 붕스의 핵심이라 봐도 무방한데, 문제는 이 스토리에 대한 배경지식이 제로에 수렵하면 뭐가 뭐고 이해가 전혀 안 됩니다. 당연히 재미도 없고요, 매 행성 챕터 스토리 개방 전에 인터넷 뒤지면서 고유명사나 내용 미리 숙지하고 있어야 이해가 될 정도예요… 특히 앰포리어스 부분에선 비유법을 더럽게 많이 씁니다. 이 게임에선 대사 한마디 한마디가 퍽이나 중요한데 뭐라고 하는질 도통 모르겠으니 인터넷 돌려보며 해석본을 봐야 그나마 머리에 들어옵니다… 그럼에도 이런 점을 감안한 뒤 스토리를 감상하면 꽤 잘 읽힙니다. 재밌기도 해요, 붕스만의 고유명사 + 스토리 진행방향 + 입체적인 인물 등등으로 정말 흥미롭게 느껴집니다. 이해가 힘들단 단점이 너무 커서 그렇지… 자기가 시간 빌게이츠다 + 국어 문학파트 자신있다 하시는 분들이 해보셨으면 좋겠네요.",5,2026-03-29T00:40:20-07:00,4.1.0
starrail,붕괴:스타레일,13888555306,붕스 그저,"고트라 할수 있다 아무래도 턴제
싫어하고 무조건 싫어할만한 메커니즘 게임에 내가 몇백을 박고있다는게 놀라울 정도. 옆집 디테일 미쳤고 캐릭터 존예 게임은 가챠가 개 창렬이지만 이 게임은 픽업 확률이 56% 46%로 픽뚫나도 상시캐목록에 픽업캐도 넣어서 그 중에서 랜덤으로 나오는 시스템이라는 사실 이론상 개 혜자게임임 최근 스파키까지 뽑으면서 카스팟 파이논팟 더르파팟 환락팟으로 4파티를 완성했는데 제가 또 성능충이라 0티어 캐만 뽑아서 보유캐릭터가 50개가 되었어요! 하하 뇌가 녹은거죠 다 붕스 해 쇼1발 다운 받으라고 당장",5,2026-03-26T04:10:13-07:00,4.1.0
starrail,붕괴:스타레일,13883540158,개갓겜,15세로 늘려라ㅏㅏㅏㅏㅏ,5,2026-03-24T16:15:33-07:00,4.1.0
starrail,붕괴:스타레일,13883470446,꼭 하세요!,"붕괴: 스타레일 초짜 입니다. 
처음 하는건데 말하지만..갓겜입니다!
친추하고 친하면 메시지도 주고 받을수있고, 전투도 퀄리티가 높아서
할 맛이 나요. 짧게 마무리 하겠습니다.
꼭 해주세요> <",5,2026-03-24T15:46:41-07:00,4.1.0
starrail,붕괴:스타레일,13883195532,시즌별 파워인플레가 너무심함,"제작진이 밀어주고싶은 캐릭터가 너무확실해서 꼴뵈기싫고 메타는 밀어주는 캐릭터, 신캐추가될때마다 바뀌는수준 중소과금유저가 그거 따라가려면 마음의 병만 얻으니 적당히 좋아하는 캐릭터 보면서 천천히 해야함",4,2026-03-24T13:54:39-07:00,4.0.0
starrail,붕괴:스타레일,13866945847,ㅋㅋ,느그데이모스파츠내놔,5,2026-03-19T22:51:31-07:00,4.0.0
starrail,붕괴:스타레일,13829720379,퇴물겜,하지마셈,1,2026-03-09T03:33:09-07:00,4.0.0
starrail,붕괴:스타레일,13823178757,재밌어요!,"제 인생겜이에요… 스토리도 좋고 캐릭터도 다양해서 좋아요. 리딤코드나 출석체크를 써서 뽑기 재화를 얻을 수 있다는 점이 좋은 것 같아요! 아쉬운점은 저장공간 문제에요… 다른 호요버스 게임들도 업데이트 했을 때 용량을 많이 차지하지만, 그 중에서 붕괴 스타레일이 제일 심해요… 모바일로 하시는 분들은 저장공간 많이 만들어놓으세요ㅠㅠ 그래도 게임성이 뛰어나서 고민중이신 분들은 설치하는 거 추천드려요!",5,2026-03-07T05:39:36-07:00,4.0.0
starrail,붕괴:스타레일,13802325569,솔직히 진짜 무과금으로도 할 수 있는 게임임,임무 다돌고 이벤트 다돌고 전리품 강적 다 깨고 히든임무까지 하면 현질안하고도 200장은 넘게 모아요 다만 그정도로 게임에 애정과 집착을 쏟아부을 수 없는 사람들이 무과금으로 못한다고 하는게 좀 웃기네요 돈 한푼 내지 않고 엔컨에서 0라클 바라는겁니까? 무과금으로 성옥 수급 빡세다해도 할만한데 거를캐 거르고 접대캐만 뽑거나 애정캐만 뽑아도 충분히 할 수 있는데도 불구하고 픽뚫 없애달라는 리뷰가 참 웃기네요 물론 스토리는 별개겠지만..,4,2026-03-01T05:49:18-07:00,4.0.0
starrail,붕괴:스타레일,13795085344,일단 재미있게 플레이는 하는디,와 원신이랑 붕괴 깔고 뭐 로그인하고 이것저것하다가 아이패드 저장공간으 봐보니.. 절반은 차지한것 같더라고요ㅎㅎ(으어어ㅓㅓ) 둘다 무슨 40GB가 넘어가길래 와 진짜 깜짝은 놀랐습니다.. 그래도 재미있게 플래이 중 입니다!,5,2026-02-27T06:52:41-07:00,4.0.0
starrail,붕괴:스타레일,13786987781,인생게임💌,말이 필요 없돵… 제가 앞으로 붕스보다 더 좋아하는 게임을 만날수가있을까요? ｡ﾟ(ﾟ´Д｀ﾟ)ﾟ｡ 사랑해여♡❤︎,5,2026-02-25T02:12:01-07:00,4.0.0
starrail,붕괴:스타레일,13781030247,굳,스토리도 가끔 망하지만 재밌고 요즘 캐릭터 모델링도 신경쓰는게 보여서 좋습니다!,5,2026-02-23T08:39:27-07:00,4.0.0
starrail,붕괴:스타레일,13776178606,리딤코드 문제,리딤코드 게임센터 로그인 하면 어떻게 입력 하냐 홈페이지 가서 히려고 해도 못함,1,2026-02-22T00:46:58-07:00,4.0.0
starrail,붕괴:스타레일,13763632921,재밋어용,원신 붕괴써드 젠존제 다 해봤고 다른 rpg게임도 많이 해봤는데 확실히 캐디는 호요버스가 제일 오타쿠들 심장 떨리게 하는 듯 아낙사 너무 잘생겼어염ㅎㅎ 페나코니쯤에서 취향타서 지루해가지고 지웠다 깔았다 자주 했었는데 결국엔 붕스가 제일 저한테 잘 맞더라고요 몇개월만에 복귀했는데 앰포리어스 너무ㅜㅜ재밋어용 근데 정말정말 아쉬운 점은 개척자 성별을 바꿀 수 있는 기능이 추가되면 완전 만족할 듯.ㅎ,4,2026-02-18T11:36:40-07:00,4.0.0
starrail,붕괴:스타레일,13752746907,카드게임,매칭 좀 잘 잡아라 개빡친다 복귀했는데,1,2026-02-15T10:17:16-07:00,4.0.0
starrail,붕괴:스타레일,13752015386,키레네살려줘요,스토리다시써샤오지,5,2026-02-15T06:25:37-07:00,4.0.0
starrail,붕괴:스타레일,13750656942,업데이트하고 데이터로 접속이 안됨,왜이러죠ㅠㅠㅠ,3,2026-02-14T20:48:24-07:00,4.0.0
starrail,붕괴:스타레일,13746960917,갓겜,1트만에 5성흑칠이 뽑고 꿀빠는 유저 입니다.점프가 없지만 역시 호요버스가 만들어서 시간 가는줄 모르고 계속 하게됩니다,5,2026-02-13T20:27:09-07:00,4.0.0
starrail,붕괴:스타레일,13745349944,게임성이ㅜㅜ좀,스토리 너무 길고 내가 지금 게임 스토리를 읽는건지 그냥 소설 읽는건지… 너무 질질끌어서 별로임 뭐 이거까진 ㄱㅊ 근데 스토리 안보고 단순 게임만 하기엔 콘텐츠가 너무 부족함… 신캐는 나올때마다 뽑아야하고 이벤트 다하면 할거없고 지맥돌고 섭퀘 해야하는데 섭퀘도 썩 재밌지 않고.. 그냥 게임성이 너무 떨어지고ㅜㅜ 아무리 오타쿠겜이여도 일단 게임이라고 못 박았으면 그 부분도 챙겨줬어야하는거 아닌가…,1,2026-02-13T09:30:29-07:00,4.0.0
starrail,붕괴:스타레일,13745051478,엄 원신이 나음,원래 호요버스 첫 입문이 붕괴 스타레일인데 자유도가 너무 낮아서 컴퓨터 게임으로 하기엔 너무 지루함 처음엔 재밋게 했는데 어느 순간부터 ㅡㅡ,2,2026-02-13T07:52:24-07:00,4.0.0
starrail,붕괴:스타레일,13743917175,용량 왜이러냐,"아니 있는거 없는거 다지웠는데 용량부족;
이러면 ios 유저들은 어떡하라는거임
모바일은 이제 겜도 못함?",5,2026-02-13T00:48:34-07:00,4.0.0
starrail,붕괴:스타레일,13743785106,인플레가 너무 심함,아무리 턴제게임이라 태생적으로 인플레가 심하다고 해도 요겜은 너무 심각함. 1버전만에 사기라고해서 돈주고 뽑았던 내 캐릭터가 퇴물이 됨 메타 변화가 너무 극단적임,3,2026-02-12T23:43:20-07:00,4.0.0
starrail,붕괴:스타레일,13743465664,엠포리우스 이것밖에 안되나,"옆집겜들에 비교하면 확실히 스토리가 많이부족함..
전개도 연출도 컷씬 퀄리티도 옆집겜하다보니 눈이높아져서 이젠 많이 아쉬운편
페나코니부터 스토리 좋아졌다곤 하지만
기존 선주나부23점 정도의 스토리가 47점 정도 되는 스토리가 된정도임
엠포리우스는 더내려가서 40점정도됨",3,2026-02-12T21:00:59-07:00,4.0.0
starrail,붕괴:스타레일,13743293344,너무재밌음,"너무 재밌어요
근데 캐릭터 인플레이션만 해결해주면 더 좋을듯",5,2026-02-12T19:37:38-07:00,4.0.0
starrail,붕괴:스타레일,13743215024,비싼돈주고 할 가치가 없음,"스토리가 개쩌는 것도 아니고
회사가 밀어주는 푸쉬캐 아니면 금방 도태됨",3,2026-02-12T19:02:43-07:00,4.0.0
starrail,붕괴:스타레일,13743162088,아니 업뎃할때 저장공간 에바임..,"솔직히 난 그냥 즐겜유저라 인플레 뭐고 상관없이 캐릭터 이쁜얘 뽑고 파츠 뽑고 그래서 게임에 대한 불평은 없는데 업뎃에서만 문제가 ㄱ ㅐ 많음.. 이번 4.0업뎃하려는데 40GB넘게 쓰는게 진짜 에바임ㅁ,, 그래도 전엔 32GB까지만 올라가길래 그나마 괜찮았는데 40GB는 에바임 ;;;;;ㅜ 하고 싶어도 저장공간 없어서 못하는게 진짜 ㄱ ㅐ슬픔.. 안그래도 내 패드 구려서 64GB밖에 못쓰는제 시스템 걔만 해도 14GB잡아먹어서 남는게 10GB에 나의 모든앱들은 거기다가 정리해야지 이 앱 하나 업뎃할 수 있음.. ㅅ ㅑ 갈 좀 나처럼 불쌍하게 저장공간 없는 유저를 위해서라도 좀 나눠서해주는 그런거라도 있음 좋겠음…",1,2026-02-12T18:39:43-07:00,4.0.0
starrail,붕괴:스타레일,13743118962,인생게임,인생게임,5,2026-02-12T18:21:26-07:00,4.0.0
starrail,붕괴:스타레일,13743084304,어벤츄린 스킨 내주세요,어벤츄린 스킨 내주세요,4,2026-02-12T18:06:45-07:00,4.0.0
starrail,붕괴:스타레일,13742941671,야호,잼있어요,5,2026-02-12T17:05:39-07:00,4.0.0
starrail,붕괴:스타레일,13742743010,행복,행복,5,2026-02-12T15:38:59-07:00,4.0.0
starrail,붕괴:스타레일,13742690893,개임은 재밌음,근데 스토리 때문에 기대그 안됨. 키레네 살려내고 말 좀 똑바로 하세요 비유법 진짜 이해가 안가니까,5,2026-02-12T15:15:43-07:00,4.0.0
starrail,붕괴:스타레일,13737094480,저장공간 3인방,"저장공간 3인방을 모두 플레이 하고 있는 유저입니다, 로프꾼, 개척자, 여행자로 게임을 하면서 질린적이 없어요 너무 재밌습니다!!
강추드려요",5,2026-02-11T02:20:59-07:00,3.8.0
starrail,붕괴:스타레일,13727722493,붕스 제발,"안녕하세요 붕스 굉장히 잘 즐기고 있는 유저입니다. 하지만 게임이 인기 있는 만큼 문제점도 정말 많은데요. 일단 기존 캐릭터들을 버프를 해주던가 A/S를 자주 해주셨으면 합니다. 솔직히 열심히 뽑은 캐릭터가 한 버전 올라갔다고 바로 못 쓸 상태가 되는 건 전부터 계속 되어왔었잖아요. 이건 아니라고 봅니다. 뽑은 만큼 애정이 가고 해야 하는데 성능이 안 나오니 손이 안 가고 정말 쓸 애들만 쓰고 3.8버전도 황금의 후예 아니면 엔간한 건 거의 다 힘을 못쓴다고 느껴졌습니다. 그리고 스토리도 페나코니까지 괜찮았잖아요, 앰포리어스 왜 그런 겁니까.다시 말해 제발 캐릭터 밸런스 좀 맞춰주세요 키레네 히아킨 쟤네 보세요. 쟤네 때문에 배너 놓친 유저들은 얼마나 억울합니까. 한정 5성이라는 건 이해가 되지만 그래도 밸런스만큼은 잘 조정해 주셨으면 합니다. 붕스 재밌어요.",5,2026-02-08T10:15:27-07:00,3.8.0
starrail,붕괴:스타레일,13724934524,할거면 명함만 뽑고 광추도 뽑지마셈,"이게임은 딜 인플레가 정말 강한 게임임. 캐릭터 명함이 전 캐릭터 6돌보다 강한 일들이 정말 많음. 그래도 재미는 있으니 스토리보고 신캐들 명함만 뽑아서 하는건 정말 강추. 광추조차 없어도됨. 특히 히아킨은 명함만 있는데도 어벤 1돌 광추2재보다 더 강함. 쩝…. 
-아케론 6돌하고 지금은 파이논 명함보다 약한걸 느낀 사람이-",1,2026-02-07T16:31:41-07:00,3.8.0
starrail,붕괴:스타레일,13715106289,재미는 있음,인플레가 최신캐 안뽑으면 꼽다못해 앤컨 못깰 수준으로 강해짐 그렇다고 신캐 뽑는다고 성능 좋은것도 보장 못함 후에 서폿 수급도 차별적으로 해줘서 겜을 하는건지 주식을 하는건지 모르겠음 스토리 전개방식이 중겜 특유의 비문학체 때문에 이해 ㅂㄱㄴ일 때 많음 페나코니 빼고는 스토리는 무난한데 반은 이해 못하고 넘어감 캐릭터들 매력은 있긴 함 그래서 2년째 못빠져나오고있음 조심하시길,3,2026-02-05T02:29:33-07:00,3.8.0
starrail,붕괴:스타레일,13695912310,물려버림,스토리 보고 비싸도 했는데 이젠 스토리도 없음 ㅋㅋ,1,2026-01-30T23:59:16-07:00,3.8.0
starrail,붕괴:스타레일,13681653254,80유저가 남기는 글,1.0부터 해왔는데 솔까 인플레 심해요 그리고 스토리는 어쩔땐 좋은데 어쩔땐 구려요 너무 해학적이고 못알아듣게 설명해요 했던 말 또하고 또함 장점은 캐릭터가 너무 매력적임 뽑고싶게 만듬 최적화 잘되어있음(그리고 제가 리뷰를 읽어봤는데 픽뚫 그건 사람마다 운빨? 그런게 달라서 어쩔 수가 없음 전 50뽑만으로도 에버나이트 1돌전무함 그리고 이 그래픽에 스토리양에 필드면 저장공간은 감수해야 하는거임.. 요즘 서브컬쳐겜중에 스타레일이 그나마 용량이 작은거...),5,2026-01-27T06:35:30-07:00,3.8.0
starrail,붕괴:스타레일,13670630650,이게 왜 안돼냐,게임 해보고 싶어서 아이폰으로 다운로드 할려고 하는데 충분한 용량인데 불구하고 계속 용량 부족으로 떠서 할 수가 없네요. 이게 왜이리 용량을 잡아먹냐;;;,3,2026-01-24T07:54:47-07:00,3.8.0
starrail,붕괴:스타레일,13651217419,하면 할수록 지쳐가는,게임,3,2026-01-19T03:34:40-07:00,3.8.0
starrail,붕괴:스타레일,13647925514,앰포리어스,ㅆ@발 내 이쁜이들 살려내,5,2026-01-18T06:33:43-07:00,3.8.0
starrail,붕괴:스타레일,13642676981,갈수록 실망스러운 겜,"2년 반 동안 해보며 느낀점
: 스토리 진행 할 수록 지루해지고 너무 깊어짐>>>>그래서 결국 스토리 보는건 포기하게 되고 스킵만 때림.
-개성없는 캐릭터 디자인과 성격
다 아무겜이나 가서 볼 수 있을 정도로 흔함 더이상 캐릭터 수집하고 싶은 욕구도 안듦.
-매 버전 밀어주는 캐 안 뽑으면 스토리 제외 다른 컨텐츠 진행하기 힘들어짐 거기에 좀만 시간 지나도 바로 퇴물됨.
-자체적으로 창작을 못함
어째 몹 부터 시작해서 표절을 여기저기에서 해오는지 무조건 순수창작 하라는 말은 아니지만 그렇다고 이렇게 대놓고 표절하는건 진심 윤리의식 팔아먹은거로밖에 안보임

시간낭비 하지말고 다른겜 플레이 하시길",1,2026-01-16T22:38:37-07:00,3.8.0
starrail,붕괴:스타레일,13638868404,잘 쓴 스토리를 왜 굳이 돌아와서 망쳐두는거임,"페나코니는 명작은 아니어도 못해도 평작 이상은 나오는 무난하게 좋은 스토리였는데 양옆에 나부, 엠포라는 그냥 뱀과 용두사미를 두고 굳이 왜 얘 스토리를 바꾼건지 모르겠음. 물론 페나코니 시절 자체가 거대한 반디접대 그 자체인건 맞는데 그래도 굳이 다른 캐릭이 한 일들까지 부정하고 얘걸로 만들었어야 했나 하는 생각이 듦. 그리고 앰포는 그냥 샤오지 해고할 사유로 충분함. 스토리는 지루하고 현학적인데 개연성도 무너지고 연출로 때우자니 npc 쌀먹이 많아서 그것도 뭔가 애매하고 그냥 답이 없음. 앰포 한 중반까지 와서 고점을 찍어뒀고, 어찌보면 붕3 유입을 위한 수단으로 충분한 스토리라고 생각했는데 여기서 갑자기 2버전 반디접대처럼 키레네 접대시즌을 억지로 만들려했음. 반디는 그나마 초반부터 쭉나왔고, 서사의 주인공은 개척자, 즉, 플레이어라는 이미지를 형성함으로써 주인공이 성장하는 과정을 잘 보여줬기에 가능한 접대였음에도 샤오지는 그냥 지 스토리라 잘됐다 생각한거같음. 애초에 주인공이어야할 개척자가 파이논과 키레네라는 두 주인공의 서사의 관찰자인 시점에서 얘네 둘이 개척자에게 영향을 줄만한 행동을 보였어야 했음. 그러한 점에서 파이논은 꽤 잘 퇴장했는데 키레네때 연출쌀먹부터 지루하고 현학적인 쓸모없는 글들로 도배된 스토리로 무난하게 쌓은 탑을 무너뜨려버림. 개척자가 주인공도 아닌 상황이면 차라리 그만큼 다른 주인공의 멋진 모습을 부각해주던가 그것도 아니고 그냥 그 긴거 하나 써재끼고 반지끼워줬도르 엔딩을 내버림. 차라리 감동을 잘 줬으면 모르겠는데 붕3 유저들도 간신히 이해할 이상한 스토리와 더 이상한 문체때문에 스토리 내내 그냥 빨리 꺼졌으면 좋겠단 생각 뿐이었음. 스토리만 봐서 이정도인거고 캐릭터 접대나 몹, 캐릭터 인플레쪽으로 가면 할말이 넘쳐나게 많음. 일단 기존 캐릭의 상위호환으로 출시해 엔드컨텐츠 접대로 다른 캐릭은 깨지도 못하게 만들고 엠포에서는 그놈의 붕3 빨아주기를 위해 모든 캐릭 5성이라는 기막힌 판단을 해버림. 4성 캐릭은 5성 캐릭의 열화판이자 대체제로써의 역할을 수행해야 하는데 이 역할을 해줄 4성이 안 나오니 5성캐의 대체제가 그나마 기억 척자정도뿐임. 이러면 유저들은 캐릭터를 더 뽑아야만 제성능이 나올 수 있는거임. 접대부분은 체력딜러 접대로 몹들 딜량을 어지간한 애들은 못 버틸정도로 올려버렸고, 캐릭터 딜량 인플레로 대충 1버전 전캐릭들조차 퇴물취급을 받게됨. 이런 상황에서 어떻게 플레이어가 캐릭을 뽑으라는거임? 어차피 인플레로 대체당할텐데. 그냥 돈 벌고싶어서 안좋은 판단만 일삼다가 민심 나락가고 망한거임.",3,2026-01-15T22:40:48-07:00,3.8.0
starrail,붕괴:스타레일,13624317934,개인 의견,"자 제가 요즘 할게 없어 여러 게임을 했는데 모든 게임을 하다보면 다
접었는데 이겜은 전 재미있는 것 같아요
지금 오랬동안 열심히 하고 있고요
캐릭터 사우드나 디자인 등 다 not bed
이고 조금 아쉬운 점은 재화 모으기가
좀 힘들고 저도 첫 시작은 이벤트 보상
먹기가 힘들어 그점인 재화 하고
이벤트 보상을 좀더 늘려 주시면 좀더
완성도가 높은 게임이 될꺼에요!!",5,2026-01-12T01:23:12-07:00,3.8.0
starrail,붕괴:스타레일,13620369411,쌀먹좀 적당히 하시길,"모션,캐릭터 등과 연출 임팩트 너무 아쉽네요 그리고 페나코니를 왜 다시 와서 오히려 감동도 사라짐 맵 쌀먹에ㅋㅋㅋ 스토리 밀다가 연출 디자인에 어이가 없어서 삭제합니다",1,2026-01-11T01:07:04-07:00,3.8.0
starrail,붕괴:스타레일,13608189141,제발좀…,아니 옆집 명조는 Mac버전 만들어주는데 왜 안만들어 주는 것이오. 이 호요버스야. 제발 Mac버전 만들어 줘…,4,2026-01-07T22:45:04-07:00,3.8.0
starrail,붕괴:스타레일,13600765007,저 결혼 합니당,"실례지만 마이데이와 결혼을 해도 될싸요? 아 너무 잘생겼어요ㅠㅠㅠㅠ 아ㅠㅠㅠ 왜 죽여ㅠㅠㅠㅠ 진짜 원신하다 스타레일 해본건데 진짜 스토리도 너무 좋고 다 이쁘고, 잘생기고 다 해요 진짜ㅠㅠㅠ 스토리 너무 슬퍼ㅠㅠㅠ 진짜 추춴추춴",5,2026-01-06T00:54:09-07:00,3.8.0
starrail,붕괴:스타레일,13598909869,인생게임,"오픈 때부터 정말 오래 게임하며 계정 3개 정도를 같이 돌리고 있는 사람입니다
이번 엠포리어스 스토리 때문에 당분간은 명조에 전념할 생각이지만 턴제 기준에서 그리 심각한 인플레를 가지고 있는 게임은 아닙니다.

물론 인플레가 없는건 아닙니다.그러나 0라클이 아닌 클리어 기준에서 보면 4성을 넣고도 클리어가 가능합니다.그저 몇천, 몇만원 투자하며 세팅도 제대로 안하고 0라클 바라는 사람들이 리뷰에 왜 이렇게 많은지 잘 모르겠네요.

또 재화도 자매겜인 원신에 비해 훨씬 많이 줍니다.서브컬쳐에 인생을 바친 삶을 살고 있는만큼 여러 게임을 많이 해왔습니다.흔히 인기있는 서브컬쳐라 불리는 원붕명젠에서는 명조 다음으로 재화량이 많지 않을까 생각합니다.

마지막으로 스토리입니다.솔직히 엠포리어스 엔딩이 너무 엿같이 끝나서 그렇지 저는 선주 때도 스토리가 꽤 괞찬다고 생각했습니다.대가리 빼고 보지 않는이상 이해 안되고 지루하고 현학적인 스토리도 아니구요.스토리에 대한 비판이 많을 이유는 지극히 주관적인 입장에서 굳이 없다고 생각합니다.

이상 오픈 유저의 리뷰였습니다.긴 글 읽어주셔서 감사합니다.(스토리 스킵 좀 넣어주세요, 부계정 키울 때 너무 오래걸립니다:D)",5,2026-01-05T12:09:24-07:00,3.8.0
starrail,붕괴:스타레일,13570958697,아낙사 선데이 나찰 경원 단항 레츠고,왜실제로존재안함?아낙사복귀언제함?경원복귀언제함?선데이이번에복귀뽑아야하는데ㅠ,5,2025-12-29T16:51:49-07:00,3.8.0
starrail,붕괴:스타레일,13543058801,Cân bằng,Ngoài power creep ra thì còn được cái cty michos vừa ngu vừa ăn hại,1,2025-12-22T09:16:33-07:00,3.8.0
starrail,붕괴:스타레일,13534019980,이겜이 왜 인기있는지 모르겠다,턴제로서의 게임성? 전략이고 뭐고 그냥 시즌마다 밀어주는 거대한 접대게임이다. 밀어주는 캐릭터 뽑으면 오토 돌려도 밀리고 아니면 못깸. 캐릭터 모델링? 솔직히 요즘 다른 게임이 모델링퀄 더 좋다. 쉐이딩도 옛날방식이라 깔끔하지 않음. 스토리? 지루하고 현학적임. 세계관 설정 열심히 파면서 봐도 작가의 스토리텔링 능력이 처참하다. 캐릭터들 끼리 그냥 자기들만 아는 이야기 하고있음. 진짜 후반부에 연출과 음악 뽕맛으로 떡칠해서 마무리하는 식으로 매버전이 반복되는데 솔직히 이젠 지친다.,1,2025-12-20T00:30:07-07:00,3.8.0
starrail,붕괴:스타레일,13526507987,용량을 좀 줄이게 해주세요.,제발좀 부탁드릴게요.,5,2025-12-17T23:16:29-07:00,3.8.0
starrail,붕괴:스타레일,13526505735,인생겜 자부,"앰포도 좋았고, 페나코니도 너무너무 잘 즐겼던 인생겜임.",5,2025-12-17T23:15:24-07:00,3.8.0
starrail,붕괴:스타레일,13524392033,뭐 스토리 그렇게 좋다 이지랄 하던 갓겜충들 믿고 걍 했는데,엠포 엔딩 개 박았음 걍 스토리 작가가 감다뒤임,1,2025-12-17T08:45:27-07:00,3.8.0
starrail,붕괴:스타레일,13523197786,여캐 팬티 풀악셀 게임,게임의 정체성이 저거임 돈 쓴게 아까워서 서버비 축내다가 가겠음,1,2025-12-17T01:56:06-07:00,3.8.0
starrail,붕괴:스타레일,13522945759,블랙 달리아,실제 살인사건 모티브로 가져와서 뭐함,1,2025-12-16T23:55:52-07:00,3.8.0
starrail,붕괴:스타레일,13521267726,용량이 너무커요,게임은 너무 재미있는대 용량이 너무커서 업데이트할때마다 부담이 됩니다 ㅠㅠ,5,2025-12-16T11:49:27-07:00,3.7.0
starrail,붕괴:스타레일,13520591418,하하,키레네 2돌좀 시켜주세요 그리고 게파드 그만 주세요,5,2025-12-16T07:58:40-07:00,3.7.0
starrail,붕괴:스타레일,13477155236,호요버스의 사기게임,"오픈때부터 열심히 하는 유저입니다. 정말 애정하는 만큼 아쉬운 점도 많아요, 편의성 패치도 정말 많이 해주고, 컨텐츠 추가도 많이 하고 또 버전마다 매력적인 캐릭터들도 정말.. 그래서 저는 스타레일을 접지를 못하겠더라고요. 하지만 인플래가 너무너무 심하고, 스토리도 좀 너무 길어요 그래도 페나코니는 재밌긴 한데 엠포는 좀.. 너무 어렵고. 
그래도 접을수가 없네요.. 매일매일 일퀘돌리는 제가 무서워요;;
이만큼 꾸준히, 또 열심히 한 게임이 없다보니 바뀌는게 없다는걸 알면서도 쓰게 되네요 ㅋㅋ
이제 4.0 부터는 더 재밌어지겠죠.",5,2025-12-05T01:58:08-07:00,3.7.0
starrail,붕괴:스타레일,13455875175,하 내 계정 어디감?,출시 직후 바로 플레이 하던 유저였습니다. 근데 오랜만에 다시 해보려고 돌아왔더니 계정이 다 사라져있네요 계정연동을 했었는데도 계정이 없는게 말이 됩니까? 무과금 유저라 결제내역 또 딱히 없고 첨부터 다시 할려니 버겁네요. 닉네임으로라도 찾으려고 겨우 튜토리얼 깨서 친구창 가서 검색이라도 해볼려고 했더니 UID를 외우는 사람이 과연 있을까요? 고객센터도 불친절하고 계정 찾을 수 있게 좀 도와주세요.,1,2025-11-29T11:30:41-07:00,3.7.0
starrail,붕괴:스타레일,13455259978,용량이 너무 큽니다,게임을 처음깔 때 여러가지 다 다운받으면 용량이 너무 커집니다. 용량좀줄여주십시오,2,2025-11-29T08:20:31-07:00,3.7.0
starrail,붕괴:스타레일,13444016186,설정 붕괴,"최근스토리인 엠포리어스 결말이 기존 개척 개념이랑 너무 다른데요…?
황금의 후예를 좋아했지 솔직히 키레네이야기만 나올줄이야
스토리 작가가 중간에 바뀐건가? 결말보고 어이없어서 친구랑 같이 하다가 그만둡니다",1,2025-11-26T10:15:18-07:00,3.7.0
starrail,붕괴:스타레일,13442235425,도대체 뭘 위해 1년 동안 스토리를 만든 겁니까,"이렇게 끝낼 거면 그냥 초장부터 정이나 주지 말지
더 이상 할 맘도 없습니다",1,2025-11-26T00:01:32-07:00,3.7.0
starrail,붕괴:스타레일,13434829683,스토리 개ㅈ박음,앰포 스토리 엔딩 그냥 쌉레전드,1,2025-11-24T01:36:19-07:00,3.7.0
starrail,붕괴:스타레일,13432107570,중국악성앱,돈을 쪽쪽 빨아감,1,2025-11-23T07:37:59-07:00,3.7.0
starrail,붕괴:스타레일,13427463252,쓰레기겜,턴제겜 깊이도 부족. 과금유도를 위한 인플레 심각. 스토리도 갈수록 별로고 그래픽도 별로임.,1,2025-11-22T03:51:01-07:00,3.7.0
starrail,붕괴:스타레일,13421532419,처음 시작부분이 반복됨,되게 예전부터 하고싶어서 깔고 시작했늗데 처음에 시작하고 어떤 말같은 로봇..? 처치하면 갑자기 뭐가 뜨더니 다시 업데이트하고 시작하더라고요.. 그래서 다시 했는데 또 반복되고 그래서 못하고 있어요ㅜ.ㅜ,5,2025-11-20T12:56:35-07:00,3.7.0
starrail,붕괴:스타레일,13410572738,개갓겜,버전마다 신캐도 너무 예쁘고 스토리도 좋아서 젠존제 유기하고 붕스만 하는중,5,2025-11-17T14:15:13-07:00,3.7.0
starrail,붕괴:스타레일,13404565073,야릴로 6 이게 고트다,진짜 야릴로 6가 스토리가 완벽하고 개척자가 죽을뻔한걸 어케 알았겠노 ㅋㅋ진짜 야릴로 6가 씹고트임 ㅇㅇ,5,2025-11-16T03:08:10-07:00,3.7.0
starrail,붕괴:스타레일,13398983827,기존 스토리를 무시하는 3.7,"3.6까지 장장 1년에 걸쳐 쌓은 서사가 단 한순간 3.7에서 설정오류, 유저 기만과 농락, 기약없는 기다림 등으로 부서지게됨. 절대 동료를 버리지 않고 나아가며 동료를 희생한 승리는 패배라고 말하던 놈들이 동료를 과거의 무한한 순간에 루프로 가둬두고 나와 다음 행성을 기대하는 듯한 모습을 던짐. 이게 맞다고?",1,2025-11-14T18:11:18-07:00,3.7.0
starrail,붕괴:스타레일,13394226594,재밌어요,남친때문에 시작했는데 재밌어요,5,2025-11-13T13:41:37-07:00,3.7.0
starrail,붕괴:스타레일,13391004739,개버러지게임,1년 동안 해온 스토리 쓰레기같이 마무리하고 유저 기만까지 하네 ㅋㅋ,1,2025-11-12T18:29:32-07:00,3.7.0
starrail,붕괴:스타레일,13390400368,3.7스토리 망했네 ㅈㅈ,줴줴이애~,1,2025-11-12T14:31:36-07:00,3.7.0
starrail,붕괴:스타레일,13389719456,밝고 유쾌하며 낭만적인 이야기,라며 개자식들아,1,2025-11-12T10:29:40-07:00,3.7.0
starrail,붕괴:스타레일,13389145716,샤오지여지금당장스토리를리메이크해라,이게 말이 되냐??? 샤오지 니는 개척 후문 때 진짜 스토리 개좆창나면 진짜 뒤지는거다.,3,2025-11-12T07:37:03-07:00,3.7.0
starrail,붕괴:스타레일,13389042902,앰포리어스 스토리 작가는 반성하든지 퇴사하던지해라,"겨우 그깟 엘리시아 스타시스템하나 때문에 같잖은 이유로 희생시키는 결말을 만들고 작별도 추모도 못하게 영겁회귀에 가둬서 캐릭터와 그캐릭터에 거액을 쏟아부은 유저를 괴롭히며 자신의 성욕이나 채우면서 희열을 느끼는
변태 스토리작가는 반성해라",1,2025-11-12T07:07:32-07:00,3.7.0
starrail,붕괴:스타레일,13388803223,역대 최악의 겜,어쩌다 한번 고점 친걸로 좋은 겜 평가를 받나 ㅋㅋㅋ 더럽다 더러워,1,2025-11-12T05:59:09-07:00,3.7.0
starrail,붕괴:스타레일,13388425323,3.7,스토리 그따구로 만들지마라,1,2025-11-12T04:07:54-07:00,3.7.0
starrail,붕괴:스타레일,13387046202,샤오지 나와라,네게 뭇별을 채우는 서광을 갈겨주마,1,2025-11-11T18:31:26-07:00,3.7.0
starrail,붕괴:스타레일,13383488549,데브들의 최애가 아닌 캐를 픽한다면…,"미리 유감을 표합니다 진짜 고생하심 사실 최애여도 고생함 출시직후 내다버린 찬밥신세 vs 한도없는 atm 취급받고 살고싶으신가요
참고로 정작 게임 깰때는 이런거 다 부질없고 제일센 여캐 하나만 골라서 몰빵하면 어거지로 굴러가요 
인생최애를 만났지만 그만큼 유저를 고생시키는 게임

이라고 작년에 적었네요 물론 지금도 유의미한 차이는 없습니다 그렇다고 지금 카스 뽑지마세요 두달후에 후회하셔요",1,2025-11-10T22:17:26-07:00,3.7.0
starrail,붕괴:스타레일,13377132925,너무 좋아요,굿,5,2025-11-09T08:44:40-07:00,3.7.0
starrail,붕괴:스타레일,13375935296,이 디지털 폐기물은 미래가 없다,"1버전부터 밟은 인플레가 3버전에서 풀악셀 밟더니 4성의 존재 가치조차 사라져 버림 캐릭터의 가치는 오로지 버전 내 6주 동안만 시즌제로만 존재함 스토리도 규모만 방대하지 난해한 문장과 뒤틀린 시간축을 통한 서술 트릭으로 역량이 부족한 걸 숨기기 급급함

매버전 추가 되는 미니 게임은 유치원생도 역겨워할 정도로 재미도 없고 감동도 없는 저능아 테스트 숙제임 

이 게임을 가장 재밌게 즐기는 방법은 그저 공식 유튜브 채널을 구독하고 업로드 되는 영상만 즐기는 것임 그 이상의 관심은 당신의 돈 또는 시간을 확정적으로 낭비하게 되는 것임",1,2025-11-09T03:11:42-07:00,3.7.0
starrail,붕괴:스타레일,13375233498,버그 수정 부탁드립니다..,진짜 너무너무 재밋고 좋은게임입니다. 스토리도 너무 재밋고 가챠하는것도 그렇고 다 좋은데 제발 렉만 어떻해좀.. 초반에는 맵 돌아다닐때 다 깔끔하게 나왔는데 업뎃 계속하니까 전투 할 때 벼경 다사라지고 맵에 벽 검정색 화면으로 일부가 깜박깜박하고..제발 어떻게좀 해주세요..,5,2025-11-08T22:54:04-07:00,3.7.0
starrail,붕괴:스타레일,13370101783,개씹 GOAT,드디어 스토리 회고가 가능해졌다니..진짜 마음에 족족 드는 업데이트 밖에 안하네 사랑한다..,5,2025-11-07T17:49:16-07:00,3.7.0
starrail,붕괴:스타레일,13367746676,안녕하세요 열차타고있는 티바트 현지인입니다.,현재 원신을 매인으로 하다가 트리비 보고 들어올까 하다가 ( 마이데이 트리비 ) 용량이 커서 못들어온 전적이있는 페나코니를 아직은 못끝낸 붕스하는 유저입니다. 그래도 원신이랑 다르게 뽑아 빨리빨리 모아지는게 진짜 너무 좋네요. 그래도 잘하고있는 게임입니다. 읽어주셔서 감사합니다. ( 아 레손실… ),5,2025-11-07T05:21:22-07:00,3.7.0
starrail,붕괴:스타레일,13360518805,이제 들어가기가 무서운 게임,"정말로 좋아하던 게임이었는데… 출시쯤부터 시작해서 모바일 게임 중에 제일 오래했고, 일년 가까이 매일 접속했던 게임이었는데…

매번 업데이트 될 때 마다 내 최애캐는 인플레에 얼만큼 또 밀렸을까,제작진들의 과도한 푸시와 무지성 주입식 ml 때문에 난 낯가리는데 부담스럽게 친한척 하는 애가 또 나올까, 갖고 싶은 캐릭터가 실장하면 이번에도 명함 픽뚫 전광도 픽뚫날까, 이번에는 개척자가 또 얼마나 캐붕을 할까….

이젠 들어가기가 무섭다… 

이것도 원신 전철을 밟으려는 걸까.. 그것도 무섭다…

아 제발 내가 좋아하는 것들은 중간에 이상한데로 드리프트 밟아서 자폭 좀 안 해주면 얼마나 좋을까……?",2,2025-11-05T10:05:38-07:00,3.7.0
starrail,붕괴:스타레일,13360497371,앰포리어스 스토리 명작입니다..,"군데군데 아쉬운 부분도 있었고 일부 캐릭터 비중이 좀 공기인것도 있었지만, 전체적으로 캐릭터 서사랑 빌드업이 너무 좋았습니다. 일단 붕3의 엘리시아를 키레네로 다시 볼 수 있어서 너무 좋고요, 스토리가 페나코니에 이어서 앰포리어스로 또 다시 한 번 고점을 찍은거 같네요 개인적으로는…",5,2025-11-05T09:59:06-07:00,3.7.0
starrail,붕괴:스타레일,13360203118,해피엔딩의 기준?,"샤오지야
너에게 해피엔딩이란 무엇이란 말이냐",5,2025-11-05T08:32:29-07:00,3.7.0
starrail,붕괴:스타레일,13359269114,기대한 내 잘못이다,3.7은 정말 기대한게 아까울정도로 최악의 버전이였음. 스토리도 붕괴3rd재탕에다가 보스전의 긴박함이나 고양감 은 어디가고 지루하고 현학적인 스토리의 향연이였음. 게다가 결말도 유저랑 기싸움 할려는것도 아니고 가장 바라지 않던 뻔한 결말을 채택한게 가장 기대하던 스토리작가에게서 나온 결말이 맞나 의심될 수준임.,1,2025-11-05T04:13:06-07:00,3.7.0
starrail,붕괴:스타레일,13359175563,존잼 겜 찾은 듯,"원신 재밌게 하고 해봤는데 재밌어요 첨에 시작 어테 하는 지 몰라서 약간 어리버리 햇던 거 말고는 다 괜찮앗구요 솔찌키 
저장공간 약간 에바긴 한데 ?  캐릭터나 배경 같은 거 퀄리티 개 쩖니다 게임 키면 기본적으로 1시간은 하는 게임입니다 : ) 강추 드리옵니다",5,2025-11-05T03:44:19-07:00,3.7.0
starrail,붕괴:스타레일,13359113041,인생게임,"이게임은 한번쯤 꼭 해봐야 합니다 
옛날 리뷰에 스토리가 별로다 번역이 이상하다 스토리를 한번밖에 못봐서 아쉽다 성옥 많이 안준다 이러는데 
지금은 아닙니다 스토리는 다시볼수있는 기능이 추가 됬구여
스토리는 지금 앰포리어스로 가면서 
미쳤습니다 옛날 스토리 선주나부
야릴로 이런거랑 비교안될 정도 입니다 번역은 이상한지를 모르겠구여 성옥은 차분화 우주나 
스토리 열심히 밀면 잘 줍니다 
무과금인데도 캐릭터는 어느정도 얻을수 있습니다 요즘은 거의 장점 밖에 없습니다 그래서 지금 꼭 해봐야 합니다 많이 해주세요🙏
(오타나 맞춤법 틀릴수도 있습니다 
양해 부탁드립니다)",5,2025-11-05T03:24:10-07:00,3.7.0
starrail,붕괴:스타레일,13358442636,무과금으로도 즐길만함,"무과금이어도 이벤트 잘 챙기고 출석 꼬박꼬박하면  픽업 계획 잘 세워서 뽑고 싶은 캐릭터들 대부분 뽑을 수 있음(물론 픽뚫이 존재하는 만큼 운이 좀 필요하고, 어지간한 비틱이 아니면 돌파나 전광은 조금 힘듦.), 모델링 퀄리티 굉장히 좋아서 만족함.

 특히 원신 해본 입장에서 장점이라고 생각했던 게, 개척력(레진) 소모 및 성옥(원석) 보상 컨텐츠들 할 때 자동전투 딸깍 가능해서 접속 부담이 덜함.",5,2025-11-04T22:57:48-07:00,3.7.0
starrail,붕괴:스타레일,13358257454,혁신의 연속,연출 스토리 설정 갓게임,5,2025-11-04T21:34:29-07:00,3.7.0
starrail,붕괴:스타레일,13358103396,굳,재밌다 근데 성옥 좀 더 주세요어그ㅓ억억,5,2025-11-04T20:24:55-07:00,3.7.0
starrail,붕괴:스타레일,13357985615,용량 좀 제발 어떻게든,다좋은데 왜 하루5분오토돌리는데 용량이 30기가 들어감 개뚱뚱해서 폰에 안들어가니까 제발 줄여줘,1,2025-11-04T19:34:37-07:00,3.7.0
starrail,붕괴:스타레일,13357671232,오픈 때부터 한 갓겜,인플레가 빨리 온다는 것 말고는 다 괜찮음,5,2025-11-04T17:32:40-07:00,3.7.0
starrail,붕괴:스타레일,13357666401,앰포리어스 가지 마,난 아직 황후들을 보내줄 준비가 안됐는데,5,2025-11-04T17:30:51-07:00,3.7.0
starrail,붕괴:스타레일,13357418271,ㅎㅇ,스토리 좆ㅂ박으면 접음,5,2025-11-04T15:57:57-07:00,3.7.0
starrail,붕괴:스타레일,13357309861,은하 방망이 협객,일단 스토리가 굉장히 고트하고 캐릭터도 진짜 잘 뽑혀있어요. 앰포 스토리는 매번 뽕을 갱신해주고있어요. 아예 붕스에 정착할 생각입니다.. 최고에요 턴제땜에 인플레가 심하긴한데 잘키우면 충분히 데리고다녀요,5,2025-11-04T15:16:35-07:00,3.7.0
starrail,붕괴:스타레일,13354199888,인생 겜.,"젠존제 좀 하고, 그후에 원신 시작하고, 붕스하다가 최근에 단항땜에 복귀한 유저입니다. 젠존제, 원신 둘 다 직접 조종해서 싸우는 게임이라 그런지 컨트롤 안좋은 저는 금방 접었지만 붕스는 계속하게 되네요. 다양한 게임을 해봤지만 모바일 게임 중에서는 제일 재밌는 거 같습니다. 앞으로도 잘 부탁드립니다!",5,2025-11-03T22:33:13-07:00,3.6.0
starrail,붕괴:스타레일,13342282548,갓겜,갓겜,5,2025-11-01T06:40:41-07:00,3.6.0
starrail,붕괴:스타레일,13341207425,호요겜중에 제일 좋음,그냥 재화도 많이 퍼주고 캐릭터 모션도 좋고.. 다 좋음 원붕젠중에 제일 사료 많이퍼줌,5,2025-11-01T01:21:05-07:00,3.6.0
starrail,붕괴:스타레일,13328937546,"강제 배포 반대, 고객센터 그닥","아처 받기 싫어서 반년동안 안했더만 반년 더 늘어남, 강제 배포 싫음
고객센터에 문의한 건 5건 이상, 답변 똑같은 거 5건 이상, 고객센터 일하는 거 맞음?",1,2025-10-29T04:20:42-07:00,3.6.0
starrail,붕괴:스타레일,13324968269,붕괴 스타레일 사랑해요!!!👍👍❤️❤️,3.7업데이트에서 키레네가 너무예뻐서 반해서❤️❤️기대데네요,5,2025-10-28T05:37:51-07:00,3.6.0
starrail,붕괴:스타레일,13309942489,업데이트할때마다 겜리소스가 초기화됩니다,계속 리소스업데이트한다고 데이터를 주구장창쓰고있는데 해결좀 부탁드립니다,1,2025-10-24T17:06:01-07:00,3.6.0
starrail,붕괴:스타레일,13307688745,역대급 스토리 라인을 가진 게임.,"게임할때 스토리 중점으로 파고드는데 앰포리어스, 페나코니 그냥 다 미쳤음. 해보면 알겁니다. 일단 깔고 해보세요",5,2025-10-24T05:42:39-07:00,3.6.0
starrail,붕괴:스타레일,13299246403,개쩌는게임,개재밌음 용량이 좀 크긴 한데 퀄리티가 용서해줌.,5,2025-10-22T05:17:20-07:00,3.6.0
starrail,붕괴:스타레일,13273385214,쓰레기 게임,"미호요겜중 인플레 제일심함
스토리는 길기만 한 쓰레기
모델링도 원신 젠존제보다 구림
조악한 맵 그래픽
미호요는 턴제게임에 대한 이해도가 매우 낮음
차라리 다른 미호요겜을 하거나 명조를 하는걸 추천",1,2025-10-16T04:19:41-07:00,3.6.0
starrail,붕괴:스타레일,13261756913,상대는 호요버스다,탈출은 지능순,1,2025-10-13T08:51:20-07:00,3.6.0
starrail,붕괴:스타레일,13253572619,꽤 오래한 무과금 유저,"스토리도 선주 나부 빼면.. 모두 재밌었구요 퀄리티도 좋아서 매번 새로운 스토리 할 때마다 매번 머리부여잡으면서 봤거든요 (positive)
초반에는 스토리가 계속 막혀서 힘들었는데 요즘은 캐릭터들이 다 좋게나와서 막힐 일이 없고 만약에 막혀도 캐주얼 모드? 가 있어서 걍 너무 쉬워져서 편해요. 그냥 노력만 있으면 할 수 있는 게임인 것 같네요",5,2025-10-11T10:41:52-07:00,3.6.0
starrail,붕괴:스타레일,13242614212,컨트롤러 최적화좀 해주세요,컨트롤러 연결하면 매번 다시 처음부터 시작해야 하는데 겁나 불편해요,1,2025-10-08T21:30:33-07:00,3.6.0
starrail,붕괴:스타레일,13234756140,갓겜 그냥 갓겜,스타레일 사랑해요 진짜.페나코니때도 너무 재밌었고 도파민 터졌음 엠포 들어오고 더 호감됨.컷씬 뽕 지리고 솔직히 선주때도 나는 재밌게 한거 같음..앞으로 이대로만 가자,5,2025-10-07T01:41:03-07:00,3.6.0
starrail,붕괴:스타레일,13226179785,가챠가 나쁘지 않니오,가챠 좀 맵긴하네요.,4,2025-10-05T02:34:38-07:00,3.6.0
starrail,붕괴:스타레일,13222370156,스토리는좋음,과금유도만 버티면 나름 ㅅㅌㅊ,5,2025-10-04T05:49:46-07:00,3.6.0
starrail,붕괴:스타레일,13214105545,갓겜,너무재밌게하고있어요,5,2025-10-02T08:10:19-07:00,3.6.0
starrail,붕괴:스타레일,13206237653,"사기캐 다음에 똥캐내고 푸쉬캐내서 타캐릭터들이랑 차별대우하고
그와중에 기존캐보다 똥캐가 더 좋아서 기존캐는 설 자리를 잃어버리는 미친게임","내 생각에 붕스는 인플레, 특정캐릭터 푸쉬, 과한 ml, 거기서 거기인 캐릭터  디자인(특히 여캐), 플레이 타임이 길고 방대하지만 재미도없고 이해도 못하겟는 스토리, 과하게 긴 컷씬 때문에 망한다해도 드디어망햇군 하고 넘어갈듯
원신이 선녀로 보이는건 처음이다",1,2025-09-30T13:33:18-07:00,3.6.0
starrail,붕괴:스타레일,13198816152,회사가 예술병 세게온거같음,난 못먹겠음 겜이 엄청 재밌는거도 아니고 BM도 맵고,1,2025-09-28T20:57:40-07:00,3.6.0
starrail,붕괴:스타레일,13192777099,너무너무 재밌는데 용량때문에 못해요,용량줄일방법없나여….들어가지지않아요,5,2025-09-27T11:07:23-07:00,3.6.0
starrail,붕괴:스타레일,13181663478,지금이 고점이다 지금 와라,페나코니 전까지 스토리가 똥쓰레기였는데 체급 많이 올랐음 원신보다 나음 고점일때 얼른 갈아타시길..,5,2025-09-24T23:13:33-07:00,3.6.0
starrail,붕괴:스타레일,13180959257,사상 최악의 게임,미호요는 최악의 기업이에요,1,2025-09-24T18:45:15-07:00,3.6.0
starrail,붕괴:스타레일,13179497669,응 괜찮아,"10뽑하고 픽뚫난거라 오히려 이득이쥬? 최대 90뽑안에 무조건 나오쥬? 근데 재화 모으기 귀찮쥬? 응 으쯔라고 운으로 뽑으면 그만이야~
스타레일 개꿀잼 에버나이트야 내가 간드아ㅏㅏㅏ",5,2025-09-24T10:28:01-07:00,3.6.0
starrail,붕괴:스타레일,13178720624,세기의 갓겜,"2년째 플레이중임
나부에서 바닥찍고 그 후론 나날이 고점 갱신중. 젠장 파이논 주존님 찬양해야해",5,2025-09-24T07:00:42-07:00,3.6.0
starrail,붕괴:스타레일,13177142658,너무 좋아요,"원신보다 보상 많고,뉴비 친화적인 데다 페나코니.엠포리어스는 갓이에요오~!!",5,2025-09-23T21:48:50-07:00,3.6.0
starrail,붕괴:스타레일,13177108178,아케론 풀돌함ㅅㄱ,ㅅㄱ,3,2025-09-23T21:34:39-07:00,3.6.0
starrail,붕괴:스타레일,13177091007,내 세이버 내놔라,내 세이버 좋은말 할 때 안 주면 호요버스 본사거서 똥싼다,1,2025-09-23T21:27:10-07:00,3.6.0
starrail,붕괴:스타레일,13177031430,갓겜,말ㄷ이더필요함?,5,2025-09-23T21:01:39-07:00,3.6.0
starrail,붕괴:스타레일,13176985358,스토리. 고트.,"제발 3.3, 3.4 스토리만큼은 꼭 해보시길",5,2025-09-23T20:42:08-07:00,3.6.0
starrail,붕괴:스타레일,13176558332,너무 좋아요,너무 재밌는데 문제가 발열이 심해서 심 칩이 진짜로 뜨거워서 탄 적이 있어요 이것만 보완하면 완벽한 게임일 것 같아요,5,2025-09-23T17:57:13-07:00,3.6.0
starrail,붕괴:스타레일,13176499835,다시 한번 나아갈 수 있도록,"스토리를 거칠때마다, 개척이 지향하는 바가 점점 분명해져서 좋습니다.
저도 그렇게 되고 싶습니다",5,2025-09-23T17:35:05-07:00,3.6.0
starrail,붕괴:스타레일,13176402851,재미는 있는데..,컨텐츠가 너무 부족해요 ㅜㅜ 에너지(?)같은것도 너무 적고,5,2025-09-23T16:58:18-07:00,3.6.0
zzz,젠레스 존 제로,14560184513,재밌쪙,첫 섭컬쳐겜인데 지금도 젠존제만 함. 배경이나 분위기가 어반판타지를 잘 녹여냈고 캐릭터의 말랑쫀득함이 액션을 더 맛있고 찰지게 보이도록 해서 좋음. 스토리도 이해하기 편해서 좋고 세계관이나 설정을 진짜 잘 짰음. 비록 스토리에서 고비가 있긴 한데 2버전 후반부터 겜 분위기에 맞게 다시 잘 살렸음. 눈쌀이 찌푸려지는 전무 픽뚫이라는 요소가 있긴 하지만 이 젠존제만이 지니는 감성과 게임성은 꽤나 돋보적이고 매력적이라고 생각해서 애정가지고 재밌게 하고있음.,5,2026-09-17T05:26:06-07:00,3.2.0
zzz,젠레스 존 제로,14543585851,재밌어요,재밌습니다 우리 젠존제 사랑해요,5,2026-09-12T21:08:23-07:00,3.2.0
zzz,젠레스 존 제로,14529502919,어….?,"이거 왜 업뎃하고 나서 계속 50MB의 공간을 확보해달라고 하는지..?
아직 나에겐 6GB의 공간이 남아있단 말이다;;",2,2026-09-09T07:59:44-07:00,3.2.0
zzz,젠레스 존 제로,14528970017,너ㅠㅠ무 재ㅠㅠ밋 어요ㅜㅜㅠㅠ,우우.. 뜌땨이…렘미엘눈나… 클라렛 쪼아.. 우ㅠㅠㅠ 우우유ㅠㅠㅠㅠㅠㅠㅠ,5,2026-09-09T05:25:35-07:00,3.2.0
zzz,젠레스 존 제로,14527780068,3버전 최고입니다,특유에 분위기랑 캐디가 너무 취향입니다,5,2026-09-08T21:07:01-07:00,3.2.0
zzz,젠레스 존 제로,14516554772,베이글 이거 너무 노잼이에요,이거 왜 만들어서 귀찮게 만드나요 ㅡㅡ,1,2026-09-06T00:11:53-07:00,3.1.0
zzz,젠레스 존 제로,14509219139,진짜 확률 ㅈ같네,대체 어떡하면 6연속으로 픽뚫이 나냐 진짜 못해먹겠네 돈 빼먹을 생각만 하고 확률이 이게 말이 되나 진짜 기분 더러워서 못하갰네 몇번째야 이게,1,2026-09-04T04:40:19-07:00,3.1.0
zzz,젠레스 존 제로,14493312307,호시미 미야비 복귀,"호시미 미야비 복귀 제발요….
게임은 정말 재미있어요",5,2026-08-31T03:24:09-07:00,3.1.0
zzz,젠레스 존 제로,14484708706,피싸게 아지매들은 왜 지들이 해놓고 불만임?,난 레미엘 눕방 좋은데?,5,2026-08-28T22:16:40-07:00,3.1.0
zzz,젠레스 존 제로,14482172044,돌고 돌아 결국 정착,"3D에 액션, 스토리, 캐릭터, 그래픽. 이거 다 만족시켜줌. 무엇보다 3D 액션에 캐릭터들이 참 좋음.",5,2026-08-28T06:56:56-07:00,3.1.0
zzz,젠레스 존 제로,14457999415,갓겜,여캐 모델링 의상 진짜 미쳤음,5,2026-08-22T02:10:22-07:00,3.1.0
zzz,젠레스 존 제로,14443182804,더 줘,"폴리크롬 다 긁어먹고 제로공동도 다 먹었는데 수급처좀 더 주셈
이벤도 시원찮고 :( 아쉬움
나머진 정말 좋음",5,2026-08-18T08:12:17-07:00,3.1.0
zzz,젠레스 존 제로,14437144306,내 인생은 이 게임을 하기 이전과 이후로 나뉜다,젠레스 존 제로 갤러리가면 완장이 빨아줌,5,2026-08-16T19:46:24-07:00,3.1.0
zzz,젠레스 존 제로,14427464361,중국아,스토리 집중 하나도 안되고 뭔 소리하는지 모르겠다. 스토리보면 지들끼리 심각하고 지들끼리 신나. 이벤트도 뭔 뻘소릴하는지 제목도 이상하고 한국에 출시하는거면 현지화를 좀 해라. 하다가 열불터져서 안한다.,1,2026-08-14T09:50:15-07:00,3.1.0
zzz,젠레스 존 제로,14421207484,모바일 액션게임중 원탑,모델링도 쫀득하고 액션이 너무너무 맛있음,5,2026-08-12T21:02:42-07:00,3.1.0
zzz,젠레스 존 제로,14409620747,남쟈없냐남쟈,"진짜 전투 맛집임 레미엘 눕방도 그렇고 빛나 궁 모션까지 겁나 찰짐

 남미새여서 와이즈 골랐는데 얼굴 너무 못생겨서 후회하는중 성형 안되나?😓 그리고 여캐에 비해 남캐가 너무 적음 (털 제외) 잘생긴 남캐좀 빨리 추가해주지 예를 들면 3도류 사극 남캐 🤭😋",4,2026-08-10T00:54:32-07:00,3.1.0
zzz,젠레스 존 제로,14405963091,다 좋은데,다시는 기이한 미궁같은 ㅈ같은 이벤트 만들지 마쇼. 내 마지막 경고요.,5,2026-08-09T02:24:02-07:00,3.1.0
zzz,젠레스 존 제로,14403814672,다 좋은데,빌리나 반악같은 캐릭도 많이 내주세요,5,2026-08-08T11:35:17-07:00,3.1.0
zzz,젠레스 존 제로,14398154720,굳,"복귀 유저 입니도 처음 시작할때 깔고 일주일정도하다가 지우고 이번 2주년 이벤때 레미엘이라는 개고능 여캐가 나와서 다시 복귀 했습니다 한 일주일 정도 플레이 후기 입니다.
일단 스토리는 ㅅㅈㅎ제 취향이 아니었습니다 아직 2장까지 밖에 안밀었지만 현재로는 제 취향이 아니었습니다 젠존제 취향이 갈린다는게 이런 뜻이라는 걸 알게됐습니다 그래도 이제 싸우는 모션은 정말정말 제 취향입니다 특히 패링을 치는게 맛도리도리도리토스 더라구요 사운드도 완전 만족입니다 그리고 캐릭터들도 모델링이 하나같이 다 고능해요 취향에 따라 다들 맜있게 캐릭터들을 파실 수 잇을것 같습니다 
하지만! 또 하나의 단점이 있는데 바로 픽뚫이 굉장히 많이 난다는 것 입니다 제가 총합 2주정도 플레이 했는데 픽뚫이 2번이나 났어요 이건 좀 문제가 있는 것 같습니다 (참고로 아직은 무과금 입니다) 그리고 이번에 이벤을 한번 돌렸는데 스킨을 주더라고요? ㅈㅉ ㅈㅈ하게 호요랑 결혼하고 싶었습니다 사랑해요 ❤️❤️❤️🥵🥵
아무튼 이겜 정말 재밌고 여유있으면 현질도 해볼만한 게임입니다 ㅊㅊ이요!",5,2026-08-07T01:49:09-07:00,3.1.0
zzz,젠레스 존 제로,14389977622,ㅅㅂㅅㅂㅅㅂㅅㅂㅅㅂㅅㅂㅅㅂㅂㅅㅂㅅ,ㅅㅂㅅㅂㅅㅂㅅㅂㅅㅂㅅㅂㅅㅂㅅㅂㅅㅂㅅㅂㅅㅂㅅㅂㅅㅂㅅㅂㅅㅂㅅㅂㅅㅂㅅㅂㅅㅂㅅㅂㅅㅂㅅㅂㅅㅂㅅㅂㅅㅂㅅㅂㅅㅂㅅㅂㅅㅂㅅㅂㅅㅂㅅㅂㅅㅂㅅㅂㅅㅂㅅㅂㅅㅂㅅㅂㅅㅂㅅㅂㅅㅂㅅㅂㅅㅂㅅㅂㅅㅂㅅㅂㅅㅂㅅㅂㅅㅂㅅㅂㅅㅂㅅㅂㅅㅂㅅㅂㅅㅂㅅㅂㅅㅂㅅㅂㅅㅂㅅㅂㅅㅂㅅㅂㅅㅂㅅㅂㅅㅂㅅㅂㅅㅂㅅㅂㅅㅂㅅㅂㅅㅂㅅㅂㅅㅂㅅㅂㅅㅂㅅㅂㅅㅂㅅㅂㅅㅂㅅㅂㅅㅂㅅㅂㅅㅂㅅㅂㅅㅂㅅㅂㅅㅂㅅㅂㅅㅂㅅㅂㅅㅂㅅㅂㅅㅂㅅㅂㅅㅂㅅㅂㅅㅂㅅㅂㅅㅂㅅㅂㅅㅂㅅㅂㅅㅂㅅㅂㅅㅂㅅㅂㅅㅂㅅㅂㅅㅂㅅㅂㅅㅂㅅㅂㅅㅂㅅㅂㅅㅂㅅㅂㅅㅂㅅㅂㅅㅂㅅㅂㅅㅂㅅㅂㅅㅂㅅㅂㅅㅂㅅㅂㅅㅂㅅㅂㅅㅂㅅㅂㅅㅂㅅㅂㅅㅂㅅㅂㅅㅂㅅㅂㅅㅂㅅㅂㅅㅂㅅㅂㅅㅂㅅㅂㅅㅂㅅㅂㅅㅂㅅㅂㅅㅂㅅㅂㅅㅂㅅㅂㅅㅂㅅㅂㅅㅂㅅㅂㅅㅂㅅㅂㅅㅂㅅㅂㅅㅂㅅㅂㅅㅂㅅㅂㅅㅂㅅㅂㅅㅂㅅㅂㅅㅂㅅㅂㅅㅂㅅㅂㅎㅍㅎㅂㅅㅂㅅㅂㅅㅂㅅㅂㅅㅂㅅㅂㅅㅂㅅㅂㅅㅂㅅㅂㅅㅂㅅㅂㅅㅂㅅㅂ8ㅍㅅㅃㅅㅂㅅㅂㅅㅂㅅㅂㅅㅂㅅㅂㅅㅂㅅㅂㅎㅂㅅㅂㅅㅂㅅㅂㅅㅂㅅㅂㅅㅂㅅㅂㅅㅂㅅㅂㅅㅂㅅㅂㅅㅂㅅㅂㅅㅂㅅㅂㅅㅂㅅㅂㅅㅂㅅㅂㅅㅂㅅㅂㅅㅂㅅㅂㅅㅂㅅㅂㅅㅂㅅㅂㅅㅂㅅㅂㅅㅂㅅㅂㅅㅂㅅㅂㅅㅂㅅㅂㅅㅂㅅㅂㅅㅂㅅㅂㅅㅂㅅㅂㅅㅂㅅㅂㅅㅂㅅㅂㅅㅂㅅㅂㅅㅂㅅㅂㅅㅂㅅㅂㅅㅂㅅㅂㅅㅂㅅㅂㅅㅂㅅㅂㅅㅂㅅㅂㅅㅂㅎㅂㅅㅂㅅㅂㅅㅂㅅㅂㅅㅂㅅㅂㅅㅂㅅㅂㅅㅂㅅㅂㅎㅂㅅㅂㅅㅂㅅㅂㅅㅂㅅㅂㅅㅂㅅㅂㅅㅂㅅㅂㅅㅂㅅㅂㅅㅂㅅㅂㅅㅂㅅㅂㅅㅂㅅㅂㅅㅂㅅㅂㅅㅂㅅㅂㅅㅂㅅㅂㅅㅂㅅㅂㅅㅂㅅㅂㅅㅂㅅㅂㅅㅂㅅㅂㅅㅂㅇㅂㅅㅂㅅㅂㅅㅂㅅㅂㅅㅂㅇㅂㅅㅂㅅㅂㅅㅂㅅㅂㅅㅂㅅㅂㅅㅂㅅㅂㅅㅂㅅㅂㅅㅂㅅㅂㅅㅂㅅㅂㅅㅂㅅㅂㅅㅂㅅㅂㅅㅂㅅㅂㅅㅂㅅㅂㅅㅂㅅㅂㅅㅂㅅㅂㅅㅂㅅㅂㅅㅂㅅㅂㅅㅂㅅㅂㅅㅂㅅㅂㅅㅂㅅㅂㅅㅂㅅㅂㅅㅂㅅㅂㅅㅂㅅㅂㅅㅂㅅㅂㅅㅂㅅㅂㅅㅂㅅㅂㅇㅂㅅㅂㅇㅂㅅㅂㅅㅂㅅㅂㅅㅂㅅㅂㅇㅂㅇㅂㅇㅂㅇㅂㅅㅂㅅㅂㅅㅂㅅㅂㅅㅂㅇㅂㅇㅂㅅㅂㅅㅂㅇㅂㅅㅂㅇㅂㅇㅂㅇㅂㅇㅂㅇㅂㅇㅂㅇㅂㅇㅂㅇㅂㅇㅂㅇㅂㅇㅂㅇㅂㅇㅂㅇㅂㅇㅂㅇㅂㅇㅂㅇㅂㅇㅂㅇㅂㅇㅂㅇㅂㅇㅂㅁㅍㅁㅂㅇㅂㅇㅂㅇㅂㅇㅂㅇㅂㅇㅂㅇㅂㅇㅂㅇㅂㅇㅂㅇㅂㅇㅂㅇㅂㅇㅂㅇㅂㅇㅂㅇㅂㅁㅂㅇㅂㅇㅂㅇㅂㅇㅂㅇㅂㅇㅂㅇㅂㅇㅂㅇㅂㅇㅂㅇㅂㅇㅂㅇㅂㅇㅂㅇㅂㅇㅂㅇㅂㅇㅂㅇㅂㅇㅂㅇㅍㅇㅂㅁㅂㅁㅍㅁㅂㅇㅂㅇㅂㅇㅂㅇㅂㅇㅂㅇㅂㅇㅂㅇㅂㅇㅂㅇㅂㅇㅂㅇㅂㅁㅂㅇㅂㅇㅂㅇㅂㅇㅂㅇㅂㅇㅂㅇㅂㅇㅂㅇㅂㅇㅂㅇㅂㅁㅂㅇㅂㅁㅂㅇㅂㅇㅂㅇㅂㅇㅂㅇㅂㅇㅂㅇㅂㅁㅂㅇㅂㅇㅂㅇㅂㅇㅂㅇㅂㅇㅂㅇㅂㅇㅂㅇㅂㅇㅂㅇㅂㅇㅂㅇㅂㅇㅂㅇㅂㅇㅂㅇㅂㅇㅂㅇㅍㅇㅂㅇㅂㅇㅂㅇㅂㅇㅂㅇㅂㅇㅂㅇㅂㅇㅂㅇㅂㅇㅂㅇㅂㅇㅂㅇㅂㅇㅂㅇㅂㅇㅂㅇㅂㅇㅂㅇㅂㅇㅂㅇㅂㅇㅂㅇㅂㅇㅂㅇㅂㅇㅂㅇㅂㅇㅂㅇㅂㅁㅂㅇㅂㅇㅂㅇㅂㅇㅂㅁㅍㅁㅂㅇㅂㅇㅂㅇㅂㅇㅂㅇ,1,2026-08-05T00:49:39-07:00,3.1.0
zzz,젠레스 존 제로,14377892110,남성향겜,참고 하려고 했는데 도저히 못하겠어서 접음,2,2026-08-02T01:48:30-07:00,3.1.0
zzz,젠레스 존 제로,14366756790,제발 고쳐라,복귀유저인데 아무리 레미엘을 신경 썼다고 해도 그렇지 이벤트가 한개 밖에 없네요? 제로공동만 죽어라 하라는겅가요? 위험한 강습전은 고인물만 깰 수 있는데 그럼 현질을 하라는건지 픽뚫도 개많이 나고 픽뚫 확률을 낮추던가 이벤트로 얻을 수 있는 폴리크롬을 높이던가;; 심지어 요즘 이벤트도 개재미없어요. 멀티 플레이 가능한 이벤트좀 늘려주세요 제발 수영복이고 팬티고 스타킹이고 뭐고 그런거 할빠에 이벤트좀 신경제발쓰라고요.,5,2026-07-30T07:37:31-07:00,3.1.0
zzz,젠레스 존 제로,14364617918,앙 굿잡,재미뜸 엔필하다 호요겜 보면 정말 힐링되어요 아리가토 알럽유 존나 걍 박박 사랑함,5,2026-07-29T18:30:42-07:00,3.1.0
zzz,젠레스 존 제로,14364053032,최고의 게임,"모바일 게임이라곤 믿기지 않는 화면 디자인, 화려한 사운드 경험, 최고 수준의 액션, 모든 취향을 존중하는 캐릭터까지 무엇 하나 젠존제를 사랑하지 않을 이유가 없는 최고의 갓겜!",5,2026-07-29T14:52:06-07:00,3.1.0
zzz,젠레스 존 제로,14362738273,재밌는데 중국냄새가 좀 심함,"미호요가 그나마 중국 냄새가 덜 나서 참 좋았는데…아쉬움
그래도 요즘 공허 사냥꾼 나온 이후에는 좀 덜함.",3,2026-07-29T07:46:28-07:00,3.1.0
zzz,젠레스 존 제로,14362726561,.,유저 취양을 엄청 넓게 잡는게 장점이자 단점임 갈리긴함,5,2026-07-29T07:43:07-07:00,3.1.0
zzz,젠레스 존 제로,14361863970,솔직히 스토리는 재미없는데,케릭터가 이쁘고 전투가 재밌자나 그럼 된거지 씹덕겜이자나 얘들아 하기싫으면 딴거하렴,5,2026-07-29T03:10:29-07:00,3.1.0
zzz,젠레스 존 제로,14361375976,평가,"타격감이나 전투는 잘 만듬
캐릭터성도 확실함
단점으론 스토리가 막 엄청 좋지않음 중뽕 넣어야해서 넣은거 같은대 ㄹㅇ장소만 다르고 특색도 없는 스토리",4,2026-07-28T23:50:45-07:00,3.1.0
zzz,젠레스 존 제로,14361244727,와,어흐,5,2026-07-28T22:54:36-07:00,3.1.0
zzz,젠레스 존 제로,14361182323,진심강추,붕스 원신 명조 다 해본 세즈컬처 위주로하는 게임 유전데 역션게임 찾고 있으면 무조건 이거임ㅇㅇ 다른 언니겜들과는 달리 우리 막네는 재화를 아까울 정도로 많이 퍼줘서 영끌하면 한버전에 한정캐는 무조건 쌉가능임(픽뚫ㄴㄴ)그리고 스킵기능도 있고 공동(원신으로 치면 비경)을 스킵할 수 있는 템이 있어서 ㅈㅅ 개강추임,4,2026-07-28T22:27:43-07:00,3.1.0
zzz,젠레스 존 제로,14360706265,드디어,하루마사 복각 덕분에 5점줍니닷ㅂ드디어드디어드디어드디어,5,2026-07-28T19:16:19-07:00,3.1.0
zzz,젠레스 존 제로,14360452969,액션 타격감은 원탑이 맞다,"스토리 다 떠나서 타격감, 액션은 진찌 넘사다.",5,2026-07-28T17:42:21-07:00,3.1.0
zzz,젠레스 존 제로,14342347861,스토리는 고점과 저점을 왔다 갔다 하지만 전투 및 캐릭터 캐디는 역대 게임들 중 탑 3안에 들정도로 잘 깎은 게임입니다,"스토리는 그럭저럭 
하지만 전투 및 캐릭터 캐디는 현재 서브컬쳐 게임들 중 0티어라고 생각합니다.",3,2026-07-24T05:47:37-07:00,3.0.1
zzz,젠레스 존 제로,14327204826,구글계정으로 계속하다가 아이폰으로바꿨는데 구글계정 연동이 안떠서 다른계정 연동하니까 구글계정에 복수연동이 안되서 아이폰으로 할수가 없는데 아이폰에도 구글계정넣어둬라,아이폰이랑 연동이 안되면 아이폰에 왜깔려있음? 계정연동안시켜줄거면 환불해다오,5,2026-07-20T10:47:44-07:00,3.0.1
zzz,젠레스 존 제로,14318643160,짧고 굵게,"깊게 하진 않음, 캐디 goat, 타격감 goat, 말랑력 씹goat",5,2026-07-18T07:58:16-07:00,3.0.1
zzz,젠레스 존 제로,14314661554,게임이 아니고 작품입니다,이것이 서브컬처 게임이 나아가야 할 방향입니다,5,2026-07-17T08:14:32-07:00,3.0.1
zzz,젠레스 존 제로,14314529409,젠존제 씹탱련들아,"픽뚫을 씨바 적당히 해야지 씨발 리나ㅆ바 4돌 찍었어 씨발 이건 아니지 씨발 차라리 리나 말고 다른캐 있자나 그거라도 주든가 씨발 계속 씨발 천장때 마다마다 리나 씹탱보지전복닭장련이 쳐와 ㅈ랄이야 내 20000만 폴리가 씨발 픽 뚫 픽 뚫 ㅇㅈㄹ 그리고 내 예전 계정에도 그래서 아스트라 하나뽑게다고 밤새어 6000천 겨우겨우 모아더니 씨발 리나,그레이스,리나 ㅇㅈㅈㄹ로 쳐떠었어 그것또 천장이야 ㅆㅂㅋㅋㅋㅋㅋㅋㅋ ㅆㅂ근데 또캐릭터는 이쁘고 ㅈㄹ이야 ㅈㄹㅋㅋㅎㅎ 씨바 장난같냐 옆집 명조보다 더 ㅈㄹ이야 ㅅㅂ 그리고 리뷰좀 보다가 온건데 변조 상세!!???ㅆ바 그럼 확률을 올려 씨발 전 보다 더 현질유도만해 개시바새끼들",1,2026-07-17T07:38:24-07:00,3.0.1
zzz,젠레스 존 제로,14284239174,점점 심해지는 인플레,보스들 체력이 나날이 늘어나서 인플레가 너무 높습니다. 기존 캐릭터는 풀돌을 하더라도 버거워서 이제 더이상 풀돌을  하기가 싫어 집니다. 어차피좀만 있음면 또 별로가 될테니깐요,1,2026-07-09T18:30:24-07:00,3.0.1
zzz,젠레스 존 제로,14281255112,추천,재미있는액션게임을원하시면해보세요근대오래못할거에대용량이여서그런가키자마자열이심하게남니다,5,2026-07-09T01:58:02-07:00,3.0.1
zzz,젠레스 존 제로,14264077397,그저 GOAT,말이 필요없음. 그저 갓겜,5,2026-07-04T17:58:27-07:00,3.0.1
zzz,젠레스 존 제로,14227040144,진짜 좋아하는 게임인데 팰건 패야겠음,"원래도 성적대상화 있는 겜이었던거 맞고 당연히 알고 나도 좋아서 했는데 갈수록 선을 넘음
로스캘리퍼에서 여자들 팬티인지 속바지인지 안보이면 총살당함?? 왜 자꾸 팬티바람으로 다니는건지 모르겠음 걍 존나 팬티의 세상임 치마든 바지든 좀 입어주면 안되는거임??? 그리고 노출이 있는것까진 상관없는데 제인 도 수영복은 가슴에 참치초밥 얹어놓은 것 같고 레미엘 기본옷은 너무 벗겨놔서 생닭같음 벗길거면 예쁘게 벗기던가
시즌1때 제인 도 기본옷 아슬아슬하게 재킷이랑 넥타이 사이로 시스루 맨가슴 보이는거 미야비 치마 트임으로 허벅지 보이는거 이런게 존나 아름다운건데 왜 자꾸 맨살 다보이게 벗겨서 생닭만들어놓음?? 2시즌와서는 죄다 하의가 수영복이고 환장하겠네 한두명만 그러면 섹시담당인갑다 하는데 온동네가 수영복잔치임 걍
그리고 3시즌에선 자꾸 팬티바람으로 다니고 앉았음 지도자란 애들이 그래도 됨?? 존나천박해보임 벗길라면 예쁘게 좀 벗기셈 벨리나 스킨정도만 돼도 예쁘구만",1,2026-06-25T20:18:58-07:00,3.0.1
zzz,젠레스 존 제로,14220777521,쉬운 액션게임으로써는 최고,"액션 게임을 좋아해서 그런 지는 몰라도 저는 일단 전투만 해도 재밌습니다. 최적화 잘 되어서 모바일로 충분히 잘 돌아가고요. 액션도 생각보다 쉽고 타격감이 좋아서 전투를 못할 걱정은 안 하셔도 됩니다. 
참고로 이 겜 엄청난 남성향 게임입니다. 대부분이 여캐입니다. 저도 여자라 더 그렇게 느끼는 거 같은데 남캐가 엄청 적습니다. 남캐 생각하고 들어오시는 여성 유저들이면 재고하시는게… 
단점으로는 스토리의 큰 축이 한 번 부러졌다가 다시 세워진 탓에 스토리가 조금 루즈하게 느껴질 수도 있습니다.",4,2026-06-24T07:14:29-07:00,3.0.1
zzz,젠레스 존 제로,14219101942,인생최애게임,액션게임 이만한게없다ㅠㅠ,5,2026-06-23T20:29:17-07:00,3.0.1
zzz,젠레스 존 제로,14203633921,3.0 여캐디자인 너무 별로,좀 역겨울 정도로 어필이 심함,1,2026-06-19T19:54:46-07:00,3.0.1
zzz,젠레스 존 제로,14197556948,애미뒤진 픽뚫,이딴 병신같은 시스템은 왜 만든거임 양심이 가출했네,1,2026-06-18T07:29:10-07:00,3.0.1
zzz,젠레스 존 제로,14196024562,캐릭터 디자인 이대로만 갑시다,"다른 호요버스 게임들은 꽁꽁 싸매놔서 아쉬웠는데 젠존제는 복장이 시원시원해서 좋습니다 거기에 디테일한 모션까지 최고입니다 정말
캐릭터 디자인 이대로만 갑시다 
디자인팀 항상 응원합니다!",5,2026-06-17T21:30:29-07:00,3.0.0
zzz,젠레스 존 제로,14193423912,젠존제진짜 너무좋아요,"미호요 때부터 하던 사람인데
호요버스게임 중에 붕3 이후로 이렇게 열심히한 게임 ㄹㅇ 없음
스토리 빼고 모든게 완벽한 듯
이번 업데이트 기대해봅니다",5,2026-06-17T06:24:28-07:00,3.0.0
zzz,젠레스 존 제로,14192313934,하지마세요,안해보긴했는데 그냥하지마세요,1,2026-06-16T23:08:21-07:00,3.0.0
zzz,젠레스 존 제로,14192028420,I come alive,"되게 좋은 게임이에요. 컴퓨터로 1.0부터 지금까지 따라왔는데, 할꺼 많고, 전투도 되게 재밌으며, 꽤나 훌륭한 캐릭터성에 좋은 게임이에요. 스토리도 훌륭합니다. 다만…요즘 들어서, 게임스토리 퀼리티가 낮아진 것 같군요. 특히 1.5버전이 최악이었습니다. 트리거 비화, 0호 엔비같이 좋은 스토리도 나왔었지만, TV가 삭제된 후유증인지..아니면, 뭐가 문제인건지 스토리 퀄리티가 꽤나 낮아진 것 같습니다. 이것만 해결해주시면 좋을 듯 합니다. 뽑기나, 재화문제야.. 늘 있는 일이잖습니까? 나 벨리나 픽뚫당하면 똥쌀꺼임.",5,2026-06-16T20:59:06-07:00,3.0.0
zzz,젠레스 존 제로,14170512162,스토리 노잼이고 시유도 창내고,하지마셈 현질해도 뭐 없고 구버전 캐릭 다 창내서 그냥 애정캐 다 죽여버리고 뭐 옆집 붕스인줄 아니 이게 존나 컨트롤 게임에서 컨트롤 창내고 그냥 컨트롤 좋든 안좋든 인플레 창내가지고 게임이 안되고 정 떨어지네 그냥 붕스하러 가시고 젠존제는 삭제하세요. 인플레가 붕스보다 심한데 딸깍겜하러가지 왜 이거 처하고있음?,1,2026-06-11T09:24:51-07:00,2.8.0
zzz,젠레스 존 제로,14131139294,난잡,미호요의 타 게임에 비하여 UI나 게임 플레이 방식이 난잡합니다 아쉽네요,3,2026-06-01T06:07:02-07:00,2.8.0
zzz,젠레스 존 제로,14125608199,미친 저장공간 많이 잡아먹어요,"지금 게임 깐지 2주 되가는데 튜토 진짜 조금하고 저장공간 모자라서 정리하고 리소스 다운로드 하는데 ㄱ느려요 카트라이더보다 느려요 화병날듯
게임은 재밌는거같은데 다운로드가 너무 느려요 !!!!! 방금 50% 된거 날라가서 다시하고있다고요 샤갈",3,2026-05-30T19:18:11-07:00,2.8.0
zzz,젠레스 존 제로,14119750107,제발제발제,"정말다좋은데 오래한사람으로서 더 즐기고싶어도 즐길거리가 조금 한정된거같아요. 엔드컨텐츠도 시유방어전,제로공동, 강습전 그리고 해봐야 탑오르는거 뿐인데 전투가 너무 재밌긴하나 맨날 같은거만하니 질리고 하나의목표를같고 좀 오래 즐기고싶어도 아직은 딱히 그렇다고 말 할만한 컨텐츠가 없는거같아 아직 그래도2.8버전이니 3버전때는 좀더 많이즐길수있는 엔컨좀 내주셨으면 좋겠어요.",5,2026-05-29T07:52:17-07:00,2.8.0
zzz,젠레스 존 제로,14114291598,ㄹㅇ갓겜,솔직히 메인 컨텐츠는 캐릭터 뽑고 육성하는 재미라고 생각하는데 원신이나 붕스보다 뽑기 재화도 많이주고 캐릭터들도 다 매력적이고 캐릭터 키울때 필요한 재화들도 파밍이 쉽기도하고 무엇보다 오픈월드가 아니라서 편한것같음 오픈 월드도 나름 좋아하는 편이지만 파밍도 힘들고 계속 뭐하다가 다른 길로 새는 일이 많기도하고 채력적으로도 많이 힘들었는데 젠레스는 그런거 딱히 없고 적들한테도 시비 걸릴 일도 하나도 없어서 너무 좋은것같음 그리고 계속 욕먹던 스토리도 너무 너무 좋아졌음 예전 스토리도 재밌게했었는데 여기서 훨신 더 스토리가 좋아지니까 이 게임에 애정이 더 생기는 느낌 이제 3버전 들어가면 신지역도 나오고 초대 공허 사냥꾼도 볼수 있어서 너무 기대되고 앞으로도 이렇게 최적화만 조금식하면서 재밌게 나왔으면 좋겠음,5,2026-05-27T21:19:42-07:00,2.8.0
zzz,젠레스 존 제로,14089309718,완벽한게임인데 뽑기 망겜,원신 붕괴 스타레일 한사람으로서 호요 게임들은 스토리 캐릭터 디자인 이벤트 다 좋은데 뽑기가 말이 안되네요 원하는 캐릭터 뽑을려면 10만원씩 주고 뽑았었는데 더이상 못하겠네요 캐릭터 뽑기 확률 올라간 캐릭터 뽑기해도 항상 제때 안뜨고 반년뒤나 나중에 얻음 그래서 더이상 못하겠네요,4,2026-05-21T06:32:40-07:00,2.8.0
zzz,젠레스 존 제로,14062267726,컨트롤러 연결편의성 업데이트 부탁,다 좋은데 컨트롤러 연결시 자동으로 컨트롤러로 작동가능하고 터치도 병행할수 있는 편의성 업데이트를 해주세요,4,2026-05-13T21:41:50-07:00,2.8.0
zzz,젠레스 존 제로,14047743378,다신없을쓰레기망겜,내 프로미아 내놔 뭔 그레이스가 나오냐고,1,2026-05-09T22:14:22-07:00,2.8.0
zzz,젠레스 존 제로,14036751928,아주좋소,굳,5,2026-05-06T20:59:21-07:00,2.8.0
zzz,젠레스 존 제로,14033616391,미친젠존제는 현시대의 현존제,얼마나 잘되고 싶은건지 감도 안옴,5,2026-05-06T00:38:26-07:00,2.8.0
zzz,젠레스 존 제로,14033457305,좀,픽뚫 6연속이 말이 되노 안함,1,2026-05-05T23:17:55-07:00,2.8.0
zzz,젠레스 존 제로,14033136231,이게 가챠냐 개자식들아.,주인공 남녀 둘다 돌아가면서 스토리 구경하는데. 캐릭터 가챠 뭐 이따구냐. 2개 다 4번씩 돌렸는데 풀 천장처야 나오는거 뭔데?. 중간에 나오나 안나오나 하는 기대감 하나도 없잖아. 천장처야 나오는걸 우리는 확률뽑기라고 안해요 이 시발것들아.,1,2026-05-05T20:36:34-07:00,2.8.0
zzz,젠레스 존 제로,14032939271,캐디 정상화좀,1버전의 느낌이 없다.. 3버전도 이쁘긴한데 그 어반 판타지느낌이 믾이 없고 영국풍에 더 집중한것같아서 아쉬움 그리고 디자인 실루엣 너무 다 비슷함 이블린이나 니콜처럼 바지 입혀주거나 리나처럼 엄청 큰 치마 입힌다던가 좀 다양하게 나왔으면 좋겠음,3,2026-05-05T19:07:37-07:00,2.8.0
zzz,젠레스 존 제로,14032578725,졸잼,졸잼졸잼,5,2026-05-05T16:35:27-07:00,2.8.0
zzz,젠레스 존 제로,14008480267,앙기모띠,엘렌조 존나예뻐요,5,2026-04-29T01:15:39-07:00,2.7.0
zzz,젠레스 존 제로,14000806546,모바일 액션 게임중 최고,모바일 뿐만 아니라 콘솔에서도 어울리는 게임입니다 전투 조작이 지나치게 단순한 원신 같은 게임이랑 차별점을 둔 잘만든 액션이 마음에 드네요 특히 조작감에 방향키를 섞는 커맨드 입력 방식을 도입한게 저처럼 대전격투 게임을 좋아하는 사람들에게도 메리트가 크며 모든 캐릭터가 그런건 아니지만 콘솔 액션 게임 조작감 못지않게 재미있는 캐릭터들이 몇 있어서 액션쾌감이 상당합니다 최고는 역시 반악 이라는 캐릭터인데 이캐릭터는 캐릭터 자체만으로도 액션게임을 한다 라는 쾌감을 주며 그외 다른 캐릭터들도 태그 액션으로 재미있는 템포을 주는 재미가 쏠쏠하네요 캐릭터를 뽑은건지 스킬을 뽑은건지 모를정도의 지나치게 단순한 조작감의 캐릭터는 명조라는 타게임에 비해 돈값을 못하지만 전체적인 밸런스를 봤을때는 용서가 됩니다 오픈월드에 피로함을 느끼며 다양한 조작감의 액션게임을 즐기는 사람에게 강추 입니다,5,2026-04-26T17:56:53-07:00,2.7.0
zzz,젠레스 존 제로,13999857856,Stubid storytellimg mode,I dont like it,1,2026-04-26T11:19:12-07:00,2.7.0
zzz,젠레스 존 제로,13984031015,실행하면 계속 튕깁나다,다운로드 하자마자 켜봤는데 계속 검은화면만 뜨고 그마저도 좀 지나면 튕깁니다.아이패드인데 다른 앱들은 안그런데 젠레스 존 제로만 이럽니다 고쳐주세요,1,2026-04-21T22:54:15-07:00,2.7.0
zzz,젠레스 존 제로,13973305231,도와주세요..,"안녕하세요 젠존제 6개월 차 입니다. 전 젠레스 존 제로를 정말 사랑하고 좋아하지만 하나 걸리는 것으로 인해 게임을 접었습니다. 이유가 무엇이냐하면 캐릭터가 움직일 수 있는 공간이 아닌 그 밖의 공간으로 넘어가버린 것이었습니다. 워프를 해도 안되고 계정 삭제를 원해도 안되고, 다른 계정을 만들려고 해도 안되고 미쳐버릴것 같습니다. 전 꼭 젠레스 전 제로를 하고 싶습니다. 초기화라든지, 계정 삭제라든지 뭐든 좋으니 다시 플레이 할 수 있도록 제발 도와주세요😭",3,2026-04-18T20:26:16-07:00,2.7.0
zzz,젠레스 존 제로,13960448914,광고 아니고 유저임,ㄹㅇ모바일겜 나오는 족족 다 해보는데 갓겜…월정액만 사면서 해도 무관함,5,2026-04-15T06:26:36-07:00,2.7.0
zzz,젠레스 존 제로,13907323343,재미뜸,재미뜸,5,2026-03-31T08:30:58-07:00,2.7.0
zzz,젠레스 존 제로,13899458872,안하면,인생손해,5,2026-03-29T03:57:43-07:00,2.7.0
zzz,젠레스 존 제로,13899254276,빌리 이격,빌리 이격 내주셔서 감사합니다 앞으로 많이 할게요. 그러니까 비틱하게 해주세요.,5,2026-03-29T02:26:51-07:00,2.7.0
zzz,젠레스 존 제로,13887819121,나한테왜이럼,픽뚫4번은 진짜에반데;;,5,2026-03-25T22:09:50-07:00,2.7.0
zzz,젠레스 존 제로,13882030131,젠존제 4달,히히 제인도 이뿌다,5,2026-03-24T06:59:13-07:00,2.7.0
zzz,젠레스 존 제로,13881695834,재밌다,진짜 이렇게 빠진 게임 처음입니다. 젠존제 덕분에 서브컬처의 맛을 알아버렸어요!,5,2026-03-24T05:02:59-07:00,2.7.0
zzz,젠레스 존 제로,13880337583,잼있어용,씹덕 따궈가 운영하는 회사 게임이라 ㅆㄷ인 나는 재밌당 할마사 복각좀🙏🙏,5,2026-03-23T17:55:56-07:00,2.7.0
zzz,젠레스 존 제로,13880259837,"카메라 구도, 액션의 다이나믹이 미친거같음",약간 디즈니스러운 연출을 이런 게임에 담은게 재밌어서 이블린 픽업때부터 계속하고 있음. 본래 목적은 사운드디자인 포트폴리오 만들기 전에 이 게임의 오리지날 사운드를 공부하려고 시작했는데 당시 오픈월드도 플탐이 길어서 다른거 없나 하던 찰나에 공부+재미로 이 게임을 시작한게 다행인것같음,5,2026-03-23T17:22:27-07:00,2.7.0
zzz,젠레스 존 제로,13878959987,Optimize game plz,Had exactly 35 free space on my iPad n hoped to install zzz(game told me it needs 32Gb only). During the installation system told I need 4 Gb more. Bruh either don’t lie in ur own game either optimize it 😭,3,2026-03-23T09:00:04-07:00,2.6.0
zzz,젠레스 존 제로,13861482048,퇴물 호요버스,애네 겜은 다 퇴물,1,2026-03-18T08:41:47-07:00,2.6.0
zzz,젠레스 존 제로,13854991858,현질 게임,현질 않하면은 안되는 게임,1,2026-03-16T10:55:53-07:00,2.6.0
zzz,젠레스 존 제로,13810442785,ㅈㄴ재밋어용,초반만 넘기면 재밌습니다,5,2026-03-03T11:46:54-07:00,2.6.0
zzz,젠레스 존 제로,13801788994,다운로드,중에 좀 영상 음악 건들지마라,1,2026-03-01T02:27:29-07:00,2.6.0
zzz,젠레스 존 제로,13793123672,좋아요,좋아요,5,2026-02-26T17:12:14-07:00,2.6.0
zzz,젠레스 존 제로,13785594680,다 좋은데,"전투도 재밌고 캐릭터도 잘 뽑아서 다 좋은데 남캐가 여캐에 비해 너무 적습니다. 남캐는 체형별로도 잘 안 내고요, 단신남캐도 한명 내줬으면 좋겠습니다.",4,2026-02-24T15:37:18-07:00,2.6.0
zzz,젠레스 존 제로,13777148554,우주갓겜,ㄹㅇ,5,2026-02-22T07:00:03-07:00,2.6.0
zzz,젠레스 존 제로,13740035270,1등,맛도리,5,2026-02-11T21:31:39-07:00,2.6.0
zzz,젠레스 존 제로,13734121086,지칩니다,"대충 좀 전투 돌리고 액션 맛 보고 하고싶은데 서론이 너무 기네요 지칩니다 요즘 폰겜 트랜드가 이런가봐요 개지쳐요 아직 프롤로그로 추정되는거 못깻음 템포가 너무 길어요 전투 5분 하면 스토리 나발나발 떠드는거 20분 봐줘야합니다 게임에
애정이 생겨야 스토리도 흥미롭게 볼텐데 개지쳐서 걍 니들 떠들시간이구나 하고 폰 던져놨다가 다시 하고 그럽니다 스킵버튼 만들던지 좀 해주세요",3,2026-02-10T06:02:04-07:00,2.6.0
zzz,젠레스 존 제로,13732959868,갓 게임,원신도 비전 프로 지원해 줬으면…,5,2026-02-09T21:38:33-07:00,2.6.0
zzz,젠레스 존 제로,13732409283,새삼 호요버스가 호요버스 한단걸 다시 한 번 깨달음,"개같은 레즈 느낌도 ㅈㄴ 나고 미취학 지하돌은 그렇다 쳐도 뭐 꿈이니까 스토리 부분은 넘겨도 게임 플레이적 부분에선 공허 사냥꾼 이거 아니면 걍 겜 하지 말란 수준으로 쳐 보스들을 내니 개같고 또 공사를 뽑으면 파츠를 강제로 팜 안 하면 딜 차이가 2배 넘게 차이가 날 정도로 심지어 전에 쓰던거의 씹 상위호환을 내니 키우던게 의미가 없어짐 그리고 전엔 = 전무를 대체할 4성 무기를 쓰는게 아니꼬왔는지 이젠 전엔 없으면 그 캐릭의 온전한 버프를 못 킴 ㅋㅋ 이게 맞나
위 내용은 뭐 호불호가 갈릴 수 있지만 전엔을 뽑아야 그 캐릭의 버프를 다 킬 수 있다는게 제일 개같음",1,2026-02-09T17:31:47-07:00,2.6.0
zzz,젠레스 존 제로,13723219413,디스크 픽뚫,걍 참으려 합니다,1,2026-02-07T06:38:13-07:00,2.6.0
zzz,젠레스 존 제로,13720380510,의현이 20연만에 와서 만점,라이터 하루마사 복각 좀요,5,2026-02-06T11:37:17-07:00,2.6.0
zzz,젠레스 존 제로,13720202363,ㅈㄴ재밌어요 샤갈,"스토리, 캐릭터 모션, pv등 눈이 재밌습니다",5,2026-02-06T10:32:04-07:00,2.6.0
zzz,젠레스 존 제로,13719417436,아 ㅋㅋ쌉갓겜,이거 다들 꺼진다 그러는데 그건 니들 핸드폰이 병인거고 일단 핸드폰만 좋다면 솔직히 2티어 게임입니다 붕스보다는 재미있고요 근데 단점에 뽑기가.힘듬,5,2026-02-06T06:17:19-07:00,2.6.0
zzz,젠레스 존 제로,13718275205,다좋은데..,젠존제 만의 문제가 아닌 가챠겜 숙명이긴한데  결국 신캐픽업 압박에 접게되는듯... 폴리크롬 잘주긴하는데 이벤트도 그냥 숙제하듯이 하는게 많아서 잘 즐기다 갑니다~,3,2026-02-05T22:34:25-07:00,2.6.0
zzz,젠레스 존 제로,13717747481,굿,굿,5,2026-02-05T18:31:31-07:00,2.6.0
zzz,젠레스 존 제로,13717709056,인생 최고게임,”16년인생 단연 최고의 게임입니다. 제가해본게임중 타격감이 매우 좋“은건 사실임 다른겜에 비해 최적화는 안좋은편이지만 액션 등으로 다 커버가 된다고봄.(“ ” 부분은 AI작성),5,2026-02-05T18:15:54-07:00,2.6.0
zzz,젠레스 존 제로,13717271816,하 진짜 제발요,픽뚫만 없으면 완벽한데…………,5,2026-02-05T15:14:12-07:00,2.6.0
zzz,젠레스 존 제로,13712398721,이대로만 해주세요,효요버스 게임 다 해봤는데 제일 개성있고 재밌게한 게임입니다. 보상도 적당하고 좋아서 캐릭터 뽑기에도 좋은거 같습니다. 그리고 뽑기 천장 표시해주는거 너무 편해서 좋아요. 앞으로도 이 개성 유지하시고 스토리 좋은 쪽으로 이끌어주셨으면 좋겠습니다!,5,2026-02-04T08:05:43-07:00,2.5.0
zzz,젠레스 존 제로,13711606807,로그인,"아니 시1발 로그인이 빈번합니다가 3번연속 하는게 맞냐? 빈번합니다 풀려서 밥먹고 하려거 다시 들어갔는데 로그인이 빈번합니다가 다시 걸리는게 맞냐? 호요버스 뭐하냐? 겜하지 말라는겨? 아니 픽업일 얼마 안남아서 겜해야라는데 지1랄하네 진짜 너무한거 아니냐?
호요버스 일하는거 맞냐?
정 존1나 떨어지네 시1발",1,2026-02-04T03:47:09-07:00,2.5.0
zzz,젠레스 존 제로,13689220806,내 인생게임,서브컬쳐 게임에 절대 돈 안쓰는 나인데 유일하게 현질한게임 온라인게임만 한 평생 해왔는데 이거에 빠지니까 온라인게임에서 스트레스 뭐하러 받으면서 해왔나싶음,5,2026-01-29T06:12:59-07:00,2.5.0
zzz,젠레스 존 제로,13673799108,하루마사복각은언제인가요…,ㅈㄱㄴ,5,2026-01-25T04:15:05-07:00,2.5.0
zzz,젠레스 존 제로,13673029607,액션이 맛있고 캐릭터가 쫀득해요,액션이랑 모션 깎는거 보고 하는 게임,4,2026-01-24T22:49:13-07:00,2.5.0
zzz,젠레스 존 제로,13666960088,우리 하루마사 내놔요ㅠㅠ,하루마사 복각을 원해요.,5,2026-01-23T08:47:38-07:00,2.5.0
zzz,젠레스 존 제로,13635127114,페르소나 베끼고,재미는 놉,3,2026-01-14T22:28:08-07:00,2.5.0
zzz,젠레스 존 제로,13624950052,불편함,"그래서 어떻게 플레이하는거죠?
아이폰은 상관없는데
아이페드 구글플레이스토어 다운로드 해야하는데 못하게 막아둬가지고 불편해요.
그냥 '게스트 생성'
추가 해주세요.
너무 궁금해서 플레이할려고 했어요.
그럼 전 여기서 대기하고있을게요.
새로운 캐릭터는 얻지도 못해서 아쉽지만...ㅠㅠ",1,2026-01-12T05:29:21-07:00,2.5.0
zzz,젠레스 존 제로,13622289884,갓겜,현존 서브컬처겜중 원톱임 반박불가요,5,2026-01-11T11:29:06-07:00,2.5.0
zzz,젠레스 존 제로,13620362813,별로,"모션 쌀먹,근육질 남캐,퍼리 취향에 안맞았고 무엇보다 스토리, 연출이 너무 아쉽네요",1,2026-01-11T01:04:18-07:00,2.5.0
zzz,젠레스 존 제로,13612335995,재밌는데 너무 자주 튕겨요,"장점
- 재화 많이 뿌림
- 모델링 퀄리티 좋음
- 조작감 흥미로움

단점
- 기능이 이것저것 많은데 깔끔하게 정리된 느낌은 아님
- 모든 장점을 씹어먹을 정도로 엄청 자주 튕김

이제 외워질 지경이에요… 로그인할 때 데이터 로딩 70퍼쯤 되면 튕기고, 전투 끝날 때 튕기고, 스토리 다 끝나고 다음 진행으로 넘어갈 때 튕깁니다.
 저장공간 30기가 이상 남았고,  원신도 멀쩡히 플레이하는 기기인데 이래요. 유독 이번 업데이트 후 더 심해진 것 같습니다. 배터리만 다 소모하는 일일 루틴 도는데만 해도 재접속 10번은 한 것 같아요. 로그인할 때 입구컷이 5할인 듯.
 최적화 좀 더 신경써주시면 좋겠습니다ㅠ.ㅠ",3,2026-01-09T01:10:21-07:00,2.5.0
zzz,젠레스 존 제로,13600000254,어떻게 해야 할까요,"제가 이 게임을 예전에 하다가 
오랫만에 하려고 데이터를 다운로드받는데 
저장공간 때문에 다운로드가 
안됀다고 하서 저장공간을 보고 왔는데 충분히 남아 있는데도 불구하고 계속안되네요
어떻게 해야 할지 모르겠네요",4,2026-01-05T18:58:26-07:00,2.5.0
zzz,젠레스 존 제로,13587336498,저는 정착할 게임을 찾아 정처없이 떠돌았습니다.,"수많은 게임을 찍먹해보고 도저히 정착을 못하면서 ’아 재미없어..‘ 라며 지우기를 반복하던 나날.. 유일하게 출시했을때부터 지금까지 1년넘게 내 핸드폰에서 살아남은 게임.
새삼 감사해서 리뷰남김.
레알 갓겜.",5,2026-01-02T16:12:07-07:00,2.5.0
zzz,젠레스 존 제로,13576800451,아니,아니 계정이 날라간 건지 삭제된 건지 이메일 다 써도 새로 가입하라는 문구만 뜨네요 여기다 돈 쓴게 얼만데 지금 계정 로그인도 안되고 진짜 ㅈㅂ 좀요,5,2025-12-31T05:05:54-07:00,2.5.0
zzz,젠레스 존 제로,13575835049,용량좀 어케 안돼냐,"용량이 갤럭시랑 비교 했을때 아무리 생각해도 너무 터무니 없다. 물론 내가 용량 부족하다고 할순 있지만, 인간적으로 좀 줄여주는 기능이 필요하다고 생각함",3,2025-12-30T22:52:42-07:00,2.5.0
zzz,젠레스 존 제로,13575354329,ㅇㄴ,ㅇㄴ 용량을 15gb로 줄였는데 왜 안된다는거야,1,2025-12-30T19:27:17-07:00,2.5.0
zzz,젠레스 존 제로,13573869783,i like harumasa!,the game’s story and charcter designs are amazing! i like harumasa and the diversity with body types/shapes in this game.,5,2025-12-30T10:40:29-07:00,2.5.0
zzz,젠레스 존 제로,13572781426,지금 당장 해야합니다.,"지금이 젠존제 최고 고점입니다. 심지어 들어오기만 해도 s급 캐릭터를 무료로??? 정말 굉장한 혜택 아닙니까 지금? 어반 판타지에 액션 rpg 라는 점이 이 게임에서 엄청난 장점으로 다가옵니다. 타격감이라거나, 이펙트, 패링 성공했을 시에 그 뽕맛까지!! 정말 굉장합니다. 제가 했던 게임을 이용해 예시를 들어보자면, 저는 주로 로블록스를 즐겨하지만 이 게임은 보법이 다릅니다!! 미친 타격감에 그 게임에선 나오기 매우 힘든 이펙트와 퀄리티, 그래픽, 심지어 각 챕터에 퀄리티 높은 애니메이션 컷신과 개쩌는 한국어 “더빙”까지!! 용량이 겁나게 크지만 그것을 감안해도 이건 엄청난 게임입니다!! 그 외에도 캐릭터들을 한번 보자면 진짜 “와” 소리가 절로 나올 정도로 아주 좋은 디자인을 보여줍니다. 직접 보시면 이해가 될겁니다. 한마디로, “이 게임은 개쩌는 게임이니 당장 해라.”",5,2025-12-30T05:12:08-07:00,2.5.0
zzz,젠레스 존 제로,13572312631,더이상 설명은 생력,"갸차확률 ㅈㄹ남ㅋㅋㅋ
다른 s급 줌ㅋㅋ그럴꺼면 픽 왜하는지 이해불가",1,2025-12-30T02:21:44-07:00,2.5.0
zzz,젠레스 존 제로,13572223500,재밌지만 문제가 많은게임,제취향이고 거의 모든게 완벽하지만 최적화와 용량문제는 무시를 못하겠네요 용량이 너무크고 너무 잘 튕깁니다…,1,2025-12-30T01:44:25-07:00,2.5.0
zzz,젠레스 존 제로,13571616468,ㅗㅗ,ㅗㅗㅗㅗ,1,2025-12-29T21:09:06-07:00,2.5.0
zzz,젠레스 존 제로,13571491921,아오 갓겜,캐릭터가 예뻐요,5,2025-12-29T20:16:11-07:00,2.5.0
zzz,젠레스 존 제로,13570812013,털 ㅋㅋ,털털털털털 ㅋㅋㅋ 털털,5,2025-12-29T15:57:23-07:00,2.5.0
zzz,젠레스 존 제로,13553298324,ㄹㅇ 갓겜,걍 말이 필요없음 운영도 잘하고 게임성도 뛰어남,5,2025-12-25T05:43:08-07:00,2.4.0
zzz,젠레스 존 제로,13552877806,지 금 당 장 다 운 로 드,2.5 업데이트는 신임 그냥,5,2025-12-25T03:05:15-07:00,2.4.0
zzz,젠레스 존 제로,13552372713,젠붕이 후기,"인터넷방송,유튭광고에서도 자주 나왔지만 그렇게 홍보했어서 그런지 더더욱 안했었습니다. 
게임 첫 입문 후
초반엔 정말 뭐가뭔지모를법한 액션이 지나갔지만 가면 갈수록 적응됩니다. 적응되기는 한다만 화려한 액션으로 인해 눈의 피로는 어쩔 수 없나 봅니다.",5,2025-12-24T23:14:06-07:00,2.4.0
zzz,젠레스 존 제로,13549120424,최고의게임,"이번에 비비안이랑 제인 도 신스킨봣습니다.
결국 트럭을 또지르게만드네요.
개미친게임.",5,2025-12-24T01:40:13-07:00,2.4.0
zzz,젠레스 존 제로,13531605867,음탕한 상어련,시바 엘렌 사랑해,5,2025-12-19T08:26:32-07:00,2.4.0
zzz,젠레스 존 제로,13512605262,노잼,그냥시발 픽둘 퍼리 이벤트 다 족같네,1,2025-12-14T05:15:24-07:00,2.4.0
zzz,젠레스 존 제로,13503311019,재밌어요,인생 처음이자 마지막 모바일게임 리뷰,5,2025-12-11T19:11:27-07:00,2.4.0
zzz,젠레스 존 제로,13502815167,감히 뚜들기자면,"이 겜 그냥 오픈월드 중 십덕겜 중 감히 갓겜입니다. 재료야 얘들이 많은 만큼 그 만큼 들어가는 재료가 많으니 시간투자를 하시면 되구요.  전 가챠를 하면 않뜰 때가 있지만 짜증이 나더라도 S, 골드싸인 그 브금의 뜻을 생각하면 그래도 뭐 위로는 됩니다.  결국 이
게임은 본인이 시간을 얼마나 투자하느냐에 따라 달라지니까요. 앞으로 스토리 잘 만들어주세요. 스타레일 만큼 망가지면 않되욧",5,2025-12-11T15:44:37-07:00,2.4.0
zzz,젠레스 존 제로,13497600759,최적화좀 부탁드립니다..,발열이랑 프레임드랍이 너무 심합니다ㅜㅜ,5,2025-12-10T06:40:19-07:00,2.4.0
zzz,젠레스 존 제로,13486395624,사운드버그,게임 플레이하다보면 한30분 마다 사운드 깨지면서 지지지직거림그러면서 npc 말하는것도 깨지고 브금및 기타 사운드도 같이 깨짐,3,2025-12-07T07:44:25-07:00,2.4.0
zzz,젠레스 존 제로,13458529250,다이아린이 별점 5개 달라해서줌,픽뚫나면 리뷰 내림,5,2025-11-30T04:58:39-07:00,2.4.0
zzz,젠레스 존 제로,13444991501,재밌는 게임,"다른건 몰라도 무기만이라도 확정 획득하게 해주면 안되겠지
한달에 두케릭 명전이면 40은 우습게 날아가는거 이상하자너
게임자체는 훌륭함",4,2025-11-26T16:16:52-07:00,2.4.0
zzz,젠레스 존 제로,13443712320,캐릭 픽뚫 무기 팍뚫 진짜 뭣같다,호요버스 터져버려라,1,2025-11-26T08:39:59-07:00,2.4.0
zzz,젠레스 존 제로,13443601893,인생 게임,전 정말 1년째 재밌게하고 있어요,5,2025-11-26T08:06:20-07:00,2.4.0
zzz,젠레스 존 제로,13442374987,찍먹이라도해봐,원 붕 젠 명 다해봤는데 제일 신빙성 있고 캐릭들 스토리 보는눈이 즐겁고 재화도 퍼줍니다,5,2025-11-26T01:07:34-07:00,2.4.0
zzz,젠레스 존 제로,13441696008,ㅈㄴ 좋아요,일러스트고 성능이고 보상도 뭐고 일단 다 좋습니다 액션씬도 좋고 말랑 쫀득해고 걍 해보세요 좋아요 좋다고요,5,2025-11-25T19:42:02-07:00,2.4.0
zzz,젠레스 존 제로,13441523374,애미뒤진 죶망겜,현질안하면 유지가 안댐 인플레 심각,1,2025-11-25T18:28:18-07:00,2.4.0
zzz,젠레스 존 제로,13441165454,갓겜,ㅇㅇ,5,2025-11-25T16:00:29-07:00,2.4.0
zzz,젠레스 존 제로,13408525648,할거 없는 사람에게 추천함,요즘 할게임 없어서 새로운 게임찾는사람들에게 강력히 추천함 재화도 은근 많이줘서 원하는 캐릭도 무과금으로 얻을수있음 물론 폰 성능이 좀 좋아야함 안그러면 발열이 너무심함,5,2025-11-17T03:01:07-07:00,2.3.0
zzz,젠레스 존 제로,13362618220,벨 와이즈 교체,게임 정말 마음에 들지만 스토리를 진행하면서 단순히 월드에서 움직일 때 뿐만 아니라 스토리 내에서도 벨과 와이즈 자유로운 변경 기능 있으면 좋겠다는 생각이 많이 들었어요 스토리에 따라서 적절히 즐기기 좋을거 같아서요. 캐시템으로라도 내주면 정말 좋을거 같아요. 이 부분만 개선 된다면 유저들의 평가들이 엄청 상향될거라고 생각합니다,5,2025-11-05T23:25:34-07:00,2.3.0
zzz,젠레스 존 제로,13357345143,더럽고 추악한 확률조작 게임,"픽뚫에 기본 반천은 말도 안될정도로 안주고
무조건 70~80뽑은 가야 하나 줄까 말까 하더니 결국엔 픽뚫주는 개 쓰레기들",1,2025-11-04T15:30:07-07:00,2.3.0
zzz,젠레스 존 제로,13346023084,‘이것’땜에 게임을 못하겠네;;,"안녕하세요 저는 요번에 젠레스에 입문한 유저입니다 저는 입문 당시에 젠레스가 재밌는 게임인 것을 알았으나 갑자기 ‘리소스 다운로드 실패, 디스크 공간이 부족합니다. 충분한 공간(27.1 GB)을 확보한 후 다시 시도해 주세요‘라는 문구가 계속 떠서 게임을 못하겠습니다 이 뜻은 재 핸드폰에 다 담을수 없다는 뜻이라고 알게 되었는데 업데이트를 하라는 것도 아니고 앱을 나가고 전원을 꺼도 다음날 다시 시도 하고 몇시간뒤에 다시 들어가고 재설치를 하는등 다 해봤는데 안돼서 게임을 못하겠어서 짜증이 납니다 이거좀 어떻게 해주세요;; 이것 때문에 게임을 못하겠습니다",3,2025-11-02T01:54:42-07:00,2.3.0
zzz,젠레스 존 제로,13315626568,재밌음,"다만 현질 효율이 좀 많이 떨어짐요
좋은 패키지 좀만 추가해주면 좋을듯",5,2025-10-26T01:13:49-07:00,2.3.0
zzz,젠레스 존 제로,13286436262,레전드노,아따재밋다,5,2025-10-19T05:06:35-07:00,2.3.0
zzz,젠레스 존 제로,13269389052,미호요시절 때 부터 좋아했지,모든 게임이 훌륭하다,5,2025-10-15T05:32:08-07:00,2.3.0
zzz,젠레스 존 제로,13269289313,유튭 추천으로 해봤는데….,제가 자주 찾는 유튜버 분께서 이 게임 추천 하셔서 깔았는데 완벽 갓겜 그자체✨ 퀄도 넘모 좋고 사건도 진짜 재밋!! 캐릭도 다 예쁘고… 근데 캐릭 공격력이 좀 극과 극인 애들이 좀 있어요😅 그래도 재밋다는 점! 글고 밖에서 게임 다운로드할때나 업뎃할때 데이터가 엄청 나가더라고요… 그런거 빼고는 진짜 괜찮아요!!,5,2025-10-15T05:04:42-07:00,2.3.0
zzz,젠레스 존 제로,13268624858,이상할정도로 픽뚫이 심함,가챠 확률이 주작이 아닌가 싶을 정도로 픽뚫 너무 심함 항상 고봉밥에 픽뚫이 연속 6번 터지니까 멘탈 박살나고 과금하고 싶은 마음 싹 사라짐 스타레일 원신 다 했지만 진짜 젠존제 혼자 유독시리 픽뚫이 심함,1,2025-10-15T01:15:49-07:00,2.3.0
zzz,젠레스 존 제로,13268321840,버전에다가 저장공간을 너무 많이 쓰는 것 같아요…,솔직히 제가 젠레스 존 제로 하고 있었느데 업데이트하길래 들어가서 할려고 했는데 제가 버전 다운 받고 있느데 자꾸 저장공간 많이 비웠났는데 계속 50M 더 비우라고 해서 전 50M보다 더 비워났는데 알림은 다운로드 다됬다고 하고 막상 들어가면 또 계속 비우리고 하고 이과정이 계속 되다가 저도 지쳐서 이 리뷰를 작성하게 되었네요 죄송하지만 저장공간 쓰는 것을 줄여 주셨으면 좋ㄷ겠네요.,1,2025-10-14T23:10:03-07:00,2.3.0
zzz,젠레스 존 제로,13268147228,ㅋ,재밌긴해 ㅋㅋ,5,2025-10-14T21:54:28-07:00,2.3.0
zzz,젠레스 존 제로,13233258693,인생 최고의 게임,"엘렌떼부터 한 오픈 유저 입니다.딱 젠존제를 처음 접했을때 돼게 궁금했어요 효요버스 신작이기도 하고 그래서 딱 깔아서 했는데..
6시간이 녹더라구요ㅎㅎ 그래도 오픈 초기다 하니까 문제점이나 불편한 부분도 있었지만 점점 고쳐나가며 편리해지는게 눈에 띄더라고요,처음 최애캐 1돌했을때 얼마나 좋았는지..다른 옆동네와 다르게 레벨도 60밖에 없어서 육성이 널널하고 그리고
이벤트나 엔드 컨텐츠로 재화도 많이 뿌리고
버전마다 10뽑씩 뿌려서 무과금들도 재화 모으기가 편해요! 이상 젠존제 오픈유저의 리뷰였습니다! 긴글 읽어 주셔서 감사합니다!",5,2025-10-06T15:48:47-07:00,2.2.0
zzz,젠레스 존 제로,13217122885,다 좋은데 픽뚫이 너무 많이 나긴한다;;,..,4,2025-10-03T01:19:08-07:00,2.2.0
zzz,젠레스 존 제로,13198961707,진짜재밌음 ㄱㄱ,"타사와 자사의 이런 류 게임을 해봤지만 얼마 안 가 접어버렸는데 이건 진짜 재밌음 스토리가 취향인가 봄
문제는 모바일로 즐기기엔 너무 무겁다는 점... 배터리 너무 잘 녹음 스토리 날잡고 밀 거면 컴퓨터 키셈",5,2025-09-28T22:00:25-07:00,2.2.0
zzz,젠레스 존 제로,13190380793,자꾸 튕겨요,아이패드 유저인데 진짜 다 좋은데 자꾸 같은 부분에서 튕겨요 이거 왜그러나요ㅜ 스타레일도 잘돌아가는데 젠존제만 이래요 제발 고쳐주세요!!!,4,2025-09-26T23:22:38-07:00,2.2.0
zzz,젠레스 존 제로,13185373106,샤넬름,미야비가 이뻐요,5,2025-09-25T18:56:16-07:00,2.2.0
zzz,젠레스 존 제로,13176134471,앱실행시 검정화면 이후 1초만에 종료,버그 수정 부탁드려요,5,2025-09-23T15:14:32-07:00,2.2.0
hi3,붕괴3rd,14463576717,스타레일도 내줘용,내줘잉내줘잉..,4,2026-08-23T11:36:17-07:00,9.0.0
hi3,붕괴3rd,14397626966,잘만들어진 게임,게임 재밌게 하고 있습니다.계속 업데이트 해주세요.,5,2026-08-06T21:59:36-07:00,8.9.0
hi3,붕괴3rd,14278390818,내 계정 데이터 초기화 당함.,"내가 계정 뭐 썼는지 모르는 것도 아니고, 25년 11월까지 하던 게임이 8개월을 지나고 나니깐 데이터가 다 증발되고 남아있는 게 없냐.",1,2026-07-08T08:13:04-07:00,8.9.0
hi3,붕괴3rd,14223713031,2부 들어서고 쌀먹 애니유기,"1부 졸업 후로 개뜬금 없는 2부 캐릭터들 나오고 스토리도 노잼 애니도 유기함 이제 9.0은 신캐도 없다고 함 2부 개같이 말아먹고 2년만에 종료
미래가 안보임",1,2026-06-25T01:06:15-07:00,8.9.0
hi3,붕괴3rd,14170584180,붕3은 그 시절 매력을 잃은 것 같네요..,"출시 직후부터 해왔던 사람입니다.
깔았다 지웠다를 번복하며 해왔던 게임인데..
1부 너무 재밌어서 최근에 계속했다가 어쩌다 2부 찍먹하게 됐는데
 1부만큼은 못하는 것 같네요.. 그냥 붕괴 특유의 감성이 없어짐.. 원신이랑 다를 게 뭐야.. 스토리도 흐지부지 엉성해진 느낌
그리고 제일 이해 안 되는 거..
2부 몇몇 캐들은 1부에 못 쓰던데 이게 제일 이해안됨
1부 캐들은 그냥 무기보다는 캐들 위주로 뽑아서 약간 편인데
지금은 뽑기로 무기도 맞춰가면서 하려면 다 2부 캐들이어야함
그시절 붕3은 존재하지 않게 된건가…?
그래도 1부 동안은 재밌었다..",4,2026-06-11T09:46:17-07:00,8.8.0
hi3,붕괴3rd,14070724157,붕삼을 살려다오,단편애니유기 2부캐릭유기 음악회유기 버전업뎃유기 그러면서 캐릭터는 돈수금잘되는 게임에 다팔아넘기고 이게뭐하는짓?,5,2026-05-16T05:11:36-07:00,8.8.0
hi3,붕괴3rd,13838898119,키아나 내 딸랑구,사랑한다,5,2026-03-11T19:45:00-07:00,8.7.0
hi3,붕괴3rd,13739611168,지겨워요,튜토리얼 스킵좀요 명령하지마라,2,2026-02-11T18:15:01-07:00,8.6.0
hi3,붕괴3rd,13488442654,서브컬쳐 최고의 게임,내가 했던 서브컬쳐 게임 중에 단연 최고. 메인스토리는 1부는 진짜 역사에 남아야한다.. 인게임 단편애니메이션은 볼때마다 감탄나오고 붕뽕이 차오름. 이벤트 스터리까지 재밌고.. 캐릭터들도 매력 넘치고 예쁨(키아나!!!!! 메이!!!!!!브로냐!!!!엘리시아!!!!!!)게임이 오래돼서 할거도 많고 특히 오픈월드 붕괴후서는 퀄리티도 미쳤고 스토리도 흥미진진함. 아쉬운 점은 스토리가 좀 어려워서 나무위키 없이는 이해가기 좀 힘듬 근데 그 만큼 재미있음. 과금은 요즘 수정많이 줘서 무과금으로도 캐릭터 성흔 무기 다 얻고 충분히 즐길수있었음. 경쟁을 한다하면 조금은 필요할거같지만 경쟁신경안쓰면 웬만하면 얻고싶은건 거의 얻을 수 있는거 같음. 씹덕이라면 붕삼은 필수다.,5,2025-12-07T19:27:46-07:00,8.5.0
hi3,붕괴3rd,13447082267,짱깨섭과 차별이 심함,"짱깨섭과 차별이 심하고
게임 운영을 엉망으로 함.
신규유저는 하지 않는게 좋음
즐겁게 즐겨야 할 게임이 
게임운영으로 스트레스 받음",1,2025-11-27T06:47:34-07:00,8.5.0
ba,블루 아카이브,14561094452,복귀‘하고 싶은’ 유저인데요..,전 컨텐츠 쌓여 있는 게 싫어서 항상 잔뜩 쌓인 이벤트 스토리부터 전부 밀고 싶은데 메인 스토리도 아니고 잔스토리에 전투가 너무 많고 보상도 맛이 없어서 매~번 플레이 하려다가 꺼버리게 됩니다. 가챠 시스템도 바뀐 거 같은데 뽑기하기 싫어집니다.. 어떡하나요?,5,2026-09-17T09:53:50-07:00,1.93.452024
ba,블루 아카이브,14476022646,다운로드 검증 너무 오래걸려요,"전에는 안그랬는데, 언젠가부터 켤때마다 다운로드 검증을 두번씩 하고, 두번째가 너무 오래걸려요.",3,2026-08-26T16:17:20-07:00,1.93.452024
ba,블루 아카이브,14466939312,업데이트는 맨날하는겨?,냉무,3,2026-08-24T08:56:21-07:00,1.93.452024
ba,블루 아카이브,14448524946,패치 좀 한 번에 하게 만들어라,"한 번 업뎃하면 다운로드를 몇 번을 쳐 하냐? 이벤트 배너도 도배를 해 놔가지고 게임 접속하는 데 까지 뭔 버튼을 10번 넘게 쳐 눌러야 들어가지네.
그리고 원신, 명조 같은 오픈필드 게임도 아니면서 로딩 속도, 게임 진입 속도는 더 느린게 이해가 안 간다. 파일 불러오는 걸 어떻게 짰길레 매일 플레이 타임과 비슷한 시간 만큼 로딩을 기다리냐?
참고로 아이폰 17 쓰니까 사양 탓 하지 마라",1,2026-08-19T15:38:17-07:00,1.93.452024
ba,블루 아카이브,14442752719,확룰주작,나만안떠},1,2026-08-18T06:09:57-07:00,1.93.452024
ba,블루 아카이브,14442473066,굿,굿 게임,5,2026-08-18T04:43:19-07:00,1.93.452024
ba,블루 아카이브,14405939117,왜이런지좀 알려주세요..,저장공간 18기가 넘게있는데 자꾸 12기가짜리 추가 다운로드가 안되요,3,2026-08-09T02:13:50-07:00,1.90.439170
ba,블루 아카이브,14371499551,살다살다 이딴게임 처음봄,체유카 위치 리트 개선해라 머리 다 빠질거같다,1,2026-07-31T10:49:02-07:00,1.90.439170
ba,블루 아카이브,14357667563,돈에 ㅁㅊ 회사,넥슨 이제 진짜 ㅁㅊ네 무슨 bm을 저렇게 만들었냐 너흰 나가라,1,2026-07-28T02:18:33-07:00,1.90.439170
ba,블루 아카이브,14357647810,BM 변경 뭔가요?,"게임을 하는 것에 있어 정말 중요한 사안을 이렇게 가볍게 통보를 하고선 그 변경 내용 마저 이런 식이면 됩니까?
호요버스 계열 게임들 처럼 신캐/페스캐가 한 번에 하나씩 픽업하는 게임도 아니면서
유저 등처먹겠다는 겁니까?",1,2026-07-28T02:10:42-07:00,1.90.439170
ba,블루 아카이브,14355268936,ㅋㅋㅋㅋ,BM 공지도 없이 밀고나가시니까 저도 그냥 이제 현질 안하고 쌀먹만 할게요~,1,2026-07-27T11:02:45-07:00,1.90.439170
ba,블루 아카이브,14354952994,5주년 기념으로 유저 뒤통수 치는 게임.,기존의 모집 포인트 방식의 가챠는 약간의 운만 있다면 1천장 뽑는 도중에 픽업캐가 나와서 1천장으로 2명 먹는게 어렵지는 않았음. 나도 그동안 계속 1천장으로 두명 뽑았었고. 근데 5주년 패치로 가챠 방식을 바꿨는데 이 구조는 절대로 1천장으로 두명을 뽑지 못함. 기존 방식은 중간에 픽업캐가 나와도 천장(모집포인트)이 유지가 되어서 180뽑에 나오든 190뽑에 나오든 심지어 200뽑에 나와도 천장으로 한명 더 데려갈 수 있었음. 근데 새로 바뀐 패치는 100뽑에 픽업캐가 나오는 것을 두번 연속 성공시키지 못한다면 절대로 두명을 못데려감. 190뽑에 픽업캐가 뜬다? 그럼 천장이 초기화 되어서 200뽑을 더 들어가야 다른 캐릭터도 데려갈 수 있음. 이월? 좋지. 근데 이 게임은 이월이 의미가 없음. 지금까지 계속 최소 두명 이상의 학생을 동시에 픽업했는데 새로 바뀌는 시스템은 한번에 무조건 한명씩만 픽업 할 때에 의미가 있는 패치임. 근데 그 부분에 대한 개편 없이 뽑기 천장 시스템만 바꾸는건 유저 기만밖에는 안됨. 기존 시스템에서도 운 없으면 200뽑에 1명 겨우 데려감. 하지만 운이 충분히 좋다면 3명까지도 데려갈 수 있었음. 근데 새로운 가챠 시스템에서는 운이 아주 좋아야지만 2명을 겨우 데려가고 1명 데려가기도 빡셈. 그렇다고 다른 게임들처럼 뽑기 재화를 많이 뿌리냐? 그것도 아님. 그렇다고 뽑기를 안해도 충분히 게임을 즐길 수 있나? 그것도 역시 아님. 아니면 천장 수치가 낮아졌나? 당연히 이것도 아님. 이건 그냥 유저 등쳐먹기임.,1,2026-07-27T09:26:15-07:00,1.90.439170
ba,블루 아카이브,14354907111,5주년 기념으로 자살하는겜,BM개편 실화냐?ㅋㅋㅋ 이따구로 개악되는건 처음본다,1,2026-07-27T09:12:49-07:00,1.90.439170
ba,블루 아카이브,14352465921,평생 귀닫고 통보하세요,이제 뭐믿고 게임 더 하라는건지 모르겠다,1,2026-07-26T18:31:23-07:00,1.90.439170
ba,블루 아카이브,14350782006,캐릭터별 개성 강함 일단 서브컬쳐 몰라도 찍먹부터 해보세요,"일단 겜안분은 아니고요, 게임 최종 컨텐츠인 인연 100찍고 쓰는 글입니다. 
장점은 제목에서캐릭별 개성이 강해서 입문한다면 거의 한명이상은 최애캐가 될겁니다 솔직히 이거 하나만 보고 시작하셔도 됩니다. 그리고
남성향게임이긴하나, 여사친한테 시켜봤는데 잘하는걸 보니 여성분들도 입문하기 좋은거 같습니다. 그리고 타겜에 비해 2차창작이 꾸준히 이루어지기 때문에 행사에 참여할 기회가 많다보니 입문하기 좋은거 같네요. 단점은 거의 없으나 그나마 말해보자면 핸드폰으로 하면 발열이 조금 있다 정도와 일본서버는 좀 더 일찍 오픈했기때문에 스포를 주의해야한다는 점이 있긴한데 오히려 이걸로 대처 할수있기에 꼭 단점으로만 보시지는 않으셔도 됩니다.",5,2026-07-26T08:34:22-07:00,1.90.439170
ba,블루 아카이브,14304871159,2026 최고의 게임,데카가키 3인방 돌려주세요. 실장해라!,5,2026-07-14T22:22:06-07:00,1.90.439170
ba,블루 아카이브,14301127180,카페들어올리기 언제 되나요,카페에서 애들 좀 들어올리게해주세요 코딩이 안되나요?,5,2026-07-14T00:33:13-07:00,1.90.439170
ba,블루 아카이브,14301062275,꼐임이 정말 청량하고 건전해요,니코는 제 아내입니다.,5,2026-07-14T00:05:21-07:00,1.90.439170
ba,블루 아카이브,14191045825,스토리랑 캐릭터 아니었으면 진작에 좆망했을 게임,솔직히 게임이란 말도 아까움 그냥 판때기 휘적거리는 라노벨 수준,1,2026-06-16T14:38:17-07:00,1.90.429659
ba,블루 아카이브,14146707227,업데이트 후 로딩 길어짐,로딩이 너무 길어졌어요,1,2026-06-05T06:13:13-07:00,1.90.429659
ba,블루 아카이브,14114190477,챱츄,으읏 마리한테 챱츄 챱챱츄 챱츄 챱챱츄,5,2026-05-27T20:33:32-07:00,1.90.429659
ba,블루 아카이브,14107611744,앙,무장히마리30뽑만에뽑음 ㅋㅋㅋㅋㅋㅋㅋㅋㅋㅋㅋ,5,2026-05-26T03:31:53-07:00,1.90.429659
ba,블루 아카이브,14030690606,ㅈ망겜,몇년전부터 청휘석 모아뒀는데 픽뚫만 ㅈㄴ뜨고 양심있으면 돈돌려내라,1,2026-05-05T05:06:53-07:00,1.87.417475
ba,블루 아카이브,14027477307,재미는 있는데…,진짜 재미는 있어서 하는데 아이폰에서는 너무 자주 튕기네요 ㅠ 튕김현상만 없으면 더 재미있게 플레이할수 있을 것 같아요,5,2026-05-04T06:58:48-07:00,1.87.417475
ba,블루 아카이브,13985080571,아니,모바일로는 거의 못 할정도로 튕김 문제가 심해요 튕기는거 거의 3년전부터 계속 있었던 현상인데 ㅈㅂ 최적화 좀…,3,2026-04-22T06:13:09-07:00,1.87.417475
ba,블루 아카이브,13982086911,뽑기 씨발,뽑기 씨발,1,2026-04-21T08:50:54-07:00,1.87.417475
ba,블루 아카이브,13978368312,제발 최적화좀,"게임 자체는 재밌는데 대규모 업데이트를 하면 할수록 게임을 플레이 할때 더욱 튕기는것 같습니다. 이젠 스토리 볼때 하는 전투만 해도 튕겨 버리는 지경이 되버렸습니다. 이러한 문제가 계속 발생 하면서 여러 이벤트들을 제대로 즐기지 못했고, 지금도 그러고 있습니다. 이젠 스트레스를 풀려고 게임을 들어 왔다가 오히려 더 받아버리고 보상만 받고 꺼버리게 되네요.",5,2026-04-20T07:05:00-07:00,1.87.417475
ba,블루 아카이브,13953953964,계속 꺼지는 문제좀 해결해주세요…,게임 하고싶어도 제대로 할 수가 없어요..ㅠㅠ,4,2026-04-13T08:25:57-07:00,1.87.417475
ba,블루 아카이브,13945492362,ㄱㅇㅇ,행복,5,2026-04-11T00:00:46-07:00,1.87.417475
ba,블루 아카이브,13932327545,ios 튕김 개선좀 해주세요,"3.5주년 때 시작해서 마지막 토인인 헤세드에서 플레도 따보고 인연 50도 넘기고 재밌게 즐기고 있는 유저 입니다, 그런데 아이폰 16프로 인데도 계속 튕기네요 게임은 다 좋으니 제발 ios 튕김 현상만 개선 해주십시오!",5,2026-04-07T07:10:34-07:00,1.87.417475
ba,블루 아카이브,13932290641,아이폰 튕김 문제는 대부분 램 문제입니다.,8기가 램 이상으로 게임하세요.,4,2026-04-07T06:58:41-07:00,1.87.417475
ba,블루 아카이브,13925758917,요즘 왜이렇게 튕기죠?,"제결전만 하면 게임이 꺼지는데 
아이폰14가 벌써 팅기는 사양이 된걸까요",5,2026-04-05T09:38:28-07:00,1.85.411448
ba,블루 아카이브,13919060795,아이패드용 어플 키보드 입력을 지원해주세요,Pc랑 같은 방식의 입력이 됐으면 합니다. 키보드를 연결해도 지원을 하지 않기에 불편합니다. 키보드 사용 유저가 적은것은 알지만 무리하게 부탁드립니다. 그리고 아이패드에도 pc 클라이언트에서 사용하는 고해상도 이미지를 쓸 수 있었으면 좋겠습니다. 항상 좋은 게임 만들어주셔서 감사합니다.,5,2026-04-03T12:53:21-07:00,1.85.411448
ba,블루 아카이브,13916429542,Pc로만 하세요,나온지가 몇년인데 아직도 모바일 환경은 하지말라는 정도 안튕긴적이없음,1,2026-04-02T20:09:25-07:00,1.85.411448
ba,블루 아카이브,13914252316,전술 대회 갈수록 극혐이네요,"운수 좋은 날은 5연승, 억까 당하는 날은 15연패, 모든 서브컬쳐 게임 중 블루 아카이브할 때만 화가 치밀어 오릅니다",1,2026-04-02T06:25:35-07:00,1.85.411448
ba,블루 아카이브,13898499190,튕기는거고쳐줘요,극초반인데 진행안된다고요ㅜㅜㅜ.ᐟ.ᐟ.ᐟ,2,2026-03-28T20:21:17-07:00,1.85.411448
ba,블루 아카이브,13862861555,5분에 한번씩 튕김,아이폰 13mini인데 게임을 하라는건지 말라는건지 모르겠음,1,2026-03-18T17:42:58-07:00,1.85.411448
ba,블루 아카이브,13844675021,튕김,게속 튕김 게임안됨 아이폰13,1,2026-03-13T12:32:59-07:00,1.85.411448
ba,블루 아카이브,13833891183,히나는 내 아내다,이상,5,2026-03-10T08:50:23-07:00,1.85.411448
ba,블루 아카이브,13833822646,고트,인생겜,5,2026-03-10T08:25:56-07:00,1.85.411448
ba,블루 아카이브,13832962332,블아,게임이아니다! 인생이다,5,2026-03-10T02:52:10-07:00,1.85.411448
ba,블루 아카이브,13832379523,다 좋은데..!,"루나틱, 토먼트 사이 난이도 나왔으면 좋겠음! 그리고 너무 자주 튕김!",5,2026-03-09T21:19:52-07:00,1.85.411448
ba,블루 아카이브,13784524825,접속불가,게임 접속이 안됩니다 로딩화면만 30분째 보고있네요,3,2026-02-24T08:38:35-07:00,1.85.395771
ba,블루 아카이브,13771429977,튜토리얼 구간에서 빠른편성 클릭시 튕기는 현상,게임을 즐겨보고자 처음 접속해봤습니다. 다만 튜토리얼 구간에서 지속적으로 튕기는 현상이 발생해 게임을 실행하지도 못합니다.,1,2026-02-20T16:36:49-07:00,1.85.395771
ba,블루 아카이브,13762196899,최적화는 진짜 갖다 버렸나보네,진짜 정 다 떨어지네,1,2026-02-18T03:19:40-07:00,1.85.395771
ba,블루 아카이브,13755025311,작작 튕겨라,아니 게임에 집중할틈을 안줌 이거 안고치면 모바일 유져들 다 나갈거 같음 고쳐주삼,4,2026-02-16T02:56:26-07:00,1.85.395771
ba,블루 아카이브,13750192741,사운드관련 문제,"갑자기 언제부턴가 효과음, 음악, 심지어 더빙까지 모든 소리가 안들리네요...",4,2026-02-14T17:21:57-07:00,1.85.395771
ba,블루 아카이브,13732261793,너무 튕겨요,최근에 시작해서 재밌게 플레이하고 있는 아이폰 유저입니다. 원래 다른 게임에서도 튕길때가 있다면 별로 신경 안쓰고 플레이하지만 이번에는 게임 진행에 문제가 있어서 리뷰를 남깁니다. 원래는 몇번씩 튕기는것 때문에 이번에도 튕겼나보다 했는데 어느순간부터 전투에는 어떤 콘텐츠던간에 입장이 되지 않더군요. 이점 고쳐주시면 감사하겠습니다. 게임은 너무 재밌어요,3,2026-02-09T16:30:05-07:00,1.85.395771
ba,블루 아카이브,13730769892,인생 게임,"내가 지금까지 했던 게임 중 가장 완벽한 게임
어느 한 곳이라도 부족한 곳이 없음
캐릭터 퀄리티,스토리 구성 등 모든 것이 완벽
이 게임을 이제 시작한 것이 인생 최고의
실수다.",5,2026-02-09T07:10:39-07:00,1.85.395771
ba,블루 아카이브,13727559160,내인생 최악의 게임,"게임좀하고 만들었으면 좋겠습니다.

점점 최악의 게임으로써
티페리리트는 무슨생각으로 플레이하라는건지 의문입니다.

버프주기에 불편한 비스듬한 카메라, 자꾸 뭉치는 학생들 사이로 마우스로 겨우겨우 구분해서 버프 지정, 코스트 게이지는 테두리가 점점 맵 바닥과 비슷해져서 테두리라도 하나 쳐주면 안되나요?

컨텐츠 하나하나가 파면 팔수록 개판인게 개선해야할께 한두가지가 아닌것 같습니다.

내년에는 또 무슨 리트를 하고 있을지 역겹습니다.

비공식 프로그램을 이용한 좌표와 매크로, 대리플레이나 잡아주세요.",2,2026-02-08T09:24:19-07:00,1.85.395771
ba,블루 아카이브,13725302807,다 좋은데 제발 램용량 최적화좀,계속 플레이 하면서 느끼는건데 10분정도하면 튕기고 정공전이나 전투 들어가면 게속 튕겨요. 그래도 스토리는 감동적이에요,5,2026-02-07T19:00:58-07:00,1.85.395771
ba,블루 아카이브,13694816307,자주 튕김+랙 이 있음,아이폰13쓰는데 잦은 튕김으로 게임을 진행할수 없을 정도입니다. 그리고 게임 환경에 방해될 정도로 랙이 많습니다. 할수있는 설정과 백그라운드 다 정리하고 해봤지만 나아지지 않습니다. 저도 게임을 하고싶어요ㅠㅠ,4,2026-01-30T16:21:46-07:00,1.85.395771
ba,블루 아카이브,13687710709,재투자를 전혀 안하네,3년전부터 튕긴다는 리뷰부터 최근까지도 튕긴다는 리뷰에도 아랑곳않는 너희 운영방식이 증말 으메이징하다,1,2026-01-28T19:55:03-07:00,1.85.395771
ba,블루 아카이브,13684823954,😏,말 안해도 아시죠?ㅋ,5,2026-01-28T03:11:56-07:00,1.85.395771
ba,블루 아카이브,13671019106,내 인생과 같은게임,이 게임을 만나서 너무나도 행복한 삶을 보내는중,5,2026-01-24T09:50:48-07:00,1.85.395771
ba,블루 아카이브,13650946328,재밋읍니다.미소녀.죠아요^^~,굿^^,5,2026-01-19T01:35:57-07:00,1.85.395771
ba,블루 아카이브,13627804271,IOS 최적화좀 해주세요,블루아카이브 재밌게 즐기고 있는 사람입니다. 하지만 블루아카이브 할때 가끔씩 게임이 꺼지거나 핸드폰이 뜨겁게 변합니다. 아이폰17프로를 사용중인데 이 사양이 부족할 사양인가 싶습니다. 빨리 최적화좀 해주십쇼.,5,2026-01-12T23:34:41-07:00,1.85.395771
ba,블루 아카이브,13617728487,리세마라 횟수 제한 개 짜치네,ㅋㅋㅋㅋ,1,2026-01-10T08:46:34-07:00,1.82.390231
ba,블루 아카이브,13605954667,고퀄도 아닌데 튕김이랑 최적화 개선을 못하네,와우,1,2026-01-07T08:43:06-07:00,1.82.390231
ba,블루 아카이브,13603642523,se2는 아예못하나유,"허접폰은죽으라는건가
스팀판으로 돌리긴하는데 나도 핸드폰으로 하고싶다",1,2026-01-06T17:49:20-07:00,1.82.390231
ba,블루 아카이브,13588586097,너무 재밌고 귀여운 캐릭터들!,일러도 좋고 캐릭터 모션도 좋고 아기자기한게 좋아요! :),5,2026-01-02T23:49:56-07:00,1.82.390231
ba,블루 아카이브,13584039935,튕김때문에 게임진행안됨,어제 깔아서 튜토 진행하고 있는데 전투 들어갈 때 계속 튕겨요 진짜 계속 튕겨서 어제부터 튜토리얼 진행이 안돼요 제가 저장용량도 늘리고 앱도 지웠다 깔고 기기 재부팅도 했는데도 튕김이 안 멈춰요 튕길 때 마다 진짜 열불나요 인내심 기르려고 깐 것도 아니고 제발 튜토리얼은 끝내고 싶으니까 튕김 현상 좀 고쳐주세요 제발 튜토리얼 끝내고 싶어요,5,2026-01-01T22:37:01-07:00,1.82.390231
ba,블루 아카이브,13581091486,튕김현상이 너무 심함,"전투를 모바일환경에서 할 수가 없는 수준입니다...
종합전술시험 진입만 했다하면 튕기니 15분째 한번을 전투진입을 못하고 튕기니 게임을 하란건지 말란건지...
그래픽 설정 최하로도 해보고 별 짓 다해도 튕깁니다. 아이폰 13입니다.",1,2026-01-01T06:09:29-07:00,1.82.390231
ba,블루 아카이브,13569264802,게임은 재밌어요! 근데…,"전에도 여러번 튕겼지만 게임을 못할정도는 아니여서 괜찮았는데..이젠 전투를 들어가려고 하기만 하면 바로 튕겨서 게임을 못할정도에요…ㅠㅠ
개선해주시면 감사하겠습니다 (*˙˘˙)",4,2025-12-29T07:34:21-07:00,1.82.390231
ba,블루 아카이브,13556288436,과금하는게 아깝지 않은 게임,그렇다!,5,2025-12-26T01:31:55-07:00,1.82.390231
ba,블루 아카이브,13551795075,너무 튕김,블아 너무 튕겨요 …들어갈때마다 튕겨서 짜증나네요 모바일,3,2025-12-24T18:32:33-07:00,1.82.390231
ba,블루 아카이브,13544549004,ㅋㅋ 용하 엄마,역사상 최악의 쓰레기 게임 소녀전선 확률보다 더심하노 시 팔,1,2025-12-22T18:43:14-07:00,1.82.390231
ba,블루 아카이브,13530719838,튕김현상 제발 개선 좀요,자꾸 튕기는 거 때문에 게임을 할 수가 없네요 저 말고도 다른 	분들도 많이 그런 거 같은데 제발 해결 좀 해주세요;; 메인 화면에서 벗어나지도 못하고 화면 멈춰서 아무런 동작도 못하고 진짜 병신같은 게임,1,2025-12-19T03:44:19-07:00,1.82.390231
ba,블루 아카이브,13521773597,튕김;;,아이폰 13미니로 해서 그런건진 모르겠는데 진짜 너무 많이 튕겨요 게임자체는 너무 재밌어서 계속 하는데 튕기는거좀 어케 안될까요?,5,2025-12-16T15:09:43-07:00,1.82.390231
ba,블루 아카이브,13519867814,이게임에 찬가를,지금 몇년째 여러 학생들이 생겨나며 노래또한 같이 많이 나옴니다 즐거워요 그리고 히나만 보고 하다가 히나한테만 30만원 쓴거같네요,5,2025-12-16T04:07:33-07:00,1.82.390231
ba,블루 아카이브,13519759590,튕김이슈,"정말 튕기는 이슈만 해결되면 좋겠네요 전보다 훨씬 심해진거 같아요 저장공간이 부족한것도 아닌데
진행이 안될정도로 심하네요 부디 해결되었스면 좋겠습니다",4,2025-12-16T03:27:26-07:00,1.82.390231
ba,블루 아카이브,13497926696,ㅈㄴ튕겨요,"잘되가 자꾸 튕기는데 좀 해결하세요…
아이폰16인데 튕기면 어캄..;",3,2025-12-10T08:20:44-07:00,1.82.378581
ba,블루 아카이브,13473567504,모든 농들을 내 품으로!!!!!!!,빵부키단은 모두 주거야한다,5,2025-12-04T03:09:59-07:00,1.82.378581
ba,블루 아카이브,13465799076,제 인생 게임입니다🤍,스토리도 너무 좋고 학생들 너무 예뻐요ㅠㅠ♡ 거의 매일매일 접속해서 꾸준히 하고 있는 게임이에요! 이벤트 스토리들도 다 너무 좋아요❤️❤️,5,2025-12-02T01:42:20-07:00,1.82.378581
ba,블루 아카이브,13357759833,튕김현상이 자주있어요,아이폰13인데 너무 자주 튕겨요,4,2025-11-04T18:05:55-07:00,1.82.378581
ba,블루 아카이브,13349994349,튕김 좀…,전투만 들어가면 튕겨요ㅠㅠ 해결해주세요ㅠㅠ,4,2025-11-02T22:57:35-07:00,1.82.378581
ba,블루 아카이브,13316602874,어째서…,어째서 나는…키보토스로 가질 못하는가…,5,2025-10-26T06:22:17-07:00,1.82.378581
ba,블루 아카이브,13294114502,블루 아카이브 스토리가 너무 좋아요 :),조금 늦어도 괜찮으니까 앞으로도 좋은 스토리 업데이트 기대하겠습니다~,5,2025-10-20T23:45:57-07:00,1.82.378581
ba,블루 아카이브,13277247341,최고의 게임,살면서 이렇게 빠져서 한 게임은 처음입니다 사랑합니다,5,2025-10-17T02:28:50-07:00,1.82.376243
ba,블루 아카이브,13265653262,픽업 삭제기원,모든 픽업 천장입니다 그냥 모두가 망하게끔 픽업을 삭제하고 200포인트 교환을 바랍니다,1,2025-10-14T07:38:11-07:00,1.82.376243
ba,블루 아카이브,13247268724,튕김문제가 너무 심함,"카페, 임무, 총력전 등등 뭐 하나 들어가면 튕기는 문제가 있음..  요즘은 시작 버튼 누르기만 
해도 튕겨버려서 진행 조차도 못하는 지경임 뭐가 문젠지 알려주기라도 해줬으면",3,2025-10-10T00:39:35-07:00,1.82.376243
ba,블루 아카이브,13234947674,너무 자주튕겨요….,"저는 블루아카이브를 시작한지 이제 거의 1년 가까이됩니다.솔직히 스토리,캐릭터,UI,정체성까지 너무 마음에 듭니다.그치만 너무 자주 튕겨요.예전엔 이정도 까진 아니였는데,점점 업데이트를 거듭하더니 이젠 자주튕깁니다.특히 총력전이나 대결전 심지어는 메인스토리나 이벤트 스토리에서 전투 스테이지를 진행하면 그냥 튕겨버려서 스토리 진행도 밀리고 있어요. 예전처럼 그냥 즐기면서 하고싶어도 툭하면 튕겨버리니까 답이 없어 보여서 보냅니다…(핸드폰 문제이줄 알았는데 아닌것같더라구요….) 게임 닉네임은 히스클리프입니다.
추신:트릭컬도 이정돈 아니에요…",4,2025-10-07T02:53:25-07:00,1.82.376243
ba,블루 아카이브,13234789123,아이폰16인데 렉걸림 ㅋㅋ,정확히는 잠깐 다른 앱 키거나 껐다 키면 뭐든지 30프레임으로 움직이다가 서서히 60프레임으로 돌아감. 아이폰으로 넘어온지 얼마 안됫는데 예전엔 아이폰으로도 잘 돌아갔는데 왜 이런 증상이 생기는거죠?,2,2025-10-07T01:53:44-07:00,1.82.376243
ba,블루 아카이브,13227537428,이 게임은 모바일 게임이 맞는가?,최근 나온 테페리트같은 보스같은 경우 폰이나 작은 화면으로 플레이할 경우 잘 보이지도 않고 스킬을(특히 이동기) 사용함에 있어 사실상 ‘좌표’를 강제하는 느낌으로 플레이시 굉장히 불쾌함을 느끼고 있습니다. 스팀을 통한 PC클라이언트가 나오기 전에도 그랬지만 PC 플레이를 거의 강제한다는 생각이 듭니다. 복잡하고 참신한 기믹을 넣어서 보스를 만들었다고 뿌듯해하셨을것같긴한데 개발하실때 모바일 기기로는 플레이를 해보신 건지 정말 궁금하네요.,2,2025-10-05T08:48:00-07:00,1.82.376243
ba,블루 아카이브,13225126305,그냥 재미가 없네요,처음 무슨 안경 쓴 엘프여자가 나와서 뭔 3분 동안 그냥 표정 변화만 있고 음성도 없고 뭐이렇게 대충 만들었지? 하고 그냥 아무것도 못하고 끄고 삭제했습니다;;,1,2025-10-04T20:00:10-07:00,1.82.376243
ba,블루 아카이브,13223102778,강제종료의 퍼레이드,아이폰 13 사용중인데 안티앨리어싱 같은거 다 꺼둬도 한 3분마다 강제종료되어서 이게 최적화를 한건지 아니면 새 아이폰을 사라는 계략인지 모르겠음,2,2025-10-04T08:51:10-07:00,1.82.376243
ba,블루 아카이브,13216653759,너네는 게임을 만든게 맞을까?,"그래 IP 좋고 캐릭터성도 좋아
근데 왜 자꾸 튕기냐고 게임이

지금 제약해제결전을 한 6번을 튕겼어
그리고 총력전이나 대결전을 하려고 하면 한 7번정도 튕겨

진짜 니들은 게임을 이따구로 해놓으면 어쩌자는거냐?

내 폰이 낡은걸수도 있어
그럼그럼 아이폰 13이라는 개 구진 휴대폰으로 우리 대애애단하신
블루 아카이브를 돌리려고 한 내 죄일수도 있겠네 그치?

근데말이야 이 겜을 돌리면서 하루에 
6번이나 튕기면

내가 지금 하고있는 젠레스 존 제로는 지금까지 한 번만 튕기고 

그 한번 튕긴 이후로는
지금까지 튕긴 적이 없어

왜?

블루 아카이브는 6번이나 쳐 튕기는데

젠레스는 메모리도 더 잡아먹고
겜만 하기만 하면 아이폰 13은 핫팩이 되어버리는데도 잘 안튕겨

니가 블루아카이브 설정을 최상으로 하니까 자꾸 튕기는거라고?

다 최하로 바꾸어놨는데도 튕긴다고

니네는 캐릭터 잘 뽑고 연출 잘 뽑고 스토리 잘 뽑으면 장땡이라고 생각하는가 본데

이거 온라인 게임이야

온라인 게임이라고

한번 만들고 끝인 패키지 게임이 아니라고

실시간으로 문제가 있으면
그걸 계속 패치하면서 고치고 해야한다고

아니 진짜 어이가 없네

이럴거면 게임을 만들지 말고
설정집이나 짜러 가세요 진짜",1,2025-10-02T22:18:15-07:00,1.82.376243
ba,블루 아카이브,13204100886,아이폰으로 이게임 하지 마세요,튕김은 몇년이 지나도 똑같네,1,2025-09-30T03:47:57-07:00,1.82.376243
ba,블루 아카이브,13191190989,아니시발,270뽑을 했는데 그동안 한번을 안나와? 확률이거 맞아? 이딴게 픽업이야 이새끼들아?,3,2025-09-27T04:09:18-07:00,1.82.374526
ba,블루 아카이브,13189325735,진짜 제발 호환성 개선 좀 해주면 안될까요?,게임이 심심할때마다 튕기는건 몇 달 째 지속되고 있고 개선은 커녕 모바일은 업데이트 이후로 버벅거림까지 추가됐네요 개발자분들 게임은 직접 하고 계신건가요? 내가 구닥다리폰을 쓰고 있는것도 아닌데 불편한 정도를 넘어서 불쾌하기까지 합니다 제발 좀 진짜 제발 부탁드릴게요 게임 접고싶습니다 다른 것도 아니고 이거땜에,1,2025-09-26T16:40:47-07:00,1.82.374526
ba,블루 아카이브,13180235780,튕기는 거좀 어떻게 해보세요.,저사양 모드로도 돌아갈 수있게 설정 에서 선택지를 늘려주던지 너무 심하게 튕기네요. 게임 진행이 안될 정도로요,5,2025-09-24T14:22:15-07:00,1.82.374526
ba,블루 아카이브,13178095934,왜이리 튕김?,내 폰이 똥이라 그런가? 엄총 튕기네 아무리 최적화 해도 이게 한계인가 봄,4,2025-09-24T04:06:48-07:00,1.82.374526
ba,블루 아카이브,13177794405,어제 업데이트 후로 뭐만 누르면 튕겨요,ㅜㅜㅜㅜㅜㅜㅜ 게임 좀 하고 싶은데 할 수가 없네요 아이폰 13 미니인데 너무 심해요 ㅜㅜㅜㅜㅜㅜ,4,2025-09-24T02:19:34-07:00,1.82.374526
ba,블루 아카이브,13177476382,제 인생을 구원하셨습니다.,기적을 만들어주셔서 감사합니다.,5,2025-09-24T00:10:13-07:00,1.82.374526
ba,블루 아카이브,13174667093,코딩덩어리,"몇년을 운영했는데도, 고쳐지지가 않냐.",1,2025-09-23T07:47:53-07:00,1.82.374526
ba,블루 아카이브,13173604532,캐릭터도 너무 예쁘고 재밌어요,제 인생 게임입니다…,5,2025-09-23T02:40:18-07:00,1.82.374526
ba,블루 아카이브,13173394490,대 빡 빡,용하행님 이렇게 많이뿌려도 남는거있나요,5,2025-09-23T01:19:32-07:00,1.82.374526
