game,name_ko_game,char_id,name_ko,name_en,route_en,rank,rarity_label,element,weapon_or_path,is_playable_avatar,release_unix,release_date,n_battlesuits,best_rank,latest_s_battlesuit,default_order,is_limited,match_name,name_len,name_ambiguous,matchable,mention_count,avg_mention_score,mention_rate_per_10k,comment_mentions,youtube_mentions,apple_mentions,hoyolab_mentions,comment_rate_per_10k,mentions_total,game_avg_score,sentiment_vs_baseline,push_rank,audience_rank
genshin,원신,10000002,카미사토 아야카,,Kamisato Ayaka,5,5성,Ice,WEAPON_SWORD_ONE_HAND,False,1626814800.0,2021-07-20T21:00:00+00:00,,,,,,카미사토 아야카,8,False,True,0.0,,0.0,0.0,0.0,0.0,0.0,0.0,0.0,3.66,,52.0,
genshin,원신,10000003,진,,Jean,5,5성,Wind,WEAPON_SWORD_ONE_HAND,False,1601244000.0,2020-09-27T22:00:00+00:00,,,,,,진,1,True,False,,,,,,,,,0.0,3.66,,61.0,
genshin,원신,10000006,리사,,Lisa,4,4성,Electric,WEAPON_CATALYST,False,1601244000.0,2020-09-27T22:00:00+00:00,,,,,,리사,2,True,True,0.0,,0.0,14.0,13.0,1.0,0.0,3.86,14.0,3.66,,,72.0
genshin,원신,10000014,바바라,,Barbara,4,4성,Water,WEAPON_CATALYST,False,1601244000.0,2020-09-27T22:00:00+00:00,,,,,,바바라,3,False,True,0.0,,0.0,20.0,19.0,1.0,0.0,5.52,20.0,3.66,,,60.0
genshin,원신,10000015,케이아,,Kaeya,4,4성,Ice,WEAPON_SWORD_ONE_HAND,False,1601244000.0,2020-09-27T22:00:00+00:00,,,,,,케이아,3,False,True,0.0,,0.0,15.0,15.0,0.0,0.0,4.14,15.0,3.66,,,70.0
genshin,원신,10000016,다이루크,,Diluc,5,5성,Fire,WEAPON_CLAYMORE,False,1601244000.0,2020-09-27T22:00:00+00:00,,,,,,다이루크,4,False,True,3.0,4.67,22.76,44.0,43.0,1.0,0.0,12.14,47.0,3.66,1.01,62.0,34.0
genshin,원신,10000020,레이저,,Razor,4,4성,Electric,WEAPON_CLAYMORE,False,1601244000.0,2020-09-27T22:00:00+00:00,,,,,,레이저,3,False,True,0.0,,0.0,16.0,16.0,0.0,0.0,4.41,16.0,3.66,,,67.0
genshin,원신,10000021,엠버,,Amber,4,4성,Fire,WEAPON_BOW,False,1601244000.0,2020-09-27T22:00:00+00:00,,,,,,엠버,2,True,True,0.0,,0.0,8.0,7.0,1.0,0.0,2.21,8.0,3.66,,,79.0
genshin,원신,10000022,벤티,,Venti,5,5성,Wind,WEAPON_BOW,False,1601244000.0,2020-09-27T22:00:00+00:00,,,,,,벤티,2,True,True,3.0,5.0,22.76,144.0,141.0,3.0,0.0,39.73,147.0,3.66,1.34,63.0,13.0
genshin,원신,10000023,향릉,,Xiangling,4,4성,Fire,WEAPON_POLE,False,1601244000.0,2020-09-27T22:00:00+00:00,,,,,,향릉,2,True,True,0.0,,0.0,5.0,4.0,1.0,0.0,1.38,5.0,3.66,,,89.0
genshin,원신,10000024,북두,,Beidou,4,4성,Electric,WEAPON_CLAYMORE,False,1601244000.0,2020-09-27T22:00:00+00:00,,,,,,북두,2,True,True,0.0,,0.0,18.0,18.0,0.0,0.0,4.97,18.0,3.66,,,63.0
genshin,원신,10000025,행추,,Xingqiu,4,4성,Water,WEAPON_SWORD_ONE_HAND,False,1601244000.0,2020-09-27T22:00:00+00:00,,,,,,행추,2,True,True,0.0,,0.0,1.0,1.0,0.0,0.0,0.28,1.0,3.66,,,103.0
genshin,원신,10000026,소,,Xiao,5,5성,Wind,WEAPON_POLE,False,1612216800.0,2021-02-01T22:00:00+00:00,,,,,,소,1,True,False,,,,,,,,,0.0,3.66,,56.0,
genshin,원신,10000027,응광,,Ningguang,4,4성,Rock,WEAPON_CATALYST,False,1601244000.0,2020-09-27T22:00:00+00:00,,,,,,응광,2,True,True,0.0,,0.0,5.0,5.0,0.0,0.0,1.38,5.0,3.66,,,90.0
genshin,원신,10000029,클레,,Klee,5,5성,Fire,WEAPON_CATALYST,False,1601244000.0,2020-09-27T22:00:00+00:00,,,,,,클레,2,True,True,0.0,,0.0,257.0,257.0,0.0,0.0,70.91,257.0,3.66,,64.0,8.0
genshin,원신,10000030,종려,,Zhongli,5,5성,Rock,WEAPON_POLE,False,1606874400.0,2020-12-02T02:00:00+00:00,,,,,,종려,2,True,True,3.0,2.0,22.76,102.0,101.0,1.0,0.0,28.14,105.0,3.66,-1.66,59.0,19.0
genshin,원신,10000031,피슬,,Fischl,4,4성,Electric,WEAPON_BOW,False,1601244000.0,2020-09-27T22:00:00+00:00,,,,,,피슬,2,True,True,0.0,,0.0,25.0,25.0,0.0,0.0,6.9,25.0,3.66,,,52.0
genshin,원신,10000032,베넷,,Bennett,4,4성,Fire,WEAPON_SWORD_ONE_HAND,False,1601244000.0,2020-09-27T22:00:00+00:00,,,,,,베넷,2,True,True,0.0,,0.0,45.0,45.0,0.0,0.0,12.42,45.0,3.66,,,36.0
genshin,원신,10000033,타르탈리아,,Tartaglia,5,5성,Water,WEAPON_BOW,False,1605060000.0,2020-11-11T02:00:00+00:00,,,,,,타르탈리아,5,False,True,1.0,4.0,7.59,48.0,48.0,0.0,0.0,13.24,49.0,3.66,0.34,60.0,33.0
genshin,원신,10000034,노엘,,Noelle,4,4성,Rock,WEAPON_CLAYMORE,False,1601244000.0,2020-09-27T22:00:00+00:00,,,,,,노엘,2,True,True,0.0,,0.0,26.0,26.0,0.0,0.0,7.17,26.0,3.66,,,50.0
genshin,원신,10000035,치치,,Qiqi,5,5성,Ice,WEAPON_SWORD_ONE_HAND,False,1601244000.0,2020-09-27T22:00:00+00:00,,,,,,치치,2,True,True,5.0,4.6,37.94,125.0,120.0,5.0,0.0,34.49,130.0,3.66,0.94,65.0,15.0
genshin,원신,10000036,중운,,Chongyun,4,4성,Ice,WEAPON_CLAYMORE,False,1601244000.0,2020-09-27T22:00:00+00:00,,,,,,중운,2,True,True,0.0,,0.0,3.0,3.0,0.0,0.0,0.83,3.0,3.66,,,95.0
genshin,원신,10000037,감우,,Ganyu,5,5성,Ice,WEAPON_BOW,False,1610467200.0,2021-01-12T16:00:00+00:00,,,,,,감우,2,True,True,0.0,,0.0,10.0,10.0,0.0,0.0,2.76,10.0,3.66,,57.0,76.0
genshin,원신,10000038,알베도,,Albedo,5,5성,Rock,WEAPON_SWORD_ONE_HAND,False,1608588000.0,2020-12-21T22:00:00+00:00,,,,,,알베도,3,False,True,1.0,5.0,7.59,45.0,45.0,0.0,0.0,12.42,46.0,3.66,1.34,58.0,35.0
genshin,원신,10000039,디오나,,Diona,4,4성,Ice,WEAPON_BOW,False,1605060000.0,2020-11-11T02:00:00+00:00,,,,,,디오나,3,False,True,0.0,,0.0,19.0,19.0,0.0,0.0,5.24,19.0,3.66,,,61.0
genshin,원신,10000041,모나,,Mona,5,5성,Water,WEAPON_CATALYST,False,1601244000.0,2020-09-27T22:00:00+00:00,,,,,,모나,2,True,True,1.0,2.0,7.59,33.0,33.0,0.0,0.0,9.1,34.0,3.66,-1.66,66.0,41.0
genshin,원신,10000042,각청,,Keqing,5,5성,Electric,WEAPON_SWORD_ONE_HAND,False,1601244000.0,2020-09-27T22:00:00+00:00,,,,,,각청,2,True,True,0.0,,0.0,18.0,18.0,0.0,0.0,4.97,18.0,3.66,,67.0,64.0
genshin,원신,10000043,설탕,,Sucrose,4,4성,Wind,WEAPON_CATALYST,False,1601244000.0,2020-09-27T22:00:00+00:00,,,,,,설탕,2,True,True,0.0,,0.0,13.0,13.0,0.0,0.0,3.59,13.0,3.66,,,73.0
genshin,원신,10000044,신염,,Xinyan,4,4성,Fire,WEAPON_CLAYMORE,False,1606874400.0,2020-12-02T02:00:00+00:00,,,,,,신염,2,True,True,0.0,,0.0,1.0,1.0,0.0,0.0,0.28,1.0,3.66,,,104.0
genshin,원신,10000045,로자리아,,Rosaria,4,4성,Ice,WEAPON_POLE,False,1617721200.0,2021-04-06T15:00:00+00:00,,,,,,로자리아,4,False,True,0.0,,0.0,18.0,18.0,0.0,0.0,4.97,18.0,3.66,,,65.0
genshin,원신,10000046,호두,,Hu Tao,5,5성,Fire,WEAPON_POLE,False,1614700800.0,2021-03-02T16:00:00+00:00,,,,,,호두,2,True,True,2.0,2.5,15.17,31.0,31.0,0.0,0.0,8.55,33.0,3.66,-1.16,55.0,43.0
genshin,원신,10000047,카에데하라 카즈하,,Kaedehara Kazuha,5,5성,Wind,WEAPON_SWORD_ONE_HAND,False,1624978800.0,2021-06-29T15:00:00+00:00,,,,,,카에데하라 카즈하,9,False,True,0.0,,0.0,1.0,1.0,0.0,0.0,0.28,1.0,3.66,,53.0,105.0
genshin,원신,10000048,연비,,Yanfei,4,4성,Fire,WEAPON_CATALYST,False,1619470800.0,2021-04-26T21:00:00+00:00,,,,,,연비,2,True,True,0.0,,0.0,6.0,6.0,0.0,0.0,1.66,6.0,3.66,,,85.0
genshin,원신,10000049,요이미야,,Yoimiya,5,5성,Fire,WEAPON_BOW,False,1628607600.0,2021-08-10T15:00:00+00:00,,,,,,요이미야,4,False,True,1.0,5.0,7.59,4.0,4.0,0.0,0.0,1.1,5.0,3.66,1.34,51.0,91.0
genshin,원신,10000050,토마,,Thoma,4,4성,Fire,WEAPON_POLE,False,1635868800.0,2021-11-02T16:00:00+00:00,,,,,,토마,2,True,True,0.0,,0.0,3.0,3.0,0.0,0.0,0.83,3.0,3.66,,,96.0
genshin,원신,10000051,유라,,Eula,5,5성,Ice,WEAPON_CLAYMORE,False,1621350000.0,2021-05-18T15:00:00+00:00,,,,,,유라,2,True,True,1.0,1.0,7.59,109.0,107.0,2.0,0.0,30.07,110.0,3.66,-2.66,54.0,18.0
genshin,원신,10000052,라이덴 쇼군,,Raiden Shogun,5,5성,Electric,WEAPON_POLE,False,1630443600.0,2021-08-31T21:00:00+00:00,,,,,,라이덴 쇼군,6,False,True,1.0,4.0,7.59,9.0,9.0,0.0,0.0,2.48,10.0,3.66,0.34,49.0,77.0
genshin,원신,10000053,사유,,Sayu,4,4성,Wind,WEAPON_CLAYMORE,False,1628607600.0,2021-08-10T15:00:00+00:00,,,,,,사유,2,True,True,0.0,,0.0,6.0,6.0,0.0,0.0,1.66,6.0,3.66,,,86.0
genshin,원신,10000054,산고노미야 코코미,,Sangonomiya Kokomi,5,5성,Water,WEAPON_CATALYST,False,1632236400.0,2021-09-21T15:00:00+00:00,,,,,,산고노미야 코코미,9,False,True,0.0,,0.0,0.0,0.0,0.0,0.0,0.0,0.0,3.66,,48.0,
genshin,원신,10000055,고로,,Gorou,4,4성,Rock,WEAPON_BOW,False,1639497600.0,2021-12-14T16:00:00+00:00,,,,,,고로,2,True,True,4.0,3.25,30.35,38.0,33.0,5.0,0.0,10.48,42.0,3.66,-0.41,,37.0
genshin,원신,10000056,쿠죠 사라,,Kujou Sara,4,4성,Electric,WEAPON_BOW,False,1630443600.0,2021-08-31T21:00:00+00:00,,,,,,쿠죠 사라,5,False,True,0.0,,0.0,1.0,1.0,0.0,0.0,0.28,1.0,3.66,,,106.0
genshin,원신,10000057,아라타키 이토,,Arataki Itto,5,5성,Rock,WEAPON_CLAYMORE,False,1639497600.0,2021-12-14T16:00:00+00:00,,,,,,아라타키 이토,7,False,True,0.0,,0.0,1.0,1.0,0.0,0.0,0.28,1.0,3.66,,47.0,107.0
genshin,원신,10000058,야에 미코,,Yae Miko,5,5성,Electric,WEAPON_CATALYST,False,1644962400.0,2022-02-15T22:00:00+00:00,,,,,,야에 미코,5,False,True,0.0,,0.0,1.0,1.0,0.0,0.0,0.28,1.0,3.66,,45.0,108.0
genshin,원신,10000059,시카노인 헤이조,,Shikanoin Heizou,4,4성,Wind,WEAPON_CATALYST,False,1657659600.0,2022-07-12T21:00:00+00:00,,,,,,시카노인 헤이조,8,False,True,0.0,,0.0,0.0,0.0,0.0,0.0,0.0,0.0,3.66,,,
genshin,원신,10000060,야란,,Yelan,5,5성,Water,WEAPON_BOW,False,1653944400.0,2022-05-30T21:00:00+00:00,,,,,,야란,2,True,True,2.0,3.0,15.17,26.0,26.0,0.0,0.0,7.17,28.0,3.66,-0.66,43.0,47.0
genshin,원신,10000061,키라라,,Kirara,4,4성,Grass,WEAPON_SWORD_ONE_HAND,False,1684789200.0,2023-05-22T21:00:00+00:00,,,,,,키라라,3,False,True,0.0,,0.0,25.0,25.0,0.0,0.0,6.9,25.0,3.66,,,53.0
genshin,원신,10000062,에일로이,,Aloy,5,5성,Ice,WEAPON_BOW,False,1630443600.0,2021-08-31T21:00:00+00:00,,,,,,에일로이,4,False,True,0.0,,0.0,2.0,2.0,0.0,0.0,0.55,2.0,3.66,,50.0,102.0
genshin,원신,10000063,신학,,Shenhe,5,5성,Ice,WEAPON_POLE,False,1641333600.0,2022-01-04T22:00:00+00:00,,,,,,신학,2,True,True,0.0,,0.0,7.0,7.0,0.0,0.0,1.93,7.0,3.66,,46.0,82.0
genshin,원신,10000064,운근,,Yun Jin,4,4성,Rock,WEAPON_POLE,False,1641333600.0,2022-01-04T22:00:00+00:00,,,,,,운근,2,True,True,0.0,,0.0,3.0,3.0,0.0,0.0,0.83,3.0,3.66,,,97.0
genshin,원신,10000065,쿠키 시노부,,Kuki Shinobu,4,4성,Electric,WEAPON_SWORD_ONE_HAND,False,1655823600.0,2022-06-21T15:00:00+00:00,,,,,,쿠키 시노부,6,False,True,0.0,,0.0,0.0,0.0,0.0,0.0,0.0,0.0,3.66,,,
genshin,원신,10000066,카미사토 아야토,,Kamisato Ayato,5,5성,Water,WEAPON_SWORD_ONE_HAND,False,1648587600.0,2022-03-29T21:00:00+00:00,,,,,,카미사토 아야토,8,False,True,0.0,,0.0,1.0,1.0,0.0,0.0,0.28,1.0,3.66,,44.0,109.0
genshin,원신,10000067,콜레이,,Collei,4,4성,Grass,WEAPON_BOW,False,1661288400.0,2022-08-23T21:00:00+00:00,,,,,,콜레이,3,False,True,0.0,,0.0,32.0,32.0,0.0,0.0,8.83,32.0,3.66,,,44.0
genshin,원신,10000068,도리,,Dori,4,4성,Electric,WEAPON_CLAYMORE,False,1662735600.0,2022-09-09T15:00:00+00:00,,,,,,도리,2,True,True,0.0,,0.0,25.0,24.0,1.0,0.0,6.9,25.0,3.66,,,54.0
genshin,원신,10000069,타이나리,,Tighnari,5,5성,Grass,WEAPON_BOW,False,1661288400.0,2022-08-23T21:00:00+00:00,,,,,,타이나리,4,False,True,0.0,,0.0,16.0,16.0,0.0,0.0,4.41,16.0,3.66,,42.0,68.0
genshin,원신,10000070,닐루,,Nilou,5,5성,Water,WEAPON_SWORD_ONE_HAND,False,1665759600.0,2022-10-14T15:00:00+00:00,,,,,,닐루,2,True,True,1.0,1.0,7.59,29.0,29.0,0.0,0.0,8.0,30.0,3.66,-2.66,40.0,45.0
genshin,원신,10000071,사이노,,Cyno,5,5성,Electric,WEAPON_POLE,False,1664226000.0,2022-09-26T21:00:00+00:00,,,,,,사이노,3,False,True,0.0,,0.0,41.0,40.0,0.0,1.0,11.31,41.0,3.66,,41.0,39.0
genshin,원신,10000072,캔디스,,Candace,4,4성,Water,WEAPON_POLE,False,1664226000.0,2022-09-26T21:00:00+00:00,,,,,,캔디스,3,False,True,0.0,,0.0,0.0,0.0,0.0,0.0,0.0,0.0,3.66,,,
genshin,원신,10000073,나히다,,Nahida,5,5성,Grass,WEAPON_CATALYST,False,1667253600.0,2022-10-31T22:00:00+00:00,,,,,,나히다,3,False,True,4.0,4.0,30.35,150.0,148.0,2.0,0.0,41.39,154.0,3.66,0.34,39.0,12.0
genshin,원신,10000074,레일라,,Layla,4,4성,Ice,WEAPON_SWORD_ONE_HAND,False,1668787200.0,2022-11-18T16:00:00+00:00,,,,,,레일라,3,False,True,0.0,,0.0,3.0,3.0,0.0,0.0,0.83,3.0,3.66,,,98.0
genshin,원신,10000075,방랑자,,Wanderer,5,5성,Wind,WEAPON_CATALYST,False,1670277600.0,2022-12-05T22:00:00+00:00,,,,,,방랑자,3,False,True,2.0,3.0,15.17,142.0,141.0,1.0,0.0,39.18,144.0,3.66,-0.66,38.0,14.0
genshin,원신,10000076,파루잔,,Faruzan,4,4성,Wind,WEAPON_BOW,False,1670277600.0,2022-12-05T22:00:00+00:00,,,,,,파루잔,3,False,True,0.0,,0.0,3.0,3.0,0.0,0.0,0.83,3.0,3.66,,,99.0
genshin,원신,10000077,요요,,Yaoyao,4,4성,Grass,WEAPON_POLE,False,1673906400.0,2023-01-16T22:00:00+00:00,,,,,,요요,2,True,True,0.0,,0.0,34.0,33.0,1.0,0.0,9.38,34.0,3.66,,,42.0
genshin,원신,10000078,알하이탐,,Alhaitham,5,5성,Grass,WEAPON_SWORD_ONE_HAND,False,1673906400.0,2023-01-16T22:00:00+00:00,,,,,,알하이탐,4,False,True,0.0,,0.0,10.0,10.0,0.0,0.0,2.76,10.0,3.66,,37.0,78.0
genshin,원신,10000079,데히야,,Dehya,5,5성,Fire,WEAPON_CLAYMORE,False,1677535200.0,2023-02-27T22:00:00+00:00,,,,,,데히야,3,False,True,0.0,,0.0,12.0,10.0,2.0,0.0,3.31,12.0,3.66,,36.0,74.0
genshin,원신,10000080,미카,,Mika,4,4성,Ice,WEAPON_POLE,False,1679414400.0,2023-03-21T16:00:00+00:00,,,,,,미카,2,True,True,0.0,,0.0,22.0,22.0,0.0,0.0,6.07,22.0,3.66,,,58.0
genshin,원신,10000081,카베,,Kaveh,4,4성,Grass,WEAPON_CLAYMORE,False,1683039600.0,2023-05-02T15:00:00+00:00,,,,,,카베,2,True,True,0.0,,0.0,1.0,1.0,0.0,0.0,0.28,1.0,3.66,,,110.0
genshin,원신,10000082,백출,,Baizhu,5,5성,Grass,WEAPON_CATALYST,False,1683039600.0,2023-05-02T15:00:00+00:00,,,,,,백출,2,True,True,0.0,,0.0,29.0,29.0,0.0,0.0,8.0,29.0,3.66,,35.0,46.0
genshin,원신,10000083,리넷,,Lynette,4,4성,Wind,WEAPON_SWORD_ONE_HAND,False,1692046800.0,2023-08-14T21:00:00+00:00,,,,,,리넷,2,True,True,0.0,,0.0,28.0,27.0,1.0,0.0,7.73,28.0,3.66,,,48.0
genshin,원신,10000084,리니,,Lyney,5,5성,Fire,WEAPON_BOW,False,1692046800.0,2023-08-14T21:00:00+00:00,,,,,,리니,2,True,True,3.0,1.33,22.76,69.0,68.0,1.0,0.0,19.04,72.0,3.66,-2.33,34.0,30.0
genshin,원신,10000085,프레미네,,Freminet,4,4성,Ice,WEAPON_CLAYMORE,False,1693926000.0,2023-09-05T15:00:00+00:00,,,,,,프레미네,4,False,True,0.0,,0.0,5.0,5.0,0.0,0.0,1.38,5.0,3.66,,,92.0
genshin,원신,10000086,라이오슬리,,Wriothesley,5,5성,Ice,WEAPON_CATALYST,False,1697554800.0,2023-10-17T15:00:00+00:00,,,,,,라이오슬리,5,False,True,2.0,3.0,15.17,33.0,33.0,0.0,0.0,9.1,35.0,3.66,-0.66,32.0,40.0
genshin,원신,10000087,느비예트,,Neuvillette,5,5성,Water,WEAPON_CATALYST,False,1695675600.0,2023-09-25T21:00:00+00:00,,,,,,느비예트,4,False,True,1.0,4.0,7.59,69.0,68.0,1.0,0.0,19.04,70.0,3.66,0.34,33.0,31.0
genshin,원신,10000088,샤를로트,,Charlotte,4,4성,Ice,WEAPON_CATALYST,False,1699308000.0,2023-11-06T22:00:00+00:00,,,,,,샤를로트,4,False,True,0.0,,0.0,24.0,24.0,0.0,0.0,6.62,24.0,3.66,,,55.0
genshin,원신,10000089,푸리나,,Furina,5,5성,Water,WEAPON_SWORD_ONE_HAND,False,1699308000.0,2023-11-06T22:00:00+00:00,,,,,,푸리나,3,False,True,11.0,4.64,83.46,88.0,83.0,5.0,0.0,24.28,99.0,3.66,0.98,31.0,21.0
genshin,원신,10000090,슈브르즈,,Chevreuse,4,4성,Fire,WEAPON_POLE,False,1704816000.0,2024-01-09T16:00:00+00:00,,,,,,슈브르즈,4,False,True,0.0,,0.0,7.0,7.0,0.0,0.0,1.93,7.0,3.66,,,83.0
genshin,원신,10000091,나비아,,Navia,5,5성,Rock,WEAPON_CLAYMORE,False,1702936800.0,2023-12-18T22:00:00+00:00,,,,,,나비아,3,False,True,0.0,,0.0,24.0,24.0,0.0,0.0,6.62,24.0,3.66,,30.0,56.0
genshin,원신,10000092,가명,,Gaming,4,4성,Fire,WEAPON_CLAYMORE,False,1706565600.0,2024-01-29T22:00:00+00:00,,,,,,가명,2,True,True,0.0,,0.0,4.0,4.0,0.0,0.0,1.1,4.0,3.66,,,94.0
genshin,원신,10000093,한운,,Xianyun,5,5성,Wind,WEAPON_CATALYST,False,1706565600.0,2024-01-29T22:00:00+00:00,,,,,,한운,2,True,True,0.0,,0.0,3.0,3.0,0.0,0.0,0.83,3.0,3.66,,29.0,100.0
genshin,원신,10000094,치오리,,Chiori,5,5성,Rock,WEAPON_SWORD_ONE_HAND,False,1710194400.0,2024-03-11T22:00:00+00:00,,,,,,치오리,3,False,True,0.0,,0.0,11.0,11.0,0.0,0.0,3.03,11.0,3.66,,28.0,75.0
genshin,원신,10000095,시그윈,,Sigewinne,5,5성,Water,WEAPON_BOW,False,1719414000.0,2024-06-26T15:00:00+00:00,,,,,,시그윈,3,False,True,0.0,,0.0,17.0,17.0,0.0,0.0,4.69,17.0,3.66,,25.0,66.0
genshin,원신,10000096,아를레키노,,Arlecchino,5,5성,Fire,WEAPON_POLE,False,1713819600.0,2024-04-22T21:00:00+00:00,,,,,,아를레키노,5,False,True,1.0,5.0,7.59,86.0,85.0,1.0,0.0,23.73,87.0,3.66,1.34,27.0,26.0
genshin,원신,10000097,세토스,,Sethos,4,4성,Electric,WEAPON_BOW,False,1717448400.0,2024-06-03T21:00:00+00:00,,,,,,세토스,3,False,True,0.0,,0.0,6.0,6.0,0.0,0.0,1.66,6.0,3.66,,,87.0
genshin,원신,10000098,클로린드,,Clorinde,5,5성,Electric,WEAPON_SWORD_ONE_HAND,False,1717448400.0,2024-06-03T21:00:00+00:00,,,,,,클로린드,4,False,True,1.0,4.0,7.59,14.0,14.0,0.0,0.0,3.86,15.0,3.66,0.34,26.0,71.0
genshin,원신,10000099,에밀리,,Emilie,5,5성,Grass,WEAPON_POLE,False,1722956400.0,2024-08-06T15:00:00+00:00,,,,,,에밀리,3,False,True,1.0,1.0,7.59,5.0,5.0,0.0,0.0,1.38,6.0,3.66,-2.66,24.0,88.0
genshin,원신,10000100,카치나,,Kachina,4,4성,Rock,WEAPON_POLE,False,1724706000.0,2024-08-26T21:00:00+00:00,,,,,,카치나,3,False,True,0.0,,0.0,3.0,2.0,1.0,0.0,0.83,3.0,3.66,,,101.0
genshin,원신,10000101,키니치,,Kinich,5,5성,Grass,WEAPON_CLAYMORE,False,1726585200.0,2024-09-17T15:00:00+00:00,,,,,,키니치,3,False,True,4.0,3.0,30.35,20.0,19.0,1.0,0.0,5.52,24.0,3.66,-0.66,22.0,57.0
genshin,원신,10000102,말라니,,Mualani,5,5성,Water,WEAPON_CATALYST,False,1724706000.0,2024-08-26T21:00:00+00:00,,,,,,말라니,3,False,True,1.0,5.0,7.59,20.0,20.0,0.0,0.0,5.52,21.0,3.66,1.34,23.0,59.0
genshin,원신,10000103,실로닌,,Xilonen,5,5성,Rock,WEAPON_SWORD_ONE_HAND,False,1728334800.0,2024-10-07T21:00:00+00:00,,,,,,실로닌,3,False,True,0.0,,0.0,8.0,8.0,0.0,0.0,2.21,8.0,3.66,,21.0,80.0
genshin,원신,10000104,차스카,,Chasca,5,5성,Wind,WEAPON_BOW,False,1731967200.0,2024-11-18T22:00:00+00:00,,,,,,차스카,3,False,True,1.0,4.0,7.59,27.0,27.0,0.0,0.0,7.45,28.0,3.66,0.34,20.0,49.0
genshin,원신,10000105,올로룬,,Ororon,4,4성,Electric,WEAPON_BOW,False,1731967200.0,2024-11-18T22:00:00+00:00,,,,,,올로룬,3,False,True,0.0,,0.0,19.0,19.0,0.0,0.0,5.24,19.0,3.66,,,62.0
genshin,원신,10000106,마비카,,Mavuika,5,5성,Fire,WEAPON_CLAYMORE,False,1735596000.0,2024-12-30T22:00:00+00:00,,,,,,마비카,3,False,True,4.0,3.0,30.35,90.0,90.0,0.0,0.0,24.83,94.0,3.66,-0.66,18.0,23.0
genshin,원신,10000107,시틀라리,,Citlali,5,5성,Ice,WEAPON_CATALYST,False,1735596000.0,2024-12-30T22:00:00+00:00,,,,,,시틀라리,4,False,True,1.0,3.0,7.59,113.0,111.0,1.0,1.0,31.18,114.0,3.66,-0.66,19.0,17.0
genshin,원신,10000108,남연,,Lan Yan,4,4성,Wind,WEAPON_CATALYST,False,1737475200.0,2025-01-21T16:00:00+00:00,,,,,,남연,2,True,True,0.0,,0.0,7.0,7.0,0.0,0.0,1.93,7.0,3.66,,,84.0
genshin,원신,10000109,유메미즈키 미즈키,,Yumemizuki Mizuki,5,5성,Wind,WEAPON_CATALYST,False,1739224800.0,2025-02-10T22:00:00+00:00,,,,,,유메미즈키 미즈키,9,False,True,0.0,,0.0,1.0,1.0,0.0,0.0,0.28,1.0,3.66,,17.0,111.0
genshin,원신,10000110,얀사,,Iansan,4,4성,Electric,WEAPON_POLE,False,1742853600.0,2025-03-24T22:00:00+00:00,,,,,,얀사,2,True,True,0.0,,0.0,5.0,5.0,0.0,0.0,1.38,5.0,3.66,,,93.0
genshin,원신,10000111,바레사,,Varesa,5,5성,Electric,WEAPON_CATALYST,False,1742853600.0,2025-03-24T22:00:00+00:00,,,,,,바레사,3,False,True,0.0,,0.0,26.0,26.0,0.0,0.0,7.17,26.0,3.66,,16.0,51.0
genshin,원신,10000112,에스코피에,,Escoffier,5,5성,Ice,WEAPON_POLE,False,1746478800.0,2025-05-05T21:00:00+00:00,,,,,,에스코피에,5,False,True,0.0,,0.0,74.0,73.0,0.0,1.0,20.42,74.0,3.66,,15.0,29.0
genshin,원신,10000113,이파,,Ifa,4,4성,Wind,WEAPON_CATALYST,False,1746478800.0,2025-05-05T21:00:00+00:00,,,,,,이파,2,True,True,5.0,3.6,37.94,11.0,11.0,0.0,0.0,3.03,16.0,3.66,-0.06,,69.0
genshin,원신,10000114,스커크,,Skirk,5,5성,Ice,WEAPON_SWORD_ONE_HAND,False,1750107600.0,2025-06-16T21:00:00+00:00,,,,,,스커크,3,False,True,4.0,4.0,30.35,124.0,124.0,0.0,0.0,34.21,128.0,3.66,0.34,14.0,16.0
genshin,원신,10000115,달리아,,Dahlia,4,4성,Water,WEAPON_SWORD_ONE_HAND,False,1750107600.0,2025-06-16T21:00:00+00:00,,,,,,달리아,3,False,True,0.0,,0.0,8.0,8.0,0.0,0.0,2.21,8.0,3.66,,,81.0
genshin,원신,10000116,이네파,,Ineffa,5,5성,Electric,WEAPON_POLE,False,1753736400.0,2025-07-28T21:00:00+00:00,,,,,,이네파,3,False,True,3.0,4.0,22.76,80.0,78.0,2.0,0.0,22.07,83.0,3.66,0.34,13.0,27.0
genshin,원신,10000119,라우마,,Lauma,5,5성,Grass,WEAPON_CATALYST,False,1757365200.0,2025-09-08T21:00:00+00:00,,,,,,라우마,3,False,True,2.0,5.0,15.17,90.0,90.0,0.0,0.0,24.83,92.0,3.66,1.34,12.0,24.0
genshin,원신,10000120,플린스,,Flins,5,5성,Electric,WEAPON_POLE,False,1759244400.0,2025-09-30T15:00:00+00:00,,,,,,플린스,3,False,True,5.0,4.4,37.94,182.0,179.0,2.0,1.0,50.22,187.0,3.66,0.74,11.0,10.0
genshin,원신,10000121,아이노,,Aino,4,4성,Water,WEAPON_CLAYMORE,False,1757365200.0,2025-09-08T21:00:00+00:00,,,,,,아이노,3,False,True,0.0,,0.0,42.0,41.0,1.0,0.0,11.59,42.0,3.66,,,38.0
genshin,원신,10000122,네페르,,Nefer,5,5성,Grass,WEAPON_CATALYST,False,1760994000.0,2025-10-20T21:00:00+00:00,,,,,,네페르,3,False,True,5.0,3.6,37.94,91.0,91.0,0.0,0.0,25.11,96.0,3.66,-0.06,10.0,22.0
genshin,원신,10000123,두린,,Durin,5,5성,Fire,WEAPON_SWORD_ONE_HAND,False,1764626400.0,2025-12-01T22:00:00+00:00,,,,,,두린,2,True,True,4.0,4.75,30.35,151.0,148.0,3.0,0.0,41.66,155.0,3.66,1.09,9.0,11.0
genshin,원신,10000124,야호다,,Jahoda,4,4성,Wind,WEAPON_BOW,False,1764626400.0,2025-12-01T22:00:00+00:00,,,,,,야호다,3,False,True,1.0,5.0,7.59,90.0,90.0,0.0,0.0,24.83,91.0,3.66,1.34,,25.0
genshin,원신,10000125,콜롬비나,,Columbina,5,5성,Water,WEAPON_CATALYST,False,1768255200.0,2026-01-12T22:00:00+00:00,,,,,,콜롬비나,4,False,True,13.0,4.23,98.63,482.0,467.0,10.0,5.0,132.99,495.0,3.66,0.57,8.0,3.0
genshin,원신,10000126,자백,,Zibai,5,5성,Rock,WEAPON_SWORD_ONE_HAND,False,1770134400.0,2026-02-03T16:00:00+00:00,,,,,,자백,2,True,True,1.0,5.0,7.59,230.0,228.0,2.0,0.0,63.46,231.0,3.66,1.34,7.0,9.0
genshin,원신,10000127,일루가,,Illuga,4,4성,Rock,WEAPON_POLE,False,1770134400.0,2026-02-03T16:00:00+00:00,,,,,,일루가,3,False,True,0.0,,0.0,103.0,101.0,2.0,0.0,28.42,103.0,3.66,,,20.0
genshin,원신,10000128,바르카,,Varka,5,5성,Wind,WEAPON_CLAYMORE,False,1771884000.0,2026-02-23T22:00:00+00:00,,,,,,바르카,3,False,True,5.0,4.2,37.94,709.0,706.0,2.0,1.0,195.62,714.0,3.66,0.54,6.0,2.0
genshin,원신,10000129,로엔,,Lohen,5,5성,Ice,WEAPON_POLE,False,1781017200.0,2026-06-09T15:00:00+00:00,,,,,,로엔,2,True,True,1.0,5.0,7.59,351.0,349.0,2.0,0.0,96.84,352.0,3.66,1.34,3.0,6.0
genshin,원신,10000130,린네아,,Linnea,5,5성,Rock,WEAPON_BOW,False,1775509200.0,2026-04-06T21:00:00+00:00,,,,,,린네아,3,False,True,1.0,4.0,7.59,259.0,259.0,0.0,0.0,71.46,260.0,3.66,0.34,5.0,7.0
genshin,원신,10000131,니콜,,Nicole,5,5성,Fire,WEAPON_CATALYST,False,1779138000.0,2026-05-18T21:00:00+00:00,,,,,,니콜,2,True,True,0.0,,0.0,413.0,411.0,1.0,1.0,113.95,413.0,3.66,,4.0,4.0
genshin,원신,10000132,프루네,,Prune,4,4성,Wind,WEAPON_CATALYST,False,1779138000.0,2026-05-18T21:00:00+00:00,,,,,,프루네,3,False,True,0.0,,0.0,55.0,55.0,0.0,0.0,15.17,55.0,3.66,,,32.0
genshin,원신,10000133,산드로네,,Sandrone,5,5성,Ice,WEAPON_CLAYMORE,False,1782766800.0,2026-06-29T21:00:00+00:00,,,,,,산드로네,4,False,True,12.0,3.75,91.05,734.0,727.0,5.0,2.0,202.52,746.0,3.66,0.09,2.0,1.0
genshin,원신,10000148,알료샤,,Alyosha,4,4성,Electric,WEAPON_POLE,False,1786395600.0,2026-08-10T21:00:00+00:00,,,,,,알료샤,3,False,True,0.0,,0.0,82.0,82.0,0.0,0.0,22.62,82.0,3.66,,,28.0
genshin,원신,10000150,오데트,,Odette,5,5성,Ice,WEAPON_SWORD_ONE_HAND,False,1786395600.0,2026-08-10T21:00:00+00:00,,,,,,오데트,3,False,True,1.0,4.0,7.59,369.0,361.0,1.0,7.0,101.81,370.0,3.66,0.34,1.0,5.0
starrail,붕괴:스타레일,1001,Mar. 7th,,March 7th,4,4성,Ice,Knight,False,1682460000.0,2023-04-25T22:00:00+00:00,,,,,,Mar. 7th,8,False,True,0.0,,0.0,0.0,0.0,0.0,0.0,0.0,0.0,3.26,,,
starrail,붕괴:스타레일,1002,단항,,Dan Heng,4,4성,Wind,Rogue,False,1682460000.0,2023-04-25T22:00:00+00:00,,,,,,단항,2,True,True,2.0,3.5,20.18,429.0,425.0,2.0,2.0,116.35,431.0,3.26,0.24,,6.0
starrail,붕괴:스타레일,1003,히메코,,Himeko,5,5성,Fire,Mage,False,1682460000.0,2023-04-25T22:00:00+00:00,,,,,,히메코,3,False,True,2.0,3.0,20.18,637.0,634.0,1.0,2.0,172.76,639.0,3.26,-0.26,57.0,3.0
starrail,붕괴:스타레일,1004,웰트,,Welt,5,5성,Imaginary,Warlock,False,1682460000.0,2023-04-25T22:00:00+00:00,,,,,,웰트,2,True,True,2.0,2.0,20.18,62.0,62.0,0.0,0.0,16.82,64.0,3.26,-1.26,58.0,29.0
starrail,붕괴:스타레일,1005,카프카,,Kafka,5,5성,Thunder,Warlock,False,1689757200.0,2023-07-19T09:00:00+00:00,,,,,,카프카,3,False,True,3.0,4.0,30.27,113.0,111.0,2.0,0.0,30.65,116.0,3.26,0.74,52.0,19.0
starrail,붕괴:스타레일,1006,은랑,,Silver Wolf,5,5성,Quantum,Warlock,False,1686128400.0,2023-06-07T09:00:00+00:00,,,,,,은랑,2,True,True,6.0,3.17,60.54,927.0,920.0,3.0,4.0,251.42,933.0,3.26,-0.09,55.0,2.0
starrail,붕괴:스타레일,1008,아를란,,Arlan,4,4성,Thunder,Warrior,False,1682460000.0,2023-04-25T22:00:00+00:00,,,,,,아를란,3,False,True,0.0,,0.0,1.0,1.0,0.0,0.0,0.27,1.0,3.26,,,74.0
starrail,붕괴:스타레일,1009,아스타,,Asta,4,4성,Fire,Shaman,False,1682460000.0,2023-04-25T22:00:00+00:00,,,,,,아스타,3,False,True,0.0,,0.0,1.0,1.0,0.0,0.0,0.27,1.0,3.26,,,75.0
starrail,붕괴:스타레일,1013,헤르타,,Herta,4,4성,Ice,Mage,False,1682460000.0,2023-04-25T22:00:00+00:00,,,,,,헤르타,3,False,True,2.0,5.0,20.18,90.0,89.0,0.0,1.0,24.41,92.0,3.26,1.74,,21.0
starrail,붕괴:스타레일,1014,세이버,,Saber,5,5성,Wind,Warrior,False,1752224400.0,2025-07-11T09:00:00+00:00,,,,,,세이버,3,False,True,5.0,3.0,50.45,83.0,81.0,1.0,1.0,22.51,88.0,3.26,-0.26,18.0,23.0
starrail,붕괴:스타레일,1015,아처,,Archer,5,5성,Quantum,Rogue,False,1752224400.0,2025-07-11T09:00:00+00:00,,,,,,아처,2,True,True,4.0,5.0,40.36,88.0,86.0,2.0,0.0,23.87,92.0,3.26,1.74,19.0,22.0
starrail,붕괴:스타레일,1101,브로냐,,Bronya,5,5성,Wind,Shaman,False,1682460000.0,2023-04-25T22:00:00+00:00,,,,,,브로냐,3,False,True,1.0,5.0,10.09,30.0,30.0,0.0,0.0,8.14,31.0,3.26,1.74,59.0,40.0
starrail,붕괴:스타레일,1102,제레,,Seele,5,5성,Quantum,Rogue,False,1682460000.0,2023-04-25T22:00:00+00:00,,,,,,제레,2,True,True,3.0,3.0,30.27,15.0,15.0,0.0,0.0,4.07,18.0,3.26,-0.26,60.0,46.0
starrail,붕괴:스타레일,1103,서벌,,Serval,4,4성,Thunder,Mage,False,1682460000.0,2023-04-25T22:00:00+00:00,,,,,,서벌,2,True,True,0.0,,0.0,2.0,2.0,0.0,0.0,0.54,2.0,3.26,,,69.0
starrail,붕괴:스타레일,1104,게파드,,Gepard,5,5성,Ice,Knight,False,1682460000.0,2023-04-25T22:00:00+00:00,,,,,,게파드,3,False,True,2.0,4.0,20.18,7.0,6.0,1.0,0.0,1.9,9.0,3.26,0.74,61.0,55.0
starrail,붕괴:스타레일,1105,나타샤,,Natasha,4,4성,Physical,Priest,False,1682460000.0,2023-04-25T22:00:00+00:00,,,,,,나타샤,3,False,True,0.0,,0.0,2.0,2.0,0.0,0.0,0.54,2.0,3.26,,,70.0
starrail,붕괴:스타레일,1106,페라,,Pela,4,4성,Ice,Warlock,False,1682460000.0,2023-04-25T22:00:00+00:00,,,,,,페라,2,True,True,0.0,,0.0,5.0,5.0,0.0,0.0,1.36,5.0,3.26,,,63.0
starrail,붕괴:스타레일,1107,클라라,,Clara,5,5성,Physical,Warrior,False,1682460000.0,2023-04-25T22:00:00+00:00,,,,,,클라라,3,False,True,0.0,,0.0,17.0,17.0,0.0,0.0,4.61,17.0,3.26,,62.0,47.0
starrail,붕괴:스타레일,1108,삼포,,Sampo,4,4성,Wind,Warlock,False,1682460000.0,2023-04-25T22:00:00+00:00,,,,,,삼포,2,True,True,0.0,,0.0,34.0,34.0,0.0,0.0,9.22,34.0,3.26,,,36.0
starrail,붕괴:스타레일,1109,후크,,Hook,4,4성,Fire,Warrior,False,1682460000.0,2023-04-25T22:00:00+00:00,,,,,,후크,2,True,True,0.0,,0.0,1.0,1.0,0.0,0.0,0.27,1.0,3.26,,,76.0
starrail,붕괴:스타레일,1110,링스,,Lynx,4,4성,Quantum,Priest,False,1695200400.0,2023-09-20T09:00:00+00:00,,,,,,링스,2,True,True,0.0,,0.0,1.0,1.0,0.0,0.0,0.27,1.0,3.26,,,77.0
starrail,붕괴:스타레일,1111,루카,,Luka,4,4성,Physical,Warlock,False,1689757200.0,2023-07-19T09:00:00+00:00,,,,,,루카,2,True,True,0.0,,0.0,2.0,2.0,0.0,0.0,0.54,2.0,3.26,,,71.0
starrail,붕괴:스타레일,1112,토파즈&복순이,,Topaz & Numby,5,5성,Fire,Rogue,False,1698483600.0,2023-10-28T09:00:00+00:00,,,,,,토파즈&복순이,7,False,True,0.0,,0.0,1.0,1.0,0.0,0.0,0.27,1.0,3.26,,48.0,78.0
starrail,붕괴:스타레일,1201,청작,,Qingque,4,4성,Quantum,Mage,False,1682460000.0,2023-04-25T22:00:00+00:00,,,,,,청작,2,True,True,0.0,,0.0,13.0,13.0,0.0,0.0,3.53,13.0,3.26,,,49.0
starrail,붕괴:스타레일,1202,정운,,Tingyun,4,4성,Thunder,Shaman,False,1682460000.0,2023-04-25T22:00:00+00:00,,,,,,정운,2,True,True,0.0,,0.0,8.0,8.0,0.0,0.0,2.17,8.0,3.26,,,57.0
starrail,붕괴:스타레일,1203,나찰,,Luocha,5,5성,Imaginary,Priest,False,1687942800.0,2023-06-28T09:00:00+00:00,,,,,,나찰,2,True,True,1.0,5.0,10.09,31.0,28.0,3.0,0.0,8.41,32.0,3.26,1.74,54.0,38.0
starrail,붕괴:스타레일,1204,경원,,Jing Yuan,5,5성,Thunder,Mage,False,1684335600.0,2023-05-17T15:00:00+00:00,,,,,,경원,2,True,True,1.0,1.0,10.09,71.0,70.0,1.0,0.0,19.26,72.0,3.26,-2.26,56.0,25.0
starrail,붕괴:스타레일,1205,블레이드,,Blade,5,5성,Wind,Warrior,False,1689757200.0,2023-07-19T09:00:00+00:00,,,,,,블레이드,4,False,True,2.0,5.0,20.18,271.0,267.0,1.0,3.0,73.5,273.0,3.26,1.74,53.0,8.0
starrail,붕괴:스타레일,1206,소상,,Sushang,4,4성,Physical,Rogue,False,1682460000.0,2023-04-25T22:00:00+00:00,,,,,,소상,2,True,True,0.0,,0.0,2.0,2.0,0.0,0.0,0.54,2.0,3.26,,,72.0
starrail,붕괴:스타레일,1207,어공,,Yukong,4,4성,Imaginary,Shaman,False,1687942800.0,2023-06-28T09:00:00+00:00,,,,,,어공,2,True,True,0.0,,0.0,1.0,1.0,0.0,0.0,0.27,1.0,3.26,,,79.0
starrail,붕괴:스타레일,1208,부현,,Fu Xuan,5,5성,Quantum,Knight,False,1695200400.0,2023-09-20T09:00:00+00:00,,,,,,부현,2,True,True,0.0,,0.0,36.0,36.0,0.0,0.0,9.76,36.0,3.26,,50.0,35.0
starrail,붕괴:스타레일,1209,연경,,Yanqing,5,5성,Ice,Rogue,False,1682460000.0,2023-04-25T22:00:00+00:00,,,,,,연경,2,True,True,2.0,1.0,20.18,6.0,6.0,0.0,0.0,1.63,8.0,3.26,-2.26,63.0,58.0
starrail,붕괴:스타레일,1210,계네빈,,Guinaifen,4,4성,Fire,Warlock,False,1698483600.0,2023-10-28T09:00:00+00:00,,,,,,계네빈,3,False,True,0.0,,0.0,2.0,2.0,0.0,0.0,0.54,2.0,3.26,,,73.0
starrail,붕괴:스타레일,1211,백로,,Bailu,5,5성,Thunder,Priest,False,1682460000.0,2023-04-25T22:00:00+00:00,,,,,,백로,2,True,True,0.0,,0.0,6.0,6.0,0.0,0.0,1.63,6.0,3.26,,64.0,62.0
starrail,붕괴:스타레일,1212,경류,,Jingliu,5,5성,Ice,Warrior,False,1697014800.0,2023-10-11T09:00:00+00:00,,,,,,경류,2,True,True,2.0,4.0,20.18,23.0,23.0,0.0,0.0,6.24,25.0,3.26,0.74,49.0,42.0
starrail,붕괴:스타레일,1213,단항•음월,,Dan Heng • Imbibitor Lunae,5,5성,Imaginary,Warrior,False,1693386000.0,2023-08-30T09:00:00+00:00,,,,,,단항•음월,5,False,True,0.0,,0.0,1.0,1.0,0.0,0.0,0.27,1.0,3.26,,51.0,80.0
starrail,붕괴:스타레일,1214,설의,,Xueyi,4,4성,Quantum,Warrior,False,1703671200.0,2023-12-27T10:00:00+00:00,,,,,,설의,2,True,True,0.0,,0.0,12.0,12.0,0.0,0.0,3.25,12.0,3.26,,,51.0
starrail,붕괴:스타레일,1215,한아,,Hanya,4,4성,Physical,Shaman,False,1701856800.0,2023-12-06T10:00:00+00:00,,,,,,한아,2,True,True,0.0,,0.0,3.0,3.0,0.0,0.0,0.81,3.0,3.26,,,67.0
starrail,붕괴:스타레일,1217,곽향,,Huohuo,5,5성,Wind,Priest,False,1700042400.0,2023-11-15T10:00:00+00:00,,,,,,곽향,2,True,True,1.0,4.0,10.09,21.0,19.0,1.0,1.0,5.7,22.0,3.26,0.74,47.0,45.0
starrail,붕괴:스타레일,1218,초구,,Jiaoqiu,5,5성,Fire,Warlock,False,1724230800.0,2024-08-21T09:00:00+00:00,,,,,,초구,2,True,True,0.0,,0.0,13.0,13.0,0.0,0.0,3.53,13.0,3.26,,34.0,50.0
starrail,붕괴:스타레일,1220,비소,,Feixiao,5,5성,Wind,Rogue,False,1725958800.0,2024-09-10T09:00:00+00:00,,,,,,비소,2,True,True,1.0,5.0,10.09,32.0,32.0,0.0,0.0,8.68,33.0,3.26,1.74,33.0,37.0
starrail,붕괴:스타레일,1221,운리,,Yunli,5,5성,Physical,Warrior,False,1722416400.0,2024-07-31T09:00:00+00:00,,,,,,운리,2,True,True,1.0,5.0,10.09,10.0,10.0,0.0,0.0,2.71,11.0,3.26,1.74,35.0,52.0
starrail,붕괴:스타레일,1222,영사,,Lingsha,5,5성,Fire,Priest,False,1727859600.0,2024-10-02T09:00:00+00:00,,,,,,영사,2,True,True,0.0,,0.0,10.0,10.0,0.0,0.0,2.71,10.0,3.26,,32.0,53.0
starrail,붕괴:스타레일,1223,맥택,,Moze,4,4성,Thunder,Rogue,False,1725958800.0,2024-09-10T09:00:00+00:00,,,,,,맥택,2,True,True,0.0,,0.0,5.0,4.0,1.0,0.0,1.36,5.0,3.26,,,64.0
starrail,붕괴:스타레일,1224,Mar. 7th,,March 7th,4,4성,Imaginary,Rogue,False,1722416400.0,2024-07-31T09:00:00+00:00,,,,,,Mar. 7th,8,False,True,0.0,,0.0,0.0,0.0,0.0,0.0,0.0,0.0,3.26,,,
starrail,붕괴:스타레일,1225,망귀인,,Fugue,5,5성,Fire,Warlock,False,1735120800.0,2024-12-25T10:00:00+00:00,,,,,,망귀인,3,False,True,0.0,,0.0,24.0,24.0,0.0,0.0,6.51,24.0,3.26,,29.0,43.0
starrail,붕괴:스타레일,1301,갤러거,,Gallagher,4,4성,Fire,Priest,False,1711533600.0,2024-03-27T10:00:00+00:00,,,,,,갤러거,3,False,True,2.0,4.5,20.18,5.0,5.0,0.0,0.0,1.36,7.0,3.26,1.24,,59.0
starrail,붕괴:스타레일,1302,아젠티,,Argenti,5,5성,Physical,Mage,False,1701856800.0,2023-12-06T10:00:00+00:00,,,,,,아젠티,3,False,True,0.0,,0.0,26.0,25.0,0.0,1.0,7.05,26.0,3.26,,46.0,41.0
starrail,붕괴:스타레일,1303,완•매,,Ruan Mei,5,5성,Ice,Shaman,False,1703671200.0,2023-12-27T10:00:00+00:00,,,,,,완•매,3,False,True,1.0,5.0,10.09,2.0,2.0,0.0,0.0,0.54,3.0,3.26,1.74,45.0,68.0
starrail,붕괴:스타레일,1304,어벤츄린,,Aventurine,5,5성,Imaginary,Knight,False,1713344400.0,2024-04-17T09:00:00+00:00,,,,,,어벤츄린,4,False,True,3.0,3.0,30.27,191.0,190.0,1.0,0.0,51.8,194.0,3.26,-0.26,40.0,15.0
starrail,붕괴:스타레일,1305,Dr. 레이시오,,Dr. Ratio,5,5성,Imaginary,Rogue,False,1705485600.0,2024-01-17T10:00:00+00:00,,,,,,Dr. 레이시오,8,False,True,0.0,,0.0,0.0,0.0,0.0,0.0,0.0,0.0,3.26,,44.0,
starrail,붕괴:스타레일,1306,스파클,,Sparkle,5,5성,Quantum,Shaman,False,1707213600.0,2024-02-06T10:00:00+00:00,,,,,,스파클,3,False,True,1.0,5.0,10.09,193.0,193.0,0.0,0.0,52.34,194.0,3.26,1.74,42.0,16.0
starrail,붕괴:스타레일,1307,블랙 스완,,Black Swan,5,5성,Wind,Warlock,False,1707213600.0,2024-02-06T10:00:00+00:00,,,,,,블랙 스완,5,False,True,0.0,,0.0,0.0,0.0,0.0,0.0,0.0,0.0,3.26,,43.0,
starrail,붕괴:스타레일,1308,아케론,,Acheron,5,5성,Thunder,Warlock,False,1711533600.0,2024-03-27T10:00:00+00:00,,,,,,아케론,3,False,True,1.0,1.0,10.09,117.0,115.0,2.0,0.0,31.73,118.0,3.26,-2.26,41.0,18.0
starrail,붕괴:스타레일,1309,로빈,,Robin,5,5성,Physical,Shaman,False,1715158800.0,2024-05-08T09:00:00+00:00,,,,,,로빈,2,True,True,2.0,3.0,20.18,439.0,432.0,1.0,6.0,119.06,441.0,3.26,-0.26,39.0,5.0
starrail,붕괴:스타레일,1310,반디,,Firefly,5,5성,Fire,Warrior,False,1718787600.0,2024-06-19T09:00:00+00:00,,,,,,반디,2,True,True,7.0,2.71,70.64,255.0,254.0,1.0,0.0,69.16,262.0,3.26,-0.55,37.0,9.0
starrail,붕괴:스타레일,1312,미샤,,Misha,4,4성,Ice,Warrior,False,1709200800.0,2024-02-29T10:00:00+00:00,,,,,,미샤,2,True,True,0.0,,0.0,4.0,4.0,0.0,0.0,1.08,4.0,3.26,,,65.0
starrail,붕괴:스타레일,1313,선데이,,Sunday,5,5성,Imaginary,Shaman,False,1733306400.0,2024-12-04T10:00:00+00:00,,,,,,선데이,3,False,True,1.0,3.0,10.09,210.0,209.0,1.0,0.0,56.96,211.0,3.26,-0.26,30.0,14.0
starrail,붕괴:스타레일,1314,제이드,,Jade,5,5성,Quantum,Mage,False,1720602000.0,2024-07-10T09:00:00+00:00,,,,,,제이드,3,False,True,0.0,,0.0,24.0,24.0,0.0,0.0,6.51,24.0,3.26,,36.0,44.0
starrail,붕괴:스타레일,1315,부트힐,,Boothill,5,5성,Physical,Rogue,False,1716973200.0,2024-05-29T09:00:00+00:00,,,,,,부트힐,3,False,True,2.0,2.0,20.18,56.0,55.0,0.0,1.0,15.19,58.0,3.26,-1.26,38.0,30.0
starrail,붕괴:스타레일,1317,라파,,Rappa,5,5성,Imaginary,Mage,False,1729674000.0,2024-10-23T09:00:00+00:00,,,,,,라파,2,True,True,2.0,4.0,20.18,47.0,47.0,0.0,0.0,12.75,49.0,3.26,0.74,31.0,32.0
starrail,붕괴:스타레일,1321,달리아,,The Dahlia,5,5성,Fire,Warlock,False,1765101600.0,2025-12-07T10:00:00+00:00,,,,,,달리아,3,False,True,1.0,1.0,10.09,261.0,260.0,1.0,0.0,70.79,262.0,3.26,-2.26,12.0,10.0
starrail,붕괴:스타레일,1401,더 헤르타,,The Herta,5,5성,Ice,Mage,False,1736935200.0,2025-01-15T10:00:00+00:00,,,,,,더 헤르타,5,False,True,0.0,,0.0,0.0,0.0,0.0,0.0,0.0,0.0,3.26,,28.0,
starrail,붕괴:스타레일,1402,아글라이아,,Aglaea,5,5성,Thunder,Memory,False,1738749600.0,2025-02-05T10:00:00+00:00,,,,,,아글라이아,5,False,True,0.0,,0.0,44.0,44.0,0.0,0.0,11.93,44.0,3.26,,27.0,34.0
starrail,붕괴:스타레일,1403,트리비,,Tribbie,5,5성,Quantum,Shaman,False,1740564000.0,2025-02-26T10:00:00+00:00,,,,,,트리비,3,False,True,1.0,5.0,10.09,54.0,53.0,1.0,0.0,14.65,55.0,3.26,1.74,26.0,31.0
starrail,붕괴:스타레일,1404,마이데이,,Mydei,5,5성,Imaginary,Warrior,False,1742378400.0,2025-03-19T10:00:00+00:00,,,,,,마이데이,4,False,True,3.0,3.67,30.27,102.0,100.0,2.0,0.0,27.66,105.0,3.26,0.41,25.0,20.0
starrail,붕괴:스타레일,1405,아낙사,,Anaxa,5,5성,Wind,Mage,False,1746003600.0,2025-04-30T09:00:00+00:00,,,,,,아낙사,3,False,True,4.0,4.75,40.36,61.0,58.0,3.0,0.0,16.54,65.0,3.26,1.49,23.0,28.0
starrail,붕괴:스타레일,1406,사이퍼,,Cipher,5,5성,Quantum,Warlock,False,1749632400.0,2025-06-11T09:00:00+00:00,,,,,,사이퍼,3,False,True,0.0,,0.0,32.0,32.0,0.0,0.0,8.68,32.0,3.26,,21.0,39.0
starrail,붕괴:스타레일,1407,카스토리스,,Castorice,5,5성,Quantum,Memory,False,1744189200.0,2025-04-09T09:00:00+00:00,,,,,,카스토리스,5,False,True,6.0,3.5,60.54,70.0,70.0,0.0,0.0,18.99,76.0,3.26,0.24,24.0,24.0
starrail,붕괴:스타레일,1408,파이논,,Phainon,5,5성,Physical,Warrior,False,1751446800.0,2025-07-02T09:00:00+00:00,,,,,,파이논,3,False,True,10.0,2.7,100.91,388.0,378.0,8.0,2.0,105.23,398.0,3.26,-0.56,20.0,7.0
starrail,붕괴:스타레일,1409,히아킨,,Hyacine,5,5성,Wind,Memory,False,1747818000.0,2025-05-21T09:00:00+00:00,,,,,,히아킨,3,False,True,4.0,2.0,40.36,63.0,61.0,2.0,0.0,17.09,67.0,3.26,-1.26,22.0,27.0
starrail,붕괴:스타레일,1410,히실렌스,,Hysilens,5,5성,Physical,Warlock,False,1755075600.0,2025-08-13T09:00:00+00:00,,,,,,히실렌스,4,False,True,1.0,2.0,10.09,13.0,13.0,0.0,0.0,3.53,14.0,3.26,-1.26,17.0,48.0
starrail,붕괴:스타레일,1412,케리드라,,Cerydra,5,5성,Wind,Shaman,False,1756803600.0,2025-09-02T09:00:00+00:00,,,,,,케리드라,4,False,True,1.0,2.0,10.09,45.0,45.0,0.0,0.0,12.2,46.0,3.26,-1.26,16.0,33.0
starrail,붕괴:스타레일,1413,에버나이트,,Evernight,5,5성,Ice,Memory,False,1758790800.0,2025-09-25T09:00:00+00:00,,,,,,에버나이트,5,False,True,4.0,4.0,40.36,184.0,182.0,2.0,0.0,49.9,188.0,3.26,0.74,15.0,17.0
starrail,붕괴:스타레일,1414,단항•등황,,Dan Heng • Permansor Terrae,5,5성,Physical,Knight,False,1760173200.0,2025-10-11T09:00:00+00:00,,,,,,단항•등황,5,False,True,2.0,5.0,20.18,5.0,5.0,0.0,0.0,1.36,7.0,3.26,1.74,14.0,60.0
starrail,붕괴:스타레일,1415,키레네,,Cyrene,5,5성,Ice,Memory,False,1762336800.0,2025-11-05T10:00:00+00:00,,,,,,키레네,3,False,True,18.0,2.67,181.63,1004.0,991.0,9.0,4.0,272.3,1022.0,3.26,-0.59,13.0,1.0
starrail,붕괴:스타레일,1501,스파키,,Sparxie,5,5성,Fire,Elation,False,1770976800.0,2026-02-13T10:00:00+00:00,,,,,,스파키,3,False,True,4.0,3.0,40.36,566.0,565.0,1.0,0.0,153.51,570.0,3.26,-0.26,10.0,4.0
starrail,붕괴:스타레일,1502,효광,,Yao Guang,5,5성,Physical,Elation,False,1770976800.0,2026-02-13T10:00:00+00:00,,,,,,효광,2,True,True,0.0,,0.0,260.0,259.0,1.0,0.0,70.52,260.0,3.26,,11.0,11.0
starrail,붕괴:스타레일,1504,애쉬베일,,Ashveil,5,5성,Thunder,Rogue,False,1774432800.0,2026-03-25T10:00:00+00:00,,,,,,애쉬베일,4,False,True,1.0,5.0,10.09,258.0,256.0,0.0,2.0,69.97,259.0,3.26,1.74,9.0,12.0
starrail,붕괴:스타레일,1505,에바네시아,,Evanescia,5,5성,Physical,Elation,False,1778662800.0,2026-05-13T09:00:00+00:00,,,,,,에바네시아,5,False,True,0.0,,0.0,253.0,251.0,0.0,2.0,68.62,253.0,3.26,,7.0,13.0
starrail,붕괴:스타레일,1506,은랑 LV.999,,Silver Wolf LV.<unbreak>999</unbreak>,5,5성,Imaginary,Elation,False,1776848400.0,2026-04-22T09:00:00+00:00,,,,,,은랑 LV.999,9,False,True,0.0,,0.0,0.0,0.0,0.0,0.0,0.0,0.0,3.26,,8.0,
starrail,붕괴:스타레일,1507,천야•블레이드,,Mortenax Blade,5,5성,Fire,Warlock,False,1780304400.0,2026-06-01T09:00:00+00:00,,,,,,천야•블레이드,7,False,True,1.0,5.0,10.09,8.0,8.0,0.0,0.0,2.17,9.0,3.26,1.74,6.0,56.0
starrail,붕괴:스타레일,1508,토오사카 린,,Rin Tohsaka,5,5성,Quantum,Mage,False,1784883600.0,2026-07-24T09:00:00+00:00,,,,,,토오사카 린,6,False,True,0.0,,0.0,0.0,0.0,0.0,0.0,0.0,0.0,3.26,,3.0,
starrail,붕괴:스타레일,1509,길가메시,,Gilgamesh,5,5성,Thunder,Warrior,False,1784883600.0,2026-07-24T09:00:00+00:00,,,,,,길가메시,4,False,True,0.0,,0.0,71.0,68.0,1.0,2.0,19.26,71.0,3.26,,4.0,26.0
starrail,붕괴:스타레일,1510,히메코•노바,,Himeko • Nova,5,5성,Fire,Mage,False,1784106000.0,2026-07-15T09:00:00+00:00,,,,,,히메코•노바,6,False,True,0.0,,0.0,7.0,6.0,0.0,1.0,1.9,7.0,3.26,,5.0,61.0
starrail,붕괴:스타레일,1512,로빈•서머레토,,Robin • Summeretto,5,5성,Wind,Memory,False,1787734800.0,2026-08-26T09:00:00+00:00,,,,,,로빈•서머레토,7,False,True,0.0,,0.0,10.0,10.0,0.0,0.0,2.71,10.0,3.26,,2.0,54.0
starrail,붕괴:스타레일,1513,어벤츄린•웨이브,,Aventurine • Waveflair,5,5성,Quantum,Elation,False,1789203600.0,2026-09-12T09:00:00+00:00,,,,,,어벤츄린•웨이브,8,False,True,0.0,,0.0,4.0,4.0,0.0,0.0,1.08,4.0,3.26,,1.0,66.0
zzz,젠레스 존 제로,zzz:1011,엔비,Anby,,4,A급,Elec,Stun,False,1720051200.0,2024-07-04T00:00:00+00:00,,,,,,엔비,2,True,True,3.0,3.67,26.11,35.0,34.0,0.0,1.0,10.53,38.0,2.89,0.78,,39.0
zzz,젠레스 존 제로,zzz:1021,네코마타,Nekomata,,5,S급,Physics,Attack,False,1720051200.0,2024-07-04T00:00:00+00:00,,,,,,네코마타,4,False,True,2.0,5.0,17.41,17.0,17.0,0.0,0.0,5.12,19.0,2.89,2.11,40.0,46.0
zzz,젠레스 존 제로,zzz:1031,니콜,Nicole,,4,A급,Ether,Support,False,1720051200.0,2024-07-04T00:00:00+00:00,,,,,,니콜,2,True,True,0.0,,0.0,76.0,75.0,1.0,0.0,22.87,76.0,2.89,,,27.0
zzz,젠레스 존 제로,zzz:1041,「11호」,Soldier 11,,5,S급,Fire,Attack,False,1720051200.0,2024-07-04T00:00:00+00:00,,,,,,「11호」,5,False,True,0.0,,0.0,0.0,0.0,0.0,0.0,0.0,0.0,2.89,,41.0,
zzz,젠레스 존 제로,zzz:1051,이드하리,Yidhari,,5,S급,Ice,Rupture,False,1762300800.0,2025-11-05T00:00:00+00:00,,,,,,이드하리,4,False,True,1.0,3.0,8.7,102.0,102.0,0.0,0.0,30.69,103.0,2.89,0.11,17.0,23.0
zzz,젠레스 존 제로,zzz:1061,코린,Corin,,4,A급,Physics,Attack,False,1720051200.0,2024-07-04T00:00:00+00:00,,,,,,코린,2,True,True,0.0,,0.0,7.0,7.0,0.0,0.0,2.11,7.0,2.89,,,50.0
zzz,젠레스 존 제로,zzz:1071,카이사르,Caesar,,5,S급,Physics,Defense,False,1727222400.0,2024-09-25T00:00:00+00:00,,,,,,카이사르,4,False,True,0.0,,0.0,24.0,24.0,0.0,0.0,7.22,24.0,2.89,,36.0,44.0
zzz,젠레스 존 제로,zzz:1081,빌리,Billy,,4,A급,Physics,Attack,False,1720051200.0,2024-07-04T00:00:00+00:00,,,,,,빌리,2,True,True,3.0,4.67,26.11,389.0,387.0,2.0,0.0,117.06,392.0,2.89,1.78,,3.0
zzz,젠레스 존 제로,zzz:1091,미야비,Miyabi,,5,S급,"FireFrost,Ice",Anomaly,False,1734480000.0,2024-12-18T00:00:00+00:00,,,,,,미야비,3,False,True,7.0,4.14,60.92,238.0,235.0,3.0,0.0,71.62,245.0,2.89,1.25,31.0,9.0
zzz,젠레스 존 제로,zzz:1101,콜레다,Koleda,,5,S급,Fire,Stun,False,1720051200.0,2024-07-04T00:00:00+00:00,,,,,,콜레다,3,False,True,1.0,3.0,8.7,23.0,23.0,0.0,0.0,6.92,24.0,2.89,0.11,42.0,45.0
zzz,젠레스 존 제로,zzz:1111,앤톤,Anton,,4,A급,Elec,Attack,False,1720051200.0,2024-07-04T00:00:00+00:00,,,,,,앤톤,2,True,True,0.0,,0.0,5.0,5.0,0.0,0.0,1.5,5.0,2.89,,,52.0
zzz,젠레스 존 제로,zzz:1121,벤,Ben,,4,A급,Fire,Defense,False,1720051200.0,2024-07-04T00:00:00+00:00,,,,,,벤,1,True,False,,,,,,,,,0.0,2.89,,,
zzz,젠레스 존 제로,zzz:1131,소우카쿠,Soukaku,,4,A급,Ice,Support,False,1720051200.0,2024-07-04T00:00:00+00:00,,,,,,소우카쿠,4,False,True,0.0,,0.0,2.0,2.0,0.0,0.0,0.6,2.0,2.89,,,53.0
zzz,젠레스 존 제로,zzz:1141,리카온,Lycaon,,5,S급,Ice,Stun,False,1720051200.0,2024-07-04T00:00:00+00:00,,,,,,리카온,3,False,True,2.0,3.0,17.41,33.0,33.0,0.0,0.0,9.93,35.0,2.89,0.11,43.0,41.0
zzz,젠레스 존 제로,zzz:1151,루시,Lucy,,4,A급,Fire,Support,False,1720051200.0,2024-07-04T00:00:00+00:00,,,,,,루시,2,True,True,0.0,,0.0,38.0,38.0,0.0,0.0,11.43,38.0,2.89,,,40.0
zzz,젠레스 존 제로,zzz:1161,라이터,Lighter,,5,S급,Fire,Stun,False,1732665600.0,2024-11-27T00:00:00+00:00,,,,,,라이터,3,False,True,0.0,,0.0,29.0,28.0,1.0,0.0,8.73,29.0,2.89,,33.0,43.0
zzz,젠레스 존 제로,zzz:1171,버니스,Burnice,,5,S급,Fire,Anomaly,False,1729036800.0,2024-10-16T00:00:00+00:00,,,,,,버니스,3,False,True,0.0,,0.0,96.0,96.0,0.0,0.0,28.89,96.0,2.89,,35.0,24.0
zzz,젠레스 존 제로,zzz:1181,그레이스,Grace,,5,S급,Elec,Anomaly,False,1720051200.0,2024-07-04T00:00:00+00:00,,,,,,그레이스,4,False,True,0.0,,0.0,115.0,113.0,2.0,0.0,34.61,115.0,2.89,,44.0,22.0
zzz,젠레스 존 제로,zzz:1191,엘렌,Ellen,,5,S급,Ice,Attack,False,1720051200.0,2024-07-04T00:00:00+00:00,,,,,,엘렌,2,True,True,10.0,4.4,87.03,107.0,104.0,3.0,0.0,32.2,117.0,2.89,1.51,45.0,21.0
zzz,젠레스 존 제로,zzz:1201,하루마사,Harumasa,,5,S급,Elec,Attack,False,1734480000.0,2024-12-18T00:00:00+00:00,,,,,,하루마사,4,False,True,3.0,4.0,26.11,49.0,45.0,4.0,0.0,14.74,52.0,2.89,1.11,32.0,36.0
zzz,젠레스 존 제로,zzz:1211,리나,Rina,,5,S급,Elec,Support,False,1720051200.0,2024-07-04T00:00:00+00:00,,,,,,리나,2,True,True,5.0,3.2,43.52,77.0,74.0,3.0,0.0,23.17,82.0,2.89,0.31,46.0,26.0
zzz,젠레스 존 제로,zzz:1221,야나기,Yanagi,,5,S급,Elec,Anomaly,False,1730851200.0,2024-11-06T00:00:00+00:00,,,,,,야나기,3,False,True,2.0,1.5,17.41,9.0,9.0,0.0,0.0,2.71,11.0,2.89,-1.39,34.0,49.0
zzz,젠레스 존 제로,zzz:1241,주연,Zhu Yuan,,5,S급,Ether,Attack,False,1721779200.0,2024-07-24T00:00:00+00:00,,,,,,주연,2,True,True,0.0,,0.0,59.0,59.0,0.0,0.0,17.75,59.0,2.89,,39.0,32.0
zzz,젠레스 존 제로,zzz:1251,청의,Qingyi,,5,S급,Elec,Stun,False,1723593600.0,2024-08-14T00:00:00+00:00,,,,,,청의,2,True,True,1.0,5.0,8.7,29.0,29.0,0.0,0.0,8.73,30.0,2.89,2.11,38.0,42.0
zzz,젠레스 존 제로,zzz:1261,제인,Jane,,5,S급,Physics,Anomaly,False,1725408000.0,2024-09-04T00:00:00+00:00,,,,,,제인,2,True,True,11.0,1.82,95.74,145.0,140.0,5.0,0.0,43.63,156.0,2.89,-1.07,37.0,14.0
zzz,젠레스 존 제로,zzz:1271,세스,Seth,,4,A급,Elec,Defense,False,1725408000.0,2024-09-04T00:00:00+00:00,,,,,,세스,2,True,True,0.0,,0.0,49.0,49.0,0.0,0.0,14.74,49.0,2.89,,,37.0
zzz,젠레스 존 제로,zzz:1281,파이퍼,Piper,,4,A급,Physics,Anomaly,False,1720051200.0,2024-07-04T00:00:00+00:00,,,,,,파이퍼,3,False,True,0.0,,0.0,16.0,16.0,0.0,0.0,4.81,16.0,2.89,,,47.0
zzz,젠레스 존 제로,zzz:1291,휴고,Hugo,,5,S급,Ice,Attack,False,1747180800.0,2025-05-14T00:00:00+00:00,,,,,,휴고,2,True,True,3.0,1.67,26.11,85.0,85.0,0.0,0.0,25.58,88.0,2.89,-1.22,25.0,25.0
zzz,젠레스 존 제로,zzz:1301,오피&「도깨비불」,Orphie & Magus,,5,S급,Fire,Attack,False,1758672000.0,2025-09-24T00:00:00+00:00,,,,,,오피&「도깨비불」,9,False,True,0.0,,0.0,0.0,0.0,0.0,0.0,0.0,0.0,2.89,,19.0,
zzz,젠레스 존 제로,zzz:1311,아스트라,Astra Yao,,5,S급,Ether,Support,False,1737504000.0,2025-01-22T00:00:00+00:00,,,,,,아스트라,4,False,True,0.0,,0.0,64.0,63.0,1.0,0.0,19.26,64.0,2.89,,30.0,30.0
zzz,젠레스 존 제로,zzz:1321,이블린,Evelyn,,5,S급,Fire,Attack,False,1739318400.0,2025-02-12T00:00:00+00:00,,,,,,이블린,3,False,True,1.0,5.0,8.7,46.0,44.0,2.0,0.0,13.84,47.0,2.89,2.11,29.0,38.0
zzz,젠레스 존 제로,zzz:1331,비비안,Vivian,,5,S급,Ether,Anomaly,False,1745366400.0,2025-04-23T00:00:00+00:00,,,,,,비비안,3,False,True,1.0,5.0,8.7,138.0,136.0,1.0,1.0,41.53,139.0,2.89,2.11,26.0,17.0
zzz,젠레스 존 제로,zzz:1341,자오,Zhao,,5,S급,Ice,Defense,False,1767052800.0,2025-12-30T00:00:00+00:00,,,,,,자오,2,True,True,8.0,3.0,69.63,566.0,565.0,0.0,1.0,170.32,574.0,2.89,0.11,13.0,1.0
zzz,젠레스 존 제로,zzz:1351,펄크라,Pulchra,,4,A급,Physics,Stun,False,1741737600.0,2025-03-12T00:00:00+00:00,,,,,,펄크라,3,False,True,0.0,,0.0,15.0,15.0,0.0,0.0,4.51,15.0,2.89,,,48.0
zzz,젠레스 존 제로,zzz:1361,「트리거」,Trigger,,5,S급,Elec,Stun,False,1743552000.0,2025-04-02T00:00:00+00:00,,,,,,「트리거」,5,False,True,0.0,,0.0,0.0,0.0,0.0,0.0,0.0,0.0,2.89,,27.0,
zzz,젠레스 존 제로,zzz:1371,의현,Yixuan,,5,S급,"AuricEther,Ether",Rupture,False,1749168000.0,2025-06-06T00:00:00+00:00,,,,,,의현,2,True,True,6.0,3.17,52.22,132.0,131.0,1.0,0.0,39.72,138.0,2.89,0.28,24.0,18.0
zzz,젠레스 존 제로,zzz:1381,0호·엔비,Soldier 0 - Anby,,5,S급,Elec,Attack,False,1741737600.0,2025-03-12T00:00:00+00:00,,,,,,0호·엔비,5,False,True,0.0,,0.0,0.0,0.0,0.0,0.0,0.0,0.0,2.89,,28.0,
zzz,젠레스 존 제로,zzz:1391,귤복복,Ju Fufu,,5,S급,Fire,Stun,False,1750809600.0,2025-06-25T00:00:00+00:00,,,,,,귤복복,3,False,True,2.0,3.0,17.41,51.0,51.0,0.0,0.0,15.35,53.0,2.89,0.11,23.0,35.0
zzz,젠레스 존 제로,zzz:1401,앨리스,Alice,,5,S급,Physics,Anomaly,False,1754438400.0,2025-08-06T00:00:00+00:00,,,,,,앨리스,3,False,True,3.0,4.0,26.11,59.0,59.0,0.0,0.0,17.75,62.0,2.89,1.11,21.0,31.0
zzz,젠레스 존 제로,zzz:1411,유즈하,Yuzuha,,5,S급,Physics,Support,False,1752624000.0,2025-07-16T00:00:00+00:00,,,,,,유즈하,3,False,True,1.0,5.0,8.7,57.0,57.0,0.0,0.0,17.15,58.0,2.89,2.11,22.0,33.0
zzz,젠레스 존 제로,zzz:1421,반인호,Pan Yinhu,,4,A급,Physics,Defense,False,1749168000.0,2025-06-06T00:00:00+00:00,,,,,,반인호,3,False,True,0.0,,0.0,7.0,7.0,0.0,0.0,2.11,7.0,2.89,,,51.0
zzz,젠레스 존 제로,zzz:1431,엽빛나,Ye Shunguang,,5,S급,"ZhenZhenAssault,Physics",Attack,False,1767052800.0,2025-12-30T00:00:00+00:00,,,,,,엽빛나,3,False,True,14.0,3.0,121.85,241.0,241.0,0.0,0.0,72.52,255.0,2.89,0.11,14.0,7.0
zzz,젠레스 존 제로,zzz:1441,마나토,Manato,,4,A급,Fire,Rupture,False,1760486400.0,2025-10-15T00:00:00+00:00,,,,,,마나토,3,False,True,1.0,5.0,8.7,148.0,148.0,0.0,0.0,44.54,149.0,2.89,2.11,,15.0
zzz,젠레스 존 제로,zzz:1451,루시아,Lucia,,5,S급,Ether,Support,False,1760486400.0,2025-10-15T00:00:00+00:00,,,,,,루시아,3,False,True,3.0,2.33,26.11,186.0,186.0,0.0,0.0,55.97,189.0,2.89,-0.56,18.0,13.0
zzz,젠레스 존 제로,zzz:1461,「시드」,Seed,,5,S급,Elec,Attack,False,1756944000.0,2025-09-04T00:00:00+00:00,,,,,,「시드」,4,False,True,0.0,,0.0,0.0,0.0,0.0,0.0,0.0,0.0,2.89,,20.0,
zzz,젠레스 존 제로,zzz:1471,반악,Banyue,,5,S급,Fire,Rupture,False,1765929600.0,2025-12-17T00:00:00+00:00,,,,,,반악,2,True,True,2.0,3.0,17.41,247.0,245.0,2.0,0.0,74.33,249.0,2.89,0.11,15.0,8.0
zzz,젠레스 존 제로,zzz:1481,다이아린,Dialyn,,5,S급,Physics,Stun,False,1764115200.0,2025-11-26T00:00:00+00:00,,,,,,다이아린,4,False,True,1.0,5.0,8.7,194.0,192.0,1.0,1.0,58.38,195.0,2.89,2.11,16.0,12.0
zzz,젠레스 존 제로,zzz:1491,수나,Sunna,,5,S급,Physics,Support,False,1770336000.0,2026-02-06T00:00:00+00:00,,,,,,수나,2,True,True,1.0,5.0,8.7,335.0,334.0,0.0,1.0,100.81,336.0,2.89,2.11,12.0,4.0
zzz,젠레스 존 제로,zzz:1501,아리아,Aria,,5,S급,Ether,Anomaly,False,1772582400.0,2026-03-04T00:00:00+00:00,,,,,,아리아,3,False,True,0.0,,0.0,298.0,298.0,0.0,0.0,89.67,298.0,2.89,,11.0,5.0
zzz,젠레스 존 제로,zzz:1511,남궁우,Nangong Yu,,5,S급,Ether,Stun,False,1774310400.0,2026-03-24T00:00:00+00:00,,,,,,남궁우,3,False,True,1.0,5.0,8.7,119.0,119.0,0.0,0.0,35.81,120.0,2.89,2.11,10.0,20.0
zzz,젠레스 존 제로,zzz:1521,시시아,Cissia,,5,S급,Elec,Attack,False,1776211200.0,2026-04-15T00:00:00+00:00,,,,,,시시아,3,False,True,4.0,2.25,34.81,293.0,293.0,0.0,0.0,88.17,297.0,2.89,-0.64,9.0,6.0
zzz,젠레스 존 제로,zzz:1531,스타라이트·빌리,Starlight - Billy,,5,S급,Physics,Rupture,False,1779840000.0,2026-05-27T00:00:00+00:00,,,,,,스타라이트·빌리,8,False,True,0.0,,0.0,0.0,0.0,0.0,0.0,0.0,0.0,2.89,,7.0,
zzz,젠레스 존 제로,zzz:1541,프로미아,Promeia,,5,S급,Ice,Anomaly,False,1778025600.0,2026-05-06T00:00:00+00:00,,,,,,프로미아,4,False,True,3.0,1.67,26.11,137.0,136.0,1.0,0.0,41.23,140.0,2.89,-1.22,8.0,16.0
zzz,젠레스 존 제로,zzz:1551,피로이스,Pyrois,,5,S급,Ether,Attack,False,1781654400.0,2026-06-17T00:00:00+00:00,,,,,,피로이스,4,False,True,2.0,2.0,17.41,68.0,68.0,0.0,0.0,20.46,70.0,2.89,-0.89,5.0,28.0
zzz,젠레스 존 제로,zzz:1561,벨리나,Velina,,5,S급,Wind,Anomaly,False,1781654400.0,2026-06-17T00:00:00+00:00,,,,,,벨리나,3,False,True,1.0,1.0,8.7,206.0,203.0,2.0,1.0,61.99,207.0,2.89,-1.89,6.0,11.0
zzz,젠레스 존 제로,zzz:1571,노르마,Norma,,5,S급,Fire,Stun,False,1783468800.0,2026-07-08T00:00:00+00:00,,,,,,노르마,3,False,True,1.0,1.0,8.7,211.0,210.0,0.0,1.0,63.49,212.0,2.89,-1.89,4.0,10.0
zzz,젠레스 존 제로,zzz:1581,레미엘,Remielle,,5,S급,Lumen,Anomaly,False,1785283200.0,2026-07-29T00:00:00+00:00,,,,,,레미엘,3,False,True,10.0,3.2,87.03,449.0,439.0,5.0,5.0,135.11,459.0,2.89,0.31,3.0,2.0
zzz,젠레스 존 제로,zzz:1591,시그리드,Sigrid,,5,S급,Ice,Attack,False,1787097600.0,2026-08-19T00:00:00+00:00,,,,,,시그리드,4,False,True,0.0,,0.0,130.0,128.0,0.0,2.0,39.12,130.0,2.89,,2.0,19.0
zzz,젠레스 존 제로,zzz:1611,클라렛,Claret,,5,S급,Elec,Armorer,False,1788912000.0,2026-09-09T00:00:00+00:00,,,,,,클라렛,3,False,True,0.0,,0.0,65.0,64.0,1.0,0.0,19.56,65.0,2.89,,1.0,29.0
zzz,젠레스 존 제로,zzz:1621,록시,Roxy,,5,S급,Wind,Stun,False,,,,,,,,록시,2,True,True,0.0,,0.0,58.0,58.0,0.0,0.0,17.45,58.0,2.89,,,34.0
hi3,붕괴3rd,hi3:muratahimeko,무라타 히메코,Murata Himeko,,5,S급,,,False,1551830400.0,2019-03-06T00:00:00+00:00,6.0,S,Vermilion Knight: Eclipse,,,무라타 히메코,7,False,True,0.0,,0.0,0.0,0.0,0.0,0.0,0.0,0.0,3.95,,22.0,
hi3,붕괴3rd,hi3:yaesakura,야에 사쿠라,Yae Sakura,,5,S급,,,False,1525824000.0,2018-05-09T00:00:00+00:00,4.0,S,Goushinnso Memento,,,야에 사쿠라,6,False,True,0.0,,0.0,3.0,3.0,0.0,0.0,10.52,3.0,3.95,,24.0,10.0
hi3,붕괴3rd,hi3:raidenmei,라이덴 메이,Raiden Mei,,5,S급,,,False,1772668800.0,2026-03-05T00:00:00+00:00,9.0,S,Xentinel · Dawnbearing Crescent,,,라이덴 메이,6,False,True,0.0,,0.0,7.0,7.0,0.0,0.0,24.54,7.0,3.95,,2.0,8.0
hi3,붕괴3rd,hi3:kianakaslana,키아나 카슬라나,Kiana Kaslana,,5,S급,,,False,1740009600.0,2025-02-20T00:00:00+00:00,9.0,S,Ba-Dum! Fiery Wishing Star,,,키아나 카슬라나,8,False,True,0.0,,0.0,0.0,0.0,0.0,0.0,0.0,0.0,3.95,,7.0,
hi3,붕괴3rd,hi3:bronyazaychik,브로냐 자이칙,Bronya Zaychik,,5,S급,,,False,1673481600.0,2023-01-12T00:00:00+00:00,11.0,S,Herrscher of Truth,,,브로냐 자이칙,7,False,True,0.0,,0.0,0.0,0.0,0.0,0.0,0.0,0.0,3.95,,17.0,
hi3,붕괴3rd,hi3:theresaapocalypse,테레사 아포칼립스,Theresa Apocalypse,,5,S급,,,False,1725494400.0,2024-09-05T00:00:00+00:00,9.0,S,Schicksal's Imperative,,,테레사 아포칼립스,9,False,True,0.0,,0.0,0.0,0.0,0.0,0.0,0.0,0.0,3.95,,10.0,
hi3,붕괴3rd,hi3:ritarossweisse,리타 로스바이세,Rita Rossweisse,,5,S급,,,False,1767139200.0,2025-12-31T00:00:00+00:00,6.0,S,Miss Espionage,,,리타 로스바이세,8,False,True,0.0,,0.0,0.0,0.0,0.0,0.0,0.0,0.0,3.95,,3.0,
hi3,붕괴3rd,hi3:liliyaolenyeva,릴리야 올레니에바,Liliya Olenyeva,,4,A급,,,False,,,1.0,A,,,,릴리야 올레니에바,9,False,True,0.0,,0.0,0.0,0.0,0.0,0.0,0.0,0.0,3.95,,,
hi3,붕괴3rd,hi3:fuhua,후카,Fu Hua,,5,S급,,,False,1705536000.0,2024-01-18T00:00:00+00:00,8.0,S,Fenghuang of Vicissitude,,,후카,2,True,True,1.0,1.0,151.52,14.0,14.0,0.0,0.0,49.09,15.0,3.95,-2.95,14.0,4.0
hi3,붕괴3rd,hi3:durandal,듀란달,Durandal,,5,S급,,,False,1736380800.0,2025-01-09T00:00:00+00:00,5.0,S,Reign Solaris,,,듀란달,3,False,True,1.0,5.0,151.52,15.0,15.0,0.0,0.0,52.59,16.0,3.95,1.05,8.0,3.0
hi3,붕괴3rd,hi3:asuka,아스카,Asuka,,4,A급,,,False,,,1.0,A,,,,아스카,3,False,True,0.0,,0.0,0.0,0.0,0.0,0.0,0.0,0.0,3.95,,,
hi3,붕괴3rd,hi3:rozaliyaolenyeva,로잘리야 올레니에바,Rozaliya Olenyeva,,5,S급,,,False,1603929600.0,2020-10-29T00:00:00+00:00,2.0,S,Fervent Tempo Δ,,,로잘리야 올레니에바,10,False,True,0.0,,0.0,0.0,0.0,0.0,0.0,0.0,0.0,3.95,,21.0,
hi3,붕괴3rd,hi3:mobius,모비우스,Mobius,,5,S급,,,False,1634774400.0,2021-10-21T00:00:00+00:00,1.0,S,Infinite Ouroboros,,,모비우스,4,False,True,0.0,,0.0,0.0,0.0,0.0,0.0,0.0,0.0,3.95,,20.0,
hi3,붕괴3rd,hi3:aponia,아포니아,Aponia,,5,S급,,,False,1652918400.0,2022-05-19T00:00:00+00:00,1.0,S,Disciplinary Perdition,,,아포니아,4,False,True,0.0,,0.0,13.0,13.0,0.0,0.0,45.58,13.0,3.95,,19.0,6.0
hi3,붕괴3rd,hi3:eden,에덴,Eden,,4,A급,,,False,,,1.0,A,,,,에덴,2,True,True,0.0,,0.0,25.0,25.0,0.0,0.0,87.66,25.0,3.95,,,2.0
hi3,붕괴3rd,hi3:villv,빌브이,Vill-V,,5,S급,,,False,1660176000.0,2022-08-11T00:00:00+00:00,1.0,S,Helical Contraption,,,빌브이,3,False,True,0.0,,0.0,5.0,5.0,0.0,0.0,17.53,5.0,3.95,,18.0,9.0
hi3,붕괴3rd,hi3:elysia,엘리시아,Elysia,,5,S급,,,False,1761177600.0,2025-10-23T00:00:00+00:00,3.0,S,Hi♪ Love Elf♥,,,엘리시아,4,False,True,3.0,5.0,454.55,186.0,185.0,1.0,0.0,652.17,189.0,3.95,1.05,4.0,1.0
hi3,붕괴3rd,hi3:lisushang,리수샹,Li Sushang,,5,S급,,,False,1745452800.0,2025-04-24T00:00:00+00:00,2.0,S,Peregrine Sword,,,리수샹,3,False,True,0.0,,0.0,0.0,0.0,0.0,0.0,0.0,0.0,3.95,,6.0,
hi3,붕괴3rd,hi3:aihyperion,아이 히페리온 Λ,Ai Hyperion Λ,,4,A급,,,False,,,1.0,A,,,,아이 히페리온 Λ,9,False,True,0.0,,0.0,0.0,0.0,0.0,0.0,0.0,0.0,3.95,,,
hi3,붕괴3rd,hi3:mistelnschariac,미스텔른 샤리악,Misteln Schariac,,5,S급,,,False,1684368000.0,2023-05-18T00:00:00+00:00,1.0,S,Dreamweaver,,,미스텔른 샤리악,8,False,True,0.0,,0.0,0.0,0.0,0.0,0.0,0.0,0.0,3.95,,16.0,
hi3,붕괴3rd,hi3:seelevollerei,제레 발레리,Seele Vollerei,,5,S급,,,False,1782345600.0,2026-06-25T00:00:00+00:00,5.0,S,Wings of Panacea,,,제레 발레리,6,False,True,0.0,,0.0,0.0,0.0,0.0,0.0,0.0,0.0,3.95,,1.0,
hi3,붕괴3rd,hi3:griseo,그리세오,Griseo,,4,A급,,,False,,,2.0,A,,,,그리세오,4,False,True,0.0,,0.0,15.0,15.0,0.0,0.0,52.59,15.0,3.95,,,5.0
hi3,붕괴3rd,hi3:senadina,세나디나,Senadina,,5,S급,,,False,1709164800.0,2024-02-29T00:00:00+00:00,1.0,S,Deepspace Anchor: First Light,,,세나디나,4,False,True,0.0,,0.0,0.0,0.0,0.0,0.0,0.0,0.0,3.95,,13.0,
hi3,붕괴3rd,hi3:songque,송작,Songque,,5,S급,,,False,1721865600.0,2024-07-25T00:00:00+00:00,1.0,S,Jovial Deception: Shadowdimmer,,,송작,2,True,True,0.0,,0.0,1.0,1.0,0.0,0.0,3.51,1.0,3.95,,11.0,12.0
hi3,붕괴3rd,hi3:coralie6626planck,코랄리 6626 플랑크,Coralie 6626 Planck,,5,S급,,,False,1755734400.0,2025-08-21T00:00:00+00:00,2.0,S,Behold! Fate-Defying Dragon,,,코랄리 6626 플랑크,12,False,True,0.0,,0.0,0.0,0.0,0.0,0.0,0.0,0.0,3.95,,5.0,
hi3,붕괴3rd,hi3:kallenkaslana,카렌 카슬라나,Kallen Kaslana,,5,S급,,,False,1541548800.0,2018-11-07T00:00:00+00:00,3.0,S,Sixth Serenade,,,카렌 카슬라나,7,False,True,0.0,,0.0,0.0,0.0,0.0,0.0,0.0,0.0,3.95,,23.0,
hi3,붕괴3rd,hi3:fischl,피슬,Fischl,,4,A급,,,False,,,1.0,A,,,,피슬,2,True,True,0.0,,0.0,0.0,0.0,0.0,0.0,0.0,0.0,3.95,,,
hi3,붕괴3rd,hi3:natashacioara,나타샤 시오라,Natasha Cioara,,4,A급,,,False,,,1.0,A,,,,나타샤 시오라,7,False,True,0.0,,0.0,0.0,0.0,0.0,0.0,0.0,0.0,3.95,,,
hi3,붕괴3rd,hi3:carolepepper,캐롤 페퍼,Carole Pepper,,4,A급,,,False,,,1.0,A,,,,캐롤 페퍼,5,False,True,0.0,,0.0,0.0,0.0,0.0,0.0,0.0,0.0,3.95,,,
hi3,붕괴3rd,hi3:pardofelis,파르도피비,Pardofelis,,4,A급,,,False,,,1.0,A,,,,파르도피비,5,False,True,0.0,,0.0,0.0,0.0,0.0,0.0,0.0,0.0,3.95,,,
hi3,붕괴3rd,hi3:susannahmanatt,수잔나 마나트,Susannah Manatt,,4,A급,,,False,,,1.0,A,,,,수잔나 마나트,7,False,True,0.0,,0.0,0.0,0.0,0.0,0.0,0.0,0.0,3.95,,,
hi3,붕괴3rd,hi3:prometheus,프로메테우스,PROMETHEUS,,4,A급,,,False,,,1.0,A,,,,프로메테우스,6,False,True,0.0,,0.0,0.0,0.0,0.0,0.0,0.0,0.0,3.95,,,
hi3,붕괴3rd,hi3:shigurekira,시구레 키라,Shigure Kira,,4,A급,,,False,,,1.0,A,,,,시구레 키라,6,False,True,0.0,,0.0,0.0,0.0,0.0,0.0,0.0,0.0,3.95,,,
hi3,붕괴3rd,hi3:sirin,시린,Sirin,,5,S급,,,False,1694649600.0,2023-09-14T00:00:00+00:00,1.0,S,Miracle ☆ Magical Girl,,,시린,2,True,True,0.0,,0.0,1.0,1.0,0.0,0.0,3.51,1.0,3.95,,15.0,13.0
hi3,붕괴3rd,hi3:erdshelia,에르되시 헬리아,Erdős Helia,,5,S급,,,False,,,2.0,S,,,,에르되시 헬리아,8,False,True,0.0,,0.0,0.0,0.0,0.0,0.0,0.0,0.0,3.95,,,
hi3,붕괴3rd,hi3:thelemanutriscu,셀레마 누트리스쿠,Thelema Nutriscu,,5,S급,,,False,,,1.0,S,,,,셀레마 누트리스쿠,9,False,True,0.0,,0.0,0.0,0.0,0.0,0.0,0.0,0.0,3.95,,,
hi3,붕괴3rd,hi3:lantern,랜턴,"""Lantern""",,5,S급,,,False,1717632000.0,2024-06-06T00:00:00+00:00,1.0,S,Lone Destruction: Shadowchaser,,,랜턴,2,True,True,0.0,,0.0,1.0,1.0,0.0,0.0,3.51,1.0,3.95,,12.0,14.0
hi3,붕괴3rd,hi3:vita,비타,Vita,,5,S급,,,False,,,1.0,S,,,,비타,2,True,True,0.0,,0.0,9.0,9.0,0.0,0.0,31.56,9.0,3.95,,,7.0
hi3,붕괴3rd,hi3:sparkle,스파클,Sparkle,,5,S급,,,False,1732752000.0,2024-11-28T00:00:00+00:00,1.0,S,Thousand-Faced Maestro: Cameo!,,,스파클,3,False,True,0.0,,0.0,2.0,2.0,0.0,0.0,7.01,2.0,3.95,,9.0,11.0
ba,블루 아카이브,ba:10000,아루,Aru,,5,3★,Explosion,SR,False,1637020800.0,2021-11-16T00:00:00+00:00,,,,0.0,"[4, 4, 0]",아루,2,True,True,1.0,5.0,21.32,100.0,100.0,0.0,0.0,41.21,101.0,3.71,1.29,178.0,20.0
ba,블루 아카이브,ba:10001,에이미,Eimi,,5,3★,Explosion,SG,False,1684195200.0,2023-05-16T00:00:00+00:00,,,,1.0,"[4, 4, 0]",에이미,3,False,True,1.0,5.0,21.32,42.0,42.0,0.0,0.0,17.31,43.0,3.71,1.29,119.0,59.0
ba,블루 아카이브,ba:10002,하루나,Haruna,,5,3★,Mystic,SR,False,1638144000.0,2021-11-29T00:00:00+00:00,,,,2.0,"[4, 4, 0]",하루나,3,False,True,1.0,5.0,21.32,37.0,37.0,0.0,0.0,15.25,38.0,3.71,1.29,176.0,70.0
ba,블루 아카이브,ba:10003,히후미,Hifumi,,5,3★,Pierce,AR,False,1644278400.0,2022-02-08T00:00:00+00:00,,,,3.0,"[4, 4, 0]",히후미,3,False,True,2.0,4.5,42.64,59.0,59.0,0.0,0.0,24.31,61.0,3.71,0.79,168.0,39.0
ba,블루 아카이브,ba:10004,히나,Hina,,5,3★,Explosion,MG,False,1672704000.0,2023-01-03T00:00:00+00:00,,,,4.0,"[4, 4, 0]",히나,2,True,True,2.0,5.0,42.64,142.0,140.0,2.0,0.0,58.52,144.0,3.71,1.29,134.0,12.0
ba,블루 아카이브,ba:10005,호시노,Hoshino,,5,3★,Pierce,SG,False,1636416000.0,2021-11-09T00:00:00+00:00,,,,5.0,"[4, 4, 0]",호시노,3,False,True,5.0,4.8,106.61,141.0,141.0,0.0,0.0,58.11,146.0,3.71,1.09,180.0,10.0
ba,블루 아카이브,ba:10006,이오리,Iori,,5,3★,Pierce,SR,False,,,,,,6.0,"[4, 4, 0]",이오리,3,False,True,1.0,5.0,21.32,52.0,52.0,0.0,0.0,21.43,53.0,3.71,1.29,,46.0
ba,블루 아카이브,ba:10007,마키,Maki,,5,3★,Pierce,MG,False,1683590400.0,2023-05-09T00:00:00+00:00,,,,7.0,"[4, 4, 0]",마키,2,True,True,0.0,,0.0,42.0,42.0,0.0,0.0,17.31,42.0,3.71,,121.0,62.0
ba,블루 아카이브,ba:10008,네루,Neru,,5,3★,Pierce,SMG,False,,,,,,8.0,"[4, 4, 0]",네루,2,True,True,0.0,,0.0,44.0,44.0,0.0,0.0,18.13,44.0,3.71,,,56.0
ba,블루 아카이브,ba:10009,이즈미,Izumi,,5,3★,Explosion,MG,False,,,,,,9.0,"[4, 4, 0]",이즈미,3,False,True,0.0,,0.0,22.0,22.0,0.0,0.0,9.07,22.0,3.71,,,116.0
ba,블루 아카이브,ba:10010,시로코,Shiroko,,5,3★,Explosion,AR,False,1636416000.0,2021-11-09T00:00:00+00:00,,,,10.0,"[4, 4, 0]",시로코,3,False,True,2.0,5.0,42.64,133.0,133.0,0.0,0.0,54.81,135.0,3.71,1.29,181.0,13.0
ba,블루 아카이브,ba:10011,슌,Shun,,5,3★,Explosion,SR,False,1679356800.0,2023-03-21T00:00:00+00:00,,,,11.0,"[4, 4, 0]",슌,1,True,False,,,,,,,,,0.0,3.71,,124.0,
ba,블루 아카이브,ba:10012,스미레,Sumire,,5,3★,Pierce,SG,False,1707955200.0,2024-02-15T00:00:00+00:00,,,,12.0,"[4, 4, 0]",스미레,3,False,True,0.0,,0.0,31.0,31.0,0.0,0.0,12.78,31.0,3.71,,92.0,91.0
ba,블루 아카이브,ba:10013,츠루기,Tsurugi,,5,3★,Pierce,SG,False,1667865600.0,2022-11-08T00:00:00+00:00,,,,13.0,"[4, 4, 0]",츠루기,3,False,True,0.0,,0.0,27.0,27.0,0.0,0.0,11.13,27.0,3.71,,141.0,101.0
ba,블루 아카이브,ba:13000,아카네,Akane,,4,2★,Pierce,HG,False,,,,,,14.0,"[0, 0, 0]",아카네,3,False,True,0.0,,0.0,26.0,26.0,0.0,0.0,10.71,26.0,3.71,,,105.0
ba,블루 아카이브,ba:13001,치세,Chise,,4,2★,Mystic,GL,False,,,,,,15.0,"[0, 0, 0]",치세,2,True,True,0.0,,0.0,35.0,35.0,0.0,0.0,14.42,35.0,3.71,,,78.0
ba,블루 아카이브,ba:13002,아카리,Akari,,4,2★,Explosion,AR,False,,,,,,16.0,"[0, 0, 0]",아카리,3,False,True,0.0,,0.0,27.0,27.0,0.0,0.0,11.13,27.0,3.71,,,102.0
ba,블루 아카이브,ba:13003,하스미,Hasumi,,4,2★,Pierce,SR,False,,,,,,17.0,"[0, 0, 0]",하스미,3,False,True,0.0,,0.0,66.0,66.0,0.0,0.0,27.2,66.0,3.71,,,35.0
ba,블루 아카이브,ba:13004,노노미,Nonomi,,4,2★,Pierce,MG,False,,,,,,18.0,"[2, 2, 2]",노노미,3,False,True,1.0,5.0,21.32,42.0,42.0,0.0,0.0,17.31,43.0,3.71,1.29,,60.0
ba,블루 아카이브,ba:13005,카요코,Kayoko,,4,2★,Explosion,HG,False,,,,,,19.0,"[0, 0, 0]",카요코,3,False,True,2.0,5.0,42.64,69.0,69.0,0.0,0.0,28.43,71.0,3.71,1.29,,32.0
ba,블루 아카이브,ba:13006,무츠키,Mutsuki,,4,2★,Explosion,MG,False,,,,,,20.0,"[0, 0, 0]",무츠키,3,False,True,2.0,5.0,42.64,28.0,28.0,0.0,0.0,11.54,30.0,3.71,1.29,,94.0
ba,블루 아카이브,ba:13007,준코,Junko,,4,2★,Pierce,AR,False,,,,,,21.0,"[0, 0, 0]",준코,2,True,True,0.0,,0.0,33.0,33.0,0.0,0.0,13.6,33.0,3.71,,,86.0
ba,블루 아카이브,ba:13008,세리카,Serika,,4,2★,Explosion,AR,False,,,,,,22.0,"[0, 0, 0]",세리카,3,False,True,1.0,5.0,21.32,80.0,80.0,0.0,0.0,32.97,81.0,3.71,1.29,,25.0
ba,블루 아카이브,ba:13009,츠바키,Tsubaki,,4,2★,Pierce,SMG,False,,,,,,23.0,"[0, 0, 0]",츠바키,3,False,True,0.0,,0.0,21.0,21.0,0.0,0.0,8.65,21.0,3.71,,,118.0
ba,블루 아카이브,ba:13010,유우카,Yuuka,,4,2★,Explosion,SMG,False,,,,,,24.0,"[0, 0, 0]",유우카,3,False,True,2.0,4.5,42.64,84.0,84.0,0.0,0.0,34.62,86.0,3.71,0.79,,23.0
ba,블루 아카이브,ba:16000,하루카,Haruka,,3,1★,Explosion,SG,False,,,,,,25.0,"[0, 0, 0]",하루카,3,False,True,1.0,5.0,21.32,71.0,71.0,0.0,0.0,29.26,72.0,3.71,1.29,,31.0
ba,블루 아카이브,ba:16001,아스나,Asuna,,3,1★,Mystic,AR,False,,,,,,26.0,"[0, 0, 0]",아스나,3,False,True,0.0,,0.0,35.0,35.0,0.0,0.0,14.42,35.0,3.71,,,79.0
ba,블루 아카이브,ba:16002,코토리,Kotori,,3,1★,Pierce,MG,False,,,,,,27.0,"[0, 0, 0]",코토리,3,False,True,0.0,,0.0,20.0,20.0,0.0,0.0,8.24,20.0,3.71,,,122.0
ba,블루 아카이브,ba:16003,스즈미,Suzumi,,3,1★,Explosion,AR,False,,,,,,28.0,"[0, 0, 0]",스즈미,3,False,True,1.0,5.0,21.32,242.0,242.0,0.0,0.0,99.73,243.0,3.71,1.29,,4.0
ba,블루 아카이브,ba:16004,피나,Pina,,3,1★,Pierce,MG,False,,,,,,29.0,"[0, 0, 0]",피나,2,True,True,0.0,,0.0,17.0,17.0,0.0,0.0,7.01,17.0,3.71,,,131.0
ba,블루 아카이브,ba:20000,히비키,Hibiki,,5,3★,Explosion,MT,False,1643068800.0,2022-01-25T00:00:00+00:00,,,,30.0,"[4, 4, 0]",히비키,3,False,True,0.0,,0.0,39.0,39.0,0.0,0.0,16.07,39.0,3.71,,170.0,68.0
ba,블루 아카이브,ba:20001,카린,Karin,,5,3★,Pierce,SR,False,1641859200.0,2022-01-11T00:00:00+00:00,,,,31.0,"[4, 4, 0]",카린,2,True,True,0.0,,0.0,26.0,26.0,0.0,0.0,10.71,26.0,3.71,,172.0,106.0
ba,블루 아카이브,ba:20002,사야,Saya,,5,3★,Explosion,HG,False,,,,,,32.0,"[4, 4, 0]",사야,2,True,True,1.0,5.0,21.32,62.0,62.0,0.0,0.0,25.55,63.0,3.71,1.29,,37.0
ba,블루 아카이브,ba:23000,아이리,Airi,,4,2★,Explosion,SMG,False,,,,,,33.0,"[0, 0, 0]",아이리,3,False,True,0.0,,0.0,51.0,51.0,0.0,0.0,21.02,51.0,3.71,,,50.0
ba,블루 아카이브,ba:23001,후우카,Fuuka,,4,2★,Explosion,SMG,False,,,,,,34.0,"[0, 0, 0]",후우카,3,False,True,1.0,5.0,21.32,36.0,36.0,0.0,0.0,14.84,37.0,3.71,1.29,,74.0
ba,블루 아카이브,ba:23002,하나에,Hanae,,4,2★,Explosion,AR,False,,,,,,35.0,"[0, 0, 0]",하나에,3,False,True,0.0,,0.0,25.0,25.0,0.0,0.0,10.3,25.0,3.71,,,110.0
ba,블루 아카이브,ba:23003,하레,Hare,,4,2★,Explosion,AR,False,,,,,,36.0,"[0, 0, 0]",하레,2,True,True,0.0,,0.0,45.0,45.0,0.0,0.0,18.54,45.0,3.71,,,54.0
ba,블루 아카이브,ba:23004,우타하,Utaha,,4,2★,Pierce,SMG,False,,,,,,37.0,"[0, 0, 0]",우타하,3,False,True,0.0,,0.0,31.0,31.0,0.0,0.0,12.78,31.0,3.71,,,92.0
ba,블루 아카이브,ba:23005,아야네,Ayane,,4,2★,Pierce,HG,False,,,,,,38.0,"[0, 0, 0]",아야네,3,False,True,1.0,5.0,21.32,34.0,34.0,0.0,0.0,14.01,35.0,3.71,1.29,,80.0
ba,블루 아카이브,ba:26000,치나츠,Chinatsu,,3,1★,Pierce,HG,False,,,,,,39.0,"[0, 0, 0]",치나츠,3,False,True,1.0,5.0,21.32,19.0,19.0,0.0,0.0,7.83,20.0,3.71,1.29,,123.0
ba,블루 아카이브,ba:26001,코타마,Kotama,,3,1★,Explosion,HG,False,,,,,,40.0,"[0, 0, 0]",코타마,3,False,True,0.0,,0.0,20.0,20.0,0.0,0.0,8.24,20.0,3.71,,,124.0
ba,블루 아카이브,ba:26002,주리,Juri,,3,1★,Explosion,SG,False,,,,,,41.0,"[0, 0, 0]",주리,2,True,True,0.0,,0.0,25.0,25.0,0.0,0.0,10.3,25.0,3.71,,,111.0
ba,블루 아카이브,ba:26003,세리나,Serina,,3,1★,Mystic,AR,False,,,,,,42.0,"[0, 0, 0]",세리나,3,False,True,0.0,,0.0,42.0,42.0,0.0,0.0,17.31,42.0,3.71,,,63.0
ba,블루 아카이브,ba:26004,시미코,Shimiko,,3,1★,Explosion,AR,False,,,,,,43.0,"[0, 0, 0]",시미코,3,False,True,0.0,,0.0,37.0,37.0,0.0,0.0,15.25,37.0,3.71,,,75.0
ba,블루 아카이브,ba:26005,요시미,Yoshimi,,3,1★,Pierce,AR,False,,,,,,44.0,"[0, 0, 0]",요시미,3,False,True,0.0,,0.0,62.0,62.0,0.0,0.0,25.55,62.0,3.71,,,38.0
ba,블루 아카이브,ba:20003,마시로,Mashiro,,5,3★,Explosion,SR,False,1637020800.0,2021-11-16T00:00:00+00:00,,,,45.0,"[4, 4, 0]",마시로,3,False,True,0.0,,0.0,26.0,26.0,0.0,0.0,10.71,26.0,3.71,,179.0,107.0
ba,블루 아카이브,ba:10014,이즈나,Izuna,,5,3★,Mystic,SMG,False,1638144000.0,2021-11-29T00:00:00+00:00,,,,46.0,"[4, 4, 0]",이즈나,3,False,True,0.0,,0.0,52.0,52.0,0.0,0.0,21.43,52.0,3.71,,177.0,48.0
ba,블루 아카이브,ba:23006,시즈코,Shizuko,,4,2★,Mystic,SG,False,1638144000.0,2021-11-29T00:00:00+00:00,,,,47.0,"[0, 0, 0]",시즈코,3,False,True,0.0,,0.0,19.0,19.0,0.0,0.0,7.83,19.0,3.71,,,127.0
ba,블루 아카이브,ba:10015,아리스,Aris,,5,3★,Mystic,RG,False,,,,,,48.0,"[4, 4, 0]",아리스,3,False,True,2.0,5.0,42.64,360.0,360.0,0.0,0.0,148.36,362.0,3.71,1.29,,3.0
ba,블루 아카이브,ba:10016,미도리,Midori,,5,3★,Pierce,SR,False,1639440000.0,2021-12-14T00:00:00+00:00,,,,49.0,"[4, 4, 0]",미도리,3,False,True,1.0,5.0,21.32,43.0,43.0,0.0,0.0,17.72,44.0,3.71,1.29,175.0,57.0
ba,블루 아카이브,ba:13011,모모이,Momoi,,4,2★,Pierce,AR,False,1639440000.0,2021-12-14T00:00:00+00:00,,,,50.0,"[0, 0, 0]",모모이,3,False,True,1.0,5.0,21.32,42.0,42.0,0.0,0.0,17.31,43.0,3.71,1.29,,61.0
ba,블루 아카이브,ba:10017,체리노,Cherino,,5,3★,Pierce,HG,False,1641859200.0,2022-01-11T00:00:00+00:00,,,,51.0,"[4, 4, 0]",체리노,3,False,True,0.0,,0.0,67.0,67.0,0.0,0.0,27.61,67.0,3.71,,173.0,33.0
ba,블루 아카이브,ba:26006,노도카,Nodoka,,3,1★,Explosion,SMG,False,,,,,,52.0,"[2, 2, 2]",노도카,3,False,True,0.0,,0.0,18.0,18.0,0.0,0.0,7.42,18.0,3.71,,,128.0
ba,블루 아카이브,ba:10018,유즈,Yuzu,,5,3★,Pierce,GL,False,1640649600.0,2021-12-28T00:00:00+00:00,,,,53.0,"[4, 4, 0]",유즈,2,True,True,0.0,,0.0,132.0,132.0,0.0,0.0,54.4,132.0,3.71,,174.0,14.0
ba,블루 아카이브,ba:10019,아즈사,Azusa,,5,3★,Explosion,AR,False,1643068800.0,2022-01-25T00:00:00+00:00,,,,54.0,"[4, 4, 0]",아즈사,3,False,True,0.0,,0.0,45.0,45.0,0.0,0.0,18.54,45.0,3.71,,171.0,55.0
ba,블루 아카이브,ba:23007,하나코,Hanako,,4,2★,Pierce,AR,False,1643068800.0,2022-01-25T00:00:00+00:00,,,,55.0,"[0, 0, 0]",하나코,3,False,True,0.0,,0.0,41.0,41.0,0.0,0.0,16.9,41.0,3.71,,,65.0
ba,블루 아카이브,ba:10020,코하루,Koharu,,5,3★,Explosion,SR,False,1644278400.0,2022-02-08T00:00:00+00:00,,,,56.0,"[4, 4, 0]",코하루,3,False,True,0.0,,0.0,42.0,42.0,0.0,0.0,17.31,42.0,3.71,,169.0,64.0
ba,블루 아카이브,ba:10021,아즈사(수영복),Azusa (Swimsuit),,5,3★,Mystic,AR,False,1645488000.0,2022-02-22T00:00:00+00:00,,,,57.0,"[1, 1, 1]",아즈사(수영복),8,False,True,0.0,,0.0,0.0,0.0,0.0,0.0,0.0,0.0,3.71,,166.0,
ba,블루 아카이브,ba:20004,마시로(수영복),Mashiro (Swimsuit),,5,3★,Mystic,SR,False,1645488000.0,2022-02-22T00:00:00+00:00,,,,58.0,"[1, 1, 1]",마시로(수영복),8,False,True,0.0,,0.0,0.0,0.0,0.0,0.0,0.0,0.0,3.71,,167.0,
ba,블루 아카이브,ba:16005,츠루기(수영복),Tsurugi (Swimsuit),,3,1★,Mystic,SG,False,,,,,,59.0,"[2, 2, 2]",츠루기(수영복),8,False,True,0.0,,0.0,0.0,0.0,0.0,0.0,0.0,0.0,3.71,,,
ba,블루 아카이브,ba:20005,히후미(수영복),Hifumi (Swimsuit),,5,3★,Pierce,AR,False,1646697600.0,2022-03-08T00:00:00+00:00,,,,60.0,"[4, 4, 0]",히후미(수영복),8,False,True,0.0,,0.0,0.0,0.0,0.0,0.0,0.0,0.0,3.71,,165.0,
ba,블루 아카이브,ba:10022,히나(수영복),Hina (Swimsuit),,5,3★,Explosion,MG,False,1647907200.0,2022-03-22T00:00:00+00:00,,,,61.0,"[1, 1, 1]",히나(수영복),7,False,True,0.0,,0.0,0.0,0.0,0.0,0.0,0.0,0.0,3.71,,163.0,
ba,블루 아카이브,ba:10023,이오리(수영복),Iori (Swimsuit),,5,3★,Explosion,SR,False,1647907200.0,2022-03-22T00:00:00+00:00,,,,62.0,"[1, 1, 1]",이오리(수영복),8,False,True,0.0,,0.0,0.0,0.0,0.0,0.0,0.0,0.0,3.71,,164.0,
ba,블루 아카이브,ba:16006,이즈미(수영복),Izumi (Swimsuit),,3,1★,Explosion,MG,False,,,,,,63.0,"[2, 2, 2]",이즈미(수영복),8,False,True,0.0,,0.0,0.0,0.0,0.0,0.0,0.0,0.0,3.71,,,
ba,블루 아카이브,ba:10024,시로코(라이딩),Shiroko (Cycling),,5,3★,Mystic,AR,False,,,,,,64.0,"[4, 4, 0]",시로코(라이딩),8,False,True,0.0,,0.0,0.0,0.0,0.0,0.0,0.0,0.0,3.71,,,
ba,블루 아카이브,ba:10025,슌(어린이),Shun (Small),,5,3★,Explosion,SR,False,1650326400.0,2022-04-19T00:00:00+00:00,,,,65.0,"[4, 4, 0]",슌(어린이),6,False,True,0.0,,0.0,0.0,0.0,0.0,0.0,0.0,0.0,3.71,,161.0,
ba,블루 아카이브,ba:13012,키리노,Kirino,,4,2★,Explosion,HG,False,1650326400.0,2022-04-19T00:00:00+00:00,,,,66.0,"[0, 0, 0]",키리노,3,False,True,0.0,,0.0,25.0,25.0,0.0,0.0,10.3,25.0,3.71,,,112.0
ba,블루 아카이브,ba:20006,사야(사복),Saya (Casual),,5,3★,Pierce,HG,False,1650326400.0,2022-04-19T00:00:00+00:00,,,,67.0,"[4, 4, 0]",사야(사복),6,False,True,0.0,,0.0,0.0,0.0,0.0,0.0,0.0,0.0,3.71,,162.0,
ba,블루 아카이브,ba:10026,네루(바니걸),Neru (Bunny),,5,3★,Explosion,SMG,False,,,,,,68.0,"[1, 1, 1]",네루(바니걸),7,False,True,0.0,,0.0,0.0,0.0,0.0,0.0,0.0,0.0,3.71,,,
ba,블루 아카이브,ba:10027,카린(바니걸),Karin (Bunny),,5,3★,Mystic,SR,False,,,,,,69.0,"[1, 1, 1]",카린(바니걸),7,False,True,0.0,,0.0,0.0,0.0,0.0,0.0,0.0,0.0,3.71,,,
ba,블루 아카이브,ba:10028,아스나(바니걸),Asuna (Bunny),,5,3★,Mystic,AR,False,1652745600.0,2022-05-17T00:00:00+00:00,,,,70.0,"[4, 4, 0]",아스나(바니걸),8,False,True,0.0,,0.0,0.0,0.0,0.0,0.0,0.0,0.0,3.71,,160.0,
ba,블루 아카이브,ba:10029,나츠,Natsu,,5,3★,Mystic,SMG,False,1653955200.0,2022-05-31T00:00:00+00:00,,,,71.0,"[4, 4, 0]",나츠,2,True,True,0.0,,0.0,78.0,78.0,0.0,0.0,32.14,78.0,3.71,,159.0,28.0
ba,블루 아카이브,ba:23008,마리,Mari,,4,2★,Mystic,HG,False,1653955200.0,2022-05-31T00:00:00+00:00,,,,72.0,"[0, 0, 0]",마리,2,True,True,0.0,,0.0,80.0,79.0,1.0,0.0,32.97,80.0,3.71,,,27.0
ba,블루 아카이브,ba:20007,하츠네 미쿠,Hatsune Miku,,5,3★,Explosion,GL,False,,,,,,73.0,"[1, 1, 1]",하츠네 미쿠,6,False,True,0.0,,0.0,0.0,0.0,0.0,0.0,0.0,0.0,3.71,,,
ba,블루 아카이브,ba:20008,아코,Ako,,5,3★,Mystic,HG,False,1656374400.0,2022-06-28T00:00:00+00:00,,,,74.0,"[4, 4, 0]",아코,2,True,True,2.0,5.0,42.64,65.0,65.0,0.0,0.0,26.79,67.0,3.71,1.29,158.0,34.0
ba,블루 아카이브,ba:20009,체리노(온천),Cherino (Hot Spring),,5,3★,Explosion,HG,False,1657584000.0,2022-07-12T00:00:00+00:00,,,,75.0,"[4, 4, 0]",체리노(온천),7,False,True,0.0,,0.0,0.0,0.0,0.0,0.0,0.0,0.0,3.71,,156.0,
ba,블루 아카이브,ba:10030,치나츠(온천),Chinatsu (Hot Spring),,5,3★,Mystic,HG,False,1657584000.0,2022-07-12T00:00:00+00:00,,,,76.0,"[4, 4, 0]",치나츠(온천),7,False,True,0.0,,0.0,0.0,0.0,0.0,0.0,0.0,0.0,3.71,,157.0,
ba,블루 아카이브,ba:16007,토모에,Tomoe,,3,1★,Pierce,SR,False,,,,,,77.0,"[2, 2, 2]",토모에,3,False,True,0.0,,0.0,16.0,16.0,0.0,0.0,6.59,16.0,3.71,,,136.0
ba,블루 아카이브,ba:20010,노도카(온천),Nodoka (Hot Spring),,5,3★,Explosion,SMG,False,1658793600.0,2022-07-26T00:00:00+00:00,,,,78.0,"[4, 4, 0]",노도카(온천),7,False,True,0.0,,0.0,0.0,0.0,0.0,0.0,0.0,0.0,3.71,,155.0,
ba,블루 아카이브,ba:10031,아루(새해),Aru (New Year),,5,3★,Pierce,SR,False,1660003200.0,2022-08-09T00:00:00+00:00,,,,79.0,"[1, 1, 1]",아루(새해),6,False,True,0.0,,0.0,0.0,0.0,0.0,0.0,0.0,0.0,3.71,,153.0,
ba,블루 아카이브,ba:10032,무츠키(새해),Mutsuki (New Year),,5,3★,Mystic,MG,False,1660003200.0,2022-08-09T00:00:00+00:00,,,,80.0,"[1, 1, 1]",무츠키(새해),7,False,True,0.0,,0.0,0.0,0.0,0.0,0.0,0.0,0.0,3.71,,154.0,
ba,블루 아카이브,ba:20011,세리카(새해),Serika (New Year),,5,3★,Pierce,AR,False,1661212800.0,2022-08-23T00:00:00+00:00,,,,81.0,"[4, 4, 0]",세리카(새해),7,False,True,0.0,,0.0,0.0,0.0,0.0,0.0,0.0,0.0,3.71,,152.0,
ba,블루 아카이브,ba:10033,와카모,Wakamo,,5,3★,Mystic,SR,False,1662422400.0,2022-09-06T00:00:00+00:00,,,,82.0,"[3, 3, 3]",와카모,3,False,True,3.0,4.33,63.97,25.0,25.0,0.0,0.0,10.3,28.0,3.71,0.62,151.0,100.0
ba,블루 아카이브,ba:16008,후부키,Fubuki,,3,1★,Pierce,SR,False,,,,,,83.0,"[2, 2, 2]",후부키,3,False,True,0.0,,0.0,26.0,26.0,0.0,0.0,10.71,26.0,3.71,,,108.0
ba,블루 아카이브,ba:20012,세나,Sena,,5,3★,Mystic,GL,False,1662768000.0,2022-09-10T00:00:00+00:00,,,,84.0,"[4, 4, 0]",세나,2,True,True,0.0,,0.0,44.0,44.0,0.0,0.0,18.13,44.0,3.71,,149.0,58.0
ba,블루 아카이브,ba:20013,치히로,Chihiro,,5,3★,Pierce,AR,False,1662768000.0,2022-09-10T00:00:00+00:00,,,,85.0,"[4, 4, 0]",치히로,3,False,True,0.0,,0.0,21.0,21.0,0.0,0.0,8.65,21.0,3.71,,150.0,119.0
ba,블루 아카이브,ba:10034,미모리,Mimori,,5,3★,Mystic,HG,False,1663632000.0,2022-09-20T00:00:00+00:00,,,,86.0,"[0, 0, 0]",미모리,3,False,True,0.0,,0.0,21.0,21.0,0.0,0.0,8.65,21.0,3.71,,148.0,120.0
ba,블루 아카이브,ba:10035,우이,Ui,,5,3★,Explosion,SR,False,1664841600.0,2022-10-04T00:00:00+00:00,,,,87.0,"[0, 0, 0]",우이,2,True,True,0.0,,0.0,55.0,55.0,0.0,0.0,22.67,55.0,3.71,,146.0,42.0
ba,블루 아카이브,ba:10036,히나타,Hinata,,5,3★,Mystic,HG,False,1664841600.0,2022-10-04T00:00:00+00:00,,,,88.0,"[0, 0, 0]",히나타,3,False,True,0.0,,0.0,32.0,32.0,0.0,0.0,13.19,32.0,3.71,,147.0,88.0
ba,블루 아카이브,ba:10037,마리나,Marina,,5,3★,Pierce,SMG,False,1666051200.0,2022-10-18T00:00:00+00:00,,,,89.0,"[0, 0, 0]",마리나,3,False,True,0.0,,0.0,17.0,17.0,0.0,0.0,7.01,17.0,3.71,,145.0,132.0
ba,블루 아카이브,ba:10038,미야코,Miyako,,5,3★,Pierce,SMG,False,1667865600.0,2022-11-08T00:00:00+00:00,,,,90.0,"[0, 0, 0]",미야코,3,False,True,0.0,,0.0,30.0,30.0,0.0,0.0,12.36,30.0,3.71,,142.0,95.0
ba,블루 아카이브,ba:20014,사키,Saki,,5,3★,Pierce,MG,False,1667865600.0,2022-11-08T00:00:00+00:00,,,,91.0,"[0, 0, 0]",사키,2,True,True,0.0,,0.0,47.0,47.0,0.0,0.0,19.37,47.0,3.71,,143.0,53.0
ba,블루 아카이브,ba:10039,미유,Miyu,,5,3★,Pierce,SR,False,1667865600.0,2022-11-08T00:00:00+00:00,,,,92.0,"[0, 0, 0]",미유,2,True,True,1.0,2.0,21.32,53.0,53.0,0.0,0.0,21.84,54.0,3.71,-1.71,144.0,44.0
ba,블루 아카이브,ba:20015,카에데,Kaede,,5,3★,Explosion,HG,False,1669680000.0,2022-11-29T00:00:00+00:00,,,,93.0,"[0, 0, 0]",카에데,3,False,True,0.0,,0.0,17.0,17.0,0.0,0.0,7.01,17.0,3.71,,139.0,133.0
ba,블루 아카이브,ba:20016,이로하,Iroha,,5,3★,Mystic,HG,False,1669680000.0,2022-11-29T00:00:00+00:00,,,,94.0,"[0, 0, 0]",이로하,3,False,True,0.0,,0.0,32.0,32.0,0.0,0.0,13.19,32.0,3.71,,140.0,89.0
ba,블루 아카이브,ba:16009,미치루,Michiru,,3,1★,Mystic,SG,False,,,,,,95.0,"[2, 2, 2]",미치루,3,False,True,0.0,,0.0,27.0,27.0,0.0,0.0,11.13,27.0,3.71,,,103.0
ba,블루 아카이브,ba:10040,츠쿠요,Tsukuyo,,5,3★,Mystic,SMG,False,1670803200.0,2022-12-12T00:00:00+00:00,,,,96.0,"[0, 0, 0]",츠쿠요,3,False,True,0.0,,0.0,33.0,33.0,0.0,0.0,13.6,33.0,3.71,,138.0,87.0
ba,블루 아카이브,ba:10041,미사키,Misaki,,5,3★,Explosion,RL,False,1671494400.0,2022-12-20T00:00:00+00:00,,,,97.0,"[0, 0, 0]",미사키,3,False,True,0.0,,0.0,36.0,36.0,0.0,0.0,14.84,36.0,3.71,,136.0,76.0
ba,블루 아카이브,ba:20017,히요리,Hiyori,,5,3★,Explosion,SR,False,1671494400.0,2022-12-20T00:00:00+00:00,,,,98.0,"[0, 0, 0]",히요리,3,False,True,0.0,,0.0,24.0,24.0,0.0,0.0,9.89,24.0,3.71,,137.0,113.0
ba,블루 아카이브,ba:10042,아츠코,Atsuko,,5,3★,Explosion,SMG,False,1672704000.0,2023-01-03T00:00:00+00:00,,,,99.0,"[0, 0, 0]",아츠코,3,False,True,0.0,,0.0,23.0,23.0,0.0,0.0,9.48,23.0,3.71,,135.0,114.0
ba,블루 아카이브,ba:10043,와카모(수영복),Wakamo (Swimsuit),,5,3★,Pierce,SR,False,1673913600.0,2023-01-17T00:00:00+00:00,,,,100.0,"[0, 0, 0]",와카모(수영복),8,False,True,0.0,,0.0,0.0,0.0,0.0,0.0,0.0,0.0,3.71,,132.0,
ba,블루 아카이브,ba:10044,노노미(수영복),Nonomi (Swimsuit),,5,3★,Explosion,MG,False,1673913600.0,2023-01-17T00:00:00+00:00,,,,101.0,"[0, 0, 0]",노노미(수영복),8,False,True,0.0,,0.0,0.0,0.0,0.0,0.0,0.0,0.0,3.71,,133.0,
ba,블루 아카이브,ba:26007,아야네(수영복),Ayane (Swimsuit),,3,1★,Pierce,HG,False,,,,,,102.0,"[2, 2, 2]",아야네(수영복),8,False,True,0.0,,0.0,0.0,0.0,0.0,0.0,0.0,0.0,3.71,,,
ba,블루 아카이브,ba:10045,호시노(수영복),Hoshino (Swimsuit),,5,3★,Explosion,SG,False,1675123200.0,2023-01-31T00:00:00+00:00,,,,103.0,"[3, 3, 3]",호시노(수영복),8,False,True,0.0,,0.0,0.0,0.0,0.0,0.0,0.0,0.0,3.71,,131.0,
ba,블루 아카이브,ba:26008,시즈코(수영복),Shizuko (Swimsuit),,3,1★,Mystic,SG,False,,,,,,104.0,"[2, 2, 2]",시즈코(수영복),8,False,True,0.0,,0.0,0.0,0.0,0.0,0.0,0.0,0.0,3.71,,,
ba,블루 아카이브,ba:10046,이즈나(수영복),Izuna (Swimsuit),,5,3★,Mystic,SMG,False,1675555200.0,2023-02-05T00:00:00+00:00,,,,105.0,"[1, 1, 1]",이즈나(수영복),8,False,True,0.0,,0.0,0.0,0.0,0.0,0.0,0.0,0.0,3.71,,129.0,
ba,블루 아카이브,ba:10047,치세(수영복),Chise (Swimsuit),,5,3★,Mystic,GL,False,1675555200.0,2023-02-05T00:00:00+00:00,,,,106.0,"[1, 1, 1]",치세(수영복),7,False,True,0.0,,0.0,0.0,0.0,0.0,0.0,0.0,0.0,3.71,,130.0,
ba,블루 아카이브,ba:10048,사오리,Saori,,5,3★,Explosion,AR,False,1676332800.0,2023-02-14T00:00:00+00:00,,,,107.0,"[0, 0, 0]",사오리,3,False,True,1.0,3.0,21.32,58.0,58.0,0.0,0.0,23.9,59.0,3.71,-0.71,128.0,41.0
ba,블루 아카이브,ba:20018,모에,Moe,,5,3★,Pierce,HG,False,1677542400.0,2023-02-28T00:00:00+00:00,,,,108.0,"[0, 0, 0]",모에,2,True,True,0.0,,0.0,34.0,34.0,0.0,0.0,14.01,34.0,3.71,,126.0,82.0
ba,블루 아카이브,ba:10049,카즈사,Kazusa,,5,3★,Pierce,MG,False,1677542400.0,2023-02-28T00:00:00+00:00,,,,109.0,"[0, 0, 0]",카즈사,3,False,True,1.0,5.0,21.32,102.0,102.0,0.0,0.0,42.03,103.0,3.71,1.29,127.0,19.0
ba,블루 아카이브,ba:10050,코코나,Kokona,,5,3★,Pierce,AR,False,1679356800.0,2023-03-21T00:00:00+00:00,,,,110.0,"[0, 0, 0]",코코나,3,False,True,0.0,,0.0,34.0,34.0,0.0,0.0,14.01,34.0,3.71,,125.0,83.0
ba,블루 아카이브,ba:10051,우타하(응원단),Utaha (Cheer Squad),,5,3★,Mystic,SMG,False,,,,,,111.0,"[0, 0, 0]",우타하(응원단),8,False,True,0.0,,0.0,0.0,0.0,0.0,0.0,0.0,0.0,3.71,,,
ba,블루 아카이브,ba:10052,노아,Noa,,5,3★,Mystic,HG,False,1679961600.0,2023-03-28T00:00:00+00:00,,,,112.0,"[0, 0, 0]",노아,2,True,True,1.0,5.0,21.32,76.0,76.0,0.0,0.0,31.32,77.0,3.71,1.29,123.0,29.0
ba,블루 아카이브,ba:16010,히비키(응원단),Hibiki (Cheer Squad),,3,1★,Explosion,MT,False,,,,,,113.0,"[2, 2, 2]",히비키(응원단),8,False,True,0.0,,0.0,0.0,0.0,0.0,0.0,0.0,0.0,3.71,,,
ba,블루 아카이브,ba:20019,아카네(바니걸),Akane (Bunny),,5,3★,Mystic,HG,False,1681171200.0,2023-04-11T00:00:00+00:00,,,,114.0,"[0, 0, 0]",아카네(바니걸),8,False,True,0.0,,0.0,0.0,0.0,0.0,0.0,0.0,0.0,3.71,,122.0,
ba,블루 아카이브,ba:10053,유우카(체육복),Yuuka (Track),,5,3★,Mystic,SMG,False,,,,,,115.0,"[1, 1, 1]",유우카(체육복),8,False,True,0.0,,0.0,0.0,0.0,0.0,0.0,0.0,0.0,3.71,,,
ba,블루 아카이브,ba:10054,마리(체육복),Mari (Track),,5,3★,Mystic,HG,False,,,,,,116.0,"[1, 1, 1]",마리(체육복),7,False,True,0.0,,0.0,0.0,0.0,0.0,0.0,0.0,0.0,3.71,,,
ba,블루 아카이브,ba:16011,하스미(체육복),Hasumi (Track),,3,1★,Mystic,SR,False,,,,,,117.0,"[2, 2, 2]",하스미(체육복),8,False,True,0.0,,0.0,0.0,0.0,0.0,0.0,0.0,0.0,3.71,,,
ba,블루 아카이브,ba:20020,히마리,Himari,,5,3★,Pierce,HG,False,1684195200.0,2023-05-16T00:00:00+00:00,,,,118.0,"[0, 0, 0]",히마리,3,False,True,3.0,5.0,63.97,106.0,105.0,1.0,0.0,43.68,109.0,3.71,1.29,120.0,18.0
ba,블루 아카이브,ba:10055,시구레,Shigure,,5,3★,Explosion,GL,False,1685404800.0,2023-05-30T00:00:00+00:00,,,,119.0,"[0, 0, 0]",시구레,3,False,True,0.0,,0.0,16.0,16.0,0.0,0.0,6.59,16.0,3.71,,118.0,137.0
ba,블루 아카이브,ba:10056,세리나(크리스마스),Serina (Christmas),,5,3★,Pierce,AR,False,1686614400.0,2023-06-13T00:00:00+00:00,,,,120.0,"[0, 0, 0]",세리나(크리스마스),10,False,True,0.0,,0.0,0.0,0.0,0.0,0.0,0.0,0.0,3.71,,116.0,
ba,블루 아카이브,ba:20021,하나에(크리스마스),Hanae (Christmas),,5,3★,Mystic,AR,False,1686614400.0,2023-06-13T00:00:00+00:00,,,,121.0,"[0, 0, 0]",하나에(크리스마스),10,False,True,0.0,,0.0,0.0,0.0,0.0,0.0,0.0,0.0,3.71,,117.0,
ba,블루 아카이브,ba:10057,하루나(새해),Haruna (New Year),,5,3★,Explosion,SR,False,1687824000.0,2023-06-27T00:00:00+00:00,,,,122.0,"[1, 1, 1]",하루나(새해),7,False,True,0.0,,0.0,0.0,0.0,0.0,0.0,0.0,0.0,3.71,,114.0,
ba,블루 아카이브,ba:20022,후우카(새해),Fuuka (New Year),,5,3★,Pierce,SMG,False,1687824000.0,2023-06-27T00:00:00+00:00,,,,123.0,"[1, 1, 1]",후우카(새해),7,False,True,0.0,,0.0,0.0,0.0,0.0,0.0,0.0,0.0,3.71,,115.0,
ba,블루 아카이브,ba:16012,준코(새해),Junko (New Year),,3,1★,Mystic,AR,False,,,,,,124.0,"[2, 2, 2]",준코(새해),6,False,True,0.0,,0.0,0.0,0.0,0.0,0.0,0.0,0.0,3.71,,,
ba,블루 아카이브,ba:10058,미네,Mine,,5,3★,Explosion,SG,False,1689033600.0,2023-07-11T00:00:00+00:00,,,,125.0,"[0, 0, 0]",미네,2,True,True,0.0,,0.0,20.0,20.0,0.0,0.0,8.24,20.0,3.71,,113.0,125.0
ba,블루 아카이브,ba:10059,미카,Mika,,5,3★,Pierce,SMG,False,1690243200.0,2023-07-25T00:00:00+00:00,,,,126.0,"[3, 3, 3]",미카,2,True,True,5.0,4.2,106.61,493.0,493.0,0.0,0.0,203.16,498.0,3.71,0.49,112.0,1.0
ba,블루 아카이브,ba:10060,메구,Megu,,5,3★,Explosion,FT,False,1690848000.0,2023-08-01T00:00:00+00:00,,,,127.0,"[0, 0, 0]",메구,2,True,True,0.0,,0.0,34.0,34.0,0.0,0.0,14.01,34.0,3.71,,110.0,84.0
ba,블루 아카이브,ba:20023,칸나,Kanna,,5,3★,Pierce,HG,False,1690848000.0,2023-08-01T00:00:00+00:00,,,,128.0,"[0, 0, 0]",칸나,2,True,True,0.0,,0.0,34.0,34.0,0.0,0.0,14.01,34.0,3.71,,111.0,85.0
ba,블루 아카이브,ba:10061,사쿠라코,Sakurako,,5,3★,Mystic,AR,False,1691712000.0,2023-08-11T00:00:00+00:00,,,,129.0,"[0, 0, 0]",사쿠라코,4,False,True,0.0,,0.0,18.0,18.0,0.0,0.0,7.42,18.0,3.71,,109.0,129.0
ba,블루 아카이브,ba:10062,토키,Toki,,5,3★,Explosion,AR,False,1692662400.0,2023-08-22T00:00:00+00:00,,,,130.0,"[1, 1, 1]",토키,2,True,True,1.0,5.0,21.32,144.0,144.0,0.0,0.0,59.34,145.0,3.71,1.29,107.0,11.0
ba,블루 아카이브,ba:20024,나기사,Nagisa,,5,3★,Explosion,HG,False,1692662400.0,2023-08-22T00:00:00+00:00,,,,131.0,"[1, 1, 1]",나기사,3,False,True,0.0,,0.0,96.0,96.0,0.0,0.0,39.56,96.0,3.71,,108.0,21.0
ba,블루 아카이브,ba:10063,코유키,Koyuki,,5,3★,Mystic,MG,False,1693872000.0,2023-09-05T00:00:00+00:00,,,,132.0,"[0, 0, 0]",코유키,3,False,True,1.0,5.0,21.32,60.0,60.0,0.0,0.0,24.73,61.0,3.71,1.29,106.0,40.0
ba,블루 아카이브,ba:10064,카요코(새해),Kayoko (New Year),,5,3★,Mystic,HG,False,1695686400.0,2023-09-26T00:00:00+00:00,,,,133.0,"[0, 0, 0]",카요코(새해),7,False,True,0.0,,0.0,0.0,0.0,0.0,0.0,0.0,0.0,3.71,,104.0,
ba,블루 아카이브,ba:20025,하루카(새해),Haruka (New Year),,5,3★,Explosion,SG,False,1695686400.0,2023-09-26T00:00:00+00:00,,,,134.0,"[0, 0, 0]",하루카(새해),7,False,True,0.0,,0.0,0.0,0.0,0.0,0.0,0.0,0.0,3.71,,105.0,
ba,블루 아카이브,ba:10065,카호,Kaho,,5,3★,Mystic,AR,False,1698105600.0,2023-10-24T00:00:00+00:00,,,,135.0,"[0, 0, 0]",카호,2,True,True,0.0,,0.0,30.0,30.0,0.0,0.0,12.36,30.0,3.71,,103.0,96.0
ba,블루 아카이브,ba:10066,아리스(메이드),Aris (Maid),,5,3★,Mystic,RG,False,,,,,,136.0,"[0, 0, 0]",아리스(메이드),8,False,True,0.0,,0.0,0.0,0.0,0.0,0.0,0.0,0.0,3.71,,,
ba,블루 아카이브,ba:10067,토키(바니걸),Toki (Bunny),,5,3★,Explosion,AR,False,,,,,,137.0,"[0, 0, 0]",토키(바니걸),7,False,True,0.0,,0.0,0.0,0.0,0.0,0.0,0.0,0.0,3.71,,,
ba,블루 아카이브,ba:26009,유즈(메이드),Yuzu (Maid),,3,1★,Explosion,GL,False,,,,,,138.0,"[2, 2, 2]",유즈(메이드),7,False,True,0.0,,0.0,0.0,0.0,0.0,0.0,0.0,0.0,3.71,,,
ba,블루 아카이브,ba:10068,레이사,Reisa,,5,3★,Pierce,SG,False,1699920000.0,2023-11-14T00:00:00+00:00,,,,139.0,"[0, 0, 0]",레이사,3,False,True,1.0,4.0,21.32,153.0,153.0,0.0,0.0,63.05,154.0,3.71,0.29,102.0,8.0
ba,블루 아카이브,ba:10069,루미,Rumi,,5,3★,Explosion,SMG,False,1701129600.0,2023-11-28T00:00:00+00:00,,,,140.0,"[0, 0, 0]",루미,2,True,True,0.0,,0.0,29.0,29.0,0.0,0.0,11.95,29.0,3.71,,100.0,98.0
ba,블루 아카이브,ba:10070,미나,Mina,,5,3★,Explosion,HG,False,1701129600.0,2023-11-28T00:00:00+00:00,,,,141.0,"[0, 0, 0]",미나,2,True,True,1.0,5.0,21.32,34.0,34.0,0.0,0.0,14.01,35.0,3.71,1.29,101.0,81.0
ba,블루 아카이브,ba:20026,미노리,Minori,,5,3★,Explosion,AR,False,1702339200.0,2023-12-12T00:00:00+00:00,,,,142.0,"[0, 0, 0]",미노리,3,False,True,0.0,,0.0,27.0,27.0,0.0,0.0,11.13,27.0,3.71,,99.0,104.0
ba,블루 아카이브,ba:10071,미야코(수영복),Miyako (Swimsuit),,5,3★,Explosion,SMG,False,1703548800.0,2023-12-26T00:00:00+00:00,,,,143.0,"[0, 0, 0]",미야코(수영복),8,False,True,0.0,,0.0,0.0,0.0,0.0,0.0,0.0,0.0,3.71,,97.0,
ba,블루 아카이브,ba:10072,사키(수영복),Saki (Swimsuit),,5,3★,Explosion,MG,False,1703548800.0,2023-12-26T00:00:00+00:00,,,,144.0,"[0, 0, 0]",사키(수영복),7,False,True,0.0,,0.0,0.0,0.0,0.0,0.0,0.0,0.0,3.71,,98.0,
ba,블루 아카이브,ba:26010,미유(수영복),Miyu (Swimsuit),,3,1★,Explosion,SR,False,,,,,,145.0,"[2, 2, 2]",미유(수영복),7,False,True,0.0,,0.0,0.0,0.0,0.0,0.0,0.0,0.0,3.71,,,
ba,블루 아카이브,ba:20027,시로코(수영복),Shiroko (Swimsuit),,5,3★,Mystic,AR,False,1705968000.0,2024-01-23T00:00:00+00:00,,,,146.0,"[0, 0, 0]",시로코(수영복),8,False,True,0.0,,0.0,0.0,0.0,0.0,0.0,0.0,0.0,3.71,,96.0,
ba,블루 아카이브,ba:10073,우이(수영복),Ui (Swimsuit),,5,3★,Pierce,SR,False,1706572800.0,2024-01-30T00:00:00+00:00,,,,147.0,"[1, 1, 1]",우이(수영복),7,False,True,0.0,,0.0,0.0,0.0,0.0,0.0,0.0,0.0,3.71,,94.0,
ba,블루 아카이브,ba:20028,히나타(수영복),Hinata (Swimsuit),,5,3★,Explosion,HG,False,1706572800.0,2024-01-30T00:00:00+00:00,,,,148.0,"[1, 1, 1]",히나타(수영복),8,False,True,0.0,,0.0,0.0,0.0,0.0,0.0,0.0,0.0,3.71,,95.0,
ba,블루 아카이브,ba:16013,코하루(수영복),Koharu (Swimsuit),,3,1★,Mystic,SR,False,,,,,,149.0,"[2, 2, 2]",코하루(수영복),8,False,True,0.0,,0.0,0.0,0.0,0.0,0.0,0.0,0.0,3.71,,,
ba,블루 아카이브,ba:10074,하나코(수영복),Hanako (Swimsuit),,5,3★,Sonic,AR,False,1707350400.0,2024-02-08T00:00:00+00:00,,,,150.0,"[3, 3, 3]",하나코(수영복),8,False,True,0.0,,0.0,0.0,0.0,0.0,0.0,0.0,0.0,3.71,,93.0,
ba,블루 아카이브,ba:20029,미모리(수영복),Mimori (Swimsuit),,5,3★,Mystic,HG,False,1708387200.0,2024-02-20T00:00:00+00:00,,,,151.0,"[0, 0, 0]",미모리(수영복),8,False,True,0.0,,0.0,0.0,0.0,0.0,0.0,0.0,0.0,3.71,,91.0,
ba,블루 아카이브,ba:10075,메루,Meru,,5,3★,Pierce,HG,False,1708992000.0,2024-02-27T00:00:00+00:00,,,,152.0,"[0, 0, 0]",메루,2,True,True,0.0,,0.0,20.0,20.0,0.0,0.0,8.24,20.0,3.71,,90.0,126.0
ba,블루 아카이브,ba:13013,모미지,Momiji,,4,2★,Sonic,RL,False,1708992000.0,2024-02-27T00:00:00+00:00,,,,153.0,"[0, 0, 0]",모미지,3,False,True,0.0,,0.0,22.0,22.0,0.0,0.0,9.07,22.0,3.71,,,117.0
ba,블루 아카이브,ba:10076,코토리(응원단),Kotori (Cheer Squad),,5,3★,Explosion,MG,False,,,,,,154.0,"[0, 0, 0]",코토리(응원단),8,False,True,0.0,,0.0,0.0,0.0,0.0,0.0,0.0,0.0,3.71,,,
ba,블루 아카이브,ba:20030,하루나(체육복),Haruna (Track),,5,3★,Sonic,SR,False,,,,,,155.0,"[0, 0, 0]",하루나(체육복),8,False,True,0.0,,0.0,0.0,0.0,0.0,0.0,0.0,0.0,3.71,,,
ba,블루 아카이브,ba:10077,이치카,Ichika,,5,3★,Sonic,AR,False,1712016000.0,2024-04-02T00:00:00+00:00,,,,156.0,"[0, 0, 0]",이치카,3,False,True,0.0,,0.0,81.0,81.0,0.0,0.0,33.38,81.0,3.71,,88.0,26.0
ba,블루 아카이브,ba:10078,카스미,Kasumi,,5,3★,Sonic,HG,False,1712016000.0,2024-04-02T00:00:00+00:00,,,,157.0,"[0, 0, 0]",카스미,3,False,True,0.0,,0.0,41.0,41.0,0.0,0.0,16.9,41.0,3.71,,89.0,66.0
ba,블루 아카이브,ba:20031,시구레(온천),Shigure (Hot Spring),,5,3★,Pierce,GL,False,1713225600.0,2024-04-16T00:00:00+00:00,,,,158.0,"[0, 0, 0]",시구레(온천),7,False,True,0.0,,0.0,0.0,0.0,0.0,0.0,0.0,0.0,3.71,,87.0,
ba,블루 아카이브,ba:10079,미사카 미코토,Misaka Mikoto,,5,3★,Pierce,AR,False,1714435200.0,2024-04-30T00:00:00+00:00,,,,159.0,"[1, 1, 1]",미사카 미코토,7,False,True,0.0,,0.0,0.0,0.0,0.0,0.0,0.0,0.0,3.71,,85.0,
ba,블루 아카이브,ba:10080,쇼쿠호 미사키,Shokuhou Misaki,,5,3★,Explosion,HG,False,1714435200.0,2024-04-30T00:00:00+00:00,,,,160.0,"[1, 1, 1]",쇼쿠호 미사키,7,False,True,0.0,,0.0,0.0,0.0,0.0,0.0,0.0,0.0,3.71,,86.0,
ba,블루 아카이브,ba:26011,사텐 루이코,Saten Ruiko,,3,1★,Pierce,SMG,False,,,,,,161.0,"[2, 2, 2]",사텐 루이코,6,False,True,0.0,,0.0,0.0,0.0,0.0,0.0,0.0,0.0,3.71,,,
ba,블루 아카이브,ba:10081,유카리,Yukari,,5,3★,Sonic,SR,False,1715644800.0,2024-05-14T00:00:00+00:00,,,,162.0,"[0, 0, 0]",유카리,3,False,True,0.0,,0.0,40.0,40.0,0.0,0.0,16.48,40.0,3.71,,84.0,67.0
ba,블루 아카이브,ba:10082,렌게,Renge,,5,3★,Sonic,SR,False,1716854400.0,2024-05-28T00:00:00+00:00,,,,163.0,"[0, 0, 0]",렌게,2,True,True,0.0,,0.0,38.0,38.0,0.0,0.0,15.66,38.0,3.71,,82.0,71.0
ba,블루 아카이브,ba:10083,키쿄,Kikyou,,5,3★,Sonic,SR,False,1716854400.0,2024-05-28T00:00:00+00:00,,,,164.0,"[0, 0, 0]",키쿄,2,True,True,0.0,,0.0,165.0,165.0,0.0,0.0,68.0,165.0,3.71,,83.0,7.0
ba,블루 아카이브,ba:20032,에이미(수영복),Eimi (Swimsuit),,5,3★,Mystic,SG,False,1718064000.0,2024-06-11T00:00:00+00:00,,,,165.0,"[0, 0, 0]",에이미(수영복),8,False,True,0.0,,0.0,0.0,0.0,0.0,0.0,0.0,0.0,3.71,,81.0,
ba,블루 아카이브,ba:10084,코타마(캠핑),Kotama (Camp),,5,3★,Pierce,HG,False,1719273600.0,2024-06-25T00:00:00+00:00,,,,166.0,"[0, 0, 0]",코타마(캠핑),7,False,True,0.0,,0.0,0.0,0.0,0.0,0.0,0.0,0.0,3.71,,79.0,
ba,블루 아카이브,ba:10085,하레(캠핑),Hare (Camp),,5,3★,Explosion,AR,False,1719273600.0,2024-06-25T00:00:00+00:00,,,,167.0,"[0, 0, 0]",하레(캠핑),6,False,True,0.0,,0.0,0.0,0.0,0.0,0.0,0.0,0.0,3.71,,80.0,
ba,블루 아카이브,ba:10087,아코(드레스),Ako (Dress),,5,3★,Explosion,HG,False,1721692800.0,2024-07-23T00:00:00+00:00,,,,168.0,"[1, 1, 1]",아코(드레스),7,False,True,0.0,,0.0,0.0,0.0,0.0,0.0,0.0,0.0,3.71,,77.0,
ba,블루 아카이브,ba:16014,이부키,Ibuki,,3,1★,Mystic,AR,False,,,,,,169.0,"[2, 2, 2]",이부키,3,False,True,0.0,,0.0,89.0,89.0,0.0,0.0,36.68,89.0,3.71,,,22.0
ba,블루 아카이브,ba:20033,마코토,Makoto,,5,3★,Pierce,SR,False,1721692800.0,2024-07-23T00:00:00+00:00,,,,170.0,"[1, 1, 1]",마코토,3,False,True,0.0,,0.0,36.0,36.0,0.0,0.0,14.84,36.0,3.71,,78.0,77.0
ba,블루 아카이브,ba:10086,히나(드레스),Hina (Dress),,5,3★,Explosion,MG,False,1722297600.0,2024-07-30T00:00:00+00:00,,,,171.0,"[3, 3, 3]",히나(드레스),7,False,True,0.0,,0.0,0.0,0.0,0.0,0.0,0.0,0.0,3.71,,76.0,
ba,블루 아카이브,ba:10088,카요코(드레스),Kayoko (Dress),,5,3★,Pierce,HG,False,1724112000.0,2024-08-20T00:00:00+00:00,,,,172.0,"[0, 0, 0]",카요코(드레스),8,False,True,0.0,,0.0,0.0,0.0,0.0,0.0,0.0,0.0,3.71,,74.0,
ba,블루 아카이브,ba:10089,아루(드레스),Aru (Dress),,5,3★,Pierce,SR,False,1724112000.0,2024-08-20T00:00:00+00:00,,,,173.0,"[0, 0, 0]",아루(드레스),7,False,True,0.0,,0.0,0.0,0.0,0.0,0.0,0.0,0.0,3.71,,75.0,
ba,블루 아카이브,ba:20034,아카리(새해),Akari (New Year),,5,3★,Mystic,AR,False,1725321600.0,2024-09-03T00:00:00+00:00,,,,174.0,"[0, 0, 0]",아카리(새해),7,False,True,0.0,,0.0,0.0,0.0,0.0,0.0,0.0,0.0,3.71,,73.0,
ba,블루 아카이브,ba:10090,우미카,Umika,,5,3★,Mystic,AR,False,1727136000.0,2024-09-24T00:00:00+00:00,,,,175.0,"[0, 0, 0]",우미카,3,False,True,0.0,,0.0,18.0,18.0,0.0,0.0,7.42,18.0,3.71,,71.0,130.0
ba,블루 아카이브,ba:20035,츠바키(가이드),Tsubaki (Guide),,5,3★,Pierce,SMG,False,1727136000.0,2024-09-24T00:00:00+00:00,,,,176.0,"[0, 0, 0]",츠바키(가이드),8,False,True,0.0,,0.0,0.0,0.0,0.0,0.0,0.0,0.0,3.71,,72.0,
ba,블루 아카이브,ba:10091,카즈사(밴드),Kazusa (Band),,5,3★,Explosion,MG,False,1729555200.0,2024-10-22T00:00:00+00:00,,,,177.0,"[1, 1, 1]",카즈사(밴드),7,False,True,0.0,,0.0,0.0,0.0,0.0,0.0,0.0,0.0,3.71,,69.0,
ba,블루 아카이브,ba:10092,요시미(밴드),Yoshimi (Band),,5,3★,Explosion,AR,False,1729555200.0,2024-10-22T00:00:00+00:00,,,,178.0,"[1, 1, 1]",요시미(밴드),7,False,True,0.0,,0.0,0.0,0.0,0.0,0.0,0.0,0.0,3.71,,70.0,
ba,블루 아카이브,ba:16015,아이리(밴드),Airi (Band),,3,1★,Explosion,SMG,False,,,,,,179.0,"[2, 2, 2]",아이리(밴드),7,False,True,0.0,,0.0,0.0,0.0,0.0,0.0,0.0,0.0,3.71,,,
ba,블루 아카이브,ba:10093,키라라,Kirara,,5,3★,Sonic,AR,False,1730764800.0,2024-11-05T00:00:00+00:00,,,,180.0,"[0, 0, 0]",키라라,3,False,True,0.0,,0.0,21.0,21.0,0.0,0.0,8.65,21.0,3.71,,68.0,121.0
ba,블루 아카이브,ba:10094,모모이(메이드),Momoi (Maid),,5,3★,Sonic,AR,False,1731974400.0,2024-11-19T00:00:00+00:00,,,,181.0,"[0, 0, 0]",모모이(메이드),8,False,True,0.0,,0.0,0.0,0.0,0.0,0.0,0.0,0.0,3.71,,66.0,
ba,블루 아카이브,ba:10095,미도리(메이드),Midori (Maid),,5,3★,Sonic,SR,False,1731974400.0,2024-11-19T00:00:00+00:00,,,,182.0,"[0, 0, 0]",미도리(메이드),8,False,True,0.0,,0.0,0.0,0.0,0.0,0.0,0.0,0.0,3.71,,67.0,
ba,블루 아카이브,ba:20036,세리카(수영복),Serika (Swimsuit),,5,3★,Mystic,AR,False,1733184000.0,2024-12-03T00:00:00+00:00,,,,183.0,"[0, 0, 0]",세리카(수영복),8,False,True,0.0,,0.0,0.0,0.0,0.0,0.0,0.0,0.0,3.71,,65.0,
ba,블루 아카이브,ba:10096,칸나(수영복),Kanna (Swimsuit),,5,3★,Explosion,HG,False,1734998400.0,2024-12-24T00:00:00+00:00,,,,184.0,"[0, 0, 0]",칸나(수영복),7,False,True,0.0,,0.0,0.0,0.0,0.0,0.0,0.0,0.0,3.71,,63.0,
ba,블루 아카이브,ba:20037,후부키(수영복),Fubuki (Swimsuit),,5,3★,Explosion,SR,False,1734998400.0,2024-12-24T00:00:00+00:00,,,,185.0,"[0, 0, 0]",후부키(수영복),8,False,True,0.0,,0.0,0.0,0.0,0.0,0.0,0.0,0.0,3.71,,64.0,
ba,블루 아카이브,ba:26012,키리노(수영복),Kirino (Swimsuit),,3,1★,Mystic,HG,False,,,,,,186.0,"[2, 2, 2]",키리노(수영복),8,False,True,0.0,,0.0,0.0,0.0,0.0,0.0,0.0,0.0,3.71,,,
ba,블루 아카이브,ba:10097,모에(수영복),Moe (Swimsuit),,5,3★,Sonic,HG,False,1736208000.0,2025-01-07T00:00:00+00:00,,,,187.0,"[0, 0, 0]",모에(수영복),7,False,True,0.0,,0.0,0.0,0.0,0.0,0.0,0.0,0.0,3.71,,62.0,
ba,블루 아카이브,ba:10098,호시노(무장),Hoshino (Armed),,5,3★,Mystic,SG,False,1737590400.0,2025-01-23T00:00:00+00:00,,,,188.0,"[3, 3, 3]",호시노(무장),7,False,True,0.0,,0.0,2.0,2.0,0.0,0.0,0.82,2.0,3.71,,59.0,139.0
ba,블루 아카이브,ba:10099,호시노(무장),Hoshino (Armed),,5,3★,Mystic,SG,False,1737590400.0,2025-01-23T00:00:00+00:00,,,,189.0,"[3, 3, 3]",호시노(무장),7,False,True,0.0,,0.0,2.0,2.0,0.0,0.0,0.82,2.0,3.71,,60.0,140.0
ba,블루 아카이브,ba:10100,시로코*테러,Shiroko*Terror,,5,3★,Mystic,AR,False,1737590400.0,2025-01-23T00:00:00+00:00,,,,190.0,"[3, 3, 3]",시로코*테러,6,False,True,0.0,,0.0,1.0,1.0,0.0,0.0,0.41,1.0,3.71,,61.0,142.0
ba,블루 아카이브,ba:26013,아츠코(수영복),Atsuko (Swimsuit),,3,1★,Sonic,SMG,False,,,,,,191.0,"[2, 2, 2]",아츠코(수영복),8,False,True,0.0,,0.0,0.0,0.0,0.0,0.0,0.0,0.0,3.71,,,
ba,블루 아카이브,ba:10101,사오리(수영복),Saori (Swimsuit),,5,3★,Mystic,AR,False,1738195200.0,2025-01-30T00:00:00+00:00,,,,192.0,"[1, 1, 1]",사오리(수영복),8,False,True,0.0,,0.0,0.0,0.0,0.0,0.0,0.0,0.0,3.71,,57.0,
ba,블루 아카이브,ba:10102,히요리(수영복),Hiyori (Swimsuit),,5,3★,Pierce,SR,False,1738195200.0,2025-01-30T00:00:00+00:00,,,,193.0,"[1, 1, 1]",히요리(수영복),8,False,True,0.0,,0.0,0.0,0.0,0.0,0.0,0.0,0.0,3.71,,58.0,
ba,블루 아카이브,ba:10103,마리나(치파오),Marina (Qipao),,5,3★,Pierce,SMG,False,1739836800.0,2025-02-18T00:00:00+00:00,,,,194.0,"[0, 0, 0]",마리나(치파오),8,False,True,0.0,,0.0,0.0,0.0,0.0,0.0,0.0,0.0,3.71,,55.0,
ba,블루 아카이브,ba:20038,토모에(치파오),Tomoe (Qipao),,5,3★,Mystic,SR,False,1739836800.0,2025-02-18T00:00:00+00:00,,,,195.0,"[0, 0, 0]",토모에(치파오),8,False,True,0.0,,0.0,0.0,0.0,0.0,0.0,0.0,0.0,3.71,,56.0,
ba,블루 아카이브,ba:10104,레이죠,Reijo,,5,3★,Mystic,AR,False,1742256000.0,2025-03-18T00:00:00+00:00,,,,196.0,"[0, 0, 0]",레이죠,3,False,True,0.0,,0.0,17.0,17.0,0.0,0.0,7.01,17.0,3.71,,53.0,134.0
ba,블루 아카이브,ba:20039,키사키,Kisaki,,5,3★,Sonic,SMG,False,1742256000.0,2025-03-18T00:00:00+00:00,,,,197.0,"[0, 0, 0]",키사키,3,False,True,0.0,,0.0,54.0,54.0,0.0,0.0,22.25,54.0,3.71,,54.0,45.0
ba,블루 아카이브,ba:10105,마리(아이돌),Mari (Pop Idol),,5,3★,Explosion,HG,False,,,,,,198.0,"[1, 1, 1]",마리(아이돌),7,False,True,0.0,,0.0,0.0,0.0,0.0,0.0,0.0,0.0,3.71,,,
ba,블루 아카이브,ba:10106,사쿠라코(아이돌),Sakurako (Pop Idol),,5,3★,Explosion,AR,False,,,,,,199.0,"[1, 1, 1]",사쿠라코(아이돌),9,False,True,0.0,,0.0,0.0,0.0,0.0,0.0,0.0,0.0,3.71,,,
ba,블루 아카이브,ba:16016,미네(아이돌),Mine (Pop Idol),,3,1★,Explosion,SG,False,,,,,,200.0,"[2, 2, 2]",미네(아이돌),7,False,True,0.0,,0.0,0.0,0.0,0.0,0.0,0.0,0.0,3.71,,,
ba,블루 아카이브,ba:10107,치아키,Chiaki,,5,3★,Sonic,AR,False,1747094400.0,2025-05-13T00:00:00+00:00,,,,201.0,"[0, 0, 0]",치아키,3,False,True,0.0,,0.0,29.0,29.0,0.0,0.0,11.95,29.0,3.71,,51.0,99.0
ba,블루 아카이브,ba:20040,사츠키,Satsuki,,5,3★,Explosion,HG,False,1747094400.0,2025-05-13T00:00:00+00:00,,,,202.0,"[0, 0, 0]",사츠키,3,False,True,0.0,,0.0,17.0,17.0,0.0,0.0,7.01,17.0,3.71,,52.0,135.0
ba,블루 아카이브,ba:10108,유우카(파자마),Yuuka (Pajamas),,5,3★,Explosion,SMG,False,1749513600.0,2025-06-10T00:00:00+00:00,,,,203.0,"[0, 0, 0]",유우카(파자마),8,False,True,0.0,,0.0,0.0,0.0,0.0,0.0,0.0,0.0,3.71,,49.0,
ba,블루 아카이브,ba:10109,노아(파자마),Noa (Pajamas),,5,3★,Pierce,HG,False,1749513600.0,2025-06-10T00:00:00+00:00,,,,204.0,"[0, 0, 0]",노아(파자마),7,False,True,0.0,,0.0,0.0,0.0,0.0,0.0,0.0,0.0,3.71,,50.0,
ba,블루 아카이브,ba:10110,세이아,Seia,,5,3★,Pierce,HG,False,1751932800.0,2025-07-08T00:00:00+00:00,,,,205.0,"[1, 1, 1]",세이아,3,False,True,1.0,5.0,21.32,150.0,150.0,0.0,0.0,61.81,151.0,3.71,1.29,48.0,9.0
ba,블루 아카이브,ba:10112,아스나(교복),Asuna (School),,5,3★,Explosion,AR,False,,,,,,206.0,"[1, 1, 1]",아스나(교복),7,False,True,0.0,,0.0,0.0,0.0,0.0,0.0,0.0,0.0,3.71,,,
ba,블루 아카이브,ba:26014,카린(교복),Karin (School),,3,1★,Explosion,SR,False,,,,,,207.0,"[2, 2, 2]",카린(교복),6,False,True,0.0,,0.0,0.0,0.0,0.0,0.0,0.0,0.0,3.71,,,
ba,블루 아카이브,ba:10111,네루(교복),Neru (School),,5,3★,Pierce,SMG,False,,,,,,208.0,"[3, 3, 3]",네루(교복),6,False,True,0.0,,0.0,0.0,0.0,0.0,0.0,0.0,0.0,3.71,,,
ba,블루 아카이브,ba:20041,리오,Rio,,5,3★,Mystic,HG,False,1752537600.0,2025-07-15T00:00:00+00:00,,,,209.0,"[3, 3, 3]",리오,2,True,True,0.0,,0.0,198.0,198.0,0.0,0.0,81.6,198.0,3.71,,47.0,5.0
ba,블루 아카이브,ba:20042,마키(캠핑),Maki (Camp),,5,3★,Explosion,MG,False,1753142400.0,2025-07-22T00:00:00+00:00,,,,210.0,"[0, 0, 0]",마키(캠핑),6,False,True,0.0,,0.0,0.0,0.0,0.0,0.0,0.0,0.0,3.71,,46.0,
ba,블루 아카이브,ba:10113,세나(사복),Sena (Casual),,5,3★,Sonic,GL,False,1754352000.0,2025-08-05T00:00:00+00:00,,,,211.0,"[0, 0, 0]",세나(사복),6,False,True,0.0,,0.0,1.0,1.0,0.0,0.0,0.41,1.0,3.71,,44.0,143.0
ba,블루 아카이브,ba:10114,주리(아르바이트),Juri (Part-Timer),,5,3★,Mystic,SG,False,1754352000.0,2025-08-05T00:00:00+00:00,,,,212.0,"[0, 0, 0]",주리(아르바이트),9,False,True,0.0,,0.0,0.0,0.0,0.0,0.0,0.0,0.0,3.71,,45.0,
ba,블루 아카이브,ba:20043,이즈미(새해),Izumi (New Year),,5,3★,Explosion,MG,False,1755561600.0,2025-08-19T00:00:00+00:00,,,,213.0,"[0, 0, 0]",이즈미(새해),7,False,True,0.0,,0.0,0.0,0.0,0.0,0.0,0.0,0.0,3.71,,43.0,
ba,블루 아카이브,ba:10115,레이,Rei,,5,3★,Sonic,RL,False,1756166400.0,2025-08-26T00:00:00+00:00,,,,214.0,"[0, 0, 0]",레이,2,True,True,26.0,3.88,554.37,156.0,147.0,9.0,0.0,64.29,182.0,3.71,0.17,41.0,6.0
ba,블루 아카이브,ba:20044,스미레(아르바이트),Sumire (Part-Timer),,5,3★,Pierce,SG,False,1756166400.0,2025-08-26T00:00:00+00:00,,,,215.0,"[0, 0, 0]",스미레(아르바이트),10,False,True,0.0,,0.0,0.0,0.0,0.0,0.0,0.0,0.0,3.71,,42.0,
ba,블루 아카이브,ba:10116,사오리(드레스),Saori (Dress),,5,3★,Sonic,AR,False,1757376000.0,2025-09-09T00:00:00+00:00,,,,216.0,"[0, 0, 0]",사오리(드레스),8,False,True,0.0,,0.0,0.0,0.0,0.0,0.0,0.0,0.0,3.71,,40.0,
ba,블루 아카이브,ba:10117,히카리,Hikari,,5,3★,Sonic,HG,False,1758585600.0,2025-09-23T00:00:00+00:00,,,,217.0,"[1, 1, 1]",히카리,3,False,True,4.0,5.0,85.29,116.0,116.0,0.0,0.0,47.8,120.0,3.71,1.29,38.0,17.0
ba,블루 아카이브,ba:10118,노조미,Nozomi,,5,3★,Sonic,HG,False,1758585600.0,2025-09-23T00:00:00+00:00,,,,218.0,"[1, 1, 1]",노조미,3,False,True,2.0,5.0,42.64,82.0,82.0,0.0,0.0,33.79,84.0,3.71,1.29,39.0,24.0
ba,블루 아카이브,ba:16017,아오바,Aoba,,3,1★,Sonic,SG,False,,,,,,219.0,"[2, 2, 2]",아오바,3,False,True,0.0,,0.0,64.0,64.0,0.0,0.0,26.37,64.0,3.71,,,36.0
ba,블루 아카이브,ba:20045,피나(가이드),Pina (Guide),,5,3★,Explosion,MG,False,1760400000.0,2025-10-14T00:00:00+00:00,,,,220.0,"[0, 0, 0]",피나(가이드),7,False,True,0.0,,0.0,0.0,0.0,0.0,0.0,0.0,0.0,3.71,,37.0,
ba,블루 아카이브,ba:10119,나구사,Nagusa,,5,3★,Sonic,SR,False,1761004800.0,2025-10-21T00:00:00+00:00,,,,221.0,"[0, 0, 0]",나구사,3,False,True,0.0,,0.0,53.0,53.0,0.0,0.0,21.84,53.0,3.71,,35.0,47.0
ba,블루 아카이브,ba:20046,니야,Niya,,5,3★,Sonic,HG,False,1761004800.0,2025-10-21T00:00:00+00:00,,,,222.0,"[0, 0, 0]",니야,2,True,True,0.0,,0.0,48.0,48.0,0.0,0.0,19.78,48.0,3.71,,36.0,52.0
ba,블루 아카이브,ba:10120,나츠(밴드),Natsu (Band),,5,3★,Explosion,SMG,False,1762214400.0,2025-11-04T00:00:00+00:00,,,,223.0,"[0, 0, 0]",나츠(밴드),6,False,True,0.0,,0.0,0.0,0.0,0.0,0.0,0.0,0.0,3.71,,34.0,
ba,블루 아카이브,ba:10121,유카리(수영복),Yukari (Swimsuit),,5,3★,Pierce,SR,False,1763424000.0,2025-11-18T00:00:00+00:00,,,,224.0,"[0, 0, 0]",유카리(수영복),8,False,True,0.0,,0.0,0.0,0.0,0.0,0.0,0.0,0.0,3.71,,32.0,
ba,블루 아카이브,ba:13014,렌게(수영복),Renge (Swimsuit),,4,2★,Sonic,SR,False,1763424000.0,2025-11-18T00:00:00+00:00,,,,225.0,"[0, 0, 0]",렌게(수영복),7,False,True,0.0,,0.0,0.0,0.0,0.0,0.0,0.0,0.0,3.71,,,
ba,블루 아카이브,ba:20047,키쿄(수영복),Kikyou (Swimsuit),,5,3★,Sonic,SR,False,1763424000.0,2025-11-18T00:00:00+00:00,,,,226.0,"[0, 0, 0]",키쿄(수영복),7,False,True,0.0,,0.0,0.0,0.0,0.0,0.0,0.0,0.0,3.71,,33.0,
ba,블루 아카이브,ba:10123,세이아(수영복),Seia (Swimsuit),,5,3★,Pierce,HG,False,1765843200.0,2025-12-16T00:00:00+00:00,,,,227.0,"[1, 1, 1]",세이아(수영복),8,False,True,0.0,,0.0,1.0,1.0,0.0,0.0,0.41,1.0,3.71,,30.0,144.0
ba,블루 아카이브,ba:10124,하스미(수영복),Hasumi (Swimsuit),,5,3★,Pierce,SR,False,1765843200.0,2025-12-16T00:00:00+00:00,,,,228.0,"[1, 1, 1]",하스미(수영복),8,False,True,0.0,,0.0,0.0,0.0,0.0,0.0,0.0,0.0,3.71,,31.0,
ba,블루 아카이브,ba:26015,이치카(수영복),Ichika (Swimsuit),,3,1★,Sonic,AR,False,,,,,,229.0,"[2, 2, 2]",이치카(수영복),8,False,True,0.0,,0.0,0.0,0.0,0.0,0.0,0.0,0.0,3.71,,,
ba,블루 아카이브,ba:20048,나기사(수영복),Nagisa (Swimsuit),,5,3★,Sonic,HG,False,1766448000.0,2025-12-23T00:00:00+00:00,,,,230.0,"[3, 3, 3]",나기사(수영복),8,False,True,0.0,,0.0,0.0,0.0,0.0,0.0,0.0,0.0,3.71,,28.0,
ba,블루 아카이브,ba:10122,미카(수영복),Mika (Swimsuit),,5,3★,Sonic,SMG,False,1766448000.0,2025-12-23T00:00:00+00:00,,,,231.0,"[3, 3, 3]",미카(수영복),7,False,True,0.0,,0.0,1.0,1.0,0.0,0.0,0.41,1.0,3.71,,29.0,145.0
ba,블루 아카이브,ba:10125,에리,Eri,,5,3★,Sonic,SR,False,1768262400.0,2026-01-13T00:00:00+00:00,,,,232.0,"[0, 0, 0]",에리,2,True,True,0.0,,0.0,75.0,75.0,0.0,0.0,30.91,75.0,3.71,,26.0,30.0
ba,블루 아카이브,ba:10126,카노에,Kanoe,,5,3★,Mystic,SG,False,1768262400.0,2026-01-13T00:00:00+00:00,,,,233.0,"[0, 0, 0]",카노에,3,False,True,0.0,,0.0,38.0,38.0,0.0,0.0,15.66,38.0,3.71,,27.0,72.0
ba,블루 아카이브,ba:20049,미사키(수영복),Misaki (Swimsuit),,5,3★,Explosion,RL,False,1769472000.0,2026-01-27T00:00:00+00:00,,,,234.0,"[0, 0, 0]",미사키(수영복),8,False,True,0.0,,0.0,0.0,0.0,0.0,0.0,0.0,0.0,3.71,,25.0,
ba,블루 아카이브,ba:10127,미요,Miyo,,5,3★,Sonic,SR,False,1770681600.0,2026-02-10T00:00:00+00:00,,,,235.0,"[0, 0, 0]",미요,2,True,True,0.0,,0.0,125.0,125.0,0.0,0.0,51.51,125.0,3.71,,23.0,16.0
ba,블루 아카이브,ba:10128,후유,Fuyu,,5,3★,Sonic,HG,False,1770681600.0,2026-02-10T00:00:00+00:00,,,,236.0,"[0, 0, 0]",후유,2,True,True,0.0,,0.0,55.0,55.0,0.0,0.0,22.67,55.0,3.71,,24.0,43.0
ba,블루 아카이브,ba:20050,리츠,Ritsu,,5,3★,Mystic,SMG,False,1771891200.0,2026-02-24T00:00:00+00:00,,,,237.0,"[0, 0, 0]",리츠,2,True,True,0.0,,0.0,52.0,52.0,0.0,0.0,21.43,52.0,3.71,,22.0,49.0
ba,블루 아카이브,ba:20051,레이사(매지컬),Reisa (Magical),,5,3★,Sonic,SG,False,1773100800.0,2026-03-10T00:00:00+00:00,,,,238.0,"[1, 1, 1]",레이사(매지컬),8,False,True,0.0,,0.0,0.0,0.0,0.0,0.0,0.0,0.0,3.71,,20.0,
ba,블루 아카이브,ba:10129,스즈미(매지컬),Suzumi (Magical),,5,3★,Sonic,AR,False,1773100800.0,2026-03-10T00:00:00+00:00,,,,239.0,"[1, 1, 1]",스즈미(매지컬),8,False,True,0.0,,0.0,0.0,0.0,0.0,0.0,0.0,0.0,3.71,,21.0,
ba,블루 아카이브,ba:16018,라브,Rabu,,3,1★,Sonic,SG,False,,,,,,240.0,"[2, 2, 2]",라브,2,True,True,0.0,,0.0,38.0,38.0,0.0,0.0,15.66,38.0,3.71,,,73.0
ba,블루 아카이브,ba:10130,스바루,Subaru,,5,3★,Mystic,AR,False,1774915200.0,2026-03-31T00:00:00+00:00,,,,241.0,"[0, 0, 0]",스바루,3,False,True,0.0,,0.0,10.0,10.0,0.0,0.0,4.12,10.0,3.71,,19.0,138.0
ba,블루 아카이브,ba:10131,타카네,Takane,,5,3★,Mystic,HG,False,1775520000.0,2026-04-07T00:00:00+00:00,,,,242.0,"[0, 0, 0]",타카네,3,False,True,0.0,,0.0,39.0,39.0,0.0,0.0,16.07,39.0,3.71,,17.0,69.0
ba,블루 아카이브,ba:20052,야쿠모,Yakumo,,5,3★,Explosion,HG,False,1775520000.0,2026-04-07T00:00:00+00:00,,,,243.0,"[0, 0, 0]",야쿠모,3,False,True,0.0,,0.0,26.0,26.0,0.0,0.0,10.71,26.0,3.71,,18.0,109.0
ba,블루 아카이브,ba:10132,츠쿠요(드레스),Tsukuyo (Dress),,5,3★,Pierce,SMG,False,1777334400.0,2026-04-28T00:00:00+00:00,,,,244.0,"[0, 0, 0]",츠쿠요(드레스),8,False,True,0.0,,0.0,0.0,0.0,0.0,0.0,0.0,0.0,3.71,,15.0,
ba,블루 아카이브,ba:20053,미치루(드레스),Michiru (Dress),,5,3★,Explosion,SG,False,1777334400.0,2026-04-28T00:00:00+00:00,,,,245.0,"[0, 0, 0]",미치루(드레스),8,False,True,0.0,,0.0,1.0,1.0,0.0,0.0,0.41,1.0,3.71,,16.0,146.0
ba,블루 아카이브,ba:10133,리오(무장),Rio (Armed),,5,3★,Explosion,HG,False,1779753600.0,2026-05-26T00:00:00+00:00,,,,246.0,"[1, 1, 1]",리오(무장),6,False,True,0.0,,0.0,0.0,0.0,0.0,0.0,0.0,0.0,3.71,,13.0,
ba,블루 아카이브,ba:16019,토키(무장),Toki (Armed),,3,1★,Pierce,HG,False,,,,,,247.0,"[2, 2, 2]",토키(무장),6,False,True,0.0,,0.0,0.0,0.0,0.0,0.0,0.0,0.0,3.71,,,
ba,블루 아카이브,ba:20054,히마리(무장),Himari (Armed),,5,3★,Pierce,HG,False,1779753600.0,2026-05-26T00:00:00+00:00,,,,248.0,"[1, 1, 1]",히마리(무장),7,False,True,0.0,,0.0,0.0,0.0,0.0,0.0,0.0,0.0,3.71,,14.0,
ba,블루 아카이브,ba:10134,아리스(무장),Aris (Armed),,5,3★,Mystic,AR,False,,,,,,249.0,"[3, 3, 3]",아리스(무장),7,False,True,0.0,,0.0,2.0,2.0,0.0,0.0,0.82,2.0,3.71,,,141.0
ba,블루 아카이브,ba:10135,케이,Kei,,5,3★,Mystic,RG,False,1780963200.0,2026-06-09T00:00:00+00:00,,,,250.0,"[3, 3, 3]",케이,2,True,True,8.0,5.0,170.58,374.0,374.0,0.0,0.0,154.13,382.0,3.71,1.29,12.0,2.0
ba,블루 아카이브,ba:10136,에이미(무장),Eimi (Armed),,5,3★,Explosion,SR,False,1782172800.0,2026-06-23T00:00:00+00:00,,,,251.0,"[0, 0, 0]",에이미(무장),7,False,True,0.0,,0.0,0.0,0.0,0.0,0.0,0.0,0.0,3.71,,10.0,
ba,블루 아카이브,ba:20055,유즈(무장),Yuzu (Armed),,5,3★,Mystic,GL,False,1782172800.0,2026-06-23T00:00:00+00:00,,,,252.0,"[0, 0, 0]",유즈(무장),6,False,True,0.0,,0.0,0.0,0.0,0.0,0.0,0.0,0.0,3.71,,11.0,
ba,블루 아카이브,ba:20056,코유키(파자마),Koyuki (Pajamas),,5,3★,Mystic,MG,False,1783987200.0,2026-07-14T00:00:00+00:00,,,,253.0,"[0, 0, 0]",코유키(파자마),8,False,True,0.0,,0.0,0.0,0.0,0.0,0.0,0.0,0.0,3.71,,9.0,
ba,블루 아카이브,ba:10137,코노카,Konoka,,5,3★,Mystic,SG,False,1784592000.0,2026-07-21T00:00:00+00:00,,,,254.0,"[0, 0, 0]",코노카,3,False,True,0.0,,0.0,49.0,49.0,0.0,0.0,20.19,49.0,3.71,,7.0,51.0
ba,블루 아카이브,ba:10138,레나,Rena,,5,3★,Explosion,HG,False,1784592000.0,2026-07-21T00:00:00+00:00,,,,255.0,"[0, 0, 0]",레나,2,True,True,1.0,5.0,21.32,22.0,22.0,0.0,0.0,9.07,23.0,3.71,1.29,8.0,115.0
ba,블루 아카이브,ba:20057,아카네(교복),Akane (School),,5,3★,Explosion,HG,False,1785801600.0,2026-08-04T00:00:00+00:00,,,,256.0,"[0, 0, 0]",아카네(교복),7,False,True,0.0,,0.0,0.0,0.0,0.0,0.0,0.0,0.0,3.71,,6.0,
ba,블루 아카이브,ba:10139,니코,Niko,,5,3★,Explosion,SG,False,1787011200.0,2026-08-18T00:00:00+00:00,,,,257.0,"[1, 1, 1]",니코,2,True,True,0.0,,0.0,128.0,127.0,1.0,0.0,52.75,128.0,3.71,,4.0,15.0
ba,블루 아카이브,ba:10140,쿠루미,Kurumi,,5,3★,Explosion,SMG,False,1787011200.0,2026-08-18T00:00:00+00:00,,,,258.0,"[1, 1, 1]",쿠루미,3,False,True,0.0,,0.0,30.0,30.0,0.0,0.0,12.36,30.0,3.71,,5.0,97.0
ba,블루 아카이브,ba:16020,오토기,Otogi,,3,1★,Explosion,SR,False,,,,,,259.0,"[2, 2, 2]",오토기,3,False,True,0.0,,0.0,31.0,31.0,0.0,0.0,12.78,31.0,3.71,,,93.0
ba,블루 아카이브,ba:20058,에리카,Erika,,5,3★,Sonic,SG,False,1788825600.0,2026-09-08T00:00:00+00:00,,,,260.0,"[0, 0, 0]",에리카,3,False,True,0.0,,0.0,32.0,32.0,0.0,0.0,13.19,32.0,3.71,,3.0,90.0
ba,블루 아카이브,ba:10141,하루카(드레스),Haruka (Dress),,5,3★,Explosion,SG,False,1789430400.0,2026-09-15T00:00:00+00:00,,,,261.0,"[0, 0, 0]",하루카(드레스),8,False,True,0.0,,0.0,0.0,0.0,0.0,0.0,0.0,0.0,3.71,,1.0,
ba,블루 아카이브,ba:20059,무츠키(드레스),Mutsuki (Dress),,5,3★,Mystic,MG,False,1789430400.0,2026-09-15T00:00:00+00:00,,,,262.0,"[0, 0, 0]",무츠키(드레스),8,False,True,0.0,,0.0,0.0,0.0,0.0,0.0,0.0,0.0,3.71,,2.0,
