game,name_ko,review_id,content,score,thumbs_up,at,app_version
genshin,원신,69f0e811-5ce4-4dd3-bb7b-81e37a11dce3,내 인생겜이다,5,0,2026-09-18T17:17:26+00:00,6.7.0_45486583_45768959
genshin,원신,575d05e3-47d5-43cc-b65b-93e9b7e9b61a,흠....... 6주년?,5,6,2026-09-18T14:52:01+00:00,4.8.0_24603909_24822834
genshin,원신,8d72f171-3ee4-4c95-b33b-3fb47cf10584,스토리 고트,5,0,2026-09-18T14:08:00+00:00,7.0.1_47144228_47194594
genshin,원신,3f55a5ed-2150-4c73-aac6-08f0f38b0996,원신 최고,5,0,2026-09-18T10:57:01+00:00,7.0.1_47144228_47194594
genshin,원신,19795147-bb08-4c97-9314-695838a31904,아니 스토리 스킵 버튼 언제 만들어,1,0,2026-09-18T06:16:35+00:00,7.0.1_47144228_47194594
genshin,원신,7f96a30c-69d5-4c82-a833-d583da3495ae,이번 업데이트 이후로 폰에서 안돌아갑니다. 다시 돌아갑니다,4,5,2026-09-18T02:00:32+00:00,7.0.1_47144228_47194594
genshin,원신,48d19f79-8b88-463e-ab09-40c2a581c431,"현재 리월 밀고있는 초보인데요 장점은 셀 수 없게 많지만 제가 느낀 가장 심한 단점이 있습니다. 아직 제가 초보여서 그런걸지도 모르겠지만 뽑기 재화를 얻기 어렵고, 4,5성 캐릭터를 뽑는 게 어려운 겁니다. 그럼에도 5점을 준 이유는 콘텐츠가 다양해서입니다. 제가 해본 다른 게임들은 콘텐츠가 너무 부족한데 원신은 할 게 많고 미션도 계속 생겨서 좋습니다. 왠만하면 섭종할 때까지 할겁니다. 호요버스 화이팅!!",5,0,2026-09-17T13:24:29+00:00,7.0.1_47144228_47194594
genshin,원신,c1ec8f3f-df7e-464a-83ce-ff340e3869b9,좋은 게임,5,0,2026-09-17T00:23:40+00:00,7.0.1_47144228_47194594
genshin,원신,9a0d85cd-3ffa-46b3-9b38-c92a5e133674,너무하네요,1,0,2026-09-16T10:27:24+00:00,
genshin,원신,1afaf1f4-4510-41f9-af69-ae2b47f43c3b,스토리는 확실해,5,0,2026-09-15T16:23:45+00:00,7.0.1_47144228_47194594
genshin,원신,7aaf83bd-a10b-4a75-b81d-4352107cd1b1,"유튜브에 광고로 너무 많이 나오길래 짜증나서 했었는데, 어느덧 6년째 플레이 중입니다ㅋㅋ 지금은 스토리가 많아 뉴비가 플레이하기 벅찬 감이 없지 않아 있네요",5,1,2026-09-15T02:33:39+00:00,7.0.1_47144228_47194594
genshin,원신,4002ca57-bd05-44bc-b360-60e005cb36ec,good,5,0,2026-09-14T10:16:01+00:00,7.0.1_47144228_47194594
genshin,원신,a8b2755c-501a-4c55-8f9f-9e01a7f51c0c,"스토리도 좋고, 맵도 좋고, 캐릭터도 좋은데 원석 수급이 좀 많이 빡세다는게 단점이네요. 제대로 하는 사람이라면 현질 좀 많이 해야할듯 싶습니다.",5,0,2026-09-13T22:48:50+00:00,7.0.1_47144228_47194594
genshin,원신,e72aa06f-e412-4ef1-87f0-cec3199c4fbd,너무 좋아여,5,0,2026-09-13T12:03:10+00:00,7.0.1_47144228_47194594
genshin,원신,1a925490-e394-4628-8003-7768383c7084,좋아요,5,0,2026-09-13T11:22:00+00:00,7.0.0_47144228_47194594
genshin,원신,d9e1a8eb-2b86-464b-b5fc-e632b9686e05,최고의 내인생 첫번째 오픈월드 RPG,5,0,2026-09-13T00:09:22+00:00,7.0.1_47144228_47194594
genshin,원신,fecb7e58-1320-4354-ad0f-7c4e8c202426,열흘 뒤 6주년 업데이트! 공방은 아쉽지만 미리 복귀해서 길을 터놓는다,5,8,2026-09-12T16:51:11+00:00,5.4.0_30057195_30231699
genshin,원신,a8ea2a87-6ea3-46e1-b049-5fccfe041a8b,개선이 없는 겜. 동일 장르 제일 비싼 겜 무뽑 픽뚫 없고 심지어 캐릭 픽뚫 없는 겜이 나오는데 그 저열한 픽뚫 확률 유지시키려고 6주년까지 무뽑 확률이 37.5퍼인 게임이 있다?ㅋㅋ 나침반 개선 구캐릭 모델링 개선 성유물프리셋 어떤 편의성도 없이 돈만 빨아먹으려는 게임을 하는 게 지능이 떨어지는 거 아닐까. 이 겜은 접거나 해도 무과금으로 쌀먹하는 게 답인듯. 내가 지능이 떨어져서 룩덕한다는 일념으로 돌파보다 무뽑을 우선했지만 지능 조금은 회복되어서 무뽑은 안할듯. 이제 지능 조금만 더 오르면 망설임 없이 접을 수 있을것 같아요^^ 원신 7년까지 이대로만 가자^^ 5년 반 동안 이 게임하는 내 지능을 올려줘. 개선하지 말고 제발 탈출하게 해줘,1,10,2026-09-12T13:20:20+00:00,7.0.1_47144228_47194594
genshin,원신,0ce8e969-46a4-4458-a9ff-3591475d8352,굿!!,5,0,2026-09-12T12:57:02+00:00,7.0.1_47144228_47194594
genshin,원신,80e75304-fe38-46df-a01d-bcb114badf81,굿,5,0,2026-09-12T12:48:07+00:00,7.0.1_47144228_47194594
genshin,원신,162299e0-7577-4054-9a28-e25ac4ccfd2b,"일단 노드크라이 캐릭터랑 다른 아이들도 정말로 맘에 들고 NPC도 많이 발전한것 같아서 기쁩니다，뭐랄까 나타 쪽에선 거의 나쁘진 않았다만 디즈니처럼 갑자기 애들이 노래를 불러서 당황반에 좀 맘에 들지 않았습니다. 그리고 광란의 사냥도 외형이 좀 맘에 들지 않네요. 뭔가 몸통 부분의 상처같은 걸 좀 더 리얼하게 진짜 무언가에 침식된 상처처럼 보이면 좋겠네요. 하지만 플린스와 올로론, 그리고 우리 귀여운 행자의 신규 코스튬은 정말이지 침이 흐를 정도로... 크흠, 맛있습니다. 노드크라이는 아직 밀어보진 않았지만 나쁘진 않아 보이네요. 그리고 제발 등지기 보스 좀 잘생기게, 그리고 옷도 좀 바꿔주세요. 공격하는 NPC같은 보스는 별로입니다. 길어도 봐주신다면 무슨 수를 써서라도 복귀하겠습니다! (현재 저장공간 이슈로.. ㅠ-ㅠ)",5,17,2026-09-12T12:33:44+00:00,6.6.0_44318314_44476906
genshin,원신,2625983f-50bc-433d-a952-50d3b1d2e618,독보적 감성과 넓은 세계탐험,5,0,2026-09-11T12:39:00+00:00,
genshin,원신,a5932d71-3c31-4f2f-b880-73d12b453b71,게임 캐릭터들의 개성이라든가 스토리 등등은 정말 좋고 재미있고요 맵도 넓고 자유롭게 탐사 할수 있는게 진짜 좋습니다 근데 뽑기 천장구조라든가 원석은 너무 조금 주는게 너무 아쉽네요 꼭 발전하고 고칠거라 믿습니다,4,0,2026-09-11T10:16:49+00:00,7.0.1_47144228_47194594
genshin,원신,6d81b0f3-8a0e-43d1-bfcb-f3cf92911f5a,👺,1,1,2026-09-10T04:55:26+00:00,
genshin,원신,41cca2c7-2747-4b82-a627-24b47d573f85,게임은 대체적으로 맘에 듭니다. 근데 채집 요소나 노가다 요소나 스토리 진행하기 위해선 레벨업하는게 좀 힘들다 생각합니다. 돌파 임무도 시간제한 같은거 땜에 깨기 빡세고요,5,0,2026-09-08T13:20:24+00:00,7.0.1_47144228_47194594
genshin,원신,2cc7687c-d264-482c-b3f5-35de01f1937d,재밌는데 너무 보상이 적어요,5,0,2026-09-08T07:05:54+00:00,
genshin,원신,8bd5f736-71d9-45d7-98ee-b58243ba7320,와 존잼;; 섭컬 딱히 안좋아하는데 이건 미치게 재밌어요. 아직 초반인데도 자유도가 넘사입니다.,5,1,2026-09-08T06:37:48+00:00,7.0.1_47144228_47194594
genshin,원신,e8be0b0b-076c-45a6-8eff-36cecad9e5f0,폰타인 직전에 접었다가 원공노때 복귀해서 지금까지 쭉 즐기고 있는 학생입니다 정말 훨씬 개선된 모습이 잘 보이네요 플레이어블 캐릭터 모델링도 좋지만 구 npc 모델링들도 좀더 깎는게 좋을것 같네요 두냐르자드 일러랑 모델링 차이가 심하게 느껴지네요,4,2,2026-09-07T17:08:32+00:00,7.0.1_47144228_47194594
genshin,원신,215186ef-b0e9-4329-ba61-1031faef9a8e,최근들어 복귀해서 다시 재밌게 하고있는데 오데트가 궁국기 사용시 궁국기 모션이 무한정 반복되면서 아무것도 할수없는 버그가 계속되고 있습니다. 빠른시일내에 해결되었으면 합니다,4,0,2026-09-07T16:22:26+00:00,7.0.1_47144228_47194594
genshin,원신,d7916cd3-eba5-4dbe-9e89-49beecc37dc0,"일단 원신 스토리 좋습니다 근데 스킵 기능좀. 그리고 신규 캐릭터 5성 나오면 최소한 10뽑 주시면 안될까요? 캐릭터 가챠가 너무비싸서 하기 싫어지네요. 언제부터 싫어졌나? 첫오픈때부터입니다. 그때부터 겁나 비싸다고, 생각함. 확정적으로 나오는것도 아닌고 가챠재화도 얻기 빡쎄고 그런다고 존버한다고 안뽑으면 캐릭터 너무없어서 힘들고 힘든게임 싫다면 이게임 추천안함",2,43,2026-09-07T13:35:23+00:00,7.0.0_47144228_47194594
genshin,원신,2bc99475-5247-4365-bdf2-73854c5383b9,아는 캐릭터가 너무 내 취양임,5,0,2026-09-07T10:32:19+00:00,7.0.1_47144228_47194594
genshin,원신,76bb2430-fcf8-4e30-87e4-6d44b0c514b3,20시간 정도 벽타다가 삭제했음 ㅋㅋ,1,1,2026-09-07T05:40:21+00:00,
genshin,원신,06c60d85-5372-4a43-9b0c-83007dff5f14,소통 이슈,5,5,2026-09-06T05:14:39+00:00,7.0.1_47144228_47194594
genshin,원신,3c2c1243-d29c-48aa-b6aa-2d0a53129fd8,친구들의 추천으로 했는데 재미있음,5,0,2026-09-06T05:04:11+00:00,7.0.1_47144228_47194594
genshin,원신,fc78066e-42f3-4c6c-9a25-87808848bf22,버그로 인해 오래된 석제열쇠가 드랍이 안됬습니다 해결해 주세요,5,2,2026-09-06T04:55:18+00:00,7.0.1_47144228_47194594
genshin,원신,931e6474-2d69-4104-bdb5-8f676f222853,제발 스킵을 처만들던지 해결좀 18것들아,1,4,2026-09-05T14:11:27+00:00,7.0.1_47144228_47194594
genshin,원신,08172364-64a6-49e1-8c8e-7f3e576671ba,5개월 정도한 56렙 뉴비입니당 장점은 풍경이 예쁘고 캐릭터 보는 맛이 있어요 스토리도 점점 재밌어지고요 재화도 잘 모여요 신규 지역 탐사하고 상자 털다보면 어느 순간 짱 많이 모여있어요 이제 단점으로는 발열이 좀 있고 배터리도 금방 잡아먹어요ㅠ 근데 게임 내에 있는 상자 다 열고 이벤트도 다 하면 무과금은 어떻게 재화를 모으는건가요? 노드크라이 탐사도 90~100% 채웠는데 다른 나라는 상자도 어디있는지 모르겠어요ㅠ 또 확실한 단점이 있다면... 저번에 원하는 캐릭터를 못 꼽아서 기다리고 있는데 너무 오래걸리는거 같아요 캐릭터가 많아지는 만큼 픽업 캐를 늘리던가 해야할거 같은데 그리구 이번에 스네즈나야 맵 가면 조이콘 쪽에 얼음 조각? 만드는 아이콘이 있어서 탐사나 전투 할때 눌려서 불편해요ㅠ 바꿀수있나요ㅠ 요즘 여캐들 옷은 또 파여있고 나타는 더우니까 인정인데 스네즈나야에서 까지 벗고 있어야하나요?! 어쨋든 재밋어서 계속 하고있어요!! 로엔 복각해ㅠㅠㅠㅠㅜㅜㅜㅜㅜㅜㅠㅠㅠㅠㅠㅡㅠㅜ,5,10,2026-09-05T13:58:48+00:00,7.0.1_47144228_47194594
genshin,원신,6cc0552d-d3da-4575-964e-3d944d3cd309,미친 BM,1,0,2026-09-05T06:57:43+00:00,
genshin,원신,20813472-fefe-4e7e-a5d3-daef4edd3826,너무 맵이 개방적이라서 좋음,5,0,2026-09-05T00:58:57+00:00,7.0.1_47144228_47194594
genshin,원신,0c6546e1-d8f9-47ee-95f9-29d844a09f2f,나타때 시작해서 잼나게 즐기고 있음,5,0,2026-09-05T00:49:31+00:00,7.0.1_47144228_47194594
genshin,원신,c2bd9bc9-ef3c-4728-adc5-5acb6c71c86c,"23년 부터 시작해서 지금까지 하는데, 게임하면서 좋은 점보다는 불편한 점이 더 많아요. 2번 픽뚫 75% 3번 픽뚫 100%로 별빛포착 발동해서 캐 주는건 좋아요. 근데 평균적으로 캐릭터 한 명을 뽑으려면 맵 다 밀고 스토리에 이벤트까지 밀고 75스택 이상 쌓아서 뽑았는데 픽뚫이 나는 경우가 많거든요? 그러면 게임 접고싶어지고, 시간이랑 돈이 너무 아까워요. 그리고 맵 나침반도 이전 나온 맵 나침반은 원석이랑 탐사도를 위해서 이리저리 돌아다니면서 겨우 올리는데(아직도 못 올린곳 많음) 신맵은 나침반쓰면 맵에 있는 상자고 뭐고 다 나오는게 불편해요! 좋긴 좋은데 통일성있게 모든 맵에서든 좀 나오게 해주면 안 되나요? 그리고 스네즈나야 나오면서 기대 많이했는데.. 맵 열려면 스토리를 무조건 봐야 하는 게 싫어요. 아직 수메르나 폰타인도 못 민 사람들은 스토리를 차례차례 보면서 나아가는게 좋을텐데 굳이 이벤트를 위해서, 보상을 위해서 맵을 열어야 한다는 게 싫습니다.",4,3,2026-09-04T06:38:16+00:00,7.0.1_47144228_47194594
genshin,원신,010b7a9f-8b01-49f6-be72-812e5e5b4352,뭘하고 싶은지 모르겠음,1,1,2026-09-03T18:45:18+00:00,4.4.0_20481013_20559831
genshin,원신,6a647c03-81ac-4a41-a1f9-095d8b9e7610,스토리는 좋은데 자잘한 시스템이 문제임,5,0,2026-09-03T13:04:04+00:00,
genshin,원신,8baffbb2-b6b5-4682-862a-2582ebe096b5,아주 좋다,5,0,2026-09-03T11:57:35+00:00,7.0.1_47144228_47194594
genshin,원신,0bfa9d1f-4074-44d5-b50a-c4083b964883,이게 게임이지,5,0,2026-09-03T11:08:40+00:00,
genshin,원신,67c9dada-5f2f-4222-b2c6-49862028809a,유튜브에서 치치가 개떡상 했다는데 진짜임?,5,8,2026-09-03T05:39:28+00:00,
genshin,원신,b0e01fbf-d99b-41b1-857c-0ad51c42c50c,여전한 설레임,5,0,2026-09-02T13:41:00+00:00,7.0.0_47144228_47194594
genshin,원신,ef0dd564-a37f-4a07-ae75-cc66810eb1d3,랑자 진짜 사랑흐애❤️,4,0,2026-09-02T13:08:28+00:00,7.0.1_47144228_47194594
genshin,원신,daaebb3a-672a-4c05-aab6-6766815ded19,진짜 죄송한데 스토리 스킵기능좀 넣어주시면 안되나요? 첨시작해서 스토리 빨리빨리 밀고싶은데 대화창 계속 터치할때마다 너무 석나갑니다. 제발 스킵기능좀 넣어주세요,1,1,2026-09-01T18:15:27+00:00,
genshin,원신,04e74048-6005-48a8-805d-1b2c8ea5843b,이네파 뽑고싶은데 진짜 확률 up 맞나요 원석 10000개에 결정 9개면 10연차는 연속으로 돌릴수 있고 반천도 가능할텐데 안나오면 진짜 울어요 저,5,15,2026-09-01T08:24:00+00:00,7.0.1_47144228_47194594
genshin,원신,7586ffa3-657b-4672-b105-b34d21d241aa,💜💜,5,0,2026-08-30T14:25:25+00:00,7.0.0_47144228_47194594
genshin,원신,2a8146fd-3f87-4394-9249-cca1eca24a57,제발 스네즈나야 순얼음 창조물 그거 버튼 위치 바꿔주세요 전투할 때마다 모바일들은 눌려서 전투 사이클 못 돌리거나 그거땜에 맞은 적도 많고 갑자기 달리고 있는데 멈춰버림!!!!!!,5,0,2026-08-30T01:11:42+00:00,
genshin,원신,396e92bd-699b-4634-9c3e-19e168f8dd16,좋음,5,0,2026-08-29T16:35:35+00:00,7.0.0_47144228_47194594
genshin,원신,0d84515f-872f-4e2c-baf0-36d64dca84e0,이루어질 수 없겟지만 한국 모티브 지역이 나왔으면 좋겠다,5,1,2026-08-29T12:01:58+00:00,
genshin,원신,ac8ed1bf-98c7-450b-a4c8-22385348d0d9,"수메르때까지는 캐릭터도 많이 없고, 진입장벽도 높지 않아서 뉴비들이 괜찮았을건데, 업데이트를하면서 난이도는 높아지고, 인플레도 생기는데도 불구하고 뉴비 지원이나 복귀 보상이 그대로임. 기존에 옛날 픽업캐들을 상시에 추가하는것도 아니고, 옆동네 열차처럼 가끔씩 무료 배포같은것도 없음. 그렇다고 인게임 기본 보상량이 많은가? 그것도 아님. 물론 다 모으면 많을건데, 들이는 노력에 비해 적다는 얘기임. 수수께끼 풀어서 얻는 양이 고작 5개에서 10개. 초반지역은 상자 열어도 2개임. 너무 오래 안하니까 계정도 사라져서, 그냥 새로 시작했는데, 일주일동안 빡세게해서 80뽑 모아서 뽑는데 픽뚫나니까, 뉴비 입장에서 그냥 하기가 싫어짐. 구캐릭은 사람 구실도 못하는데. 7.0이나 됐으면 좀 바꿀만도 한데. 늙은 꼰대 게임 다 됐음. 그냥 좀 주셈. 옛날 캐릭 뭐가 아깝다고 굳이 모아서 또 뽑기시켜서 묶음 기원 이러는지 잘 모르겠음. 뉴비는 본인이 시간이 많다, 돈이 많다하는거 아니면 하지마셈.",1,1,2026-08-29T08:11:24+00:00,
genshin,원신,e50f15c2-a812-4943-8498-538b9e13d1c0,굿,5,0,2026-08-29T07:53:01+00:00,7.0.0_47144228_47194594
genshin,원신,b810ae09-a3ff-4f82-b948-6a0e147776be,굳!,5,1,2026-08-28T21:29:47+00:00,
genshin,원신,7c71342b-d46b-454a-9af5-37a54b1f3f0c,"요즘 이 게임 접었다 깔았다 많이 반복 했는데 이젠 확실히 재미있을거 같아서 안지우고 열심히 하고 있어요!! 근데 원석이 많이 부족해서 캐릭터랑 무기 뽑기를 많이 못 할거 같네요 ㅠㅠ근데 하도 의뢰,월드 임무,퀘스트 이런게 너무 많으니까 피로도 많이 쌓이고 지치네요... 역시 이런 게임들은 늦게 시작하는게 비추천입니다. 시작하려면 최대한 빨리 하는게 좋을거 같아요.",5,1,2026-08-28T06:47:27+00:00,6.6.0_44318314_44476906
genshin,원신,404c02e5-9156-4d1f-bcc7-4ec6d79cad68,대사스킵기능좀제발,3,1,2026-08-27T15:36:57+00:00,
genshin,원신,a841d1d0-bac5-4d81-9a80-ba3f98a60084,좀 원석좀 많이 많이 줘,5,2,2026-08-27T12:38:13+00:00,7.0.0_47144228_47194594
genshin,원신,7641103c-de05-43a6-81f2-697df3eeec95,안들어가짐 페이스북으로 로그인안되는거같은데요,3,1,2026-08-27T12:26:20+00:00,
genshin,원신,8aa47356-1ffc-44b4-9358-03da91eadd5a,이야기 스킵이 없는거 빼면 대체적으로 만족함,4,1,2026-08-26T14:40:13+00:00,7.0.0_47144228_47194594
genshin,원신,62b5c72b-6814-44d6-8346-da329245ffd6,그저 개재밌다,5,0,2026-08-26T12:19:45+00:00,7.0.0_47144228_47194594
genshin,원신,6ca490f4-2625-4e20-8fe3-d3d3b9b4c312,계정 마음대로 삭제함,1,0,2026-08-25T23:14:24+00:00,4.3.0_19705728_19706476
genshin,원신,a54ca369-42ba-4ffd-8701-5eaabf234457,유용하게 이동,5,0,2026-08-25T15:55:58+00:00,
genshin,원신,35f0ac4e-7a9d-4e0a-a940-a6218c0fa445,최고로좋아료,5,0,2026-08-25T12:05:05+00:00,7.0.0_47144228_47194594
genshin,원신,632bcba0-8089-44c2-876c-33ec6c69e176,스토리 스킵은 언제 내줄 것이며 기믹 안하면 신경쓰여서 강제로 하게되고 캐릭터 스킬은 어디서 많이 봤거나 돌려쓰기에 그닥. 예전에는 탐험의 즐거움이 있었다면 지금은 억지로 하는 느낌이 강하게 됨. 하...,2,1,2026-08-25T08:53:10+00:00,2.0.0_3513686_3617618
genshin,원신,a56ff71d-f300-435f-a65b-ac67ea173b77,이거만큼 인생을바꾼 갓겜은 없다,4,2,2026-08-25T07:18:50+00:00,7.0.0_47144228_47194594
genshin,원신,89d823fe-c52d-4dbd-89fe-0d27da766474,현질 유도가 요즘들어 좀 괜찮아져서 별5개 드렸어요~ㅎ 호요버스 화이팅😎-☆아 그리고 원신 비슷한 게임들 몇개 해본적이 있는데 원신 만큼 화면 화질이 좋지는 않더라구요 😅😚배터리 소모가 너무 심해서 그게 좀ㅠㅠ그리고 픽업뽑기 확률 랜덤인거 같은게 3-40뽑아서 나올때도 있고 7-80은 뽑아야 나올때도 있어요/ᐠ - ˕ - ᐟ\,5,3,2026-08-24T22:30:15+00:00,5.0.0_26041933_26161852
genshin,원신,2686cf2f-069d-40d3-8a3a-171333f521c1,이 게임 뽑기 확률은 너무 짜서 염장을 해도 되겠다,1,4,2026-08-24T22:09:50+00:00,7.0.0_47144228_47194594
genshin,원신,167da96c-2482-44d7-93ad-f981f2460336,무과금은 하기 힘듬,3,8,2026-08-24T17:22:55+00:00,7.0.0_47144228_47194594
genshin,원신,a6d458e4-047e-45fc-a209-81ac56ce317a,s24 사용하는 유저인데요..이번 업데이트후에 리소스 확인한다뭐다 자꾸 50퍼쯤되면 아예 다운되서 꺼지는데...제 폰이문제인가요?? 발열생기는것도 용량많이잡아먹는것도 감수하고 하는데 들어가지도못하게됐는데 어떡하나요,3,1,2026-08-24T15:21:11+00:00,7.0.0_47144228_47194594
genshin,원신,e5ffb029-9c3b-4913-8787-8fae76265f95,맵탐사에 들이는 시간에 비해 보상이 너무너무 적어요 그냥 전체적으로 들이는 ㅅㅣ간에 비해 보상이 적어요 그 컨텐츠가 뭐던,3,1,2026-08-24T15:15:37+00:00,7.0.0_47144228_47194594
genshin,원신,010f495f-51cf-41d7-96cb-8436d1f5e30a,"원석을..더더 많이 받을수있음 좋겠어요.. 환상극,나선비경이 있지만 이것도 뉴비들은 얼마 깨지 못해 더 세고 좋은 캐릭터들을 못 뽑아요.. 전투가 아닌 다른 요소로 원석을 얻는 방식이 좀 더 많았음 좋겠네요. 그리고 애당초 무과금은 캐릭터나 전무 하나조차 뽑기만이라도 하면 진짜 감지덕지한거.. 현질 안 하면 딜은 안 나옴..캐도 전무도 둘 다 같이 뽑는건 현실적으로 불가능.",4,5,2026-08-24T14:57:37+00:00,7.0.0_47144228_47194594
genshin,원신,fe3cd525-3599-49d6-a891-c7723f7e2b82,원신 거의 처음 나왔을때 부터 플레이 하다가 핸드폰 바꾸면서도 원신을 계속 깔았던 오래된 유저입니다. 요즘 캐릭터 모델링이 상향돼서 좋아요!!,4,19,2026-08-24T06:44:27+00:00,7.0.0_47144228_47194594
genshin,원신,20962ee4-5ef6-42f8-9648-85bcff3a985c,"붕괴 3rd 초기부터 플레이한 유저입니다. 언제나 힘든 스토리는 스킵을 해주시기를 바라는데 용량이 최소 10GB는 늘어나도 괜찮으니 다시보기를 추가하시면 모두가 20GB라도.. 스킵을 해도 지장이 없을 것 같습니다. 또한 다시보기같은 기능이나 스킵은 별도 다운로드라도 해주시면 감사할것 같고, 특히 원석을... 크흠... 이건 사심인데.. 조금만(?) 싸게......... 5,000원 할... 크흠... 특히 확율이 너무 낮아 마음을 조각하는 느낌이지만 무과금 유저는 아니지만 90만원은...... (전무까지) 특히 이벤트 게임같은 경우는 별바다 세계에 추가해주세요... 이미 지난거라도... 게임은 과금 유도는 언제나 아예 없고 자동저장이라 스토리를 들어가면 나오기 힘듬 그리고 버그가 없는데.. 이상하게 저한테만 그럼... S26인데 맵에 끼어 스토리를 제시작을 하거나 NPC색상이 핑크가 되거나 키자루(?)가 공격하거나 심각함",5,0,2026-08-24T02:56:03+00:00,
genshin,원신,0b1f0a95-82a0-445c-aac2-e76abd5f321f,스네즈나야에서 추가된 순얼음 제작 버튼 위치 수정해주세요. 폰으로 원신하는 사람들은 계속 오입력 되서 답답하고 그만두고 싶은 심정입니다. 한번이라도 폰으로 조작 테스트 해보았다면 절대 이 위치로 개발하지 않았을겁니다.,1,7,2026-08-23T23:19:40+00:00,7.0.0_47144228_47194594
genshin,원신,5a165147-7797-4d5a-af2c-bb32807478a6,초반에서 하차한 유저입니다 하차를 한 이유는 1. 퀘스트를 할때마다 뺑뺑이를 계속돌립니다 2. 이게 35GB나 드는 게임이다 보니 이게 폰으로 하기에도 부담입니다,2,0,2026-08-23T16:45:30+00:00,
genshin,원신,7bd025e3-618e-4323-a230-e7e4d8eca8a6,"캐릭터, 그래픽 ☆☆☆ 전반적인 난이도 ☆☆☆☆ 스토리 ☆☆ 운영 ☆☆ 그 외 요소(PV, BGM등) ☆☆☆☆☆ 모바일보다 PC에 최적화된 게임.",3,23,2026-08-23T14:27:43+00:00,
genshin,원신,e4960906-09ab-4e2d-9181-3382309275ba,😭,1,0,2026-08-23T11:22:36+00:00,
genshin,원신,ea02d5a1-4807-4063-82f1-4f2a8cc2d111,전보다 나아지긴 함. 나름 재미도 있는데 FPS 강제는 좀 아니라고 봄. 맵도 좀 밝게 만들었으면... 어둠의 자식도 아니고,3,8,2026-08-23T06:40:08+00:00,7.0.0_47144228_47194594
genshin,원신,414a26f4-bc81-4eca-9f53-c427aa914807,딱히..무과금한테는 좋지 않은 게임이지 않았나 싶음....몇 년 하고는 있는데 뽑고 싶은 캐릭터도 못 뽑고 .......,3,0,2026-08-23T00:28:29+00:00,7.0.0_47144228_47194594
genshin,원신,e9c7e4c1-79e6-4cb1-a09c-b50d933cbee9,다 좋은데 pc 용량이 너무 커요ㅠㅠ 이제 꽉 차서 다음 업데이트 때는 정말 못 설치할 수도 있겠다는 생각이...,5,0,2026-08-22T12:21:42+00:00,6.0.0_36598533_36939763
genshin,원신,a453031d-6d89-44c0-85b4-d558d1b02fcc,계속 로그인하는데 부모님 허용하라 해서 했는데 안 돼요! 그거 좀 하게 해줘요,2,0,2026-08-22T12:08:30+00:00,
genshin,원신,c1537c2f-4dfd-4718-ac3e-f19f1be3612d,잼,5,0,2026-08-22T05:20:50+00:00,7.0.0_47144228_47194594
genshin,원신,919279c7-0007-4515-8246-b58bdba3ba88,"안녕하세요! 3년째 원신을 즐겁게 하고 있는 사람입니다! 초반에는 흥미를 잘 못 느꼈는데 하다 보니 스토리, 풍경, 음악, 캐릭터 모델 등 다양한 재미와 모험을 느낄 수 있더라고요! 그리고 모험하는 게임의 중요 핵심인 뽑기도 재미있고 흥미로우니 다들 한번쯤 해보시는 걸 추천해 드립니다! 그리고 단점 같은 경우에는 아무리 용량이 크다 보니 렉이 걸리더라고요…ㅠ 그게 좀 아쉽지만 나름 흥미 있게 잘하고 있는 게임 중에 하나입니다!",5,5,2026-08-22T02:40:06+00:00,7.0.0_47144228_47194594
genshin,원신,76ab6003-f799-4818-9c5b-3711cc198e0b,원석 수급처 늘려주세요,5,7,2026-08-21T20:02:04+00:00,6.5.1_43295958_43466102
genshin,원신,e0d93bea-d383-4d8f-a2c6-c740ea8d840e,접속할때 마다 신규버전 업데이트 팩 받는다고 하는데 왜 이럽니까? 스네즈나야 업데이트 이후 계속 반복되는데,3,0,2026-08-21T19:49:38+00:00,7.0.0_47144228_47194594
genshin,원신,9a9171f5-d09e-4bfe-af87-4e15423f7e3b,시간이 순삭이가 밤새도록 했습니다.,5,0,2026-08-21T18:21:52+00:00,7.0.0_47144228_47194594
genshin,원신,77b01750-3e26-4f1a-ad87-add2f1b2f730,이게임 자유도도 높고 스토리도 신선하고 매우 재밌는데 진짜 뼈빠지게 열심히 해도 원석이 잘 안모이네요 ㅠㅠ,5,0,2026-08-21T14:01:21+00:00,
genshin,원신,a016f0cd-de5b-44b2-b3b7-577dff772a17,80뽑 픽뚫 고봉밥 = 표독스럽다,5,1,2026-08-21T13:28:13+00:00,
genshin,원신,7bb21e5e-06a1-46ae-b136-6420ce90aeda,그냥 고트페이몬,5,0,2026-08-21T08:16:03+00:00,
genshin,원신,554c7a1b-c3b7-4f16-b85b-0ccd08369298,다른건 좋은데 업데이트 겁나 오래 걸림;,1,0,2026-08-20T13:09:11+00:00,
genshin,원신,5bce289f-0b7e-4c2f-863e-029d5db582e6,게임에 5분도 못쓰면 게임을 왜 하지 ㅋ.ㅋ,5,0,2026-08-20T08:18:13+00:00,7.0.0_47144228_47194594
genshin,원신,213d03a3-6a58-4197-b3ae-af838f4927c8,"Quest 대화 내용 보다 지치네요 대화만 1시간도 더 떠드는게 한두개도 아니고 , 스토리 읽는 거 취미 없는 사람은 괴롭습니다",2,0,2026-08-20T06:28:35+00:00,6.7.0_45486583_45768959
genshin,원신,d5d947a8-1e4e-41d0-9e82-915df810f7e2,같은 장면을 반복적으로 봐야하는데 스킵이 없음.,1,2,2026-08-19T16:09:46+00:00,7.0.0_47144228_47194594
genshin,원신,02777084-d42b-4b29-bb9d-8f71468ab0f8,니들은 쫌 맞아야 해 돈으로,5,10,2026-08-19T15:44:52+00:00,4.3.0_19705728_19706476
genshin,원신,17fb659a-c2fc-4975-8321-914026b08fab,인생을 바친 게임이자 내 인생을 받쳐준 게임 최고임. 근데 폰으로 하면 발열이 너무 심하니까 최신 폰이 아닌 이상 데스크톱으로 하시는 걸 추천.,5,1,2026-08-19T10:12:08+00:00,2.6.0_6179196_6305792
genshin,원신,2770a8c8-3816-4f3a-8805-75a8d12bc838,"다 좋은데 그림자 영역의 사격모드일때 조준점?이 캐릭터에게 고정되어서 땅바닥에만 쏘게되고 화면을 이리저리 돌려보거나 설정을 건드려도 그 버그는 고쳐지지 않아요, 하지만 사격연습장에 들어가니 고쳐졌는데 또 고정버그 터질지도 모르니 고쳐주세요.",5,3,2026-08-19T09:22:12+00:00,7.0.0_47144228_47194594
genshin,원신,e3a86e23-631c-4e34-9e78-72dc4306612f,지혜와 미모를 견비한 야에미코 궁사님을 찬양할수있어 좋습니다,5,18,2026-08-19T02:46:39+00:00,
genshin,원신,e3bb25b1-e82a-4a72-90aa-6b918bf4f776,"폰이나 컴퓨터가 좋은편이여야 쾌적하게 할만하지만 명조, 젠존제, 붕스보단 사양 낮아도 되서 원붕명젠 중엔 가장 낮은걸로도 돌아갑니다. 게임 플레이 5~6년 하는 동안 다른겜에 대비 편의성이 안좋았으나 점점 좋아지네요 눈이 안아프고 스토리도 재밌어요 마지막으로 단점을 꼽자면 모바일 게임치고 매우 장수해서 게임이 너무 고였고 구캐릭 모델링 개선이 이루어지지 않았으며 많이 안뿌리는 편인데도 무기 가챠가 다른 게임보다 맵다로 꼽을 수 있습니다",5,3,2026-08-18T14:34:29+00:00,7.0.0_47144228_47194594
genshin,원신,f5f4cfc5-5ea3-4ee7-999e-f9882160e097,초보가 하기에는 나선 비경이 너무 빡세요ㅠ,4,0,2026-08-18T13:30:32+00:00,7.0.0_47144228_47194594
genshin,원신,195ad011-a939-48bb-add5-287100db3ed9,"단점:일단은 첫째로 뽑기 확률이 엄청 낮고,둘째 스토리 스킵기능이 없다 정도고 장점은 첫째 오픈월드,실시간전투,둘째 매력적인 캐릭터들이 많아서 2점 입니다. 이게 말이 됩니까? 문제 처리하기가 싫으신 건가요? 예? 애초에 매일 또는 고객샌터라고만 하잖아요! 업데이트 되면 바뀌갰지 라는 기대를 저버리지 마세요",2,1,2026-08-18T12:43:45+00:00,
genshin,원신,5f2187fe-9b9a-4c36-a2aa-daeff047aaf6,굳,5,0,2026-08-18T11:12:20+00:00,7.0.0_47144228_47194594
genshin,원신,922c7583-5666-4dc0-9893-9b296e27ef54,귀중한 아이템에 있는 잿빛눈동자가 행적을 다 클리어 한뒤 사라졌는데 혹시 원래 그런건가요?,2,0,2026-08-18T11:12:09+00:00,7.0.0_47144228_47194594
genshin,원신,8db33816-dfa9-426f-aff8-e9c86dd198e1,픽션이지만 실제로 세월을 버티고 있는 하나의 세계 같고 항상 다음 이야기가 궁금해지네요. 캐릭터 디자인에도 작은 문양들까지 월드 속의 역사와 떼어낼 수 없는 점이 인상 깊어요.,5,2,2026-08-18T08:34:50+00:00,7.0.0_47144228_47194594
genshin,원신,d4c9e1bb-aace-42d6-af64-6a3a851e6f64,들아 18번중에 15번 픽뚫이 말이 되냐,1,0,2026-08-18T00:47:41+00:00,
genshin,원신,65781f40-546d-4932-976f-fc878a450a00,뉴비에 대한 배려가 없음 내가 원하는 캐릭터를 뽑고싶어서 시작했는데 겨우겨우 80뽑 채워서 픽뚫나면 겜 바로 접지 뭐하러하나 내가 겜할 의지가 없어졌는데 노력한거에 대한 결과가 없는데 처음 픽업 뽑기는 픽뚫없이 뽑게 만들어야함 (수정)뽑기 시스템의 문제점에 대해 말하는데 확률은 상세에서 확인할 수 있다고? 걍 자동 딸깍 돌리는게 눈에 훤하다,1,14,2026-08-17T14:31:58+00:00,7.0.0_47144228_47194594
genshin,원신,bd972f81-1e22-4867-b256-91434c06b751,에휴,1,0,2026-08-17T13:06:13+00:00,7.0.0_47144228_47194594
genshin,원신,c58a68f2-5891-4997-aed7-fc427cff30f9,용량 좀 어떻게 해주세요 너무 커서 업데이트마다 두려워요 삭제했더니 지금 설치도 다시 못하고 있습니다,5,0,2026-08-17T12:03:15+00:00,7.0.0_47144228_47194594
genshin,원신,2986bc73-6de9-4067-b9a4-1c07d63dd35a,원공노는 전설이다,5,17,2026-08-17T11:55:48+00:00,7.0.0_47144228_47194594
genshin,원신,7909c7e3-c7ca-4338-bc73-3c76120e5b2c,인생겜 추천. 모바일인데 스네즈나야에서 전투할때 순얼음 생성기 버튼이 잘못눌러져서 방해됨 개빡침 고쳐주길 희망,5,1,2026-08-17T10:44:18+00:00,7.0.0_47144228_47194594
genshin,원신,9d3403e6-cbd0-44b2-a095-99f0991f7488,이대로만 갑시다,5,17,2026-08-17T09:23:15+00:00,7.0.0_47144228_47194594
genshin,원신,72e44f1b-c150-46ad-9831-77bc8e3faf58,"스나즈나야 나오면서 얼음으로 만들수 있는거 모바일은 원소스킬이랑 점프 중간에 있어서 보스전 할때 엄청 방해되는거 왜? 만들어 놓은건지 의문이고 총게임 운영자측에서는 RPG라고 새로운 방향으로 넣어놓은거 같은데 마신임무,월드임무때 마다 강제성으로 넣어 하게 만들어 놨고 안그래도 설산 처럼 피가 계속 달아서 신경쓰이는데 총모드들어가면 제한 되는게 너무 많고 날수도 없고 못 올라 가는곳이 너무 많음 이게 누굴 위한 재미인건지 더욱 의문이 들고 스나즈나야 나오고 그 뒤로 섭종을 하실껀지 모르겠는데 부실한게 많아도 너무 많음",1,20,2026-08-17T08:57:32+00:00,7.0.0_47144228_47194594
genshin,원신,4390d7e3-b13c-400f-894d-20de4917d842,어두운 분위기 말고 판타지풍이나 카툰그래픽 원하는 사람은 추천,5,18,2026-08-16T19:26:25+00:00,4.2.1_18831865_18963989
genshin,원신,343d71b8-3990-4e84-87b7-12bf04009ef0,갓겜,5,2,2026-08-16T19:03:07+00:00,2.2.0_4340077_4464168
genshin,원신,0ad1a9f4-88c8-4585-8f15-de235be0c51a,너무 재밌습니다♡♡,5,0,2026-08-16T14:34:55+00:00,7.0.0_47144228_47194594
genshin,원신,a558046c-288d-4e66-8aff-dcd2764cfa17,망겜입니다,1,2,2026-08-16T13:10:20+00:00,
genshin,원신,54a45ee2-37e5-4ac9-adcf-57b80560cf65,스토리가 너무많다 스토리 하나도 안궁금한데 시간만 날리는것 같다 스킵 있었으면 좋겠다 나머지는 다 괞찮다,2,1,2026-08-16T12:30:55+00:00,7.0.0_47144228_47194594
genshin,원신,d9e9a1d6-0b48-42e2-84bf-2cb98a8fe31d,재밋서요,5,0,2026-08-16T12:02:51+00:00,7.0.0_47144228_47194594
genshin,원신,be93fc82-5ad0-4282-baea-b7368819ca53,그냥 해보세요👍,5,0,2026-08-16T09:03:44+00:00,
genshin,원신,577db0bf-112b-41de-88ed-ab5808374067,스토리나 뭐든 다 정말 최고인데 문제는 모바일로 하는 사람들은 버튼을 누르면서 플레이 하는데 버튼 크기를 줄이거나 옮기면서 버튼 위치를 바꿀수 있게 해줘야 하는데 안해줘서 불편해서 이건 좀 개선해줬으면 좋겠어요,3,0,2026-08-16T07:30:08+00:00,7.0.0_47144228_47194594
genshin,원신,846e0aac-21f0-4ffa-a929-c7b9e2042a32,최고 진짜 인생겜,5,17,2026-08-16T06:23:36+00:00,7.0.0_47144228_47194594
genshin,원신,a4f7e1f9-e914-4cc6-9548-ace85e89b019,무기뽑은 왜 픽업 무기랑 복각 무기랑 같이 붙어서 왜 나오는지...그냥 차라리 붕스처럼 떼어서 나오면 안되는 거였나...바라지 않는 무기가 나오니까 개킹받음,1,0,2026-08-16T02:06:03+00:00,
genshin,원신,4fe32bba-5d19-48b0-b761-5de03d1918b8,모바일 최적화 잘 좀 해주세요.,3,8,2026-08-16T02:03:13+00:00,7.0.0_47144228_47194594
genshin,원신,206f2a60-324d-4571-a5fe-a1bb3150f2d9,공부보다 재밌어요,5,1,2026-08-15T18:13:27+00:00,7.0.0_47144228_47194594
genshin,원신,2b766709-6b76-4da2-bb9c-1f2ccbc628d3,순얼음 창조물 버튼 위치 개구려서 화납니다 사용자 편의 신경도 안쓴 버튼추가,1,0,2026-08-15T15:18:51+00:00,7.0.0_47144228_47194594
genshin,원신,2515d1c2-1aac-408d-8207-fe3ef1e6a7f7,시간과 바람 퀘에서 나침반 아래쪽이라는데 10분동안 찾았다가 나중에 돌아오니깐 그때 뜨는거 뭐냐?,1,0,2026-08-15T14:13:17+00:00,7.0.0_47144228_47194594
genshin,원신,0d47644c-dbb5-4176-af12-91a0d0e310cb,"탐험이나 퍼즐을 좋아하는 게임 유저인데, 굳이 스토리를 밀지 않아도 자유롭게 탐험할 수 있다는 점이 좋음. 중간중간 나오는 퍼즐이나 평판 같은 작은 임무들도 재미있음. 특히 캐릭터들의 생김새가 예쁘고 다양해서 모으는 재미가 있고 리듬게임이나 책, 지리지 도감 모으기 같은 소소한 콘텐츠들도 제 취향에 잘 맞음. 뽑기는 무과금 유저에게 조금 부담스러울 수 있지만, 이 정도는 괜찮다고 생각했음. 하지만 이런 장점들을 모두 잊게 만드는 단점이, 지형을 탐험하다 보면 스토리가 강제로 진행되는 경우가 있는데, 스킵도 할 수 없고 중간에 반드시 스토리를 진행해야 한다는 점이 너무 불편함.. 특히 전투 준비가 되어 있지 않은 상황에서 갑자기 스토리가 진행되는 경우도 있어 더욱 아쉬움 자유로운 탐험이 장점인 게임인 만큼, 플레이어가 원할 때 스토리를 진행할 수 있도록 하는 것이 더 좋은 방식이라고 봄. 강제로 스토리를 보게 하는 방식은 개인적으로 아니라고 생각함.",4,4,2026-08-15T12:18:27+00:00,7.0.0_47144228_47194594
genshin,원신,d0f89e2d-606f-49ab-9590-918f03964aed,👍,5,0,2026-08-15T11:49:53+00:00,7.0.0_47144228_47194594
genshin,원신,afbbb723-b331-4791-bed9-b92f98281ab8,예이,4,0,2026-08-15T10:46:22+00:00,
genshin,원신,80dfa129-ee6a-4cfd-aaeb-3e0a1aa2b6e1,난 이게임 오픈 초창기 부터 했었는데 업데이트 이후로 핸드폰으로 게임 돌리면 입구컷 당해서 게임 모바일로 이게임 안돌아가서 불만임,1,1,2026-08-15T08:40:42+00:00,
genshin,원신,bd76a65f-3e07-4b0c-957b-312a67b2e565,굿,5,0,2026-08-15T07:48:36+00:00,7.0.0_47144228_47194594
genshin,원신,47a79531-cbb1-47a3-8450-2a92127fd604,스토리 스킵 좀 추가하라고 내가 대체 왜 일일퀘스트 깨는데 납치당해서 재미도 없고 감동도 없고 보상도 없는 스토리를 스킵도 빨리넘기기도 안보기도 못하고 5분씩 시간할애하면서 봐야함? 몇년째 계속 스킵좀 추가해달라고 하는 사람이 얼마나 많은데 귀 꾹 닫고 추가를 왜 안해주는 거임? 메인스토리 지장 가는거면 알겠는데 관련성 눈씻고 찾아봐도 없네 ; ㅋㅋ제발 쓸데없는 스토리 추가할빠엔 전임이나 더 챙겨주던가 게임 용량만 늘리고 시간만 잡아먹고 이런 잡임무 말고도 메인스토리도 제발 스킵 좀 넣어줘라 원신이 나온지 몇년인데 이미 다 아는 스토리를 몇시간씩 계속 보라고? 말 같지도 않은 ㅋㅋ 진짜 개 불편하고 이것때문에 싫증나서 게임진도도 못 나가고 안할란다,1,11,2026-08-15T07:09:37+00:00,7.0.0_47144228_47194594
genshin,원신,a21c4a07-74d0-4af4-a6ba-1105f82d0277,도오오오오오오오온이 너무 좋은 나머지 원석 수급량은 뒤지게 적은데 뽑기는 겁나매움 게임은 재밌음,3,2,2026-08-15T05:45:48+00:00,
genshin,원신,133d06dc-fa8c-4261-b23f-217c1e36ee84,너무너무 사랑해,5,0,2026-08-15T01:37:47+00:00,7.0.0_47144228_47194594
genshin,원신,ea95d647-3644-4ff0-bb9e-dc94da705191,원신에 1일 캐스트 에서 원석 60개 못받게됩니다 한두번도 아니고 벌써 6번째 이네요 😂,1,1,2026-08-14T18:12:52+00:00,7.0.0_47144228_47194594
genshin,원신,adac4823-fcbe-44fe-ae1c-59858157a514,산드로네 서사는 왜그런거죠,1,6,2026-08-14T17:56:27+00:00,7.0.0_47144228_47194594
genshin,원신,cea59a39-b9fa-42fa-a3bf-ecf68a026af1,그냥 보석 수집도 어려움,1,0,2026-08-14T11:43:14+00:00,
genshin,원신,8fe4fd94-8ece-4869-97a6-675830322b9e,재미있게 즐기고있우요,5,0,2026-08-14T05:59:36+00:00,7.0.0_47144228_47194594
genshin,원신,ad74d537-38c1-47a6-beca-43391e59a2b5,"전무 뽑기 5성 15회 13회가 픽뚫 확천 이월 전,월 업데이트 모두 포함해서 5성 뽑은 횟수 32회 지금 사용할수 있는 5성무기 천공 제외 6개 쳐 하지마세요 이게임 진짜 전무는 지옥이고 현질유도 많이 매우매우 매우 심합니다",5,5,2026-08-14T05:12:16+00:00,7.0.0_47144228_47194594
genshin,원신,afed6f15-1907-422c-b866-fc26dd51fbed,"워프 포인트가 높은 곳에 위치. 마을에서도 잘 찾아보자, 모험가 례벨돌파도 어려운 게임",2,1,2026-08-14T00:42:05+00:00,1.1.1_1437351_1398019
genshin,원신,701ecc20-7b59-4cd4-a33a-643d323b8ccb,디즈니 보는 느낌으로 뇌 빼고 보면 재밌음,3,0,2026-08-14T00:39:47+00:00,
genshin,원신,6b8d11c8-9ab9-4bcb-8069-5479de167abe,자신이 오타쿠라면 한 번쯤은 해야하는 게임,5,0,2026-08-13T17:03:59+00:00,
genshin,원신,5027bfeb-f6f0-41d4-8670-ed4f2c3653a8,거의 1년 반 정도 플레이한 유저입니다. 게임은 정말 재밌습니다. 캐릭터도 많고 지형도 다양하고... 근데 뽑기에 쓸 원석? 재화 모으기가 너무 힘듭니다. 옆집겜 젠존제도 해보고 스타레일도 해보고 글쓰는데 원신이 제일 힘듭니다. 젠존제는 1년도 안했고 복귀도 3개월 쉬고 다시 하는데도 S급 요원이 13명입니다. 스타레일은 아예안해도 퍼주니까 5성급캐릭터가 3명 정도 있긴합니다. 근데 원신을 가장 오래했지만 5성급 캐릭터가 3명입니다. 말이 됩니까. 뽑기도 좀처럼 못해보고 갖고 싶은 캐릭터도 있어서 모아놔도 재화 10~15개 밖에 못 모읍니다. 이벤트를 플레이하지 않은 건 제 잘못이지만 시간이 없는걸요. 퍼주는게 아니면 게임 진행이 너무 힘들어요. 그래서 젠존제로 넘어갔습니다. 원신이 하기 좋아지는 그날까지 잠수 탈렵니다.,3,1,2026-08-13T12:31:53+00:00,7.0.0_47144228_47194594
genshin,원신,6c3f47cb-40e9-4a0c-936c-a84c07e8e5ff,도토레 플블 쥬세요,3,0,2026-08-13T10:41:09+00:00,
genshin,원신,3a1887f4-d15d-4172-b657-2ef835634692,도황만 부활시켜주면 역사상 가장 완벽한 게임이 될 듯!♥︎♥︎♥︎♥︎,5,1,2026-08-13T10:34:19+00:00,
genshin,원신,a144ec3a-50f7-4ccd-bd1b-7cff48ec839a,너무하네요,1,0,2026-08-13T09:21:56+00:00,
genshin,원신,29a08938-7e3f-4c57-a665-f822e3502f3c,🩷원신게임🩷사랑해🩷좋아해🩷,5,0,2026-08-13T02:37:01+00:00,7.0.0_47144228_47194594
genshin,원신,a7b692d9-c6d6-4075-b8ef-c641af9f6253,스토리도 좋고 캐릭도 예쁘고 해서 다 좋은데 갑자기 월드레벨 8이 되니깐 지맥제압전등의 난이도가 너무 높아지기도 하고 원석 수급이 어려워 좀 아쉬워요,4,1,2026-08-13T01:00:42+00:00,7.0.0_47144228_47194594
genshin,원신,0c3a5381-9e8a-4add-8ac3-4a29c26123e0,별바다 출시 이후로 그냥 최악 예전에는 티바트라는 세계를 계속 확장하는구나라고 느꼈는데 어느 순간 라이브서비스의 수익 포트폴리오를 확장하는구나로만 보임,1,2,2026-08-12T15:13:05+00:00,
genshin,원신,b7139bfb-446c-49d2-b046-1c045d7cd83a,"마신임무나 월퀘는 알겠는데 전설임무나 초대임무, 일반퀘스트 정도는 빠르게 건너뛰게 해주셔야죠... 이정도로 스킵 안되는 게임 처음봄 근데 스토리가 재밌으니까...참을만 해요 부계정만 안키운다면",5,1,2026-08-12T11:19:00+00:00,
genshin,원신,3cc41927-1253-4e5f-b054-b7a10d5b0477,정말 재밌게 플레이 하고 있는데 레진을 써도 일일퀘스트 완료가 안됩니다 이것 좀 고쳐주세요 제발 고쳐주세요 제발,5,2,2026-08-12T11:16:40+00:00,6.7.0_45486583_45768959
genshin,원신,30d80f46-5a6e-481a-8537-e6a9b353158a,캐릭터가 좀 확률이 높게 나왔으면 하고 그래고 인생 첫 현질게임이였으니 재밌습니다 그리고가끔씩 렉만 안걸렸으면 합니다.,4,0,2026-08-12T11:08:59+00:00,7.0.0_47144228_47194594
genshin,원신,985d3c2b-09f1-485e-ab4f-90cd1628fce3,자년부터 꾸준히 한 플레이어입니다 현질도 적당히 했고요 ㅎㅎ 별 5개만 눌러놨다가 생각나서 리뷰써보자면 일단 가챠확률은 참 처참하지만 4성들로도 충분히 플레이가능하고 스토리가 정말 매력적이고 캐릭터각각의 서사에 정말 공들였다는걸 알수 있었습니다 몇몇장면에서는 울기도하고 웃기도 하며 잘 플레이하고있습니다 앞으로도 계속 즐길 예정입니다 다들 즐겜하세요,5,6,2026-08-12T09:40:40+00:00,7.0.0_47144228_47194594
genshin,원신,f7acf351-e350-4d89-ad9c-324bc5567c41,공노나오고 편해지긴했는데 그 전나라들에 있는 월퀘라던가 전퀘도 왜케 불친절한데 왜 가이드인 페이몬은 그땐 친절하고 지금이 표독그자체인데 왜 너거들은 저때가 표독인데 진짜 이나즈마 밀면서 계속 퀘스트 구글에 치면서 계속먹어야돼고 폰타인은 5성캐를 채집캐로 설정해놓고 이제 폰타인 빠이빠이 할때 뭔 산드로네가 풍뎅이를 잡아먹어 내가 클로린드 안뽑고싶어서 안뽑았어? 너거들이 픽뚫만들어 놓고 '대표님 이번엔 5성캐를 채집캐로 설정하면 사람들이 억지로 라도 뽑지않을까요' '오 그거좋은데 오늘은 소고기다!' 이러면서 히히덕 거릴거 생각하니까 지금하는 행동보고 참는데 내가 폰타인후반 유입이 아니라 이나즈마 유입이였으면 진작 접었다 그래도 지금하는 행동은 좋아,4,0,2026-08-12T09:21:54+00:00,7.0.0_47144228_47194594
genshin,원신,969fd0c1-9507-44ab-a9d1-b1f3f312498a,"몇년동안 플레이한 무과금 유저인데 슬슬 접을때가 된것 같네요. 과금하고 싶다가도 계속 픽뚫만 나오니까 과금할 생각이 사라집니다. 픽뚫 확률 50퍼라는데 그 이상인것 것같고 재화모으기가 다른겜에 비해 피곤해요. 모델링 돌려쓰기, 스토리 강제납치 스킵 불가 등등 몇년동안 안바뀌는데 이런거 안고치는 이상 다시는 할 생각없습니다",1,4,2026-08-12T09:02:26+00:00,
genshin,원신,05e1c4ba-d973-447c-a44c-407862298dd0,원신은돈벌생각이없다!,5,0,2026-08-12T07:34:35+00:00,6.7.0_45486583_45768959
genshin,원신,dfefa72a-2833-4128-94d2-7ed4e9175015,제발 스토리 스킵 기능 좀 추가 해주세요. 애초에 재화 수급도 타겜 비해 짠데 전무가챠 픽뚫나는 거 이월도 안되고 그나마 재화 좀 주는 짜잘한 스토리까지 계속 빨리 넘기려니까 힐링하려 들어왔다가 노동만 하고 가는 것 같네요.,2,1,2026-08-12T06:57:48+00:00,7.0.0_47144228_47194594
genshin,원신,9472352c-21b6-4532-87ac-4ec687d23db6,소통 좀 하는 게 어려운가요,4,1,2026-08-12T06:02:59+00:00,7.0.0_47144228_47194594
genshin,원신,d9da9677-03fa-4a60-a813-d4a8d3a8db66,다른 건 다 좋은데 게임이 자꾸 튕겨서 스토리 진행에 차질이 생겨요.,5,0,2026-08-12T04:22:07+00:00,7.0.0_47144228_47194594
genshin,원신,2b4d8042-600f-48d9-94dc-8823edf28b5c,픽뚫 확률 처 낮춰라,1,1,2026-08-12T03:38:00+00:00,7.0.0_47144228_47194594
genshin,원신,7ff843d2-664c-45bb-9478-260e77626c9f,스네즈나야: 원신은 돈 벌 생각이 있구나!,5,12,2026-08-12T02:17:07+00:00,6.7.0_45486583_45768959
genshin,원신,742021fe-c223-437e-b514-116a074c0306,갓 신,5,0,2026-08-12T02:16:05+00:00,6.0.0_36598533_36939763
genshin,원신,b9b4f77e-58ef-4574-80af-b99858d8c62d,스토리 캐릭터 다 굳,5,0,2026-08-12T01:56:41+00:00,6.7.0_45486583_45768959
genshin,원신,77040dcf-2fc2-4d68-9380-3ae2828b5ed9,예전 부터 하고싶었는데 너무 재미있네요! 캐릭터 디자인도 좋아지고. . .꽤 예전에 출시된 것에 비해 많은 방면으로 요즘 출시된 게임들에 비해 크게 뒤쳐지는 것도 없는 것 같아요!,5,0,2026-08-12T01:21:52+00:00,6.7.0_45486583_45768959
genshin,원신,fc38334f-340c-4eb2-a1e7-92d7523e01f9,원신 진짜 재밌게 플레이하고 있습니다. 그리고 이것은 제 개인적인 장점과 단점이에요. 장점: 1. 스토리가 흥미롭고 계속해서 나오는 스토리가 기대됩니다. 2. 각종 캐릭터들의 디자인이 예쁘고 잘생겼어요. 단점: 1. pc로 하다보면 가끔 끊김 현상이 나타나요. 2. 마신 임무를 다인 모드로 끝낼 수 없어요. 예를 들면타르탈리아 보스전이나 반 라이덴 쇼군 특훈을 다인 모드로 못 끝내서 제가 지금 상당히 애를 먹고 있어요. 3. 몬드나 리월 같은 곳에서 인장 모으는 것이 힘들어요. 단점들을 수정한다면 정말 재미있어요.,4,18,2026-08-12T00:23:21+00:00,6.7.0_45486583_45768959
genshin,원신,67aa0453-26cd-4677-8330-5ae1b583a2c6,굿,5,3,2026-08-12T00:15:14+00:00,6.7.0_45486583_45768959
genshin,원신,e156b790-fbe2-4ef4-84c5-21c00bb54aa1,재밌는데 게임 파일 크기가 너무 무거워요,3,1,2026-08-12T00:12:09+00:00,6.7.0_45486583_45768959
genshin,원신,dcb2075e-85a9-441c-a19b-4d7a34180f6c,론나 재밌어요,5,0,2026-08-11T23:13:24+00:00,6.7.0_45486583_45768959
genshin,원신,53a21011-92f1-4d3c-9a23-079fc7410d12,재미있음,5,0,2026-08-11T22:46:03+00:00,6.7.0_45486583_45768959
genshin,원신,1d8dff36-0e69-4e96-81a0-b00cf89e2e45,이번에 스네즈나야 방송 봤는데 너무 기대되요. 모델링도 좋을거 같고 개선될거 같아요! 기대하겠습니다!,5,1,2026-08-11T22:33:16+00:00,7.0.0_47144228_47194594
genshin,원신,b372c718-e388-40da-b873-4e05aa4ae41b,uid82 복귀만 3번한 유저인데 복귀할 때마다 점점 캐릭터 외모가 좋아지네요. 적 캐릭터도 예뻐지고 잘생겨지면 좋을거 같아요! 4번째 복귀는 하기 싫으니까 즐신~화이팅!,4,4,2026-08-11T14:00:11+00:00,6.7.0_45486583_45768959
genshin,원신,5bd2162f-8a25-4f02-9ca4-c0304e033f70,"무과금 몬드 학번 복학생입니다. 나타가 나온 후 게임을 지웠지만 친구의 추천으로 다시 한번 원신을 시작했습니다. 시간이 많이 지나서 다시 할 수 있을까 걱정이 많았지만, 멀리 보이는 몬드성을 보니까 걱정이 싹 사라지더라고요. 게임을 처음 할 때 그 감동을 다시 느끼고 있는 중이라 너무 좋습니다. 상시 5성 캐릭터를 그냥 배포해서 놀랍고 좋았어요. 어르신 모시고 다시 모험 중입니다. 치치야 사랑하니까 이번 모험은 풀돌 찍지 말아 줘.",5,5,2026-08-11T11:25:00+00:00,6.7.0_45486583_45768959
genshin,원신,b822b73c-b942-43b8-b6a6-74844fd57f4d,재미는 있는거 같은데 스토리스킵이 없어서 답답해서 삭제...,3,3,2026-08-11T08:41:05+00:00,
genshin,원신,3d005df6-1218-4063-a448-b1202684aa60,원신은 돈 벌 생각이 있는 거야?,4,5,2026-08-11T05:28:28+00:00,
genshin,원신,f906ad2d-f16f-405e-96cc-9f4fbe57b54c,가끔씩 다인모드 수락이 안되는 버그가 있는데 수정 부탁드리겠습니다,4,6,2026-08-11T02:35:03+00:00,6.7.0_45486583_45768959
genshin,원신,bfe5057f-8a78-45e8-8a29-c4b03a308000,옛날컷씬연출이어째더좋냐,5,1,2026-08-10T22:08:51+00:00,
genshin,원신,5bc7b674-762e-453e-8526-965ca2b196e6,"일단 캐릭터들 서사나 외형도 간지나거나 이쁘고 강한데 모든 픽업이 다 한정판이라 얻는 난이도 빡세고 천장할 확률까지 합해서 1.6%, 그냥 뽑을때 0.6%라서 진짜 난이도 헬인데 뽑기 재화인 원석도 개미 똥만큼 겁나 쪼끔줘서 캐릭터 얻기 겁나 힘들고 뉴비들은 캐릭터로 파티 꾸려야하는데 쓸 캐릭터가 없어서 뚜드려맞고 전멸할때도있음. 원석도 많이 주고 픽업도 자주 하면 좋겠음. 이렇게 안하면 원신 망함 ㄹㅇ 심지어 데이터도 겁나 많이먹음;; 개선하면 좋을것같은것도 있음. 먼저 수행의 길인데, 난이도를 조금 올리더라도 없는 캐릭터까지 수행의 길 목표로 쓸 수 있었으면 좋겠음. 하지만 캐릭터를 얻는게 아니라면 걍 수행의 길 리메이크는 없어도 걍 할듯. 최애캐가 픽업이 안나왔거나, 기한 내에 뽑지 못한 사람들은 되게 슬플 수도 있음. 원석이 과금 해야 뽑기 좀 돌릴 수 있다보니 픽업 픽뚫을 버티는게 힘듦. ㅈㅂ 개선좀. 안그럼 원신 망함(냅다 요구사항 적고 튀기)",3,8,2026-08-10T13:58:06+00:00,6.7.0_45486583_45768959
genshin,원신,a2d84b32-07be-4b02-b68b-3af9b343f88d,제가 이 게임을 첫 출시부터 했는데 정말 다른게임이랑 완전달라요 진짜 저에 픽1등입니다.,5,2,2026-08-09T23:29:05+00:00,6.7.0_45486583_45768959
genshin,원신,970fe587-9951-4181-96e4-5290ab2ac2c6,"처음 원신을 했을 때의 경이로움과 재미를 다시 느끼고 싶어서 여러 부계정을 만들면서 플레이하고 있어요. 떡밥도 풀리고 최신 스토리도 흥미진진해진 지금, 부계정으로 초반 마신 임무들을 다시 플레이해보니 더욱 경이로움을 느낍니다. 원신팀이 몇 년 치 스토리를 이렇게 탄탄하게 만들었다는 게 너무 신기해요. 여정의 끝인 끝의 꽃바다까지 원신 계속 꼭 플레이할 거예요. 오래오래 서비스해주세요.",5,6,2026-08-09T09:02:41+00:00,6.7.0_45486583_45768959
genshin,원신,fa940b0d-8b27-460a-819a-b8b2e0ac2daa,재밌어요 다만 뭘 해야할지 모르겠네요,5,0,2026-08-09T06:14:58+00:00,6.7.0_45486583_45768959
genshin,원신,11fdfd7e-f076-443d-bff0-efe83d635890,재밌음 진정,5,0,2026-08-08T22:57:59+00:00,6.7.0_45486583_45768959
genshin,원신,4627e5bc-74d8-49ac-ad97-79cd9bf250ef,페이몬 너무 귀엽고 저는 요즘 원신 좋아해용 ㅎㅎ,5,0,2026-08-08T20:09:18+00:00,6.7.0_45486583_45768959
genshin,원신,ca131833-0c97-4fe0-89f8-248794f8d97d,걍 좋아요,5,0,2026-08-08T11:31:57+00:00,
genshin,원신,cfef4e0b-23c6-4233-a4b0-039e15373975,처음 하는 서브컬처인데 괜찮아요!,5,1,2026-08-08T02:57:55+00:00,6.7.0_45486583_45768959
genshin,원신,2708ca5a-9e1d-41c8-91ac-1dbcd476613a,지금 2년 거의 다 되어가는 유저입니다. 평점 1~3점인 리뷰들을 거의 다 보고 오고 할말만 하겠습니다. 원신이 현질 유도는 많지만 무과금이어도 열심히만 하면 원하는 캐릭터들을 뽑을 수 있어요 제 3년차 지인도 지금 무과금 계정 3개 키우고 있는데 자기 최애들 계정마다 뽑았다고 자랑하더라구요 꼭 현질이 아니어도 원신을 충분히 즐길 수 있습니다 그리고 용량 차지? 그건 회사인 호요버스에서도 줄일려고 노력하고 있습니다 용량을 많이 차지한다면 설정에 들어가 임무 삭제 비슷한거 있거든요? 그거 사용해보세요 원신에 스킵 기능이 없어서 불편한건 맞습니다 하지만 그 스토리 자체를 보는것을 좋아해서 불평 안하고 원신을 하는 사람들 대부분입니다. 원신을 할때 재밌게 할 유저들 1. 돈이 없고 엔드 컨텐츠들을 천천히 플레이 할것인가 2. 스토리를 좋아하는가 3. 소과금이면 한달에 2만원정도 지를 생각이 있는가(공월+기행) 4.많은 유저들과 소통하고 싶은가 5.자신의 최애를 만들고 뽑고 가지고 싶은가.,5,2,2026-08-07T22:27:14+00:00,
genshin,원신,6de76069-5d0b-4bcb-96b7-b91a4e8a032c,원석좀 뿌려주거나 콜라보라도 해주세요,5,0,2026-08-07T19:07:05+00:00,6.7.0_45486583_45768959
genshin,원신,819d70be-cbc6-4d53-b4c8-9827f3adc55a,너무재미있어요 케릭의 서사하나하나 세밀하게나오고요 스토리스킵은 원하긴합니다 그래도 케릭터 모델링도 뛰어나서 좋아요,5,2,2026-08-06T23:30:06+00:00,6.7.0_45486583_45768959
genshin,원신,1ae98da5-2eb0-466b-9b5a-f421f68081a1,다른건 모르겠고 모라 좀 쉽게 주쇼,5,1,2026-08-05T14:45:06+00:00,6.7.0_45486583_45768959
genshin,원신,007798c3-27c3-4e11-afc4-a9bf1780a7d8,"원신은 나의 인생이다. 처음에는 단순히 재미있는 게임일 거라고 생각했지만, 시간이 지날수록 나에게는 단순한 게임을 넘어 특별한 의미를 가진 존재가 되었다. 아름다운 세계를 자유롭게 여행하며 새로운 지역을 탐험하고, 다양한 캐릭터들의 이야기를 만나고, 웅장한 음악을 듣는 순간들은 현실의 스트레스를 잠시 잊게 해 준다. 티바트라는 세계는 언제나 새로운 모험을 기다리고 있으며, 접속할 때마다 설레는 마음을 느끼게 만든다. 원신의 가장 큰 매력은 각 캐릭터가 저마다의 개성과 사연을 가지고 있다는 점이다. 단순히 전투를 위한 캐릭터가 아니라, 각자의 가치관과 꿈, 그리고 성장 과정이 담겨 있어 스토리를 볼수록 더욱 애정을 가지게 된다. 캐릭터들의 목소리와 연출, 그리고 이벤트까지 하나하나 정성이 담겨 있어 마치 한 편의 애니메이션을 보는 듯한 느낌을 준다. 새로운 캐릭터가 등장할 때마다 어떤 성능을 가지고 있는지, 어떤 이야기를 들려줄지 기대하게 된다. 또한 원신은 전투의 재미도 뛰어나다",5,2,2026-08-05T10:41:05+00:00,
genshin,원신,2ca4e4f5-6ad8-4cca-8c3e-4b99a9e75e7c,"My German BF asked me to do this together, so I installed it, but the problem is that there are no game video skip and conversation skip buttons, which is very inconvenient. Plz make some for me. I don't even want to watch the video full.v, and I just want to skip the fast forward function when games having conversations!!!",1,0,2026-08-05T09:16:43+00:00,6.7.0_45486583_45768959
genshin,원신,28dc6a78-31fd-419e-8c7b-a0912e4753b5,굿,5,0,2026-08-05T04:05:20+00:00,6.7.0_45486583_45768959
genshin,원신,69cb77a5-6479-4e19-bec6-df2f96c36e05,"추억은 많으나 선뜻 손이 안감. 이제 원소반응 위주가아니라 3~4캐릭 뽑아야함,,,, 근데 픽뚫,,,, 원신 지우고 이환으로 갈아탐 스토리만 맛보러올듯;",3,1,2026-08-04T06:24:04+00:00,3.0.0_9612129_9624836
genshin,원신,cbadcd15-8c9b-421d-980a-e08710b34663,좋아요,5,0,2026-08-02T15:37:16+00:00,6.7.0_45486583_45768959
genshin,원신,0c227382-212d-4704-adda-3d562cc2fb33,"이 겜을 대략 6개월동안 해봤는데 용량, 시간 다 날린 것 같아 아깝습니다. 처음에는 볼만 했지만 일단 개연성을 박아버린 스토리, 50기가라는 정신나간 용량, 심한 노가다 요소 등으로 삭제하게 되었네요 진짜 차라리 노가다 요소라도 줄이면 좋겠습니다",1,2,2026-08-02T05:03:17+00:00,
genshin,원신,17ed885d-15f5-4b8a-803f-96b4df9548f8,"2년 차 플레이입니다. 캐릭터도 예쁘고 스토리도 전반적으로 좋았습니다. 아시아 서버가 아닌 아메리카 서버로 하는데 문제는 요번 연 4월부터 갑자기 바다가 미친 듯이 번쩍거리고 바다를 보면 화면이 아예 검게 변합니다…. 캐릭터 필살기를 쓸 때면 캐릭터 주변이 번쩍거리고 몇몇 캐릭터는 아예 그냥 화면이 검게 변합니다. 그래서 여러 번 고객센터에 문의했지만, 같은 답만 나오고 고쳐지지 않았습니다. 3~4번 정도 문의를 했지만 답은 똑같고 하라는대로 해봐도 똑같네요... 업데이트 되면 나아지겠지 생각했는데 어느새 5달이나 지났습니다..",1,3,2026-08-01T13:07:37+00:00,6.7.0_45486583_45768959
genshin,원신,95ca5ec2-5d6b-4454-8961-ee769514d8c6,진심 현질유도가 개 심함,2,1,2026-08-01T12:54:43+00:00,
genshin,원신,5a95dc3d-3d03-4925-a5ac-447c29b3170d,로딩 속도가 너무 느립니다,2,0,2026-08-01T06:26:08+00:00,6.7.0_45486583_45768959
genshin,원신,792e3cb9-49f5-4084-b051-16b311c00122,"원공노 시작하고 나서 레전드 세계관, 캐릭터 붕괴함 1. 우인단 위치 공식 방송에서 말하길 얼음 여왕 오른팔, 왼팔은 이번에 나오는 신캐들이라고 함 그럼 우인단은 대체 뭐임? 신의 심장 심부름꾼임? 꾸준히 나오던 피에로가 신캐들보다 위치가 낮음 ㅋㅋㅋ 극악무도한 빌런 집단으로 설정하다가 이제는 걍 내가 하고 싶은 거 할랭! 이러고 있음 콜롬비나랑 산드로네 스토리에서도 시뇨라는 사실 착한 애였어요 ㅠㅠ 이러면 우리는 뭐 어떻게 받아들여야 함? 빌런으로 갈 거면 쭉 빌런으로 갈 것이지 뭐 동아리도 아니고 2. 유저 기싸움 기존 산드로네의 귀족풍 인형 같은 옷은 냅다 갖다 버리고 엉덩이 다 보이는 메이드복 가지고 유저들이랑 기싸움 하는 거 ㅋㅋㅋ 이젠 여캐 안 벗기면 죽음? 그걸 또 캐릭터 입 빌려서 기싸움 하는 게 레전드 ㅎㅌㅊ 3. 여캐 옷 이젠 가슴 위 안 뚫고 미니 스커트 안 입으면 디자인이 안 되나봄 돈 받고 일할 거면 디자인 좀 제대로 해;;",1,3,2026-07-31T14:47:50+00:00,6.7.0_45486583_45768959
genshin,원신,98f5611f-0838-44d1-9f1e-8b77a6a43954,"한동안 원신을 플레이해보았고 사랑했던 유저로서, 이런 분들에게 이 게임을 추천하겠습니다. • 월드 탐사(혹은 맵 구경)를 좋아하며, 이 게임의 세계관이 흥미로운 분. 그러나 캐릭터 수집이랑 엔드 컨텐츠에 관심이 없으신 분. • 반대로, 과금에 부담이 없고 캐릭터 수집이랑 엔드 컨텐츠에도 관심이 있으시다면 시작하셔도 괜찮을 것 같습니다. 다만, 이 게임이 유저들의 피드백이나 개선 요구를 적극적으로 반영하지 않는다는 점을 참고하셨으면 합니다. 이 리뷰를 보고, '원신 돈 안 드는 게임 아니었나요'하는 생각이 드실 수 있습니다. 그러나 이 말은 이제 옛말이 되어버렸으며 지금으로써는 게임의 방향성이 다르게 가고 있다는 점을 알고 계셨으면 합니다. (지금은 캐릭터의 성능을 제대로 활용하려면 특정 파츠나 해당 캐릭터의 전용 무기 의존도가 높아지고 있으며, 이를 얻는 데 필요한 원석량이 서서히 빡빡해져 가고 있다고 느끼고 있습니다.) 기존의 운영과 현재의 방향성 모두 아쉬워 1점 남깁니다.",1,2,2026-07-31T14:18:09+00:00,
genshin,원신,0627b214-5801-4602-b197-c579916c13c2,그저 G.O.A.T,5,1,2026-07-31T09:15:38+00:00,
genshin,원신,b2b4510a-158f-4384-822d-b61911172a2a,지금 소통 없이 혼자하면 금방 재미없어지는 게임 할려면 친구들이나 다른 유저와 같이 해야 흥미가 생깁니다 처음엔 초보라서 자주하지 않아서 성장이 더딘것도 있겠지만 퍼주는것은 아니라서 뽑기도 각잡고 한 캐릭만 뽑아야되고 심지어 픽뚫이 나버리면 진짜 게임 하기 힘듭니다 캐릭터 성장이 안되니까 다 안되네요 그리고 별바다세계는 주관적인 생각이지만 없으면 좋겠습니다 자기 캐릭터를 만들어 플레이 할수있다지만 솔직히 필요가 없어서 거의 안쓰고요 새로 게임을 만들던가 용량만 차지하네요 코스튬도 현질해야 뽑을수있고 무료뽑기는 하기 힘듭니다 무료뽑기권 준다고 본게임과 상관없는 미니게임들 하면서 플레이타임을 늘리기만 하고요 따로 게임을 빼주셨으면 좋겠네요 무과금으로 게임 하려면 하루종일 원신만 해야해요 용량도 많이 차지해서 원신하나깔면 금방 99퍼 되고요..,3,5,2026-07-31T03:01:36+00:00,6.7.0_45486583_45768959
genshin,원신,fc99f1e6-258b-4546-be00-f7e26f3f9173,스킵 나오면 좋아요 좀 눌러주십셔 복귀하게,5,6,2026-07-30T14:14:02+00:00,5.4.0_30057195_30231699
genshin,원신,ef5ddb48-e35d-4482-a0de-6578964ba017,옛날 캬릭터들 리모델링해주세요오오옹오오ㅗ,5,140,2026-07-30T13:04:14+00:00,6.7.0_45486583_45768959
genshin,원신,40b8970c-0955-46cb-96b2-9f43be46a5eb,사기꾼거끼고썸원신가짜엠뱉겨서쓰고있음,1,0,2026-07-30T06:55:40+00:00,6.7.0_45486583_45768959
genshin,원신,0b1bf00f-2b4a-4a5f-808a-1644e968538c,게임은 재미있고 다좋은데 이대로 계속가면 유저들이 다 나갈거같아서 원석수급 난이도나 아이템파밍 난이도를 낮추는게 좋다고 생각합니다,5,0,2026-07-29T13:53:54+00:00,6.7.0_45486583_45768959
genshin,원신,1da3dac3-1332-4781-90a3-796c875d2a77,캐릭터 먹기 진짜 힘드네요 10만원 쏟아부어야 하나 얻을까 말까...,1,1,2026-07-29T11:49:43+00:00,
genshin,원신,7c9eaf8f-0757-44fd-a15e-4395e5537f4d,재미있고 하다보면 어느새 2시간이 흘러갈 정도임,5,3,2026-07-29T02:26:36+00:00,6.7.0_45486583_45768959
genshin,원신,7f5a0572-9dfb-4cf1-9975-a03e2199a19c,존잼,4,0,2026-07-29T01:20:04+00:00,6.7.0_45486583_45768959
genshin,원신,aa7bd415-769f-4ab3-9167-9cb6dedc3e61,npc퀄리티가 20년전게임들보다 못함 옷들이 질감도없고 그냥평면임 대충만든 텍스쳐하나로 npc 딸깍해서 짜치고 몰입도안됨 어릴때 했던 ps2게임들npc도 이러지않았어,2,1,2026-07-28T07:16:09+00:00,
genshin,원신,484a85bb-0852-4279-9f3d-c16b674bb8e3,"솔직히 전반적으로 스킵 하나 때문에 스토리가 길어진다는게 문제가 맞습니다. 컨텐츠는 오픈필드라 괜찮다고 느껴요. 타 게임보다 적은 보상도 이해가 가고요. 4성이 성능캐로 많이 내니까요. 그렇다고 이해한다고해서 괜찮은건 아니죠. 같은 게임사로 비교하자면 붕스,젠존제는 보상이 큽니다. 배포도 많고요. 그렇기에 4성이 안나온다고 한들 5성 뽑기에 뽑을지 말지 선택지가 존재합니다. 전반,후반 신캐와 복각캐까지 그 5성을 굳이 뽑지않아도 대체제는 많기도 하고요. 배포와 보상,대체 파츠들이 만들어주는 선택지이죠. 근데 원신은요? 4성 성능캐지만 전용 파츠이고 범용캐가 잘 안나와요. 나오는 신캐들이 전부 전용이에요; 그래서 신캐를 뽑지 못하면 다음 복각때 못뽑습니다. 그때 또 신캐가 나오거든요. 당여하게도 복각캐도 역시 못뽑죠. 결국 현질해야죠. 이게임만 하는게 아니라 지갑에 부담이가고요 여러분도 느낄겁니다. 5성캐들은 왠만해서 출시때 뽑은 것이 대부분이라는 걸.. 적어도 전 그럽니다.",3,2,2026-07-27T19:05:38+00:00,
genshin,원신,520d3e5e-4c90-4233-bd81-3648690f38bb,처음만 재밌음. 난 지금 처음임,5,0,2026-07-26T05:49:36+00:00,6.7.0_45486583_45768959
genshin,원신,b143c8e9-cdb1-4dc2-8ff7-36280d0b951e,스토리 스킵기능 만드시고요 구버전 애들 모델링좀 고치던가 스킨을 내주시고 산드로네 옛의상 가져오세요 어이털려서 못하겠네,2,3,2026-07-26T02:48:38+00:00,
genshin,원신,2c2b9712-e6ec-480f-99d2-7f99b83fbad4,"작년 10월달에 시작한 뉴비.? 입니다 제 첫 이런 3D? 세계관 게임였는데 정말 재밌어요 캐릭터들도 다 너무예쁘고 잘생겼는데 원석 모으기가 너무 힘들어요 탐사를 하거나 일일퀘스트를 하고 신상을 열고 신의 눈을 모으고 적이랑 싸우고 스토리를 밀어야 얻을수 있는데 스토리는 너무 길고 스토리 스킵기능좀 넣어주었음 해요 점점 스토리 시간이 늘어나서 거의 모든 퀘스트는 2~3시간이 넘게 걸립니다. 보상좀 많이 주셤ㅅ으면 해요ㅠㅠ 현질을 할 수 밖에 없기도 하고 픽...뚫 정말 현질까지 해가며 준비한 캐릭터인데 인연 80개 모아서 돌렸는데 픽뚫나오고 또 현질햌ㅅ는데... 픽뚫...ㅠㅠ 그럼 또 원석을 모아야 하고 그리고 할 수 있는,ㄴ게 몹 잡기, 스토리 밀기 정도밖에 없는데 흥미가 떨어져서 2시간 하면 나가는것 같아요 그런 점을 빼면 너무 좋은게임인것닽아요..감사합니다",4,4,2026-07-25T12:08:03+00:00,6.7.0_45486583_45768959
genshin,원신,783de45c-9c12-4dc5-b5e6-7d469a18999e,"1.접대질 일인자 2.신규 성능캐 찍어내느라 수습불가능한 인플레(전용무기포함) 3.호구 하나 걸려줘라 100렙확장시스템 4.아직까지 스킵가지고 유저와 기싸움중 5.나타부터 붕괴된 원신세계관, AK총들고 나와도 이상하지않음 6.첫시작 몬드에 떨어지기전 상황과 달에 뜬금없는 우주선추락 설정과 오류 7.주인공 여행(게임목적) 방향성이 상실 8.그래픽 구닥다리",1,51,2026-07-25T07:04:38+00:00,
genshin,원신,d70d8f36-6778-40f2-b90a-485f75e8da48,"게임 참 재밌게 합니다. 하지만 무기 뽑도 그렇고 다른 게임들과 다르게 뽑기권이 별도로 있는 것이 아닌 그런 느낌이라 무과금 / 소과금은 무기 뽑는 것도 일단 힘듭니다. 걔다가 캐릭터 뽑을 확률은 낮을대로 낮습니다. 최근에도 뽑고 싶은 캐릭터가 있었지만, '픽뚫 후 천장'이 반복되서 이제 더 이상 하고 싶은 마음도 없을 따름입니다. 아직도 제가 원신을 하는 이유는 단 하나. 좋아하는 캐릭터와 시원한 원소작용 입니다. 어느새 정신을 차리고 나면 힘들게 키운 캐릭터들이 적을 쓸고 다닌다는게 마음에 듭니다. 접은 후에도 묘하게 계속 알고리즘에 떠서 또 하게 되는 것도 묘미죠. 즐겜 하시실 바랍니다 ^^",3,0,2026-07-24T21:47:52+00:00,
genshin,원신,5f59ca69-3030-426e-a962-1ee22bb75563,"저 지금 플레이어 하는중에 서서히 음악에만 진심으로 되어가고 있는 원신 원석을 준다고 해도 현질해야지 만 새로운 캐릭터 가 나오고 건의상황 문의 해봐도 컴퓨터 플레이어 들만 해결 만 해주고 휴대폰하는 플레이어들 건의상황내용을 다 무시하고 원석을 많이주는것도 아니면서 업데이트 는 왜? 하는거죠! 새 캐릭터 라고 잘 뽑히게 해 주던가 원석을 많이 써 봐도 새 캐릭터 는 줄 생각이 아에 없고 현질해야지 줄 생각이 있죠! 장난치는것도 아니고 무슨 원신 업데이트 할 의미가 없고 그냥 원신을 음악 게임으로 차라리 바꾸시죠! 이럴게 된걸! 쉽게 안뽑히게 하고 휴대폰,컴퓨터 하는사람은구분해서차별할생각은하지마세요열받으니깐요그리고추천하는이유3가지다틀렸어요맞는게없는데요더추가로더말하면원석을감실열쇠에서얻은상자제외한나머지상자에서2개.5개.10개만원석을주면현질안하는플레이어입장에서손가락만빨면서구경하라는건지그리고업데이트때아이디어적어서보내달라고할때적어서보내면안해주고당담자가원하는거만추가하고플레이어들아이디어는없음..",1,114,2026-07-24T16:27:32+00:00,6.7.0_45486583_45768959
genshin,원신,fe022706-3927-4226-a403-864d476e4cba,오토가 잇엇으면 좋겠어유,5,0,2026-07-24T14:27:20+00:00,6.7.0_45486583_45768959
genshin,원신,8b78f7fa-1da0-47aa-8127-036ecdf2aaf6,"유치하고 재미없는 스토리, 불호 취향인 장발남캐에다 느끼하고 노출 심한 캐릭터들, 오토코노코, 현질유도... 단점이 끊이질 않네요... 게다가 이번에 나오는 나타도 겁나 유치해 보입니다. 다시는 할 생각 없고, 온라인 게임 자체에 시간 쓰지 않을겁니다. ""우리는 여행자님께 최고의 게임 환경과 서비스를 제공하기 위해 최선을 다하고 있습니다. 만약 게임 도중 불편하신 사항이 있으실 경우 메일 혹은 고객센터를 통해 언제든지 도움을 요청해 주세요."" 이런 기본 복사 멘트 붙여넣기 하지 마시고 제대로 좀 응답하든가 하세요. 무슨 포켓몬스터 디지몬도 아니고 나타 너무 재미없을 거 같네요. 암튼 영원히 접습니다.",1,30,2026-07-24T11:01:55+00:00,
genshin,원신,ff0b9475-9046-4980-81de-8c57322dd591,다양한 모험스토리랑 자주자주 나와주는 이벤트 덕에 아주 좋습니다!사실 뽑기를 할 수 있을만큼 원석을 많이 퍼주는건 아닌거 같긴하지만 스토리가 훌륭하고 캐릭터들이 모두 예쁩니다.특히 개인적으론 폰타인 스토리가 몇년동안 가슴에 밧힐 정도로 가장 최고였습니당♡푸리나 사마 사랑합니다 영원히,5,4,2026-07-24T10:00:25+00:00,
genshin,원신,d977aa53-69e6-4615-a603-1248199afc31,그래도 나쁘지 않은 것같음,5,0,2026-07-24T03:01:50+00:00,6.7.0_45486583_45768959
genshin,원신,2808935d-4796-43ff-b079-28a399610daa,무과금인데 원석파밍이 쪼끔 빡세네요 그거말곤 다 굿굿글코 아를픽업1번만더 한다음 10뽑에 뜨게해주세요 ㅈㅂㅈㅂ,4,0,2026-07-23T13:57:34+00:00,6.7.0_45486583_45768959
genshin,원신,f1ed63c3-6e18-40f4-8fa3-e01e1cd0df1c,"장점 1.각 나라에 경치가 너무 예쁨 2.캐릭터들에 각자만에 스토리가 풍성하고 디자인도 예쁜데 캐릭터들에 목소리나 성격도 매력이 엄청남 3.원소 작용을 이용한 전투에 대한 재미와 스토리를 이어가는 재미가 존재. 4.모험 레벨을 왕창 올리면 다른 플레이어와도 일부 플레이는 함께 가능. 단점 1.원석 모으기 정말 힘든데 뽑기 확률도 극악무도해 무과금에겐 게임 진행이 어려움 (강한 캐가 없으면 거의 죽음 밖에 답이 없기에) 2.퀘스트들에 난이도가 천차만별이고 정말 극악무도하고 번거롭고 복잡한 경우가 많음 (던전이나 특별 퀘스트 등도 대부분 포함,심지어 다음 나라로 옮기는 과정 마저도. 심지어 관련 공략법이 유튜브에도 없는 경우가 많음) 3.캐릭터 키우는 재료도 많이 들고 구하기 힘든편 (우선 캐릭터가 약하니 뭐 하나 얻으려는거 자체부터가 반이상이 막히고 꼬임) 결론:저는 그럼에도 여전히 원신이 너무 좋고 사랑하지만, 미자인 관계로 커서 기회가 되면 다시 올게요. 항상 화이팅 하십쇼 원신.",5,8,2026-07-23T13:25:20+00:00,6.7.0_45486583_45768959
genshin,원신,2ea13af3-07b2-4d8a-afa4-80a0ad189fda,아니 셰이더 로딩 겁나 길어서 게임도 못해요. 서민은 하지 말라는 차별 게임입니다,1,3,2026-07-22T10:08:42+00:00,6.7.0_45486583_45768959
genshin,원신,20e31c6b-c248-4b70-b166-72364efda325,아니 휴대폰 발열 너무 많이 됌 그리고 플레이 하는데 갑자기 튕김...,1,1,2026-07-22T01:15:17+00:00,5.8.0_35245262_35356052
genshin,원신,4c2d9f8d-e977-4d9d-a42f-d706f46c4751,버전 업데이트를 할 때마다 튕김 현상이 너무 심해 게임 진행이 안 되네요.,2,0,2026-07-21T17:28:26+00:00,
genshin,원신,9436699e-dc68-4016-b554-80bdfe31af1b,솔직히 장점도 많지만 단점이 너무 많아 게임에 정 털려서 접는경우가 너무 많음.. 우선 나선비경같은 엔드컨텐츠에서 신캐 접대 하는거까진 그렇다 치는데 딜러 한명이 있으면 전용서포터가 하나씩은 무조건 있어서 캐릭 2개는 뽑아야 제대로 클리어가 가능함 근데 이 겜은 원석 수급량이 낮아도 너무 낮고 시간대비 효율이 붕스 젠존제에 비해 너무 안나옴.. 그러다보니 캐릭터 픽뚫 전무뽑기는 과금 유저 아닌이상 꿈도 못꿈ㅋ 픽뚫 나오는 순간 그 픽업은 거의 포기해야됌..그러다보니 딜러캐릭터는 어중간한 파티를 짜버려서 접대도 제대로 써먹지 못하고 제대로 클리어도 못함.. 심지어 붕스 젠존제에 있는 스토리 스킵기능조차 없음 스토리라도 빨리 밀어서 원석 모아도 모자랄판에 이 겜은 출시된지 5~6년 지났음에도 그딴 기능조차 없음 메인스토리까진 이해하나 월드임무나 잡임무 같은거에라도 넣어주든가 해야하는데..심지어 재미도 없음..이러니 원신 뉴비도 안 늘어나고 골수 유저들은 게임에 끝까지 정 털려서 접고..,1,13,2026-07-21T17:05:34+00:00,6.7.0_45486583_45768959
genshin,원신,89afc2f6-1ff5-45f2-be5c-813047287aa8,스토리 스킵좀..;;,3,1,2026-07-21T14:02:50+00:00,6.1.0_38157513_38357358
genshin,원신,2e2ccb14-64fc-4a0f-ae9c-bcc65a1a4ebf,공짜이벤트가 많이 없을 뿐입니다,5,0,2026-07-20T13:51:03+00:00,6.7.0_45486583_45768959
genshin,원신,fcaca540-680d-4ee7-a138-da8f00f35ea4,재밋게 즐기고 있어요,5,0,2026-07-20T12:51:27+00:00,6.7.0_45486583_45768959
genshin,원신,bff4e177-b6e0-46fe-8f48-462552c83eed,재밌는데 원석작이 너무 힘들고 레벨이 너무 확 올라서 츄츄족에게 쫒겨다니는 신세구요.. 치치야 그만나와줘,3,1,2026-07-19T22:45:01+00:00,6.7.0_45486583_45768959
genshin,원신,7bd84027-102e-4043-b22b-a991cb305936,세계관 저세상... 갈수록 이해 할 수 없는 난이도 찾을 수 없는 미션들 농락하는듯 하는 게임 스트레스 쌓이는 장점이 있음 🤣🤣,1,0,2026-07-19T14:45:49+00:00,
genshin,원신,d64d4795-ccd8-4fc9-a396-b53bc3f75db3,간만에 복귀했는데 마신임무는 그렇다쳐도 전설임무에서 혈압오름. 쓸데없이 너무 늘어지고 시간만 잡아먹음. 하다하다 예전부터 스토리 보면서 혈압오르는건 처음이긴한데. 빡치라고 만든거같음.,1,1,2026-07-18T17:34:43+00:00,
genshin,원신,09bc0df8-3948-4f92-bde3-8019b6c7ccbd,재가이게임을다운ㄹㆍ드핸는데여 너무 재미없고 현질을 유도하네요 돈 벌려고ㅇ안든 게임은든 ㅉㅉ 1점도 아까워요 마음은 0.00점 주고 싶은데 참은거에요,1,0,2026-07-18T16:26:48+00:00,
genshin,원신,a822e9c1-54af-4316-a117-a4277a1d6e29,원신의 단점. 왠만큼 좋은 메인 스토리 콜롬비나때까지는 좋았습니다 진짜입니다. 제가 지금 메인 스토리가 불의 신 메인 스토리 지역밖에 안되지만. 일단은 열심히 메인 스토리 밀면서 가챠중인데 진짜 현타오는것. 픽뚝입니다. 이번에 운좋케 노 픽뚝로 73회만에 산드 얻엇고 무기는 못얻었지만 그래도 행복합니다. 왜냐고? 콜롬비나가 제일좋아하는 친구를 뽑아서? 콜롬비나도 있고.,4,1,2026-07-18T11:24:38+00:00,
genshin,원신,5ab133ca-49ef-4441-9e4b-04745f8fbaae,재미는 있습니다만 무과금으로 하시면 원석이 진짜 안 모여요. 57레벨쯤 되니까 맵 파먹기밖에 할 게 없어요...,3,0,2026-07-18T09:11:50+00:00,6.7.0_45486583_45768959
genshin,원신,ec0fc2f3-7492-4b96-a0b6-98081aa1246a,편의성 업뎃이 너무 느려,1,6,2026-07-17T10:07:22+00:00,6.7.0_45486583_45768959
genshin,원신,69abd862-221d-4fa8-ab07-dc7c47b64d7f,스토리니 이런건 다 재밌고 괜찮은데 와이파이 연결이 제대로 돼어있는데도 렉이 너무 심해요..이벤트 기원 확률도 너무 최악이고요...인터넷 연결로 인한 사용 문제좀 제발 어떻게 해결해줘요...,2,0,2026-07-17T03:31:32+00:00,6.7.0_45486583_45768959
genshin,원신,04754283-914d-4b6a-9d78-1b7b32eaede9,쿠죠사라 근접기능 추가좀,5,0,2026-07-17T00:16:59+00:00,6.7.0_45486583_45768959
genshin,원신,c1d5ab00-1273-481e-8e04-2139237e77f3,"오랜만에 복귀했으나 복귀보상 거의 없음, 명조보다 모든게 뒤쳐짐, 발전이 없음, 산드로네 뽑으려고 질렀다가 모나떠서 접음 ㅅㄱ",2,0,2026-07-16T17:23:25+00:00,6.7.0_45486583_45768959
genshin,원신,e068c3e4-bbe8-40df-8a1a-526bd10e98dc,그냥 다 좋음 근데 이건 내 운이지만 픽뚤이 항상나서 재화가 많이 듬,5,0,2026-07-16T13:06:01+00:00,6.7.0_45486583_45768959
genshin,원신,d3727105-9ad8-45da-87f5-1f801544f1bc,제미있다,5,1,2026-07-16T10:08:40+00:00,6.7.0_45486583_45768959
genshin,원신,bc72b0d1-dfdc-4268-914e-ca1b88ffac2f,조아요 조아요,5,0,2026-07-16T00:48:57+00:00,6.6.0_44318314_44476906
genshin,원신,352de735-30df-482b-969a-d110c88eb81b,게임을하는데 여름! 귀향?폰티날리아 귀향 이벤트있잖아요 반짝이는거 오류인가요?,5,0,2026-07-15T07:49:32+00:00,6.7.0_45486583_45768959
genshin,원신,e741704d-7aed-4025-b359-1417f3308b02,저는 원신 다운받고 시작 하는중 오류로 ㅠㅠ 몆칠 뒤에 다시 다운받고 처음부터 다시 시작 하고 있어요. 원신 너무 재미있게 하고 있어요.,5,0,2026-07-15T00:15:51+00:00,
genshin,원신,6ee3a3a4-c765-498b-9864-422760d678fc,돈 많고 여유많은 백수들이 하기에 딱 좋은 게임.,2,0,2026-07-14T16:33:04+00:00,2.7.0_6933856_6989239
genshin,원신,1545a33e-8ab2-4e09-b6e0-2ebabf6e8464,재밌음 그래픽이 비교적 별로임,5,0,2026-07-14T09:42:10+00:00,6.7.0_45486583_45768959
genshin,원신,255608f3-ec4f-4f87-95f6-0c568fe427e2,주는게 없잖아 너무짜 게임이,1,4,2026-07-13T16:13:25+00:00,
genshin,원신,7bc97172-5f55-4984-9815-1bfaeecb1e96,스토리 스킵 없음+자동이 있는데 느리고 중간에 자동 눌러도 선택지 구간이 나와서 멈춤 유물(스텟) 종결 먹기 힘들고 걍 노가다임 나침반 얻기 노가다 /원석 파먹기 호요랩 없으면 어디있는지도 모름+호요랩이란게 있는지 모르는 유저가 많음;;나도 포함이었음@@엔드콘텐츠 최신캐 접대는 당연한걸 앎 근데 구캐릭풀로 나선11층 못깸;;;나콜시베 쓰긴 했는데 딜이 안막힘@@월드임무? 스킵 불가에 뭐 겁나 돌아다니고 기믹 ㄱ어려움+연계퀘도 많아서 짜증남@@설산 ㄱ힘드네 나침반도 안되지 추위게이지에...ㅋ@@노드크라이 보스 위에 눈동자 어케 먹는데 호요랩에서도 안나온다..ㅆ@@나타 보스들 겁나 까다로운데 앞으로 뭐가 나올지 모르겠음;;누가 얼음파티로 쳐깨는지 알았겠냐고 뉴비들도 얼음팟은 신경 안쓰고 신규팟만 만드는데 얼음이 무슨 일(예전 일) 캐릭 모델 좋아지는거는 알겠는데 스토리는 스킵은 언제?붕스/ZZZ는 있는데?????????????,1,3,2026-07-13T14:07:01+00:00,4.4.0_20481013_20559831
genshin,원신,669e43ea-d2cd-4941-a5ee-c5f5a27ec39c,개인 취향일수 있지만 저는 개인적으로 탄탄한 스토리 각자 다른 매력이 있는 캐릭터를 가진 정말 멋진 게임 이라고 생각 합니다. 원신을 비판을 하시려면 원신을 끝까지 즐기시고 다시한번 생각 하시고 비판을 해주세요. 그래도 맘에 들지 않는다면 어쩔수 없지만.....,5,12,2026-07-13T13:37:25+00:00,6.7.0_45486583_45768959
genshin,원신,922eefea-ebcc-483f-88e2-a425748de3f0,노드크라이 4막 까지는 덜 튕기다가 4막 완료후 자꾸 튕겨요 발열도 너무 심하고 한번에 들어가지도 못해요,1,9,2026-07-13T07:16:08+00:00,6.7.0_45486583_45768959
genshin,원신,9e8a3c98-ae89-4121-adcb-ca9f346228d4,갓,5,0,2026-07-13T06:22:54+00:00,6.7.0_45486583_45768959
genshin,원신,0c4fefa5-6034-4f11-8c50-b3f4f74c4c5a,"S23+로 잘 즐기고 있습니다. 근데, 마비카 오토바이 탑승만 하면 물 그래픽이 깨지면서 엄청 밝은 빛이 납니다. 다른 고화질 요구 그래픽에서는 괜찮다가도 마비카만 오토바이 타면 그러네요. 수정 부탁드립니다.",5,4,2026-07-13T01:14:50+00:00,6.7.0_45486583_45768959
genshin,원신,71ba383e-00b5-4a8f-b16e-40bd8459d099,그래픽이 너무구림,4,1,2026-07-12T18:42:32+00:00,6.7.0_45486583_45768959
genshin,원신,14d71a7f-4927-4ae7-8a60-2edefb79a464,사료 때문만이 아님. 지금까지 얘네해온 행보 나열하자면 끝도 없고 이미 다 써놓은 애들도 있음. 나도 그들 중 하나임.,1,13,2026-07-12T13:41:57+00:00,
genshin,원신,2208193a-602d-4af4-adf5-7cdff6066c7f,확실히 게임 재밌고 스토리 좋은데 호요버스 게임 전체가 공유하는 단점이 재화를 얻는 난이도가 정말 높아요. 사실 호요버스 게임 외에도 원신라이크 게임이면 많이 겪는 문제점 중 하나긴 하지만 말이죠.,4,14,2026-07-11T14:26:46+00:00,6.7.0_45486583_45768959
genshin,원신,662bdbc3-db73-470d-9162-5c82a4576d16,개인적으로 만족합니다! 스토리 스킵만 있다면 더 좋을텐데 말이죠,5,0,2026-07-11T13:27:27+00:00,6.7.0_45486583_45768959
genshin,원신,c2ff57a6-8e70-4e81-96e8-fe1845f647a7,굳게임,5,0,2026-07-11T11:33:09+00:00,
genshin,원신,47f931b0-2598-4ab5-940a-ccbffd5a3f1a,신규 캐릭터가 늘어나는 만큼 원석이든 구 캐릭터든 좀 더 쉽게얻을수 있는 기회가 있었으면 좋겠어요 그외 편의성이 점점 개선이 되서 좋긴한데 너무 아쉬운수준.. 그리고 이제 슬슬 레진도 늘려줄때 되지 않았나요?,4,3,2026-07-11T11:31:27+00:00,6.7.0_45486583_45768959
genshin,원신,ece155ec-cb02-42d6-970b-3d055e41aa20,걍 유물작 힘들고 모든게 힘듬,1,4,2026-07-11T09:17:15+00:00,6.7.0_45486583_45768959
genshin,원신,51f3f2a7-7630-4b58-8b08-654c468aba32,원공노 만만세,5,0,2026-07-11T09:11:39+00:00,6.6.0_44318314_44476906
genshin,원신,c33c9705-4c6c-4efd-81bb-4835e7e60da4,나도 달에 가고 싶어.. 하지만 모바일 유저에게 이 용량은 너무...,4,6,2026-07-11T04:01:08+00:00,
genshin,원신,18da9180-2dd4-4a72-912e-a2c4680ce356,"이번 공월의 노래 버전은 진짜 용두용미였다.. 스토리, BGM, 맵 등등 전부 GOAT",5,0,2026-07-11T02:33:53+00:00,6.7.0_45486583_45768959
genshin,원신,552a462a-4e9b-47b9-8e9f-49a9801820f1,초반애들 모델링좀 어떻게 해주세요...,5,0,2026-07-10T14:38:01+00:00,6.7.0_45486583_45768959
genshin,원신,7136a782-af9d-45e8-b0e5-20bd3662e622,확실히 여러가지 개선해가서 만족해여,5,2,2026-07-09T14:23:10+00:00,6.7.0_45486583_45768959
genshin,원신,71599bba-32b1-4e32-b117-8167c2845d5a,너무 비행적 입니다,5,0,2026-07-09T09:38:43+00:00,6.7.0_45486583_45768959
genshin,원신,ffe04066-0f24-47e5-a3aa-1a171f7e0839,남캐도 스토리 많이 나오게 해줘...남캐도 쌘캐 나오게 해줘...소년캐도 쌘캐 나오게 해줘..,4,0,2026-07-09T08:32:43+00:00,6.7.0_45486583_45768959
genshin,원신,92171678-b381-4a10-a719-9f278105e0c1,"명조나 같은 회사인 붕스랑만 비교해도 원신이 압도적으로 재화가 짬, 애정 때문에 못버리고 있는데 너무 답답함",2,1,2026-07-08T23:20:17+00:00,6.7.0_45486583_45768959
genshin,원신,b6629dc0-3179-4e8f-b9f1-75c2c11450f8,내가 부정적인 리뷰는 잘 안쓰는편인데 진짜 이건 적어야겠네 제!!발!! 스킵 좀 만들어라 제발!!!!!!!!!!!!!!!!!!!! 전설 임무도 강제적으로 하게 만들어놓고 스킵이 없으면 어쩌냐고!!!!!!!!! 아니 난 누군지도 모를 캐릭 따위 스토리 알고싶지도 않고 시간 낭비하고 싶지도 않다고!!!!!!!!! 왜 알고싶지도 않은 캐릭 지식을 강제 시청 강제 주입하냐고!!!!!!!!! 제발 스킵 만들어줘ㅠㅠㅠㅠㅠㅠㅠㅠㅠㅠ,1,1,2026-07-08T05:53:14+00:00,
genshin,원신,cbd4fea2-1877-487e-97d7-3435d66f962f,"원신 수메르때 시작한 유저입니다. 원공노로 들어오면서 기존에 가지던 원신의 단점이 80%는 해결되었다고 해도 과언이 아닙니다. 기타 편의성, 개쳐말아먹었던 나타때와의 비교해서 완성도 높아진 스토리, 여러가지 방면에서 좋아졌다고 생각합니다. 하지만 과거 캐릭터들의 모델링이 정말 심각할 수준으로 못생겼습니다. 스커크 때처럼 외모 변화를 주든 외형 as가 절실합니다. 미코, 야란, 아야카, 다이루크 등등 네페르 라우마 산드로네 스커크 이런애들과 비교하면 이게 같은게임 인가...? 싶을 정도입니다.",5,4,2026-07-07T05:37:30+00:00,5.5.0_31400259_31451966
genshin,원신,f6dd73da-d283-431d-a810-b04a60236230,진짜 스토리 스킵만 나오면 완벽한 게임,3,0,2026-07-06T23:06:15+00:00,
genshin,원신,bec788b1-8ddd-4b6f-a471-d29a21190195,"게임 오픈할 때부터 해왔던 유저고 얼마전에 삭제함. 스토리 스킵 언제 낼 건지 진짜 모르겠음. 최근 소식으로 대화 빨리 넘기기가 추가된다고 하던데 이것도 그냥 기싸움의 일부로밖에 안 느껴짐. 게임이 수 년씩 서비스되면서 스토리가 매우 방대해졌는데, 중요도가 떨어지는 스토리까지 단 한 줄도 스킵되지 않음. 스토리를 보지 않았을 시 커뮤니티에서 발생할 수 있다는 분쟁 요소에 대한 주장도 이해가 가지 않음. 남들 즐기는 건 모르겠고 내가 보기 싫다고. 겜안분이라 할지 모르겠는데 풀돌 및 전 캐릭터중 80%이상 명함은 보유한 유저임. 충분히 애정이 있었고 이 게임만이 가진 수많은 장점을 인정함. 그러나 이 게임에 대한 프라이드가 대단한 건지, 미호요는 유저들이 게임을 즐기는 방식을 단 한 가지로 줄이고 있음. 전투, 탐험 등 다른 컨텐츠를 중심으로 즐기고 싶어도 결국 한 트럭 쌓인 임무를 보면 화가 치밂. 앞으로도 스킵 생길 때까지는 할 생각 없음.",1,9,2026-07-06T19:15:01+00:00,
genshin,원신,4c09d812-5fe9-4c4c-864c-fc549866d4ab,굿,5,1,2026-07-06T02:01:23+00:00,6.7.0_45486583_45768959
genshin,원신,a7178896-32c0-4d45-9319-61796b4da38d,지금까지 리뷰 이런식으로 쓸 생각은 없었는데 자기소개에 문제 있다고 초기화가 갑자기 되어있더라구요?? 아니 욕설 써놓은 것도 아닌데 규정 위반 행위라뇨 계정 정지된다는 공지 보고 식겁했어요 ㅋㅋㅋㅋ ㅋㅋㅋㅋ 지금까지 4년 가까이 해오면서 돈 썼는데 이건 아니죠 아니 공지 문자 줄꺼면 어떤 단어의 문제가 있는지는 알려줘야죠 그래야 주의하고 안하려 하는데 띡 초기화만 하면 다인가요?,1,3,2026-07-05T10:18:23+00:00,6.7.0_45486583_45768959
genshin,원신,2178b2b4-7c03-4abb-99a3-a7c2f4cd9de5,아직은 뉴비라 잘 모르겠어요 일단 좀더 해봐야 될것 같지만..케릭터퀄리티나 스토리를 좋아하는 저에겐 괜찮은것 같아요,5,0,2026-07-05T10:06:38+00:00,6.7.0_45486583_45768959
genshin,원신,096a81f7-8543-4110-ba29-b2e0995fa020,튜토리얼 끝넨지 조금 됬는데 아주 좋아요 근대 뭔 뽑기권준다고들 했는데 진짜 있는건가요 막 5성공짜로 준다고하는데 어떻게 받나요?,5,0,2026-07-05T06:07:32+00:00,6.7.0_45486583_45768959
genshin,원신,b9e15a38-fdc8-4525-bb6b-82ff75ab5a96,이제는 지루함 매일 리트라이임,1,2,2026-07-04T22:34:43+00:00,2.0.0_3513686_3617618
genshin,원신,9179698a-864e-40d3-ba5b-4bbaaf26b927,폰타인부터 몬드에서 있던 일반 비경이 없어서 슬퍼요,5,0,2026-07-04T18:43:26+00:00,6.7.0_45486583_45768959
genshin,원신,9c1e3e2f-6072-4698-a06b-7693a5db0ab8,솔직히 이렇게까지 한 게임을 오래한 적이 없음,5,1,2026-07-04T14:33:56+00:00,6.7.0_45486583_45768959
genshin,원신,656cc796-16a2-4c02-aa73-96d351b2b9a0,재화 너무 조금 줌,1,2,2026-07-04T09:06:32+00:00,
genshin,원신,ae9823ee-f083-4a8b-9e1f-29b226198287,now they provide a divided somewhat reduced game resource files but still too big i just wish the cloud was free,3,0,2026-07-04T03:16:21+00:00,6.7.0_45486583_45768959
genshin,원신,886a6692-ea00-47e6-8439-b28cad68c0d1,산드로네출시축하해ㅠㅡㅠ♡♡,5,0,2026-07-04T01:56:25+00:00,
genshin,원신,f5ab6bdf-d11f-4e73-a16b-36c7105bfd1e,게임을 하게 해주세요 저장공간을 얼마나 잡아먹으면 로딩이 안돼,1,3,2026-07-04T00:55:35+00:00,
genshin,원신,a7775823-f10d-4572-8440-5877048d978a,초5-게임 시작함. 초6-아맞다 다시 시작 야르~,5,0,2026-07-03T22:17:03+00:00,6.2.0_39595820_39944325
genshin,원신,b57cb7c8-bf3c-4114-8cec-f82e8739e520,오랜만에 하는데 왜 로딩이가 길어? 언제 시작을 해.. 시작을 못히게 만들네..,1,2,2026-07-03T16:40:31+00:00,4.7.0_23093867_23435602
genshin,원신,00826f3e-5413-4d1f-825b-ae212a5a94db,용량이 너무 많아 안해 응 개발자 허접 허접 한심해 응 안해,1,1,2026-07-03T15:03:10+00:00,
genshin,원신,713c022c-3439-4f4d-9e27-b14164363daf,굿,5,0,2026-07-03T12:59:10+00:00,6.7.0_45486583_45768959
genshin,원신,6563e52b-0046-4701-8439-f041a625be4b,이 게임이 과연 모바일로 돌아갈만한 게임인가 에 대해선 절대 불가능이다!!!,1,13,2026-07-03T07:32:05+00:00,3.5.0_13082099_13156424
genshin,원신,ef0d67c4-37c7-4233-9e2d-93f8d6e2d482,스킵 좀 빡시게 하게 만들고 서버 이동가능하게 날짜 정해서 제발루~~지금은 서버이동 만들어 주세요 ㅠ,5,0,2026-07-03T06:52:21+00:00,6.7.0_45486583_45768959
genshin,원신,a974615e-345c-4ee4-878f-33c246e82bec,굿,4,5,2026-07-03T05:24:49+00:00,4.5.0_21307647_21321795
genshin,원신,175f87ad-2e50-44e4-b819-2e11af990e60,1.0때부터 달렸지만 그 전에도 좋은 게임이였지만 원공노 버전에 와서는 내 인생 최고의 게임...,5,0,2026-07-02T16:49:22+00:00,6.7.0_45486583_45768959
genshin,원신,fef1279f-3e2c-4c96-b930-a46d3aa2aa27,아직까지 좋아요 다만 초반에 원소반응부분이 어려워서 이해하는데 시간이 필요했어요,5,0,2026-07-02T12:41:13+00:00,6.7.0_45486583_45768959
genshin,원신,56231a56-87a0-449b-bf8d-524ee8d9564a,원공노는 전설이다,5,0,2026-07-02T09:16:54+00:00,6.7.0_45486583_45768959
genshin,원신,ab005a87-974e-4744-b499-2ba4f1fe0363,안녕하세요 현재 원신을 즐겨하고있는 유저입니다 이번 업데이트를 텅해서 오류가 많이 난거 같습니다 제 핸드폰 기종이 갤럭시s26+인데 화면이 자꾸 깨지는 형상도 일어나고 가끔씩 무지개 같은 흰색 바탕 화면 같은것도 생기고 있습니다 제 핸드폰이 이상한가해서 핸드폰 다시시작도 해보고 게임을 삭제하고 다시 깔아서도 해봤는데 여전히 그대로여서 저만 이러는지 알고 싶습니다 만약 저만 이러면 어떻해 해야된지 알려주시면 감사하겠습니다,5,4,2026-07-02T07:45:43+00:00,6.7.0_45486583_45768959
genshin,원신,91208b32-d12f-44a4-b85a-7d0da6ade746,"너무 비판할게 많아서 뭐라 말해야 할지 모르겠음, 그리고 비판을 해도 얘네가 안들음. 진심으로 얘네는 대화라는걸 안함. 원신은 돈벌 생각이 있는거야?",1,2,2026-07-02T02:05:00+00:00,
genshin,원신,7224e7c5-f2b4-43e4-b68b-ea4ea2129d9d,굳,5,21,2026-07-02T00:30:23+00:00,6.2.0_39595820_39944325
genshin,원신,b4d89559-a906-458d-84d4-648086034334,"왜인지는 모르겠지만 게임 입장이 안됩니다. ㅜㅜ 제가 쓰는폰 문제인지, 앱 오류인지는 모르겠는데 가능하면 앱 점검 부탁드립니다 🙏",3,0,2026-07-01T21:45:31+00:00,
genshin,원신,2c77c802-4695-4fcc-9cd7-0be8b9badaf6,bgm이 좋음 그리고 ㅈㅂ 기원 시스템이랑 스킵좀 어케해주삼,5,0,2026-07-01T16:29:13+00:00,6.6.0_44318314_44476906
genshin,원신,bebe855a-0b53-4074-b857-130bec858833,GOAT,5,18,2026-07-01T13:39:40+00:00,6.6.0_44318314_44476906
genshin,원신,92fe6831-ba61-4419-b0a9-3f94b1301bfe,"장점: 오픈월드, 다양한 캐릭터와 좋은 모델링, 무난한 스토리, 다양한 이벤트, 유저 친화적 단점: 무과금이면 심각하게 힘듦, 용량이 매우 큼",5,0,2026-07-01T09:44:52+00:00,6.6.0_44318314_44476906
genshin,원신,21d27684-72dc-4fb3-a4f2-e46dbd13e713,사건사고도 많고 탈도 많았지만 내 인생의 새로운 변화구가 되어준 게임,5,1,2026-07-01T09:08:15+00:00,6.6.0_44318314_44476906
genshin,원신,78ebc4e4-f808-4215-8f81-4d73fa9e9715,내맘속 서브컬쳐 1위 게임,5,1,2026-07-01T08:27:48+00:00,6.7.0_45486583_45768959
genshin,원신,2afd1eed-45f6-4ae4-91d5-2d3ccff8e322,3-4년 했는데 점점 발전해가는 것같아서 좋아요. 캐릭터 퀄리티도 좋아졌어요. 다만 구캐릭터와 차이가 너무 심해서 같이 있을 때 너무 어색한 그림이 만들어져요. pv에선 어색하지 않아서 다행임.,5,11,2026-07-01T07:53:33+00:00,6.6.0_44318314_44476906
genshin,원신,206577dc-4a26-4246-8085-a786ea7e23c6,too expensive,4,0,2026-07-01T06:37:37+00:00,6.6.0_44318314_44476906
genshin,원신,aac450b8-b1f3-4cc4-9487-eec872fdce52,도토레 플블 주세요,5,0,2026-07-01T06:07:37+00:00,6.6.0_44318314_44476906
genshin,원신,4898cd62-3169-4846-b0fa-bf7df6706c24,예 찍남인ㄷ요 푸리나를 기다리며 잠수타고있어요 근ㄷ 끊질 못하는 이유는 캐릭터 하나하나가 넘귀엽고 이뻐서입네ㄷ 옛날 캐릭터도 리메이크 해주면 더 재밌게 즐길것같아요,5,0,2026-07-01T05:10:19+00:00,6.7.0_45486583_45768959
genshin,원신,cb3dc6ea-e696-4614-8b5d-5e4df0df80a6,게임 은 제미있는데....저장공가이 너무 많이 필요해서ㅠㅠ 다른 게임도 못하고 있어요 그리고 5성케릭터도 잘안나오고 그치만 제미있게 할게요 그치만 무과금유저분들도 5성을 잘얻을수있도록 5성확률을 조금만올려주세요!,5,0,2026-07-01T04:24:56+00:00,6.7.0_45486583_45768959
genshin,원신,d7bc9733-26ff-4284-b2d4-7c6e133481bb,"스토리도 캐릭터 서사들도 전부 너무 좋아요 ! 할거 없을때 하면 시간 순삭 가는 느낌입니다 :] 처음엔 광고에서 먼저 보고 시작했는데, 예전에 더 일찍 시작할걸이라는 후회도 들어요..ㅠ 너무 디테일도 고쳐나가고 눈으로 보기만 해도 좋은 게임이란게 확실히 들어오니까요.. :> 진짜 캐릭터 관계도 확실하게 정리되어 있어서 스토리 볼때마다 행복했습니다!! 플레이도 자율적으로 할 수 있어 그 점도 장점이고 단점이랄건 업데이트 할때 시간이 조금 밀리는 점이랄까요,..ㅎㅎ... 그래도 제가 제일 좋아하는 게임 유형이라서 행복합니다! 게임 용량은 디테일 때문에 어쩔 수 없겠지만... 너무 좋은 게임이라 생각합니다!! (성우님들 목소리 듣는것도 좋아서 계속 하고 있는것 같네요..ㅎㅎ), 앞으로의 업데이트도 디테일이 상당하길 기대할게요!! :]",5,21,2026-07-01T04:09:52+00:00,6.7.0_45486583_45768959
genshin,원신,a5ba9c1c-3909-4db8-8644-f3837fc84922,"스커크, 산드로네, 푸리나같은 예쁘고 서사있는 캐릭덕에 즐겜중",5,0,2026-07-01T03:50:03+00:00,6.6.0_44318314_44476906
genshin,원신,740757bf-1434-4406-a650-c10268072746,레진 좀 더 내놔,5,0,2026-07-01T03:49:10+00:00,6.6.0_44318314_44476906
genshin,원신,3c7f5ed7-0161-426f-9c99-1ca327aa8d66,재밌어요,5,1,2026-07-01T03:25:40+00:00,6.7.0_45486583_45768959
genshin,원신,5ded60cd-6683-43d4-9bfc-b7e352968a8d,류웨이 그는 신이야,5,2,2026-07-01T03:23:51+00:00,6.6.0_44318314_44476906
genshin,원신,cb9aea77-8f15-45ab-92f7-1c0f3121b4fc,5성이 은근 빨리나옴이아니라걍안나와,5,1,2026-07-01T03:20:41+00:00,6.6.0_44318314_44476906
genshin,원신,747ea57e-2961-4c4e-8b24-c449feb0bde1,조아요. ㅎㅎ ㅎㄹ재밎재미지,5,0,2026-07-01T02:50:05+00:00,6.7.0_45486583_45768959
genshin,원신,37eee23c-478a-4ccc-8613-12d06442227a,산드로네 비틱하게 해주세요 쩨브알!!,5,0,2026-07-01T02:34:25+00:00,6.6.0_44318314_44476906
genshin,원신,5b90b60a-984d-4bd8-bd87-b061561f4ce2,온갖 오픈월드 서브컬처 해봤는데 원신은 모바일 최적화의 신이다.,5,0,2026-07-01T01:15:45+00:00,6.6.0_44318314_44476906
genshin,원신,41703955-14f9-4c22-a33d-5e2d72560490,캐럭터 뽑을 때 쓰는 원석 모으기 🐶힘들어요....... 원석 너무 짜게 줘요,4,2,2026-07-01T00:21:01+00:00,6.7.0_45486583_45768959
genshin,원신,1a89c006-dd00-446d-aa36-d29d5069b80e,유저들을 전혀 생각하지 않는 형편없는 운영방식,5,3,2026-07-01T00:08:01+00:00,6.7.0_45486583_45768959
genshin,원신,d2e1a825-a530-46dc-8a23-667491bbc4e2,나타 나오고 나서부턴 꽤 괜찮아졌네요 그런데 이벤트 중에 레벨 제한 이벤트(40/70/80렙 난이도 제한 있는 전투 이벤트)는 이제 좀 다른 걸로 교체하면 좋겠다고 생각해요 난이도를 높혀서 도전하면 몹이 죽질 않아서 점수가 안 나오고 난이도를 낮춰서 도전하면 얻는 점수가 너무 짜게 나와서 은 등급 얻기도 빡세고 뭐 어쩌라는 건지... 아 그리고 저거 다인 이벤트도 이제 좀 뺍시다. 별바다에 다 있는 컨텐츠인데 뭐 하러 내는지 모르겠네요.,3,8,2026-06-30T23:34:10+00:00,6.6.0_44318314_44476906
genshin,원신,8acffff7-5ba0-4d0b-98d1-57367d6784ed,1년하고 한번 접은 유저인데 못 참겠다. 나 이제 너 아니면 못살아,5,0,2026-06-30T23:11:22+00:00,6.6.0_44318314_44476906
genshin,원신,a2a89d29-166a-4f6e-aff3-425254b9d965,"원래 한 게임 오래 못하는 성격인데 인생겜이라고 할 정도로 꽤 오래 했다고 생각함. 중간중간 원태기 오긴 했는데 딴겜하다가 원신 생각나서 돌아올 정도로 즐기는 겜 중 하나임. 스토리,맵,캐릭터 다 좋음. 요즘 특정 조합으로 해야 버프 받고 그러는게 처음하는 사람한텐 부담될 순 있음. 물론 엔드 컨텐츠도 어느정도 캐릭터 육성 시키면 원석 보상 못 먹을 정도도 아니고 맵도 커진 만큼 상자가 늘어서 레벨 올리기 쉬워지고 원석 모으기도 괜찮아짐. 하지만 시간이 많아야 해서 부담이 되는건 사실임. 스토리 스킵 기능도 다른 미호요 겜은 있다보니 말이 더 나오는 것도 있음. 5~6시간을 스토리에 써야하니 시간 없는 사람들이 스킵 원하는건 이해하지만 결국 취향 차이라 생각함. 직접 플레이하면서 감상하는 것도 원신을 즐기는 방법 중 하나라고 생각함.",4,9,2026-06-30T22:23:42+00:00,6.7.0_45486583_45768959
genshin,원신,9db1368c-f604-49b6-9cd6-166f10602358,81학번 산드로네 출시 4년 기다렸소,5,0,2026-06-30T13:40:06+00:00,6.6.0_44318314_44476906
genshin,원신,a964261b-aec8-48ab-b901-c77740e00b3a,"되게 재밌어요! 게임도 잘 진행이 되고요. 근데 뽑기에서 60~70번 뽑기권을 써야지 5성이 뜨는 건 좀 그래요. 50~60으로 줄여주시던가, 아니면 픽업 뽑기에서 치치나 진같은 애들이 그냥 안나오게 해주세요. 그냥 픽업캐만 (지금같으면 산드로네) 뜨게요.. 자꾸 픽뚫이 나서 게임이 재미가 없어집니다. 뽑기권 많이 쓰는건 그렇다 쳐도 제발 픽뚫만 안나게 해주세요.",5,0,2026-06-30T12:48:50+00:00,
genshin,원신,bdb6f796-1e1b-46ec-bece-47cf1d8dab08,진짜 제 인생에서 최고의 게임이에요. 이제 원신 말고는 마음에 드는게 없어요.,5,0,2026-06-30T07:11:36+00:00,6.6.0_44318314_44476906
genshin,원신,f62aa5ac-c8ea-41c9-963a-69392339f0e0,내가 계정에120박았는데 다 픽뚫나는건 너무한거아니냐 남들처럼 10뽑에 픽업캐나오는건 바라지도않는데반천장에 한번이라도좀 보자,1,3,2026-06-30T04:34:02+00:00,6.6.0_44318314_44476906
genshin,원신,7d238187-60ab-4af8-8651-91344ded005f,서브컬쳐 게임은 원신 이전과 이후로 나뉜다,5,1,2026-06-29T20:23:55+00:00,
genshin,원신,5f221bc3-2b6c-4f5d-8ae2-e2100065fb53,솔직히 지금시기에 와서 다시 하거나 새로 시작하는건 추천 못하겠음,3,10,2026-06-28T12:52:32+00:00,4.7.0_23093867_23435602
genshin,원신,37409460-331a-4953-af2a-7314a6185239,요즘 폼 좋다,5,0,2026-06-28T11:12:07+00:00,6.0.0_36598533_36939763
genshin,원신,f28b9d5d-8e67-42ec-b69d-5b4bfb35f4f5,"확실히 용량 때문에 하기 망설여지는 게임. 요즘 휴대폰 용량이 최소 256, 512로 나와서 넉넉하지만 그래도 용량이 좀 큰건 사실... 현질 요소 많지만 무과금으로도 천천히 진행 가능.",5,4,2026-06-28T01:57:12+00:00,1.0.0_1112729_1135452
genshin,원신,a9b3eda9-dd1f-4cac-b77d-fbfdaf4d701c,게임자체에 대한 평가보다는 이 호요버스의 직원들의 열정과 일처리능력이 그 어느회사보다 뛰어나다는 것을 부정할 수 없다.,5,0,2026-06-27T16:29:49+00:00,6.6.0_44318314_44476906
genshin,원신,0304fd3a-286f-43e1-9c24-22c4306c3ad4,재미있어요,5,0,2026-06-27T12:33:48+00:00,6.6.0_44318314_44476906
genshin,원신,833bdba2-a1da-4c40-b85f-0ab3efab543a,재미잇습니다,5,0,2026-06-27T06:04:48+00:00,6.6.0_44318314_44476906
genshin,원신,33f344f1-a5a5-4838-a7ae-84ae6d84d5ab,"다른 호요겜에 비해 재화 퍼주는 양도 복귀 보상도 매우 적음. 스토리 진행 시간도 매우 오래걸림. 물론, 원신 스토리가 중요하고 그만큼 재밌지만 월드 퀘스트같은 경우 보이스도 없는 게 쓸데없이 분량만 길어 몰입하기도 힘듦. 차라리 전설 임무나 월드 퀘스트에 스킵 버튼을 만들어줬으면 함. 그리고 대체 왜 별바다 세계를 밀어주는건지 참... 원신하면서 이때까지 낸 플블 여캐옷보다 별바다 세계 여캐 옷이 예쁠 줄 몰랐음.",3,1,2026-06-26T11:45:00+00:00,
genshin,원신,8a011258-6e92-4dee-963d-db28352aa8f8,재미있네요,5,0,2026-06-26T05:54:40+00:00,
genshin,원신,72be5210-a64b-4283-b292-d4200502b8a8,짱,5,0,2026-06-25T13:48:25+00:00,6.6.0_44318314_44476906
genshin,원신,4e0d9085-0b93-4edd-aee6-93252817e810,다 좋은데요.스토리 스킵좀,5,0,2026-06-25T13:05:22+00:00,6.6.0_44318314_44476906
genshin,원신,fe7a6793-e539-403f-8b8b-a4615868ab43,역시 처음은 재미있어...신선해 근데 늘 그랬듯 .. 네 번째 계정이지만.. 이나즈마 클리어하고 나면 안 할 거 같아..요 망할 신캐 우월주의... 예전 캐릭터는 뭐 시즌 뽑기로 변해버리고 하아...,3,0,2026-06-25T06:40:25+00:00,6.6.0_44318314_44476906
genshin,원신,b1057f59-0124-40fc-bf3f-96ca78c53b8f,S21로 꾸역꾸역 하고 있는데 렉이랑 발열 오지게 걸리고 그래픽도 깨지지만 그래도 재밌습니다. 대학생이 되어서 할 일이 많아져 그동안 접속을 못 했었는데 오랜만에 티바트로 들어가 봅니다. 걸어서 세계여행 해야겠네요.,5,1,2026-06-25T00:03:33+00:00,6.6.0_44318314_44476906
genshin,원신,4d1b464b-b21d-487a-a88a-a324cccff828,짱 잼있음 이렇게 푹 빠진 게임은 진짜 첨이에요 진짜 섭종하지마세여ㅜㅜㅜㅜ,5,1,2026-06-24T14:08:03+00:00,6.6.0_44318314_44476906
genshin,원신,15a8307d-ec1b-4e26-b29f-c479dbad4575,개 존망겜 방랑자성능꼬라지 접는다ㅗ,1,3,2026-06-24T12:19:20+00:00,4.4.0_20481013_20559831
genshin,원신,b8a61e32-ed6f-46ef-9f3a-688eaacffe31,원신 초반에 게임좀 꺼지게 해주세요 앱잘못들가서 끌라고하는데 조오오온나게 안꺼짐,5,0,2026-06-24T07:20:57+00:00,6.6.0_44318314_44476906
genshin,원신,c95fadd8-8ba9-4465-a911-b99adb0c8894,스킵만 좀,5,0,2026-06-23T09:37:19+00:00,6.0.0_36598533_36939763
genshin,원신,4fb82d97-7fbc-4036-8511-a06364fab03a,"연차로 4년정도한 유저입니다. 원신 재밌습니다. 호요게임은 한번씩은 다 해보았지만 개인적으로 오픈형 필드에서 자유롭게 거닐 수 있는 것에서 헤어나오지 못해 4년동안 상습적으로 원신을 지웠지만 아직 하고 있는 이유 중 하나입니다. 예전에는 할게 없어서 접었는데 접다보니 그런지 할게 많아서 접게 되는 상황입니다 스토리 재밌습니다. 저도 스토리 보는 내내 스킵을 하고 싶지만 원신은 스토리를 다 봐야 이 넓고 넓은 세계관을 그나마 이해할 수 있다 생각해 자동 눌리고 안 보는 편입니다. 귀찮은데 왜 굳이굳이 봐야되는지 그리고 과금을 굳이 안 해도 노동을 열심히 하다보면 되는데 사실 애정캐고 나발이고 다 버리고 원신을 지우는 대참사가 일어납니다. 과금해도 비슷해요 노동하는 처지는 같아요 똑같이 노동해도 딜이 더 잘, 암튼 뭔 성능이 잘 나온다는 거겠죠. 뉴비 유입이 좀 있는데 원소 반응도 모르는 분도 많다고 하더라고요 갠적으로 자세히 설명해서 원신을 제대로 즐길 수 있으면 좋겠어요.",5,51,2026-06-22T09:45:59+00:00,6.6.0_44318314_44476906
genshin,원신,8cd3a84c-3916-43ab-b975-4d563715f9f7,원석수급 오지게 부족 컨텐츠 부족 개심함 스토리 노스킵 시간아까움 그리고 이벤트 너무 적음 옛날부터 지금까지 변한게 없음 고로 명조 갓겜,1,3,2026-06-22T06:13:53+00:00,2.0.0_3513686_3617618
genshin,원신,4f51dfa0-ebab-435e-8121-2601d4c94305,👍,5,0,2026-06-21T23:09:54+00:00,6.6.0_44318314_44476906
genshin,원신,c610ab68-c1b2-4046-b632-aa3f2de9f27c,굿,5,0,2026-06-21T21:26:33+00:00,6.6.0_44318314_44476906
genshin,원신,629ab4f1-90bc-4fb2-86cf-3d74edb36c66,말라니 복귀 시켜주세요,5,0,2026-06-21T05:23:14+00:00,6.6.0_44318314_44476906
genshin,원신,8900c77a-bb45-4a82-8b9d-3d175d551ed4,"처음에 원신 할때는 잘했는데 명조, 이환 하다보니까 너무 애기들 하는 게임 같아서 아쉽 근데 즐기는데 나쁘지 않음(지웠음)",3,2,2026-06-21T03:22:20+00:00,
genshin,원신,bd4540f3-3dea-4a4e-ac46-8a2ad4cd4796,노드크라이부터 잘못됐다. 1버전부터 한 입장으로서 아쉬울 따름.,1,11,2026-06-20T15:00:35+00:00,4.4.0_20481013_20559831
genshin,원신,c0d25963-b64e-4cda-97bf-ee94881c1147,어렵지만 안하면자꾸 생각이나는 빌어먹을 게임,3,1,2026-06-20T09:15:03+00:00,6.6.0_44318314_44476906
genshin,원신,c3984b91-0f9e-4d27-b535-b4bdf6d9bd38,스토리 스킵 나오면 다시 복귀한다. ㄹㅇ,1,2,2026-06-19T15:37:56+00:00,3.5.0_13082099_13156424
genshin,원신,b77cafc6-5fd9-44dc-abdb-f5cfa2d2685e,좋다,5,0,2026-06-19T07:27:37+00:00,
genshin,원신,14e58856-1b3a-4e8f-88e5-7c574ae031b7,게임은 재밌는데 스토리 스킵이없는게 너무 치명적임... 스토리 강제로 봐야할생각에 시작할 엄두가 안남 .... 너무 재미있는게임이라 스토리 스킵 생기면 다시 돌아올게요.. 그땐 별점 5로 바꿔드리겠음 ps. 하다못해 대화 스킵 기능이라도 있으면 스토리그냥 대화 쫙쫙 스킵하면서 진행할것같음 대화스킵이 우선인것 같음,1,5,2026-06-17T08:51:34+00:00,6.3.0_41350619_41366669
genshin,원신,cc477a05-fc37-4a8f-b9cf-71b46103943a,5성이 안뜸 근데 4성 만으로 스토리를 밀수있어서 좋음,5,1,2026-06-16T07:43:19+00:00,6.6.0_44318314_44476906
genshin,원신,57d8565f-6715-400e-a088-38d609b2e834,그래서 앨리스 언제 출시하나요 그리고 스토리스킵 뽑기완하는 바라지 않을태니 앨리스 출시 언제하는지 알려줘,1,1,2026-06-15T10:48:16+00:00,6.6.0_44318314_44476906
genshin,원신,a9e12c74-eb02-4af3-8468-1a4bc5f01923,내가 재화를 안 썼는데 왜 환불이 안된다는 거임? 그리고 캐릭터 노출 좀 줄여라 보기 힘들다,1,2,2026-06-15T09:57:33+00:00,6.6.0_44318314_44476906
genshin,원신,16dd0eba-e7a7-4432-a876-997ffaed8298,재밌고 너무 즐거운 여행게임이네요♡♡,5,0,2026-06-15T06:15:35+00:00,
genshin,원신,9d733e68-13c2-4668-9655-1ffaeec23dde,300가까이 쓸 정도로 재밌음. 스토리가 ㄹㅇ이고 하다보면 잘 안되서 짜증날때도 있긴한데 막상하고 나면 뿌듯한느낌? 캐릭터도 잘 나옴.,5,1,2026-06-14T17:06:30+00:00,6.6.0_44318314_44476906
genshin,원신,e0e09e89-42d8-4ba5-b26c-0f7d510527f0,재밌는데 다운로드 속도가 너무 느려요ㅠㅠ,3,0,2026-06-14T01:18:57+00:00,
genshin,원신,e167387f-f4ef-4335-94ec-6a1078553a6f,캐릭터 야르 다시보니 100렙 나쁘지 않은 듯,5,5,2026-06-13T17:10:07+00:00,6.6.0_44318314_44476906
genshin,원신,5b70bd12-dfe6-43bf-b052-1bc600258a92,엄청 재밌습니닻,5,0,2026-06-13T07:07:30+00:00,6.6.0_44318314_44476906
genshin,원신,45d90676-8f8e-46b3-b685-144ad046db28,뽑기가 말이 안됨 ㅋ,4,1,2026-06-12T14:58:10+00:00,
genshin,원신,403aadf5-1963-4af2-a113-638a382788f9,지루하다. 유아틱하고 비추.,1,2,2026-06-11T23:43:47+00:00,
genshin,원신,a45dda9e-97c1-4361-ba8e-9df8023c1664,게임.폰.계속.하고.문제.업적.다인.하는것.기믹.시간.못스터잡기.임무.못.혼자.못.다인.도와주신.난이도.어려다고.하고.타임시간.있는것.이벤트.랑.난이도.어려.해결좀해주세요.안님.시간없이.할께.해주세요.폰.조작.어려못.보상.못.쳐먹어요. 결제.비싸.계속.하고.있는데.진짜.점.열받아고.픽.명함.1돌.2돌.고봉.가챠.확.쳐먹.잘안뜸. 점.힘든.니다. 그리고.용량.버그렉.등.생겨요. 해결좀.해주세요. 고객.게임.스토어.건의.해결.x.입니다. 픽.계속.고봉.가챠. 나만.비틱.없.돈부족.,1,10,2026-06-11T17:56:42+00:00,6.6.0_44318314_44476906
genshin,원신,120b1861-87ea-4eb3-9828-e2d0eaedf4b8,크키가 너무 커서 더 못놀아요 ㅜㅠ,5,0,2026-06-11T16:22:26+00:00,
genshin,원신,2fc401ba-3321-41db-b212-1fedb4e4ca65,최근에 이환하는데 재화수급차이 오지네요,5,1,2026-06-10T11:39:46+00:00,6.6.0_44318314_44476906
genshin,원신,af9c0c76-0f6b-4d78-a334-53461e407e2a,항상 발전하네요,5,1,2026-06-09T13:23:54+00:00,6.6.0_44318314_44476906
genshin,원신,f200040e-c82d-4fa5-8fcd-6681fa650bb5,같은게임사면저격하는건진짜아니지않냐 도데체 내부에서뭔일이있는건데 접지는않을건데 하...잘한다진짜,1,1,2026-06-08T14:29:41+00:00,
genshin,원신,6f63406d-1718-48f9-a7e9-d34e885d004a,다른건 다 좋아. 근데 제발 스킵 좀 넣어,3,0,2026-06-08T10:32:24+00:00,
genshin,원신,e96a1c7f-5617-47b4-bce4-e10dd2947105,"스토리 스킵기능좀,,, 스토리 넘기다가 아무것도 못할 것 같음 전투보다 스토리 읽어야되는 시간이 3배이상으로 길어서 잘만 하다가도 때려치고싶음 이거때문에 게임을 열번도 더 관뒀다가 다시 함 복각 하루만에 다시 관두고싶음",3,9,2026-06-08T05:49:22+00:00,6.6.0_44318314_44476906
genshin,원신,da9d30c4-0c02-4dab-8fb0-2914b24ca23e,제발 스토리 스킵좀 만들어줘,5,0,2026-06-07T22:50:33+00:00,
genshin,원신,0ab5b4b7-4c6e-4ecb-9aa8-64496c197a57,비틱하게 해주세요,5,0,2026-06-05T01:11:26+00:00,5.0.0_26041933_26161852
genshin,원신,2ac035fa-ac76-45cb-84ec-b89474804b3c,그래도 근본임. 렉없이 잘 굴러감. 초기보다 많이 발전함. 특유 감성있음.,5,2,2026-06-04T15:23:13+00:00,6.6.0_44318314_44476906
genshin,원신,79d3efec-b886-4edf-a44e-533cbe9b870b,요즘 스토리 느낌 없는데 계속 보기도 그렇고 빨리 끝내고 원석이나 모으고 싶은데 하면할 수록 재미 뒤지게 없어져서 접게되네요 스킵기능 만들어달라고 백날 말해도 안듣고 걍 접을게요,1,4,2026-06-04T14:27:29+00:00,6.6.0_44318314_44476906
genshin,원신,dee1d5fe-3d01-438d-b394-d7945db3a13c,"재투자좀 해라, 후발게임보다 퀄낮은게 말이됨..?",1,3,2026-06-04T09:39:07+00:00,
genshin,원신,4e61ba84-6e50-4586-9367-bd7e41ad7374,스토리 건너뛰기 기능이 너무 필요해요 게임 집중 안되요 돌파 아이템 양이 너무 많음 뽑기 확률 너무 낮음 원석 많이 안줌 돌파레벨 너무 어려움,2,1,2026-06-04T08:53:28+00:00,
genshin,원신,876aa1e5-bc49-45d5-ac22-e0757ddf2d7c,스토리는 개노잼인데 맵탐험 맵뚫하는 맛으로 함,3,1,2026-06-04T08:33:28+00:00,6.5.1_43295958_43466102
genshin,원신,df089fd0-dfc9-4cb8-9197-f1bb5e2a8bd4,내 인생 게임,5,2,2026-06-04T04:18:20+00:00,6.5.1_43295958_43466102
genshin,원신,61dc9f6c-1740-4b4a-8dc8-a123c852c85d,"처음 나올때부터 했는데, 유저들의견 반영을 너무 안하는거 같아서 이제 그만 놓아주게되었습니다..",2,2,2026-06-02T04:38:15+00:00,6.6.0_44318314_44476906
genshin,원신,47704781-08a4-47c2-a347-a22ae81eca62,이건 뭐 거의 매 버전 강제로 신캐 뽑으라고 협박하는 수준의 인플레라 더 돈 쓰기 싫으니 여기까지만 하겠습니다,1,2,2026-06-02T01:59:56+00:00,
genshin,원신,fdd6440f-673e-4d0f-b202-e3788185e2ff,환상극 궤적 난이도 하향 시급,1,3,2026-06-02T01:48:55+00:00,6.6.0_44318314_44476906
genshin,원신,f5748d9d-0dc8-4bd3-9135-43dfc1a4b735,원공노<<< 원신 버전중 GOAT,5,0,2026-06-02T00:55:55+00:00,6.6.0_44318314_44476906
genshin,원신,1efb8136-0235-4ad9-abdf-3e959aeddbdc,여기도 전투 디자이너 문제 있는거 같음,2,2,2026-06-01T15:08:27+00:00,6.6.0_44318314_44476906
genshin,원신,97153a49-daad-46b9-b402-640bc153a103,원소반응이 엄청 재밌고요 기전 캐릭터도 스멀스멀 인플레해주는거 참 좋다고 생각합니다. 스토리 스킵도 솔직히 스타레일이나 다른 스토리 스킵있는게임들 다 스토리 모르는데 원신은 정확히 알고있고 그 스토리를 즐기고 있습니다. 기전 캐릭터 모델링 개선이랑 농축레진 개수 한도만 늘려주시면 완벽할것 같습니다,5,17,2026-06-01T13:05:12+00:00,6.6.0_44318314_44476906
genshin,원신,b172c0e7-5d94-49de-8ab2-ee8395178c04,제발 스킵기능좀,5,0,2026-05-31T13:10:33+00:00,3.7.0_14806628_14807925
genshin,원신,7b0cbeba-a5f7-4f41-ab46-25ecfa3a6f32,캐릭터 모델링 좀 다시 해라,3,1,2026-05-31T03:37:57+00:00,6.6.0_44318314_44476906
genshin,원신,a6a2b7cb-7dd2-4fc8-a3bb-210089aaece5,인생최고의게임♡,5,0,2026-05-31T01:23:48+00:00,6.6.0_44318314_44476906
genshin,원신,4fb61690-d8f4-4aaf-977d-830e7ab3125e,닌텐도 버전은. 언제 출시 하나요?,5,0,2026-05-30T14:53:06+00:00,6.6.0_44318314_44476906
genshin,원신,b2a7a9f7-e7d1-4f73-8369-fdeea18d5167,스토리를 설명하는 기능에 대한 개선이 몇년째 없는거보면 플레이타임 강제 늘리기가 너무 역겹고 걍 짜침,1,4,2026-05-30T06:19:40+00:00,
genshin,원신,08db88de-6b4f-4449-a041-e21e67f0818e,"솔직히 말해 메인 스토리를 미는 데 걸리는 시간이 너무 깁니다. 옛날에는 그럭저럭 할만 했지만 하루에 6시간 7시간 원신만 잡고 해야 마신 임무를 끝낼 수 있을정도라는 게 부담이 됩니다. 그런데 맵은 진짜 갈수록 이뻐지는 게 너무 좋아요ㅜㅜ 깔지 말지 고민중이라면 일단 깔고 쉬면서라도 몇번 하다가 뽑고싶은 캐릭터가 생겼을 때 열심히 모아 뽑아보는 걸 추천합니다. 저도 그렇게 뽑은 첫 캐릭터가 최애가 되어 전무까지 챙겨주고 5성 4명인 파티를맞춰줬으니 이렇게 하려고 하니 3년은 잡을 수 있는 것 같습니다. 너무 좋았지만 시간이 지날수록 같은 방식으로 나아가는 게임을 계속 즐기기란 어려워지더라고요. 하지만 고민중이라면 한 번 깔아보세요, 원신으로 새길 수 있는 추억이 생깁니다. 추억이 새겨지는 것도 언젠가 끝나긴하겠지만!!",2,15,2026-05-30T01:54:12+00:00,6.6.0_44318314_44476906
genshin,원신,5941ece6-643d-40d4-8e70-c18fb4f6aee6,"앱이 꺼짐(튕..) 용량 죠나아아아큼 와이파이나 데이터 필수임(안될 시 평생 로딩) 캐디나 성우라인업이 광기임 일러스트 맛집 소소한? 코코너 이벤트가 있는데 플레이해서 자제를 얻을 수 있음, 나라별 스토리는 계속 업뎃 중이라서 신컨이 나올 때는 기대됨 문제는 스킵이 없어서 강제 시청임ㅋㅋㅋ 튕기거나 잠깐 나갔다 올시 처음부터 시작인데 나홀로 리제로를 찍게 될거임....",4,3,2026-05-29T14:08:33+00:00,6.6.0_44318314_44476906
genshin,원신,dc2dfece-2303-4cd4-b68d-198a191e9d53,현질해봤자 픽뚫나오고 지제전 환상극 나선 극한난이도 노잼 안한다,1,14,2026-05-29T04:38:50+00:00,6.6.0_44318314_44476906
genshin,원신,b2095c93-891d-4fb6-8d7a-cd2752921dd3,스토리 다시보는거 만들어라! 만들어라!,4,1,2026-05-28T16:01:04+00:00,6.6.0_44318314_44476906
genshin,원신,8e437597-3490-4e10-9539-6dd8c2578c76,예전에 다른 계정으로 잠깐 했었다가 캐릭터들이 취향이 아니라 안 했었는데 이번에 나온다는 바르카 때문에 다시 깔았습니다. 원신 캐릭터들은 날이 갈수록 점점 더 매력적으로 변하네요.,5,4,2026-05-28T11:58:24+00:00,
genshin,원신,4f13c81c-8716-403e-aa7a-baf104ba970c,재밌,5,0,2026-05-28T10:18:25+00:00,6.6.0_44318314_44476906
genshin,원신,7dcd609f-bf43-43ba-b1fe-f12352aed1c4,오랫동안 인기있는 이유가있다,5,1,2026-05-26T17:10:57+00:00,
genshin,원신,7b9211f9-6893-4a8d-b5e1-6644fe4f92a2,접대너무 심함 나타랑 노드이후로 좀 as해라,1,2,2026-05-26T16:19:59+00:00,6.6.0_44318314_44476906
genshin,원신,7d2d4de6-417a-439c-8bb5-5adae733e6fa,10개주면 안잡아먹지,3,0,2026-05-26T11:11:48+00:00,6.6.0_44318314_44476906
genshin,원신,c1060066-7e63-461d-94a1-74cbaf0f7fe8,근데 가이딩 지원같은걸 해줘야 어떻게든 지나치던 말던 하는데 좀 아닌거 같습니다 이건 복귀유저 혜택같은것도 없고 신규 유저들만 무료뽑기 지원하고 너무들 하싑니다..,1,0,2026-05-25T17:28:32+00:00,6.6.0_44318314_44476906
genshin,원신,6199ed79-220a-47a4-99fb-543f5a4c324d,"그 스토리가 재밌긴 한데요. 가끔은 여자애들 옷좀 여매주세요. 남자애들이 옷이 뚫리든 말든 남자애들은 그런 옷이 별로없으니까 ""오! 애는 다른 애랑 좀 다른 지역에서 사나? 더운데서 사나?"" 유추가 되는데 여자애들은 무슨 더운데 곳이든 추운 곳이든 전부 다 옷 이곳 저곳이 뚫려 있어서 여자애들이 추워보여요. 그리고, 와이파이 잘 되는 곳에서도 렉이 너무 걸려요.",4,4,2026-05-25T09:59:19+00:00,6.6.0_44318314_44476906
genshin,원신,356e095b-cfef-4570-877b-4446e596a8a0,캐릭터 설붕이랑 캐붕 좀 그만 만들어라...어휴,2,1,2026-05-25T08:36:08+00:00,6.6.0_44318314_44476906
genshin,원신,c63d8481-dfa8-4ca9-9603-40e5e98c3aff,저장공간 미친... 원신만 하란거냐,1,0,2026-05-25T00:41:05+00:00,6.6.0_44318314_44476906
genshin,원신,e9771167-5c22-43b6-b4f0-5e4dc4c54830,아니 울슈레 왤캐 안뜸??,1,1,2026-05-23T14:16:28+00:00,6.5.1_43295958_43466102
genshin,원신,43c7f2c2-0b78-4646-aec7-6c6ca5a158ab,무기 픽뚫이라도 바꿔라,1,1,2026-05-23T13:52:10+00:00,2.1.0_3981765_4073622
genshin,원신,2a4ec964-a579-4eeb-8d18-2d0f4d9dbbd4,계정 잃어버렸었습니다 계정 복구에 필요한 정보의 극히 일부만 알고 있었는데도 직원분의 적극적인 도움을 받아 무사히 계정을 찾을 수 있었습니다. 이렇게 대응이 좋은 게임은 원신이 처음인것 같아요ㅠㅠ 섭정때까지 할게요..!,5,3,2026-05-23T06:07:06+00:00,6.5.1_43295958_43466102
genshin,원신,6f8f521a-3c11-4e14-ba42-7c50830861e3,게임에서라도 자유롭게 다닐 수 있어서 좋다..,5,0,2026-05-22T15:55:16+00:00,6.6.0_44318314_44476906
genshin,원신,bd6000bc-a5e0-4b83-8a65-1727df0b2c53,왜 막판가서 또 뇌를 비우지? 유저 목소리 좀 듣는 척이라도 해라 오냐오냐 해주니까 또 정신을 못 차리네,1,2,2026-05-22T07:38:12+00:00,
genshin,원신,16ca00c6-fe24-4a26-a27d-7619f753eed5,자유도가 높아서 좋아요,5,0,2026-05-21T17:22:38+00:00,6.6.0_44318314_44476906
genshin,원신,43f0e0a2-cc72-4ac5-8ff3-ee22f9968729,개꿀잼,5,0,2026-05-21T13:29:27+00:00,6.6.0_44318314_44476906
genshin,원신,906b3393-4bb4-4065-92c6-ba74a9209dbc,21년도부터 하고있습니다 스토리가좋고 캐릭터들도좋고 맵이예뻐서 계속하고있어요,5,12,2026-05-21T10:40:17+00:00,6.5.1_43295958_43466102
genshin,원신,99a86931-63aa-452b-a1d8-fb7145ec91d9,다 좋아요 진짜로 전부터 계속 했는데 뭐 스토리 스킵이 안되도 그냥 매력으로 느끼고 지나가요 그런데 제발 와이파이 이슈좀 고쳐주시면 안되시나? 맨날 잠깐 1초라도 나가면 스토리가 다시시작이야 와이파이 한번이라도 바뀌거나 끊기거나 연결되도 다시시작이야 근데 그거말곤 다 좋음ㅎㅎ,4,7,2026-05-21T08:04:12+00:00,6.6.0_44318314_44476906
genshin,원신,5dbd9556-ced7-4d96-8000-fd8bc14e23b5,"솔직히 말씀 드리겠습니다. 액션감은 젤다 하위호환정도, 명조, 붕스, 젠존제에 비해 비싼 BM, 타겜들 다 혜택뿌릴때 자기혼자 반비례한거마냥 혜택 뿌리기, 아무리 sns에서 재밌다고해도 전 진짜 모르겠습니다. 캐릭터 모델도 타겜이 낫고, 맵풍경도 대체될게 있습니다. 그래도 제가 큰맘먹고 초반에서 폰타인 초중반까지 밀어봤습니다만, 모르겠습니다. 무과금과 소과금러에겐 너무나도 불친절한 BM시스템, 심지어 전무는 3번 뽑아야 뽑힐까 말까하는 확률.... 진짜 진심 하기싫습니다. 막 다들 이번버전이 낫다 낫다, 어그로 끄셔서 진짜 몇번이나 속았습니다. 전 진짜 이겜의 BM시스템이 진짜 개선이 필요하다고 생각합니다. 그냥 딱 젤다없을때 하기좋은 게임",1,7,2026-05-21T06:27:20+00:00,
genshin,원신,7e50c606-47b1-41a7-aee7-d07107eb029a,항상 원신을 좋아합니다. 하지만 게임사를 좋아하지는 않습니다. 그게 제가 5점같은 애매한 점수를 드리는 이유입니다.,5,6,2026-05-20T17:28:24+00:00,6.5.1_43295958_43466102
genshin,원신,f6acead1-abe7-49ba-b8ce-d6fd361f087c,요즘 폼 레전드임,5,6,2026-05-20T14:37:55+00:00,6.6.0_44318314_44476906
genshin,원신,0c0a320a-e4d1-46f7-9341-82405ffb2e86,원신 진짜 정말 재밌어요 캐릭터 뽑기도 재밌어요 하지만 재화 모으기가 조금 어려워요 그래도 강추!,5,8,2026-05-20T08:02:36+00:00,6.6.0_44318314_44476906
genshin,원신,4239a7a9-be4a-4f9d-9b5f-5d85ba722497,4년정도 하고있는데 하기 시작하면 진짜 열심히해야하지만 힐링하고 싶다고 느낀다면 시작해 보세용,5,0,2026-05-20T07:24:08+00:00,6.6.0_44318314_44476906
genshin,원신,6662f6ac-de24-4feb-b0cc-f7ac3c4f987e,"2년 넘게 원신 하고있는데 스토리 스킵 기능을 만들어달라고 하는 유저들이 많아보임. 스토리 스킵 기능이 없으니까 강제적으로 스토리 보게됨. 처음에는 나도 하면서 답답했는데 스킵 기능 있는 다른 호요겜은 스토리를 거의 모르는데 원신만 알고있음. 스킵 기능이 없어서 거의 모든 유저가 스토리를 알고있고 그에 대해 소통이 가능 하다는점이 정말 좋음. 근데 여캐들 옷좀 어떻게 해주면 좋겠음. 얼어죽이려는것도 아니고 맨살 다 보이고 몸매가 너무 다 드러나게 모델링하면 스토리 밀다 몰입이 안됨. 그리고 다른 악역 플레이어블로 출시하려고 한 악역한테만 몰아주는게 너무 잘 보임. 좀 적당히 해야지 얘가 이런 나쁜짓을 함 근데 알고보니 쟤 때문이래 ㅜㅜ 불쌍하다 이런 방식으로 플레이어블 시키는거 그만했으면 좋겠음. 그럴거면 그냥 다 플레이어블로 출시했으면 함. 또, 요즘 스토리와 스토리 밀다가 나오는 연출이 정말. 정말 많이 발전을 했다고 생각함. 이렇게 계속해서 발전해 나갔으면 좋겠음.",5,19,2026-05-20T06:29:44+00:00,6.6.0_44318314_44476906
genshin,원신,bb75125b-1c1a-41eb-b13c-ac520c359652,"Всё шикарно, игра классная, советую)",5,0,2026-05-20T06:19:47+00:00,
genshin,원신,e6665f7d-485d-4904-b2ff-6f18c8d3fb9c,...언제부턴가 튕기고 렉걸려서 게임을 못하겠네여,3,0,2026-05-20T06:06:28+00:00,
genshin,원신,b104d386-bafc-4705-b483-931a1b079f43,리...리소스만....10GB...케켘,5,0,2026-05-20T04:33:38+00:00,
genshin,원신,f9aa9f0a-7dcf-4867-9199-23646f940446,케릭터 다양하고 스토리와 각각의 서사가 잘 어우러지고 원소를 이용한 전투도 재미있어요 성향에 따라 하드하게 또는 라이트하게 즐길수 있어 좋아요,5,2,2026-05-20T04:19:54+00:00,6.5.1_43295958_43466102
genshin,원신,148004de-ee87-458f-9fe7-a6641b11cee0,연출과 음악이 좋아서 계속 하게 됩니다 서브컬쳐 오픈월드 대표인 만큼 계속 새로운걸 시도해서 시장을 선도해줬으면 해요,5,1,2026-05-20T03:58:30+00:00,6.6.0_44318314_44476906
genshin,원신,124823b7-7aa7-4d95-9f39-e27a0398fe2b,원공노는 기존의 원신과는 차원이 다른 겜임. 스토리 고점에 모델링도 전보단 나아졌고 전체적으로 괜찮아짐. 근데 호두 복각은 언제함?,4,3,2026-05-20T03:03:58+00:00,6.6.0_44318314_44476906
genshin,원신,4e8e92c2-b501-4d0e-86b2-4ecbf0c5ff91,굿,5,0,2026-05-20T01:28:53+00:00,
genshin,원신,21d6cc2a-b864-4b52-8c25-66d515d5b17a,정신 좀 차렸네 좀,3,6,2026-05-19T23:50:37+00:00,6.6.0_44318314_44476906
genshin,원신,ed0063b4-dc04-41b7-8b79-1635412855f1,"동생겜들만큼은 아니어도 조금씩 발전하는중, 뉴비들이 유입되기엔 분량이 좀 많지만 즐길만 함",4,3,2026-05-19T23:33:43+00:00,6.5.1_43295958_43466102
genshin,원신,e1cf8203-f9f5-4ec4-a93e-ac5c7c34dd37,인플레 가속화되는거같아서 좀 안타까움..,4,0,2026-05-19T23:28:01+00:00,6.5.1_43295958_43466102
genshin,원신,0f20e2a6-de81-4d09-b81a-d77381ec3a21,레진 좀 더 주셈.,5,0,2026-05-19T23:21:21+00:00,
genshin,원신,46ab8369-32f1-45e8-9221-0bc8aac4861b,굳,5,0,2026-05-19T15:19:44+00:00,6.5.1_43295958_43466102
genshin,원신,98adec29-e6c6-4bc2-99a0-4fa21fd2888b,그리운 경험,5,0,2026-05-18T11:45:39+00:00,
genshin,원신,6d8cadbd-d827-401d-8577-61c5fa38fa41,"listen to your fan base, Like hsr. PLEASE.",1,3,2026-05-17T15:23:27+00:00,
genshin,원신,bdab6188-d48f-45b6-b42e-95a0dd95f08e,давайте больше наград за версию,1,0,2026-05-17T08:23:26+00:00,
genshin,원신,b55a864d-8a6f-4f84-9739-0469072032ec,"이제 이 게임을 하는 건 도박과 동급이 되었다 싶을 정도로 폐급으로 전락해버렸다. 여전히 이해할 수 없는 스킵할 수 없는, 강제로 끝까지 봐야 하는 스토리. 유저 의견을 전혀 존중하지 않는 설문조사. 스토리를 보지 않고 싶어하는 사람들을 위한 선택지의 부재로 인해 지루해지고 느려지는 플레이 템포. 거기에 무료 원석을 극단적으로 줄이는 강제 과금 유도까지.",1,26,2026-05-16T23:52:47+00:00,3.0.0_9612129_9624836
genshin,원신,2173c375-c612-4976-ba89-c92b11669618,"The game has a lot to improve, it's fun yes but the rewards some dynamics of the game and that forces you to read everything including useless things, all that makes the game. A bummer, really when is it going to get better?",1,2,2026-05-16T23:19:03+00:00,
genshin,원신,8af3ba16-d970-43c8-8f6b-0781b96a0a68,나타때 실망해서 접어야하나 생각했다가 노드크라이와서는 버티 길 잘했다라 생각이 들었습니다,5,0,2026-05-16T07:35:56+00:00,6.5.1_43295958_43466102
genshin,원신,66d31f0a-70d5-4760-9efe-3477b05fb289,실망이 크네요. 믿고 5년간 해온게 허무하네요.,1,3,2026-05-16T03:23:04+00:00,6.5.1_43295958_43466102
genshin,원신,a0ae83a9-2ce7-4b51-8565-c6dcf54e74bc,3년 만에 복귀했습니다. 근데 픽뚫이 났네요 안녕히 계세요,3,0,2026-05-16T01:51:35+00:00,
genshin,원신,e4e45a20-8f6a-4323-9f17-b43f7f2d8a71,"겜 재화좀 풀어라. 원석, 이벤트, 엔드컨텐츠 양이 어떻게 나중에 나온 스타레일이랑 젠레스보다 못하냐 호요야",2,1,2026-05-15T10:48:34+00:00,6.5.1_43295958_43466102
genshin,원신,c82034e9-b2f5-4b57-9d83-0f43053fcae3,"인플레 망함. 신캐 없으면 못 깸. 노드크라이 때 나온 원소 반응은 한정 캐 못 뽑으면 못 씀. 그럼 나선 밀 수도 없음 그나마 예전엔 구캐릭들로 원소 맞춰서 기믹이라도 해제가 가능했지 달 반응은 풀처럼 기존 반응에 추가 된 것도 아니라 무조건 특정캐릭이 필요함. 요샌 노드크라이 잡몹들이 달 반응으로 깨야하는 보호막에 달 반응으로 부활 막아야하는데 기존 반응에 추가 된게 아니라 ""노드크라이 캐릭만"" 쓸 수 있는 반응임 구캐만 가지고 복귀한 사람은 나선에서 못잡음. 탐험에서 얻는 수급량도 거의 반천에서 반천 볼까 말까임 있는 시간 없는 시간 써서 스토리 밀고 탐험해도 픽뚫나면 석 나감 무과금은 게임하지 말란거임. 심지어 레벨 상한선이 뚫렸어도 5성 캐릭 풀돌을하고 3번를 더 뽑아야 100렙을 찍는게 누구 머리에서 나온건지 이해가 안감. 진심 bm, 밸런스, 보상 뭐 하나 좋은 부분이 없음. 트럭 박은거+애정캐들로 버티다가 나선 때문에 석나가서 꼬접함. 복귀할 때 참고.",1,12,2026-05-15T08:07:15+00:00,
genshin,원신,9d06c92b-54bb-49f8-92ea-8db39546aaea,신캐를 두명을 내면서 ㅅ@ 재화를 60뽑 주는건 천장도 치지 말라고? 말이 돼요? 진심 무과금은 어떡하라는거에요? 천장 한번도 못칠 재화 주는건 좀 아니라고 봅니다. 다른 겜이랑 비교 좀 하면 재화 정말 많이 주는데 뭐 돈 벌어야하니까 그렇다 쳐도 천장 한번은 칠 정도의 재화는 줘야할거아니에요.,1,5,2026-05-13T13:15:41+00:00,6.5.1_43295958_43466102
genshin,원신,3a65924e-a34c-457e-a4e3-092e03f3536d,이제 버그도 거이 다 돌파 했지만 처음 깔아슬때 속도가 너무 느려요ㅠㅠ 이것 어쩌줄 모르는것 알게지만 혹시 고치수만 있다면 조금만 이라도 줄어주세요ㅠㅠ(폰이나 기기 변경해쓸때 초기화됌),5,1,2026-05-13T10:47:11+00:00,6.5.1_43295958_43466102
genshin,원신,7655b433-8588-43dd-ae44-3c751cbc2d67,재미있어요,5,0,2026-05-12T23:12:41+00:00,
genshin,원신,8b3eb71d-b07f-46d1-bf5a-ef59c9ebb4aa,많은 추억이 있고 6버전 스토리 퀄리티 좋아진것도 있긴한데 그거하느라 돈을 다썼는지 유저 적대적 운영으로 돌아선거같음,2,1,2026-05-12T20:06:40+00:00,6.4.0_42040338_42314721
genshin,원신,6658c841-f8da-4047-9d81-643180b913e7,더줘원석,1,2,2026-05-12T19:10:46+00:00,6.5.1_43295958_43466102
genshin,원신,f4c52536-15a3-4435-b38f-562cb5917145,나이스 2026년 5월8일날에 최신폰 S26 울트라 삿다 이제 원신 엄청 많이 해야지,5,1,2026-05-12T14:26:32+00:00,6.5.1_43295958_43466102
genshin,원신,0361f708-dced-4273-98f2-cadbff74f31a,월드임무 스킵이 절실히 필요하다,3,1,2026-05-12T11:08:03+00:00,6.5.1_43295958_43466102
genshin,원신,69db39ba-6b10-43bd-8260-4d9e20624a42,재밌노 다운로드가 너무 오래 걸려서 1점 뺐다 게이야,4,1,2026-05-12T09:59:23+00:00,6.5.1_43295958_43466102
genshin,원신,2fc0393f-0e91-469f-824a-5f3bf5e424cd,사료더줘,1,1,2026-05-12T06:41:14+00:00,6.5.1_43295958_43466102
genshin,원신,4803e472-4854-423a-adc9-ed7d4ba3545f,"mihoyo, where's pulls. 60 pulls for a patch with 2 limited characters and a skin? Greedy",1,3,2026-05-11T23:32:01+00:00,6.5.1_43295958_43466102
genshin,원신,f61ed1ab-263a-48e3-82d6-34d120962aa2,bm이너무 비싸다이,1,2,2026-05-11T22:25:10+00:00,6.5.1_43295958_43466102
genshin,원신,341cc76f-2259-40a4-bbc1-2e582f023255,솔직히 원석이 너무 부족함.. 옆집은 진짜 차고 넘치던데,4,2,2026-05-11T12:01:52+00:00,
genshin,원신,3b87ac80-af6a-486e-9dbc-bbd5e6d1575c,요즘 원신 평정 내려가길 비는 사람이 있길래 남김,5,0,2026-05-11T11:49:18+00:00,6.5.1_43295958_43466102
genshin,원신,98623ba4-1768-4b22-ad85-28143bd8c634,재화량이 타겜에 비해 너무 적고 왜 굳이굳이 편의성 패치도 안 하는지 의문. 매력적인 신캐들은 갈수록 적어지는데 거기에 옹졸한 접대 엔컨과 미친 파티 경직성을 띄고 있으니 무소과금은 근처에 얼씬도 하지 말라는 것 아닌가. 솔직히 한 버전에 신캐를 둘씩 낼거면 무과금이 최소 반천 칠 재화는 줘야한다고 생각함.,1,4,2026-05-11T09:11:45+00:00,
genshin,원신,8c961906-1f8f-494c-9e53-42b10fbe0e98,"게임은 재밌으나, 운영이 5점 만점에 마이너스 1만 점이라해도 과언이 아니네요. 솔직히 1점 주는 것도 아깝게 느껴집니다. 옛날과는 달리 인플레가 확 심해졌기도 해서, 캐디 말고는 더 이상 할 이유가...",1,3,2026-05-11T06:07:02+00:00,6.5.1_43295958_43466102
genshin,원신,ca707ba6-4535-4c5e-8813-ed25c9ace469,요즘 보상이 쥴어들고있는것같아요 캐릭터 픽업은 점차 늘어나고 신규캬릭터도 늘어나는마당에 왜 맵ㄱㅍ모는 줄어들고 원석 보상도 줄어드는거죠?,1,5,2026-05-11T05:28:07+00:00,6.5.1_43295958_43466102
genshin,원신,de017a2f-1909-40f1-ab49-8acf6856d25e,"장점: 스토리 배경이 탄탄해서 파는맛이 있음. 주인공만 좋아하는 하렘이 주력이 아니라 캐릭터끼리의 티키타카가 매우자주 있는다 굉장히 재미있다. 맵이 이쁨 어느 나라든 다 이쁨 노래도 마찬가지. 다 좋음. 노래랑 맵은 배신한적이 없다. 최신 인기게임중에서 가장 간단한 전투스타일. 배경지식으로도 원소반응은 어느정도 알수있다. 물+얼음=빙결, 불+물=증발 등등. 캐릭터 디자인이 다양하고 이뻐서 뽑고 가만히 보기만해도 재미있다. 겜이 꽤 오래되어서 고인물이 많아서 뉴비때 도움받기 편하다. 단점: 최신겜들에 비해 편의성이 낮다. 대표적인게 스토리스킵. 나도 스킵없는게임 잘 안하는데 다른사람들이라고 다를리가. 다른게 문제가 아니라 이거때문에 뉴비유입이 적다. 무기 픽뚫이 있다. 물론 원신은 좋은4성도 너무많고 사용빈도가 매우 높지만 그래도 확정이면 나도좋고 모두가좋을텐데. 구캐 모델링이 신캐와 너무 차이난다. 사실 컷신도 갈아엎을거 아니면 못고치는거 알지만 그래도 고치면 스토리스킵 견딜듯함",5,2,2026-05-10T15:21:34+00:00,
genshin,원신,dc65873d-855c-4788-810d-c6706e47d569,"꽤 오래 플레이한 유저인데요.... 최애캐가 생기고 뽑고 나면 재미는 만점입니다. 필드 돌아다닐때마다 내새꾸가 뛰어다니는거 보면 힐링돼요 ㅎㅎ 다만 굉장히... 1~4버전에 비해 인플레가 너무 심해요. 전에는 특정 원소 5성 1명, 4성 3명으로도 파티편성이 원활하게 가능했는데 요즘은 5성 딜러, 5성 서포터1, 5성 서포터2, 4성 6돌 이렇게 아니면 엔드컨텐츠를 깰수가 없어요. 가장 문제인 점은 이러한 5성을 많이 뽑아야 파티편성이 가능한 인플레에 맞춰 원석(=뽑기권) 수급량도 더 많아져야 하는데 반천장조차 주지 않고 그에 못미치는 60뽑밖에 주지 않습니다. 물론 돈 벌려고 업데이트 하고 게임 만든건 알겠는데요. 이러면 유저들은 정말 떠납니다.. 떠날 사람들은 진작에 떠났는데 겨우 버티고 있는 사람들 목을 따버리면 어떡합니까.... 개선 필요해보여요.",2,5,2026-05-10T12:00:07+00:00,
genshin,원신,b8f5688f-1885-4860-a098-0c19481bcc1e,일단 보상이 진짜 적습니다. 옆동네 게임들 다 해봤는데 가장 없어요. 5년동안 발전한게 게임 난이도밖에 없습니다. 풀돌풀재 캐릭터 들고가야 겨우 깨지거나 요즘 메타 캐릭터가 아니면 절대 못깨는 수준입니다. 그리고 그 풀돌풀재를 할 재화를 무과금들은 절대 못얻을 수준입니다. 두버전동안 아무리 열심히 해도 60뽑 겨우 얻을까말까인데 게다가 픽뚫당하면 또 2버전동안 80뽑을 더 모야아합니다 그 사이에 내가 뽑고싶은 캐릭터가 있어서 못뽑는 일도 많고요. 이렇게 명함도 뽑기 힘든데 전무도 뽑아야하고 왠만해서는 궤적도 못깨니까 2돌 6돌해야되고 그걸 또 최소 8명 뽑아야하는데 그럴 재화는 주지도않고 이게 뭐하는짓입니까? 그냥 게임하려면 돈내라는거잖아요? 지금도 못버티고 게임 떠나는 유저들이 실시간으로 늘어나고있는데 문제점을 묵인할거면 그냥 게임 버리세요 지금 남은 사람들도 쓴돈이 아깝거나 애정이 남아있어서 겨우 붙잡는거지 절대 인플레에 만족해서가 아니란걸 호요버스가 알았으면 좋겠습니다.,1,14,2026-05-10T10:20:02+00:00,
genshin,원신,a57c2a0d-6866-4f29-bba6-472ca614a616,할말하않 스킵 기능은 대체 언제 추가해주세요? 편의성 고쳐지질 않네,1,1,2026-05-10T10:02:50+00:00,
genshin,원신,e8d9ee20-1a49-4583-a44f-c293d1cad361,게임이 안변함,1,2,2026-05-10T09:24:19+00:00,3.6.0_13833164_13951843
genshin,원신,330ad492-f4a4-4ba5-a935-ed24ddab2191,점점줄어가는 버전보상.. 스토리스킵도없고 이제곧 6년이되어가는게임인데 스킵은좀 줄때되지않았나요.. 어찌 발전보다 퇴보하는것같지 게임이.. 설문조사 다쓸때없는것같고 차라리 다른게임하는게 더낫겠네요,1,3,2026-05-10T09:17:42+00:00,4.3.0_19705728_19706476
genshin,원신,a3845574-769a-49ac-b432-d6fc27060098,좋습니다. 공월의 노래 버전 후 많이 달라진것 같아서 좋네요. 굳이 따지자면 스토리 스킵기능이나 돌아다니다가 납치당하는것만 좀 고쳐주시면 좋겠습니다. 이제 노드크라이도 끝무렵이고 곧 스네즈나야인데 마지막까지 좋게 끝나길 바랄게요 원신 화이팅^^,5,7,2026-05-10T09:16:05+00:00,6.5.1_43295958_43466102
genshin,원신,5d2cc9ae-c10c-49df-98a4-8c3335b9aeb1,내 인생겜... 이젠 삶의 일부나 다름없음 ㅠ 이만한 게임 또 만날 수 있을까 싶을 정도로 재미있어요,5,0,2026-05-10T03:47:11+00:00,6.5.1_43295958_43466102
genshin,원신,384bb4f9-ae56-453b-b82d-b6332b74014c,재밌어요,5,0,2026-05-09T23:54:24+00:00,6.5.1_43295958_43466102
genshin,원신,437e637a-dfa1-4e75-9559-19c1eeb2db43,진짜 도박이야,1,2,2026-05-09T22:02:53+00:00,6.5.1_43295958_43466102
genshin,원신,e3874a7e-f6fb-42d9-9d26-89aca287aea1,"스킵 좀 만들어주세요 HOYO 두 게임 붕스,ZZZ는 스킵이 있는데 왜 오랫동안 서비스한 게임이 스킵을 안 만들어 주는 건지 모르겠어요",1,1,2026-05-09T22:01:49+00:00,3.6.0_13833164_13951843
genshin,원신,5e25474e-9dc7-4624-a1c8-8e571e135103,원신 하다 빡쳐서 글쓴다 일단 스토리 스킵좀 만들어라 옆집 은 스킵 하는거 있어서 개좋은데 원신? 마신 하나 깨는거 개 오래 걸림 그리고 원석 제공 컨텐츠 좀 늘려라 무과금 유저는 알거임 힘들게 모은 원석 다갖다 바쳤는데 픽뚫 빡쳐서 겜 접음 근데 신캐는 줄줄이 나옴 안 그래도 모으기 힘든 원석에 신캐 뽑아야 되지 전무 뽑아야 되 뭣도 뽑고 하면 원석 다털리고 아니 옆집 한정 픽업 뿌리는데 원신 도 하나줄수 있지 않냐? 그리고 이벤트도 형식이 나올때 마다 비슷한듯 게임이 너무 숙제 같다 스킵 하나만 나와도 할만할듯 ㅈㅂ무과금 도 신경써줘라,5,2,2026-05-09T15:28:10+00:00,6.5.1_43295958_43466102
genshin,원신,03f3b111-62c1-460f-a706-d82cae272088,명조하러 감,1,3,2026-05-09T13:12:55+00:00,6.5.1_43295958_43466102
genshin,원신,0510e134-7e42-495a-b6d9-5ed3bcadd96f,"신규 캐릭터 출시 양에 비해 인게임 무료 지급 재화가 턱없이 적음. 버전 내 캐릭터 하나도 건지기 어렵고, 완전 무과금인 경우 대규모 업데이트 세버전을 모아야 하나를 겨우 뽑음. 공월기행유저도 명함조차 건지기 버거움. 버전마다 한 캐릭터의 명함정도는 보장하는 타 게임이랑 차이가 큼.",1,8,2026-05-09T08:43:32+00:00,
genshin,원신,9f867336-df53-4592-8852-c819440b5849,6년을 했다. 이만한거 없다. 무슨 게임이 스토리가 거의 조선왕조500년급이냐.. 게임에서 경치구경하면서 힐링하고.. 사실 나타때 쫌 그랬지..그거 빼면 완전 훌륭하다..,5,0,2026-05-09T02:49:00+00:00,6.5.1_43295958_43466102
genshin,원신,36a937c6-0f17-47c3-8693-89a9e014a2f1,greedshin,1,1,2026-05-09T02:34:34+00:00,6.5.1_43295958_43466102
genshin,원신,424f6fe8-59ff-47da-959b-de0527c7e454,2년동안 게임을 한 유저입니다. 사건이 사건인만큼 소통을 해주시기 바랍니다. 이렇게까지 유저와 기싸움할필요가 있습니까? 소통해주십시오,5,26,2026-05-08T11:47:27+00:00,6.5.1_43295958_43466102
genshin,원신,72498957-4eec-4ae3-941e-b16a0b44384b,굳,5,0,2026-05-07T17:38:19+00:00,6.5.1_43295958_43466102
genshin,원신,2619e196-4c79-4676-b53f-b6c8b0ba6227,접대캐릭터 없으면 깨지마 수준으로 접대를 해대니 오히려 캐릭터 뽑기가 싫어짐 그리고 원신이 중세는 아니지만 게임 장르를 아예 어반판타지 쪽으로 돌려버리니 흥미가 더더욱 떨어짐 지금 게임 시장에서 차고 넘치는게 어반판타지인데 왜 자꾸 그쪽으로 가려할까 메인스토리도 폰타인부터 슬슬 각 잡는거 같더니 나타부터 완전히 갈아엎어버리고 5버전까지 우인단은 천하의 죽일놈들만 있는 집단으로 묘사하다가 원공노에서 갑자기 우인단은 사실 나쁜 집단이 아니라 저마다 사연이 있는 불쌍한 애들 집단이라고 바꿔버림 게임에 이렇다할 악역이 도토레가 끝임 얼음여왕도 플블로 나와야하니 악역으로 나올리가 없겠지 여행자는 6버전에 급조된 지역이 사실 처음 티바트에 떨어졌던 곳이었고 그전까지 진짜 어떠한 언급도 없다가 5.8버전에서 사실 우주선을 타고 티바트로 온 거라는 말도안되는 설정을 원래 있던 설정처럼 스토리 전개를 하고 있고 가면 갈수록 전체 스토리 앞뒤가 전혀 안 맞는데 이딴 게임을 빨아주는 애들도 문제임,1,5,2026-05-07T04:55:32+00:00,6.5.1_43295958_43466102
genshin,원신,c3987b6e-1aaf-4b07-b6b8-265732096114,페이몬이 너무 귀여워요 ㅋㅋ,5,0,2026-05-06T20:15:29+00:00,
genshin,원신,37d6db4c-0750-45ed-b426-063acfde9b21,원신은 스네즈나야에서 다시한번 진화한다,5,1,2026-05-05T14:22:12+00:00,6.5.1_43295958_43466102
genshin,원신,40720b17-a1b1-4b29-b65c-a54c31427483,"모델링:원신만의 구수한 맛이 있어서 한번 보면 못 떠남. 맵: 넒고 이뻐서 자유도가 높음. 스토리:평타는 치고 수메르,폰타인,노드크라이 고점. 캐릭터 디자인:겁나 잘 뽑음. 서브컬쳐 게임을 처음 해본다면 하루에 1시간 이상 하게 됨.",5,13,2026-05-05T06:20:30+00:00,6.5.1_43295958_43466102
genshin,원신,18379539-254d-434a-99b8-476627fcfad7,이만한 게임이 없다,5,1,2026-05-05T05:23:12+00:00,6.5.1_43295958_43466102
genshin,원신,6549b87c-b09a-4b4e-ac4f-215450db46e1,게임성은 좋은데 가챠요소에 중독되어 무분별한 현질은 조심하시고 스토리스킵이없으니 난 2년이상 백수예정이다 하는분께추천,1,2,2026-05-04T14:44:49+00:00,5.4.0_30057195_30231699
genshin,원신,1ac99068-444f-4f99-ba65-54777dbf24b3,"원신 너무너무 재밌습니다 편의성 개선이랑 as,옛날 캐릭터 모델링 개선 좀 해주시면 더 재밌을것 같아요!",5,1,2026-05-04T03:40:47+00:00,6.5.1_43295958_43466102
genshin,원신,788d12e5-a9ef-41bf-befc-4dcb5ab5fa87,지금까지 단점이라곤 찾아보기 힘듦 ㄹㅇ;; 난이도도 높지않고 (레진 뭐임?) 그래픽도 좋음,5,0,2026-05-04T02:05:55+00:00,6.5.1_43295958_43466102
genshin,원신,228c3048-da42-4976-b696-e370a5b6ef9a,"먼저 스토리랑 캐릭터도 잘 뽑혔고, 또 업데이트라 빨라서 좋은데, 스토리 스킵이 없어서 그 부분은 좀 많이 아쉽네요 그래도 이 부분을 제외하면 큰 문제점은 없게 때문에 칭찬하겠습니다.",5,0,2026-05-03T14:40:58+00:00,
genshin,원신,2e22ad74-addf-4c47-86ee-909dacdacc80,중립,5,0,2026-05-03T13:40:10+00:00,
genshin,원신,d0748934-fd06-4d15-931f-f52feab82f47,솔직히 이정도 지났음에도 편의성 개선 안하는거 보면 이제 떠나라고 보내주는거 같다.. 에휴 다른곳으로 가야지,3,1,2026-05-03T12:55:01+00:00,6.5.1_43295958_43466102
genshin,원신,34c552c1-55fd-4fc0-b2bc-38ed54d7fe4d,굿,5,0,2026-05-03T12:16:01+00:00,6.5.1_43295958_43466102
genshin,원신,77d0d993-3f23-4eab-8286-2d0a3ce7ab54,카드 자동대결 잘못된 게임,1,2,2026-05-03T11:37:49+00:00,
genshin,원신,a5561fcb-49d4-4ca0-a202-4a832268d61f,처음 제대로된 과금한 게임인만큼 괜찮은 개임인데 안드로이드는 왜 컨트롤러 지원안해줘여?,4,0,2026-05-03T06:01:25+00:00,6.0.0_36598533_36939763
genshin,원신,4ce3ad4a-1e57-4bc3-8bb1-ab862d140904,"안녕하세요 원신 약 1년정도한 사람입니다. 원신의 캐릭터 디자인,스토리가 너무 재밌어서 자주 했더니 벌써 곧 모험레벨 60레벨입니다. 하지만 붕괴 스타레일과 다르게 스토리 스킵기능도 없고,보상도 그닥 많이 주지 않는것 같습니다.보상은 상관 없다만...스킵 기능 하나만 만들어 주시면 안될까요?",4,6,2026-05-03T05:14:41+00:00,6.5.1_43295958_43466102
genshin,원신,5a65294a-5477-4d17-acda-378dbc23286e,갓겜,5,2,2026-05-03T01:09:38+00:00,
genshin,원신,c5a5b84f-c3d2-4fe1-9ffd-1aa8157a4b0e,퀘스트좀 제발 중간에 멈추게 하는 것좀 만들었으면 좋겠네 안그래도 스토리하나하나 겁나 긴데 이거 중간에 일있다고 다른거하고 오면 또 그이야기 들어야하고 이건 언제쯤 개선이 되는건지 스토리도 일관성 없이 어디는 빨리 넘어가지고 어디는 겁나 느릿느릿넘기고 답답시러워서 퀘스트하나 하나 하기가 싫어진다 그러고는 정작 게임이 귀찮고 싫어진다 이벤트들도 너무 시간을 많이 잡아먹고 현실속 환상극 이것도 이번 막은 보통 난이도도 깰 수 없도록 만들어두고 오픈 당시부터 했으나 매일 일일퀘스트 할때보다도 게임이 짜증나는 순간이 너무 자주오고 조만간 안하게 되지 않을까 싶음,1,16,2026-05-02T12:44:28+00:00,6.5.1_43295958_43466102
genshin,원신,98f51e3c-2e5d-49bf-817a-9c7e6cab8d94,시작하고 4달후 삭제함. 처음은 정말 잼나게하다 점점 엄청난 과금을하게 만드는 게임덕에 두달만에 40만원 날림. 4달후 50만원 날리는 내자신을 보면서 이런 조카튼 겜을 하고있구나.. 이후 삭제. 여유가 많다면 현질 즐기는 맘으로 게임을 하시길,1,3,2026-05-02T10:13:26+00:00,
genshin,원신,340bc0f5-dbe8-485b-9a78-b700350a1440,폰만 좋았으면 5점인데 폰이 s22라서 게임을 크기만 해도 렉걸린채로 시작해서,4,0,2026-05-02T09:33:20+00:00,6.5.1_43295958_43466102
genshin,원신,d58c3adf-98ac-4883-b0c4-34d38e7b19eb,모바일 최적화가 다른 서브컬쳐 게임보다 확실히 잘되있음,5,3,2026-05-02T09:15:07+00:00,6.5.1_43295958_43466102
genshin,원신,652d899f-18e5-4165-843a-78b0f02d9c6a,"다 좋은데, 궤적을 얻기 위한 도전은 하나같이 깨지 말라고 만들어둔 것 같습니다. 사람이 깰만한 난이도로 만들어야지 궤적 하나 깨는데 개고생만 하다가 때려쳤수다. 솔까 나머지 요소(스토리, 캐릭터, 디자인 등)들은 진짜 좋아서 재밌게 하고 있는 게임인데 이것때문에 순간 정 떨어져서 하루동안 쉬었음 걍",4,15,2026-05-02T04:31:20+00:00,6.5.0_43295958_43466102
genshin,원신,154670dd-e196-401a-8aa1-1f70716ceac0,재밌어요재밌어요 꼭하세요!!!,5,0,2026-05-01T13:06:35+00:00,6.5.1_43295958_43466102
genshin,원신,aa93ce18-9bc7-434d-9cee-16533c63685a,스토리가 너무 개가틈;;,1,1,2026-05-01T10:04:34+00:00,2.0.0_3513686_3617618
genshin,원신,e14b43ec-1515-4d22-aa92-cee460c4d71f,무기 해체하는 거 만들어 주세요... 황금 호박 프로토타입 재련해야 하는데.. 제발요.. 그리고 스토리 스킵하는 것도 만들어주세옹ㅇ..,4,2,2026-05-01T02:34:23+00:00,6.5.1_43295958_43466102
genshin,원신,80d379e0-cefe-4c04-9755-d9c8428e63ad,최고의 오픈월드게임 이후로도 원신을 능가할만한 동일 장르 게임은 나타나기 힘들어보임,5,7,2026-04-30T15:56:34+00:00,
genshin,원신,70f0ef02-9c44-4a84-9939-aaf291096077,"2-3년 유저인데, 솔직히 픽뜷만 안 뜨면 조켓다... 원석 트럭들 좀 비싸서 과금되면 엄청난 과금러 될거 아닌 이상은 무과금으로 이벤트때 원석 엄청 모아놓고 원하는 캐 픽업 올때까지 기다리는게 맞는듯. 근데 그거 말고 스토리나 전투는 재밋음.",5,7,2026-04-30T09:43:55+00:00,6.5.1_43295958_43466102
genshin,원신,44e7fd8a-7ae7-4933-b902-569ec54b17ce,원신 접는 건 지능순 ㅇㅇ 원신은 붕스 테스트 겜이다,1,5,2026-04-30T07:45:05+00:00,
genshin,원신,f9617cc1-56e4-48f0-b1f2-5ad28faeb7c5,졸잼,5,0,2026-04-29T10:37:57+00:00,6.5.1_43295958_43466102
genshin,원신,09585728-324b-4706-9555-36c1408d1f86,같은캐릭 10개를 뽑아야 100랩 풀돌이 가능하다고? ???: 원신은 돈 벌 생각이 있는거야?,1,5,2026-04-29T05:53:28+00:00,
genshin,원신,91fd9142-3c40-4ffe-97f9-de0277a151fa,계정 주인 못알아보고 라이오슬리 풀돌한 계정 버렸네ㅋㅋㅋㅋ 명조하니깐 퀄 차이 개지리네 겜 바꾸게 해줘서 감사해요! 돈잘못쓸뻔했네 명조 신캐 풀돌 풀재나 해야지,1,2,2026-04-28T08:41:06+00:00,
genshin,원신,30068379-5027-4fac-8d2d-d6bd8fa7c3ea,스네즈나야 떡상하자 제발,5,4,2026-04-28T01:51:00+00:00,5.1.0_27118081_27297621
genshin,원신,b0d7b150-a01f-4408-b543-bee7f1085d5c,이거 개재밌음 스토리 완벽하고 다 좋은데 아쉬운 건 폰이 좀 느려짐 나처럼 폰이 두개있는 사람이나 저장공간이 많은 폰을 쓴다면 안할 이유가 없음 근데 조금 억울한게 나 계정 2번 날라감,5,1,2026-04-27T20:55:03+00:00,6.5.1_43295958_43466102
genshin,원신,49940177-4cd5-4db4-97b8-c8b2afd3280e,재밌는데 스토리 대화 스킵좀 만들어주세요 전 스토리를 보는것도 좋지만 스토리 보다가 바빠서 끄면 다시봐야 하는게 너무 힘듭니다.,5,0,2026-04-26T01:41:53+00:00,
genshin,원신,a7259555-c957-44bd-9b7d-dbc18b073ecd,꽤 재밌다고 생각합니다,5,0,2026-04-25T15:50:25+00:00,6.5.1_43295958_43466102
genshin,원신,89056bf7-012d-4ce4-9577-5e4852e7ee57,원신 공월의 노래 게임 재밌게 하는날,4,0,2026-04-25T14:01:59+00:00,6.5.0_43295958_43466102
genshin,원신,760cf841-7aa8-4ad2-8992-f9abbf989964,걍 키니치가 너무좋음,5,0,2026-04-24T23:28:23+00:00,6.5.1_43295958_43466102
genshin,원신,9623660c-1bee-4330-be18-c0b07b436ddd,"초창기 유저입니다. 원래 1점 드렸다가 저번에 노드크라이 플레이하고 5점 드려요. 솔직히 5점까지 받을 수준은 아니지만 제가 정이 있으니 5점 드립니다. 일단 나타에서 굉장히 씻을 수 없는 상처를 받았지만 노드크라이에서 크게 발전한 모습, 여러 시도를 해보며 편의성을 보안한 점(물론 이상한 것들도 많지만)에 좀 용서가 됐습니다. 아직도 히메코가 아니라 마비카인게 이해가 안되지만(그럴거면 히메코 대사는 왜 넣었냐고) 그리고 오토바이 정말 화나지만 너무 많으니 생략하고 여튼 다른 게임들 쫓아가는 것도 좋지만 원신의 근본을 더 밀고 나가면 좋겠네요. 제가 원신하러 왔지 명조나 마비노기 하러온게 아니잖아요. 저는 제 추억의 게임이 안망했으면 좋겠어요. 특히 이 회사가 전 게임으로 돈 번 후 버리고 새 게임에 투자하는 경향이 있어서 걱정되네요.",5,13,2026-04-24T09:41:17+00:00,
genshin,원신,f1dac354-ad8c-4d4f-b34a-5c8281de671a,자유롭고 재미있는데 사양이 높은 것 같다.,4,0,2026-04-24T09:27:38+00:00,3.3.0_11741873_11806263
genshin,원신,12e1667e-2c69-48a9-ad7d-e00ad3c80a9a,캐릭터가 엄청 예쁘고 싸우는 모션도 엄청좋아요!,5,0,2026-04-23T23:05:20+00:00,6.5.1_43295958_43466102
genshin,원신,b679cd62-09b7-4abd-b865-7b0569a73f66,보래야스 너프좀 바르카 전무 얻으려고 하는건데 컨트롤이 구려서 못하고 있음,1,0,2026-04-23T12:37:59+00:00,6.5.1_43295958_43466102
genshin,원신,6e94204f-77c3-4685-a6b5-0bd1c91717e5,"안녕하세요 재미있게 원신을 하고있는 유저입니다. 저는 처음에 원신을 하면서 월드 탐험이나, 이런 건 좋았어요. 근데 단점은 다운로드가 너무 느려요. 원신 처음 깔 때도 느꼈지만..진짜 답답해요, 그리고 캐릭터들은 많이 나와서 하기 힘듬. 얼마나 적냐고 하면 진짜 워프 여는데 2~3시간 걸릴 정도로 했는데 이제 겨우 160. 다른 미호요 겜들에 비해 복귀 보상도 그다지. 그리고 쓸데없이 하는게 많음. 새로운 맵 탐험 하려는데도 갑자기 새 스토리를 만들고 그래서 스토리가 쌓임. 진짜 시간 많은 사람만 하쇼.",1,26,2026-04-22T10:49:32+00:00,6.5.1_43295958_43466102
genshin,원신,a4ddbe0a-8fbb-4e4e-9632-f2ca1d09ad1e,"game hay, đồ hoạ đẹp",5,0,2026-04-22T10:27:45+00:00,
genshin,원신,84202454-3961-454d-a5f6-3490a8085e46,요즘 폼이 아주 좋다 이대로만 가자,5,1,2026-04-21T10:49:48+00:00,3.8.0_15672274_15939604
genshin,원신,62106790-24b9-459d-b5fc-0fab0c8bb38c,겜하면서 영통하거나 통화하면 화면다꺼메짐 다시설치하고 리소스 다운 기다려야함 그리고 스토리 스킵추가쫌,1,2,2026-04-21T09:15:21+00:00,6.5.1_43295958_43466102
genshin,원신,76de9231-005a-4ae4-8d28-497a18165c9e,수메르까지 완벽했음.,5,0,2026-04-20T13:10:46+00:00,
genshin,원신,7c05b69d-0d47-41f3-8647-a410d440bb29,좋아요 무과금인데 재미있게 즐길수있습니다,5,1,2026-04-20T12:07:13+00:00,6.5.1_43295958_43466102
genshin,원신,c726f9b3-a56d-4149-bc0b-38d62137cdb8,"공월을 구매했는데 태블릿으로는 일일 첫 로그인 시 공월을 주는데, 폰으로는 왜 못 받는거죠? ㅠㅠ 에러인가요??",4,0,2026-04-19T23:29:18+00:00,6.5.1_43295958_43466102
genshin,원신,4beebec2-06e7-45df-9381-ef12f1790e94,재밌어요,5,0,2026-04-19T04:24:45+00:00,6.5.1_43295958_43466102
genshin,원신,96ea2c62-0417-4ca2-9ed7-2dc27190952a,너무어려워요,1,0,2026-04-19T02:23:29+00:00,
genshin,원신,3d38c5d9-4e99-4b36-b9d7-df87b197047f,굿,5,0,2026-04-19T00:36:51+00:00,6.5.1_43295958_43466102
genshin,원신,ec8210b4-a293-441d-80a8-43e6ad860e6c,랑자 복각좀;;,5,0,2026-04-18T15:19:12+00:00,6.5.1_43295958_43466102
genshin,원신,ce151011-0a87-41be-9ad4-e29a7172dff7,붕스 명조는 스킵하기 있는데..,1,2,2026-04-18T11:05:34+00:00,6.5.1_43295958_43466102
genshin,원신,048ac453-4703-4fe7-981a-daac4349d8c4,재밌어요,5,0,2026-04-18T08:21:06+00:00,6.5.1_43295958_43466102
genshin,원신,67600bad-4ddd-4563-97b2-25a3ca0071d8,같은 회사인건 알지만 캐릭터들이 점점 붕괴처럼 되가는거 외는 다 괜찮은 거 같음,4,1,2026-04-18T02:06:00+00:00,6.4.0_42040338_42314721
genshin,원신,8f07ab2a-b043-4c72-89fc-1caefa70b8ec,상한돌파랑 별바다 뭐시기 빼고 초심좀 찾자,5,1,2026-04-17T15:01:38+00:00,6.5.1_43295958_43466102
genshin,원신,63ef6048-f0c3-4dba-8af6-81215e045349,역시 원신은 최고임,5,4,2026-04-17T11:50:08+00:00,6.5.1_43295958_43466102
genshin,원신,54fa110c-1fc9-4f32-bcf8-504034536015,요즘 서브컬쳐 오픈월드게임 판치는데 솔직히 이만한게임이없음 조작감도너무좋고 부드러운데 탐사도하는재미에 뽑기재화도 나쁘지않게주고 요즘은 이벤트도많아서 원석수급처도 괜찮은데다가 솔직히 다른서브컬쳐게임은 원신미만잡인듯 컨트롤부드러운게 진짜 레전드임 원붕젠명칠 다해본사람으로써 이렇게부드러운게임 없음 3년째 즐기고있는데 질리지도않음 최고의게임사 호요버스 화이팅!,5,21,2026-04-17T10:52:05+00:00,6.5.1_43295958_43466102
genshin,원신,222136d9-e6cd-4e3b-992b-e399b7a53049,돈없으면뽑기못함저난거지라서3점줬습니다~,3,0,2026-04-16T14:07:46+00:00,
genshin,원신,63f840f7-24e4-4dbd-bcfb-afe6e6af37c0,도마뱀 클리어 하려면 린네아 뽑아야 해요!!,4,0,2026-04-16T13:54:38+00:00,6.5.0_43295958_43466102
genshin,원신,36f6ff3d-aa50-442d-aaf6-2e1a2a44eb1e,"작년까지만 해도 세계관이랑 설정은 좋지만 발전이 더디거나 스토리 전개가 좀 아쉬운 부분들이 있었는데 공월의 노래 버전으로 들어오면서 싹 다 고쳐짐 npc 디자인, 스토리, 연출, 노래는 뭐 당연히 좋았고, 캐릭터pv, 맵퀄리티 등등 그냥 다 좋아짐 goat",5,23,2026-04-16T10:23:53+00:00,6.5.1_43295958_43466102
genshin,원신,f3eb5a32-42e6-44ea-a795-fc85fea32ba1,나타가 나온 이후로는 개망겜 그후로 노드크라이는 좋았지만 나타 관련 몹이 나올때아다 원신에 대한 호감이 바닥을침,1,1,2026-04-16T09:15:46+00:00,6.0.0_36598533_36939763
genshin,원신,2d29ab1a-610b-4e38-ac73-a0a8c64fe1cd,이번 업데이트는 꿈속을 다니는 것 같네요. 이전에도 그랬지만 이번 업데이트는 더 많은 노력이 들어간 작품 같아서 잘 즐기고 있습니다. 감사합니다.,5,0,2026-04-16T06:27:52+00:00,6.5.1_43295958_43466102
genshin,원신,f54763fd-5233-4006-8441-d5736b7da344,"이나즈마까지가 딱인가 봅니다... ㅠ 이후론 건들기 싫어져서... 서버 바꿔가며 해도, 새로 계정 만들어가며 해도 딱 이나즈마까지...",1,2,2026-04-16T01:58:16+00:00,6.5.1_43295958_43466102
genshin,원신,2cbcf08a-83e7-466e-a1cc-3b9d50a737a1,여캐들이 이뻐서 좋고 스토리도 나쁘지 않음,5,0,2026-04-15T07:58:48+00:00,6.5.1_43295958_43466102
genshin,원신,3ce157c5-2ed7-4386-97a7-1763531a9377,캐릭 밸런스 개못맞춘다 진심 이딴게 6년된게임? 신입만 뽑아서 회사 굴리냐?,1,1,2026-04-14T17:35:30+00:00,6.5.1_43295958_43466102
genshin,원신,f70582ac-4569-4b4e-b788-e61f411cc66f,이 게임 재미는 있어요 근데 업데이트하려면 너무오레걸리는데다가 저장공간이 부족해서 이젠 업데이트도 안됨 개선 될께 많음😒😒😒,1,2,2026-04-14T14:09:14+00:00,6.5.0_43295958_43466102
genshin,원신,8bde3390-1cc7-4149-8b91-4d9e824741ee,6년만에 리뷰 재작성 아직까지 이 겜에서 탈출을 못했다 내일도 나는 지맥을 돈다,5,2,2026-04-13T22:45:17+00:00,1.0.0_1112729_1135452
genshin,원신,7c0ec8ed-998d-47ee-bc32-ef5d1dc05a06,"이쁜 캐릭터도 많고 귀여운 것도 많아서 이쁜거나 귀여운것 좋아하는분들게 추천합니다 스토리도 재밌고 그 캐릭터를 뽑을때에 짜릿함은 못참겠네요ㅎㅎ 아무튼 추천 많이 많이 합니다. 지역도 많아서 탐험하는 재미가 있네요 ㅎㅎ 탐사도 100되면 뿌듯함이 아주 많아서 재미있고요 몬스터와 싸우는 재미도 있고요! 추천 합니다!!! 우선 캐릭터의 디자인,퀄리티가 있는 편 이예요!!!",5,23,2026-04-13T10:27:39+00:00,6.5.0_43295958_43466102
genshin,원신,07acb59c-4e0a-4cdd-ad75-11ba7d2fa1f9,돈벌생각이 없다 뜯을 생각뿐,1,2,2026-04-12T16:49:04+00:00,4.0.0_16983586_17100363
genshin,원신,d68667be-975d-4c38-afb8-8a93432b6b5f,맵이 겁나 예쁨. 캐릭터 모델링도 예쁨,5,2,2026-04-11T10:25:23+00:00,6.5.0_43295958_43466102
genshin,원신,8dd2fb3c-6b16-4901-8559-f52b97714387,인플레가 좀 생기긴 하는데 충분히 무과금도 즐길수 있는 게임임,4,2,2026-04-11T07:24:52+00:00,
genshin,원신,80389ed3-0dd6-455e-bc76-1aa60c9200fb,이제 2년차.. 계속 가자,5,0,2026-04-11T06:44:55+00:00,6.5.0_43295958_43466102
genshin,원신,289b5be1-d59a-4fbf-a56d-25254312818c,이 게임은 날 너무 싫어해 계정 9개 중 픽뚫 전부남 심지어 8개가 천장 침 이건 날 싫어한다고밖에... 어찌 한 계정을 열심히 키워 냈긴 했는데 성유물은 한달 동안 유효옵을 못보고 그래서 접음. 육성이 안돼.... 심지어 육성재료로 무기 돌파재료란 특성 재료 파밍 하는데 최소치에 근접한 갯수로만 줌 파밍 하면서 은색을 본 경우가 너무 적음. 거기서 그치지 않고 예전 그 시스템 없던 시절 5연 풀천장 픽뚫 확정 반복 결국 접고 명조나 붕스 하는데 분명 특별히 운이 좋은 것도 아닌데 픽뚫 안나고 캐릭을 뽑는다는 것과 전무 전광을 픽뚫 안하고 얻으니까 너무 재밌음. 소전2나 블아는 운이 좋았어서 위안이 되는데 이 게임 내가 복귀해도 될까? 게임은 뭐 당연히 좋지만 나는 이 겜 하면서 자꾸 위축되고 스트레스를 받는데 이걸 복귈를 해도 되는걸까... 캐릭터들도 매력있고 좋은데 내 운이 이 게임에서만 안좋으니 손을 대었다가는 실망하고 또 스트레스 받을 것 같고 그냥 안하는게 좋을까,4,4,2026-04-10T16:54:17+00:00,4.2.1_18831865_18963989
genshin,원신,57fabaf0-fec7-4c34-ac11-985fcd78400d,굿,5,0,2026-04-10T14:24:17+00:00,6.5.0_43295958_43466102
genshin,원신,010fb3c3-b1b7-47ef-beb0-3872207bb22e,"와 갓신!!! 내가 운이 좋아서 그런지 5성캐,무기가 일찍나와서 좋다.. 소과금인데 우희힇ㅇ히",5,3,2026-04-10T13:10:57+00:00,
genshin,원신,faf85fe9-8bc3-4f47-86f9-fa000af0ffcb,내 전부,5,1,2026-04-08T16:14:06+00:00,6.4.0_42040338_42314721
genshin,원신,4a2a6783-b290-493f-9627-36bd00d81f26,원신 5년차 유저인데 가끔 업데이트마다 미친 발언을 하긴 하는데 지금까지 해본 게임 중에 원신이 제일 재밌고 내 취향이었음. 그래서 아무리 망조가 들어도 접지를 못 하고 있음. 재미없다고 왜 좋아하는지 모르겠다고 하는 유저들은 걍 딴겜 하세요. 그 사람들 취향에 안 맞는거지 게임이 재미없지는 않음.,5,15,2026-04-08T06:55:48+00:00,6.4.0_42040338_42314721
genshin,원신,bb05b25c-5e17-4cca-86c1-92209d20d36f,솔직히 리뷰중에 신캐릭못뽑아서 새지역 몹들 못잡는다고 징징거리는 사람들은 뭔 게임을 하던 뭔 일을 하던 다 못할 사람들임 무과금이면 무과금답게 가챠 계획 세워서 선택과 집중을 하면 될 일이고 아니면 적당히 과금만 해도 명함 심지어 전무까지 뽑는건 문제 없는데 단순히 가챠재원짜다고 하는건 게임의 발전에 전혀 도움 안되는 리뷰들임 구캐릭의 상향 및 as를 논하면 모를까 이게 무료게임이란거에 감사해라,5,8,2026-04-08T02:27:32+00:00,6.5.0_43295958_43466102
genshin,원신,20033fea-d8c5-4e19-80e5-46a33e20ab6a,자유럽다ㅠ6 7,5,0,2026-04-07T23:40:07+00:00,
genshin,원신,40049257-0d6f-46a7-9cd2-22d13f1b88d3,레진좀 올려줘 쌰갈,3,0,2026-04-07T23:09:16+00:00,6.4.0_42040338_42314721
genshin,원신,347a52c4-2e0b-4025-b307-82d87d1d3607,모바일로 만들었는데 모바일로 안되는게 말이 되나,1,0,2026-04-07T15:13:47+00:00,5.8.0_35245262_35356052
genshin,원신,dc89fcbf-38ba-41d0-a624-499ffcd7b1fc,다 좋은데 이메일 바꿀려고 하니깐 빈번하다고 계속 뜨는 거 스트레스 받아요. 제발 좀 이 문제만 해결해주세요,2,0,2026-04-07T10:24:14+00:00,6.4.0_42040338_42314721
genshin,원신,d4c4b0bb-269c-481c-a27d-c90283095b25,"아, 끊으려고 해도 못 참겠다. 원신 사랑한다",5,1,2026-04-06T13:12:06+00:00,
genshin,원신,1a3da222-b709-4815-92dd-aaf714641e25,게임은 옛날 게임인데 뽑기 가격은 안내리고 뽑기.재화 획득은 옛날에 머무르는 창렬 게임 스토리.가면 갈수록 쳐박고 경쟁사 게임에 스토리 뽑기 가격 보상도 다.쳐밀리는 망게임,1,5,2026-04-06T05:34:05+00:00,6.4.0_42040338_42314721
genshin,원신,6c22d040-0dbd-437b-b7ce-57281724c722,평생 안 잊혀질 인생 게임... 이거 하나 때문에 산다 원신 때문에 못 죽음,5,3,2026-04-05T16:15:24+00:00,5.0.0_26041933_26161852
genshin,원신,32a4acd9-b6fe-455d-a6da-ddf629092913,굿!,5,0,2026-04-05T11:11:23+00:00,6.4.0_42040338_42314721
genshin,원신,32e184c4-b787-442a-bded-997b991c0b67,안하면 후회함 ㄹㅇ,5,2,2026-04-05T05:35:00+00:00,
genshin,원신,7988b406-50ee-483b-9f2d-17ea92e6d694,으 쌀먹충들 ㅋㅋ 게임회사가 자선단체임? 대체 무료재화를 얼마나 풀어주길 원하는거임?? 그지근성들좀 내려놓고 겜하쇼 걸뱅이들아...,5,2,2026-04-04T21:44:26+00:00,6.4.0_42040338_42314721
genshin,원신,d2b2f97a-b424-4ff0-ae31-bee4ee4e73f2,Good,4,2,2026-04-04T14:14:54+00:00,6.4.0_42040338_42314721
genshin,원신,1a9e019c-8565-4172-b034-dbe22464a8cb,제발 갤럭시에서도 애플로 로그인하게 해주세요 ㅠㅠ 오네가이 ㅠㅠㅠㅠㅠㅠㅠㅠㅠㅜㅠㅠ,3,1,2026-04-04T01:29:00+00:00,
genshin,원신,f4e1f8a0-0529-44b3-85d2-7de850786463,페이스북 링크 오류 해결해주세요,1,77,2026-04-03T17:11:35+00:00,
genshin,원신,0a915ff8-e505-43ea-8478-25e43d99fa61,다시 복구할려고 하는데 페북으로 로그인이 안되어요.......전에 재밌게 했는데,4,0,2026-04-03T12:41:24+00:00,6.4.0_42040338_42314721
genshin,원신,d6a3c9dc-6079-4c7a-ad6c-453eea71626c,호요버스 붕스만 이쁨받고 원신은 보상도 안주고,5,1,2026-04-03T12:31:13+00:00,
genshin,원신,95863a89-a8fe-42a2-b9ad-122dd5be62e7,그림 속 궤적 난이도 좀 낮춰라. 어떻게 하면 20번 넘게 트라이 하는데도 완수를 할 수가 없나 일반 필드나 비경에서는 원하는 파티로다가 하니까 잘만 되는데 꼭 그림 속 궤적에선 이상한 애들로만 구성해서 사람을 힘들게 하는지 이해가 안됨. 그렇게나 주기 싫었던건가? 내 캐릭터 조금이라도 더 꾸미고 싶어서 하려는데 이젠 도저히 못하겠다. 풀돌 풀재 성유물도 완성형으로 맞추지 않으면 깨지도 못하게 만들고 참 별로다.,1,28,2026-04-01T11:24:34+00:00,6.4.0_42040338_42314721
genshin,원신,c9533e90-855c-43e7-aff2-afee25a62ea5,스토리 스킵가능하면 함,1,2,2026-03-31T04:52:15+00:00,
genshin,원신,55762ce8-d882-443f-ab9e-e0e85c79ae5e,자유러운 게임,5,1,2026-03-30T08:47:18+00:00,
genshin,원신,8f4c72ec-02f4-48e8-b19b-b6a1bb5bac37,명조한테 따잇ㅋㅋㅋㅋㅋㅋㅋㅋㅋㅋ,1,3,2026-03-29T09:07:33+00:00,5.6.0_32604286_32602175
genshin,원신,671433fa-ca90-402c-90ab-807872aaa7e4,재밌네요!,5,0,2026-03-28T16:16:29+00:00,6.4.0_42040338_42314721
genshin,원신,17391da8-a279-4b20-836e-9b354231a0a1,"게임 자체는 퀄리티가 좋고 작동도 좋지만, 데이터를 너무 많이 차지하는게 너무 좀… 그러네요. 로딩도 오래걸리고, 업데이트도 오래걸려서 약간의 열을 받는데, 이 점좀 참고해주셨으면 좋겠어요. 게임 자체는 재미있게 잘 하고있습니당~^^",5,8,2026-03-28T03:34:00+00:00,6.4.0_42040338_42314721
genshin,원신,07233a99-c08f-442f-b9cd-d39f87777490,스토리만 보세요,1,0,2026-03-25T10:05:09+00:00,3.5.0_13082099_13156424
genshin,원신,ce521a14-1833-4985-ad45-a5d631203879,개꿀잼,5,1,2026-03-24T17:01:55+00:00,6.4.0_42040338_42314721
genshin,원신,213f61d6-43d8-4105-9f28-26cecb951e28,좋습니다,5,1,2026-03-24T15:29:26+00:00,6.4.0_42040338_42314721
genshin,원신,13dd3ccd-1ea5-47cd-be74-a0ea6cba63b1,벌써 5.8까지 나오네요. 원신 5주년도 미리 축하합니다!,5,1,2026-03-23T21:37:53+00:00,6.4.0_42040338_42314721
genshin,원신,1b84cee5-7f37-4cfd-b3b2-a764ade9f8b5,재밌음 매우,5,1,2026-03-22T17:34:52+00:00,6.4.0_42040338_42314721
genshin,원신,94f164da-6b23-4bd4-b20f-808cd5054f9a,정말 감사합니다 연동 로그인 문제가 해결대서 다시 접속할수있어서 게임을 계속 할수있게대었습니다 빠른대쳐 정말 감사합니다,5,1,2026-03-22T12:10:27+00:00,6.4.0_42040338_42314721
genshin,원신,ac27bb1a-c4e2-40bf-a37f-8dcf586ed135,앱실행않됨,1,0,2026-03-22T11:34:38+00:00,6.4.0_42040338_42314721
genshin,원신,391d8b94-a97b-444f-a315-ca7643796556,"한국 그래도 챙겨주고는 있음, 원공노부터는 포텐셜 올라가는중",5,26,2026-03-21T13:51:32+00:00,2.1.0_3981765_4073622
genshin,원신,74859e9f-7e64-4e51-970c-72106cb7c6f2,원공노 짱이다,5,2,2026-03-21T08:16:57+00:00,6.4.0_42040338_42314721
genshin,원신,d4612ecd-208f-4d64-98f8-c4a26c32ea5a,워우,5,0,2026-03-21T07:25:27+00:00,6.4.0_42040338_42314721
genshin,원신,33c45cc1-9e69-432c-b119-a088fbfb6930,"제 인생게임 입니다. 탐사도 재밌고, 전투도 정말 재미있습니다. 무엇보다 요즘 발전하려고 노력하는 모습이 보여 정말 기쁩니다. 스킵은 왜 없는지는 모르겠지만 모든 스토리를 보는 저에겐 크게 불편하지 않아서 크게 상관없었습니다.모델링은 요즘 진짜 좋아졌습니다. 노드크라이 오면서 다양한 모델링을 쓰는걸 보고 만족감이 컸습니다. 구모델링은 옛컷신을 바꿀순없으니 계속 이쁜 스킨으로 주기적으로 바꿔주면 좋겠습니다. 마도AS도 정말 마음에듭니다. 벤티가 부활한거는 정말 상상도 못했습니다. 100레벨 패치는 솔직히 그렇게 좋다고는 못하겠지만, 상시캐 뽑을때 기분이 별로 안망쳐지더라고요. 오히려 상시캐 풀돌이 목표가 되면서 더 즐겁게 플레이할수있게 되었습니다.또한 별빛포착은 정말 최고의 패치라고 생각합니다. 그치만 최근 나오는 게임에 비해 편의성 측면이 떨어지는 것 같습니다. 또한 레진도 기왕 300으로 올려주면 좋겠습니다. 캐릭터가 많아져서 레진 200으로 키우기에는 정말 시간이 많이 들어요.",5,21,2026-03-20T23:54:13+00:00,6.4.0_42040338_42314721
genshin,원신,6e1ad2a8-a7a8-4c3b-a2b2-a5074a094c97,"명조하위호환게임. 스토리 스킵 안되고, 비경은 요일마다 입장제한 걸려있고, 체력충전시간 8분이나 되면서 최대치는 200밖에 안되고, 경험치책이랑 모라는 수시로 바닥나고, 일일의뢰 보상은 꼬박꼬박 캐서린한테 가야되고, 합성기능도 합성대로 안가면 이용할 수 없고. 이런 별 시덥잖은 통제는 전부 명조에는 없음. 게임사와 유저는 상하관계가 아니다.",1,4,2026-03-20T21:14:18+00:00,6.4.0_42040338_42314721
genshin,원신,48b02494-4f45-4184-9260-5b2a7453d904,바르카 짱짱맨이야~,5,0,2026-03-20T03:57:17+00:00,
genshin,원신,a08d6e2a-9b17-4f6a-8099-37bb7dd393d2,미호요 정신좀 차려라,5,8,2026-03-20T03:22:41+00:00,6.4.0_42040338_42314721
genshin,원신,e6ba4c73-58ef-439f-ac1c-d19905d3dbb7,겁나 재밌음,5,1,2026-03-19T13:38:56+00:00,6.4.0_42040338_42314721
genshin,원신,5acb0c0b-a097-4049-a633-523f235778e3,대화스킵 절실,4,0,2026-03-17T20:50:05+00:00,6.4.0_42040338_42314721
genshin,원신,6ee625d9-8a1e-4edc-975e-13db10d90811,너무 재밌네여 굿,5,0,2026-03-17T11:32:38+00:00,6.4.0_42040338_42314721
genshin,원신,31e97182-5bd8-45ce-9e41-a0e25c84a37c,캐릭터가 맛있고 스토리가 예뻐요,5,0,2026-03-17T09:33:14+00:00,6.4.0_42040338_42314721
genshin,원신,37a694c6-cc10-420c-91c1-837caa5589a1,"솔직히 찡찡대는 불평들은 대부분 개인적인 생각들이고, 모바일게임이 이정도 까지 한건 대단하다고 생각함. 과금이 아예 필요하지 않고, 굳이 과금을 하면 편의성을 제공함. 근데 하다보면 느끼는게 어느 커뮤니티를 가봐도 원신은 덕질로 과금을 함. 고인물들에게는 꾸준히 즐길 컨텐츠를 열어주고, 뉴비들에게는 산더미와 같은 스토리와 이스터에그를 선사하는 게임이다 이말이야",5,2,2026-03-17T09:08:36+00:00,6.4.0_42040338_42314721
genshin,원신,86609f9b-35d6-4a6e-b1a0-fc39a2d6268c,"전: 진짜로 ㄹㅇ 퀄리티가 ㅘ 감탄사 100개 박겠습니다. 픽뚫만 어떻게 안 해주시면.. 후: 뭐야, 내 용량 돌려줘요.",5,1,2026-03-16T13:29:07+00:00,5.1.0_27118081_27297621
genshin,원신,36594da0-ed43-4785-9436-b2e21330fcad,최고의 게임,5,0,2026-03-16T11:23:39+00:00,
genshin,원신,c49c5a5e-1700-4ac8-bdbb-db1c99541da5,스킵안되는 스토리와 달빛징조필요몹에 달빛징조 캐릭 압수하는 개쩌는 환상극으로 댕쳐열받을 시간에 현실에 집중하니 세상이 아름다워짐. 바이럴하는거 봐도 안돌아오고싶어짐. 참을만큼 참았다.,1,4,2026-03-15T00:41:55+00:00,5.8.0_35245262_35356052
genshin,원신,f624e594-2ecc-4c4d-b623-6d12ec2b3cc2,솔직히 스킵버튼만 만들어도 평균별점 많이 오를것 같아요,3,1,2026-03-14T19:42:02+00:00,6.2.0_39595820_39944325
genshin,원신,273c92fd-f454-4dc4-ab64-a4e0d87561f0,（^^）,5,0,2026-03-13T16:43:27+00:00,6.4.0_42040338_42314721
genshin,원신,1882989d-58c0-45c9-82be-206ddb722835,할거 더 줘 호요버스,5,80,2026-03-13T10:56:58+00:00,6.4.0_42040338_42314721
genshin,원신,a02cc8e6-a9e8-434d-92db-5ef73848d0db,재미져요,5,0,2026-03-12T15:09:02+00:00,6.4.0_42040338_42314721
genshin,원신,4e9a40e2-76da-42b2-bd87-ff9daa450d34,뭔문제가생겨도 매크로돌리면서 같은대답만하고 해결은하나도안되고 게임접겠다하니 그때서야 하는듯마는듯하더니 결국아무것도 안됨 걍 계정삭제하고 접습니다,1,3,2026-03-11T15:46:50+00:00,
genshin,원신,43c6b0fe-55e1-4172-9b54-20614206d05f,1.0때 부터 하는유저인데 초반은 재미있는데 갈수록 원신이 원신의 느낌을 잃어가는것같아 아쉽습니다ㅠ,3,2,2026-03-11T12:07:50+00:00,
genshin,원신,7a536eb2-d249-4adf-8baa-55c82e2bc03a,캐릭터도 다양하고 진짜 스토리가 대박입니다. 캐릭터 확률도 괜찮네요. 단점은 육성이 너무 어렵습니다. 초보자에겐 비경 하나 깨는것도 어렵습니다. 그리고 비경에서 다음단계로 가지 못하면 길찾기나 직접 해주는게 생겼으면 좋겠어요. 스토리에서도 스킵버튼이 있었으면 좋겠습니다. 업뎃하면서 렉이 심해지기도 했고요. 그리고 재화!!!! 재화좀 올려주세요 제발 무과금은 어떡해요.. 진짜 유저들 말좀 들어주세요,4,28,2026-03-10T10:03:22+00:00,6.4.0_42040338_42314721
genshin,원신,01959e28-79ca-4b64-8eb2-ddf62f2da345,노드크라이 버전 정말 잘하고 있으니 쭉 승승장구했으면,5,2,2026-03-09T12:19:25+00:00,6.4.0_42040338_42314721
genshin,원신,72ee105b-5be9-462f-ae61-06f1bc872d93,재밌다,5,0,2026-03-09T11:09:38+00:00,6.4.0_42040338_42314721
genshin,원신,62651726-5524-4212-8e4a-0e43d2c0f71f,다시보니 선녀다,5,26,2026-03-09T06:41:30+00:00,4.2.0_18831865_18963989
genshin,원신,daef6ed6-3da4-40e9-a574-64db5c828108,스토리 스킵 버튼 좀 제발 만들어 주셈,4,3,2026-03-09T01:16:38+00:00,6.4.0_42040338_42314721
genshin,원신,71a8ce29-1a34-45fa-af84-3166abc7bebc,굿,5,0,2026-03-08T10:54:36+00:00,6.4.0_42040338_42314721
genshin,원신,9c1b98ab-9f23-46f9-aaa7-2c5bb603b589,재밌다,5,1,2026-03-08T06:36:39+00:00,
genshin,원신,1d68705d-4169-42df-8718-8316faa7b0cd,안해 안해안해 안해. 또. 또 또 컴파일다운 원석피해 주구장창 주네 ㅠㅠㅠㅠㅠㅠㅠㅠ,1,1,2026-03-07T20:06:46+00:00,6.3.0_41350619_41366669
genshin,원신,d3a8dda1-7ad2-4352-9635-57d85f31b518,울화통이 치밀지 않을 수가 없다 5년을 함께한 계정 한순간에 날리게 생겼네 메일 인증 하라더니 인증코드는 오지도 않고,1,0,2026-03-07T19:37:38+00:00,6.4.0_42040338_42314721
genshin,원신,efc2403a-173a-4947-8994-5e72298e9d5f,용량이 너무 무거워요,1,2,2026-03-07T15:06:15+00:00,4.8.0_24603909_24822834
genshin,원신,42702065-8907-426c-8a12-8ffa1d079652,게임은 재밌는데 보상 좀 더 줘,4,0,2026-03-07T11:49:29+00:00,
genshin,원신,f07efdd4-b7d0-40ed-afcb-dff17daa0467,와 그래픽찌리는데 버그샤갈!!!,5,0,2026-03-07T11:48:37+00:00,6.4.0_42040338_42314721
genshin,원신,029b2d37-b76a-4d64-bf2d-9b911e5ae687,해킹 피해를 받았는데 전혀 책임질 생각을 안하네요.,1,2,2026-03-07T06:57:09+00:00,4.2.1_18831865_18963989
genshin,원신,daac4fa3-ce94-45ff-9451-ba615b1beaf3,게임은 재미있지만 새로운 맵에 가면 그곳에서의 시스템이 메인이 되어 기존 캐릭터가 잘 안쓰이는 현상이 있어 일부 게임에 있는 사용하지않는 캐릭터는 레벨 초기화 기능이 있으면 좋겠습니다 레벨을 초기화하면 경험치 책의 일부를 돌려주는 형식으로 개발이 되었으면 합니다,5,6,2026-03-06T12:55:55+00:00,6.4.0_42040338_42314721
genshin,원신,99cf6ced-8e36-421d-a48e-0df2e989bec2,굳,5,0,2026-03-06T11:00:16+00:00,6.4.0_42040338_42314721
genshin,원신,c0bcdb10-8487-4e23-a125-cac259f369f8,"안녕하세요 원신을 플레이하고 있는 뉴비입니다. 부식의 이빨 퀘스트를 도움을 받고 난 후 혼자서 플레이를 하려고 하는데요, 마지막에 부식의 이빨의 재료인 ""북대륙의 장병기의 원형 1자루 찾기""에서 막혀버렸습니다. 여러 공략을 봐도 가야하는 곳은 코어가 있는 쪽인데 아무런 반응이 없습니다. 혹시 몰라서 오르방씨에게 갔지만 미션에 대해 나오지 않더라구요. 버그인가 싶어서 여러번 시도해봤지만 실패해서 물어봅니다. 현재 성은광석 50개, 부식의 이빨 3개를 모은 상태입니다. 추척하기를 해봐도 추적에도 안 뜨네요.",4,11,2026-03-05T16:28:53+00:00,6.3.0_41350619_41366669
genshin,원신,e65d038d-0d36-494e-9370-6191fbc64cd5,"일단 6년동안 유지해온 호요버스의 얼굴이자 엄청난 띵작이죠? 근데 젤다 짝퉁이라고들 하시는데 영감을 받아서 만드신거라고 합니다 근데 스토리,캐릭터,그림체,배경까지도 너무 나도 완벽한 이 게임! 뭐 비록 원석이나 강화제료,성유물을 얻기 힘들고 세팅도 힘들기도 하지만 일단 스토리성 이 와...일단 공식유튜브에서도 PV이가 너무 좋죠 최근 노드크라이도 아주 캐릭터들이 잘나왔습니다 나타가 살짝 아쉽긴 했지만 그래도 이제 슬슬 스네즈나야로 넘어갈거기 때문에 이제 뭐 천리의 주관자들도 슬슬오겠죠 어쨋든 본론으로 가서 일단 성우님들도 너무 잘뽑았고 애정캐가 없을수가 없는이 게임 꼭꼭 추천드립니다. 그리고 이제 슬슬 애니화도 된다고 하니 기대가 됩니다! 호요버스 화이팅!ㅎㅎ",5,14,2026-03-05T12:59:44+00:00,6.4.0_42040338_42314721
genshin,원신,0d7fc931-80f8-4b23-8280-15c4e2ef28a0,계속 플레이중인데 할때마다 게임 스케일에 놀라요 이렇게 까지 구현을 하네 하고 근데 게임 스토리보는게 너무 길어요 가끔씩 좀 피곤할때 스토리 넘기다가 졸아요 ㅋㅋ건너뛰기는 좀 그렇고 2배속 같은거 넣어주시먄 좋을꺼 같아요,5,3,2026-03-05T02:50:16+00:00,6.4.0_42040338_42314721
genshin,원신,0261fc15-e006-44ba-a0b6-ef12a07a1a6a,요즘세상에 스킵안되는겜이있네 와;,2,1,2026-03-05T02:36:25+00:00,6.4.0_42040338_42314721
genshin,원신,91d8c785-be44-4dd6-93e2-70be9aada3b4,스토리 개짜쳐서 못 보겠음,1,0,2026-03-04T10:57:04+00:00,5.0.0_26041933_26161852
genshin,원신,07129d32-f88a-477b-8c89-6173dfc58152,굿,5,0,2026-03-03T09:30:59+00:00,6.4.0_42040338_42314721
genshin,원신,45a99d28-529d-4864-ab3b-c94bdb24de49,너무 좋고 너무 행복하고 내 덕질의 100%를 이 게임에 쏟고 싶은데.. 솔직히 캐릭터에 나오는 주요 스토리는 왜 다 이벤트임? ex) 두린/ 시뮬랑카 솔직히 이런거는 중간장으로 내도 돼지 않나..???,5,1,2026-03-03T06:55:53+00:00,
genshin,원신,4f4f3417-4203-4395-9d3d-d48c28ce28c1,이벤트 스토리 다시보기 기능도 추가해주셨으면 좋겠습니다,2,16,2026-03-03T00:30:29+00:00,6.4.0_42040338_42314721
genshin,원신,5495718e-e261-41a3-bb29-b642676df7ae,"오픈유저였습니다. 중간중간 폐사구간에 버티지못하고 자주 팅겨나갔으나 결국 돌고돌아 원신으로 오게되더라고요. 그만큼 자유로운 오픈월드, 다양한기믹, 다양한맵디자인등등 최고점게임이란건 누구나 알겁니다. 다만 매번 나오는 신캐가챠를 버티다 안타까운 지갑을 위해 결국 접고 스트리머들의 영상으로만 보고있네요. 물론 무과금으로도 충분히 가능한게임입니다. 하지만 사람 심리라던가 스토리를 따라가다보면 마음에 들어오는 캐릭터들을 갖고싶은건 당연한수순이라 이점 유의하시고 뇌에 힘빡주고 겜하셔야합니다. 그럼에도 다양한게임이나 스토리 모험등을 고려해봤을때 제 기준 오픈월드 최고봉게임인건 여전합니다.",5,5,2026-03-02T16:49:49+00:00,5.0.0_26041933_26161852
genshin,원신,e1f8979a-8e3a-43b7-995d-df580127eead,재밌다,4,0,2026-03-02T04:01:09+00:00,
genshin,원신,cfd8ba36-8650-4a2e-8264-7b2f9b860452,원신 계속 하고 있는 유져 입니다 이따 제일 첫번째로 얘기 하거 게임을 하 컨텐츠는 거의 반박 입니다 한건가 많지만 그러고보니까 적어요 대부분 스토리 관련 되서는 좋지만 그거 때문에 게임을 하 컨텐츠 조금 부족하더라고요 두번째는 과금 가끔 보면은 몇 명은 공월이나 아니면 초월? 그거 지리는 사람들이 많습니다 뽑기을 하다보면 가끔씩 픽뚫이 나 올때 많아서 자기 원하는 캐릭터 못 뽑는 사람들로 과금 조금씩 하겠 만들니다.,1,7,2026-03-02T02:42:20+00:00,6.4.0_42040338_42314721
genshin,원신,a202fa4f-9813-4360-8eb0-7dbce806e825,소통의 부재 유저들은 전혀 생각지도 않는 최악의 운영,5,68,2026-03-02T01:03:32+00:00,
genshin,원신,cf9952f3-d5ee-4267-9bc7-272ae681adee,재밌네여,5,0,2026-03-01T14:53:12+00:00,6.4.0_42040338_42314721
genshin,원신,0f2cdd28-8fb7-4e50-b817-f623fb06422b,지금 오류 났어요ㅠㅠ,5,0,2026-03-01T14:18:01+00:00,6.4.0_42040338_42314721
genshin,원신,a2c8143f-97e4-4fbf-9b35-b76086d85789,할게많어,4,0,2026-03-01T09:18:12+00:00,6.4.0_42040338_42314721
genshin,원신,7060c5b9-8f40-48b0-92d0-27553a900e5a,일단 저는 사실 평점을 달 정도로 이 게임에 대해 알지 못하고 잘하지도 않지만 남겨봅니다. 일단 스토리가 방대해서 할게 많습니다. 그리고 맵도 넓고요 원소를 이용해 추가딜을 넣는것도 신선했습니다 제가 이 게임을 시작한지 일주일째 되가는데 전반적으로 재미있는거 같아요 그래픽도 좋고 캐릭터도 다 매력있고 재미있습니다👍,5,8,2026-03-01T09:07:41+00:00,
genshin,원신,829d1409-2beb-48a2-9d0a-e7acdda8e613,탐사하는데 임무 납치당하는것좀 없애주세요 제발요 임무 하기 싫어요,3,1,2026-03-01T07:41:05+00:00,6.4.0_42040338_42314721
genshin,원신,e90ae586-67d9-45cb-a57d-dc61579126b1,다 만족스러운데 너무 자주 튕김현상이 발생합니다...폰은 갤럭시s10+입니다. 개발자님 제발 보시고 게임 좀 원활히 할 수 있게 보완 부탁드립니다. 제대로 플레이를 할 수가 없어 이런거 잘 쓰지도 않는데 올려요 너무 답답해서 ㅠ 재설치도 해봤는데 해당오류 계속 발생합니다,1,2,2026-02-28T13:50:07+00:00,1.0.0_1112729_1135452
genshin,원신,56a9b481-a06c-4261-a51c-f32c29bd3291,재밌어용,5,0,2026-02-28T13:18:05+00:00,6.4.0_42040338_42314721
genshin,원신,910d606f-d713-4483-a5e6-bbc3da7faacc,지금갑자기 오류가생겨서 안켜져요!! S24 FE 기종이고 호요버스까지만 뜨고 강제종료 됩니다 캐시삭제 데이터삭제 재설치 해봤는데 똑같아요 ---> 갤럭시스토어에서 까니까 되네요; 다들 원생 화이팅,5,0,2026-02-28T06:13:09+00:00,5.2.0_28336591_28351161
genshin,원신,9afaa4be-c6ef-4ac9-8dc4-2f223d5aa4bf,"원신?말할것도 없지,그냥 딱 4글자""자.유.롭.다.""",5,0,2026-02-27T12:45:20+00:00,6.4.0_42040338_42314721
genshin,원신,971c946b-bb86-45cd-a005-a38282959253,꽤 재밌음,5,0,2026-02-27T11:23:07+00:00,
genshin,원신,eda97563-8924-4236-bf46-cb531a141ce4,최고,5,0,2026-02-27T08:56:40+00:00,6.4.0_42040338_42314721
genshin,원신,b9c9b86e-aaee-4cd9-90b9-d1b0c87bdbb7,바르카 진짜 존잘 ❤️ 그리고 님들 이나즈마 진짜 재밌으니까 꼭 해보세요,5,0,2026-02-27T02:30:02+00:00,6.4.0_42040338_42314721
genshin,원신,49341ee5-5c2c-43ca-941c-1e0282f219aa,재미있는 게임인듯,5,0,2026-02-26T20:33:57+00:00,6.4.0_42040338_42314721
genshin,원신,dc4fbc9c-8311-41c7-a805-641be032ff8e,굿,5,0,2026-02-26T16:15:04+00:00,
genshin,원신,e8d11497-9555-4bb7-86b2-c4b870f9c1bb,개재밌음 ㄹㅇ 그리고 가챠할따 비틱하면 진짜 쾌감 지리는ㅋㅋㅋ,5,1,2026-02-26T16:03:13+00:00,
genshin,원신,3ff78259-aec4-4824-ba2a-dda0d715e59a,여행자바꾸게해주세요제발제가이렇게빌게요 여행자 여행자 여행자 여행자 여행자 여~~~행자제발요 제가진짜착하게살게요 5점줄게요,5,2,2026-02-26T14:26:14+00:00,6.3.0_41350619_41366669
genshin,원신,800cfcda-3710-4baf-838e-5ce47c2ca4f1,"솔직히 캐릭터 디자인, 맵 디자인등 대부분은 화려하고 예쁘고 다 좋습니다. 하지만, 초보든, 중수든, 고수든 하면 어려운 패턴이 너무 많아요..뭐 머리쓰는게임인건 인정하는데 살짝 힘든게 많아요..그리고 각자가 좋아하는 캐릭터를 얻으려면 '복각'이라는걸 기다려야 하는게 큰 단점이라 생각해요..원하는 캐릭도 그냥 뽑기로 얻을수 있게 해주시면 좋겠고..스토리 스킵..진짜 시급해요..아무리 감동적인 스토리를 만드셨다 해도 스토리 스킵이 없는건 진짜..너무 힘들어요...그래도 게임자체는 잘만든거 같기도 한데, 진짜 현질해야 돌아가는 게임같아서 무과금유저들은 강하게 키우기엔 힘들것 같습니다..",4,5,2026-02-26T12:55:40+00:00,
genshin,원신,52c538b7-3897-4e11-bfc3-47ee6cb2fe90,자유도나 모험 같은 것에 대해선 굉장히 만족하고 있는 유저입니다. 저는 전투나 캐릭터 수집보다는 세계 탐험이나 퀘스트를 통한 스토리 진행에 흥미가 있었으나 이벤트성 퀘스트는 스킵도 못하는데 처음 보는 캐릭터들이 오랜만이라던가 또 만났다던가 인사해대는 통에 몰입감이 깨지고 진행은 쓸데없이 길어 피로감을 느낍니다. 스토리를 스킵 하거나 원하는 퀘스트만 우선적으로 진행할 수 있었으면 좋았겠습니다.,2,11,2026-02-26T09:49:15+00:00,6.4.0_42040338_42314721
genshin,원신,16bd69f5-838c-436b-97c9-adca3ebf7c5d,앙 개 쟀밌어,5,0,2026-02-26T00:27:12+00:00,6.4.0_42040338_42314721
genshin,원신,adc6d662-276c-4714-aeb5-dd36894324b8,원신 딱기다료라 고삼수능만끝나고갈개ㅜ,5,3,2026-02-25T15:47:36+00:00,
genshin,원신,7ac875aa-bf0d-47bd-9f65-00c2678b5909,음악 최고 스토리 잼씀 무과금으로 5성캐 잘 나오는데 풀세팅은 무과금이면 좀 빡셈 하지만 나는 수집가라 캐릭터만 나오면 장땡이라 만족ㅋㅋ 별바다 갖다 버리고 원신 업데이트나 잘 해주세요,5,2,2026-02-25T14:03:20+00:00,6.4.0_42040338_42314721
genshin,원신,6c0fd7ea-ed10-4b97-a291-66b17dbd0d7c,깔아야 하는 용량이 너무 많아요,5,1,2026-02-25T11:28:25+00:00,5.2.0_28336591_28351161
genshin,원신,cb26c46e-1e6d-4606-b691-51cfb51691ea,타르고프 마냥 특유의 ㄸ 맛이 있어 대체제가 있어도 계속 돌아오게 되,4,4,2026-02-25T10:01:56+00:00,5.5.0_31400259_31451966
genshin,원신,63c50f43-b266-4bb3-946b-37567be6700d,6.0 넘어오고 스토리 연출 모델링 다 좋아요 거의 뭐 코딩 빡세게 배워서 원신에 취업하고싶을 정도네요,5,4,2026-02-25T08:06:10+00:00,6.3.0_41350619_41366669
genshin,원신,8f8464a0-1acd-424b-a47d-605b9c4ca041,죄송합니다 가차가 뭐 잘되는 날도 있고 안되는 날도 있는데 그런거에 너무 일희일비 한거 같아요 이번 시즌 전반 가차는 너무 흡족스러웠습니다 감사합니다,5,9,2026-02-25T07:05:01+00:00,6.4.0_42040338_42314721
genshin,원신,0e08773f-0285-493b-8eac-aba262326816,묶음 기원 스택이 이어지지 않아요. 분명 작년 리월 묶음 기원 스택이 쌓여져 있을텐데 이어져 있을텐데 안 이어져 있습니다. 해결해 주셨으면 좋겠습니다.,5,0,2026-02-25T05:51:34+00:00,6.4.0_42040338_42314721
genshin,원신,6f7e25f5-dcca-4b83-8120-72c25d15df59,좋음,5,1,2026-02-25T05:21:55+00:00,6.3.0_41350619_41366669
genshin,원신,aec0a2e4-8791-4c10-9182-2ff869701a47,확률 조정 안 하냐?,1,1,2026-02-25T05:12:22+00:00,6.4.0_42040338_42314721
genshin,원신,03dacbee-fb05-40f4-afc9-d0e08c03a18d,제발 스토리 스킵 기능 넣어줘...(유저는 선택적으로 스토리를 즐길 권리가있다!!!!!!!!),3,2,2026-02-25T04:59:26+00:00,6.3.0_41350619_41366669
genshin,원신,8b522561-3bca-425d-98a6-cd56c7240cf7,백발 금안여캐 출시해서 조아요,5,3,2026-02-25T03:56:30+00:00,6.3.0_41350619_41366669
genshin,원신,05240056-a567-44a9-a3ff-493829f42070,"아, 달 반응 캐가 두명은 필수구나! 알베도 뽑아야지",5,5,2026-02-25T03:40:05+00:00,6.4.0_42040338_42314721
genshin,원신,42137aa8-291e-4a6f-a494-9b527d2cb4ed,폰으로 하기에는 최고인듯 다른 섭컬은 폰으로는 사실상 불가능이라,5,1,2026-02-25T03:18:06+00:00,6.3.0_41350619_41366669
genshin,원신,9958ace8-cc4d-43d1-a5d8-74c607e0e3db,"무과금으로 5성 얻기가 좀 힘들어용 픽뚫나면 160뽑 해야댐.. 원석 모으기가 좀 힘들지만 그래도 스토리나 캐릭터, 맵들이 하나같이 다 고퀄이고 너무 맘에 들어요 ㅋㅋ 원신 ㅎㅇㅌ 영원하자!!",5,1,2026-02-25T03:13:04+00:00,
genshin,원신,03bf1a19-5e1f-4f29-89cc-7bde4e119a58,데이터 너무커욬ㅋㅋㅋㅋ46기가? 근데 짱잼,5,1,2026-02-25T02:34:36+00:00,
genshin,원신,36984d14-fbc8-4bc2-85f2-398e3e83be62,나타 진짜 재미없어요..,2,0,2026-02-25T02:33:56+00:00,6.3.0_41350619_41366669
genshin,원신,75902dfe-a101-4a6a-9b04-b037a58b5ff8,무과금 느비 2돌 았싸~~,5,1,2026-02-25T01:58:56+00:00,
genshin,원신,cd368997-a638-47c3-85b8-7c244e1e8a16,원신 사랑해요,5,0,2026-02-25T01:33:25+00:00,6.3.0_41350619_41366669
genshin,원신,ae1c576e-f1f5-4d6b-a77f-9f8d9a117162,정말좋다,5,0,2026-02-25T01:22:15+00:00,6.3.0_41350619_41366669
genshin,원신,af3291ee-1d09-4c9f-9301-7a9d03b6c109,22년엔 5점줬었네요. 지금은 아니니까 수정했습니다.,2,0,2026-02-25T01:19:19+00:00,6.3.0_41350619_41366669
genshin,원신,e5135fa1-f8bd-45bd-ba92-b5425d6fdfda,원석 수급을 에효..,1,3,2026-02-25T00:55:19+00:00,6.3.0_41350619_41366669
genshin,원신,f47c0d54-92e9-4312-939a-ded19035fa9c,무기 이벤트 기원에서 픽뚫 나온 것 저장 안되는 거 빼면 재밌음,4,1,2026-02-25T00:50:31+00:00,6.3.0_41350619_41366669
genshin,원신,9b94e3e0-6aa7-4b7d-89f3-b43d6c34c00a,별점 5점 드립니다..바르카 제발..!,5,0,2026-02-25T00:48:10+00:00,6.3.0_41350619_41366669
genshin,원신,01104666-4dc5-46ee-b783-f9e784994d66,원공노 사랑해,5,3,2026-02-24T23:56:33+00:00,
genshin,원신,3bea8fa7-7de2-4cbb-9b8c-0a77be88cb4e,"모험등급 더 빨리 올릴 수 있게 경험치량만 줄여주고, 천장 가격 소폭 줄여서 정상화해주면 좋을듯. 그 외에는 깔점 x",5,2,2026-02-24T23:25:28+00:00,6.4.0_42040338_42314721
genshin,원신,f5a662a0-ddad-4674-8b7d-193f635c2fcc,일단 전충분히 재밌게했습니다. 스토리도 탐사나 짜잘한 스토리를 재밌게 봤고 월드임무같은 거대한 스토리는 어떻게든 이해할려고 요약으로도 봤고 메인스토리가 망해도 그외 컨텐츠로 충분히 버텨오던 유저였고 캐릭터들도 디자인하난 잘뽑습니다. 캐릭터 복각을 노리고 재화를 모으면 충분히 최애캐릭터에게 좋은무기 쥐어줄수있어요. 원신하시는거 고민하는분들은 찍먹이라도 해보시는거 추천드림,5,20,2026-02-24T22:20:39+00:00,6.4.0_42040338_42314721
genshin,원신,0280b965-5c70-4a5f-81bd-1a4eb76d75a8,"무과금은 하기 힘들다는 리뷰가 있어 남깁니다~! 우선 저는 원신 3년 이상 플레이한 완전 무과금 유저입니다! 한정 5성 캐릭터는 돌파 포함 20회, 한정 5성 무기는 4개, 그리고 지금은 천장을 세 번 칠 수 있을 정도의 원석을 모아둔 상태로 과금 유도는 개인적으로 크게 체감하지 못했습니다! 무과금이라도 꾸준히 하면 원하는 캐릭터나 무기를 충분히 얻으실 수 있습니다~~!!",5,11,2026-02-24T16:48:56+00:00,
genshin,원신,35b0bdd4-6e64-4a9d-9807-184121279bc2,인생게임,5,0,2026-02-24T13:16:45+00:00,
genshin,원신,b84fee2d-d7ad-48a4-914e-c4bc0ff51f3e,원공노는 원신과 다른 게임이다,5,2,2026-02-22T05:59:38+00:00,3.5.0_13082099_13156424
genshin,원신,db892670-4b6d-437b-92e3-5faefa96643a,재밌어요,5,0,2026-02-22T03:52:16+00:00,6.3.0_41350619_41366669
genshin,원신,b55e1464-3ef9-4098-8300-75e86f8f2e58,내 인생겜... 진짜 이정도로 내가 게임에 진심이었던 적이 없었는데 신기하다. 여전히 앞으로의 이야기가 기대되고 손봐줬으면 하는 부분은 여전히 많지만 그래도 기다리게 된다.,5,5,2026-02-21T19:12:09+00:00,6.3.0_41350619_41366669
genshin,원신,f77ecdd1-cb1c-4683-a374-63d7006ed5a6,몬드는 현실임 게임이 재밌고 캐디가 예뻐요,5,4,2026-02-21T17:28:03+00:00,6.3.0_41350619_41366669
genshin,원신,0e03b532-6313-4111-af90-ef446cd4349d,너무너무재미있어요^-^ㅠㅡㅠ,5,0,2026-02-21T07:18:37+00:00,
genshin,원신,baa00bdc-9fb8-4e3c-967e-231b0be6c3e3,♡♡,2,1,2026-02-21T05:58:24+00:00,
genshin,원신,976a7e60-1882-4a8e-a3c2-9d699076c0f1,다른 호요버스 게임들은 스토리 보다가 중간에 튕겨도 본데까지는 스킵 기능이 있어서 시간절약이 되는 반면 원신은 기믹을 모두 깨도 중간에 튕기면 그런거 없이 처음부터 모든걸 다시다 해야 된다는게 참으로 답답하고 짜증납니다 스토리 좋고 케디 좋으면 뭐합니까 이런 편의 기능은 전혀 고려하지 않고 만들어 놓고 제발 스킵 기능 좀 추가 해주세요 제발..,1,17,2026-02-21T03:18:16+00:00,
genshin,원신,1e7a0ddf-ea7e-43b1-bbc3-04330f5fc9f3,명조하다 다시 보니까 게임이 좀 아닌거같음.,3,0,2026-02-21T03:17:04+00:00,
genshin,원신,56a0c35a-ca68-4fa2-a6c8-09d14a15f764,안녕하세요재밌어요,5,0,2026-02-20T13:19:30+00:00,
genshin,원신,d4db9d34-8bf4-4c0b-b7f0-76c21882b377,마신임무 던전 진행하다가 앱 잠깐 전환하고 다시 진행하면 처음으로 돌아갑니다. 같은 스토리를 4번 넘게 하는 경우도 있습니다. 중간에 저장포인트가 있어야 할듯 합니다.,5,1,2026-02-20T03:22:12+00:00,6.3.0_41350619_41366669
genshin,원신,4c22b12b-eab0-4740-be06-5379bc328ed5,갸차50돌려는데 안걸린는데,5,0,2026-02-20T00:38:03+00:00,
genshin,원신,4a7eec7d-8972-4401-8eef-bcfe8e56f74d,원석모으기 개빡셈... 이제 맵 탈탈털어서 얻을수있는게없음...,3,1,2026-02-19T17:10:05+00:00,
genshin,원신,11b40b3e-5813-4b86-a691-713c9c44989e,"몬드 때부터 시작한 유저인데, 게임이 너무 변질된 거 같습니다. 1. 접대 문제가 심각합니다. 예전엔 접대가 있었어도 적당히 있었는데, 이젠 접대 없이는 파훼가 불가능에 가까운 패턴들을 보여줍니다. 2. 캐릭터 범용성이 박살 났습니다. 예전에는 같은 지역 캐릭이 아니더라도 섞어 쓰기 좋았는데 이젠 거의 반강제 협박성 캐릭, 파티가 강요됩니다. 3. 재화 수급 문제. 초창기야 캐릭풀도 적고, 컨텐츠도 얼마 없어서 상관 없었는데, 지금은 둘 다 많아진 상황에 더불어 접대는 하늘을 찌르는 중인데도 아직도 초창기 때랑 비슷한 재화 수급량이라 답이 없습니다. 사실상 현 원신 기조는 이제 계획성 애정 뽑기가 아닌, 모든 캐릭을 뽑으라는 식으로 패턴을 내고 있는데 점점 돈독이 오른 걸로 보입니다.",1,23,2026-02-19T10:21:14+00:00,3.7.0_14806628_14807925
genshin,원신,ed03231e-aa8f-480b-b06d-8027fd775355,스토리 가 미쳤다,5,0,2026-02-19T08:46:24+00:00,6.3.0_41350619_41366669
genshin,원신,4e3676f3-2254-4eb5-a570-16ffc6abfe94,"게임 자체는 정말 재미있습니다. 다만 겜 자체가 너무 용량을 차지하고, 원석모으는게 힘든걸 빼면, 캐릭터가 이쁘기도 하고, 할것도 다양하고, 맵도 이뻐서 볼것도 많고, 스토리도 좋네요. 굳👍",4,2,2026-02-19T06:00:57+00:00,
genshin,원신,7218520c-f123-4f5d-9592-dbb2a5c07a83,"25.2~26.2 1년간 원신을 즐기고 진심으로 애정했던 유저로서, 나 자신이 다시는 복귀하지 않길 바라는 마음에서 남김. 장점 1. 원소반응활용전투방식 및 각캐릭터의재미있고참신한공격스킬 2. 아름다운풍경과 그와조화를이루는브금 3. 남성향/여성향과같은특정집단에만치중된게임이아니다보니 스토리에서눈쌀찌푸려지는장면없음 단점 1. 불가능한스토리스킵 절정부분이재미있긴하다만 발단및전개부분이매우지루함.시간낭비라는생각밖에들지않고 스트레스받음 2. 재화수급의비원활성 캐릭터육성뿐만아니라 실상엔드컨텐츠인성유물에서도 돈이많이들어가는데,스트레스받을정도로 재화가부족함.신캐는쏟아져나오고,이를뽑지않으면컨텐츠클리어를불가능하게만들어놓고서도 정작재화는부족함 3.성유물세팅이매우어려움. 원하는옵션얻기도힘들고,나와도3줄이거나쓸모없는것에만강화돼서스트레스받음.그와중에파밍하려면레진써야해서그동안캐릭터육성은못함.더불어성유물강화에도많은재화가소모되는데그와중에재화는또부족해서 더욱스트레스받음. 이 부분에서 원신에 환멸을 느끼고 떠남.",1,4,2026-02-18T22:28:33+00:00,
genshin,원신,4e2c1adb-0120-406c-9aec-d3272a13095d,노드 스토리 괜찮고 캐 성비도 봐줄만함 나타 꼴만 안나고 이대로 가면 계속 할 거 같음,4,4,2026-02-18T15:30:01+00:00,
genshin,원신,9a4ce4f5-c130-435e-be3e-e23aae029699,솔직히 원공노는 갓갬 맞음,5,0,2026-02-18T00:19:18+00:00,
genshin,원신,fbbde728-7ce9-4dd6-8563-fdc792c7ab59,나타로 인해 유저들 반절이상 이탈한게임,1,4,2026-02-17T04:56:27+00:00,5.4.0_30057195_30231699
genshin,원신,46cfbb76-a83d-4635-82bf-b56ea3fa65a9,야르,1,0,2026-02-17T02:02:35+00:00,
genshin,원신,92d45881-515b-4bdb-99e1-0f1a20407b67,젊어야 이해하는 겜ㅋ,2,0,2026-02-16T22:31:45+00:00,
genshin,원신,1e220815-9318-428f-b402-1f6a117bebfb,재밋어욥,5,0,2026-02-16T13:02:55+00:00,6.3.0_41350619_41366669
genshin,원신,61dcea29-4970-4884-b730-8a69d43357c5,"너무 제밌어요! 스토리도 잘짜여있고 개성있는 캐릭터,모델링은 아쉽지만 4.0 들어오면서 점점 괜찮아져요! 음악은 1순위에요! 그런데 마신임무,월드임무,이밴트 빼면은 할께 없어서 붕괴 스타레일 처럼 콘텐츠을 좀더 만들었으면 좋겠어요",4,6,2026-02-16T10:46:50+00:00,6.3.0_41350619_41366669
genshin,원신,6cc0415f-c4a3-40b1-8183-f8686c9ce5d4,스토리는 흠잡을때 별로없는데 게임운영이...,3,0,2026-02-16T09:17:02+00:00,6.2.0_39595820_39944325
genshin,원신,bf70a857-3a02-43c3-9ac1-cc5635993b74,야르,5,0,2026-02-16T03:09:26+00:00,6.3.0_41350619_41366669
genshin,원신,7e7b902b-7e09-469e-b7e0-2d4b8be07ce1,하 일단 3년만에 복귀하긴 했는데 두렵다...,5,0,2026-02-15T08:51:49+00:00,
genshin,원신,9c16a780-eb66-4dff-8fa6-4a8c3a364040,어제부터 하고있셨는데 오눌 갑자기 오류 가있다고 뜨네요....,4,0,2026-02-15T06:19:18+00:00,6.3.0_41350619_41366669
genshin,원신,5eff801a-da25-48dc-a07f-76711b3334ec,역시 갓겜,5,0,2026-02-15T04:08:13+00:00,6.3.0_41350619_41366669
genshin,원신,5f3c911e-c51f-4814-b6f5-d7dd7621c44f,"말같지도 않은 번역, 음악회를 열다, 트위터에 100억을 주다, 코코미 성능을 4성으로 하다, 요이미야 활 편의성은 개나 주다.",5,32,2026-02-14T13:14:50+00:00,2.1.0_3981765_4073622
genshin,원신,fdabeb0c-5552-47f2-aaa2-7695ffb87a2e,5점먹어라 무과금에 픽뚤 안나고 플린스 1돌에 전무라니!,5,4,2026-02-14T12:12:50+00:00,4.7.0_23093867_23435602
genshin,원신,697d1f29-7d0f-4070-a7ec-034c9e4420c3,아니..비경(보스) 들어가고 전투을 하다가 계속 튕겨요 해결해주세여,1,1,2026-02-14T07:55:46+00:00,6.3.0_41350619_41366669
genshin,원신,964d56a2-b8bd-47af-9004-afd88e587070,굿,5,1,2026-02-14T05:04:46+00:00,6.3.0_41350619_41366669
genshin,원신,1a6b6bd7-cda2-4d4f-a054-ded57ec2f5cb,"게임 규모 확장에만 관심 있고 유저 편의는 전혀 관심 없다 초반에는 내가 원하는 캐릭터를 선택하고 가챠 계획을 세울 수가 있었고 걔로만 게임 진행하는데에 불편함이 없었는데 새로운 지역이 나오면서 해당 지역에서만 사용 가능한 캐릭터, 그곳에서만 유리한 전투 시스템을 활용하는 캐릭터, 전투력 인플레 이동기 인플레 등등 점점 선택이 줄고 뽑아야만 하는 게 늘어남 하지만 턱없이 부족한 재화 수급 한 캐릭 육성에 드는 자본에 비해 공급량이 너무나 짜다 무과금은 이제 사실상 탐사말곤 할게 없는 것 같음 근데 심지어 탐사도 이번에 나온 노도크라이만 봐도 몹들 잡으려면 노드크라이 전용 캐릭터가 있어야 편함 한달 존버해도 캐릭 뽑을까 말까한 재화량인데다가 캐릭 하나 육성하고나면 육성 재료 또 모아야하는데 그건 또 양이 뒤지게 많이 필요함 진짜 규모에 비해 가챠 재화 주는 양이 너무 부실하고 인플레가 내가 시작했을때에 비해 상당히 심해짐 차라리 시작 안하는 것을 추천",1,70,2026-02-14T04:59:42+00:00,6.3.0_41350619_41366669
genshin,원신,f7efcdf1-f155-4abd-9c6d-6a1455d8e46e,원공노는 원신하고 다르다. 젠존제와 스타레일보다 좋다. 명조 엔드필드보다 좋다.,5,5,2026-02-13T21:14:53+00:00,2.3.0_4786731_4861639
genshin,원신,b589cdcb-d441-4d8a-bb60-757bdcad3816,스토리를 이렇게 기가막히게 만들면서 재미있게 하고있어 파이팅,3,19,2026-02-13T12:47:10+00:00,6.3.0_41350619_41366669
genshin,원신,b47bc8ab-e131-47f8-807b-7ca8982ea2d5,이정도로 열심히한 게임은 처음인듯,5,3,2026-02-13T09:13:14+00:00,6.3.0_41350619_41366669
genshin,원신,d65a54f0-8c60-4bc8-8019-9044d12bd3f8,진짜로 너무너무 재밌는데 어케하는건지 모르겠음... 일단 폰 용량은 커서 괜찮은데 게임 자체도 괜찮은데 이 게임 플레이 방식 및 돈 모으는 게 아직 감이 안 잡힘... 돈 어떻게 모으나요? 재화 종류가 너무 많음.,4,0,2026-02-12T00:16:08+00:00,6.1.0_38157513_38357358
genshin,원신,aaf96ab9-47d1-4f07-8cd9-c98981e7f9ca,노드크라이 버전은 진짜 업데이트 잘한듯,5,3,2026-02-11T15:54:43+00:00,
genshin,원신,6e2e6c12-2ad4-4699-9e72-e39d7f2feda7,스토리 스킵 좀,1,3,2026-02-11T05:34:36+00:00,
genshin,원신,3839b997-87cb-4ff7-acdb-569494b3911d,유저 개무시하는 게임,1,5,2026-02-10T15:41:47+00:00,6.3.0_41350619_41366669
genshin,원신,951c1ed0-1e40-4851-ac36-dff39d759fec,캐릭터를 보면 원래 '얘 바람원소다!' '얘 불 원소다!'하는게 사라져서 당황스럽네요. (붕괴스타레일 느낌),4,2,2026-02-10T13:14:10+00:00,6.3.0_41350619_41366669
genshin,원신,0c70cfb6-fc17-47fd-abb4-6c6bc3f6f8b5,"게임 만족감은 최상위이긴 합니다. 그러나 (단점) 스토리 스킵을 만들어주세요 붕스, 젠존제까지 전부 스킵기능이 있는데 원신만 없네요 급하게 할 때 스토리 때문에 짜증나는 경우가 많아요 가장 큰 단점은 스토리 스킵이라 생각해요 제가 원신을 떠났었는데 그이유 또한 이것이고요(장점) 다인모드가 있어 어려운 부분을 고인물에게 도움받을 수 있다. 스토리가 재밌다 캐릭터 디자인이 예쁘다 원신 접고 붕스로 갔는데 다시 돌아오게 되었네요... 원신 잘부탁해 그리고 붕스처럼 예전 이벤트 다시 할 수 있었던 것처럼 이벤트 회고 시스템? 필요해요!! 탐사 많이해도 어려워요..ㅠㅜㅠㅜ 원신 근데 너무 재밌어요!!! 감사함다...ㅠㅜ 플린스 뽑게해주세요!!!",5,311,2026-02-10T08:18:33+00:00,6.3.0_41350619_41366669
genshin,원신,87b793e1-91d1-4904-bbc1-16924e650287,노드크라이는 전설이다... 스킨 사줄테니까 많이 좀 내주세요ㅜㅜ,5,0,2026-02-10T04:39:35+00:00,6.3.0_41350619_41366669
genshin,원신,d8447585-f659-4fb4-89a3-4c203b48b6fe,"요즘 모델링도 다른 게임들 못지않게 좋아지고 스토리도 완전 재밌어졌어요. 제 폰이 게임 잘 안 돌아가는 폰인데 화질 제일 좋게 해도 잘 돌아가서 좋아요. 근데 스토리 스킵 기능이랑 중요한 월케 다시 보기, 이벤트 무기 상점 같은 건 필요할 것 같아요. 이벤트 무기가 전무에 가까운 애들도 있고 시뮬랑카는 했는데 설산 이벤트를 제가 못해서 처음에 두린를 이해하는 데 시간이 좀 걸렸고 무엇보다 다른 여름 이벤트들도 하고 싶어요. 스토리 스킵 기능은 이미 다른 유저분들도 필요하다고 느끼는 부분인 것 같습니다.",4,10,2026-02-09T16:48:59+00:00,6.3.0_41350619_41366669
genshin,원신,d4b6db4f-507a-4649-b44c-f267d05b45a0,나타에서 접었다가 노드크라이 스토리보고 바로복귀함ㅜㅠㅠ 콜롬비나 너무 귀엽다,5,3,2026-02-09T16:45:28+00:00,6.3.0_41350619_41366669
genshin,원신,d1eea8b4-ed5b-43c7-a1f8-91c3b684d5bd,85학번 유저입니다. pc로 플레이를 주로하는데 사실상 무과금유저입니다. 이번 노드크라이기준 신맵 탐사도 다파고 월퀘 다하고 (평판작) 하고 이벤트 다하니까 콜롬비나 픽뚫 하고도 천장찍어서 뽑았습니다. 시간만 들이면 무과금이라도 할만 합니다. 또한 뉴비기준으로 초반엔 어려울지 몰라도 전 그 과정이 너무나도 재밌었습니다.그게 다 추억이더라구요. 캐릭터 육성에 정을 들이는만큼 더 애착도가고요. 부계도 생각보다 빨리 잘키웠습니다. 육성이 애초에 오래걸리게 생긴 시스템이라. 빨리 키우고싶으신분들께는 좀 안맞을 수 있습니다. ps.최근 업뎃중에 별바다세계는 좀... 안만드는게 나았을거란 생각이 듭니다. 적응하기도 어려웠고. 제겐 원신 자체의 몰입도를 떨어뜨리는 요소라고 생각해서 안들어갑니다.. 그냥 다른게임 하나를 한게임에 우겨넣은 느낌이라.. 다행히 재화가 공유되는건 아니라 하실분만 하시면 될듯 합니다..,4,4,2026-02-09T15:50:31+00:00,
genshin,원신,414d5a23-4857-4bf7-b82a-5a299812fc49,살아났구나!,5,16,2026-02-09T14:53:45+00:00,
genshin,원신,dffa12bd-0ba7-43fb-a06d-2024d27dc1d0,스킵이랑 픽뚫 확률만 낮추어 주면 다좋음,4,2,2026-02-09T14:36:30+00:00,
genshin,원신,bc59bd29-ee06-4b7d-98eb-65082740981d,폰으론 몰랐는데 태블릿으로 하려고 설치 후 리소스 다운하다 용량 문제로 포기 ㅠㅠ,4,0,2026-02-09T11:54:48+00:00,
genshin,원신,2292527d-f942-43b7-9ded-72eaf2baf686,공월+기행 하면 게임이 편해집니다. 무과금은 다음 버전 픽업보고 중요캐릭이면 맵 빠르게 털어먹고. 맵 다 털어먹은 무과금은... 해줄 말이 없네요. 소과금이 게임하긴 편합니다. 노드크라이부터 점점 크게 발전하는 모습이 좋네요,5,233,2026-02-09T04:49:58+00:00,6.3.0_41350619_41366669
genshin,원신,f6a42830-9c93-4915-992f-7f5cb36584e6,"2025.1.9일에 시작한 여행자입니닫!! 진짜 삶이 너무 힘들었을 때 원신이라는 게임을 만나게 되었습니다.. 게임을 오래 하는 편이 아니라서 초반에 하고 그만두려 했는데, 몬드의 그 편안함이 절 반겨줬어요 저만의 태양이었던 원신을 이제 다른 여행자분들께 추천드리고 싶습니다!! 진짜 이 게임.. 말로 표현할 수 없는 명작입니다..👍 앞 부분이 조금 지루하시더라도, 수메르&폰타인&노드크라이는 꼭 하시면 좋으니 같이 즐기자구요!♡",5,27,2026-02-09T02:24:28+00:00,
genshin,원신,9f78703c-175b-4df7-98f8-a1807ec108eb,할 말이 없네요...,4,8,2026-02-09T02:24:11+00:00,4.6.0_22174900_22378599
genshin,원신,e7c8ccbc-dfab-4550-bcd3-626f15ad13c6,제 친구가 이것만 하고있어요 저랑 놀지도 안고 원신만해요:나 원신 해야함 그래서 평점 남깁니다 깔아보았는데 해보니 재미없고 어려워요 이거 평점 남길게요 저도 이러기는 싫었는데 결국 합니다 제 친구는 13살인데 15세이상 게임울하니까 완전 싫었습니다,1,1,2026-02-09T00:41:53+00:00,6.3.0_41350619_41366669
genshin,원신,5d0236ea-4158-4ab3-b2ad-6d303d4a51d6,실제로 존재하는 세계같음,5,1,2026-02-08T16:13:58+00:00,
genshin,원신,b1b42dce-fed6-40eb-a920-8a3fc9cc4381,다 좋아요 그런데 스킵은 좀 만들어주세요 안 보는 스토리에 서브까지 그냥 모든걸 다 봐야하니 너무 할 맛 떨어질려해요,3,0,2026-02-08T12:26:33+00:00,6.3.0_41350619_41366669
genshin,원신,52896ae9-ecbc-40fd-9d07-f8b5fc280d59,재미있습니다,5,0,2026-02-08T07:06:18+00:00,6.3.0_41350619_41366669
genshin,원신,ce06ef2c-a55e-4297-99e4-f3fed5e4dbc5,재밋다,5,0,2026-02-08T05:46:01+00:00,6.3.0_41350619_41366669
genshin,원신,251f7270-8653-41b3-aaf9-f98d00e08574,퀄리티 굿,5,0,2026-02-07T22:06:49+00:00,6.3.0_41350619_41366669
genshin,원신,c75a9192-9659-4ed2-89de-9512560512f4,스킵 좀 만들어 제발 노드크라이 부터 패치한건 좋은데 너네 동생들은 다 있는 스킵 버튼이 도대체 왜 없는거임? 심지어 이번에 나온 명방 엔드필드에도 스킵 버튼 있는데 제발 좀 만들어 소통 좀 하고,3,0,2026-02-07T17:36:32+00:00,6.3.0_41350619_41366669
genshin,원신,ad7489e5-a052-46d6-9716-dde7fe4588c6,도토레 캐리,5,1,2026-02-07T15:32:10+00:00,5.3.0_29183395_29332470
genshin,원신,fb166d2f-481a-40c4-82d8-46b9b11141b4,하다보면 질리긴 하는데 엄청 과금 안 해도 즐길 수 있음 근데 늦게 시작하면 할수록 할 게 많아서 피곤할듯 게임 자체는 별로 안 어렵고 재밌음,5,0,2026-02-07T15:04:00+00:00,
genshin,원신,e7015c54-d687-4cf2-b71b-35bedd16b130,재미게 잘하고있어요.,5,0,2026-02-07T00:06:28+00:00,
genshin,원신,dd0c3f2b-926e-44e2-bcce-d3453c819b59,"인게임 연출 짜쳐서 못하겠음, 나타 스토리도 별로고",1,1,2026-02-06T16:41:43+00:00,4.2.1_18831865_18963989
genshin,원신,d668d1d2-450e-48d3-ab31-21b25bb83fb8,개성있는 캐릭터들과 떠나는 여행. 너무 재밌습니다. 근데 모험레벨 제한이 있는거 같아요... 그래도 원신 사랑합니다!,5,0,2026-02-06T10:14:49+00:00,
genshin,원신,bf55c87b-fdda-499a-a6a9-2b538fe5a776,"상시 5성 캐릭터가 심하게 적고 거의 모든 5성이 한정캐인데다 기간도 정해지고 재픽업도 매우 드물게하기에 픽업마다 심각한 수준의 재화를 쓰게하면서 모은 재화가 단숨에 날아가도 단 한개의 픽업만을 해결할까말까로 이어지고 픽업 하나 뽑기위해 3달을 모아도 부족한데다 전용 무기조차 한정무기로 나온다, 한정캐가 강해지는 조건 1돌에서 2돌. 심지어는 게임자체가 원소반응을 사용하는데 한 캐릭터마다 하나의 속성만 쓰기에 여럿을 모으게 만들어 넣고도 부족해서 특수기믹까지 넣어서 특정 지역 캐릭터, 특정 한정 캐릭터, 특정 기믹 특성캐릭터까지 있어야 비로소 기믹파쇄가 쉬워지는데, 4성 캐릭터조차 모든 기믹이 나누어져있어 나올때까지 거의 대부분 기믹을 매우 불편하게 깨거나 전투력이 부족해지는 경우가 많고, 애초에 안나와서 뉴비 기준 스토리를 밀려면 월드레벨을 높이지 않는것이 나은경우가 많은데, 올리지 않으면 정작 기믹강화가 안되는 악순환 보호막, 특수 혹은 속성 능력 공격 없이는 약한게임",1,44,2026-02-06T08:41:10+00:00,6.3.0_41350619_41366669
genshin,원신,04fb42db-c39c-44eb-8526-119e5385ca7d,83학번 무과금 원붕이 입니다. 제가 옛날 구식캐 만 있어서 지맥 재압전 같은건 완벽히 해내지 못하는게 아쉽지만 그래도 재밌어서 열심히 하는 편 입니다. 스토리 도 요즘 재밌어지고 별바다 로 새로운 시도를 하여 반응이 좋지 않지만 저는 꽤나 신선하여 좋다고 생각합니다. 그리고 요즘 발전하는 모습도 그나마 보이고 좋다고 생각합니다. 모바일 하실 분들은 저장공간 좋은 폰으로 하시길!,5,24,2026-02-06T06:38:54+00:00,6.3.0_41350619_41366669
genshin,원신,ab0bad58-1aca-4861-b8dd-32d0639661c4,"5성 확률이 전보다 더 높아진 것 같고 게임 내 그래픽 하며, 음성하며 모두 제 스타일이라서 너무 좋아요..ㅠㅜ",5,0,2026-02-06T05:27:16+00:00,6.3.0_41350619_41366669
genshin,원신,da73fe35-8bdf-4bf4-8227-47cb46c87245,유지력이 꽤 높은 게임,5,0,2026-02-06T03:14:52+00:00,6.3.0_41350619_41366669
genshin,원신,fbbef1aa-d721-4ec5-b8a1-562141897f17,갓벽,5,0,2026-02-05T14:19:32+00:00,6.3.0_41350619_41366669
genshin,원신,84e6588e-3d26-4b4b-b941-73ff71becaab,메인 5장 5막 폰신으로 명룡 활공 버그나서 진행을 못한다.. 이딴 루트 만들질 마라,1,0,2026-02-04T17:23:03+00:00,
genshin,원신,ebc52dab-f2d4-44ba-baa6-ad2c4090eca5,"캐디가 갈 수록 예뻐짐. 초창기 캐릭터와 현재 캐릭터를 비교하면 굉장히 많이 좋아졌음, 예전엔 일러스트와 차이점이 많았는데 지금은 일러스트와 거의 똑닮아 캐릭터를 보며 불편했던 게 없어져서 좋았음. 그리고 이젠 중요한 역할을 하는 npc들 캐디는 안 돌려써서 같아 좋음. 이번 노드크라이에서 나온 달의 여신 3자매들 보면 안 돌려쓴 게 느껴짐. 크게 중요하지 않은 캐릭터들은 상관 없는데 스토리 내에서 중요한 역할을 하는 애들은 최소한 속눈썹이나 펌을 해줬으면 좋겠다고 생각함. 어떤 사람이 두냐르자드 약간 펌하고 속눈썹 붙인 거 봤는데 인상이 확 달라짐. 물론 다 다르게 할 순 없지만 스토리 내에서 중요한 인물은 많지 않기에 최대한 돌려쓰지 않았으면 좋겠음. 그리고 스토리를 다 민 나라의 캐릭터는 못 본다는게 아쉬움. 여행일화나 해등절, 속세의 주전자 같은 걸로 볼 수 있지만 여행일화도 사실상 복불복이고 해등절에는 그 캐릭터가 리월에 오는지도 모르고 속세의 주전자는 해당 캐릭터를 뽑아야",5,15,2026-02-04T16:48:00+00:00,6.3.0_41350619_41366669
genshin,원신,b0656573-1194-4001-a7fd-2debfb69eef7,자백너무예뻐요 10뽑 2번 했는데 명함이...!,5,3,2026-02-04T10:49:39+00:00,
genshin,원신,b79f1ede-ee59-4c19-ae52-202f3687323f,가챠시스템도 에바 스토리스킵 없는 것도 에바 32렙 찍고 결국 런쳤다,1,2,2026-02-04T07:51:27+00:00,
genshin,원신,ed5d908b-690f-4a55-bc15-24d41bbfc531,원신은 죽었다. 원공노만이 있을뿐...,5,3,2026-02-04T03:53:28+00:00,
genshin,원신,395c53c2-c180-44cf-a655-a6678e5a3b1c,굳,5,0,2026-02-03T12:14:42+00:00,
genshin,원신,1ae4dabf-134c-4367-9ce0-84f6f29b16a7,류웨이쿤...재미있게 즐기고 있습니다만..스타레일과 젠존제에 있는 스킵 기능 추가 좀 해주면 좋겠네여,5,5,2026-02-03T06:55:32+00:00,4.2.1_18831865_18963989
genshin,원신,fc7c9453-871f-4bd4-9948-635e126b99be,스토리 스킵만 제발,5,0,2026-02-03T05:32:52+00:00,6.3.0_41350619_41366669
genshin,원신,a1efc414-ada1-4198-9cf2-9322d064af61,"업뎃 여러번 걸치고 모델링 수정에 구캐릭 AS에 나침반 개선에 돌파 재료 집중 파밍 표시 등등 정말 다 잘 해주고 있는데 하나 원하는 점은 캐릭터들이 현재 일화 라는 시스템으로 맵에 등장하고 있음 근데 일화를 마치고 나면 그 자리에 있는 캐릭은 사라져서 좀 아쉬움 일화가 아니여도 맵을 돌아다니다 보면 플블 캐릭터가 리월 바위산에 앉아있다던지 몬드 음식점 앞에 앉아서 서로 이야기 나눈다던지 하는 모습도 추가해줬으면 함. 일화처럼 긴 대사나 장면 안 넣어줘도 말 걸면 ""오 안녕? 여기엔 놀러온거야?"" 같은 대사만 넣어줘도 좋을 거 같음",5,16,2026-02-02T16:05:25+00:00,6.3.0_41350619_41366669
genshin,원신,a1f67506-b978-4f8a-8911-1f5d40b38217,구캐랑 신캐의 모델링이 너무 차이가 나서 다른겜 캐릭터 같아요 구캐 모델링을 스킨 말고 AS해줬음 좋겠어요.. The modeling quality of old characters is very different from that of new characters. Please fix the modeling of old characters.,5,2,2026-02-02T14:39:52+00:00,
genshin,원신,91733752-7acf-4a00-8211-a76d3bd68b3b,갈수록 재미도 없고 골로가는 게임이 되가는 원신,1,4,2026-02-02T14:13:00+00:00,
genshin,원신,7f9a2e2e-4398-40a4-87c3-78ec11b8f9eb,제발 대화 스킵좀 되게 해주세요 복귀 했는데 대화넘기기만 계속 누르다가 끄게되요,4,0,2026-02-02T07:20:35+00:00,2.0.0_3513686_3617618
genshin,원신,207f182d-2a53-49db-b749-507f000c2721,..만우절에 세탁기 가상 광고 만드는거 어때요? 메인스 진행중인데...몇번째 캐릭터 세탁이야.. 이래서 중국 사람들이 캐릭터 세탁 싫어한단 거구나...근데 그걸 왜 중국게임에서 자꾸만 하고있는거에요..?,4,1,2026-02-02T05:32:49+00:00,6.3.0_41350619_41366669
genshin,원신,a9094917-858c-40f7-bef3-930fb2277f29,방랑자 복각 언제하나요?,5,0,2026-02-02T02:29:28+00:00,
genshin,원신,ca5ef7a3-aeb3-4687-8b2c-22469607a6b7,💯,5,1,2026-02-01T15:30:59+00:00,
genshin,원신,b637197e-8120-4079-ae63-8cc97a65f6ee,너무하네요,1,0,2026-02-01T12:43:29+00:00,
genshin,원신,fa4596ec-35ec-4bc5-a307-51bb01734123,은근 재밌음,5,2,2026-02-01T07:25:35+00:00,6.3.0_41350619_41366669
genshin,원신,55e68e3e-d073-4c7b-8fbc-fe77619cebfe,너무 재밌어요,5,0,2026-01-31T16:55:46+00:00,6.3.0_41350619_41366669
genshin,원신,100b89b6-048e-4cef-8ef7-c93d0ae847d2,개노잼스토리 만들어놓고 스킵기능 하나 안 넣어주는 이상한게임...,1,12,2026-01-31T09:39:16+00:00,6.3.0_41350619_41366669
genshin,원신,fd43321d-ff26-481a-83d1-e396c4d63bef,너무 재밌어요,5,0,2026-01-31T06:31:30+00:00,
genshin,원신,a07fca9e-1497-468c-b798-6145053e7a08,이제 3년 다 되어가는데 잘 플레이하고 있습니다!,5,0,2026-01-30T18:06:34+00:00,6.3.0_41350619_41366669
genshin,원신,6fd84177-6c8e-4dfa-936a-d47e092e4101,스킵 제발 추가좀 게임 하는 사람 관객 취급하면서 세계관 철학 고집때문에 스토리 절때로 스킵 추가 안하는거 보면 너무 짜증남 유저랑 제발 기싸움 좀 그만하셈,1,4,2026-01-30T17:21:17+00:00,
genshin,원신,bfcf750c-ed30-4435-9ff7-9bbe172cac5b,"예전부터 지금까지 재밌게 즐기고 있습니다...! 불편한 점은 딱 하나있어요... 이번 마신임무(메인) 스토리처럼 전개가 좋고 흐름도 좋으면 상관없지만 중간중간에 쓸데없지만 시간을 잡아먹는 스토리들 때문에 그냥 피곤해집니다.... 예를 들면 수메르에서의 아란나라였나...이상한 풀정령들 스토리라던지, 쓸데없는 대화를 오래하는 것들이요. 자동대화도 중간에 대화 선택지 나오면 멈춰서 쓸모없고요... 붕괴 스타레일처럼 스킵 기능 만들 수 없는건가요...",4,13,2026-01-30T15:42:30+00:00,6.3.0_41350619_41366669
genshin,원신,bd8cda9e-0c8a-44d2-b4c1-71fdffa15d58,미친 나타 이후 흥미를 완전히 잃어버리고 한두 시즌 더하고 접었다. 나타 캐릭이 원신을완전 질려버리게 만들었다,1,1,2026-01-30T03:51:15+00:00,5.7.0_33477673_33723678
genshin,원신,25e3493c-64a3-48bf-bdca-7c764622970d,동화같음 모바일은 좀 익숙해지려면 사용을 오래해야함,5,0,2026-01-29T17:21:47+00:00,6.3.0_41350619_41366669
genshin,원신,af367aeb-e4d1-4cb1-818e-80cf8afefcc1,1년 6개월정도 접었다가 콜롬비나보고 복귀했는데 좋은 변화가 많네요 이대로만 유지되길,5,9,2026-01-29T11:18:53+00:00,
genshin,원신,2e4f259a-17ba-4df6-a52e-22a2c59e5d98,요즘 캐릭터 디자인도 예뻐지고 스토리도 좋고 전투도 재밌지만 스토리 스킵버튼이 없어서 리세하기 힘들고 가챠 재화가 진짜 안모아져서 캐릭터 뽑기도 힘들어요.. 그래도 재밌어서 별 4개 드립니다,4,1,2026-01-29T08:08:06+00:00,6.3.0_41350619_41366669
genshin,원신,a6e6dd18-dabb-4a85-83cd-b952476eef44,진짜 스토리스킵만요 ㅈㅂ 그것만 있음 5점 ㅆㄱㄴ,4,2,2026-01-29T07:22:24+00:00,6.3.0_41350619_41366669
genshin,원신,f5994483-f80f-4a5b-9521-cfffce607aac,공월의 노래는 기존 원신보다 개선된부분이 너무 많아서 정말 만족스럽네요 5년정도 플레이했는데 정말 역대급연출이 담긴 스토리이지 않나 싶습니다 앞으로도 이렇게만 운영해준다면 섭종까지 함께할 예정입니다 ㅋㅋ,5,1,2026-01-29T02:24:28+00:00,6.3.0_41350619_41366669
genshin,원신,01235814-283d-42d5-b965-6cf0a02e27b1,😄,5,0,2026-01-28T20:14:38+00:00,6.3.0_41350619_41366669
genshin,원신,bdb59e0d-458b-4f7a-b3be-ec940d79c8ad,"4.3 후반부 부터 시작한 유저입니다. 그때부터 약 3년간 원신을 플레이하고 있습니다. 처음에 광고를 보고 너무 재미있어 보여서 깔았는데 진짜로 재미있더라고요. 폰타인 스토리랑 시뮬랑카 스토리까지 잘 가다가 나타에서 호불호가 강한 스토리를 가져와 잠깐 주춤했지만, 이번 노드크라이 스토리는 호불호가 갈리지 않는 좋은 스토리를 가져와 만족합니다. 재화도 전에 비해서는 훨씬 많이주고, 이벤트로 주는 재화도 체감상 늘은 것 같습니다. 그리고 가챠 천장등의 문제 역시 조금씩 개선해 나가고 있어 무과금으로도 플레이하기 편해지고 있습니다. 재화 문제와 스토리문제, 가챠 천장문제들은 잘 해결되었지만 아직도 좋은 기기가 아니면 있는 렉 문제와 그놈의 별바다 세계가 너무 발목을 잡는 것 같습니다. 별바다 세계가 쓰읍.. 원신과는 좀 안어울려도 참고 플레이하고는 있습니다만 아직도 왜 만들었는지는 모르겠네요.",4,37,2026-01-28T16:03:29+00:00,6.3.0_41350619_41366669
genshin,원신,4dc08130-9fdd-4156-b91b-e6e520dfa1a0,친구가 하래서 했는데 좀 재미있는거 같아요,4,2,2026-01-28T12:55:09+00:00,6.3.0_41350619_41366669
genshin,원신,2786a2b8-c77e-4e39-a23f-f0b63db0a842,이게임 완전 재밌어요 상자도 먹고 몬스터도 죽이니까 흥미진진해요,5,0,2026-01-28T12:06:14+00:00,1.3.0_1825294_1872772
genshin,원신,b08c624f-82ee-4bfd-ad13-cb613845b488,페이몬 사랑해,5,0,2026-01-28T08:33:57+00:00,6.3.0_41350619_41366669
genshin,원신,d7345904-419f-4549-b71b-3aae2df65ad1,노드크라이 스토리 좋네요,5,23,2026-01-28T07:47:43+00:00,3.7.0_14806628_14807925
genshin,원신,88ef6ff4-ee0a-483f-935f-83542d0bd259,퍼즐만아니면 진짜잼있는게임인데...,1,0,2026-01-28T06:07:51+00:00,
genshin,원신,0c3b42eb-dc84-4ba7-bc7f-0b61e02e4ba4,나타부터 상당히 성의 없어졌네요.. 모든 면에서,3,29,2026-01-27T05:15:12+00:00,5.8.0_35245262_35356052
genshin,원신,d6560309-df6f-4397-ab84-83f9a484335c,개인적으로 재미있습니다.,5,0,2026-01-27T01:18:45+00:00,6.3.0_41350619_41366669
genshin,원신,86cdd6e3-7f2d-4b76-b2ca-e455e4ca417d,동생겜 5성 배포하는 동안 이쪽은 무소통 무대응 및 상시컨텐츠 부재,1,13,2026-01-26T19:57:09+00:00,
genshin,원신,fc99e2e2-997b-4947-89b0-e984e81ec234,응샛,5,0,2026-01-26T17:27:05+00:00,6.3.0_41350619_41366669
genshin,원신,c1c88ad6-9b67-42fb-adbd-f0be43a40a9d,스토리 일단 나아진것 같고 캐릭터 디자인도 전보다 나아진게 보임. 근데 스킵 버튼이 없어서 아쉬움.,4,0,2026-01-26T04:18:39+00:00,6.3.0_41350619_41366669
genshin,원신,584b4ca7-8119-400c-81e8-891e7938e45b,니들이 나한테 이럴수 없지 짜증나는 놈들아,1,0,2026-01-25T17:06:33+00:00,6.3.0_41350619_41366669
genshin,원신,2b649b50-76f9-4b80-bcbc-9e80de26afb5,저장공간이 거의 절반이 차긴차는데 그럴만한 게임임,5,0,2026-01-25T03:12:35+00:00,
genshin,원신,ac6ed8a6-662d-4d88-ba3a-121af6b9a5b8,수메르를 드디어 넘었구나,5,0,2026-01-25T01:35:10+00:00,1.1.1_1437351_1398019
genshin,원신,3f9a0693-ea58-4c22-968b-6781517767c4,사람들이 여러부분에서 욕하면서 깎아내리는데 원신만한 게임 없다고 봅니다.어떤게임을 해도 결국엔 마지막에 하고 있는 게임은 원신입니다.최신 게임들이랑 원신이랑 비교하는데 원신은 5년정도 되는 게임인데 왠만한 게임들보다 좋은 퀄리티를 보여줍니다.그리고 서사나 스트리가 정말 좋습니다.진짜 한편에 영화같이 좋습니다.,5,20,2026-01-24T17:58:04+00:00,6.3.0_41350619_41366669
genshin,원신,3eacb842-da97-4465-a65d-1c4580199707,노드크라이 기대 이상으로 잘 뽑아놔서 평가 회복시켜 줌... 이제 스네즈나야만 잘 뽑으면 될듯,4,7,2026-01-24T12:00:25+00:00,6.3.0_41350619_41366669
genshin,원신,ec155640-a3a1-4778-b993-2e0fce7f1b89,왜 주변에서 푸리나 푸리나 하는지 알 거 같음,5,5,2026-01-24T07:41:54+00:00,6.3.0_41350619_41366669
genshin,원신,17ccb706-7687-4e6e-ad27-3fac545c5248,한 1년정도 무과금으로 플레이 하고 있습니다! 일단 RPG 좋아하시면 한번 플레이 해보셔도 좋을 것같습니다! 저는 모험게임 자체와 원신의 캐릭터 자체를 좋아해서 플레이 하는 것도 있지만 막상 해보면 RPG 자체에도 굉장히 감탄을 받을정도로 타격도 좋고 모델링도 좋습니다. 무과금으로 하기 어렵다고 생각도 했지만 이벤트 참여 하는걸로도 꽤나 쏠쏠하게 챙길 수 있어서 저는 꽤 무난하게 하고있어요! 개인적으로 캐릭터들이 너무너무 예쁩니다. 스토리도 굉장히 잘 되어있다고 생각이 들고 캐릭터를 키우는 게 정말 좋았습니다. 조금 아쉬운 건 한 캐릭터를 키우는 데에 시간이 꽤나 걸리는 점입니다. 한달은 각잡고 해야되는데 시간 여유가 없으면 좀 힘들 것같기도 합니다. 그래도 개인적으로 너무너무 만족합니닷!,5,132,2026-01-24T04:16:09+00:00,6.3.0_41350619_41366669
genshin,원신,0511a315-0e94-4ee1-9337-4c22c3baf878,푸리나는 너무 예쁘고 콜롬비나도 와두도 너무 예쁘고 기여워요 중국게임이라는 건...좀 아쉽긴 한데,5,1,2026-01-23T17:18:28+00:00,6.3.0_41350619_41366669
genshin,원신,2eec1409-8b83-4ad2-9195-7a525931d402,다 좋은데 뽑기 확률이 왜이렇게 낮죠 110연차 이상 한거 같은데 메인 5성 캐릭터가 왜 이렇게 안나오죠 원석 진짜 열심히 모았는데,4,1,2026-01-23T10:30:44+00:00,6.3.0_41350619_41366669
genshin,원신,dde1d011-55e4-4e6c-81af-bba89637cbc2,콜롬비나 1돌했어요♡,5,2,2026-01-23T07:43:17+00:00,6.3.0_41350619_41366669
genshin,원신,363cc077-5359-4cbd-a8ef-f00b6e2dea3e,맜있다,5,1,2026-01-23T04:13:27+00:00,4.0.0_16983586_17100363
genshin,원신,e0f2198a-abd6-4384-8fc4-3436cdfc30d9,스토리 스킵좀 만들어라 와 진짜 징하다 접는다,1,2,2026-01-23T02:45:20+00:00,6.3.0_41350619_41366669
genshin,원신,a7b8ae0e-fe94-407f-9be9-3e3c6b488fb6,원공노(원신 공월의 노래라는뜻)는 전설이다,5,35,2026-01-23T02:06:29+00:00,6.3.0_41350619_41366669
genshin,원신,53e27051-6bd2-4495-a2af-d38e4bdb386e,여행자 사랑해,5,0,2026-01-22T14:57:16+00:00,6.3.0_41350619_41366669
genshin,원신,26118181-2a34-4877-9087-2d6d0a8ebb73,그래 잘하자,5,0,2026-01-22T06:56:23+00:00,1.4.1_2154667_2147343
genshin,원신,e02244cf-fc2b-4ea6-b0d2-92557abf4846,나타때 접고 노드크라이 눈띵만 하고 있는데 뭔가 손이 안감 ㅋㅋ,1,0,2026-01-22T05:41:50+00:00,
genshin,원신,dcc58e53-cf27-4a7c-964e-27f1fc27bfe3,복귀함,5,0,2026-01-21T16:23:09+00:00,
genshin,원신,afa4dac6-f220-4fb9-a57b-d8e9168a6c32,1.스킵 만들어주세요 2.요일별 비경 폐지해주세요 3.레진 최대치 늘려주세요 4.스타레일처럼 예비 레진 시스템 도입해주세요,2,3,2026-01-21T13:43:45+00:00,
genshin,원신,ddc00563-d422-4dc4-bcdb-f93301b57f05,재밌고 좋은 게임인데 용량이 너무 커서 설치가 힘들어요. 발열과 렉도 있어요...ㅠㅠ,3,4,2026-01-21T12:11:14+00:00,
genshin,원신,a6cf0278-09ec-43a1-aec7-738102eeb7ae,스토리 스킵 버튼 제발 플리즈 ㅠㅠㅠㅠㅠㅠㅠ,3,1,2026-01-21T10:43:19+00:00,6.3.0_41350619_41366669
genshin,원신,0798d382-cbde-4024-b325-3a5abef82c56,노잼,1,0,2026-01-21T10:32:12+00:00,
genshin,원신,8ba71a72-9572-470f-894a-e526013a597d,제발 제발 제발 스킵 기능 좀 짜치고 길기만 한 스토리 보다가 질려서 하기 싫어짐,1,4,2026-01-21T04:25:16+00:00,6.3.0_41350619_41366669
genshin,원신,730f8e42-d72f-4842-ab69-7f72509700b1,원신 다 재밌고 스토리도 엄청 재밌고 원신도 다른 게임처럼 5성 원하는 캐릭터 뽑는 상자 이벤트 그런거 열어줬으면 좋겠어요 ㅠ 막 옛날에 나온 5성 캐릭터들로 신규 캐릭터는 너무 사기니까 야에미코나 라이오슬리나 라이덴 등등인 옛날캐릭터로 ㅠㅠ 상자 나왔으면 좋겠어요.. 한번 얘기해보는것입니다. 이런걸 해보면 어떨까 싶어서 입니다!.. ㅠ 언젠가 한번쯤 해주세요... 원신에 돈 많이 쓰겠습니당!.. 지금 콜롬비나 뽑는데에도 ㅋㅋ 원석 엄청 쓰고있어요 돈도 엄청 쓰고...,5,6,2026-01-21T01:04:59+00:00,
genshin,원신,0ec96eab-e643-4451-8133-5166aacf7e96,"지들이 에밀리를 저따구로 내라고 해서 전 디자인팀듣 그렇게 낸거지,왜 욕먹었다고 디자인팀을 가라엎는데. 차라리 잘 못했다고 얘기하고 에밀리 디자인을 바꾸면 되는 거잖아.. 게다가 전 디자인팀들이 만든 캐릭터와 전 디자인 캐릭터들로 돈 벌고 있으면 되겠니?..그리고 그 돈들은 전 디자인팀들에게 전달 되었니??그거 때문에 정 떨어져서 못하겠다..",1,2,2026-01-20T19:48:57+00:00,
genshin,원신,f8ff38d9-162d-4c3a-9d76-8f475cb4a892,나타랑 이나즈마만 빼면 스토리 깔게 없는 게임 👍 나타랑 이나즈마만 버티세요. 지역도 스토리도 거기가 헬입니다.,4,16,2026-01-20T11:54:42+00:00,6.3.0_41350619_41366669
genshin,원신,c82cf9b0-21f2-42d2-9232-bb61b58d0d6f,노드크라이 스토리 정말 재밌고 파먹을 떡밥이 많아서 좋아요. 정보의 파편화도 재미를 느낄 수 있는 범위로 구성되어서 다행이라고 생각합니다. 인게임 편의성 부분은 아직 불만족스러운게 있지만 현재 꾸준히 편의성 개선도 해주시는게 보이네요.,5,1,2026-01-20T08:13:57+00:00,
genshin,원신,970865c9-699f-4889-9e78-f8ab4ecb2d95,우린 원신이 아닌 원공노를 하고있다,5,5,2026-01-20T00:34:29+00:00,6.3.0_41350619_41366669
genshin,원신,23ff3346-d699-4fd5-a9a4-d3ac0a5faa67,유저들이 동고동락하면서 게임 기둥 세워줬는데 유저를 버리는 게임,5,22,2026-01-19T19:37:25+00:00,3.8.0_15672274_15939604
genshin,원신,a7b271bd-d1e4-4f77-bf78-abb793167e3b,안녕하세요 원신을 재미있게 즐기고 있는 유저입니다. 저는 원신을 너무나 좋게 평가하고 있지만 한가지 아쉬운 점이 있습니다. 제발 닉네임으로 유저를 검색할 수 있게 해주시면 좋겠습니다. 혹시 불가능하다면 이유를 알려주시면 좋겠습니다. 항상 응원하고있어요!,5,1,2026-01-19T17:16:20+00:00,
genshin,원신,d9d7c441-d98a-4620-827f-6a3d8beb732d,"이런 오래된 개임에 볼개 뭐가 있다고... 라우마, 네페르: 쨍그랑! 🥵🥵🥵",5,2,2026-01-19T14:42:00+00:00,
genshin,원신,94e85120-62c7-4854-8249-2bd658e67410,80학번 요즘은 안함 게임은 잘 만들음 가끔 예전에 원신하던 생각이 나네,5,8,2026-01-19T09:56:18+00:00,6.0.0_36598533_36939763
genshin,원신,8ca22b91-d99d-48a3-a5d8-33e987c0b60d,걍 재밌음 막 와 엄청재밌다 이게 아니고 시간순삭겜임,5,1,2026-01-19T08:27:16+00:00,6.3.0_41350619_41366669
genshin,원신,c60026e4-48fd-43bc-b0bf-d3fc56eea72c,오픈유저인데 꾸준이 재밌게 하는중,5,0,2026-01-19T07:35:36+00:00,
genshin,원신,fc1454b4-5184-48a8-9c0d-5ee7d0490898,노드크라이 고점 제대로 뚫었다.,5,1,2026-01-19T04:50:59+00:00,6.3.0_41350619_41366669
genshin,원신,1229a87e-0838-441f-8168-dd3d3ccef666,개재밌네,5,0,2026-01-19T00:22:14+00:00,6.3.0_41350619_41366669
genshin,원신,87307622-0408-4dc2-899f-201da2ef177c,2년을 푹빠져서 했으나 스토리 스킵 없으니 이제 너무 지겹다. 생길 때까지 안돌아온다. 제작진도 유저들 대다수가 바라고 있단거 알텐데 왜 반영 안할까...,2,2,2026-01-18T17:03:36+00:00,3.4.0_12498014_12591909
genshin,원신,acdb56ae-c92e-4743-b728-75ce27fc2e5b,요새 누가 원신함 ㅋㅋ 원공노기 최곤데 ㅋㅋㅋ,5,2,2026-01-18T13:39:52+00:00,6.3.0_41350619_41366669
genshin,원신,416748be-d7fe-45ee-baa2-85d33c83fe12,매우 좋은데 다만 탐사나 (이벤트나)스토리깨고 원석을 다쓰면 현질해야되는 점이 매우 불편해서 추가로 원석을 줬으면 좋겠어요ㅠㅠ,4,0,2026-01-18T10:48:36+00:00,6.3.0_41350619_41366669
genshin,원신,fd92fe4a-2962-4279-a151-d3d777e0a110,캐릭터 스토리 이런 건 다 좋은데 NPC 모델링 그만 돌려쓰세요! 최소한 중요 인물은 모델링 좀 예쁘게 해줄 수도 있었잖아요!,3,1,2026-01-18T07:18:07+00:00,6.3.0_41350619_41366669
genshin,원신,06767ebb-e6cf-416a-b610-9fefbda20816,굿,5,0,2026-01-18T06:09:14+00:00,6.3.0_41350619_41366669
genshin,원신,df1b24cc-b36e-4475-8f4e-50bcc4b52012,원신 스토리 다시보기 안나와 ㅠㅠ 매우 실망했다 1별점 아하 스토리 다시보기 만들어주세요 !! ㅠㅠ 👎👎👎👎👎👎👎👎👎👎👎👎👎👎,1,0,2026-01-18T05:47:45+00:00,6.3.0_41350619_41366669
genshin,원신,613b9f7a-b38d-46d9-881e-9fab2c3bc5da,성유물이 단 한번도 제대로 붙는 적이 업ㅅ네,1,1,2026-01-18T05:42:11+00:00,6.3.0_41350619_41366669
genshin,원신,4b60a57f-f024-42af-a316-38dcbdd8f827,재밌고 신선하네요,5,0,2026-01-17T23:31:18+00:00,6.3.0_41350619_41366669
genshin,원신,00b31e2a-bf39-4275-a662-0b9e4c93032f,아주 면적인게 많은 저에게는 도움되는 게임이네요 ㅎ,5,0,2026-01-17T17:57:19+00:00,6.3.0_41350619_41366669
genshin,원신,bffdbe70-09bc-47b8-ba46-a443a1700784,노드크라이에서 스토리 고점뚫었네요,5,10,2026-01-17T17:24:27+00:00,6.2.0_39595820_39944325
genshin,원신,e577bc88-e218-46a5-8f6e-1d07eb6b4f23,너무 좋아요!,5,0,2026-01-17T12:40:54+00:00,6.3.0_41350619_41366669
genshin,원신,c21834de-9b8e-4130-988c-b6966f482943,최고,5,0,2026-01-17T12:35:32+00:00,6.3.0_41350619_41366669
genshin,원신,ee87d8ee-39ae-42ac-9816-913e2624498a,어렵,4,0,2026-01-17T09:24:05+00:00,6.3.0_41350619_41366669
genshin,원신,07fb41e8-8540-4f4a-80ee-9609a0963af1,운 좋게 치치를 뽑았는데 너무 좋네요.,5,0,2026-01-17T07:25:56+00:00,4.0.0_16983586_17100363
genshin,원신,91758657-f4b8-417f-b4d5-b6233cf83e2b,쵝오!!! 진짜 콜롬비나 너무 이쁜거 아니에요? mpc도 외모 떡상하고 솔린디스 봐봐요 왠만한 여캐보다 더 이쁨!! 진짜 ㄴㅁㄴㅁ 이쁨 가챠도 진짜 도파민 쩔음 내가 이 맛에 원신하지 푸리나 너무 이쁨,5,2,2026-01-17T05:28:12+00:00,
genshin,원신,af6f6dad-d27b-4003-9eae-c11fc3403f8f,"돈 벌 생각이 없다? 캐릭가챠에 무기 안나오게 해놨나? 아니네. 필드이동이 편하게 해줬나? 아니네. 일부 한정 고등급캐릭만 가능하게 해놨네. 천장횟수 줄였나? 아니네. 픽뚫없앴나? 아니네. 이젠 못쓰는 캐릭터들 쓸수있게 캐릭개편, 밸런스조정해줬나? 아니네. 밸런스 씹어먹는 미친성능캐 무료로 돌렸나? 아니네. 이젠 잘 안쓰이는 애들만 나오게해놨네. 돈 벌 생각이 어디에 없다는거지? (게다가 개인적인 느낌이지만 가챠도 영 꺼림찍함. 천장까지 약 20회정도 남을때까진 무조건 안나오게한거같은 느낌이 너무들음.)",1,21,2026-01-16T23:29:02+00:00,5.3.0_29183395_29332470
genshin,원신,629e67b7-9800-4915-879f-b367dcdb84ad,"원신은 젠존제, 스타레일에 돈 대주기 위한 발판에 불과하다. 업데이트 내역을 봐라, 편의성 패치 빈도수가 얼마나 될지 ㅋㅋㅋ",5,0,2026-01-16T23:18:11+00:00,6.3.0_41350619_41366669
genshin,원신,1cc1dd33-0276-4732-b97d-0735f97df572,이제 드디어 감다살이네,5,1,2026-01-16T15:59:57+00:00,6.2.0_39595820_39944325
genshin,원신,08be17fe-3300-4047-b1e9-88db02c37844,이번 6.3스토리는 정말 재밌었고 캐릭터들도 개성과 매력이 넘쳤습니다..npc모델링도 맵도 예전과는 더 향상된 퀄리티로 호요랩이 원공노는 정말 신경써서 만들었다는게 느껴집니다 그러나 5년동안 스토리 스킵이 없는것은 정말 아쉽고 행자 스킨이 나왔을때 남행자 유저여서 이제 배꼽볼일은 없겠다 싶었는데 이벤트나 그런경우는 다시 스킨을 벗더라고요..,4,6,2026-01-16T15:29:13+00:00,6.3.0_41350619_41366669
genshin,원신,b5af7f66-231e-4cfe-ad1b-fe17b076ae87,스토리를 가장 중요하게 생각하면서 겜하는 사람인지라 지금이 딱 좋음. 요즘 일 잘하시네요 담 번에도 일 잘하시면 좋겠어요,5,17,2026-01-16T13:33:38+00:00,6.3.0_41350619_41366669
genshin,원신,52fffb3c-23a7-4e52-b99e-d3a788803e69,모바일 서브컬쳐계를 6년간 지배한 황제,5,1,2026-01-16T08:38:34+00:00,
genshin,원신,172ccf32-da10-472a-b027-85c2e8ec078d,재밌음 스토리도 좋고,5,1,2026-01-16T08:18:32+00:00,6.3.0_41350619_41366669
genshin,원신,552adba8-6d19-42a1-aebb-76cc5f580dba,"제 인생겜...! 어떤 게임을 해도 원신으로 다시 돌아오네요ㅋㅋㅋㅋㅋ 브금, 캐릭터, 맵 모두 최고입니다ㅠ 스토리하기 싫다는 분들도 많이 보이는데, 솔직히 말씀드리자면 스토리 없이 원신을 플레이한다? 좀 힘들 것 같습니다... 일단 저는 세계관을 탐구해나가는 과정을 아주 좋아하는 사람이기 때문에!!! 정말 완벽한 게임이라고 할 수 있습니다ㅎㅎㅎ 다만 폰으로 플레이하면 발열이 많이 된다는 단점이 있긴 합니다ㅠ 그렇지만 그정도는 저는 감수하고 플레이합니다ㅎㅎ",5,158,2026-01-16T06:46:11+00:00,6.3.0_41350619_41366669
genshin,원신,ae77b4ea-e0ed-48b4-a340-54ee603c1ab8,지겨운 퀘스트의 연속.. 각 잡고 하실거 아니면 비추입니다.,2,1,2026-01-16T03:44:34+00:00,
genshin,원신,3997f4a6-f719-4ce4-b91d-090f8870fc08,"이번 노드크라이 마신임무 7막,8막은 정말 노력한게 눈에 보일정도로 완벽한 서사와 감동 퀄리티 였다고 생각합니다. 오죽하면 이거보다 더 임팩트 있고 퀄리티 좋게 어떡해하지? 다음 마신임무는 재미없어 보이는거 아니야?? 이정도로 좋았습니다. 좋은 게임 만들어주셔서 감사합니다. 곧 있을 스커크 복각때 원신에 기둥하나를 세우겠습니다.ㅋㅋ",5,52,2026-01-15T18:34:41+00:00,6.3.0_41350619_41366669
genshin,원신,ed72796d-2136-4754-aa86-94ddf1742485,사랑합니다,5,1,2026-01-15T18:21:42+00:00,6.3.0_41350619_41366669
genshin,원신,6978ef54-2c24-459a-9d90-705e9a728e2f,개존잼,5,0,2026-01-15T15:07:07+00:00,
genshin,원신,6f151e52-d82d-49ca-bb72-06e5d4a1d124,제발 스토리 스킵좀 만들어라,1,0,2026-01-15T13:07:05+00:00,6.3.0_41350619_41366669
genshin,원신,17f1932d-4944-4688-9ade-8835cb6208ea,용량이 너무 커서 게임 하고 싶어도 못함..,1,0,2026-01-15T12:47:08+00:00,6.3.0_41350619_41366669
genshin,원신,22754eeb-f9d9-4dab-9138-69e2f90b357f,렉이 너무 심해요. 원래는 아무런 문제 없었는데 6.3 업뎃 이후부터 렉이 너무 심해서 화면 돌리면 색 번지듯 버퍼 너무 심하게 걸립니다.. 게임을 못할 지경이에요.. 리소스 정리 틈틈이 하고 있는데도 이럽니다,3,0,2026-01-15T11:27:30+00:00,6.3.0_41350619_41366669
genshin,원신,74588d74-4aa8-4bf6-a67b-ffe271ac7039,우히힛 1점 싸기!,1,3,2026-01-15T08:53:42+00:00,4.0.0_16983586_17100363
genshin,원신,971c6c94-4187-4cd4-bdef-29523b349a1c,너무 재미있고 캐릭터들이 다 개성있고 이뻐서 질리지가 않아요,5,0,2026-01-15T07:49:17+00:00,
genshin,원신,8a67dcef-da17-46f5-86bf-675c4761748a,탭7입니다 다운용량ㅂ족해서 아쉬워여,2,0,2026-01-15T07:39:29+00:00,6.1.0_38157513_38357358
genshin,원신,881b6c88-44b0-49ba-814b-e009bf5f67ae,너무너무 좋아요 근데 리소스 그만 잡아먹고 남의 게임 제발 그만 베끼고 별바다 세계 리소스 적게 조정하면 ㄱㅊ할 듯,4,0,2026-01-15T07:07:03+00:00,6.3.0_41350619_41366669
genshin,원신,710a1cbc-9a2f-4189-bbec-b0344d13a9c3,다른건 다 좋은데 솔직히 픽업뽑기 천장 5번인데 거기다 픽뚫은 좀 아닌거 같지 않니?,4,1,2026-01-15T06:41:26+00:00,
genshin,원신,a8b87b12-a612-4b46-85e7-97c901c83d21,편의성 업뎃 한다고 하면서 대화 스킵이나 스토리 비경 중간저장같은 요소는 있지도 않음,1,1,2026-01-15T05:58:26+00:00,6.3.0_41350619_41366669
genshin,원신,e6008e7f-7d8b-489b-b5fd-4909835183e9,인게임모델링이 좀 개인적으로 맹해보임 노드크라이 폰타인은 그나마 모델링이 좀 나아졌는데 쨋든 스토리가메인이되는 게임인데 나타스토리가 영..아쉬움.그래도 노드크라이는 스토리잘나오기도히고 보물나침반편의성개선 구캐릭무료돌파권등 먼가 나아지려는 시도는 최근들어서 많이좋긴한데 영 늦은감이 없잖아있음 보물나침반을 구맵들도 편의성업글해줬으면 하는바램임 이제는 맵탐사할께 너무너무 뉴비입장에서너무너무 많은데 보물상자찾다가 힘들어서 겜접는 사람도많을거같음 오래오래할려면 보물나침반을 구맵들도 노드크라이처럼 편의성개선필요할거같고. 가챠권이 너무 짜도 너무너무 짬 이건 그간 행보를보면 더 많이줄지는모르겠는데. 좀 많이줬으면 좋겠음. 고인물입장에서 공월기행한다해도 버전당 명함하나 겨우먹는게.. 좀 아닌거같음 42일동안 캐릭한개? 게임자체는 어느정도 짜임새있고 잘만든부분은잘만들었지만 참 여러모로 아쉬운게임,3,8,2026-01-15T03:57:21+00:00,6.3.0_41350619_41366669
genshin,원신,f821625f-6b8a-42b5-9d1e-90ff66d6dcdb,재있어요.,5,0,2026-01-15T03:01:45+00:00,4.7.0_23093867_23435602
genshin,원신,7f76b966-0f03-4544-86ae-ef5ab00f50ce,돈없으면 못하는 게임,1,2,2026-01-15T02:25:38+00:00,
genshin,원신,4440b0fc-658f-4e62-863d-20adda659470,마신 임무가 말만 임무지 하루 종일 스토리 전개만 하고 있네...재미없는 건 아닌데 스킵도 없이 몇 시간씩 스토리만 보니 너무 루즈해짐,2,1,2026-01-15T02:06:10+00:00,6.3.0_41350619_41366669
genshin,원신,33cb76db-bfda-44a1-9707-c34bf9eb4e1d,난 이제 이걸 접었다. 왜 접었냐면? 스토리가 겁나길어,5,3,2026-01-15T02:01:08+00:00,5.3.0_29183395_29332470
genshin,원신,696670e1-6ba6-44d5-b2ee-cd1e647969f3,진심으로 이게임을 해보았을 때 느낀 것을 말씀드리겠습니다 1. 처음 원신을 할때 다운로드가 44gb 들어갑니다 조절해야 할것같습니다그리고필요 없는 데이터는 지우거나 최적화가 필요하다고생각합니다 2. 15세 선정성이면 요즘 캐릭터는 비키니 옷입는데 원신도 15세 선정성 포함되어있는거 아닌가요?캐릭터 옷을 벗겨야 합니다 이정도면 7세 해도 될거에요 3. 캐릭터 뽑을러면 재화가 필요하잖아요 30일에 재화 가지고 10번 뽑기하수 있도록 쉬운미션을 만들어주세요 재화 얻기가 정말 힘듬니다 4. 캐릭터 뽑기 할때 우리가 원하는 캐릭터 뽑을 수있도록 해주세요 예를 들면 몇십번 뽑기 했을때 그캐릭터가 100%나온다 5별 캐릭터 말하는겁니다 5. 사람들이 이야기 하는거 귀담아 들을 줄 아시고 답하셔야 합니다 답장이 않오면 우리가 격어서 이 평가를 만든게 헛수고가 되는느낌이여서 답장은 꼭 해야합니다 단점 다 얘기하고 싶은데 500글자 밖에 안되서 여기까지만 하겠습니다 긴 리뷰 들어주셔서 감사합니다,2,12,2026-01-15T01:24:30+00:00,6.2.0_39595820_39944325
genshin,원신,5ba2e33f-f825-4aa4-9271-4dced9c57abf,음 님들 일단 저사양은 하지마세요. 지금 다시 복귀했는데 저사양이라 지금까지 했던게 다 날아갔네요. 그래도 이 겜 정말 재밌고 추천합니다,5,0,2026-01-15T00:44:27+00:00,
genshin,원신,e8e1890a-b921-4c16-b89e-f3a2e9fe3d1e,스토리 스킵 버튼을 만들어 주시던가 스토리 작가를 새로 구하시던가,1,2,2026-01-14T13:23:23+00:00,6.3.0_41350619_41366669
genshin,원신,1f67e018-b200-42ef-887e-81c3ed5546f8,점점 지루해지네요 캐릭 뽑는것고 힘들고,1,4,2026-01-14T13:00:32+00:00,6.2.0_39595820_39944325
genshin,원신,cba43e9d-dc62-41b2-aa34-b048d3a0c1c3,넵! 뉴비인데 첫 뽑기에서 80개 쓰고 콜롬비나 픽뚫나고 진 나왔네요! 접겠습니다! 다시는 만나지 맙시다!! 저랑은 잘 맞지않는 겜이네요!,1,2,2026-01-14T12:10:10+00:00,6.3.0_41350619_41366669
genshin,원신,85726241-99fa-431d-93d6-67a4a54b44bb,이런 게임 만들어줘서 고마워요 인생겜되버림♡,5,0,2026-01-14T12:03:13+00:00,6.3.0_41350619_41366669
genshin,원신,2a6cc720-e6df-43ed-84ec-379b02d470b8,저 이거 초딩ㅇ부터햇거든요 뭐...음... 그래여 그냥 그래여.... 저 4.3에 시작햇ㅅ거든요? 푸리나가 제 오시인데 절대 와주지안ㅎ네요ㅠ ... 스택좀 쌓아둘걸 그햇어요...,5,0,2026-01-14T11:27:38+00:00,
genshin,원신,ec0bd65f-d50b-4a32-965d-894b1a9df634,해보시면 푹 빠짐. 무슨 말이 더 필요해요?,5,0,2026-01-14T11:17:15+00:00,1.3.0_1825294_1872772
genshin,원신,2b887786-5465-4626-b965-52cca658f1e7,기원 확률 너무 적고 업데이트가 안되네요,3,0,2026-01-14T10:27:23+00:00,
genshin,원신,5902c5e5-8e0e-4296-99fc-3a4b6cc7a98f,내최애겜,5,0,2026-01-14T09:51:44+00:00,
genshin,원신,500babb9-d73d-4214-acef-8112ab64f1ff,모바일 조작감 은근좋고 스토리도 좋은거같아서 5점 드립니다,5,0,2026-01-14T09:44:43+00:00,6.2.0_39595820_39944325
genshin,원신,9b941dbd-5e43-42d9-a899-ff3eb180425e,이제부로 나는 원공노와 한 몸이 된다,5,0,2026-01-14T08:07:49+00:00,6.2.0_39595820_39944325
genshin,원신,3e05078f-783a-46de-b7af-913bd5c1126a,다 좋은데 제발 스토리 스킵 버튼이 간절합니다,4,1,2026-01-14T07:13:27+00:00,6.3.0_41350619_41366669
genshin,원신,e7896e03-c10c-4c30-b4b1-358c6fafc26f,"캐릭터 모델링......스킬....등등 나날이 발전하고 있어요 그치만 스토리가 왜 중간에 끊지 않고 계속해서 이어지게 하져? 옛날에는 중간중간 스토리를 끊어서 중간에 가챠를 하거나 나선,이벤트등을 돌 수 있었는데 지금은 스토리만 2시간을 넘게 하니깐 중간중간 못 쉬어서 오히려 이해하는데 어렵더라구요...아님 대화 스킵버튼 등을 만들어서 요약을 해주는 시스템을 설비해주시는것이 좋을 것 같아요...",3,6,2026-01-14T06:03:33+00:00,6.3.0_41350619_41366669
genshin,원신,38dbf932-30bf-40cf-8688-eb280775b873,재밌음,5,0,2026-01-14T06:02:47+00:00,
genshin,원신,749898e1-a6ca-408b-8a86-20847e287d76,아야카 나올때 부터 즐겨했습니다 나타에서 스토리가 좀 안좋았긴해도 노드크라이 들어가고 나서부터 스토리도 다시 좋아지고 신캐들도 퀄이 다 좋습니다 현질 한번하면 지갑이 얇아지기 딱 좋습니다 맵디자인이나 쾌스트보상도 좋고 별세계에서 친구불러서 놀기도 꽤 좋습니다 여전에는 선계꾸미는게 낙이었는데 요즘에는 별세계만드는게 낙입니다 다인모드나 이벤같은것도 좋고 유용한기능들이 많은것 같습니다 뉴비때는 좀 복잡하긴해도 20렙만되면 어느정도 괜찮습니다,5,11,2026-01-14T04:25:35+00:00,6.3.0_41350619_41366669
genshin,원신,566b6dde-e08d-4ed0-a414-cb9ec07069fe,다 좋아지긴 했어 모델링도 그렇고 스토리도 그렇고 근데 스킵 기능은 필요함..,5,0,2026-01-14T04:22:10+00:00,6.2.0_39595820_39944325
genshin,원신,022cb6cd-2864-4071-bd5d-6d270c5b6b64,재밌는데 반천장픽뚫은 에바죠,4,0,2026-01-14T04:00:04+00:00,6.3.0_41350619_41366669
genshin,원신,4e577431-ab8b-4721-9555-7e8f25e03ca8,뭐...,4,0,2026-01-14T03:17:18+00:00,
genshin,원신,abfcb751-3102-4ffb-b7e1-ed41ec37ecae,스토리 스킵 만들어주세요 제발,1,0,2026-01-14T03:10:31+00:00,6.2.0_39595820_39944325
genshin,원신,0c755d29-f911-430b-8706-5f57cf8afbfe,아를레키노를 뽑게 도와주시옵서소...호요버스 만세 호멘,5,2,2026-01-14T02:50:44+00:00,
genshin,원신,e61d77e1-ba96-409c-8a0b-dbc0ba58905f,"재밌어요 자유도가 높고 캐릭터 키우는 맛도 있고, 여러 이벤트도 즐기게 해주고 버전도 대략 한달에 한번 해주니까 좋아요",5,21,2026-01-14T02:48:10+00:00,6.3.0_41350619_41366669
genshin,원신,f96bd1fe-449b-44df-9833-920ae4fcc57f,원공노 GOAT,5,3,2026-01-14T02:05:59+00:00,6.3.0_41350619_41366669
genshin,원신,ecbcf1a0-ab87-4eb8-a318-9bfca3a84a79,원신은 몰라도 원공노는 갓겜이다 ㅇㅇ,5,24,2026-01-14T01:53:42+00:00,6.2.0_39595820_39944325
genshin,원신,5daae7f9-7783-40fb-b947-d94a4b9f75e7,너무 재미 있지만 좀 더 빨리 완결을 해주시면 감사하겠습니다. 그리고 얼마 하지 않았는데 렉이 걸리네요. 해결해주세요.,4,0,2026-01-14T01:51:48+00:00,6.3.0_41350619_41366669
genshin,원신,9b30d9c6-a72b-425b-a4b6-a07aab163e7e,픽업에서 픽업캐릭터만 따게 해주시면 좋겠어요! (겜안분맞습니다),5,1,2026-01-14T01:49:13+00:00,6.3.0_41350619_41366669
genshin,원신,39d73cd1-cbc2-47ed-8831-7149ade7e97b,와 나히다 언제쯤 뜨지..,5,0,2026-01-14T01:44:53+00:00,6.2.0_39595820_39944325
genshin,원신,9a306332-5fdd-4ddb-b19a-6eeed5c80e60,다 좋은데 레벨 올리기가 너무 힘듬 ㅠㅠ,5,0,2026-01-14T01:42:12+00:00,6.2.0_39595820_39944325
genshin,원신,6ac812ca-d0b6-45dd-b0f4-3838b169b3c8,나한테는 땔 수 없는 추억임,5,0,2026-01-14T01:33:31+00:00,6.2.0_39595820_39944325
genshin,원신,e1a36417-d5ca-4b3d-a25f-fd6910f258a1,다 좋은데 스토리 스킵 없는거 때문에 지치는 거 같네요..,5,0,2026-01-14T01:25:31+00:00,6.3.0_41350619_41366669
genshin,원신,f472c349-38d2-4781-8ad5-a1eb736f3fc5,콜롬비나 사랑해,5,0,2026-01-14T01:14:21+00:00,6.2.0_39595820_39944325
genshin,원신,55cb994c-8375-418f-bd87-78ed4ac2e3dd,콜롬비나가 이쁘고 귀엽고 이네파가 섹시해요,5,0,2026-01-14T01:12:18+00:00,6.3.0_41350619_41366669
genshin,원신,4fa9f93e-5e46-46eb-b115-c8c442cf7918,재밌고 화질도 좋고 스토리도 괜찮아요,5,0,2026-01-14T00:36:46+00:00,6.2.0_39595820_39944325
genshin,원신,d3b5b38b-59ff-4911-b69d-d77b8e75f869,나타때 접고 돌아왔는데 생각보다 훨씬 나아졌네요 npc도 중요한 인물은 돌려막기 안하고 캐디도 그럭저럭 뽑혔네요 스토리는 나타 풀악셀과 같은 게임이 맞나 의심될 정도로 잘 만들었네요 스토리 파는 사람으로서 수선화 십자퀘 5대 죄인 달 관련 스토리 같은거 풀어가는게 너무 좋네요 그래픽만 개선하면 좋을텐데,4,13,2026-01-14T00:27:39+00:00,6.3.0_41350619_41366669
genshin,원신,215344f9-5f27-490c-b194-e03b7a1d935d,원공노는 원신 최고점임 ㅇㅇ,5,1,2026-01-14T00:16:30+00:00,6.2.0_39595820_39944325
genshin,원신,42c273d6-ff2e-487d-a4f3-ed1c0f8f07c5,너무 재밌고 스토리 보는 맛이 있어요. 캐릭터들도 예쁘고 신캐들이 잘 나오긴 하지만 이벤트 배포캐나 무기를 이용해도 충분히 플레이 가능한 게임이란 게 좋은 것 같아요. 여기 브금 맛집입니다. 브금만 따로 찾아 들을 정도예요.,5,6,2026-01-13T23:27:11+00:00,6.3.0_41350619_41366669
genshin,원신,47a3f28b-ac27-41d5-b4bc-e280a0fef920,이제 갓겜임.,5,0,2026-01-13T23:14:51+00:00,6.2.0_39595820_39944325
genshin,원신,56e3d6bf-bba6-4e85-a6b8-70c1b61a3cd4,유저와 소통이 없는 게임,3,14,2026-01-13T22:57:53+00:00,
genshin,원신,bce30e7b-3780-41bd-96b5-089272b578ea,"댕재밌고 캐릭터,브금,스토리 다 개성있어유 꼭 하세요🥰🥰🥰💗💗💗💗",5,0,2026-01-13T07:11:46+00:00,6.2.0_39595820_39944325
genshin,원신,901ba6dd-42f7-47de-9260-6961b20b3eb6,원신 초등학교 때부터 했던 사람입니다. 원신 스토리도 나름 퀄리티가 높긴하지만 스토리 스킵 기능이 없어 아쉽더라구요. 원신 그래도 초반은 좀 힘들긴했지만 5성 하나 생기면 확실히 쉬워지더라구요. 현질 없이도 꽤 뽑기에 필요한 물건이 잘 모이고 그렇게 현질 유도게임은 아닌 것 같습니다.,5,7,2026-01-13T04:50:17+00:00,6.2.0_39595820_39944325
genshin,원신,dde998ac-d81f-4a62-8b71-6d89f9eaaf42,노드크라이 맛있어요,5,1,2026-01-12T18:27:23+00:00,6.2.0_39595820_39944325
genshin,원신,b98ec4e3-adc8-4b9f-8e1c-6344793aa49e,캐릭터 돌파 탈부착 기능을 추가해주세요. 6돌한 사람도 명함부터 5돌까지 써볼 수 있게요. 한 번 뚫어버리면 이전(명함~5돌)으로 못 써보는게 불편합니다.,1,1,2026-01-12T18:05:37+00:00,
genshin,원신,7f550bfc-ac27-409a-acfc-bab1ae012400,마신 임무 드래곤과 자유의 노래하고 있는데 아군 피 없어서 몬드성으로 워프해 음식 사갔고 그 다음에 다시 워프해 임무 장소 근처로 워프했는데 임무 장소로 걸어갔는데 바람 장벽 때문에 못 갑니다 수정해 주세요,1,0,2026-01-12T02:01:56+00:00,6.2.0_39595820_39944325
genshin,원신,dba3d928-a346-43f8-bffc-b191ac8929f1,원공노 최고다!,5,1,2026-01-10T08:41:07+00:00,2.8.0_7997424_8078355
genshin,원신,44e290ab-5238-405e-8810-a3e0bdcefcb8,여자가 너무 이쁜거 있죠?ㅎㅎ 근데 움직임이 쫌 딱딱거려서 불편해요,4,0,2026-01-10T05:21:36+00:00,6.2.0_39595820_39944325
genshin,원신,48f1385f-4ba6-4e18-a680-9d598d186c5e,재미나이 즐기고있어요~,5,0,2026-01-10T01:06:30+00:00,6.2.0_39595820_39944325
genshin,원신,abcfb390-1977-47ac-b8d2-d17563cf761c,미형 남캐 자주 내주고 최근 구캐 AS도 해줘서 호감입니다,5,1,2026-01-09T15:22:46+00:00,
genshin,원신,9b725d00-3692-4faa-af5c-16d788f304b1,스킵스킵스킵스킵스킵스킵스킵스킵스킵스킵스킵스킵스킵스킵스킵스킵스킵스킵스킵스킵스킵스킵스킵스킵스킵스킵스킵스킵스킵스킵스킵스킵스킵스킵스킵스킵스킵스킵스킵스킵스킵스킵스킵스킵스킵스킵스킵스킵스킵스킵스킵스킵스킵스킵스킵스킵스킵스킵스킵스킵스킵스킵스킵스킵스킵스킵스킵스킵스킵스킵스킵스킵스킵스킵스킵스킵스킵스킵스킵스킵스킵스킵스킵스킵스킵스킵스킵스킵스킵스킵스킵스킵스킵스킵스킵스킵스킵스킵스킵스킵스킵스킵스킵스킵스킵스킵스킵스킵스킵스킵스킵스킵스킵스킵스킵스킵스킵스킵스킵스킵스킵스킵스킵스킵스킵스킵스킵스킵스킵스킵스킵스킵스킵스킵스킵스킵스킵스킵스킵스킵스킵스킵스킵스킵스킵스킵스킵스킵스킵스킵스킵스킵스킵스킵스킵스킵스킵스킵스킵스킵스킵스킵스킵스킵스킵스킵스킵스킵스킵스킵스킵스킵스킵스킵스킵스킵스킵스킵스킵스킵스킵스킵스킵스킵스킵스킵스킵스킵스킵스킵스킵스킵스킵스킵스킵스킵스킵스킵스킵스킵스킵스킵스킵스킵스킵스킵스킵스킵스킵스킵스킵스킵스킵스킵스킵스킵스킵스킵스킵스킵스킵스킵스킵스킵스킵스킵스킵스킵스킵스킵스킵스킵스킵스킵스킵스킵스킵스킵스킵스킵스킵스킵스킵스킵스킵스킵스킵 (진짜 쫌,5,5,2026-01-09T15:01:38+00:00,
genshin,원신,f49a4249-3ba9-4acb-81e2-102a97c98a15,스토리는 재미있는데 모험 레벌 돌파해서 그런지 아님 신지역 열려서 그 스토리 해서 그런지는 잘 모르겠는데 몬스터 레벌이 갑자기 67렙 정도 되서 아직 70렙인 캐릭터도 별로없어서 캐릭터 돌파할려고 하면 육성 소재 애들이 72렙이라서 잡지도 못 하고 계속 죽음 그래서 진행을 잘 못하는 중임,5,5,2026-01-09T11:55:23+00:00,6.2.0_39595820_39944325
genshin,원신,188c57ff-b40c-478c-ab65-83f7d6714072,나히다 너무 귀여워요,5,1,2026-01-09T09:28:44+00:00,6.2.0_39595820_39944325
genshin,원신,9b5b2659-127b-4b91-a09c-33fb3e60f714,스토리 스킵좀 넣어라 진짜 답답하네 스토리가뭐이리김?,1,3,2026-01-09T07:18:24+00:00,6.2.0_39595820_39944325
genshin,원신,4a8d9040-8e01-47db-a5f6-efdffd06b9fc,100렙 솔직히말해서 선넘었다 4성6돌파9개당 하나면모를까 5성6돌파 1개당 하나? 장난하냐? 이건 선넘었다 그래놓곤 [원신은 돈벌생각없어?] 이발언 누가 했냐 6돌이나 전무는 뭐 안하는거랑 하는거랑 선택의영역이라지만 레벨은 건드리지 말았어야지!,1,20,2026-01-09T03:47:01+00:00,6.2.0_39595820_39944325
genshin,원신,fd591ef4-42ac-4af0-a5f8-6e9594cdc273,인생겜,5,0,2026-01-09T01:55:46+00:00,6.2.0_39595820_39944325
genshin,원신,03eee4a6-5a61-470c-b3ed-5877e609b9a5,재밌어요,5,0,2026-01-09T01:35:06+00:00,6.2.0_39595820_39944325
genshin,원신,937911be-3f3d-4a05-a045-d391adf055e1,20기가 훌쩍넘는걸 모바겜이라고 내놓는; 용량이 너무 부담스럽고 모바일 조작 불편해서 던전 좀 멀쩡하게 돌려면 컴으로 플레이해야함 겜이 할게없어서 추천을 못하겠음 갈수록 스토리는 노잼이고 성유물 갈기는 빡세고 중복뽑기로 돌파해야 캐가 좀 쓸만해지는데 당연히 과금유도있고 던전에선 몇몇캐없으면 손가락이던 두뇌던 비틀면서 깨야함 거기에 캐릭터 서사도 표절 디자인도 표절 이벤트도 표절 스토리도 표절하면 이 ㅈ누더기겜에 뭐가 남는거냐 매력있다고 느낀 캐들도 서사 디자인 죄다 표절이고; 짜치게,1,6,2026-01-08T21:42:31+00:00,
genshin,원신,ed72c3a1-b0ce-4810-9dd7-3f817494a448,소통을 해주세요,4,8,2026-01-08T17:16:53+00:00,6.2.0_39595820_39944325
genshin,원신,cc607e4a-c29d-4f39-8f30-685179ce58b2,넘 재밌어요,5,1,2026-01-08T03:36:57+00:00,6.2.0_39595820_39944325
genshin,원신,780b7c5f-34db-4840-877c-7e04d08ad153,최근 6.X 업데이트로 만족중입니다. 모바일보단 컴퓨터가 확실히 편하네요~,5,0,2026-01-07T16:34:09+00:00,6.2.0_39595820_39944325
genshin,원신,eebed604-3230-4af7-a206-e8d73b0e962d,"Здравствуйте, прошло много времени с релиза новой игры хср. Там дают до сих пор очень много наград, а геншие оставляет желать лучшего. Дай бог собирается 40-60 круток и то это не лега. Также в хср есть пропуск диалогов, что облегчает игру на 100%, в геншине такого нет, это прискорбно так как не всем интересны диалоги, которые там говорят нпс. Про удачу на крутках вообще молчу. Кому-то везет, кому-то нет и тянет до 80-90.",1,1,2026-01-07T14:48:47+00:00,
genshin,원신,d9da6926-bd87-41cf-92ce-33cd985ca51d,이게임은 하아 뭐 말할게 없다.진짜 푸리나 사마를 계속 볼 수 있다니 이건 뭐 끝났다.인생겜이다.,5,3,2026-01-07T09:55:04+00:00,6.2.0_39595820_39944325
genshin,원신,fc7b5c2f-da29-4c56-b9f2-35b3afc1c940,재밌음,5,1,2026-01-07T09:34:17+00:00,6.2.0_39595820_39944325
genshin,원신,fd86d7f6-a15b-4702-ae30-bddfbf270497,노드크라이 캐릭터 파는 방식이 좀 아쉽긴 하지만 다른 부분은 뭐라 할게 없네여 3년 반째 하고있는데 안질리고 재밌게 하고있습니다,5,1,2026-01-07T08:59:51+00:00,6.2.0_39595820_39944325
genshin,원신,6446fc5b-de90-4049-856a-2c74732648e6,재밌긴한데 모바일로하면 힘들어..,2,0,2026-01-06T07:21:41+00:00,
genshin,원신,d928f827-797a-4397-a77b-b4696e472a33,good,5,1,2026-01-03T16:19:27+00:00,6.2.0_39595820_39944325
genshin,원신,ecc75119-e385-453b-b50c-2edf8dd19b2b,뉴비는 하지마세요,3,0,2026-01-03T10:46:26+00:00,6.2.0_39595820_39944325
genshin,원신,ad0bcb2a-708f-4282-a4fb-cab0e982f6bf,그냥 요즘 역겹고 시간 아깝게 느꺼짐,1,4,2026-01-03T05:08:10+00:00,6.2.0_39595820_39944325
genshin,원신,fc4e07ec-5da6-4bba-af60-69eaf3a38f2e,재미있음 근데 재화 모으는게 좀 어려움,5,0,2026-01-03T00:46:07+00:00,6.2.0_39595820_39944325
genshin,원신,0585bce5-2e33-4441-87b2-b4c6eb0d92af,왜이리 재미가없냐..할만한게임은 요즘없는듯?,1,1,2026-01-02T12:01:26+00:00,
genshin,원신,f489d1e1-230a-4029-8c48-1c7510f52c04,스킵버튼이 없어서 스토리 밀기도 싫고 제가 스토리 위주로 보면서 즐기는 사람이 아니라 수집이랑 전투로만 즐기는 사람이라 매번 스토리 추가되면 아예 몇 달 동안 미루거나 안하게 됩니다.. 옆집 붕스는 스토리 스킵 있는데 이거 왜 원신은 없는 건가요.. 젠존제도 있었던 걸로 아는데.. 도대체 뭐 때문에 스토리 스킵을 안 만드시는지 인플레도 그렇고 재화도 안주고 스토리 스킵만 만들면 아주 좋으련만.. 예전 캐 리모델링도 좀,2,18,2026-01-02T11:32:05+00:00,6.2.0_39595820_39944325
genshin,원신,8f55b55b-12f6-4b33-8046-afdbcbeffd66,"한 때 즐겨했습니다만... 질렸습니다... 컴퓨터에서 4,5번을 지웠다 깔았다 했어요. 한달 정도 지나면 계속 로그 아웃 되고.. 결국 안 합니다. 그리고 용량이 너무 커요. 컴퓨터든 핸드폰이든 계속 느려져요. 그래도 한 때 정말 재밌게 했습니다.",2,3,2026-01-02T03:06:59+00:00,
genshin,원신,d89ea206-bf4a-4161-b27e-2dbe3925ea94,이번 업데이트했는데 게임에 잘못들어갑니다. 리소스 받을때는아무문제 없는데티바트에만들어가면 자꾸튕기미다. 안드로이드버전이 낮아도 그거에맞는 시스템도새로 추가 해야할것같아요. 나머지는 스토리 와 캐릭터는 진짜 재최애게임 1위입니다. 다만 위에 있는걸 고쳐야 자주들어가게지만요.,3,7,2026-01-01T23:01:29+00:00,6.2.0_39595820_39944325
genshin,원신,d4503d3a-ff9c-430b-8334-62692665af7c,2버전부터 지금까지 재밌게 플레이중입니다!,5,0,2026-01-01T20:28:23+00:00,6.2.0_39595820_39944325
genshin,원신,d6ca5a00-391e-48d8-83f7-31dd398ab72a,그 왜냐면 게임 들어가서 로그인을 정확히해도 안들어 가져서 결국 지웠습니다.,2,0,2026-01-01T16:58:42+00:00,6.2.0_39595820_39944325
genshin,원신,2941763a-c39f-4888-b193-be0e8c20d89e,갈수록 캐릭터가 더 안나오는 느낌이 드는거 같습니다. 거의 천장을 치면 대부분이 픽뚫이 뜨고 확률이 이게 맞나 할정도로 픽업 캐릭터가 안뜨더군요,2,1,2026-01-01T06:01:18+00:00,6.2.0_39595820_39944325
genshin,원신,45ddd087-b141-4738-bda1-c1d7b2da3c2f,"딱 공월 초반 때 시작한 유저인데 노드크라이 스토리라던지 전투라던지 개인적으론 되게 마음에 듬 레진이랑 특정 캐릭터만 접대해주는 기믹, 스토리 스킵같은건 아쉽긴 해도 컨텐츠도 되게 많고 재밌어서 자주 하는 중",5,1,2026-01-01T04:25:31+00:00,6.2.0_39595820_39944325
genshin,원신,87fd0555-dbc8-435f-9aea-975ac9cd8853,나쁘지 않아요,5,1,2026-01-01T03:55:34+00:00,6.2.0_39595820_39944325
genshin,원신,2f64f927-1e67-4aeb-87fa-bf9bc2cf0fb1,원신만한 게임이 없다.,5,2,2025-12-31T14:36:49+00:00,
genshin,원신,691c5366-3559-4a97-a334-a21a60cb0f05,혹시 가능하면 원석으로 환불 가능할까요? 진짜 초반에 현질한 사람들은 따라가질 못하니까 재미가 없어서.. 접고 싶은 마음만 가득하네요. 현질해서 뽑은 캐릭들만 원석으로 환불 가능할까요?,3,0,2025-12-31T11:37:59+00:00,6.2.0_39595820_39944325
genshin,원신,165ad8a4-e573-40cc-aabe-e3e83f995950,우려먹기가 넘 심함 컨텐츠 개선 시급함,3,1,2025-12-31T06:03:09+00:00,
genshin,원신,4652db24-dd13-4cd8-85f5-35e844eff2a9,초반부긴 하지만 너무 재밌음,5,0,2025-12-30T11:16:15+00:00,6.2.0_39595820_39944325
genshin,원신,cca9d05a-f35c-4cda-8efb-c7c046e8426a,"안녕하세요 최근에 PC로 원신을 플레이하고 있는 유저인데, 진짜 너무 재밌어요 그래픽도 예쁘고, 캐릭터마다 개성이 넘쳐서 몰입감 들고요 후유증도 남았어요. 스토리도 흥미진진해서 시간 가는 줄 모르고 정신이 홀가닥 빠져들게 되네요. 이래서 다들 원신 원신 하는구나 싶어요 😄 원신2는 안나오나요? 🤣",5,18,2025-12-30T08:53:04+00:00,6.2.0_39595820_39944325
genshin,원신,24c66051-dad3-4614-b5b7-6fe592c9e2d9,확률주작 망겜 ㅋㅋ,5,2,2025-12-30T02:08:13+00:00,6.2.0_39595820_39944325
genshin,원신,cf808514-8fdf-47ed-b810-bc99bdfe7cc4,재미있게 했었는데 이제는 더이상 스토리의 유치함을 견딜 수 없다.,2,2,2025-12-30T01:37:29+00:00,
genshin,원신,360c84ba-36eb-4e80-9395-4aab8bfc9585,늦게시작한편인데 섭종만 안했으면 좋겠어요. 그냥 평생햇으면.. 재밌어요!,5,2,2025-12-28T11:33:24+00:00,6.2.0_39595820_39944325
genshin,원신,ae6d1d29-36aa-4f74-96fb-9add589475cb,나타는 호불호가 좀 갈렸는데 노드크라이가 스토리랑 연출 다 역대급 찍어서 괜찮음. 담버전에 콜롬비나 나오고 해등절이니까 지금 시작하는거 추천,5,4,2025-12-28T10:00:01+00:00,
genshin,원신,3dea63a3-8934-4825-ae0b-5ee4a01adfe1,어제부터 오류때문인지 앱을열자마자 튕깁니다 최신버전맞고 저장공간도 많이 남습니다 태블릿 sm-t733 사용중입니다,5,0,2025-12-28T00:58:53+00:00,6.2.0_39595820_39944325
genshin,원신,6e3b55a0-1ffa-44a7-a9e0-2660af7605f4,캐릭터 하나 키우기 쥰네 오래걸리고 제발 스토리 스킵좀 만들어라 스토리에서 애들 얘기하는거 나올때마다 체감상 40분동안 스페이스바 연타하고 있음,1,6,2025-12-27T09:06:04+00:00,
genshin,원신,69592db8-52c8-4275-b326-3fecf80081e7,제발 나선비경 난이도 수정좀 해주세요 호요버스 11층 3번방에서 기존 몬스터 레벨에다 시간 1분 더 추가해주세요. 420초는 촉박한 것 같습니다. 12층도요. 拜托请修改一下罗先悲景的难易度 豪约巴士 请在11楼3号房现有怪兽等级的基础上再加1分钟时间。 420秒好像很紧迫。 还有12楼。,3,0,2025-12-27T05:52:37+00:00,6.2.0_39595820_39944325
genshin,원신,5a6c9a65-197f-49c1-a6af-521d72ff8119,계정이 초기화됐다. 해킹일듯 하다. 다시 키운다.,1,2,2025-12-27T00:59:37+00:00,5.1.0_27118081_27297621
genshin,원신,f1525163-2dae-47f0-8b5a-95800bdee91e,엄...,3,0,2025-12-26T23:30:38+00:00,6.2.0_39595820_39944325
genshin,원신,004d32ca-8e7f-4808-ba5f-f2bd62b6f3db,이만한 갓겜 읎다 모든게 완벽,5,0,2025-12-24T07:14:10+00:00,6.2.0_39595820_39944325
genshin,원신,5d02cc64-a886-419e-b39f-64f863399694,스킵 버튼 만들때까지 복귀 안함,5,0,2025-12-23T07:54:53+00:00,3.8.0_15672274_15939604
genshin,원신,8b312df0-0ab2-41e6-aad2-54885385351d,PC버전 화면이 갑자기 작아지고 다시 전체화면으로 키울려 해도 안되내요 이거 어떻게 된거죠? 이거 버그인가요? 아니면 일부로 인건가요?,1,0,2025-12-23T05:06:25+00:00,
genshin,원신,e08a4526-97f9-4f96-80b0-79655beeb61d,"오랜만에 들어가봤는데 여전히 스킵 기능 없음. 나선비경은 그냥 불쾌함만 늘어났고, 과거에 돈을 몇백을 지른 유저들은 당연하다는 듯 챙기지 않음. 아무리 수익을 우선시 한다지만 다음 나올 신규 캐릭들도 과거 캐들처럼 뒤쳐지면 버려진다는 이미지 생기면 더이상 지갑 열기가 힘듦. 제발 유라같은 애들 살려내라",1,171,2025-12-23T01:37:29+00:00,
genshin,원신,af19fbe6-47c6-4901-ae1f-59e1c4441e42,"여러 논란도 있었고 아직 부족한 점도 많지만, 인터넷에서 왈가왈부 하는거 다 빼고 게임 그 자체로만 즐긴다면 최고에요!!😊 특히, 원신 특유의 감성과 매력적인 판타지 세계관(특히 세계관의 고대사로 갈수록 완전 흥미진진...)이 큰 차별점 입니다..! 요즘 전과 달리 주요 npc 모델링도 넘 좋고, 플레이어블 캐릭터도 원신의 느낌은 살리되 비율 좋고 이쁘게 뽑혀서 넘 좋아요!! 노드크라이 맵이랑 스토리도 최고ㅠㅠ(+수메르, 폰타인도 스토리 좋았어요) 개선점으로 바라는 것은 -캐릭터 스킨 많이 출시하기 -별바다 세계 리소스 분리 -주요 이벤트 맵/스토리 상시화(리소스가 문제라면 분리해서 필요한 유저만 다운로드) -구캐릭 모델링 as(전과 이질감이 없도록 머리카락의 풍성함, 비율, 디테일 정도만 손보면 좋겠어요!) -구캐릭 성능 as -리소스 최적화 -자잘한 스토리 스킵(단, 요약된 내용을 글로 제공) 너무 애정하는 게임인 만큼, 앞으로 논란 없이 롱런하길... :)",5,94,2025-12-22T15:53:15+00:00,6.2.0_39595820_39944325
genshin,원신,370ee8ad-1aae-4284-9e07-0350b5deacfc,재미있어요,4,0,2025-12-22T11:58:55+00:00,6.2.0_39595820_39944325
genshin,원신,8d4af7d2-aa81-4bc7-a3c8-cdf08d733c6d,정말 잼나내요 시간가는줄 모르고하는중입니다 스토리가 이여지는게 마치 애니매이션을 보고있는 느낌도 살들고 여암튼잼나게하고있네요,5,2,2025-12-22T08:15:46+00:00,6.2.0_39595820_39944325
genshin,원신,8c73524e-dab5-425a-b6aa-0ae73e3367d8,쓰레기게임,1,2,2025-12-21T23:03:01+00:00,3.2.0_10872902_11078128
genshin,원신,c93ad678-1773-49f8-afd0-bc02e9801e84,재미있어요! 캐릭터 넘 이뻐요,5,0,2025-12-20T08:45:23+00:00,6.2.0_39595820_39944325
genshin,원신,8d988def-db70-4c56-bfff-dd5ed36dc72e,노드부터 정상화되고 있어서 상당히 만족함 오래해서 그런가 과금 여태 10만원도 안했는데 원하는 캐는 이미 다 뽑아놓음. 전무는 좀 힘들고... 스토리 이대로만 가면 너무 좋을것같고 스토리 스킵 원하는 사람 많은것 같던데 편의성만 더 개선하면 난 불만은 없을것같음,5,30,2025-12-19T17:36:15+00:00,6.2.0_39595820_39944325
genshin,원신,f96858c3-9430-4949-9ed5-6b05c5afd167,캐릭터 뽑기가 너무 어렵고요 캐릭터마다 밸런스가 너무안맞아요 밸런스 맞출려면 지갑 꺼내거나 노가다하거나;; 또 스토리 스킵불가인게 많이 아쉽네요 스토리가 하나마다 엄청 길고 지루하네요,2,0,2025-12-19T12:36:24+00:00,6.2.0_39595820_39944325
genshin,원신,ffb273d3-d16a-462c-8dc7-f784e492f62a,"무과금 유저입니다. 재밌어요. 근데 뽑기 확률이 너무 낮아요. 캐릭터가 예뻐서 복귀를 해도, 복귀 이벤트 보상을 다 해도 못 얻는게 너무 큰 단점이에요. 복귀 이벤트를 제외해서 다른 것들로도 원석을 모으며 해봤지만 원하는 5성 하나 뽑기 너무 어려워요.. 아무리 낮아도 다른 게임에서는 이거보다 훨씬 잘 나와요. 케릭터 때문에 복귀하는데 복귀할때마다 관둡니다.. 아무리 원석을 주는 이벤트가 많다고 해도 일단 들이는 시간이 많을 수 밖에 없는 데.. 그 고생들에 대한 보상이 전혀 없어요. 그냥 화만 납니다. 결론은 그냥 의욕이 팍 식어요. 적어도 복귀유저나 초보 유저들에겐 뭔가 달라야 되지 않나요.. 계속 하는 유저들은 원하는 케릭터가 하나 이상은 있으니 그 케릭터를 키우면서 하는 재미라도 있지, 저같은 사람들은 도대체 뭘 하라는거죠. 스토리가 있어도 좋아하는 케릭터도 플레이 해야 재밌고, 성능이 좋은 케릭터가 있어야 쌓인 스토리를 빨리 할 수 있지 않을까요.",2,2,2025-12-19T09:24:39+00:00,
genshin,원신,007a6bca-d164-40a0-b9d4-d93cbf15b8f8,진짜 좋아했던 게임인데 그냥 1점도 아깝다,1,6,2025-12-18T15:21:54+00:00,4.2.1_18831865_18963989
genshin,원신,eecde81e-175a-474c-9715-3681dde66de9,재미가 있다,4,1,2025-12-18T15:07:59+00:00,6.2.0_39595820_39944325
genshin,원신,70061de9-597b-4461-b5a3-6943c4d0c2d7,폰타인~나타 이후 정상화 제대로 되고 있는 듯,5,1,2025-12-17T17:17:52+00:00,6.2.0_39595820_39944325
genshin,원신,be2ddd4a-f41e-465b-83fd-9e705c70e5a1,원신은 돈벌생각 없음,5,0,2025-12-17T08:28:30+00:00,
genshin,원신,a731f87c-5270-490b-a240-86547dc890e6,캐릭터 괜찮고 인플레도 비교적 다른 호요버스 게임(특히 스타레일)들 대비 낮은 편이기도 함. 1. 스토리는 너무 해피시공이라 호불호가 갈릴 법 하나 괜찮음. 근데 스킵 기능만 내주셈. 2. 예비 레진 추가나 레진 최대치 좀 늘려주셈. 같은 회사 스타레일도 젠존제도 저기 옆집 명조도 다 있는데 여기는 레진 최대치 200에 예비레진도 없음. 3. 편의성 좀 높여주셈. 명조 하다가 원신 해보면은 불편함과 차이점이 많이 느껴짐.,3,19,2025-12-17T03:55:40+00:00,6.2.0_39595820_39944325
genshin,원신,45271d77-5551-4388-a6f5-031ac18c74c3,여러시스템이 참 재밌게 짜여서 좋아요 수동갬이라 좀 어렵긴해요,4,0,2025-12-17T03:40:08+00:00,
genshin,원신,1cf77ef7-81b9-46d4-ac1f-d79cc533159b,내가 아개임을 열심히 하고 현질까지 했는대 내생일날 삭제됌.근대 재밌어서 계속함 계정복구라도 해줬음 좋갰다ㅠㅠ,5,0,2025-12-16T19:11:52+00:00,6.2.0_39595820_39944325
genshin,원신,38bed6e3-ba04-45f4-946e-8e7f860675df,점수 꼬라지 보소.. 이게 바로 용두사미 인가?,2,17,2025-12-16T14:05:19+00:00,
genshin,원신,76c37f96-2a27-4b47-8b08-74fee01714e8,요즘 게임이 너무 재밌네요. 근데 마신임무는 아니여도 다른 임무들은 스킵좀 만들어주면 좋겠네요..,5,1,2025-12-16T13:35:37+00:00,6.2.0_39595820_39944325
genshin,원신,de33c498-3c0e-4de4-bc87-4f19e2d3f7a5,"캐릭터와 그 캐릭터 전용무기를 뽑는데 대략 70만원 정도가 필요합니다. 거기에 일부 캐릭터는 돌파팔이, 쉽게 말해서 캐릭터를 추가로 몇번 더 뽑아야하는데 그러면 캐릭터 하나에 100만원 이상 필요한 경우도 많습니다. 이렇게 4명을 뽑아야 한 파티가 완성되니 돈이 어마어마하게 필요한거죠. 근데 문제는 한파티로는 엔드컨텐츠가 클리어가 안됩니다. 환상극과 지맥제압전을 클리어할려면 최소 3파티가 필요하지만 그 파티가 접대를 못받으면 쓸수없으니 7파티 정도는 있어야 게임을 제대로 할수있습니다. 이런 비싼 금액이니 오래 쓰고싶을테지만, 캐릭터의 수명은 1년이 조금 안됩니다. 즉 1년 후에는 인플레 때문에 다른 캐릭터를 써야한다는거죠. 이렇게나 비싼 게임인데 유저와 소통은 안하고 유저 적대패치만 하는곳입니다. 예를들어 겨우 7초 이동수단을 30만원에 팔고, 이 이동수단을 15초로 늘리고 싶으면 200만원을 쓰면 됩니다. 이걸 안사면 뚜벅이처럼 걸어다니면서 벽도 엄청 힘들게 올라가야 합니다.",1,20,2025-12-16T03:05:40+00:00,
genshin,원신,148b7186-16d6-4e16-b27b-213cbe5d3db1,원신 라이크라는 말이 나왔을 정도로 원탑 게임.,5,3,2025-12-16T00:05:18+00:00,6.2.0_39595820_39944325
genshin,원신,cd801aaa-6c7f-4023-b7ab-ab4c6ef4166d,게임사가 돈에 미쳐버려서 재미가 없어졌음.. 이 게임 할빠야 명조함,1,2,2025-12-15T15:15:30+00:00,2.4.0_5199000_5224067
genshin,원신,bbc1b175-0576-42d5-a51e-1b0c0262ddbd,"아주~ 좋소! 캐릭터들이 다 개성넘치고 스토리도 좋아요. 단점은 현질을 좀 해야되고, 스토리 스킵이 없는 것입니다. 스토리가 너무 길어서 계속 화면만 터치 하고 있네요.",4,4,2025-12-15T08:58:54+00:00,6.2.0_39595820_39944325
genshin,원신,ecc29d39-0836-4d81-aa5a-7cc53c118fb3,진심으로 나타 때도 딱히 불편함 없이 잘즐겼던 유저입니다. 폰타인과 수메르에서 큰 감동을 받았고 이번에 나온 노드크라이 업뎃은 진짜로 이전 원신과 다른 느낌을 받았습니다.,5,0,2025-12-15T01:18:51+00:00,6.2.0_39595820_39944325
genshin,원신,0bd4d5b5-2691-4789-84ff-a25e0273be32,이건 닌텐도여도 성공함,5,2,2025-12-14T17:12:59+00:00,6.2.0_39595820_39944325
genshin,원신,5543cb20-0e23-4f50-870f-26da73735313,처음 출시했을때부터 플레이했는데 스토리도 방대하고 뽑기도괜찮음 스토리 스킵이나 뭔 내용인지 이해못하는 애들은 집중력이랑 독해력 수준 ㅈㄴ 떨어지는거 아닌가 싶다.... 스토리게임에서 스킵바라는건 뭔지 모르것다,5,4,2025-12-14T06:09:24+00:00,3.4.0_12498014_12591909
genshin,원신,42068d73-0237-4cd6-8519-3a8b57d57dc6,비상식량이 맛잇어요,5,1,2025-12-14T03:20:34+00:00,
genshin,원신,e387bf7f-23e9-4cb4-9fe8-a815102164ef,5년 되니 너무 많이 퍼주는겜.무과금도 5성 뽑을수있다는게 재수없음 무소과금으로 오래해도 요즘시작하면 다따라잡을정도로 인플레에 티어가 거의 필요 없음 최신캐만 뽑으면 되는게 망할징조임,5,2,2025-12-14T01:48:54+00:00,4.5.0_21307647_21321795
genshin,원신,cfbc181f-a44b-4884-9984-f64b0552e05a,3번째 리뷰 답니다. 노드크라이 스토리 보고 1점에서 3점으로 올렸습니다. 스토리 미쳤음. 그래도 보상 짜게 주는거 보면 옆집 붕스랑 같은회사겜이 맞나 싶어요. 조금 퍼주는거갖고 생색내는거 좀 그래요.,3,8,2025-12-13T23:48:03+00:00,6.2.0_39595820_39944325
genshin,원신,87a25640-f78e-431a-a76b-bd82fd77c1b6,안하는 사람:원신은 망겜 아닌가? 하는사람:ㅋㅋ 원신 갓겜 크으 앨리스,3,3,2025-12-13T09:19:46+00:00,
genshin,원신,3d9900d5-e9ec-45db-a612-8f330d74dad4,모바일에서 구동하기 힘든 랙과 발열량. 육성이 힘듬.,1,36,2025-12-12T22:46:38+00:00,
genshin,원신,5c0c342a-0ff4-4aec-96db-2da437883add,面白いし美しいし楽しいです,5,11,2025-12-12T19:29:24+00:00,5.5.0_31400259_31451966
genshin,원신,f4c88968-228a-4003-94a1-a08591cc72c9,스토리 스킵좀 나타구간인데 너무 재미없음 어떡함... 진짜 매번 복귀해도 나타 10분하다가 질려서 접음 스킵을 좀 만들어요,1,8,2025-12-12T12:16:16+00:00,6.2.0_39595820_39944325
genshin,원신,03daa8cc-d554-491f-abb1-1646282da144,무과금으로하기어럽고5성이너무짜다,1,5,2025-12-11T06:33:55+00:00,6.1.0_38157513_38357358
genshin,원신,047fd1c6-9ee1-4342-8e35-85b3db5f2727,그정도,5,0,2025-12-10T07:24:44+00:00,6.2.0_39595820_39944325
genshin,원신,32c8f861-9b06-427f-9ddb-bda45506c99a,명조하다가 원신했는데 확실히 몽환적인 분위기가 정말 좋다고 생각함 명조에 비해 컨텐츠 양도 많아서 재밌게 하는중임,5,3,2025-12-09T15:21:32+00:00,6.2.0_39595820_39944325
genshin,원신,fb62aebe-8ca1-4459-b220-5c156958ea47,서브컬쳐 GOAT,5,0,2025-12-09T13:17:11+00:00,2.6.0_6179196_6305792
genshin,원신,100f1344-ab8e-45b0-a70c-e01347d927bd,원공노 짱❤️,5,0,2025-12-09T11:40:37+00:00,
genshin,원신,5487dd91-bed6-4a42-9839-37123675fd0b,ㅁㅊ게임 우와..,5,0,2025-12-09T08:28:07+00:00,6.2.0_39595820_39944325
genshin,원신,73d50502-3d2b-4877-9dfc-381253c36c7e,군생활 격리기간을 녹여준 게임.,5,1,2025-12-09T01:21:02+00:00,6.2.0_39595820_39944325
genshin,원신,01e6df5b-3af7-4450-b160-ff8a8478052e,와이파이도 잘터지는데 계속 서버가 끊어지는 데요 봤던 스토리를 계속 보여줌 게임 진행이 안돼요,4,0,2025-12-08T16:39:47+00:00,6.2.0_39595820_39944325
genshin,원신,095c1bd3-baaa-4563-8eb4-c098fbc21dc6,명x 따위랑 비교도안되는 갓겜,5,1,2025-12-08T16:22:26+00:00,
genshin,원신,8850a7da-b48b-443f-9b2e-fdb1c793546f,재밌다,5,0,2025-12-08T11:11:24+00:00,4.5.0_21307647_21321795
genshin,원신,85abdacb-134d-4bc5-88fe-4a5095a9ed59,"이제는 지침.. BM이야 뇌이징해서 어떻게든 적응한다고 쳐도 각종 편의기능은 유저랑 기싸움하는지 추가범위도 좁고, 정작 필요한 건 없음. 스토리도 솔직히 이젠 뭘 하려는건지도 모르겠어서 마신임무조차 안깨고있음. 이벤트도 매번 먹던 맛, 일퀘는 귀찮고.. 원신이 굉장히 선도적인 게임이고 그 면에서는 따라올 게임이 없다고 생각했는데... 최근 다른 게임 조금씩 찍먹해보니 비교가 된다고 할까요. 같은 회사 다른 게임이 더 잘나오는 느낌도 들어요. 요즘 원신의 컨텐츠나 편의성이 기존 유저를 만족 못시키고 변화 양상에 따라가지 못하는 것 같아 아쉽습니다.",1,13,2025-12-08T07:58:11+00:00,3.8.0_15672274_15939604
genshin,원신,f5c32ff5-e372-4c3d-a428-5e7cc26f0d3f,스킵버튼좀 만들어줘,1,5,2025-12-08T07:32:11+00:00,3.7.0_14806628_14807925
genshin,원신,9e8f30b8-2d06-47c1-84dc-9d0f1dab043e,너무 어려움,1,0,2025-12-08T00:46:29+00:00,
genshin,원신,4640bf8d-778e-4574-be18-b74ce6ecdfd2,"최근 나온 별바다 세계 컨텐츠를 솔직히 많이 플레이하지는 않았지만 그럼에도 별인형을 내 마음대로 내가 원하는 모습으로 꾸밀 수 있다는 점에서 굉장히 만족하며 즐기고 있습니다. 이 외에도 과거 불편했던 여러가지 요소들을 조금씩 개선해주고 있는 것 또한 느껴져 좋았습니다만 1.0부터 아직까지도 스토리 스킵버튼을 추가해달라는 수많은 유저들의 요청을 무시하고 있다는 점은 스토리보다는 맵탐사, 전투를 위주로 원신을 즐기고 있는 유저로써 상당히 아쉽습니다...",4,16,2025-12-07T14:07:59+00:00,6.2.0_39595820_39944325
genshin,원신,d9dee253-e469-4ab4-80fb-4e43efcadfcb,이번 노드크라이에서 원신이 많이 발전햇다는걸 뼈저리게 느꼇습니다.. 앞으로도 이대로만 해주세요!,5,0,2025-12-07T13:52:39+00:00,
genshin,원신,84fc4af2-828f-4987-8831-b567400a923b,"다 좋지만,,,뽑기 확률 높히면 좋겠어요ㅠㅠ",4,2,2025-12-07T01:34:49+00:00,
genshin,원신,9d14784f-630d-4b12-82b8-8f402ba02e15,캐릭터들도 너무 이쁘고 스토리도 꽤나 재밌어서 좋았어요. 가챠 시스템도 꽤나 건강해졌고.. 맵이 넓어서 이곳저곳 구경 하는 재미와 새벽때 하는 새벽감성 장난 아니라서 좋았어요.,5,0,2025-12-06T08:32:39+00:00,6.2.0_39595820_39944325
genshin,원신,91eac6d0-98b7-4c89-a99f-47f9887361b1,스토리 진짜 1도 안궁금한데 스토리 스킵좀 만들어주시면 안될까요 이거때문에 인내심 다닳아서 게임을 못하겠음,1,0,2025-12-06T06:40:38+00:00,
genshin,원신,565fddf0-ec7f-4561-82d9-c53c3fcaa5f8,이 게임만의 감성이 있다...,5,0,2025-12-05T16:13:41+00:00,6.2.0_39595820_39944325
genshin,원신,5783781f-01d0-4edb-aa1f-97d5f9b791b7,비행선 사태 이후로 무반응 보고 접었는데 이제 순수 실력으로도 ㅁㅈ한테 밀리는듯 보여 잘 접은 듯 하다,1,7,2025-12-05T14:40:15+00:00,2.8.0_7997424_8078355
genshin,원신,af3cd59a-bd49-40e2-b8b7-b74a0e7ee799,굿,5,0,2025-12-05T11:40:31+00:00,6.2.0_39595820_39944325
genshin,원신,8ac78822-1d18-45e6-976a-4f7e866c93bf,버그가 있다면서 앱 접속이 안돼요..,3,0,2025-12-05T09:54:30+00:00,
genshin,원신,c344e8d5-99c4-487b-b6a8-9b02a0bf65d1,반천 나히다 감사합니다 호요버스,5,5,2025-12-05T09:43:00+00:00,6.2.0_39595820_39944325
genshin,원신,677730a4-7444-4a34-aeac-36d8734e2918,6.X 버전이후 스토리 및 캐릭터 진짜 역대급 b 필요한 편의성만 많이 해주면 더 좋을 것 같습니다.,5,0,2025-12-05T04:10:42+00:00,6.2.0_39595820_39944325
genshin,원신,e5761869-272d-4e29-8ebe-3f2347adc0a8,구캐 리모델링 좀 하자 노드크라이 캐릭터랑 너무 차이나서 미안하다 증말로,5,2,2025-12-04T17:30:14+00:00,6.2.0_39595820_39944325
genshin,원신,ee6c21b5-0095-46b2-8c11-8b40a4687cc9,"83학번임. 남들 원태기와도 항상 남아있었던 사람인데 이번엔 힘들것같다. 이벤트 재탕에, 소통도 안해. 이번 공식방송에서 채팅창 닫아버린건 진짜 실망임.. 요즘 나선보면 밸런스도 점점 무너지는 것 같음. 진짜 열심히 한 겜인데 현 상황이 매우 안타깝다.",1,130,2025-12-04T07:56:39+00:00,6.1.0_38157513_38357358
genshin,원신,51e13973-259d-4680-9175-a429e3d6804f,스토리 스킵 스토리 스킵 스킵 스킵스킵스킵 제발 좀 쳐넣어라,1,7,2025-12-04T04:54:18+00:00,6.1.0_38157513_38357358
genshin,원신,1171f978-f288-4242-9a59-66328af823fe,신캐를 안뽑으면 도태되는게임,1,0,2025-12-04T04:18:38+00:00,5.1.0_27118081_27297621
genshin,원신,18645da2-7993-444c-9e43-b48652a1839b,80학번 유저입니다. 저희 마음속의 원신은 이제 죽었습니다. 네....나타때 부터 죽었어요. 접습니다. 저희는 검과 활의 세계에 매료되었지 총과 오토바이의 세계에 매료되진 않았습니다. 이상 5년간 수고했습니다.,1,7,2025-12-04T03:16:53+00:00,3.2.0_10872902_11078128
genshin,원신,d8ab3385-319b-4cb1-a51c-f9afccef1a3b,너무 재미있죠 오픈월드 게임 단연 1위,5,2,2025-12-03T15:50:49+00:00,
genshin,원신,ff952bb5-2a54-4fa3-bbb3-0d46b239bced,とてもハンサムなキャラクターが多いです♡,5,0,2025-12-03T15:11:17+00:00,
genshin,원신,fec0640d-5690-4f2a-bc7a-25c0744ca46b,캐릭 레벨올리기가 빡세다 요구 경험치를 줄이거나 경험치 소재를 포함한 획득 경험치를 늘려야한다,5,3,2025-12-03T13:49:47+00:00,6.1.0_38157513_38357358
genshin,원신,b39533b6-584b-4d7e-8a83-99c8ce71a9e0,"이제는 그냥 스토리 캐릭터만 보고합니다.. 더는 기대할 것도 없고 풍경 감상하고 상자 핀밍이 다죠 스토리도 나타스토리는 좀 별로였어서 그런지 디자인이 별로여서 그런지 시틀라리만 뽑아뒀고 그나마 이번에 노드크라이는 심도가 있고 캐릭도 이쁘게 나와서 할만합니다. 확실한건 별바다 세계같은 뻘짓하지 마시고 재대로 개발할 생각이나 하세요 타 자매겜들하고 진짜 너무 비교됩니다, 성유물 더럽게 안나고오 시스템 불편하고 현질유도를 할 지언정 스토리,캐릭터성 이것만은 좀 챙기자고요 재발요",3,2,2025-12-03T13:49:20+00:00,6.2.0_39595820_39944325
genshin,원신,bee44478-bd7f-41fd-a17f-e59b8c64da58,이젠 지쳤습니다..스토리 스킵 버튼 좀 만들어줬으면 좋겠지만 아직까지도 안만들어져 있고요 스토리 진행할때마다 한 3번씩 졸았던것같네요 자동 진행버튼을 누르면 되는거 아니냐하는데 중간마다 사람 놀리는것도 아니고 대사선택 버튼 때문에 누르지 않으면 진행이 안됩니다 그리고 스토리 시간이 거의 체감시간으로 4~5시간이 됩니다 그걸 일일이 다 봐야하고요 그리고 쓸데없이 별바다세계?그런거 만들지 마시고 스킵 버튼만들었으면 합니다 솔직히 아닐수도 있지만 별바다세계 만드는것보다 스킵버튼 만드는게 더 쉽지 않나 생각이 드네요 이것저것 생각하다보니 이렇게 적게 되었네요 말하자면 npc문제 등이 있지만 그러면 글이 너무 많아질것같아 여기까지만 적겠습니다.,1,781,2025-12-03T13:12:20+00:00,6.2.0_39595820_39944325
genshin,원신,42838dd4-c911-4610-96c4-ce15481afd93,역대급 별로,1,1,2025-12-03T12:09:16+00:00,6.2.0_39595820_39944325
genshin,원신,89271852-5922-4667-b0c4-90fdacda33e3,진짜 너무 재밌어요 제일 좋아하는 게임,5,0,2025-12-03T12:08:49+00:00,6.1.0_38157513_38357358
genshin,원신,629815fe-a51b-4b11-bd62-9a800dc9c371,산드로네를 출시해다오,5,0,2025-12-03T11:13:13+00:00,6.1.0_38157513_38357358
genshin,원신,bbada576-1d9a-4864-8be3-b3f9e9d2ff1d,"재밌습니다! 뽑기, 스토리, 캐디, 탐험, 월퀘나 이벤트까지 대부분의 모든게 재밌습니다! 그런데 솔직히 원석모으기가 시간이 지날 수록 더 힘들어지내요;; 열심히해서 50뽑까지 모았는데 항상 고봉밥만 먹고...뭐 제 행운이기 하죠. 그렇지만 이번에 별바다 여행? 그거는...솔직히 원신에서 되게 파격...적이라고 생각해요. 스토리랑은 또 완전 상관없고 여러명에서 하는것만 신경써서 한 느낌? 인데 솔직히 저는 개인적으로 스토리를 많이 즐기다보니 이번에 나온 노드크라이 월드퀘스트가 덜 만들어진것 같아서 그것부터 만들어주셨음해요...파하섬? 중간에 석상 뒤 기둥사이로 빛나오는 거기로 가보면 뭐가 있긴 있는데 딱히 퀘스트가 있어보이진 않았거든요. 암튼 전체적으로는 되게 재밌습니다!",4,2,2025-12-03T10:44:44+00:00,6.1.0_38157513_38357358
genshin,원신,7c4fd192-dc40-4d86-8d4d-d52cc05a4ac5,잘생긴 쇼타들 많습니다 하세요,5,0,2025-12-03T10:22:45+00:00,6.1.0_38157513_38357358
genshin,원신,6e7d26a4-6cb9-47aa-bb81-59276e550eb8,그냥하새요 진짜 재미있어요,5,1,2025-12-03T09:21:00+00:00,6.1.0_38157513_38357358
genshin,원신,fe103581-9994-404b-b56a-e216b9967512,안녕하세요! 원신 시작한지 7개월된 뉴비인데요~ 캐릭터 디자인들이 너무 좋아서 매일 접속하게되네요~! 항상 응원할게요!,5,1,2025-12-03T09:20:26+00:00,
genshin,원신,b217e4df-1e21-483b-b82e-020ecdea7c5a,뽑기 재화가 너무 많이들어가는거 같아요 ㅠ_ㅠ 이것만 아니면 5점 줄꺼에요,3,0,2025-12-03T09:05:08+00:00,6.2.0_39595820_39944325
genshin,원신,86524384-2c87-4166-a0f7-27a776ff1c1f,이번 두린 잘 뜨길,5,1,2025-12-03T08:55:50+00:00,6.1.0_38157513_38357358
genshin,원신,c89aed60-fe2a-404f-a90e-861e3a217715,굳이 현질을 하지 않아도 즐기기 좋음,5,1,2025-12-03T06:53:48+00:00,
genshin,원신,e8eac0c5-0e6c-41a5-84ea-2bf479bc2f28,"초딩 때 부터 했습니다. 수메르 끝나갈 때 쯤에 시작했는데요, 스토리도 너무 좋고 브금도 좋아요! 캐릭터들도 각자 서사도 있고 개성도 넘치고 더빙도 잘 되어있어요!! 핸드폰으로 하면 렉이나 그래픽이 안 좋은 단점이 조금 있지만 그래픽을 높이면 보이는 이쁜 맵이 특징입니다! 원신을 하다가도 할 게 없어지거나 심심하면 다인모드같은 기능이나 이벤트 같은 걸로 원석 얻을 수도 있어요! 서비스 종료까지 할 자신 있으니 한 번 해보시길 바랍니다!!!",5,247,2025-12-03T06:21:58+00:00,6.2.0_39595820_39944325
genshin,원신,134e7638-1e68-4547-a068-1066a2ac02cf,재밌게 하는 중,5,1,2025-12-03T05:20:35+00:00,
genshin,원신,f3f03a4f-a896-45b3-ac3d-780902cb9e50,오픈월드라서 재미있음 뉴비가 최고,5,0,2025-12-03T02:07:23+00:00,6.1.0_38157513_38357358
genshin,원신,60aa110f-c2f2-4903-a6a1-b6a41732f7bb,계속 이렇게만 합시다,5,0,2025-12-02T23:32:43+00:00,6.1.0_38157513_38357358
genshin,원신,1592bfe7-c7ec-4558-be4e-82024a380b91,캐릭터가 그냥 예쁨 스토리도 첨에는 재미없는데 갈수록 ㄱ재밌음,4,0,2025-12-02T23:27:08+00:00,6.1.0_38157513_38357358
genshin,원신,ebd0640e-a8e6-49f5-9c86-86b613890691,"스토리랑 탐험이 핵심인 게임으로, 아름다운 오픈월드가 강점입니다. 지역별로 컨셉과 문화도 다양하고, 지역들이 전부 연결되어 있어 여행하는 느낌이에요",5,2,2025-12-02T19:19:16+00:00,6.1.0_38157513_38357358
genshin,원신,fda224f5-93c3-47b8-b746-d01d0689a99d,할만함,5,0,2025-12-02T15:02:35+00:00,6.1.0_38157513_38357358
genshin,원신,fd51dbad-bff8-4329-9a63-0ec401d04f3b,"최근들어 기기에서 버그가 있어 앱을 실행 중지했다는 알림이 자주 뜸. 전에도 가끔씩 그랬지만 요즘들어 빈도가 높아져서 게임 자체 문제는 아닌 것 같고, 아마도 최신 안드로이드 (15 이상부터) 버전과 호환이 잘 안 되는 것 같음. 이게 게임 자체 문제인 건지 안드로이드 OS 문제인지 모르겠다. (15 버전 이전에는 이런 문제가 거의 없었음) 이전 리뷰 삭제하고 다시 적었지만, 지금은 이런 버그 문제 때문에 별점 그대로 유지함.",2,95,2025-12-02T13:23:48+00:00,6.1.0_38157513_38357358
genshin,원신,8709f42b-380e-4833-97f7-42cbc431b0d3,그놈의 모델링 개선은 얼굴 비율이랑 눈깔 위치 좀 수정하면 회사 망함? 몇년째 계속 이야기 나오는데도 죽어도 절대 안고치고 신캐들은 죄다 모델링 돌려쓰기해서 얼굴은 죄다 똑같아 가지고 옷만 갈아입히는 수준인데 그러면서 스킨 나올때는 은근슬쩍 보기좋게 모델링 수정해서 내놓는거 보면 원판은 개 빻아논거 지들도 아는 건데 눈은 넙치 마냥 한쪽으로 쏠렸거나 티라노 마냥 시야각이 300도는 되나 무슨 과장 보태서 귀 바로 옆 까지 오게 미간을 태평양으로 만드는데 옆동네 스타레일은 멀쩡하게 잘만 내놓으면서 원신은 어차피 이따구로 내도 돈지를 개돼지들이라면서 최소한의 성의도 개 밥말아먹는게 신캐 나올때마다 느껴짐,1,4,2025-12-01T15:40:50+00:00,5.2.0_28336591_28351161
genshin,원신,460188e3-4d1c-43f4-aced-b3a4c2b7d840,굿,4,0,2025-12-01T11:47:15+00:00,6.1.0_38157513_38357358
genshin,원신,3891cc39-c1c7-4cac-8451-f2d7e02ef0c9,너무 안타깝습니다 제일 좋아하는 게임인데... 이 지경까지 오다니 다시 정신차리고 전성기 폼으로 올라갔으면좋겠네요,5,43,2025-12-01T06:03:09+00:00,3.6.0_13833164_13951843
genshin,원신,cf239115-f688-4dc4-978c-cb6260f7d08f,원신운영진 개발팀 그래도 잘 하고 있습니다. 이대로만 해주십쇼 킵고잉~,5,0,2025-12-01T02:27:58+00:00,6.1.0_38157513_38357358
genshin,원신,647c0cc7-8cff-432a-8477-171ed001d174,"하하핳.. 이제 2년 좀 넘었네요. 진짜 이 게임 하면서 제일 많이 드는 생각이 이거에요. ""원석 언제 모으냐?"" 퀘스트 깨봤자 쪼잔하게 10~20개는 너무하지 않습니까? 이러면 무과금 유저들은 당연히 노가다에 흥미를 잃고 떠나겠죠. 진짜 망해가고있다 이겁니다;; 재화 수급 난이도좀 낮추세요 좀.. 또 복붙해서 답글 달지 마시고 제대로된 답좀 해주세요.",2,3,2025-11-30T09:19:52+00:00,
genshin,원신,4fa852b3-0ae0-4e72-adb8-38e372535e77,안녕하세요! 저는 원신을 플래이한지 1년이 다 되어가는 여행자입니다. 지금까지 원신을 플래이해오면서 크게 불편한 점은 없었지만 최근에 시작한 여행자들을 배려해 예전의 이벤트 스토리를 볼수 있는 기능을 추가해주셨으면 합니다. 그러면 이번에 출시하는 두린과 같이 이벤트 스토리에서 크게 다루어졌던 캐릭터에 대해 더 몰입하고 더 잘 이해할수 있을 것 같습니다.,5,90,2025-11-30T05:44:57+00:00,6.1.0_38157513_38357358
genshin,원신,0aff52c7-8e19-4a4f-8143-3aac5503b1d6,아니 슈@@@@@@@ㅂ@@ㅏㄹ 수능 끝나고 복귀해서 네페르 플린스 이네파 다 없는데 서리밤 하늘 영주 어케 잡냐고,2,3,2025-11-29T07:11:10+00:00,6.1.0_38157513_38357358
genshin,원신,a6f6ffdc-946b-4bd9-990c-07862a67abf3,😀,5,0,2025-11-29T06:50:48+00:00,6.1.0_38157513_38357358
genshin,원신,b46e9f85-e8db-4834-93e9-d0f84b93fad6,아니 제가 열심히 1년동안 키우던 계정이 날라갔어요... 그 계정에 제 최애 다 뽑았는데 일 열심히 안하고뭐하는거죠,1,1,2025-11-29T02:37:43+00:00,
genshin,원신,2214a601-f070-4ad6-b691-f7583d894225,굿,5,0,2025-11-28T13:19:08+00:00,3.5.0_13082099_13156424
genshin,원신,ca8f8623-d582-4748-a0f2-65ffebee8db0,"안녕하세요, 무려 76학번 여행자입니다. 게임 그래픽, 캐릭터 모델링, 성우분 목소리 이거 너무 마음에 들어요. 근데 현질을 해야 원하는 캐릭터를 얻을 수 있는거같아서 다 좋진 않아요.",4,1,2025-11-28T06:22:50+00:00,6.1.0_38157513_38357358
genshin,원신,79963233-1122-4fce-8f13-2489e4216e5d,게임 자체로는 높게 평가하지만 모바일 기기 이식은 실패한것으로 보임. 최악에 가까운 최적화,5,19,2025-11-28T04:13:19+00:00,4.2.1_18831865_18963989
genshin,원신,b3834ecf-e94c-4c95-afd4-36f573e9a52f,요즘 일잘함,5,3,2025-11-28T03:33:49+00:00,6.1.0_38157513_38357358
genshin,원신,6d3445b3-72e9-4835-8033-1af75349604a,처음엔 5점 줬던 거 같은데 현재 1점 주는 이유는 풀돌해봤자 의미없는 게임이라 그렇네요. 인플레에 밀리거나 꽁냥꽁냥할 수 있는 것고 아님 저는 뭐 비주얼은 명조로 편의성은 듀나어로 갑니다. ㅂㅂㅇ,1,3,2025-11-27T22:48:03+00:00,6.1.0_38157513_38357358
genshin,원신,4b34cda1-8cb7-4aa8-905f-7f73de208e0a,스킵기능 추가해주세요 제발..,3,3,2025-11-27T17:36:06+00:00,4.2.0_18831865_18963989
genshin,원신,c0455c1c-4950-451f-a3c2-bccc43cfc166,스킵기능이 없어 피곤할때하면 짜증남,1,4,2025-11-27T15:10:32+00:00,6.1.0_38157513_38357358
genshin,원신,4a8581ce-b376-4cec-a5e1-c1ab01661d82,나타때 욕 개쳐먹었지만? 노드크라이로 개같이 극복 ㅊㅊ,5,1,2025-11-26T00:51:52+00:00,6.1.0_38157513_38357358
genshin,원신,aad06d48-f0bf-45bd-a142-ff09f69e2ad1,복각을 옛날이나 지금이나 2명씩 하는게 맞나 캐릭터 늘어난거랑 1년 넘게 등장 안하는 애들 보면 4명씩은 픽업할 수 있도록 바꿔야 하는거 아닌가요,4,3,2025-11-25T12:14:04+00:00,6.1.0_38157513_38357358
genshin,원신,88224718-1eaa-42ba-aee7-93ff2db1ffc7,좋은 말 할 때 이전 이벤트 스토리 할 수 있는 기능 추가해라 나 신규 유전데 절실하다,3,1,2025-11-24T18:11:57+00:00,6.1.0_38157513_38357358
genshin,원신,311a69be-c725-4133-a0bf-2415caf08f18,꒰◍ॢ•ᴗ•◍ॢ꒱너무 좋습니다,5,0,2025-11-23T19:58:41+00:00,
genshin,원신,6f63fd28-1970-4ddc-bd02-e5cf74b3b5bc,고향같은느낌이라 좋음,5,0,2025-11-23T07:34:21+00:00,6.1.0_38157513_38357358
genshin,원신,d7ad7551-c59e-493a-a0e8-b393cc4e6ef6,불편한점 다 없애주고 스토리 정싱화에 캐릭터 게성도 좋고 모델링도 좋아졌으면서 콜라보까지??? 걍 갓겜이다 역시 제 인생겜 신뢰를 저버리지 않는군요 노드크라이는 신의 한수가 맞다 캬ㅑㅑㅑㅑㅑㅑ ㅋㅋㅋㅋㅋㅋㅋㅋㅋㅋ 앨리스!!!!!!!!!!!!!!!!,5,7,2025-11-23T06:54:09+00:00,1.6.0_2961400_3070488
genshin,원신,18dab7cc-afba-42fe-8309-31aa2d7f1030,게임 접음 문제1 : 질질 늘어나는 재미없는 메인스토리 문제2: 그런 메인 스토리나 사이드 스토리를 스킵조차 못하게 막아둠 진짜 스토리 읽다 보면 내가 다시 출근했나 싶을 정도로 잠이 오고 피곤함. 게임이 아니라 일하는 느낌 문제3: 재화 진짜 뼈빠지게 모아서 캐릭이나 무기뽑으면 맨난 삑남 이상한거 나옴. 원신는 돈 벌 생각이 있는거야? 문제4: 캐릭터 외형이 구림. 맨 똑같은 얼굴 npc 역할만 바꿔서 나오니 이것들이 나랑 역할놀이 연극하나 장난하나 싶음. 메인 캐릭터들 외형도 이제 딸림. 명조 하다 애들보면 한숨나옴 사실 진짜로 돈 벌 생각 없지 너네? 접고 갑니다 빠이,1,9,2025-11-23T01:39:59+00:00,
genshin,원신,f6dbdb40-c303-4dde-8829-f3c8996389d9,굳,5,0,2025-11-23T01:18:20+00:00,6.1.0_38157513_38357358
genshin,원신,2f6b00d8-86f5-4ffe-8edc-62abac3f6990,"캐릭터가 너무 이쁘고, 전투 양상도 독특하고 스토리도 대부분 최고점을 찍지만.. 용량 때문에 지웠다 깔았다 반복하는게 번거롭네요 ㅠㅜ 컴으로 하시는게 아니라면 고민 하셔야 할 듯 ;)",4,1,2025-11-22T08:25:39+00:00,
genshin,원신,4d28087e-28eb-4e32-b186-126d68dac209,게임 이 너무 재미있다!,5,0,2025-11-22T06:53:56+00:00,6.1.0_38157513_38357358
genshin,원신,3612c469-7921-4510-9e53-9b3df01d7f6d,"재미도 있고 캐릭터들도 잘 만들어져서 점수를 박하게 주고 싶지는 않았지만 도무지 이해할수 없는 것들도 있어서 3점 남깁니다. 우선 게임외적으로는 최근 며칠간 접속을 못하게 앱이 강제종료가 되고 있다는 점입니다. 캐시 삭제와 앱 재설치로도 해결되지 않아서 기껏 공월의 축복을 사놓고 돈을 바닥에 버리고 있습니다. 게임내적으로는 캐릭터를 여럿 키워야하고 그 캐릭터들도 대부분은 유료 가챠로 수급해야하는데, 힘겹게 뽑아서 얻은 캐릭터조차 하나하나당 육성에 자원과 시간이 많이 필요하다는 겁니다. 한둘만 키우면 시스템상 진행이 어려워서 최소 원소와 무기종류까지 고려하여 3~4명 정도는 키워둬야 하는데 이미 육성컨텐츠를 통달한 고수라면 모를까, 막 뉴비를 벗어나는 단계에 있다면 성장이 지체됩니다. 얻어야 할 재화도 많은데 이 재화를 얻기위해 던전 하나를 돌때마다 일일히 조작해야 하는 시스템에 더해 몹과 스테이지 기믹도 천편일률적이라 피로감도 빠르게 쌓입니다. 어떻게든 해결되었으면 합니다",3,6,2025-11-21T21:16:42+00:00,
genshin,원신,e8867eb8-a8b9-4f21-a505-7fc1d5b3b3c5,멀티 이벤트랑 콜린엔바 저거 재탕하면 류웨이 멱 따러간다.,5,0,2025-11-21T08:24:43+00:00,
genshin,원신,10f928a9-b1cf-46a5-9ac5-e5b1c762f9ca,원신은 돈을 벌 생각이 있는거야?,1,2,2025-11-21T05:17:14+00:00,
genshin,원신,f833d512-2626-41d9-8871-90406f0c3a96,아침부터 계속 접속이 안 되네요 빨리 고쳐주세요 앱을 지우고 다시 깔아도 막상 게임 자체에 못 들어가네요,1,0,2025-11-20T15:44:45+00:00,6.1.0_38157513_38357358
genshin,원신,509c9c45-4a90-487f-92f0-7502174504b5,원신아 요즘 오랜만에 사람들 먾이하길래 들어왔는데 뭐 계정 3개밖에 안만들었는데 뭐가 많다고 20분동안 임시로 못들어가게 하냐? 아니 이러면 겜할맛 확떨어진다 운영즘 제대로 해라,1,1,2025-11-19T13:30:49+00:00,
genshin,원신,3e938d26-c3ca-4ce8-926b-c958cf2ec573,항상 잘되길 응원할게요.!!ㅎㅎ,5,1,2025-11-19T06:00:51+00:00,
genshin,원신,be2a233a-223c-44ec-a6b5-231e9aeaed27,"1.5때부터 하루도 쉬지않고 하다가 지친유저입니다. 메인 스토리가 점점 방향성이 흐려지고 스토리에서의 캐릭터들간의 상호작용도 적고 유저의 상상에 맡기는게 큰 것 같습니다. 얼굴도 비슷한 Npc가 메인이 되어서 심부름하거나 별로 궁금하지 않은 과거만 얘기합니다. 예를 들어 호두와 종려가 스토리에서 상호작용하는 모습이 궁금한데, 그런 장면은 거의 없고 가끔 큰 이벤트때 캐릭터들끼리 수다 떠드는게 전부뿐이라 아쉽습니다. 참신한 소재와 떡밥, 설정등 많지만 스토리에 녹여드는 것들은 적고 떡밥은 늘어나지만 풀어지는건 적고 ..떡박은 몇 년 기다렸지만 방치되어 보이더군요. 폰라인 제외하고 탐사도 전부100%. 히든퀘스트 캐릭터 퀘스트, 마신임무 전부하고 신의눈도 폰타인 제외하곤 100%입니다만 가장 좋아했었던 게임이였는데.. 아쉽습니다.",1,23,2025-11-18T13:50:34+00:00,5.5.0_31400259_31451966
genshin,원신,e3a33b74-9525-41cc-a338-e0bbbee9fe2a,최근 복귀했는데 전투시 사운드 오류는 최근에 생긴건지 모르겠는데 몰입감이 떨어지네요,2,0,2025-11-17T17:27:20+00:00,
genshin,원신,f54dc7d0-f151-49a6-adf8-1ffdda82c696,아오 또!!!또!!!!!!!!!!!!!!!!! 레진을 써도 수련포인트 안 차서 옛버전처럼 일퀘 또 직접 돌아야 합니다 이번이 세번째인데 좀....빠른처리 부탁드립니다 불편하네요,1,2,2025-11-16T10:33:47+00:00,6.1.0_38157513_38357358
genshin,원신,e2f3ec86-a39d-4cf7-9b1b-97f7f534e52c,(이벤트 얘기만 하니까 게임 전체적으로 보고 평가하는 리뷰 보는걸 추천)이벤트 좀 쉽게 해주세요 원석을 잘 안주는건 님들이 잘 알지않아요? 좀 원석 줄거면 쉽게라도 주라고요 아니 6.1 이벤트 진짜 뭐 어케된거임? 내가했던 이벤트중에서 제일 스트레스 많이받음. 근데 그 스트레스 많이 맏아야 할거를 21스테이지 해야 원석을 몇백개 얻음. 아 님들도해보셈 그냥 저혈압 치료 쌉가능;;,1,26,2025-11-16T06:25:09+00:00,6.1.0_38157513_38357358
genshin,원신,031065d5-4a6b-4a51-a3da-f5b818ba1bad,맵핀 개수 늘려주세요ㅠㅠ 신의 눈은 그냥 디따 많은디..,5,0,2025-11-16T05:58:58+00:00,6.1.0_38157513_38357358
genshin,원신,92c32c91-4790-401b-b68e-6ec9ea74b30a,재밌음,5,0,2025-11-16T03:42:48+00:00,
genshin,원신,fa587952-357e-449b-b672-9c313da5b244,젤다와 비슷하면서도 다른 재미있는 게임이네요 폰 성능 보려고 시범삼아 해보는게 빠지게되었어요 다만 여행자가 모험레벨 15가 넘은 16이되었는데도 휘황 찬란한 다이아몬드 파편이 받아지지 않아 20레벨 너머로 레벨 초과를 할수가 없어요 이게 안되면 접어야 하는데 도와주세요,5,8,2025-11-16T03:15:33+00:00,6.1.0_38157513_38357358
genshin,원신,6ef19a5a-d0bd-41d3-a3d9-9fd6c391eb68,어제브터 계속 버그 때문에 못들어간다고 뜨던데 ps5랑 갤럭시 스토어에서는 잘돌아가는데 구글 플레이로 깐건 갑자기 안들어가집니다. 상황은 이래도 게임은 진짜 재밌는 갓갓겜,4,0,2025-11-16T00:39:24+00:00,6.1.0_38157513_38357358
genshin,원신,b442cd95-a92f-4ca9-8574-eff1aab8380a,재미있어요,5,0,2025-11-14T22:47:11+00:00,6.1.0_38157513_38357358
genshin,원신,8031b943-a88b-40ce-b555-a4a4f9cd72dd,"2년 전 시작하고 처음으로 서브컬쳐 게임에 입문하게 되었는데 생각보다 너무 재미있었습니다. 그렇게 원신에 시간을 쏟아부었는데, 그 시간들이 전혀 아깝지 않네요. 지금 제 캐릭터들을 보면 가끔 처음으로 돌아가고 싶을 때가 있습니다. 원소반응이고 뭐고 아무것도 모를 때, 그저 캐릭터 하나 가지고 일반공격만 써도 재밌었던 그 때가 그립네요. 원신이 서비스 종료하지 않았으면 합니다. 맵 제작하시는 분, 콘텐츠 기획하시는 분, 음악 만드시는 분, 마지막으로 지금 원신이 있기까지 힘쓰신 모든 분들 감사드립니다. 티바트가 영원하길...",5,433,2025-11-14T19:10:50+00:00,6.1.0_38157513_38357358
genshin,원신,5eef229a-fbaa-4cdb-8bbc-0d40e0a91bef,아주좋소,5,0,2025-11-14T17:18:12+00:00,6.1.0_38157513_38357358
genshin,원신,7ea3d9c1-4636-4c04-bbf1-91719c2efffb,확률조작겜,1,1,2025-11-14T12:09:24+00:00,
genshin,원신,c230ae9b-174d-4aeb-8039-4beb49ebc69d,스토리 스킵 버튼을 원합니다,1,1,2025-11-14T08:23:34+00:00,6.1.0_38157513_38357358
genshin,원신,dd230938-00f1-4216-a262-a682d76edfd8,"갑자기 오류가 생겼습니다. 어째서인지 캐릭터들의 스킬효과음이 자주 들리지 않습니다. 예를 들어 차스카의 E스킬에선 총알 장전하는 소리가 들리질 않고, 느비예트의 원소폭발, 종려의 원소폭발 효과음등이 들리지 않습니다",4,11,2025-11-13T23:46:29+00:00,6.1.0_38157513_38357358
genshin,원신,c6b942fe-67eb-436d-a014-6c816e4da877,100렙 확장에「원신은 돈벌 생각이 있나요」는 진짜,4,7,2025-11-11T15:19:40+00:00,
genshin,원신,fce6e253-d879-4bff-a2c2-fa7625a0295c,하..스토리 스킵 기능좀 만들어주세요 시간이 넘 아까움,3,1,2025-11-11T13:27:57+00:00,
genshin,원신,74c0fab3-12f8-4e7a-b5da-179d44b23ca5,소통불통,1,20,2025-11-10T13:00:23+00:00,
genshin,원신,f3890c83-08c1-43ac-a5b4-44a48b3ce734,일단은 좋은데요,5,0,2025-11-10T01:28:47+00:00,6.1.0_38157513_38357358
genshin,원신,8d97210a-29cf-4dc1-bdaa-09832930ca07,내 인생 최고의 게임,5,0,2025-11-09T11:33:55+00:00,6.1.0_38157513_38357358
genshin,원신,418389b3-aa0d-481f-8c1c-3f51e264628e,캐릭터 하나 뽑는데시간 개많이걸리고 버그 개많음 노가다 좋아하면 하셈,3,1,2025-11-09T02:38:44+00:00,6.1.0_38157513_38357358
genshin,원신,c2d7ce97-68ca-41b2-8421-86e331306e7d,픽뚫 그만좀 느비 157 치고 푸리나 120에 안나오니까 하고싶지가 않다 내가 픽뚫 계속 당하면서 돈쓰고 할정도면 강추,1,1,2025-11-08T13:39:09+00:00,4.6.0_22174900_22378599
genshin,원신,0a9fbcdc-fef6-4830-a6cb-d72696c1f469,재밌어요,5,0,2025-11-08T07:41:05+00:00,
genshin,원신,085f36bb-51be-498c-b895-e252eaf42e09,굿,4,0,2025-11-08T03:04:20+00:00,6.1.0_38157513_38357358
genshin,원신,c3379181-7e8c-4013-a320-444e0209713e,환상적인 힐링게임,5,1,2025-11-07T12:25:55+00:00,
genshin,원신,d8aa1cf0-f24d-4f54-86c3-4aea2f19edd9,별바다 삭제 좀,2,2,2025-11-07T06:39:39+00:00,6.1.0_38157513_38357358
genshin,원신,7ac24d1e-90f1-4bb0-bdb5-f46a95aefcd6,신이 멀리 있으면?원신ㅋ,5,0,2025-11-06T23:54:23+00:00,
genshin,원신,94adf127-6952-41b3-b718-14a76a8b9b7a,재미있음.,5,0,2025-11-06T10:27:11+00:00,6.1.0_38157513_38357358
genshin,원신,b9019187-5bf6-474b-b486-f22cfe9f6a4e,별바다? 그거 빼고는 재밌습니다! 사실 안 하긴했어요... 저랑 안 맞아서.. 그으래도 다른건 재밌어요! 용량이 크다는거랑 렉이 조금 걸리는건 그렇긴한데 그래도 진짜 재밌게하고있슴다!!,5,2,2025-11-05T16:27:30+00:00,6.1.0_38157513_38357358
genshin,원신,ba6e6e18-1843-44df-96af-4b8935aa068d,그냥해볼려구요,5,0,2025-11-04T10:58:45+00:00,6.1.0_38157513_38357358
genshin,원신,43ce9e62-49d3-459a-98c9-3666be6a6286,2년 전까진 매일 1시간 정도는 시간내서 하던 게임인데 이젠 일퀘 하는것도 스토리도 탐험도 가챠도 재미없음 그래서 나온 별바다도 솔직히 미니게임 이벤트 미만임,1,3,2025-11-03T13:40:19+00:00,6.1.0_38157513_38357358
genshin,원신,9f13c099-11ae-4535-9cef-bcd6f019836d,재미는있네요,5,0,2025-11-03T12:33:06+00:00,6.1.0_38157513_38357358
genshin,원신,169a0b0a-7c54-4346-bbe9-051f4b6c98b3,확률 좀 제발 올려주세요,1,0,2025-11-03T07:26:20+00:00,6.1.0_38157513_38357358
genshin,원신,550f2d6a-9d67-426e-91c5-5484d7943e6f,할만한데 붕스처럼 한달에 10개씩 뽑기주는 출첵좀..,4,4,2025-11-03T06:25:18+00:00,6.1.0_38157513_38357358
genshin,원신,6674ba2e-7dbf-42be-933b-f11386525e01,수메르 세대(86) 부터 나타에 이어 노드크라이 까지 잘 즐겼는데 이번 업데이트는 답도 없네. 여태까지 잘 만든 이벤트 캐릭터도 아니고 생전 본 적도 없는 별세계 인형들 가지고 놀라고? 이딴 상시 컨텐츠 추가에 용량 늘어난게 열 받는다. 요즘 캐릭터들은 옛날만큼의 매력도 못느끼겠고 스토리도 아쉬운 마당에 왜 주력 컨텐츠를 등외시하고 보조 컨텐츠로 돈 뽑아 먹으려고 하는지 이해가 안간다. 전혀 원신답지도 않고. 모르겠다. 이젠 더이상의 애정이 느껴지지 않는다. 스스로 망조의 길을 선택하겠다면 기꺼이 인정하겠다. 마지막으로 친구만 도와주고 갈란다.,2,14,2025-11-03T04:33:52+00:00,4.0.0_16983586_17100363
genshin,원신,0a053ed0-3558-4b59-a544-722a5ebe3ba3,공월이후로 다른게임,5,10,2025-11-02T16:53:38+00:00,
genshin,원신,d583bb1a-ceed-457c-8519-1a22ac61ec00,좋(같)다,4,0,2025-11-02T14:41:48+00:00,6.1.0_38157513_38357358
genshin,원신,543c2b98-f644-4a00-bec0-251244ea9cbe,용량이 갈수록 어마무시해지네,5,5,2025-11-02T14:34:35+00:00,6.1.0_38157513_38357358
genshin,원신,7f687aed-0518-402f-b7c7-b130b33b8e5d,제밋어요게임도 제밌고 정말정말제밌는 게임입니다,5,0,2025-11-02T11:31:04+00:00,6.1.0_38157513_38357358
genshin,원신,dc3969bc-0db3-4e19-9bc5-2cfb5ed3444e,3년차 유저 입니다.. 원신 없인 살 수 없는 몸이 되버렸어요..,5,1,2025-11-02T09:11:41+00:00,6.1.0_38157513_38357358
genshin,원신,011b6bd7-9a79-4fc2-ad1b-ecd3a9a0d848,갓겜,5,0,2025-11-02T02:09:58+00:00,1.5.0_2574575_2578841
genshin,원신,c4cd119b-b8d4-4bae-816a-4d9244294fcf,"캐릭터 키우는 맛은 재밌지만 세계관은 방대하고 세세한데 막상 스토리는 세계관의 손바닥 어딘가에서 놀아나는 느낌 쓸데없이 방대한 세계관에 비해서 많이 유치한 스토리 또 스토리 라인이 깔끔하지 못해서 다하려면 눈부터 찌푸려짐 차라리 스토리를 메인스토리랑 메인스토리에 영향을 안주는 각각의 캐릭터스토리 이렇게만 내고 더 이상 안건드렸으면 좋겠는데... 뭔 쓸데없는 성유물, 무기 스토리에 억지로 세계관을 우겨넣질 않나... 정말 각 캐릭터를 좋아하는 사람이 아니면 스토리를 전부 이해하며 보긴 어려움 결국엔 스토리는 버리고 캐릭터 육성 재미만 봄",3,10,2025-11-01T12:22:27+00:00,6.1.0_38157513_38357358
genshin,원신,50071c02-db31-4eed-859c-8f9cec92acbf,겜은 아기자기하고 좋은데 편의성이 구려서 자주 접네요,2,2,2025-11-01T11:32:58+00:00,
genshin,원신,f0b398cb-7d1c-477b-95f7-e95226960295,"나타때부터 급격하게 인플레가 심해졌어요..기존캐들은 버려졌고 이제 버전마다 신캐 뽑아야해서 ㄹㅇ 뼈빠집니다 그 버전 신캐가 있냐,없냐에 따라 엔드컨텐츠 클리어 여부가 달라져요 예전에는 기존캐들로도 우려먹고 깼다면 이제는 신캐들 몇달 쓰고 버리는 느낌이랄까요..스네즈나야때는 또 얼마나 인플레가 심해질지.. 인플레가 심해진다고 붕스처럼 재화를 팍팍 퍼주냐?? 그것도 아닙니다.. 재화 수급량이 전보다 확실히 줄었어요 제가 원붕유저인데 붕스는 금방금방 10뽑 모이는데 원신은 10뽑도 더럽게 안모여요..(참고로 본인 다 만렙에 모든 임무 탐사 100퍼임) 재화 수급량을 늘려주던지 인플레를 좀 조절을 해주던지..조치가 필요할거 같애요",2,6,2025-10-31T16:22:45+00:00,6.1.0_38157513_38357358
genshin,원신,73fe74d9-16f4-4a1e-bef6-5e34b88bda8b,스토리도 재밌네,5,0,2025-10-31T14:23:47+00:00,
genshin,원신,36e3cf60-f746-4dd3-8c4d-bd353120f609,(장점)무과금도 원석 열심히 모으기만하면 5성 뽑을수 있음. •자유로운 오픈월드임. (단점)하지만 원석 모으기에 어려움이 있음. •원소라는게 있어서 캐릭이없는 뉴비들이 힘듬,4,0,2025-10-30T16:19:56+00:00,6.1.0_38157513_38357358
genshin,원신,a186d156-5e2c-4eb0-9259-c9fe3f7465e6,가볍게 즐길수 있는 게임이었는데 점점 그 장점을 버리고 있는거 같아 아쉽습니다,1,0,2025-10-30T10:13:26+00:00,6.1.0_38157513_38357358
genshin,원신,76047986-63fc-4242-925f-704f11cab081,공월의 노래 들어와서 스토리 알차고 검열도 완화되고 역시 경쟁작이 있어야 달라진다니까,5,3,2025-10-29T08:11:22+00:00,6.1.0_38157513_38357358
genshin,원신,5849e02c-2550-4f0b-ba13-5e25b2bfbc60,표절이 너무 많고 스토리는 구멍이 군데군데 많이 나있고 남캐와 여캐에 대한 검열이 너무 차이가 많이 나고 게임사와 유저 간의 소통이 전혀 없는 게임입니다. 원신 ugc 공식 X 계정에 봇으로 팔로워 늘리려다 계정정지까지 당하시다니.. 정말 대단합니다.,1,17,2025-10-29T04:59:51+00:00,3.8.0_15672274_15939604
genshin,원신,bd714303-d4f2-45a8-82c5-e58eeffe5525,내가했던 게임중에 돈을 가장 많이 처발랐는데 게임 편의성이 그지같음 제발 사이드 퀘스트만이라도 스킵할수있게 만들어줘라 너무 쌓여서 할 엄두가 안남,1,3,2025-10-28T14:45:11+00:00,3.2.0_10872902_11078128
genshin,원신,4c493492-42c2-4e6a-bd33-c8ea9ac3cf70,"원신은 완벽한 게임이 아닙니다 여러가지 단점도 많고, 뻔뻔하고, 유치하고, 오래됐죠 하지만 여전히 원신은 훌륭한 게임입니다 다른 경쟁작들이 나오고 나서는, 원신이 제공하는 모험과 경험의 가치들을 더 쉽게 느낄 수 있게 되었습니다 그것들이 나쁜 게임이라고 말하고 싶지는 않습니다만, 원신은 ""진짜 모험""을 선사합니다 우리들이 항상 ""어드벤처 게임""을 하는 이유죠 원신의 본질은 어드벤처 게임이고, 또한 훌륭한 어드벤처 게임입니다 단순한 가챠 캐릭터모음 게임도, 액션게임도 아닙니다",5,8,2025-10-28T12:34:27+00:00,
genshin,원신,0eb837af-7f90-4763-8731-3c9bc5995571,새로 생긴 별바다 다 좋은데 경쟁전이 강제되는건 너무 마음에 안듭니다. 그냥 즐기고 싶은데 경쟁 관련 퀘스트만 여러개 넣어둬서 강제로 경쟁전을 하며 스트레스를 받게 되네요.,1,0,2025-10-28T12:34:16+00:00,
genshin,원신,8bc3e49a-d68e-48c1-a9c8-c2f902584187,"캐릭터가 공격할때 효과음과 기합이 않들려요 음소거처럼, 예를들어서 칼소리나 얍! 이런소리들이 전에는 들리더니 저번부터 들리지않네요. 특히 라이덴이요.",2,0,2025-10-28T09:09:52+00:00,6.1.0_38157513_38357358
genshin,원신,fac6e9c9-23c4-48e0-a0fb-e473e76fddb7,♡♡,5,2,2025-10-28T08:49:01+00:00,6.1.0_38157513_38357358
genshin,원신,aab83ca4-8bc3-4794-9a20-c9ff6f980f46,업데이트 이후로 효과음과 소리가 안들려요...,1,1,2025-10-27T15:58:20+00:00,6.1.0_38157513_38357358
genshin,원신,04a11dd0-d208-4f9e-a048-81cbf9652431,스토리 강제성에 스킵불가라 진심으로 미치겠다. 이러다 스트레스 쌓이면 그만둘것 같다....,1,3,2025-10-27T14:59:11+00:00,6.1.0_38157513_38357358
genshin,원신,89267272-f387-415a-b8f3-d7664bc92f7c,컴터로 하셈 ㅋㅋ,3,0,2025-10-27T14:42:29+00:00,
genshin,원신,7b33b286-2ce8-4deb-81f9-1b90ded2dcee,노잼 됨;;,1,1,2025-10-27T05:40:39+00:00,6.1.0_38157513_38357358
genshin,원신,34438e4d-9703-469e-b869-39cbe1817118,저장공간이나 차지하는 이상한 커마; 진짜 별로임,1,0,2025-10-26T13:26:09+00:00,4.5.0_21307647_21321795
genshin,원신,09ddeda4-70b7-471e-bbaf-ec93bc98d11a,재밌다,5,0,2025-10-26T13:19:29+00:00,6.1.0_38157513_38357358
genshin,원신,c93685f8-321d-40c9-9e27-897c24e67b7c,midliastra wondershit,1,0,2025-10-26T09:08:47+00:00,2.8.0_7997424_8078355
genshin,원신,1e884344-f1c7-43b0-9bb3-97ba8bacafc1,힐링할려 하는게임인데 4연픽뚫은 선넘지 않소?,1,2,2025-10-26T08:13:45+00:00,6.1.0_38157513_38357358
genshin,원신,e89f77fc-e0fb-4e9c-9eb7-4c7bb65d2e8f,"6.0 업데이트 이후로 스토리 컷신과 조연 캐릭터 퀄리티가 대폭 개선되었으며, 보상도 이전 버전과 다르게 2~3배 이상 얻을 수 있었음. 올해 고3이라 많이 플레이 한 적은 없지만...내년에 열심히 해주마...!",5,9,2025-10-26T06:51:50+00:00,6.1.0_38157513_38357358
genshin,원신,04fafef2-1b27-4ffd-bf72-86b68de42e85,기분나쁠 때도 많지만 놓을 수가 없는 게임,5,0,2025-10-26T05:34:57+00:00,6.1.0_38157513_38357358
genshin,원신,11b9811b-0f15-4640-9ccf-d81019ea1ff2,이 게임은 유저랑 전혀 소통하지 아니하며 개선이 안됨,5,0,2025-10-26T04:04:46+00:00,
genshin,원신,cf244e1e-d729-464a-9278-57bee43009e3,5성이 안나와요,3,0,2025-10-26T03:00:30+00:00,5.5.0_31400259_31451966
genshin,원신,a6d82d25-dc9d-48ce-9f26-a9b7b82bed47,뽑기확률극악,1,0,2025-10-25T12:40:19+00:00,6.1.0_38157513_38357358
genshin,원신,5bf289ea-c7e0-44db-aa2f-e0b9cd1091d8,특정 캐릭터 없으면 딜이 안나오는 구조가 말이 됩니까? 2.0 버전까진 캐릭터가 국가/소속에 제한받지 않은 채 파티가 자유롭게 편성이 가능했습니다. 근데 3.0버전부터 풀 원소 캐릭터만의 매커니즘이 생기기 시작하더니 5.0부턴 아예 특정 매커니즘을 지닌 캐릭터가 아니면 쓰질 못하게 하네요? 이젠 신캐에 그치지 않고 구캐릭까지 소속을 부여시켜 파티를 제한하려 하는 모습이 너무 우습습니다. 심지어 구캐릭은 얻기 더 어려운데 말이죠. 호요버스의 다른 게임인 붕괴 스타레일이 비판받던 이유 중 하나가 가장 중요한 서포터의 역할이 파티마다 제한되어 인플레/뽑기 유도가 너무 심하단 이유였는데 어째서 원신까지 그 길을 걷고있습니까. 뽑고 싶지도 않은 캐릭터의 포지션을 억지로 끼워맞춰 뽑게 만드는 구조의 의도가 너무 빤히 보이네요. 접습니다.,1,183,2025-10-25T08:40:24+00:00,4.7.0_23093867_23435602
genshin,원신,7439c347-5763-4500-96c3-edd6b3549d03,게임 좋아요. 근데 도대체 왜 계정 복구가 안 된다는 건가요??? 고객센터에 문의해도 뭔 처음 접속한 날짜를 쓰라고 하지를 않나 문의 넣고 하라는 대로 다 했는데 제대로 처리된 게 없네요. 다시 하려고 계정 새로 팠는데 하다가 현타 와서 그냥 다시 지웠어요. 게임은 좋은데 고객센터가 엉망이네요.,2,2,2025-10-25T07:46:08+00:00,
genshin,원신,fd14ee10-9eef-4618-b8f5-2beceabdf245,최애겜이여서 이대로만 가면 섭종할때까지도 할 수 있을거라고 생각했는데.. 그냥 다 실망입니다.. 뭐 너무 많아서 전부 다 지적하기도 힘들어요..,1,6,2025-10-25T04:23:24+00:00,
genshin,원신,daad43e6-8ac8-4a41-a30f-5297518a63a5,노드크라이 레전드,5,125,2025-10-24T17:08:16+00:00,5.1.0_27118081_27297621
genshin,원신,39a81818-beef-465a-8db0-b00c5e8759f4,컨텐츠가 방대하고 모바일 게임중에선 탑티어 인듯,5,0,2025-10-24T14:29:33+00:00,6.1.0_38157513_38357358
genshin,원신,808089a5-9dfd-4dd3-8849-f46a0106db20,so perfect and i like this game 😍😍😍😍😍😍👍👍👍👍👍👍👍👍👍👍👍👍👍❤❤❤❤❤❤❤❤❤❤❤❤❤❤💙💜🖤,5,0,2025-10-24T13:53:58+00:00,
genshin,원신,372452bb-d9de-4a93-b390-580bace55278,"원신은 여러캐릭터들과 신캐릭터가 있는데요.그리고'마신임무','전설임무'등등 임무가 많습니다.그리고 원석이라는 뽑기재화는 현질을 하면주는 '창세의결정'으로도 얻을수있습니다.픽업뽑기 캐릭터와 상세뽑기캐릭터가 존재하고4성,5성이 있습니다.여러분도 원신을 즐기시고,원하는 캐릭터를 뽑으시길 바랍니다!",5,50,2025-10-24T10:07:36+00:00,6.1.0_38157513_38357358
genshin,원신,06cd681d-8f70-41fe-be1d-08b035fdcf82,남캐 픽업만 계속 내서 접음 ㅅㄱ,1,0,2025-10-23T20:37:23+00:00,4.1.0_18054760_18121248
genshin,원신,5933d747-4629-49c0-a0d7-b3275f1d7ab4,다운 거이 2시간 넘게 걸린듯.. 다운 이리 오래 걸리는 게임 처음 봤어요. 듀토도 너무 길고 수동 하다가 귀찮아서 겜삭. 간편하게 즐길 게임은 아니라는게 딱 느껴짐.,1,0,2025-10-23T14:19:33+00:00,
genshin,원신,e9a3cc85-a011-4df3-b918-1fdf785ac2c5,"우선 캐릭터 디자인 좋구요..나날이 발전합니다👍 게다가 항상 성우님들이 캐릭이랑 잘 맞아서 보는 내내 집중이 잘되요~ 근데 몇몇 서브미션에서는 더빙이 없다는게 아쉽ㅠ 원석은 현질이 아닌 이상 모으기 힘들긴 한데, 그래도 매일 가서 일일 미션 다 하면 4~60개 정도 맨날 줍니다. 그러니까 4일정도 가면 인연 하나 준다정도? 그건 진짜 좋은 거 같구요, 항상 신캐 나오면 픽업해주는 것도 좋은 듯 합니다 ㅎㅎ 가끔 렉이 심하게 걸리거나 비매너 유저가 월드에 참여하는 일이 일어나긴합니다. 그리고 가끔가다가 '다운로드 너무 오래 걸린다/메모리 너무 많이 먹는다' 는 분들이 계시는데, 캐릭터 여러가지에 디자인도 하나하나 다 다르고 맵도 광활한 오픈 월드에 미션에 다르게 들어가는 텍스쳐 생각하면 저는 이해 되기도^^ 뉴비분들 주의할 점은...모험 레벨 돌파 미션 성급하게 깨지 마세요. 오히려 몹들이 너무 강해져서 애먹습니다..제가 그래요ㅠ 지금 후회하는 중이니 뉴비분들 조심...!!!",5,97,2025-10-23T14:06:49+00:00,6.1.0_38157513_38357358
genshin,원신,fab31c0c-3432-4d87-ab53-ce6ae4cf6dbf,굿,5,0,2025-10-23T12:29:56+00:00,
genshin,원신,b3bdcf9b-b9b4-4788-962c-7e2b41aaec11,나 왜 기기가 호환이 안된다고 나와있음...?나도 공월의 노래 하고싶음!!!!!,5,0,2025-10-23T10:54:17+00:00,
genshin,원신,643d6695-cf30-4c25-8945-7d55aa5d748b,"업데이트가 카톡마냥 흐름을 역행하고있음. 별세계는 진짜 불필요하고 과한, 있어도 안 쓸 기능인데 왜 넣어서 앱을 무겁게 만들었는지 모르겠음. 그리고 이번 마신임무 2개 하는데 6시간 소요됨ㅋㅋㅋㅋ 필요없는 스토리가 70%고 뜬금없이 네페르 전설임무가 들어가있는데다, 끝나도 끝난 게 아니고 계~~속 대화가 이어지는데 사람 미치는 줄 알았음... 최악의 마신임무에 보스잡는 것도 노드크라이 캐릭터 무리하게 넣다가 모기딜밖에 안 나와서 한 세월 걸림. 진짜 최악이에요 게임하다 처음 졸아봤습니다~~~",1,49,2025-10-23T09:44:40+00:00,6.1.0_38157513_38357358
genshin,원신,bbecdeb1-a98a-479c-826f-812c0e0314fd,재밌네요 친구들이 많이해서 해봤는데 좋은것 같아요 하지만 원석 모으기가 좀 힘들네요,4,1,2025-10-23T08:47:14+00:00,6.1.0_38157513_38357358
genshin,원신,6de25681-9f3f-41df-8e21-d04ec476f4b2,스토리 스킵 만들어주세요,2,0,2025-10-22T16:11:33+00:00,
genshin,원신,86d5754a-ca97-40dd-bda0-50656d16d478,호요버스 이상한 업뎃으로 돈 벌 수작 부리지말고 원석이나 뿌려,1,6,2025-10-22T16:06:19+00:00,6.1.0_38157513_38357358
genshin,원신,4988f321-4514-4152-8a19-ee6eb85bee8f,ㅎㅏ 노드크라이 까지는 딱 좋았어요 근데 갑자기 딴 월드 세계를 만든다고 하면.. ㅎㅏ 낭만 게임 이였는데 낭만이 줄어듬,3,0,2025-10-22T15:30:00+00:00,6.1.0_38157513_38357358
genshin,원신,68e29e91-9805-490a-957f-98845ed3dede,게임이 질리고 유저들 연령층이 낮아서 짜증남 재밌는 컨텐츠 좀 더 만들어주세요 감 다 잃었네 소루미 좀 그만 밀어줘 적당히 해라 좀,1,2,2025-10-22T13:19:08+00:00,4.8.0_24603909_24822834
genshin,원신,16021a89-ade5-4c55-a8a0-2673b4551086,"전 원신을 좋아하며 2년정도 된 유저입니다. 꽤나 돈도 지르며 폰타인때부터 시작했었죠. 하지만 이제는 지칩니다. 이번에 업데이트된 별바다 세계는 기존 원신과는 맞지 않다고 생각합니다. 솔직히 말하자면 나타때부터 유아용 게임을 노리는 듯 보였습니다. 우정, 사랑등을 압세우며 전쟁의 나라,나타답지않은 모습들을 많이 보였습니다. 그래도 참았습니다.캐릭터들의 모습은 괜찮았고, 지방전설등 꽤나 재미있는 모습들을 많이 보였으니까요.하지만 이제는 모르겠고 지칩니다.별바다 세계는 기존 원신의 스토리와는 맞지도 않으며,캐릭터들조차 개성있지 않습니다.그저 과금유도만 심한, 흔히 말하는 리니지류의 게임이 되어가고 있다고요. 전 이제 원신에게 끌리는 무언가를 느끼지 못하겠습니다.같은 호요버스의 붕괴 스타레일은 스토리와 캐릭터도 잘나온더러, 젠존제는 캐릭터도 개성있고, 스토리도 이제 괜찮아졌습니다.하지만, 원신은 어떻습니까? 이젠 캐릭터도 개성없어졌습니다.이제 원신은 망해가고 있습니다. 원신을 구해주십시오",1,387,2025-10-22T13:10:45+00:00,6.1.0_38157513_38357358
genshin,원신,c7383f28-bd3b-484d-b02a-f98f34136455,겜이 참 좋고요 스킵기능이랑 원석좀 많이 줬음 젛겠어염,5,3,2025-10-22T12:36:05+00:00,5.2.0_28336591_28351161
genshin,원신,7a9cb654-fe11-486d-8c1f-2f3480eb3e47,렉은 있지만 난 재미로 플레이 한다.,5,0,2025-10-22T11:22:09+00:00,
genshin,원신,5a08683e-ee9a-49d4-a170-9a150d1b55bb,이러니 저러니해도 원신이 최고다...,5,0,2025-10-22T11:11:43+00:00,
genshin,원신,cf8d347b-506e-4960-bba5-5d36b4da6028,이거 게임 재밌는데 몬스터 솔직히 너프시켜 주세요 무과금 안 하고 재밌게 플레이 불가능 하니 깨기 힘듭니다,5,0,2025-10-22T10:58:10+00:00,5.4.0_30057195_30231699
genshin,원신,288df829-b37a-416c-a09a-c54e16b75d83,진심 개재밌어용 스토리도 진짜 좋고 캐릭터들도 멋지고 잘생기고 이쁘고 귀엽고 다하네용 몬스터 때릴때 타격감도 좋아서 진심 넘 재밌어용,5,0,2025-10-22T10:53:22+00:00,6.1.0_38157513_38357358
genshin,원신,79f4fb53-7c33-43ba-92e2-a99017ef1446,"지맥 제압전 부터 본격적으로 유저 부담 확 높이고 경쟁게임 피해서 왔더니 인게임 경쟁 추가시키고 유즈맵 긍정적 검토 운운하고 관련 소식 하나도 없다가 pvp강제 다인 강제 현질 붙이고 거기다 캐릭 뽑을 여건 부족한 무과금 유저에겐 사실상 캐릭풀 증가 &육성 때문에 유즈맵 강제로 플레이하고 레벨링해야하고. 그 와중에 비매너, 티밍 유저 제재. 예방조치는 또 일절 없고.",1,0,2025-10-22T10:36:22+00:00,6.1.0_38157513_38357358
genshin,원신,199a4e5b-dc8b-4cdb-a919-edd48dbbc2b4,여행자 성별 바꾸게 해주세요 제발ㅜㅜ,3,0,2025-10-22T10:36:16+00:00,5.4.0_30057195_30231699
genshin,원신,51ab2294-7769-4a0e-ba95-3d778e63d533,돈을 안 벌고 싶어 (과금BM을 내세우며),1,0,2025-10-22T10:21:58+00:00,3.4.0_12498014_12591909
genshin,원신,aa533230-0ed8-40e7-a829-593114a19d76,스토리 스킵좀 만들엉 주시죠 대사는 점점 길어지고 화병날거 같네요 스토리는 보고 싶으면 따로 볼사람만 볼수있게 설정하고 임무만 깨고 싶은 사람은 스킵 버튼 눌러서 임무진행만 힐수있게 해주시죠 진짜 지역을 이동할수록 스토리 서사만 길어요 请跳过故事情节吧。 台词越来越长了 感觉要发火了 剧情设置成想看的话只能单独看的人看，只想打破任务的人可以点击跳过按钮进行任务。 越是移动地区 故事情节越长,2,1,2025-10-22T09:26:08+00:00,6.1.0_38157513_38357358
genshin,원신,0ccd05d2-c3c6-40ed-8ba0-07d34efdc71f,나쁘지 않게 조금씩 나지고있는 시스템등등,5,0,2025-10-22T08:27:14+00:00,5.1.0_27118081_27297621
genshin,원신,bc209bbb-3f36-402d-a2e1-561039418b3a,요즘폼미침 캐디좋음 신규컨텐츠내는거보면 아직 살아잇긴함 근데 모델링개선 성능as는 언제해주냐고!!!,4,0,2025-10-22T08:26:58+00:00,
genshin,원신,93320d81-df7a-4287-90ea-a6cef0146bf5,제 인생 최고의 게임입니다 원신을 하는 것이 제가 살아가는 이유가 되버렸어요 그만큼 저에겐 별점 100점의 게임입니다!,5,1,2025-10-22T07:58:07+00:00,5.1.0_27118081_27297621
genshin,원신,3ff3dfe1-2b4f-42e8-9d89-6469a7d3c74c,반천인데 네페르 나오면 나보고 그냥 죽으라는거네,5,5,2025-10-22T07:34:56+00:00,6.0.0_36598533_36939763
genshin,원신,857c6647-e89a-4908-bf3f-4fea976bee0c,100랩 치워라,3,4,2025-10-22T06:43:01+00:00,5.8.0_35245262_35356052
genshin,원신,732e0a0b-abd5-4d12-906d-e99b930f330e,픽뚫 진짜,1,1,2025-10-22T06:05:28+00:00,
genshin,원신,50f0cf6f-1f07-4e90-9d96-b4e76170c79a,그래서 버그가 뭔데 그지깽깽이들아 근발자 수정본 아야랄 싸지르지 말고,1,0,2025-10-22T05:59:28+00:00,6.1.0_38157513_38357358
genshin,원신,0175c18a-acb6-4115-a956-3b4a7ffd39d0,우와,5,0,2025-10-22T05:54:54+00:00,6.1.0_38157513_38357358
genshin,원신,81a89d0f-0055-41c2-b1c5-5e177685b967,สนุกเกินคำบรรยาย💕💕,5,0,2025-10-22T05:44:54+00:00,5.2.0_28336591_28351161
genshin,원신,919251a7-bea1-418c-8792-bd9eb5563524,푸리나주세염,5,1,2025-10-22T02:38:35+00:00,4.8.0_24603909_24822834
genshin,원신,63ae4b04-066d-484c-bf27-3a7aac1d9c3e,갓 류웨이는 씹,5,3,2025-10-22T02:08:02+00:00,6.1.0_38157513_38357358
genshin,원신,d9b40916-e784-4b9c-acc2-e032ae115c85,다좋은데 스킨좀많이내줘라 사준다니깐,5,0,2025-10-22T01:30:21+00:00,4.1.0_18054760_18121248
genshin,원신,7313c66b-e61c-4587-a225-5baf4583f073,인생 걸었다 랑자야 사랑해,5,1,2025-10-22T00:02:11+00:00,6.0.0_36598533_36939763
genshin,원신,1a2b162b-c0e3-4bb6-8247-c1098398fe74,어우 용량때문에 설치가,5,0,2025-10-21T23:02:06+00:00,6.1.0_38157513_38357358
genshin,원신,ad23c8bf-d138-4ff4-886f-fe903c88f7be,"AMOO GENSHIN, es le mejor juego que he conocido. siempre quize jugar uno con estilo de anime etc 🥹🥹 aunque muchas veces no ganemos el 50/50 e no nos salga el personaje que queriamos es muy lindo, genshin te amo, nunkan lo borren 😎😎 que pro jejejej",5,0,2025-10-21T20:51:31+00:00,
genshin,원신,868999ea-88df-4a0a-9fe6-8b484badae0e,다 좋은데..제에엥발 스킵 좀 만들어 주세요 스토리 스킵!!! 붕괴 스타레일에는 있는데!!! 왜요?ㅡ,5,1,2025-10-21T10:53:45+00:00,6.0.0_36598533_36939763
genshin,원신,3f6c1b10-7fcc-49d4-af69-c315688d70a5,캐릭터 얻기가 좀 많이 힘듬,4,1,2025-10-21T08:49:40+00:00,6.0.0_36598533_36939763
genshin,원신,9df015c0-9942-4b12-8fac-b06548f9c32d,재료를 무슨 3일만 가능하게 해놓지 내 파티 겁나 부실해죽겠는데,1,0,2025-10-21T07:36:37+00:00,6.0.0_36598533_36939763
genshin,원신,428cf00b-58a0-44a5-98bc-74cca5d2863d,재미있어요,5,0,2025-10-21T01:58:18+00:00,
genshin,원신,e0f6a362-325d-4baf-b880-d4f857190617,무난무난한 서브컬쳐계의 국밥,4,7,2025-10-20T20:47:56+00:00,6.0.0_36598533_36939763
genshin,원신,b560a30e-8519-4006-9fdf-18ea0fceefe0,그냥 단단히 물렸다는 말 밖에 안나오네,1,0,2025-10-20T05:47:06+00:00,6.0.0_36598533_36939763
genshin,원신,60fc6624-7f69-49f5-b327-387260805527,"레벨 돌파용이나, 스킬 돌파용 재료는 일일 가능하도록 해주실 수 없을까요? 우리처럼 오래한 사람들은(벤티~라이덴쇼군 시대) 시작 당시 서로 도우며, 캐릭 선택을 양보하며 돌파했다지만. 지금 유입 중인 유저들은 스스로 해결하며 올라옵니다. 그런데 여기에서 문제가 발생합니다. 협동을 거의 안해왔던 그들이기에 파티조합에 대한 고민이 적은 플레이어가 너무 많습니다. 부디 선택적인 드랍을 할 수 있게 해주세요. 그럼으로서 언제든 해당 재료3종에 대해 원하는 파티 매치가 늘었으면 하는 바램이 있습니다. 우리로서도 이제는 요일제 드랍에 대해서는 너무 불편하기도 하고, 최근 출시 중인 캐릭터들은 더더욱 발빠른 대응을 하여야 하는 부분이 난제가 되어 가고 있으니 고려 바랍니다.",5,133,2025-10-19T07:35:38+00:00,6.0.0_36598533_36939763
genshin,원신,c0bdde31-f914-4720-a65b-5d3c16ceb102,1버전부터 해왔지만 파워인플레에 지쳐서 접습니다. 케주얼했던 그 시절은 다시는 오지않을거같네요.,1,2,2025-10-19T05:55:11+00:00,
genshin,원신,735e12f9-1594-422c-948a-8d6595b51973,only hutao,5,0,2025-10-19T05:16:17+00:00,6.0.0_36598533_36939763
genshin,원신,2bc2c634-fb64-4ce6-84d4-bbc59c5c44ed,7월엔 똥을 굳이 사먹을필요는 없었지만 10월인 지금 히스클리프 네놈을 잡기위해 내가다시 돌아왔다.,1,1,2025-10-18T15:28:47+00:00,
genshin,원신,2375e31f-dd64-4ae0-ba4c-0b880861f6e2,뉴비인데 생각보다 너무 어려움...ㅋㅋㅋㅋㅋㅋㅋ뉴비에게 리를 빗 불친절한 게임,3,0,2025-10-18T13:20:51+00:00,6.0.0_36598533_36939763
genshin,원신,286cf0e6-0145-4d47-a124-c19edb1c054e,다운로드가 왜 이렇게 오래걸려요?,1,0,2025-10-18T07:27:34+00:00,6.0.0_36598533_36939763
genshin,원신,70c5f379-42af-4961-8381-63ef5659871f,사랑함,5,5,2025-10-18T05:31:27+00:00,4.4.0_20481013_20559831
genshin,원신,7a8e9369-a0fb-4c5d-9995-377e6eeec988,원ㅋ신은ㅋㅋ돈ㅋㅋ벌생각이z있는거얔?-ㅋㅋ,1,2,2025-10-18T05:20:11+00:00,5.3.0_29183395_29332470
genshin,원신,f177da43-e60b-448a-81f7-125dfff7b0bf,"기껏 돈 써서 캐릭터 돌파시키고 전무 줘봐야 1년 뒤에 나오는 애의 반 수준이고. 애정캐를 쓰고 싶어도 딜 인플레 때문에 쓰질 못함. 탐험도 이나즈마까진 다양헌 캐릭터 쓰고 재밌었는데 이젠 마비카 딸깍,키니치 딸깍 이러니까 재미도 없고 구캐릭 상향이나 리메이크 시켜주면 좋겠음.",1,6,2025-10-18T00:28:29+00:00,5.3.0_29183395_29332470
genshin,원신,9dde819d-918a-466e-ae2a-335ca8e81b79,존잼수바,5,0,2025-10-17T14:53:06+00:00,6.0.0_36598533_36939763
genshin,원신,fb80fed2-a81f-4265-88f5-ada653327523,연동 메일 안 오는 경우는 뭔 경우임,2,0,2025-10-17T07:42:35+00:00,6.0.0_36598533_36939763
genshin,원신,69dfdd55-2fa7-4fce-bf78-7015d14a23e5,푸리나 사랑한다!!,5,0,2025-10-16T14:01:45+00:00,6.0.0_36598533_36939763
genshin,원신,a0099e41-9275-4e68-8838-70e22cfd66ae,아... 진짜 완전 재밌는데... 먼저 장점! 그림체도 좋고 재밌습니다. 그런데 단점이.. 업데이트 하는데 오랜 시간이 걸립니다 물론 제 휴대폰도 문제가 있을 수 있지만 혹시!라도 조금 더 시간을 짧게 해주세요ㅠㅠㅠ,4,0,2025-10-16T11:06:43+00:00,6.0.0_36598533_36939763
genshin,원신,1f150072-8f1c-4c68-a7bf-89b874284e0b,별하나도 아까움 갈수록 캐릭팔아 먹으려 접대도 심해지고 이젠 기믹파해를 위한 특정 캐릭 안뽑으면 아에 잡지도 못하게 해놓음 돈벌 생각을 아주 미친듯이 하는 놈들임,1,4,2025-10-16T02:31:16+00:00,6.0.0_36598533_36939763
genshin,원신,4fbf74b4-5db1-4549-b82d-a27d2447a6fb,"지금 오류가 나서 들어갈 수가 없어요…도와주세요. 저 진짜진짜진짜진짜진짜진짜진짜진짜진짜진짜진짜진짜진짜진짜진짜진짜진짜진짜진짜진짜진짜진짜진짜진짜진짜진짜진짜진짜진짜진짜진짜진짜진짜진짜진짜진짜진짜진짜진짜진짜진짜진짜진짜진짜진짜진짜진짜진짜진짜진짜진짜진짜진짜진짜진짜진짜진짜진짜진짜진짜진짜진짜진짜진짜진짜진짜진짜진짜진짜진짜진짜진짜진짜진짜진짜진짜진짜진짜진짜진짜진짜진짜진짜진짜진짜진짜진짜진짜진짜진짜진짜진짜진짜진짜 들어가고 싶어요. 최애 보고 싶은데 볼 수도 없고, 진짜진짜진짜진짜진짜진짜진짜진짜진짜진짜진짜진짜진짜진짜진짜진짜진짜진짜진짜진짜진짜진짜진짜진짜진짜진짜진짜진짜진짜진짜진짜진짜진짜진짜진짜진짜진짜진짜진짜진짜진짜진짜진짜진짜진짜진짜진짜진짜진짜진짜진짜진짜진짜진짜진짜진짜진짜진짜진짜진짜진짜진짜진짜진짜진짜진짜진짜진짜진짜진짜진짜진짜진짜진짜진짜진짜진짜진짜진짜진짜진짜진짜진짜진짜진짜진짜진짜진짜진짜진짜진짜진짜진짜진짜진짜진짜진짜진짜진짜진짜진짜진짜진짜진짜진짜진짜진짜진짜진짜진짜진짜진짜진짜진짜진짜진짜진짜진짜진짜진짜진짜진짜 도와주세요.",2,0,2025-10-15T15:25:58+00:00,6.0.0_36598533_36939763
genshin,원신,c2b93782-0c6b-4f54-9d24-826565184597,3년만에 드디어 운영진이 날 바라봐주는건가 생각이 들었음... 오늘 플린스 전무로 플레이 하는데 일주일정도 고생해서 무기까지 뽑아준 보람이 있었다 생각들 정도로 재밌었습니다,5,2,2025-10-14T17:16:46+00:00,6.0.0_36598533_36939763
genshin,원신,fc7e64b5-caf9-4f8b-b3e2-148bdf241cf4,"2.5였던가 종려픽 때 시작해서 한 4년 한 것 같아요. 판타지풍의 자유도 높은 오픈월드에 귀여운 캐릭터, 콤보기술 쓰듯 열심히 누르지 않아도 다채로운 전투씬, 평화로운 bgm에 퇴근 후 게임하기 참 좋았습니다. 몬드, 리월, 이나즈마까지 탐험하면서 좋았어요. 동시대의 먼 나라들 풍경으로 납득 가능했고 쇼군이 좀 쎄긴 했지만 밸붕 정도는 아니었어요. 근데 수메르부터 살짝 이상했어요. 점점 원소반응에 복잡한 매커니즘을 추가한 나히다(만개 격화.. 단어가 생소해서 외워지지가 않음), 데히아, 닐루 같은 캐릭터들이 나오더니 급기야 폰타인은 시대배경 자체가 다른 게임을 가져와 욱여넣은 듯한 도시풍경, 나타는 갑자기 마비카가 선글라스에 집업 가죽재킷, 오토바이. 키니치는 픽셀 용을 달고다니고. 이제 스킬도 복잡해서 키보드질 치열해요. 롤하는거 같아요. 스커크까지 다키웠고 노드크라이..하.. 달이 어쩌고 저쩌고 하던데 첫 파란머리 캐릭 뽑아놓고 접습니다. 너무 고인물들만의 리그네요.",1,138,2025-10-14T16:45:03+00:00,6.0.0_36598533_36939763
genshin,원신,5554bd8f-7fa3-4d45-9293-3d69fa6f016b,최악 여성유저를 내다 버림,1,3,2025-10-14T16:31:08+00:00,
genshin,원신,85cfc125-5d80-4692-b8dc-9e66f2987904,재밌음 스토리가조음!,5,0,2025-10-14T12:43:04+00:00,6.0.0_36598533_36939763
genshin,원신,154507e0-646a-4a71-b1f2-88c2886695fc,게임 모험도 너무 좋고 힐링되면서 머리도 아픈 그런 겜 근데 스토리가 너무 좋고 캐릭터 모두가 매력이 있어서 너무 좋아요,5,0,2025-10-13T22:13:32+00:00,6.0.0_36598533_36939763
genshin,원신,84e2a197-1e47-4fdf-b9f9-36eb1b1562de,성장을 안 하는 게임,1,3,2025-10-13T09:27:10+00:00,
genshin,원신,82ddc3da-c82c-47c2-a467-b166f1dd38ce,그냥너무재밌어요,5,1,2025-10-13T08:05:36+00:00,
genshin,원신,e02cc5d7-cf1b-49f6-b124-78d68e9e57f2,재밌어요,5,0,2025-10-12T04:32:01+00:00,6.0.0_36598533_36939763
genshin,원신,dc3ecf51-e0d7-4a42-9959-162dcf2afa25,퇴보하는 게임,1,4,2025-10-12T01:03:50+00:00,2.7.0_6933856_6989239
genshin,원신,bd5246be-171a-4de7-a0bf-57c7527cef2b,원신은 돈을 벌 생각이 없는거야? (실제로 한 말 ㅋㅋ),1,1,2025-10-11T20:37:10+00:00,
genshin,원신,be1ff4d2-58d4-42fa-aeb7-ca0b093b14c8,캐릭 뽑기가 너무 빡세다,1,98,2025-10-11T17:53:06+00:00,6.0.0_36598533_36939763
genshin,원신,e8d404ee-75ef-4221-b60e-ef2c3f2df5c1,렉이 심하고 계속해서 팅겨요.,5,0,2025-10-11T14:05:49+00:00,6.0.0_36598533_36939763
genshin,원신,dd92d843-b964-4def-94bf-cffbb902990e,이거 깔자 마자 충전오류 뜨네여 그래도 굿!,3,0,2025-10-11T12:16:03+00:00,6.0.0_36598533_36939763
genshin,원신,b93dc072-4ba2-445c-ad12-769bcb52043b,5년 플레이 한 유저입니다. 처음 로그인 했던 이메일을 사용할수 없는 상황인데 게임에 로그인 하려면 처음에 사용한 이메일에 보낸 인증번호를 적으라 하더군요. 서비스 센터에 이메일 갱신 요청을 보냈지만 보내는 족족 계정을 확인할수 없다며 빠꾸 먹습니다. 5년 플레이 한거 다 날아가게 생겼습니다. 서비스 센터는 일좀 하세요. 이메일 한번 바꾸면 플레이 못하는 게임입니다.,1,13,2025-10-11T11:57:37+00:00,6.0.0_36598533_36939763
genshin,원신,540b64a7-9d94-4482-b22d-8ab82f8d74ce,계정 비밀번호 바꿨다고 계정 삭제 지원을 하지 않는다는게 말이 되나요? 계정 삭제할 수 있게 지원해주세요!,4,0,2025-10-11T10:32:22+00:00,6.0.0_36598533_36939763
genshin,원신,c411d1df-9d62-4a1a-b567-e259fa320681,겁나 재밌어요 지금 5성 꽁으로 줌,5,1,2025-10-11T04:13:24+00:00,6.0.0_36598533_36939763
genshin,원신,c396917c-f758-4e8f-8f0f-c7c262473040,이거 걍 젤다 따라한거아님?,1,6,2025-10-11T00:17:18+00:00,
genshin,원신,a8a5f817-2453-4eb7-83bd-86a342b92107,재밌게 플레이 하고있습니다. 그런데 몇칠전부터 원신 앱에 오류 발생 원신 앱에 버그가 있어 앱을 종료 했습니다. 개발자가 오류 수정본을 제공하면 앱을 업데이트해 보세요. 라는 창이 나오고 접속이 않됩니다. 오류 수정본은 어디서 제공 받을수 있나요? 부탁드립니다.,5,0,2025-10-10T23:26:06+00:00,
genshin,원신,4afc418e-0f22-4fe8-9363-e990d787f6fe,원신은 돈을 벌 생각이 없는거야?,1,3,2025-10-10T17:02:21+00:00,
genshin,원신,09d80f91-7deb-4558-9ab7-a5437e2e676e,가면 갈수록 삽질중. 점점 게임의 근본을 흔드는 업뎃만 함.,1,3,2025-10-10T13:42:19+00:00,
genshin,원신,1bd48279-d9d0-4525-a967-36348997c99c,"원신 2년플레이한 유저입니다. 잘보이라고 별5개한거에요. 실제론 별-5개 주고싶네요. 깔지마세요. 지금들어와밧자 무슨 코딩, 유즈맵, 창작캐릭터 생기면서 이제 픽업캐릭터랑 창작캐릭터의 차이가 없어요. 이제 제가 2년동안 돈50만원 쓰고 탐사도 전부100%찍고 월드퀘스트다깨고 모든임무 이벤트 최장400일 연속 출석 해가면서까지 제화를 모아서 뽑았던 캐릭터, 심지어 그냥 나오는것도 아니고 한캐릭터에 많으면 픽뚫5번(캐릭에2번 무기3번)날동안 캐릭터 단 하나건지면서 이 게임을 하는 이유가 뭘까요. 전 나름 제 계정을 잘키웠다고 생각해요. 그래도 이계정을 삭제하고싶어서 미치겟어요. 하지만 삭제하면 제 노력, 시간, 돈이 날아간다생각하니 무서워서 안하고있는겁니다. 재발 호요버스가 이 리뷰를 보신다면, 다시한번만 생각해주세요. 전 제추억이담긴 이 게임을 개속하고싶어요. 이제 노드크라이잖아요. 뒤에 더 여정이 남았잖아요. 여기서 원신이란 게임을 포기할 생각이에요? 다시한번 말할게요. 제고해주세요",5,29,2025-10-10T13:23:53+00:00,6.0.0_36598533_36939763
genshin,원신,015004aa-ec5c-48d9-8c61-5b0409768692,원신 이 친구는 버전이 지날 때마다 민심이 떨어지는군요...,1,2,2025-10-10T12:51:00+00:00,6.0.0_36598533_36939763
genshin,원신,d5b0504e-7d25-4ee5-adad-0ced848a8f2a,원신에 왜 마비노기를 넣는건데 진짜 원신은 돈벌 생각이 없다 ㄹㅇ 유저를 다 쳐내니,1,2,2025-10-10T12:37:33+00:00,6.0.0_36598533_36939763
genshin,원신,7c16b4d4-028c-4997-a9b8-bd6176bf5af4,별바다 세계 제정신이냐 호요버스. 이쁘게 만들고 사라고 하던가 디자인도 찰흙인형 같은데 뭘 하라고 만든거임. 돈에 눈돌아가서 진짜 아무거나 하는구나.,1,2,2025-10-10T12:37:14+00:00,6.0.0_36598533_36939763
genshin,원신,805c2a59-d560-4336-ad8b-41c9035c382e,100랩 제한 풀려서 뭔가 했더니 돈 수백만원 써야 100랩가능. 6돌파 하고 다시 3번 더 뽑아야하니 9돌파 ㅋㅋ 명함까지 총 같은캐릭 10번뽑는 호갱만 가능. 5년된 게임이 편의성 패치도 여전히 안하고 유저와 소통이 없습니다. 고객센터 문의하면 같은 매크로 복사붙이기 답변. 유저와 기싸움 하는 회사는 학을띨 정도로 처음봄. 그냥 갓게임 명조 하러 갑니다.,1,29,2025-10-10T09:09:55+00:00,6.0.0_36598533_36939763
genshin,원신,128be99e-16e0-4549-8a32-e7ffbe1d485d,초보자라서 재미있음,5,0,2025-10-10T09:00:16+00:00,6.0.0_36598533_36939763
genshin,원신,54a536ba-0c3f-4516-84f3-01f2bdb87ebf,게임 렉은 생기고 어제까지 멀쩡히하다 오늘 하려니까 튕기고 다른 호요 겜들은 잘 되고 붕괴3 젠존제는 잘 되고 원신은 버리는 겁니까?,2,0,2025-10-10T05:35:53+00:00,6.0.0_36598533_36939763
genshin,원신,dd7511e2-682d-471c-8412-24991718ecce,"하기 재밌고, 5성 하나만 선택하게 해주시면 좋을거 같아요",5,1,2025-10-10T02:03:20+00:00,
genshin,원신,0f025151-8077-457e-bfdb-13de7c54c89d,미호요 넌 손해좀 보자,1,0,2025-10-10T00:50:28+00:00,6.0.0_36598533_36939763
genshin,원신,7387ed52-63ac-4f67-b3aa-3551c540a700,아 어제까지는 접속안되는 버그 없었는데,1,0,2025-10-09T23:37:17+00:00,6.0.0_36598533_36939763
genshin,원신,42c46325-dff4-4a3d-87c2-f58fefe01be0,재밌네요,5,0,2025-10-09T15:31:52+00:00,6.0.0_36598533_36939763
genshin,원신,bf9db333-0db0-4354-8b24-908cf25257f1,"단점은 3개. 1.너무 어려운 원석 수급 2.너무 강한 적, 결정적인 3.극악의 5성 확률. 거의 5개월 동안 한 원석을 기원에 전부 때려박았지만, 5성이 안나왔다. 그리고 현타와서 접었다. 초반에 5성 확정뽑기라도 주던가. 그리고 확정5성 생기면 복귀하겠음. 그래도 나머지는 괜찮음. (수정) 처음에 5성 주는거 생겨서 왔습니다, 극악의 활륳은 전과 같지만 그래도 할만해졌네요.",4,7,2025-10-09T12:54:14+00:00,
genshin,원신,63c22ade-8420-4bfa-8869-5777a5ed513c,100 레벨 돌파에 뽑기 3개 업데이트는 정말 실망적입니다. 원신이 오픈하자마자 했던 유저로써 점점 재미가 없어지네요. 그리고 개발 과정이 어떻게 되는지는 모르겠지만 스토리 스킵이 그리 어렵습니까 유치하고 재미도 없는 스토리를 왜 강제로 봐야합니까. 원신의 매력은 오픈월드이지 유치한 스토리가 아닙니다. 오픈월드랑 벽타고 기어오르는 등의 자유로운 유저 경험이 최적화되어 있어서 시작했더니 뭔 카드게임이니 뭐가 자꾸 늘어갑니다. 종종 소과금을 했고 게임을 즐겼으나 점점 더 매력이 떨어지네요. 그리고 이전에 나온 캐릭터들도 좀 신경써주시죠,1,108,2025-10-09T11:47:25+00:00,6.0.0_36598533_36939763
genshin,원신,3d2a6089-8622-46c7-98a4-f720dcb21769,요즘 주변에서 많이 해서 다시 조금씩 하고있는데 확실히 재밌는것 같아요 딱히 어려운거도 없고 캐릭터도 잘뽑혀서 재밌게 즐기고 있네요,5,1,2025-10-09T08:38:46+00:00,6.0.0_36598533_36939763
genshin,원신,12ce7885-97e3-4381-b9f9-4a2174d86fa2,지금 원신 운명의 자리 풀돌 되어있는 상태에 캐릭터 뽑아야지 주인 없는 아이템 주어서 레벨돌파로 바꿔세요 안그러면 1점 유지 시키겠습니다. 1졈 주세요 플레이 스토어 일합니다 주인 없는 운명의 별 3개 지급 안 해주시면 평점 1점으로 나두겠습니다.,1,2,2025-10-09T07:09:30+00:00,6.0.0_36598533_36939763
genshin,원신,97220196-a08f-4f94-90c9-f694206a3d76,명조 딱,1,0,2025-10-09T06:55:28+00:00,
genshin,원신,9557852d-be8a-417c-882c-0577b57da426,"미운정으로 하는 겜 돈없고 시간없는 뉴비는 비추, 주년 시즌때 들어오면 5성캐 받을 수 있음",4,0,2025-10-09T05:42:42+00:00,
genshin,원신,95210be8-2927-4baf-8d56-ce918f6e5a94,"이 게임을 시작한지 보니 벌써 487일이나 되었더군요. 스토리가 여전히 기대돼요 지금까지 5년이라는 시간이 쌓인 스토리이다 보니 기대를 안 가질 수가 없었죠. 다른 분들도 마찬가지겠지만 저도 게임을 처음 시작한 그때로 돌아가 처음 시작했던 그 기분을 느끼고 싶어서 부계정을 여러번 만들어 봤지만 부족했어요 많이 스토리는 봤던거니 중요 포인트 외에는 귀찮아졌고 캐릭터 육성은 갑자기 또 귀찮아졌죠. 다시해도 귀찮은 이 게임을 계속하는 이유는 원신이 절 잡아두는 감도 없지 않지만 계속 반복되는 게임만 하다가 오픈월드라는 게임에 오니 너무 좋았어요. 몬드에 계속 있다가 리월로 이나즈마로, 수메르로 때때로는 연하궁 같은 지역까지 파 먹을것도 지역도 많아서 몇버전 만 버티면 돼서 사실전 안 질렸어요 물론 일쾌,선계,래진이라는 질리는, 끊을 수 없는 족쇄도 있었죠 하지만 그래도 나의 출시 임박에 최애를 위해서!는 필수였어요. 요즘은 스토리에 연출,표정이 다양해서 야호다가 너무매력 있게 다가왔죠",5,82,2025-10-08T19:53:07+00:00,6.0.0_36598533_36939763
genshin,원신,f8c0214a-18bb-4119-92b9-222f8e7cb48b,마 츠 직이네,5,0,2025-10-08T15:30:04+00:00,6.0.0_36598533_36939763
genshin,원신,3add09a9-f323-4772-ae03-adb5020712ec,나타부터 개노잼됌,1,2,2025-10-08T12:34:55+00:00,5.0.0_26041933_26161852
genshin,원신,213bd02b-31d3-402c-b274-7ad8ee220564,"안녕하세요 평소 원신을 재밌게 즐기던 유저입니다. 오늘 원신에 접속하니 56레벨까지 올려둔 계정이 갑자기 날아갔어요. 서버도 그대로고 계정도 바꾸지않았는데 말이에요. 3년간 모은 캐릭터,아이템 다날아가고 리셋된것같은데 어떡해야하나요",1,2,2025-10-08T07:37:46+00:00,6.0.0_36598533_36939763
genshin,원신,76d403cc-cb21-46ba-8309-bf58fa9fc1aa,원신 왜이러노 시작도 안되고 내 시간만 날림 아무도 하지마셈 진짜 저장공간 부족 하다고 하는것도 빡침 하지마셈 👎 그리고 이거 제작자가 이상함 이것 때문에 30분 날리고 이게 뭐노 제작자 ㅊㅇ 이게임 당장 삭제 해라 니 때문에 내 시간 날리고 정장 공간 부족 하다고 다 지우고 했는데 이 게임 혼자 얼마다 인터넷 먹는 거야 노잼에 아무것도 안되고 제작자 ㅈㅇㄹ 👎,1,2,2025-10-08T06:10:51+00:00,6.0.0_36598533_36939763
genshin,원신,3a59d70b-102d-433e-9183-9b24a36bb669,젠장 원신 난 니가 좋다,5,7,2025-10-07T23:46:55+00:00,6.0.0_36598533_36939763
genshin,원신,299732d8-04c7-4fd4-990c-05c30473e3f5,벤티,5,2,2025-10-07T18:53:56+00:00,6.0.0_36598533_36939763
genshin,원신,5f386f64-624f-4201-a5c1-7becafd24894,게임플레이는 아주 좋은데 오랫동안 방치해 놓으면 데이터가 사라져서 아쉽네요. 그래도 매우 제미있습니다,5,0,2025-10-07T10:43:10+00:00,
genshin,원신,d5552fc0-1702-4190-a648-7e4ea85fad87,오랜만에 하고있는데 재미있네요,5,1,2025-10-07T05:29:17+00:00,6.0.0_36598533_36939763
genshin,원신,165b320c-e1fb-481a-adbd-d33b4124ebd9,"다 좋고 스토리도 괜찮고 게임플레이에 대한 만족도도 좋은데 ㅈㅂㅈㅂ제발 원석을 더 얻을 수 있는 구조로 바뀌었으면 좋겠어요. 다른 게임들은 보석을 잘 줘서 하기 편하고 뽑기 확률도 적당해서 좋은데, 원신은 다른게임에 비해 원석 얻기도 겁나 힘든데 뽑기 확률도 극악이에요. 그냥 돈 쓰라고 만든 구조인 것 같아서 뽑기 할 때마다 정 떨어져요;; 게임 다 좋은데 이런 구조 때문에 가끔 뭐하는 건가 싶고, 그냥 너무 짜증나요. 아마 이런 부분에선 다 공감할 거라고 생각합니다. 무과금은 절대 살아남을 수 없는 구조에요. 원석 좀 제대로 주세요 ㅈㅂ 개똥자루마냥 주지말고요",2,46,2025-10-07T04:51:14+00:00,6.0.0_36598533_36939763
genshin,원신,7e48f73c-9241-40f4-994a-d7cb761cea31,악귀들만 남은게임 스토리 스킵도 없는 시대에 뒤쳐진 시스템,2,25,2025-10-06T14:18:08+00:00,4.8.0_24603909_24822834
genshin,원신,757de614-be85-4627-85ef-7f5d350e7642,왜 이렇게 변하셨습니까.?,1,0,2025-10-06T13:58:05+00:00,
genshin,원신,64b26991-bd89-4aa0-b443-f2666a9cbcfa,아니 재화모으는건 그렇다치는데 왜5성한장을 안줍니까 한60뽑을햇는데 5성이 안나오네요,1,2,2025-10-06T12:06:04+00:00,6.0.0_36598533_36939763
genshin,원신,2b1d2000-1de7-4664-9408-3a6a21b7f424,최고!!!,5,0,2025-10-06T07:44:29+00:00,6.0.0_36598533_36939763
genshin,원신,5855dd06-57c5-4144-b7cd-814b8e7cc6a1,좋다. 비상식량마저도 귀엽다.,5,0,2025-10-06T06:58:01+00:00,6.0.0_36598533_36939763
genshin,원신,ea4d75e4-b547-4441-b5aa-5386ed7b8be3,모든게 굳,5,0,2025-10-05T18:23:04+00:00,6.0.0_36598533_36939763
genshin,원신,4c257f66-2c58-44b0-8902-731181226991,다이루크 어르신 이제 그만 나와... 5성 나온다해도 좋아하지마라 도련님이랑 친구들 로리들 많이 나온다 시스템 진짜 너무함 300인연을 썼으면 나와야하는거 아닌가? 그리고 내가 저번에 1400~3000인연을 썼는데도 안나오더라? 무과금 3년치에서 1년치 날렸다 이런...야발... 욕 나오게 하지말고 제발 80~100 쓰면 나오게 해줘라 하지만 이렇게 말해도 중국인들이고 우리말 안들을게 뻔하지 않으니 소용 없잖아? 그리고 원신 깔려는 사람들 잘들어 처음에는 우와! 라는 말을 하게 되겠지 하지만 뒤로갈수록 워프 뚫는거 기어서 올라가야 하고 스태미나 짧아서 자꾸 떨어져 .스토리 한번볼때 나갈수가 없고 몬스터들이 공격해와 그럼 스토리 끝날때 이미 죽어있어ㅋㅋ 나는 피로해지고 싶다 노가다가 좀 필요하다 도파민 조금이라도 얻을레 하는 사람은 깔아서 해보시길 긴 글을 봐줘서 고맙네 (원신은 돈 벌 생각이 없는거야?),4,2,2025-10-05T15:55:33+00:00,6.0.0_36598533_36939763
genshin,원신,e4501aa9-728f-4fc0-ae4c-c629ee624b07,귀엽다,5,0,2025-10-05T14:56:08+00:00,
genshin,원신,7b2b79af-4f73-497f-b54b-89ff15e6c2ef,늘 기대 이상의 실력을 뽐내고 있는 이들이 있습니다. 어떻게 하면 게임을 찰지게 만들지 고민하는 이들이 있습니다. 어떻게 하면 내가 하는 게임처럼 편하게 할지 고민하는 이들이 있습니다. 어떻게 하면 DX9의 절명의 상황 속에서도 게임을 제대로 만들지 고민하는 사람들이 있습니다. 어떻게 하면 절경의 자연스럽고 신비한 장소를 만들어낼지 고민하는 사람들이 있습니다. 어떻게 하면 더더더더 좋은 BGM으로 관객 입장에서처럼 손님을 매료시킬지 고민하는 사람들이 있습니다. 어떻게 하면 자신들의 게임 세계관을 인물들을 제대로 내비칠지 고민하는 사람들이 있습니다. 이들은 전세계 전례 없는 파워로 고객을 압도합니다. 그 누가 뭐라고 해도 이 게임은 God이며 Epic입니다. 난 이들의 개발력을 믿습니다. 오늘도 이 게임을 즐겨야 하는 이유입니다.,5,138,2025-10-05T09:51:19+00:00,5.2.0_28336591_28351161
genshin,원신,2acd0a78-5cc1-4f79-b462-324751c57f28,액션이 좋았요 RPG를 좋았하고 액션 좋아하면 추천합니다,5,0,2025-10-05T04:54:20+00:00,6.0.0_36598533_36939763
genshin,원신,497f66d4-839e-4e4c-8e61-aa2facdc09a8,아니 ㅡㅡ 폰 사용자는 게임도 하지말라는건가 야란 이펙트는 얻지도 못하고 나타 이벤트미션도 진행을 못함 극악의 난이도인데 폰으로 니들은 해보고 내놓은거야? 오로지 피씨위주로 게임 처 만들꺼면 모바일게임에 왜 당당하게 이름 올려두는건데,1,4,2025-10-04T12:49:31+00:00,6.0.0_36598533_36939763
genshin,원신,c552d0cf-6793-44a1-bb01-4b8e590058c2,다 괜찮으니까 재화 좀 많이 많이 주면 버틸만 할 것 같긴 하다... 재화 좀 많이 줘라... 믿는다...,5,15,2025-10-04T04:24:34+00:00,6.0.0_36598533_36939763
genshin,원신,af925376-334b-4e65-b27d-9e93a3a7a5a0,게임은 정말재밌습니다. 근데 게임 캐릭터가 나올 확률이 너무 적은것 같습니다.... 나타 이후로 70연안에 픽업캐 나온적이 없는듯....,5,173,2025-10-04T01:42:12+00:00,6.0.0_36598533_36939763
genshin,원신,10d97616-a5e9-480e-bd02-ba5083f8915d,구캐릭 인게임 디자인좀 바꿔주세요 그거만 빼면 최고의 게임중 하나,5,0,2025-10-03T17:42:12+00:00,
genshin,원신,5926cca9-38f5-4250-96d2-b06a32ce0490,문제를 해결하는 데 도움이 좀 필요할거 같네요! 게임은 재미있게 즐기고 있어요.,5,0,2025-10-03T16:21:23+00:00,
genshin,원신,ac3e00c2-d86f-4450-8ccc-683b413f5f6e,망겜,1,2,2025-10-03T14:31:10+00:00,6.0.0_36598533_36939763
genshin,원신,ba5222c0-3da9-4e8f-8c06-c054df267be6,다 재미있긴한데 저장공간좀 줄여주세요 ㅠ,3,0,2025-10-03T14:11:38+00:00,
genshin,원신,fb093776-2f6f-47e9-8e21-156c43a41a70,재미있어요,1,0,2025-10-03T11:24:04+00:00,6.0.0_36598533_36939763
genshin,원신,ba04b6a0-2b6f-4f60-ad5c-38857fd19556,너무 재밌는데 무과금 뽑기좀 많이 줬으면...,5,1,2025-10-03T11:11:40+00:00,6.0.0_36598533_36939763
genshin,원신,818927f8-03cc-4842-aa46-99c543f1edf8,굿,5,0,2025-10-03T08:23:58+00:00,6.0.0_36598533_36939763
genshin,원신,0443ab44-e0a3-4bf8-aea9-5eb9d6cd6946,원신은 돈벌 샹각이 없는거야? ㅋㅋㅋㅋ,1,1,2025-10-03T03:50:49+00:00,
genshin,원신,4479f977-e429-4959-b613-282a80e72571,전부 다 재밌는데 스토리 볼 때 스킵 설정이 있으면 좋겠습니다. 추가해주세요.,4,1,2025-10-02T11:07:19+00:00,6.0.0_36598533_36939763
genshin,원신,dd1455ad-18ce-44ad-86bb-3ebcc8da8ca6,원신 사랑해,5,1,2025-10-02T10:26:54+00:00,6.0.0_36598533_36939763
genshin,원신,1d7dbbee-e67e-4eec-817d-e775425e1a27,비틱 때문에 게임 접는건 처음이네... 재화라도 많이 줬으면,1,0,2025-10-02T02:56:22+00:00,
genshin,원신,19316d5b-4667-474f-9cb1-7a146515cd97,귀여운 캐도 진짜 많고 친구와 같이 할수있고 모험 레벨 올리는 맛이 있어요,5,1,2025-10-01T22:12:52+00:00,
genshin,원신,883749a9-f13a-4caa-9f6b-a1e1970d3733,내 인생. 다시 생각해봐도,5,0,2025-10-01T15:23:51+00:00,6.0.0_36598533_36939763
genshin,원신,a1928193-88d2-4830-b82c-63f5905852d1,거걱걱,5,0,2025-10-01T13:20:09+00:00,6.0.0_36598533_36939763
genshin,원신,538d0e3b-a8c5-4224-879c-4dde24ec0097,캐릭터가 너무 매력이 없다..뒤얽힌인연 650개 돌파..,1,4,2025-10-01T06:23:45+00:00,4.7.0_23093867_23435602
genshin,원신,d92a1694-7db7-4de7-9ca0-3152d501e558,칠성소 재밋슴,5,6,2025-10-01T06:06:35+00:00,6.0.0_36598533_36939763
genshin,원신,d522c810-9ab1-4cca-b3b7-ff19933b7a7c,태호가 내 꺼 다 씀,1,0,2025-10-01T02:26:46+00:00,6.0.0_36598533_36939763
genshin,원신,16efed58-1034-4e48-9aed-02b9fa92d358,이런 장르에 오픈 월드 게임은 처음인데 너무 재밌게 어느덧 1년동안 하고 있네요 그렇기에 이러나 저러나 게임 자체는 나무랄 거 없이 좋아요 빨리 다음 스토리가 나왔으면 좋겠어요,5,0,2025-09-30T19:23:25+00:00,6.0.0_36598533_36939763
genshin,원신,71656647-35a6-407c-89ec-86efaee0f858,신캐 나올때마다 원신이 아닌거같은 원신,5,0,2025-09-30T17:03:34+00:00,
genshin,원신,350943b9-a0cf-4edd-9a86-85dfebcf064a,너무재미있게플레하고있써요 뽑기 좋고 성우님 목소리 좋습니다,5,0,2025-09-30T00:27:41+00:00,5.0.0_26041933_26161852
genshin,원신,11b6c86d-daf5-494a-a704-ccf8ef0ef55f,"너무너무 재밌고 캐릭터도 잘생겼음(특히 소, 카즈하, 키니치♡) 스토리도 재밌고 가끔 이벤트도 너무 좋음",5,0,2025-09-29T11:10:17+00:00,6.0.0_36598533_36939763
genshin,원신,e8d001dd-4cb9-42b1-a394-eeb711964855,Say my name,5,0,2025-09-29T07:16:16+00:00,4.6.0_22174900_22378599
genshin,원신,f6b947c2-9a0b-47b3-b7ba-002673e66b99,??? : 원신은 돈 벌 생각이 있는거야?,3,1,2025-09-29T07:14:18+00:00,6.0.0_36598533_36939763
genshin,원신,5bad6ff5-cd30-4b75-9424-c4276027a11a,재밌다,3,0,2025-09-29T01:59:54+00:00,2.4.0_5199000_5224067
genshin,원신,c1fad794-89ea-447f-94cd-84789b2da358,갓겜,5,0,2025-09-28T23:45:19+00:00,
genshin,원신,93d1707d-bdf2-4f3a-9290-3203106e7490,원신은 사람 감성만은 크게 자극하는거 같아요 아직 수메르 돌고있는 뉴비이지만 원신은 원신에서만 느낄 수 있는 특유의 감성과 정이 있습니다 그 점을 좋게 생각하고요 앞으로 편의성과 여러 편의 기능들 넣어주고 뉴비가 잘 성장할 수 있도록 패치를 해주시면 정말 좋을것같습니다 원신은 좋은 게임이 맞는데 여러가지로 다른 게임들에 있는 편의성이나 패치가 늦어져서 유저들이 게임을 하기 불편한것 같습니다 앞으로 유저들과 소통을 잘 한다면 정말 좋은 게임이 될것같습니다,5,9,2025-09-28T23:07:28+00:00,6.0.0_36598533_36939763
genshin,원신,599e1d38-c707-4a0e-aec7-1dd753a63c0d,"친구가 추천해줬는데 굿굿해요 초반에 절벽 오르는게 힘들긴 한데,, 그래도 추천해요!!",5,0,2025-09-28T15:39:40+00:00,6.0.0_36598533_36939763
genshin,원신,718ade1d-f502-42c4-bda5-a9f7dcb5f971,너무 튕겨서 실행이 안되요,1,0,2025-09-28T08:36:56+00:00,
genshin,원신,7ce3c018-87ae-4bee-ab3f-0bdc5f630db6,1점도 아깝다 무기 픽뚤 캐릭 픽뚤 또 확정 뽑고나면 픽뚤 장난하냐?,1,0,2025-09-28T06:05:35+00:00,6.0.0_36598533_36939763
genshin,원신,f4af1f6a-2c27-4871-9b14-19b81a6f5612,너무 재미있어서 이거만 함,5,0,2025-09-27T11:43:22+00:00,6.0.0_36598533_36939763
genshin,원신,56f82e51-f97a-457a-b211-652dc8fb1826,"원신자체는 좋은데 우리가 생각하던것과 반대고, 솔직히 말해서 폰타인까진 좋았는데 나타는 너무뇌절입니다. 밸런스가 너무 안맞습니다.",4,1,2025-09-27T09:56:37+00:00,6.0.0_36598533_36939763
genshin,원신,33e65dc5-0a82-46f5-91ca-2c1ce734c241,맵을 탐험하는 것이 제미있음,5,0,2025-09-27T09:39:30+00:00,6.0.0_36598533_36939763
genshin,원신,036ed6c8-9132-4d2b-a534-b424aa1562f5,다 너무 좋은데 경주에도 원신 피시방이 있었으면ㅠ 가능하면 하나 만들어주세요.,5,0,2025-09-27T09:03:20+00:00,6.0.0_36598533_36939763
genshin,원신,3894b097-a72b-4e05-863d-682a93ac3a8c,굿9,5,0,2025-09-27T06:05:37+00:00,
genshin,원신,8f489939-0076-455a-a21f-e063eb7d89b9,임무 취소 만들어라 회사에 불지르기 전에,1,0,2025-09-27T04:27:35+00:00,6.0.0_36598533_36939763
genshin,원신,2aa758ad-6c82-4737-addf-85b917b0ba3a,원태기가 왔다,3,4,2025-09-27T03:37:40+00:00,
genshin,원신,1196c0cf-a7fe-4ed4-8a17-e4cc558dc13b,1주년 ㅊㅋ1주년이라서 별한개드림ㅋㅋㅋ 3주년 ㅊㅋ 이번엔 3주년이니 별 새게드림ㅋㅋㅋ 5주년 됐으니 5개로 만듦ㅋㅋㅋ,5,2,2025-09-26T18:03:46+00:00,4.5.0_21307647_21321795
genshin,원신,116f894d-3d66-47d9-bf10-3c4387fa4bea,다 좋은데 무과금유저는 너무 빡셈.. 천장까지 가기도 힘들고,4,0,2025-09-26T08:42:26+00:00,6.0.0_36598533_36939763
genshin,원신,074c58cd-d8a3-427f-9ffe-4c64c482707b,원신은 돈을 벌 생각이 있나요?,1,8,2025-09-25T17:50:31+00:00,4.7.0_23093867_23435602
genshin,원신,e81747ed-b4c2-4d4f-9ea4-2b034e40ba95,양산형,1,0,2025-09-25T15:38:18+00:00,5.8.0_35245262_35356052
genshin,원신,63cb0dc6-f597-4c2b-a1d5-661d018aac75,게임설정에 자기 투력이 딸리면 난이도 낮추는게 있던걸로 기억되는데 돈은 쓰고 싶지않은데 공짜로 받는건 좋아하고 난이도는 낮추기싫고 플레이어 욕심이나 취향은 수도 없으니 서로 바라는게 다른건 인정하는데 신규 유저 덜 주네 부족하네는 니집가서 밥먹을때나 부족하다고 애기해 지 입맛에 안맞다고 지 입맛에 맞게 공짜로 퍼줘야 좋은게임인가 그리고 신규면 스토리 처음부터시작인데 어딜 쳐가길래 기본 캐릭으로 스토리 진행이 안되냐?남들 다 그렇게 시작했는데? 사람맞냐? 다이루크가 최강일때부터 기본캐릭으로 바람의신 스토리깨고 했는데?! 무슨mmorpg하냐?이건 스토리게임이야 정신차려 풍경 스토리보고 마음에든 캐릭 가지는거지 우주최강 싸움하나 너도가지니 나도갖고 싶고 돈은 쓰고 싶지않으니 공짜로주길 바라노 거지도아니고 나도가끔 복귀유저로 복귀유저이벤트받는데 이걸 적다고 하는 거지는 대체 얼마나 주길바라냐 ㅋㅋ 인간의 욕심이 끝이없네 게임회사는 널위해 이익없이 자원봉사하냐?유튭쳐보고 괜히 욕심내지마,5,1,2025-09-25T13:19:52+00:00,
genshin,원신,02908508-7dc4-4345-ac31-5a81395c78e0,하.....,1,0,2025-09-24T14:53:53+00:00,5.2.0_28336591_28351161
genshin,원신,cd68d936-626a-4313-966a-1ef172e096a7,돈 벌생각이 없는 원신은 별 한개도 아깝다,1,10,2025-09-24T06:59:14+00:00,6.0.0_36598533_36939763
genshin,원신,ab8bc8ad-9592-4533-aaa8-73f644786740,히익,5,4,2025-09-23T23:46:58+00:00,6.0.0_36598533_36939763
genshin,원신,2d3d8be3-3808-4de2-a8f1-acde5511662c,역대급임,5,0,2025-09-23T12:19:35+00:00,6.0.0_36598533_36939763
genshin,원신,54883a13-db7e-43f5-991c-46096943ba2d,와우,4,0,2025-09-22T12:23:10+00:00,6.0.0_36598533_36939763
genshin,원신,183ed611-7387-4d3f-a6fc-239cdef5ee4a,흠... 👍,5,0,2025-09-22T08:38:14+00:00,6.0.0_36598533_36939763
genshin,원신,1dbba398-309f-4cad-8a0c-197cd8cfb1e0,캐릭터 교환 시스템 만들어주세요..필요해요ㅠ,5,0,2025-09-22T08:13:26+00:00,
genshin,원신,32b3afab-4906-45e7-82a0-3c4101cec16d,음 노드크라이 이대로만 가자,5,4,2025-09-21T22:51:51+00:00,4.0.0_16983586_17100363
genshin,원신,53378b71-4d88-412d-993d-d4c8c1fb4a45,굿,4,0,2025-09-21T09:58:31+00:00,6.0.0_36598533_36939763
genshin,원신,72e5a07d-2671-43a9-aead-51115d88a9d0,공월만사세요,1,0,2025-09-21T06:02:58+00:00,6.0.0_36598533_36939763
genshin,원신,39bc9fac-a785-441a-82a4-f7ab35f390b2,구글 로그인 어디서 하나요? 지우고 다시 깔았는데 로그인창 화면에 구글 표시가 안떠요,3,0,2025-09-21T04:42:24+00:00,6.0.0_36598533_36939763
genshin,원신,6b825586-2483-46ec-87d3-821af4cb603f,검나 자유적 퀘안깨도 잼,5,0,2025-09-21T04:39:49+00:00,6.0.0_36598533_36939763
genshin,원신,e7b4c3f4-bd96-485e-b5bb-6020f3845dad,이번 공월의 노래 캐릭터가 개이쁨,5,16,2025-09-21T00:42:10+00:00,5.2.0_28336591_28351161
genshin,원신,429f9ad6-7557-4431-8347-99978fc39c0a,100레벨.....,1,0,2025-09-20T17:11:47+00:00,6.0.0_36598533_36939763
genshin,원신,ea2a41f6-2fc0-4b17-b486-f4fa3c947f96,"이만한 완성도의 게임을 무료로 즐길 수 있다는 점에 정말 감사하고 있습니다. 저는 이미 원신류 서브컬쳐 게임에 푹 빠져서 어느정도 이상의 과금까지도 건드려봤지만 정말 돈이 아깝지않네요.. 짧은 인생 원신을 만날 수 있었던 걸 큰 행운으로 여길 정도에요.. 원신을 한마디로 표현하면 조화로운 작품입니다. 단순 게임이 아니라 정말 정성스레 빚어진 작품이에요.. 최고의 음악과 아름다운 풍경, 개성넘치는 캐릭터와 풍부한 스토리, 이벤트, 떡밥, 서적 등등.. 소소하게 즐길 카드게임이나 리듬게임에 곧 나올 유즈맵 컨텐츠... 엔드컨텐츠의 보상을 전부 타먹으며 즐길 수 있는 건 어느정도 과금하는 유저들을 위한 작은 선물같은 느낌이라 전 현재 방향에 관해서도 만족합니다. 모험 중 다양한 부분에서 디테일을 발견할 수 있는 재미가 있어 몰입이 잘 되는 데다 스토리도 좋고, 이펙트, 모션의 자연스러움도 정말 큰 장점입니다.. 정말 강추 또 강추드립니다.. 현재도 앞으로도 제 최대의 인생게임일 거에요.",5,8,2025-09-20T14:24:06+00:00,3.2.0_10872902_11078128
genshin,원신,9b5bb5a8-841d-4440-b43a-32c039ef2f82,재미있다,5,0,2025-09-20T11:55:59+00:00,6.0.0_36598533_36939763
genshin,원신,549bcc8f-79ad-43a9-95d1-63a1a960486f,원신은 돈을 벌 생각이 있는거야?,1,4,2025-09-20T03:30:50+00:00,6.0.0_36598533_36939763
genshin,원신,3933c8d0-5256-45f8-9246-d16a6fe92fee,100렙돌파 억까 너무 심하긴 한데 스토리 맛있어서 개추 누름,3,1,2025-09-20T01:04:08+00:00,6.0.0_36598533_36939763
starrail,붕괴:스타레일,c30aa88f-998e-4945-bb95-7d93beecfe9c,붕스는 서브컬쳐 게임의 신이다... 성옥좀 뿌려주세요 제발,5,1,2026-09-17T13:25:43+00:00,4.5.0
starrail,붕괴:스타레일,72dc7a3c-72b8-460d-a549-1d015b26fa90,"음 조금 난감한 게임입니다. 용량문제는 서브컬쳐겜들의 고질적인 문제니 넘어가고, 케릭터 인플레는 심하다 듣긴 했다만 본격적으로 붕스를 한게 4버전 부터라 아직 진지하게 격어보진 못해서 넘어갈게요(아낙사 멘딜 최고). 암튼 가장 크게 다가오는 문제는 아무래도 가챠 난이도죠. 옆집 원신은 4성캐릭 섞어써도 되고(물론 무료 재화가 거의 없어서 취향 맞고 노가다할 시간이 매우 많아야 함) 젠존제는 A급 에이전트를 땜빵으로 써도 되고 결정적으로 파티칸이 3칸이라 픽업캐 적게 뽑아도 되는데(젠존제는 사랑임돠) 붕스는 공짜로 성능 좋은 캐릭터를 뿌리긴 해도 파티 하나당 4명, 엔드컨탠츠에서 파티를 3개 쓰는걸 독려하니 캐릭터를 총 12명을 뽑아야 하는데 이건 많이 어려운 일이죠. 하지만 캐릭터 스킬 이팩트, 서사와 메인 스토리의 연출, 서사가 매우 매력적이고 가챠 재화를 많이 준다는 점들이 별 4개는 남겨 놓을 정도로 좋습니다. 붕스 홧팅!",4,1,2026-09-17T08:15:37+00:00,4.5.0
starrail,붕괴:스타레일,d92e33f1-0af0-4f7a-9526-4b376742a73b,스토리 열심히 밀면서 해봤는데 재화는 모으기 조금 빡셌던 것 같고 게임이 턴제 배틀이라서 그런지 조금 라이트하게 느껴지네요. 반대로 스토리는 전혀 라이트하지 않아서 적절한 조합인 것 같습니다. 다만 캐릭 모델링...?이 조금 떨어지는 것 같고 전투는 약간 지루한 감이 없지 않아 있습니다. 근데 이정도는 취향차이라 크게 신경쓸 부분은 아니라고 생각하고 한번쯤은 해볼만한 게임인 것 같네요.,4,0,2026-09-16T12:59:26+00:00,
starrail,붕괴:스타레일,e1f55ed4-2ede-4aee-b726-d47aad4c585c,유저리뷰 별점이 과금력과 비례하는 게임. 안좋은 리뷰 보면 하나같이 다 돈쓰기 싫어하는 애들뿐... 인플레 운운하며 캐릭 몇 개 뽑아놓고 섭종까지 쓸 생각한다는 게 어처구니 없음 ㅋㅋ...,5,3,2026-09-15T16:11:52+00:00,4.5.0
starrail,붕괴:스타레일,fbea9c0a-e7ef-49d9-bd4a-6fccb6393afc,슬슬 지친다..캐릭터 뽑아놔도 바로 퇴물행...,1,2,2026-09-15T14:02:19+00:00,4.5.0
starrail,붕괴:스타레일,0415c661-ae77-4400-b81d-ee50393762fa,밀리터리만 좋아하던 제가 유일하게 재밌게한 게임입니다.,5,0,2026-09-15T11:53:56+00:00,4.5.0
starrail,붕괴:스타레일,4f6d2c37-7566-4d75-b6f8-76d8f144add3,개돼지가 되는 법,1,1,2026-09-14T16:09:25+00:00,3.2.0
starrail,붕괴:스타레일,3f0813be-6139-41ae-978b-a09402390bc0,"장점: 스토리는 현재까진 너무 재밌고 흥미진진 해요. 2년째 플레이했고 원붕젠 전부 해보면서 느낀 건데 컷신이 가장 예뻐요. 악역과 주인공 일행의 매력이 타 게임들과의 큰 장점이자 차이점입니다. 단점: ①자율성 부족 - 점프 없음, 전투 자율성도 타 서브컬쳐에 비해 부족함. 모든 게 딸깍. 캐릭터로 할 수 있는 게 너무 없음. ②컨텐츠 부족 - 심각. 폐사 버전만 1년째. 안그래도 제일 할거없어 비판 큰 겜인데 요즘은 진짜 심각해요. ③캐릭터 몰아주기 - 심각. 떡밥 풀어줘야할 캐릭터는 영상 안주고, 인기캐만 몰아서 줌. AS도 인기캐만 주고 나머지 버림. 이격팔이도 가끔 해야 재밌는 거예요..ㅠㅠ ④3.7 - 스토리만 호평인 겜인데 일부러 망친 게 보여서 속상함. 잘한다고 유저들이 돌아올 것 같나요? 지금 상황을 봐요... 결국 엠포만큼 재밌었던 4.5도 인기 없고 비평만 나옴. 중간 버전을 나부보다도 최저점 찍어서 대거이탈시킬 이유가 있나요? 나타도 5버전이었음..",3,1,2026-09-14T11:16:46+00:00,
starrail,붕괴:스타레일,4bced489-2252-44c0-82c5-f3c6214f1123,어벤츄린 픽뚫나서 처음으로 제레뽑았는데 꺼지지않는 스타라이트 40개 안줌,2,2,2026-09-14T10:24:55+00:00,
starrail,붕괴:스타레일,5dab60eb-00de-40ca-9c36-7c4c32979355,에효 어떻게 픽뚫 천장을 꽉꽉 담아서 9연속으로 주냐 돈도 많이 퍼줬는데 게임은 좋지만 가챠 눈물나서 접는다 시8,3,0,2026-09-13T08:17:00+00:00,4.5.0
starrail,붕괴:스타레일,625138ff-74c3-4900-a94c-1de8af424dd8,갈수록 인플레만 심해지고 1돌 2돌 안하면 캐 수명도 짧음ㅋㅋ 이제 명전팟으로 제대로 할수있는것도 없는듯; 갓겜이라 외치면서 오래했는데 인플레에 지쳐서 접을까 고민됨,1,5,2026-09-12T03:47:48+00:00,4.5.0
starrail,붕괴:스타레일,ceb123c0-adb6-4291-b8ed-74a0bba1a4f4,탐식의 오염 같은걸로 자꾸 인플레/접대 조장하는거 적당히 해라...,1,0,2026-09-12T03:35:56+00:00,4.5.0
starrail,붕괴:스타레일,fc4ee932-5a6a-40d1-84f5-db22adf1428d,게임 입문한지 얼마 안되긴했는데 생각보다 괜찮네 재밌음,5,0,2026-09-12T00:25:45+00:00,
starrail,붕괴:스타레일,ef333a93-72d1-4993-a479-0141acc31ee4,유독 거지근성 드러눕기식으로 게임까내리는 국민성은 조선이 레전드긴하네 ㅋㅋㅋㅋ,5,1,2026-09-11T08:05:49+00:00,
starrail,붕괴:스타레일,cbe77f38-8524-446e-a349-1a73836a3871,아처보단 토오사카린 이 더 갖고 싶었는데 아쉽네요.,5,0,2026-09-08T12:38:01+00:00,4.5.0
starrail,붕괴:스타레일,9d8b6f6d-4498-447d-95b5-943c67992fb5,다운로드 끝나고 데이터 업데이트 했는데 게임 시작이 안되고 계속 로딩만 함,1,0,2026-09-07T10:42:58+00:00,3.7.0
starrail,붕괴:스타레일,3960ed38-d042-4bdf-802c-b58607e84c6c,"출시 첫날부터 앰포리어스까지 애정있고 재미있게 했던 유저입니다만... 시간이 지나면서 자연스럽게 애정과 흥미가 많이 식었고 파워 인플레가 너무 쎄서 마지막 레벨을 못깨고 넘기는 대다수고요. 특히2돌 못하면 애정캐도 결국 버리게 되고, 아무튼 이런저런 이유로 더는 못할거 같아요... 그동안 즐거웠다😭?",3,4,2026-09-07T07:39:38+00:00,3.5.0
starrail,붕괴:스타레일,12e96f01-1300-4660-969e-112a7d11166c,다 괜찮은데 픽뚫 확률이랑 엔컨에서 몹들이 단단해지고 자주 보던 보스인듯 탐식 침식이 생긴게 좀 문제지만 4.5버전에 나와서 금방 끝날 것 같은데 5버전에는 뭔가 나와서 사람들을 어떻게 팰 건지나 언제 추가할 건지 진짜 상상이 안 감 ㅋㅋ,5,0,2026-09-07T05:14:39+00:00,
starrail,붕괴:스타레일,3aea733f-dcb8-45af-bf87-7affc4de73fe,인플레 이거 맞아요? 나중에는 명전 천만도 나오겠네...,1,9,2026-09-07T01:19:20+00:00,4.5.0
starrail,붕괴:스타레일,508d316b-8078-46fc-8343-bd3ca9a0755a,키레네보고 반해서 작년쯤에 깔고 플레이를 해봤는데 명조유저라 턴제가 익숙하지 않았나봐요 그냥 지웠고요 최근에 다시 깔았는데 처음엔 재미없다가 하다보니 스킬도 화려하고 명조보다 렉이랑 용량 이런게 적었고요 스토리는 더 밀어야 알거같고 원신도 해본유전데 솔직히 붕스가 더 재밌습니다,4,0,2026-09-06T01:10:40+00:00,4.5.0
starrail,붕괴:스타레일,d8fca76c-78aa-4aa1-b860-489682ec4519,kim mim,5,0,2026-09-06T00:12:02+00:00,
starrail,붕괴:스타레일,5042b093-e362-4681-b74c-1619644db193,앰어게인!!,5,0,2026-09-04T22:06:32+00:00,4.5.0
starrail,붕괴:스타레일,33f1aa8e-4468-462b-a45e-604a2384b0de,3.7버전 메인 스토리만큼 기분 더럽다는 느낌이 든 스토리는 처음임 대박대박 짝짝짝,5,0,2026-09-04T17:37:07+00:00,4.5.0
starrail,붕괴:스타레일,fc105f50-c02b-48f5-9487-213b5cf6ab02,"인플레랑 고로시, 접대가 너무심한거같은데",1,2,2026-09-03T20:38:38+00:00,
starrail,붕괴:스타레일,a6bbe0ab-3816-45ee-9571-7c5c9bdeb243,"무과금도 할 수 있다하는데... 사실 그런식으로 따지면 무과금으로 못돌리는겜은 없긴해요. 하지만 신캐는 그럼에도 핵심적인 재미이고 컨텐츠인데, 인플레가 과하다는 생각이듭니다. 게다가 그 비용도 높다보니까 부담이 많이가는 게임입니다.",2,1,2026-09-03T17:48:59+00:00,1.0.5
starrail,붕괴:스타레일,af2f2b01-e04c-423a-bc1c-d3649f13bdf9,줄타기 잘해라,3,0,2026-09-03T08:23:07+00:00,4.5.0
starrail,붕괴:스타레일,ad7f6bc0-0651-44ae-8ecd-4370fb00bb84,아~~~재미없다;;,1,0,2026-08-31T12:24:43+00:00,4.5.0
starrail,붕괴:스타레일,e5b80018-53ee-4aa1-9281-f236a2b1847d,스토리 나쁘지 않음 게임성? 좋음 인플레? 역대 게임중 인플레기 심한 게임 게임속 장기 컨텐츠 난이도? 이녀석들 난이도 생각 없이 만듬 특히 화폐 전쟁 이제 그만하려고 합니다 당신들이 뭘 해도 똥꼬쇼를 해도 그만 하려고 합니다 미호요 초창기 시절 부터 해왔는데 호요버스 게임중 더 이상 하고 싶은 게임이 없습니다 실망이 더 많아지고 기대감이 많이 없어져서 여기서 마음이 더 커질거란 확신이 안 듭니다 이제 그만 할게요 잘있어라 쓰레기 게임들아,1,8,2026-08-31T09:15:34+00:00,4.5.0
starrail,붕괴:스타레일,5a2abfa1-3e2b-46a7-95a8-4e643a430267,"스토리가 미친듯이 길고 재미가 없다. 신파만 자극하는 12시간이나 잡아먹는 스토리를 보고 있을 때마다 차라리 영화를 보는 게 더 나을 거 같다는 생각밖에 안든다.. 또한 이번 신규 버전에서 구캐릭 as에 더 신경쓰진 못할망정 구캐릭을 상시에 넣어버려 복각의 여지를 없앴고, 신캐는 보유효과를 내버리며 그냥 리니지의 길을 걷기 시작했다. 그동안 특이한 전투방식과 매력있는 캐릭터 디자인만 보고 플레이했지만 이젠 놔줄 때가 된 거 같다.",1,14,2026-08-31T07:30:17+00:00,
starrail,붕괴:스타레일,e10e6bd5-f5ea-4df5-ab28-8524b88875d7,연동 뭐 이따위로 만듬?,1,1,2026-08-31T05:19:06+00:00,4.4.0
starrail,붕괴:스타레일,2456a084-e9e5-4b96-9ede-c307518bef2b,요약 1. 캐릭터 어짜피 반년안에 퇴물됨 2. 스토리 그냥 작가 마음대로 설정하고 스토리 바보로 만듬 3. 엔드 컨텐츠 위주로 하는 사람이면 돌파는 기본이고 지속적으로 돈 투입해야함 4. 게임이 아니고 주식컨텐츠임 5. 호요버스는 걍 지들 마음대로 행동하니 돈 많은 흑우 아니면 그냥 게임 자체를 하지 않는걸 추천합니다,1,21,2026-08-31T04:25:38+00:00,4.5.0
starrail,붕괴:스타레일,03c30e30-69c7-4120-9554-017f008f95d3,"앱 튕김 현상이 너무 심해졌습니다. 최근들어 게임 실행 후 5분도 안되서 갑자기 튕기는 현상이 자주 발생하고있습니다. 앱을 나갔다 다시 실행시키면 괜찮지만 또다시 뜅기는 경우도 종종 있습니다. 계속해서 이러한 현상이 발생하니 맵 탐사, 전투나 스토리 진행에 몰입하기 힘들 정도입니다.",3,2,2026-08-30T16:32:25+00:00,4.5.0
starrail,붕괴:스타레일,50f1ce5b-fe9b-450a-be09-c01a88bfbb34,어떻게 붕스까지 사랑하겠어 조띠를 사랑하는 거지,5,2,2026-08-30T15:46:00+00:00,1.3.0
starrail,붕괴:스타레일,8d79ac08-a0e3-4df1-b3fa-f4f9354c1326,픽뚫 6번은 너무한거 아니냐. 진짜 돈에 눈 돌아갔나 양심 뒤졌네,1,36,2026-08-30T13:02:21+00:00,4.5.0
starrail,붕괴:스타레일,834932ae-a01c-4468-9705-5be94b1a63c8,낫 배드👍,4,0,2026-08-30T08:58:07+00:00,4.5.0
starrail,붕괴:스타레일,d77727b6-e929-40bb-8956-9fc7efb29272,인플레 개심함 뽑기는 무조건 천장에 픽뚫 엄청나게 당함 확률이 의심될정도,1,1,2026-08-29T05:33:16+00:00,
starrail,붕괴:스타레일,d62ce0b5-fae0-430b-a394-f197b334fb3d,남캐 출시와 한국 베테랑 성우를 기용하기 않은게 문제임 여캐만 나오니까 재미가 떨어지고 있음 남캐들을 많이 출시해달라고 몇차례 건의를 했는데도 말만 답할뿐 변한게 없는게 문제임 남캐가 게임의 재미를 더 즐겁게해주는데,2,0,2026-08-29T00:10:40+00:00,4.5.0
starrail,붕괴:스타레일,89980c54-2c1f-4484-a746-c73aa2b8cf60,안드로이드에서 플레이 하는데 듀얼센스 컨트롤러 인식 좀 되게 해줘요 제발,1,1,2026-08-28T14:10:12+00:00,4.5.0
starrail,붕괴:스타레일,65637ea0-8d6b-46d1-8a4e-c14b1e55d635,그저 턴제 타이틀 원툴인 게임이라 더 이상 흥행할 요소도 없고 과금도 타겜대비 효율 뒤지게 떨어져서 현질 할 이유도 없음 원신도 명조한테 따잇당했는데 쩔수임 명조가 천장부터 압승이고 퀄도 당연하고 완성도 스토리 모든 부분에서 원신이 나은 부분이 없음 결국 붕스도 새로운 턴제 rpg 타이틀 하나라도 나오면 무조건 망할 수준이라 정 다털었음 수고요,1,2,2026-08-27T19:42:56+00:00,4.5.0
starrail,붕괴:스타레일,db91e69c-3372-4f2b-ba6d-fc192d38b777,뽑기좀 잘 나오게해줘요..ㅜ 매번 천장이여서 하기싫어요,5,2,2026-08-27T03:02:35+00:00,4.4.0
starrail,붕괴:스타레일,978c4253-671a-4908-9a82-3914e137c971,가챠확률 조정해주세요 원신도 그렇고 애도 그렇고 당신들가챠 못돌리겠습니다 10만원 18만원 써도 안나오면 ㆍㆍㆍ와 돈을 안쓰는 사람도 아닌데 최소 7이나 10이상쓰는데 ㅜㅜ 아스트로폴리스 가드 난이도 조절해!!!!! 테스트안합니까?,1,1,2026-08-27T02:21:37+00:00,4.5.0
starrail,붕괴:스타레일,f1a86be4-59ad-4cc6-b04d-da076bb3dd12,컨텐츠를 모두 즐기려고 하면 재미없어짐.,3,0,2026-08-26T15:45:35+00:00,
starrail,붕괴:스타레일,f156a92d-16b4-41fb-a20a-2255d046fae0,이정도로 민심이 오르락내르락하는 게임은 처음 봄,5,2,2026-08-26T10:53:34+00:00,4.4.0
starrail,붕괴:스타레일,6d8ce330-dafe-4262-934e-cb8070474a17,하수: 어차피 버전 초기 딜러는 인플레가... // 고수: 내 아내임 // 참고로 전 쌉고수여서 별 다섯 개에 해당하는 수준의 경험을 했음 혹시 본인이 쌉하수라면 타겜하러 가십시오,5,1,2026-08-26T06:56:38+00:00,4.5.0
starrail,붕괴:스타레일,4237d8fc-5f5d-4d0f-9528-9ee46326bf12,사랑해요.아니 진심 제가 사랑하는게 캐디가 너무 맛있어요!!그냥 맛있다고요!글고 여기뭐 현질 안하면 하기 어렵다 이러는데 저 무과금으로 원하는캐 다 뽑았어요.무소과금 어렵다는거 걍 나만큼 애정이 없어서 그럼.글고 애정같은거 굳이 없어도 임무나 스토리 밀면 성옥 쉽게 모아요.광추같은것도 뽑아야할 수도 있는데 그건 검색해서 찾아보면 굳이 전용 광추 안써도 평타는 치고 들어감요.이번에 화폐전쟁 개선된거 넘 맘에 들고 인지 불가인가?이번 차분화 우주는 좀 어렵긴 한데 차원장신구 2배 보상보고 기뻐서 펄쩍펄쩍 뜀요.나 이거 어른되서도 할거니까 섭종하지 마요ㅜㅜ+저 플레이 시간 300시간 찍었어요!!이예이~!+시뮬레이션 우주 헤르타 채권 모으면 그걸도 5성 광추 살 수 있어용.파이논 마이데이 카스토리스 키레네 사랑해,5,35,2026-08-26T06:18:27+00:00,4.5.0
starrail,붕괴:스타레일,7d8a1dc1-6f70-44ee-8dd8-503a46ea1486,쌀먹 평가하는애들은 평소에 무슨게임들을 하시는건지? 6주마다 업뎃을해야하는데 시간은 제한적이라는걸 알긴할까? 한일령으로 다시 만든것만해도 박수 쳐주고싶다. 타커뮤&별테 하는거보면 아직도 사랑받는 게임은 틀림없다. 다만 가챠게임은 비싼거 매한가지다. 앞으로 더많은 게임들이 나올텐데 저렴해졌으면 좋겟고 이게임사의 가장 큰문제점은 소통을 안하는게 제일 큰것같다,5,8,2026-08-26T05:24:48+00:00,4.5.0
starrail,붕괴:스타레일,f8d5ead6-ab51-4d76-9883-0067dd64e689,그냥 얘네들은 이미 붕스 인력 다른 부서로 돌렸나보다. 3.7 부터 스토리는 메롱하고 인플레는 잡을 생각도 없네. 신지역 갔으면 새로운 얼굴들 좀 봐야지 대부분 나왔던 캐릭들만 이격이격이격이격 리소스 쌀먹만 하는걸 보니 붕스도 이젠 호요버스의 뒷방 늙은이 신세구나.,1,5,2026-08-25T03:09:31+00:00,2.6.0
starrail,붕괴:스타레일,30e2ea55-706b-463f-b364-4fbf4595c3ed,재투자 안함 4버전 와서는 운영놓은듯 그냥 접으셈,1,1,2026-08-24T16:21:12+00:00,3.5.0
starrail,붕괴:스타레일,4201ece0-8c99-4c96-a06f-afe7f24ff475,스토리는 나쁘지 않고 무난함 보상은 적지만 오픈월드만의 퀘스트 위주라 시간 넉넉하면 재밋게 할 수 있다.,5,0,2026-08-24T11:01:55+00:00,4.4.0
starrail,붕괴:스타레일,b711c2d7-80ff-4366-9f90-54181c86d98f,따봉,5,1,2026-08-24T09:49:51+00:00,4.4.0
starrail,붕괴:스타레일,676592a4-4612-4290-8b46-ef3cad4e8a18,그냥 붕스 캐디가 마음에 드는걸로.....,5,14,2026-08-24T07:22:52+00:00,4.4.0
starrail,붕괴:스타레일,019f05a8-b570-4986-89a3-4a7e971ae459,확실히 저장공간 차지는 많아 여유를 두긴 해야 하지만 게임 자체는 재밌고 스토리도 나쁘진 않음. 저장공간 남아나는 사람들은 추천. 저장공간 터질 것 같은 사람들은 비추천. 복귀하려면 데이터 다운로드(제거하고 다시 다운로드 받았을 시) 1시간 30분 이상.,4,5,2026-08-21T11:27:39+00:00,4.4.0
starrail,붕괴:스타레일,2e17e063-dfc5-4486-9ac4-ef68c6cd47f9,Good,5,0,2026-08-21T09:13:59+00:00,3.0.0
starrail,붕괴:스타레일,cd22d429-a70d-4c98-9315-bdd6a5385d82,파이논까진 게이아님,5,3,2026-08-20T22:10:57+00:00,1.0.5
starrail,붕괴:스타레일,f2cd8edb-7611-4fe2-9966-e3899ef93a78,딜러는 솔직히 전광이 필수급이던데 픽뚫 좀...,4,0,2026-08-20T19:17:12+00:00,
starrail,붕괴:스타레일,35c53765-e670-4854-a127-b02787385f98,45기가는 최적화할 생각이 없는거 같고 모델링도 다른 게임에 비해 뛰어난 것도 아니며 캐릭터 인플레가 굉장히 심하여 신규 캐릭터를 뽑아도 좋은 기분이 안듦 그리고 재화 이 악물고 안주니까 시작도 하지마라 폰은 S26 울트라 쓰는 중,1,4,2026-08-20T17:44:19+00:00,4.4.0
starrail,붕괴:스타레일,6a02e738-88f1-4886-b0d1-bcdcdd586dbc,"이 게임의 전투는 턴제방식으로 진행됩니다. 훌륭한 스토리와 매력적인 세계관을 바탕으로 캐릭터에 대한 깊은 애정과 게임에 대한 몰입을 불러일으킵니다. 다만. 서브컬쳐게임인 만큼 캐릭터에 투자해야하는 내 시간과 정성이 ""신캐릭터의 성능 인플레이션""에 밀려 보답받지 못하는 경우가 있을수있어요. 또 전투자체는 펀칭머신과 다를바 없기에 매번 봐야하는 전투가 지루하게 느껴질수도 있답니다. 그럼에도 SF세계관을 좋아하시고 심도깊은 철학이 담긴 스토리를 좋아하시는 분들께 추천합니다. 이 게임 하는 양반들 거의 다 스토리때문에 하는거에요.",4,3,2026-08-19T14:58:30+00:00,4.4.0
starrail,붕괴:스타레일,b21f151d-7088-46e0-b7d7-f4f0a2e8537e,인플레가 너무 심해요,1,7,2026-08-19T11:07:17+00:00,3.4.0
starrail,붕괴:스타레일,8be44d7a-3131-439e-a1b2-5bf7f996cbbe,스토리가 좋음,5,0,2026-08-18T01:17:03+00:00,4.4.0
starrail,붕괴:스타레일,0bc525cd-667d-4d2f-a913-5c324b8179a8,이만한 턴제rpg없다 ㄹㅇ,5,1,2026-08-17T06:02:40+00:00,4.4.0
starrail,붕괴:스타레일,1e2cbb75-7c25-4c92-944b-2c5b06914937,오픈유저인데 이상중재 감당안돼서 접음 회장님들 컨텐츠는 어디 격리해놓던가 하지 서버비 축내는 월정액 패스충은 따라갈수가 없네 눈치를 자꾸 주니 어쩌겠음 꺼져야지,1,2,2026-08-16T19:17:46+00:00,
starrail,붕괴:스타레일,dd0bc150-761e-4ab9-b5ed-aecd3a5f1c7b,처음에만 좀 재밋는것 처럼 꾸며놓고 후반으로 갈수록 돈독오른 겜안분 개허접 애들이 대충 만든 신캐 로테이션 뽑기 게임이 되어버렸습니다. 대충 AI 딸깍해도 이거보단 더 잘 만들어줄겁니다.,5,0,2026-08-16T04:01:14+00:00,4.4.0
starrail,붕괴:스타레일,1b302fc8-8d9f-48f3-a062-1bc0a7c5dbd7,체력좀 그만 늘리쇼,2,1,2026-08-15T20:06:57+00:00,4.4.0
starrail,붕괴:스타레일,a085253e-53f6-4697-8b3c-36e20be846bb,한 1~2달 정도 안하다가 테블릿에서 pc로 계정을 옮기면서 게임 캐릭(히아킨) 사라짐. 문의센터에 문의 해도 별다른 반응도 없고 걍 무시하는것 같음. 그 캐릭 덕분에 힐러 걱정 없었는데 이젠 스토리도 밀기도 빡세짐. 분명 은랑 999Lv 시즌때 은랑이랑 같이 뽑은걸로 기억함...,1,0,2026-08-15T05:44:44+00:00,
starrail,붕괴:스타레일,a92e704d-81d7-440b-86c4-87ac338d244c,이놈의 게임 조이스틱 이ㅡ안되노,1,0,2026-08-15T05:30:55+00:00,4.4.0
starrail,붕괴:스타레일,2bf4f3b9-20f7-465d-b7cc-8d18b61f2f9c,로빈 예뻐,5,0,2026-08-14T17:36:54+00:00,4.4.0
starrail,붕괴:스타레일,18df8235-1351-4547-b454-da3a261e76dc,스토리가 좀 질리긴 하지만 턴제 게임의 정석이고 캐릭터 다 개성있어서 좋아요 (아 물론 픽뚫만 빼면^^),3,0,2026-08-14T12:07:16+00:00,
starrail,붕괴:스타레일,48f7065d-1b77-4160-9c8b-4926ba752a82,재밌다 턴제게임이라 좀 단조롭기도 하지만 캐릭터나 디자인은 내 취향이라 좋음,5,0,2026-08-14T07:16:40+00:00,4.4.0
starrail,붕괴:스타레일,40990f80-c447-4005-8b57-e98252b5f129,서브컬쳐 리니지 그 이상도 그 이하도 아님,1,0,2026-08-13T09:31:44+00:00,
starrail,붕괴:스타레일,7f5fc1c9-24e6-4fb6-bc9d-10585581571d,"원래 라파 처음 나왔을 때 광고 보고 라파 예뻐서 시작했다가 게임 재미없어서 접고 4.4 돼고 시작해서 아직 조금 밖에 못 했는데 드럽게 노가다 인데 이게 좋아 캐릭도 예쁘고 내가 해본 턴제 게임 중 진짜 가장 재밌게 잘 만든 듯 음악회도 봤는데 음악 겁나 좋고 PV 기타 등등 잘 만들어서 진짜 좋음 그리고 소과금인데 현질 15,000원 정도만 해도 효율 되게 좋고 턴제 게임 싫어하는 애들 묶어서 이거만 시키고 싶을 정도로 재밌음",5,4,2026-08-13T08:25:02+00:00,4.4.0
starrail,붕괴:스타레일,2d01f8fa-da10-453f-8ae1-c9e6a29967da,굳,5,3,2026-08-13T06:14:05+00:00,4.4.0
starrail,붕괴:스타레일,e36a2d7f-c89d-4e8f-8ba5-3db1af821c82,"1, 2버전 에서도 인플레가 있었지만 스토리가 개인적으로 좋았으나 3버전 부터 인플레가 빠르게 일어남. 그리고 3.7부터 과거같은 의미있는 스토리가 아니게 된거 같음. 특히 카스토리스와 히야킨의 벨류가 너무 높음. 그로 인하여 게임을 하는 것이 아닌 캐릭터에게 주식 투자하는 느낌이 듦. 내가 좋아하는 캐릭터를 사용하지 못하고 주년캐를 억지로 사용해야함. 그러나 주년캐를 사용해도 유통기한이 1년도 안됨. 그래서 굳이 뽑아야 하나? 몇달 뒤 성능이 더 좋은 캐릭터가 나오는데 왜 지금의 캐릭터를 뽑아야 하는지 모르겠음. 다른 게임들 보다 돈은 잘 벌지만 재투자를 안하는 것처럼 느낌. 과거에는 확실하게 3개의 손기락 안에 들어갔지만 지금은 연출, 스토리, 모델링 등이 아주 많이 떨어짐. 그리고 4버전 이후의 스토리가 뭔지 모르겠음. 아니 환락이면 알아먹게 설명을 해야지 철학이랑 작가의 사상을 넣으니까 맛이 없어지고 현학적이임. 마지막으로 호요견이라는 사람들로 인하여 호요버스 호감이 낮아짐",1,5,2026-08-12T16:55:00+00:00,
starrail,붕괴:스타레일,86e66e2b-dfb8-4a9e-ac59-c57b59dfa905,앱도 좋고 게임도 다 좋은데 갑자기 하고있다가 멈췄더니 다시 백그라운드 다운로드 하라고 하더라고요. 그래서 하고 있는데 너무 기분이 상합니다,2,0,2026-08-12T12:37:49+00:00,
starrail,붕괴:스타레일,d88a74df-5711-4236-9a74-f1122f874688,굿,5,0,2026-08-12T04:54:12+00:00,4.4.0
starrail,붕괴:스타레일,1960af82-d1e0-44ff-a27e-29db3ad288bf,누가 뭐라해도 이 게임을 미워 할 수가 없음. 아무리 개판 쳐놔도 어떻게든 다시 돌아오는것 같음. 출시 때부터 지금까지 쭉하는데 매 버전 이벤트 포함 20~30뽑씩 뿌리고 함. 근데 최근들어서 문제가 돋보임. 애들 전광에다가 방무랑 에충을 같이 넣어줘서 없으면 꼽게끔 만듦. 그리고 무엇보다 인플레가 미침. 혼돈 12층 미는데 적 체력 인플레가 체감 되더라... 파이논 명함으로는 ㄹㅇ 못 밀겠더라. 접대 빼면 팔다리 잘려서 버려지는데 좀 그럼. 그래도 구캐릭 AS랑 파츠 내주는것처럼 잘 해결하려고 노력하는 것 같음.,4,0,2026-08-12T03:03:23+00:00,
starrail,붕괴:스타레일,58ad061f-8457-4e5b-beeb-09255b3b39d7,중국 게임은 왜 스토리 첫 시작부터 캐릭터들끼리만 아는 용어와 설정을 남발하고 그걸 유저한테 설명을 안 해주고 지들끼리만 대화하는 걸까... 대사 진행을 한 1시간쯤 해야 뭔 뜻인지 말해주는 것 같음. 내용 몰입이 안 됨. 이런 전개 너무 싫어서 삭제함..,1,3,2026-08-11T21:33:05+00:00,
starrail,붕괴:스타레일,50549361-08e0-4d41-a824-fcedde40adcb,지 턴제 겜 맘에 안들면 별점 테러 흑흑,4,1,2026-08-11T12:08:18+00:00,
starrail,붕괴:스타레일,064213dc-ed27-4c73-8854-3dc4dea79888,"스토리가 너무 현학적이고 유치함. 매번 고유명사, 은어 남발해대니 짜증나서 스토리 손 놓은지 1년은 넘었다 인플레는 말할것도 없이 심하고.. 라이트 유저인 나도 짜증나는데 돈, 시간 갈아넣는 헤비 유저들은 스트레스 장난 아닐듯ㅇㅇ 그럼에도 별점 4점 준 이유는 캐디, 더빙이 확실히 매력적이고 편의성 패치도 잘 되어있고 뭣보다 내가 좋아하는 게임이라 오랫동안 잘 운영되길 바라는 마음에 4점 줬다. 거 운영 좀 잘해보쇼",4,2,2026-08-11T05:24:00+00:00,4.4.0
starrail,붕괴:스타레일,5514acdb-258a-4f31-a4c3-9edbd71daff3,화페전쟁에서 이자 버그가 있는데 고쳐주세요,5,0,2026-08-10T18:17:28+00:00,4.4.0
starrail,붕괴:스타레일,2f50d1ec-ab94-4c57-804a-f5cdcd442338,8주동안 버전 업데이트가 없는데 고작 성옥 1000개? 1600개도 아니고 뽑기 10회도 안주면서 8주동안 업데이트 없다고 장난해? 성옥 좀 달라,1,3,2026-08-10T07:41:56+00:00,4.4.0
starrail,붕괴:스타레일,8a350a4b-1ff9-4ac2-9132-8e6ace3ef381,재미없고 인플레가 너무 심함,1,0,2026-08-10T06:51:44+00:00,
starrail,붕괴:스타레일,3f36b1ea-565e-4616-aa28-cf91d0febc8c,"여전하네. 호요버스 운영3대장. 1,신규보스피통늘리기. 2,신규기믹 접대 성능캐릭터 현질유도. 3,수습 불가능한 성능 인플레. 여기에 + 신규캐릭터만 나오면 도박에 중독 된것마냥 지갑여는 호요견들. 턴제게임이지만 턴제만의 '전략성'이 전혀없고, 단순히 딜링뽕맛(성능,돌파)으로 돈놀이하는 게임임.",1,137,2026-08-10T00:26:12+00:00,3.6.0
starrail,붕괴:스타레일,349781bc-16d2-49ba-a900-ffefac962aca,인플레가 너무 심함 오래한유저: 돈내고 쓰레기뽑은 호구들,1,5,2026-08-09T19:21:39+00:00,3.8.0
starrail,붕괴:스타레일,3ebad074-7d06-45e8-b09c-9bd42378bfca,시간 없는 사람들은 비추한다. 시간만 있으면 굿인 겜이다,5,0,2026-08-09T12:08:28+00:00,
starrail,붕괴:스타레일,567bab66-3e45-4553-8897-13ba59ee9190,"[페미겜 인데 일러스트라고 언제 수정합니까?] 일단 저는 페미겜 원신들 다를바없어서 평가냄 1. 최적화 엉망 2. 스팀이랑 연동중에 유입이 없음 3. NC랑 붙여 있음 4. 가챠라 노잼임 돈 아까움 5. 렉이 많음.. 세븐나이츠 안해봄? 6. 넥슨겜 같은 분류라 기대안함, 7.NC겜, 8.가챠 조작, 9.AI[일러스트 광고 검열해라], 10. 개적화[렉걸림], NC겜[과금있음], 가챠있음[확률조작]",1,3,2026-08-06T01:59:28+00:00,
starrail,붕괴:스타레일,20ca5295-afa3-4500-a9f2-7b17441afd9e,캐릭터 간 밸런스 인플레이션을 따라가기 어렵고 장점이었던 스토리도 점점 장황해지고 있습니다. 그럼에도 좋은 게임이라고 평가합니다.,5,0,2026-08-04T16:17:08+00:00,2.6.0
starrail,붕괴:스타레일,b868dc18-be47-4de5-9768-8a8972b3facb,한일령을 당한건지 4버전이 실망스러움,4,1,2026-08-01T03:35:39+00:00,
starrail,붕괴:스타레일,194c3301-e8d4-4481-8e91-5e6335621b57,"인플레가 심해서 기존 캐릭터는 한 버전 지나면 아래 티어로 내려갑니다. 고유명사 남발, 현학적, 문어체 대사는 중국산 게임이 다 지적받는 문제점이니 그러려니. 픽뚫이 심하며 유저 피로도를 증가시키는 미니게임이나 도전과제를 포함시킬 때가 많습니다. 특히 겨우살이 조작법은 일부러 그렇게 만든 게 아닐까 싶을 정도.",2,13,2026-08-01T01:20:03+00:00,4.4.0
starrail,붕괴:스타레일,38e0f517-110a-47f2-9eb1-85f730cf5f52,"평범한RPG게임 같은데 광고도 안 나오고 좋은 그래픽과 예쁜 캐릭터들 디자인으로 생각보다 재밌게 플레이중입니다. 여기는 그나마 악당 디자인도 잘 뽑히고 예쁘고, 좋은 게임구성으로, 평소에 친구가 없어서 많이 할 게임이 없어서 한번 깔아보니 너무 잘 하고 있습니다. 근데 그래픽이 커서 배터리가 빨리 나가네요(^^; +배터리는 폰마다 다르겠지만(^_^;)",5,14,2026-07-30T23:12:28+00:00,4.4.0
starrail,붕괴:스타레일,38dbc656-c055-47f3-842f-c31bd874e3b1,"뉴비 기준 1년 정도는 재화 충분히 벌수 있는데 이제 기본 맵 다 파먹으면 슬슬 무과금으로는 후달림. 버전이랑 버전 사이에 인플레 간격이 커서 엔컨에서 딸리는게 실감이 잘 됨. 인플레는 말할것도 없고 스토리도 솔직히 4.4는 3.3이랑 3.4 못 따라간다고 생각함 좋은 소재로 잘 못 살리고 이상낙원 와서 유치한 게 많아져서(이번에 열차신조 한마디씩 하는것도 그렇고) 별점 깎음. 세계관 만큼은 우주를 배경으로 하니까 파먹을 것도 많고 재밌긴 한데, 얘네가 그 설정을 잘 풀고 잘 쓰느냐? 라고 하면 잘 모르겠음. 솔직히 리고스랑 아삿 둘다 좀 더 잘 쓸 수 있지 않았을까 생각하기도 하고. 이상낙원 4.7 괜찮게 나오면 다시 올릴거 같은데 얘네가 여기서 고점 잘 찍을 수 있을지 진심으로 걱정된다 잘해라...턴제 중에 재밌는게 이거 밖에 없단 말이다",2,0,2026-07-30T14:16:46+00:00,
starrail,붕괴:스타레일,210e5bac-b649-4fc1-b179-40414d059ba4,--------스포일러--------- 히메코선생님ㅠㅠ,5,0,2026-07-30T05:35:51+00:00,
starrail,붕괴:스타레일,e854811a-1880-41f0-8264-7ec08e3b5f28,"호요버스 게임은 용량이 커서 부담이 되긴 하지만 그만큼 값어치가 있는 게임이다..붕스 가면갈수록 스토리 퀄리티랑 캐릭터 퀄리티가 높아지고 스케일도 커지고, 보상도 후하게 주고, Fate/Stay Night 콜라보도 완전 잘 돼서 만족도 최상임. 근데 가면 갈수록 난이도가 높아져만 가서 중수랑 고인물 사이쯤인데도 점점 빡세져 감. 파티 중 하나라도 5성 캐릭 구성이 빠지면 제 기능하기 어려워서 지금 시작하는 사람에게는 허들이 너무 높음. 결국에는 그냥 초반부터 시작한 사람들을 위한 게임이다...",5,12,2026-07-29T15:53:12+00:00,4.4.0
starrail,붕괴:스타레일,fa35e4e0-064f-440d-9ca9-7067f303aeec,예쁜 여캐들이 주력이라서 매우 기모찌 함,5,0,2026-07-29T14:14:33+00:00,4.4.0
starrail,붕괴:스타레일,d82b3417-b352-4379-b323-a96267f4d06f,정말 재미 있지만 재료 모으기 빡세다,4,0,2026-07-29T11:19:05+00:00,4.4.0
starrail,붕괴:스타레일,58dfd9ac-443b-4331-a678-9a2d9e3d99a1,아놔 붕토체스에서 내가 투자전략 뭐 골랐는질 보고싶은데 보이질 않네 UI 개편 좀 함 안되나,2,0,2026-07-29T05:04:21+00:00,4.4.0
starrail,붕괴:스타레일,e1c23b35-95b9-4fc3-a452-ed5c637fda18,몇 년만에 다시 해보는데 시간이 지난만큼 이환이비해 연출퀄은 떨어지지만 턴제의 재미는 확실히 만족되는 갓겜인듯,5,0,2026-07-28T16:34:16+00:00,4.4.0
starrail,붕괴:스타레일,82045824-8d3f-487c-85cb-cc010f555018,이벤트 많이 해주세요 굿,5,0,2026-07-28T10:14:22+00:00,4.4.0
starrail,붕괴:스타레일,cd255cf8-9ca7-4ced-a610-0e89ce047c98,"오픈 유저입니다. 스토리가 쓸데없이 길고 너무 많은 고유명사에 복잡함. 특히 앰포리어스 앰포리어스... 그리고 뭐 컨텐츠. 이것들 전부 문제이지만 지금 이상낙원 와서 가장 큰 문제는 몰입을 지들이 스스로 깬다는 겁니다. 이 마리오 기믹..환락이니 뭐 유쾌하게 넘어갈 수 있다고 하지만 어디까지나 상황이 상황이여야 넘어갈 수 있는겁니다. 진지한 상황 중요한 상황에서까지 이 개같은 기믹,미니게임으로 몰입을 깨야하는 겁니까? 젠존제 초반 티비 움직이는 느낌이였어요.",2,1,2026-07-27T18:54:28+00:00,
starrail,붕괴:스타레일,0565f19d-857e-4bb1-9b45-ea9569c43f9b,총 1시간 남짓 플레이 해본결과 라운지 이동이 불편하고 잦으며 이벤트씬이 많아서 전투에 몰입이 안됨 폰으로 플레이하다가 답답해서 남김,3,0,2026-07-27T18:52:52+00:00,4.4.0
starrail,붕괴:스타레일,1d0f7705-5a31-49d6-9fa0-abadd28c2d97,"플레이하다 보면 콘텐츠가 다소 제한적인 부분이 있어 금방 질리는 편이다. 하지만 캐릭터 디자인이 매우 뛰어나고 스토리도 정말 재미있어서, 광고를 우연히 보게 되면 다시 플레이하고 싶은 마음이 든다. 그래서 계속 게임을 지웠다가 다시 설치하는 일을 반복하게 된다.",3,1,2026-07-27T18:17:39+00:00,4.4.0
starrail,붕괴:스타레일,70b154d3-ff24-498f-86b1-9a6c8722aab6,ㅇㄴ 내가 진짜 접지않고 하는게 정말 장한거같음.. 어떻게 픽뚫이 5연임?? 진짜 지친다.. 160뽑에 맨날 명함 뽑으니까 너무화남;; 솔직히 그래서 잘 접속도 안하는듯 확률조작한거같음,1,8,2026-07-27T12:43:55+00:00,
starrail,붕괴:스타레일,04c5d5c2-b540-4020-a527-70c2464250bd,가뜩이나 BM도 비싼데 캐릭터 픽뚫천장에 광추까제 픽뚫 천장 적어도 광추는 확정으로 해줘야 되는거 아니냐? 얼마나 돈을 빨아먹고 싶은거냐 도대체 -답변을 워프관련 규칙 확인해라 이러고 있네요 참ㅋㅋㅋ 지금 내가 워프관련 규칙을 몰라서 이러나요?,1,2,2026-07-27T06:40:02+00:00,1.4.0
starrail,붕괴:스타레일,7182c460-f314-43ca-bb96-bde53ba17c01,턴제 게임이라 별로다.. 턴제 게임 싫어하시는분들은 시작안하시는게 나아요 10분하고 바로 삭제,1,0,2026-07-25T22:44:45+00:00,4.4.0
starrail,붕괴:스타레일,4b1b62df-ed70-4d33-9df3-ae18fdfeead1,인플레가 너무 심하고 버전마다 캐릭터 체급이 화폐가치 바뀌는거 마냥 계속 바뀌고 엔컨에서 접대 받는 캐릭터 없으면 2돌파 강제되는게 역겨워서 접음.,2,15,2026-07-25T19:03:49+00:00,1.2.0
starrail,붕괴:스타레일,1e8ee5b4-bbac-4444-abcb-69bf696a9328,파워 인플레이션이 굉장히 심하고 엔드컨텐츠 적들의 체력이 버전을 지날수록 기하급수적으로 오릅니다. 그리고 참 놀라운건 제가 처음 리뷰를 쓰고 리뷰를 수정하기까지의 1년 동안 바뀐 게 딱히 없습니다. 캐릭터를 as해주기는 하지만 인플레이션 속도가 더 빠른 것으로 체감됩니다. 간단하게 말하자면 뉴비분들 오지마세요.,2,16,2026-07-25T15:14:16+00:00,4.4.0
starrail,붕괴:스타레일,1a68022b-7e54-4067-ae0a-6acfae7e2248,일단엄청제미있습니다하지만영혼이 모여 주조된 별 상점에단항 음월이나왔으면참좋을거같습니다.,5,0,2026-07-25T13:51:42+00:00,4.4.0
starrail,붕괴:스타레일,ae78a364-96e4-4e70-a6ef-1b92b8a42f45,스토리갓겜,5,0,2026-07-25T12:51:42+00:00,3.1.0
starrail,붕괴:스타레일,fbde2511-8fb0-48b7-9013-e3737220cbb6,"살다살다 이렇게 몰개성한 서브컬쳐 게임은 처음해봄. 다 원신에서 베껴온 듯한 디자인에 어디서 본 듯한 뻔한 설정에 인기캐 반디 로빈 모두 서사나 성격면이 아쉽다못해 그냥 이입이 안됨. 성공하려 만든 게임보단 실패 안 하려 만든 프렌차이즈에서 공장에서 찍어낸 게임같음. 게임 시스템도 믿기기 힘들만큼 단순하고 캐릭터 뽑아놔도 덕질할 수도 없고 그냥 메인컨에 투입할 수 있는 게 전부인 꼭두각시 쓰는 느낌임. 블루아카이브나 니케나 명조조차도 기본적으로 가챠로 뽑고 나면 볼 수 있는 모션이나 스토리나 하다못해 텍스트 읽을 거리리도 주는데 얘넨 그런것도 없음. 점프도 못하는 겜에 컨텐츠 고갈은 빠른지 맨날 서브컨텐츠만 잔뜩 주입시키고, 심지어 메인컨텐츠 마음에 드냐? 그것도 아님. 그냥 맵만 크고 정작 개성이되어야할 상성시스템도 그냥 유저피로도만 늘리는 꼴임. 파워인플레에 메인스토리 여론 감안하면 늦게 기웃거리는 뉴비들한테 비추임. 명조 니케 엔필 zzz 차라리 이쪽으로가보셈",1,1,2026-07-25T07:54:32+00:00,
starrail,붕괴:스타레일,cdb8b332-be2d-432a-8a7b-5102bbc37c8d,"서브 미션들이 너무 많아요, 반으로 줄여줬으면 합니다",3,0,2026-07-25T00:10:56+00:00,
starrail,붕괴:스타레일,849c41a1-2528-4e50-b763-ae76784e7447,굳,5,0,2026-07-24T14:42:41+00:00,4.4.0
starrail,붕괴:스타레일,86bdc9b3-18f9-4366-a3d4-36244b70b13d,이상낙원 잘 가다가 결말 이게 뭐임??? 앰포 때보다는 낫다만 또 배드엔딩?? 아스트로폴리스 때는 또 어떻게 될지...싶다 마지막 종장 페가나에서는 결국 개척자가 세계 파멸시키는 엔딩이려나 ㅋㅋ,1,11,2026-07-24T11:03:24+00:00,4.4.0
starrail,붕괴:스타레일,89853973-945c-4288-bc36-1c1b0c992cca,"스토리도 재밌고 캐릭터도 매력적이여서 좋은거같아요 재화는 이벤트 참여를 안하면(즉시 개방할려고하면 스토리 스포당하는게 있어서 안하고있음) 재화 모으는게 좀 빡세기는 하지만 모을 만합한거같아요, 근데 게임을 욕하시는 분들이 있는거같은데, 이건 그냥 취향 차이인거같아요, 스토리가 유치하다고 하시는분들이 리뷰보니까 많던데 저는 몰입하면서 엄청 잘 보고있거든요, 근데 유치하다고 생각하면 유치할수도있을거같아요, 그리고 인플레가 심하다고 하시는분들이 많은데 저는 어쩔수 없다고 봐요, 쟤가 좋아하는 캐릭터도 퇴물됬어요, 그래도 게임사 입장에서는 기존보다 강하고 매력적인 캐릭터를 내야해서 그러는거 같아요,그러다보니 전버전 캐릭터는 뒷전이되고요, 근데 아직 엔드게임하지도 않긴했지만(스토리도 2버전 미는중) 화폐전쟁만 봐도 난이도가 개판이긴해요,저도 이거 때문에 욕많이 해서... 솔직히 AS시급한 캐릭터들이 많은거같아요 결론: 취향차이가 심한 게임이라고 생각, 근데 진짜 난이도 개판이고 인플레 심함",5,0,2026-07-23T23:42:36+00:00,
starrail,붕괴:스타레일,e1c3304f-795d-4ed2-8666-ffb558bf417c,캐릭터 수명도 짧고 뽑기는 픽뚤이 너무 잘남,3,11,2026-07-22T18:15:27+00:00,4.4.0
starrail,붕괴:스타레일,686f9b7c-a4f4-4070-9a4d-dc00583d6862,나이트 뚫는 무과금 유저인데 날이 갈수록 게임이 유치해지네요. 류웨이가 각본에 투자한 자본이 있어서 적어도 웹소설 수준의 스토리를 기대했는데;,1,1,2026-07-22T15:33:21+00:00,2.0.0
starrail,붕괴:스타레일,680d0f20-c80e-4112-ad55-3ffbd8bd99ed,2025년 8월16일부터 한 13살 아이구여 폰에서 하는 데 너무 재미있는거에요 그러니까 업데이트 태양이 파멸로 향하기에부터 했는데 아직도 처음 했던 기억이 떠오르네요ㅠㅠ 감사합니다 호요버스!!! 앞으로 대박나라!!!,5,1,2026-07-21T12:22:59+00:00,4.4.0
starrail,붕괴:스타레일,29147e63-9bf0-4f58-851b-5a466d486bc2,"별 기대 없이 모바일 게임으로 깔았다가 미친 그래픽과 스토리, 캐릭터들 덕분에 정말 재밌게 게임하고 있습니다. 붕괴 스타레일 덕분에 붕괴 게임 제작사인 젠리스 존 제로도 시작해 보고 충분히 덕질도 가능한 게임입니다. 정말 지루하지 않고 시간 가는 줄 모르고 하게 되네요. 광고도 없어서 깔끔하고 현질유도도 거의 없는 착한 게임 지금이라도 늦지 않았으니 지금 꼭 시작해 보세요!",5,1,2026-07-20T10:53:41+00:00,
starrail,붕괴:스타레일,911fac76-54fb-4f67-ba97-e410f44873ee,"디펜스 모험 rpg 턴제 게임 좋아하는 13살 아이구여 이거 초반에 쉬운데 갑자기 뒤통수를 치고 보스등장이 너무 빨라요 그리고 이거 공격을 해서 약점 공락을 넣는데 갑자기 공격이 안되는 부분이 있네요 이거만 패치하면 좋을것 같아요 (종말괴수 게파르 브로냐 스바로그의 로봇 너무 어려움 공락법 구함니다)그뤼구 나이 제한 12세라서 적당하고 번역과 디자인이 마음에 들어요 필살기는 간지나고 에버나이트 뽑고 싶어서 워프 한번더 괴최 바랍니다 스토리에 나오는 캐릭은 전용코인?으로 살수있어 좋네요 그리구 헤르타 시뮬레이션이 난이도가 너무 높아요 또 신케 무료이벤트도 있으면 좋을것같아요 poketmon go, 쿠킹덤 빼면 제 최애갬!! 앞으로 붕괴:스타레일 10억 다운로드 가자 (마춤뻡 양해 바랍니다)긴글 읽어 주셔서 감사합니다",5,8,2026-07-20T07:24:59+00:00,4.4.0
starrail,붕괴:스타레일,36f0f93e-f889-4a60-b40b-0e5fe5d238a8,다른 것 보다 재화모으기 쉬운편이고 요즘에 다양한 컨텐츠들도 생겨서 재밌어요,5,0,2026-07-18T18:24:29+00:00,
starrail,붕괴:스타레일,41f89dd9-28ba-40a3-98e6-b75fa3d54ae2,복귀 유저인데 이게 꾸준히 하지 않으면 너무 뒤쳐져서 무료 배포 케릭도 한정 기간이라 기간 지나면 배포도 안하고 케릭 풀이 없는 상태에서 복귀란 그냥 신규유저랑 다름 없음 전혀 유저 친화적이라고 보기엔 복귀나 신규 유저가 복귀하기엔 너무 가혹한 게임 그냥 새로 출시하는 게임 하는게 더 좋을듯 현타가 무쟈게 오는 가챠 시스템 선택과 집중을 할수가 없는 게임임 에전엔 4성도 도움이 좀 됏는데 이제는 4성을 쓸수도 없음,3,1,2026-07-18T07:52:50+00:00,4.4.0
starrail,붕괴:스타레일,002e0f39-2260-43b6-97f6-8218dfc38007,다른 사람(친구)의 열차 공간에 들어갔을때. 그 쪽 사람이 설정해둔 배경 노래도 나왔으면 좋겠어요.,5,0,2026-07-18T06:26:02+00:00,3.4.0
starrail,붕괴:스타레일,7e310f54-7698-405e-85b9-bd3fc7cd832d,스토리? 일단 미쳤고 캐릭터? 넘무 매력적이고 삽입곡? 지림,5,2,2026-07-17T14:50:46+00:00,4.4.0
starrail,붕괴:스타레일,83ae4d55-fdca-4d36-a2c8-908005078225,붕괴 3rd도 재밌게 했는 사람으로써 붕스도 재밌음. 스토리도 좋고 플레이방식도 재밌음. 호요버스 게임들 스토리보면서 하는 사람이라서 스토리미는데 오래걸리기는 하는데 그만큼 재미있음,5,0,2026-07-17T04:08:51+00:00,4.4.0
starrail,붕괴:스타레일,a94ff52b-ad79-4cd6-8e47-40987dda14cf,인플레는 심각하게 늘어나는데 픽뚫나면 손해는 크고 점점 하는 보람이 없어지는 것 같은 느낌이네요.,2,2,2026-07-17T02:59:10+00:00,2.1.0
starrail,붕괴:스타레일,6d53d2cd-22c0-42a9-a004-2b30daae2bab,스타레일 롱런해요,5,1,2026-07-17T02:22:51+00:00,4.3.0
starrail,붕괴:스타레일,92a5c614-6d17-4e64-a01b-ce04bc4bfc36,스토리안좋다고생각하는사람들은페나코니스토리봐라,5,2,2026-07-17T00:57:35+00:00,4.4.0
starrail,붕괴:스타레일,201e48bb-e451-4361-b556-0d7305a86edf,진짜 너무 재밌습니다 한 번은 꼭 해보시길,5,0,2026-07-16T19:04:37+00:00,4.4.0
starrail,붕괴:스타레일,d9423a2d-5975-402a-a7ab-63d98de1b9a9,열차 돌려,3,0,2026-07-15T15:40:38+00:00,4.3.0
starrail,붕괴:스타레일,1ed2a8d5-a3db-4d2a-af32-0fe43bb1111e,좀 고이면 무과금이어도 충분히 한 버전당 캐릭터 하나씩은 가져갈 수 있어요,4,0,2026-07-15T11:21:23+00:00,4.3.0
starrail,붕괴:스타레일,e235d7e5-b125-43cc-a855-9cb78325f768,"트위터,페이스북으로 한번억 로그인이 불가능해서 불편해요 트위터로 로그인 하면 자꾸 게임 로그인 화면뜨고 20번 이상 시도해도 로그인 못해요 트위터로 앱인증 뜨고 나서 게임이 자꾸 흰색으로 바뀌면 로그인을 못하잖아요 로그인을 못해서 오랜만에 하려고 했는데 게임을 못하겠네요",1,19,2026-07-15T10:24:43+00:00,4.4.0
starrail,붕괴:스타레일,733009f9-73d6-4d08-91d4-a0caf40ffd12,데브시스터 계정 폭파 되서 이사 왔는데 터 좋네ㅋㅋ,5,1,2026-07-15T09:35:01+00:00,4.3.0
starrail,붕괴:스타레일,0b5c309a-32f9-4eb7-b0ce-5d21dbea6550,갓겜.,5,0,2026-07-15T09:34:06+00:00,4.3.0
starrail,붕괴:스타레일,f4ab3037-07f5-4767-ae31-40ff4a8e868b,"이게임은 진짜 절대로 시작을 하면 안됨 외국이나 유튜브에서 나오던 요즘 인기가 좋다고 소문이 나던 하면 안됨 처음엔 재화 많고 할수 있는 파티도 많고 그 파티로 접대도 받으니까 좋은데 게임이 스토리 다하고 이벤트 까지 하면 받을 성옥이 없음 근데 다른 엔드 콘텐츠는 파티 2, 3개 정도는 있어야 할수 있음 현질을안 하면 파티 2, 3개 맞추는게 졸라 어려움. 그리고 엔드 콘텐츠를 안하고 스토리만 보자니 또 스토리가 그렇게 좋은건 아님 일단 페나코니까진 좋은데 엠포리어스랑 낙원이 생각보다 별로임 4.3 버전 업데이트 할때쯤 되니까 재미가 졸라 없어서 걍 게임에 손이 안감 그리고 게임성도 문제인데 컨텐츠가 없어지면 일퀘만 하게 되는데 그럼 걍 자동 돌리거나 스킵 써서 이게임의 애정이 없어짐 그리고 스토리 전투도 턴제라서 걍 필살기 조금 누르고 전스랑 평타 치는게 다임 장담하는데 이게임 시작하지 말고 다른 서브컬쳐 게임 하는게 님들 인생에 도움 될거임",2,1,2026-07-15T08:59:52+00:00,4.4.0
starrail,붕괴:스타레일,de603135-df8a-4f27-84d4-7685fd03ab7d,스파키를 원함,5,1,2026-07-15T07:46:43+00:00,4.3.0
starrail,붕괴:스타레일,cc8dc0d8-fad8-4f8d-a52d-98fe0d92ff92,재화도 모으기 쉽고 캐릭터도 예쁘다는 장점이 있고 쉬운 게임 서비스 개선을 위해 계속해서 업데이트를 진행하고 쉬운 게임성과 뉴비들을 위한 혜택이 있지만 극후반부에는 재화 수급이 비교적 힘든 편이지만 그것을 제외하면 따로 개선해야 점이 거의 없는 좋은 게임입니다.,5,7,2026-07-15T07:45:17+00:00,4.4.0
starrail,붕괴:스타레일,be338b03-50d0-4e43-825c-03e32895485a,이번 이상낙원 스토리 진짜 기대되네요.,5,0,2026-07-15T07:36:53+00:00,4.3.0
starrail,붕괴:스타레일,b3fcf66c-5fb9-4711-a32c-2b9331d0b53b,캐릭터가 너무너무이쁘고요 무료재화를퍼줍니다 육성난이도는레진빼고는다딜이잘나와서좋아요 굿굿호요버스게임하시는분들추천합니다,5,0,2026-07-15T07:02:58+00:00,4.3.0
starrail,붕괴:스타레일,c68c7563-4c66-4091-a53b-65166f5e9a2e,엠포리어스덕분에정신병걸려서1점깎습닏다스토리정상화될때까지난오크마인이다,4,1,2026-07-15T06:48:37+00:00,4.4.0
starrail,붕괴:스타레일,c515537a-cc62-433e-8458-33340cf90670,메인스 사운드 버그는 장난하나,1,11,2026-07-15T05:48:26+00:00,4.4.0
starrail,붕괴:스타레일,9bfd8e42-1c29-4df7-848e-5df18b81bfc9,최고의게임,5,0,2026-07-15T04:04:28+00:00,4.3.0
starrail,붕괴:스타레일,21b7a7df-cb9c-4fe9-a679-449d7a3f97ee,이렇게까지 인플레 쥰내 심한 겜 첨 봐요ㄷ,3,1,2026-07-15T02:26:19+00:00,4.3.0
starrail,붕괴:스타레일,a8ca7e8e-0fc6-4e5a-a329-e6c61f15e30e,페나코니는 신이야....,5,0,2026-07-15T01:27:44+00:00,4.3.0
starrail,붕괴:스타레일,a77c54d8-0b13-418d-95ec-5a60b871f993,야르,5,0,2026-07-15T01:21:48+00:00,4.3.0
starrail,붕괴:스타레일,2f44062f-02de-445c-9fa3-9b55231c1226,"은랑 999뽑고난뒤 게임이 겁나 쉬워졌고 못밀던 컨텐츠 허구,종말 같은거 녹아버리니까 재밌음 성옥수급짜릿함",5,0,2026-07-15T00:49:06+00:00,4.4.0
starrail,붕괴:스타레일,e5bd37b7-c6bb-47f9-ba1c-08f139278ff6,애매,2,0,2026-07-14T09:42:32+00:00,
starrail,붕괴:스타레일,d5f2c421-06c6-4a82-a9c9-9e3874878944,페미 버스 게임은 거른다,4,5,2026-07-14T09:09:31+00:00,4.3.0
starrail,붕괴:스타레일,0805c4ed-75b8-4227-982e-7e82d92ee595,유저소통안함 게임인플레 너무심해짐,5,6,2026-07-13T20:35:04+00:00,1.5.0
starrail,붕괴:스타레일,26e93bc1-50cc-4752-bb27-69ab011d3e0a,모바일 게임이 뭔지 가장 잘 이해하고 있는 게임.,5,0,2026-07-12T20:54:32+00:00,4.3.0
starrail,붕괴:스타레일,013ed569-1391-4e8a-b35a-95de307c20df,순수노잼인데 턴제까지 재미없음,1,1,2026-07-12T18:49:36+00:00,
starrail,붕괴:스타레일,3cd7cd71-6444-4d9d-b9ca-d5ac0122854d,재밌는데 무과금 성옥 수급처만 좀 늘리면 괜찮을거 같네요,4,3,2026-07-12T11:58:08+00:00,4.3.0
starrail,붕괴:스타레일,c191c8c0-319a-4521-99ec-98ff9a1a5e58,엉청재밌어여,5,0,2026-07-12T09:14:54+00:00,4.3.0
starrail,붕괴:스타레일,85cdbee8-05cd-4acf-a0b1-f9cac8c2a05e,와 진짜로 너무 재밌지만...저장공간이 부족해서 못할 것 같네요...,5,0,2026-07-12T07:12:22+00:00,
starrail,붕괴:스타레일,c14c8c0c-1a87-483c-a532-017c41c5cf0a,"개 쓰레기 캐릭터만 주고,다시 처음부터 시작 하니까 원래 주던 캐릭터도 안주네요 그리고 스킵하고싶은 부분은 많은데 일정부분은 봐야되고 이런거를 고쳐주시면 다시 할 의향은 있어요.",1,0,2026-07-11T19:41:31+00:00,
starrail,붕괴:스타레일,b211fc64-1b69-43bb-a6f3-da22f5c7e655,너무너무 재미있었어요! 제가 해본 게임 중에서 최고 였어요 ㅎㅎ,5,0,2026-07-11T13:50:10+00:00,4.3.0
starrail,붕괴:스타레일,4761aae2-5c70-44ad-b6ff-2679887bc104,그냥 개 재밌음 3년동안 빠짐없이 플레이 했는데 걍 이건 퍼주기도 하고 스토리도 짱짱함 악플 다는 사람 많은데 지들은 리뷰라고 생각하겠지 ㅋ 근데 생각해보면 걔네가 게임을 만들수는 있나? ㅋ 쨋든 호요버스는 원신도 5년동안 계획한 스토리도 맛있고 붕괴 스타레일도 아하 라는 이격이 나오면서 미는게 시워지고 개그캐 많이 나오니까 더욱 재밌어짐 이건 꼭 해봐도 좋은 게임 ㄹㅇ;; 손해 볼게 없는게 내가 유과금 계정 무과금 계정 있는데 유과금 계정? 그래 현질하니까 캐릭터 많고 풀돌이라고 치자 근데 무과금도 나름 5성캐릭터 많이 퍼주고 이벤트도 많이하고 무료보상 많으니 이겜은..ㅆ 걍 갓겜 한번해보셔 ★★★★★드입니다^^ 이상한 리뷰? 아니 악플같은 것들 무시하시고 재밌는 게임 많이 만들어 주세요 ㅎㅎ,5,10,2026-07-09T23:22:30+00:00,4.3.0
starrail,붕괴:스타레일,256f8011-2532-4f1c-89e1-0af7fe37c726,멈출줄 모르는 미친 인플레. 제3국 언어마냥 이해가 안되는 고유명사가 판쳐서 뭐가 뭔지 모르겠는 해괴한 대사들. 그저 페나코니의 추억만 남은 기괴해진 스토리. 그래도 연출과 모델링 하나는 좋은 게임.,3,4,2026-07-09T04:07:45+00:00,
starrail,붕괴:스타레일,320b8dac-3e07-43db-875c-3ea84fe0c6d1,소통의 부재,3,2,2026-07-08T12:37:23+00:00,4.3.0
starrail,붕괴:스타레일,ff2905e8-9695-4e72-b846-9ae7c344f8fc,"​아무리 12세 이용가라지만 스토리가 너무 유치합니다. 주인공 보정이 심한 데다, 모든 갈등이 주인공의 개입만으로 너무 쉽게 해결되어 서사적인 재미가 떨어집니다. ​긴장감이 느껴지지 않는 가장 큰 이유는 문제를 해결할 때 치르는 '되돌릴 수 없는 손실(대가)'이 너무 적기 때문입니다. 최근 PV에서 초창기 비인기 캐릭터인 '히메코'의 죽음을 예고했는데, 서사적 완성도를 위한 희생이라기보다는 매출이 안 나오는 캐릭터를 정리하려는 의도가 보여 몰입이 깨집니다. 심지어 이격 픽업 직전에 이러한 연출을 넣은 것은 마지막으로 매출을 쥐어짜 내려는 노골적인 상술로 느껴져 불쾌하기까지 합니다. ​아동 타깃인 조차 주인공의 실책으로 소중한 인물을 잃는 무거운 대가를 치르며 서사에 입체감을 줍니다. 반면 이 게임은 서사마저 자본주의적인 계산으로 움직이는 듯합니다. 인플레이션이 심해 월정액 외에도 과금 유도가 상당한데, 스토리 연출마저 돈냄새가 너무 나네요",1,3,2026-07-07T14:26:32+00:00,
starrail,붕괴:스타레일,a9612a37-fdde-4419-81aa-fbe432c52392,"1. 인플레 조정 명전으로도 혼허종 풀별을 특정 캐릭, 좋아하는 캐릭으로는 못하면 뭐하러 게임하지 2. 유물 해당 캐릭터이 주로 쓰는 옵션 확률 증가 파이논 1년째 유물 안나와서 못쓰는중 상식적으로 치확이 50도 안되는데 쓰겠나 3. 픽뚫 확률 40%까지 낮춰주삼 이게 무슨 스토리 게임이야 운빨게임이지 4. 성옥 더 줘야할듯 20%만 더 늘려도 여유롭겠다 천장 찍을만큼 준다는 인간들이 많은데 항상 80뽑마다 나오는 것도 아니고 매버전마다 뽑아야하는데 픽뚫나게 된다면 그냥 밀려서 게임 클리어도 못하게됨 이거만 충족되어도 충분히 좋아질 가능성이 보임",1,2,2026-07-07T01:33:36+00:00,4.3.0
starrail,붕괴:스타레일,c34bcce3-7c61-4b80-b310-00b0ce08771f,퍼주긴 퍼주는데 솔직히 별 의미가 없는 이유가 캐릭터 인플레가 너무 심함. 시즌 지나면 구세대 캐릭들은 스팩이 형편 없어져서 관짝에 들어가야 할 수준이 되어버림. 누구 말처럼 소과금은 과금을 해도 티도 안남. 핵과금 할만큼 돈이 썩어나는 사람이 아니라면 엔드 컨텐츠는 손가락 빨고 구경만 해야 함. 그리고 엠포리어스부터 스토리 난도 확 올라서 고전 중. 가챠 게임이 다 그렇다지만 캐릭 풀 좁으면 하기 힘듦.,2,4,2026-07-06T23:33:58+00:00,
starrail,붕괴:스타레일,7ea9b5f7-4b63-4237-ba9d-adb853ca6887,"매 업데이트마다 터무니없는 성능의 신캐 출시, 끝이 없는 파워 인플레이션과 상당한 과금유도, 매우 비싼 가격, 서브컬쳐 게임사 중 가장 많은 돈을 벌지만 여전히 인색한 보상. 천장에서 50% 확률로 원하지 않는 캐릭터가 나와(픽뚫) 강한 불쾌감과 과금 부담을 주는데, 광추 뽑기에도 25% 픽뚫을 꾸득꾸득 넣어둠. 스토리가 궁금하다면 유튜브로 보는 것이 추천되며, 접지 못해서 하는 중이라면 지금이라도 탈출하는게 현명함. 명작 게임 여러개를 사거나 더 알차게 쓸 수 있는 돈 수십만원을 캐릭터 하나 뽑는데 쓰는 미련한 짓은 하지말길... 백만원 넘게 과금하고 현생을 위해 접은 후에야 정신 못차리고 돈낭비 했다는 것을 깨달음... 여러분은 이런 실수를 하지 마십시오. 예전보다 개선되었다해도 착각하면 안 됩니다. 요즘 경쟁작들도 다 이정도는 하고, 오히려 훨씬 저렴하면서 퀄리티도 더 좋습니다. 원신의 성공으로 서브컬쳐 시장을 장악한 호요버스지만, 앞으로는 더 조심해야 할 겁니다.",1,765,2026-07-05T08:41:00+00:00,3.6.0
starrail,붕괴:스타레일,f630d98d-d6fb-428d-9139-ea60c02e37c0,뽑기 광추는 픽뚫이 없어야 한다고 생각합니다 광추에서 픽이 겁나 떠요 제가 운이 없는것도 있지만 그래도 열심히 모아서 하는데 광추 만큼은 픽이 없었으면 합니다.,4,4,2026-07-05T08:15:09+00:00,2.1.0
starrail,붕괴:스타레일,ff275be3-530a-4e14-b1b7-9f4a70bae5f4,"내 의지와 별개로 애정캐를 못쓰는게 매우 불쾌함. 이격을 기도하든지, 억빠신파츠를 기도하든지 아무튼 호요버스한테 기도해야함. as는 한두버전 이후로는 돌파필수 캐릭 가격이라도 싸면몰라 이딴게 캐빨겜인게 어이없음",2,0,2026-07-04T16:04:18+00:00,4.3.0
starrail,붕괴:스타레일,33d78cad-954e-436f-a354-b58e1bfecfbb,만약 무소과금이 이 게임 오래 하고싶으시다면 n.0 버전 넘어갈 때 마다 주기적으로 계정 새로 갈아타면서 초반자원으로 접대캐 효율돌파하고 파티맞추면 이 게임 인플레 진도 따라갈 수 있음. 어짜피 시간갈아넣어서 쌓는 스펙같은거 딱히 있지도 않고 그냥 돌파랑 유물고점이면 끝임. 무소과금의 자원으론 엔컨하기 빡세니까 계정붙잡고 계속했다간 보상도 제대로 못타먹음. 과금러라면 만족도 정말 굉장한 게임 중 하나,5,2,2026-07-03T14:45:01+00:00,
starrail,붕괴:스타레일,4b3c75c6-bfb4-48a8-aa7f-00a0706c4807,되게 재미있어 보임.,5,0,2026-07-03T13:34:11+00:00,4.3.0
starrail,붕괴:스타레일,8327e777-29e4-4982-8451-5edd3f93a950,"일단 그냥 재밌음, 근데 현재기준으로 난 뉴비인데 생각보다 성옥모으는게 빡세서 힘듬ㅠㅠ 저장공간을 좀 많이잡아먹기도 하고 뭔 대사 주고받는데 거의한 1~2분이듬. 2배틀면 빠르긴함, 그래도 재밌으니깐 별4개줌",4,0,2026-07-02T11:58:56+00:00,4.3.0
starrail,붕괴:스타레일,62a32477-6c8e-4e25-a92c-0813958eeb8d,겜은 재밌는데요 난이도가 진짜 개헬이거든요? 그 스바로그 잡는데 진짜 짜증나서 패드립하고 욕하고 다했는데 이거 보시면 그놈 패치좀 해주세요...,3,0,2026-07-01T04:40:45+00:00,4.3.0
starrail,붕괴:스타레일,ba8b9823-b1ab-4559-812d-3b4c35d7620f,4버전=쌀먹 이격만 주구장창내고 디자인은 거기서 거기 그렇다고 얼굴이 업그레이드 되냐 그것도 아님 화폐전쟁만 아니었으면 진작에 겜 접었음,1,27,2026-07-01T03:35:40+00:00,4.3.0
starrail,붕괴:스타레일,351bfb7b-25eb-425d-9012-e0f212ad7687,미호요의 역작,5,1,2026-06-30T12:08:51+00:00,4.3.0
starrail,붕괴:스타레일,b504b488-47e4-42ea-b239-f0d3451ebd3e,"턴제를 쉽게본 호요버스의 가장 큰 실패작 전략성 1도 없는 턴제 그저 속도 맞추기 게임, 개발사는 게임 개발 한번도 안해본거 같이 출시되는 캐릭마다 밸런스 십창나는 중, 재밋는 줄 알고 점점 뇌절하는 스토리, 오픈 유저이지만 엠포리어스까지 재밋게 즐기다가 하차합니다. 한때는 정말 좋아했고 꼬박꼬박 캐릭들 돌파해주면서 신규 컨텐츠 깨려고 노력했지만 전략성이 없어 재미를 잃어버리고 점점 숙제처럼 느껴지는 컨텐츠, 재밋지도 않은데 억지로 유쾌함을 유도하는것 같이 불쾌하게만 느껴지는 스토리, 반복적이고 밸런스가 붕괴되버린 엔드컨텐츠, 그밖에 캐릭 밸런스 불균형, 기대했던 신규 지역과 다르게 에이언즈 ""아하""로 뇌절이 허용치를 넘는 컨셉, 동일 캐릭 재출시 같은 신캐들 보고 더이상 할 이유를 못느껴서 하차합니다. 더 이상 신규 캐릭이 신규 지역이 신규 컨텐츠가 매력적으로 보이지 않게 됐네요. 미래에는 어떨지 모르겠지만 현재로선 ""진짜 무료게임"" 처럼 즐길 분들 아니면 안하시는거 추천드립니다",1,14,2026-06-29T17:38:05+00:00,2.4.0
starrail,붕괴:스타레일,8003ffe0-e4c8-4f97-8060-439857af6076,카스토리스 사랑해,5,0,2026-06-29T06:23:52+00:00,4.3.0
starrail,붕괴:스타레일,086686df-d72a-41bc-a995-501c849109dd,즐거운 경험 그것은.,5,0,2026-06-28T08:29:16+00:00,4.3.0
starrail,붕괴:스타레일,9d512c17-cb7a-4055-b4d9-df737e7929ee,인플레이션 미친 최악의 게임 1년마다 엔드컨텐츠 몹 체력이 10배씩 늘어남,1,2,2026-06-27T12:02:36+00:00,2.5.0
starrail,붕괴:스타레일,eb2a9725-58df-4b12-a6fa-985e8cdcd957,블레이드가 세로운버전이라뇨 ㅎㅎㅎ 지그하고잇는에피도블레이드관련되서나온다는대 초반이라조금지루하지만요 길가매쉬라니 양갈래꼬마애도안다니또할개용 돈도많이안들어서좋아요 7월27일에다시할개요 ㅎㅎ,5,0,2026-06-27T08:56:31+00:00,4.2.0
starrail,붕괴:스타레일,c1d47590-3d22-41a8-91dd-6e6a6d100421,"2025년7.31일 부터 시작한 유저인데 마음에 듭니다. 돈 안 쓰고도 게임 플레이가 가능하고요,뽑기도 명함정도(운좋거나 열심히 하면 전광도)뽑기가 가능합니다.스토리 좋구요(선주 빼고)캐릭터 좋구요 서사 좋습니다. 단점이 앤콘깨기가 극악의 난이도 구요,뽑기가(캐릭터)50%의 확률로 다른 캐릭터가 나울 수 있습니다. 뉴비분들 팁좀 드리자면 처음에 야릴로 할때 개척레벨 올리라고 하잖아요,가이드 에서는 상자 까라고 하는데 모조꽃받침 금,적 돌리면 됩니다.(전 거기서 3일 해멨음) 쨌든 뭐 그렇답니다~~",5,8,2026-06-27T02:09:04+00:00,4.3.0
starrail,붕괴:스타레일,af61ed0d-9af2-480e-b94b-f4aa87d2f9c5,호요겜 중에서 가장 재밌게 한 게임임. 복귀 보상도 달고 평소에 해도 많이 퍼줘서 나같은 돼지지만 돈이 없는 씹덕한테는 감사할 따름임. 심지어 렉도 안걸릴 뿐더러 턴제 게임이지만 쉽게 할 수 있는 난이도라 오픈 때부터 쭉 재밌게 해왓음. 장르 평균이 더러워도 참고 하는게 붕괴 스타레일인듯. 그리고 캐릭터 디자인을 매우 잘함. 5성만 내는게 얄밉긴 한데 예쁜캐 하나 데려오는 것 정도야 내 대가리가 깨진만큼 돈이 깨지진 않으니 괜찮음. 게다가 성옥이 없으면 하루 기다리고 퀘스트만 깨면 65개인가 주니 이게 옆동네 호요겜이랑 같은 회사겜인가 싶을 정도로 너무 달아서 사랑니조차 녹을 것 같앗음. 꼭 해라.,5,3,2026-06-26T11:53:56+00:00,
starrail,붕괴:스타레일,f124a55c-76b8-4e16-95c1-ba30c22530f1,재미있네요,5,1,2026-06-26T05:54:30+00:00,4.3.0
starrail,붕괴:스타레일,600770ff-8c3d-48a6-a1ed-e6cb217cb917,오붕무,5,0,2026-06-26T00:09:22+00:00,4.3.0
starrail,붕괴:스타레일,b6e5a0bc-08d1-43f6-8e45-b2158cede0fd,"저장공간 이유로 놀지 못해 천야•블레이드를 뽑지 못해서 매우 아쉽습니다. 그 이외, 단항•등황을 복각시켜주셨으면 합니다. 《토룡음》 기대하겠습니다.",5,11,2026-06-22T12:04:44+00:00,3.8.0
starrail,붕괴:스타레일,20b563a1-656d-434c-a17f-c7a81e1bafbd,"붕괴 스타레일의 장점은 뭐니뭐니 해도 괜찮은 캐릭터 디자인과 매력을 부여하는 스토리 쉽고 간편한 턴제 전투 등이라고 생각하는데요. 캐디야 뭐 그럭저럭 유지되고 있는 편이라고 해도 나머지는 좋게 말해주기 어렵네요. 우선 게임이 재미가 없어요. 턴제는 오픈월드로 만들 수 없으니 당연히 게임 볼륨은 작아질 수 밖에 없죠. 또 고난이도 컨텐츠, 추가 모드 등이 개발되어도 죄다 증강 조금 넣은 연속 턴제 배틀 수준에 지나지 않으니 할 것도 없고 재미가 없습니다. 할게 없어도 가챠 가격은 그대로지만요. 그렇다고 스토리가 재밌냐면 그것도 아니고, 현재 스토리 라인은 지들끼리만 아는 용어, 현학적인 표현, 은유로만 떡져 있으면서도 유치하고 재미없는 기적적인 구조를 가지고 있습니다. 스토리가 좋다는 말은 전 정말 이해를 못하겠네요. 또 항상 이런 류 게임들이 그렇듯 신규 캐릭터의 접대와 파워인플레가 강한 편이고, 세팅 난이도도 매우 높습니다. 결론적으로는 취향을 좀 많이 타는 게임이 되어버렸네요.",3,11,2026-06-21T23:50:34+00:00,4.3.0
starrail,붕괴:스타레일,1fd43882-5798-46e4-b7c0-c08cf170a697,y700 g9컨트롤러는 사용 못하나요?? 아무리 해봐도 안되네요 ..........,1,0,2026-06-21T19:24:01+00:00,
starrail,붕괴:스타레일,b447b2fb-fcf2-41f8-a45e-88e9f2326ae7,눈행성 끝나고 처음으로 5성캐릭 나왔는데 다른애나옴.. 다음 중국행성이 다들 고비랬는데 그냥 여기서 멈춰야 할 듯. 이벤트도 해봤는데 캐릭터 스킬 너무 어지럽고 이해도 안감..,2,1,2026-06-21T12:52:48+00:00,
starrail,붕괴:스타레일,4f019075-65d3-443f-84bf-706230b8738d,자꾸 컷신 나올때마다 프레임이 자꾸 끊겨서 몰입이 잘 안되고 짜증납니다. (태블릿이 구려서 그런건가...) 그리고 인플레가 너무...심합니다 몇 버전 전에 뽑은 캐릭터들은 다 나락가고 쓸 수가 없어서요 1년도 체 못 가고 다 퇴물 되버리는데 캐릭 뽑기가 부담스럽습니다;;; 캐릭터 as좀 많이 해주세요. 그리고 이벤트도 너무 유치하고 재미없고 성옥도 많이 안 주는데 게임에 손이 안 갑니다. 스토리도 고유명사 남발 오지게 해대고 문체 자체가 어질어질해서 이해가 안 될 때가 많습니다,1,52,2026-06-21T01:13:55+00:00,4.2.0
starrail,붕괴:스타레일,59dd3ee4-283c-40f3-98dc-b9500022dfe9,남캐 맛집♡♡ but 스토리 난해하고 인플레 ㅈ댐,5,14,2026-06-20T14:59:37+00:00,3.7.0
starrail,붕괴:스타레일,262de3d5-87dd-463f-8cbb-ada6493610a1,원신이나 젠존제와 다르게 턴제이지만 개성넘치는캐릭터 특히 반디나 카스토리스같은 애들을 보려고 하는 사람들도 많이 있고 3.7스토리빼고는 대부분의 스토리도 좋은경우가 많습니다(특히 페나코니) 그리고 현질유도가 좀 있지만 주년마다 보상도 많이주고 제가 무과금인데 풀돌은 어렵지만 명함은 뽑을수 있어서 충분히 진행되고 퀄리티도 높기때문에 스토리나 현질유도에서 별하나 깎아서 4점드리겠습니다 :D,4,3,2026-06-17T11:45:29+00:00,4.3.0
starrail,붕괴:스타레일,4c309eb9-d406-4b06-9653-1e26df2a1667,나날이 늘어가는 인플레는 잡을생각은 1도 없고 스토리는 쓸데없이 길면서 주구장창 고유명사 꺼내고 빌드업 빌드업하는데 결국 엠포리어스는 말아먹고 페나코니는 굳이굳이 잘 끝내놓은거 아 야발 꿈엔딩으로 반디 빨아주면서 엎고 이렇게하면 내가 본 스토리가 언제든지 기억의 정원이 개입해서 이거 사실 이 결말 아님으로 바뀔 수 있는데 이럴꺼면 게임 왜 함..? 연출도 싹다 다른 게임 배껴오고 참..게임이 신기합니다,1,18,2026-06-17T02:57:32+00:00,
starrail,붕괴:스타레일,a099429e-ce3e-4ab6-97eb-201a0a8d47e3,도박게임 만 찍어내는 국산 게임류 보다는 낮네~,5,0,2026-06-13T15:32:23+00:00,
starrail,붕괴:스타레일,5b93f6cd-0f52-40d2-82d0-d906f06db38e,"연출 퀄리티는 우수한 편이고 게임 자체도 턴제를 좋아하거나 라이트하게 즐기신다면 괜찮은 편입니다. 하지만 밸런스를 못잡고 '그때 그때마다 사기캐 내는 식'의 인플레는 미쳐 돌아가는 수준이며 복각을 노린다고 해도 그때쯤이면 퇴물이거나 상위 접대 캐릭터가 나온 시점입니다. 그래서 복각들을 보고 짬처리라고도 비유하는게 그 이유고요. 말이 많은걸 인지했는지 AS를 가끔해주는데 제레나 웰트, 반디정도를 제외하면 현메타 캐릭들보다 수준이 낮거나 그래도 버려질 취급이 될 확률이 높았습니다. 특히 '기억' 파티 이후로 밸런스를 잡겠다는 그 게임 출시 초창기의 인터뷰는 멍소리가 됐습니다. (처음은 음월 단항 부터지만) 턴 행게 주작, 아군의 수는 2배에 각자 즉 힐러마저 딜링기 보유 등.. 돌이킬수 없는 수준까지 왔습니다. 아마 기억팟 고로시를 위해 피통을 더 늘릴텐데 버전 메타캐릭을 안뽑으면 최종컨텐츠를 힘들게 깨야될 수 있으니 걱정스럽습니다. 그나마 강점이었던 스토리라도 제대로 살리시길 바라요",2,13,2026-06-13T07:07:46+00:00,4.3.0
starrail,붕괴:스타레일,67a12f3b-f25f-4b34-91cc-4d8d97823ad1,인플레 범벅. 비추.,1,1,2026-06-11T23:42:48+00:00,
starrail,붕괴:스타레일,edd9d945-2219-4349-99ca-4ce7c5b76584,갈수록 스토리가 복잡해지고 요약아니면 못 볼정도,3,1,2026-06-11T08:52:26+00:00,4.3.0
starrail,붕괴:스타레일,73b80ce5-6bb1-481e-afb4-04df6c3d0a87,3.7에서 결말 이쉽게낸건 맞는데 왜 앰포스토리 전체를 내려치는거임? 스토리가 이세계 스마트폰급이다 이러는건 내려치기 너무 심한듯,5,5,2026-06-10T18:39:01+00:00,4.3.0
starrail,붕괴:스타레일,469263a4-67ad-4100-8b8b-21e2df9d74b5,제작사가 좋아하는 캐릭터를 뽑지 않으면 매우 큰 차별이 있다(현질해도 따라잡지를 못함 특히 남자캐릭터는 진짜 노답이라 홍대병인 나도 안뽑음) 내가 이 게임에 쓴돈이 너무 아까운 데...이 게임에 들어간 시간이 많아서 접질 못하겠다. 또 항상 방금 결제한 뉴비가 몇배는 강함ㅋㅋㅋㅋ마이데이? 부트힐? 돈주고 뽑은 사람이 안타까움 3주 뒤에 완벽한 상위호환 캐릭터를 파니까ㅋㅋㅋ !!!!이 게임은 가장 최근에 주인공보면 헤벌쭉 하는 착한 여캐순으로 강함!!!! 절대 남자 좋아하는 여자는 특히 하지마셈,1,8,2026-06-09T11:23:44+00:00,
starrail,붕괴:스타레일,b472f7e4-083a-4ff7-9573-9450ad264cbb,goat,4,0,2026-06-08T15:17:31+00:00,4.3.0
starrail,붕괴:스타레일,4633402c-2adb-4d45-ab06-87a97571214a,"아이 재밌어, 아이 신나",5,0,2026-06-08T07:27:22+00:00,4.3.0
starrail,붕괴:스타레일,29eb3411-3b0b-4083-a295-8275417d813a,폰 기종이 s24인데 렉이 걸리고 끊기는 현상이 있고 가끔씩 자꾸 튕겨서 스트레스 받네요,1,1,2026-06-08T07:20:24+00:00,
starrail,붕괴:스타레일,1943bf1d-1021-4d81-b8c1-906199ffd26f,마각 도질 것 같아,1,6,2026-06-07T13:18:06+00:00,4.3.0
starrail,붕괴:스타레일,6356ab9e-6c74-40a7-9efd-b1a3d55e84bb,스토리 좋다는 애들 다 분탕임,1,7,2026-06-04T20:21:13+00:00,1.4.0
starrail,붕괴:스타레일,9b9935a1-51a4-4f3e-9116-65ca94717ae2,하지마라,1,4,2026-06-04T13:09:40+00:00,4.3.0
starrail,붕괴:스타레일,46ba046b-efca-49e4-b9d0-5b2ccd33aacc,전투 캐릭터 이벤트 전부 다 마음에 드는데..스토리가 갈수록 왜 산으로 갈까요?,5,1,2026-06-03T02:39:10+00:00,4.3.0
starrail,붕괴:스타레일,0af1f930-89ff-4225-b008-a2071ed075c4,그냥 푸시해주는 캐릭 뽑으세요 ㅋㅋ 어차피 그 캐릭말고는 나중가면 못쓰는 수준으로 만드니까,1,5,2026-06-02T19:29:25+00:00,4.2.0
starrail,붕괴:스타레일,34b158d4-5c9e-4e3f-8ff7-b8f390cbe83d,너무 재미있어요,5,1,2026-06-02T12:29:41+00:00,4.3.0
starrail,붕괴:스타레일,ebd7a9c5-170f-471b-9594-c7cc78c3f687,헤헿 은랑 이쁘당,5,1,2026-06-01T19:48:39+00:00,4.3.0
starrail,붕괴:스타레일,e3efc08e-411a-4683-a41a-5d77a6a93e80,짱짱맨,5,1,2026-06-01T15:15:39+00:00,4.2.0
starrail,붕괴:스타레일,cd0ffb6e-d310-4ea6-99d0-f8eb65b3804d,"까와 빠를 미치게 하는 슈퍼스타 게임. 다른 게임은 다 삭제해도 붕스는 계속하지만, 그렇다고 최고라고 하기에는 조심스럽긴 하네요. 정말 사랑하는 게임이지만, 이 게임을 처음 하시는 분들이라면 캐릭터를 뽑을 때 정보를 보고 뽑으셨으면 합니다. 무작정 예쁘다고 뽑거나 돌파를 한다면 빠르게 이 게임을 접을 수 있습니다. 단점도 많지만 게임을 하면서 행복감을 느낀 건 붕스뿐이네요.",4,1,2026-06-01T13:57:16+00:00,
starrail,붕괴:스타레일,771b4f40-2aa7-438e-8b8f-02130c0b1924,게임성 좋고요 딱 호요버스가 잘하는 요소만 모아놓은 게임이네요 z플립7 사용중인데 최상옵 60프레임 발열 감수하면 잘돌아갑니다,5,1,2026-06-01T13:02:21+00:00,4.3.0
starrail,붕괴:스타레일,30c3986f-f9c0-471d-97c0-1dab32188277,다 좋은데 인플레만 해결해줬음 좋겠네요. 애정캐 여러 명 풀돌풀재 해줬는데도 인플레 때문에 쓰질 못 하고 대부분이 피규어 된 게 속상합니다.,3,0,2026-06-01T12:21:32+00:00,4.3.0
starrail,붕괴:스타레일,7a9c12dc-7a83-4fc5-9b76-45c4f99a80b6,사랑해,5,5,2026-06-01T10:22:20+00:00,4.3.0
starrail,붕괴:스타레일,b2533cc9-7c58-41fa-bd94-cadd9ed8e886,전에 원신을 즐겨하던 유저입니다. 원신은 재화 모으기 빡셌는데 여긴 재화를 많이줘서 5성 뽑기 도전해도 부담이 없네요! 근데 캐릭이 너무 빨리 나락을 가요.... As많이 해주셨으면 좋겠습니다... 그래도 캐디도 좋고 스토리도 좋습니다 다들 3.7 스토리가 별로라던데 원래부터 류웨이님이 철학적 얘기를 담는다고 했습니다. 전 꽤나 즐겼는데 다들 너무 비하하시는것같아 좋다고 하기도 좀 부담이더라고요.... 그래도 몇몇빼면 재미있습니다! 턴제rpg인게 감다살,4,1,2026-06-01T09:54:17+00:00,4.3.0
starrail,붕괴:스타레일,0d0754e1-fb22-49b8-b9d7-34704ab792d8,요즘 나오는 캐릭 왜 다 남캐임 감다뒤 그리고 요즘 캐릭 감이없음걍 예쁜여캐나출시해라,3,1,2026-06-01T09:33:12+00:00,4.3.0
starrail,붕괴:스타레일,d60194e3-69e8-4cf2-acdc-3cee59bb3aff,한국어 붕스타 디렉팅 개선 기원합니다,1,2,2026-06-01T08:43:28+00:00,4.2.0
starrail,붕괴:스타레일,16d74f9f-6871-478d-8167-c24520c90da0,스터리가 좀 문제긴 한데 캐릭터만 이쁘면 됐지 뭘,5,0,2026-06-01T07:37:20+00:00,4.2.0
starrail,붕괴:스타레일,da307154-b13d-42a3-9d96-e97beb434be2,걍 스토리가 맛있음,5,1,2026-06-01T06:09:01+00:00,4.2.0
starrail,붕괴:스타레일,0e0c20d8-508c-430e-a9a1-6fb2948dc720,난 픽뚫이 너무 싫다...,4,0,2026-06-01T05:35:59+00:00,4.2.0
starrail,붕괴:스타레일,6883941d-c3b1-40ab-817a-41c06b9c121b,내 인생 최고의 게임,5,0,2026-06-01T04:20:24+00:00,4.3.0
starrail,붕괴:스타레일,15c5b69a-fda8-4412-bdb5-06fcac5f0106,앰포리어스 처럼 스토리 두번 짜면 별 하나요,5,1,2026-06-01T02:18:29+00:00,4.2.0
starrail,붕괴:스타레일,65aabd46-c2c0-448f-a3d4-844cff2236b9,하...,5,0,2026-06-01T01:09:49+00:00,4.2.0
starrail,붕괴:스타레일,2f016a4d-b176-4a5f-b1bb-c26a80e00b29,"장점: 1. 스토리는 설정이 많고 호요버스의 타 게임(특히 붕괴3rd)과도 연관이 깊지만 일단 한 번 이해하면 매력이 넘침 2. 턴제 게임이지만 턴끌이나 여러 매커니즘으로 유동적으로 즐길 수 있음 3. 편의성이 좋음 자동전투나 예비 개척력, 스토리 스킵 등 여러가지 편의성이 뛰어난 편임 굳이 이동하지 않고도 재화나 유물을 캘 수 있는 것도 장점 4. 캐릭터들의 매력이 넘치고 그래픽과 모델링이 뛰어남 5. 성옥 수급처가 많음 6. 모바일과 잘 어울림 // 단점: 1. 인플레가 좀 심함 그래도 기존에 존재하던 운명의 길은 몰라도, 기억•환락과 같은 신규는 광추와 돌파 의존도가 더 생김 1-1. 인플레를 줄이려 구캐릭 AS가 나왔는데 잘 고쳐지긴 함. 2. 접대 의존도가 있음 접대 안받고 적 체력&강인도 인플레도 일어나니 버티기 힘들고 '파츠'로 고침 3. 원신 등과 달리 친구와 멀티 플레이를 하기 힘듦… 나온 멀티용 미니게임도 친구와 하긴 애매함 // 전 매력적이라 좋아합니다",5,126,2026-05-31T23:24:10+00:00,4.3.0
starrail,붕괴:스타레일,3a1711b7-d9fb-44a8-ab4d-4b2b316935f9,"스토리 가끔씩 땅바닥에 박아버리는거 빼면 좋고 캐릭터 디자인 좋고 게임성 나쁘지 않은데 3점을 준 이유가 3가지가 있어요 1, 인플레: 신캐를 거의 꼭 뽑아야 이 게임에서 살아남을수 있는게 정말 미친거 같아요. 2, 현질유도: 주년마다 꽁짜라고 하면서 말하는거 듣고나서 보면 무슨 30만원 정도를 질러야 꽁짜에요. 3, 엘리시아 나가라.",3,1,2026-05-31T19:38:43+00:00,
starrail,붕괴:스타레일,e9a82fda-508b-4eb7-bea2-6a3afab1474e,캐릭터가 맛있음,5,0,2026-05-31T15:41:34+00:00,4.2.0
starrail,붕괴:스타레일,766ba678-371e-4c69-b39e-abcf8061d8fc,심심할때 한번씩 들어오면 좋은 게임 (근데 중독 되면 하루에 10시간 이상 가능),5,0,2026-05-31T15:20:03+00:00,4.2.0
starrail,붕괴:스타레일,d6647552-1dac-41b5-af2c-0cc81ff262ab,안녕하심까 뉴비임다. 돈과 현생을 지키실꺼면 이 게임을 포기하시는게 좋습니다.. 스토리도 좋고 캐릭터도 개성있는 정말 매력적인 게임인데..무과금인 이상 캐릭터를 얻을려면 재화를 얻기 위해 시간이 많이들어야 해서 좀 빡셉니다. (대부분의 게임이 그렇긴 하죠.) 하다보면 숙제를 하듯이 느껴지더라고요. 또한 그렇게 모은 캐릭터도 꼭 뽑을수 있단 확증도 없습니다. 그래서 부담감이 좀 있었어요. 하지만 이 게임을 하면서 정말 행복했습니다.. 읽어주셔서 감사합니다.,5,1,2026-05-31T09:30:27+00:00,
starrail,붕괴:스타레일,db278e8c-8b7b-41f4-8226-191837f58264,와 진짜 튜토리얼 길다 의미없이..,4,0,2026-05-30T20:34:13+00:00,
starrail,붕괴:스타레일,5dc14c90-1723-4384-a0cd-cc4d78ad2e26,"뉴비들은 이것만 기억하세요. 엔드컨텐츠를 할 것이다 새로나오는 기억의길 혹은 배포캐를 사용하는 파티구상. 간단하게 스토리나 전투를 즐기고싶다 원하는거 다뽑으셔도 탱커 힐러만 좋으면 어떻게든 깨짐. 광추뽑기 X, 4성 캐릭터 갤러거 제외하고는 육성 X, 금빛영혼 뿌릴때엔 어지간하면 완매, 4성 캐릭터 갤러거 없다면 곽향",4,0,2026-05-30T13:21:13+00:00,4.2.0
starrail,붕괴:스타레일,4cc6e15a-b15f-496e-b68e-c7c6b5cc4afe,너무 고인물 게임..,2,0,2026-05-30T03:32:54+00:00,4.2.0
starrail,붕괴:스타레일,29a5a3d2-5fb4-40b7-9961-8fa84dd71534,"일단 스토리가 재밌다고들 하는데 제 취향은 아닙니다 또 제 머리론 이해하기 어려워서 따로 유트브, 정보 찾기 등등을 본인이 싫어한다면 일단 스토리로 즐기기는 좀 어려울 수 있어요 다시 말하는데 스토리가 엄청 재미있진 않아요 진짜 솔직하게 말해서 원신 스토리가 더 재미있어요 일단 스토리에 대한 내용은 여기서 끝이고 캐릭터에 대해 말하자면 모델링도 예쁘고 나쁘지 않아요 캐릭터 스토리는 이해하기 쉽게 만들어 놓기도 했고요 내가 스토리 때문이 아닌 캐릭터를 보려고 게임을 하는거다 라고 한다면 붕스 ㅊㅊ드립니다 그리고 세번째는 오픈월드가 아니라 맵을 자유롭게 돌아다닐 수 없는데도 예쁘게 잘 꾸며놨습니다 폰으로 하면 좀 딸리지만 전 컴퓨터로 해서 꽤 만족중입니다 그리고 재화 모으기 꽤 쉬워요 마지막으로 턴제 게임이라고 싫어하지 말고 한번 찍먹 정도는 괜찮아요 (개인적 견해인데 엠포 캐릭터들이 제일 예쁘고 좋습니다 저 엠포 끝난 이후 붕스 잘 안해요 11월에 돌아온다ㅠㅠ)",4,35,2026-05-29T12:39:08+00:00,4.2.0
starrail,붕괴:스타레일,87c684e3-83bc-4e1b-950c-9e775d988e17,작년 11월 이후로 대형 업뎃 없음,4,0,2026-05-28T04:36:36+00:00,4.2.0
starrail,붕괴:스타레일,fbf4aa94-46fb-410c-a492-c97db31d68ed,인플레 심함,1,2,2026-05-28T04:13:47+00:00,2.0.0
starrail,붕괴:스타레일,60ce4d18-f078-4139-8f59-f2250b1555ea,픽뚫나면 다시 1점,4,1,2026-05-24T10:23:32+00:00,3.1.0
starrail,붕괴:스타레일,bb7b3443-5970-4855-a740-b5e543b5cda1,폰으로 하는 애들은 그냥 이 게임만 해라 캐릭터들도 너무 매력적이고!!,5,0,2026-05-24T09:57:46+00:00,4.2.0
starrail,붕괴:스타레일,06253f25-43b3-428a-a8e0-b1fcf9647eb0,"스타레일이 처음 나왔을 때부터 지금껏 플레이하면서 선주를 제외하고 제법 괜찮게 플레이했었는데, 지금은 참...",3,0,2026-05-24T03:49:20+00:00,
starrail,붕괴:스타레일,58a724ae-4309-433a-ae83-902dce71aae3,진짜 적어도 원신이나 붕스 어디 한쪽에서 픽뚫나면 다른 곳은 확정으로 줘야하는거 아니냐 어떻게 매번 똑같이 픽뚫만 쳐나냐 붕스에서 천장 픽뚫 천장으로 먹는 래파토리만 80%가 넘는다 이건 너무 심한거 아니야 가뜩이나 다 파먹어서 더 파먹기도 힘든데 더대체 왜 이딴 확률이 나오냐 폭테러탄이라도 당해야 뭔가 비뀌냐,1,0,2026-05-23T21:37:41+00:00,3.0.0
starrail,붕괴:스타레일,b18110cc-14bc-47d4-b54b-780e93a55323,천외.... 천외? 아퀼라? 앰.어.게.인,5,0,2026-05-23T14:01:35+00:00,4.2.0
starrail,붕괴:스타레일,2d26084b-d81d-4914-9089-283c13021ea2,픽뚤 진짜 개 어이없네..,1,0,2026-05-19T06:36:36+00:00,4.2.0
starrail,붕괴:스타레일,9d3ec4ea-32e3-48b4-a9f3-d9e7cfb24254,턴제인건 좋았으나 결국 픽업문제상 픽뚫이라는 큰 문제를 두고 결국 확률이 낮은건 아닐까 이제는 떠나야,1,16,2026-05-18T07:09:00+00:00,4.2.0
starrail,붕괴:스타레일,671e9c33-025c-4b70-87d8-7c6bc1ea5390,마지막 기회다 샤오지 11월 12일에 스토리 또 새드엔딩이면 ㄹㅇ 암살한다,5,1,2026-05-17T18:41:00+00:00,4.2.0
starrail,붕괴:스타레일,f802a1b1-a859-4676-b1b4-0846b1569430,여정의 끝이 뭇별이 닿기를.,5,3,2026-05-17T04:03:46+00:00,4.2.0
starrail,붕괴:스타레일,674f6145-7d46-432e-b5ad-dc7c00f1a639,파워 인플레가 너무 심함. 같은 회사 게임인 원신은 파워인플레를 어느정도는 컨트롤로 따라잡을 수 있지만 얘는 턴제 게임이라 인플레가 너무 심하게 와닿음. 그리고 전광유무 차이가 갈 수록 심해짐.,4,4,2026-05-15T18:17:03+00:00,2.2.0
starrail,붕괴:스타레일,dae63a88-12b5-4a14-9516-58bccad72583,잘 좀 하자. 사랑한다,4,0,2026-05-15T10:24:09+00:00,
starrail,붕괴:스타레일,d48b8fe8-d281-4b57-91bd-ca8398b0ef9a,다른 호요버스 게임과 달리 자동 사냥 모드가 있어서 너무 좋고 어려운 모드라도 자동 사냥 모드가 있어서 어려운 난이도도 자동으로 할 수 있습니다. 그런데 보스전 같은 경우에는 자동 사냥 모드가 안됩니다. 하지만 스토리여서 보스전에서 지면 현재 했던 기본 모드와 그것보다 낮은 캐주얼 모드가 있어서 너무 좋았습니다.,5,12,2026-05-15T09:47:00+00:00,4.2.0
starrail,붕괴:스타레일,928ab993-0a1b-4734-a003-f536a4c4cd1d,장점 1. 게임이 전체적으로 재밌어요. 하다보면 이것저것 미니게임도 나오는데 거의 웬만하면 챙겨서 하고 있어요. 2. 캐릭들이 전부 매력있고 예뻐요. 3. 캐릭 육성하는 재미가 있고 전투도 은근 재밌어요. 단점 1. 일단 뭔가 복잡해요. 퀘스트를 깨는데 97퍼센트가 여기저기 이동하고 3퍼센트가 싸우는 느낌이에요. 하다보면 게속 저도 모르게 졸고 있어요. 2. 제가 지금 일주일정도 플레이하면서 뽑기를 200번정도? 뽑은 거 같은데 중간에 90번정도 천장을 채워서 5성을 뽑는데 픽뚫때문에 진짜 순간 게임 뜨고 싶었어요. 거의 일주일중 절반의 시간이 날아간 느낌이에요.,4,5,2026-05-15T04:31:58+00:00,4.2.0
starrail,붕괴:스타레일,5594f9a0-c389-4330-9f10-e4d8997a8e2b,별로,1,0,2026-05-14T16:08:24+00:00,
starrail,붕괴:스타레일,7d68c701-66d0-488c-bb22-1b632d0d86ec,"스토리가 좋다고 소문이 자자해서 시작한 게임. 이겜을 제대로 즐기려면 지루하고 현학적인 문학과 친해져야한다. 스작이 늘어놓는 난해한 설명과 대사, 세계관을 마치 수능 문제 풀듯 스작과 작중 인물들의 의도를 파악해야 스토리를 알아먹을 수 있다. 스작이 비유와 은유를 안쓰면 죽는 병에 걸린것 같다. 알아먹기 힘든 스크립트를 보다가 후반에 뽕차는 브금과 가슴이 웅장해지는 보스전이 일품이다. 근데 그것도 3버전까지의 이야기고 4버전부터는 분위기가 반전돼서 유아퇴행이라도 한 듯 가볍고 하하호호 분위가 되버렸는데 적응이 안된다. 스작의 머리속 구조가 궁금하다. 이겜의 최고 장점은 일퀘가 5분컷이란것.",2,8,2026-05-14T16:06:23+00:00,4.2.0
starrail,붕괴:스타레일,9653aa7b-a23d-46f5-9bf6-9731919be889,"1.3부터 지금까지 했지만 3.6부터 스토리가 재미가 없어짐. 3.6은 그렇다 해도 월클병있는 샤오지가 3.7을 말아먹음. 그리고 11일에 뭐있다고 해놓고는 없었음. 그리고 3.8에 스토리없으면 더 나락갈거 같으니 억지로 페나코니 결말을 억지로 바꿈. 그리고 이상낙원은 지들만 웃고 하는 사람은 지루한 느낌임. 그리고 모델링도 도태함. 아무리 TTA라도 용량 대비 안좋음. 그래서 스토리를 좋아하면 이겜말고 다른겜 하셈. 개인적으로 IP로 살아남고 있는거 같음. 그래도 서브컬쳐를 처음입문한 게임이고 그래서 잘되었으면 좋을거 같음. 그래도 주년스토리인데 지루한건 나가리임. 그래서 턴제가 좋으면 해도 괜찮음. 그런데 스토리 볼거면 조심스럽게 1999, 명조, 니케 추쳔함. 개인적인 취향임. 요약하면 스토리, 모델링이 짜치니 그런거 싫으면 다른겜하셈. 마지막으로 인플레이션좀 잡아라. 그래서 가차할때 주년캐만 뽑고 파티만들고 다른1개 파티는 마음이 시키는것으로 하셈.",2,1,2026-05-14T15:34:10+00:00,
starrail,붕괴:스타레일,d46b72d9-3dd9-4dc9-9183-66a72f09a6ea,솔직히 1.1 버전 넘겨온 사람이면 이제 이 놈들이 뭘하든 별로 상관 안쓰이게 됨. 그냥 씹덕겜의 목적에 맞게 캐릭터만 잘 뽑아주면 그만이라고 생각합니다. 1.3부터 나오는 캐릭터들 연출이 어마무시한데 이러면 2.×버전 캐릭터들 연출이 정말 기대가 되어집니다. 발전하는 스타레일 ㅎㅇㅌ,5,8,2026-05-14T11:28:32+00:00,1.4.0
starrail,붕괴:스타레일,0ab2fddf-20dc-4fb7-97a1-3714d55299e3,귀엽다!,5,0,2026-05-14T04:30:27+00:00,4.2.0
starrail,붕괴:스타레일,2f5f0918-6749-43ea-871d-921a3c681ffb,데이터로 게임할려고하면 오류코드뜨고 와이파이로하면 또 되고..뭐 이럽니까? 해결좀해주세요,5,0,2026-05-14T03:58:44+00:00,4.2.0
starrail,붕괴:스타레일,1723da7e-6ee0-437f-ad03-157b44d58c1b,일단 다운중 그래픽에 아 좋다 근데 폰이 결국 다운 받다 삭제 했어요 원신처럼 정이 가지 않네요 제동생은 원신은 대표가 버렸다는데 저는 재미있읍니다 현질도 일단 공월은샀었죠+,5,0,2026-05-14T00:24:59+00:00,
starrail,붕괴:스타레일,3778f194-6eef-427c-8309-b0f2d177119b,제가 진짜 오래 기달려왔던 게임이고 이 게임은 원신하고 붕괴3rd 둘 중에 무엇을 할지 고민하던 사람도 고민하지 않고 이 붕괴 스타레일을 재밌게 즐길 수 있을거 같습니다. 붕괴 : 스타레일도 여정의 끝이 못별에 닿길 기원합니다.,5,1,2026-05-14T00:16:48+00:00,4.2.0
starrail,붕괴:스타레일,bbc33b11-43b8-4f16-9752-3bfcfdb5451f,ㅐㅣ뒤진 ㅗㅈ ㅂㅇㅅㄴ게임,1,8,2026-05-13T22:40:46+00:00,4.2.0
starrail,붕괴:스타레일,3aaf0538-f9a4-4dee-9b69-5b00a7013bb3,캐릭터 인플레. 딴겜 하십쇼 ㅋㅋ,1,8,2026-05-13T20:54:43+00:00,4.0.0
starrail,붕괴:스타레일,449d1c57-9f0d-4dbe-8ef1-41eb5278e30c,남캐도 제발 한번식 내줘요...여캐가 돈이 더된다지만 여자들도 은근 많이해요 남캐 신캐두 젭알류,5,0,2026-05-13T20:26:21+00:00,
starrail,붕괴:스타레일,8c1a8e9c-6f15-4c69-bc3c-3db7d2eb3191,밸런스가 나락가서 매 픽업마다 2돌 전광씩 가능한 사람만 하셈 ㄹㅇ,1,3,2026-05-13T15:59:24+00:00,
starrail,붕괴:스타레일,efb9da14-8758-4261-aaab-72e1f0cebf60,오래했고 즐거웠다 함께 더 하고 싶었지만 같이 더 달리기엔 너네는 너무 빠르다,3,1,2026-05-13T12:47:24+00:00,3.8.0
starrail,붕괴:스타레일,68ec7bfc-2afe-4e2b-8ef9-c7510668f647,게임시작부터 이번3주년까지 계속 쉬지않고달려왔던 유저입니다. 원래 스토리와 캐릭터에 대한 애정으로 플레이를 해왔는데 인플레 너무심하고 명전챙기는것도 벅차요 턴제게임인데 미니게임도 많아져서 별로예요. 예전에는 파티조합해서 싸우는 맛이 있었는데 요샌 무조건 신캐고. 이번3주년까지 버티다가 하차합니다. 3년동안 즐겁게 플레이했습니다. 언젠가는 복귀할수도있겠죠,2,6,2026-05-12T16:02:40+00:00,4.0.0
starrail,붕괴:스타레일,ddae5d74-372e-4e4c-a0cb-6b5909fdf372,문제없음,4,0,2026-05-11T22:44:01+00:00,4.2.0
starrail,붕괴:스타레일,373dc7de-39e6-4204-aa06-e175fffb4e19,스토리 잘돼어있고 캐릭터 잘뽑혀 있습니다,5,0,2026-05-11T20:54:19+00:00,4.2.0
starrail,붕괴:스타레일,d37a5906-7691-42ea-838c-a9579f003ede,엠포리어스 후반기에 시작해서 지금까지 하고있는데 좋습니다. 재화도 적지않게 주고 좋아하는 캐릭터도 생겨서 재밌게 하고 있습니다.,4,0,2026-05-10T09:20:57+00:00,4.2.0
starrail,붕괴:스타레일,d2778dec-87a6-4253-9e25-28f7d747d84a,스토리가 진짜 맛있어요 감사합니다,5,0,2026-05-10T04:50:42+00:00,4.2.0
starrail,붕괴:스타레일,cda77c2a-a605-402e-a53d-c550332e75de,턴제좋아하는거 아니면 굳이 할필요 없다.,1,0,2026-05-09T23:47:04+00:00,3.7.0
starrail,붕괴:스타레일,9b1cf1dc-81b9-44e1-88bc-2940c4200a47,크흠 뭐라한건 죄송합니다.... 제가 뭘 몰랐군욧 게임자체는 재밌는데 명조하다와서 좀 어색하네요 다만 명조처럼 너무 저장공간을 차지한다는거.....,4,1,2026-05-09T15:41:56+00:00,
starrail,붕괴:스타레일,660a5330-d273-46e5-b853-dd3e79111b28,재미있습니다.,5,0,2026-05-09T06:12:48+00:00,4.2.0
starrail,붕괴:스타레일,89d1f143-3275-4c97-8164-bdc33ae330db,유저와 소통을 개선해주세요,5,3,2026-05-08T11:47:15+00:00,4.2.0
starrail,붕괴:스타레일,ce2746d1-2045-453a-8a5e-6a29904db560,최애입니다,5,0,2026-05-08T10:42:53+00:00,4.2.0
starrail,붕괴:스타레일,d82979c9-6175-4d19-b0d3-4aa991395dc9,운리를 뽑기하는데 70자에세안나우구90자와100자를돌러는더 안나와서 돈만 랄럴습니다,5,0,2026-05-08T09:24:14+00:00,2.4.0
starrail,붕괴:스타레일,f3834c0a-06e1-4f9a-95d7-b6eed51b8ce6,인생 최고의 망겜,5,0,2026-05-07T13:29:07+00:00,4.2.0
starrail,붕괴:스타레일,5146c6ea-df02-48fa-968f-c7aa3d3ee7d1,이정도로 피곤하지 않는 게임은 처음임,5,1,2026-05-06T18:58:51+00:00,
starrail,붕괴:스타레일,fd4262a5-7f2b-4fb6-ab01-7bd8edd8e432,은랑999하나만 더,5,1,2026-05-06T15:39:46+00:00,4.2.0
starrail,붕괴:스타레일,f97ee6c7-cc33-41e4-96c9-93fd1793052b,길찾기어려워요 ..,3,0,2026-05-06T13:27:38+00:00,4.2.0
starrail,붕괴:스타레일,2a417166-5149-4111-a407-5ee63beb20e0,가챠 하나 때문에 안하게되는 게임,1,0,2026-05-06T01:16:47+00:00,
starrail,붕괴:스타레일,35254844-18d0-4d97-adb7-e3677b71b568,오역 문제가 너무많아서 게임 몰입에 큰 지장을 줌하지만 많이 해결된듯,5,2,2026-05-05T15:46:15+00:00,4.2.0
starrail,붕괴:스타레일,1c0d836c-f7a0-4309-8708-d8e256e53c2b,"솔직히 모든 콘텐츠 풀 오토를 돌리는 내게 게임성은 잘 모르겠지만, 스토리와 연출력, 모델링, 가끔 나오는 미니게임만으로도 4점은 주고도 남는다. 만약 턴제 게임이 취향에 맞았다면 5점을 줬을것.",4,2,2026-05-05T14:36:04+00:00,
starrail,붕괴:스타레일,933828eb-5835-4565-82c6-577aca4b58e4,턴제라 오픈월드의 피로감이나 헤비함이 약간 완화. 호요버스의 병크는 뭐 무과금으로 대응을....,5,2,2026-05-05T07:17:57+00:00,4.2.0
starrail,붕괴:스타레일,746aaa6a-0889-4707-b7d5-2fb46c834739,우효옷! 붕괴 : 스타레일 ★쵸☆럭★키☆D★A☆Z★E☆ 그리고 언니겜들아 투어좀 와라,5,1,2026-05-05T01:28:37+00:00,4.2.0
starrail,붕괴:스타레일,22a5481d-1a41-4045-8a3d-fe9e9c1fb751,나쁘지 않은데 나빠요 우선 초보자들이 개척자 레벌업을 힘들어합니다 그리고 좀 광옥 같은 그런게 수급이 어렵습니다 그리고 스토리가 조금 답답하고 시원시원하지 않아서 좀 그렇지만 은랑이 좋으니까 4점 줄께요 만약 은랑 나오면5점 주고요,4,1,2026-05-04T17:28:37+00:00,4.2.0
starrail,붕괴:스타레일,f4c16e44-8812-4a57-b934-5dd1fd0183a4,별한개주기도 아까워요 순서정하기? 제대로 해도 안됌,1,1,2026-05-04T11:45:07+00:00,
starrail,붕괴:스타레일,e3b940d0-1e5d-4573-8e0d-76f57b0341e6,정말 재밌어요,5,1,2026-05-04T09:49:15+00:00,4.2.0
starrail,붕괴:스타레일,e84c6181-6829-40d8-9b01-468ab3a4e51a,재밌어,5,1,2026-05-03T18:10:45+00:00,
starrail,붕괴:스타레일,1929e189-d4ee-49c4-aa90-e678e2d899f8,게임 돈 많이지르는게 흠임,4,1,2026-05-03T14:35:35+00:00,
starrail,붕괴:스타레일,59af6530-6f68-4da0-8b06-98c6416cd18d,재밌어요,5,0,2026-05-03T13:32:27+00:00,
starrail,붕괴:스타레일,5291cc11-b26d-4aa9-af9c-8e42f4496402,재밌음,5,1,2026-05-03T11:05:13+00:00,4.2.0
starrail,붕괴:스타레일,fdc3b1ee-6e67-401c-b278-b8b7de9532ee,"여러분! 이거 꼭 해보셈요, '효요버스' 게임사하면 '원신' '붕괴3rd'가 유명하죠? 근데 전 오직 직진적(?)으로 '붕괴: 스타레일'을 뽑을겁니다. 이유는! 진짜 보상자체가 혜자입니다 그만먹어도 되는데 '아~ 더 먹어 먹어야 강하고 육성되지' 이급이고, 스토리자체가 무서운요소,슬픔요소,웃긴요소가 잘 담겨있는 재밌는 스토리라 한번쯤 스토리싹다 밀어보는것도 좋은것같네요, 그리고 이벤트입니다, 붕스의 장점은 이벤트및 콘텐츠죠 붕스는 기존 원신보다 더 재밌는요소가 많이 포함되어있어 즐길게임이 더 즐기게 되는 중독(?)효과를 발생시키죠☆☆☆☆☆",5,4,2026-05-03T08:25:48+00:00,
starrail,붕괴:스타레일,b80bb594-df4a-40ec-b7d2-9969d173e606,굿 굿,5,1,2026-05-03T06:17:56+00:00,4.0.0
starrail,붕괴:스타레일,440d029f-0664-47c5-9d12-2b3e2a315f68,전체적으로 좋은 게임,5,1,2026-05-03T03:03:19+00:00,4.2.0
starrail,붕괴:스타레일,0bf21058-a5b2-4e71-b546-3ba335289de8,히히 이런 겜은 너무나도 좋죠(단점 스토리가 지루할수도있으나 캐릭터를 보는것 자체가 좋기때문에 5점),5,1,2026-05-02T16:06:57+00:00,4.2.0
starrail,붕괴:스타레일,7ebea38c-4209-4243-afcc-b49023736575,재화도 많이 주고 캐릭터들도 개성있고 스토리 굳.,5,0,2026-05-02T15:04:49+00:00,4.2.0
starrail,붕괴:스타레일,4d6ffacd-45d7-4b90-9708-88cd0a7ec92d,게임은 좋은데 저장공간을 너무 많이 잡아먹음👍,4,0,2026-05-02T01:57:22+00:00,4.2.0
starrail,붕괴:스타레일,d4fff935-80d1-430e-9f63-75a6b9cadeda,최고,5,0,2026-05-01T11:29:15+00:00,
starrail,붕괴:스타레일,a03d6440-8e28-410a-8acd-509a831fed67,애매뒤진게임,1,3,2026-05-01T11:19:06+00:00,4.2.0
starrail,붕괴:스타레일,78cf56d7-ea21-41de-b190-0b63779e33bd,너무 재미있어요,5,0,2026-05-01T11:05:30+00:00,1.0.5
starrail,붕괴:스타레일,b915fe49-4247-486f-9c3a-639b7bd7ecb8,인생겜,5,0,2026-05-01T09:12:29+00:00,4.2.0
starrail,붕괴:스타레일,fc719c65-31a3-4d5c-a31b-7ed9a9febb92,흐헤헤,3,0,2026-05-01T07:21:08+00:00,
starrail,붕괴:스타레일,a73ba2a3-c25b-4db7-b4f8-19cf41482c8a,옆집 원신보다는 보상을 널널하게 줍니다. 캐릭터들도 예쁘고 개성있고요,5,1,2026-05-01T04:32:20+00:00,4.2.0
starrail,붕괴:스타레일,e2ed46a5-541d-4d49-966d-61e913f41733,굳,4,25,2026-05-01T02:26:02+00:00,1.4.0
starrail,붕괴:스타레일,87387f2e-2fd3-4383-adb2-80d08aefe4cb,내 지갑이 거덜난다,5,0,2026-05-01T00:27:08+00:00,4.2.0
starrail,붕괴:스타레일,63f1125c-7e91-4743-a31d-fdad9186b470,굿,5,0,2026-05-01T00:21:48+00:00,
starrail,붕괴:스타레일,83730640-bf3f-45c0-b24d-c8104bf5001d,좋아요,5,0,2026-04-30T23:43:22+00:00,
starrail,붕괴:스타레일,2702c213-c6de-4fb9-af8d-d27a620b980e,재미다,5,0,2026-04-30T15:47:50+00:00,
starrail,붕괴:스타레일,39cd247d-8a9f-4472-b8cf-21a271c0a98b,최근 업데이트 이후 화면녹화 시 오디오가 제대로 들어가지 않는 문제가 지속적으로 나타나는 문제를 겪고 있습니다. 빠른 시일 내 해결되기를 바랍니다.,3,0,2026-04-30T14:30:53+00:00,4.2.0
starrail,붕괴:스타레일,ef38dd1f-9a80-4510-a5c4-d77335d68539,재미있게 하고 있어요,4,0,2026-04-30T12:38:18+00:00,
starrail,붕괴:스타레일,605eb357-11d3-4224-be06-01519a77c557,Good,5,0,2026-04-30T08:15:50+00:00,1.0.5
starrail,붕괴:스타레일,4229f791-a2e0-47bf-b318-a340f7709e9b,재밌네요,5,0,2026-04-30T05:06:57+00:00,
starrail,붕괴:스타레일,b77fdf8c-2bc7-461e-8880-ef03e3c91bd9,리뷰 무시하세요 현질 따위 필요없습니다 그냥 스토리 즐기는데는 돈이 필요하지 않아요 현질 없이 오픈부터 했고 앞으로도 현질 없이 할 겁니다 그냥 예쁜 캐릭터 끼고 다니면서 즐기세요,5,2,2026-04-30T03:27:17+00:00,
starrail,붕괴:스타레일,eed06d07-758d-4d68-8e7e-3aeedd21bdfe,인플레 미쳤나,1,3,2026-04-30T03:23:42+00:00,4.1.0
starrail,붕괴:스타레일,e9567cdd-52bc-425e-bde6-14a2c7cedf1f,확실히 재밌긴함 근데 최적화좀 더 잘해다오,5,0,2026-04-30T03:15:20+00:00,1.3.0
starrail,붕괴:스타레일,b1c5a60d-591a-4293-acd5-128426281678,구웃,5,0,2026-04-30T02:04:44+00:00,3.0.0
starrail,붕괴:스타레일,937e8a44-f294-4aed-aa48-4a163cf8d53e,붕괴스타레일이 전부다 좋은데 렉이 걸리고 가끔 튕겨서 답답해요,5,0,2026-04-30T01:58:55+00:00,4.2.0
starrail,붕괴:스타레일,0361facd-3369-4db2-a893-fc2ff0f9dcf1,재밌다 원신처럼 시간많이 안잡아먹는게 플러스포인트,5,0,2026-04-30T01:47:08+00:00,
starrail,붕괴:스타레일,9c95a9fe-825a-4aa5-9d9c-70df30d5da45,타사 호요겜보다 픽뚤 적어서 다행인대 명전챙기기 너무 힘들어요,1,1,2026-04-29T23:59:59+00:00,4.2.0
starrail,붕괴:스타레일,999a045e-f3ff-4188-b3ed-ed6936c91a52,재밌긴한데 인플로 애정캐 죽는건 아쉽긴해요ㅠㅠ as빨리점...,5,0,2026-04-29T23:08:28+00:00,4.2.0
starrail,붕괴:스타레일,325070aa-0e45-4479-9a09-9efc94d0155f,잼,5,0,2026-04-29T16:06:38+00:00,
starrail,붕괴:스타레일,60cd980c-402d-4123-875b-d96cab506f77,엠포 진입하면서 미친듯한 인플레로 캐릭 팔아먹기로 바꿨나? 아무리 그래도 기존 캐릭터들로 보상은 다 먹게끔 해야 할거 아녀 신캐 뽑아도 이제 두달을 쓸까 말까네 턴제 전략성이라곤 아에 없고 그저 쌘캐릭 신캐릭 뽑으라고 강제하는 접대 에혀 적당히 해야지.. 이제 관두련다,2,4,2026-04-29T13:28:18+00:00,
starrail,붕괴:스타레일,e3f52ab9-96dd-41f5-b3dc-164b90a97ed4,스토리 중간중간 설명을 너무 돌려 말함.,3,2,2026-04-29T13:11:58+00:00,3.3.0
starrail,붕괴:스타레일,59f1554f-174f-4c9e-b3cb-5ee5791b293e,재밌기도하고 캐릭터들도 많이 이쁘고 너무좋다아,4,0,2026-04-29T12:38:22+00:00,4.2.0
starrail,붕괴:스타레일,f61dd8da-b551-4091-a336-889399f49ab7,엉 엉 너무 좋습니다 폰으로 해 최대한 할 수 있는 방법으로 렉이 안걸리게 하고있지만 그레도 폰의 열이 20도 까지 올라가더군요 그래도 전 완전 만족 합니다. 폰 용량이아슬아슬 하지만요... 그리고 다른 기기로 태블릿 A10으로 플레이 해 보려 했지만 기기가 호환되지 않더군요 기회가 된다면 이 태플릿으로도 게임을 즐기고 싶군요. 사랑합니다 붕괴 스타레일,5,9,2026-04-29T12:05:16+00:00,4.2.0
starrail,붕괴:스타레일,7c8314e8-7c83-430d-83ce-3706682cfe6c,Good,5,0,2026-04-29T10:06:41+00:00,
starrail,붕괴:스타레일,366f4986-eae1-4f2c-8335-4c63d1342455,호우 ㅇ소,4,0,2026-04-29T05:37:16+00:00,
starrail,붕괴:스타레일,1439f567-02b6-47e0-a911-e71fe48ee087,조아여,5,0,2026-04-29T04:16:31+00:00,4.2.0
starrail,붕괴:스타레일,6e57a5b9-6652-4459-84d9-3b68791306ec,일단 함 무보십쇼. 후회 안합니다,5,0,2026-04-29T01:16:10+00:00,1.1.0
starrail,붕괴:스타레일,ad3d4f18-b89a-453c-80e5-b5a129778d8d,잼있네요,5,0,2026-04-29T00:22:26+00:00,
starrail,붕괴:스타레일,9e82fa2f-ce25-4a83-9b0d-e66dfe7113e9,nice,5,0,2026-04-28T23:11:40+00:00,4.2.0
starrail,붕괴:스타레일,6cb9f6fd-11f8-4d15-b47e-9bd1ede497a0,재미있음.,5,0,2026-04-28T23:03:18+00:00,3.0.0
starrail,붕괴:스타레일,ba6c4884-15fa-4eef-bc7c-459c1fbdac4c,잼슴,5,0,2026-04-28T22:59:59+00:00,
starrail,붕괴:스타레일,f2551787-f108-4c60-b008-383e598ce900,생각보다 할만함,5,0,2026-04-28T21:00:25+00:00,4.2.0
starrail,붕괴:스타레일,e5340366-67c7-4262-aafb-7072e4eaff8c,좋아요,5,0,2026-04-28T15:52:42+00:00,4.2.0
starrail,붕괴:스타레일,ce77d7e8-93e2-4ebe-b928-96d54ca10093,이제 거의 3주 들어가는 뉴비 기준으로 일단 주년유입이라서 보상이 많다는 점이 매우 크고 메인 스토리의 분량 의미가 강하다고 느껴진다,5,0,2026-04-28T14:05:31+00:00,4.2.0
starrail,붕괴:스타레일,01962cf6-10c1-4859-ae30-386139d76444,재밌습니다,5,0,2026-04-28T13:40:39+00:00,
starrail,붕괴:스타레일,7ddb1cc9-fc52-40b9-bc84-3cf30ef44e98,Good,4,0,2026-04-28T13:15:35+00:00,
starrail,붕괴:스타레일,187c0ecc-def7-476c-a6d0-355704a964e9,"스토리는 진짜 숨겨진 복선도 많아서 파먹는 재미가 있습니다. 오로지 스토리만 보실거면 추천합니다. --- 근데 성옥(뽑기재화)을 얻는 엔드 콘텐츠를 진행하면서 점점 크게 느끼는 점인데, 신규 캐릭터, 파티를 팔아먹으려고 억지를 부리는 느낌이 굉장히 큽니다. 아무리 최애캐를 돌파를 해도, 최상의 파티를 만들어도 그냥 메타가 바뀌면 폐기처리가 됩니다. (일정 기간동안은 유지시켜줌) 또, 뽑기 시스템 자체가 유저한테 굉장히 박탈감을 느끼게 하는 구조라서 스트레스도 받습니다. 운 좋은 사람은 무과금으로 플레이하고 운 나쁜 사람은 캐릭터 제대로 쓰려면 36만원 꼬박 깨집니다. (+ 파티 제대로 쓰려면 40×4) --- 스타레일 오픈부터 해왔고, 정말 컨텐츠 열심히 해왔는데 이제는 재미있는 컨텐츠가 아니라 캐릭터를 팔아먹으려는 구조에 지쳤습니다.",4,2,2026-04-28T08:44:02+00:00,
starrail,붕괴:스타레일,694a93b1-62a9-45d4-afce-ce4ec9d3d0aa,원신짭퉁ㄷㄷ,1,0,2026-04-28T05:46:53+00:00,4.2.0
starrail,붕괴:스타레일,b6a27ef4-cbf8-46c8-a7e1-013f13545bea,재밌어요,5,0,2026-04-28T05:15:14+00:00,4.2.0
starrail,붕괴:스타레일,316315d8-917f-4714-80a1-f7290b3c5cf6,제발 스킬 간소화 모드 주세요...,3,0,2026-04-28T04:13:11+00:00,4.2.0
starrail,붕괴:스타레일,517e2b19-9f10-4057-a005-dd82f0758d0c,"스토리 좋다고 했는데 이게 좋은거 맞아? 가면 갈수록 전개가 유치해짐 전개는 유치하고 말도 진짜 어렵게 꼬아서 말해서 이해하기 어려움 스토리작가 능력은 안되는데 월클병 걸린거 같음 ""지식의 실험과 파멸의 온상속에서 그건 엔트로피의 증가이자 차가운 진리 그리고 죄악의 본능이었어"" 이런 대사가 나옴 어질어질하더라 ""이세계 스마트폰"" 같은 스토리 보려면 이거 하면됨 그게 아니면 콘솔겜이나 하러가라 턴제를 좋아하면 스토리 스킵하고 하면 됨 그리고 캐릭은 주식하듯이 뽑아라 애정캐만 뽑으면 인플레 심해서 계정 망한다 요약 : 스토리 보고싶으면 시간아까움 다른겜 ㄱㄱ, 모델링은 엔필 명조 소전2등 훨 좋은 게임 많아 다른겜 ㄱㄱ, 씹덕 턴제가 그냥 좋으면 이겜 ㄱㄱ 캐릭",1,21,2026-04-27T14:20:54+00:00,4.2.0
starrail,붕괴:스타레일,ce029eac-dce1-44de-bc22-54bf8d3b98d9,버그가 조금 있어요 999Lv 은랑 궁극기 쓸때 멈추더니 그 상태로 멈추네요..수정좀,3,1,2026-04-27T14:17:04+00:00,4.2.0
starrail,붕괴:스타레일,bcdac09f-8d76-4500-8416-7cd9468e9ee7,모바일게임이 40GB가 맞나요? 너무 많이 잡아먹네요.... 오픈월드도 아닌데,1,1,2026-04-27T13:15:14+00:00,
starrail,붕괴:스타레일,330008ff-69cb-420b-8989-d5f1046c1a8c,아니 분명히 2년전에 플레이했던 기억이 있는데 계정도 똑같은데 싹다 날라갔어요 그리고 분명히 플레이하고있었는데 백업데이터가 여기까지라면서 갑자기 40000MB 떠안기고 다시 다운받으라는데요,5,1,2026-04-27T13:13:48+00:00,4.2.0
starrail,붕괴:스타레일,7ed98a0c-8b95-4686-8e58-bd04d08968fc,원신하고 붕스타하고 원신하고 붕스타하고...,5,1,2026-04-27T12:03:51+00:00,2.6.0
starrail,붕괴:스타레일,6490ff6d-5515-492a-940e-3f8523eca5c2,ㅏ 이대로만 가다오,5,0,2026-04-27T11:48:50+00:00,4.2.0
starrail,붕괴:스타레일,c0d5395f-6f88-4736-8dd5-f8594e8d1271,스토리 진행 중 맵이 너무 멀미나요 너무 이리저리 공간 움직이는 맵보다는 잘하시는 연출로 스토리 강점을 살려주세요..,3,1,2026-04-27T08:30:37+00:00,
starrail,붕괴:스타레일,d3551526-f864-452f-b209-1ec380656aef,제에발 닉변이랑 성별 변환권을 내다오오,4,0,2026-04-27T07:24:11+00:00,4.2.0
starrail,붕괴:스타레일,7c6689f3-16b6-43d5-8558-a7d743449716,다른 캐릭터 만들어 주세요,5,0,2026-04-27T06:34:26+00:00,4.2.0
starrail,붕괴:스타레일,a5776036-9708-453d-bc65-74bfbfd5a047,재미는 보장하는데 그래도 뽑기 망하면 딜이 안나와...,5,0,2026-04-27T04:39:35+00:00,1.0.5
starrail,붕괴:스타레일,fa012bb9-16cb-4b19-a6c0-7b1b35e43ea2,게임 스토리 적으로는 재미있습니다. 근데 너무 빨리 변해가는 인플레 캐릭 하나하나가 너무 비싸고 픽뚫시스템이 있어서 돈이 더 들어갑니다 몇개월 모아도 픽뚫나면 그만큼 허망한게 없습니다 캐릭 뽑았다해도 흔히 말하는 접대 유무 때문에 쓰기도 어렵습니다 한파티 한파티 비싼데 엔컨 할려면 3파티는 필요합니다. 오래했지만 너무 질려서 그만할라고요,1,4,2026-04-26T22:35:01+00:00,3.1.0
starrail,붕괴:스타레일,49eaaa0a-060d-4356-8083-4440fa8ce30a,붕괴스타레일 다시 복귀 해보겠습니다. 현재 / 중세시대 배경인 곳,5,0,2026-04-26T16:39:55+00:00,2.5.0
starrail,붕괴:스타레일,eb016a57-90a7-49a5-951f-d1fe61804127,"그냥 적당히 과금하고 잘 즐기고 있는 카스 때 유입 유저임. 7연속으로 풀천장 찍고 뽑은 후에 2달 정도 접고 복귀함. 엠포 스토리도 박아서 이상낙원도 일단 끝나면 볼려고 함. 주년 2배 초기화 때랑 무명의 공훈만 현질한 유저로서는 솔직히 인플레 따라갈만 함. 흑칠 제외 올 명함 기억팟과 명함 세이버, 명함 에쉬베일로 혼돈 허구 종말 풀별 가능함(이상중재는 불가능). 재화도 적당히 챙기며 화폐전쟁에서도 잘 즐기고 있음. 유물만 잘 해줘도 잘 즐기며 쌀먹 가능하다고 봄. 픽뚫캐들도 요즘 a/s 받거나 해서 누가 픽뚫로 나오냐에 따라 다름. 근데 여전히 픽뚫은 기분 나쁘긴 함 ㅇㅇ. 아 맞다 패치마다 1~2티어나 콜라보 캐 많이 뿌려줌.",3,11,2026-04-26T13:45:31+00:00,4.2.0
starrail,붕괴:스타레일,0518a452-a625-46b9-9a39-64ef92f4183a,이런 게임을 처음 해봐서 그런지는 몰라도 정말 신세계를 경험하는 것 같은 기분이었어요,5,2,2026-04-26T06:27:14+00:00,4.2.0
starrail,붕괴:스타레일,9dae5dff-15d0-44fa-8b54-8e3014ca93b1,송민아내가붕괴스타레일그만하랫지.,1,0,2026-04-26T05:08:30+00:00,
starrail,붕괴:스타레일,7800b6c7-fc5e-472d-a86c-bd92ceb17f72,재미있어요,5,1,2026-04-26T04:36:40+00:00,
starrail,붕괴:스타레일,a98930cb-7cad-4a38-a13e-77bba39e2317,인터넷이 구린것도 아닌데 계속 핑999 뛰우며 튕길거면 어쩌라는거임?,1,1,2026-04-25T16:42:24+00:00,
starrail,붕괴:스타레일,183365d0-296b-4440-af31-172ecae9e920,"일단, 스토리 부분의 경우에는 매우 은어가 많고 세계관 이해가 따로 찾아보지 않으면 이해가 힘든 편이지만 이 모든것을 이겨낸다면 충분히 재밌고 여운이 적당하게 있습니다. 하지만 캐릭터 인플레이션이 한 버전 지날 때마다 바뀔 정도로 매우 심한 편이고, 오픈월드 게임이 아닌만큼 전체적으로 시간이 흐르면 자연스럽게 할 것들이 없게됩니다. 이 부분들만 조금 고치면 좋을 거 같습니다",4,0,2026-04-25T13:59:16+00:00,
starrail,붕괴:스타레일,94efffe9-9507-4cda-a312-81dc5d547640,나도 은랑 999뽑고 싶었다..... 아무래도 호요버스의 신은 날 저버린게 분명하다...,5,1,2026-04-25T13:53:43+00:00,4.2.0
starrail,붕괴:스타레일,7c1cf5f5-7657-4004-aafd-af3a58ac32a3,무과금도 할만해요,4,2,2026-04-25T06:54:43+00:00,4.2.0
starrail,붕괴:스타레일,d59740a5-2c22-46e2-a9b1-91aa9ce304d1,"보스전도 신나서 플레이 한 페나코니... 내게 잊지 못 할 기억을 선물해준 스토리.. 앰포리어스.. 내 최애, 차애를 만들어준 게임..",5,0,2026-04-24T19:00:16+00:00,
starrail,붕괴:스타레일,2db0cb5d-ed68-43f2-8ef4-a6a34ba4ad41,스타레일 한다고 공부 못 해서 시험을 망쳤어요 책임져주세요 호요버스,5,39,2026-04-24T10:37:03+00:00,4.2.0
starrail,붕괴:스타레일,9107b6c8-4064-4b37-a51d-c5686e0aea64,용량 좀 줄여봐라..,2,0,2026-04-24T10:26:42+00:00,
starrail,붕괴:스타레일,aac06e41-6856-4748-badb-4a5d277eacad,나이스,4,0,2026-04-24T09:09:42+00:00,
starrail,붕괴:스타레일,ba3e7d15-55fe-48bf-af86-dbb488274e30,아니 진짜로 전광픽뚫은 왜 만든거냐? 걍 진짜 불쾌함의 극치네 불쾌한 경험하고 싶으면 추천하는 게임,1,5,2026-04-24T08:14:45+00:00,
starrail,붕괴:스타레일,0493a16e-98f6-4b27-bc8b-d552bf9d0e3f,굳,5,0,2026-04-24T01:53:17+00:00,4.2.0
starrail,붕괴:스타레일,06a26eec-40d1-4c80-99ae-8597df59af4b,세이버 필살기 대기모션 이펙트가 깜박거려요,5,0,2026-04-23T12:11:33+00:00,4.2.0
starrail,붕괴:스타레일,619e5a1d-7945-4d13-af19-c7c1026d38af,캐빨 요소를 만들던가 캐릭터를 매력있게 만들던가 해야지 재미도 없는 컨텐츠만 주구장창 내냐 엔컨 풀보상 타먹으면 할게 뽑은 캐릭 구경인데 딱히 구경할 맘이 안듬,3,0,2026-04-23T09:07:05+00:00,
starrail,붕괴:스타레일,990125ad-e7e9-4409-999f-a75e4bde2d14,게임.자꾸.친구초대.없.안.젠원신.스타. 이벤트.등.혼자.못.다인.몇.추가이벤.보상.난이도.x.못.먹. 결제.계속.비싸.이제못.돈.부족.없.폰.갤10.20.용량.x. 가챠.픽.고봉.넘.비틱.없어.저는.게임.유료.계속. 무과.x.한다.포기.유료.한.게임.잘.못.x.사람.입니다.게임.회사 .건의.해결.x.게임.할때.지멋.x.생김니다.해결좀.해주세요. 이벤트.등.공략.최신.없.리딤.추가.최신.정보.먹는것.도.잘.안보.지멋.x.,3,2,2026-04-22T22:35:56+00:00,4.2.0
starrail,붕괴:스타레일,b85f14ec-8d8d-46fe-b23b-70cc83cd6022,갓겜 맞고요. 수능 끝날 때까지만 기다려라.,5,0,2026-04-22T16:34:50+00:00,3.8.0
starrail,붕괴:스타레일,198a113d-c3aa-4d27-8e88-f17263fe6b16,트위터 계정 로그인이 안돼요ㅠㅠㅠㅠㅠㅠㅠ,3,1,2026-04-22T14:33:16+00:00,4.2.0
starrail,붕괴:스타레일,7760ec0d-ef65-4ba4-83bb-10810b66ed26,인플레가 그냥 미친게임.. 애정으로 버틸려고해도 이젠 불가능이다,1,8,2026-04-22T12:07:53+00:00,2.5.0
starrail,붕괴:스타레일,5c2ce691-354e-4eac-8ff9-79eeca70a1df,성옥 모으기 빡세다,3,1,2026-04-22T10:59:02+00:00,4.1.0
starrail,붕괴:스타레일,6081d96b-1ee3-4837-9a60-b231bf85571c,인플레 빨간약 심함 특히 이상중재에서 3.7만 안 말아먹었어도 좀 더 높게 줬을텐데,3,2,2026-04-22T09:42:08+00:00,
starrail,붕괴:스타레일,89b33177-379a-4fdf-b58c-c864afcc8559,완벽,5,0,2026-04-22T09:34:43+00:00,4.2.0
starrail,붕괴:스타레일,3aea9f2a-b8a9-40e9-b36c-073264fa50ef,내가 해본 게임중 제일 제미있고 추천하는 게임 케릭터도 맛깔나고 보상도 게후함 ㄹㅇ로 한번 해보는걸 추천함,5,0,2026-04-22T07:36:26+00:00,4.1.0
starrail,붕괴:스타레일,2d8a17d6-9cba-432d-adb2-179c1accee6c,"앰포 말아먹고 이상 낙원 스토리는 초반부는 괜찮은 거 같은데, 이것도 후반부가면 '낙원'이라는 이유로 또 말아먹을 예정이죠?",2,0,2026-04-22T07:34:10+00:00,4.2.0
starrail,붕괴:스타레일,31604557-bd69-46ca-a9ae-2ffa831b6a01,내 은랑,1,1,2026-04-22T06:50:00+00:00,4.2.0
starrail,붕괴:스타레일,8ee65f23-ec98-45ea-85a3-1a2900c6645b,캐릭터 디자인도 너무 예쁘고 성우분들 목소리도 너무 좋고 스토리랑 가챠도 재미있어서 강추 드립니다!,5,0,2026-04-22T06:41:39+00:00,4.1.0
starrail,붕괴:스타레일,19e4e077-1e2b-4f8d-b213-9ced1ef105bb,우리겜도 척자 성별 바꾸게 해줘잉,5,0,2026-04-22T06:26:20+00:00,4.1.0
starrail,붕괴:스타레일,423a6beb-51c4-4379-a237-b32527b3e5b8,재밌는 게임 추천 이거 강추,5,0,2026-04-22T06:21:46+00:00,4.1.0
starrail,붕괴:스타레일,47125ac5-ead8-41b6-8934-f0e5b3281c8f,미호요게임은 다신 안한다 해놓고 궁금해 미치지직전에 해본결과 이놈들.... 역시 게임하나는 기깔나게 뽑는다는걸 다시끔깨닳음,1,2,2026-04-22T05:57:50+00:00,3.5.0
starrail,붕괴:스타레일,38bb07a8-ebd6-40be-9a48-80b3566f1bbc,붕3처럼 호감도 터치 낭만이 그립군아,5,0,2026-04-22T04:42:55+00:00,
starrail,붕괴:스타레일,41feaa31-4313-406f-9d76-48c5be5ba9e4,"내가 이걸 왜 지금 알았는지 모르겠다, 개 재밌노",5,0,2026-04-22T04:00:57+00:00,4.1.0
starrail,붕괴:스타레일,9d6dfa94-6dff-403c-b2ef-bbf2182cab43,"스토리goat 인플레는 예전에말많았지만 스파클상향, 등황무료제공으로 뉴비도즐겁게플레이가능",5,0,2026-04-22T02:20:12+00:00,4.2.0
starrail,붕괴:스타레일,549127ba-9215-4e34-8d88-73b632e45781,"K게임계는 갈수록 운영은 손 놓고 그냥 리니지도박 뽑기 게임화 되어가고 있어서 욕을 쳐먹는 시점인데 예전에 무시하던 중국게임은 현재 그 특유의 깔끔한 영상미나 스피드한 진행 방법 아기자기한 스토리 등등 안구 정화되고 훨씬 낫네요 다만, 가챠가 맵긴 해도 기본 케릭들 성능도 무시 못하고 소과금만으로 충분히 즐길 여지가 많아요 메인 퀘가 끝나 다음 업뎃을 기다리고 있어요",4,1,2026-04-22T00:36:30+00:00,4.1.0
starrail,붕괴:스타레일,a155af13-42d3-4264-a292-a3c803524b5e,"스토리도 재밌고 좋은데…제가 초보자 유저여서 캐릭터 무료 뽑기! 부탁드립니다! 제가 아직 아무것도 몰라요…ㅠㅠ 캐릭터 복귀 무료 뽑기 부탁드립니다!! 🙏🙏😭 파이논 복각 한번 더 해주시면 안될까요? 꼭 뽑고 싶어요! 아낙사고라스 복각도 해주세요, 꼭 뽑고 싶어요!",5,0,2026-04-21T23:25:06+00:00,4.2.0
starrail,붕괴:스타레일,b85636e0-775d-4313-8ef5-a46d1c11fd43,어흐 뀨랑 배꼽,5,1,2026-04-21T22:53:32+00:00,4.1.0
starrail,붕괴:스타레일,2c9c0f36-6b70-4d46-a6d3-74c07c65e0c0,붕괴 3주년 축하해!,5,1,2026-04-21T22:50:45+00:00,4.1.0
starrail,붕괴:스타레일,7de56471-505b-4c77-ad99-84cea162352d,나부 2번째 스토리에서 계속 먹통으로인해 스토리가 진행되지않습니다 저장공간 문제인것같아 저장공간을 보아도 반 이상이 남아있습니다. 부캐로는 스토리 진행이 잘됩니다. 혹시 이 글을 읽는다면 꼭 고쳐주시길 바랍니다.,5,2,2026-04-21T22:41:44+00:00,4.1.0
starrail,붕괴:스타레일,39f372ec-9f96-4697-a154-d6a84fd7cc6b,게파드 나와줘라.,5,2,2026-04-21T22:10:49+00:00,4.1.0
starrail,붕괴:스타레일,b9d47d2c-4954-4a3d-86e9-1659523f895f,지금까지 현질한 유저입니다 근데 제 애정캐는 은랑입니다 이격이든 아니든 전 은랑을 사랑합니다 왜 사랑하냐면 능력 메커니즘 그리고 필살기는 정말 초보자들에게 좋은 메커니즘입니다 그리고 붕과스타레일 생일축하해요 아직은 아니지만 생일축하해요 그리고 다른 게임들 따라하지 마세요 특히 마크 팩맨 그리고 은하열차는 은하철도 99고 그리고 똑같이 만들어도 돼는데 비숫하게는 하지마세요 그럼 붕괴스티레일 생일축하해요 그리고 늘 사랑해요 붕괴스타레일,5,0,2026-04-21T20:45:52+00:00,4.1.0
starrail,붕괴:스타레일,587057d3-5e52-488b-bdbb-dadc2b782c66,그냥 사랑해여,4,0,2026-04-21T12:05:05+00:00,4.1.0
starrail,붕괴:스타레일,40b0cf66-b040-4d8a-9fb3-b41b35a418bf,갓겜! 리뷰 보셨으면 따봉 한번만요 ㅎㅎ,5,1,2026-04-21T11:37:39+00:00,2.6.0
starrail,붕괴:스타레일,4e3f9416-cb82-4f47-9734-0d366dd99fe1,"제가 가장 좋아하는 게임입니다! 턴제라 직장인이나 학생들이 여유롭게 즐겨도 좋습니다 ㅎㅎ 또 캐릭터가 매력적이고, 스토리가 최고입니다 ㅠㅠ 앞으로도 꾸준히 개척해 나가겠습니다! 붕스 최고!!",5,0,2026-04-21T04:18:15+00:00,4.1.0
starrail,붕괴:스타레일,f0e12c41-b82a-4421-b486-84d09e949d53,진짜 갓겜 오브 갓겜,5,0,2026-04-20T12:59:39+00:00,
starrail,붕괴:스타레일,484c4d56-dbe2-433b-84dc-e6d10c8d7942,전체적으로 제일 마음에 드는 게임,5,0,2026-04-20T09:44:09+00:00,4.1.0
starrail,붕괴:스타레일,5ccff50f-0942-4f04-82cd-719f75163712,번역개선되고있음. 카프카 ' 999레벨이상 ' 아.. 아오,3,0,2026-04-20T07:25:08+00:00,4.1.0
starrail,붕괴:스타레일,82aaaa8f-88f9-4f79-8036-469554d919f4,"장점 1. 보상 많이줌(원신 같은거 하다가 이겜하면 천국이따로 없음) 2. 턴제게임이여서 가볍게하기 좋음 3. 무과금도 뽑기재화 모으기 괜찮음 단점 1. 캐릭터 인플레 너무 심함 돈벌어야되는거 알긴하는데, 적들도 같이 세져서 옛날 캐릭으로는 흠집만 나는 수준 2. 픽뚫 솔직히 이거 당하면 겜하기 싫어지고(특히 뉴비) 픽뚫난거 만회하려면 더 뽑아야돼서 진짜 싫음. 첫 한정 5성은 픽뚫 없애면 좋겠음",3,7,2026-04-20T03:49:27+00:00,4.1.0
starrail,붕괴:스타레일,62291140-a32f-4353-a3d0-5bf1fce0dfe7,뭘하든 돌아오게 만드는 겜.. 3주년 기대하고 4성 좀 내주시길,5,0,2026-04-20T00:48:51+00:00,3.7.0
starrail,붕괴:스타레일,26906be4-aecc-4a67-b95e-ed3c41887b86,가방공간이넘무없어요,5,2,2026-04-19T21:53:44+00:00,4.1.0
starrail,붕괴:스타레일,00c136ab-e22b-4fda-87dc-c9ec32d1f5cb,스토리가 맛있고 재밌는 컨텐츠가 많이 쌓여있습니다,5,10,2026-04-19T17:50:03+00:00,
starrail,붕괴:스타레일,dfcd98bb-f222-459e-ad8d-9db2f210a9cb,"솔직히 갓겜이라고 생각은 하는데 이상낙원 가면 거의 캐릭이 안움직일 정도로 렉이 심하고 이상낙원 말고도 선주 유원, 은하열차 파티칸만 가도 뚝뚝 끊기는데 또 옵션을 낮추면 게임 모션도 이상해지고...근데 뭐 이건 내 폰문제고 스토리도 좋고 캐릭터도 매력적이고 업데이트도 항상 좋고 캐릭터들을 육성하는 맛, 뽑는 맛, 다 좋은 겜이라고 봅니다 전 그리고 pvp 시스템좀 만들어 줬으면.....",5,4,2026-04-18T09:10:19+00:00,4.1.0
starrail,붕괴:스타레일,48af2b3c-bb83-4437-9213-264d03cbda5e,앰포리어스 초반에 재밌었는데 어째서 결말을 ;-;,5,0,2026-04-18T04:01:51+00:00,4.1.0
starrail,붕괴:스타레일,dda0354a-f03d-44a0-8854-7ab9eef23f3b,동행 • 금빛 영혼이 성혼이 최대치인 ★5 캐릭터 2회 중복 획득하면 얻을 수 있는데 공훈에 있는 광추 기억 조각도 재련이 최대치인 ★5 광추 2회 중복 획득으로 얻을 수 있게 해주면 안되려나?,5,1,2026-04-17T17:39:21+00:00,4.1.0
starrail,붕괴:스타레일,d8253724-fa54-4033-96f0-e3bdbdfa37ed,캐릭터가 재미있고 게임이 예뻐요,5,1,2026-04-17T13:09:43+00:00,4.1.0
starrail,붕괴:스타레일,e46e0c70-8f9b-4040-8eb8-fff968b4b04a,스파키가 정말 귀엽군요!,5,0,2026-04-17T11:09:28+00:00,
starrail,붕괴:스타레일,b5fd9883-8be9-493a-9ea9-c926de010be1,갓게임이라고생각히고햇는대 그때답변이랑 똑갇이와있네요 실망이 게임을 접을정도 심하게오네여 연동로그인 수정좀 해주면댄대 사진을도내달라 영상을 보내달라 아이디 빌드번호보내달라 머 변한개없네요 왜 연동로그인 오류에 아이디 빌드번호가필요하죠 이해가 가지않고 개인 디지털카메라나 동영상 기기가없으미가 못올린다는 고 서서 보내도 갇은 답변 머 호구로 보는것도아니고 좀 로그인 오류좀 손바라 정말 나말고 더 접는유저 생기기전에,1,2,2026-04-16T19:43:07+00:00,
starrail,붕괴:스타레일,44c59723-4775-4d91-ab16-16b750ce5fe0,"재미는 있는데, 이벤트에서 진짜 설명을 그만 좀 해줬으면 했던 부분이 너무 많았었기에 이미 했던 내용이나, 충분히 알 수 있는 정보도 튜토리얼이라며, 길게 설명했기에 즐기기보단 지루함과 짜증이 있었습니다. 이건 개인적인 생각이기에 다르게 생각할 경우도 있습니다.",5,2,2026-04-16T16:14:03+00:00,
starrail,붕괴:스타레일,f3adaf07-0544-426c-a814-6bc82bee3767,캐릭 디자인도 너무 좋고 스토리도 너무 좋음 페나코니 스토리 다보고 눈물이 조금남,5,0,2026-04-15T13:26:55+00:00,4.1.0
starrail,붕괴:스타레일,1e627088-0ee6-4d9e-8a82-626829f1c372,부정적인 리뷰들에 공감가는게 캐릭터 풀돌풀재 2파티 픽업 7 상시 1 있는데 버전넘어가면 그냥 쓰레기통되고 명함캐릭들한테 따잇당하는게 손이안가더라고 돈 많이썼어도 진작에 접은게 진짜 잘한듯싶다 밑에 매크로답변도 꼴보기싫네,1,4,2026-04-15T11:10:52+00:00,2.6.0
starrail,붕괴:스타레일,418a8cdb-b4cf-447d-9575-587e2f6e5fc2,인플레가 너무 심해서 스토리는 유튜브 에디션으로만 보는게 정신건강에 도움이될듯 스토리도 스케일만 크지 엄청 흡입력있는 스토리는아님,1,7,2026-04-12T17:39:51+00:00,
starrail,붕괴:스타레일,b9056177-45cc-498d-b2ce-9512df67bf6b,3주년 축하,5,0,2026-04-11T15:43:43+00:00,
starrail,붕괴:스타레일,d135cfdd-c247-42ff-a64d-497ad2729df5,"붕스 장점 1. 스토리가 아주 맛도리임 2. 턴제 게임이여서 재밌음 3. 핸드폰이 꾸져도 너무 끊김없이 잘 돌아가고 4. 각 캐릭터의 특성이 너무 좋음. 5. 재화를 잔뜩 주니깐 캐릭터 얻기도 편해져서 맵을 밀기 쉽고 그만큼 돌아오는게 많아짐. 그리고 제 개인적으로 원하는 건데요, 같은 호요 게임인 원신이나 젠존제도 붕스마냥 재화를 쉽게 주는 이벤트를 하면 인기가 더 생길 것 같아요",5,29,2026-04-11T12:59:02+00:00,4.1.0
starrail,붕괴:스타레일,aba386d5-9f7c-43ff-bea6-6c5eff216520,갓겜,5,1,2026-04-11T06:32:09+00:00,2.6.0
starrail,붕괴:스타레일,24ab0e94-5e25-4ac3-928e-33197451cbc6,"재미있는데캐릭터레벨업이랑메인퀘스트균형현질안하면키우기가힘드네요장점:오픈부터 지금까지 현질했던 유저입니다. 스토리가 좋으신 분은 유튜브를 보시거나 정말 스토리만 보시고 좋아하는캐릭터를 뽑고 보고 즐기시는거만 추천합니다. 엔드컨텐츠(망각, 허구, 종말, 이상중재)는 보지도 마시고요. 정말돈이 많으신 분만 도전하시길 권합니다. 물론 버전이 넘어가면그 파티가 계속 쓰일지도 미지수입니다. 당신이 애정을 갖는캐릭터를 뽑고 파티를 맞춰도 접대 버프 보스들로 접대 외에파티들을 죽여버립니다. 가똑이나 최신캐가 성능이 더좋을텐데 말이죠. 그래서 애정캐가 퇴물 소리 듣는게 싫으신분은 시작하지 않는게 좋습니다. 뽑은지 2~3달 만에 쓰레기가될수도 있습니다장점:1.스토리(페나코니,앰포리어스는 꼭 봐야함)2.캐릭터(서사+ 예쁨,잘생김), 3.뉴비 기준 할거 엄청많음(탐사,스토리 등),4.캐릭,재화 많이 퍼줌(현재 ""단항.등황""배포, 최근 '페이트'와 콜라보로 ""아처"" 배포,현재도 1티어캐릭인 ')",5,3,2026-04-11T04:18:04+00:00,
starrail,붕괴:스타레일,c8800ef6-19aa-497e-8600-4d6396dbed7d,퀘스트가 재밌고 스토리가 기대됩니다,5,0,2026-04-11T02:55:12+00:00,4.1.0
starrail,붕괴:스타레일,8c85a293-7d8e-447f-b951-238379a5e478,전략없는 유사턴제겜 afk에가까운게임,3,5,2026-04-10T13:23:03+00:00,
starrail,붕괴:스타레일,d9c0c15b-9d0c-43c8-8049-37ad2e59a66a,솔직히 지갑 안열면 인플레 못 따라감 딜러가 2버전까지 갈수있으면 그건 미호요 푸시캐 아니면 안됨 딴겜은 애정캐 뽑으면서 즐겜하라 하면 되기야 됨 근데 이새기는 애정캐가 성능캐 아니면 있던 애정도 사라지게 만듬,2,3,2026-04-09T21:14:42+00:00,
starrail,붕괴:스타레일,f16fac68-a7bd-488b-bd88-fc72d8185c42,재밌습니다 턴제 첨하는데 개재밌네요,5,0,2026-04-09T14:52:58+00:00,4.1.0
starrail,붕괴:스타레일,cd37af7f-3a00-4729-b8f4-424d8a56388a,그저 goat,5,0,2026-04-08T11:30:55+00:00,
starrail,붕괴:스타레일,fb5fa116-5d94-46be-ab1a-1a4d5803930c,요즘나오는 서브컬쳐 비해 픽뚫 퍼센트나 과금이 너무 매워요.,1,4,2026-04-06T15:32:57+00:00,2.3.0
starrail,붕괴:스타레일,8ea7a9d0-bf82-461f-be0e-da8d9d14b4e0,스토리가 맛있고 캐릭터가 예뻐요,5,0,2026-04-05T23:25:41+00:00,4.1.0
starrail,붕괴:스타레일,0ea71d78-6599-439d-86c5-930a2dcbfc27,스토리 개쩜 특힘 엠포리어스 진짜 버릴 버전이 하나도 없음 안 지루함 복귀하고 3일 만에 첨 부터 끝까지 다 봄,5,2,2026-04-05T16:19:04+00:00,
starrail,붕괴:스타레일,0c7b8ce9-5dbd-4cdd-9914-875a10d09327,게임이 맜있고 캐릭터가 재밌어요,5,1,2026-04-05T05:35:35+00:00,
starrail,붕괴:스타레일,ecab8c0c-6b8e-42c6-b900-ccd33138441f,역시! 붕괴 스타레일! 굿굿!,5,1,2026-04-05T00:27:47+00:00,
starrail,붕괴:스타레일,2acf6245-a2ef-4f16-9d58-7f93267d5b25,다 좋은데 !!![[애쉬베일]] 목소리가 잘 안들려요!!!애가 뭐라하는지 모르겠어요.이거 좀 고쳐주시면 좋겠어요. 리뷰 잘 안쓰는데 게임하다가 너무답답해서요.애정캐라서 애쉬베일만 데리고 다니는데 잘 안들려서 좀 속상하네요.ㅠㅠ,5,0,2026-04-04T11:18:13+00:00,4.1.0
starrail,붕괴:스타레일,90f091e2-936a-4c1f-bada-52e4e7980f82,사랑했던 만큼 실망감이 크다,1,3,2026-04-03T13:55:26+00:00,4.1.0
starrail,붕괴:스타레일,dd012a26-ccd2-4bb2-8151-7aee11e0dbb5,배경과 케릭터도 예쁘고 스토리도 재밌어요 이상낙원 👍👍,5,5,2026-04-03T06:57:00+00:00,4.1.0
starrail,붕괴:스타레일,d416a924-d076-40ca-b2fb-3b187f61e605,👍🏻👍🏻,5,1,2026-04-01T06:39:22+00:00,4.1.0
starrail,붕괴:스타레일,255ab063-4eca-411f-9d1c-ddf0474d47b6,너무 재밌고 캐릭도 예쁘고요 할게 많은데 스토리만 좀더 많았으면 좋겠어요 그래도 별5개!,5,0,2026-03-30T14:27:32+00:00,4.1.0
starrail,붕괴:스타레일,85b5adfe-90be-4b2d-8003-5aa056d2a257,개척이란 암흑의 황야에서 길을 열어나가는 행위다! 각오는 됐나? 난 됐다. 어서와라.,5,0,2026-03-29T15:13:52+00:00,4.1.0
starrail,붕괴:스타레일,670c5676-d20b-4280-b980-12815e53e385,매우 좋은 게임이에요. 할만한 게임이 없던 저의 구세주 같은 게임입니다.,5,0,2026-03-29T11:59:48+00:00,4.1.0
starrail,붕괴:스타레일,3e12fbf7-ed17-4513-9011-0bb1010c642b,붕스 뉴비인데 캐릭터는 예쁨 스토리도 어느정도 재밌게 보는거같고 턴제?게임이라는거에 취향임 근데 뭔가 뉴비다 보니까 뽑기재화를 어떻게 모으는지 잘모르겠음 일단 재밌음,4,0,2026-03-29T09:37:07+00:00,4.1.0
starrail,붕괴:스타레일,de9af2c5-0cc0-4394-b26d-6b68fb3c4a1a,예전엔 좋아하는 캐릭 뽑아서 열심히 육성만 해놓으면 굴러가긴 했는데 지금은 원하는 캐릭을 뽑아도 특정 파츠를 보유하지 못했다면 굴리기조차 힘듭니다,3,0,2026-03-29T08:27:30+00:00,4.1.0
starrail,붕괴:스타레일,31336238-f84b-4d76-b80c-e5558b0a9207,인플레 게임,1,5,2026-03-28T13:35:56+00:00,
starrail,붕괴:스타레일,c75941b0-3c45-4ee3-95ab-35729a23e4ef,이 게임 정말 재밌게 했던만큼 너무 실망이어서 더 이상 못 하겠습니다. 최애캐가 몇달 뒤면 퇴물 됩니다. 성능 훨씬 좋은 신캐 나옵니다. 인플레 잡을 생각 전혀 없습니다. 선심 쓰는 듯이 해주는 AS도 현재 인플레 못 따라잡는 경우가 대부분 입니다. pv정말 잘 만드는데 찾아보면 매번 표절입니다. 심지어 팬아트까지 당연하단듯이 매번 표절합니다. 팬들을 기만하고 표절로 돈 벌면서 자랑스러워하는 게임회사입니다. 제발 제발 스토리 표절 까진 안 갔으면 좋겠습니다. 엠포때 3.2였나에 복귀해서 3달동안 몇백 질렀는데 앞으로는 그냥 메타캐릭 명함만 보거나 월정액만 하거나 다 때려치우고 스토리만 보거나 할 생각입니다. 그 돈으로 최신형 컴퓨터 사서 평 좋은 최신 게임 살 걸 그랬어요. 밑에 어쩌라고 문제있어도 안 들을거고 인게임으로 문의 한번 해보라는 게임사 댓글 보세요. 인게임 문의 해봤자 유저말 절대 안 듣습니다. 그냥 니가 돈 없어서 꼬우면 접던가ㅋ 식의 운영인데 버티면 호구죠.,1,27,2026-03-26T00:38:56+00:00,3.5.0
starrail,붕괴:스타레일,56ef7b33-d966-4127-93d4-3f7d1b132acf,재밌긴한데 컨텐츠가 너무 빨리 떨어짐 매우 자주 게임을킬때 반응을 안해서 다시 키는 경우가 많음 겜이 멈추는 경우도 부지기수임 컴퓨터도 수시로 매번 튕김 번역은 번역기를 돌려서 쓴다고 붕스타 번역업체에서 말함 번역은 답이 없음+오브젝트 안보이는 버그도 있음+특정소리가 안들리는 버그도 있음,3,51,2026-03-25T17:31:22+00:00,4.1.0
starrail,붕괴:스타레일,5801adce-1bd3-4f21-9ef2-2249f6bef02a,원신하다 스타레일 넘어온지 6개월이지만 인플레가 이정도로 심할줄은 몰랐다. 캐릭터 수명이 반년도 안 되는건 문제 있는거 아닌가,1,6,2026-03-25T17:17:16+00:00,4.1.0
starrail,붕괴:스타레일,97366871-a011-4b2c-93fb-f9332b88b72f,재밌음,5,0,2026-03-25T12:22:26+00:00,4.0.0
starrail,붕괴:스타레일,d3ce65e7-f6ba-4a9b-92cc-4b4baab4606d,아직까지는 할만한거같음,5,0,2026-03-25T10:39:38+00:00,4.0.0
starrail,붕괴:스타레일,5959bd9a-9645-490e-bd80-89a146c0859b,단연코 세계 최고 갓겜,5,0,2026-03-25T09:15:41+00:00,4.1.0
starrail,붕괴:스타레일,4dc7df4f-32a3-4b35-86e2-39a9fbd9a93e,웃기도하고 울기도 했지만 결국 다시 돌아오게 되는건 여기 밖에 없었네요.. 좋은 추억 간직하며 계속 함께 하겠습니다^^,5,0,2026-03-25T08:21:40+00:00,4.1.0
starrail,붕괴:스타레일,08b23433-8422-450f-b632-14426321a0e0,터치가 안되는 경우가 많아요. 여러번 눌러야 인식이 되거나 합니다. 평소 기기는 아무 문제 없어요,3,0,2026-03-25T07:39:09+00:00,
starrail,붕괴:스타레일,8401a790-b7ce-4939-ac01-5efa27906246,신캐 왜 뽑냐 다 나중가면 퇴물인데,1,6,2026-03-25T06:41:28+00:00,4.0.0
starrail,붕괴:스타레일,d5f7af1d-d8fd-40a7-8fbd-1ed4c31a1031,카프카 공짜로 주셔서 감사합니다,5,2,2026-03-25T05:00:44+00:00,
starrail,붕괴:스타레일,7811cc0b-d226-4d09-9025-2a6ffe36d44a,"아니 얘들아 뇌 좀 장착하고 별점 남겨라, 응? 나 오픈때부터 라이트하게 즐기면서 7번쯤 복귀했다 접었다 하고 있는 사람인데, 솔직히 알잖아 1년마다 해당 버전이랑 스토리에 맞는 캐들이 주목받고 또 원래 있던 캐들도 재조명 해주는 거지 솔직히 4.0에 오픈 이후 애들 슈퍼 버프 해주면 얘네가 팔게 뭐가 있을까? 솔직히 이런겜들 스토리가 재밌다고 해도 몇주 기다려야하고, 컨텐츠도 노가다 뺑뺑이 빼고는 시체수준인거 알잖아? 남는건 사이버 피규어 같은 워프캐들인데 뭐 pvp컨텐츠도 없어서 필수도 아니잖아. 그럼 그냥 성능캐고 뭐고 그냥 내 취향인 애들 뽑으면 되는 거 아니야? 1년에 운나빠도 최소 2~3개는 건질 수 있잖아. 못 한다고? 니가 재화 열심히 모아. 게임에 바라지만 말고. 지루하지 않게 던저주잖아. 또 엠포 3.7? 빌드업에 비해서 나온게 별로 였을뿐이지, 지루하고 현학적이지만 그래도 설명도 열심히 해주고, 이후 세계관에대한 떡밥도 던져줬는데 뭣도 모르고 1점박지마라 제발좀",5,0,2026-03-25T02:19:59+00:00,4.0.0
starrail,붕괴:스타레일,367314cf-c817-43f2-9045-bc6e16cdb55c,비추,1,1,2026-03-25T01:42:44+00:00,4.0.0
starrail,붕괴:스타레일,bfbf9437-d632-48b6-a667-4f8e25cec818,good,5,1,2026-03-24T23:49:47+00:00,4.0.0
starrail,붕괴:스타레일,de43781a-86f4-4422-9699-b8c1119f5342,스토리 전투씬다 조음,5,1,2026-03-24T12:20:30+00:00,4.0.0
starrail,붕괴:스타레일,6fa0d064-be1c-4c22-9d50-5b27d11c9482,"일단 스토리가 1(야릴로 6),2(페나코니),3(엠포리어스)이 있는데 3번(엠포리어스) 스토리 결말이.... 그거 빼면 다 좋음",5,1,2026-03-24T11:08:13+00:00,3.0.0
starrail,붕괴:스타레일,c15900ef-8f86-4e65-b1cb-fd5901deedc1,제가 턴제를 좋아해서 그런지는 몰라도 게임이 재밌네요,5,1,2026-03-24T09:22:13+00:00,4.0.0
starrail,붕괴:스타레일,e9754cb8-a26a-4081-9bc7-f482743524ee,"파워 인플레 개개ㅐㅐㅐㅐㅐㅐ쎔 내 최애가 2,3달이면 진짜 쓰레기가 됨 무과금으로 했는데 스토리 밀기도 힘들었음 내가 백만장자라 돈이 바닥에 굴러다니면 추천함",1,3,2026-03-23T07:43:45+00:00,
starrail,붕괴:스타레일,18d74755-be70-48e2-b9ed-c66993b6f75f,진짜 좋았어요,5,1,2026-03-23T06:38:43+00:00,4.0.0
starrail,붕괴:스타레일,b48b7f52-31d9-43ac-8f58-14a119931704,갓겜,5,1,2026-03-23T02:45:31+00:00,4.0.0
starrail,붕괴:스타레일,7cf3b813-33ca-4a4e-9f58-84b4a4442de3,"흠,,",5,8,2026-03-22T13:47:09+00:00,3.8.0
starrail,붕괴:스타레일,ba4c370c-648b-4916-a515-d6d7baa7b3e6,그저 갓겜,5,1,2026-03-22T00:29:56+00:00,4.0.0
starrail,붕괴:스타레일,41af742d-8181-4e30-b29f-34a9e0618f76,"열심히 돈써서 뽑아놨더니 배포~ 1년지나면 키레네 배포하겠다 아주 돈써봤자 배포 당하니까 캐릭터 뽑을 의지가 사라짐... AS는 주기적으로 전체 다 손봐주던가 아직 성능 좋은애들 먼저 해주는거 너무 슬픔 개인적으로 이번버전 이격들 너무 수수하고, 환락 메커니즘이 눈이 너무 아프네요.",1,5,2026-03-21T03:28:26+00:00,
starrail,붕괴:스타레일,627e80c0-87fd-4d31-a45a-d09cbd59b6f8,제발 스토리만 잘 뽑아주세요 제발,3,0,2026-03-19T16:25:07+00:00,4.0.0
starrail,붕괴:스타레일,d4499919-e21a-4123-b769-ba471086ee2b,출씨 때부터 정말 오랜시간동안 함께했지만.. 이제는 보낼 때가 온 것 같습니다,1,2,2026-03-18T14:12:08+00:00,4.0.0
starrail,붕괴:스타레일,cc727cb5-e0f7-4a59-80ce-4366787f4b95,호요버스 연동 안하고 구글로 할려고 했는데 왜 자꾸 호요버스 연동 하라고 문장이 나와요? 그리고 호요버스 연동 꼭 해야 하나요. 호요버스 계정 없는데요ㅠ.ㅠ,3,0,2026-03-17T18:30:12+00:00,
starrail,붕괴:스타레일,ab48a283-2327-40b5-be58-f874be17c3e3,가챠광추 2연 고봉밥픽뚫은 재밌었어요.,1,1,2026-03-17T16:22:00+00:00,
starrail,붕괴:스타레일,4e324ad7-89fb-47fa-97d5-1ce3558d3566,스토리 망한거 4버전으로 위기를 모면해보려는데 환락에 심하게 취했는지 재미도 없고 개연성이 더 모호해짐 게임 자체도 재화모으는거 말곤 재밌게 할수있는 콘텐츠가 없음 나사빠진 개그 컨셉도 선은 지키면서 하시길,1,7,2026-03-17T10:49:06+00:00,
starrail,붕괴:스타레일,4861f681-8ed5-497d-8a33-6bf5ce66b9ee,게임은 재밌으나 멀티요소가 없어 아쉬움,4,2,2026-03-17T05:01:04+00:00,
starrail,붕괴:스타레일,99f71fee-54d2-4fa8-b151-87d3d06d3c70,초창기 경원시절부터 시작해서 2년간 재밌게 했는데 대기권을 돌파하는 인플레를 감당하지 못하고 하차했습니다 아무리 캐디가 좋아도 성능이 같이 받쳐줘야 애정이 생기는데 캐릭터 티어가 새로 출시한 캐릭터순으로 줄세우면 될정도로 인플레가 돌았습니다 기억 적폐시즌때 나름 무리해서 핑뚝파티 만들었는데 환락시즌 나오고 핑뚝도 슬슬 폐기되는거 보고 미련없이 접었슴다,1,4,2026-03-16T22:22:59+00:00,3.5.0
starrail,붕괴:스타레일,285822f9-732f-4bc4-b3f3-864ae49b4741,서브컬쳐 게임 1황,5,1,2026-03-15T07:24:30+00:00,4.0.0
starrail,붕괴:스타레일,3f8f4f40-f1bd-4a19-8049-2c23f16db81f,문이 안열려,1,1,2026-03-15T04:13:13+00:00,4.0.0
starrail,붕괴:스타레일,3aa0d51f-2a0c-430e-8ccf-13e08119ac0b,들어가는시간이너무길어요,1,1,2026-03-14T07:03:43+00:00,4.0.0
starrail,붕괴:스타레일,454cbedc-8c89-4502-93f6-6399a64ecb79,호요버스 겜 중에 운영 제일 못 함,1,5,2026-03-14T04:40:45+00:00,1.4.0
starrail,붕괴:스타레일,45deed69-41ab-427d-a793-5ce069dee906,GOAT,5,0,2026-03-13T16:58:59+00:00,
starrail,붕괴:스타레일,cb7720af-17b6-4c32-974a-0a8ec88b7bd2,요청이 너무 빈번합니다 잠시후 다시 시도해 주세요 뜨면서 접속불가 리세계를 산것도 아니고 맨땅으로 시작해서 6일동안 즐기다가 이거 뜨더니 아무것도 안됨 호요버스 호요랩 스타레일 모든게 먹통됨 고객센터 문의 넣어봤자 도움못드린다는 매크로 답변만 오면서 뭔 고객센터 문의넣으라고함? 장난하나,1,0,2026-03-12T09:45:39+00:00,4.0.0
starrail,붕괴:스타레일,45e72b1b-6e95-41b0-a706-7ed847d43707,적 좀 약했으면 좋겠어요 그리고 캐릭터 바로 나올수있게 성옥 많이 해주세요,5,1,2026-03-12T04:38:11+00:00,4.0.0
starrail,붕괴:스타레일,267d0594-90c1-4ed0-8a84-14e3c26904c9,한국말 못하는 사람들이 번역 검수 맡나요? 네가를 너가라고 하고 하리라를 하리다라고 하고 존대랑 하대 섞어 쓰고 번역이 난리도 아님... 근데 재밌어서 에휴 말도 못하는 애들이 우주를 구하네 하고 하는중...,5,1,2026-03-11T12:18:59+00:00,4.0.0
starrail,붕괴:스타레일,0fb3c9dc-728f-4138-8d17-87cdaa438d40,예... 선데이 컷신에서 계속 튕김니다... 제발 고쳐주세요,3,0,2026-03-11T10:36:25+00:00,4.0.0
starrail,붕괴:스타레일,443fe362-c208-4541-9a46-e1a675ae785c,스토리 굿입니다 마무리엔딩 까지 가고 그때 섭종하면 지금까지 감사했다고 캐릭터 사진까지 이메일올리고 끝낼 게요,5,0,2026-03-10T04:22:01+00:00,4.0.0
starrail,붕괴:스타레일,32c4d500-2e19-4f89-a476-d93c8259bc27,게임 내 번역 문제가 여전히 남아있고 인게임에서 유저들을 불쾌하게 할만한 문구들이 자꾸 발견되는 이유를 도저히 납득할 수가 없네요,5,2,2026-03-09T21:56:44+00:00,4.0.0
starrail,붕괴:스타레일,0223f265-3340-4451-9b8f-9bffd23cca52,대체 뭘 더 해야 균형 의 시련•4 통과할ㄹ 수 있는건데엑.. 광추랑 캐릭 레벨을 아무리 올려봐도 난이도가 너무 헬임:( ㅇㄴ근데 스토리 겁나 재미있어서 나도 모르게 끈기 생김 이거 깰ㄹ때까지 나 숨 안쉼,5,1,2026-03-09T14:02:12+00:00,4.0.0
starrail,붕괴:스타레일,7fc41ed1-c092-4435-8767-818ff8898e1d,스토리가 이렇게 까지 망할 수 있나 싶다,1,3,2026-03-08T23:36:17+00:00,
starrail,붕괴:스타레일,acc515d3-6d93-472e-9121-4e21848b68ee,다른건 다 참았는데 이딴 유사 오토게임에 스킵이 없어서 페나코니 끝으로 걍 꼬접함. 지금은 생겼다만 다시할 이유는 없음,1,1,2026-03-08T19:56:40+00:00,
starrail,붕괴:스타레일,02b1f840-1a82-42e3-9d55-bdd8e9c85bb0,게임은 재밌는데 인플레이션 심하고 스토리 작가가 월클병 있음,5,0,2026-03-07T11:46:17+00:00,4.0.0
starrail,붕괴:스타레일,aab9c1eb-d49b-4b03-904f-1dae5aa4c53b,세이버 뽑을려고 이 게임 시작 했어요. 적당한 가격에 얼터 스킨을 내준다면 더 좋을 것 같네요.,5,0,2026-03-06T22:28:18+00:00,4.0.0
starrail,붕괴:스타레일,da526e2b-873a-4acf-9fb3-1e5e6ebea605,"오픈 유저로서 인플레가 이게 맞나 싶네요. 캐릭터가 나올 때마다 무조건 1티어에 성능 차이도 심하고, 옛날 캐릭터만으로는 깨기 힘든 부분도 많습니다. 그냥 볼때마다 한심하고 돈미새 라는 생각밖에 안드네요. 간단하게 즐길꺼 아니면 매우 추천하지 않습니다",1,20,2026-03-06T10:21:39+00:00,
starrail,붕괴:스타레일,d8fcb569-90a6-44d3-8957-38d3c3d9f4b6,goat,5,0,2026-03-06T03:42:28+00:00,4.0.0
starrail,붕괴:스타레일,198b659e-c424-4846-8dde-ad4766958bff,그저GOAT,5,0,2026-03-03T11:57:54+00:00,
starrail,붕괴:스타레일,959e2506-3da4-4179-bc85-22e032b2bada,"pc판으로 하려고 했더니 이상한 이메일에 연동되어있어서 로그인 안됨. 연동 이메일 바꾸려고 작성하라고 한 문서 다 작성하고 냈는데 신원확인 안되서 못바꿔준다함. 진짜 운영 뭣같이함 연동이메일 바꾸는데 첫 접속날짜,첫 접속 기기,결제내역 다 달라고 하는게 맞는지 모르겠음... 솔직히 이건 아니라 생각함",1,12,2026-03-03T03:55:10+00:00,4.0.0
starrail,붕괴:스타레일,093249fd-dd71-4b68-9353-b2a3a524b2af,"게임 너무 빡세다 진짜 명전 파티 맞춰놨는데 버전 지나서 기믹,접대 안 맞는다고 바로 엔컨 하기가 이리 빡센건 말도 안된다고 생각함;; 기믹 안 맞는 구 캐릭들은 뽑는 순간 뭐 어디 써먹을 수가 없으니 난이도 낮은 컨텐츠 돌기나 피규어로만 사용 가능한데 캐릭팔이 게임에서 캐릭을 못 뽑게 하는 수준의 인플레를 굳이 유지하는 이유가 궁금함. 보상을 많이 뿌리고 사료를 많이 주는게 해결방안이 아님 새로운 버전만 가면 전 버전 애들은 싹 다 개퇴물에 쓰지도 못 하게 만드는게 문제임 얘네는 지금 그걸 하나도 파악 못 하고 사료량만 늘리면서 덮으려는 유저 기만 수작질 중임 +아직 다 나오지도 않은 환락 접대를 쳐 하는 건 무슨 경우냐? 적어도 스파키 출시하고 다음 엔컨때까진 기억이나 격파 같은 애들 접대 유지하면 뭐 뒤지기라도 하는거임?",1,18,2026-03-02T16:57:42+00:00,2.2.0
starrail,붕괴:스타레일,3b3c3779-c0d1-4c4c-bcf8-3821bb2c4136,재미있어요,5,1,2026-03-02T10:57:12+00:00,4.0.0
starrail,붕괴:스타레일,6bf87941-371e-48cd-9e98-23a1b388a022,계정 생성해서 잘하고 있었는데 갑자기 계정에 보안위험이라 뜨고 로그인 안되는건 뭐임?ㅋㅋㅋ,1,1,2026-03-02T06:38:21+00:00,
starrail,붕괴:스타레일,06668358-a4fd-47b3-98e6-d11fb33da158,난 샤오지가 밉다,1,1,2026-03-01T05:00:46+00:00,2.5.0
starrail,붕괴:스타레일,bbc910e0-bd92-45e8-bf1b-2d2e1d40f2e6,인플레 진짜 개심함 그냥 전버전 풀돌이 담버전 2돌 못 이김 돈에 미쳤음,1,9,2026-02-28T17:03:18+00:00,2.2.0
starrail,붕괴:스타레일,516ee95f-c49a-4f8c-9c56-e4e86556b6af,"오픈 유저. 다른 호요겜 붕3,원신,젠존제 전부 3~50만원은 질러 봤고 붕스는 600넘게 현질한 후기를 말하자면 월정액 패스(공훈)만 지르는 무소과금은 살아남지만 애매하게(절대 애매한게 아님) 주년마다 초회 털기에 픽뚫나면 트럭 찔끔찔끔 지르는 중과금은 개같이 접힘. 그냥 월정액 패스만 해도 달에 1만 성옥 이상은 무조건 얻으니깐 서버비 축내면서 주년캐 명전에 파츠용 캐릭들 뽑고 쌀먹하셈 이게 답임 인플레도 뒤지게 쎄서 30만원으로 무리하게 캐릭하나 뽑아도 파츠 못 받으면 개같이 유기당함 걍 쌀먹하셈 겜도 어차피 딸깍이 위주인 분재겜임",2,9,2026-02-28T06:03:37+00:00,
starrail,붕괴:스타레일,0d8328ee-428a-4bcd-92d5-3232acb14091,내가 해본 게임 중 최고의 게임임. 뉴비도 과금 없이 5성 캐릭터를 뽑을 수 있다는 것이 정말 좋음. 스토리도 최고임.,5,0,2026-02-27T10:34:04+00:00,4.0.0
starrail,붕괴:스타레일,d3197915-61d7-4f41-a721-2edf11e5cb91,재미가아주많이있는게임이에요,5,0,2026-02-27T08:13:14+00:00,4.0.0
starrail,붕괴:스타레일,757d9c52-cf62-4de2-80ef-d0717da9c908,만지는것들이 많아 어려움,3,0,2026-02-27T05:33:45+00:00,4.0.0
starrail,붕괴:스타레일,485eafa0-81c7-4f94-ab68-f5ed1b650b44,엠포리어스 진엔딩 무조건 나와야한다...자신의 동료를 과거에 남겨두고 다른 행성으로 떠나는 놈들에게 개척이란 말은 너무 과분함,1,4,2026-02-26T16:02:05+00:00,
starrail,붕괴:스타레일,196fa25f-73bf-4e08-a9cf-d051d7b614f9,3.6까지 스토리 좋았다가 3.7 결말을 그렇게 박아둔건지 의문. 현재 광추팔이도 그렇고 인플레 상승 때문에 파티 값어치도 점점 비싸지고 있는게 참... 더 할 말이 없네요.,2,13,2026-02-23T07:42:01+00:00,4.0.0
starrail,붕괴:스타레일,82acd51b-e12c-43e7-a01a-92993a4b0f31,"재밌고 너무 잘 하고 있는데 솔직히 캐릭터-딜 인플레가 너무 심합니다. 인플레도 심한데 기믹 접대도 엄청 심해서 진짜 무과금들은 온몸 비틀어서 겨우 깨는거를 최신캐 명함 하나 뽑으면 그냥 1트에 깨요. 근데 그게 매버전 반복... 몹들 피통은 최신캐에 맞추다 보니 계속 늘어나고 그래서 결국 구캐릭은 폐사하게됌. 서포터들로 구캐릭 휠체어 태우는거도 방법이긴 한데 결국 돌파가 아닌이상 풀보상 기준에 겨우겨우 맞춰서 깨는 정도고 심지어 서포터들도 인플레랑 접대가 존재하다 보니까 결국은 한숨만 쉬게 됍니다. 하지만 이 게임의 장점이라고 한다면 매력있는 캐릭터들과 개성있는 스킬 모션-모델링, 그리고 운영진들이 게임에 관심을 많이 쏟는게 느껴져서 좀 미래가 보인다는 점이네요. 그래도 개인적으로는 단점이 심하게 느껴져서... 스토리는 좀 오락가락합니다. 워낙 길게 늘여서 말하는 경우도 많고, 설정도 작가만 편하게 개연성 부여할 수 있는게 너무 많아요.",2,210,2026-02-22T23:51:22+00:00,4.0.0
starrail,붕괴:스타레일,c7c68ff6-628b-443b-a2d9-5639b5b9517d,"오픈부터 지금까지 현질했던 유저입니다. 스토리가 좋으신 분은 유튜브를 보시거나 정말 스토리만 보시고 좋아하는 캐릭터를 뽑고 보고 즐기시는거만 추천합니다. 엔드 컨텐츠(망각, 허구, 종말, 이상중재)는 보지도 마시고요. 정말 돈이 많으신 분만 도전하시길 권합니다. 물론 버전이 넘어가면 그 파티가 계속 쓰일지도 미지수입니다. 당신이 애정을 갖는 캐릭터를 뽑고 파티를 맞춰도 접대 버프 보스들로 접대 외에 파티들을 죽여버립니다. 가뜩이나 최신캐가 성능이 더 좋을텐데 말이죠. 그래서 애정캐가 퇴물 소리 듣는게 싫으신 분은 시작하지 않는게 좋습니다. 뽑은지 2~3달 만에 쓰레기가 될수도 있습니다.",1,49,2026-02-22T21:52:45+00:00,4.0.0
starrail,붕괴:스타레일,60473b18-5584-4634-8469-feaa61acd859,접속이안되요...해결방법좀,3,0,2026-02-22T04:24:53+00:00,1.2.0
starrail,붕괴:스타레일,856b449c-2d73-4216-9ca6-67dee1a8a5e3,붕괴 스타레일 좋아하던 게임이었는데 제발 용량 좀 줄여주세요. 이것때메 폰이 못 버텨서 접었어요. ㅠㅠ,3,0,2026-02-22T04:20:41+00:00,
starrail,붕괴:스타레일,9236c54d-2997-4b37-9e53-fb06d43657c0,진짜 재밌는데... 임무는 쉬엄쉬엄 주세요... 임무 중간에 끊을수 있는줄 모르고 계속 하다 7시간 넘어버림... 스토리 그렇게 중요하게 보지도 않아서 보스구간 아니면 쭉 지루했음.,5,1,2026-02-21T17:43:48+00:00,4.0.0
starrail,붕괴:스타레일,08ecdbed-8c65-4d20-8a8b-f61ba58ea2c6,대아하,5,3,2026-02-21T10:25:43+00:00,4.0.0
starrail,붕괴:스타레일,fd207ad2-c950-4720-8fb7-406c791d9511,메인스토리 끝나고 허전함 8주 날린만큼 더 열심히 해주시길,4,0,2026-02-20T15:53:43+00:00,4.0.0
starrail,붕괴:스타레일,7f656e82-a83b-4a81-91bd-44ee4d989298,뭣 같은 게임 인플레 꼬라지 ㅋㅋ 아직도 하면 접어라,1,4,2026-02-20T14:10:41+00:00,
starrail,붕괴:스타레일,742a2a95-b129-4965-b62c-ef35dd21b4b6,"이 게임이 설치 해는데요 로그인 했어요 하지만 보안 인지 뜬고 메일 인증번호 몰라요 그냥 아무렇게나 숫자 해는데요 안돼요 어떻게든 메일 인증번호 알려주세요 숫자만 그리고 ""0000"" 이거로 해주세요",1,1,2026-02-20T06:44:14+00:00,4.0.0
starrail,붕괴:스타레일,6be17917-b97d-4491-80bb-66584a8dd382,제미있고 스토리볼만해요,5,0,2026-02-20T03:35:29+00:00,4.0.0
starrail,붕괴:스타레일,93d6b315-f392-4743-abad-b963ad0015e0,전에게 정말 최고와 최악의 경험을 줬네요,1,3,2026-02-19T16:52:57+00:00,1.3.0
starrail,붕괴:스타레일,c2ac3f49-34b5-4152-b06c-5b2ee66c0e46,가뜩이나 틀에 고정된 RPG 겜이라 지루했는데 이번 3연속 픽뚫로 접게 만들어 줘서 감사해요 확률을 무슨 이 따위로 만들고 있어,1,3,2026-02-19T03:46:45+00:00,
starrail,붕괴:스타레일,b33416a9-6095-43ab-b6a0-de4e649ca29a,앰포 후반 이후로 애정이 다 식음 환락이고 뭐고 한 때 열심히 했는데 걍 여러모로 실망스럽다,1,4,2026-02-19T02:12:03+00:00,
starrail,붕괴:스타레일,b3381391-fe36-42ec-b8fb-6bcfa91de388,붕괴 스타레일 게임하다가 화면이 검게되고 게임에서 나가지는데 어떡해요?,4,0,2026-02-18T21:18:21+00:00,4.0.0
starrail,붕괴:스타레일,2ee6b6d8-e22c-4977-ac9f-9d09f4cbce88,진짜 캐릭 인플레좀 잡아라 진짜 예전 딜러들은 요즘 힐이나 서폿으로 출시된 애들 딜의 10분의1도 못뽑아낸다 이게 맞나,1,3,2026-02-18T17:01:53+00:00,4.0.0
starrail,붕괴:스타레일,1703af79-9da6-4d5a-9afb-b13ac5cd6b3b,재밌다ㅏ,5,1,2026-02-18T05:34:03+00:00,4.0.0
starrail,붕괴:스타레일,12cebd4c-1dc6-4dea-bd5d-4e540f1fadc9,이딴 것도 겜이라 만들었냐 자꾸 로그인 오류 나잖아,1,2,2026-02-17T14:41:45+00:00,4.0.0
starrail,붕괴:스타레일,b304c3c6-e7ac-47cd-a587-93e338590522,이놈들아 내가 3.7기대했는데 이러기냐 일단 단점말하자면 스토리 하이라이트까지 너무느림 아무 이펙트도없는 일러한장짜리 광추는 성능때문에 뽑아햐는데 픽뚫이있음 하지만 개재밌음,4,2,2026-02-17T08:48:20+00:00,2.7.0
starrail,붕괴:스타레일,5fb7a0cf-dda3-4fcb-b0e9-f8e2b06a5695,노잼 이예요,1,0,2026-02-17T01:35:55+00:00,
starrail,붕괴:스타레일,4a7406df-ca8b-41eb-8a7d-66c26ba071d8,예술병 쳐 걸린 놈들. 스토리 끝 매듭을 못지어낸다 왜냐 지들 캐릭 팔아쳐먹을 구실이 필요해서..ㅎ 그리고 만들라는 4성캐는 내다버린지 오래고 그냥 모든걸 5성 픽업캐만 만들고서 이벤트는 이미 풀돌된지 오래인 4성 선택권을 넣어놓는다ㅋㅋ,3,9,2026-02-16T19:08:09+00:00,4.0.0
starrail,붕괴:스타레일,b53d2bbe-7899-4dd1-88a1-9b0294d7b7fc,재밌노,5,0,2026-02-16T06:24:03+00:00,4.0.0
starrail,붕괴:스타레일,7deb0adc-38f2-4404-8ab7-5fa2666811fb,턴제를 좋아한다면 최고의 게임.,5,1,2026-02-16T04:08:23+00:00,4.0.0
starrail,붕괴:스타레일,eebc2016-219c-40d8-a938-b7eb2aaf5981,뉴비들한테는 친화적인데 이제 고인물들한테는 친화적이지 않은 그런 느낌임 캐릭터가 오래될수록 사용처가 적어지고 쓰지 못하게됌 하지만 최근 유입한 뉴비들이라면 재화 털어먹고 신캐 뽑으면 충분히 따라오는것 가능 또한 5성캐릭 많이 뿌림 하지만 이미 재화를 다털어먹은 고인물들한테는 신캐를 또 뽑아야 한다는 압박감이 있음 오래한 사람한테는 현질이 강요되는 느낌이라 기분이 썩 좋진않음 뭐 계속 이러다간 다들 접을수도 있지않을까라는 생각중 쨋든 as도 좋긴한데 그래봤자 특정 캐릭터가 아닌이상 딜캐한테는 큰변화가 없음 결국 시즌이 별할때마다 현질 노가다 뽑기 반복임,4,1,2026-02-15T10:16:49+00:00,4.0.0
starrail,붕괴:스타레일,376da8a3-caba-4743-9572-2787eb29f685,페나코니에서 느꼈던 그 감정을 다시 보여줘! 대호요...,3,2,2026-02-15T07:57:07+00:00,3.8.0
starrail,붕괴:스타레일,4f760157-943a-47de-8c10-f629f93fe515,원신에 없는 편의성 주면 뭐함. 게임성도 여타 턴제에 변역 땜에 장점이 빈사 상탠데. 컴으로 리뷰 못달아서 슬프다 진짜.,5,8,2026-02-15T07:18:17+00:00,3.6.0
starrail,붕괴:스타레일,309f3e94-bbdc-49ba-a81c-aba325984f83,내가 픽업 만 지금2000번째 인데 픽뚫에다가 픽업 캐 단하나도 안주는게 말이되냐,5,0,2026-02-14T09:37:59+00:00,4.0.0
starrail,붕괴:스타레일,a9cdcfa1-f4b3-46e1-b478-946c9a0b6b74,난 경화수월에서 벗어나따,2,0,2026-02-14T09:33:50+00:00,
starrail,붕괴:스타레일,06d05a59-cd15-494a-8e8a-6145d8c6e149,"환락이면 재밌어야 되는데, 스토리가 하나같이 썰렁한데?",1,10,2026-02-14T01:41:46+00:00,
starrail,붕괴:스타레일,211c4969-54cd-465d-8a65-c009d93584fe,턴제게임이긴 한가싶을정도로 캐릭 능력으로 조합 맞춰 공략하는 것보단 새로 나온 캐릭터를 무조건 넣어야 공략이 가능해지는 밸런스들. 인플레가 정말 심한데 새로 나온 애가 성능이 적폐라고 소리 안 나오면 다음 뽑기부터 이미 뒷방됨. 그 정도로 몰아주기 캐릭과 아닌 캐의 차이가 있음. 업뎃은 매일 늘어나고 그럴때마다 늘어나는 캐릭터를 기다리다보면 밀려나간 캐릭터도 쓸 수 있지않을까? 그건 아님. 상향버전의 캐릭터로 새로 나와서 못 쓰게된 캐릭터는 거의 못 쓰게되더라. 붕스3부터 하긴했는데 스토리랑 캐디만큼은 잘 만들긴함 있긴하지만 원신처럼 캐표절이 심하진않고 처음으로 뽑아서 애지중지했던 단항장발 이름 뭐지? 그 음월은 어떤 수를 해도 못 쓰더라. 이런거 격차 좀 줄여줬음 좋겠음 갤러거보다 실용성이 없는 6성이 뭔 말임,5,35,2026-02-13T19:54:46+00:00,4.0.0
starrail,붕괴:스타레일,0408dc0d-b74d-4e29-a79c-64223b8ee35c,캐릭터 유기하기는 없나요? 웰트가 너무 꼴보기 싫어서 도저히 게임 못하겠네요 캐릭터 삭제 기능 추가해주세요 웰트와 함께 모험 떠나고 싶지 않습니다,2,4,2026-02-13T14:55:23+00:00,4.0.0
starrail,붕괴:스타레일,732c2e43-8132-43da-a777-b8bd916ae765,최고의게임!! 스토리만 빼고......,4,0,2026-02-13T11:40:19+00:00,3.8.0
starrail,붕괴:스타레일,14be65b2-95ef-4b60-8dcc-2128636ce4ce,어벤츄린최고,5,2,2026-02-13T10:01:00+00:00,3.8.0
starrail,붕괴:스타레일,7e1bd321-5201-4f42-bfcd-8918dc3324eb,디테일 변태들,5,0,2026-02-13T08:04:23+00:00,4.0.0
starrail,붕괴:스타레일,65a28cba-e668-4d7c-b0ca-0bd2c43f21b4,턴제 게임 원래 잘 안하는데 그 특성이 오히려 장점인 케이스입니다. 특히 자동 전투가 맛깔나요.,5,0,2026-02-13T06:44:29+00:00,4.0.0
starrail,붕괴:스타레일,e99c309c-d169-468b-bc77-83c2ec7d65af,망겜 싯팔 30만원에 명전이 맞냐,5,0,2026-02-13T03:06:01+00:00,3.8.0
starrail,붕괴:스타레일,3436f650-3e1f-4325-8168-b4f6cc748f8b,신캐들도 많이 나와서 너무 좋네요,5,0,2026-02-13T01:40:09+00:00,
starrail,붕괴:스타레일,b961f984-01a4-489f-a59b-12dc2e2873da,요즘 시대에 굳이 이런 게임 할 필요 없다. 장점보다 단점이 훨씬 명확한 게임이고 미호요라는 회사도 믿을게 못된다. 괜히 시간과 돈을 낭비하지 않길 바란다.,1,8,2026-02-12T10:03:54+00:00,1.0.5
starrail,붕괴:스타레일,827c56af-9b8c-4c57-9df9-9ad89532baf3,내 최애 겜,5,0,2026-02-12T04:26:39+00:00,3.8.0
starrail,붕괴:스타레일,e8d87287-cb82-4496-bf37-c776f89517f5,이번 4.0을 기대하고 있어요!,5,0,2026-02-12T03:16:21+00:00,3.8.0
starrail,붕괴:스타레일,9a6f3122-fbd4-4a3c-9d3f-7d8826a19392,3.7 그저 JOAT 인플레 JOAT,1,10,2026-02-12T02:14:10+00:00,3.8.0
starrail,붕괴:스타레일,c9b72fa0-9104-4afa-ba7f-f26f7548a2c6,게임은 재밌는데 문제는 용량이 너무 커서 내가 아끼는 노래랑 사진들을 삭제해야 하는 점이 너무 단점입니다,5,0,2026-02-11T13:26:41+00:00,3.8.0
starrail,붕괴:스타레일,bfc0b5d3-d3ab-43c3-9e13-2dc45eab9016,답없는게임 인플레 심함,1,5,2026-02-11T12:40:19+00:00,
starrail,붕괴:스타레일,98384fc5-4c4a-4f07-9d91-7f66e9e680ef,갓겜ㄷㄷ,5,0,2026-02-10T14:10:12+00:00,3.8.0
starrail,붕괴:스타레일,5c511afc-31af-4d69-a30c-ce1345fcb57d,"재밌습니다. 붕괴와 원신에서 얻은 데이터를 기반으로 잘 만들어진 턴제 RPG란 느낌입니다만, 스토리가 약간 따분하네요. 그래픽과 디자인 모두 훌륭하지만 유물 파밍은 어딘가 이상하리 방어력 옵션과 생명력 옵션이 뜨는 비중이 높게 체감됩니다. 스토리는.. 에휴",2,118,2026-02-10T10:59:38+00:00,2.1.0
starrail,붕괴:스타레일,9fd3e043-d72c-4a82-8b32-4cac83bc8941,꾸준히 캐릭터를 뽑는 사람들은 불편한게 없을지도 모르지만 캐릭터에 애정 가지고 플레이 하는 사람들에겐 정말 비추천하는 게임!! 버전별 인플레이션이 일어나 이전 버전 캐릭터들이 점점 약해지는 것을 체감하며 신캐를 뽑지 않은 니잘못을 외치는 듯한 컨텐츠들이 많음 심지어 AS를 해줘도 인플레이션 하나 때매 또 얼마 가지 못함 여기에 현질하는 사람들은 돈이 넘치거나 매몰비용이 넘커서 관두지 못하고 계속 하는거 같음,1,14,2026-02-10T05:51:31+00:00,
starrail,붕괴:스타레일,e60f9b22-752f-4924-9039-fbc0054561f7,진짜 이렇게 운영을 잘하는 게임 처음입니다.. 호요버스 4개 게임을 다해본 사람으로서 호요버스는 다른 게임보다 이게임에 진심일거 같아요 ㅋㅋㅋ 보상이나 이벤트들이 달달하고요 AS도 계속 해줘서 인플레를 조금씩 따라잡을수 있게해주네요.,5,6,2026-02-10T00:55:40+00:00,3.8.0
starrail,붕괴:스타레일,9de3b632-a857-4a5d-962e-89e169a3dfa9,"처음엔 턴제 게임이라 해서 별로 재미없을 줄 알았는데 전투 완전 재밌고, 캐릭터들도 개성 넘치고 예쁘고, 모델링도 좋고 무엇보다 스토리가 너무 좋아요. 3.7 버전 스토리가 아쉽다는 평들이 많은데 저는 완전 재밌게 했지만 어려운 표현들이 너무 반복적으로 나와서 해석이 잘 되지 않긴 했어요. 그리고 가장 문제가 인플레이션이 다른 게임들보다 너무 심해요. 턴제 게임에서 인플레이션이 빠르다는 걸 감안해도 당장 2버전 캐릭터들 체급이 3버전 캐릭터들보다 많이 떨어지고 그나마 as로 살려주긴 하는데 이것도 한계가 있으니... 그래도 보상도 많이 주고 불편한 점 업데이트도 잘해서 좋아용",4,4,2026-02-09T17:00:57+00:00,3.8.0
starrail,붕괴:스타레일,adba8870-20ff-4d76-bfe0-cbf9c8969bae,이젠 스토리가 문제가 아니다. 픽업고로시 적당히해야지. 차라리 고로시 할거면 그냥 npc로 활용하던지. 한두푼도 아니고. 스타레일팀은 보너스 가챠처럼 받아보시죠.,1,3,2026-02-08T14:11:55+00:00,2.1.0
starrail,붕괴:스타레일,014a97b0-c454-4737-90e2-d9b1ec09dd5c,물타기 해버리기,5,1,2026-02-08T13:13:03+00:00,
starrail,붕괴:스타레일,15ae63f0-3cca-406e-a162-d267bf7025d6,재밋다,5,1,2026-02-08T05:45:33+00:00,3.8.0
starrail,붕괴:스타레일,d0f63e27-a11c-4843-82ca-27d963da96c0,4.0 스파키 더빙 디렉팅 누가 했냐 그놈 잘라라 ㅇㅇ 세이버에 키레네까지 죄다 톤 높게 잡아서 더빙 개판쳐놨네 감없는 놈을 왜 계속 쓰고 있냐,1,7,2026-02-08T05:25:24+00:00,3.8.0
starrail,붕괴:스타레일,53b7e561-db27-4a46-a373-b38e0db61294,이 게임은 메인 콘텐츠인 스토리가 쓸데없이 지루하고 현학적이라 몰입하기 어려움. 앰포리어스 때는 너무 실망이라 이 게임에 두 번 다시 돈 쓸 일은 없을 겁니다.,1,3,2026-02-07T12:02:40+00:00,3.8.0
starrail,붕괴:스타레일,b087ee39-85f0-40da-a477-1eca8b175448,아니 운명의 길 쓸모가 없어진거 같은데...,3,2,2026-02-07T07:41:15+00:00,3.8.0
starrail,붕괴:스타레일,01c50a7e-ed9d-47aa-a77c-27615fe854b9,파워인플레가 겁나 심함. 신캐가 개사기인데 못 뽑으셨나요? 괜찮습니다! 다음 신캐는 더 강하거든요! 뽑으셨다구요? 보다!!! 강한! 신캐가 나왔습니다. 뽑으셨다구요? 보다!!! 강한!! 신캐가 나왔어요. 이거 무한반복입니다. 뭐 신캐가 구캐보다 강한건 당연하지않느냐~ 라고 할수있는데 신캐는 딸깍인데 구캐는 온몸 비틀기 해야할 정도로 차이가 과함. 하시려거든 과금 비추합니다. 내가 투자한게 몇 달 안에 퇴물되는걸 경험할 수 있거든요.,1,8,2026-02-07T03:41:28+00:00,3.8.0
starrail,붕괴:스타레일,dce9c5b7-6b06-46da-ba82-144e8d1a6e5f,Srpg중에 굿,5,5,2026-02-06T20:39:25+00:00,
starrail,붕괴:스타레일,ff7e693d-6935-493d-b212-caae9a0fa6de,"캐릭 이쁨, 스토리 내 취향. 난 호요버스 게임 중에 붕괴가 간편하게 할 수 있는 게임이라 생각함, 캐릭터 빡세게 육성 안 시켜도 다 할 수 있고 난 추천하는 편",5,2,2026-02-06T06:41:16+00:00,3.6.0
starrail,붕괴:스타레일,3175eb99-27b7-4963-977c-db74077b68dd,준수하게 잘 만든 TCG 분재겜,5,0,2026-02-06T03:18:14+00:00,3.8.0
starrail,붕괴:스타레일,880b4a52-022d-4726-860b-f1965b62b7c8,환락 pv봄 이 새끼들 미친 것이 틀림없음(positive),5,3,2026-02-05T15:08:20+00:00,3.5.0
starrail,붕괴:스타레일,b0b0c0bc-2ae7-42dc-8284-ddb0c8e60c6d,"1. 스토리의 넓이 일단 붕괴시리즈를 좋아하는 유저로써 이어지는 스토리나 복선, 떡밥이 많아서 재미있는 스토리가 많았습니다. 2. 캐릭터에 관해서 무과금으로만 플레이해본 유저로써 말하자면 무과금은 정말 운을 믿을 수 밖에 없습니다. 실패하면 실패한거에요, 기회는 그리 많지 않습니다. 그래도 열심히 하다보면 복각 시즌으로라도 뽑을 수 있으니 좋았습니다. 3. 게임성 오픈월드류 게임들이 한창 이름을 널리 알리던 시대에 턴제로 살아남은 게임이 흔치 않죠, 스킬 모션도 멋지고 타격감도 어느정도 있어서 자신이랑 잘 맞다면 게임성도 충분히 좋다고 봅니다. 4. 콜라보 개인적으로 붕괴 스타레일은 콜라보를 많이 진행했다고 생각되는데요, 비교적 최근에 진행한 이디야 커피 등등 여러 콜라보가 있어서 소속감이나 애착을 좀 더 가질 수 있는 활동이 많이 생기다보니까 좋은것 같습니다.",5,33,2026-02-04T04:17:24+00:00,3.8.0
starrail,붕괴:스타레일,5cd11544-0714-4dbc-ba1c-066beaa85389,캐릭터랑 배경 스토리가 취향이라 오픈때부터 계속 해왔지만 이젠 못하겠음.게임에 애정을 갖고 있는게 아니라 돈벌 생각에 미쳤다는게 느껴져서 그럼.인플레 너무 심하기도하고 접대도 심하고 돌파 팔이도 심하고..매력적인 캐릭에 애정갖고 키워도 수명이 너무 짧음.풀돌풀재 아케론이 이젠 보상만 겨우 먹는정도로 인플레가 심함.딜러 파츠캐가 나와서 뽑으면 몇버전뒤에 상위호환 파츠가 나오고 걔를 뽑으면 조금뒤 상위호환 딜러가 나오면서 기껏 만든 파티가 의미없어지고.진짜 뭐하자는거지? 그렇다고 그 파츠캐들이 범용성 좋지도 않음. 심지어 가끔 구버전캐 배포?이거도 좋게 안보임.얘네들이 성능 좋은 멀쩡한 캐들을 단순히 유저를 위해서 뿌린적도 없고 이미 시대가 지난 캐들을 민심챙길려고 대충뿌리는데 그당시 픽뚫 당하면서 돈쓰면서까지 애정갖고 키운던 사람으로써 너무 배신감들고 환불 마려워짐.그렇다고 최신캐를 배포한다?그건 성능도 별로 좋지 않은걸 뿌리고 담버전에 상위호환 무조건 나옴ㅇㅇ 동생겜이랑 너무 반대임,1,36,2026-02-03T06:13:45+00:00,3.8.0
starrail,붕괴:스타레일,dcc1a346-292a-44e5-83e9-8a0d40172898,"너무심각해요 인플레.. AS받아도 잘안써요 접대도 심하고 그런데 또 이젠 4.0오면서 새로운 메타 접대할텐데 기존캐릭중에 반이상을 안쓰네요.. AS시급합니다. 딜러출시하면 더쌘딜러,접대받는 딜러 막 나오는데 이러는데 누가 복각을추천합니까.. 이러니까 기존딜러들 유기당하는거잖아요.. 예전 2.0때가 그립네요",1,7,2026-02-01T07:18:21+00:00,3.8.0
starrail,붕괴:스타레일,b86cae4b-2464-4ae4-88e6-a059cf077d74,지웠다 한 6개월뒤에 까니까 제계정이 사라졌습니다 복구해주세요,1,1,2026-02-01T04:23:53+00:00,3.8.0
starrail,붕괴:스타레일,c1eceb86-58d6-4782-83ef-084478f2c93c,스토리 goat(스토리도 이제 애매함)캐릭터 밸런스 joat,2,2,2026-01-31T07:25:45+00:00,
starrail,붕괴:스타레일,9316b028-0fe8-4775-968f-9aa3a0020bd9,지금은 접긴 했는데 그래픽이나 연출 스토리는 붕스가 원신 젠존제보다위 위인듯 그리고 스토리 스킵도 있었고 근데 접은 이유가 할 게 너무 없오....미니게임이나 그런 이벤트가 많아서 좋긴했는데 접게되네요....나온지 얼마 안되서 그런가..;;,5,1,2026-01-30T04:43:01+00:00,
starrail,붕괴:스타레일,979b3fd0-f51d-46b6-8e30-7602613f6ead,스토리는 다 망쳐놓고 캐릭가격은 드릅게 비싸고.. 이제그만 놔줄때가 되었나보네요..,1,10,2026-01-28T21:28:05+00:00,3.4.0
starrail,붕괴:스타레일,a6a32e3d-3bf2-4384-8003-f71c46852432,월정액빼고 과금없이하는중.. 솔직히 머리깨질정도의 스토리가 많아서 스토리보러 찍먹하겠다고 온다하면 말리지않아도될정도,5,1,2026-01-28T16:42:25+00:00,3.8.0
starrail,붕괴:스타레일,f2a3bb9b-9667-4ff8-a855-997ed3ec3330,스토리 제외하고 나머진 다 괜찮은 게임,5,0,2026-01-28T15:23:10+00:00,3.8.0
starrail,붕괴:스타레일,af063693-bc48-44c8-8834-d600f8ec9381,"스토리겜 이상도 이하도 아님. 분재겜인 주제에 캐릭터 안뽑으면 꼬운 상황을 만들어놓음. 그래도 스토리는 재밌게 풀어나갈 수 있는 게임인줄 알았는데 뒤로 갈수록 스토리마저도 망해가고있음. 표절 누더기 게임인데다가 게임성도 없다고 생각함. 걍 이딴 게임에 돈, 시간을 쏟은 내가 한심하다",1,26,2026-01-28T06:44:25+00:00,3.8.0
starrail,붕괴:스타레일,02ee9848-dd0c-4ea9-ad93-391f89fe8240,내가 턴제 게임 진짜 좋아하는데... 호요버스 특유의 미친 과금유도 때문에 도저히 못해먹겠다. 꾹 참고 해볼라니깐 진짜 이건 아닌 것 같아서 지웠다.. 게임은 재밌는데... 돈 모으는데 미친 혈안이 되있잖아 제작사가....,3,0,2026-01-28T06:44:23+00:00,
starrail,붕괴:스타레일,934b0b7e-19bd-4305-b1b0-640b5d8020dd,인플레가 너무 심하네요,1,8,2026-01-27T05:16:19+00:00,3.4.0
starrail,붕괴:스타레일,9bb10bf1-cdb0-4e01-a6b9-7ccb987fe7a0,굿,5,0,2026-01-27T03:27:10+00:00,3.7.0
starrail,붕괴:스타레일,7857577a-693d-4106-a022-0d57e90fdcc0,지금 시점 = 스토리가 지루하고 현학적임 그럼 죽어 = 이해가 쏙쏙,2,3,2026-01-26T14:52:33+00:00,2.5.0
starrail,붕괴:스타레일,ad19249b-38f2-494b-a8d5-0cfc1c1699bb,스토리가 뭔가 적은것 같아요,5,2,2026-01-26T08:31:59+00:00,3.8.0
starrail,붕괴:스타레일,415b33d2-1d19-4fab-a8a0-7b9ebe065f99,삭제햔 이메일로 인증 복구가 오는데 어떻게 해요?,1,4,2026-01-25T11:32:55+00:00,3.8.0
starrail,붕괴:스타레일,067a9138-c8c1-444e-af4b-722e66d566f3,스타레일에서 페나코니 솔직히 여기까지라도 즐기면 좋겠음 스토리적으로도 고점찍었다고 느꼈고 꿈의 세계라는 컨샙의 맞는 bgm 맵디자인 다 완벽했음 그 이후 스토리는 호불호 심하고 설정 딥하게 퍼먹어야 이해되는 정병게임 모먼트 못 버려서 더 딥하게 먹으라고 못하겠음,3,3,2026-01-24T15:59:48+00:00,
starrail,붕괴:스타레일,e96fdf12-a4da-4f49-accf-3a509f05827f,*진짜 무서운 사실 : as 캐릭터들도 버전캐 밀어주기 위한 수단이다.,1,15,2026-01-23T20:32:14+00:00,
starrail,붕괴:스타레일,59743573-937e-44c5-a4bd-2e491998a7ff,"오픈유저 인데 이렇게 캐릭터 인플레 심한 겜 처음 봤습니다 적당히 심해야지 바로 전버전에 뽑은 캐릭을 이겨버리는 캐릭터가 출시 하는게 1~2번도 아니고 게속 반복입니다 이럼 오직 애정만 보고 뽑는거 밖에 더 안됩니다 원신처럼 몇버전 있다 출시 하던가 아님 매타캐를 같이 출시 하던가 이러는게 차라리 훨 낫습니다 이건 뭐 매 버전마다 더 좋은 캐릭이 나오면 대체 무슨... 인플레가 진짜 너무 심합니다 이젠 진절머리가 나서 하고 싶지가 않네요 예전에는 현질도 하면서 재밌게 했는데 이젠 현질 하기도 두렵습니다 이번에 현질 했다가 다음 버전에 더 좋은 캐릭이 또 현질 할수도 없고 매버전 마다 현질 할수도 없는 노릇 아닙니까? 안뽑으면 그만 아니냐? 네 맞죠 근데 접대가 심해서 컨테츠 제데로 못 해요 혼돈,허구,종말은 접대캐로 해야돼요 그래도 스토리 자체는 아주 좋았던거 같습니다 근데 지금은 예전처럼 인플레 심한거 같진 않는거 같은데 그렇다고 괜찮아졌다는건 아닙니다 맨 심합니다 적당히좀....",1,28,2026-01-23T12:25:19+00:00,
starrail,붕괴:스타레일,de03a9a2-e8af-4a51-b27f-08ff8cff3cf5,즐기기 어려운 게임 ..,1,4,2026-01-22T11:03:38+00:00,3.8.0
starrail,붕괴:스타레일,a3a1d26b-96c0-4a14-aaeb-4a458a2cdbf4,잘 만들어내시는거 같습니다,5,1,2026-01-21T10:30:57+00:00,3.8.0
starrail,붕괴:스타레일,c31b5a36-6708-437f-a030-5c663f0efc7c,스토리가 좋고 재밌음,5,1,2026-01-21T10:06:28+00:00,
starrail,붕괴:스타레일,da3a6b2b-26a1-40e5-9794-197ebe69ff06,핸드폰을 바꾸고 제 계정으로 접속하려고 하는데 제 계정이 없는 계정으로 변했다는데 뭔가요?,1,4,2026-01-21T09:16:55+00:00,3.8.0
starrail,붕괴:스타레일,d51efeaa-4984-49bd-8867-df5f3e361bc1,스토리 꼬라지 앰포리어스 스토리 결말 진짜 와,1,7,2026-01-21T08:55:29+00:00,
starrail,붕괴:스타레일,70b72393-b555-4148-8cdc-b4fd8f8c8e85,이번애 엠포리어스 엔딩이 완벽한 마무리가 될 수도 있던걸 망치고 8주가 한 버전이 되어서 1월 기준으로 폐사가 엄청나지만 그래도 그래픽 좋고 매력있고 화려하고 재미있고 덜 귀찮고 좋아요,4,1,2026-01-21T04:20:15+00:00,3.8.0
starrail,붕괴:스타레일,bfbe4917-93ea-44cd-97b5-b68d0deeacc1,재밌데이,5,0,2026-01-20T18:18:11+00:00,
starrail,붕괴:스타레일,e371eda6-c907-49f7-88ec-3195b9361724,이건 좀...너무 과함 하지만 재미는 확실히 있음 근데 버그도 좀 있고 게임 용량이 커서 그런지 플레이가 마냥 매끄럽지는 않아서 게임을 제대로 못즐겨 아쉽기도 함,3,0,2026-01-19T07:22:48+00:00,
starrail,붕괴:스타레일,40dc757e-64ae-4b38-ac1c-229df7a4eada,"그놈에 이격은 뭔 이격이고, 캐릭터만의 매력이 이제는 없습니다. 유튜브에 유출된거 보면 어지럽기만하고;; 이젠 손도 잘안갑니다. 그리고 그놈에 페나코니;;; 이제는 듣고싶지도 않고 여까지 할랍니다.",1,24,2026-01-19T05:07:36+00:00,3.7.0
starrail,붕괴:스타레일,7dd3c1d0-da3b-4df3-95b5-b817c804bbc7,다 좋은데 용량 꼬라지하곤,3,0,2026-01-18T17:08:52+00:00,2.1.0
starrail,붕괴:스타레일,c1517f94-77ad-4f6f-966f-37bce4b4a464,내가 재밌으면 그걸로 된 거,5,0,2026-01-18T15:37:32+00:00,3.8.0
starrail,붕괴:스타레일,61ed6c8f-86a0-4544-a215-ed7fd820702f,트리비 존*게 귀엽네 ㅋㅋㅋㅋㅋㅋㅋㅋㅋㅋㅋㅋ,5,1,2026-01-18T05:49:55+00:00,3.8.0
starrail,붕괴:스타레일,20dbb3b1-62a4-4b09-913a-2daea48362d5,재밌다 키레네보고 시작했는데 엠포 갈라고 스토리랑 몹 무시해서 개척레벨이 안올르는것 같네요 ㅠㅜ 드디어 키레네 뽑았다 너무 행복합니다 ㅎ 아뉘 너무 잼뮜다 반디 뽑고 싶다... 아하학 반디 뽑았죠?앙 기모뛰!! 이제 페나코니가 슬슬 끝나갑니다 엠포 기대된다 드디어 페나코니가 끝났고 엠포를 가는데 기대가 됩니다 엠포리어스 전투가 많아서 좋습니다 키레네 윤회에 갇혔네.. 사람들 말로는 1년뒤에 또 엠포가 나온다는데 진짜인가요? 진짜면 정든 친구들 부활좀 시켜줘요,5,2,2026-01-17T16:01:04+00:00,3.8.0
starrail,붕괴:스타레일,c30e1c56-73cd-48f4-b0a4-6b890cc56329,붕스 할때마다 재화 어렵고 신캐 나올때마다 다른애들 묻히니까 재미도 없음. 그리고 스토리도 이상함. 표절도 많아서 이젠 정이 떨어짐.,1,6,2026-01-16T14:52:07+00:00,
starrail,붕괴:스타레일,8ed1119e-b0e0-4d60-84b3-7b547dc38a8c,내가 일주일을 날리면서까지 이 게임을 했던 이유는 좋은 미래를 개척하고 싶었기 때문이지 키레네의 비극적인 마지막을 보려고 그런게 아님..,2,5,2026-01-16T09:02:30+00:00,3.8.0
starrail,붕괴:스타레일,cbe1479f-722e-4bcb-9146-a000ffcc5ba7,모순과 충돌.,1,15,2026-01-16T02:11:12+00:00,3.8.0
starrail,붕괴:스타레일,4cb72ebb-b7fc-401a-9955-04bf309fd283,개꿀잼,5,1,2026-01-14T11:58:40+00:00,3.8.0
starrail,붕괴:스타레일,d724ef4c-a1a3-49a4-9f34-ab9cb4736f23,샤오지야 잘 좀 하자,1,6,2026-01-14T01:17:49+00:00,
starrail,붕괴:스타레일,d355fa9e-eead-4476-9dbb-9ff5fa490fd1,원래 잇던 붕괴는 돌아다니면서 할수 잇어서 자유도가 있긴햇는데 이건 턴제구만 턴제는 노잼이라 지운다,2,2,2026-01-14T00:52:03+00:00,3.8.0
starrail,붕괴:스타레일,5d0ed30c-cbb0-4da8-94c4-d4fbf27561ee,작년 11월쯤에 시작한 유저입니다 처음엔 턴제가 불편해서 지웠지만 지금은 개인적으로 진짜 만족하고 있어요.. 제가 원신도 해서 그런지 일단 스토리 스킵 있는게 너무 편해요...나름 무슨내용인지 요약도 해주고.. 그거랑 재화같은거? 모으기도 이벤트마다 재화 얼마나 주는지 띄워주니까 너무 좋아요..! 페나코니나 앰포리어스 스토리가 조금 복잡해서 이해하기 힘들었다는것 빼고는 너무 재밌게 하고있습니닿,5,0,2026-01-13T12:35:25+00:00,3.8.0
starrail,붕괴:스타레일,8d8c87c5-d550-477e-857b-97ce2ecf26d2,재화가 너무 부족,1,3,2026-01-13T03:58:51+00:00,1.0.5
starrail,붕괴:스타레일,b0e97181-2dfd-4acb-b0b0-e9492b5d272c,"장단점 장점=1.일단 캐릭터 팔아먹는 게임답게 캐릭터들 하나하나는 잘만듬. 특히 엠포리어스 캐들은 스토리에서의 서사가 거의 모든 주역들에게 다 부여되서 캐릭의 매력을 느낄 수 있음. 2. 3.7 이후 장신구와 재료들을 딸깍으로 바로 얻을 수 있게 되서 파밍이 매우 쉬워짐. 단점=1.스토리를 보다보면 그뭔씹이 자주 나올 정도로 고유명사 남발이 심한 편임. 게임에서 나오는 설정들을 제대로 이해하려면 이전에 선행이 필요할 정도. 3.7스토리가 혹평받는 요소 중 하나라고 생각함. 2.유물 파밍은 장신구&재료에 비하면 딸깍 못해서 이건 유물도 딸깍 가능하게 패치해주면 좋겠음. 3.인플레 없는 게임이 없겠냐마는 붕스는 심한 편임. 특히 n.0같은 신버전 초반 딜러들은 파츠 지원도 별로 없고 접대도 빨리 끝남. 오죽하면 신버전 초기 딜러는 걸러야 좋다는 말까지 나옴. 이것뿐 아니라 몹들 강인도, 피통도 너무 많이 늘어서 무소과금 유저들은 인플레 잡기 버거움. 마지막으로 4버전 스토리는 잘해라.",4,4,2026-01-12T12:04:30+00:00,3.8.0
starrail,붕괴:스타레일,8e254d62-cf91-48a0-a3f9-57c56cf8abd8,요즘에 다시시작할려고 하는데 용량때매 계속걸리네요 혹시 리소스 따로 다운받기 같은기능 추가해주실수 있을까요ㅠ 저 스타레일이 너무하고싶어요 부햄도 보고싶어요ㅠㅠㅜㅠ,5,1,2026-01-11T14:38:23+00:00,
starrail,붕괴:스타레일,4689d364-6ff8-46af-86b3-34fd056dc53a,캐릭터 수명이 유우 유통기한보다 짧음 이게 맞냐?,1,8,2026-01-11T11:50:34+00:00,3.1.0
starrail,붕괴:스타레일,5e0dcda9-535b-49e1-88d1-27af2040b87d,게임 스토리 선주랑 3.7빼고 다 좋은데 3.n 버전부터 자꾸 시뮬이나 화폐전쟁하는데 자꾸 튕깁니다 튕기는 것 좀 고쳐주십쇼 제발요 참다참다 리뷰 씁니다ㅠㅠ,5,0,2026-01-11T06:14:10+00:00,3.8.0
starrail,붕괴:스타레일,976d3a91-5cb7-4fd1-9bf0-38c1efa878c6,엠포리어스 업뎃까지 슴 참음,5,5,2026-01-10T19:56:44+00:00,3.6.0
starrail,붕괴:스타레일,4d3e4c68-157a-459f-9493-f245053e0410,페나코니 유입해서 하다 앰포 중후반에서 폐사함... 그래도 내 최애가 붙들여 있으니까 어거지로 다시 복귀해봄... 물론 인플레 때문에 내 최애 휠체어 태워서 온몸비틀기 해야하지만... 그래도 한때 지긋지긋했던 직장생활을 버티게 해줬던 그 때 그 페나코니를 잊지 못하네,3,5,2026-01-10T02:34:34+00:00,
starrail,붕괴:스타레일,96bdfce9-cbd6-4595-89fc-a474512808ac,원하는 캐릭터 픽업 기다리고 뽑는 게 가장 어려운 게임이지만 한번 해보면 계속 빠져드는 매력이 있는 게임이에요. 성우분들도 엄청 수고하셔서 만든 것 같아서 또한 심금을 울리게 됩니다.. 성우 분들과 제작진 분들 모두 고생 많으시고 하나하나 정성을 들여서 많든 분위기가 많이 나네요 항상 응원할게요.,5,28,2026-01-09T13:26:25+00:00,3.8.0
starrail,붕괴:스타레일,09930dcb-1ec0-46b8-adc9-e44adeeddc42,개 쩔어요,5,2,2026-01-09T04:35:57+00:00,3.8.0
starrail,붕괴:스타레일,cda71eba-6d59-42bb-8633-43831bceda46,카이사르 키메라 이거 조건이뭐임? 확률절대아님 어떤덱은 3번씩저항하는데 어떤덱은 한방에 두놈씩 나가리됨 조건을 1도모르겠다 확률이라고 적혀있는데 왜 할때마다 결과가 똑같지,1,14,2026-01-08T18:13:18+00:00,3.8.0
starrail,붕괴:스타레일,36ac6dab-1cb8-43ba-9f36-3a5b02aaba2c,가자 데미우르고스~,5,2,2026-01-08T14:13:53+00:00,3.8.0
starrail,붕괴:스타레일,5a7a7f7d-6902-4d7b-bc7e-3016b5000ac1,용량 좀 줄여주세요. 인트로만 간신히 했습니다 복장 보는 분들 보셔야 할것 특이 케이스(음월 등등)이 있으니 비판 금지. 각자의 취향입니다 은근히 여캐가 많습니다,5,1,2026-01-08T08:20:55+00:00,
starrail,붕괴:스타레일,e4db5298-6919-4e63-8f34-ddb273272dbb,스토리도 나락가고 캐릭터들 키우는 맛이 하나도 없는 게임이 됬습니다 이젠 그냥 무조건 과금만 하라는 식으로 신규 캐릭+컨텐츠 출시하는데 뽑기 확률도 맵고 어렵게 뽑은 캐릭터는 명함or명전 으로는 쓰지도 못하고 조금만 지나면 바로 퇴물에 써먹지도 못합니다 애정캐 하나 키우고 싶어도 못키우는 겜을 누가 합니까 애정캐를 키우기 위해 과금해서 돌파하면 뭐합니까 조금만 지나면 바로 퇴물되서 컨텐츠에 쓰지도 못하는데.. 그리고 매번 신규보스들은 피통 뻥튀기에 확정 디버프 같은걸로 둘둘 둘러두고 또 그거 상쇄 시킬수 있는 신규영웅 출시하고 그마저도 돌파시켜줘야 쓸수있게 만들어서 돌파 안하면 쓰기에도 애매하게 만드는데 누가 하고 싶겠어요 어짜피 돌파 해줘도 조금만 지나면 바로 퇴물되는데 누가 뽑아요 그래서 저는 접습니다,1,27,2026-01-08T04:35:37+00:00,1.0.5
starrail,붕괴:스타레일,5ef5f6e0-5dcf-4c9c-8e8f-5fa764cd218a,왜 점점 게임이 이상해지는지 심해지는 인플레 스토리는 망했고 ㅋㅋ,3,6,2026-01-08T02:38:25+00:00,3.8.0
starrail,붕괴:스타레일,76eb6f66-6b0a-4f8c-81ba-3006f827fbb0,게임 플레이 방식이 너무 간단해서 즐기기 좋아요😍,5,1,2026-01-06T16:43:22+00:00,3.8.0
starrail,붕괴:스타레일,a8544894-8451-4c57-8c28-ce8f0d0d7404,게임 로드 신간이 오래걸리고 로그인도 잘 안된다,1,0,2026-01-04T01:31:43+00:00,3.8.0
starrail,붕괴:스타레일,97af6be4-45c7-4007-8bea-a1dc24861b04,이건 길찾기 게임인가?,1,1,2026-01-03T08:03:17+00:00,3.8.0
starrail,붕괴:스타레일,c8d7e4c4-d980-4b19-9f65-c1d08c6a8438,길게 말하지 않겠습니다. 얘가 아니면 안 돼 정도로 본인이 그 캐릭터를 너무 좋아하는 게 아니라면 절대 과금하지 마세요. 인플레이션과 픽업 확률이 매워서 추천하지 않습니다.,3,10,2026-01-03T06:33:01+00:00,3.8.0
starrail,붕괴:스타레일,9ea80f0f-1abe-49a3-9a69-2aa603aa555f,3.7 스토리 말아먹고 3.8 8주 진짜 그동안의 정 덕분에 그나마3점,3,6,2026-01-02T14:22:14+00:00,
starrail,붕괴:스타레일,cda4761b-98fd-4a31-a1a4-676bbc5717c0,다 좋은데 번역을 무슨 번역기로 돌린것 보다 못한 수준이라고 생각이 들 만큼 발번역이 매우 심합니다.출시된 개척임무중 카프카의 대사는 아무 생각 없이 봐도 어색할 만큼 발번역이 심각한 상황입니다. 원본을 그대로 번역기에 돌려도 카프카의 대사는 절대 저런 말이 아닙니다. 이외에도 여러 번역 문제가 발견되고 있으며 하루빨리 번역문제를 해결해 주시길 바라겠습니다.,4,2,2026-01-01T10:20:14+00:00,1.2.0
starrail,붕괴:스타레일,ee9d752a-f19e-49f0-87fc-fa62b8dc550a,파트너 나좀 꺼내줘,1,4,2025-12-30T19:05:06+00:00,3.7.0
starrail,붕괴:스타레일,9b4a3955-f897-4c3e-b3a5-de7e71b7fbd9,제 맘속을 붕괴시키네요,5,0,2025-12-30T05:58:21+00:00,
starrail,붕괴:스타레일,0f30e85d-6ebe-46ca-b421-eeb3858ef3ad,"인게임 컨텐츠 부족, 이름답게 우주를 뚫은 인플레, 있어 보이고 싶지만 텅 빈 메인스토리, 스토리 내에 수없이 많은 재활용의 흔적, 1년전부터 대대적으로 예고한 콜라보를 세이버 빼고 모든 것, npc도 맵도 보스도 싹 다 재활용에 스토리도 최악으로 내는 거 잘 봤습니다. 어느 순간부터 유기된 동행 임무, 운빨로 확률이 낮은 속도 유물 강화로 채워야하는 전투 전략성, 뛰어난 건 5성 캐릭터의 스킬 연출뿐. 호요버스는 새 게임 개발에 자꾸 투자하지 말고 기존 게임이나 제대로 만들었으면 좋겠네요. 이제 과욕이나 다름 없는 bm도 고치고.",1,14,2025-12-30T03:40:26+00:00,1.6.0
starrail,붕괴:스타레일,8dec23dc-aab8-43f8-af0f-53413689779b,망겜,5,2,2025-12-30T02:06:40+00:00,3.8.0
starrail,붕괴:스타레일,912c17c8-5d3a-4aef-925c-8c842e224baa,유일하게 스토리하나 때문에 믿고하던게임이었는데 스토리박고 머리꼬매니까 인플레는 더심해져있고 돌파팔이는 점점더 심해짐 명함으로도 가능했던게임이 이제 명전으로 하기도 힘들어짐. 이제는 답이없어진게임.,1,12,2025-12-29T07:49:06+00:00,
starrail,붕괴:스타레일,293aff01-383d-4594-be7e-b723e140f975,나부때마냥 걍 지들 무덤을 스스로파네,1,7,2025-12-28T17:33:50+00:00,
starrail,붕괴:스타레일,23841f06-7457-4e00-adae-36500094e3fe,스토리 갓겜,5,0,2025-12-27T17:22:36+00:00,3.8.0
starrail,붕괴:스타레일,914d3066-e0b1-4a0f-adb3-6064ef05e929,초 갓겜,5,0,2025-12-27T12:34:34+00:00,1.0.5
starrail,붕괴:스타레일,2adb8a24-d194-41df-addd-251bd42e7ee4,굿,5,0,2025-12-27T11:11:29+00:00,3.8.0
starrail,붕괴:스타레일,8dfbc4fe-cf06-4144-a8be-731efb901942,픽뚫도 적당히 나와야지 전보다 더하네 @같아서 접는다,1,5,2025-12-27T04:29:35+00:00,3.8.0
starrail,붕괴:스타레일,b4831466-1514-4746-9ba7-c35f634cd589,"1. 스토리의 기획과 연출력 : 큰 세게관 구축에 성공하였고 그걸 기반으로한 우수한 컷씬, 더빙 등 가장 메력적 요소. 2. 모바일친화와 편의성 : 모바일로도 깔끔하게 진행되는 게임플레이에 더해 편의성은 확실한 장점. 3. 인게임 캐릭터의 외형 : 조밀한 외형은 깎아본 사람이라면 기립박수칠 정도. 단, 1. 상상을 초월하는 스팩인플레 : 풀돌캐가 메타 2번정도만 바뀌면 쓰레기로 전락. 이딴 인플레정책에도 갈수록 심해지는 돌파팔이. 2. 힙스터 예술병 걸린 스토리작가 : 감동과 여운이라는 밀레니엄식 예술병에 집착하는 스토리작가가 실시간 저점 갱신중임. 걍 나가 뒤지셈. 3. 원신식 BM : 조금 나아졌어도 여전히 매운데, 기껏 돈써봐야 3개월안에 쓰레기로 전락하는 애정캐와 결합되어 매운맛이 증폭함.",3,3,2025-12-26T23:24:02+00:00,
starrail,붕괴:스타레일,75ffa897-76b3-4110-832d-6fbba62085d7,추억마저 앗아갈줄은 몰랐다. 앰포리어스 결말도 실망스럽지만 페나코니의 추억을 죄다 거짓으로 만들어버렸음 2.3은 한순간에 없는버전이 되었다.,1,30,2025-12-26T23:07:43+00:00,2.7.0
starrail,붕괴:스타레일,105b9987-bdba-496e-8132-989001386799,내 애정캐가 날이 지날수록 점점 휠체어를 타려고 한다... 못버티겟다,1,6,2025-12-26T14:49:57+00:00,1.1.0
starrail,붕괴:스타레일,f5a39249-5c11-4154-bef6-a0febf7143b8,파이논을 만나고 난 파이논 없인 살 수 없는 몸이 되어부렸는데 스토리를 이 따위로 만든 45지를 검은물결에 침식시켜버리겠어.,1,6,2025-12-26T06:53:49+00:00,3.8.0
starrail,붕괴:스타레일,87ffde92-2461-4423-bbee-a3e88a647295,"계정 2개나 파서 잘 즐기고 있는데, 화폐전쟁중에 계속 나가져요!",5,0,2025-12-25T10:14:12+00:00,3.8.0
starrail,붕괴:스타레일,9e2d6fa5-5bab-4948-94a8-11b3f83b6cc8,미미.. 길을 잃었어..,5,3,2025-12-24T09:25:00+00:00,3.8.0
starrail,붕괴:스타레일,bfb1b783-dc9d-4974-83b6-d0c51d1c3971,"3.2버전(4월쯤?) 시작한 유저입니다. 3.0부터 3.2 보니까 ""이거 갓겜이다 열심히 해야지""하고 8개월동안 열심히 했습니다. 3.8 까지 나온 지금은 스토리가 아쉽다고 느껴집니다. 왜냐하면 엠포리어스 스토리 결말이 좀... 많이 아쉽고요 캐릭커 보내는 속도가 너무 빨라요..거의 2명씩 보내요. 자 결론은 (전체)스토리는 전반적으로 괜찮지만(나부 빼고^^) 몇몇 아쉬운점이 있다!",3,12,2025-12-23T13:00:11+00:00,3.8.0
starrail,붕괴:스타레일,9b913cec-5a8d-477d-8110-fb7a1dbf3ab2,나도 접을란다. 인플레에 접대에 진짜 드러워서 못하겠네,2,5,2025-12-23T10:24:16+00:00,3.8.0
starrail,붕괴:스타레일,e4037c16-727e-46e9-a061-be88e889638b,픽뚫 없애면 5점 드리겠습니다~,1,1,2025-12-23T02:53:07+00:00,
starrail,붕괴:스타레일,494ed049-5e01-46c9-af74-d855760ec357,스토리만 보삼. 내취향 신캐 나왔다고 해도 인플레가 겁나 심해서 금새 똥통에 쳐박히기 때문에 지갑 여는건 에바임,1,5,2025-12-23T01:40:46+00:00,
starrail,붕괴:스타레일,b2ef2064-f810-4bdb-9fcf-c395b737f75a,스토리 맛집 이였는데 요즘은 잘 모르겠네요. 해놓은게 있어서 계속 플레이 중 이지만 4.0버전 이후를 기대하며 지낼게요.,5,1,2025-12-22T17:48:11+00:00,3.8.0
starrail,붕괴:스타레일,84cf85ad-3578-4bed-b8eb-8ca449d44408,모델링도 좋고 스토리도 재밌지만..인플레 때문에 구 캐릭터들이 퇴물이 되는게 단점,3,2,2025-12-22T11:41:04+00:00,3.8.0
starrail,붕괴:스타레일,33c70b57-85bd-407a-ba6c-cc45685eae72,넘 재밌어여,5,0,2025-12-21T20:14:18+00:00,3.8.0
starrail,붕괴:스타레일,e8841f68-b5f0-4013-938a-983f9a974f46,그냥 패치 그만해줘요,1,0,2025-12-20T02:48:29+00:00,
starrail,붕괴:스타레일,7e4b40b4-bff6-468f-bdad-e6c8702a5798,"뉴비 폐사 할거 같네요 가챠 확률 어렵게 표기 상시5성 용도 모르겠고 가챠 비용이 너무 많이 필요하고 등황 배포 안했었으면 바로 폐사할거 같고 광추필수 , 반천장 한정판매 2주 동안 50만 질렀는데 후회되네요 너무 안 나오고 상시5성 좋게 나오던가 1주 늦게 시작해서 좋은 캐릭 다 놓치고 뉴비인데 벌써 현타 와서 접고 싶네요 지른거 전부 환불되면 답변 주시고 매크로 답변 사절입니다 다른게임도 많이 해봤지만 리니지 급인거 같아요 아니면 5성 배포라도 자주 해주세요",2,14,2025-12-20T00:07:55+00:00,3.8.0
starrail,붕괴:스타레일,e47c8091-676c-4f56-a7a2-6a751969f250,픽뚫없애라고,1,1,2025-12-19T09:27:09+00:00,
starrail,붕괴:스타레일,bf207bcf-ae28-4bff-aabe-c7f9a1a6e5c0,"솔직히 말해서 정 떨어지려함 페나코니때 까지는 스토리가 와 최고다 였는데 엠포리어스에서 갑자기 캐릭터 세탁하고 스토리망치고 공방에서는 캐릭터가 죽는거 처럼 어그로 끌고 내 최애캐는 조#같은 이상한 별명으로 불리고 캐릭터 성능은 적당히를 모름 진짜 붕스 접고 싶음 무,소과금 유저는 픽뚫나면 원하는 캐릭을 제때 뽑지도 못하고 기분만 나빠짐",2,12,2025-12-19T06:44:55+00:00,3.8.0
starrail,붕괴:스타레일,1c7205d7-5f87-43ce-9269-8ba2b87252dd,하을아...,5,0,2025-12-19T03:37:10+00:00,
starrail,붕괴:스타레일,90c94398-d49c-4f38-9afb-9d1d57ea44d6,"파워 인플레로 캐릭터 수명 짧음. 그렇다고 싼 것도 아니고 픽뚫까지 있어 매움. 애정캐 잡고 하기도 힘든게 하나를 쓰려면 다른 파츠도 필요하고, 애정이어도 성능이 별로면 접대 컨텐츠 때문에 뭐가 안됨. 그래도 그동안 참고 해왔다 왜? 스토리랑 연출이 좋았으니까. 근데 그마저도 3.7 마무리를 기분 나쁘게 만들어서 날려먹음. 어째 하고 싶게 만드는건 없어지고, 갈수록 접고 싶게 만드는 중.",1,268,2025-12-18T16:50:14+00:00,3.7.0
starrail,붕괴:스타레일,3ac8e8fd-c1d9-438e-9013-aa8090b414e3,"3.7 대차게 말아먹더니 3.8은 그냥 적당히 말아왔구나 그래 한창 많이 먹을때지 욕을 많이 먹을 때야 페나코니 끝난지 1년이 됐는데 이제와서 후속 스토리 가져오면 유저가 질질 짜면서 따흑 그런거였구나 달리아햄 씨다 씨 이러면서 좋아할줄 알았냐 1년전 스토리 기억 안나서 얘가 뭔 소리하는건가 싶을때가 3분의1이고 나머지는 기억 딸깍 소각공 딸깍이면 다 해결되는 전개방식에 불쾌함만 가중되는 쓰레기 스토리였다. 반디 연출, 추가 떡밥, 페나코니 결말까지의 과정에서 다른 캐릭들 서사 보강한건 좋은데 이걸 1년이 지난 시점에 내면 스토리 보는 사람들이 감동을 할지 분개할지 파악이 안되나 작중에서 엠포리어스 끝나고 이제서야 주인공에게 말하게 된 이유와 근거는 나왔고 납득도 되지만, 앞으로도 스토리 이딴식으로 잘라서 1년 뒤에 결말 내는 짓을 또 할까봐 그게 너무 불쾌함 정말 몰입하고 재밌게 즐겼던 엠포리어스가 이딴식으로 1년 뒤에 결말 내는게 거진 확정이라 더 빡침",1,7,2025-12-18T11:57:37+00:00,
starrail,붕괴:스타레일,32e17fb4-db68-4caa-b582-b2fd070ee186,좋음,5,0,2025-12-18T10:36:17+00:00,3.8.0
starrail,붕괴:스타레일,83af27ad-39c5-4bd1-9f67-b868937c014d,재밌는데 키리네 궁 쓸 때 가끔 화면 멈추면서 튕겨요,4,0,2025-12-18T10:26:49+00:00,3.8.0
starrail,붕괴:스타레일,c4c75ed8-7025-4ae4-be17-908761d1f715,최근에 업뎃하고 키레네가 전투에서 결계만 펼치면 겜 튕기네여;;,1,1,2025-12-17T23:37:03+00:00,
starrail,붕괴:스타레일,3b17ca78-061c-4166-b834-9616cdf0d77a,무료로 해도 퍼먹을게 많음. 대신 지르기 시작하면 답 없으니 잘 조절해야함,5,1,2025-12-17T21:29:48+00:00,3.8.0
starrail,붕괴:스타레일,cbdd588b-da3c-4693-991f-a7e065fd71be,스토리 좀 잘 만들어라..,1,2,2025-12-17T20:54:41+00:00,3.7.0
starrail,붕괴:스타레일,98aee2d7-1fb9-4577-9731-872c1efb01e0,5성 확률 버프좀,5,1,2025-12-17T13:23:26+00:00,3.1.0
starrail,붕괴:스타레일,b9cefd66-33ea-4b84-a464-edd229560d7f,재밌음,4,2,2025-12-17T12:01:15+00:00,3.7.0
starrail,붕괴:스타레일,c6abc938-8119-47ee-8493-4fa582948934,내세울게 스토리밖에 없었는데 3.7 스토리 박아버리면서 스토리도 기대가 안됨. 유입분들은 그냥 하지 마세요. 이거할바에 원신이나 젠존제 하는게 마음 편함,1,4,2025-12-17T10:37:17+00:00,
starrail,붕괴:스타레일,73c94ea8-708a-49ea-b2e2-290e46df8b66,개발진 갈아엎어라,1,2,2025-12-17T05:03:41+00:00,3.7.0
starrail,붕괴:스타레일,56228be2-49e9-4091-bbe4-97552c6b1199,우주가 보라색이 되 그래도 컴으론 재밌게 하고 있으니 별5갷ㅎ 크룸북으로 할려고 했는데 우주가 보라색이 되드라고요,5,3,2025-12-17T02:26:48+00:00,
starrail,붕괴:스타레일,f3258ed2-6777-410b-9642-b9dba6c9e982,앰포애들 당장 현실화하고 3.7 스토리 찐빠 해결해서 다시 가져오셈,1,1,2025-12-17T00:54:06+00:00,3.7.0
starrail,붕괴:스타레일,cbb1424f-71c0-46fe-b255-a84a3d82a24e,3.7 다시만들어라,2,3,2025-12-16T23:03:33+00:00,3.7.0
starrail,붕괴:스타레일,605a5d39-438c-4330-8597-d8e59d2c08e8,"스토리의의미는 이해가감 상실,이별등 그런데 님들이 얘기하고 우리가 듣고 달려온 길은 이게 아니잖음 이전과는 다를거라 해놓고 낙원의 결말과 크게 다르지 않고 연출은 오히려 퇴보함 더군다나 후카를 구했던 키아나와는 반대로 키레네의 희생을 겸허히 받아들인 다는게 그간의 개척자와는 대조적이고 너무 짜침",3,3,2025-12-16T21:08:24+00:00,3.7.0
starrail,붕괴:스타레일,7cd7fcdb-cd3d-40c9-9ad6-3173ac4b1dbe,다 좋은데 너무 강한 파워 인플레랑 엠포리어스 마무리가 너무 짜침.. 호요버스 소속이라 계속 하고싶은데도 너무 짜쳐버리니까 손이 안감. 솔직히 1년 기다리는게 말이 되나? 스토리 후유증도 심하고 이해 불가 덩어리에 pv사기는 또 뭐임? 3.7스토리 다 뜯어 고쳐야함.,1,3,2025-12-16T13:43:49+00:00,3.7.0
starrail,붕괴:스타레일,2d798cca-acac-4899-8baf-5d5a07e54471,저는 게임을좋아하는 17살입니다 3.7버전까지하고 3.8버전 기다리고있습니다 붕괴스타레일은 재밌고 스토리 좋고 게임을 추천합니다 강추,5,3,2025-12-16T13:30:14+00:00,3.7.0
starrail,붕괴:스타레일,fce4ab37-2167-4f06-803e-713ad368bb5b,그냥 말이 필요없는 재밌는 게임.,5,0,2025-12-16T00:03:57+00:00,3.7.0
starrail,붕괴:스타레일,dbb0f038-cf4f-4c81-a347-5c9adf1fc610,앰.포.리.어.스 엔.딩!!!! 제대로 내.라!!!!!!,4,0,2025-12-15T15:09:10+00:00,
starrail,붕괴:스타레일,4ef5129d-554a-42c0-b189-c4f882bf701d,엘리시아 내놓고 그걸 컷하네...,1,3,2025-12-15T13:38:04+00:00,
starrail,붕괴:스타레일,64ddc704-810e-481c-9db6-e3c65570cf50,아직 안했는데 재밌어보여서 5점찍었슨.리소스 다운로드가 조낸 길어서 ㅃㄹ하고싶은데 못하는중ㅠㅠ,5,1,2025-12-14T13:02:43+00:00,
starrail,붕괴:스타레일,1a312f19-32ad-49e0-987c-28939c23dad2,이게임을 하려면 컨텐츠 깨는거 포기하고 무과금으로 스토리만보거나 매달 10만원이상 과금해서 컨텐츠를 즐기거나 할 수 있습니다. 월정액에 패스만으로는 2달동안 모아야 1캐릭 무기까지 주는데 운좋으면 1캐릭 명함 챙겨오는데 문제는 컨텐츠를 깨려면 3캐릭까진 캐릭 무기 줘야하고 그런 파티가 최소2파티가 있어야 하는데 그 캐릭도 반년이면 퇴물 소리를 듣고 안씁니다. 2년동안 열심히 게임하고 과금도 몆백 쓴 계정이 3달만 과금 안해도 리세계에 스토리밀고 얻은 재화로 신캐 뽑은 계정보다 계정이 안좋아지는 어이없는 게임. 게임사가 본인들 스토리나 게임성에 자신이 없으니까 턴제라 인플레 어쩔수 없다고 변명하는 게임입니다. 턴제게임이면서 세팅? 전략? 그냥 무조건 신캐 대충 세팅하고 뇌빼고해도 더 쎕니다. 스토리? 페나코니까진 괜찮았는데 이후부터 캐릭터팔이용 거창한 서사에만 집중하고 스토리 개연성이나 떡밥회수는 갔다버린 수준입니다.,1,9,2025-12-14T12:35:09+00:00,1.6.0
starrail,붕괴:스타레일,6e187da3-6506-47f0-ad48-37a5db45abec,"장점 : 1. 일러스트와 모델링 사이의 괴리감이 적음. 일러스트를 보고 캐릭터를 뽑았을때, 돈 아깝다는 생각이 들지 않을 정도. 2. 연출, 더빙, BGM 등의 면에서는 매우 뛰어남 3. 스토리진짜 뽕미침 ㅠㅠㅠㅠㅠㅠ 선주 나부 빼고+앰포리어스 8막 빼고 4. 엔드콘텐츠를 포기한다면 무과금도 쉽게 할 수 있음 단점 1. 인플레이션 너무 심함. 진짜 심함 오버밸런스로 나왔던 캐릭이 반년도 못감. 다만 개선은 해준다고 함. 2. 스토리가 잘 가다 용두사미로 꼬라박음 3. 보상이 짬",5,127,2025-12-13T14:47:32+00:00,3.7.0
starrail,붕괴:스타레일,0ffe14b2-3d95-4c78-af6e-96cc3e528823,제발 튜토리얼 스킵좀 만들어라 이벤트 하는데 말이 뒤지게 많네. 어차피 롤토체스 그대로 복사해놓고 뭘 그렇게 튜토리얼을 처시키냐고. 그냐유유도리있게 스킵할 양반들은 스킵하게 좀 하라고,1,34,2025-12-13T14:30:13+00:00,3.7.0
starrail,붕괴:스타레일,68ecc259-6627-48e7-bf77-a7e10def7ac5,파이논은 나만 안나오는건가,1,1,2025-12-13T13:15:24+00:00,3.7.0
starrail,붕괴:스타레일,407e810b-dae3-406b-8762-dd3492b00cd0,글쎄요...,3,0,2025-12-13T09:20:10+00:00,3.7.0
starrail,붕괴:스타레일,be346adb-8922-4880-a357-d7a2ca338c1f,복귀했는데 스토리 보고 영원히 복귀할 마음 접었습니다 감사합니다 다시는 뵐 일이 없겠네요 ㅎㅎ,1,5,2025-12-12T14:53:13+00:00,3.7.0
starrail,붕괴:스타레일,e88e664f-8aaa-454c-a524-7551afbcad4e,우우우우우,1,1,2025-12-12T03:03:32+00:00,1.6.0
starrail,붕괴:스타레일,c37fac92-5b42-45a6-86e4-abf16a1ee2ce,별바다 추락중,1,1,2025-12-10T14:14:00+00:00,2.0.0
starrail,붕괴:스타레일,ac1b158a-ad5c-4b98-a968-66193ad439d0,북극녹이기 시뮬레이터,5,2,2025-12-09T12:58:03+00:00,2.2.0
starrail,붕괴:스타레일,12166d77-9a58-4204-94f4-34cd586c90d0,이번 3.7 앰포리어스 스토리에서 유저 기만 수준인 최악의 결말을 잘 봤습니다. 이 게임은 가볍게 즐기기 좋은 게임이지만 인플레가 심해서 드는 돈에 비해 캐릭터 수명이 짧다는 치명적인 문제가 있었는데 스토리가 즐기기 좋다는 이유로 지금까지 돈을 많이 써가면서 2년 넘게 플레이했습니다. 그런데 1년 동안 빌드업한 앰포리어스 스토리의 결말에서 이렇게까지 기대하고 게임에 정성을 쏟은 고객들을 모욕하고 작품의 주제의식까지 망칠 줄은 생각도 못했습니다. 이번 3.8 방송을 망치고 온갖 욕을 먹은 건 외교 문제였으니 스토리만 망치지 않았어도 유저들이 이해해줬을 텐데 결국 자업자득이었네요. 앰포리어스 결말을 수습하거나 리메이크하기 전까지는 별점을 유지하겠습니다,1,55,2025-12-08T20:53:30+00:00,3.7.0
starrail,붕괴:스타레일,bb8017f9-3893-41f0-921d-b028b3f43e55,"Full of Powercreep, but still I like this game. The players or fandom is pretty chill and the strories a often breathtaking. Would be good if they added unlimited fps like ZZZ, but I don't care about tht walking animation on stairs- (Please.. the powercreep is so thick and 3.8 for 8 weeks? damn 😭)",5,0,2025-12-07T22:37:17+00:00,3.7.0
starrail,붕괴:스타레일,480d07c9-f341-47ac-ab50-38f0b67f5d83,일단 4.0나오면 다시 평가해봄,3,0,2025-12-07T03:01:50+00:00,3.7.0
starrail,붕괴:스타레일,40ab95e4-1802-422c-a44f-ebf30fccba77,엔딩 버러지겜,1,8,2025-12-07T00:18:02+00:00,1.5.0
starrail,붕괴:스타레일,8f1b411d-cc52-4c2c-8724-76764434d85b,다른 겜으로 개척을 가자,1,12,2025-12-06T15:21:38+00:00,3.7.0
starrail,붕괴:스타레일,43139ae7-e754-4921-8c06-d6fe62da7a7e,최악최흉지구멸망게임,1,0,2025-12-06T14:02:04+00:00,3.7.0
starrail,붕괴:스타레일,26319cf3-b154-4a0f-b1ef-a2138400130b,스토리를 이따구로 만들고 8주에 1캐만 내는게 말이 되냐 미호요,1,6,2025-12-06T13:43:51+00:00,3.7.0
starrail,붕괴:스타레일,b19dc490-8051-4e21-adda-c45916751be9,인플레는 잡을 생각이 없고 무한과금 유도하면서 스토리 원툴이면서 스토리에서도 유저랑 기싸움 각만 보네 샤오지좀 나와서 뭐하도 말해 봐라,1,9,2025-12-06T11:39:21+00:00,3.7.0
starrail,붕괴:스타레일,6466fe6f-c5e9-4fec-97cd-9f532311b046,내 인생에 최고의 게임!!!!,5,0,2025-12-06T08:38:14+00:00,3.7.0
starrail,붕괴:스타레일,e707d026-aa35-4ecd-bf79-12c5a5635acb,쓰레기망겜,1,5,2025-12-06T08:08:37+00:00,2.7.0
starrail,붕괴:스타레일,93143c7a-3aad-4856-a0e7-6bbd42dbc5c6,3.7스토리 결말이 ㄹㅇ 최악임 솔직히 행복한 결말을 원했지 유저들이 원하지 않는 결말이 나와서 이게 맞나? 싶었음 그리고 3.7스토리에 떡밥을 뿌려놓고서 유저들 기대하게 만들고..이제 기대하고 싶지 않음..정이 점점 떨어짐,1,8,2025-12-06T07:54:49+00:00,3.7.0
starrail,붕괴:스타레일,c446533e-41e8-484a-93d5-a3273db9dfba,8주 업뎃이라 그러면서 아무것도 없네 역시 대단하네,1,3,2025-12-06T01:30:59+00:00,3.7.0
starrail,붕괴:스타레일,dc74be23-66da-4886-978a-a06b75234fe2,"내년 2월까지 업데이트 << 없음, 1년 내내 빌드업한 스토리 << 쳐망함, 신규 보스 << 모션 돌려쓰기, 3.8 컨텐츠 << 스토리 + 평소대로의 이벤트, 사과의 말 << 없음, 사죄의 사료 << 없음, 샤오지 엄마 << 없음",1,16,2025-12-05T12:17:37+00:00,3.7.0
starrail,붕괴:스타레일,82539a36-4f5f-4229-ae2d-c1b6c1f26167,개인적으로 호요버스는 스토리퀄 하나만큼은 믿고 가는 회사라고 생각했었지만 이번 3.7 버전 앰포리어스 스토리를 보고 마음이 바뀌었음 1년 동안 차근차근 쌓아온 이야기라서 더 기대도 컸는데 허무하게 끝남 처음에는 잘하다가 마지막을 이렇게 이상하게 장식하는 게 참 어이없다 이건 단순한 호불호 문제가 아니라 유저가 1년 동안 투자한 감정을 대놓고 무시한 결말임 하여튼 이번 스토리 결말을 보고 게임에 대한 애정이 크게 식었음 1년 넘게 쌓아온 감정선을 이렇게 무너뜨린 거임 이번 결말 보고 나니까 앞으로 새 캐릭터가 나와도 그 캐릭터 이야기를 몰입하면서 따라갈 자신이 없어짐 또 이렇게 될까봐 스토리에 몰입했던 유저로서 매우 실망했음,1,60,2025-12-05T12:15:13+00:00,3.7.0
starrail,붕괴:스타레일,578d09fe-0177-4d1d-b409-af60c24c3237,스토리 원툴인데 스토리가 망함,1,6,2025-12-05T12:12:06+00:00,3.7.0
starrail,붕괴:스타레일,52a66a51-05f1-4ac0-b784-cc1aa17ac7de,에라이ㅋㅋ 앰포리어스 1년동안 해놓고 3.7 스토리 말아먹은다음에 3.8은 다 쌀먹으로 하고 거기다 8주동안 진행하는데 뿌리는 것도 없어? 걍 망하자 ㅇㅇ,1,10,2025-12-05T12:05:53+00:00,3.7.0
starrail,붕괴:스타레일,43838645-fa3d-4232-827c-c159810811ef,재밌다,5,1,2025-12-05T06:11:44+00:00,3.7.0
starrail,붕괴:스타레일,0682e614-e282-4804-b675-e5eb5f7b44a1,이번 픽업에 히아킨 카스토리스 키리네 파이논까지 전부 150뽑기했다 확률조작한거 아니냐,1,4,2025-12-04T22:58:09+00:00,
starrail,붕괴:스타레일,cf1f34bd-80ba-4afb-ba9f-9764e8074404,제발 다 좋은데 왤케 친절하셔가지고 탈이십니까 튜토리얼좀 건너뛰게 해주세요 암걸려서 튜토리얼하다 죽겄네요. 제발 무슨 이벤트나 뭐나 튜토리얼을 몇시간씩 하냐고요,2,2,2025-12-04T12:57:42+00:00,3.7.0
starrail,붕괴:스타레일,581d1b58-670e-4eb4-b9b1-70447e0be464,없뎃에 화가나네 몇주동안 방치에 소통도 없고 스토리 떡밥도 없고 하염없이 기다리게만 하는구나,1,9,2025-12-03T22:44:08+00:00,
starrail,붕괴:스타레일,45ce4911-c36d-41f9-b38c-f9536ad313db,샤오지 어머니 우주에서 관측 불가능,1,14,2025-12-03T06:48:44+00:00,
starrail,붕괴:스타레일,89398be0-e1c3-4f56-b1f7-3c8f92cd8621,"24/06/17 현재 모바일 수집형 RPG 중 단연코 최고라 생각합니다. 25/12/3 격파 강인도 시스템의 구조적 문제, 캐릭터간의 밸런스 및 소식없는 AS, 파워 인플레로 인해 기존 단순한 전투가 더욱 단조로워짐 즉 재미가 없음. 과하게 현학적이고 이해가 힘든 앰포리어스 스토리. 모바일 게임 중에 파워 인플레가 가장 심함. 편성 인원이 4명, 턴제 게임이라 인플레 체감도 더욱 커짐 선택의 폭이 없음. 결국 앞으로의 모든 버전 또한 파워 인플레는 계속 일어날거임. 뒤늦은 AS를 한들 인플레는 못잡고 보스의 최대 HP는 계속 늘것이고 돌파 의존도 또한 늘어날 것으로 보임",1,78,2025-12-03T04:52:52+00:00,3.7.0
starrail,붕괴:스타레일,e2e5ea67-da61-44f5-9411-7e81ceb956d3,내 앰포리어스 돌려줘요,1,4,2025-12-03T04:37:48+00:00,3.7.0
starrail,붕괴:스타레일,2b9596ff-af5c-4efe-8679-a7813f418c3d,역대 최악의 게임,1,6,2025-12-02T11:07:05+00:00,3.7.0
starrail,붕괴:스타레일,394ca6e3-8ca5-4578-8332-2d9bab22f80d,돈과 시간 같이 잡아먹는 피규어겜,1,0,2025-12-02T04:22:05+00:00,
starrail,붕괴:스타레일,5ec738cc-7683-4571-b313-f3117c1c9a95,"스토리와 애정 하나만으로 인플레와 콘텐츠 부족을 참아가며 의미 없는 돌파를 했음에도 자기들 스토리 대사 그대로 ""평생의 괴로움이 남는 패배.""를 유저에게 선사하며 패배자로 만들어주는 스토리 작가의 자캐딸 유저 기만 게임. 개척이라는 이름의 방관자가 되고 싶다면 지금 당장 다운로드 ㄱㄱ",1,10,2025-12-01T12:18:57+00:00,
starrail,붕괴:스타레일,a038b7a4-cfe1-430f-a210-83bfc1fb6750,3버전 중반까지는 잘봤는데 케리드라 히실렌스 나온 후부터 좀 지루했지만 그래도 이야기 재미있어서 계속 했음 근데 이렇게 3.7............. 진짜 너무 얼탱,2,2,2025-12-01T10:59:19+00:00,3.7.0
starrail,붕괴:스타레일,9dd5b142-a5c1-4e3d-8ebc-0e9acf11295f,페나코니에서 고점 찍고 앰포리어스에서 저점 찍은 게임. 전투적인 측면으로도 스토리적인 측면으로도 최악의 게임이 되었다.,1,7,2025-12-01T06:36:05+00:00,
starrail,붕괴:스타레일,62f68e46-ff7f-42b8-99a0-f4a1a2ae12a0,"페나코니쯤부터 맵에 있는 상자를 찾아 열려면 아주 뭣같이 느껴지게 만들어놓더니 앰포리어스 와서도 상자 하나 열려면 기믹 도배에 맵 이동을 왔다갔다 오픈월드도 아니고 반푼이라 Y축 이동의 자유가 없어서 정해진 방식으로만 왔다갔다해야하고 탐사의 재미가 없이 그냥 의욕이 뚝 떨어짐, 남은 건 전투와 스토리인데 앰포리어스 스토리는 뭐 용두사미, 전투가 강점이냐? 하면 당장 파워밸런스 실패와 극단적인 접대로 3버전 캐릭터 끼리도 비교하기 어려운 수준으로 성능차이가 발생, 그나마 화폐전쟁에서 몇몇 캐릭터가 아이템 빨을 더해서 활약하기는 하지만 이 쪽은 게임의 메인 엔드 콘텐츠라고 하기도 애매하고 체험캐도 주는 쪽이라 돈 내고 뽑은 캐릭터가 밸런스가 어느정도는 맞길 원하는 입장에선 그나마 쓰임새가 하나 생겼을 뿐 충분하다고 여겨지지 않음 개선이 없다면 이제 다음 역에서 내려야겠다 생각함",2,22,2025-12-01T02:48:12+00:00,
starrail,붕괴:스타레일,5657f0bd-88d2-43ad-8b79-2d380a37bd1b,"단점만 설명하자면, 1. 너무 지나치게 해학적이고 지루한 스토리입니다. 캐릭터 빨아줘야 하니까 이해는 하는데, 늘어지고 자기들도 정리가 안되는 느낌입니다. 자신 없으면 짧게 만드세요. 2. 캐릭터 인플레입니다. 파츠 명전으로 다 있는데 1년을 못 씁니다. 접대라도 줄이든가 몬스터 체력을 줄여주세요 3. 엠포리어스 너무 붕괴 3rd 스토리 따라가려고 했는데 과연 유저중에 해 본 유저가 많을까요? 적을까요? 적당히 하세요. 처음에는 같이 웃었는데 이제는 스토리 개연성까지 망치니까 기분 나쁩니다.",4,264,2025-11-30T00:55:11+00:00,3.7.0
starrail,붕괴:스타레일,c53c3e24-c3a0-45c7-ae56-278c14cebfbd,엔딩을 맞이한 엠포리어스(x) 샤오지의 망상(O),5,1,2025-11-30T00:43:24+00:00,3.7.0
starrail,붕괴:스타레일,052e526b-1303-442b-8c20-76f988ddd2f9,한순간에 말아먹은 스토리,1,12,2025-11-29T19:25:57+00:00,3.7.0
starrail,붕괴:스타레일,1e9e4bf8-a2a2-4e78-8a1e-451bf5c0e9f4,"무슨 상황인지는 모르겠느나 선주처럼 엔딩 스토리 마무리를 제대로 안 짓고 내년 12일에 내줄것 같은데, 솔직히 이거 진짜 아니라고 봄. 그외에는 할만함. 뉴비기준으로 재화도 3종 세트 돌다보면 30뽑은 거뜬히 모여있음. 인플레이션으로 인해 데미지 기준이 올라감.",4,1,2025-11-29T05:21:25+00:00,3.7.0
starrail,붕괴:스타레일,814ba00a-e45e-41e6-a2eb-c2f40e199a9d,무의미해진 1년의 여정과 개척의 의지...,1,6,2025-11-29T00:33:20+00:00,3.7.0
starrail,붕괴:스타레일,856db13e-1354-4a01-81c9-6e3cb255b166,👍👍👍👍,5,0,2025-11-28T16:46:59+00:00,3.7.0
starrail,붕괴:스타레일,ddbcbf95-e974-4f8b-a750-97458242f959,으아아 히아킨 돌려내~,1,3,2025-11-28T12:41:54+00:00,2.2.0
starrail,붕괴:스타레일,9e376574-3b48-4c9b-973e-9120032e7b7e,샤오지형 우리 앰포리어스 스토리 좀 어떻게 해봐요 황금의 후예 돌려달라고,2,3,2025-11-28T00:57:45+00:00,3.7.0
starrail,붕괴:스타레일,f27d2571-975d-41ec-bf40-48c94d02b37a,재밌음,5,0,2025-11-28T00:22:06+00:00,3.7.0
starrail,붕괴:스타레일,58f70218-c588-4c31-9c4c-3f6dcf7716ff,진짜 너무 역겨움 불쾌함 거의 1년 가까이 되는 여정을 마지막에서 엎어버리고 통수침 결말이 개망해버려서 난해한 스토리 문구 부족한 연출력까지 죄다 수면 위로 올라와버림 이거 스토리 없으면 딸깍 밖에 안 남는데 그나마 있던 정도 팍 식음 삭제하고 떠남 ㅂㅂㅂ,1,15,2025-11-27T14:51:17+00:00,3.7.0
starrail,붕괴:스타레일,2756941c-395f-4ba3-ac93-2ce6729b62e3,키레네는 여기 남아 난 다음 행성 갈게,1,7,2025-11-27T12:17:51+00:00,
starrail,붕괴:스타레일,0d5a3dd7-8ca3-4de6-ae6c-1815eb333aeb,아낙사고라스. 그가 이곳에 존재한다는 것만으로도 이 게임을 할 가치는 충분하다.,5,1,2025-11-27T06:01:21+00:00,1.2.0
starrail,붕괴:스타레일,3e985969-7d91-4c23-b9b4-3e0c7bb4979c,감독이 감독병 걸려 1년 스토리를 마지막에 고의로 망침. 명작에 조건은 마지막을 망친다는 전형적인 작품. 심지어 계속 해피엔딩 느낌으로 유도하며 입털더니 통수친 쓰레기.,1,19,2025-11-27T05:27:42+00:00,3.7.0
starrail,붕괴:스타레일,4f707812-c149-41be-9fb2-f6347eaa5281,"이건 첫번째 레슨, 타게임 배끼지 말기",1,3,2025-11-27T03:08:20+00:00,3.5.0
starrail,붕괴:스타레일,05b2271d-5210-4521-b292-ec716b43cb2c,가자 데미우르고스! 사랑 활쏘기! 그냥 로스트아크 에버그레이스급 joat 스토리.,5,3,2025-11-27T02:25:16+00:00,2.1.0
starrail,붕괴:스타레일,68663acc-7f46-4d6f-9e8e-2a681e03fde5,엠포리어스 스토리.. 이게맞아?,1,6,2025-11-26T20:21:29+00:00,1.0.5
starrail,붕괴:스타레일,bfecb615-814e-477e-aee2-5f131b3b19b4,1년간의 모든 경험을 무시하고 모든걸 무로 돌려버린 최악의게임 안녕 앰포리어스,1,7,2025-11-26T17:01:18+00:00,3.7.0
starrail,붕괴:스타레일,383310fe-461f-4e23-97da-9b7aee7fe464,스토리 티배깅 겜사가 유저하고 기싸움 하는중,1,6,2025-11-26T16:58:59+00:00,3.7.0
starrail,붕괴:스타레일,89b6c900-154b-4b8d-9028-b382b6e12288,장난하냐?,1,6,2025-11-26T15:43:52+00:00,3.7.0
starrail,붕괴:스타레일,cfc26e3f-99fb-40ef-aadf-105bb562a227,"ㅈ쓰레기 게임 인플레 심해,스토리 찐빠내고 후속조치는 1년 기다려...이러면 게임 누가하냐",1,14,2025-11-26T13:53:16+00:00,3.7.0
starrail,붕괴:스타레일,98699738-1102-4654-be7a-59415ff7ef4a,뭐라 하는지 하나도 모르겟어여... 그리고 대사 반복 좀 적당히 해요 매우 많이 짜치거든요--,1,6,2025-11-26T12:42:54+00:00,
starrail,붕괴:스타레일,ef84d4b7-c04b-4f83-b46a-b46a094c097e,진짜 별로임,1,4,2025-11-26T06:57:17+00:00,
starrail,붕괴:스타레일,a61de4dc-eaaa-439f-83d8-ea5a5c20c7b3,샤오지 때문에 앰포리어스 스토리 개망함,1,6,2025-11-26T06:09:42+00:00,3.7.0
starrail,붕괴:스타레일,0deada15-6fb7-4c19-b9ff-128c90e5d8bd,1년 빌드업 날려버리는 스토리 앞으로도 이럴거같아서 기대가 안됨,1,5,2025-11-26T02:54:03+00:00,3.7.0
starrail,붕괴:스타레일,fe5ea673-575c-4d71-b933-8943047b668c,진짜 명작,5,1,2025-11-26T02:34:17+00:00,3.7.0
starrail,붕괴:스타레일,dc6fff96-56aa-4f27-9fcf-40ce26158506,스토리 스포일러가 존재하는 리뷰입니다. 앰포리어스가 열리고 2주년인 3.2 버전에 들어온 뉴비입니다. 이제 거의 1년 동안 한 게임이라 애정도 많이 줬고 다음 스토리가 어떻게 될지 아주 기대를 많이 하며 5버전을 계속 달려왔습니다. 캐릭터도 좋고 지금 스토리도 괜찮지만 이번 3.7버전 스토리는 유저를 기만하는 듯한 태도에 상처를 많이 받았습니다. 제가 알던 스토리 갓겜 스타레일로 돌아와 주세요. 제발 오늘 26일에 추가적으로 엔딩을 내주고 1년뒤에 다시 태어난 앰포리어스를 주제로 종말임무 같은걸 내 주십시요. 제발요. 유저들이 원하는건 진짜 이런 정병 걸리는 서사가 아니라고요. 당신들도 알잖아요. 오늘이 마지막이라 생각하겠습니다.,1,12,2025-11-25T22:42:24+00:00,
starrail,붕괴:스타레일,ca554f7f-4be8-46ac-90ae-e01bbd566d5f,스토리 가지고 유저랑 기싸움 좀 하지마라ㅋㅋ,1,5,2025-11-25T15:55:43+00:00,
starrail,붕괴:스타레일,68aee046-bfd3-45d0-863c-a31ad7f1af9d,인플레 좀 잡아줬으면 좋겠음. 캐릭터가 기간제마냥 쓰다가 버려지는 게 말이 안됨.,2,1,2025-11-25T00:54:36+00:00,3.7.0
starrail,붕괴:스타레일,11fddf8e-d469-4516-ad0c-88d0e9055da1,"스토리 박살, 캐릭 인플레 심함. 최대한 돈 안쓰는걸 추천. 적 체력을 올려서 딜러 못 쓰게 만들기 때문에 최대한 모아서 각 버전 밀어주는 딜러 명전만 챙기셈. 그리고 스토리 기대하지말고 애초에 글을 잘 못씀 스토리 작가가",1,10,2025-11-24T18:55:12+00:00,3.7.0
starrail,붕괴:스타레일,6ae27860-5ad6-4f87-991e-a1d2f837f6cf,비싸고 인플레 심함,1,5,2025-11-24T14:56:14+00:00,2.1.0
starrail,붕괴:스타레일,62d1565a-f214-4dd8-b891-9293864f74b0,"스토리에는 간단한 주제의 철학만 다뤄줬으면 좋겠네요. 파이논, 불훔치는자의 학살은 너무 역겨워서 캐릭터에 대한 기대가 완전히 망가졌네요. 차라리 철학적인것들 적당히 하면 페이트 콜라보 스토리도 잘 챙길 수 있겠죠. 그리고 페나코니 때도 그렇고 스토리가 너무 복잡하고 왔다갔다 할 때가 많음, 쓸데없는 군더더기도 많고. 이제와서 페나코니 스토리를 보충하겠다던데, 게임이니까 컨텐츠 잘만드는게 더 중요한거아님?, 괜히 이상하고 복잡하고 유치한 스토리를 진지하게 볼 이유가 있을것 같나요?",2,5,2025-11-23T14:44:42+00:00,3.7.0
starrail,붕괴:스타레일,8ac7b172-fa33-426b-91e2-824873c62b5b,"허접한 스토리, 너무 많은 오류, 불편한 결말, 유저기만, 감정소모",1,7,2025-11-23T14:13:28+00:00,3.7.0
starrail,붕괴:스타레일,c3bb26ba-8845-4602-8d13-da96170a9844,"단점:쉽고 간단하게 즐길려는 유저한테는 복잡함, 지루함, 처음 보스 깨면 업데이트 다시함 ~> 그냥 삭제다 장점:모르겠따 진심으로... 게임 개발자는 열심히 만들었다고 하겠지만.. ..그래서 이런 평가 작성하기 미안함",1,1,2025-11-23T07:44:03+00:00,3.7.0
starrail,붕괴:스타레일,b1fe7f07-7d94-45a1-b628-365559f72a0e,"남캐/여캐 검열차이 및 퀄리티차이, 비싼 bm, 무소통 운영,",5,7,2025-11-23T06:59:02+00:00,3.7.0
starrail,붕괴:스타레일,bb7e691d-a4be-43da-99b2-1f1c9b967593,아니 요즘 왜이렇게 튕기나요 스타레일 시작한 이후로 처음임 최적화 좀 해주세요,1,4,2025-11-23T01:19:57+00:00,3.7.0
starrail,붕괴:스타레일,d5c17819-f25d-431a-9d19-03ec7bb741fe,💜💜💜💜💜,5,0,2025-11-22T12:45:18+00:00,3.7.0
starrail,붕괴:스타레일,248f4cc7-83b0-4bb5-88c0-eae72e6a240c,"소과금 무과금 유저는 안하는것을 추천합니다, 장점이 확실한만큼 단점 또한 극단적으로 나타나는데, 그 중 제일 큰것이 인플레이션이라고 생각합니다. 거의 모든 캐릭터들의 명함이 2버전이 지나면 엔드컨텐츠 밀기가 힘들어지구요. 전광까지 뽑아도 파츠를 못받거나 못뽑으신다면 3-4버전을 넘기기 힘듭니다. 근데 이것이 딜러 명함전광, 파츠캐릭들 최소 명함까지 다 먹는것이 엥간히 운좋으신분들 아니면 무소과금은 불가능합니다. 그래서 엔드컨텐츠 일부보상을 포기하고, 스토리나 시뮬레이션 우주에서 애정캐나 쓸려고해도 힘듭니다, 특히 스토리 난이도가 굉장히 많이 올라가서 1-2버전대나 캐릭터나 키레네가 없으신경우, 일부 3버전 캐릭터들은 스토리조차 깨기 힘듭니다, 깨려면 한번 터지고 난이도 낮추고 해야하는데 이게 반복될수록 굉장히 박탈감이 느껴지고, 재미가 감소한다고 생각합니다. 이런식으로 애정으로 할려고해도 죽이니... 무소과금은 비추천드리네요",1,10,2025-11-22T11:25:37+00:00,
starrail,붕괴:스타레일,36a59f57-3637-437b-af65-e3ccbf0d44c4,너무 재밌어요.시간 가는줄을 모르겠네요.,5,0,2025-11-22T05:30:20+00:00,3.7.0
starrail,붕괴:스타레일,29d418bf-1fef-4a78-9456-ae0c289dc0ea,제발앰포26일에더있다고해줘,5,1,2025-11-22T02:27:20+00:00,3.6.0
starrail,붕괴:스타레일,4d9f4c6c-f34e-46c1-a6c2-29696431f9be,캐릭터 픽뚫 확률을 좀 낮춰주고 광추 픽뚫은 없애도 된다 봅니다 뽑기 가격이 매우 비싼데 픽뚫확률이 너무 높으니까 비용이 너무 많이 드네요 그리고 스토리 마무리가 너무 아쉽습니다,2,2,2025-11-22T01:32:01+00:00,3.7.0
starrail,붕괴:스타레일,e7962ae1-f6bb-4d0d-9287-c1c6eb0d4034,ㄴㄷ 옛날겜 캐릭터 우려먹기겜 ㅋ,1,1,2025-11-21T11:22:42+00:00,
starrail,붕괴:스타레일,fab9a933-18d2-4559-ada4-5c3eb25500ae,지친다.,1,1,2025-11-21T04:43:04+00:00,
starrail,붕괴:스타레일,c9e86c19-b087-417e-ae45-4ab89206e680,이름없는티탄의무덤에서 의상공에게 도움을 받아 번개벌레를 포획하면 게임이 멈추는 버그가 있습니다 ㅠㅠ 고쳐주세요,3,0,2025-11-20T13:41:01+00:00,3.7.0
starrail,붕괴:스타레일,da867009-5b5e-42f0-950b-243bc4b9c0cf,재미있음,5,0,2025-11-20T13:17:23+00:00,3.7.0
starrail,붕괴:스타레일,9ff2b85b-24b5-484d-a6bb-eb2b06d6d9f8,.... 소통불통표절겜,1,1,2025-11-20T12:42:21+00:00,
starrail,붕괴:스타레일,7e6fa98d-887b-4f54-9f3e-58eee21019ac,엄....,3,0,2025-11-20T06:53:57+00:00,3.2.0
starrail,붕괴:스타레일,1736b5b6-2b0f-4536-b608-318d78e23f93,커뮤에 찌들어있는 놈들이 1점주길래 5점줌앰포결말은 좋은결말임 낭만적이고,5,4,2025-11-19T21:14:28+00:00,3.7.0
starrail,붕괴:스타레일,68d95793-b11c-4f17-9010-869b9a733044,3.7 스토리 이후로 꼬접한 풀돌 유저,1,2,2025-11-19T20:25:28+00:00,
starrail,붕괴:스타레일,ba011796-b869-49bd-961c-725c3eaf2bbf,앰포리어스... 잊지않겠다...,1,1,2025-11-19T05:13:38+00:00,1.5.0
starrail,붕괴:스타레일,394392e4-c19a-4698-a758-fa14d5d8c83d,힘들기만 하고 지치네요,1,1,2025-11-18T16:14:59+00:00,3.5.0
starrail,붕괴:스타레일,bf358a73-c6f5-42e1-bce4-c5d02c69ec7b,1년간 쌓아온 모든걸 부정한스토리 다음지역가도 계속 불쾌할것같은 낭만적인 마무리 잘봤습니다.,1,6,2025-11-18T11:40:10+00:00,
starrail,붕괴:스타레일,bf55ea3e-a1f0-4d80-b101-b474ae198689,지루하고 현학적임 1년의 빌드업이 아깝다,1,7,2025-11-18T10:34:13+00:00,
starrail,붕괴:스타레일,6fe24794-0c99-4d14-8d2e-d400cbb1ce69,캐비어 샥스핀 트러플로 1년동안 잘 비빈 음식물쓰레기 같은 스토리,1,12,2025-11-17T16:13:15+00:00,3.7.0
starrail,붕괴:스타레일,b177d559-c4f8-4b58-858d-61a4d20ce7a9,화폐 전쟁 기물락이나 고쳐라 100골 넘게 박았는데 연경 하나 안뜨는게 말이되냐,1,4,2025-11-17T13:26:39+00:00,
starrail,붕괴:스타레일,1510fb32-756a-4f8c-a871-ccec5f7cc285,엠포리어스 스토리 마지막 별로였어..... 접는 사람도 많고 환불런도 많이하고....,1,18,2025-11-17T02:05:36+00:00,3.7.0
starrail,붕괴:스타레일,9f09a5e5-6177-4587-9c2b-2d9ab759bc26,오지마.....스토리 꼴아박은 주제에 그거 고칠 생각은 안하고 30만원짜리 신캐 스킨이나 내놓는 게임이야.....,1,5,2025-11-16T16:02:15+00:00,3.7.0
starrail,붕괴:스타레일,539eab25-df79-4a40-87ac-ec4745c81c2d,게임자체는 퀄리티랑 모델링좋음 하지만 게임최적화 부탁드려요 잔렉이 있네요 이것보다 좋은모델이 없는데 렉이 존재하네요,5,1,2025-11-15T14:52:22+00:00,3.7.0
starrail,붕괴:스타레일,6daeedf9-8eda-4556-b0f2-1ab3019c763e,에휴.. 진짜 끝인가..,1,3,2025-11-15T14:11:00+00:00,
starrail,붕괴:스타레일,fdb21573-ab9b-469a-a452-0af8955704df,개 쓰레기 같은 스토리,1,4,2025-11-15T07:13:52+00:00,3.7.0
starrail,붕괴:스타레일,9fdb70d9-ca37-4024-89b7-e9bd0d057a55,스토리좀;;나부때는 그냥 순수노잼이라 쳐서 넘어가는데 이번꺼는 뭐임?유저 기만임?세드엔딩은 상관이 없는데 좀 서사있고 잘 만들던가. 떡밥 회수도 다 안하고 이게 뭐지..,1,11,2025-11-15T07:12:33+00:00,3.7.0
starrail,붕괴:스타레일,58e36f5a-90b4-48c0-ad30-5b68ccf4e415,진짜진짜 최고에요! 예쁜 캐릭터 디자인에 멋진 스토리 까지 정말 최고에요! 대기 모션이나 전투 스킬이 정말 멋져요! 그리고 처음하는 초보자들도 쉽게 플레이가 가능해서 좋습니다!,5,8,2025-11-15T01:30:33+00:00,3.7.0
starrail,붕괴:스타레일,367513ea-13fb-48b9-b91c-4d8d6c717079,ㅅㅇㅈ 아웃.,1,1,2025-11-14T18:07:31+00:00,
starrail,붕괴:스타레일,44a6f5a1-be7b-434f-a2bd-8dc28335f086,한국어로 적혀있는데 못알아먹을 정도로 번역에 문제가 많은 게임 오픈 초부터 설문조사에서 번역 문제에 대해 여러번 이야기했음에도 불구하고 고처지는 것보다 더 많아지는 번역 문제에 한숨만 나옵니다,1,16,2025-11-14T16:00:03+00:00,3.7.0
starrail,붕괴:스타레일,1810437f-654b-4383-9405-66bb251ec0b1,엠포를 이따구로 말아먹냐,1,1,2025-11-14T15:55:07+00:00,
starrail,붕괴:스타레일,f5fbe909-760c-45d1-bffa-c91eccd76291,스토리 goat (수정) 스토리 joat,1,2,2025-11-14T14:25:39+00:00,3.7.0
starrail,붕괴:스타레일,86752071-796d-47b5-b88b-fb814bf184af,이벤트를 참 그지같이 만들었네,1,3,2025-11-14T13:16:41+00:00,3.7.0
starrail,붕괴:스타레일,85e9e030-ca09-431a-83c6-bb28e1f36e57,good,4,0,2025-11-14T11:20:13+00:00,
starrail,붕괴:스타레일,21ff8480-4e1e-4cb5-a587-e214acc60942,역대급 물거품 게임,1,1,2025-11-14T10:57:01+00:00,
starrail,붕괴:스타레일,0707b7aa-be8b-4516-81ad-7261256027b9,"진짜 딱.. 정리하자면.. 취향이 맞다면 최고의 게임이라 할 수 있음.. 뽕 잘차고.. 캐릭터 다 예쁘고..잘생기고.. 퀄리티도 높고.. 하지만.. 문제점 쭉 나열해보겠습니다 1.돈이 많이 들어갑니다. 매달 원래 있던 캐릭터보다 더 좋은 캐릭터가 출시 되고, 그 캐릭터를 뽑으려면 24만원 정도 드는데, 그것 마저도 50%확률이며, 최대 48만원까지 월에 2번.. 한달에 100만원정도 사용해야 엔드컨텐츠를 밀수가 있을 정도면 말 다했다고 생각합니다. 물론 스토리 자체는 무과금도 밀 수는 있지만, 전체 보상을 받는것은 어렵고, 스토리 미는 와중에도 어려움을 느낄 수다 있습니다.. 캐릭터의 성능 인플레이션이 날이 갈수록 심해지는 중입니다.. 2.사실 이 게임은 캐릭터의 예쁨과 스토리의 완성도인데, 최근 스토리를 조금 (사실 아주 많이) 망쳤습니다. 스토리를 1년동안 쭉 쌓아놨던 걸 망쳤습니다. 물론 다른 스토리는 좋고 여운이 남기도 하지만, 이번 스토리는 기대를 많이 받았는데..",1,33,2025-11-14T09:33:56+00:00,3.7.0
starrail,붕괴:스타레일,c3f69754-5894-40a1-be7e-748f0ba7f7da,전세계 유저들 아이언툼 자가대관 100% 완료,5,4,2025-11-14T09:18:59+00:00,3.7.0
starrail,붕괴:스타레일,f81e722c-7266-4790-bd0b-2aadb076797a,에휴,1,3,2025-11-14T07:34:38+00:00,3.7.0
starrail,붕괴:스타레일,987e6086-623f-43bf-b177-3e37f7961c9d,라오어2에 이은 예술병걸린 스토리작가의 만행,1,5,2025-11-14T06:54:26+00:00,3.7.0
starrail,붕괴:스타레일,f812b47e-2042-4710-b4e8-734aa18b3ca0,스토리개망,1,2,2025-11-14T06:19:34+00:00,3.3.0
starrail,붕괴:스타레일,dad224b0-188b-4df6-9c7b-971cc59492af,story joat game. 기만질도 적당히 해라.,1,6,2025-11-14T05:49:58+00:00,3.7.0
starrail,붕괴:스타레일,f862c2e2-ec37-4eee-84dd-398617ddc394,진짜 스토리 엔딩 다시 안 써주면 게임 접을거다,1,4,2025-11-14T05:28:21+00:00,3.7.0
starrail,붕괴:스타레일,cdd2c6c9-6cec-413f-899f-a51487cf1db3,앱 초기화면에서 썰큘만 빙빙돌지 절대 안넘어감.,1,4,2025-11-14T00:22:23+00:00,3.7.0
starrail,붕괴:스타레일,7a560bae-375d-4592-957f-9d7f20eeb597,1.0버전때 시작해서 현재 잘즐기고있는 개척자입니다. 요즘에도 스토리도 재밌고 뽑기해서 캐릭터 뽑는 것도 오랜만에 긴장감을 가질수있어서 좋았습니다 그래서 별5개 드립니다 감사합니다.,5,1,2025-11-13T23:39:04+00:00,3.7.0
starrail,붕괴:스타레일,9e59179b-4141-4907-a7e0-ea753f1ce5e6,응 1년 증발이야,1,7,2025-11-13T16:15:24+00:00,3.7.0
starrail,붕괴:스타레일,655eef07-6ee8-46ca-8c85-93a4962217cf,앰포 결말 ㅈㅈㅈㅈㅈㅈ됨,1,7,2025-11-13T15:42:51+00:00,2.1.0
starrail,붕괴:스타레일,5b53b3da-63a7-4c2f-bb9b-951fd2616e93,키레네 살려내!!!,1,8,2025-11-13T10:29:04+00:00,3.7.0
starrail,붕괴:스타레일,0a888a7e-78b7-4755-bd23-6231905da1c9,샤오지는 (병)신이야 앰포를 이따구로 말아먹냐,1,11,2025-11-13T09:28:34+00:00,3.2.0
starrail,붕괴:스타레일,f8544bed-4c73-4f45-9d40-fb29993e235f,스토리 1년을 달린 3.0부터3.7까지 진짜 용두사미도 그런 용두사미가 없습니다 하지마세요 저도 이제 접을려고 합니다,1,8,2025-11-13T08:33:23+00:00,3.7.0
starrail,붕괴:스타레일,926e72f2-2a2d-4ae3-9870-d93903335f67,고유명사 난사가 없다고는 못하지만 중국겜 번역치고는 충분히 알아먹을수 있음 가챠 비싼데 안뽑는다고 죽는거 아님 그냥 컨텐츠 깔개해주면 됨 스토리 초반은 무지성 신파같은데 후반가면 정말 좋아짐 일일플탐 애매함 메인겜이라기엔 할게 없고 서브겜이라기엔 귀찮음 디자인이나 구도나 여기저기서 긁어오는건 맞는데 액션 연출은 확실히 잘살림 일단 깔아서 해봐도 됨,4,1,2025-11-13T07:20:16+00:00,
starrail,붕괴:스타레일,c6da4adf-fc12-461d-aa19-c97476fd9830,엠포 하....,1,4,2025-11-13T07:14:40+00:00,
starrail,붕괴:스타레일,1bbf7ae4-3bf6-414b-81e4-3fdde4d12356,앰포리어스 잘하다가 왜 고꾸라짐...,1,9,2025-11-13T07:01:49+00:00,
starrail,붕괴:스타레일,5c8870bb-9120-4101-a7d3-0e94a497cb0f,추가 스토리 가지고 오십시오,1,5,2025-11-13T06:46:22+00:00,3.7.0
starrail,붕괴:스타레일,a5ec5e99-2a01-44a8-91aa-6ecb001dd83f,스토리 뜯어 고쳐라 샤오지 애아빠 화많이 났어요 급이다 증말,1,10,2025-11-13T06:01:38+00:00,3.7.0
starrail,붕괴:스타레일,6aae6add-8d91-434a-9804-f0ba09b097a2,뭡니까 이게,1,3,2025-11-13T04:41:40+00:00,
starrail,붕괴:스타레일,a3efc7d8-b1dc-463f-b213-8d323005954f,엠포 결말 너무너무너무 아쉬움,4,2,2025-11-13T04:15:51+00:00,3.7.0
starrail,붕괴:스타레일,aa2a0db3-7db3-4e64-b6fb-97a63802be6e,스토리 찐빠 내놓고 1년 기다려라 빌드업이다 참고 기다려보라 주저리 주저리 결국 이번 버전에선 이게 끝이란 거잖어 . 그럼 스토리 못짠거지. 빌드업은 니네 장례식이나 하시고 ㅇㅇ.,1,8,2025-11-13T03:50:26+00:00,3.7.0
starrail,붕괴:스타레일,edac5e50-eb17-4c88-948c-4749670f4ec4,샤오지라는 작가의 예술병에 말도안돼는 시나리오 배설물을 만들어놓은 쓰레기 게임입니다.,1,7,2025-11-13T02:08:15+00:00,3.6.0
starrail,붕괴:스타레일,581647b9-27d4-495f-ad8e-5060b424da03,샤오지 스토리도 안내고 공방펑크내고 이러면 나 이겜 못해줘 운영을 이따구로 하면 게임할사람이 오겠냐? 누가 어떤 게임운영자가 떡밥다풀어놓고 아무것도 안내주냐 참 인생 다이나믹하다 그치? 빨리 뭐라도 스토리내고 사과보상으로 유저들한테 80뽑보상해라 이거할때까진 난 붕괴스타레일 안할예정이다 만약 샤오지 스토리 더이상 안낼거면 사직서내고 본사에서 나와라 걍,1,7,2025-11-13T01:23:17+00:00,
starrail,붕괴:스타레일,720ff8f4-7051-4034-9aa4-7795b6655d3b,최근 시작해서 스토리 다 했네요. 그런데 3.x 스토리는 파이논까지는 좋았는데 그 뒤는 기대만 키우다가 망한듯요. 후반부로 갈수록 가독성도 안좋아지고.. 절대값으로보면 나쁜건아닌데 규모대비로는 별로네요.,2,3,2025-11-13T00:45:33+00:00,
starrail,붕괴:스타레일,3eae9c8f-a28c-4ec9-9200-d21c7a92766f,"앰포리어스 이후로, 결말에 마음이 꺾여서 개척 못 할거같아요...",1,9,2025-11-13T00:16:20+00:00,3.7.0
starrail,붕괴:스타레일,33fbf147-4472-4479-b460-2d06581b2f75,1년여 간의 대장정을 가장 완벽하게 망치는 방법.,1,4,2025-11-12T23:18:54+00:00,
starrail,붕괴:스타레일,201ca4f9-def8-43d7-b6cb-1d4bcf8dcc9d,이딴게 개척?,1,8,2025-11-12T22:40:30+00:00,3.7.0
starrail,붕괴:스타레일,847d76b0-cbc9-474b-9a5a-5d031b00e040,이게 니들이 말한 해피엔딩이면 난 그만둘련다,1,9,2025-11-12T22:11:39+00:00,3.7.0
starrail,붕괴:스타레일,4add0834-6557-408c-8879-d7e5bcb3e3c6,그래 기대한 내가 바보지,1,6,2025-11-12T21:57:41+00:00,3.7.0
starrail,붕괴:스타레일,7b820f29-33d7-4bff-95f2-5d06b174bafb,얼탱,1,6,2025-11-12T18:54:52+00:00,3.7.0
starrail,붕괴:스타레일,a605b239-53c8-4d13-b06e-529188583530,스토리게임이지만 스토리 상관 없으면 추천. 캐릭터 디자인 마음에 드는데 턴제게임도 좋아하면 추천. 그 외에는 절대 비추함. 스토리로 장난질치는게 한두번인가 ㅋㅋ 이젠 기대가 안되네요.,1,64,2025-11-12T18:48:16+00:00,3.7.0
starrail,붕괴:스타레일,0c2e5b9c-3e38-4e59-b34b-898706bda32d,작가병 걸린 새끼가 스토리 용두사미 내놓음,1,3,2025-11-12T16:38:01+00:00,2.0.0
starrail,붕괴:스타레일,94b35a87-0e9c-4a1d-a34f-01e55ab8be5e,실망이 큽니나,1,2,2025-11-12T16:09:21+00:00,
starrail,붕괴:스타레일,4daa65dc-ee8d-4529-ac95-e26c4396c70b,2026년 11월 12일에 5점이 되다,1,4,2025-11-12T15:19:01+00:00,3.7.0
starrail,붕괴:스타레일,5445cca0-c642-4e8f-a735-94ae885e2351,"""밝고 희망찬 스토리""",1,5,2025-11-12T15:18:47+00:00,3.7.0
starrail,붕괴:스타레일,db223a5d-53eb-4126-86a9-9ba4d5ec9f08,스토리 이따구로 내는건 사람 아님,1,5,2025-11-12T15:17:01+00:00,3.3.0
starrail,붕괴:스타레일,00e0489d-a373-4403-880c-abe700cf40f9,사상최악의쓰레기게임,1,4,2025-11-12T15:08:03+00:00,3.7.0
starrail,붕괴:스타레일,77185f33-335a-4059-9665-ad3ca81fb90a,지금 당장 추가 스토리를 내오지 않는다면 샤오지의 멱을 따러 가버릴 것이다 크아아아악,1,3,2025-11-12T15:07:37+00:00,3.7.0
starrail,붕괴:스타레일,4a85a4da-6076-40e5-8249-71728fee54a7,아...공허하다참,2,1,2025-11-12T15:07:03+00:00,3.7.0
starrail,붕괴:스타레일,ea931d31-62bd-4e21-a6c2-594feabfab65,어떻게 빌드업 잘 쌓아놓고 막판에 다 조지냐 이걸,1,2,2025-11-12T15:01:52+00:00,
starrail,붕괴:스타레일,871379e9-7d40-42c4-a3ad-bb5ddbf22272,스토리 선 넘네?,2,1,2025-11-12T14:28:36+00:00,1.0.5
starrail,붕괴:스타레일,ebcd7876-21a5-4194-b56b-a4e23051e4ff,키레네 돌려줘 이건 개척이 아니잖아,1,2,2025-11-12T14:23:40+00:00,3.7.0
starrail,붕괴:스타레일,957b4de7-2de2-48bb-8f52-9beb12a446f8,스토리 존망겜,1,8,2025-11-12T13:48:28+00:00,3.7.0
starrail,붕괴:스타레일,2f8cb600-5c7f-4dff-8c97-646c114052cf,엔딩 쓰레기겜,1,3,2025-11-12T13:10:17+00:00,3.7.0
starrail,붕괴:스타레일,e8be4c9c-0a4b-419f-bab8-bf9ad803b535,재미잇음,5,1,2025-11-12T13:05:31+00:00,3.7.0
starrail,붕괴:스타레일,a6b3d874-242c-428e-8ab5-c19a08e75664,난 설정까지 다 먹으면서 열심히 스토리를 이해하려고 노력하고 지금까지 만나왔던 모든 캐릭터들이 희생될지라도 스토리 짜임새를 생각하면 이해할수는 있었음 그런데 개척신조를 구원을 추가해놓고 우주를 위해 윤회에 갇힌 키레네를 유기하는 엔딩인게 나는 너무 납득이 안간다. 낭만적인 이야기를 한다고 계속 주입해놓고 이게 낭만적이라고 생각이든다면 정신병원가서 검사받는걸 추천드립니다.,1,3,2025-11-12T13:04:23+00:00,
starrail,붕괴:스타레일,9e8811cb-50da-4dfc-8ca5-aa01735c11de,고맙다 엠포리어스! 1점주고 삭제하마,1,2,2025-11-12T12:37:57+00:00,3.7.0
starrail,붕괴:스타레일,1c518c89-b8d0-4acf-8426-412af3b0522f,개발자가이쁘고 캐릭터가 열심히 일해요,5,2,2025-11-12T12:23:16+00:00,3.7.0
starrail,붕괴:스타레일,82c44b5e-7749-4631-9695-7c7a449094fa,엠포리어스 이렇게 스토리적으로 구녕이 숭숭 뚫어 놓고 12일 아무것도 없는게 말이 되냐 샤오지 니한테만 밝고 희망찬 지갑 얘기를 우리한테 짓거린거냐,1,4,2025-11-12T12:17:27+00:00,3.7.0
starrail,붕괴:스타레일,019bd06c-71f8-471c-b12e-24294a6bca73,3.7 개척임무 컨펌한 사람 손잡고 나가라,1,1,2025-11-12T12:15:35+00:00,3.7.0
starrail,붕괴:스타레일,b29d89d3-9295-4c16-811e-a746361c1df3,엠포 스토리 말아먹고 그렇게 근들감 떨면서 고작주는게 1년만 기다려? 스타레일는 돈벌생각이 있나요? 밝고 희망찬?,1,2,2025-11-12T12:14:55+00:00,
starrail,붕괴:스타레일,bd09be2a-25de-4c33-bb04-cacff2b3b9aa,샤오지 넌 내눈에 띄지마라 진짜,1,3,2025-11-12T12:07:42+00:00,3.7.0
starrail,붕괴:스타레일,6902a529-9c6f-4377-807b-989ccf28c0a7,엠포리어스 엔딩 다시,1,1,2025-11-12T12:07:26+00:00,3.7.0
starrail,붕괴:스타레일,6d0e6cb5-29c5-47df-bb6b-a3ed83e1073b,망겜,1,1,2025-11-12T12:07:16+00:00,3.7.0
starrail,붕괴:스타레일,fbd425b3-db65-469b-90bf-672716719c8b,3.7 엔딩은좀....,1,1,2025-11-12T12:04:04+00:00,3.7.0
starrail,붕괴:스타레일,23a4e58e-8b11-44d2-ba43-02f5de830ac3,이전? 과는? 다른? 낭만적인? 이야기?,1,3,2025-11-12T11:23:25+00:00,3.7.0
starrail,붕괴:스타레일,417aae21-c438-4b8e-ad76-e55d93ac2b9d,샤오지!!!!!!! 너에게 뭇별을 태우는 서광을 내려주마!!!!!!!!!!!!!,2,3,2025-11-12T11:18:06+00:00,
starrail,붕괴:스타레일,43682ba5-1df1-45cf-a88d-98ddd87aac4a,자가대관 진행중 89%,1,3,2025-11-12T10:23:12+00:00,
starrail,붕괴:스타레일,aacc9b1a-2f28-448c-af87-2f2853c09c74,앰포리어스 이대로 끝이냐 진짜?,1,6,2025-11-12T07:25:54+00:00,
starrail,붕괴:스타레일,19789670-c1c0-4691-bd24-38ccb7c3d2f3,키레네살려내,1,5,2025-11-12T06:43:20+00:00,3.7.0
starrail,붕괴:스타레일,728561e1-6c7b-41f8-92d1-f8778373db66,엠포리어스 스토리 개쳐 말아먹었음 그냥 게임성도 스토리도 챙긴거 하나없는겜,1,5,2025-11-12T05:47:17+00:00,
starrail,붕괴:스타레일,1a16d689-3f85-49da-9370-3759a8ccc673,1년간 정 붙이고 공들였던거 다 말아먹는 용두사미겜,1,2,2025-11-12T04:15:16+00:00,
starrail,붕괴:스타레일,4942c777-6bbd-41e3-9b34-7005638ac818,11일에 뽑았는데 10일로 인식하고 난리 고객센터에 요청해도 방법이 없다고 하고 겜할 의욕이 싹 사라지네,1,2,2025-11-12T02:01:56+00:00,3.7.0
starrail,붕괴:스타레일,5610366b-5657-4d2e-ae1d-093b14231507,아니볼때마다 빡치네 어벤츄린 키 존만한거 뭐임? 모델링 교체하셈 ㅉ 장신 관상인데 알못들 ㅉㅉ,2,3,2025-11-11T13:33:41+00:00,
starrail,붕괴:스타레일,66b32d77-6546-4bc8-aafd-87978d5df507,처음 뽑은 한정 딜러 반디....12월 복각을 했었을 때 그렇게 좋았는데.... 첫 픽업을 놓쳤어서 전부터 계속 모은 성옥으로 생일에 뽑았을 때 엄청 행복했어요!! 다음 목표는 반디 풀돌풀재!!,5,1,2025-11-11T12:29:47+00:00,3.7.0
starrail,붕괴:스타레일,0eba1f86-2f0e-4947-8799-81d944d222ac,아아아아아 36만원짜리 히아킨,5,1,2025-11-11T10:53:12+00:00,3.7.0
starrail,붕괴:스타레일,fccee39f-6804-4375-b7e3-77a99c09c676,"엠포까지 다밀었습니다. 하지만 개척임무를 다깨고 다른걸 깨려고 싱글벙글하게 켰는데 좀 지루하면서 2,3시간 잡아먹는게 너무 싫다고 생각돼내요 하지만 저는 이겜이 갓겜이라 생각합니다.",5,2,2025-11-11T10:08:35+00:00,3.7.0
starrail,붕괴:스타레일,27d3e37c-e3cb-4a18-b217-5f90b45cc52f,???:그럼 저와 함께 12일단이 되시죠!,4,8,2025-11-10T14:08:07+00:00,2.5.0
starrail,붕괴:스타레일,02915ce8-71da-4f5d-94d7-a5ce9a545f62,"구세주, 사랑한다앜!! + 엘리시아가 생각나는 키레네, 우리의 영원한... ㅠㅜ",5,2,2025-11-10T11:56:26+00:00,3.7.0
starrail,붕괴:스타레일,9d868677-cfae-4967-b8f4-58e826315e29,낭만적인 이야기에요,5,1,2025-11-09T16:17:01+00:00,3.7.0
starrail,붕괴:스타레일,e30f3e81-27d8-4ed9-ba37-f68588679e0c,행복하다메!!!!! 행복하다고 했잖아!!!!!! 나를 계속 울리는거냐!!!!!! 한번만 더봐준다 진짜 좋은 스토리 내라!!!,5,2,2025-11-09T09:42:25+00:00,3.7.0
starrail,붕괴:스타레일,6a4fb36d-a23b-4c62-a045-550754415b13,도대체 이 게임은 저장공량을 얼마나 차지하나요? 궁금해서요 게임이 안돼네요..,1,6,2025-11-09T08:12:50+00:00,3.7.0
starrail,붕괴:스타레일,8acc0f5d-b359-46e1-be41-fd9892a3d9f3,허세만 가득한 게임. 타장르에서 볼 수 있는 특이설정이나 캐릭터가 모티브가 아닌 도둑질 수준으로 집어넣는 짓을 몇년째 이어오면서 그 외의 부분에있어 미흡한건 원래 의도했던 것 마냥 질질 끌고 오는걸 서비스내내 반복중임. 딴겜들 같으면 아직 안풀린 설정이겠거니 하겠지만 장황한 이야기는 써야겠고 심도있는 이야기는 못하겠고. 그러다보니 이얘기 저얘기 기워넣어서 분량만 늘려버리고 있음. 한 버전은 전작 소스로 땜빵쳤다해도 도둑질버릇 여전하고 대놓고 과한 푸쉬랑 편애 갈기면서 안그래도 과한 인플레가 문제이던 겜에 시스템까지 입맛따라 바꿔버릴뻔함. 여러모로 과금하는 사람만 과금할수록 매몰비용이 천정부지로 높아지게 만드는겜임.,1,19,2025-11-09T02:00:30+00:00,2.4.0
starrail,붕괴:스타레일,3b181529-4c01-4ce6-b306-13f3562043cc,나쁘지 않네요 다만 모바일론 진짜 하기 힘들거 불편해서 PC 로 옮겨서함,3,1,2025-11-08T18:17:16+00:00,3.7.0
starrail,붕괴:스타레일,4e0b2f8b-145d-4628-aac6-51a588f0361a,우웩,1,4,2025-11-08T17:28:49+00:00,3.0.0
starrail,붕괴:스타레일,6e545174-5d35-49b5-a2a9-200b9482225c,게임의 모든 것이 마음에 듭니다 ^^ . . . . . 일부 번역 오류를 제외하고요 ㅎ,4,1,2025-11-08T16:51:46+00:00,3.7.0
starrail,붕괴:스타레일,e2d2d2f1-7739-4cc1-b1a9-332376a72973,갓겜,5,1,2025-11-08T16:42:48+00:00,
starrail,붕괴:스타레일,24079b21-c3e6-4f82-a376-e062c12119dc,철학을 게임으로 풀어낸 명작,5,2,2025-11-08T14:12:09+00:00,3.7.0
starrail,붕괴:스타레일,dc6fdb11-6062-48ef-a8d2-b51848d2c9a7,"82학번 소과금유저입니다. 개인적으로 캐디도 잘뽑히고 스토리도 이해만 된다면 뽕차는 그런 게임인데... 스토리 초반부분에 고유명사 남발로 흥미+몰입이 좀 떨어지는 면도 있고, 상시 캐릭터들은 as도 안해줘서 픽뚫이 나면 어디 쓸만한데도 없는 피규어 취급받는 상황입니다.(아마 차차 나아질듯 합니다만... 스텔라론 헌터랑 경류 as 이후로 소식 없는거 보면 더이상 없을수도 있겠네요 이런 족발!) 또한 불규칙적인 복각 주기와 매 버전마다 폐사하는 이전 접대캐들로 인해 신규 캐릭터를 뽑아 풀돌을 박아도 바로 다음버전에 접대캐 명전보다 약해지는 상황도 발생하고 있고요. 뭐 2돌강제와 전광필수 이런건 둘째치더라도 복각주기만 좀... 어떻게 해주시면 안됩니까 부트힐 라파 아니 우리 갤럭시레인저들 어디갔어요 라파 나온지 1년 넘었는데 3.0에나온 더 헤르타는 복각만 2번하고 라파는 2.6버전에 나오고 지금 복각이 감감무소식이고(죄송합니다 본인 라파최애라 이미 객관성을 잃었습니다ㅈㅅ)그래서라파복각얹",3,6,2025-11-08T13:03:14+00:00,3.7.0
starrail,붕괴:스타레일,1f3a444a-4b2c-48f0-ad2f-0dfa1ae5f39d,"이번 키레네 업데이트로 원래 많았던 저장공간 사용량이 더더 많아짐.. 붕스는 이제 36기가가 넘어버렸음..근데 그만큼 재밌는거 인정,간편한 거 인정,개 이쁘고 시스템 좋아서 난 만족.",5,1,2025-11-08T12:05:16+00:00,
starrail,붕괴:스타레일,caef72ca-c012-4304-9368-af760d29a963,솔직히 울었다,5,2,2025-11-08T03:55:01+00:00,3.7.0
starrail,붕괴:스타레일,cdc1daf8-7b60-4f57-b12a-c4d4df380a2c,아 진짜 꼽다 꼬와,1,2,2025-11-08T03:04:34+00:00,3.7.0
starrail,붕괴:스타레일,66a6d4ce-e1b5-4a03-9cc0-6d38ed44e730,굿,5,1,2025-11-07T23:12:41+00:00,
starrail,붕괴:스타레일,7b42269a-4d73-4856-b31b-791e7e53e987,인플레나 이런거 다 떠나서 게임은 정말 재밌습니다 게임 초기때도 컷신은 참 좋았었던거로 기억하는데 요즘따라 더 좋아지네요 ㄷㄷ 과금 하는 편이 전혀 아닌데도 게임 내에서 주는 재화로 파티 맞추기도 쉬운 거 같습니다 무엇보다 신규 캐릭터들 디자인이 너무 잘 뽑혀서 다 뽑고 싶어지는게 좀 단점이라면 단점인가 싶습니다 ㅎㅎ,5,85,2025-11-07T21:54:09+00:00,
starrail,붕괴:스타레일,5f21cf98-7bfb-472d-a9fb-fc10599ba22d,한마디로 평가할게요. 하세요.,5,1,2025-11-07T12:45:36+00:00,
starrail,붕괴:스타레일,3c08c4f1-26d7-4906-99d1-4d302bcadc68,돈독오른 회사,1,6,2025-11-07T07:46:14+00:00,
starrail,붕괴:스타레일,f7fbe9e6-768e-4522-a485-3f7fb442117b,초인플레게임. 캐릭 안뽑으면 불쾌한 게임. 턴제중엔 그나마 할만해서 계속하는 중이지만 돈을 쓰고싶은 맘이 쏙들어가는 가격. 모바일게임은 왜이렇게 비쌀까.,1,5,2025-11-07T07:03:21+00:00,3.7.0
starrail,붕괴:스타레일,155ad4d0-1caf-41cc-bb07-5b711b9b4e45,와 옛날부터 아쉬운거 하나씩은 꼭 있지만 그래도 재밌어서 붕괴 계속 했는데 이젠 업데이트 하면서 내가 원하는 패치만 하니까 이제는 완벽해졌네 내가 원하는거 다 패치해주고 게임도 재밌고 감동도 있고 스토리도 좋고 이제 붕괴시리즈는 내 인생이다,5,4,2025-11-07T05:58:23+00:00,3.7.0
starrail,붕괴:스타레일,a58096b1-b9b9-4c9e-9a1b-9ec70db6886a,제발 흑제레 출시해주세요,5,2,2025-11-07T05:02:45+00:00,3.7.0
starrail,붕괴:스타레일,2a08cda9-32e5-4246-b2a2-bdeb8989dadf,여러분들 업뎃하면 열차보급 티켓 사라지는 버그있습니다 주의하세요 저 성옥 8600개가량 모아서 54개 얻었는데 심지어 에버나이트까지만 뽑고 업데이트 될때까지 안쓰다가 업뎃되고나서 뽑을려니까 갑자기 9개가 되있던데 이거 빨리좀 고쳤으면 합니다 (현재 고쳐짐),1,3,2025-11-07T04:57:40+00:00,3.7.0
starrail,붕괴:스타레일,5a8d9764-8019-4c62-aad2-7288be6032bc,나 배진준인데 게파드 엄마 어디갔냐?,3,1,2025-11-06T23:34:53+00:00,
starrail,붕괴:스타레일,c2f4c028-34f7-4378-972c-fb1bd63e7086,크아아아아아!!!!샤오지!!!!!!!!,5,2,2025-11-06T22:56:37+00:00,3.7.0
starrail,붕괴:스타레일,e1eea850-46d4-4cb6-b167-f19fcdf21e28,원신도 이렇게 내라,5,1,2025-11-06T15:01:46+00:00,
starrail,붕괴:스타레일,017ac60e-ea99-4bc9-85d6-a3b63e402ac2,스토리가 쓸대없이 길게 쓰고 복잡하게 씀 모티브로 가져온 전작 캐릭터를 부관참시 하는 회사,1,5,2025-11-06T09:31:50+00:00,3.7.0
starrail,붕괴:스타레일,e1efb0d2-8eb2-488a-98f6-0294af465d2d,커플링 은근 엮기는거 싫고 또 남캐좀 그만 내,1,2,2025-11-06T08:43:02+00:00,3.3.0
starrail,붕괴:스타레일,977ac406-5251-4a13-9366-959c5de00ebf,인플레 때문에 매 나오는 신캐들 안뽑으면 좀 꼬운거 빼곤 다 좋음 ㅇㅇ,5,1,2025-11-05T21:58:01+00:00,3.7.0
starrail,붕괴:스타레일,3fb04ff1-16fc-42b7-8966-87541965f67c,스토리 봄>지@림;;;>30만원 지름>명함>꼬접>유튜브 알고리즘>복귀>스토리 봄>지@림;;;>30만원 지름>명함>꼬접>유튜브 알고리즘>복귀>스토리 봄>눈물즙 안멈춤 ㅠㅠ>30지름>명함>꼬접 스토리 개쩌는건 부정할수가 없다...,5,2,2025-11-05T21:34:59+00:00,3.7.0
starrail,붕괴:스타레일,e1ed61e9-4627-43ce-a7a1-d39c0137e57d,캐릭터 잘뽑고 요새 스토리 정상화가 되었음,5,1,2025-11-05T16:06:47+00:00,3.7.0
starrail,붕괴:스타레일,c758b4c1-fb34-4cc7-9c72-042663f8b2bd,갓겜,5,1,2025-11-05T13:49:43+00:00,3.7.0
starrail,붕괴:스타레일,11dddd0d-0d64-438b-85a9-1f1996717cf9,로그인 비번한요청떠서 못하겠네요 몆번째줄몰르겠네여,1,3,2025-11-05T12:59:25+00:00,
starrail,붕괴:스타레일,6952d22d-7b6f-45fe-b24c-b24c379e36e9,턴제는 역시 나랑은 너무 안맞는다..겜 플레이가 순수하게 노잼 그래도 스토리랑 운영은 좋아서 2점 주고갑니다 최애만 잡았으면 계속할텐데 앰포까지도 취향캐가 없음..,2,2,2025-11-05T12:04:43+00:00,3.7.0
starrail,붕괴:스타레일,bd2c9284-8ecb-4b4d-b2d5-2f29c0f63fea,"케릭터 각자의 개성,스토리의 완벽도,컷신,이팩트 전부 빠짐없이 완벽합니다! (스킨으로 안대 없는 경류좀 내주세요)",5,1,2025-11-05T11:59:09+00:00,
starrail,붕괴:스타레일,e31f7666-b1d9-47f0-8a61-cfd86e9ca708,엠포리어스 허무하네 1년간 한게 뭐야?,1,6,2025-11-05T09:37:19+00:00,2.2.0
starrail,붕괴:스타레일,7c43aced-a293-4b2d-8e35-6c15682506d4,게임 계정에 로그인하니 처음화면이 나오는데 계정이 삭제된것인가요?,5,1,2025-11-05T09:28:35+00:00,3.7.0
starrail,붕괴:스타레일,790c8b1a-3e22-405c-a485-d5f39c42885a,인플레 야발,5,1,2025-11-05T09:00:41+00:00,3.6.0
starrail,붕괴:스타레일,1866096c-ad39-4346-96fc-aec60bb79fab,갓겜입니다,1,1,2025-11-05T08:42:59+00:00,
starrail,붕괴:스타레일,b5420269-cd43-40b7-8475-1d08a3db906e,캐릭터가 이쁘고 스토리 스킵 가능한거 너무 좋음,5,1,2025-11-05T08:27:57+00:00,3.6.0
starrail,붕괴:스타레일,a81e91ff-c49e-4139-a95e-63e2efdb0416,삶이 풍족해졌어요,5,1,2025-11-05T08:16:45+00:00,3.6.0
starrail,붕괴:스타레일,1be91d4b-dfaa-4c42-98af-707fc9f29ca5,우리 여황님 살려 내라,5,2,2025-11-05T08:10:36+00:00,
starrail,붕괴:스타레일,5ee53b43-59da-4f85-9833-f276c95d7617,메인스토리 감동받앗습니다 정말 재미있는 게임입니다. 서브겜으로 추천합니다.,5,1,2025-11-05T07:47:37+00:00,3.7.0
starrail,붕괴:스타레일,c5ab9b7a-7552-47e7-bb45-9db89ec5da59,그래 미호요가 대단하긴한데 돈이 무섭다,5,1,2025-11-05T07:19:06+00:00,3.6.0
starrail,붕괴:스타레일,b4d385bb-3db2-4eb4-8348-30a86298161d,너무 재미있고 캐릭터 디자인이 너무 예뻐요!❤️❤️,5,1,2025-11-05T06:34:04+00:00,3.6.0
starrail,붕괴:스타레일,e646386f-e3d5-4293-afa9-39caf335ce66,당연하죠♪ 분명 이전과는 다른 낭만적인 이야기일거에요♪ 너도 그렇게 생각하지?,5,2,2025-11-05T06:09:04+00:00,3.7.0
starrail,붕괴:스타레일,84a679b8-0408-4998-aae5-858711c64662,엄청 재미있습니다,5,1,2025-11-05T05:55:35+00:00,3.6.0
starrail,붕괴:스타레일,e9753773-d313-4ac4-9de4-6ad82f9fd383,인플레 말이 안됨 모든 픽업은 픽뚫만 당하고,1,3,2025-11-05T04:20:11+00:00,3.6.0
starrail,붕괴:스타레일,e127ebb6-9dc8-4648-8f4d-27074b4d8e00,2번연속 픽뚫요. 쓰레기같은 확률 조작겜이니 하지 마세요,1,0,2025-11-05T03:15:39+00:00,
starrail,붕괴:스타레일,4acc6e61-78fc-4b61-99e6-7577df5accbb,게임 플레이를 할 수 없을 정도로 오역이 심각합니다,5,1,2025-11-05T01:46:39+00:00,3.6.0
starrail,붕괴:스타레일,322b1d8f-77eb-46aa-9ce2-6b38944046f0,"오픈유저임 일단 스토리하며 캐릭터 디자인이라던가 설정이 미쳤음 스토리는 단점이라 한다면 너무 길다는거 그리고 고유명사가 좀 많다는것 하지만 뭔소리인지 몰라도 컷씬이나 애니메이션을 자연스럽게 녹여낸거 보면 몰입할수 있어서 일단 퀄리티 보는 재미로 봄 스킵기능도 있어서 ""난 그냥 재화모으고 플레이랑 육성에 집중할래요"" 할거면 스킵하면됨 하지만 스토리를 이해하거나 보면 더 재밌게 즐길 수 있는건 보장함 그리고 재화도 나름 열심히만 하면 무과금으로 즐길수 있음 (탐사, 차분화, 시뮬, 허구, 종말, 망각 등등 육성후 굴리면됨) 뽑기가 생각보다 매울수 있다면 매워서 원하는 캐릭 뽑으려면 복각만 기다려야할수도 내가 그러긴함ㅋㅋ 일퀘도 딸깍딸깍이라서 편안한게 장점 스토리도 다시보기가 있어서 다시 보고싶으면 다운로드해서 보면됨",5,30,2025-11-05T00:22:58+00:00,3.7.0
starrail,붕괴:스타레일,4adc5426-5fb1-4dbd-a98b-3cbdba536c04,말이 필요없는 갓겜입니다.,5,1,2025-11-05T00:14:02+00:00,3.6.0
starrail,붕괴:스타레일,15855673-ad89-4d74-8190-d69ef318dea7,(나부 제외) 버전마다 계속 최고점을 갱신중인 최고의 게임,5,2,2025-11-04T23:50:14+00:00,3.6.0
starrail,붕괴:스타레일,b592862f-4a84-4a0e-9452-d841fda01fe1,제 인생 게임입니다ㅠ 이제 이거 없으면 할 것도 없어요ㅠ,5,1,2025-11-04T23:15:52+00:00,3.7.0
starrail,붕괴:스타레일,24a80b18-6dc5-4b7c-b429-458bcadbbe54,전 개인적으로 다 좋아요 물론 지인들은 뽑기 확률에 대해 불평하고 저도 당했죠 확실히 픽뚫확률도 적지않긴해요..ㅋㅋ 하지만 만족스럽게 플레이하고 있습니다 꼭 해보시길,4,1,2025-11-04T23:13:04+00:00,3.7.0
starrail,붕괴:스타레일,ecbfaf4c-f59e-4420-8777-4dd08c03e45a,여정의 끝이 뭇별에 닿길,5,2,2025-11-04T22:41:57+00:00,3.6.0
starrail,붕괴:스타레일,de2477d5-5337-450c-88a6-59eed56289c7,역사상 최고 Goat 게임 붕스는 레전드다 진짜,5,1,2025-11-04T17:55:09+00:00,3.6.0
starrail,붕괴:스타레일,87ed4409-60da-4b0b-bfeb-20088c05903c,게임은 좋은데 할게 없어요 이벤트 나온다고 해도 한시간 정도면 끝나구요 자꾸 다음 업데이트만 기다리게 되고 기다리는 동안에는 일주일마다 차분화 우주 하는거랑 일일 퀘스트 빼곤 없는데 좀 오래하기 힘든 것 같습니다,1,1,2025-11-04T14:13:05+00:00,3.6.0
starrail,붕괴:스타레일,d5d4106f-efa2-4450-afe5-3d0b5f2c397b,류웨이한테 뽀뽀해버리고 싶을 만큼 재미있음,5,2,2025-11-04T09:05:04+00:00,3.6.0
starrail,붕괴:스타레일,9dea50bc-59ff-4f35-96f6-7ee0defae9a1,간편한 조작감 편의성 최고의 스토리,5,1,2025-11-04T07:51:43+00:00,3.4.0
starrail,붕괴:스타레일,5ba822b9-c0d5-4f48-ae80-316b35ed9868,"스토리와 게임성은 매우 좋음. 근데 아쉬움이 있다면 캐릭터 밸런스임. 매 버전 눈치도 안보고 캐릭터 성능을 계속 끌어올림. 이전에 뽑았던 캐릭터들은 관짝 안에 들어감. 그래서 이 게임에 원하는 바는, '이상 중재'라는 컨텐츠는 최고난이도 게임 시스템이기 때문에 신캐빨 타게 만들어도 괜찮지만, 대신에 혼돈의 기억까지는 이전에 뽑은 캐릭터들로도 어느정도 클리어 가능하게 해줬으면 좋겠음... 매번 신캐로만 클리어 하다보니깐 뭔가 게임의 자유도가 떨어지는 느낌임. 그래서 여러 파티(현재 나락간 격파파티 등. 예전엔 상대 격파시키면 딜 훅 들어가면서 타격감 개쩌는 감동이 있었는데...)를 이용하고, 더 많은 캐릭터들을 이용해서 다양한 전략으로 게임을 클리어 하는 재미를 느끼게 해줬으면 좋겠음.",4,7,2025-11-04T02:08:59+00:00,3.6.0
starrail,붕괴:스타레일,174e3e26-7756-40d4-a26d-c810841fc142,굿,5,2,2025-11-03T06:49:37+00:00,3.6.0
starrail,붕괴:스타레일,5aa15332-77a4-409b-8d53-38c3dfa5b1bd,하차..,4,1,2025-11-02T23:27:49+00:00,
starrail,붕괴:스타레일,ed8ff719-dcb0-40b7-8ee0-8ad0c4425b7a,앰포리어스 스토리는 진짜 레전드임ㅋㅋ,5,3,2025-11-02T15:45:59+00:00,3.6.0
starrail,붕괴:스타레일,98ae56aa-3b8e-4225-b2e7-18739971159d,재밌습니당,5,2,2025-11-02T12:25:33+00:00,3.6.0
starrail,붕괴:스타레일,035a9a27-e70e-4aca-92b7-9ff64caa87da,정말 행복해요,4,4,2025-11-02T11:06:49+00:00,
starrail,붕괴:스타레일,aa9ee185-95d3-47e2-9707-5fee0c547b7f,원신하고 이거 보니까 왜 혜자로 보임? 진짜 혜자인가 일단 스토리는 지림,5,2,2025-11-02T01:19:00+00:00,3.6.0
starrail,붕괴:스타레일,b883d1c2-7d03-40fb-85c4-017f962e2ecd,페나코니때부터 스토리가 좋아지기 시작하더니 3.0 들어와서부터는 한 영화를 보는 느낌..진짜 좋습니다,5,1,2025-11-01T13:28:12+00:00,3.6.0
starrail,붕괴:스타레일,d95e0714-130e-481e-8dc9-6f261461c217,"스토리, 액션 다 좋은데 쉽지않다.",2,3,2025-11-01T03:50:54+00:00,3.6.0
starrail,붕괴:스타레일,d1b7173d-ed0b-411c-9167-826e0a0ee187,"캐릭을 뽑으면 뭐합니까.. 짜피 다음캐릭터가 전캐릭 허리 꺾어버리고 자빠졌는데... 가격이 적당한것도 아니고 명함만 2,30 가까이 받으면서 캐릭터 가치 보존을 이정도로 안하는 게임은 처음봅니다.. 지쳐서 못하겠습니다...",2,6,2025-10-31T18:03:27+00:00,
starrail,붕괴:스타레일,39917dbe-f925-4663-9ebc-210bf396abfb,이만한 무?료 스토리겜 없다,5,0,2025-10-31T16:46:13+00:00,3.6.0
starrail,붕괴:스타레일,5c66fb2c-e2fd-43b5-88cf-49ae5c25a69c,오픈 유저인데 인생게임!!! 최고!!!,5,0,2025-10-31T06:16:29+00:00,3.6.0
starrail,붕괴:스타레일,6c847bd7-8bcd-42ce-a6dd-c93470bb4727,3.7 빨리 나와랏 스토리 개재밌음 내가 본 게임 스토리중에서 제일 재밌었음,5,0,2025-10-30T11:19:22+00:00,3.6.0
starrail,붕괴:스타레일,5d9f59b1-f742-4d0d-aa06-eab18e5a204c,미친 현질유도하고 몇버전뒤 쓰레기만듬 ㅋㅋ 어차피 유저여론 싹다 씹어버리면서 뭔 고객센터 ㅋㅋㅋㅋㅋ,1,11,2025-10-30T09:04:30+00:00,3.6.0
starrail,붕괴:스타레일,e8f07ccc-8b17-42c6-8aef-20aad5e626a5,굿,5,0,2025-10-30T07:40:31+00:00,3.6.0
starrail,붕괴:스타레일,5c03d7ee-39c1-42cb-8776-db3f56934ff3,하다보니 점점 재미있음.단점이라하면 인플레가 있고 스토리를 다 깬 유저들은 성옥 모으기가 힘듬.무엇보다 픽뚫이 개빡침,5,0,2025-10-30T04:44:41+00:00,3.6.0
starrail,붕괴:스타레일,984c6a43-ce5a-4abd-ac65-3e4fbe151b03,샤오지는 신이다,5,0,2025-10-30T03:24:31+00:00,3.6.0
starrail,붕괴:스타레일,da53e267-a15b-424d-9a8b-03c668f1d3d4,게임 시작 때는 성옥 수급처가 매우 많지만 후반 갈수록 수급처가 딸리고 버전이 달라졌음에도 이벤트 수가 적고 주는 성옥도 많지 않음,1,1,2025-10-30T03:15:56+00:00,3.6.0
starrail,붕괴:스타레일,7ab98bb4-af1f-46fd-82db-08731ebe6259,내 최애게임 재밌다,5,0,2025-10-30T00:55:04+00:00,3.6.0
starrail,붕괴:스타레일,2fd62ed4-154f-4534-8084-206e334dd6cb,인플레이션이 지나치게 심하고 전투에서 내가 할 수 있는 게 없다보니 한계가 명확함. 그래서 서브컬처를 처음 접하는 유저에게 당당히 입문작으로 추천할 수가 없다.,2,5,2025-10-29T23:18:12+00:00,3.6.0
starrail,붕괴:스타레일,e02ee15e-c9a9-4eac-86fb-bfeaec6385dc,현재 플레이 하고 있는 서브컬쳐 게임 가운데 가장 비싼 게임이나 그것이 합당한 이유를 증명하는 게임 다만 게임을 8개 정도를 하고 있는 상황에서 상당한 피로도를 느끼게 하여 서브 게임으로서는 부적절하며 많은 투자가 필요함에도 불구하고 캐릭터 유통기한은 다소 짧은 편임,5,3,2025-10-29T17:13:34+00:00,3.6.0
starrail,붕괴:스타레일,e000464f-4062-4309-9ad6-a1c56ad3d40a,goat,4,0,2025-10-29T11:20:25+00:00,3.5.0
starrail,붕괴:스타레일,257da452-050b-4f76-ab7b-067e2f9c8ec7,샤오지가 날 미치게 만든다,5,0,2025-10-29T08:59:44+00:00,1.2.0
starrail,붕괴:스타레일,fc4a0dbb-1c84-45ed-bc39-87a7102c8a5f,goat.,5,0,2025-10-29T00:33:13+00:00,3.6.0
starrail,붕괴:스타레일,ecda310f-e5d1-47a4-8f0a-d8bda0352b73,뛰어난 캐릭터성이 돋보이는 게임,5,0,2025-10-27T12:29:03+00:00,3.6.0
starrail,붕괴:스타레일,4d79cc9c-0463-44a4-8064-c2e026d9aa46,"이 게임이 저는 전반적인 면은 다 괜찮았는데요, 저장용량 때문에 어쩔 수 없이 지워버릴 수밖에 없게 되네요. 이 게임 보급형 폰으로는 꿈도 꾸지 마세요. 용량 너무 많이 잡아먹네요.",4,0,2025-10-27T04:19:50+00:00,
starrail,붕괴:스타레일,4ebf483e-8d36-4ed6-8e26-2a41542e837a,앰포리어스는 호요버스 최고 고점..,5,1,2025-10-26T09:25:34+00:00,3.6.0
starrail,붕괴:스타레일,e23f0935-3101-4d86-b384-a34e9fc22610,뭔 리딤코드 기간이 하루밖에 안되는건 좀....,1,1,2025-10-26T07:43:47+00:00,3.6.0
starrail,붕괴:스타레일,b15fbcf3-2340-4276-98a2-bbe5d21a9fa2,나는 뽑는다 비소라는 캐릭터를 그것이 나다,5,0,2025-10-25T11:58:35+00:00,3.6.0
starrail,붕괴:스타레일,f73cc9ab-8bec-420a-bfb1-3dc26b3e991d,서브 미션이 길어서 조금 힘들긴 하지만 그래도 재밌습니다,5,0,2025-10-25T03:07:33+00:00,
starrail,붕괴:스타레일,60f49147-ab7f-4aec-b737-17ddfb9248f1,인생게임.,5,0,2025-10-25T00:06:26+00:00,3.6.0
starrail,붕괴:스타레일,13a132ea-09f6-4842-8242-7aae1dd93c13,그저 goat.,5,0,2025-10-24T11:46:40+00:00,3.6.0
starrail,붕괴:스타레일,96890796-c706-44e3-a2f7-554269a08536,히야킨 복각 빨리... 급함,4,0,2025-10-24T10:21:55+00:00,
starrail,붕괴:스타레일,5722c388-f882-42a6-9d28-2a60a14b0146,"스토리도 갈수록 웅장해지고, 무엇보다 편의성이 엄청남. 모바일 유저들은 게임 사양때문에 편하게 할수도 있음",5,1,2025-10-24T07:32:50+00:00,
starrail,붕괴:스타레일,86af5259-a3f1-44f3-b5df-874e394ddc16,블레이드 계속 자heㅣ하는데 정신병원 입원시켜야하는거 아닙니까?,5,0,2025-10-24T07:03:22+00:00,3.6.0
starrail,붕괴:스타레일,f27dee90-184c-43f9-b482-f7a8f39f146d,대기업겜이라 퀄리티 좋고 재미있어요 대신 돈은 좀 많이 들어감 무or극소과금은 좀 힘들어요,5,0,2025-10-20T11:14:50+00:00,3.6.0
starrail,붕괴:스타레일,e83efb28-23a6-4ed6-a690-6e8bb5681463,턴제가 좋으면 해볼만함,3,0,2025-10-19T14:43:24+00:00,3.6.0
starrail,붕괴:스타레일,c7078043-6ae4-4dd5-b3ff-65da52701845,지난날 못뽑은 캐릭터들을(최신캐릭터포함) 한정말고 자유롭게 다 뽑을수는 그런가챠가있으면 좋겠어요,3,0,2025-10-19T14:25:15+00:00,
starrail,붕괴:스타레일,56f7bbf8-3c48-4d45-bb8d-1647e9363cdd,아직 튜토리얼까지밖에 못했는데 본격적으로 하려고 하니 저장공간을 너무 많이 차지하더라구요...ㅜㅜ 그 점이 아쉬워요 게임은 재밌습니다!!,4,0,2025-10-19T06:00:00+00:00,3.6.0
starrail,붕괴:스타레일,c5a697dd-d925-4d87-a6b4-dc7a12d5a807,스토리를 회고해서 너무나도 좋고 엄청 좋아요! 근데 회고하면서 플래이를 못하는게 뭔가 아쉬워요 ㅠ,4,2,2025-10-18T13:06:17+00:00,
starrail,붕괴:스타레일,2a065520-3848-44a7-b2cb-9bb7e5f6f69d,GOAT,5,0,2025-10-18T11:27:37+00:00,3.6.0
starrail,붕괴:스타레일,9d62fbe1-5b50-4363-8e8c-b5b1a164ab23,이 게임은 게임 난이도가 사람이 할 짓이 아니다 그리고 과금이 필수다,1,3,2025-10-18T05:44:24+00:00,3.6.0
starrail,붕괴:스타레일,ea54439f-8414-469c-ac2f-d6f75a4d7e57,말이더필요없는... 이정도로 잘만든게임 진짜 얼마없다.,5,0,2025-10-17T15:53:25+00:00,3.6.0
starrail,붕괴:스타레일,c9e335da-011a-493f-ae2d-a66d40751ac0,윈디 이 잼민이 말 들으면 안됍니다. 터무니 없는 성능에 사기캐 나오기는 하죠 하지만 저는 무과금에 앰포리어스 카스토리스 나오는 시기에 시작 했는데 카스 바로 나오고 성옥 많이 뿌리고 캐릭 무료배포하고 얼많아 좋은데 지금들어가면 5성 한정 콜라보 아처와 5성 한정 탱커 캐릭터를 무료로 주고 각각 60레벨 까지 올려주는 재화까지 무료료 주는데 윈디 제발 똑바로 하서 달자,5,3,2025-10-16T08:34:51+00:00,3.6.0
starrail,붕괴:스타레일,36874d8a-0568-49dd-bdf9-914de4d4ef35,내 인생 최고의 서브컬쳐 게임.,5,2,2025-10-15T23:44:16+00:00,3.6.0
starrail,붕괴:스타레일,f6150960-d32c-4498-a1c9-e683f4757818,"가끔 생각날 때 해볼까하고 들르고 있는데, 매번 질려서 떨어져 나감. 컨텐츠도 우후죽순으로 쏟아지고 즐길 것이 많은 게임이기는 한데 다 거기서 거기라 그냥 재화를 모으기 위한 일로 느껴짐. 물론 이건 내 성향에 안맞는 걸수도 있음. 스토리도 뭔가 굉장히 고유명사가 많고, 때문에 이해 못해서 지루해지는 편. 그걸 또 게임 내에서 설명 안 해주는지 모르겠음. 구석 도감에 전부 쳐박아두고 보라하면 라이트 유저들이 다 읽어보나? 섭퀘 스토리는 스킵도 불가능해서 빠른 게임을 즐기고 싶은 유저에게는 비추. 그래도 젠존제에 비하면 캐릭터들 매력도 확실하게 잡아주고, 스토리에서 잘 띄워줘서 애착이 생기게 만듦. 젠존제는 미련없이 접고 떠날 수 있는데 스타레일은 자꾸 눈에 밟혀서 돌아오게 된달까…. 아니 신캐가 너무 맛있게 생겼다고",3,9,2025-10-15T11:41:02+00:00,3.6.0
starrail,붕괴:스타레일,6d61d741-b038-4751-92d9-57c3000a556a,갑자기 미연시 게임이 됨,1,3,2025-10-14T11:50:07+00:00,
starrail,붕괴:스타레일,0f4bf2e0-8e21-4a30-b867-ecdb632aac6e,쓰레기통이 정실 1황이라는 말만으로 이게임의 분위기를 알려준다. 우리게임 밝고 희망차요^^,5,0,2025-10-12T17:29:07+00:00,3.6.0
starrail,붕괴:스타레일,aa295601-1e55-4400-ac14-e0610765d90b,"원신에서 지금 신캐들 빼고 모든 캐릭터를 사용해보고 얻어보았지만 점점 귀찮아지고,, 스토리는 스킵을 못하니 많이 답답하구,, 용량은 날이 갈수록 많아졌지만 붕스는 다르더라구요. 저장공간도 덜 차지하고, 너무좋았습니다, 특히 스토리가 더 끌렸던거 같습니다. 야릴로와 선주나부는 솔직 지루했지만 페나코니와 앰포리어스 스토리가 정말 끝내줘요,, 에버나이트도 이번에 돌파도 시켜서 저의 카스와 사용한답니다,, 마이데이를 사용한 파티였는데 지금은 마이데이를 사용하지 않고 에버나이트를 사용해요! 캐릭터들도 개성이 넘치고 재화나 캐릭터를 퍼주듯 주니까 게임할맛이 나더라고요,, 하지만 이번 이상중재같은 애들은,, 우,, 전광을 쥐어줘도 힘들더라구요,, 그래도 열심히 해보겠습니다,,, 그리고,, 저희 애들 살려줘요ㅠ 아낙사 살려주세요젭알 부활가보자고,,,",5,61,2025-10-12T14:15:22+00:00,3.6.0
starrail,붕괴:스타레일,bbc146e5-007b-4b29-93f0-2de28e5709ff,메직트릭,5,2,2025-10-11T07:28:01+00:00,3.6.0
starrail,붕괴:스타레일,5f69780d-fe5e-4237-a7b2-9e6d9154ab2b,"장점:1.스토리(페나코니,앰포리어스는 꼭 봐야함), 2.캐릭터(서사+예쁨,잘생김), 3.뉴비 기준 할거 엄청 많음(탐사,스토리 등),4.캐릭,재화 많이 퍼줌(현재 ""단항•등황"" 배포, 최근 '페이트'와 콜라보로 ""아처"" 배포,현재도 1티어 캐릭인 ')""완•매"" or ""나찰"", 그리고 예전에 ""Dr.레이시오"", ""상시 5성캐릭터"" 등 배포),5.콜라보 많이 함(최근 ""이디야 커피"", ""맘스터치"" 등),6.오프라인 이벤트 많이 함(대기업이라서 음악회,콘서트 등을 자주함) 단점:1.캐릭터 인플레이션(신규 캐릭터와나온지 1년된 캐릭터와 딜량 차이가 매우매우 심함 심지어 최근 캐릭터에게 접대를 해주어서 그 차이가 더 심해짐.), 2.과금유도(앞서 말했던 인플레이션과 접대로 인해 ""망각,종말,허구,이상중재""등 엔드 컨텐츠를 '옛날 캐릭터 명함 전무'로는 깰수 없는 상태가 빈번히 발생, 3.모바일 기준 20.69GB차지(음성 데이터(스토리) 삭제 기준",5,429,2025-10-10T17:43:04+00:00,3.6.0
starrail,붕괴:스타레일,e1c0ee20-df69-4a16-a1b4-8070ce68403c,인플레만 좀 잡아주면 될듯,4,2,2025-10-10T09:52:00+00:00,
starrail,붕괴:스타레일,3440c9e4-8725-4be0-a779-9ee176f5718e,확률 진짜 천장만에 뜨는거 오키 근데 픽뚫 확률 진짜 하~ 할말이 읍네요 더럽고 아니꼬우면 그냥 제가 접어야 하는게 맞겠죠? 해도해도 정말 가쟈겜이 이정도로 돈에 미친 겜일줄은 상상도 못 했음,1,3,2025-10-10T09:17:47+00:00,3.6.0
starrail,붕괴:스타레일,c8c2fb40-24b4-4171-a3fd-d24d5f14e5da,일단 보상이 매우 많습니다. 매 버전 10뽑기권 이벤트 최소 약500~약1150 재화(성옥) 정도는 얻을수 있고 무료배포와 상시 재화(성옥)를 얻을 수 있는 콘텐츠는 초보들도 5성 캐를 얻고 빨리 성장하기 쉬우며 자신이 없는 캐를 횟수 제한없이 빌려쓸 수 있다는거는 게임을 처음하는 초보자들도 살아남기 쉽습니다. 스토리가 재밌습니다. 세계관 고유명사와 캐릭터들의 능력 설정이 다양해 자칫하면 난해해질 수 있는 반면 아카이브(설명 및 도감)에서 뜻을 알고 스킵 기능에 요약설명이 있어 매우 쉽게 이해할 수 있습니다. 캐릭터의 다양성 능력 설정 캐릭터마다 다른 특성과 비술(기술)을 사용해 캐릭터들의 조합하는 재미와 캐릭터들의 콤비가 재밌고 돋보입니다. 단점으론 캐릭터들의 인플레(성능차이)가 심합니다. 옛날 캐릭터인 A와 최신 캐릭터 B의 성능차이는 매우 심합니다. A는 비술(기술)로 도망치기 바쁘지만 B는 비술(기술)로 적을 한번에 즉사 시킵니다. [제 생각에 단점은 별로 없음],5,2,2025-10-09T07:33:13+00:00,
starrail,붕괴:스타레일,b89a27a6-244d-49d7-9256-6a18a23985d8,매몰비용을 생각하지 않고 접을수 있는 게임,5,1,2025-10-09T07:11:58+00:00,
starrail,붕괴:스타레일,135343d6-56e9-4ce0-840f-e6feff3989c4,다 좋은데 신용포인트로 성옥 살 수 있게 해줘요.. 신용포인트 너무 많음 유물 구매나 행적 레벨 육성 레벨에만 쓰기에 너무 벅차요ㅠ,5,0,2025-10-09T03:01:50+00:00,3.6.0
starrail,붕괴:스타레일,90fa9e08-fcbf-4e16-a779-e0dfe857b712,개추,5,0,2025-10-09T01:17:59+00:00,3.6.0
starrail,붕괴:스타레일,70a86454-237a-49fb-9491-cced593332bc,뽑기 할 때마다 느끼는건데 확률 진짜 짜치네요 매번 80뽑 하면 픽뚫해서 확천에 먹고 40만원 지르면서 매번 느껴요,1,2,2025-10-08T14:17:17+00:00,2.2.0
starrail,붕괴:스타레일,6c81d901-aa7e-4ed1-9b96-185e2052dd3f,남녀차별 모델링에 불만이 많습니다..,5,8,2025-10-08T04:39:38+00:00,1.5.0
starrail,붕괴:스타레일,8266480b-6ce4-4af9-a1b7-a9193ac888e2,2버전때 루즈해져서 후반에 다시 복귀했던 유저입니다 솔직히 인플레에 대해선 다른 유저들과 같은 마음이긴하지만 스토리랑 캐릭터때문에 애정이 더 깊어지고 이벤트같은것도 잘 퍼주고해서 무과금도 나름 가챠계획 잘 짜면 꽤 괜찮은 게임입니다 역시 RPG겜의 묘미는 스토리랑 캐릭터라는게 맞네요 아 근데 유물장비가챠는 좀 사악하네요 가챠에 가챠 머리부여잡아요,5,3,2025-10-07T19:02:23+00:00,
starrail,붕괴:스타레일,d70a7cdd-eee7-4d86-8a45-e2e6896abb10,별점5점 드릴테니 가챠 잘 되게 해주십쇼..,5,0,2025-10-07T17:55:41+00:00,3.6.0
starrail,붕괴:스타레일,1dfb3cf0-a94a-4f3b-b235-378603e3790c,난 성옥 많이준다고 느꼇는데... 사람마다 운이 달라서 그런가 분노담긴리뷰가 많네..ㅋㅋㅋ 그리고 인플레도 그렇게 빡세다고는 못느꼇음 또 딜러는 파츠 없이도 열심히 키우면 4라클안에는 들어갈수잇음.. 왜 다들 안키워놓고 뭐라하는거에요..,5,7,2025-10-07T13:09:08+00:00,3.6.0
starrail,붕괴:스타레일,be87379e-55a1-46a1-9226-7e693f49d82b,후회 안함,5,0,2025-10-07T06:39:26+00:00,
starrail,붕괴:스타레일,95c2bcde-11ef-4a83-95e4-bb4818e29228,30뽑에 에버 쌍란이라니 감사합네다,5,1,2025-10-07T03:02:28+00:00,3.6.0
starrail,붕괴:스타레일,66d16826-db5d-44dc-b085-6af72c041772,앰포리어스 들어오고 나서부터 시작했는데 진짜 너무 재미있고 앞으로 이렇게만 유지해도 진짜 너무 좋을 것 같음,5,0,2025-10-07T00:19:00+00:00,3.6.0
starrail,붕괴:스타레일,fb0f4672-2666-4cbe-ac7b-96198d9cbae9,캐릭터 행적 렙업하려고 하는데 그 렙업 재료를 드랍하는 적이 없다네요(계정 균형렙 3이고 나쁜 꿈 극단이 없답니다(그게 2에 뜨는 녀석들인데))균형렙 4를 못 깨는 건 비단 이것때문만은 아니겠지만 이것도 어느정도 비중이 있다고 보이긴 하네요,3,0,2025-10-06T09:52:32+00:00,
starrail,붕괴:스타레일,bc901700-2d85-4f8c-ad9c-5bc0cd7ce914,S25 모바일 이용자입니다. 나부편부터 이유없이 계속 튕김현상이 발생하여 스토리진행이 불가능합니다. 원인과 해결방안 알 수 있을까요,3,0,2025-10-05T13:08:15+00:00,
starrail,붕괴:스타레일,d794ccd0-2398-443b-a889-bbb2fb91b7ad,스토리 재밌게 보는 사람은 무조건하셈 안하면 인생 손해봄,5,1,2025-10-05T12:26:00+00:00,
starrail,붕괴:스타레일,9afa08f4-f729-4f2e-b271-13d573bf7041,외 그냥 내 인생겜 너무 재미있음,5,3,2025-10-04T08:02:06+00:00,3.6.0
starrail,붕괴:스타레일,f53cceec-6fe4-4409-81aa-5925b9c9b2eb,캐릭터의 개성이 좋은데 최대 레벨을 좀 넓혀주었으면......,5,0,2025-10-04T07:22:43+00:00,3.6.0
starrail,붕괴:스타레일,07275396-646f-466f-9271-1dd376d60ca5,"인플레, 해당 게임사 방식의 한정가챠 시스템은 정말 마음에 들지않지만 요즘 경쟁게임들의 행보에 비하면 정말 낫다고 생각함",5,5,2025-10-03T17:41:02+00:00,3.6.0
starrail,붕괴:스타레일,4e3c6d92-14af-4c13-96e5-0ffa137ab6ed,인플레 너무 심해요....;; 인플레 겪은 캐릭터들은 다음 시즌에선 날뛰게해주세요,4,1,2025-10-03T13:46:43+00:00,
starrail,붕괴:스타레일,c43889dd-5bc1-4d1b-8dbe-fda30ba602af,원신 ZZZ보단 이게 좋다,3,0,2025-10-02T09:11:55+00:00,
starrail,붕괴:스타레일,562a42f4-5deb-4e44-b825-965daf8acf8e,현대인들에게 너무 좋은 게임,5,0,2025-10-01T07:28:05+00:00,3.6.0
starrail,붕괴:스타레일,aada903d-8374-4952-9b2f-4397dbff5932,미친 인플레,1,2,2025-09-30T14:15:56+00:00,3.6.0
starrail,붕괴:스타레일,09d8c3d2-c20b-4947-a1b7-2c631c9e3cb5,인플레가 세지만 호요버스 겜 중에선 가장 갓겜,5,1,2025-09-29T06:06:45+00:00,3.6.0
starrail,붕괴:스타레일,20bde8ac-a5d5-47fb-9a63-4c95aa23ea81,GOAT,5,0,2025-09-29T04:19:17+00:00,3.6.0
starrail,붕괴:스타레일,a19f007b-e5eb-4b53-a530-0faf4a8530df,앰포 기준 스토리 GOAT 3.7에 추가될 편의성 GOAT 스토리 3주마다 내세요,5,1,2025-09-29T01:31:21+00:00,3.5.0
starrail,붕괴:스타레일,df1cc8ec-06e6-4d15-917b-818332789545,스토리 goat,5,0,2025-09-28T11:38:55+00:00,3.6.0
starrail,붕괴:스타레일,b0943ae8-a4f3-4c94-a57e-21c8947f56bf,스토리,5,12,2025-09-28T09:07:50+00:00,3.6.0
starrail,붕괴:스타레일,2ee41615-fcdf-4e72-a7c3-34fa31531fa6,"심오하고 뛰어난 스토리와, 아무리 성능이 약해도 일정(보통정도)수준이상 성능을 보장해주는 캐릭터 육성 과정 매력적인 인물들과 그들간의 캐미, 다양한 세계관 내 퀘스트로 뻗어나가는 스토리 안의 이야기등 늦게 입문한 저에게는 방대하고 대단한 게임이라 느껴 졌습니다 앞으로도 좋은 운영 기대하겠습니다",5,5,2025-09-27T16:50:14+00:00,3.6.0
starrail,붕괴:스타레일,462d4a5d-0d18-4bc0-be3c-a5b4726be849,"호요버스가 최근 논란이 불거진 혐오 관련 사태에 대해 아무런 대응이 없으므로, 해당 혐오 사상에 반대하며 대응을 요구하는 바, 별점 1점 운동에 동참합니다.",4,3,2025-09-27T11:01:37+00:00,3.5.0
starrail,붕괴:스타레일,9db2cf54-7973-4570-a7d3-af1cb4d4674b,오류 좀 고쳐라 들어가서 게임 좀 하자,1,6,2025-09-27T06:20:22+00:00,
starrail,붕괴:스타레일,ebc7a97c-c047-4c9f-a9e9-f6d0a8dbb9f1,인플레 심하긴 함. 근데 게임 열심히먼 하면 매버전 한캐릭은 가져갈수 있게 해줄정도로 뿌려줌,5,0,2025-09-26T13:18:37+00:00,
starrail,붕괴:스타레일,fc68ec01-4a72-4570-a52f-5dee32dafe64,(갤럭시s25울트라) 예전에 계속 튕기는 게 고쳐졌으려니 해서 정말 오랜만에(거의 반년) 스타레일을 업데이트하고 플레이했습니다. 그러나 여전히 특정 구간 진입이나 특정 npc에게 말을 걸었을 경우 게임이 강제종료됩니다. 시간이 지났는데도 개선되지 않는 게 맞나요?,1,4,2025-09-26T10:58:02+00:00,3.6.0
starrail,붕괴:스타레일,3a4a84e8-8f58-492a-a47d-10f0b176ff05,재작자=연경,1,1,2025-09-26T07:46:55+00:00,3.6.0
starrail,붕괴:스타레일,a5615179-0fb0-4c53-b9b1-58911edda27c,게임은 모르겠는데 노래가 충격적으로 좋음,5,1,2025-09-25T15:11:06+00:00,3.6.0
starrail,붕괴:스타레일,96fce4b9-0bcb-491c-9f53-764c8a36dd7f,유물파밍 확률좀 개선해주세요. 주옵 천장이든 레진에 부옵까지 추가적으로 확정이든 현재 유물 파밍 난이도가 말이 안됩니다. 버전별 2캐릭이나 나와서 매번 딜러들 준종결도 못하고 넘어가야 하고 유저입장에서도 파밍하는 재미도 없고 너무 지칩니다.,5,13,2025-09-25T13:25:46+00:00,
starrail,붕괴:스타레일,2418e6f7-5c97-4699-9cb5-567333b3a3ef,흑칠아ㅏㅏㅏㅏㅏㅏㅏㅏ호에에에에,5,0,2025-09-25T11:08:20+00:00,
starrail,붕괴:스타레일,7a415a92-5291-47a0-af1e-e2277897a533,캐릭을 뽑으면 바로 퇴물이 되느낼 보니 돈지르기 아깝다,1,10,2025-09-24T14:43:33+00:00,2.2.0
starrail,붕괴:스타레일,5b4bea22-5cce-4ce9-9f73-b0218c3b4d7a,스타레일 스토리만큼은 goat인 우주초갓겜,5,0,2025-09-24T14:01:33+00:00,3.6.0
starrail,붕괴:스타레일,d46f49e1-13ac-4e98-ae40-5b748dc6cbe3,그냥 안하는게 좋은게임 굳이 하고 싶다면 자신이 시간적 여유가 있나 한번 생각해 보자 귀중한 시간을 날리면서 사기캐 빨아주기 대작전을 지켜보며 내 캐릭터가 쓰레기통 1티어가 되고 재화 벌이 하는거 보단 현생을 살자 . . . 근데 난 할꺼다 카스파츠 에버나이트 미래의 파츠 키레네야 내가 간다..,5,4,2025-09-24T13:04:31+00:00,3.6.0
starrail,붕괴:스타레일,8b0d36a2-0c89-4e15-9f20-91ab2f412844,천장을 80에서 90으로 늘리면 유저기만 아닌가. 젠존제도 천장 90이여서 접은건데 붕스도 이제 접을 때가 된것같다. 명조나 해야지,1,1,2025-09-24T11:42:59+00:00,3.6.0
starrail,붕괴:스타레일,e163ea84-5190-44ea-aa4b-65ba6191dd6f,용량이 두렵다.,3,0,2025-09-24T09:17:04+00:00,
starrail,붕괴:스타레일,93b6b37e-3763-4811-801f-548024f1a5c2,재밌다!!!,5,0,2025-09-24T08:32:21+00:00,3.5.0
starrail,붕괴:스타레일,3635de97-e13b-4dd4-88f0-5b364b44a856,재밌긴 한데 퍼즐이 너무 어렵습니다.,2,0,2025-09-24T06:27:39+00:00,3.6.0
starrail,붕괴:스타레일,956beae2-5ae5-43d0-ad89-41cec14ad9b6,게임은 전반적으로 재밌습니다. 스토리도 그럭저럭 맛있고요. 나부는 뭐죠? 먹는건가요? 요즘 붕스 캐릭터가 너무 맛있고 스토리도 좋습니다. 미니게임 하면 성옥도 많이 주기에 뽑기도 많이 할 수 있습니다. 앰포는 피바다입니다. 아니 황금 바다요ㅎ,5,0,2025-09-24T05:43:01+00:00,3.5.0
starrail,붕괴:스타레일,fe9f88f2-62c0-4e8b-bced-b5f343ab4614,너넨 라이브 서비스 종료할거면 패키지로 게임 팔고 종료해라.,5,0,2025-09-24T03:08:13+00:00,3.6.0
starrail,붕괴:스타레일,c7bc9887-ccd5-4b3a-b59f-c00b236344af,키레네 ㄴ ㅐ ㄴ ㅏ ㅗ,5,0,2025-09-24T03:02:28+00:00,3.5.0
starrail,붕괴:스타레일,29a5a7e8-d4b1-4a67-b68a-fec9177c504b,재미뗘 재미뗘,5,1,2025-09-24T02:53:20+00:00,3.5.0
starrail,붕괴:스타레일,1aa352d2-27b1-44f3-8e95-e0e24743b3f6,"단점: 인플레 너무 심함, 캐릭터 하나 애정갖고 큰맘먹고 뽑아도 그 캐릭터를 제대로 사용하기 위한 준비가 철저해야하는데 그 구성이 좀 빡셈 그렇게 구성을 완료해도 퇴물취급 받으니 좀 슬픔 스토리가 현학적임, 라이트 유저는 애정 붙이기 힘들고 헤비유저만 살아남을 것 같은 세계관과 설명 안해주는 불친절함, 세계관 정보의 파편화로 분석 유튜버를 챙겨보면서 해야 이해에 도움이 된다 장점: 예술성있는 서브컬쳐 게임이라는 독보적인 개성이 있음 스토리가 현학적이지만 파고드는 재미가 있음",5,1,2025-09-24T02:49:26+00:00,3.6.0
starrail,붕괴:스타레일,3afe975f-c09a-453b-ad7c-6f486174e6fd,갓겜..,5,0,2025-09-24T01:59:19+00:00,3.5.0
starrail,붕괴:스타레일,78fb6e66-f938-4ef0-989e-6be7337e7a0f,류웨이님 제발 저에게 기회를....!!,5,0,2025-09-23T22:41:28+00:00,3.5.0
starrail,붕괴:스타레일,8e4cc253-47f9-4072-9769-5e219d145320,픽뚫이 너무 잘 나는 것만 빼면 좋은게임,4,0,2025-09-23T11:17:36+00:00,3.5.0
starrail,붕괴:스타레일,b09e75ef-4c7c-457e-876f-552da195c6e5,"메인퀘만 밀고가는 입장에선, 엥 얘 누구임?? 왜 나빼고 다 알고 있음?? 얘 악역 아니었음? 개척자 얘는 언제 친해진거임? 하면서 혼란스러운 구석이 좀 있는 거 빼면 괜찮은 편~! 스토리 밀고 싶으면 이 퀘를 깨야한다 같은 자물쇠가 걸려있으면 좋겠습니다. 턴제게임 싫어하는데 붕스는 합니다 재밌어요ㅋㅋ",3,0,2025-09-23T04:45:33+00:00,3.5.0
zzz,젠레스 존 제로,e74e6f25-f26b-4439-a9a8-78de0377a022,최적화 거지같음,2,0,2026-09-18T09:50:19+00:00,
zzz,젠레스 존 제로,4b5b6303-ccae-42b2-bbff-4e47a303365c,지금은 접속 잘 되나요?,1,0,2026-09-17T12:35:02+00:00,
zzz,젠레스 존 제로,c6c9f2a5-a0d1-474f-9fec-9b4c4298505d,저는 다 좋다고 생각합니다. 캐릭터 잘생기고 예쁘고 캐릭터 퀄 좋습니다. 그 카메라 기능 빼고 확대 기능이 없어서 좀 불편함;;;내 캐릭터 대가리 보려고 하는데 안됨 보려면 벽에 대야하는데 벽에 대면 왜 도대체 가슴팍으로 확대되는 거임? 내 돈으로 뽑았는데 얼굴 확대 안되는 건 좀;;; 그 젠존제가 전투 집중되어 있는 겜인 건 아는데...내 돈 주고 뽑은 애 대가리도 못 보는 건 스트레스 받음;;; 단점만 너무 말한 거 같아서 장점은 스토리 재밌고요 캐릭터 진짜 개성 있습니다. 여러 시렌? 흔히 수인이라고 부르는 그 캐릭터들 있잖아요? 많고요 진짜 젠존제 캐릭터가 정말 예쁘고 잘생기고 귀엽고 다 가지고 있어여ㅎㅎㅎ,4,0,2026-09-16T13:19:03+00:00,3.2.0
zzz,젠레스 존 제로,243c5255-9859-4b0d-a68e-c02a608d9655,게임이 말랑쫀득하고 스토리는 중간스토리를 잘 넘기면 2버전 후반부터 재밌어집니다. 난이도는 스토리 밀때 체험캐로 하므로 문제없고 시유방어전 등 전투 컨텐츠도 재화수급만 할 정도라면 어렵지 않습니다. 재화 수급은 양호하고 무과금이어도 재화만 잘 모으면 원하는 캐릭 데려갈 수 있습니다. 월정액하면 더 수월하니 추천드립니다. 캐릭터 픽업 픽뚫은 3.1버전 오면서 한정캐 추가로 조금 나아지긴 했으나 전무 픽뚫 불쾌감은 여전합니다. 전무 픽뚫은 제발 삭제했으면 좋겠습니다. 근데 최적화 관련해서는 뽑기운과 마찬가지로 본인 문제라고 봅니다. 모바일 환경이다보니 다른 섭컬겜과 마찬가지로 쾌적하게 하려면 최소한의 사양은 맞추거나 태블릿이나 PC로 넘어가는게 맞습니다. 그리고 낮은 별점은 티비 시스템이 남긴 흔적인데 지금은 없어졌으니 안심하세요.,5,0,2026-09-16T13:09:54+00:00,2.8.0
zzz,젠레스 존 제로,7200a259-28bb-402a-be61-cd86e3f46de7,픽뚫은 엄청나고 심지어 무기도 픽뚫나는데 그 캐릭과 무기의 가치는 써먹기 힘든 쓰레기 수준. 게임의 가치는 낮은데 게임의 BM은 기존 미호요 게임 대비 개선이 하나도 안됨. 3.0이 정식버전 시작 같아서 3점에 1점 더줌,4,9,2026-09-16T01:10:51+00:00,3.2.0
zzz,젠레스 존 제로,fa47a247-ac51-40eb-b21b-7e8e395b3fdc,용량이 너무 커요ㅠㅠ 플레이 타임 0시간ㅠㅠ 하지만 덕분에 핸드폰 용량 정리를 3시간이나 했습니다 고마워요~^^ 예? 고맙다고요^^,2,0,2026-09-15T15:07:40+00:00,
zzz,젠레스 존 제로,7e7337c7-fc14-4fe1-b5f7-49334fa6e15c,아니 바가 70.14에서 게속 떨어지네 아,1,0,2026-09-15T06:10:52+00:00,3.2.0
zzz,젠레스 존 제로,159560cf-be7d-457e-904b-e755c6864348,가끔식 터치가 안될떼 있네요(대화) 이것만 고치면 별 5개 드릴께요,1,0,2026-09-15T01:38:00+00:00,
zzz,젠레스 존 제로,92d1d969-44de-4c3c-b54f-a4501301a050,어떻게 같은 오류로 계속 튕기는데 이게 갑자기 생긴것도 아니고 꽤오래된거던데 이럴거면모바일은 왜낸건지 싶네,1,0,2026-09-15T00:54:27+00:00,
zzz,젠레스 존 제로,1ae67cb6-a305-469c-9951-8bbe9746c256,"2년동안 70.14 팅김 현상도 해결못하는 배짱 장사게임 메일 보내 달라고 하는데 메일 답변이 더 가관임 ""해결 못함ㅋㅋ 그냥 님이 새폰을 사셈"" ㅋㅋㅋㅋㅋㅋ니들이 돈 대주냐고 ㅋㅋㅋ 해결을 못하겠으면 구플베라도 열라고요 매크로 답변만 처 달지마시고 ㅋㅋㅋ 2년동안 셰이더 버그 방치해서 접속 틀어막는 게임은 진짜 니들 뿐이다",1,2,2026-09-14T09:11:28+00:00,3.2.0
zzz,젠레스 존 제로,3ec6f4e7-7e8d-4ba9-9ba2-34e7f80a9b5f,옛날에 계정 만들어 놓은 모바일 유저이고 오랜만에 게임 하려고 깔았는데 데이터 로딩 70.14퍼가 되면 자꾸 튕기네요. 여러번 시도해도 똑같습니다. 게임 플레이가 불가능 하다는 뜻입니다. 다른 모바일 유저들도 똑같은 말을 하고 있는데 아직도 안고쳐진 이유가 뭔가요? 이런 글들 확인 하셨다면 어디 이메일로 문의하라 하지 말고 직접 고치세요 제발...,1,0,2026-09-13T22:48:28+00:00,
zzz,젠레스 존 제로,5f096716-d4e3-4ad6-96a0-d841ce39323f,제가 이겜을 왠만해서 pc로 해서 최적화에 대한 불만을 크게 하지 않았습니다. 그런데 최근 아예들어가 지질 않습니다. 거기다 모바일에서 pc 관련으로 말하기 뭐하지만 오늘 제 pc를 완벽하게 다운 시키셨습니다. 정말 대단합니다! 싸펑이나 gta같이 고사향겜을 해도 멀쩡한걸 그냥 셧다운을 시켜주시던군요. 그렇다고 모바일로 들어가면 또 멀쩡합니까? 최적화문제가 지적된게 몇년짼데 아직도 이소리가 나오는 거면 당초에 고칠생각이 없다고 보는게 맞을거 같네요. 만약에라도 게이머들을 생각을 조금이라도 한다면 제발 최적화좀 해주싶쇼. 제발 부탁입니다. 오픈때부터 했는데 지금이 더하면 더했지 나아지질 않습니다.,1,0,2026-09-13T13:32:55+00:00,3.2.0
zzz,젠레스 존 제로,52ec6ce2-9e1e-4e4d-9874-f92e42c15caf,재미있는데 평점 왜이럼?,5,1,2026-09-13T06:56:19+00:00,
zzz,젠레스 존 제로,d25386e2-5f21-4163-8e0a-e8358b95f5b6,이번 패치 이후로 70.14에서 계속 팅겨요. 패치전까지만해도 잘됐는데,1,0,2026-09-13T02:34:09+00:00,3.2.0
zzz,젠레스 존 제로,e2ccf307-de1e-478f-b7e2-8165afc575d7,기이한 미궁 컨텐츠 재미도 없는데 피로이스 쓸려면 억지로 해야하는게 불쾌함,2,0,2026-09-12T19:05:25+00:00,
zzz,젠레스 존 제로,59295853-aca6-442b-80c5-21a8a2e00315,스토리 자체는 괜찮은데 3.2 업데이트후 대화가 끝나거나 잠깐 껐다가 다시오면 달리는 모션인데 속도가 너무 느려지는 버그가 있어서 게임을 즐기질 못하겟네요. 얼른 고쳐주길 바랍니다.,3,0,2026-09-12T14:56:46+00:00,3.2.0
zzz,젠레스 존 제로,eee61371-e810-4b91-ab56-1757e6fcbda3,3.0 업데이트 이후 발열이 끔찍할 정도로 심해짐. 폰으로 하지말고 PC 버젼으로 하라는 무언의 압박 같음.,1,0,2026-09-12T11:41:30+00:00,3.2.0
zzz,젠레스 존 제로,d38a799c-85bc-4fac-9d37-84049a2af3f5,최적화만 조금 더 잘해줬으면...,5,0,2026-09-11T09:31:14+00:00,3.2.0
zzz,젠레스 존 제로,ee266ddf-9d79-4204-a5f4-3f436ea3fdeb,이겜 최적화가 얼마나 쓰레기냐면 과장 좀 보태서 여름날 밖에서 플레이하면 과부하로 폰 꺼질 정도로 안돼있음 ㅇㅇ,1,0,2026-09-11T08:24:04+00:00,
zzz,젠레스 존 제로,00c2d4c3-3244-4836-a5c6-84044fdd39d5,"제 폰기종 s25엣지 인데, 젠레스 3.2버전에서 영상 파일 들어갔다가 나오더니 캐릭터 움직임 속도가 이상해요. 좀 수정해주세요.",5,2,2026-09-11T05:17:54+00:00,3.2.0
zzz,젠레스 존 제로,a69c2476-4615-4211-abfd-a248c4dd898c,게임은 참 재밌고 사람들 반응도 좋은데 최적화 하나때문에 욕 먹는걸 볼 때면 잘 즐기고 있는 유저로서 아쉽네요 더 잘 할 수 있을거라 믿습니다,5,0,2026-09-11T00:41:57+00:00,
zzz,젠레스 존 제로,b7162db2-d0cb-43ed-8487-1c4e985e4113,"한마디는 할게요 스토어에 평점 1점 쓰는 사람아 하, 하고 싶은 말 많은데 하나하나 해볼게 딴 거 모르겠고 최적화 얘기가 있는데 젠존제가 최적화 업데이트를 안 하냐? 매 버전마다 하는데 징징거리는 거 꼴 보기 싫네 당장 옆집 명조랑만도 비교해도 훨씬 최적화 잘되어 있는데 이게 싫으면 접어. 스토리가 재미없다 재미는 주관적인 건데 뭐 너 따위 하나의 의견을 1점 달고 말해도 되냐? 이번 3.0부터 고점 찍었고 싫으면 접어. 그리고 얘네 말하는 거 보면 하 크게 2개 핸드폰 얘기, 70.14 하 네 기종 안 궁금해 야, 생각을 해라 네 기종 말한다고 뭐가 고쳐짐? 저는 S24, 저는 S23인데 게임이 렉 걸리고 70.14에서 멈춰요 야 너네가 관리 안 한 거지 나 S20+인데 명조 젠존제 니케 델타포스 이런 거 다 잘돼 뭐 어쩌라고 네 기종 얘기해서 뭐 변함? 70.14 네가 이런 거 싫으면 자료 첨부해서 문의 넣어 안 고쳐주면 접어 너네 없어도 되니까 꺼져 저는 재밌게 하고 있습니다.",5,2,2026-09-10T07:39:41+00:00,3.2.0
zzz,젠레스 존 제로,ca0e208b-c2a8-46da-bac9-8231585ecd4e,이야기를 꾸미라고 했습니까?? 언제까지요?? 1년365일 다가도록?? 이거는 믿도 끝도없이 뭐하는 사기입니까?? 아무리실행헤도 종착지도 없고 끝도없고 구글포인트 주지도 앙ㅎ을거면거면 게임설치하느라 쓰잘떼기없이 대용량만 차지하고 포인트는 준다는 보장자체도 없고 말로 떡치고 사기치지맙시다!!!,1,0,2026-09-10T07:32:13+00:00,
zzz,젠레스 존 제로,78842705-0862-4066-bb3e-dcea6fda4479,액션 게임으로서 확실히 재미있어요,5,0,2026-09-09T17:48:30+00:00,3.1.0
zzz,젠레스 존 제로,4886dfe4-bd2b-4e7f-b5ee-033e0bdc6ad8,게임을 하려고해도 70.14%에서 자꾸 튕기네요.게임을 하려고 해도 하지를 못하네요.,1,0,2026-09-09T14:23:30+00:00,
zzz,젠레스 존 제로,38e36493-cc62-47c5-b474-fd4aa7c7725f,캐릭들이 너무 예뻐서 게임 집중이 안되자나,5,0,2026-09-09T10:44:52+00:00,3.2.0
zzz,젠레스 존 제로,3988beb2-c77c-4a9f-8071-1bc8c812651c,게임 내에서 다운로드가 안됩니다. 저장공간이 50MB 부족하다는데 2GB짜리 앱을 지워도 그대로입니다. 저번에는 지웠다가 다시 설치했지만 업데이트마다 매번 재설치하는 방법은 번거롭고 너무 오래걸립니다. 다음 업데이트 전까지 확인해주시면 감사합니다. 게임은 잘 즐기고 있습니다. +3.2버전 업데이트 다시 같은 현상이 일어났습니다. 2GB여유 공간이 있습니다.,2,1,2026-09-09T08:10:11+00:00,3.2.0
zzz,젠레스 존 제로,38de10f8-15e3-452d-8075-651cda9a5344,퍼리좋아,1,1,2026-09-09T03:28:57+00:00,1.0.0
zzz,젠레스 존 제로,f040bc39-747c-44de-bf34-6786c69436a0,픽뚫이 너무 많이나서 힘들어,3,0,2026-09-09T03:01:48+00:00,3.1.0
zzz,젠레스 존 제로,9aad6735-fb00-4987-b38b-51f58ccae50b,재미있음,5,0,2026-09-09T02:54:51+00:00,3.1.0
zzz,젠레스 존 제로,4eff8e52-e05d-42e5-961b-6bdd97846263,어흐,5,0,2026-09-09T02:40:44+00:00,3.1.0
zzz,젠레스 존 제로,09d8be95-cbb8-4769-9ddc-4887542e3d8a,호불호가 극심히 갈리는 게임으로 평가됩니다 캐릭터가 아무리 매력적이거나 귀여워도 맵은 원신에 비해서 퀄리티가 떨어지거나 배경은 오히려 1970년대의 한국 고전풍이랑 같은 도시 배경이랑 비슷해서 너무 싫습니다! 그리고 최적화도 너무나 별로여서 저에겐 젠존제는 비추천하는 게임이라고 생각합니다!,1,0,2026-09-09T01:48:18+00:00,1.0.0
zzz,젠레스 존 제로,8012c961-52c5-4675-99f1-24458b62c0f5,출시한지 2년이 넘었지만 여전히 서브컬쳐 모바일 게임 중 액션성의 정점에 있는 게임,5,0,2026-09-09T00:37:21+00:00,3.2.0
zzz,젠레스 존 제로,137deccc-fa6d-4a55-81ab-4ba4612a7ab1,제가 이 게임을 엄청 좋아하는데 1년 전부터 접속이 불가해요. 제 폰이 갤럭시s22+를 사용중인데 자끄 70.14%에 게임이 튕겨요.ㅠㅠ 이거 빨리 수정해주세요. 빨리 하고싶어요.,5,0,2026-09-08T08:18:50+00:00,3.1.0
zzz,젠레스 존 제로,8c68d3da-ca4a-4427-8110-8c64fe909234,게임할려고 들어가면 자꾸튕기고 오늘은 3번이나튕겨네요... 아무려도 핸드폰으로하다보니 그런거게죠... 그치만아쉅네요,4,0,2026-09-07T11:44:57+00:00,
zzz,젠레스 존 제로,0a1eefff-d6b7-4625-be7f-3a352ebdc39c,재미있음 캐릭터 예쁨,5,0,2026-09-06T13:27:53+00:00,3.1.0
zzz,젠레스 존 제로,63311d92-eb2c-4ab4-8f12-76df43799d5d,답이 없는 최적화,1,2,2026-09-06T09:49:14+00:00,3.1.0
zzz,젠레스 존 제로,09a032ce-377a-4fcb-9f91-5f82c4f068e7,음. 설명 필요없음. 겜이 안되는건 폰이 구린건데 그걸 모르고 왜 욕하는지..그리고 로딩70.XX%에서 멈추는건 셰이더(쉐이더)컴파일링 땨문인데 이건 안드로이드 한정인듯,5,0,2026-09-06T07:59:32+00:00,2.1.0
zzz,젠레스 존 제로,7a9c19e9-a805-4c2e-a4b5-ca372919d815,내가 별겜을 다 해보면서 이딴겜은 처음임 뭔 로딩만 30분 넘게 처 걸리는데 이딴겜이 뭔 1000만회냐 ㅋㅋ 1만회도 안되겠구만,1,0,2026-09-06T06:26:32+00:00,3.1.0
zzz,젠레스 존 제로,6953c3ff-e3e2-4cad-9665-2e00c8b1601f,겜은 좋은데 절대 모바일로 할만한 게임은 아님,3,0,2026-09-06T03:04:59+00:00,
zzz,젠레스 존 제로,dfef335d-f93b-4a9e-9c40-1a062d39e1ce,픽뚫 한개라도 없애라 호요야 니들 겜 3위권 밑으로 곧 떨어진다 명조 이환에 이어서 내년이면 무한대 실버팰리스까지 나오는 마당에 아직도 이렇게 배짱 장사하면 니들만 손해보는 지름길이다ㅋㅋㅋ,1,1,2026-09-05T06:12:34+00:00,3.1.0
zzz,젠레스 존 제로,0667d4a4-9c77-4aa4-9005-f3f382663b84,로딩이 너무 오래 걸리고 시간 낭비만 하고 좀 불편 불만이네요. 좀 고쳐주세요.💔👎👎,1,0,2026-09-05T05:07:18+00:00,
zzz,젠레스 존 제로,50f99d94-fc41-41f3-abad-30ac9eace1e1,구글 플레이 이벤트(리워드) 리소스가 30GB가 넘어요 참고하세요,1,1,2026-09-05T03:20:58+00:00,
zzz,젠레스 존 제로,ea627f38-8e46-4c19-9170-6f93b031a0ae,진짜 개 별로네 얼심히 모은 재화도 사라지고 계속 튕기고 스토리 별로고 원붕보다 돈만도 쓰고 개 별로인거 바라 원붕 하는게 훨씬 낮네 이건 그냥 안하는게 가장 좋다 할 생각하지말고 원븅이나해라,1,0,2026-09-04T17:39:17+00:00,3.1.0
zzz,젠레스 존 제로,5530b60b-2bc0-4d15-a8a2-afd3ebcddfbe,꿀잼,5,0,2026-09-04T15:47:04+00:00,3.1.0
zzz,젠레스 존 제로,fb6a7981-a839-409b-9966-0af0b8a05111,굿,5,0,2026-09-04T15:04:33+00:00,
zzz,젠레스 존 제로,83306b43-4917-4884-9306-b3b9df6ba079,26.09.04 22시 00분 게임 전체 총 37.83GB 다운 후 쉐이더 컴파일 하는데도.. 10분... 용량이 왜이리 큰건지... 원.. 애플리 케이션은 1GB밖에 안함...본판 다운 크기가 36GB넘음.. ㅋㅋㅋㅋㅋㅋ 미챠.. 게임 한판 하자고 다운했더니... 다운하고 파일 받는데만 8시간 ㅋㅋㅋㅋ 미쳤군.. ㅋㅋㅋ 폰 충전 필수... 잘때 업뎃 시키고 주무신뒤 아침에 일어나면 다 되있을듯... 허헛.. 다행이 폰이[ S22 울트라에 512GB에 5G 무제한] 이라서 다행이지... ㅎ,4,7,2026-09-04T13:04:58+00:00,3.1.0
zzz,젠레스 존 제로,e9bdcdeb-31b1-48d1-9677-b49f8490ec9d,모바일 유저였다가 이번 업뎃 이후로 컴퓨터로 넘어왔는데 진작에 컴터로 하는게 정신 건강에 이로운 거 같아요 로딩이 확실히 잘되서 좋네요,5,0,2026-09-04T10:29:53+00:00,
zzz,젠레스 존 제로,175e720f-3444-4a12-9578-e1b6a6e05426,👍👍,4,3,2026-09-04T06:52:52+00:00,
zzz,젠레스 존 제로,02debada-b862-43e1-ab65-3bcb2a540771,제발 최적화좀....,2,0,2026-09-03T07:41:29+00:00,3.1.0
zzz,젠레스 존 제로,644159bd-17ce-4cc2-ae4d-49d2c3b82784,용량이 너무 커서 삭제했어요 호요게임 2개 까니까 100기가가 넘네요~ 잰레스 먼저 정리했네요 1버전대 캐릭터들 디자인이 마음에 들었는데 3버전은 맘에 드는게 없어요 ㅠ앨리스 야나기같이 모던풍이 취향인데 아쉽지만 pc로 갈아탑니다,2,0,2026-09-03T03:46:44+00:00,
zzz,젠레스 존 제로,4ef00651-bbcc-4390-b22d-d7fd512a93c1,재밌게 했었지만 라미엘을 기점으로 접게 되었습니다... 신캐가 없으면 모든 콘텐츠를 완벽하게 즐기기 힘든 구조로 설계되어 있는데 뽑기가 잘 되냐 하면 그것도 아니라서 자연스레 안하게 되더군요,3,0,2026-09-03T03:07:02+00:00,2.0.0
zzz,젠레스 존 제로,67ccf5c1-be3e-4864-b387-9e2f8b6c8340,"액션 요소랑 에이전트가 매력있어서 시작한 유저입니다 더 멋있고 섹시한 에이전트, 스토리 연출 기대할게요~!",5,0,2026-09-02T09:54:53+00:00,3.1.0
zzz,젠레스 존 제로,77a036ec-c53d-4fc5-b88b-26e068ef7894,제로 공동에서 처음부터 다시 사작하기 추가해주십쇼,2,0,2026-09-01T23:18:17+00:00,3.1.0
zzz,젠레스 존 제로,59de99fd-d4a9-4398-9734-365b5832e0de,다 좋은데 최적화만 잘해다오.. PC 아니면 겜을 제대로 즐길수가 없어,5,0,2026-09-01T18:11:19+00:00,3.1.0
zzz,젠레스 존 제로,2f117d31-2bd5-4ad8-a459-c842f012e06c,로스캘리퍼는 신이고 레미엘은 진리다,5,4,2026-09-01T15:35:28+00:00,3.1.0
zzz,젠레스 존 제로,9bdd1f4e-47aa-47de-85b1-6fbcd44b2bd7,"캐릭터가 이쁘고 스토리도 3.0 와서 정화 되서 더 재미있어 졌습니다, 하지만 로딩 중 70.14에서 뭠춥니다 하지만 전 휴대폰 전원을 껐다 키지마자 바로 젠레스 존 제로를 키면 해결 되더라고요, 만약에 로딩중 튕긴다면 저 처럼 스마트폰을 껐다 켜보는걸 추천 합니다.",5,6,2026-09-01T14:44:06+00:00,3.1.0
zzz,젠레스 존 제로,9d844b35-cc69-468d-9d4f-5f8bebb41685,갤럭시 s20인데 발열도 거의없고 렉도안걸림,5,0,2026-09-01T13:00:37+00:00,3.1.0
zzz,젠레스 존 제로,ca37a59c-cb73-4e58-a96f-1ee4a7ab01f5,최적화 개판,2,0,2026-09-01T12:41:35+00:00,
zzz,젠레스 존 제로,c26d663b-341d-4b6e-a752-3e3fd747a8d2,모바일로 이용중에 화면 방향 전환할때 홱!!하고 아예 반대편으로 쳐 돌아가는 현상이 갑자기 잦아졌는데 개선 좀,2,1,2026-08-31T14:33:54+00:00,3.1.0
zzz,젠레스 존 제로,19959053-7ee2-4722-9725-7584478e82f5,폰 바꾸는것 지원안해줄꺼면 S24 기준으로 잡고 최적화좀해주세요 폰이 발열을하고 못견디고 날리나서 결국엔 접게되네요 이번 신규캐릭터.좋은 애도 현질없이 얻었는데 폰이 S24라서 발열 렉 겁나게 나요 최적화 안하는것 명조 보고 배웠나요? 아주 안좋은것만 보고 배우는듯한?,2,26,2026-08-31T09:19:47+00:00,
zzz,젠레스 존 제로,0a697d00-18a9-414f-9d1c-0cf40a795db1,휴대폰 그렇게 구린것도 아니고 나름 최신형인데 게임 발열 개 심하고 자꾸 튕기고 조작 개불편하고 이따구로 만들거면 모바일로 내지를 말던가 진짜 그냥 게임 시스템이 버러지임,1,0,2026-08-30T20:09:30+00:00,
zzz,젠레스 존 제로,b9264f26-c678-4098-9ee0-93c6f7464438,2년동안 스토리 고점이 단 한번도 없는 게임,1,2,2026-08-30T13:14:36+00:00,1.2.0
zzz,젠레스 존 제로,aaef1ee3-2d0c-4166-91ec-96ea9ae35568,인생 모바일 게임을 찾았다,5,0,2026-08-30T07:16:10+00:00,3.1.0
zzz,젠레스 존 제로,4cf06cf5-5641-4033-91c8-6f3c7abd2ad9,진짜 모바일은 개별로긴 하다 로딩 중 튕김은 너무 많고 렉걸리고 뭐냐 이게,2,0,2026-08-30T05:12:29+00:00,3.1.0
zzz,젠레스 존 제로,3e8706dd-c877-42a7-b74c-62188d3f5ae2,귤복복 상향좀,5,1,2026-08-30T03:26:36+00:00,3.1.0
zzz,젠레스 존 제로,62701d5a-1b5a-4011-bb92-d21879ab481d,걍 튕기는데요 ;; 접속이 안되잖어 걍 최적화를 안하는건지 못하는건지 참 진짜,1,3,2026-08-30T02:07:42+00:00,3.1.0
zzz,젠레스 존 제로,525b5562-a48f-4191-9d96-b1c53e4436e0,"버전 업데이트 마다 늘어나기만 하는 렉. 제 pc 사양이 부족한 컴퓨터가 아님에도 불구하고 렉은 심해져만 가는데. 간만에, 폰으로 과금 좀 하려니. 아예 게임 실행 자체를 못 할 정도로 최적화를 이렇게 까지 유기 했을 줄은 몰랐네요. 사양을 최저로 낮춰도 최신 폰으로 실행을 못 할 정도면 게임 왜 제작 합니까. 거기에 어째서 pc 로 젠존제를 키면 인터넷 속도가 저하 되는 일은 도대체 왜 발생하는 겁니까?",2,3,2026-08-29T12:30:04+00:00,3.1.0
zzz,젠레스 존 제로,0396ecd1-22d7-4c74-96a8-11c7ac6023c3,게임문제가 아닌 호요버스에 평을 낮추는.......,1,2,2026-08-29T11:46:49+00:00,
zzz,젠레스 존 제로,f9769bfc-9b71-4681-a550-e43ba56477ac,최고의 액션게임 여캐들도 이쁨,5,0,2026-08-29T03:49:50+00:00,
zzz,젠레스 존 제로,c74902b9-ae79-4c5c-ac41-023bba702c22,"와, 데이터 로딩하는데 70%에서 계속 튕김",1,1,2026-08-29T00:29:51+00:00,
zzz,젠레스 존 제로,5efddca1-594b-4a99-b0fc-faa2bd768b02,엔드 콘텐츠는 여러 개 있지만 일부는 업데이트에서 잊히는 느낌이 강합니다. 시련의 탑이나 임계 시뮬레이션도 꾸준히 업데이트해 줬으면 좋겠습니다.,5,2,2026-08-28T07:50:45+00:00,3.1.0
zzz,젠레스 존 제로,b1bd4d3d-a242-4003-80fa-53081cbc9bf4,레미엘 뽑기 끝났어요?,5,1,2026-08-27T23:46:10+00:00,
zzz,젠레스 존 제로,a7e83385-7837-4e32-a412-5d211cbbbd52,최적화 좀 해주세요. 오류 보고 지적해도 해결할 생각이 없는건지. 램 점유율이 너무 높아서 다른 앱들 먹통 되기도 부지기수입니다. 호요버스 게임들 아무 문제 없는데 젠존제만 그래요. 비주얼 낮추고 안정화 좀 해주세요. 모바일 신경좀 써주세요.,1,6,2026-08-27T23:11:14+00:00,3.1.0
zzz,젠레스 존 제로,b4ed9726-9f4d-4e78-a859-a85835733fc3,캐릭터별 편애가 매우 심하다. 편애 받는 캐릭터는 1년 가까이 접대 받지만 버려진 캐릭터는 한 두 달 접대 받고 끝난다. 심지어 주인공 끼리도 편애가 있어서 벨로 플레이해도 와이즈가 주인공처럼 묘사될 때가 많다.,1,1,2026-08-27T12:24:29+00:00,3.1.0
zzz,젠레스 존 제로,efb51c60-92bb-4288-8450-4a97c01b42ca,구려요,5,0,2026-08-27T07:09:53+00:00,
zzz,젠레스 존 제로,5a58d788-3b02-4e30-89d3-4d4f4d66537b,"캐릭 디자인, 세계관은 좋은데 이번 베이글 프로젝트 업데이트로 회사가 더 이상의 유입을 원하지 않는것 처럼 느껴짐.캐릭를 뽑고 업글하는 이유는 조금 더 타격감있고 수월하게 하기위해 투자하는건데 투자하는 의미를 없애버리는 것처럼 레벨이 더 이상 중요하지 않고 콘텐츠의 난이도마저 라이트하게 즐기는 유저들을 배척하는 것같음. 이러한게 뉴비의 진입장벽 또한 높여버리고 기존 유저들 마저 빠져버리는 결과를 초래함 또한 업데이트를 통해 다양한 콘텐츠를 제공하는 건 좋은데 최적화는 포기한것 같음. 우선 제작진이 최적화와 계속해서 어려운 콘텐츠를 제공함으로써 뉴비와 기존 유 이탈에 대해 진지하게 생각해보는게 좋을것 같음. 그게 아니라면 이 게임은 더 이상 발전의 기미가 보이지 않을것 같음.",1,2,2026-08-26T14:56:46+00:00,3.1.0
zzz,젠레스 존 제로,df000e10-de38-41d4-bb7b-ed897638c476,"안드로이드 최적화가 심각할 정도로 안된 건지, 레미엘 업데이트 이후 항상 70.14%에서 튕겨서 로그인 못하고 있음. 지금까지 모바일로만 해왔는데 이런 문제가 발생하고, 젠존제 측에서 문제를 빨리 고쳐주지도 않으니 답답하네요... 재화 모아서 레미엘 전무 뽑고 싶었는데 약 한달 간 아예 로그인도 못하니 참",4,1,2026-08-26T12:19:23+00:00,
zzz,젠레스 존 제로,7408991c-ccf2-4cc3-971e-7298c8eb3e39,핸드폰으로 하려고 하면 70.14퍼센트에서 계속 진짜 몇번씩이나 계속! 강제로 꺼지고시작을 못해요,1,1,2026-08-26T03:46:04+00:00,3.1.0
zzz,젠레스 존 제로,14966810-9050-4825-a43c-525792c448cc,"숙제용으로 20~30분 할 수는 있지만 절전 모드로 설정해도 잔랙 심하고, 오래하면 발열과 배터리 소모 심함.",3,1,2026-08-26T02:28:00+00:00,3.1.0
zzz,젠레스 존 제로,c1b0ec42-2cfc-4fa5-941f-88a56b04c9a6,아니 맵 버그 너무 심함..공동 구역에 두가지 맵이 겹치는 현상이 한두번이 아님..1버전이 지나도록 개선도 안하는거임? 좀 실망인데,3,0,2026-08-25T13:05:59+00:00,3.1.0
zzz,젠레스 존 제로,dde5feb6-9760-48a5-813d-1dcf0d85c379,왜튕기냐,2,2,2026-08-25T12:57:36+00:00,3.1.0
zzz,젠레스 존 제로,3ad8ddae-1550-4670-82bc-556da1817437,최적화가 혁신적으로 개선되면 돌아올게요 가뜩이나 현질이 늘어나는데 부담도 늘어나고 스토리는 점점 개선되지만 그걸 무마할정도로 최적화가 안좋음 s25유저인데 60프레임 유지는 가능하지만 최근 신맵의 과부화와 젠존제 고질적으로 순간적인 프레임드랍은 항상문제였고 요즘 중국 대세게임에 비해 프레임보간 처럼 프레임 두배 뻥튀기 기능도 없음,1,0,2026-08-25T10:34:49+00:00,3.0.0
zzz,젠레스 존 제로,dc6687b4-466e-4e92-9973-2a6f5700c27d,70.14의 벽을 못넘어,1,1,2026-08-25T10:03:36+00:00,
zzz,젠레스 존 제로,c7f5111c-96c1-479e-bef5-782934c6d4ff,오픈한지 어느덧 2년 이런저런 말이 많았지만 어찌됬던 전투의 맛은 젠레스만한게 없다,5,0,2026-08-25T01:50:01+00:00,3.1.0
zzz,젠레스 존 제로,7e276ea4-4b58-44a0-9f05-5368b598972e,언냐들이 인증해준 갓겜 지금바로다운로드 ㅋㅋ,5,1,2026-08-24T19:00:15+00:00,3.1.0
zzz,젠레스 존 제로,d2952a35-0fd5-4129-99b8-f3f4144601ee,굿게임,5,0,2026-08-24T14:58:04+00:00,
zzz,젠레스 존 제로,d215cf35-b1e4-4c1f-ac3b-5de9b78f7d71,튕기신다는분들한테 말씀드립니다. 이게임은 고사양게임이라 발열과 부하가 기기에 크게들어와요 그리고 요구사향이 큽니다 최소램이 8~12GB는되야 여유분이 조금 남아요 그리고 최소 돌리시려면 그래픽 타협봐도 S25시리즈 전기기들은 울트라들만 그나마 원활하게 돌아갈때가있습니다 기기가 조금아쉬운편이라면 게임하기위해 가상메모리를 조금만 추가해서 해보는걸 추천드립니다,5,1,2026-08-24T12:11:01+00:00,
zzz,젠레스 존 제로,4d95ede4-85f9-46fb-a0ab-09df76b2a915,시즌3시작부터 최적화 이상해져서 랙이 안걸려도 게임 플레이중 프리징 발생해서 게임이 멈추는 형상이 계속 있는데 해결 왜 안하나요,1,0,2026-08-24T05:53:41+00:00,3.1.0
zzz,젠레스 존 제로,3fe4f4a2-1cbc-4190-aa4c-6acfd5424ec3,장점:최적화 빼고 다 좋음 단점:그 최적화가 모든 장점을 개같이 씹어드심. S24 FE라고는 하지만 좀 정도가 심하다.,1,0,2026-08-24T01:45:22+00:00,3.1.0
zzz,젠레스 존 제로,8c9560ef-a952-4efe-b427-3364dec37b5a,젠존제 하세여 정말 재미있고 컷신 하나하나 정성이 담겨 있어요. 제작하시는 분들의 피땀눈물이 섞인 게임이라는게 캐릭터와 그래픽에서 아주 잘 들어 나기 때문에 이 게임을 적극 추천 합니당^^ 로프꾼이 될끄야ㅏㅏㅏㅏㅏㅏㅏㅏㅏ,5,2,2026-08-23T05:56:01+00:00,3.1.0
zzz,젠레스 존 제로,1f310118-b186-4cfd-b7ee-ea1f9c1c52f7,게임이 로딩 끝나자마자 자꾸 나가지네요.,1,0,2026-08-23T03:00:56+00:00,3.1.0
zzz,젠레스 존 제로,8053d7a0-33a5-49de-9200-7d0dedd2025e,"확실히 2주년이 되고 나서 스토리, 캐릭터 A/S, 혜택 등 게임으로서 고쳐진 부분이 많아져서 재밌어졌음. 근데 최적화는 여전히 그대로... 원신, 붕스는 잘만 돌아가는데 유독 젠존제만 프레임 드랍, 발열이 심함",4,2,2026-08-22T20:08:10+00:00,3.1.0
zzz,젠레스 존 제로,5f2ee90c-1315-424c-b9e6-355ec55e222b,모바일 최적화 좀 해주세요 모바일로 켜지지조차 않는게 맞나요?? 그럴거면 왜 모바일로 출시하셨나요? 게임 튕길때마다 배경화면 설정한것도 초기화되고 게임성 제외하고 최적화만으로도 최악이네요 폰 기종이 게임 출시된 년도랑 같은 년도에 나온 S24인데 이래도 요구사양 핑계대실건가요? 유저랑 기싸움 그만하시고 빨리 최적화나 하세요 Pc에 쓸데없는 Dx12같은 기능 넣어서 보여주기식 운영 하지 마시고요,1,2,2026-08-22T17:26:02+00:00,3.1.0
zzz,젠레스 존 제로,59a69dc5-95f8-4b74-b0bc-3e7ad5da7f4f,2026 GOAT,5,0,2026-08-22T14:41:29+00:00,3.1.0
zzz,젠레스 존 제로,9e26f2f6-4537-483b-880e-8a5913541fc1,원래 아이폰쓰다 겔럭시 9+로 바꿨는데 데이터 로딩이 70.14퍼에서 자꾸 튕기네요...하고싶어도 못하고.. 어케 고쳐야되나요..?,2,0,2026-08-22T13:23:14+00:00,3.1.0
zzz,젠레스 존 제로,03ea7530-a372-4f4d-a47d-4ac4ad85a4a4,버전 3 되고나서 게임 로딩이 70.14%만 되면 자동적으로 튕기네요. 주년이라 해서 해볼려고 했다가 지금까지 벌써 5번 지웠다 깔았습니다.. ram 도 올려보고 별의별 폰 고치는 방법은 다쓴거 같습니다. 빨리 고쳐져서 젠존제의 전투 손맛 저도 느껴보고 싶습니다. 빨리 고쳐지길 바라겠습니다. 🥲👍,1,0,2026-08-22T09:44:08+00:00,
zzz,젠레스 존 제로,dd92f7f3-e531-4eca-a7e5-7568fa8d553b,"게임 로딩창에 70.14퍼만 되면 계속 3번이나 튕기고, 게임 접속하다보면 잘 가다가 또 렉 걸리다가 튕김발생이 생겨서 다시 들어가고 겜 로딩창에 또 3~5번이나 튕겨서 게임하기 불편하네요..ㅠ 모바일 기기 현상인것 같은데 렉이나 튕김현상 고쳐주시면 좋겠습니다..ㅠ",3,9,2026-08-22T09:39:05+00:00,3.1.0
zzz,젠레스 존 제로,3d110357-70d4-4c83-8cfc-a01027069ad5,튕기시는 분은 구글플레이 방해금지모드가 켜져잇는지 확인해주세요! 제가 그걸 끄고 키고 들어가는 걸 해봤는데 키고 들어 갔을 때에는 튕기고 안 키고 들어갔을 때에는 튕기지 않았어요!,5,1,2026-08-22T06:07:09+00:00,3.1.0
zzz,젠레스 존 제로,a746279e-664d-4426-9a54-ac8966105c5c,젠존제를 해봐야 알 수 있는 매력이 있음,5,0,2026-08-22T04:12:35+00:00,
zzz,젠레스 존 제로,3b13ef73-5af2-4d7a-9bf2-0bb7f2755ed2,그냥 픽뚫이라는 시스템 자체도 불쾌한데 현재 4연 픽뚫후 반천 그리고 또 픽뚫이 났네요. 그냥 반천만 치는데도 들어가는 돈이 만만치 않고 또 무소과금 유저들은 안그래도 재화 모자란데 이렇게 픽뚫도 많이 나버리니깐 게임 자체가 너무 혐오스러워지네요,1,2,2026-08-22T01:58:27+00:00,3.1.0
zzz,젠레스 존 제로,42f6618a-6b43-42f1-a9c4-0ec14bae7ebd,아무리 게임을 지우고 다시 깔아도 게임에 들어갈 수가 없습니다. 재밌게 게임하려고 했는데 시작도 못하고 매번 팅기고 겨우 들어가고 나서도 얼마 안가서 팅기고 삼성 고객센터에도 문의 넣을 정도로 다양하게 해봤어요. 그런데도 대체 왜 이런지 모르겠네요. 용량도 아니고 램도 아니고 기종도 갤s24인데 최적화 문제가 아니면 대체 뭔지 모르겠네요. 게임 업데이트 할때마다 최신기종으로 바꿔야하나요?,1,9,2026-08-20T19:15:21+00:00,3.1.0
zzz,젠레스 존 제로,45f2a712-0e01-4e56-838a-81dbf59181b8,태블릿으로 하다가 용량 꽉차서 핸드폰으로 옮겼는데 이런 안깔려요 안깔린다고요 진짜 별의 별거 다 건드리면서 하는데도 계속 튕기지 불쾌감은 쌓여만 가지 다른 게임도 하는 유저지만 이건 좀 아니죠 게임에 돈을 적게 쓰는것도 아니고 뭐하자는 건지 모르겠네요 이런 식이면 게임 접죠 뭐하러 제가 제돈 결제하면서 까지 짜증을 느껴야 되는지 답답하네요,1,2,2026-08-20T13:36:23+00:00,3.1.0
zzz,젠레스 존 제로,ee268c87-8bc4-4e76-9e14-ef66bf5068d0,왜자꾸 렉걸리면서 팅기는건데,2,0,2026-08-20T13:12:59+00:00,3.1.0
zzz,젠레스 존 제로,b9ab85cc-7834-4f7c-baf2-4a826ca2bc72,들여보내줘.,3,0,2026-08-20T11:19:46+00:00,
zzz,젠레스 존 제로,da0b3f85-99c9-4327-9c81-7b760e13a46a,많이 편리,4,2,2026-08-20T08:51:02+00:00,
zzz,젠레스 존 제로,9754c467-dbcb-4180-9372-b475b48f72bf,"명조는 폰으로 전투하기가 불편했는데, 젠존제는 폰으로도 편했습니다.",5,0,2026-08-20T07:01:25+00:00,3.1.0
zzz,젠레스 존 제로,a44608a5-7b41-4d0a-b371-7da5142b87ec,PC도 최적화 안좋은데 모바일은 그냥 게임을 할수조차 없음;;,1,0,2026-08-19T19:19:20+00:00,
zzz,젠레스 존 제로,1db3c2dd-d226-410d-bf8f-2a0963b14605,노골적인 엔진팔이,1,0,2026-08-19T16:08:44+00:00,1.1.0
zzz,젠레스 존 제로,79b873e9-aa3d-473e-aeac-11d8f05dcc2c,최적화 좀 해주세요 언니겜들은 잘만 되어있는데 왜 젠존제는 하지를 않죠?,1,0,2026-08-19T13:33:28+00:00,2.6.0
zzz,젠레스 존 제로,1b285c27-6b52-4ec7-a660-033577576be0,최적화 좀 처해라,1,0,2026-08-19T11:51:21+00:00,3.1.0
zzz,젠레스 존 제로,a7c265ac-b937-48fc-8b89-bbb44612b93a,젠르코프 하면서 내가 이 2년동안 이 게임을 한게 가장 후회됨. 다시는 보지 말자.,1,1,2026-08-19T11:46:01+00:00,3.1.0
zzz,젠레스 존 제로,b698b3eb-4cef-4c5f-b72d-70cf55f33090,벨 와이즈를 맵에서만 성별을 바꿀 수 있는게 아닌 스토리에서도 바꿔서 볼 수 있게 해주세요..,4,1,2026-08-18T15:58:09+00:00,
zzz,젠레스 존 제로,4f7c2d12-399c-42ce-aa3e-b30e5c614de9,계속 게임을 들어갈라고 하는데 데이터 로딩중에서 70%에서 멈추고 튕기는데 뭐임?,2,0,2026-08-18T10:43:44+00:00,3.1.0
zzz,젠레스 존 제로,dd44aa2c-aac6-4b88-b99f-edc0cd3dabca,프레임속도 30이면 화면이 지혼자 돌아가니 60으로할것 그리고 s24u기준 60프레임은 발열 개심함 //////진짜 심하네ㅋㅋ s24u가 발열때문에 겜을 못할정도면 겜이 문제 아닌가..?? 최적화방법 적용해서 한판하고 식히고 한판하고 식히면 어느정도는 괜찮은데 굳이 그럴 필요가 있나 싶다 접힐거같다~~,1,6,2026-08-18T05:03:56+00:00,3.1.0
zzz,젠레스 존 제로,434463b3-5236-48c4-b6f2-f14f8f3ca594,재밌긴 한데 엔비 엔진 강화하려고 하면 튕겨지네요 그 이후 70까지 가다가 튕겨지고요 장난하나요? 참고 하려 했는데 짜증나서 못해먹겠네요,2,0,2026-08-17T12:34:55+00:00,
zzz,젠레스 존 제로,d660840f-4783-43b8-8f90-4f60c4f54200,최적화가 너무 안좋네요 계속 튕깁니다,2,0,2026-08-17T07:28:47+00:00,3.1.0
zzz,젠레스 존 제로,eed3a2d7-dbdd-4380-a6fb-69620c465e30,모바일로 게임 진입시 데이터 컴파일 70.14% 때 끊기는 현상이 많이 발견됩니다. 모바일 최적화도 필요할듯합니다. 참 전투는 좋은데 폰 게임인데... 폰으로 구동하기 어렵네여,2,2,2026-08-17T01:32:45+00:00,3.1.0
zzz,젠레스 존 제로,5ae4a0f9-3404-409c-95a1-d5ac52e9097b,귀찮고 번거롭고 한 번 놓치면 끝나는 기간제 컨텐츠들 천지인데 직장없고 시간 남아도는 사람들을 위한 게임입니다. 요즘 국산게임은 놓치면 유예나 복구할 수 있는 장치가 있는데 중국인들은 게임가지고도 칼같이 구네요.ㅋㅋ BM은 가성비가 굉장히 떨어집니다. 공사급 외 캐릭들 상태 말이 안나옵니다. 밸런스 못 잡아서 전투콘텐츠들 악랄하게 변하고 있습니다. 캐릭터들이 못해도 2년은 가야지... 몇 달 내로 묻히는데 제정신으로 보이지 않네요. 그리고 궁 컷씬 on/off 좀 만드세요.... 궁 쓸 때마다 매번 시청해줘야 할까요?,1,1,2026-08-16T20:50:27+00:00,1.3.0
zzz,젠레스 존 제로,7e7da181-8e6c-4bea-9c8b-7a16d3322b64,"게임성? 좋음 ,캐릭터? 나올때 감탄함, 액션? 예술에 가까움. 그런대 그걸 다 의미 없개 만들정도의 랙과 발열, 튕김에 최근에는 로그인 하면 70.14 퍼센트에서 튕겨서 게임도 못하게함. 2주일 넘게 게임을 못한다고!",1,4,2026-08-16T15:39:32+00:00,3.1.0
zzz,젠레스 존 제로,251a28d5-e3cf-4b83-a847-1b16cea0f0fd,2주년이라 해서 해보려고 깔았는데 몇일째 로그인 70.14%만 되면 튕기네요...,5,1,2026-08-16T03:30:47+00:00,
zzz,젠레스 존 제로,889f99a2-c394-486b-94d0-e07c4deb0113,다운다하고 저장공간때문에 따른게임3개지웠는대 버그때문에 로그인이 안됨.,3,0,2026-08-16T01:55:15+00:00,3.1.0
zzz,젠레스 존 제로,2927d480-7601-497c-b997-864d30edddc8,아니 갤럭시 S21로 겜하는 로프꾼 입니다 이번에 업데이트 하고 나서 자꾸 게임 들어가는 티비 화면에서 70.14 로딩 화면에서 들어가지질 않습니다 이게 저만 그런거면 모르겠는데 인터넷에 저랑 같은 상황을 겪는 분들이 많이 보이더라고요 일단 게임좀 실행 할수있게 버그좀 고쳐주세요,1,9,2026-08-16T01:27:16+00:00,3.1.0
zzz,젠레스 존 제로,a54a9f5e-f333-4635-9048-0a5ad3be75b4,"게임은 재밌게 하고 있습니다 하지만, 게임 들어갈때마다 자꾸 로딩이 튕기는데 이것좀 고쳐주세요ㅠㅠ",5,1,2026-08-15T23:07:00+00:00,3.1.0
zzz,젠레스 존 제로,a6db4d01-69ad-40ae-bc76-5b00a6b55571,5연 픽뚤은 쫌...,1,0,2026-08-15T13:17:03+00:00,3.1.0
zzz,젠레스 존 제로,b1e232eb-2458-4aa9-8eba-3ac72cf12485,복귀유저인데 진짜 모바일유저들 좀 신경좀 써라. s23+ 쓰고 있는데 접속하고 15분정도 지나고 돌아다니면 프레임 끊켜서 진행이 안된다. 그리고 계속 튕긴다. 진짜 바뀐게 없냐..,2,2,2026-08-15T11:38:33+00:00,3.1.0
zzz,젠레스 존 제로,8dc3bc49-d901-4e86-8f1a-e4af71e6e335,정정 젠르코프 렉심각합니다 폰기종 s25 렉 프레임 팅김 무한으로 발생 빨리 최적화 하세요 발열도 심함 1점,1,3,2026-08-15T08:12:22+00:00,3.1.0
zzz,젠레스 존 제로,02e04b15-f303-4c2c-9d87-85f72737706b,좋은 스토리 멋지고 매력적인 캐릭터에 간단하지만 빠져들기 쉬운 세계관 설정 까지 하지만 게임에 들어가기전 튕기기 쉽다,2,0,2026-08-15T05:34:15+00:00,
zzz,젠레스 존 제로,554660b6-9dc2-413f-a16f-2b0d69cfc97b,뭘 안 줘서 사람들 다 나가니ㅡ이제야 주네 안 해,1,0,2026-08-15T03:27:18+00:00,
zzz,젠레스 존 제로,e5bd276b-7906-48f5-957e-fba21705bfa5,프레임드랍이너무 심해서 하다가 화나요,1,0,2026-08-14T20:13:47+00:00,
zzz,젠레스 존 제로,6316a440-7667-4900-b45d-3e072d6d86ed,요즘 스토리도 다좋고 캐릭들도 다 좋은데 모바일 최적화는 해야하지 않을까요... 전투할때 렉걸리는게 마음에 많이 걸립니다..,5,1,2026-08-14T18:18:34+00:00,3.1.0
zzz,젠레스 존 제로,ae79de20-5741-4037-b8a5-3da5cb6cbe67,모바일게임(모바일 못함) 최적화 최악입니다. 오픈유저였다가 1년넘어서 복귀했는데 전투에서 튕기는거 백번이해한다고 칩시다. 로그인화면에서 튕기는 건 뭐죠? ㅋㅋ 진짜 게임 자체를 못 하게 하는건 신기하네...,1,0,2026-08-14T16:58:06+00:00,3.1.0
zzz,젠레스 존 제로,b7df060b-8770-4830-afa2-c672b2abec66,알 수 없는 원인으로 70.14%까지 로딩이 되다가 계속 튕기고 로딩만 해도 발열이 됨.복귀 할 때 마다 설문지에 발열이 문제라고 적어도 고칠 생각은 커녕 맨날 핸드폰의 기종만 점점 커져나간다 이게 맞냐?,1,5,2026-08-14T15:05:13+00:00,3.1.0
zzz,젠레스 존 제로,572a0f31-face-44f2-8993-f6a97b499af5,칭파이에 데인 이후로 복귀 못 함 안하는게 아니라 못함,1,0,2026-08-14T11:33:17+00:00,2.5.0
zzz,젠레스 존 제로,c0eb1e07-ac62-47a1-9d27-64421582903a,그냥 진짜 재밌네요. 사전등록 때부터 했는데 스토리도 완벽하고 캐릭터 디자인이랑 액션도 너무 좋네요.,5,1,2026-08-14T06:20:30+00:00,3.1.0
zzz,젠레스 존 제로,c2092292-cee3-4384-81db-dd0f681ee612,갓겜,5,0,2026-08-13T23:17:31+00:00,3.1.0
zzz,젠레스 존 제로,908877a1-d5af-46fc-bb7c-30a53ee5eb02,쩜.,5,0,2026-08-13T19:24:52+00:00,3.1.0
zzz,젠레스 존 제로,2c6170bc-515f-4ac2-8e51-f51b763305d6,원신처럼 최적화좀 해주세요.... 안좋은 핸드폰은 아닌데 6단지는 좀 괜찮더니만 이번에 칭파이하이츠가고 로스캘리퍼 가니까 폰 터질것 같아요,2,0,2026-08-13T14:34:14+00:00,3.1.0
zzz,젠레스 존 제로,993e5357-61fe-436c-b5b5-0b5336115034,캐릭터 디자인이 매력적이고 굉장히 마음에듭니다. 노출을 줄이라는 리뷰들은 무시하시고 keep going 해주십시오,5,0,2026-08-13T10:00:29+00:00,2.0.0
zzz,젠레스 존 제로,e3ab86a5-5b37-4ab6-8826-0e2417af0843,게임 수준에 비해 가격이 너무 비쌈 이번엔 다르다는 말만 몇번을 해서 복귀할때마다 속았다는 생각만 듬,1,1,2026-08-13T09:31:04+00:00,3.1.0
zzz,젠레스 존 제로,d9a18643-3f93-4474-9a19-07a764a1430a,전투재미있음. 강점이 전투하나뿐인게 문제고 호요겜 특성인지 모르겠는데 as하고나서 얼마뒤면 캐릭이 죽어있음. 결국 애정캐는 쓸생각말고 나오는 신캐릭뽑아서 몇버전 쓰다가 버리는 무한의구조. 인플레는 그냥 답이 없음. 스토리? 호불호는 있겠지만 깊이도없고 감동도 없음.,1,3,2026-08-13T06:04:40+00:00,
zzz,젠레스 존 제로,15cc8a19-cb75-464c-bd5c-b871b421d544,아줌마 들은 하면 안돼는 게임,5,0,2026-08-13T05:22:22+00:00,3.1.0
zzz,젠레스 존 제로,b006f491-ec60-45ab-9c75-1371e1633e0e,돈이든 시간과 노력이든 컨못하면 의미없는 컨텐츠에 돌파재료를 인질잡아 만들어놨네,1,1,2026-08-13T03:13:16+00:00,3.1.0
zzz,젠레스 존 제로,83cee0ef-ab84-42ae-ada1-89547194c657,=======3.0 유입 기준 리뷰======= 스토리: 2.8이후로 흥미진진함 디자인: 찢 특유의 말랑 쫀득함 따라올 겜이 없음. 가챠: 너무 맵다. 호요겜이 전반적으로 다들 맵다고 소문남 결론: 무과금 뉴비는 당장에 뽑기 재화가 넘치겠지만 금방 사라짐.. 소과금 월정액+패스 유저는 비틱아니면 매버전 명함+전무 뽑기는 불가능 가챠 빼고 나머진 매력적인 겜이다. 저는 금전 여유가 없어서 쉽니다.,3,0,2026-08-13T03:06:03+00:00,
zzz,젠레스 존 제로,4189a95b-8537-4c4d-9249-83a5e3f86da2,"게임이 비싸서 이젠 못하겠다. 이거 하나만 할 때는 계속했는데. 이제는 이 게임보다 싸고 재밌는 게임 많아서, 놓아줘야겠음",1,1,2026-08-13T01:21:28+00:00,2.2.0
zzz,젠레스 존 제로,144318f6-47ef-4bd5-b305-69cfd25dff99,비교적 최근까지는 안튕기고 잘 하고있었습니다. 3버전 업뎃이후 23+는 숨고르기를 하고 있습니다. 전에는 발열과 렉이 이정도로 심하지 않았는데 요즘은 게임이 시작한지 얼마안되서 발열이 일어나고 최고조에 달해가며 렉이 심해질때쯤 게임이 튕겨버립니다. 시간은 좀 투자해하는 이벤트를 플레이 자체가 불가능해졌다는 것입니다. 이번 공통탐사 이벤트 돌리다가 발열 최고조로 달하면 화면이 멈추고 게임 소리가 소음마냥 재생되던 부분이 멈춘상태에서 시끄럽게 반복됨니다. 그리고 튕기고요. 전까진 정상화 잘 시키신것 같던데 요번에 왜이렇게 패치가 된것 입니까?,1,21,2026-08-12T23:19:53+00:00,3.1.0
zzz,젠레스 존 제로,c56ccaf4-a21a-40a8-838b-e50d7dcc5a50,젠리스 오늘 처음 다운로드 했는데 연락 온게있어서 연락 받고 재접속하니 70.14%에서 튕김니다 못해도 20번 넘개 접속하고 튕기고 어쩌다 들어가면 개정이 초기화 되어있습니다 하다보니 게임 잘못 다운했다라는 생각이 들기 시작합니다 물론 게임 퀄리티나 캐릭터 디자인 예쁘고 좋은데 이 제접속 안돼는것이 저만 이런건지 잘 모르겠습니다,2,1,2026-08-12T14:33:54+00:00,3.1.0
zzz,젠레스 존 제로,5d8b468c-95ec-4138-b1e6-ea733f6b64ec,최적화 제발제발제발제발제발제발제발제발제발제발제발제발제발제발제발제발제발제발제발제발제발제발제발제발제발제발제발제발제발제발제발제발제발제발제발제발제발제발제발제발제발제발제발제발제발제발제발제발제발제발제발제발제발제발제발제발제발제발제발제발제발제발제발제발제발제발제발제발제발제발제발제발제발제발제발제발제발제발제발제발제발제발제발제발제발제발제발제발제발제발제발제발제발제발제발제발제발제발제발제발제발제발제발제발제발제발제발제발제발제발제발제발제발제발제발제발제발제발제발제발제발제발제발제발제발제발제발제발제발제발제발제발제발제발제발제발제발제발제발제발제발제발제발제발제발제발제발제발제발제발제발제발제발제발제발제발제발제발제발제발제발제발제발제발제발제발제발제발제발제발제발제발제발제발제발제발제발제발제발제발제발제발제발제발제발제발제발제발제발제발,2,3,2026-08-12T11:14:12+00:00,3.1.0
zzz,젠레스 존 제로,f4f0f75c-2e2b-4fc8-a244-70ebf4451a51,"진짜..예전에 현질하고 다시 복귀하는데 데이터로딩 70.14%에서 막혀서 팅기는 게 맞나요?갤럭시 A15이고 저장공간 여유20GB,메모리는 절반 쓸는데 뭐 안 좋게 돌아가도 됩니다.재미는 있으니까 근데 들어갈 수도 없게 팅기는 건 뭡니까?적어도 30프레임에 다 최소나 끄기로 하면 돌아가야하는 거 아님니까?제발좀 고쳐주세요 기쁜마음에 복귀유저로 가는데 클럽입구을 막는 것도 아니고 뭡니까?이게 빠른 시내에 고쳐주시기 바랍니다.",1,0,2026-08-12T06:23:56+00:00,3.1.0
zzz,젠레스 존 제로,0d4ce0f6-a336-4e81-b5b8-57f59c1d9378,지금 로스트캘리퍼 스토리는 재밌는데 발열 기기 문제가 굉장히 심각해요 게임 30분 도 안 하는데 열 엄청 올라오는게 엄청 심해요,4,1,2026-08-12T06:07:47+00:00,3.1.0
zzz,젠레스 존 제로,62926297-803b-4af3-a4db-6d541a32afcb,3.0버전 업 이후 너무 사양이 무거워짐. 쓰로틀링 걸린것도 아닌데 로스켈리퍼 말고도 전반적으로 프레임드랍이 심해지고 옵션을 최저점으로 맞춰도 폰으로 플레이 하기엔 지장이 너무 심함. 그동안은 튕긴적이 손에 꼽을 정도였는데 버전업 이후 심심하면 다운됨. 안드로이드 최적화 시급.,2,8,2026-08-12T00:50:40+00:00,3.1.0
zzz,젠레스 존 제로,db61a8c5-9f9d-4d7e-9df7-71fdd9bc1f0a,게임은 재밌는데 로스켈리퍼 업뎃부터 게임이 안들어가져요.제발 최적화좀 부탁드립니다.,3,0,2026-08-11T23:24:36+00:00,
zzz,젠레스 존 제로,39cd1117-4797-401b-846b-6bfaa268efaa,로딩 70.14%에서 2/3 확률로 튕김. 로그인 되어도 발열이 어마어마... 아래 리뷰보니 이런 증상이 한두사람이 아닌데 대체 언제 해결되나요?,2,1,2026-08-11T14:22:09+00:00,3.1.0
zzz,젠레스 존 제로,ec310fee-3c49-4247-9e6f-7f135cfae567,발열 렉 언제 고치냐 복귀하려 해도 계속 튕기는데 복귀를 어케 해 들어가지도 못한 채로 튕기니까 개짜증나네,1,0,2026-08-11T14:08:04+00:00,
zzz,젠레스 존 제로,3e695358-f8ad-4681-a0b6-25fd9f1d1957,pc는 다 좋은데 모바일은 게임이 드럽게 안돌아감,4,1,2026-08-11T13:43:05+00:00,3.1.0
zzz,젠레스 존 제로,d1c24142-807a-4ce1-b772-78da938dde54,확률 공개해라 6연속 픽뚫이 장난임?,1,6,2026-08-11T12:17:59+00:00,1.2.0
zzz,젠레스 존 제로,ce993660-3784-4dff-9d0a-4e863f00bc3d,모바일 게임인데 모바일에서 못즐기는겜,1,0,2026-08-11T10:38:08+00:00,
zzz,젠레스 존 제로,7460ef71-ef3e-406e-9d14-24851b2a5c6c,게임은 재밌는데 노스캘리퍼 온 후로 로딩중에 게임 꺼져서 로그인 자체가 안 됨 최적화 심각함,1,0,2026-08-10T22:22:41+00:00,
zzz,젠레스 존 제로,3dda0155-771c-43ec-9ed5-adc0d5559410,젠르코프가 지금 그대로라면 1점을 줄 수 밖에 없다ㅜ,1,0,2026-08-10T16:15:59+00:00,3.1.0
zzz,젠레스 존 제로,66995d8a-ccdf-4474-a5ef-ff8cd85e9c9d,아니 게임 로딩하는데 터져요 폰을 좀 오래 굴리긴했는데 적어도 원신은 잘 돌아간단 말이에요..,3,0,2026-08-10T12:36:29+00:00,3.1.0
zzz,젠레스 존 제로,e20b88a5-5769-4f9d-a183-2744d7311cad,다른건 모르겠고 최적화좀 제발요,5,1,2026-08-10T09:04:37+00:00,3.1.0
zzz,젠레스 존 제로,33ae79f2-83e5-4ef4-88ac-3d047f1067e5,"이 게임이 렉이 걸린다거나, 심하면 게임 로딩 자체가 안되는 당신! 그 낡아빠진 폰좀 바꾸세요. 왜 썩은 나무 뗏목으로 대서양을 건너려고 하십니까?",5,1,2026-08-10T06:49:58+00:00,3.1.0
zzz,젠레스 존 제로,9d9edcc0-c2e4-4b87-b829-4598e1506f18,호요버스 게임중 최고의 액션게임.,5,2,2026-08-10T06:39:00+00:00,3.1.0
zzz,젠레스 존 제로,7f19c58a-3260-4165-8779-4743aa19fdeb,"1시즌부터 해왔지만 이젠 놓을때가 된것같다. 2시즌에는 픽업캐로만 짜여진 정답지를 강요하더니, 이제는 전용엔진도 갖추지 않으면 전투컨텐츠는 그냥 입구컷 당한다. 덕분에 픽뚫 당했을때의 불쾌감은 더더욱 증가함. 픽뚫에 1시즌 캐릭터도 나오게 변경되었지만 그 캐릭터들도 쓰레기통에 처넣으라고 한건 다름아닌 제작진이다. 최소 명전이상 강요할거면 반천장부터 삭제해라. 50%든 75%든 99%든 픽업이 안나오면 그냥 전부 쓰레기통에 처박은걸로 만든건 다름아닌 제작진이다. 신규 제로공동인 베이글 공동은 그야말로 불쾌감덩어리이다. 타르코프라이크 자체가 불쾌감이 충만한데 싱글 컨텐츠에 반복 컨텐츠를 그 불쾌감을 극대화하는 방향으로 만들었다는거 자체가 설계 오류다. 이럴거면 차라리 TV를 돌려내라. TV는 노잼이었을지언정 불쾌하진 않았다. 2시즌부터 슬슬 불쾌감이 증가하는 패치들이 이루어졌는데, 3시즌에서 개선되기는커녕 더 확고하게 방향을 잡은것으로 보이니, 이제는 슬슬 놓아줘야할 때인듯함.",1,4,2026-08-10T06:07:51+00:00,3.0.0
zzz,젠레스 존 제로,b2362a2d-716b-4f04-8856-9bee5e998486,발열문제는 계속 이어지고 문의를 넣었으나 개선의지를 유저의 입장에서 느껴진다 그리고 매시즌 마다 픽뚫은 생각하고 들어가야하는게 너무 피로감 느껴지고 돌파에 대한 압박감만 커진다,1,1,2026-08-10T05:19:13+00:00,3.1.0
zzz,젠레스 존 제로,41fe6af6-a197-4fd2-b33f-dd56623afcc1,개노잼 창파이에서 하차했다가 레미엘보고 복귀했는데 어째 컴으로해도 프레임유지가 힘들고 로딩도 더 오래걸리게 되었네요. 이게 정말 아쉽습니다. 그래도 3버전부터 스토리도 몰입되고 미니게임도 재밌고 캐릭터들도 매력적이어서 재밌게 잘 하고있습니다.,4,0,2026-08-10T02:04:00+00:00,3.1.0
zzz,젠레스 존 제로,d57e86f5-d109-4e12-b746-7a86114c5016,오픈때부터 쭉하고있어,5,0,2026-08-09T12:42:14+00:00,3.1.0
zzz,젠레스 존 제로,50a64a3e-657f-431b-ad92-d590515c428e,4점인 이유는 뽑기 S급 확률이 너무 낮고 뽑지 못한건 상점에서 못사는게 아쉬움,4,0,2026-08-09T11:07:02+00:00,3.1.0
zzz,젠레스 존 제로,34f054f6-80bf-4e7b-b963-5a9a0caefa9a,붕스보다 재화 안주면서 뽑기는 더 힘들게 되어있음 최소 10뽑이상 차이남 뉴비 친화적이지도 않다고 생각함 뽑기 붕스나 원신처럼 80천장으로 바꾸던지 픽뚫을 없애야할듯,2,1,2026-08-09T10:58:53+00:00,
zzz,젠레스 존 제로,f8ff69ea-9899-4759-87e1-e69e9d4c3dec,정상화!!,5,0,2026-08-09T06:08:33+00:00,3.1.0
zzz,젠레스 존 제로,e5998c9e-4a2d-4eea-956e-6b13f2754726,로딩중 70.14% 에서 꺼지는데 왜그런건가요?,5,1,2026-08-09T04:50:35+00:00,3.1.0
zzz,젠레스 존 제로,e1ca4296-1af4-4fa4-b0cc-f3e8ae2dd19d,내가 해본 모바일 게임 중 최적화 박살나기로 유명한 탑2임 5번 로그인해야 한 번 성공하는 건 무슨 초식이냐?,2,0,2026-08-09T03:42:18+00:00,3.1.0
zzz,젠레스 존 제로,0207bfee-36db-4135-95cc-987382582ee3,기기 RAM이 6GB로 좀 작아서인지 데이터 로딩 70.41%에서 리소스 로딩할때 부하가 걸려 강제종료가 됩니다,5,1,2026-08-09T01:15:35+00:00,3.1.0
zzz,젠레스 존 제로,004e13f4-02ed-403b-ad05-4b4479c675f1,렉이 많이 줄었따!,5,4,2026-08-08T14:31:21+00:00,3.1.0
zzz,젠레스 존 제로,6dba68b6-6912-4d1a-8599-1bc5210a8b41,ㅔ...3.1업데이트 이후로 갑자기 계속 로딩창에서 나가지네요...원래도 없던 현상은 아니지만 업뎃 하면서 무슨 5시간동안 계속 접속할려고해도 접속이 안되길래 접힘 당했습니다...한번 지워보고 다시 설치하면 들어가지는데 딱 한번만 들어가지고 다음부턴 다시 나가지네요...찾아보니 갤럭시만 이런현상이 나오는거 같은데 고쳐지면 좋겠네요...개인적으로 재화수급 좋고 재밌게 했던 게임이라 애정이 가는데 뭐 어쩌겠습니까 게임 접속할때마다 30GB를 다운받을수는 없으니...고쳐지면 개같이 하겠습니다,5,7,2026-08-08T11:07:57+00:00,3.1.0
zzz,젠레스 존 제로,650eb8c9-4984-484d-8dec-c5fa729f4ea2,최적화 좀...,5,0,2026-08-08T08:23:40+00:00,1.0.0
zzz,젠레스 존 제로,808a3429-d070-4b2e-974c-8a5b8726b7db,"플레이하다가 폰이 열을 너무 많이 받고, 중간에 렉이라고 할지 화면이 멈춰버려서 플레이하기가 매우 불편해요. 복귀해서 계속 하려고 해도 이 문제때문에 하는게 좀 고민이 되더라구요 던전을 시작하거나 중간에 화면이 멈추면서 튕기네요",2,2,2026-08-08T04:59:35+00:00,3.1.0
zzz,젠레스 존 제로,faeeff09-aebf-45c8-86ee-10c51de7cef3,렉이 너무 많이 걸려용,4,0,2026-08-08T00:43:50+00:00,3.1.0
zzz,젠레스 존 제로,7f1e8c2d-051f-4d62-a794-1edeb293f831,"리뷰 보다가 어이가 없어서 씀 뭐 로딩중에 끊긴다, 최적화가 별로다 하는데 한 번씩 문제가 있는건 알겠음 근데 본인 폰 기종 생각도 안하고 리뷰 쓰는 애들은 문제가 있는건가? 최소사양은 ""게임이 돌아갈 수는 있다"" 는 거지 ""게임이 원할하게 돌아간다"" 는 말이 아닌데 폰 기종이 딸리면 그정도는 이해하고 하던가 아니면 컴으로 하던가 1.5버전인가 그 때 한 번 게임하다가 끊긴 적은 있어도 로딩중에 끊긴적은 없는데 ㅋㅋ S24ultra 기준이니까 참고만 하셈 게임을 하고 싶으면 사양에 맞는 폰을 쓰던가 컴을 쓰던가 그 폰 사양에 맞는 게임을 하던가 하셈 요즘 폰으로는 다 잘 돌아감",5,1,2026-08-07T16:27:30+00:00,
zzz,젠레스 존 제로,f83dd560-47f9-4351-b007-3cc572104f9b,리뷰창 보아하니 다들 최근에 70퍼쯤에서 튕기네요 저도 그 피해자입니다... 컴터는 못쓰고 오랜만에 뉴비때 재밌게 했었고 올만에 복귀해볼려는데 개선될때까지는 자유롭게 못할것같네요,2,1,2026-08-07T08:01:21+00:00,3.1.0
zzz,젠레스 존 제로,120ed672-72a5-48bd-9bf2-8c396f1b6b0f,식빵. 까는데 사간 조낸 잡아먹음 다햇다깊음 또 다른거 받느라 시간 다보내고 되서하면 2시간 깔아서 할게임인가. . 난. 아님 다른거함. 그 시간에. 참 그리고 백 그라운드 다운 안됨 구라즐 식빵식기들아,1,0,2026-08-07T07:12:33+00:00,
zzz,젠레스 존 제로,59c71bec-8b30-41fa-a971-93ca6d788da9,재밌는데 BM이 너무 악랄함.. 픽뚫있는건 둘째치고 80뽑 이하로 거의 뽑아본적 없을 정도로 확률도 너무 낮은데 픽뚫까지 해서 고봉밥 먹을 경우 명전만 해도 돈이 너무 깨져요 ㅜㅜ 돌파는 꿈도 못 꿈..,5,1,2026-08-07T02:21:38+00:00,
zzz,젠레스 존 제로,0340a4c7-2229-490b-b7ad-63b63e03dc01,렉 너무 걸려요,1,0,2026-08-06T22:01:46+00:00,3.1.0
zzz,젠레스 존 제로,bd2a4a12-7d85-4a96-93a5-d7636a119e34,"이번에 새로 나온 파파고 공동 컨텐츠 하는데, 이거 자꾸 게임이 튕겨서 진행을 할 수가 없어요. 심지어 스토리 보는 도중에 튕겨서 중간에 무슨 일이 있었는지도 모른 채로 다음 스토리로 스킵당했어요. 게임을 하라는 건지 말라는 건지 모르겠어요. 최적화 사양을 점검하라고 하시는데, 여태껏 잘 하던 게임이 업데이트 이후 새 컨텐츠를 하면서 튕기기 시작했으면 당연히 게임 시스템을 의심하는게 맞지 않을까요? 혹시나 하고 정보를 찾아봤지만 역시나 최적화 문제가 생길 사양은 아니네요. 배울 만큼 배우셨을 분들이 왜 이런 의미 없는 피드백을 주셨을까 싶네요. 빠른 시일 내에 문제가 해결되었으면 좋겠습니다.",1,4,2026-08-06T15:09:03+00:00,3.1.0
zzz,젠레스 존 제로,c6b6c24f-7477-41d8-a130-27ad19e60b7a,"(본 리뷰는 **중수 기준** 리뷰) ㅡ 장점: - 롤플레잉이라 쉴 틈 없는 **3인칭** 액션 게임 - 카툰풍 고퀄리티 그래픽 - 캐릭터 디자인, 비율 등이 HoYoverse 게임 중 **최상위권** - 모션이 매우 쫀득 ㅡ (☆)단점: - 뽑기 시 **픽뚫(원하는 캐릭터 못 얻음)** 존재 - 초중반까지는 큰 문제가 없으나, 후반으로 갈수록 **재화 수급에 큰 어려움**이 있음 - 스토리 유치 + 별로 - 잦게 화면 멈춤 + 렉 ㅡ 주의사항(갤럭시 기준): - S24 FE 기준으로 게임 리소스 모두 다운 시 -> 약 45 GB(깔기 전 폰 성능, 게임 성능 다 내려면 **최소 70 GB** 확보 필요) - GOS 끄기, RAM 비워두기, Gaming Hub 게임 부스터 내 설정에서 최적화 설정 맞추기, ZZZ 내 설정에서 최적화 설정 맞추기, 폰 케이스 벗기기, 충전하면서 하지 않기, 배터리 관리하기 -> 다 해야 S24 FE 이하의 성능을 가진 기기에서 잘 돌아감",3,2,2026-08-06T12:18:57+00:00,
zzz,젠레스 존 제로,8e21d9e8-50c0-46e6-aed2-c19896677678,안켜져요우,1,0,2026-08-06T12:11:41+00:00,
zzz,젠레스 존 제로,967d2579-6246-463d-b3ad-4371619db7b7,개인적으로는 매일 하는중이고 재미있어요. 그렇지만 게임 들어가는 부분에서 데이터 로딩할때 계속 튕기고 로스캘리퍼 편부터 캐릭터의 노출이 심해지는 느낌이 들기도 하네요.,4,1,2026-08-06T11:58:35+00:00,3.1.0
zzz,젠레스 존 제로,6205a998-9071-482d-9700-713b48979a9a,진짜로 70.14%에 게임이 튕깁니다.. 컴퓨터가 없어서 모바일로 하는데 오늘 하루종일 젠레스 존 제로 못했어요 출석 보상도 못 받고 픽업 기간이라 재화 모아야 하는데 모으지도 못하고 너무 화가 납니다 빨리 고쳐주세요 진심으로. 하루를 날렸습니다.,1,0,2026-08-06T11:52:54+00:00,3.1.0
zzz,젠레스 존 제로,f86aa04c-4805-46c4-87fd-fec4ecd87621,폰으로 사용중인데 70.14퍼에서 로딩이 막히고 게임이 강제종료됨,3,0,2026-08-06T08:38:07+00:00,3.1.0
zzz,젠레스 존 제로,6e7a1e7c-5c32-4bbd-a70e-26d3c0b1b64d,최적화좀 제발..아 진짜 2.0 오고나서 더 심해져서 컨텐츠를 할수가 없어요 구라안치고 심할때는 3분에 한번씩 튕기는듯... 최적화 이렇게 던질거면 시유 방어전도 강습전처럼 전반 후반 따로 가능하게 해주세요 후반 치다가 튕겨서 다시들어갔는데 전반캐 얼굴 보기를 4번정도 하니까 진짜 숨이 턱막힘 추가)3버전 되서 복귀해보려고 했는데 70.14퍼에서 게임 입구컷 당해서 출석체크도 못하고있습니다 어떻게 발적화가 거기서 더 심화될수 있는지ㅋㅋㅋㅋ,1,50,2026-08-06T05:37:37+00:00,3.1.0
zzz,젠레스 존 제로,7b9e0444-5e39-4747-8753-bebb2713e269,왜 70.14에서 계속 튕기나요? 몇번을 해도 안되네요,1,0,2026-08-06T05:35:03+00:00,3.1.0
zzz,젠레스 존 제로,4809c45c-0353-42c0-bf62-8369f9e34fba,레미엘 뜸 아무튼 갓겜ㅋ,5,1,2026-08-06T03:03:20+00:00,3.1.0
zzz,젠레스 존 제로,f15a221e-0c1a-47a2-9c7a-415277c9db53,"자, 프레임이 딸리신다고요? 튕기신다고요? 그럼 기기를 쳐@바꿔보세요! (게임 개맛도리. 엘렌 조 복각될때까지 모노크롬 3만개 모으면서 숨@참음)",5,0,2026-08-05T16:08:07+00:00,3.1.0
zzz,젠레스 존 제로,0b912659-d091-42f9-bd11-a8d1b1978aff,재밌는데 최적화좀 제발 해줬으면.. 모바일 게임인데 PC이용이 반강제임,2,1,2026-08-05T12:57:35+00:00,3.1.0
zzz,젠레스 존 제로,983ce84a-2e79-4fc3-968c-389ed21006d9,최적화 제발 군대에서 못하겠어 s24인데 게임이 로딩에서 튕기는건 좀 심하잖소 제발 최작화 용량이 아니라 최적화를 해야됨,3,3,2026-08-05T11:17:36+00:00,3.1.0
zzz,젠레스 존 제로,5a9bbbd1-cce3-43de-ad40-3a31e8351f32,최적화좀 해줘라.. 나만 그런게 아니였구나 나 게임 진짜 열심히하고 오픈유저인데 폰 사양도 좋은 편이고 용량도 256에 램도 8 램플러스8 인데도 이번엔 70.14에서 못 벗어남.. 2년 하면서 이런 적은 처음임.. 용량도 보니까 41gb더라.. 폰 사양이 좋은 편인데도 다른 호요겜은 안 튕기는데 여기는 발열 끊김 너무 심해 프레임드랍도 심하고..,5,4,2026-08-05T11:06:14+00:00,3.1.0
zzz,젠레스 존 제로,8d628978-8bb9-4491-b337-47a60ab6cc2e,업데이트 후 접속이 안됨,1,1,2026-08-05T10:35:31+00:00,1.1.0
zzz,젠레스 존 제로,36b03563-dc57-4cd5-93d7-4ae03dc3427d,다 좋음 근대 미궁은 삭제하자 1개줄려다 나머지는 다 좋아서 5개줌,5,1,2026-08-05T10:33:19+00:00,3.1.0
zzz,젠레스 존 제로,57246cbc-7c60-42c2-9229-bfd71a3ed703,렉도 개심하고 자꾸 튕겨서 로그인도 못하네요. 캐릭터 디자인도 공장식으로 다 비슷비슷해서 여러모로 별로임. 예쁘고 자연스럽게 아니면 개성있게 노출시키던가 디자인 너무 구림. 그거랑 별개로 게임은 재밌는데 스토리도 좀 뭐랄까 애매함. 재화 그렇에 많이 뿌리는 편도 아님. 최적화는 어따 팔아먹고 왔길래. 그래서 1점 줌.,1,2,2026-08-05T09:23:32+00:00,3.1.0
zzz,젠레스 존 제로,aeb6fe40-1e6c-43bb-bd8e-7bb67d9ca3ea,계속 게임에 들어가도 나가집니다.. 좀 알아봐주세요..,3,1,2026-08-05T08:33:58+00:00,3.1.0
zzz,젠레스 존 제로,346cedaa-07d0-416a-a2c5-6a31ce49a230,처음에는 괜찮았다가 점점 게임이 발전하다보니 화질이랑 각종 렌더링 포함해서 낮개해도 폰기종이 s24+ 인데 버벅거려서 게임을 못합니다 앞으로 업데이트할때 제발 폰 화질 및 렌더링 생각하면서 해주세요,2,1,2026-08-05T04:25:36+00:00,3.1.0
zzz,젠레스 존 제로,5d1e5e0d-7c48-467a-a0b8-91e56c22a1c3,50MB여서 1GB넘게 했는데 계속안됨니다이거 고쳐주세요~~!,4,0,2026-08-04T18:23:58+00:00,3.1.0
zzz,젠레스 존 제로,04a389d7-edda-4c81-8c2f-db46c43ef913,계속해서 게임이 70.14%에 튕깁니다. 이것만 수정해주시면 좋을거 같아요.,1,1,2026-08-04T17:58:09+00:00,
zzz,젠레스 존 제로,c716cdaf-cac7-46c2-8102-a121c31c0e2d,"뭐만 하면 스토리 스토리 깨야 뭘 진행 할수 있는 것부터 매우 귀찮, 옆집 열차겜은 스토리 진행 안해도 할수 있게 해주던데 여긴 왜 이럼.",1,0,2026-08-04T14:38:53+00:00,
zzz,젠레스 존 제로,5592c46b-5c0d-4033-98dc-bc49141afe31,가챠는 맵고 이번 여름 이벤트 미니 게임 중 사격게임은 폰으로 하는 유저 배려 1도 없음 일단 계속 해보고 별점이 바뀔지 안바뀔지는 잘 모르겠음 7월 28일 이후 2주년 업뎃한 뒤로 게임시작 로딩이 70.14에서 계속 튕김 그냥 끊을까 고민 중 삭제해서 다시 깔아도 안되면 그냥 삭제 8월 3일 안된다 최적화는 dog나 주라는 매크로성 답변 지겹다 이젠 안녕 초반에 많이 기대하고 힙한 게임이라 했었는데...,1,2,2026-08-04T14:18:19+00:00,2.1.0
zzz,젠레스 존 제로,99b4597a-437c-4aa0-8909-f1755ea3a5db,최적화좀 하고 내라 모바일 겜인데 무슨 폰으로 돌리면 렉걸려서 하지도 못하겠네 그리고 이전 캐릭터로 패링하는 버튼은 따로 만들어주면 안됨? 가뜩이나 렉걸리는데 언제 슬라이드하고 반응함?,3,1,2026-08-04T10:28:39+00:00,3.1.0
zzz,젠레스 존 제로,ae2de5a1-6991-4973-b72b-e5a5432e0ad3,폰으로 찢 해보고싶어서 설치해봤는데 70.14%에서 계속튕기네요 그냥 컴퓨터로 게임하십쇼.,1,1,2026-08-04T09:39:12+00:00,3.1.0
zzz,젠레스 존 제로,299e0360-0bc1-478b-b613-e7942483832e,예전부터 하던 사람입니다! pc 유저로서 그래픽이며 캐릭터성이며 정말 다 좋다고느껴졌고 호요 게임중 제가 가장 좋아하는 게임이 젠존제입니다. 근데 요즘들어 캐릭터들의 노출화가 심해졌다고 느꼈습니다ㅠㅠ 모핑이 심해졌다든지 코스튬의 노출이 심해졌다든지 등등.. 하지만 게임은 정말 재밌게 플레이하고있어요!! 튜토리얼도 친절하고요. 꼭은 아니지만 이 건만 개선해주시면 좋을거같습니다!,5,4,2026-08-04T09:02:26+00:00,
zzz,젠레스 존 제로,b35d7e6a-0528-4621-a1e8-c1d3746f8592,"재밌는데 기기 사양이 안돼서 못함.. 단순히 기기탓이 아니라, 게임이 이상하게 무거움",3,0,2026-08-04T06:45:08+00:00,1.6.0
zzz,젠레스 존 제로,7e4de469-0166-4fe8-b8e6-de1623c380ab,갤럭시S22 기종 버전 업데이트 이후 데이터 로딩 70.14%에서 튕기는 현상 인지하고 있나요? 너무 짜증나는데 빨리 해결해주셨으면 합니다 검색해보니 다른 기종들은 설정 건드려서 어떻게든 해결되는거 같던데 S22는 무슨 수를 써도 해결이 안되고 있는 상황입니다.,1,3,2026-08-04T00:01:26+00:00,3.1.0
zzz,젠레스 존 제로,b7e87e70-1d72-4bb7-9ccf-9666d8c603b9,게임을 들어가려하는데 자꾸 70.14퍼에서 멈추고 튕김 게임을 못함,1,1,2026-08-03T23:20:28+00:00,
zzz,젠레스 존 제로,8a45b43a-3c95-4a9b-abc7-c57af1e51591,이 게임 이후에 출시한 명조도 팅김없이 잘하는 폰에서 젠존제만 셰이더 컴파일에 문제가 있어서 접속할 때마다 vulkan으로 시작하는 캐시 파일 지워서 셰이더 컴파일을 매번 새로 다운 받아야 하는게 말이 되나요?,1,1,2026-08-03T18:54:09+00:00,3.1.0
zzz,젠레스 존 제로,57cc8ba6-084a-4b10-9f0e-60f4cc18880f,주인공 억빠 스토리들만 아니었으면 완벽했다.,3,1,2026-08-03T15:25:19+00:00,3.1.0
zzz,젠레스 존 제로,2068b3cc-0953-4798-b5f4-7211d3fffb26,크롬 많이 주삼,5,1,2026-08-03T13:22:54+00:00,3.1.0
zzz,젠레스 존 제로,168eb995-8e5e-418e-855d-bdfb73d66f3d,너무 재밌어요! 재화도 많이 퍼주고 캐릭터들도 개성 있어서 좋아요.,5,1,2026-08-03T10:10:42+00:00,3.1.0
zzz,젠레스 존 제로,503ea1c0-c680-45d7-820e-52bcd65634e4,진짜 다 좋은데 최적화가 진짜 최악임 뭔만하면 두두두하고 튕김 진짜 스토리랑 캐릭터때문에 2점이나 주는거임 대기업인데 최적화 왜이럼? 붕스는 튕기지도 않는데 이상하게 젠존제만 그럼 다음버전에는 최적화가 꼭잘되기를 대기업 정도면 최적화 잘해야하는거 아니야? 솔직히 이렇게 할거면 모바일 운영하지마,2,1,2026-08-03T07:07:45+00:00,3.1.0
zzz,젠레스 존 제로,f10abbf7-70f0-4141-8b7a-d6ba700bbed2,1.5부터 시작한 뉴비입니다 확실히 재밌고 캐릭터가 이쁘고 매력있어서 나름 좋았는데 저장공간이 57%나 있음에도 불구하고 계속 렉이나 튀김현삼이 많고 지우고 다시 깔아도 또 엿버전 지나면 다시 팀기는 일이 많아 2.9 전반 픽업때 접었습니다 그리고 발열도 다른 호요겜들에 비해 심각해서 이정도면 제 손가락이 익을정도로 심각하게 발열이 심합니다 전에도 몇몇 유저들이 말해도 고칠 생각이 없어보여서 그것 때문에 접은것도 있습니다 이것만 고쳐주신다면 좋겠네요 (수정) PC가 안되는 유저들은 뭐 어떻게 플레이 하란 말입니까? PC가 안되니 모바일로 하는건데 이렇게 할거면 모바일 서비스를 지금 당장 중지하고 PC로 몰아붙이세요 계속 이렇게 모바일 유저들 엿 먹이는것도 아니고 뭐하는거예요? 진짜 제발제발 좀 고쳐주세요,1,3,2026-08-03T05:17:45+00:00,
zzz,젠레스 존 제로,6ef0f0e2-5ef9-428d-a9df-d952e7ef9090,현재 게임시작시 70.14%에서 계속 꺼짐니다. 공식에 나오는 법은 사용했다.,1,2,2026-08-02T22:48:03+00:00,3.1.0
zzz,젠레스 존 제로,e77fc871-98d9-4b51-86c8-75f1690a9697,최신폰으로 잘되긴함,5,4,2026-08-02T16:12:21+00:00,3.1.0
zzz,젠레스 존 제로,dd922d24-e5da-41cc-9635-46f9f16334e8,70.14% pc로 주로 플레이하는 유저입니다 제가 정말 애정하는 게임인데요 모바일로는 게임 실행이 안되니 뭘 할 수가 없습니다 분류상 모바일게임일텐데 s22로 최저옵션인데도 언제부턴가 로딩 그놈의 70.14%에서 끊기고 강종되네요.,2,1,2026-08-02T15:54:42+00:00,3.1.0
zzz,젠레스 존 제로,169c822d-23db-4e5a-85b2-7c1b09ecc2e0,게임은 좋은데 자꾸 로딩화면 70.14프로에서 튕겨버리고 고객센터에서도 똑같은 말만하고 해결이 안돼요,2,1,2026-08-02T15:17:14+00:00,3.1.0
zzz,젠레스 존 제로,719ef735-bf1c-4ff8-a925-aba80cf7167c,비슷한 장르의 모든 게임을 다 플레이 해봤지만 캐릭터가 쫀득하고 디테일하며 전투가 재밋는건 독보적입니다,5,1,2026-08-02T14:45:46+00:00,3.1.0
zzz,젠레스 존 제로,c760749d-2f18-450a-be10-648b158eaaae,"스냅드래곤 8Gen2 (S23 시리즈)로 시즌2, 3 맵에 들어가면 렉이 걸림. 이 기기가 오래된 것도 있지만. 초반 들어오고 나서 부터 렉걸리면 스냅드래곤 8엘리트 아니면 품질 포기하고 게임해야 되는거 같음.. PC로 하거나",3,1,2026-08-02T14:35:32+00:00,3.1.0
zzz,젠레스 존 제로,96fbbd84-707e-4c9b-b2b8-6242e3278545,아니 겜접속도 못하게하네 70%에서 들어가지를 못해,1,1,2026-08-02T13:58:33+00:00,1.5.0
zzz,젠레스 존 제로,6dbe0f67-07ec-42a4-913a-24eef53957f6,캐릭터 이쁘고 모션 간지나고 전투 재밌는데 사양 딸리면 로그인 성공률이 0%에 수렴하는 게임 딴 호요겜이나 명조는 돌아가는 폰도 찢은 안 돌아감,3,1,2026-08-02T10:16:51+00:00,3.1.0
zzz,젠레스 존 제로,117fd2ac-c746-414b-8c35-3061a867f093,데이터 로딩 중 70퍼에서 튕기는 상황이 여러 번 발생하는 데 여태껏 원신이나 붕스도 이런 적은 없었는데 유독 젠존제는 그러네요 아무래도 게임 시작 화면에 있는 TV 화면이 빠르게 화면이 전환되다 보니까 튕기는 거 같은데 설정에서라도 화면 전환되는 거를 끄는 게 있었으면 좋겠어요,1,5,2026-08-02T08:44:02+00:00,3.1.0
zzz,젠레스 존 제로,03621be9-faa1-4356-8a91-3644af88242b,게임성도 좋고 재미도 있는데 최적화가 너무 아쉽네요 모바일 유저입니다 제발제발 살려주세요 ㅠㅠㅠㅠ 다른사람들처럼 70.14에서 자꾸 튕기네요,3,2,2026-08-02T08:01:39+00:00,3.1.0
zzz,젠레스 존 제로,85d7107c-63b2-4c54-9a95-e2bcf6ca761b,모바일인데 로그인 화면에 70.14%부터 계속 튕기네요. 하루도 아니고 매일입니다. 로그인된다 싶으면 게임하다 갑자기 튕기거나 앱이 응답하지 않는다. 이렇게 뜨고 다시 들어가면 로그인부터 계속 튕겨요. 모바일로 하는 분들은 솔직히 추천해 드리지 않습니다.,1,3,2026-08-02T06:26:08+00:00,3.1.0
zzz,젠레스 존 제로,b689db6b-f54d-4bac-8fda-46f8709d1896,찢탱이에 함락 당해버렸.....❤️,5,0,2026-08-02T05:38:24+00:00,3.1.0
zzz,젠레스 존 제로,08027656-d954-47df-b512-7fabcfbdc82c,이야비 출시때부터 pc로 겜하고있는데 30번의 천장 중 픽뚫이 28번. 무기조차 4번빼고는 전부 픽뚫. 확률 이상하게 적용되고있는 듯 하니 확인만 해달라고 고객센터에 아무리 연락해도 씹기만하고 답변도 없고.,1,21,2026-08-02T04:45:32+00:00,3.1.0
zzz,젠레스 존 제로,c5c12b6e-1a80-4d1a-aeaa-1c2354a9f4e0,게임 접속이 안됩니다,1,1,2026-08-02T04:43:05+00:00,3.1.0
zzz,젠레스 존 제로,68fd47e2-32a8-4617-bf2d-8439f06f6551,"이번 버전 게임, 다른 유저들은 하지 말라는 건가보네. 오전 10시 41분부터 5분 내 13번 튕김 최대 기록 갱신. 계속 58.00%에서 70.00%으로 확 튀어오르더니, 0.14%만 다시 차다가 튕김을 13번 반복 당함. 해서. '호요버스 사상 최악의 최적화 시스템 갖춘' 걸로 답 나옴. 저저번 버전까지는 게임 들어가졌던 걸로 아는데, 레미엘 버전의 게임 로딩에 대한 실망이 심각하게 커서 조만간 게임 데이터 삭제 각.",1,3,2026-08-02T02:52:37+00:00,3.1.0
zzz,젠레스 존 제로,d820c7cc-1966-4a1d-8a3d-1d19f0ff8caf,최적화 좀 해라 겜이 70.14퍼센트 로딩에서 튕긴다 겜 시작도 못하면 어떡함,1,1,2026-08-02T02:30:04+00:00,3.1.0
zzz,젠레스 존 제로,66a97387-d99d-4970-8618-d108264938e8,"젠존제 즐겼던 유저입니다. 오랜만에 다시 설치해서 플레이하려니까, 게임 시작 로딩 70.14% 자꾸 게임이 튕기는 문제가 있더라고요...문제 해결 부탁드립니다!",5,1,2026-08-02T01:50:37+00:00,3.1.0
zzz,젠레스 존 제로,1c8763fa-8428-4193-8ef7-bade3d6d75d8,최적화 좀 해주세요 지웠다 깔았다 몇 번째야,2,0,2026-08-02T01:12:03+00:00,3.1.0
zzz,젠레스 존 제로,85a845f5-80a9-4dd1-9520-87632da8426a,걍 무과금은 나가라는 수준의 난이도임 (스토리 제외),3,8,2026-08-01T22:43:31+00:00,3.1.0
zzz,젠레스 존 제로,ceee6142-9a61-4dc4-80ea-b3cdf348ba11,아니 왜 업데이트를 했는데 계속 로딩에서 70.14%에서 계속 튕기는 겁니까? 계속 이런 식으로 튕겨서 게임 플레이에 지장을 주면 애정을 가질려고 해도 가지기 힘들어집니다.,1,1,2026-08-01T18:00:43+00:00,3.1.0
zzz,젠레스 존 제로,161d3927-8c49-4c53-bee2-a29e3d5cdd38,도저히 안되겠기에 남깁니다 제가 폰을 바꾸고 곧 1년이 돼가지만 성능이 안 좋은 것도 아니고 업데이트 전부터 꾸준히 잘 플레이 되다가 업데이트 후 로딩 화면 70.14 거기서 멈추더니 계속 튕기면서 플레이 진행이 아예 안됩니다 제발 고쳐주세요 진짜로.. 피방가서 하고는 있는데 계속 갈 수도 없는 노릇이라 안 고쳐지면 컴 살 때 동안 접겠습니다 빠른 시일 내에 고쳐주십쇼.,1,6,2026-08-01T16:29:54+00:00,3.1.0
zzz,젠레스 존 제로,ee3c1803-2022-4338-b9ff-b478f4d4d5f7,로딩에서 자꾸 튕김,1,1,2026-08-01T16:14:49+00:00,3.1.0
zzz,젠레스 존 제로,bfccd41f-1b81-4669-b082-c526ca740b60,생각보다 전투가 재밌고 스토리도 나쁘지 않음,4,1,2026-08-01T09:57:55+00:00,
zzz,젠레스 존 제로,4f3686cc-005f-4cba-aca4-ba9528643549,현재 젠존제 못들어가는 유저입니다. 이상하게 이번 업데이트 이후로 데이터 로딩중 70.14%에서 게임이 멈추고 아예들어가비 못하는 상황입니다. 휴대폰을 꺼도 계속 이러네요. 솔직히 게임을 삭제하고 다시 다운하면 들어가지긴 합니다. 근데 그것도 딱한번이고 그이후에는 다시 70.14%에서 게임이 멈추고 튕깁니다.,1,7,2026-08-01T09:37:34+00:00,3.1.0
zzz,젠레스 존 제로,98f3fe49-426a-4e15-85d8-cee4df23cc6b,이번 버전은 S24로는 로딩 화면에서 튕겨서 게임을 못 하겠습니다,5,1,2026-08-01T08:09:18+00:00,3.1.0
zzz,젠레스 존 제로,9dbab618-4003-4b26-8b5f-5562610eb115,날이 갈수록 최적화를 못하는건 뭐하자는거냐,1,1,2026-08-01T06:53:38+00:00,
zzz,젠레스 존 제로,e77dbfdd-4ae7-41f9-8623-ca693c3cb3a6,컴퓨터로 할때는 완벽하고 갓겜입니다 근데 휴대폰으로 할때는 로딩중 튕기고 발열이 심해 최적화가 많이 필요할거 같습니다,3,1,2026-08-01T06:43:09+00:00,1.0.0
zzz,젠레스 존 제로,2128b937-782a-4d72-ace4-a258baf4b946,로딩이 70.14%까지 되다 갑자기 튕김니다.재설치해도 한 직후만 들어갈수있고 나갔다 들어오면 또 그럼니다.빠른 해결을 부탁드림니다.이 문제만 제외하면 좋은 게임이에요,5,1,2026-08-01T06:25:03+00:00,3.1.0
zzz,젠레스 존 제로,3b406373-3988-44c0-9626-f67a65a259a2,"게임인지 난로인지 구분도 안 됨. 최적화 최악. ​액션 게임 탈을 쓴 발열 난로 앱. 켜자마자 기기 터질 것처럼 발열 심해지고 프레임 드랍에 튕김 현상까지 난리도 아님. 핸드폰 수명 갉아먹는 주범 수준. 액션감 자랑하더니 정작 플레이 절반은 지루하고 맥 끊기는 TV 발판 옮기기나 하고 있고, 전투도 단순 패링 딸깍질이라 금방 질림. 스태미나 대비 육성 재화는 미친 듯이 부족한데 디스크 옵션 랜덤 스트레스에 뽑기 매운 건 덤. 폰 망가지기 전에 당장 삭제함. 절대 비추.",1,1,2026-08-01T04:07:50+00:00,
zzz,젠레스 존 제로,645d1721-579d-48b5-a746-43194a1cf7af,"다 좋은데, 메인퀘에 있는 방부로 움직이는거 난이도 수정좀 해주세요. 컨트롤이 좋지 않은 유저는 정말 스트레스 받아요. 메인퀘 들어가지는 게 망설려져요. 난이도 수정하거나 조절할 수 있게 해주세요. 아니면, 옛날처럼 tv방식을 선택할 수 있게 해주세요.",1,9,2026-08-01T03:45:48+00:00,1.4.0
zzz,젠레스 존 제로,3c878397-0e66-4b2e-9d53-a33de6c23431,아니 자꾸 70.14에서 튕겨요 제발 이것만 고치면 다 좋을텐데,1,1,2026-07-31T21:40:45+00:00,3.1.0
zzz,젠레스 존 제로,ded1fc10-4a43-4a65-9e8a-8ffc72f0fc0a,뭔 항상 픽뜷이여,1,1,2026-07-31T19:59:39+00:00,3.1.0
zzz,젠레스 존 제로,b0e7ca27-6889-49c0-86f0-296c85cce40e,!앨!리!스!살!려!내!,5,1,2026-07-31T18:02:40+00:00,3.1.0
zzz,젠레스 존 제로,8d9aa09d-1d85-41e6-96e4-51036623f103,모바일 최적화 좀 해 주세요 화면이 중간에 뚝뚝 끊겨요 pc에서는 괜찮은데 그외에는 평타 이상인 게임,3,1,2026-07-31T13:31:05+00:00,
zzz,젠레스 존 제로,dfc5ffbb-c147-46e9-b1db-fe7a842b9016,아니 최신폰인데 발열이랑 튕김 개심한건 뭐임???? 너네 원신 최적화는 잘해놨으면서 젠존제는 왜그러냐,1,1,2026-07-31T09:49:25+00:00,3.1.0
zzz,젠레스 존 제로,1ba0ca57-2d22-4d0a-afc7-b20a320e28d0,현재 2주년을 즐기고 싶지만 게임을 키면 로비에서 튕겨 가지고 게임을 못 합니다. 이러면 아무리 좋게 패치를 해도 게임을 못해서 그냥 병풍 취급입니다. 당장 이 오류를 고치든가 하십시오. 이 오류 때문에 유입은 무슨 게임을 못합니다.,1,1,2026-07-31T09:37:25+00:00,3.1.0
zzz,젠레스 존 제로,157bdd5f-8f7c-44a6-b922-059e158968f2,원석으로 장난치냐 겜 2일째인데 접는다,1,1,2026-07-31T08:34:59+00:00,
zzz,젠레스 존 제로,dc2642ca-347e-4d1d-890c-158f7a11720a,최적화는 하시는 건지는 모르겠지만 그게 느껴지지 않을 정도로 문제점이 많네요...,3,1,2026-07-31T08:24:59+00:00,3.1.0
zzz,젠레스 존 제로,18ba2954-0973-480d-a514-fb47d30a74da,지들이 개 똥쓰레기 A시리즈 보급형 s시리즈 ㅈ구형 폰 쓰면서 게임 최적화 뭐라고 하노 ㅋㅋㅋㅋㅋㅋ 호요만큼 적당히 최적화 된겜 적은데,5,3,2026-07-31T07:22:50+00:00,
zzz,젠레스 존 제로,d21fbac0-e43a-4526-a8c2-aa59070cf9a5,"모바일로 게임하면서 로그인 하는데 튕기고 전투 때 끊기는 때가 종종 있지만, 게임은 재미있습니다. 패링 소리 맛있고, 캐릭도 디자인이 예쁩니다. 요즘 스토리로 공사급의 캐릭터가 점점 풀리고 있으니 더 재밌어 지고 있고요. 그리고 무과금이라 원하는 캐릭터가 오게 되면 뽑으려고 재화를 모으고 있습니다. 음.. 공사의 조이어스도 플블이 되려나요. 조이어스 플블이 되기를 기원합니다.",4,12,2026-07-31T05:07:43+00:00,3.1.0
zzz,젠레스 존 제로,10433eaf-a658-41f1-a858-25f18e8c3bd5,"아니 이게 대체 왜 이러는건지 모르겠는데 게임 전체 용량까지 다운받고, 마지막 데이터 로딩만 하면 되는데 계속 몇번을 들어가도 70.14% 에서 멈춰서 게임 시작 자체를 못하고 있고요. 뭐 지웠다 깔기라도 하면 해결될거라는 확신도 없어서 곤란하네요.",2,5,2026-07-31T03:20:40+00:00,3.1.0
zzz,젠레스 존 제로,f11cfe47-3dc3-405a-9054-bb971cbf92bd,너무 심하게 튕겨요,3,1,2026-07-31T02:26:45+00:00,3.1.0
zzz,젠레스 존 제로,22d24a28-4600-4402-97fa-418f9d5764c2,원래 게임 시작 로딩중에 가끔 튕기기는 했지만 어제는 4번은 튕귀고 오늘은 아예 들어가지지를 않아요.. 제 핸드폰이 문제인지 현재 게임이 그런 상황인지 이거 어떡게 하죠,2,1,2026-07-31T02:14:28+00:00,3.1.0
zzz,젠레스 존 제로,180d1bb8-98ea-433c-a11a-278de6811cb7,게임이 들어가지지 않습니다,1,1,2026-07-31T00:38:25+00:00,
zzz,젠레스 존 제로,53c77a13-4331-485a-89e5-658d1a0bebf4,폰에서 접속 계속 안됨 오류 수정 바람,3,1,2026-07-30T23:09:36+00:00,
zzz,젠레스 존 제로,88f18e32-d9fe-4149-b7fc-8aca630c3cf2,걍 현질해도 무과금이 너무 많은데 최적화도 별로고 걍 애매함 뽑기 확률 주작 아닌가 싶을 정도로 픽뚫 심각하게 많이남 어케 픽뚫이 연속으로 5번이 쳐 나냐,1,1,2026-07-30T22:36:33+00:00,
zzz,젠레스 존 제로,9b7b1f2c-9297-4b4c-9285-5da0c0aec3f7,a54인 폰에도 잘 돌아가지만 돈을 쓰지 않으면 폴리크롬 얻는 법이 좀 어렵다 시간도 좀 걸리고,4,1,2026-07-30T22:33:16+00:00,3.0.0
zzz,젠레스 존 제로,2dd8529a-f663-4e99-a8ad-615c51c0e65a,주년 유입인데 실행만 하면 계속 튕기네요;;,2,1,2026-07-30T22:28:59+00:00,3.1.0
zzz,젠레스 존 제로,abf01f33-a12d-40a2-9cab-9a0001cf9247,3.1버전 트루비아 만남에서 벨 시점에서 벨이라고 불러야하는데 더빙에서 와이즈라고 되어 있어요,5,1,2026-07-30T17:58:13+00:00,3.1.0
zzz,젠레스 존 제로,69f61c3f-0c95-484c-9bdb-cb6684d699c7,진짜로 버전 올라갈 때마다 렉걸리면서 팅기는 거 너무 별로에요.젠존제 진짜 좋아하는데 이렇게 팅기면 하고 싶은 마음이 싹 사라지죠,1,3,2026-07-30T16:34:36+00:00,3.1.0
zzz,젠레스 존 제로,f2510be8-318c-4696-9433-6f2e070dc515,"2주년 기념으로 복귀해서 게임 깔고 로그인하려는데 70.14%에서 자꾸 튕김. 최적화 했다곤 하는데 7번 접속해도 7번 튕김. 사진도 지워보고, 게임도 지웠다가 다시 깔아보고, 게임 화질 및 잡다한거 다 낮춰도, 정확히 70.14%에서 튕김. 커뮤니티 들어가보니 컴은 잘 작동한다 하는데 폰 유저들은 똑같이 70.14%에서 멈춘다고 함. 폰유저는 다음 버전까지 기다리라는건지 아니면 엿맥이려는건지 모르겠음. 신속히 수정해주길 바람. 요약:나도 레미엘 뽑고싶다고!!! 나도 접속 시켜 달라고!!!!",1,8,2026-07-30T16:17:11+00:00,3.1.0
zzz,젠레스 존 제로,1b21f602-fa9f-4df0-ab08-effcc6819cfc,오랜만에 복귀했는데도 게임이 계속 팅기고 픽뚫도 너무 많이 떠요... 게임을 하지 말란거죠..?,1,3,2026-07-30T15:22:19+00:00,3.1.0
zzz,젠레스 존 제로,49a2fd28-5925-4127-bb13-2e7186b6b325,이번 3.1 업데이트 하고 대부분의 유저들이 로그인 화면 70.14%에서 튕기는 것 같습니다.. 게임 삭제하고 다시깔면 접속되긴하는데 그때 한번만 가능하고 그 뒤로 재접하면 다시 70.14%에서 튕기고요.. 젠존제 너무 하고싶은데요 ㅠㅠ.. 하려고 어떻게든 해보는데 재설치 말고는 아무것도 소용없습니다..,1,9,2026-07-30T14:07:17+00:00,3.1.0
zzz,젠레스 존 제로,415ef781-1fe4-4c2a-a427-492353d9eddc,더 잘하라는 의미에서 5점,5,4,2026-07-30T13:44:57+00:00,3.1.0
zzz,젠레스 존 제로,dd1b263b-ebe6-4203-8f05-20104cf96430,아니 제가 참다 참다 이러는데 모바일로 플레이하는 저를 포함한 다른 모바일 플레이유저들은 신경 안쓰나요..?????????????? 3.1 버전 업뎃 하고 왜 어째서 도데체 왜 70.14퍼에서 멈췄다가 튕기는거죠....????????????????????????? 너무 실망스럽네요... 그냥 튕기면은 핸드폰은 용암이 되버리고 게임은 하고 싶어도 못하고 진짜 실망스럽네요 플레이 부분은 뭐라 안하지만 이거만큼은 진짜 너무 불편합니다 모바일 최적화좀 어떻게 하세요.!!!!!!!!!!!!!!!!!!!!!,2,3,2026-07-30T13:35:10+00:00,3.1.0
zzz,젠레스 존 제로,33071be7-6b42-4638-9156-dfab3fe45fb3,이제는 70.14에 팅기네 제발좀 고쳐 게임좀 하자,1,3,2026-07-30T12:36:48+00:00,3.1.0
zzz,젠레스 존 제로,2274aaa7-e156-43d6-a466-9c1b098d1518,"이번 업뎃 이후로 접속을 하면은 매번 70.14퍼에서 튕깁니다. 예전엔 3번 정도 반복하면 접속이 되었던 방면, 지금은 1시간을 시도해도 접속이 안됩니다. 게다가 업뎃 이후로 로딩이 느려졌습니다. 젠존제를 굉장히 좋아하는데, 매번 업뎃만 하고 나면 이런 일이 생기니 너무 안타깝습니다.",2,7,2026-07-30T11:59:04+00:00,3.1.0
zzz,젠레스 존 제로,d9febedd-659c-4d50-9437-23549a328ce3,"게임은 재밌는데... 로스켈리퍼 이후로 여자 캐릭터들의 신체 노출이 너무 심해졌어요. 그냥 심한 게 아니라 역하게 느껴질 수준이에요 노출을 하지 말라는 소리가 아니에요 시시아, 이드하리 이런 애들은 노출이 있어도 예쁘게 잘 되었는데 로스켈리퍼 이후는.... 진짜 심해요 게임 연령대를 19세로 만들거나 캐릭터 노출을 줄여주면 좋겠어요. 캐릭터 복장 때문에 게임 플레이가 어려워지면 안 된다고 생각해요",3,2,2026-07-30T11:34:31+00:00,3.1.0
zzz,젠레스 존 제로,e879390e-68ea-466c-90a4-ead86bed54ab,하면 할 수록 정 떨어지는게임 뭐 호요게임사 게임이 대게 다 똑같지만 이건 특히 심함 오랜만에 복귀해서 하려고 하면 역시 실망 시키지 않고 정떨어지게 하는 대단한 게임 이제 다신 할 일 없을듯,1,3,2026-07-30T11:22:32+00:00,
zzz,젠레스 존 제로,8522a3c3-dff1-4d30-967f-6eb6d9a4421f,그냥 모바일 최적화 개망했음 3.1버전 업뎃 이후론 접속도 안됨 이럴거면 pc로만 내라,1,2,2026-07-30T11:07:03+00:00,3.1.0
zzz,젠레스 존 제로,66a7aea1-618c-4c48-842b-83d32fc15f30,픽뚫이 연속으로 7번나오는게 말이되나? 심지어 두개는 엔진인데 그럼 캐릭터 5명 엔진 2개가 연속으로 픽뚫날 확률 계산하면 총 확률이 0.78%네? 이게 말이된다고 생각하나?였는데... 10뽑만에 픽뚫없이 전엔 나오니까 그냥 운이 없어서 그랬던거였을수도?,5,5,2026-07-30T10:07:36+00:00,3.1.0
zzz,젠레스 존 제로,44815191-c71f-4dad-87b4-d23f6ff58242,정말 재밌게 하고있는 게임이고 지금도 즐기고 있지만 모바일 젠존제는 별1개가 맞음. 뭐 조작감 어쩌고 이런문제가 아니라 걍 폰 최적화가 끔찍해서 이번 레미엘패치기준 어중간한 폰으론 실행도 불가능해짐. 인게임으로 올린 공지랍시고 말하는게 기기를 변경하시오? pc젠존제는 별5개지만 모바일은 자격이 없다 자격이.,1,6,2026-07-30T09:44:31+00:00,3.1.0
zzz,젠레스 존 제로,9ef5b195-b579-4842-897c-3d92742d1da6,아니 들어갈려고 하면 튕겨요.... 70%에서 자꾸 멈추구여 ㅠㅠ,1,3,2026-07-30T07:40:45+00:00,3.1.0
zzz,젠레스 존 제로,a9ecfc0c-4235-4e80-b064-8a00a948f355,최적화 해라,1,2,2026-07-30T07:25:45+00:00,3.1.0
zzz,젠레스 존 제로,1893d1a1-94e9-4f03-8d58-95b3c6519a80,UI가 맛있는게임은 처음,4,1,2026-07-30T06:56:25+00:00,
zzz,젠레스 존 제로,a4b07ec0-0f74-48fb-a38f-6bc5f1f2c3e6,최적화 플리즈..,1,2,2026-07-30T06:15:45+00:00,
zzz,젠레스 존 제로,64395298-6068-420b-9fd0-f87f2d1fb147,게임이 계속 끊김 재설치해봐도 똑같은것같음,1,2,2026-07-30T06:04:09+00:00,2.3.0
zzz,젠레스 존 제로,571ba109-58dc-4e84-872d-21ce6586dcef,거 튕기는 것 좀,1,2,2026-07-30T05:55:07+00:00,3.1.0
zzz,젠레스 존 제로,bbb69685-bd64-42c3-8900-557141f943ab,인겜 보상받고 다음날 겜할려고 들어갈려하면 튕기는데 어떻게 하자는 건가요?,1,2,2026-07-30T05:33:30+00:00,
zzz,젠레스 존 제로,17afc73c-1a1a-436d-b85a-6da19244d9fb,개 쓰레기 게임 아니 2연속 픽뜷 뭐냐 확률 조작이지 게임 삭제하고 게임을 다시 까니까 아예 게임 로딩만 되다 꺼지는 버그 때문에 게임 할라면 게임 지웠다 다시 킨 그때만 되는 쓰레기 겜,1,2,2026-07-30T05:30:19+00:00,3.1.0
zzz,젠레스 존 제로,cab797bd-1e28-4199-bd37-9d4de48e2f74,픽뚫나서 더러워서 못해먹겠네,1,2,2026-07-30T05:04:35+00:00,1.6.0
zzz,젠레스 존 제로,adb0214e-3622-40f9-b134-449ce5c4c27f,3.1 업데이트 이후 핸드폰에서 젠레스 존 제로 실행 시 로그인 화면에서 70.14%까지 로딩되고 게임이 튕겨버리는 상황이 너무 많이 나옵니다...,4,1,2026-07-30T04:13:08+00:00,3.1.0
zzz,젠레스 존 제로,d1cecaa2-bfcd-4e40-a5c0-7fc248577cac,"빨리 문제점들은 해결해주세요 게속 75,68의 게속 자주 멈추다까 튕겨요 빨리 문제점들과최척화와버그들좀 해결해주세요 부탁들립니다 제발",1,4,2026-07-30T03:17:53+00:00,3.1.0
zzz,젠레스 존 제로,0478062e-ec79-42f5-8288-2b51233414f5,최적화는 그렇다치고 키우는거 관련이나 뽑기에 불만있는 사람 많은듯한데 귀찮아서라고 생각함 서브나 이것저것만 쭉 밀어도 이벤트등으로만 1주일에 10000개 이상은 모임...그리고 갓챠는 역시 본인운빨이라 어쩔수없다생각함..그리고 키우는건 애초에 금방금방 깰수있는데다가 뭐가 문젠지모르겠음..그냥 싸물고 즐기셈 못즐길거같으면 시도하질말고,5,2,2026-07-30T02:35:37+00:00,
zzz,젠레스 존 제로,ebdccd32-8af5-43ee-a8bd-06198a997ae9,모바일 최적화 제발. 회사에서 출첵 좀 하자..,2,1,2026-07-29T23:36:28+00:00,3.1.0
zzz,젠레스 존 제로,44df481e-ac81-48c4-addb-734162de002c,3.1버전 업데이트 이후 이젠 아예 로딩창에서 매번 튕깁니다. 이건 아예 플레이 자체가 불가능합니다.,1,3,2026-07-29T23:00:25+00:00,3.1.0
zzz,젠레스 존 제로,f603ced7-06eb-4a96-b919-acadf6f44b11,3.1버전 업데이트 후 데이터 로딩 70퍼센트에서 종료 되는 현상이 지속됨,1,2,2026-07-29T22:19:17+00:00,3.1.0
zzz,젠레스 존 제로,0d27e3e6-c889-493e-abd2-9ff86be09020,서브컬쳐 게임 중 액션은 제일이지만 이벤트가 끔찍하게 재미없습니다,4,1,2026-07-29T17:21:28+00:00,
zzz,젠레스 존 제로,6f63f604-5880-412c-8dd7-a882a2cf70e1,용량 최적화는 좋은시도했던거라 별추가 하지만 타게임 혹은 동일게임사 오픈월드는 문제없이 가동되는데 유일하게 문제생기는 게임 구동잘되시는사람들은 할만하니 추천,2,4,2026-07-29T16:50:22+00:00,
zzz,젠레스 존 제로,e5f896ed-e0b9-41e4-8a51-2396227f67af,돈미새 미친BM 그냥 미친게임,1,2,2026-07-29T16:16:43+00:00,3.1.0
zzz,젠레스 존 제로,db108c42-4534-4198-b4af-cee0d0c37880,설치하고 들어가서 다시 기다리는 단계에서 계속 튕겨요. 구글 계정으로 로그인만 하고 들어가지 못해서 탈퇴도 안되서 답이 없습니다..ㅜㅜ,1,2,2026-07-29T15:38:46+00:00,
zzz,젠레스 존 제로,5d973268-d612-4adb-aaa3-f1fcc799f1f4,아 또 시작이네 진짜 내가 이거 오류 때문에 몇 번을 관두는거야. 자꾸 튕기네 겁나 느리고,1,2,2026-07-29T12:54:52+00:00,3.1.0
zzz,젠레스 존 제로,502cf5cd-6035-4bbb-80a7-f008736aefe5,모바일로 플레이하는 탓도 있겠지만 평소에는 잘 접속 되었는데 갑자기 접속만 해도 튕겨서 게임 플레이가 어렵습니다.게임 자체는 만족 하지만 이러한 문제 때문에 아쉬울 따름 입니다. 😢,5,1,2026-07-29T12:20:08+00:00,3.0.0
zzz,젠레스 존 제로,8d41f4ac-15ed-4d2c-9c55-385a0a68b923,레드매직11프로 쓰는데 렉도 없고 로딩도 빠르고 그래픽도 훌륭합니다. 10분 정도 돌리면 내장 냉각팬이 시끄러워 지는게 그나마 흠이네요,4,1,2026-07-29T11:45:37+00:00,
zzz,젠레스 존 제로,6b8dc786-b6b5-4686-b760-364f712c9152,"재미있게 하고 있는데 ""눈물은 과거와 함께 묻으리 (하)"" 의 컷씬이 나오질 않습니다. 이 버그 좀 고쳐주세요",4,1,2026-07-29T11:27:42+00:00,3.1.0
zzz,젠레스 존 제로,29bf2bfd-eaa1-4b9c-982e-aa4003b6cefe,깔지마셈 게임이 아예 안됌 로딩 70.14퍼센트에서 튕겨서 할 수가 없음,1,2,2026-07-29T10:27:04+00:00,
zzz,젠레스 존 제로,aa4a2c73-9511-4210-a33b-92610700f5e7,확률 노답이다 여러계정 전부 레미엘안뜨네 이게 게임이냐,1,2,2026-07-29T09:30:02+00:00,3.1.0
zzz,젠레스 존 제로,fa8b6f8e-0dcd-4d01-8da4-15f9b61fd375,goat,5,1,2026-07-29T08:23:43+00:00,
zzz,젠레스 존 제로,856dc74a-b4b7-43d6-b0dd-fc16362f0288,적어도 게임에는 들어 가게는 해줘야지 뭐하자는거야?,1,3,2026-07-29T08:15:32+00:00,3.1.0
zzz,젠레스 존 제로,ed7f8466-472f-40f7-8a21-233e42c24b36,다 좋은데 들어가지질 않아서 할 수가 없어요,4,1,2026-07-29T07:10:50+00:00,3.1.0
zzz,젠레스 존 제로,bbe0c467-7ebf-4837-ac07-c1cff2d27ac2,모바일로 하니까 다운 다하고 로딩 75%에서 계속 튕겨서 들어갈수가 없음 내가 업데이트 기다렸는데 보답이 이따위인가? 아직도 안 들어가진다. 아직도 75%에서 튕기네요 언제 고치시나요? 오랜만에 왔는데도 75%에서 튕기네요 폰은 갤럭시 a25 5g입니다 아직도 75.61%에서 계속 팅기네요 고칠 생각이 있나요? ram을4GB 낮추고 한번만 접속되고 그뒤로 계속 팅겨서 못 들어가네요 고칠 업데이트 내용 보면 고칠 생각이 1도 없는것 같네요 지금은 70.14%에서 튕김 최신 엑시노스만 되는것 같은데 최신 폰이랑 pc만 신경 쓸거면 모바일 서비스 중지 하세요,1,10,2026-07-29T06:57:24+00:00,3.1.0
zzz,젠레스 존 제로,b748412a-ba11-4e04-a07d-6202e33e45e0,캐릭터 예쁘고 사료도 많고 다 좋은데 폰으로 접속 중에 15번 연속으로 튕김,5,1,2026-07-29T05:19:56+00:00,3.1.0
zzz,젠레스 존 제로,437b2fac-731c-4265-9d90-23b30c9605db,이러다가 망하겠네,1,2,2026-07-29T04:24:42+00:00,
zzz,젠레스 존 제로,a324c1a0-1899-4007-a7b3-24bdc768f870,분명 게임 자체는 너무 재밌고 좋치만 이젠 접속 자체가 안되고 70%에서 그냥 나가져서... Z6 망가트렸는데 장인은 도구탓을 하지 않는 다는 심정으로 핸드폰 렌즈 있는 쪽 작은 화면으로 하고 있네요.. 하... 제바아알 최적화가 됐으면...,3,2,2026-07-29T03:30:42+00:00,3.1.0
zzz,젠레스 존 제로,4a23d584-37a4-4cff-a995-55466fa8ed02,모바일로 사용하는 유저인데요 조작감 너무 불편하고 발열 너무심해요 화면돌릴때 획획돌아가는거 너무 짜증남,1,1,2026-07-29T02:49:14+00:00,3.1.0
zzz,젠레스 존 제로,9d9e47cc-e7bd-4fce-9d5b-591a543de131,"한달 조금 안되게 플레이 한 경험으로썬 나쁘진 않고 확실히 젠존제 특유의 고유 시스템과 매력이 있다 생각합니다. 캐릭터들도 나쁘지 않게 항상 잘 만들어왔고 게임 본인만의 감성을 잘 살린거 같습니다. 단점은 일단 현재 s24로 플레이하고 풀옵션으로 게임 중인데 젠존제의 용량이 큰 점, 발열, 그리고 계속되는 렉의 문제점이 심각해 최적화가 필요해 보입니다. 그리고 호요버스 게임 답게 가챠를 할려면 무과금에겐 게임을 빡세게 하는게 아니면 매우 힘들고, 픽업 가챠 확률이 워낙 저조한데 그 상황에서 픽업캐릭터가 아닌 다른 캐릭터(픽뚫)가 나오면 가뜩이나 무과금에겐 가챠가 힘든데 좀 억울하고 허탈합니다. 이 점들외엔 문제점은 없고, 가챠 시스템 개선을 바라나 이건 게임 bm 문제기에 일단 최적화 먼저 해주시면 감사하겠습니다.",5,1,2026-07-29T01:49:31+00:00,
zzz,젠레스 존 제로,7c4f1121-f2cd-4060-a93d-96c56d8141c7,주안공 성별 한번 바꾸면 좋겠다아아아아아ㅏㅏㅏ,5,1,2026-07-29T01:25:47+00:00,3.0.0
zzz,젠레스 존 제로,dc1a30fa-041a-485f-b826-417e276d4ce6,"뭔가 이런저런 글이 많은데... 저는 1.0 때부터 지금까지 거의 1~2번정도 지우긴 했지만 지금까지 잘 하고있는 유저입니다. 저는 1시즌,2시즌,3시즌 대부분 스토리 불평없이 잘 봤고요. 요즘 서브컬처 게임들 보면서도 구 케릭터 들을 이만큼 챙겨주는 게임이 없겠구나 싶었어요. 여러가지 컨텐츠도 재밌고. s25인데 잘 끊기지도 않고요. 당연히 지금 운영 잘하고 있다고 생각합니다. 재화도 틈틈히 챙겨주고, 구 케릭터 A/S도 해주고, 픽업케릭 배포도 해주고, 상시 케릭터도 바꿀수 있게 해주고. 이만한 게임 없다고 생각합니다.",5,9,2026-07-29T01:09:37+00:00,3.1.0
zzz,젠레스 존 제로,4a367ce1-9734-4b7e-a4b2-9ed3e3a15b91,젠존제 2년 축하해,5,1,2026-07-28T23:19:45+00:00,3.0.0
zzz,젠레스 존 제로,cd8f2662-40eb-41a8-a7b0-faa3a749f8f9,드디어 정식출시냐 더더 발전해가자,4,1,2026-07-28T22:47:02+00:00,3.0.0
zzz,젠레스 존 제로,a39217ba-7ea4-4781-a6d4-41073923af8f,이젠 접속이 아예 안되네요.. 무슨 게임을 키자마자 폰이 폭팔적으로 뜨거워져요 진짜 최적화 좀 신경쓰세요 출책이랑 배터리빼려면 어쩔수없이 폰으로 접속할때도 있는데 폰 터질까봐 무서워서 못 키겠네요,3,4,2026-07-28T11:56:45+00:00,3.0.0
zzz,젠레스 존 제로,de7af8a9-2c1b-4e4d-ba12-f20d804d4248,"젠존제 사랑하고 너무 재밌게 시즌 1 때부터 플레이를 해왔지만 이젠 끊습니다. 계속 게임 들어가기 전 데이터 로딩 단계에서 75.61%만 되면 버벅거리다 튕겨서 접속 자체를 못합니다. 다른 타 서브컬처 게임은 이런 문제 하나도 없습니다. 이것만 이렇습니다. 도대체 이럴거면 왜 폰으로 할 수 있게 나온거죠? 점점 버전이 높아질수록 폰 플레이는 더욱 힘들게 될 게 뻔히 보입니다. 게다가 고객센터는 무슨 계속 의미없는 해결책만 내놓고. 덕분에 보상 아주 잘~ 날려버렸습니다. 지웠다 까는 것도 이제 지긋지긋합니다. 그렇게 용량 큰 명조도 이딴 식으로 접속을 못하게 한 적은 없습니다. 아무리 봐도 젠존제는 앞으로 폰 유저들을 그냥 감소시킬 것만 같습니다. 전 제 폰이 문제인가 싶어서 폰도 좋은 걸로 바꾸고, 휴대폰 쿨러도 샀습니다. 근데 이게 뭡니까 이게. 하... 이 문제 해결하지 않는 이상 앞으로 절대 젠존제 복귀 생각은 없습니다. 시즌 1 때랑 시즌 2 초반 때까지만 해도 멀쩡했잖아요.",1,7,2026-07-28T05:45:13+00:00,3.0.0
zzz,젠레스 존 제로,f5471f86-a57e-47e9-9c71-afd1d28658ce,"다 좋아요. 진짜 문제는 컨텐츠 부족이죠. 원신붕스보다 훨씬 심합니다. 원신은 탐험, 붕스는 롤토 비슷한거 일단 할게 있는데 얘들은 없어요 걍 제로공동 들어가는 것도 그냥 짱짱쎈 캐릭으로 보스잡는게 끝이잖아요? 근본적으로 붕스,원신이랑 다른 지루한 엔드 컨텐츠죠. 이벤트는 말 못하긴 합니다. 개인 취향이라. 전 일단 방부 관련된 이벤트는 너무 재미가 없어요. 폴가이즈를 개인적 재미없게 해서 너무 길고 재미없더라구요 쓸데없이 공들인것도 빡치고요. 그 외엔 얘들 입힌게 너무 야하다 정도.. 프로미아, 시시아가 너무 빗.. 해변 같아보여서 좀 그랬어요..",3,0,2026-07-27T19:17:04+00:00,3.0.0
zzz,젠레스 존 제로,eb84273a-6ebd-45c5-97ec-5a52d794d4c4,매우 훌륭한 캐릭터 디자인과 설정,5,2,2026-07-27T16:38:40+00:00,
zzz,젠레스 존 제로,45c6b308-7976-4866-8296-18cf0d03d7c3,굿,5,0,2026-07-27T15:39:58+00:00,3.0.0
zzz,젠레스 존 제로,9795c322-e8bc-4b5f-961c-67e38e316bf2,업데이트 이후 게임에 접속이 안됩니다,3,2,2026-07-26T15:08:21+00:00,3.0.0
zzz,젠레스 존 제로,7f41d95f-9955-4d74-b0b7-13d97fd94aa8,자꾸 데이터로딩중에 튕기네요..꼭 하고싶은 게임이였는데..,2,2,2026-07-26T05:36:48+00:00,3.0.0
zzz,젠레스 존 제로,03b25253-7be6-4b18-979a-03426421bfe8,실행도 안되고 자꾸 튕기네요..,1,1,2026-07-26T04:28:31+00:00,3.0.0
zzz,젠레스 존 제로,4ccea204-5eac-4595-bf83-cd38ac623334,저 진짜 호요버스 게임은 무슨 상담소? 빼고 전부 하고 있는데 젠존젠 할때만 자꾸 튕겨요 75.89% 진짜 외우고 싶지도 않은데 자꾸 여기까지만 로딩되고 꺼지는데 이유가 뭔지를 모르겠어요ㅠㅠ 원신만큼 발열되지도 않았는데 어째서... 지금 나머지 게임은 컴퓨터랑 패드에 있고 폰에는 젠존젠 하나뿐이예요. 아직 저장공간도 있고요. 근데 왜 자꾸 튕기는걸까요... 재밌는데.. 저도 2주년 즐기고 싶은데요... 저도 휴고 받고 싶은데ㅠㅜ 이대로 가다간 그냥 전부 놓칠거 같아요ㅠㅜ 이유 좀...!!! 알려주십쇼...,3,1,2026-07-26T02:47:28+00:00,3.0.0
zzz,젠레스 존 제로,4fc293d7-f34f-4847-83cf-2b9806b7c8f2,"확실히 로스캘리퍼 나오고 여러모로 개선됨. 이유를 알수없는 똥고집은 여전하지만, 그래도 그냥관의 스토리마냥 이입안되고 계속 걸어다니게 시키는 그 액션이 아니어서 좋았음. 신규 기믹으로 과금유도하는건 좀 노골적이지만, 반대로 월정액+패스 정도로 계속 즐기면서 명함 하나씩 뽑기에는 꽤 괜찮음. 전무 욕심만 안내고 하면 널널함",4,0,2026-07-25T18:24:42+00:00,3.0.0
zzz,젠레스 존 제로,5d59b2eb-4b65-4547-bba6-c62b33d43f9a,이제 정식 출시한 게임임.,4,2,2026-07-25T17:23:10+00:00,
zzz,젠레스 존 제로,e9688318-b4b4-44b5-b776-b2f5d3d9f256,"리뷰쓰는시점 순위 101위. 초창기 설정, 공동이라는 위험구역에서 방부를 이용하여 탈출경로를 빠르게 찾는 로프꾼. 그 중에서도 유명한 파에톤이라는 ""블랙해커(불법)"" 컨셉임. 지금은?? 신분을 노출시키고 어느 무예가 제자가 되더니만 현현술쓰고, 직접 공동에 들락날락거림. 최근에는 공동에서 흑화 하더니만 억지감동 짜내고있네. 스토리 joat. 신규 A급에이전트 이젠 개발하지도않음. 특정보스잡을라면 특정에이전트필요=접대질. 직업구분이 없는 성능인플레(특히 이중스텟 ex특정스텟 초과시 다른스텟상승). 왜있는지 모르겠는 방어군을 쓰려면 '아군을 보호'하려고 쓰는게 아니라 지원(딜증가관련)을 해줘야 사용가능. 왜? 게임이 타임어택 딜링게임이거든. 이제는 회피를 안하고 무적기로 씹으면 되다보니, 보스들한테 강제 회피,지원패링하라고 억지 기믹을 넣음. 무적기-무적스왑-무적기-무적스왑 패턴반복. 이게 액션게임? 전투시간 반이상이 무적임.형신.",1,64,2026-07-25T15:47:01+00:00,2.1.0
zzz,젠레스 존 제로,b5b5bea0-0fc9-4110-9ee4-4e1c3be1dfa3,굳,5,53,2026-07-25T15:12:30+00:00,
zzz,젠레스 존 제로,7e886a08-efb6-4412-9606-4245eca2cf91,S24 사용중인데 로그인중에 자꾸 튕기는거만 빼면 괜찮네요;;,5,0,2026-07-25T10:53:59+00:00,3.0.0
zzz,젠레스 존 제로,47a23d22-3c7a-4db4-aca6-306a37cf4a08,계속 화려한 스킬 모션이 나올 때마다 렉이 걸리면서 게임 진행이 아예 막히거나 튕기는데 왜 그런 걸까요?,5,0,2026-07-25T02:09:42+00:00,3.0.0
zzz,젠레스 존 제로,8f743105-2e9a-43a9-a3eb-d4e90cc188b5,안녕하세요 젠레스 존 제로하는 복귀유저입니다 현재 3.0버전 했으나 다운로드 75%에서 자꾸 튕겨서 나가지더라고.. 무슨 수를 써도 잘 안 되더라구요,2,2,2026-07-24T15:16:43+00:00,
zzz,젠레스 존 제로,bfbc846a-647e-4b57-9051-dfbc229edba5,화면이랑 휴대폰 뒷면 카메라쪽이 뜨거워요ㅜㅜ s24고 낮음으로 하는데도 그러네요..용량은 많이 남아도는데.. 음 램 때문일까요? 아쉽지만 지우기로...,3,1,2026-07-24T13:27:49+00:00,3.0.0
zzz,젠레스 존 제로,52fa54ba-7cf6-4b67-a8e7-ae8e8230c0d0,게임이 자주 튕기고 렉이 조금 있습니다 무엇보다 과금을 하지 않는다면 재화 수급에 어려움을 겪는 경우가 많았습니다 이런 종류의 게임 대부분이 과금을 하게끔 만든다는 시스템임을 알고 있는데도 심하다는 생각이 듭니다.,3,1,2026-07-24T08:21:02+00:00,3.0.0
zzz,젠레스 존 제로,3fc09376-6c67-4134-aeb5-35a81912a255,게임이 자꾸 튕김 피방에서 할려고 하지만 자꾸 튕김 최적화를 안하는것 같은,1,2,2026-07-24T00:44:29+00:00,
zzz,젠레스 존 제로,198a15d1-d858-493c-a632-80904130f333,크다,5,0,2026-07-23T20:14:18+00:00,1.3.0
zzz,젠레스 존 제로,e8119c93-8914-4477-8135-698bbc4cc101,ㅇㄴ 게임이 계속 로딩중에 튕겨요 왜이래요,2,1,2026-07-23T13:51:30+00:00,
zzz,젠레스 존 제로,9706ab30-4234-46e1-b8a7-99c2f36e6c17,스토리가 걍 류웨이 머갈통 5천대는 후려야 고쳐질듯 액션딸칠거면 스토리까지 더재밌는 명조를하지 찢을 왜함? 찢만의 매력이 부족함 캐릭터도 시이 발꺼 좀 양산형으로 찍어내지말고 잘좀해봐라,1,1,2026-07-22T17:34:49+00:00,
zzz,젠레스 존 제로,00109781-a3a6-49e1-ab98-5f79832b7a0a,접속이 안되네요..,1,2,2026-07-22T06:46:18+00:00,3.0.0
zzz,젠레스 존 제로,f0346bf2-d930-4ca6-954f-1895705a3b99,다 좋은데 최적화 신경좀 써줬으면좋겠습니다,5,0,2026-07-21T22:04:33+00:00,3.0.0
zzz,젠레스 존 제로,13cbc948-aa7f-4a23-b8b7-fcace93be09a,2년째 게임하고 있습니다만 PC로 할때는 게임이 잘 실행이 되는데 렉걸리는것처럼 화면이 끊기는 경우가 있어요 근데 모바일 휴대폰으로 게임할때는 로딩이 75퍼정도 되면 갑자기 팅기고 다시 게임 킬때도 자꾸 팅깁니다 제가 싸구려 폰을 사용하는것도 아닌데 게임 실행이 잘 안되서 좀 짜증이 납니다 다른 리뷰들 읽어보니까 모바일 게임할때 팅긴다는 의견들이 많은데 빨리 이 문제점들을 개선해 주셨으면 좋겠습니다. 별점 2점을 드린 이유는 스토리도 재밌기도 하고 캐릭터들이 이뻐서 2점 줬고요 3점을 안주는 이유는 모바일로 게임할때 자꾸 팅기고 렉도 심해서 3점은 뺐습니다,2,8,2026-07-21T16:20:20+00:00,3.0.0
zzz,젠레스 존 제로,104538ac-8769-4748-a178-83eed4a7623f,해봤던 서브컬쳐 중 스토리가 제일 별로임. 전투는 재밌음.,3,1,2026-07-21T05:58:47+00:00,3.0.0
zzz,젠레스 존 제로,e2d61fb6-c18a-4e15-9995-645c3010cece,뽑기 지친다 진짜..,1,1,2026-07-21T04:39:40+00:00,
zzz,젠레스 존 제로,7c617b87-a051-40a9-a750-bd478eddfde9,게임 키면 로딩하다가 튕기고 나가짐 제발 고쳐라,1,2,2026-07-21T00:15:34+00:00,3.0.0
zzz,젠레스 존 제로,9ec9d980-fe9e-422b-8161-2342a258c705,앱 최적화가 안 된게 정말 별로임. 게임은 재밌지만 매번 게임 데이터 로딩하다가 팅김. 재설치하면 괜찮아지지만 추가 데이터 생겨서 다운하면 또 똑같은 현상 발생함. 매번 재설치 할 수도 없고 답답함.,1,3,2026-07-21T00:01:31+00:00,3.0.0
zzz,젠레스 존 제로,b0099875-7972-4b35-b6c2-5511e6830e89,왜 로딩이 75.6에서 안 넘어가고 튕기는 거죠.,3,2,2026-07-20T14:44:50+00:00,3.0.0
zzz,젠레스 존 제로,c3f554c1-34b7-4199-b57e-492f4e6f6478,S25 ULTRA 로 젠존제를 매우 재미있게 플레이 하고 있는 유저입니다! 우선 제가 젠존제를 좋아하는 이유는 1.풀옵션도 문제 없이 50~ 60 FPS로 잘 돌아감. 2.캐릭터가 다양하고 각각의 특성도 있고 예쁘기도 하고 멋도 있어서 질리지 않음. 3. 신캐들도 잘 나오고 스토리도 전반적으로 재밌어서 질리지 않음. 4. 과금 유도가 있지만 그래도 원활히 플레이 가능함. 5. 여러 서브 퀘스트나 에이전트 신뢰도 퀘스트 등 다양한 컨텐츠 들이 많아 재밌음. 등등 저에겐 너무나 재밌는 게임 입니다. 감사합니다!,5,8,2026-07-20T12:37:47+00:00,3.0.0
zzz,젠레스 존 제로,cd64af7c-683d-4229-95ab-5fc52744a871,게임은 재밌습니다만...핸드폰 발열이 너무 심하고 자주 튕기는 문제로 컴터로 하고 있습니다,4,0,2026-07-20T09:43:46+00:00,
zzz,젠레스 존 제로,fd0d50c5-5acb-4379-acf3-1660aa39c310,👍,5,0,2026-07-20T08:59:49+00:00,3.0.0
zzz,젠레스 존 제로,7b8abdcd-0d0d-4c50-928f-7ca5b21f84ae,처음 들어가려고 로딩하는것 조차도 튕기는 게임..,1,1,2026-07-20T08:01:19+00:00,
zzz,젠레스 존 제로,4ed0d474-f966-49d5-87fa-f3a5a5d12dfc,이건 도대체 언제 고쳐주십니까? 옛날에도 튕기는 현상이 있었는데 아직도 안고쳐지고 문의하면 방법 알려주는데 그것도 안되고 또 문의해달라고 하면 진짜 지울겁니다 돈을 질렀으면 게임을 제대로 플레이 할수있게 해줘야지 돈 받았으니까 꺼지라는것도 아니고 좀 제대로 만들고 운영하세요 이메일로 연락해달라는말하면 진짜 가만안둡니다 이미했습니다,1,5,2026-07-20T06:18:49+00:00,3.0.0
zzz,젠레스 존 제로,15eb43e4-ddf3-4bde-9e2a-fc50cfc10c02,갓겜,5,0,2026-07-20T06:12:59+00:00,3.0.0
zzz,젠레스 존 제로,c9576a8f-f0ef-4219-a401-37fe7c5cce2c,"스토리, 모델링, 캐릭터 모두 만족. 게임 플레이도 너무 재밌습니다. 모바일 최적화와 발열이 너무 심한 것만 빼면...",5,0,2026-07-20T04:19:37+00:00,
zzz,젠레스 존 제로,a5c0145c-b155-4005-bfe6-271ffccfb03e,전투 퀼리티가 좋고 스토리 도재미있고 할만합니다 다만 폰으로 할때 스토리 음성이 이상하게 들리는경우 좀있는데 이건 고쳐 주십쇼,5,0,2026-07-19T16:20:27+00:00,3.0.0
zzz,젠레스 존 제로,fd9ce891-eb2a-4cc8-9f9b-5529ee04b67a,솔직히 말하자면 스토리는 재미가 없지만 다양한 캐릭터와 전투 모션 때문에 계속하는거 같고요. 호요 다른겜 들에 비해서는 스토리에 진심이 아닌거 같아 아쉽습니다.,4,1,2026-07-19T14:18:36+00:00,
zzz,젠레스 존 제로,f41dcf50-c530-4f8a-8dc7-23b261e8c4d8,야나랑장난하냐공식홈페이지아무리뒤져봐도 고객센터가 안보인다그냥 겜망해라 더러워서 안한다 이메일통해는 개뿔 상담하기 싢냐이메일쳐도공식홈만나오고고객상담은 없고 진짜 망했으면 좋겟다 시작누르고 나면 로딩 75퍼에서 멈춤 그리고 튕김 이짓을 반복 함 그리고 용량 문젠가 싶어서 다른 게임 다 삭제함 여유 공간 50퍼 남는데 계속 튕김 이거 폰 문제가 아니라 게임 문제인듯 이제는 계속 튕기고 접속도 못해서 접어야겠음 피시 버전 잇다고 해도 피방비만 많이 들어서 피 버전는 무리일듯 그래서 접고 안할거임 튕김 렉 현상이 없어야 좋은데 이거 뭐 계속 못하게 만드는것같네요 그럼 수고하세요 다시는 안 할거임 말만 저렇더라 말만 입만 발린 소리하고 있네 내가 이것 까지 말 안할려고 했는데 솔직히 제존제 게임은 잼있어 그래 캐릭터 이뻐서 좋아 하지만 아니 로딩에서 75%에서 자꾸 튕겼다 그리고 제존제 하고 싶어서 계속 로딩 시도 해봤다 근데 5시간동안 접속 할려고 해봤다,1,7,2026-07-19T13:19:14+00:00,3.0.0
zzz,젠레스 존 제로,b0602aa5-7ed9-4a76-81fd-43a4c3d2fc74,겔럭시점프3 인데 젠레스존제로 로딩중에 튕겨서 게임이 플레이 불가 합니다,3,0,2026-07-19T09:53:41+00:00,
zzz,젠레스 존 제로,125f6336-d3e3-4622-b6a3-b827dc644eba,업데이트 한 뒤로 모바일로 들어갈때 마다 자꾸 튕김 업데이트 하기전에는 잘 돌아갔는데,3,0,2026-07-19T04:40:47+00:00,3.0.0
zzz,젠레스 존 제로,1628967b-72d7-4032-b739-4a2c70f6d22b,전부 다 좋아요 엑션도 멋지고 스토리도 좋고 광고도 없는데 제발 와이즈랑 벨 서로 바꾸는 법좀 추가해 주세요 성숙하고 멋진 와이즈도 좋지만 귀엽고 뽀짝한 벨로도 해보고 싶어요😄,4,0,2026-07-18T14:24:45+00:00,3.0.0
zzz,젠레스 존 제로,7c866113-2d65-4e72-8837-e6a4c7285e39,3.1 공방 보고 제발 복귀해줘ㅠㅠㅠ 우리 젠존제 사람됐어요 축제에요 축제,5,0,2026-07-18T12:33:02+00:00,
zzz,젠레스 존 제로,a4a51e94-5bd2-497c-9a8a-52dd96db6f0e,"아니, 다 좋은 게임인데. 나만 폰으로 하면 대체 왜이렇게 렉이 걸리고 어떨 때는 접속조차 안되고 튕기는지 모르겠음. 자매게임이랑 다른 서브컬쳐 게임 다 멀쩡히 굴러가는데. 너도 재밌게 하고싶은데 왜 너만 그러냐고.",5,0,2026-07-17T21:23:22+00:00,
zzz,젠레스 존 제로,e3b6e8f2-57dc-40b4-a4f8-54c064b30471,아이 좋아라 콜라보도 하고 캐릭도 좋고 스토리도 좋고 특히 이번 특별방송에서 예고한 콜라보 증말로 기대됩니다. 겨울때 뵈죵.,5,1,2026-07-17T14:26:43+00:00,3.0.0
zzz,젠레스 존 제로,7ad7dbf5-5cb7-464e-8200-48fff4d1e540,젠존제 짱짱,5,0,2026-07-17T10:18:27+00:00,3.0.0
zzz,젠레스 존 제로,91a33ba1-8c68-4a53-833e-937c13300ec3,픽뚫 없는 게임이 될 수 있을까,2,0,2026-07-15T12:26:51+00:00,
zzz,젠레스 존 제로,e4161389-20fe-4747-a0d3-68e7bf8c1fbe,게임 좀 하자고 튕긴다고 제에바아아아아으아ㅏ아아으아아아ㅏ아ㅏ아아아아ㅏ라아ㅏ아아라ㅏ아아라아아라ㅏ라아아아아아아아아아아ㅏ아알,3,1,2026-07-15T10:45:05+00:00,3.0.0
zzz,젠레스 존 제로,ab949a02-6c6d-4889-a60a-2f598a4e31ec,"재미있음, 근데 dx12 버벅임이 아직 심해서 개선이 필요하다고 느껴지며, 최근 몇달간 스토리가 나아진 만큼 이 분위기를 잘 이어나가면 좋을것 같다고 생각하고 있음",5,0,2026-07-14T16:03:09+00:00,3.0.0
zzz,젠레스 존 제로,7c0b0dcd-1b2d-44f2-ba37-da9d9c699585,아아아아악 진짜 스토리도 미쳤고 캐릭터도 좋고 스킨도 좋고 방부도 좋고 길고양이 길강아지도 좋고 다 좋은데 주인공 성별을 못 ㅂㅏ꾸네 ㅜㅜㅡㅜ,4,1,2026-07-14T13:21:28+00:00,
zzz,젠레스 존 제로,2012ced4-78db-4e36-a59f-1c5862bbfa43,왜... 안들어가지나요....? 제가 그렇게 꾸진 폰은 아닌데요... 23쓰고있는데.. 왜 로그인에서 넘어가지 못하나요...? 로그인이 무슨 하늘에 별따기 수준마냥 어려워졌네요... 로그인 하려고 하면 무슨 띵띵띵 컴터 오류소리마냥 나더니 그대로 튕기네요..... 원래 이러진 않았던거 같은데ㅠㅠ 모바일 최적화 제발..... 대부분의 게임을 모바일로 돌리다보니 모바일 최적화가 시급해요..,2,7,2026-07-14T10:00:47+00:00,3.0.0
zzz,젠레스 존 제로,f3c6d340-08fb-4e3b-909b-d61e14ed8aca,2.5업데이트 이후로 자주 끊깁니다 그래픽 다 낮음으로 쓰는데도 자주 끊겨요 그리고 화면 조작할때 회전이 이상해요 특히 스토리에 드론 조종할때 더 심함,2,2,2026-07-14T08:52:01+00:00,3.0.0
zzz,젠레스 존 제로,575b15b0-2ed6-4604-b402-7b0a6a6151ee,검열좀 작작해라,2,2,2026-07-14T08:22:06+00:00,3.0.0
zzz,젠레스 존 제로,e16f7e6a-c5b9-4b44-a000-feb149c10059,"시즌2 칭파이하이츠까지도, 스토리는 좀 아쉽지만 그래도 애정을 가지고 꾸준히 했는데, 시즌3 신캐 디자인들보고 크게 실망해서 떠납니다... 시즌1 키치한 감성이 좋았던건데... 그래도 그동안 젠존제 덕분에 힘든 직장생활 잘 버텼습니다. 언젠가 다시 돌아올 수 있는 날이 오면 좋겠습니다.",1,2,2026-07-13T17:54:25+00:00,
zzz,젠레스 존 제로,57012cfc-1adb-472e-affe-5881c08db6ca,스토리 애니메이션 연출이 정말 끝내줌. 스토리는 옛날 애니의 클리셰를 따라가는데 나쁘지 않음. 캐릭터 욕심 내면 중간에 현타 올 수 있음.,5,1,2026-07-13T16:01:13+00:00,3.0.0
zzz,젠레스 존 제로,e2ffdfd5-6ac5-4a87-861b-08a4b63cb052,오픈 유저로 잘하고 있었는데 이전 버전 업데이트부터 발열이 심해지더니 로그인 화면에서는 80%이상 확률로 튕깁니다. 게임을 할 수가 없어요. 아래 글들 보니 흔한 증상이었네요. 갤럭시s24입니다.,3,2,2026-07-13T13:57:55+00:00,
zzz,젠레스 존 제로,a4bd621c-90e0-4421-a3cb-c5e48b2ba2cb,"1버전 스토리나 개성 잘 보여줬고, 2버전에서 증국풍 있어야 한다는 매운 매를 미리 맞아서 스토리가 아쉬웠던것 뿐입니다. 3버전 여론도 좋고, 남성향 여성향 뭐라 하시는 분들은 게임을 조금이라도 플레이 해주시면 감사하겠습니다. 최근에 스타라이트-빌리 픽업했고 새로운 남캐도 예정되어 있거든요. 장점이 정말 많은 게임입니다. 구 캐릭터 AS도 잘 해주어서 애정으로 키우던 가장 첫번째 픽업인 엘렌 조 또한 현역에서 뛸 수 있을 정도로 캐릭터들 AS를 꾸준히 잘 합니다. 스토리가 가볍고 갈길잃은 것처럼 보인다고 하시는 분들이 있는데, 게임의 세계관이 아포칼립스인걸 알고 보셔야 하는 스토리에요. 사람들이 다 죽어나가고 모두가 일궈냈던 도시가 공동에 침식당해도 다시 다같이 잘 살아보자 하는 내용인데 다같이 잘 살아보자에만 포인트를 두시고 스토리를 보시면 재미가 부족한게 당연합니다. 저희 게임 부족하지만 계속 나아지고 있습니다. 무작정 비난하지 말아주세요. 긴 글 읽어주셔서 감사합니다!",5,7,2026-07-13T03:35:24+00:00,3.0.0
zzz,젠레스 존 제로,bb9968c4-f004-4ea2-a3e2-50c0519f9d72,하고싶은데 자꾸 튕김,1,0,2026-07-12T22:34:34+00:00,3.0.0
zzz,젠레스 존 제로,935ad7f6-ca8a-43db-adfd-b2c336707dcd,벨이 예쁨,3,0,2026-07-12T20:49:55+00:00,
zzz,젠레스 존 제로,e4ec6d15-0ffd-40c2-ab3a-7fe88dc375b1,"모델링 / 개쩜 스토리 / 3버전 들어와 이제 슬슬 풀려고 함 모바일 최적화 / 신규지역이 문제가 심함 가챠 / 개인적으로 확률 사기치는게 아닌가 싶음 (은근 많은사람이 연속된 픽뚫을 당함) 과금 / 월정액, 패스, 초회, 가끔나오는 패키지 말곤 없음",3,2,2026-07-12T17:23:01+00:00,
zzz,젠레스 존 제로,50814bf1-ac85-47ab-b80f-3757f2e6041f,포스트 아포칼립스 세계관에 설정이 너무나도 매력적이었어요! 입체적인 캐릭터나 모션 또한 좋았고요. 다만 스토리가 아직 아쉬운 감이 있는 것 같아요. 방향성을 확실히 하고 세계관 그리고 기본적인 설정 고증을 잘 지키는 방향으로 더욱이 발전하길 응원할게요. + 캐릭터 노출 정도가 필요 이상으로 과도한 면이 있습니다. 캐릭터 컨셉이나 설정에 따라 맞추어 디자인해 나간다면 더욱더 좋아질 것 같습니다!,4,2,2026-07-12T16:05:39+00:00,
zzz,젠레스 존 제로,7ab0d670-076c-454f-aa83-ac3d3101acea,내가 잘못 알고 있었네 제대로 하니까 새롭고 재밌네,5,0,2026-07-12T10:55:07+00:00,3.0.0
zzz,젠레스 존 제로,fd5021cd-1bdf-4680-9a5e-eb7813e0107c,3버전 넘어오구 진짜 괜춘해짐,5,0,2026-07-12T08:02:34+00:00,3.0.0
zzz,젠레스 존 제로,c41708d4-c587-4e7e-9b2b-58e5edb428e5,들어가져야 결제도하고 겜도 할거 아니냐 핫픽스 안하고 뭐하는거야,1,1,2026-07-11T22:46:44+00:00,3.0.0
zzz,젠레스 존 제로,ff4dd771-9c71-4113-b145-c87cd905c1f4,걍 캐릭터들 개성이 미쳤음,5,0,2026-07-11T10:42:59+00:00,3.0.0
zzz,젠레스 존 제로,92830d80-45e6-4512-ba90-70e328c87b67,갓겜,5,0,2026-07-11T01:46:54+00:00,3.0.0
zzz,젠레스 존 제로,d1ee83f1-91bd-431b-a68f-74e312daf94f,제발 모바일 최적화 좀 해봐요. 핸드폰 사양이 낮은 것도 아닌데 발열도 너무 심하고 로딩 화면에서 계속 튕겨요. 제대로 최적화도 안 할거면 왜 모바일을 출시한건지 모르겠네요. 게임이 갈수록 더 튕기는 게 심해지기만 하네요.,1,6,2026-07-10T16:08:12+00:00,3.0.0
zzz,젠레스 존 제로,e7476685-f8ec-46e1-8e84-f3eb8c40c222,다른 호요버스에 비해 스펙중심의 진입장벽이 낮은 편이며 조작의 재미와 템포가 빠른 게임 입니다 다만 비교적 원신 붕괴에 비해 저 과금으로 접근하기에는 좋으며 메타 템포가 신케릭 위주로 들어가는 다른 게임에 비해 다소 유행시기가 지난 케릭터로도 어느정도 활용성이 있어서 기존 케릭들이 무쓸모가 되는 호요버스 게임특유의 단점이 다소 완화되있습니다 밤부를 쓴 미니게임은 좀 이제 슬슬 지겨우니 조금 빈도를 낮춰주면 좋겠어요,5,7,2026-07-10T07:01:52+00:00,3.0.0
zzz,젠레스 존 제로,f4744148-f53d-4ebd-ba35-a5befbb21d29,게임을 킬때마다 폰이 뜨거워져서 겜이 로딩중 꺼짐니다,1,2,2026-07-09T22:30:03+00:00,3.0.0
zzz,젠레스 존 제로,21523b93-6b4d-4026-8da0-639b6f6c9dea,퍼리와 남캐가 너무많아요,1,1,2026-07-09T21:17:18+00:00,
zzz,젠레스 존 제로,915cf912-056c-434f-ac92-375b17dd6b48,내 아내를 위해 기기 하나와 지갑 정도는 불태울 수 있지,5,0,2026-07-09T15:58:59+00:00,
zzz,젠레스 존 제로,14ca88b0-7c01-4bf6-8509-a45cf34a59dc,단점이지만 스킵기능이불편함 애니가나오면 강제로보게끔돼있음 화면 매끄러움이 너무 매끄러움 화면이 휙휙돌아감 불편 (수정)+ 심지어 갤24로 접속하면 10번에8번은튕김,1,2,2026-07-09T03:36:21+00:00,3.0.0
zzz,젠레스 존 제로,25da8924-08f4-45b0-a98d-b2526944235c,아니 하고싶어도 로딩중애 튕겨요,1,2,2026-07-08T15:38:13+00:00,3.0.0
zzz,젠레스 존 제로,24fd054a-9bf4-42c0-911b-7a3240ec77e9,아니 오랜만에 와 보니까 노르마 픽업이길레 뽑으려고 들어갔는데 아니 무슨 로그인창에서 자꾸 튕김 하 진짜 젠존제는 이거 빨리 고쳐라,1,1,2026-07-08T10:12:51+00:00,3.0.0
zzz,젠레스 존 제로,b7090cf7-4e0b-4e39-8751-502d286155a7,"플래그십 핸드폰으로도 사양을 극 저사양으로 낮춰야하는 말안되는 최적화 캐릭하나당 기대값 20~30만원,+@전용 엔진 고려하면 그 두배까지도 생각해야함 고작 몇 주 동안 기다렸다 딸깍 하고 끝나는 강습전,시유를 위해서 그 비용을 지불하기엔 너무... 그냥 흔한 호요버스 게임입니다",1,7,2026-07-07T21:11:47+00:00,3.0.0
zzz,젠레스 존 제로,0a3e2072-15bc-485f-bb01-21679603c713,백남준 기믹을 돌려주기 전까진 절대 복귀하지 않겠다.,1,1,2026-07-07T02:06:51+00:00,1.7.0
zzz,젠레스 존 제로,3e02767d-6dc4-4303-bdfe-832d9cb02e50,도대체 뭔 업데이트를해야 겜 들어가지도 못하게힌다 튕기더니 폰 배경화면이 처바뀌는거임?,1,3,2026-07-06T16:54:56+00:00,3.0.0
zzz,젠레스 존 제로,e8153d1c-5e43-4f6d-ab81-0b77a1a96911,게임 스토리 부가 콘텐츠 등은 좋은데 업데이트 하면서 많이 튕기는거 같네요,3,0,2026-07-06T12:46:35+00:00,3.0.0
zzz,젠레스 존 제로,da964f00-85c5-4b5c-8e68-eeb410fc1c71,순수 도파민 게임.,5,1,2026-07-06T10:32:26+00:00,3.0.0
zzz,젠레스 존 제로,1bf1e22d-174f-4b83-867e-1a0f1b285d0a,여캐많고 노출많아서 좋습니다,5,0,2026-07-06T09:34:32+00:00,1.7.0
zzz,젠레스 존 제로,b53dbeac-a872-4e7e-bfab-4250d9cd4540,좋긴한데..너무팅겨서 문제임 이번에 다시 갈았는데 들어갈때 그 차는게 70%까지 갔다가 아예 팅겨서 지금 지웠다가 다시 설치해 하고 지웠다가 하는중 그리고 모바일 화질이 너무 안 좋은,4,1,2026-07-06T06:55:18+00:00,3.0.0
zzz,젠레스 존 제로,c3909d07-6193-4c4b-974a-44a4792cd78d,게임 로그인 화면에서부터 계속 튕기게 하실거면 모바일 운영은 끝내시는게 맞다고 봅니다,1,34,2026-07-06T04:01:40+00:00,3.0.0
zzz,젠레스 존 제로,2d3f15cb-d259-4c03-9d3d-ff3b87da4adc,"계속 접속할때 렉걸리면서 튕기면서 강죄종류 되요 폰은 젠존제, 원신, 붕스 모두 그래픽 최고로 해도 렉 없이 잘 돌아가는 성능인데도 튕겨요",1,0,2026-07-05T04:44:03+00:00,
zzz,젠레스 존 제로,3ff620b9-a0fd-4d7e-8bea-a0e17bdbd9ed,이야 오랜만에 설치하려고 했는데 리뷰보니까 아직도 이모양이구나 얼마나 최적화를 개같이 무시하면 이렇게 된다고 ㅋㅋㅋ 아니 그러니까 진작에 모바일최적화해주고 뽑기확률은 난 크게신경 안쓰지만 최적화만큼만 해결해달라고 해줬는데 안해주고 ㅋㅋ 최적화 문제해결 계속 안해봐라 곧있으면 섭종할각인데 ㅋㅋ불쌍하다,1,3,2026-07-05T04:19:08+00:00,2.5.0
zzz,젠레스 존 제로,b1c775d9-6453-4487-bbb0-41998e041b77,"장점 1. 전투는 진짜 재밌음. 패링하는 맛도 있고, 이상 터뜨리는 맛도 있는 편. 2. 독특한 맛의 세계관이 재밌고, 복장이나 맵에서 그게 잘 도드라짐. 3. 캐디가 되게 잘 되어있음. 각자 특색이 있고, 그게 잘 드러나는 편. 단점 1. 스토리가 매우 저열함. 유치원생의 상상을 대기업의 자본력으로 만들어준 느낌임. 2. 모바일 최적화가 창나있음. 로딩도 로딩인데, 발열이 미친듯이 남. 수냉쿨러라도 있어야 할 정도임. 3. 현질유도 매우 강함. 뽑기는 천장이 픽업캐 확정이 아닌 S급 확정이라, 픽뚫이 날 확률이 매우 높음. 또한 그 확률로 또 전용 W엔진을 뽑고, 디스크작도 하고. 그리고 그걸 죄다 강화해야 하고. 스킬 레벨업, 패시브 해방도 해야 함. 심지어 그것들에 돌파도 해야하고, 몇몇은 추가돌파도 있음. 그냥 현찰박치기 해야 함. 4. 스토리 밀면 딱히 할게 없음. 각종 의뢰는 그냥 전투 뺑뺑이임. 엔드컨텐츠? 그것도 그냥 로그라이크 전투 뺑뺑이임. 목표성이 사라진다는거.",2,6,2026-07-04T16:11:29+00:00,3.0.0
zzz,젠레스 존 제로,3dbfba15-634a-4c4f-ae0c-91f2ae8545a7,액션 1황. 누구도 부정 못할듯,5,2,2026-07-04T14:48:06+00:00,3.0.0
zzz,젠레스 존 제로,d9941844-8fa4-4be7-829f-687fee0ed331,게임이 재밌긴한데 자꾸튕겨서 왜 이런지 아실까요?,4,0,2026-07-04T12:05:36+00:00,3.0.0
zzz,젠레스 존 제로,f80dc03e-fade-421e-b138-73ffeb6df261,서버최적화좀 해라 튕깁니다,3,1,2026-07-03T06:09:43+00:00,2.8.0
zzz,젠레스 존 제로,675091e5-2735-455f-8ca0-0e8576359844,재밌음,5,0,2026-07-02T22:10:27+00:00,3.0.0
zzz,젠레스 존 제로,f710d5bc-670a-4753-a154-43d1787be48a,재미있음,5,0,2026-07-02T13:57:18+00:00,3.0.0
zzz,젠레스 존 제로,c7e1e2f7-db42-4e90-88f0-4e10f027d955,아니게임을하라는거에요? 자꾸 77.65퍼에서 튕기고 그게 15번이나 반복된다고요 이럴거면 게임은ㅅ 없에던가,1,1,2026-07-02T13:05:47+00:00,3.0.0
zzz,젠레스 존 제로,80bde0bd-7443-4a2a-bfc5-609ff23436db,"음, 폰을 바꿨더니 게임하기 편해졌어요. 폰이 게임하기에는 좀 힘든 종이면 바로 폰이 핫팩이 되는 마법을 볼수도 있으니 폰 기종이 좋은게 아니면 젠존제를 하는걸 조금 생각해 보는게 좋을거에요.",4,2,2026-07-02T10:50:21+00:00,3.0.0
zzz,젠레스 존 제로,8acf9f94-3a97-4a31-a909-cbdf60bba799,"액션은 업계탑급, 캐릭터도 굉장히 매력적(개인적으로 호요버스 게임 3개 중 1짱이라고 생각) 다만 비싼 bm에 비해 컨텐츠가 굉장히 부족, 모바일 기기 최적화 문제, 유치한 스토리 등 겉은 번지르르한데 알맹이는 뭔가 비어있음 젠존제의 액션이나 캐릭터에 크게 매력을 느낀게 아니라면 추천하긴 좀 힘든 게임",3,2,2026-07-02T02:49:34+00:00,2.7.0
zzz,젠레스 존 제로,c7f9fe6a-7de4-4339-8fda-96b51730488f,굳,5,10,2026-07-02T00:29:08+00:00,3.0.0
zzz,젠레스 존 제로,75c1a0f7-1f32-4fce-b638-54746192068c,맨날 픽뚫나서 평점 올리기 싫었는대 이번건...스토리 잘내서 인정해주고 5점으로 수정함 제발 이후 픽업 조금이라도 잘뜨길.. 트래커에 하위7퍼 운으로 찍히는대 평균회귀만 하고싶다 진짜..그거면 완벽한 겜인데,5,16,2026-07-01T23:58:51+00:00,3.0.0
zzz,젠레스 존 제로,9a99bb88-3456-459b-822b-fc861ada3f30,2.7버전에서 접속돼는거 3.0 버전에선 접속 안댄다니깐 (모바일)롤백해 이상한 패치나하지말고 아,1,3,2026-07-01T16:41:42+00:00,3.0.0
zzz,젠레스 존 제로,003a59c3-4063-4ac0-ad6c-8d2196740b90,160회 무료뽑기를 안줬어요 버그인가요?,1,1,2026-07-01T09:30:13+00:00,
zzz,젠레스 존 제로,6371bf5b-36dd-493b-9575-f06902989417,메인챕터 제2장막간에서버그가걸렸네요. 추적도 안되고 임무 표시도 안떠서 남들 다하는 신뢰도 시스템같은 컨텐츠를 못합니다....고객센터에도 문의 해봤는데 기다리란 답장만오고 지웠다 깔아봐도 해결이 안되네요...저만 이러는건지는 몰라도 정말 스토리 밀고싶어요ㅠㅠ시즌2라도 밀까?했는데 스토리가 안이어져서 보고싶지가 않아요ㅜㅜㅜ 이거빼면 갓겜입니다....아마 해결되기 전까지는 별점 5개는 못하겠네요..,5,18,2026-06-30T15:21:32+00:00,2.6.0
zzz,젠레스 존 제로,451bbaa1-ae99-4587-993c-7935aef3f6dc,이거 재밌는데 왤케 별점 낮음ㅠㅠ 오픈때 티비빠지니까 진짜 존잼인데 ㅠ 캐릭터도 귀엽고..근데 이번 레미엘 모델링 실망스럽긴햇지만 그래도 난 젠존제 좋음 배포캐도 많이뿌리고 호요버스겜중에서 사료 제일 많이뿌림! 무과금인데도 명전캐릭이 7개임,5,4,2026-06-30T14:49:35+00:00,
zzz,젠레스 존 제로,60d2cbd5-ae56-46dd-b74c-01a1fc25e0f1,내 취향이여 이쁜 여캐들 더 많이 내고 남성향 겜이니 과감하게 밀어나가자,5,1,2026-06-30T12:41:43+00:00,3.0.0
zzz,젠레스 존 제로,c849fb0d-731f-4f84-8cd9-4e5a29582d4f,굳,5,0,2026-06-30T11:42:21+00:00,3.0.0
zzz,젠레스 존 제로,61a2ab45-bbeb-470c-ab84-ed243ad4e552,액션이 좋음,4,0,2026-06-30T07:42:27+00:00,3.0.0
zzz,젠레스 존 제로,b21ec4f8-8a1c-46b3-a1ac-044586e35990,내 최애게임,5,1,2026-06-30T04:44:53+00:00,3.0.0
zzz,젠레스 존 제로,f89004dc-9cdf-4958-8dd0-50da63f54522,B급 게임마냥 B급밖에안주네,1,2,2026-06-30T04:04:06+00:00,3.0.0
zzz,젠레스 존 제로,e9685f7d-1394-411f-95fa-a17aa8e03aef,픽업캐릭 확률이 너무 극악이다 붕괴스타레일은 확률좋던데,1,0,2026-06-29T05:50:54+00:00,
zzz,젠레스 존 제로,cdf3c60f-8c6a-4ce3-a496-1a5348e7ae9f,와이즈 골랐는데 벨로 못봐꿔서 신세한탄하고 접음 명조좀 본 받아라,1,2,2026-06-28T14:50:00+00:00,
zzz,젠레스 존 제로,c3e5dfc7-71a7-42f1-8ddd-85e811690b4b,팅김 현상이 나오고 있습니다. 왠만하면 그냥 넘어가는데 어제부터 이렇고 이제는 아예 팅겨져서 입구 컷을 당하고 있습니다. 검사 부탁드립니다.,3,0,2026-06-28T09:42:40+00:00,3.0.0
zzz,젠레스 존 제로,942094e9-e12a-4847-885f-623b12404e3f,재미났어요,5,0,2026-06-28T02:56:26+00:00,3.0.0
zzz,젠레스 존 제로,a174920e-f1b3-4baf-8cee-7b4b9a8294d4,제발 일반대화말고 메인스토리에서도 쓰레기같은 텍스트 타이핑 효과를 끌수있게 업데이트 해줘 왜 일반대화만 끌수있게 만든거야,1,1,2026-06-27T23:15:58+00:00,3.0.0
zzz,젠레스 존 제로,69910fcd-6b89-4eda-90e9-85532f295e9d,하면 하기귀찮고 애들이뿌당 헤헤만하다가 딴거하면 아...씁 복귀해야지 하고 돌아오면 다시 아귀찮아 하고 다시 미뤄두다가 다시 복귀하는 이상한겜,4,0,2026-06-27T15:32:11+00:00,
zzz,젠레스 존 제로,b2756d0e-73f1-4f24-a733-44783e9cb00a,다 좋은데 최적화를 더 해야 할것 같습니다 s24울트라로 그래픽 낮추고 60프레임만 키고 하는데 금방 쓰로틀링 걸립니다,5,0,2026-06-27T03:20:38+00:00,3.0.0
zzz,젠레스 존 제로,88182f5c-a127-4464-b4ef-623725dc56a0,와...,4,5,2026-06-26T21:05:29+00:00,2.0.0
zzz,젠레스 존 제로,20a7c260-0f9b-4eca-b44e-03948220277a,"게임ㅇ의 그래픽이랑 전투가 맘에 들어서 시작해 봤는데요, 아직 뉴비지만 스토리가 조금은 유치하기도 한 느낌이 있구요 화려한 전투를 위주로 캐릭터를 성장 시키면서 성장하는 게임인줄 알았는데요, 정말 스토리 말고는 할 컨텐츠가 뽑기밖에 없습니다. 스토리가 나중에 어떨지는 잘 모르겠지만 스토리를 조금 더 보완하거나 다른 컨텐츠가 필요하다고 생각합니다. 그리고 무과금 입장에선 뽑기의 캐릭이 바뀌는 주기가 좀 빠른거 같습니다. 그리고 S24 fe에서 들어갈때 자주 튕깁니다.",3,11,2026-06-26T18:39:58+00:00,3.0.0
zzz,젠레스 존 제로,7fc214e5-0f42-408e-bdeb-200925788bdd,데이터로딩화면에서 계속튕김 실행을 할수없음,1,1,2026-06-26T13:52:00+00:00,3.0.0
zzz,젠레스 존 제로,8d2b0322-d7bb-4ac4-b407-1e5b98cd992b,식물이 너무 심함.특히 무기는 픽업확률 75%인데도 너무 자주 픽뚤남,1,3,2026-06-26T11:24:53+00:00,3.0.0
zzz,젠레스 존 제로,d7a70a89-54d2-468b-8cb4-e7e6580ed018,지금도 렉이 너무 많이 걸리지만 게임 자체의 요소는 뛰어나서 좋은 것 같습니다.,4,4,2026-06-26T09:14:54+00:00,2.6.0
zzz,젠레스 존 제로,24e3a5a1-f2c3-4a58-86ed-afb2ce871a43,데이터로딩 75%에서 계속 팅기잖아 결제를 못 하네 십,1,0,2026-06-26T08:32:16+00:00,3.0.0
zzz,젠레스 존 제로,5f5ead7f-45c7-4d14-b9a9-da99d1b7613f,휴고 어빠 찌찌파티 그만좀 보여줘라 스토어 들어올 때 가끔 보여서 불쾌하다,1,1,2026-06-24T12:54:45+00:00,1.0.0
zzz,젠레스 존 제로,f7475d1a-2bfe-400e-8015-e7d3cc8c9d89,자꾸 튕기고..설정을 만져도 튕겨서 불편해요..,2,1,2026-06-24T12:42:42+00:00,2.5.0
zzz,젠레스 존 제로,1ada4cdc-9293-4fe9-8e1d-e3187254b280,재밌습니다! 업데이트 보상도 맛있고 앞으로 이렇게만 가주세요!!,5,0,2026-06-24T07:48:40+00:00,3.0.0
zzz,젠레스 존 제로,951863c8-668a-4468-b65d-460d194e6d9d,모바일 최적화만 좀 더 해보라고!!! 그래 잘했어,5,1,2026-06-23T03:52:51+00:00,3.0.0
zzz,젠레스 존 제로,b00346a1-4b30-45fb-b6e0-34f17746c98e,겜은 재밌는데 모바일로 플레이 할려하니깐 로딩 하더니 갑자기 게임이 강제로 꺼져서 지웠다가 다시 설치해도 똑같이 반복되는데 어떡하면 좋을까요?,4,0,2026-06-22T22:01:35+00:00,3.0.0
zzz,젠레스 존 제로,8adf5f25-ecdf-47b3-98d9-7340085416fb,모바일로 해놓고 뜨겁다느니 렉걸린다느니 ㄹㅇ 개멍청한거같네 ㅋㅋ,5,0,2026-06-22T18:03:54+00:00,3.0.0
zzz,젠레스 존 제로,b9c6a745-6bde-4d5e-979a-4d8958767088,3.0 업데이트에서 스토리 진행중 모바일환경에서 드론을 조종할때 화면이 심하게 떨림 그밖에도 모바일환경에선 카메라 시선이 조금만 돌렸는데도 시선이 확 바뀜,3,0,2026-06-22T16:51:56+00:00,3.0.0
zzz,젠레스 존 제로,fec149cb-1810-4fa5-9384-233dbceb64dc,다른건 다 좋고 마음에 들어요 다만 모바일환경에서 플레이를 할때 화면을 돌리면 필요 이상으로 갑자기 휙 돌아요 카메라 설정을 해서 감도를 조절했지만 갑자기 바닥을 본다던지 하늘을 보는걸 보니 감도 문제가 아닌거 같아요,5,1,2026-06-22T16:31:29+00:00,
zzz,젠레스 존 제로,9abbbdbe-dd16-4b18-9a55-46878659a0a8,크래시 현상 해결좀 해주세요 제발 지웠다 깔았다를 몇번을 해야사나요,3,0,2026-06-22T05:37:47+00:00,
zzz,젠레스 존 제로,6655fc91-7c96-4187-aa2f-1fa07c70315c,엘렌인가 상어 메이드 때 잠깐했다가 갑자기 히고싶어져서 다시 깜 ㅋㅋ 전에 재밌게 했던거 같아서 별5줌,5,0,2026-06-21T23:39:10+00:00,1.4.0
zzz,젠레스 존 제로,03b44fb9-e827-439d-be1d-f79845f8739d,10만원 현질하고 꾸준히해서 엽빛나 3돌 하나만 보고 게임중이어도 나름 재밌는데,5,1,2026-06-21T17:07:08+00:00,2.5.0
zzz,젠레스 존 제로,225ee208-7808-4ef2-80f0-56cfb452c397,"게임을 들어가서 시작하고, 데이터 로딩 받다보면 어느새 75%에서 멈춰요. 폰의 용량 문제인가해서 50GB 정도 여유를 만들고 하는데도, 계속 75%에서 홈화면으로 튕깁니다.. 단순히 제 폰 사양 문제일 수 도 있지만, 그래도 아쉽네요.",4,0,2026-06-21T12:58:21+00:00,
zzz,젠레스 존 제로,2076f089-db7a-47be-8fb3-414da06924b1,"호요버스 게임중 가장 쓰레기 게임입니다. 컨텐츠 부족, 인게임 캐릭터 세팅의 어려움, 여성 캐릭터의 컨셉과 거리가 먼 괴악한 노출, 나름대로 짜둔 설정을 제대로 풀지도 못하는 유치한 스토리 등 인게임 요소에 대해서는 깊게 말하지 않겠습니다. 2.0버전 당시 새로 추가된 맵이 심한 튕김 현상과 발열을 유도한다고 리뷰를 작성한 적이 있는데요. 다시 와보니 최적화가 개선되기는 커녕 끔찍할 정도로 구려졌네요. 명시된 최소 사양을 지켰는데도 렉이 어떻느니 발열이 어떻느니 말하기도 전에 그냥 접속이 안됩니다. 지난번엔 게임이 버벅인다고 욕했더니 이젠 게임을 하지도 못하게 입밴을 당했네요. 찾아보니 최신 기종으로도 그래픽을 낮추고 해야 튕김 현상을 예방할 수 있을 정도라는데, 이럴거면 모바일은 그냥 서비스를 종료하는게 맞지 않을까요? 원래도 컴퓨터와 모바일의 조작감 차이로 인해 모바일 플레이가 꺼려졌는데, 3.0버전이 되면서 최적화 문제가 심해지니 그냥 게임에 대한 애정이 사라지네요.",1,10,2026-06-21T12:46:09+00:00,3.0.0
zzz,젠레스 존 제로,d002d7c2-0231-4b57-b523-07ce48911a03,폰에 문제가 없는데 로그인 화면에서 로딩하다가 자꾸 그냥 나가져요.,5,0,2026-06-21T12:11:26+00:00,1.0.0
zzz,젠레스 존 제로,556a15d9-2962-493f-92b9-d43e29ce30d1,실행은 되는데 게임이 안 돌아갑니다.76.81%까지 채워지면 그대로 꺼지고.,1,0,2026-06-21T04:44:23+00:00,1.7.0
zzz,젠레스 존 제로,f0a804c6-e566-4566-beb0-7e838819ea81,주인공을 벨로 골랐는데 와이즈는 왜 자꾸 나오는거임?,1,0,2026-06-21T04:30:28+00:00,2.1.0
zzz,젠레스 존 제로,8c41c0b3-c05b-4dcd-9af9-04354fecebf5,튕김+패링 예측해야 되서 힘들때 있다 그거 말곤 없다 쭉농쭉농,4,0,2026-06-21T03:47:54+00:00,3.0.0
zzz,젠레스 존 제로,46f45584-73f7-435b-9b9a-9e90cc29c4d3,로딩중일때 자꾸 튕기고. 스토리 밀때도 튕깁니다,3,0,2026-06-21T03:26:19+00:00,3.0.0
zzz,젠레스 존 제로,5cbe5954-ab4f-4aac-b323-bb244e03433d,캐디 좀 어떻게 해보세요 옷이 다 똑같아 뭔ㅋㅋㅋㅋㅋ,1,2,2026-06-21T01:37:22+00:00,1.7.0
zzz,젠레스 존 제로,d1af415c-0edd-4788-bb9a-54c3f8db0a75,미친 남성향 게임 현질하기 전에 탈출해서 정말 다행이다;;,1,7,2026-06-20T14:53:18+00:00,
zzz,젠레스 존 제로,7e2027d4-e7a2-4751-9f89-6a52958f2c96,일단 피로이스 얻고 주현이랑 청희가 폭탄든 도둑 잡으로 가는 곳에서 원형 엘리베이터에서 피로이스 강특 쓰면 갑자기 화면 어두워 지면서 안써지고 방부 연결해서 퍼즐 풀때 갑자기 보라빛? 에러 같은거처럼 보라색이 화면 전체를 가려서 진행을 못하네요. 왜 이런지 알려주실수 있나요? 게임은 재밌는데..,2,2,2026-06-20T13:01:02+00:00,2.6.0
zzz,젠레스 존 제로,eb44358e-9149-42ae-b9dc-dacde045be4a,게임을 할려고 들어가는데 자꾸 75.61%에서 멈춥니다. 들어가기 위해서 어떤 짓이든 다 해봤는데 안되더군요. 게임 최척화가 덜 진행된걸까요? 아무튼 모바일 유저로써 최적화를 더더욱 해주시면 감사하겠습니다.,1,8,2026-06-20T11:48:26+00:00,3.0.0
zzz,젠레스 존 제로,b9ac8944-87ad-4c18-b0af-96c5d1c84ac8,"게임을 열심히 잘 하고있습니다. 근데 문제가 하나 있는게, 이번에 새로운 도시로 가서, 방부드론? 조종을 하는데요. 거기서 문제가 생겨요. 드론을 조종할때 고개를 돌리면 갑자기 휙 돌아가며 왼쪽을 보려 했는데 오른쪽을 보는..기이한 일이생겨요. 고개를 조금만 돌려도 완전히 다른곳을 봐버려서, 드론으로 해야하는 기믹들을 하기가 거의 불가능해요;; 진짜 너무 답답 하고 힘들어요. 그리고 지금 폰 기종이 S23인데 렉도 조금 있습니다. (가끔 게임이 그냥 튕겨버리는 상황도 있음) 해결 할수있다면, 부탁드립니다",1,8,2026-06-20T07:38:34+00:00,3.0.0
zzz,젠레스 존 제로,e84f7fb9-ad0e-4b77-a52e-097e94afe7fa,저는 시작한지 얼마안됀 초보자 로프꾼입니다! 움지기는 모션과 패링 등등의 엄청난 모션과스토리 만화들 즐겨하지만 이들에도 단점이 있다는 것 입니다 처음시작할때 많은 데이터와 사진 게임등의 삭제해야하면 게임스토리를 이여가는도중 중간에 나가면 그스토리를 뛰어넘거나 그이전으로 다시 게임이 시작하게 됍니다 그리고 초보에게 가장큰 단점! 스토리에 칼리돈의 자손스토리와 빅토리아 하우스키핑에 스토리등등을 테이프 비디오로 볼수있지요 2부마다 마지막 스페셜 스토리? 같튼게 있는데 초보자인저는 그대로 그걸 건너뛰어버렷습니다.. 그 스토리를 보고싶은데 이미 그 2개의 스토리 챕터들의 넘겼어요 스토리를 보고싶은데 어떡해야하나요?,4,5,2026-06-20T01:26:25+00:00,3.0.0
zzz,젠레스 존 제로,3aca0965-7b44-48f4-b1e4-4fd48a54d78b,하고싶어도 계속 75.61 % 에서 튕김;,1,1,2026-06-19T23:34:27+00:00,3.0.0
zzz,젠레스 존 제로,5e9e44f4-0a3d-40b5-af90-a969981791cd,처음엔 디자인이 이뻐서 플레이 했으나 지금은 그냥 야겜같음...게임이 재미없어서 매출이 떨어진걸 여캐노출로 메꾸는 느낌. 대기업 게임이라 단시간에 서비스종료를 하진 않겠지만..단타로 치고 빠지는 성인겜 보는 느낌도 듦,3,4,2026-06-19T17:29:19+00:00,
zzz,젠레스 존 제로,c186b162-63f3-4ac5-9dd8-f296b87fc493,게임은 재미있는데 계속 튕겨요ㅠㅠ 여러번 시도했는데도 튕기네요...,2,0,2026-06-19T14:01:47+00:00,3.0.0
zzz,젠레스 존 제로,9f40c082-c464-4fb9-8bd5-f75a66547144,발열은 완화 됬는데 중간에 게임 끊기는거랑 렉은 언제 고침?,1,2,2026-06-19T09:43:15+00:00,
zzz,젠레스 존 제로,abbceb42-6bb9-425f-b3b3-337f2ba3b6cf,일주일정도 플레이해본 사람인데요 일단 스토리도 재밌고 싸우는것도 재밌는데요 로딩 75%나90%쯤 갑자기 튕기더라고요 저장공간도 30G남아있는데 왜이럴까요.. 지금도 저때 멈춰서 못하고있는상황입니다ㅜㅜ,2,0,2026-06-19T09:41:58+00:00,3.0.0
zzz,젠레스 존 제로,c451647f-be87-4a17-aae5-838e1e4bf86b,업데이트 되고 갑자기 로딩 75퍼에서 계속 튕기고 별짖을 다해도 튕기는데 제발 좀 고쳐주세요 ㅠㅠ,4,5,2026-06-19T09:21:48+00:00,3.0.0
zzz,젠레스 존 제로,35a906c6-734d-4fa3-91d1-254c7004fca0,정말 재밌있게 플레이하고 있습니다. 다만 최적화를 더욱 신경써 주신다면 보다 나은 환경에서 더욱 재미있게 즐길 수 있을 것 같습니다 ^^,5,0,2026-06-18T18:16:24+00:00,3.0.0
zzz,젠레스 존 제로,92e97755-22ab-4b32-9b4e-3f16d852ad91,폰으로 가볍게 즐기고싶어요 제발 모바일 최적화 좀...,1,1,2026-06-18T17:43:30+00:00,
zzz,젠레스 존 제로,bf680264-406d-4a93-a299-6c3196c33ff7,게임 한번 해볼려고 다운 받았는데 휴대폰이 않좋아서 그런가 해보지도 못하고 리소스 검사 그다음에 또 다른과정애서 하다가 계속 팅겨서 게임 접속자체가 안되네요,1,0,2026-06-18T11:34:59+00:00,3.0.0
zzz,젠레스 존 제로,c3bef28c-34fc-4548-9085-9333b8c8e3e1,아니 압데이트 하고난후 부터 계속 75.61%에 계속 튕겨요 이것좀 어떻게 해주세요......,2,0,2026-06-18T08:03:43+00:00,3.0.0
zzz,젠레스 존 제로,ad93eadf-fc71-49ce-9a83-71fd93d9c846,게임이 다 좋은데 렉이 좀 걸리네요 최적화 좀더 하면 렉 안걸릴꺼 같네요,4,0,2026-06-18T01:43:55+00:00,
zzz,젠레스 존 제로,4ad23c6b-11b9-4842-abff-c86a6f4cda2e,"스토리 빼고 완벽에 가까운 게임 하지만 스토리가 모든 장점을 묻어버림 (2.0 당시) -------------------- 3.0 기준 2년간의 베타 테스트 끝에 스토리, 액션, 컨텐츠 부문에서 갓겜으로 오픈한걸 축하드립니다. 그냥 이대로만 가면 됨 ㄹㅇ",5,2,2026-06-17T22:16:56+00:00,3.0.0
zzz,젠레스 존 제로,482c1a2e-19bf-4204-a349-6ae2348e30a3,와... 픽뚫 징글징글 하다 미친 다신 안한다..,1,0,2026-06-17T17:11:29+00:00,
zzz,젠레스 존 제로,84bf4a5a-e779-4124-b6a2-5c6aac9a0ed8,그래도 꽤 오래했는데 연속으로 픽뜷 3번 당하니깐 어질어질하네요 캐릭 2개에 전무 하나 뽑는데 4개월 동안 모은 5만 폴리 태웠네요 이 게임 해볼까 생각중인 분들 있다면 그냥 하지 마시는게 정신건강에 좋을 거에요,1,2,2026-06-17T13:49:06+00:00,3.0.0
zzz,젠레스 존 제로,5bb4a411-72d6-4be8-be64-eae65aee836a,3.0버전 현재...화질을 높음으로 하면 게임이 튕기는 현상이 있는데 일단 모바일 유저만 일수도 있지만 모바일때 튕긴다,5,0,2026-06-17T12:24:32+00:00,3.0.0
zzz,젠레스 존 제로,a92f1d1f-4aeb-4df9-b38d-fd1472608492,겜탓하지말고 컴으로 하던가 폰을 바꾸던가 해라 ㅋㅋ,5,2,2026-06-17T09:32:27+00:00,3.0.0
zzz,젠레스 존 제로,9b58882c-4d9c-44c0-a1b3-d4bbd72d99a5,무기 픽뚫이나 없애라,1,0,2026-06-17T05:12:02+00:00,3.0.0
zzz,젠레스 존 제로,e0ee26e4-ca74-4452-bc04-cac38099f13a,"은근히 재밌음 스토리도 가볍게 즐기기 좋고, 다만 tv에 전투는 넣지 않는게 좋을듯",5,0,2026-06-17T04:52:11+00:00,2.8.0
zzz,젠레스 존 제로,af4ac3e4-ff60-4b01-bff4-79d66be42b24,버전이 늘어갈수록 발적화가 심해지고 그에대한게 고쳐지는게 따로 있는게 아닌이상 모바일로는 이걸 할 이유가 없겠네요 다른게임들이 최적화를 잘하는건지 이 게임사가 유독 못하는건지..,3,1,2026-06-17T04:41:23+00:00,3.0.0
zzz,젠레스 존 제로,a45c624b-5424-4f39-a63b-651b2a97a895,시즌3부터 출발하는 늦잠 잔 로프꾼 출격~~!!,5,0,2026-06-17T03:40:27+00:00,
zzz,젠레스 존 제로,c5869bb9-f2d0-424c-9ded-541f5f6b638f,웅나! 웅나나~!(엄청! 재밌어요~!),5,0,2026-06-17T03:03:24+00:00,3.0.0
zzz,젠레스 존 제로,20f7ef65-1917-4e88-a071-70466a9a3e08,이제부터 시작이다,5,2,2026-06-17T02:35:05+00:00,2.8.0
zzz,젠레스 존 제로,f67d640d-3d2f-418c-9972-d2530a84c238,단순히 게임 플레이만 따지면 대만족인데 최적화는 앞으로도 계속 손봐야 할 것 같음. 버전 업뎃 때마다 인겜 프레임 드랍 생기는건 좀 그럼..,5,1,2026-06-17T01:00:56+00:00,3.0.0
zzz,젠레스 존 제로,ad5d7a71-aba3-4899-b527-b8fba446a390,👍,5,0,2026-06-16T23:26:36+00:00,2.8.0
zzz,젠레스 존 제로,990ee4aa-901d-495c-8e7a-f4bd4c7cf66e,엘렌 조 만세!!,5,0,2026-06-16T23:02:18+00:00,3.0.0
zzz,젠레스 존 제로,cef6b63a-cfab-405d-bec3-4a67025795e4,3버전으로 가서 갓겜될 예정,5,0,2026-06-16T22:30:16+00:00,2.8.0
zzz,젠레스 존 제로,7e147c41-0f69-4c0e-9e7a-3c8f6523d4ec,최신폰이나 컴 살돈도 없는 거지들은 겜좀 못하게했으면 좋겠네 과금도 꽤나 쌘 게임인데 돈도없으면 이겜을 왜하는거임? 그리고 남성향게임인데 꾸역꾸역 처들어와서 여캐들 벗는다고 욕하는건 뭐여? 니들 많이하는 앙스타같은곳 가서 남캐들 벗긴다고 욕하면 좋음? 그리고 손가락 딸려서 강습전 9별 못하면 리뷰쓰지마셈 ㅇㅇ 롤이나 발로란트로 따지면 아브실들이 자기들겜 망겜이라고 징징대는거랑 다를게뭐냐? 최소 게임을 욕할 자격은 갖춰야지,5,2,2026-06-16T22:27:49+00:00,3.0.0
zzz,젠레스 존 제로,6d3cf7f2-7500-4fd2-85b2-bd72e7a51650,폰으로도 렉이 걸린다고 하시면 님들 폰이 안좋은거니 그냥 폰을 바꾸십쇼,5,0,2026-06-16T21:49:53+00:00,2.8.0
zzz,젠레스 존 제로,8158d076-0ed5-4fc3-9226-042d977c83dc,재밌는데 넘 조작이 귀찮고 무슨 재화얻는데 자동으로 되는것도 아니고 아이탬이 또 있어야된다고? 그리고 다운로드조차 겁나 쳐 느림. 30기가 받다가 숨넘어가겠음 ㄹㅇ 걍 안하는게 맞는게임,3,0,2026-06-16T12:38:17+00:00,2.8.0
zzz,젠레스 존 제로,a4e343db-fe69-439f-b86f-3352233c7492,일단 게임은 정말 재밌고 캐릭터들도 정말 맘에 드는데. 스토리는 그렇게 재밌지는 모르겠고 재화를 모으는데 좀 오래걸리고 너무 시간을 오래 잡아먹고 이것저것 해야해서 좀 귀찮고 힘들어요.,3,0,2026-06-16T07:34:57+00:00,2.8.0
zzz,젠레스 존 제로,8fca10b3-6129-49f5-b840-4b26b8f35ab6,"액션과 타격감, 예쁘고 잘생긴 캐릭터들, 2.8버전에서 정상화된 스토리. 젠존제를 하지 않을 이유가 없다.",5,0,2026-06-16T07:22:12+00:00,2.8.0
zzz,젠레스 존 제로,fb3c9412-1f62-42e8-9cf2-3a7e5f349bb6,1시즌을 뛰어 넘는 캐디나 스토리가 나오지 않고 있는 중. 2시즌부터 스토리가 유치해져서 다른 호요겜과 비교가 크게 됨. 방향성을 헤메는건지 바꾸려는 건지 2시즌에서 간을 보더니 3시즌 예고에는 직급 상관없이 여캐 노출이 과하게 심해진 모습을 보임. 접대 위주의 파워인플레가 심하고 중간 컨텐츠를 엔컨보다도 까다롭게 만듬. 3시즌이 중요한 갈림길이 될 듯.,1,16,2026-06-15T17:19:39+00:00,2.8.0
zzz,젠레스 존 제로,ee865eaa-d100-4737-8114-e17bb5a78748,재밋슴,5,0,2026-06-14T09:57:31+00:00,2.8.0
zzz,젠레스 존 제로,116667fb-3507-4b8b-b33d-2760b0ea71bb,게임성이 좋을것 같아서 깔았더니 최적화에 실패 했나봐요. 시작 로딩에서 애니메이션때문에 게임이 터지는건 처음 보네요. 제 핸드폰이 s25인데 이 핸드폰도 못 돌아가면 최적화가 상당히 망해버렸다는건데,2,0,2026-06-13T22:50:21+00:00,
zzz,젠레스 존 제로,2bcb7b5b-f769-4ea6-b512-d20d8646da38,호요버스가 늘 그렇죠 뭐,5,0,2026-06-12T00:27:23+00:00,
zzz,젠레스 존 제로,45782804-9ce1-40ae-b12c-14d52572209b,28GB가 말이 되나요? 아니 제가 최대가 128GB인데 그럼 28을 해야하잖아요...????? 아뉘 90%가 1.18인데 그럼 거의 88%이여해요...;; 저 겁나 노력해서 90%만들었는데도 안돼면 너무 커요 쿠키런보다 더 큰 것 같아요..;,1,0,2026-06-11T05:38:34+00:00,
zzz,젠레스 존 제로,a94b9fd8-a108-498f-9437-061463289d19,스토리 너무좋아요 특히 백합적인 부분ㅋㅋ,5,48,2026-06-09T12:32:42+00:00,
zzz,젠레스 존 제로,f01def39-fba8-4da1-a2ee-94b069bd3f4e,"저는 이 게임에 상어 오조사마(엘렌)가 나올 때부터 플레이해 온 로프꾼입니다! 사실 게임의 전문적인 장단점까지는 잘 알지 못하지만, 한 가지 확실한 건 정말 재미있고 계속 생각나는 게임이라는 점이에요. 예전에는 플레이하면서 기기 과열이 좀 있었는데, 요즘은 최적화가 잘 되었는지 제 기준에서는 발열이 많이 줄어든 편입니다. 중간에 조금 쉬었다가 최근에 다시 시작했는데, 역시나 너무 재미있고 할 만한 게임이라는 생각이 듭니다. 적어도 '다시는 안 할 게임'은 절대 아니라고 봐요. 혹시 이 게임에 실망해서 단점만 보였던 분들이 계신다면, 잠시 마음을 가라앉히고 좋은 점도 하나씩 찾아가며 다시 즐겨보셨으면 좋겠어요. '절대 다시 안 해!'라는 생각이 '생각보다 참 괜찮은 게임이네'로 바뀌실 거라고 확신합니다. 그만큼 매력 있는 게임이라 이렇게 리뷰를 남겨봅니다. 긴 글 읽어주셔서 정말 감사합니다!",5,13,2026-06-07T18:15:04+00:00,2.8.0
zzz,젠레스 존 제로,594a8864-bd68-4c98-9539-ca975aee2f0a,좋아하는,5,0,2026-06-07T05:57:58+00:00,
zzz,젠레스 존 제로,4bf938c0-add3-4dc4-8843-e497afc074df,최적화가 너무 구림. 다른 호요겜이랑 심지어 명조도 옵션을 최대로 낮추면 다 굴릴 수 있는데 젠존제는 옵션을 최대로 낮춰도 미친 발열에 렉까지 겁나 걸려서 게임을 할수가 없음,1,2,2026-06-07T01:10:54+00:00,2.8.0
zzz,젠레스 존 제로,3ca615eb-223b-4766-bc69-06ac9777533e,너무 재미없네용. ㅎㅎ 뻥임,5,0,2026-06-06T01:07:21+00:00,2.8.0
zzz,젠레스 존 제로,fa5b4954-3556-430d-a85b-2e8a7eb09b61,캐뽑아봐야 언제 고로시 당할지 벌벌떨면서 해야되는겜,1,3,2026-06-05T08:57:00+00:00,1.6.0
zzz,젠레스 존 제로,63ee1f2d-ec0e-4033-ad98-6f11f30030dd,"이런 류의 게임은 젠존제가 처음인지라 프롤로그 할 때만 해도 신선하고 재밌다고 느낌. 그래서 이건 계속 해야겠다 다짐을 했건만, 문제는 그 이후부터였음. 내 폰이 쓰레기인 건지 뭔지 그냥 도시 한복판을 거닐 뿐인데도 끊김이 말이 안될 정도로 심함. 웬만한 렉은 감안하고 플레이하는 나였는데도 게임 진행이 아예 안되는 수준이다보니 결국 지울 수 밖에 없었음. 게임성 자체는 진짜 goat임. 스킬 쓸 때마다 시원시원함을 제대로 느낄 수 있었음. 물론 난 초반만 찍먹하고 지워버려서 그 이후로는 어떨지 잘 모르겠음. 결론: 최적화만 잘 되었어도 최애겜 할 수 있었을텐데 너무 아쉬움. 이거 하나 제대로 해보겠다 폰을 새로 살 수도 없고. 다른 비슷한 용량을 가진 게임을 깔았을 때 젠존제보단 끊김이 덜했던 걸 보면... 최적화가 진짜 안된 게임이 확실함.",2,3,2026-06-04T16:06:18+00:00,
zzz,젠레스 존 제로,2dfb0851-9b9a-42ae-845b-0c649e153ed1,s26플러스쓰는데 잘하다가 10프레임 나오더니 재설치후에도 마찬가지네요... 고쳐주세요ㅠ,3,0,2026-06-02T23:41:06+00:00,2.8.0
zzz,젠레스 존 제로,219278ee-f916-4652-b591-75f48b5a6ecd,호요버스의 돈벌이 수단,4,0,2026-06-02T14:30:11+00:00,2.8.0
zzz,젠레스 존 제로,a998c720-8bf2-46f4-bcf1-9b19fec134e3,최적화 문제로 렉이 자꾸 걸리네요오...최적화 부탁드립니다아...,4,0,2026-06-02T13:25:50+00:00,
zzz,젠레스 존 제로,041f1970-ecaf-467d-8f1c-5c3fda0b349d,내 계정 어디갓노,3,0,2026-06-02T04:31:07+00:00,2.8.0
zzz,젠레스 존 제로,5cf3cac5-3a24-4873-a9ce-8374b42fdee1,광고에 속았네 160뽑은 무슨 ㅋㅋ 구라도 적당히 쳐야지,1,1,2026-06-01T09:00:19+00:00,2.8.0
zzz,젠레스 존 제로,39424c5b-fcaf-4b47-8cc1-f25e943da113,젠존제 폰으로 나는 발열없이 잘됨 오히려 쁘더가 발열 있는편 ㅠ 명조보단 폰으로 하기 편해서 할만한듯,5,0,2026-05-28T19:54:08+00:00,2.8.0
zzz,젠레스 존 제로,080bff1a-1e1c-4596-b9d9-a83fd5ff0544,"괜찮은 스토리, 쫀득한 캐릭터 모션, 매력적인 캐릭터 등등 괜찮은 요소들도 많지만 플레이를 하다보면 아쉬운점이 많습니다. 가장 큰 단점으로 신규 캐릭터의 강요가 심합니다. 주간퀘스트를 플레이 하려면 속성의 제한으로 강제적으로 요구합니다. 기존 캐릭터와의 딜차이도 한몫하고요. 이러한 점만 좀 바꿔주면 괜찮을거 같습니다. 솔직히 ui도 중구난방이라 이해하기 쫌 귀찮기도 하네요.",3,47,2026-05-28T12:41:33+00:00,
zzz,젠레스 존 제로,5830abf8-8d77-4edd-a3a4-96046dafb84c,전투몰빵 배짱장사의 표본입니다. 측정된 캐릭픽업과 전무픽업 BM이 지나치게 욕심이 많은겜입니다. 전투메커니즘은 올드하며 캐릭터의 플레이환경은 독창적이지 못하지만 매시즌 평균2트럭당 하나를 뽑을수있는 캐릭터들을 격주간격인 엔드컨텐츠에서 강매를 유도합니다. 유일하게 좋은것은 타격감 뿐이며 1시즌이지나 2시즌막바지인 지금 스토리 캐릭터성 전투매커니즘 그 무엇하나 1시즌을 뛰어넘지 못하고 호요버스라는 이름뒤에 숨어 있는 알고보면 형편없는 졸작입니다.,1,7,2026-05-27T16:42:29+00:00,
zzz,젠레스 존 제로,b7211e20-af77-410a-8481-d8d4173602c2,사양만 괜찮으면 충분히시간들여할만한게임,4,0,2026-05-27T08:01:47+00:00,2.8.0
zzz,젠레스 존 제로,c4c373a4-cb6a-4b67-9f20-787b8e1225d7,원신도 어느정도 감안하면서 지르면서했는데.. 이건 진짜 답도 없을정도네요 과금의 성지잘보고 갑니다. 적당히 돈을쓰는 구조여야 게임성을 판단을하지 이건뭔....,1,4,2026-05-26T02:57:22+00:00,
zzz,젠레스 존 제로,091d07b0-f08e-4408-b1ba-3791d98c01be,전부 좋은데 최적화만 잘 해줘요..,5,0,2026-05-23T10:17:12+00:00,2.8.0
zzz,젠레스 존 제로,016e3114-550c-461c-9bf9-5b48044b9d42,이딴 쓰레기를 챙길려고 HONKAI 3rd를 홀대하냐?,1,2,2026-05-21T00:25:42+00:00,2.8.0
zzz,젠레스 존 제로,b066ff6f-5bea-4289-903a-15ab474e64a6,"스토리는 늘 갈수록 태산에, 캐릭터 팔려고 잘먹히는 감동적인거 몇개 넣어서 양산시키고, 캐릭터는 늘 사기로 내서 뽑기 싫은데도 뽑아야 게임이 굴러감, 버전 조금만 지나도 인플레때메 못써먹고, 디자인은 가면 갈수록 유저 평균에 맞춰서 노출만 과하게 시키고, 참신함이 없어 질이 떨어짐. 1버전에 비해 2버전 통째로 흥미가 아예 떨어짐. 스토리도, 캐릭터도 1버전은 정말 좋았으나, 2버전에선 연개성이라고는 하나도 없는 중국으로 찾아가서 중국 캐릭터, 스토리를 양산해냄. 특유의 개성있는 디자인에, 매력적인 세계관은 개나 줘버리고 유저 평균에 맞춰서 노출있는 여캐만 띡띡 던져줘주기만 하는 양산 게임으로 퇴화함. ""꼬우면 접으세요""의 표본이 될수있을정도로 불쾌한 게임 운영과 유저 평균. 게임 초반부 재밌다고 혹하지 마시고, 빠르게 접으시는게 심신 건강에 좋음",1,13,2026-05-19T21:04:34+00:00,2.1.0
zzz,젠레스 존 제로,c988193e-755c-406f-bafe-ebacfd6d102d,꾸준히 말아먹는 스토리,1,28,2026-05-19T07:21:07+00:00,
zzz,젠레스 존 제로,cc0e08d7-29e2-4210-8eef-50774cc185ff,최근에 렉과 버그가 너무 심해졌습니다. 강습전이나 주간퀘 할때 게임이 멈춰버립니다. 제 기기 성능이 나쁘면 모르겠는데 트라이 폴드이 그렇게 나쁜게 아닐테니 게임 문제인것 같습니다. 제발 최적화 좀 해줬으면 좋겠습니다,1,10,2026-05-18T22:19:16+00:00,2.8.0
zzz,젠레스 존 제로,8c552b1d-be1b-4d39-960c-73d580de7d87,게임 자꾸 끊김,1,0,2026-05-18T11:14:41+00:00,
zzz,젠레스 존 제로,c906b10b-cee2-4a0b-a341-711d4f2e55e5,"솔직히 좀 비싸긴 한데, 납득은 됨",5,0,2026-05-16T00:11:05+00:00,2.8.0
zzz,젠레스 존 제로,b1891e0c-4282-41bb-b6e3-491325081f81,첫 접속 이후로 접속하려고 하면 로딩하다가 항상 75.45%에서 게임이 꺼져버립니다. 폰 기종이 옛날 것인 것도 아니고 저장용량이 부족한 것도 아닌데 계속 그럽니다. 게임 자체는 재밌습니다. 접속 문제만 어떻게 좀 해주시면 감사하겠습니다.,3,0,2026-05-15T09:14:02+00:00,
zzz,젠레스 존 제로,51ca991b-1f48-49cd-89ab-cb39cc91e845,"진짜 그나마,개인적으론 운영은 호요게임중에선 제일 나은가?.모르겠네.. 일단 .이걸 계속 하라고하면 ""왜?""란 말부터 튀어나올거같음. 전투는 그나마 나은편인데 개인적으론 스토리가 영...20년전쯤에 나온 완결못내고 망하는 3류 소년만화느낌임. 캐릭터도 호요게임특유의 '신캐팔이접대'로 엉망이 되가고있고, 이걸 돈주고하라고한다면...진짜 왜하지? (개인적으론 가챠에 ""바닥시스템""이 있는것같은 느낌이라 영 꺼림찍함.)",1,33,2026-05-13T14:02:39+00:00,2.6.0
zzz,젠레스 존 제로,c9956fe8-0cbf-4a0f-9f2d-d19adbdf3022,더러운 자캐딸 게임,1,2,2026-05-13T02:14:27+00:00,
zzz,젠레스 존 제로,a0aeab92-a898-4081-81b2-86b96c453461,신규 보스 ㄹㅇ 패턴 역겹게 만듬 뮌 이상딜러 아니면 깨질 못하게,1,2,2026-05-11T21:53:30+00:00,2.8.0
zzz,젠레스 존 제로,f6975714-d7ad-4f17-b149-da0ba4bbcf61,이대로만갑시다,4,0,2026-05-10T13:24:09+00:00,2.8.0
zzz,젠레스 존 제로,8af32976-f479-4d0f-80a2-064943b98530,재밌어여,5,0,2026-05-09T09:46:03+00:00,2.8.0
zzz,젠레스 존 제로,a6b008a0-be9f-4675-96f1-26c855f587b4,모바일은 튕겨서 못해먹겠다,3,1,2026-05-08T22:12:06+00:00,
zzz,젠레스 존 제로,5e6587b6-0fd4-4649-82a3-d1a8867d0b63,주인공 성별 변경 생기면 복귀함.,3,2,2026-05-08T18:00:40+00:00,1.1.0
zzz,젠레스 존 제로,e48dd050-03be-4ca9-80b6-bf4ff1da7d0b,그 모바일 버전 전투 할 때 순간적으로 파티클이 크게 일어나면 게임이 튕기는데 폰 기종이 울트라 26인데도 이 사태가 너무 자주 발생 되서 고쳐주셨으면 좋겠습니다. 전투 이벤트 할 때마다 가끔씩 튕기는 현상이 25년 부터 있었는데 폰 바꾼 후에도 현재까지 한번에 파티클이 크면 지속적으로 튕기더라구요( 예: 미야즈마 게이지 다 깎은 상태에서 전기 게이지를 채워 감전이 터지며 그로기가 될 때) 이럴 때 너무 자주 튕겨요 고쳐주십시요 ㅠㅠ,1,16,2026-05-08T09:43:14+00:00,2.8.0
zzz,젠레스 존 제로,788d7a83-713f-4b8c-9a53-b2e3d3b4484d,픽뚫 개같으면 개추 ㅋㅋ 수정) 아니 내가 픽업 규칙을 몰라서 이런 평을 달고 있는거겠냐? 픽업 규칙 확인하라는 말같지도 않은 매크로 답글만 처달지말고 생각이라는걸 좀 해라. 니네 픽업 시스템 더럽다고 이게 어려워? 뭐 문맥 해설이라도 해드려?,1,2,2026-05-08T05:46:18+00:00,2.8.0
zzz,젠레스 존 제로,1b21ad94-4808-4deb-8c9a-1b3eb62ee600,1.7버전부터 시작한 로프꾼입니다 저는 pc로 처음시작했는데 가끔씩 폰으로 켜다가 튕기고 꺼지는 일이 있습니다 스토리도 칭파이때는 별로였는데 처음했을때 짜릿함이 강렬해서 지금까지 애정으로 붙들고 하고 있네요. 캐릭터디자인도 좋고요. 연출은 과장되고 오버스러운거 싫어하는사람들도 있을텐데 캐릭터들이 관심받으려고 일부러 오버스럽게 하는게 아니라 애초에 미친애들이라 싫지가 않아요. 캐릭터성이랑 순간순간 연출은 어이없게 웃기면서 유치하지가 않고 개인적으로 마음에 쏙 듭니다. 전투도 타격감이 좋아서 재밌습니다. 음악은 또 말해뭐해 bgm이 진짜 너무좋습니다 음원으로 젠존제bgm도 듣는데 너무 만족스럽습니다.,5,9,2026-05-07T17:52:39+00:00,2.7.0
zzz,젠레스 존 제로,fdb5b003-1fb1-4b18-9b30-2f9827025a88,이제 곧 신버전 나오는데 스토리 슬슬 정상화 하는거 같네요. 발열 문제만해결하면 될듯 캐릭터는 말해 뭐해 어흐어흐,5,0,2026-05-07T15:42:36+00:00,
zzz,젠레스 존 제로,38d3482a-d82f-43f0-a634-cfb527090ddd,아니 지금 남은 저장공간이 4기가바이트가 남아있는데 왜 계속 저장공간이 부족하다고 하나요? 지금 그거 때문에 게임을 할수가 없어요. 그리고 게임이 최적화가 너무 구려요. 스토리를 밀려고하면 보스전에서는 항상 원프래임으로 보스가 공격하면 중간 과정이 없고 맞는거 뿐이고 그과정이 한 30초가 걸리는데 억지로 하면 짦으면 20분을 보스잡는데 사용하는데 좀 최적화좀 더 해주세요. 제발,3,5,2026-05-07T15:33:48+00:00,2.8.0
zzz,젠레스 존 제로,3e7f1d69-e506-441f-ab86-36c13e88f8aa,호요버스는 픽뚫 확률을 낮춰라!!! 뉴비 무과금 네코마타 4돌이 말이냐!!,5,1,2026-05-07T09:02:34+00:00,2.8.0
zzz,젠레스 존 제로,cb1e480e-0cf8-4e7e-9aab-6a95506c799a,얘내 회사 진짜 정나미 떨어진다. 발전하려는 노력이 하나도 안보여서 유저 입장에서는 한심하고 답답함. 초심을 잃고 돈만 밝히는 래퍼토리가 얼마나 반복되는거임?ㅋㅋㅋ,1,7,2026-05-07T07:36:23+00:00,2.8.0
zzz,젠레스 존 제로,1b6b6b88-a49a-4773-a6e1-7c65e9c801bd,갤럭시26울트라인데 저번버전부터 전투에서 특정부분 튕귀더니 이번 버전에서는 메인 스토리 진행조차 못하겠습니다....갤럭시만 그렇다는데 이유가 뭔가요...? 왜 젠존제만...,3,1,2026-05-07T03:36:27+00:00,2.8.0
zzz,젠레스 존 제로,6da1816b-145f-4c9d-b448-be6873a6c98e,최적하좀 해주세요 끊임이 너무 심해요,5,1,2026-05-06T19:07:55+00:00,2.7.0
zzz,젠레스 존 제로,1448a5b8-3b3d-4c8f-8087-e01dd3383a3e,아니 프로미아와 함께 냉정한 심판을 내리세요 정도는 아닌데.,1,0,2026-05-06T08:36:50+00:00,
zzz,젠레스 존 제로,94f1276d-39ed-40b4-9227-b9a07f4ce99a,s26울트라로 게임을 플레이 할때 미야비나 이동이 많은 케릭터를 사용해 자동으로 벽쪽으로 이동할때나 뒤에 벽을 등진 상태에서 앞에 적군이 앞을 막고 있을때 회피를 누르게되면 벽에 끼임 현상이 발생하고 이 끼임현상이 일어나게 되면 화면이 계속 튀면서 게임이 강제로 종료가 되는 일이 발생합니다 컴퓨터나 패드로 플레이할때는 이런 현상이 없었는데 이 기기만 이런 문제가 발생하는지 스마트폰에만 발생하는건지 모르겠네요 빠른 시일 내에고쳐주시면 감사하겠습니다,3,15,2026-05-06T00:44:59+00:00,2.8.0
zzz,젠레스 존 제로,7a266977-b349-4ef2-870e-1b810b273931,모바일 최적화 안함 . 보스피통 늘려가며 조금씩 늘려가던 인플레 접대 심화 스토리는항상 먹던 맛임 액션원툴 시유 몇번돌면 감흥없음 ..,2,2,2026-05-05T23:56:37+00:00,2.8.0
zzz,젠레스 존 제로,3652d456-e5aa-4ff3-80f6-8bd5591638d3,재밌다,5,0,2026-05-05T19:48:19+00:00,2.7.0
zzz,젠레스 존 제로,311b040f-2c00-4e6c-bf40-8530685af82e,초반 tv 때문에 접었었는데 지금은 좀 나아졌나. 궁금하긴 한데 굳이 손에 잡히진 않네.,2,0,2026-05-05T14:40:32+00:00,
zzz,젠레스 존 제로,8f896b29-4cb5-450c-8e60-6fc52dc6710f,제가 효요버스의 수호자인거 맞으시죠?^^,5,0,2026-05-04T07:33:35+00:00,2.7.0
zzz,젠레스 존 제로,bcd04142-9c7b-4a12-b46e-2a9f99f1d69e,게임 분위기도 힙하달까 너무 좋고 오픈월드 아닌 것도 개인적으론 너무 좋았음 오픈월드의 그 긴 이동을 별로 안 좋아해서 십년 넘게 인생게임 갱신 안되고 있었는데 이번에 갱신되서 즐겁게 즐기고 있음 다만.. 모바일론 모르겠음 ㅎㅎ pc로 해야 온전하게 즐길 수 있는 듯,5,2,2026-05-03T15:42:57+00:00,2.7.0
zzz,젠레스 존 제로,48c4bbb0-c65e-4195-8f65-2d768e901f9b,"《젠레스 존 제로》즐겨한 로프꾼입니다, 《젠레스 존 제로》가 좋은게 PV및 스토리와 캐릭터가 진짜 재밌고 좋고 멋지고 예쁨니다! _________ 그치만, 멋진게임이든간해 '단점'이 있겠죠. 이벤트 및 콘텐츠가 *반복성*이 있어서 재미가 남지 않았습니다. 그래도 이 문제만 없으면 진짜 좋으면서 멋진게임이 될것같다 제가 생각합니다",2,0,2026-05-03T08:48:10+00:00,
zzz,젠레스 존 제로,34ffd81b-c4c8-4b48-8810-d88429756827,"스토리, 전투, 애니메이션 모두 훌륭하지만 가챠가 발목을 잡는다.",4,1,2026-05-02T18:54:18+00:00,2.6.0
zzz,젠레스 존 제로,ecbd2248-c53d-4234-8ae8-f98f724233a9,"수없이 지웠다 깔았다를 반복하다가 지금은 최애겜이 되어버린겜, 갠적으로 전투 퀄리티는 모든 서브컬쳐겜 통틀어서 원탑이라고 생각함 캐릭터 디자인도 업계탑급임ㅇㅇ 대신 BM이 비싼편이고 스토리도 별로인등의 단점도 있는게임.",4,1,2026-05-02T16:15:31+00:00,
zzz,젠레스 존 제로,928b5729-eb6b-40df-b127-ffdf0c0080ca,순수노잼,1,2,2026-05-02T10:37:29+00:00,
zzz,젠레스 존 제로,50c42f3d-4ca6-47f4-a161-6820da1ea34c,"매 버전마다 더 나아지겠지 나아지겠지 하는데, 이번에 시즌3 예고편 나오면서 sns는 창나고 나아지는 건 모르겠고, 정말 지친다 진짜. 진짜로 궁금한데 초반 디자이너는 퇴사하셨요? 캐릭터 남,여 성비 차이는 엄청 나고, 중요한 스토리마다 헐벗은 여캐들만 나와서 '이 세계를 구해야해!' 이런데 기괴하고 불쾌하기만 합니다. 이 게임이 처음부터 붕괴3처럼 남성향이면 별 말 안하고 그냥 그런게임이구나 하면서 손절치고 딴 게임이나 하러가겠지만 초창기부터 하면서 약 1년 6,7개월동안 점차 시즌 1과 달리 가스ㅁ까고 허벅지 까고 노출만 있는 캐릭터들이 판을 치면서 디자인적으로 형편없어졌어요.스토리적으로 캐릭터들의 상호작용과 서사가 훌륭하면 모를까 그저 벗겨놓기만하니 거부감만 높아졌습니다. 초창기에는 분명 개성있는 캐릭터들이 많아서 눈길이 갔었는데, 지금은 그저 그런 디자인에 속옷을 입혀놓고 중요인물, 높은신분의 사람(의현/엽빛나/시시아/프로미아/래미엘/벨리나 등)이러니까 헛웃음만 나왔습니다",1,36,2026-05-01T10:59:05+00:00,2.6.0
zzz,젠레스 존 제로,7aeef50e-ee5e-4f86-b1f2-a84520665491,폰 게임 아님 PC 게임임,1,0,2026-05-01T09:48:19+00:00,2.7.0
zzz,젠레스 존 제로,33c16bf8-36c8-4a31-a00c-f1962e2ceba3,렉도 그렇고 스토리도 좀… 뽑기재화 모으기도 힘들고 캐릭 키우기도 힘듬 이젠 안할듯 자기가 겜에 돈을 안쓴다 무과금이다 절대 하지마세요,2,3,2026-05-01T08:36:00+00:00,2.7.0
zzz,젠레스 존 제로,334b6fe1-90e4-46b6-b332-46bff53f3066,렉이랑 발열이 지림 ㄹㅇ... 게임 플레이 자체가 불가능. 전투하는데 게임 화면이 멈추고 이미 개처맞고있고 S24 쓰는데 폰이 안좋은건 아닐거아냐...,1,0,2026-04-30T21:47:42+00:00,2.7.0
zzz,젠레스 존 제로,93b21455-2579-4aec-90bf-e39abd3097e1,엽빛나 복귀👍,5,7,2026-04-30T21:42:58+00:00,2.7.0
zzz,젠레스 존 제로,3e61b2d0-4fa7-4c03-bf22-13baccc249b4,번개가 파란색인것도 그렇고 노란색 위주인 캐릭터가 많이 없음. 신규를 아무리 기다려도 나오지 않음. 나와도 항상 다른 색과 다르게 노란색은 항상 다른 색과 섞여서 나옴. 안함 빨간색과 파란색은 빠지지 않음,2,1,2026-04-30T17:22:32+00:00,
zzz,젠레스 존 제로,70102eca-3cb4-4a07-9763-f71f7b37c455,"캐릭터들이 참신하네뇨 다들 모바일이나 태블릿으로 하면 문제되는 게 많다지만 저는 괜찮네요 앞으로도 재밌는 신규 업데잍, 부탁 드립니다",5,3,2026-04-30T14:10:39+00:00,2.7.0
zzz,젠레스 존 제로,a4af4196-9c53-4e08-bee2-31c97da04e1f,뭐가 잘났다고 본인 폰 이슈를 자랑하는건지 모르겠음 4년전 폰인 나도 그냥 잘 쓰는데,5,2,2026-04-30T13:22:40+00:00,
zzz,젠레스 존 제로,8acdf89a-5320-47dc-a592-e306722c6213,와 귤복복 뽑은 사람은 뭐가됨? 진짜 어이없네 ㅋㅋㅋ 이딴식으로 운영하지 마세요~,1,2,2026-04-30T10:13:15+00:00,2.7.0
zzz,젠레스 존 제로,68930d46-39ed-4f1a-baa0-4f30cc192060,중국풍만 안넣었어도 안망했을텐데...ㅉㅉ 어쩔 수 없지,3,0,2026-04-29T04:36:16+00:00,
zzz,젠레스 존 제로,3e24fe03-120b-4014-84ea-9c6eab8e5507,s26울트라 모바일 게임 튕기고 멈추는 현상 언제 최적화 가능해요?????게임를할수없어요,1,2,2026-04-24T08:12:05+00:00,2.7.0
zzz,젠레스 존 제로,0b504ef4-4379-4202-9818-4115d0f88be6,1. 스토리 지독하게 재미없음 2.남캐 없음,1,3,2026-04-23T13:54:03+00:00,1.7.0
zzz,젠레스 존 제로,79351e7c-c79a-4bd6-969e-b111bb96eb22,"뽑기 과금 겁나 매움. 반천장이 90, 확천장이 180. 무서워서 탈출. 그외 액션성, 모션 은 좋음.",3,1,2026-04-20T09:30:04+00:00,
zzz,젠레스 존 제로,26d7d8a2-187e-4fa3-b084-d12bffc03d90,"시시아 무기뽑을때 1트럭박고 픽뚫난거보고 그돈씨랑 현타 개쎄게와서 접음... 엘렌 때부터 시작해서 오피, 결산맨빼고 다 뽑았었고 전에는 별생각없었는데 이번에 붉사 슬더스2 림버스 하면서 좀 달라짐... 넘 아까워해지고 애정이 확 떨어짐 게임이 아니고 내 돈을 빨아들이는 수렁으로 보여서 이 겜말고도 엔필같은것도 싹 지움 훗날 이 기억을 잊고 여기 또 기웃거릴때 내가 쓴 리뷰로 다시 이 심정을 상기되게 글 남김",2,6,2026-04-20T07:08:31+00:00,1.4.0
zzz,젠레스 존 제로,b165a622-33d0-41fd-8824-760631963675,와 그냥 진짜 오우야 너너너너너너너누무무무무무무무무무무무 재밌다 크하하하하학,5,1,2026-04-18T16:43:55+00:00,
zzz,젠레스 존 제로,352ec95e-620d-4f53-a320-4d389cd353ab,겁나 재밌는데 갑자기 로그인 다시하라고 해서 못함 적어둘걸,4,0,2026-04-18T15:16:27+00:00,2.7.0
zzz,젠레스 존 제로,1a10aac8-651a-48fb-8324-8f0323927d87,재밋어요,5,0,2026-04-18T13:42:19+00:00,2.7.0
zzz,젠레스 존 제로,7802d00c-c2a2-483c-9093-3b3918a04043,엘렌 사랑한다고,5,1,2026-04-15T09:35:50+00:00,2.7.0
zzz,젠레스 존 제로,84fbbf07-2ad3-4d3a-98db-35c7ff855e4a,200만원 s26 울트라인데 최적화가 안되서 게임하다가 튕기는 게 말이 되는건가? 이 겜에 지른 돈이 얼마인데 재투자 좀 해라.,2,3,2026-04-15T05:24:25+00:00,2.7.0
zzz,젠레스 존 제로,2f4c197f-f41b-4741-9f95-586b43455f01,"일단 게임은 초갓겜인데 발열 렉 고쳐주쇼. / 그리고 한정S급 처음 얻을때, 그러니까 해당 배너를 처음으로 천장 칠 때만큼은 반천 말고 확천으로 해주세요...이거 하면 진짜 할맛 제대로 날듯 (대충 절대 남궁우 픽업 망하고 네코마타 2돌해버려서 말하는 개인적인 불만이 아니라는 말). / 빌리 키드 S급 이격 (스타라이트 빌리)의 사전유출 찌라시 관해서 건의사항 드립니다 라이더 킥 오마주나 그런거 다 좋은데...캐릭터의 아이덴티티 그 자체인 특촬물 식의 연출이 좀 아쉽네요. 특히, 궁극기로 라이더 킥이 옮겨갔는데 이건 좋아요...좋은데, 공중에서 드롭킥 하고 빌리 뒤의 적이 펑 하고 터지는 게 연출이 거 참 아직 사전공개라 그런지 좀 심심해서 특촬물스러운 빌리다움이 부족해요. 임팩트 프레임 이라고 해서, 말 그대로 임팩트 있는 궁극의 필살기스런 애니메이팅 기법같은게 있죠. 심지어 붕스에는 4성캐 설의 궁에도 있는 그런 연출.그걸 S급빌리 궁 마지막 폭발때 딱 넣으면 좋을거같아요!",5,8,2026-04-13T11:31:09+00:00,2.7.0
zzz,젠레스 존 제로,6301246b-da7d-4d23-b13c-b7fc20fe3027,와.... 이거 진짜 그래픽 좋고 디자인도 좋아요 무엇보다 혼자 하는 게임이다 보니 팀탓 xx 그리고 제화를 굉장히 많이 파먹을 수 있어요 굳이 과금xx 이제 3달 차인데 넘 좋아요 패드로 해서 프래임이 최대 60인게 아쉬워요 ㅎㅎ 그래도 스토리도 좋아요 진짜 추천,5,0,2026-04-09T20:09:03+00:00,
zzz,젠레스 존 제로,d7c02d87-65a9-4ee1-bdbd-4b7667fc88cc,재밌게 즐기고 있긴한데 살짝 안좋은 점이 많음. 일단 내 폰이 옛날 폰은 아닌데 할때마다 발열이 너무 심해서 못하겠음. 조금 하다가 손 대보면 진짜 대일거 같음. 심지어 하다가 가끔씩 게임이 멈추고 그래서 안 좋음. 즐기고 있긴한데 모바일로도 조금 쾌적하게 할수 있게 해주면 좋겠다.,3,12,2026-04-09T15:31:16+00:00,2.7.0
zzz,젠레스 존 제로,92f3eaac-8df7-4482-9e5d-6924bc4f6495,플포 이벤트 해주세용,5,0,2026-04-08T09:43:04+00:00,2.7.0
zzz,젠레스 존 제로,fbd05355-ee2a-410f-a23e-79ae4eb32f90,최악의 게임,1,1,2026-04-07T17:32:35+00:00,
zzz,젠레스 존 제로,c4117ee9-3a39-4a53-b128-9ef7ad853050,진짜 게임타격감?같은거 좋아서 하는사람인데 스킨이랑 캐릭터 모션좀 안야하게 해주심안될까요.. 밖에서 하기에 너무 그래서 하루마사끼고다님...........,4,3,2026-04-06T13:49:04+00:00,2.7.0
zzz,젠레스 존 제로,543c4e2b-1e90-460a-9f58-e7bbf1c91106,스토리? 개초딩 유치함 뽕 차오르는게 없음 뽑기? 개비쌈 비싼 캐릭터 가면 갈수록 안쓰임 그냥 호요버스는 망한듯,1,4,2026-04-06T05:31:43+00:00,2.7.0
zzz,젠레스 존 제로,2b101d25-a8c4-4d0b-a238-9c630a5ef1bc,개초딩게임 하지만 과금은 어른맛,1,1,2026-04-02T17:22:36+00:00,1.0.0
zzz,젠레스 존 제로,330c6b2e-9374-4d74-84b4-7986ef5c5f18,열심히 만들었고 잘만들었는데 그게 재미랑 연결되는건 아니라서 안타까움,2,3,2026-04-02T11:36:26+00:00,1.3.0
zzz,젠레스 존 제로,8bb9f202-e2e1-4d08-8fb0-e39d4bed7768,"s25로 돌리는데 최적화 무난하고 렉도 안걸림 2.1버전부터 했는데 캐릭,엔진 포함해서 픽뚫 2번정도 밖에 안나고 명전 다 뽑음 패키지 상품에 주기적으로 구미 당기는걸로 좀 업데이트 해줬음 좋겠음",5,0,2026-04-02T03:38:30+00:00,2.7.0
zzz,젠레스 존 제로,28dea31c-d86f-40ec-8163-9dc2fff63f95,미야비로 발도술 풀차징만하면 게임 멈춰요 갤락시s26울트라인데 뭐가 문제인건가요??,1,1,2026-04-02T02:30:04+00:00,2.7.0
zzz,젠레스 존 제로,8b4fd9c7-538b-43d7-abcc-753f1f7d0881,오픈월드도 아니면서 돈 똑같이 받아먹네 너무 비싸다,5,3,2026-03-30T16:33:18+00:00,2.7.0
zzz,젠레스 존 제로,6e85f0c5-5203-4e2e-a208-6ef5eb6775bb,이게임 하면서 재미 있게 느끼는데 한버전만 열심히 해도 명함은 얻어서 캐릭얻기 쉬운데 애정캐라고 돌파 해야지 하고 막하면 다음캐릭을 못뽑아요 이게임 하면서 스트레스 안받고 할려면 성능에 집착하지 말고 애정에 집착 하시길 바래요 경쟁 게임도 아닙니다.,5,1,2026-03-30T00:41:24+00:00,2.7.0
zzz,젠레스 존 제로,2aa9ccda-4d36-41b4-9982-f0a58126a864,s25 울트라 유저 입니다. 드디어 폰 최적화가 업데이트 된거같네요! 업뎃후 한번 튕긴거 말고는 프레임 최고로 적용해도 부드럽고 하나도 안끊기네요.! 발열도 상급프레임 적용해도 예전에 비해 없는 편이고요ㅡ 폰만 좋으면 모바일로도 이제 재밌게 즐길 수 있습니다.,5,55,2026-03-29T11:44:13+00:00,2.7.0
zzz,젠레스 존 제로,96a6723b-1016-4826-be96-16ed588073a9,정말 재밌는 게임 캐릭터 개성이 뛰어나고 다 캐릭터들의 개성이랑 사연이 있음 스토리는 잘안보지만 요즘 스토리 컷신이 굉장히 좋아진거같음 뽑기도 살짝 힘들긴 한데 재화모으긴 어려운편은 아님 그리고 전투씬이 그냥 멋짐 패링하는 손맛도 굉장히 좋음 매우 추천함,5,2,2026-03-29T09:40:42+00:00,2.3.0
zzz,젠레스 존 제로,35da8242-4725-42d7-a846-605c542c72b2,그럭저럭 할만합니다.,5,1,2026-03-28T13:28:00+00:00,2.7.0
zzz,젠레스 존 제로,c6040c6d-e307-4a25-9067-76fcaead2e92,2.7 업데이트 이후로 로그인이 정상화 됐다. 캐릭 디자인과 타격감이 굉장히 좋은 플레이를 가지고 있는 게임이다,4,4,2026-03-28T03:34:16+00:00,2.7.0
zzz,젠레스 존 제로,d26cfb8e-ddc7-4000-afc2-f9a0e1c1eba6,좀 접었다가 다시 시작했는데 스토리가 정상화되는 느낌입니다. 막 시작했을 때 좋았던 것들이 돌아온 것 같아요. 물론 아직 더 지켜봐야겠지만요. 최근 스토리는 몰입이 잘되서 한 번에 끝까지 다 봤습니다. 칭파이 쪽은 하다가 그만두기를 무한 반복하다 게임을 접었었던것과 비교하면 확실히 달라요. 앞으로 나올 캐릭터들도 잘 나온 것 같고 해서 다시 시작합니다.,5,26,2026-03-27T20:57:54+00:00,2.7.0
zzz,젠레스 존 제로,41bb3625-00c7-4162-96e4-67ebefd8f45c,음... 개인적으로 스토리는 호요버스 게임 중 제일 별로입니다. 모델링과 모션 때문에 캐릭터 수집하는 재미로만 하고 있습니다.,2,3,2026-03-27T00:44:35+00:00,2.7.0
zzz,젠레스 존 제로,a04ca0b2-4a52-4a68-bdf3-ce68fc96a37d,다시 한번 믿어보려함. 잘 좀 해봅시다.,5,12,2026-03-25T10:17:15+00:00,2.7.0
zzz,젠레스 존 제로,8f310d7e-2355-4196-9811-cec17a26ec88,스토리 좀만 더 힘쓰자..,4,1,2026-03-25T04:24:19+00:00,2.7.0
zzz,젠레스 존 제로,88c9091c-3872-437f-8daf-ff5711bf6152,s25플러스 나름 플래그십 기종인데 2.4업데이트 부터 화면 끊김 발생하더니. 2.6버전부터는 마을에서도 끊김이 너무 심해졌음.(최하옵) 멀티플랫폼을 하고있으면 적어도 출시1년정도 밖에 안된 핸드폰에서는 렉이 없어야지. 최적화가 진짜 형편없음. 200정도 게임에 썼는데 렉걸려서 손이 안감.,1,18,2026-03-24T16:31:57+00:00,2.7.0
zzz,젠레스 존 제로,2f7efbea-0b86-49de-9655-431958f39e22,그냥 잘 만듬,5,0,2026-03-24T10:57:19+00:00,2.7.0
zzz,젠레스 존 제로,f1d4d3eb-5399-4e0e-a7fa-9ad5fa470ba2,누가 뭐래도 내 인생 최고의 모바일 게임,5,0,2026-03-24T01:22:01+00:00,2.7.0
zzz,젠레스 존 제로,b05bced4-b978-42ff-b817-de2a863dd290,♡♡,5,0,2026-03-24T01:03:57+00:00,2.6.0
zzz,젠레스 존 제로,1a29ed51-95ad-4dcd-9fc1-5928106ce0a5,개사기 캐릭터 만들기-> 다음 버전에 퇴물 만들기-> 개사기 캐릭터 만들기 무한 반복 보스패턴도 무적이나 순간이동 남발하니까 딜사이클 씹힐때마다 현타가 너무 김,1,6,2026-03-24T00:31:13+00:00,2.7.0
zzz,젠레스 존 제로,94bbed40-a361-4cf8-9283-b6e80132f946,"긍정:캐릭터의 매력,게임플레이,ui편의성업데이트 // 부정:게임최적화(특히발열),스토리,명함조차얻기힘든가챠",4,0,2026-03-23T23:51:09+00:00,2.7.0
zzz,젠레스 존 제로,8435cc88-1cc4-4cbd-a928-74da42ae0b23,쫀득한 애니메이션이랑 캐릭터들 땜에 할맛난다 지짜,5,0,2026-03-23T22:34:14+00:00,2.6.0
zzz,젠레스 존 제로,06ae362a-bda6-4e7e-8d33-d8da764576c2,"지인 추천,광고로 2.5버전에 입문 했었습니다 일단 개인적으로 재가 해본 서브컬쳐 게임중 최고입니다 캐릭터 디자인,액션,애니메이션 모든게 만족스러웠고 앞으로도 제 인생 게임중 하나 일것 같네요 가챠는 앨리스 복각 빼고 다 망했지만 매우 즐겁게 하고있고 역동적인 액션,훌륭한 캐릭터 디자인 떡상 예정인 스토리 까지 지인한테 거리낌없이 추천할수 있을것 같습니다",5,4,2026-03-23T14:46:34+00:00,2.6.0
zzz,젠레스 존 제로,f2a0ce52-c124-482e-a28e-fff1f09e4f53,재미는 있는데 로딩중 튕길때가 너무 많음..,3,0,2026-03-23T10:01:54+00:00,2.6.0
zzz,젠레스 존 제로,c04a4244-dec9-41e8-bdb1-df5a42c2b8e8,최적화 시급함,5,0,2026-03-23T03:01:23+00:00,2.6.0
zzz,젠레스 존 제로,e130b57b-9950-4471-a613-4b460202d754,갓겜,5,0,2026-03-23T02:45:13+00:00,2.6.0
zzz,젠레스 존 제로,4c621c18-706f-48a9-bb55-1251997fb193,젠존제 초창기의 디자인 감성은 이제 없는듯... 캐릭터를 무조건 벗긴다고 매력이 있는건 아닌데 캐디를 무작정 벗기는 방향으로만 가니까 디자인이 괴악해졌음,1,5,2026-03-22T16:46:58+00:00,
zzz,젠레스 존 제로,b97a8d88-5f90-4403-b504-85098ca179f8,화면 멈춤 현상 때문에 이벤트 진행에 어려움을 겪고 있습니다...,1,2,2026-03-22T03:07:05+00:00,2.6.0
zzz,젠레스 존 제로,31f39ce8-a020-44eb-9baf-dc7aaebb86d7,"갤탭 7 이용중인데 서버 오픈 초창기부터 접속 불가하고 로딩 정확히 80퍼센트에서 튕기는 현상이 자주 발생합니다. 운 좋으면 2, 3번 튕기고 접속이 되지만, 운 나쁘면 20, 30번 해도 계속 튕겨 게임을 할 수가 없습니다. 해결 부탁드립니다.",1,5,2026-03-19T17:44:25+00:00,2.6.0
zzz,젠레스 존 제로,4e357828-cadc-4020-a85d-a0bc3d3d5e66,저의 인생 게임중 하나로 자부할수 있는 게임입니다.,5,0,2026-03-19T11:13:03+00:00,2.6.0
zzz,젠레스 존 제로,77c80f4d-f26e-447e-ba7d-ce7a61d2671e,오랜만에 하려고 깔았더니 75퍼에서 멈추고 들어가지지도 않음 다른 사람들 반응보면 몇 주에서 몇 개월동안 안 고쳐진거 같은데 왜 안고치는지 모르겠음,1,1,2026-03-19T06:37:14+00:00,2.6.0
zzz,젠레스 존 제로,05098e73-dfa3-4e3e-ab4a-fa920df95386,솔직히 컴으로 하면 재밌는데 폰으로는 못 하겠음 갤 24 fe가 안 좋은건가 어쨋든 스타레일보단 인플레가 괜찮긴해서 만족함.. (괜찮기만 한거지 심하진 않은게 아님),4,0,2026-03-18T00:12:02+00:00,2.6.0
zzz,젠레스 존 제로,266aacec-443e-4e6e-b9df-9e50d4bd3da4,스토리좀 개선해 주었으면..,4,2,2026-03-17T16:14:04+00:00,2.6.0
zzz,젠레스 존 제로,68ccbf89-1cea-432d-8e4b-f6e5461783f9,"젠존제 1년 가까이하고 있는 로프꾼입니다. 일단 저는 1년 가까이 하면서 젠존제를 잠깐 접은적이 있었는데 그이유는 당연하게도 모바일 최적화 때문입니다. 솔직히 젠존제 스토리나 전투 모션은 전 매우 만족하고 있습니다. 다만 모바일 최적화에서는 너무 별로여서 잠깐 접었었는데 폰을 업그레이드하고 나서 다시 시작하니 매우 만족하면서 플레이 하고 있습니다! 명조,원신,붕스 등 많은 서브컬쳐 게임을 해봤지만 젠존제 만한 게임이 없는거 같습니다.",4,2,2026-03-17T15:28:28+00:00,2.6.0
zzz,젠레스 존 제로,b7c95c24-7ac5-468d-97d3-5704aa7cae55,"돈없으면 하지마셈 매일 고봉 픽뚫, 스토리도 개 재미없어서 스킵누르는게 좋음 원신, 붕스, 붕3 다 하고있는 호요유전데 젠존제는 못하겠음 애정이 안가는 느낌 명함 하나 얻기도 힘들고 걍 하지마",1,3,2026-03-17T15:07:08+00:00,
zzz,젠레스 존 제로,e49c0527-d6f5-4457-87ac-4b5fd69b4005,"최근에는 게임도 잘 튕기지 않고 잘하고 있습니다. 그리고 폰이 안좋아서 게임을 못하는분들은 딴 게임하러 갈것이지. 별점을 1점주면서 왜 하지말라 하는지 모르겠군요. 꼬우면 딴데가야지 어딜 난리를 쳐댄대? 그 외에는캐릭성이 확실한대다 남성은 남성캐릭대로 멋지고, 여성은 여성캐릭대로 이쁘고 귀엽고 종류별로 확실하게 만나볼수 있는거에 전투도 확실하고 과금도 별로 안드는 대단한 게임입니다. 맘에 들어요.",5,17,2026-03-17T02:40:17+00:00,2.6.0
zzz,젠레스 존 제로,b791faa8-5c18-4199-bd2c-cc561e7993a2,이게임에 대해 간략하게 설명한다 모든게재밌고 뛰어나다 존 나할만한 겜인데 최적화가 진짜 개 구려,2,0,2026-03-15T17:09:32+00:00,
zzz,젠레스 존 제로,e9b2c85c-e5fb-44c8-895f-efd6f3bad2fa,내 취향을 바꿔버린 게임 그냥 재밌기도 함,5,0,2026-03-15T13:35:01+00:00,2.6.0
zzz,젠레스 존 제로,179c6fc5-ac0f-43f2-8acf-b58df294c813,스토리가 나아질 기미가 안 보임. TV 사라지고 나선 스토리 항상 쓰레기임.,1,3,2026-03-15T04:20:33+00:00,2.5.0
zzz,젠레스 존 제로,8e7317fd-61e8-47b4-b10a-7620d5a21f38,s23+쓰고있는데 왜 다른겜들 멀쩡하게 돌아갈때 유독 젠존제만 자꾸 튕기는지 모르겠음 로그인화면에서 몇번 튕기는거 반복하다보면 화딱지 나서 걍 들어가기 싫을때가 많음,3,1,2026-03-14T03:34:49+00:00,2.3.0
zzz,젠레스 존 제로,fcaa42f6-4e70-46c5-ac33-c4dad6af3be4,겜 재밌는데 최적화만 제발 자꾸 튕겨서 겜을 못하겠음,2,0,2026-03-14T01:49:27+00:00,2.6.0
zzz,젠레스 존 제로,443acc20-1235-4820-b02e-96ba14732be0,스토리좀 제발 어떻게좀 해봅시다 출시때부터 고대해온 엔젤디스토리가 이게 맞나싶습니다 너무 뻔하고 지루하고 또 필요없는 텍스처는 뭐이리 많은지..제에발 스토리쪽에도 인력을 써주십쇼,1,2,2026-03-12T16:13:05+00:00,
zzz,젠레스 존 제로,f1748610-8479-4a86-90bf-2676dd2c740f,뭐... 렉이 걸리신다 하시는데 핸드폰 성능 문제라 생각하고 저장공간과 상관없이 RAM이 부족한 폰이라면 렉이 걸리는건 당연한 것입니다... 그러니 제발 별점 테러하지 말고 자기 폰에 맞는 게임으로 가시길...,5,0,2026-03-12T15:26:07+00:00,
zzz,젠레스 존 제로,6c017464-1304-4543-b4a6-0227da46bad0,"최적화 개선, 로딩 개선, TV 컨텐츠 부활, 스토리팀 갈아엎기, 스토리 갈아엎기, 서브퀘스트 부활시켜라",1,1,2026-03-12T12:42:38+00:00,
zzz,젠레스 존 제로,5ef1d5b9-29d3-42e3-9023-2f9266dac1f2,갓겜 인정합니다.,5,0,2026-03-11T14:22:22+00:00,2.6.0
zzz,젠레스 존 제로,1273ade6-6fa0-446c-91b7-c6bbb273338a,앱 실행 후 타이틀 화면에서 터치 - 데이터 로딩 중 앱 크래시가 반악 버전부터 계속 되고있는데 방치하는 이유를 모르겠음 (갤럭시 s23+),1,2,2026-03-11T12:19:28+00:00,2.6.0
zzz,젠레스 존 제로,dd244a5d-cf52-4191-93a4-9b0ea243add3,폰은 유기한거임? pc로 할거긴 한데 너무 뒷감당을 안하고 만드는것 같은데,4,0,2026-03-11T12:08:18+00:00,
zzz,젠레스 존 제로,ed0f6f93-4937-46f3-8ee8-17864d692d73,너무재미있고캐릭터마다의매력이미침,5,0,2026-03-11T10:42:37+00:00,2.6.0
zzz,젠레스 존 제로,d90eeb0f-d90e-4874-82cd-efbbeffbd060,"오픈유저임. 붕3, 원신, 스타레일, 젠존제 전부 오픈부터 달린 미호요 빠돌이임. 이전부터 느낀게있다면 미호요의 방향성이 스토리, 캐릭터 서사에서 멀어지고있다는거임. 걍 신캐=개사기성능인데 안뽑? 그럼 꼽든가ㅋㅋ 식 운영 반복 중임. 입문할거면 극구 반대합니다. 절대 싼 게임아님. 그렇다고 투자한 만큼 보장받느냐? 페이투윈 보장은 받음 ㅇㅇ 한 3달 4달 정도 보장받고 다시 퇴물되니까 그때 또 돈 부으면 되는 게임임. 추가로 폰 안좋으면 젠존제는 접근도 하지마시길. 최적화를 개같이 못해서 업데이트마다 폰 기종 업그레이드를 요구함. 이럴거면 걍 pc로만 내던가",1,20,2026-03-09T15:44:34+00:00,2.6.0
zzz,젠레스 존 제로,64f0d744-4c8a-4865-9f9d-564d2ad147eb,초반에 주는 보상이 많아서 덕분에 좋아하는 한정 캐릭터를 뽑을 수 있었습니다. 앞으로도 몇년간 열심히 플레이 하겠습니다!,5,0,2026-03-09T14:47:10+00:00,2.6.0
zzz,젠레스 존 제로,b743d185-5535-4efe-91c5-90743d71e41f,진짜 제로 공동에서 랜덤 명파 보스 나오면 석나감. 아니 이상캐릭터를 추천으로 해놓고 명파 보스 내놓는건 제정신임? 진짜 쓰레기 겜,1,2,2026-03-09T10:48:39+00:00,2.6.0
zzz,젠레스 존 제로,a00c235c-3ce1-4eab-81fc-7755b25885e4,좋긴한데 엘렌이 너무 않나와요ㅠㅠ,3,0,2026-03-09T08:27:46+00:00,
zzz,젠레스 존 제로,a2b13531-f955-4354-9072-902c943e568c,"게임 다 좋아요 정말 재밌어요 너무너무 너무 좋아요 핸드폰 최적화 빼고요 눈.눈 사양 다 낮추고 게임에도 어떨땐 접속조차 안되고, 토스나 그런 백그라운드 앱이 꺼지고 시스템 UI도 반응을 안해서 앱을 강제로 종료시키면서 발열까지 생기니까 핸드폰으로는 불가능합니다. 붕괴써드(Honkai 3rd)는 부드러운 장녀 느낌인데 왠지 젠존제는 괜히 사방팔방 내려치며 떼를 쓰는 막내딸 같습니다.",3,1,2026-03-08T18:27:46+00:00,2.6.0
zzz,젠레스 존 제로,d8ec7f87-2b64-4d31-b85d-c2dbcd86ce67,"스토리 좋고, 캐릭 예쁘고. 하지만 아쉬운 점은 컴으로 할땐 잘 되는데 폰으로 하면 렉이 좀 많이 걸리네요.",3,1,2026-03-08T12:22:13+00:00,
zzz,젠레스 존 제로,407e5904-563a-41e1-a8e8-2c3be7b85ffc,모델링 모션 캐디등 다 좋은데 제일 중요한 모바일로 못 할 수준임 최적하가 얼마나 개판이면 발열이랑 렉이 버전 지날 수록 계속 심해지고 있음 갤럭시 S23 울트라 쓰는데도 이정도면 최적화 문제 같은데 패치좀 해라 제발 좀,1,3,2026-03-08T05:40:53+00:00,2.6.0
zzz,젠레스 존 제로,70bb1cad-b094-455e-9a72-8693c0ef448b,젠존제가... 이렇게 제밌는 게임이란 말이야? 여태까지 왜 안했지...,5,0,2026-03-07T16:05:08+00:00,2.6.0
zzz,젠레스 존 제로,0c43549d-b86b-4747-8173-7d5892e63c5f,굳,5,0,2026-03-07T15:42:58+00:00,2.6.0
zzz,젠레스 존 제로,d096d200-6e3c-4bb3-ae4f-ea6e78c9ec24,게임 도데쳄몇번튕기는건제 게임을못하잖인,1,0,2026-03-06T18:56:31+00:00,
zzz,젠레스 존 제로,46f1e641-8e43-4409-97cf-25a181288529,스토리가 진짜 호요버스겜맞나 싶을정도로 쳐박음;;,1,2,2026-03-06T18:20:55+00:00,2.6.0
zzz,젠레스 존 제로,34027c46-dd4d-403f-a309-91fdd82bb2cb,"최근까지 재밋게 플레이 하다가 삭제를 하게 되었습니다. 이유는 업데이트가 될때 마다 발열이 너무 심하고 , 최적화가 부족한 느낌이 많이 들었습니다. 현재 호요버스 게임들과 옆집 명X 까지 모두 하고 있는데 "" 제일 발열이 심각하고, 플레이 하기 힘든 수준 입니다. 전투가 깔끔 하지 않을 정도로 쾌적한 환경이 아니게 되었고 그동안 애정이 있어서 버텨왔는데.. 더이상 힘들거 같아 지우게 되었습니다. 나중에 기회가 되면 돌아 오겠습니다. 좀 신경을 써주었으면 하는 부분입니다.",1,1,2026-03-06T17:41:45+00:00,2.0.0
zzz,젠레스 존 제로,10aff445-978d-4639-ac28-a30f783bfe21,10연 픽뚫 당한 내가 이게임에 해 줄 수있는건 1점 말곤 없다 즐거웠다,1,0,2026-03-04T15:49:46+00:00,
zzz,젠레스 존 제로,1505de59-2bc6-4363-a9d5-f12214019a22,쓰레기. 최적화는 모바일로 절대 못할 수준이고 스토리는 개선 의지가 보이지도 않고 주인공 캐릭터 변경도 안되는데 스토리 차이도 심할뿐더러 플블캐 캐릭터성에 과거사는 맨날 똑같고 악역도 늘 보던 흔해빠진 포지션에 모션이랑 디자인은 갈수록 퇴화하고 노래도 특출난 게 점점 사라지고 그냥 게임이 거꾸로 역성장하고 있음. 베타때가 좋았다,1,21,2026-03-04T15:06:27+00:00,2.6.0
zzz,젠레스 존 제로,98cea974-b90a-41c8-b39e-5d412f27fc74,"핸드폰 성능이 문젠가 싶었는데 저 말고도 렉, 발열 심하다는 댓글이 많네요. 그래도 게임 자체는 명작이라 4점 드립니다. 나중에 pc로 해야겠네요.",4,0,2026-03-04T09:23:12+00:00,
zzz,젠레스 존 제로,2243a3a9-d2f3-43f8-be67-ee6e287c1188,게임이 실행이 안되는건 처음보네요.. 고객센터에 문의를 드렸지만 진짜 75퍼에서 튕겨서 게임이 안되네요. 복귀유저인지라 핸드폰의 문제도 아니고 진짜 왜 유저가 까는걸 찾아가면서 해야 되는거죠? 그냥 처음부터 잘 들어갈수있게 만들면 되는거 아닌가요? 게임이 실행도 안되고 공간은 더럽게 차지하고ㅋㅋ 미치겠네요. 더 자세한걸 물어볼려면 어디 사이트에 해야되는데 중국어고~ 내가 왜 vpn까지 써가면서 그래야 되는건데요,1,12,2026-03-03T16:03:19+00:00,2.6.0
zzz,젠레스 존 제로,dbee89c2-31c9-44e8-b762-cc022a587b0d,최적화만 해결되면 재미겠하갰는데,3,1,2026-03-03T13:25:08+00:00,
zzz,젠레스 존 제로,115543d1-5294-4a03-91cb-297548ab76c4,게임은 재밌는데 S23 snapdragon 8 gen2로도 튕기고 끊기는건 좀 심한거같음 붕스도 최고옵으로 돌려도 튕기지는 않는데,3,0,2026-03-03T11:19:41+00:00,2.6.0
zzz,젠레스 존 제로,6e0e1f76-1e90-4426-9c5e-11bf8fd80035,그래도 그나마 예전보단 최적화된 거 같긴 한데... 아직도 너무 심함...,3,0,2026-03-02T16:50:21+00:00,
zzz,젠레스 존 제로,e4c6582a-9e08-4ca2-8268-28d632ec60d7,컴퓨터 게임입니다 모바일로 돌리려면 매 버전 업데이트마다 게임을 삭제하고 다시 설치해야 잘 돌아가네요 휴대폰 성능이 떨어진다기에는 S24 사용하고 있는데 게임 접속도 못하고 매 버전마다 이게 무슨 고생인지 모르겠습니다 매일매일 갱신중입니다 75%에서 일어나는 튕김현상 수정될기미가 안보이는군요,1,9,2026-03-01T15:17:29+00:00,
zzz,젠레스 존 제로,2f62c52e-d90a-4e91-a5bd-e2bed9baa230,"일주일 전 젠레스 존 제로 팝업에서 만난 수나야, 나를 기억하니? 나는 그때 너의 말 한마디를 아직도 못잊고 더 현대를 떠돌고있어. 제발 나에게 돌아와줘 수나야!!",5,0,2026-02-28T18:05:28+00:00,
zzz,젠레스 존 제로,7afff94a-8acc-4970-a0a1-dbe7eb945dde,🐮,5,1,2026-02-28T17:59:30+00:00,
zzz,젠레스 존 제로,2d3ae983-8396-4dfa-9940-5f48311a3d77,s23인데 로그인화면에서 계속튕기네요 ㅠ,5,0,2026-02-28T15:54:36+00:00,2.6.0
zzz,젠레스 존 제로,eaab00e8-d27a-42bc-990c-0bf993e3fca0,액션게임 주제에 인플레는 턴제만큼 심하고 사기캐는 반년에 한 번씩 쏟아내는 데다가 지원캐는 나올 때마다 개사기로 나오고 캐릭터 모션은 쓰던 거 계속 쓰면서 보스는 갈수록 접대만 심각해지고 이벤트는 할 것도 없는데 리소스는 오픈월드도 아니면서 엄청나게 잡아먹고 최적화는 개나 갖다준 쓰레기같은 게임. 절대로 깔지 마세요,1,21,2026-02-28T15:02:26+00:00,2.6.0
zzz,젠레스 존 제로,fd271236-9ee5-4373-a0bd-d67e12488ee4,아니 조금식 할때 마다 자꾸 화면이 멈추네요,1,0,2026-02-28T14:30:03+00:00,1.3.0
zzz,젠레스 존 제로,062f2142-cf76-468e-90ba-20ab2ab81335,"오픈때부터 꾸준히하다 삭제합니다 오직 캐릭터 외형으로 버티는게임 -스토리 : 재미없어도 적당히 재미없어야지, 초반은 tv로 주인공이 뭐라도하는데 이후 tv없어지고 뭔 주술같은거나씀(그럼페어리 할게뭔데, 그렇다고 tv는 더 재미없고), 캐릭터 서사들도 뭔 노래로 힘을모아 충격을 막아? 몇년전 애니를 참고하는거야, 옆집 에반게리온도 호불호갈리는데 더 취향타는 애니를가져온거야; -캐릭취향 : 초반엔 그래도 퍼리, 로봇 약간이라 버텼는데 이후엔 걍 로봇이아이돌한자리 (허벅지 뭔데? 얜 걸어다니는게 아니라 다리에 부스터달린 두께임), 여캐 치마 검정색 치렁치렁 이건 뭐 타조인줄알았음 - 할게 없음 : 디스크파밍은 해봣자 신캐나오면 신캐 용도 디스크나오니 굳이 미리 준비할게 거의 없고,파밍은 쉬운데 보스전, 방어전 이런것도 난이도가 쉬우니 전투재미도 떨어짐, 기간도길고 일일퀘도 뭔 퍼즐 이런게 아니라 어디가서 사진찍어라(아니 진짜 정이 안간다고 스토리 개판이라 도시에 정감없는데 뭐 매주찍으래)",1,5,2026-02-28T01:23:09+00:00,2.6.0
zzz,젠레스 존 제로,d7911f4b-32ef-4a3d-b50b-2fc1ce316477,매버전 두세개씩 방부이벤트 나오는데 원신이랑 붕스에서 페이몬이랑 폼폼이벤트 저렇게 나온다 생각해보셈 와....그냥 공포게임임,1,0,2026-02-27T01:42:21+00:00,2.4.0
zzz,젠레스 존 제로,9ea5c2b8-3b08-4df4-8904-8f6701c01c53,최근들어 렉도 줄어들고 게임이 많이 원활해진걸 몸소 느낍니다. 별 1개에 조금 섭섭하게 리뷰를 달았던 것에 사과의 말씀을 드리고 별 5개로 수정했습니다. 앞으로도 재미있는 게임으로서 유지될 수 있길 바라겠습니다.,5,137,2026-02-25T08:51:04+00:00,2.6.0
zzz,젠레스 존 제로,a5a11ffb-39ed-48c1-b735-d44370fbe993,갓겜,5,0,2026-02-25T08:38:01+00:00,2.6.0
zzz,젠레스 존 제로,a131da38-e856-474c-b924-c5ee79cf04c3,"젠존제 플레이 한지 1년이 되가는 유저입니다. 전반적으로 독특한 캐릭터와 설정, 세계관, 모션 등은 거의 탑급입니다. 하지만 모바일 기기 사용을 하면 랙과 발열 문제가 좀 있습니다.(패드 유저라 좀 덜하지만 아직 남아 있음.) 많이 고쳤다고 생각하지만 아직까진 남아있습니다. 그래도 그거 외에는 다 만족스럽습니다. 진짜 캐릭터 하나하나가 다 맛도리에다가 스킬 모션 등 다 너무 만족스러워서 매 주 출석 중인 정도입니다.. 굉장히 강추..",5,13,2026-02-24T09:46:17+00:00,2.6.0
zzz,젠레스 존 제로,a8671a51-9289-4648-9706-030e1919a063,재미있는데 가끔 최적화 joat임,4,0,2026-02-23T15:05:18+00:00,
zzz,젠레스 존 제로,ac02cf6b-4bbc-46ac-b88e-ad1a5a9c4c20,예쁜 피규어,3,0,2026-02-23T12:52:20+00:00,
zzz,젠레스 존 제로,eb0310a1-4d5b-42fc-8f39-7b1fbfc492ca,안녕하세요 😄,5,0,2026-02-23T11:48:34+00:00,2.6.0
zzz,젠레스 존 제로,7e1b4d22-7811-490c-8094-7378e92ed807,게임 최상도 설정 모두 최 저하로 하고 휴대폰 앱들 대부분 지우고 해도 계속 튕기네요. 이정도면 게임사에서 해결해야한다고 생각해요. 인터넷에 있는 방법. 그리고 직접 문의해도 바뀌는게 없네요. 유저탓으로 하지말고 직접 나서주세요. 이메일 연락했습니다?^^ 알려준대로 해도 안돼잖아요?,1,3,2026-02-23T04:46:28+00:00,2.6.0
zzz,젠레스 존 제로,9c9d1a89-f3bd-45a5-9bea-45812e724675,트위터에서 마나토 신규 스킨 짤 보고 깔았습니다 비슷한 스킨 많이 부탁드립니다,5,0,2026-02-23T01:22:27+00:00,2.6.0
zzz,젠레스 존 제로,ac88c5fb-8899-4e7b-b739-178433eb29e3,"젠존제 출시와 함께해 지금까지 달리고 있는 로프꾼입니다. 이 게임은 단점과 장점이 명확해서 단점만 고치면 평가가 더 좋아질거라 생각합니다. 단점부터 이야기를 하자면 모바일 기기 최적화가 매~~~우 안되어있다는 것입니다. 물론 컴퓨터에서 돌리라고 나온 고사양 게임이지만 이후에 모바일로도 출시를 해줬으면 그에 맞는 최적화를 해줘야 한다고 생각합니다. (저는 갤럭시 s9으로 하고있는데 발열문제 말고 다른문제는 없었습니다.) 이외에는 픽뚤 확률이 높다는 것과 나중에가면 재화 수급처가 부족하다는 것인데, 저는 회원 가입과 패스만 사는 유저입니다만 이것만 사고 매일 출첵만 잘 한다면 픽업캐가 바뀔때 마다 명함까지는 챙길수 있었습니다. 또한 제로공동,시유방어전,단층의수수께끼,위험한 강습전을 계속해서 돌리시면 재화를 얻기 더욱 수월하실 겁니다. 장점은 캐릭터마다의 개성과 전투시스템, 훌륭한 스토리 등이 있지만 전투시스템과 캐릭터가 젠존제의 가장큰 장점인것 같습니다. 젠존제 운영자분들 화이팅입니다♥",5,72,2026-02-22T14:56:23+00:00,2.6.0
zzz,젠레스 존 제로,dee6dec1-6388-4068-95e3-065ee18974e6,스토리 십노잼이라 접음,1,0,2026-02-22T03:07:36+00:00,
zzz,젠레스 존 제로,124cce73-4abb-460c-ac22-e8b945f29c7c,갤럭시 버디 호환 안되서 못하는중...전에 재밌게 했는데 못하는게....,1,0,2026-02-22T00:41:05+00:00,1.5.0
zzz,젠레스 존 제로,8235d3ee-1885-4212-9596-2e26efbb4945,"대부분의 분들께서 남기는 리뷰들과 비슷한 경우입니다만, 모바일 기기로 이용할 때에 랙과 발열이 거의 필수로 걸립니다. 다른 이유를 찾아보고자 여러 문서를 확인해보고 저장 공간도 혹여나 확인해 보았지만 그저 게임의 문제였던 것 같습니다. 또한 로그인 화면에서 70~ 75%가 되면 튕기는 이유는 도대체 무엇일까요?^^ 매력적인 캐릭터들이 많고, 스토리도…… 좋?지만? 일단 최적화 문제 좀 제대로 고쳐주셨으면 합니다. 또한 한 캐릭터에 과도하게 떡밥과 스토리가 집중되는 모습이 보여서 주인공이 주인공이 아닌 것 같을 때가 있고, 스토리도 너무 답답하고 별 거 아닌 걸 계속 끌고가는 게 별로다. 라는 생각이 들었습니다. 그 외에는 굳^^. 캐릭터들과의 신뢰도, 이벤트 다 좋습니다. 헤헤 재밌다. 참고로 저는 배 아플 때 젠존제를 켜서 핸드폰을 배에다가 올려둡니다.^^",3,34,2026-02-21T12:05:40+00:00,2.6.0
zzz,젠레스 존 제로,01769114-e54d-49dd-8759-9f277028eac7,젠레스 존 제로 재미있어요! 아주! 시즌3 기대할게요,5,0,2026-02-21T11:08:09+00:00,2.6.0
zzz,젠레스 존 제로,cb8fbf23-dc3a-4d19-99d5-1035bce9663c,최적화를 낫게 하기는 커녕 부숴버렸네,1,0,2026-02-20T10:44:34+00:00,2.6.0
zzz,젠레스 존 제로,38123f73-bb91-4af9-acbe-d47d663099ba,쇼츠광고보고 깔앗는데 재밌긴한데 저장용량이 너무커요ㅠ,5,0,2026-02-20T10:17:01+00:00,2.6.0
zzz,젠레스 존 제로,cb4541d1-0fca-4dd0-ba83-c563aae2621d,최적화좀 해주라... S25울트라도 랙걸린다...,1,0,2026-02-20T02:59:39+00:00,2.6.0
zzz,젠레스 존 제로,e937f479-cc31-4f16-afd1-bffe6c87001b,피씨로는 할만 함,4,0,2026-02-19T11:51:56+00:00,2.6.0
zzz,젠레스 존 제로,b407ddb1-487e-44f9-a05a-d78489fe0906,하러 왔습니다. 일단 5점주고 할게요,5,0,2026-02-19T09:14:31+00:00,
zzz,젠레스 존 제로,f7c29762-3c4d-4fc5-963e-4bb50466f47e,리듬겜 인간적으로 b까지 봐줘야지 어이없네 빠른 곡이 쉬움 장난해요? s미션 ???? 스토리 깨지말라고 이 겜하면서. 욕나온 적 처음이네 누가 스토리에 고난이도 미션주고 깹니까? 유저가 바보에요?,1,0,2026-02-18T18:18:08+00:00,
zzz,젠레스 존 제로,172ffd58-f669-45d6-81e4-5fd0d47c3e33,"재밌음 매번 다음 업데이트가 기대됨 모바일 최적화가 미흡하긴 한거 같음 근데 못 할정도는 아님 게임부스터 설정하고, 절전모드로 게임하면 발열도 없고 잘 돌아갈 거임",5,0,2026-02-17T19:47:50+00:00,2.6.0
zzz,젠레스 존 제로,3cee566b-e413-432e-8b02-6713c9df6d67,렉 겜을 못 하겠음,1,0,2026-02-17T12:48:20+00:00,
zzz,젠레스 존 제로,685a361b-fae1-4b6e-b2c1-105c78919f01,AOD 드디어왔구나,5,0,2026-02-17T12:08:11+00:00,
zzz,젠레스 존 제로,dd2035bb-4249-4b03-99d2-e4cce441377e,그냥 중국 무협게임 하나 새로 만들지 왜 내 토끼굴 어반 판타지를 잠식한건지... 세미오픈월드인지 원신 어줍잖게 베껴내기인지 변경된 스토리 진행 방식도 그다지 마음에 들지는 않아요 오픈 이래로 여태까지 잘 즐겼는데 이제는 흥미가 떨어져서 떠날게요 재밌었으니까 5점!,5,1,2026-02-17T04:54:52+00:00,
zzz,젠레스 존 제로,b2f2f78d-c048-4a1b-98f4-ee683c6634cc,폰유저는 그냥 하지마세요,1,0,2026-02-17T02:44:45+00:00,2.6.0
zzz,젠레스 존 제로,d54a0cf8-00e4-4648-80f9-abd0afda4c47,업데이트 주기가 너무 긺 기다리기가 너무 힘들어요..,3,0,2026-02-16T23:55:52+00:00,
zzz,젠레스 존 제로,e49ce7be-b2bc-4b69-a2f1-3a0582c31c14,아니 뽑기 하다가 갑자기 튕겼는데 뽑기에서 엔진도 안 들어오고 폴리크롬만 날렸어요,4,0,2026-02-16T11:20:16+00:00,2.6.0
zzz,젠레스 존 제로,cfe2fb4b-77fd-4dde-8f92-74d39ec44c8b,처음인데 재밌고 특성있는 게임이라 손맛도 있음 근데 캐릭터확률은 좀 안좋음 자오는 무료로 줘서 잘 먹었는데 뽑기권이랑 플리토늄인지 뭔지 다 털었는데 하나도 안줌 의현이 좋다고 해서 얻을려고 하는데 뽑기확률 이러면 얻을지 모르겄다,3,0,2026-02-15T12:43:10+00:00,
zzz,젠레스 존 제로,8d4ff915-a6f0-4315-97fb-1a82e17e00ec,최적화 문제가 너무 심한거 같습니다... S24인데 게임 로딩 도중에 그냥 튕겨 버리더군요...,3,1,2026-02-14T09:44:44+00:00,2.6.0
zzz,젠레스 존 제로,824e6e76-1074-46c7-8c93-b3cd31988cd6,최적화도 안되어있는... 게임 한번 하려면 10번은 튕겨야 들어가지네,1,1,2026-02-13T15:01:24+00:00,2.6.0
zzz,젠레스 존 제로,088bec3b-6fc1-4033-bf3e-98e4c379000c,중국노래좀 제발 나오지마라,1,1,2026-02-13T12:39:34+00:00,2.6.0
zzz,젠레스 존 제로,c9103bc1-b2b7-49d9-a589-2ceba96ba6e1,가면 갈수록 발적화가 돼가네,3,0,2026-02-13T05:28:34+00:00,2.4.0
zzz,젠레스 존 제로,2a40566d-34d7-45a9-aba9-fbae64be8264,의현 뽑음 ㅅㄱ,5,0,2026-02-13T00:44:36+00:00,2.6.0
zzz,젠레스 존 제로,0b2a9389-a953-4224-bfd0-68fef18a2ddb,"장점: 전투,캐디,모델링 단점: 최적화,스토리",5,0,2026-02-12T21:40:58+00:00,2.6.0
zzz,젠레스 존 제로,cdaa5365-9dec-4859-a73f-39cef9680ad3,최적화 개븅,1,1,2026-02-12T16:40:54+00:00,2.6.0
zzz,젠레스 존 제로,b03f5214-eeba-4cab-8920-489aa2a87d24,용량이랑 모바일 최적화좀 해주세요. 원신처럼 맵이 전부 이어져있는 게임도 아니고 나온지 1년된 게임이 30기가를 잡아먹고 있어요. 재밌게 하고싶은데 렉은 엄청걸리고 30분에 한번은 튕겨져나가버려요. 이거 모바일게임이라고 낸거잖아요. ++2.6버전 되고 이제 들어가자마자 10분 안되서 튕겨나가버려요. 좀 심한거 아닌가요? +++더 심해졌습니다. 하루 한번씩 들어가기도 전에 튕겨버리는게 당연하면 안되는데..,2,5,2026-02-12T15:57:33+00:00,2.6.0
zzz,젠레스 존 제로,a4ccb995-89e4-4743-aace-8367459b46c5,맨날 천장만치게 만들고 심지어 반천장도 구데기만 줘서 이젠 진짜 안할랜다. 엔필이나 해야지,1,1,2026-02-12T09:48:16+00:00,2.6.0
zzz,젠레스 존 제로,dbefcb39-e695-43a8-a1a8-d35fb1f18234,"컴퓨터로하면 완벽한 게임이지만, 모바일은 최적화 부분이 좀 어려운 게임. 게임성은 정말 칭찬 가능하나 모바일 게임으로는 무리가 있다. 명조나 원신같은 기타 겜도 무리가는건 다 똑같으니 순수 게임성만 보면 나름 볼만한 겜",5,1,2026-02-12T03:16:27+00:00,
zzz,젠레스 존 제로,f1bf36ca-1451-47cd-91f0-1bff7069d8b0,재밌음 단점)휴대폰 핫팩쌉가능.,4,0,2026-02-12T01:13:51+00:00,
zzz,젠레스 존 제로,49342847-79e9-447a-a9af-3e648dfb0f47,"창백한 땅 이벤트에서의 1층인지 뭔지의 균열공간의 확인 이벤트가 진행이 되지 않아 막혔으니 수정을, 그리고 편한 아파트 던전공동에서 칭송회 예찬자가 계단옆 광석뒤에서 뻐기고 있어서 잡을수가 없는것 같은데 버그인지 확인좀 부탁드립니다. 그리고 이제는 게임용량이 너무 압도적으로 커져버려서 게임작동하기도 전에 데이터 로딩이 75.46즈음에 도달하면 튕기는 현상이 압도적으로 많아지고있는데(굳이 아니더라도 80이상에서 튕기거나 게임진행도중 my 꾸져터진 휴대폰이 메모리를 버티지 못해서 폭파되는등 다른 두게임(라스트오리진, 로스트소드)에 비해 상태가 별로 좋지 못합니다.) 애정을 가지기는 했었지만 한계에 도달해 이만 슬슬 접어야겠습니다. 지송합니다.",1,586,2026-02-11T13:20:00+00:00,2.6.0
zzz,젠레스 존 제로,3638b399-ba4d-4d8e-917d-44c580da76c6,최 적 화 하 라 고,2,0,2026-02-11T01:40:26+00:00,2.6.0
zzz,젠레스 존 제로,b3cb22df-d276-4754-8f83-8487d06d99b7,이럴거면 현지화를 포기하고 중국 음성으로만 내지 왜 이러는거지?,1,2,2026-02-10T09:52:52+00:00,2.5.0
zzz,젠레스 존 제로,7c6c8ce0-fc69-4541-8784-c2b4611a42af,"중국어 노래좀 그만 넣어 언어 더빙, 서버 분리되어있는 게임이 왜 공용 클라이언트에 지꾸 중국어를 처넣는거냐",1,7,2026-02-10T01:28:33+00:00,2.6.0
zzz,젠레스 존 제로,38bc16ed-45b4-440a-b57a-c79f95637693,업데이트 할 때마다 렉이 심해짐 원신 스타레일도 해봤는데 이것만큼 렉이 심하진 않았음. 걍 거의 하지 말란 수준으로 렉이 걸리다가 튕기고 걍 모바일은 돈 뽑아먹는 용도로만 생각하는 듯. 모바일 유저는 전혀 생각하지 않는 것 같음,1,5,2026-02-09T18:45:59+00:00,2.6.0
zzz,젠레스 존 제로,8129c100-c46b-4175-a855-e3e32155a52d,캐릭터도 예쁘고 모션도 쫀득하고 무엇보다 전투가 재밌어요. 스토리는 호불호 갈리는 사람들이 많지만 저는 전부 다 재밌게 했어요. 근데 문제가 2.5 버전 업데이트하고 나서부터 아예 들어가지도 못하고 튕겨요. 계속 해 보면 들어가지긴 하는데 이 점 고쳐주시면 좋을 것 같아요.,4,7,2026-02-09T16:42:56+00:00,2.6.0
zzz,젠레스 존 제로,d916cd06-1528-4011-b200-d739ce39c715,2.5버전 업데이트 이후 데이터로딩 75퍼에서 튕김현상으로 모바일환경에서 접속이 안됨,1,0,2026-02-09T09:36:42+00:00,2.6.0
zzz,젠레스 존 제로,3eb2ed3d-199a-4fa1-a9af-168857256290,남캐도 챙겨주는 척하는 여캐몰이 중겜 그만 보고 싶어라~,1,0,2026-02-09T02:43:47+00:00,
zzz,젠레스 존 제로,b179e49c-e1cd-4f6a-9b56-0c4ed046d158,아니 왜이렇게 버벅 이는지 모르겠음,1,0,2026-02-08T15:05:42+00:00,2.6.0
zzz,젠레스 존 제로,08c680e4-3e18-439c-a385-14cfa139a2a3,단점이랑 장점이 정확한데 단점 좀만 보완하면 진짜너무 좋을것 같음,5,0,2026-02-08T12:49:29+00:00,
zzz,젠레스 존 제로,d1dba67f-6a5c-43c9-a612-f4713d13cf76,"남성 캐릭터 낼 생각없고 점점 디자인이 천박해짐. 19세 게임도 아닌데, 스토리는 진작에 말아먹어서 6주를 허덕이며 채우는 저급한 게임이 되어감. 오픈유저로서 1버전의 기승전결은 어디가고 서비스씬에만 집중하다가 말아먹는 게임이 다 있나 싶음. 적당히 해야지 남캐 S급은 스킨도 없음. 출시 스킨은 죄다 여캐에 몰려있고 출시남캐조차 적음. 레드오션인 서브컬쳐시장에서 여성 유저 버리는 정책이 꼴값으로 느껴짐.",1,3,2026-02-08T11:13:37+00:00,2.6.0
zzz,젠레스 존 제로,5b3f31c2-8630-40cf-879f-d09baa0d85e9,재밋다,5,0,2026-02-08T05:46:12+00:00,2.6.0
zzz,젠레스 존 제로,5d4ba85e-5dc0-4b5f-8fb3-141667f92f61,저는 폰유저 인데 자꾸 나가지는데 으뜩하죠??,3,1,2026-02-08T04:44:05+00:00,2.6.0
zzz,젠레스 존 제로,0fed7476-9a88-491e-8193-b88151084545,"게임을 내기전에 검수는 하는거임? 임계시뮬레이션도 항상 업데이트만 했다하면 프로그래밍 변수명으로 되어있고 몇몇곳은 번역이 안되고 중국어로 되어있고, 이벤트 재미없는것까지는 그러면 안되지만 그럴 수 있다고 쳐도 이번 이벤트에서 보정이 + 보정은 되는데 - 보정이 안되는 이유는 뭐임? 코드를 짜면서 이것도 염두에 안둔거임? 게임 개발이 어려운건 맞지만 다른게임들은 쉬워서 검수 잘 하는것도 아니고 그냥 답답하네요.",1,29,2026-02-08T01:13:59+00:00,2.6.0
zzz,젠레스 존 제로,73497e35-6993-4e93-ba0f-a45b50ebdced,폰 최적화 좀 하라고요 고객센터로 10번은 ㅊㅓ보냈는데 알겠다면서 왜 개선을 안 함 겜 킬때도 로딩 75%에서 천만번 튕기고 강종됨 변하지를 않음 맨날 75%에서 튕김,1,0,2026-02-07T15:19:09+00:00,
zzz,젠레스 존 제로,b4c53857-b4f1-4392-b60b-784175ef69fe,제 현재 폰 기종이 A 23인데 깔지도 말라하네요. 감사합니다.,1,0,2026-02-07T12:40:17+00:00,
zzz,젠레스 존 제로,ef05742b-276c-456f-855c-7ee4a3c8e372,PC로 자주 합니다 컴퓨터 중상옵정도인데 이게 스킬쓰면 화면이 중간중간 멈추거나 이벤트 발생창이 떠야하는데 안뜨는 버그도 종종 있구요 강종해야 할때가 몇번 있어요 장점은 전투씬은 좋은데 할때마다 붕괴시스템 몇개는 가져온거 같더라구요 그래도 재미는 있습니다만.. 최적화좀 해주세요..,3,1,2026-02-07T10:23:09+00:00,1.0.0
zzz,젠레스 존 제로,3aae1162-51d4-4d87-9d93-9210750248f9,픽뚫 삭제하라고 진짜 불쾌한 경험만 주는 최악의 bm 픽업 뽑아도 기쁘기보다는 다행이라는 생각정도만 드는데 픽뚫당하면 걍 겜 삭제마려워 진다고,1,0,2026-02-07T01:03:01+00:00,2.6.0
zzz,젠레스 존 제로,b2354796-0bc1-4d37-b272-8c8cfe757124,최적화좀 잡아주세요. 2.6 버전 이후로 갤럭시s23 자꾸 튕김!!,3,0,2026-02-07T00:25:40+00:00,2.6.0
zzz,젠레스 존 제로,debed3f2-40c7-45b8-98c7-0b1e3c41b72a,아니 시작도 못하고 화면 자꾸 튕김,1,0,2026-02-06T16:51:09+00:00,2.6.0
zzz,젠레스 존 제로,b7730f89-df67-4723-a4f7-5dd784c166e9,자오 무료료 줘서 감사합니다캐릭터도퀄리티가 좋아서 만족해요👍🏼,5,0,2026-02-06T15:48:06+00:00,
zzz,젠레스 존 제로,2c5b51f8-fc9e-49ab-81c1-0cc8fc0dc3b9,모바일 액션갬 최고봉,5,0,2026-02-06T15:28:45+00:00,
zzz,젠레스 존 제로,6ac3cee0-74d9-4367-a758-7c8d779c97d3,재밌당... 근데 대체 언제쯤 안드로이드 기기에서 뒤로가기 버튼으로 취소하거나 이전페이지로 가기 기능 활성화 해주려는지 모르겠음. 개불편함 이거,5,0,2026-02-06T11:38:06+00:00,2.6.0
zzz,젠레스 존 제로,86aec01c-9bb0-4139-9588-d8497a8a7ec5,하루마사 복각 시켜주세요.,4,1,2026-02-06T09:56:29+00:00,2.6.0
zzz,젠레스 존 제로,6f1576b3-0de7-4120-bb9d-811cca3628a0,1버전 캐릭터와 세계관이 매력있어서 기대하고 많이 사랑했는대 2버전 가면서 내가 좋아했던 느낌이 많이 죽었다. 흔히 남캐와 여캐가 동시에 한국 RPG에선 사정이나 매출이 안좋으면 여캐와 수영복을 마구낸다는 느낌이 강한대 지금의 젠레스가 그렇다. 이전에 어필했던 흡입력있던 세계관과 캐릭터의 공백을 도파민으로 떼우는 느낌이다.,1,5,2026-02-06T06:40:04+00:00,
zzz,젠레스 존 제로,212adf08-95ba-40fd-826f-829aee5f97b3,"캐릭 디자인 도 이쁘고 전투컷신 도 이쁨 근데 모바일로 하면 화질? 조금 깨지고 렉 걸림, 이런거 못 참는 사람들은 불편해 할 수도 있는 신경 안 쓰는 사람들은 재밌게 할 수 있음.",5,0,2026-02-06T06:31:04+00:00,2.3.0
zzz,젠레스 존 제로,d33f9688-5ed0-445c-847a-ffbab8d6f856,"붕스, 원신 젠존제중 젠존제가 더 재밌습니다",5,0,2026-02-06T03:28:21+00:00,2.5.0
zzz,젠레스 존 제로,564ab560-b4e9-45e2-bbb0-5e716684fe53,재미는 있는데 확실히 체급에 비해 최적화가 좀 부족하긴한듯,5,0,2026-02-06T03:12:38+00:00,2.6.0
zzz,젠레스 존 제로,f38ef7f3-c3d4-4f51-bc33-b845a25b6b67,TV 자체의 신선함은 있지만.. 신선함 < 불쾌함 이 더 크다고 생각함.. TV 만 한시간가까이 탐사 해야하는 맵은 도대체 누구 대가리에서 나온거임..?,5,2,2026-02-06T01:32:37+00:00,2.6.0
zzz,젠레스 존 제로,57722b7b-1574-496d-af36-f028dec896cd,리카온 AS 아자아아앗-!!!!!!!!!!!!!!!!!🐺,5,0,2026-02-06T00:42:01+00:00,2.5.0
zzz,젠레스 존 제로,4741ae0c-ad1d-46bb-be0d-e2fa357498bd,모바일로 하는 사람들을 위해 데이터 용량 조금만 줄여 주셨음 좋겠습니다,4,0,2026-02-05T23:24:44+00:00,2.5.0
zzz,젠레스 존 제로,d452df1a-896a-4665-b78c-9e0a129e3521,폰으로 하시는 분들 존경합니다.,1,0,2026-02-05T15:25:50+00:00,2.5.0
zzz,젠레스 존 제로,25b3e332-ee58-49fc-a2a8-07e6cf6a4f3e,너무 재미있어요,5,0,2026-02-05T03:50:41+00:00,2.5.0
zzz,젠레스 존 제로,b6f8d673-75b7-4bbb-8a53-263d183557a8,재미있구요. 좋구요. 캐릭터들 좋구요. 아쉬운게 있다면..모바일로 하니까 렉도 심하고 화질이 구리다는거..,4,1,2026-02-05T01:14:32+00:00,2.5.0
zzz,젠레스 존 제로,ac0dea59-3956-4e71-ae84-ecf9ba939fe1,재밌어요 강추,5,0,2026-02-04T18:07:44+00:00,2.5.0
zzz,젠레스 존 제로,f400a149-c82c-480a-9239-0fa0cd85393f,최적화 좀,4,0,2026-02-04T14:29:59+00:00,2.5.0
zzz,젠레스 존 제로,3d9b72bd-b85b-48f3-abc0-c5568cda6f5d,최적화 제발...엽빛나 업데이트 후 게임 접속이 안됩ㄴ니다 게임은 해야죠,1,3,2026-02-04T12:21:53+00:00,2.5.0
zzz,젠레스 존 제로,e8f434f0-9396-4709-8b7b-e5118961e1a8,별점이 낮은 이유는 대부분 겜 하다 튕긴다는건데 컴으로 하면 아무런 상관 없는 예기고 저는 모바일로 플레이 하며 2번? 튕긴게 전부입니다.,5,0,2026-02-04T11:28:24+00:00,2.5.0
zzz,젠레스 존 제로,775ac4a3-ea30-482a-8807-b0d44e0320d3,스토리하는데 맵에 낑겨서 움직일 수가 없음 보통 이렇게 낑기는 겜이면 탈출같은 거라도 있는데 버그를 고치던가 탈출을 넣던가,1,0,2026-02-04T06:55:14+00:00,2.5.0
zzz,젠레스 존 제로,1b4adab3-c88d-4369-9d43-bbf9a17b8f28,자기취향에 맞는 최애캐있는거부터 너무좋아요 전투씬도 멋지고 대사도 기가막힙니다~~ 의현이라는 캐를 좋아하는데 너무 예쁘고 아주 강력해서 쓰는맛이 있는것같아요. 젠존제 진짜로 한번씩 꼭!!해보세요 아주 재밌습니당,5,0,2026-02-03T07:05:06+00:00,2.5.0
zzz,젠레스 존 제로,fa3585ec-8a83-489e-896a-f9c04e60a47e,이게 선녀였다니...,3,0,2026-02-03T04:41:23+00:00,2.0.0
zzz,젠레스 존 제로,4171d9af-4b8a-4fe4-9cbd-86537b5605f1,게임이 자꾸 튕겨요 무슨 게임을 못하겟네 그리고 게임로딩이 안돼요 개발자님,1,0,2026-02-03T01:04:08+00:00,
zzz,젠레스 존 제로,99bced4c-1bcf-4e64-8e64-0b10dacb4709,최근들어 게임이 튕기는 현상이 잦아짐. 이게 특정상황에서만 그런데 실버엔비 전무 강화하려고 누르고 전환버튼 누르자마자 게임이 튕김. 갤s25울트라인데 저 상황에서만 그러는거보니 무슨 버그 트리거가 있는것같음. 확인하시고 수정해주세요.,4,2,2026-02-02T04:38:34+00:00,2.5.0
zzz,젠레스 존 제로,e1c2fc0c-cb6e-4681-a781-64e0506a4b57,"버그 1. 시전 중 무적이라고 명시된 강화 특수 스킬, 궁극기 사용 중 데미지가 들어오는 치명적인 버그를 최소 1.5 버전부터 2.5 현재까지 고치지 않고 있음 이 게임은 보스에게 한 대만 맞아도 캐릭터가 죽어서 바로 재도전 해야되는데 어쩌라는 건지 모르겠음 버그 2. 동행 레조니움이 작동하지 않음 패링으로 인한 지원돌격이 발동하지 않는 일반적인 전투 상황에서도 여진 공격이 시전되지 않고 캐릭터가 교체됨 (정확한 타이밍에 키 입력한 것 맞음. 원래 캐릭터 교체가 이루어지지 않고 교대 예정인 캐릭터가 여진 공격을 시전해야 함.) 최적화 엉망인 주제에 툭하면 걸리는 서버렉(내 사양 문제였다면 이런 말 꺼내지도 않음, 애초에 폰이 아닌 고사양 pc로 함) 아무리 기존 개발팀과 분리된 별도의 신작이라도 호요버스는 호요버스가 맞다 가챠만 내고 인게임 환경은 악화시키거나 방치하는 게 1년 넘게 즐기면서 매주 버그로 인한 재도전만 10회 넘게 하니까 게임을 하면 오히려 스트레스만 받는다",1,18,2026-02-01T20:17:52+00:00,2.5.0
zzz,젠레스 존 제로,cb40f858-2f7c-4274-ac89-703d47c66dc3,게임 들어가지도 못하고 4번째 로딩화면에서 자꾸 튕김질하는데 몬 업데이트를 이리 그지같이했는지 모르겠네 여러분들 로딩시 튕기면 절대 겜 접속안되니 괜히 시도하지말고 겜 삭제하십시요,1,1,2026-01-31T16:44:27+00:00,2.5.0
zzz,젠레스 존 제로,07348bfc-5448-494a-82c5-e9cb5730df98,"스토리는 전부밀고 초창기 청의 때부터 시작한 유저입니다.우선 컨트롤만 있으면 아무리 똥캐여도 스토리 미는거 가능하고 재화도 공동돌고 스토리 밀면 픽뚫나도 널널하게 픽업캐 챙기는거 가능하고 굳이 전무 없어도 특별한거 아니면 A급 엔진 줘도 캐성능이 확실해서 즐기는데는 그닥 상관없어서 좋습니다.하지만 전무 있으면 좋은건 사실입니다.약간 용량도 크고 프레임 뚜둑 끊길때가 자주 있지만 뭐...자주하다보면 적응되서 그닥 상관 없습니다.그리고 지금까지 돈 한푼도 들인적 없는데 이번 빛나,다이아린 전부 명전하는것 보면 캐릭 올커랙 까지는 아니여도 적당히 잘 얻어갈 수 있습니다.물론 현질하면 편해지는것은 사실이고 재화수급도 빠르지만 대부분게임이 돈바르면 다 좋고 육성 빠릅니다.유입하시면 적응도 빠르고 아무리 신캐가 고점찍어도 온라인 대전처럼 승패에 미치는 영향이 있는것도 아니고 그냥 좋을대로 하는것이 최고입니다.게임은 재미있자고 하는것이니까요.가볍게 찍먹하는것도 나쁘지 않다고 생각합니다.",5,2,2026-01-31T15:49:16+00:00,
zzz,젠레스 존 제로,36243714-4564-41f8-acc8-a3a6d47f4760,재미 없음,2,0,2026-01-31T06:01:12+00:00,
zzz,젠레스 존 제로,25cf6843-9e0f-492f-8b9f-7a6ee3472707,최적화좀 해라 계속 튕긴다,1,2,2026-01-31T04:15:29+00:00,
zzz,젠레스 존 제로,ca2acdc5-873e-4473-b4f1-1565e8920094,접속도 안돼요 튕겨요^^ 겜을 어떻게 할까요,1,1,2026-01-30T13:31:19+00:00,2.5.0
zzz,젠레스 존 제로,077a6c78-ca23-4155-b9e4-f69a598f28c7,게임은 좋다! 앗....하지만 렉이.....,4,0,2026-01-30T08:26:58+00:00,
zzz,젠레스 존 제로,c9a5a104-5812-4a01-81d3-f1b61692c2ba,"캐릭터 디자인, 스토리 등 다 좋은데 폰 유저 게임 플레이 환경 개선이 필요할 것 같다. 다른 리뷰도 그렇듯 폰으로 하면 렉이 많이 걸린다. 콜레다 🐕🐦끼",3,0,2026-01-30T06:41:10+00:00,2.5.0
zzz,젠레스 존 제로,2a9aea99-724b-4de5-9f6a-c9c8ea009f5f,패드로 하는데 액션이 너무 재밌고 유저 편의성은 타 서브컬쳐모바일게임과 비교해서 최고인것 같습니다. 캐릭터들도 이쁘고 무엇보다 유저의 피드백을 잘 들어줘서 발전한다는 느낌이 들어서 앞으로가 더더욱 기대되는 게임입니다.,5,15,2026-01-29T21:59:47+00:00,2.5.0
zzz,젠레스 존 제로,41eb160a-bd1a-4318-a58e-eed6d381832c,노트20으로도 잘되는데... 게임 재미짐 개인적으로 전투는 진짜 젠존제만한게 없는듯,5,0,2026-01-29T13:07:17+00:00,2.5.0
zzz,젠레스 존 제로,427adfc3-9afb-49c8-9ad4-cc3785dc0659,"컴퓨터로 하면 타격감,모델링,스토리 무엇하나 부족한점이 없지만 모바일은 그냥 손난로로 딱임",4,0,2026-01-27T07:11:45+00:00,2.5.0
zzz,젠레스 존 제로,486fb864-e0c5-46ff-8a6d-77ddf3b23cfe,"재밌어요 물론 게임을 하다보면 제 폰이 폭발하려하지만 컴퓨터로 게임을 안하는 제 탓이겠죠 아무튼 게임은 재밌네요 특히 액션 , 캐릭터모션의 디테일이 활어회 처럼 싱싱합니다",5,0,2026-01-26T12:10:11+00:00,2.5.0
zzz,젠레스 존 제로,d4d48614-1559-46c3-be35-03dbdd151665,갤럭시 제트4 쓰고 있는데 게임을 재대로 한적이 없습니다. 뭐만하면 튕기고 전투중에 렉이 심하게 걸리다가 결국 튕기고 이건 게임을 하라는건지 말라는건지.. 캐릭터 디자인도 너무너무 제 취향이고 즐기고 싶은데 저장공간도 넉넉한데 뭐가 문제인지도 모르겠고 계속 튕기네요.,1,5,2026-01-26T10:54:45+00:00,2.5.0
zzz,젠레스 존 제로,9d3e1008-dfe2-4d3f-b746-64736c42d3b5,오픈부터 지금까지 잘 즐기고 있습니다..,5,0,2026-01-26T03:20:49+00:00,
zzz,젠레스 존 제로,a56e6634-afa1-4252-8614-d5c2e719b85e,재밌음,5,1,2026-01-25T16:41:28+00:00,
zzz,젠레스 존 제로,1f09d6b5-7ee1-4c71-9ea4-8fada7f8ac1c,플레이중인데 화면이 계속 멈춰요,1,0,2026-01-24T21:42:47+00:00,2.5.0
zzz,젠레스 존 제로,0b75d8d7-9e0b-4b5d-9491-14320f1340a2,이 게임의 모든 것이 구림...,1,1,2026-01-24T15:53:30+00:00,
zzz,젠레스 존 제로,95cb83df-8d48-46f2-9100-7007e698c3fc,할만합니다,5,0,2026-01-24T10:10:36+00:00,2.5.0
zzz,젠레스 존 제로,660a51b5-cfb7-40bd-83ef-714bfbe67a44,게임은 전부 재미있는데 2.5 업데이트 이후로 계속해서 75.45% 이상으론 실행중 화면에서 음원이 DJ루프 건거 마냥 지지직거리면서 튕기는 버그 같은게 있어서 게임을 하라는건지 말라는건지 한시라도 빨리 정상화 됬으면 합니다.,1,0,2026-01-24T01:10:04+00:00,2.5.0
zzz,젠레스 존 제로,7f788e93-3ee5-402d-80f6-08bb5865cdd5,귀여운 자오 나와서 설치해서 해봤는데 로딩이 끝나고 데이터가 잘 버티나 봤는데 용량이 30GB나 차지를 해서 50%였던 용량이 80%나 차서 놀랐습니다 그래서 결국 얻지도 못하고 전에 하던 생각나서 할려하니 튜토리얼로 인해 하지도 못했습니다 결국 삭제라는 최후에 결단 밖에 못 내렸습니다 ㅠㅠ,1,2,2026-01-22T14:36:32+00:00,
zzz,젠레스 존 제로,2e015dfa-b9a1-4925-b612-f685634a24a2,픽뚫 짜증나네 스토리도 도파민만 자극하고 가벼워,1,1,2026-01-22T05:20:26+00:00,
zzz,젠레스 존 제로,4ece9d3f-5e28-4b96-a253-65b04bae1f04,오늘 명방 나온 거 보고 젠레스가 얼마나 갓겜인지 실감하고 갑니다. 젠레스 너무 잘 만든 게임인듯. 카메라 무빙부터 쫀득한 액션까지 그냥 완벽합니다. 확률만 조금..올려주세요..,5,0,2026-01-22T05:19:42+00:00,2.5.0
zzz,젠레스 존 제로,90c3021f-dc8c-4131-900c-926459d9e038,나만그런건줄알았는데 똑같은증상겪는사람들이많네 이번버전업뎃이후로 로그인화면 75퍼쯤에서 자꾸팅김 대여섯번트라이해야겨우접하는듯 인겜최적화도 25fe기준 전에는 쿨러끼면하옵60으로할만했는데 지금은 30프렘최하로해도 스로틀링진짜너무심하다 배터리빼는것도역해서 못할정도,1,5,2026-01-22T03:57:08+00:00,2.5.0
zzz,젠레스 존 제로,44f05c5f-e9e6-4f7d-a2f1-d7eeec5a2dc0,요즘 로블 접고 이 젠레스 하는 중. 드디어 40렙 찍었음.(작성은 2.5때임) 빛나도 얻고 아주 만족스러움. 성우 미침. 모션 미침. 퀄도 미침. 미야비얻게해주세요...제발,5,0,2026-01-21T14:56:11+00:00,2.5.0
zzz,젠레스 존 제로,f331301e-bce4-4bba-9e53-9cfad3784de9,딴겜보다 천장 높고 확률 낮고 전무 픽뚫 있고... 명조 보고 좀 배워라,1,0,2026-01-20T10:38:46+00:00,2.5.0
zzz,젠레스 존 제로,758f0d11-1503-4072-967d-88ee60bf1daa,"전부 다 좋습니다. 하지만 모바일로 계속하다보니 발열이 너무 심하고, 계속 튕겨지고, 렉도 너무 심하게 걸려요...",4,0,2026-01-20T07:32:21+00:00,
zzz,젠레스 존 제로,78c2acc0-b25f-4048-bb43-e0db91ee09e4,현재 최저가가 문제라고 말이 많았는데 진짜 렉이 너무 심해서 중간에 게임이 멈춥니다 제발 최적화하거나 태블릿에 가능하게 해 줬으면 좋을 거 같습니다 왜 그렇게 최적화를 안 하는지 궁금합니다 답변해 줬으면 좋겠습니다,1,0,2026-01-20T03:01:52+00:00,2.5.0
zzz,젠레스 존 제로,800d533b-b725-4db9-bb61-164ee9aed4ee,굿,5,0,2026-01-19T20:34:29+00:00,2.5.0
zzz,젠레스 존 제로,d1f37df2-f2f6-4347-9c4d-334ff8e91f4b,갤럭시 23+ 사용 중인데 자꾸 로비화면에서 팅기네요 최적화가 이렇게 심각할줄은 몰랐네요..,1,0,2026-01-19T01:16:53+00:00,2.5.0
zzz,젠레스 존 제로,d0a95e67-ce7b-4244-ba6f-e67d1a1251d4,"최적화가 지금 제일 문제인것같습니다 전에는 재미있게 플레이했고 렉도 없었는데 와이페이 반도 업데이트 이후 렉이 너무 심하게 생기고 그냥 게임을 하기 어려워졌어요 저사양 기기에 맞춰서 설정을 다 낮추고 뭘 해봐도 렉걸리는건 똑같더라고요 이제는 업데이트 하려는데 99.92퍼센트가 나오면 갑자기 이상한 소리가 나오고 튕겨요 그래서 게임을 들어갈수도 없고요 제 폰 문제인걸수도 있지만 그렇다기엔 붕괴 스타레일 등 다른 많은 GB를 차지 하는 게임(붕괴 스타레일, 원신 등)을 할때도 이렇게 렉걸리거나 계속 끊기지않았는데 젠존제만 이래서 게임할때마다 짜증나요 전엔 그래도 렉걸리다가 멈추고 다시 돌아오기라도 했는데 지금은 어쩌다 계속 튕기네요 제 기기 용량이 꽉채워진것도 아니고 진짜 너무 심각하게 렉 걸리고 튕기는데 게임 캐릭터도 재밌고 전투도 재밌는데 많이 아쉬워요 이제는 이벤트, 전투 그냥 뭘 하려고 하면 바로 튕김ㅋㅋㅋㅋㅋ",2,23,2026-01-18T04:03:18+00:00,2.5.0
zzz,젠레스 존 제로,a2cf7e75-1be6-4ee3-92c5-1e3dbb47c709,갓겜 더는... 할 말 없다,5,0,2026-01-17T19:29:41+00:00,2.5.0
zzz,젠레스 존 제로,f6ad57f4-50dd-4e18-9ec0-05b89530e4f2,폰으로 하진 않는데 개재밌음,5,0,2026-01-17T10:13:36+00:00,2.5.0
zzz,젠레스 존 제로,265e543e-9a34-40a5-99a0-9e9685c9b2ed,에엑따 내가 이앱을 깐이유가 뭔줄 아나?바로 탈모단 조로 인해 엘렌조를 알게 되서 앱을 깔앗다 이말이야!4점 준 이유는 !게임에 엘렌조 대신 탈모단 조가 잇어서 그렇다 이말이야!!!,4,0,2026-01-17T09:13:50+00:00,
zzz,젠레스 존 제로,6410f142-e056-4225-a014-4f60184e5269,제가 좋아하는 젠존제라 좋게적긴하지만 모바일게임인데 너무 프레임도 낮고 뚝뚝 끊겨질때가많습니다 최적화가 확실히 필요합니다 젠존제보다 사양 높은게임할때도 그래픽낮추고 프레임은 높게할정도인데 정말 간단한 전투퀘스트나 일퀘정도만 가능할거같네요 피시로하면 멀쩡한데 모바일게임이 모바일로 하기어려우니 모순적입니다 그와별개로 매력적인캐릭터+현대의어반판타지+특유의 음악과감성 그리고 액션+캐릭서사와 나름 준수한메인스토리까지 다 좋아요 정말 애정하는게임인데 모바일로할때는 불편함이많나서 5점을 드리긴 그러네요 3점드리고 나중에 더 최적화되면 5점드리겠습니다.,3,1,2026-01-17T05:56:55+00:00,2.5.0
zzz,젠레스 존 제로,9adbc9c9-4309-41f7-924f-b75c0263b261,하 진짜 a25이거든요? 계속 튕기고요. 복귀할려고 데이터 로딩하는데 78정도에서 튕겨요. 뭔짓을 다 해봤는데 튕겨요 원신이나 할란다,1,0,2026-01-17T05:20:14+00:00,
zzz,젠레스 존 제로,b5bb8f9e-f46e-4112-89b9-3141faf4eb7a,다른 리뷰 보니까 로그인 화면에서 튕기는 문제가 저만 일어나는 게 아닌가 보네요 이 문제 때문에 게임을 하지 못하고 있는데 문제를 해결하지 않으실 거면은 차라리 롤백을 해서라도 최근에 구매한 패키지라도 환불해 주세요.,1,1,2026-01-16T18:49:34+00:00,2.5.0
zzz,젠레스 존 제로,2583ad05-7c26-405c-8b50-98f29b959550,다 좋은데 마을에서도 캐릭터 전용엔진 뽑았으면 전용엔진 이펙트 볼수있게 하면 좋겠어요. 비싸게 뽑았는데 전투에서 밖에 못보는데 그마저도 전투에 집중하느냐 잘 못보니까 너무 아쉬워요 +엽빛나 백발도 마을에서 보고싶어요,5,5,2026-01-16T14:08:35+00:00,2.5.0
zzz,젠레스 존 제로,62ba0544-3e33-436d-9e61-c206605e93eb,s 23+ 입니다 이번 업데이트 이후 실행이 아예 안되네요,1,0,2026-01-16T05:44:05+00:00,
zzz,젠레스 존 제로,35b385e1-4eb5-442a-9df9-14b40e32c739,엽빛나 패치 이후로 폰에서 무한으로 튕겨서 게임이 불가능합니다.,1,0,2026-01-15T21:11:50+00:00,
zzz,젠레스 존 제로,77caa36c-02b1-43e9-a80a-dfd6cec3d6e2,폰 성능 그렇게 좋은게 아니라면 아예 안하는게 좋은 게임입니다. 타이틀 화면에서 게임 들어갈려고만 해도 팅기거든요. 거의 캐릭터 뽑기하는 수준이죠. 심지어는 게임에 들어가서 멈춘뒤 움직이는 행동으로도 팅깁니다. 그렇게5분만에 팅겼죠. 그러니 모바일로 할생각은 1%도 하지마시길 바랍니다.,1,1,2026-01-15T13:58:03+00:00,2.5.0
zzz,젠레스 존 제로,8f270a27-83f6-47fb-982d-4093fdac8a9c,겁나 튕기네 진짜 뭔 게임을 못 하겠음,1,0,2026-01-15T13:48:15+00:00,
zzz,젠레스 존 제로,5fdf182a-952b-405c-8776-dd5700903061,게임은 완벽하지만 모바일이 아쉽다,5,0,2026-01-15T05:34:41+00:00,
zzz,젠레스 존 제로,0d2d907b-1388-41c4-8752-3baa77aea605,"S24 울트라 사용자인데, 정식 출시 때 유입해서 1.5 때 복귀하고 2.5에서 다시 복귀함. 풀옵션에 100gb 정도 여유 용량 두고, 게임 진행 중. 이전까지는 플레이 중 발열이 심했어도 프레임 드랍은 없었는데, 지금은 프레임 드랍까지 생김. 뚜둑 끊기는데 거의 30 fps까지 떨어지는 듯 함. 폴리크롬 이벤트로 뿌리는 건 좋으나 이건 일시적인 방안이고 결국 수급은 동나게 되어있는데, 매번 캐릭터 고점은 갱신하고 거기에 변조 픽뚫, 이번에 진행하는 독점 재개봉은 기존 독점 변조 천장에서 승계도 안 되다보니 결국 지르라고 압박하는구나 싶음. 그렇다고 해서 과금 효율이 좋은 것도 아님. 오히려 패키지가 깡트럭 초회(일정 주기로 초회로 초기화되는 듯함)보다 효율이 구리고, 2만원으로 가챠 10번 돌릴 수 있으니 비용도 꽤 비쌈. 최근 점점 명함 전무로 버티기 힘들 수준의 컨텐츠들이 나오는데 돌파까지 고려하면 진짜 지갑 거덜남..",1,47,2026-01-15T01:18:53+00:00,2.5.0
zzz,젠레스 존 제로,8f181d57-3cba-48b2-8220-aea115ef9430,핸드폰 최적화좀 시켜주세요 ㅜㅜ 요즘따라 가끔 튕기더니 지금은 게임 들어갈때마다 튕깁니다 ㅜㅜ,4,0,2026-01-14T14:00:28+00:00,
zzz,젠레스 존 제로,daab7fb4-44b7-4989-8131-97a3c5991bd5,튕기는 버그 고쳐라,1,8,2026-01-14T13:52:50+00:00,2.5.0
zzz,젠레스 존 제로,8d3a79d6-e835-4598-9d6e-44c89774ebe8,"S23+ 유저입니다! 유튜브랑 같이 틀어놓으면 유튜브가 꺼지거나 둘다 오작동해서 같이 꺼지는 현상이 번번합니다; 게임할때 노래 들으면서 하는 편인지라ㅠㅠ 많이 불편하긴 합니다.... 또 기기가 쉽게 발열되며 베터리 소모가 10분에 5% 정도..체감이..좀 많이 큽니다만.. 스토리, 플레이, 이벤트등등 챙겨주시는 것들은 많으니 나름 만족하며 플레이 하고있습니다. 하루마사 복각 존버 타~~~~!!!",4,2,2026-01-14T12:17:04+00:00,2.5.0
zzz,젠레스 존 제로,f0ebc7d2-3963-43ea-903a-3527d41705a8,이거 나만 그러는건지 몰라도 게임 도중에 화면이 멈추면 다 안되고 핸드폰 전원 버튼 눌러도 화면이 몇초간 안꺼지더니 핸드폰이 완전히 꺼진 것처럼 되다가 나갔다 들어오고 싶은데 UI가 응답하지 않는다고 자체가 먹통되고 어제 오늘만 5번째 화면이 멈춰서 재료 수급하고 싶은데 원할하게 못하고 있음,3,3,2026-01-14T06:05:27+00:00,2.5.0
zzz,젠레스 존 제로,12f017d7-45ab-4788-aa2b-ce4b75a16dde,폰으로 하고있는데 이번에 업데이트 이후로 로딩도 안돼고 튕겨서 아예 게임을 들어가질 못함,1,0,2026-01-13T23:58:06+00:00,
zzz,젠레스 존 제로,18ac4f7c-ce26-4cd8-8809-a3f97dbc3344,2.5 이후에 계속 로딩중에 팅겨요..,4,0,2026-01-13T22:21:13+00:00,2.5.0
zzz,젠레스 존 제로,c6217356-0622-46ad-ae13-2c4e6423996f,저번에 까직 이용한유저인데 로딩 끝나고 100% 까직 로딩을 끝난뒤 자동으로 게임이 종료됩니다. 아래 게시판에서 비슷한현상인데 최고의 게임상향을 해준다는데 이런식으로 게임 팅기는 현싱은 안잡아주나요?,1,1,2026-01-13T21:17:34+00:00,
zzz,젠레스 존 제로,32de83a7-bb6c-4438-80d2-97db2fa96677,픽뚫도 적당히 해야지 4연속은 선넘네요 진짜 픽업뽑다가 상시s급 캐릭무기 다른거 나올때 스택이 초기화되는거도 이해안가고 걍 돈에 미친게임회사 과금할돈아껴서 맛있는거사먹고 여행이나 가세요 ㄹㅇ 돈낭비;; 지른만큼의 게임성이 좋다고 생각도안드네요,1,5,2026-01-13T07:39:36+00:00,
zzz,젠레스 존 제로,a0bc5c86-e4c1-46f6-ac0e-950f095b2bd2,넘 재밌다,5,0,2026-01-12T11:49:40+00:00,2.5.0
zzz,젠레스 존 제로,0a84b64a-0284-435c-a1f6-f59ac404d085,로그인 하는데 자꾸 튕겨요,3,0,2026-01-12T11:29:52+00:00,
zzz,젠레스 존 제로,50dcb1da-f447-4e7f-ad84-88a4f1113a41,데이터 쓰면 접속이 안됨,2,0,2026-01-12T02:32:16+00:00,2.5.0
zzz,젠레스 존 제로,8334238e-67e7-4e74-b122-c737199d6b2b,뽑기만 빼면 완벽한 완성체;; 게스트 로그인도 만들어주세요,5,0,2026-01-12T01:19:00+00:00,2.5.0
zzz,젠레스 존 제로,f407e759-778c-42e5-83a0-e8a5c83c5777,GOAT,5,0,2026-01-11T17:14:09+00:00,2.5.0
zzz,젠레스 존 제로,15f8d1af-f9a6-48d2-9707-97baba33af44,주인공 성별 고려하지않는 컷씬 및 더빙유기같은 찐빠가 많음 정상은 아님,1,2,2026-01-11T10:15:21+00:00,
zzz,젠레스 존 제로,d3c4001d-436a-42f0-9017-cc7a8953906d,렉 엄청 걸리고 튕기고 장난아님. 캐릭 보고 계속 했는데 확율도 엄청나게 낮고 픽뚫 더럽게 많이 나서 접음. 자기 운 나쁘다고 생각하는 사람들은 하다가 빡도니까 하지마셈.,1,0,2026-01-10T18:33:02+00:00,2.5.0
zzz,젠레스 존 제로,e2a666a3-24ca-4af2-82ff-2d8fd58a35ef,모바일게임 인데 모바일로 안돌아감. 로딩하다 튕기고 게임하다 튕기고 허구헌날 맨날 틩겨,3,0,2026-01-10T18:18:11+00:00,
zzz,젠레스 존 제로,bbda9753-f57d-47ae-8436-d307be83b7c7,공허사냥꾼 둘다 겟! ㅋㅋㅋㅋ 미야비랑 빛나 못얻은 호구 어딧노 참고로 나 즐겜러 현질ㄴㄴ,5,0,2026-01-10T07:07:39+00:00,2.5.0
zzz,젠레스 존 제로,5cfaed2e-ba6d-496c-8939-b5d29d8f3692,걍 재미있음 캐릭터 귀엽고 이쁨 다른 게임에 비해 손컨트룰만 잘하면 캐릭터 인플레 별로 안 꼬움 평범하게 즐기기 좋은 게임,5,1,2026-01-10T07:06:09+00:00,1.7.0
zzz,젠레스 존 제로,c542c24a-a711-4210-b8ab-613b5ad92e40,모바일의 존재 의의는 걍 출첵이랑 현질 편하게 하는 거고 이 겜은 걍 pc로 돌리십쇼,3,2,2026-01-10T05:59:53+00:00,2.5.0
zzz,젠레스 존 제로,49a43b0a-7843-4699-bbd3-00df996bd831,스토리가 재밌고 무엇보다 자오 이밴트 개꿀이네요,5,0,2026-01-10T04:49:21+00:00,2.5.0
zzz,젠레스 존 제로,1c7f0934-7169-45e2-a727-88686542ca4b,"갤럭시 S25+ 쓰는데 최적화나 발열 같은 거 못잡으면 3, 4버전 갔을 때 모바일로는 불가능할 듯...아직 2버전이라 잘 돌아가긴 합니다.",3,0,2026-01-10T02:41:41+00:00,2.5.0
zzz,젠레스 존 제로,dd40866d-46f3-470a-b8b0-0b63b028e82c,S25 울트라 유전데 오픈때부터 잘하고있습니다. 감사합니다. 이블린 이 제 취향이에요,5,0,2026-01-10T01:47:54+00:00,2.5.0
zzz,젠레스 존 제로,eddc759f-5dc1-4034-9924-e77cd62db8a8,이러다가 100GB 필요한 유일무이한 모바일 게임 될거같네요 ㅋㅋ 제가 알기론 컴 게임도 100GB 되는거 없는거로 아는데 세계유일 미친 용량을 자랑하는 1위 게임될듯,1,1,2026-01-09T22:04:51+00:00,2.5.0
zzz,젠레스 존 제로,555fe191-0be8-4e79-8665-2c6fb3bef1d7,"솔직히 말하면 진짜 명작임. 스토리 컨셉 세계관 나쁘지 않고, 게임 손맛이 찰짐. 호요식 과금과 픽뚫은 진심 개빡치긴함 그럼에도 서버비 낸다는 관점으로 나쁘지 않다고 생각 결정적으로 자동사냥과 짱겜식 과금이 없어서 진짜 게임을 하고 있다는 느낌이 들어서 좋음.",5,7,2026-01-09T15:49:41+00:00,2.5.0
zzz,젠레스 존 제로,29f1c859-7834-42e1-a7e0-43c0a1ff311e,최적화좀 잡아요 제발 Y703테블릿에서 30프레임으로 하는데도 잡렉이 보이면 어쩌자는 거임,1,1,2026-01-09T11:48:49+00:00,2.5.0
zzz,젠레스 존 제로,cc7de805-22d0-4508-ac95-b3e78a016821,신규 캐릭터를 무료로 준다고 하길래 한번 깔아봤는데 게임플레이는 타격감있고 재밌게 했었습니다. 그런데 다음날 일어나서 로그인 할려고 했더니 계속 튕기더라고요. 모바일로 하려고 하니 안되서 아쉬웠습니다. 그래도 재미는 있었네요.,4,0,2026-01-09T11:37:34+00:00,
zzz,젠레스 존 제로,b35e7841-0aa5-4fc0-af12-75711b34e460,뽑기는 할때마다 10회 이하일때 주면서 게임이 유저를 조롱하는 것처럼 느껴지고 최적화는 신경도 안쓰고 대체 왜 이게임을 하는지 모겠는 망갬,1,1,2026-01-09T08:37:50+00:00,
zzz,젠레스 존 제로,f023618c-fdc7-4738-9ef0-76ad57076efa,겜이 안되는데 어떻게해야 되는건가요?,1,0,2026-01-09T08:33:33+00:00,
zzz,젠레스 존 제로,2024c446-f6b6-43c5-ab70-9ff69d751086,이걸 폰으로 플레이 해놓고 평점을 깎네 천하의 모자란 놈들 참...아무튼 빛나 최고,5,2,2026-01-09T04:49:07+00:00,2.5.0
zzz,젠레스 존 제로,91e318e8-1474-4e46-9ddc-b920d6ea6074,계속 게임이 안된다면서 평점 깎아먹는데 갤럭시 24+가 문제 아님? 최적화 탓을하네 걍 무시하셈요,1,0,2026-01-09T04:11:43+00:00,2.2.0
zzz,젠레스 존 제로,eca4e06e-7bd3-41b2-b498-132a93bb1e8a,실행하려하면 계속 로딩 70%대에서 멈추더니 튕깁니다.,3,0,2026-01-09T03:38:27+00:00,2.5.0
zzz,젠레스 존 제로,809ce5ce-cd78-4c54-b86f-0a8b58d95538,로그인을 했는데 게임시작이 안돼요ㅠ,3,0,2026-01-09T02:30:25+00:00,
zzz,젠레스 존 제로,0bb7108c-2795-43c1-ab33-0de34b50ca66,내 인생에서 이렇게 오랫동안 해본 서브컬처 게임은 처음임 (엽빛나가 픽뚫이 안난것에 감사함ㅇㅇ 물론 엔진도 픽뚫이 안나긴 했음ㅇㅇ),5,1,2026-01-08T18:24:51+00:00,2.5.0
zzz,젠레스 존 제로,17224b01-1abe-4964-8e28-46bd6fda5363,"업데이트 후, 데이터로딩 엄청 느려짐... 자주 튕김, 렉 좀 더 걸리는 건 이해하겠는데... 게임을 실행할 수가 없는데 어찌하면 좋을지....",3,1,2026-01-08T07:40:00+00:00,2.5.0
zzz,젠레스 존 제로,11b70f67-9f45-4cd5-9816-41f71438dcf1,유즈하×앨리스 쭉~미시면 됩니다^^,5,1,2026-01-08T04:37:25+00:00,
zzz,젠레스 존 제로,803aab9d-466f-4c67-bc5d-9cb66d30ec9e,계속 게임에 접속할때마다 시스템 ui가 끊기는데 이게 뭘까요? 다른 분들 보니까 핸드폰 유저 대부분이 그런거 같은데..,1,1,2026-01-08T04:27:09+00:00,2.5.0
zzz,젠레스 존 제로,61e6bb46-1fb8-4f2c-8b5e-aacdbf413256,미친 퍼리겜,5,2,2026-01-08T00:33:07+00:00,2.5.0
zzz,젠레스 존 제로,adde352b-747b-422c-afd1-f21192fc2e34,이번 업데이트로 복귀를 하려고 했는데 접속해서 처음에 데이터하고 업데이트 확인하고 뭐 이런저런거는 다 됐는데 마상 플레이 하려고 데이터를 다운받으니 처음에는 순조롭게 잘 진행되었는데 계속 시도해도 74~75정도에서 계속 튕겨서 너무 속상하네요....이번 업데이트 보상을 못받을까봐 더 조바심나는것 같네요.....ㅠㅠ 하루빨리 고쳐졌으면 좋겠다만....젠존제 만드시는 분들도 힘드실거라 생각합니다.....무리하시지는 마시고 건강하시면서 최대한 빨리 수정해주시면 정말 감사드리겠습니다. 그리고 무리한 부탁인건 알지만....혹시 가능하시다면 이번 이벤트 날짜를 수정후 조금더 늘려주실수 있을까요? 렉때문에 보상을 포기하자니 너무 아쉬워서....일단 건강하시길 바라고 새해복 많이 받으세요~!,1,16,2026-01-07T08:56:38+00:00,2.5.0
zzz,젠레스 존 제로,b98c8326-c0c6-439a-8793-7af71d2220d0,자꾸 네트워크 오류가 뜨고 갑자기 화면이 나가줘요,4,1,2026-01-07T08:17:59+00:00,2.5.0
zzz,젠레스 존 제로,4ad47b57-dc4a-42e8-ad9c-2ae312b07d9c,기기최적화 정보는 공식홈에 없다 담당자 확인안하지? 최적화 안하지 호요버스?,1,10,2026-01-07T03:35:13+00:00,2.5.0
zzz,젠레스 존 제로,b1fea1d0-c1ba-4dfd-895c-1516c404ee0b,단연코 서브컬처계 최강의 액션 게임.,5,0,2026-01-06T17:27:03+00:00,2.5.0
zzz,젠레스 존 제로,e54efd50-5f14-4cee-8fe4-6b91798f0d9c,말이 필요없는 갓겜👍,5,0,2026-01-06T16:40:54+00:00,2.5.0
zzz,젠레스 존 제로,98c6a910-60e8-40b4-abdd-607dfb8c6b83,이거 폰으로 하는 새끼들은 뭐냐ㅋㅋㅋㅋ 니네 그거 아무리 좋은 폰으로 해도 끊긴다 모자란 새끼들아ㅋㅋㅋ,5,0,2026-01-06T16:09:53+00:00,
zzz,젠레스 존 제로,7c033d67-fda0-484d-bcc9-db949cf15b27,최적화좀 해주셈,2,3,2026-01-06T13:53:53+00:00,2.5.0
zzz,젠레스 존 제로,129aee02-c62e-4176-869a-5089411b6382,갓겜(전무 주세요),5,0,2026-01-06T13:17:15+00:00,2.5.0
zzz,젠레스 존 제로,5f46d69c-a4cb-4ccd-828e-5fd6bab73d2f,제미가 없닼ㅋㅋㅋㅋㅋ,1,2,2026-01-06T09:37:02+00:00,2.4.0
zzz,젠레스 존 제로,1b8c9696-6e31-4b61-b65d-ba1abf811f66,픽뚫때문에 짜증나서 못 하겠습니다 신규유저라 엽빛나 뽑으려고 다운 받고 2.5버전 예약했는데 무과금은 재화 얻기 힘들고 겨우 100뽑인가 90뽑해서 s등급 확정나왔는데 픽뚫나오자마자 게임 꺼버렸습니다,1,3,2026-01-06T06:03:21+00:00,2.5.0
zzz,젠레스 존 제로,5b749344-8af3-483c-b27f-bf62d20a0067,모바일로 플레이할 때 배터리 닳는 속도가 너무 빨라서 불편합니다. 고사양 게임인 건 알겠지만 그래도 좀 심하네요.,2,0,2026-01-06T05:48:05+00:00,2.5.0
zzz,젠레스 존 제로,fe5288da-661d-4e7d-a671-4cd7a10a8ad2,진짜 재미는 있는데 제발 최적화좀,4,1,2026-01-06T02:18:02+00:00,2.5.0
zzz,젠레스 존 제로,d97200b6-44c7-4698-b479-94803cb83750,"최적화는 진짜 쓰레기같고 컴이든 휴대폰이든 렉은 심하고 뉴비에 대한 배려가 하나도 없는 스토리 전개는 대체 뭔가 싶더라 이번에 자오를 보고 시작했는데 최신 이벤트는 최신 스토리를 따라가서 아무것도 모르는데 자기들끼리 사형이니, 사매니 하는데 무슨 소리인지 하나도 모르겠고 한정 이벤트 보상을 먹으려면 스토리 하나도 모르는 억지 이벤트를 해야하니까 어이가 없더라 스토리는 뒤죽박죽 엉망진창에 뉴비를 배려한 모습이 하나도 없어서 짜증난다 엽빛나가 왜 매력적인 캐릭터인가? 하나도 모르는데",1,3,2026-01-05T17:12:06+00:00,
zzz,젠레스 존 제로,279b035d-8215-4b63-b15f-055113d98e6c,"게임성 하나로 보면 정말 재밌습니다. 전투는 말할 것도 없이 재밌고 타격감 넘칩니다. 스토리와 세계관도 개인적인 취향에 맞았고, 무엇보다 캐릭터의 설정과 디자인, 모델링 이 모든 것들이 삼위일체를 이뤄 그 어느 게임보다 독특하고 매력적인 캐릭터를 만듭니다. 애니메이션 또한 쫀득하며 부드러워 보는 내내 눈 호강을 제대로 합니다. 운영 또한 잘하는 편이라고 생각합니다. 예전에 출시해 성능이 떨어지는 캐릭터의 주기적인 버프와 지루하지도 않고 쉬운데 보상도 많은 이벤트 같은 점이 좋습니다. 정말 강추하는 게임입니다. 하지만 조금 단점이 있긴 합니다. 핸드폰에서는 조금 느리다는 것입니다. 고사양 게임이다 보니 어쩔 수 없지만 조금 아쉽습니다. 그 외에는.. 더빙누락, 기기 발열, 고가의 BM 등등 이 있지만, 소통하며 고쳐나가는 젠존제가 되길 바랍니다... 아무튼 젠레스 존 제로, 항상 잘 즐기고 있습니다!",5,62,2026-01-05T17:05:10+00:00,2.5.0
zzz,젠레스 존 제로,51fa0cbf-0f14-4158-874f-8570f482759a,도데체 게임에 뭔 짓을 하면 접속을 하기도 전에 튕기는 거지?,3,33,2026-01-05T15:54:07+00:00,2.5.0
zzz,젠레스 존 제로,71187b3c-cc83-4c75-a641-e8a173f12e21,게임은 퀄리티 좋고 재밌습니다 근데 모바일로 할때 다운로드중이나 게임 중간에서 게임이 멈추면서 계속 튕겨서 게임진행이 어렵습니다 이 문제 빨리 해결해주시면 감사하겠습니다,4,1,2026-01-05T13:41:11+00:00,2.5.0
zzz,젠레스 존 제로,804f66b9-c665-41b2-aec5-fa062142cbe4,"게임은 정말 좋은 게임이라고 생각합니다. 출시 초반 젠존제 평가를 보면 굉장히 안 좋았었습니다. 그러나 유저들의 의견을 반영한 업데이트들, 퀄리티 좋은 캐릭터들, 컷인들도 몰입이 잘 되는 퀄리티들로 나와서 재미있었습니다. 근데 이건 구글 스토어잖아요? 모바일 기준으로는 렉이 너무 심합니다. 제 휴대폰이 오래된 기종이라 저는 그럴 수 있다 생각했는데 여러 유저분들 리뷰와 친구들 이야기를 들으니까 고사양 기종에서도 렉이 걸린다고 하더군요. 퀄리티를 챙기는 것도 중요하지만 최적화도 신경 써주시면 감사드리겠습니다. 제 폰으로는 못하지만 PC로 항상 재밌게 즐기고 있습니다.",4,0,2026-01-05T12:28:28+00:00,2.0.0
zzz,젠레스 존 제로,7aed6f78-34da-429d-bbb7-342856c17c5b,젠존제 제로 공동돌 때 수상한 균열?에 말 걸면 제로 실적 225pt주는데 말을 걸어도 제로 실적이 지급되지 않는 버그가 있습니다. 제가 특파 조사 전선 소탕 둘 다 플레이하고 균열에 말을 걸어보았음에도 불구하고 계속해서 지급되지 않았습니다. 빠른 해결 부탁드립니다.,5,0,2026-01-05T07:01:44+00:00,2.5.0
zzz,젠레스 존 제로,faf35b13-48fd-439e-ab15-2588a2f07946,갓겜임,5,1,2026-01-05T04:01:51+00:00,2.5.0
zzz,젠레스 존 제로,6eb026ea-f7dd-42d8-ad3c-dcd5a7fda245,매우높은 확률로 픽뚫나는 쓰레기게임,1,2,2026-01-05T03:42:11+00:00,2.5.0
zzz,젠레스 존 제로,34df80e0-f4a2-4b6b-9886-0a7a9c225482,최적화좀 해라 Y703 인데 오픈월드 잡렉 심해,5,0,2026-01-05T01:33:28+00:00,2.5.0
zzz,젠레스 존 제로,2adcc821-7b52-43b5-825f-b11aab1cc083,예전 엘리스나오기전부터한 유저이긴하지만 그때는 잠깐 렉걸리는정도라 얌전히겜하고있었는데 2.5되면서 데이터로딩75퍼에서 튕기는것이 반복적이라 뽑은 염빛나와 얻은자오조차 못쓰고있습니다 튕기는버그 고쳐주시면 감사하겠습니다,1,4,2026-01-04T22:49:19+00:00,
zzz,젠레스 존 제로,fc048e8d-6c5a-4714-a456-ed799802c22f,게임 로그인 하는데 자꾸 튕깁니다,2,3,2026-01-04T22:40:57+00:00,
zzz,젠레스 존 제로,d03a8793-adf1-492d-aba0-67e8ef21089d,갓겜,5,2,2026-01-04T13:52:04+00:00,2.5.0
zzz,젠레스 존 제로,595474d9-b4ca-4d66-b20e-315d173432f1,젠존제 즐기는 젠붕이 입니다. 이번에 2.5버전 나오면서 시사회 답례로 과금하면 티켓을 주는데요. 그걸로 원하는 캐릭터도 얻을 수 있습니다. 단점이 20만원이나 하는거고요;; 저같이 알바 못하는 학생들은 어쩌라는 건지;; 심지어 과금을 할 수 있더라도 너무 부담됩니다;; 즐기려고 하는 겜인데 이건 좀.....;;,3,1,2026-01-04T11:49:52+00:00,
zzz,젠레스 존 제로,71f5f248-ea66-4803-8a51-94ce2ca3aa40,모바일로 하면 싸우는 중에 튕기고 들어가는 중에 틩기고 합니다. 4번 정도 시도해야 게임 플레이가 가능하네요.,1,1,2026-01-04T11:32:07+00:00,2.5.0
zzz,젠레스 존 제로,ea60c964-6798-4bd1-a4a6-7f375e9e7f84,갤럭시점프2입니다 간만에 들어갈려고했는데 몇번튕기더라고요...;; (접속하면 무료S급캐릭이라길래),3,2,2026-01-04T10:55:25+00:00,2.5.0
zzz,젠레스 존 제로,04b5f09b-56a0-49ea-b3fe-3f99ed382af2,2.5 업데이트 이후 게임에 안들어가짐. 20번 넘게 로그인을 시도해도 로그인 화면에서 75% 쯤 되면 게임이 튕김. 로그인 시도 만으로도 휴대폰 발열이 심함. 게임에 들어가 져도 전투나 멥 탐험 등을 하면 심하게 렉이 거림. 설정에서 그래픽에 있는 모든 것을 낮음으로 설정해도 똑같이 렉이 심하고 자주 튕김.ㅜㅜ 빛나 뜨고 이벤트 등 때문에 게임에 들어갈려고 계속 시도 중... 모바일로 플레이 가능한 게임을 좀 만들어라 명조도 게임에 들어가서 조금만 움직여도 튕겨서 접었는데 이것도 그만 삭제할까 고민중... 스토리 밀다가도 렉이랑 튕김 때문에 게임을 못하겠음. ㅜㅜ 결국 12시부터 새벽 5시까지 로그인 시도해도 계속 튕겨서 삭제함,1,3,2026-01-04T02:37:42+00:00,2.0.0
zzz,젠레스 존 제로,ef0b3c18-e350-460e-8962-7a69174994a2,최적화좀..,1,2,2026-01-04T01:58:23+00:00,2.5.0
zzz,젠레스 존 제로,7349a903-b95c-4713-bbbb-9383d54685ea,폰기종은 S24입니다. 계속 게임에 들어가도 계속 튕겨서 게임을 못하는 상황 인데 제발 고쳐 주세요,1,2,2026-01-04T01:29:56+00:00,2.5.0
zzz,젠레스 존 제로,9c4637d7-f8d9-4959-8dba-296277c98117,S24FE 로 바꾸고 난뒤로 겜하다가 중간 팅기고 이후로 접속하료하묜 겜자체가 안들어가지구 팅깁니다...ㅠㅠ,5,1,2026-01-03T23:39:34+00:00,
zzz,젠레스 존 제로,1e0b73c2-c3ed-4218-b8da-709ed7c04efd,아니무슨 25년12월30일까지는 잘하다가 26년1윌1일부터 로딩에서 75퍼돼면 멈추면서 튕기는데 이거 뮌가요?,1,1,2026-01-03T20:01:08+00:00,2.5.0
zzz,젠레스 존 제로,c716ae69-92ea-4434-816a-a126a1a46978,핸드폰으로 하려고하면 계속 튕겨요,1,1,2026-01-03T16:28:36+00:00,2.5.0
zzz,젠레스 존 제로,13c8cbeb-9cee-4b74-b708-47785bf995d0,이번업데이트후에 렉이 너무심해져서 게임진행이 전혀 안됩니다,1,1,2026-01-03T15:35:03+00:00,2.5.0
zzz,젠레스 존 제로,a8d9b1ec-a83d-4946-bc35-ebb780fcc52e,재미있었음 다만 숙제가 가면갈수록 하기힘듬 시간도없는데 스킵도 없어서. 더욱더..,3,3,2026-01-03T13:50:26+00:00,2.5.0
zzz,젠레스 존 제로,2527aeca-f364-4b2d-827d-23b7eb5b6b93,복귀했는데 엽빛나 명전을 20뽑에 줬네요... 이건 영원히 가야하는 게임이지...,5,2,2026-01-03T11:03:29+00:00,
zzz,젠레스 존 제로,903bf15e-fef6-4dc4-82aa-bfe4278d19cc,"피씨 아니면 하지도 못하는 게임, 모바일 최적화 너무 쓰레기",1,2,2026-01-03T08:57:08+00:00,
zzz,젠레스 존 제로,873fca29-fd4a-406d-ac24-10f3d993c86e,구글 계정 으로 로그인이 안되네요. 근데 이게 몇 달이 되어 가는데 고치지도 않고 있네요. 게임이 많아서 관리가 안되나요? 아니면 발로 일하시나요?,1,5,2026-01-03T08:19:37+00:00,
zzz,젠레스 존 제로,fb8c3ad0-2922-4e83-8cf8-d4e917d8a114,"다운로드도 오래 걸리고 로그인을 4~5번해도 계속 튕기네요. 앱 용량을 봤더니 32.66GB로 표시되어 있네요. 최근에 나온 신캐가 귀엽다고 해서 깔아봤는데 게임을 하지 말라는건지 계속 튕기니까 하지 마세요. 제작진의 답변 후 문의입니다. 처음 로그인 화면에서 모든 그래픽을 낮음과 절전모드로 설정을 했는데도 불구하고 튕겼으며, 홈페이지 어디에 최적화 관련 정보가 있단겁니까. 혹시 몰라 말하지만 제 폰 용량이 부족하진 않더군요.컴으로 하기에는 제가 상황 안됩니다. 모바일 앱 스토어에 올렸으면 모바일로 할수있게 최적화좀 제대로 해주십쇼.",1,79,2026-01-03T07:40:13+00:00,2.5.0
zzz,젠레스 존 제로,8915034b-b95f-4b5c-9b7d-331bf9f05bcc,50만원쓰고 게임을 못하는데 이게맞냐,1,1,2026-01-03T05:29:11+00:00,2.5.0
zzz,젠레스 존 제로,88cfcfd4-114c-42bd-99e3-f65a56c29c5a,어우 자꾸 튕긴다,3,1,2026-01-03T02:36:41+00:00,2.5.0
zzz,젠레스 존 제로,50a13218-a748-4926-8e34-f53deb8005ef,원래는구글플래이에 젠레스존제로 치고 들어가면 이벤트 및 해택 새로 나온 캐릭터 떴었는데 그것 좀 복구해 주세요 그거 좋은기능이였는데... 게임은 완전 재밌습니다,5,0,2026-01-03T01:48:28+00:00,
zzz,젠레스 존 제로,d1179e1c-aff7-4c5a-97e1-c5adec29ef8f,이 폰으로 처음 깔았는데 75퍼에서 로딩안되고 튕기는건 진짜 심각하다고 생각함.,1,1,2026-01-02T23:03:11+00:00,2.5.0
zzz,젠레스 존 제로,b7161499-f12b-4930-be30-7551c91aef22,pc로해 ㅋ,5,2,2026-01-02T16:52:04+00:00,
zzz,젠레스 존 제로,b78a128e-4104-41b5-9a3f-c98c1dba2fc6,재밌긴합니다만 모바일최적화 부분은 부족한듯 합니다. 제폰은 로딩화면에서 튕기진 않지만 전투도중 튕기는 경우가 꽤 있습니다.또 렉도 잦습니다.,3,2,2026-01-02T14:03:43+00:00,2.5.0
zzz,젠레스 존 제로,ef16a8ce-542b-4ae0-920f-ffa1891a488c,2.5 이후 계속 노력해보려 하는데 75% 즈음에 계속 나가서 제대로 즐기지 못하고 있습니다. 빠른 시일 내에 고쳐주셨으면 합니다.,1,3,2026-01-02T13:33:10+00:00,2.5.0
zzz,젠레스 존 제로,b5681636-0901-4387-bae1-4ca071b32b2e,게임은 재미있지만 그래도 꽤 버티나 했지만 버그가 걸리면서 튕기네요,3,2,2026-01-02T11:56:12+00:00,2.5.0
zzz,젠레스 존 제로,0dbaea56-ed9a-46b9-8d5c-adc39501ce37,s24플러스 사용자인데요 최하 옵션으로 해도 렉이 너무 걸려요 최적화 가 안된것 같아요 ㅠ,3,1,2026-01-02T11:20:31+00:00,2.5.0
zzz,젠레스 존 제로,ccbf9f03-4718-4458-8a2e-dfe05fc871e7,이번 업뎃 후 75% 로딩하고 무조건 튕김. 최적화 진짜 쓰레기임,1,2,2026-01-02T09:53:03+00:00,
zzz,젠레스 존 제로,27271c3f-886c-4601-ae3b-049135aa1c3c,이번 업데이트 이후로 게임 로딩이 안되네요... 99.92퍼에서 자꾸 튕겨서 게임을 플레이할수가 없습니다... 갤럭시 s24+인데 그렇게 옛날 기종도 아닌데 게임에 접속조차 안되는게 말이되나요?,4,1,2026-01-02T08:50:01+00:00,2.5.0
zzz,젠레스 존 제로,462db375-50ec-4653-9e8c-f7080749d9ec,"데이터로딩 75퍼에서 튕김 튜토리얼도 못해봄,그래서 이게 뭐하는 게임이에요?",1,2,2026-01-02T08:08:51+00:00,
zzz,젠레스 존 제로,65e89104-449a-4f26-b475-66122ef26873,ㄱㅊ,5,0,2026-01-02T06:05:14+00:00,
zzz,젠레스 존 제로,eb20c0f3-a1fc-4b59-9db1-b8400c9fc7e4,아 모바일욀케팅김?게임현질까지다하고 즐길라고하는데 짜증나게 계속 70퍼에서 팅깁니다 제발 개선좀요 좀 제발 젠존제 폰으로즐기게 제발 빨리개선좀요 참고로 갤럭시24임,1,1,2026-01-02T05:50:49+00:00,2.5.0
zzz,젠레스 존 제로,70b20ba4-9842-4d4f-8060-9aa67a17f91a,최적화좀해라,1,1,2026-01-02T05:20:27+00:00,2.5.0
zzz,젠레스 존 제로,7b3126df-7005-4aa5-9a58-e6052cb7d77e,게임을 계속하고 싶은데 게임이계속 툉겨요 한74.99에서 계속 툉겨요 게임을 하고 싶은데...ㅠㅠㅠ,2,1,2026-01-02T03:23:54+00:00,
zzz,젠레스 존 제로,2f5aba46-bd0d-4d27-9d25-c6cf2430e4fb,호요게임 다시는 안한다 어휴 과금 효율 진심 가챠겜중 가장 노답 퀄은 떨어지면서 BM은 개차반인 중국 수준..,1,1,2026-01-01T17:24:31+00:00,
zzz,젠레스 존 제로,9246cabc-09e8-4f60-8ecd-8c850695585e,게임은 재밌는데 가끔 튕기고 어쩔땐 3번 연속 들어갈라다가 튕기고 이러네요..최적화 좀 부탁드립니다,3,1,2026-01-01T14:38:32+00:00,2.5.0
zzz,젠레스 존 제로,0b107864-cec5-434c-bc3d-d5b26219d03c,"1)기껏 폰에 설치했는데 게임 접속은 커녕 로딩 화면에서 버벅이다가 튕기면서 입구컷 당함. 2)물론 내 폰이 구린걸 수도 있는데, 접속 조차 못하는 거는 좀 아니지 않나 싶음. 3)저사양 폰 쓰는 사람들은 모바일로 겜 하지 말라는 것 처럼 느껴짐.",1,1,2026-01-01T12:33:01+00:00,
zzz,젠레스 존 제로,519b4331-56a6-4d54-a8a6-25f4017ba963,2.5 업데이트 전까진 안 이랬는데 어제부터 로딩 중에 계속 튕깁니다. 빠른 시일 내에 해결해 주세요.,1,1,2026-01-01T10:23:51+00:00,
zzz,젠레스 존 제로,c22f6a16-bec5-4a8d-bd5a-5e715f73b8b9,할만하고 괜찮긴 한데 접속하려 해도 게임이 꺼지고 렉이 걸리고 아니 게임이 나가지고 좀 심해졌어요,2,1,2026-01-01T09:31:25+00:00,2.5.0
zzz,젠레스 존 제로,ea406179-8b94-44bf-a957-2bbb198e5aab,복귀했는데 다시 접습니다. 모바일은 아예 겜 자체를 못돌려요.,1,1,2026-01-01T09:22:25+00:00,
zzz,젠레스 존 제로,ffe81252-3046-4be0-9130-61d604bf6656,스토리 진행할때 대사소리가 안들려다가 다시 소리가 납니다,5,0,2026-01-01T08:25:29+00:00,2.5.0
zzz,젠레스 존 제로,903e64af-519d-4875-9291-c2bc15bcd1d3,게임은다좋은데최적화만더해주시면더좋을거같습니다,5,0,2026-01-01T07:48:30+00:00,2.5.0
zzz,젠레스 존 제로,bb5c3544-47dd-496e-85bd-ef59888e4762,엽빛나보고시작한 유저입니다. 현재 계속해서 리세중이고 엽빛나를 먹을때까지 리세하겠습니다.,5,0,2026-01-01T07:40:55+00:00,2.5.0
zzz,젠레스 존 제로,597fce8d-89c9-4efa-861b-47e7d098c626,아니 전 이 게임을 오래만에 다시 깔고이 100.0을 다 기다리고 리부팅도 기다리고 있는데 갑자기 렉인지 뭔지 때매 6번이나 지우고 깔고 반복을 했어 드디어 됐는데 몇판을 하고 다시 나가짐 개 답답함,1,1,2026-01-01T07:19:37+00:00,2.5.0
zzz,젠레스 존 제로,660fffb9-2d11-4d62-95ba-d674b6dd4bf0,어이가없내... 서브컬처 한두개 해본것도 아닌데 이 젠존제는 딱 한번빼고 전부 픽뚫..두번다시 못하겠다,1,0,2026-01-01T07:14:53+00:00,
zzz,젠레스 존 제로,4226bcc0-eb4e-4b5f-bd53-cfad49d180d7,캐릭터들이 맛있어요,5,0,2026-01-01T07:10:24+00:00,
zzz,젠레스 존 제로,c00ba78b-20c6-40cd-b4c8-f598f1ee7e7b,뭔가 초반 병크땜에 평점 낮긴한디 지금은 비싼거 빼고는 할만함,5,0,2026-01-01T05:34:32+00:00,2.5.0
zzz,젠레스 존 제로,4f260125-5977-4ea6-beef-bc71dcd90bc6,진짜 꿀잼,5,0,2026-01-01T05:33:24+00:00,2.5.0
zzz,젠레스 존 제로,2576d2d2-b84b-42c2-bb90-45e88dc98592,나만 튕기는거야? 로딩하는데 어쩔때는 되는데 가끔마다 로딩이 75쯤 오다가 갑자기 멈추면서 튕겨;;,3,2,2026-01-01T02:12:14+00:00,2.5.0
zzz,젠레스 존 제로,c3f7584a-6d45-47a1-8ce3-db82ef1b9e87,대체 왜 로딩에서 안 넘어가고 튕기나요...저만 그런 것도 아닌데 오류면 제발 고쳐주세요 저도 빛나가 보고 싶어요😢 +결국 포기했습니다 로딩에서 영원히 튕김니다 모바일은 최신 기종 아니면 하지 마세요...,3,1,2026-01-01T01:51:38+00:00,2.5.0
zzz,젠레스 존 제로,3630d974-5d22-4f46-a369-e1128c358e0d,다 좋은데 그..더빙누락된거 수정해주세요 ㅠㅠ,5,0,2025-12-31T21:40:05+00:00,
zzz,젠레스 존 제로,0f62d0a7-1247-40d7-89a5-108773c46c61,최적화 다시해라 갤럭시23이면 완전 오래된 폰도 아닌데 발열이 심한 건 참아도 게임에 지장이 걸릴정도로 렉이 걸리고 이번 엡데이트를 통해 무슨 게임 첫 화면에서 팅기냐 그냥 지른 돈이 아깝다.,1,1,2025-12-31T16:33:38+00:00,2.5.0
zzz,젠레스 존 제로,6a2be89b-49de-435a-b2e5-6446d508bfdf,2.5 업데이트 이후 로그인 화면에서 계속 튕기는 현상이 발생합니다. 데이터 로딩중 75퍼센트 쯤에 계속 튕겨요. 업데이트 전에도 렉과 발열이 심해 자주 튕기긴 했지만 이번엔 들어가지도 못하고 있네요. 메모리를 너무 크게 차지합니다. 모바일로 플레이할 수 있게 나왔다면 그에 맞게 최적화를 해야 하지 않나 싶어요. 기대하고 들어갔는데 튕겨서 하지를 못하니 너무 답답합니다.,1,161,2025-12-31T14:54:07+00:00,2.5.0
zzz,젠레스 존 제로,5c504247-cfba-4294-ac40-5991ec48522c,이번에 복귀하여 재미있게 즐기고 있었으나 이번 2.5 업데이트 이후 로그인 화면에서 75%정도 로딩이 되면 튕기는 현상이 지속되어 아직까지 접속도 못해보고 있습니다 원인을 모르겠고 저와 같은 증상을 겪는 유저들이 꽤 있는 것 같습니다 이 문제가 빨리 해결되어 게임을 즐길 수 있으면 좋겠네요,1,16,2025-12-31T14:16:50+00:00,2.5.0
zzz,젠레스 존 제로,10dfce03-a94d-4945-9775-aaaea1d3cf52,게임 내용물은 많이 개선했다는게 느껴지는데 최적화가 필요해 보이네요.... s24 시리즈로는 버벅여서 일일숙제(성장재료 파밍) 끝내기도 쉽지않고 아이패드 m4 정돈 되어야 돌아가는 수준이라....,3,1,2025-12-31T13:57:40+00:00,2.5.0
zzz,젠레스 존 제로,aa8e671b-7abd-48d2-a000-8933086c9365,오픈때부터 질리지않는 게임 점점 렉 심해지는거만 빼면 다 좋음,5,0,2025-12-31T13:51:34+00:00,2.5.0
zzz,젠레스 존 제로,82da5ba8-5372-40cb-b819-a5bd53a16b56,제밌떠영,1,1,2025-12-31T12:23:09+00:00,2.3.0
zzz,젠레스 존 제로,56fc5897-5b4e-4fe4-9269-f35ec41e4a6c,기종은 갤럭시 s24+입니다. 이번 업데이트 이후 전투만 들어가면 화면이 멈추면서 앱이 나가지지도 않는 현상이 여러 번 발생해서 제대로 게임을 즐길 수가 없습니다. 엽빛나 뽑으려고 20 가까이 질렀는데 픽뚫 2번에 전엔까지 픽뚫나서 가뜩이나 좋같은데 사놓고 쓸 수도 없으니까 정말 환불 마렵네요 ㅎㅎ 제발 최적화 빨리 마쳐서 정상적으로 게임 즐길 수 있었으면 좋겠습니다. 제발.,1,54,2025-12-31T11:32:31+00:00,2.5.0
zzz,젠레스 존 제로,14a8e9fd-0eda-4360-b2e0-206ccd8fcd58,모바일로 플레이하는데 접속하려하면 용량이 남아있어도 로딩이 75%가 되면 강제종료가 되서 플레이를 못함,2,4,2025-12-31T05:32:57+00:00,2.5.0
zzz,젠레스 존 제로,c2d53f1d-8764-4446-87a7-65675c947388,"게임 너무 재미있어요 재미있는데 2.5버전 업뎃하자마자 모바일 접속이 안되고있습니다! 군인이라 PC도 사용하지 못하고 캐시삭제, 게임 재설치, 재부팅 등등 다 해봤는데 여전히 안됩니다 제발 살려주십쇼",1,5,2025-12-31T04:58:44+00:00,2.5.0
zzz,젠레스 존 제로,766b529c-b6ee-4c31-886a-0259a0f9b369,재미는 있음 그뿐임 캐릭터 얻으려고 모으고 모아서 뽑으면 픽뚫고봉밥 호요버스겜 다 해봤지만 이렇게 안나오는겜은 안하는게 나음 픽뚫도 정도껏 나와야지 매번나오면 누가재밌어하냐,1,0,2025-12-31T04:39:36+00:00,2.3.0
zzz,젠레스 존 제로,11185966-1c33-4210-b34e-eaee6b4315f7,터치가 안먹히거나 튕기는경우가 종종 발생합니다.,5,1,2025-12-31T03:45:23+00:00,2.5.0
zzz,젠레스 존 제로,f0ab8553-a765-4117-8bdb-9e596ad3fbc9,터치가 안되고 자꾸만 튕기네..,1,1,2025-12-31T03:32:58+00:00,2.5.0
zzz,젠레스 존 제로,8934a704-8896-492f-9983-cb513075447c,이번 이벤트 맛도리죠?,5,1,2025-12-31T03:30:02+00:00,2.5.0
zzz,젠레스 존 제로,b1be4647-f2fe-47eb-b6dd-4e97b3564ff3,사료도 별로 안 주면서 뭔 전무 픽뚫까지 만들어놨냐,1,0,2025-12-31T02:58:01+00:00,2.5.0
zzz,젠레스 존 제로,d94c5582-d4ab-4efa-9469-90703ac58ef1,쪼오오오오오오오오오오오오온득함,5,0,2025-12-31T02:23:14+00:00,2.5.0
zzz,젠레스 존 제로,022affe6-f14c-41cd-b1b1-2032f3520c56,"게임은 재미있는데,게임 안에서 렉이 너무 자주 일어나 게임을 플레이 할 수 없는 상황이 생겨요.버튼을 아무리 눌러도 안 눌리고 그나마 위에있는 버튼만 눌리는 상황이 생겨 게임을 플레이 할 수 없어요.이부분만 고치면 정말 재미있는 게임이 될 것 같네요",2,1,2025-12-31T02:14:15+00:00,2.5.0
zzz,젠레스 존 제로,504d2814-af37-4ea3-ab85-3303c486c03b,"데이터 로딩중에서 게속 74%가 되면 튕김 ㅇㄴ;,,리딩코드 입력해야하는데;;",1,2,2025-12-31T01:05:52+00:00,2.5.0
zzz,젠레스 존 제로,060ec4a8-3c79-49cf-9825-723e2ce684ff,현재 스토리 최적화 안됨 히아 클럽 재화 파밍 안됨 휴대폰으로 진행 시 오른쪽 화면 터치 막힘 빛나랑 그냥관 돌아가기 진행안됨 컴터로만 하란 소린가?,1,1,2025-12-31T00:41:44+00:00,2.5.0
zzz,젠레스 존 제로,b310aa8d-751b-403c-aab2-770f4fdbaf96,젠레스 존 제로 고객센터 에 문의 했는데 빨리 수정 부탁드립니다 호요버스,4,5,2025-12-31T00:26:11+00:00,2.5.0
zzz,젠레스 존 제로,08fec443-8e39-42d8-9f96-31ff41fbf9de,게임 플레이하다가 터치가 안되서 곤란합니다 이것도 버그 같은데 스토리 진행할때마다 불편하네요 빨리 고쳐주셨으면 좋겠습니다,1,0,2025-12-30T23:38:18+00:00,2.5.0
zzz,젠레스 존 제로,67985587-8bce-429e-84b2-d7bce0caf3fe,여러 방면에서 좋아진 게임,5,0,2025-12-30T23:36:16+00:00,2.5.0
zzz,젠레스 존 제로,efb9fd25-83c4-464e-8fab-83ff6a9f08d8,다른거 다 로그인 되는데 얘만 게임 로그인이 안됨 지웠다 깔아도 로그아웃 했다가 다시 계정 로그인을 해도 안 들어가짐,1,1,2025-12-30T23:21:27+00:00,
zzz,젠레스 존 제로,48c0c2b5-9eda-4800-a08a-17fea1a97d1e,이번 2.5 버전 업데이트 이후로 게임이 접속이 안됩니다. 이게 뭐하는 짓이지 참..,1,1,2025-12-30T22:49:10+00:00,
zzz,젠레스 존 제로,c17c5e6f-1de9-444d-b083-beca59a7414b,지금 플립 유저들 대부분이 터치가 씹히는 문제가 생겼는데 해결 부탁드립니다.,1,0,2025-12-30T22:28:01+00:00,2.5.0
zzz,젠레스 존 제로,3e240dd5-f361-417e-8c10-bceec2f24ad1,신캐 뽑기 중인데 건너뛰기 버튼이 안눌려요 그밖에도 그 건너뛰기 버튼 있는곳이 안눌려요 수정좀 해줘요 요번 업뎃 이후 발생하는 버그,3,0,2025-12-30T22:12:11+00:00,2.5.0
zzz,젠레스 존 제로,8d6360b2-00db-4dd7-936f-ec097c9126b6,로그인 하는데 75.46%를 못넘기고 게임이 자꾸 강제 종료되요 제발 좀 고치세요,1,1,2025-12-30T16:48:31+00:00,
zzz,젠레스 존 제로,1bb0d62f-3f9c-4bf4-8fd1-6be01b0da6a7,"재밌다 ,",5,0,2025-12-30T16:08:30+00:00,2.5.0
zzz,젠레스 존 제로,59ebb55f-d288-4e91-8191-9443f537fc09,2.5업데이트 이후로 게임에 들어가지지도 않고 들어가려고 시도 할때 마다 튕기네요 렉도 많이 걸리고요 2.5버전에 바뀐게 많아져서 렉도 심하게 걸리고요 게임에 하도 안들어가지길래 지웠다가 다시 들어갔을 땐 잘 들어갔는데 지금은 또 안들어가요 용량 최적화좀 해주세요.,1,2,2025-12-30T15:46:29+00:00,
zzz,젠레스 존 제로,1a85f262-a038-4b92-8b4e-78e1125fc5e9,업데이트하고 터치가 안먹힘,1,0,2025-12-30T15:18:41+00:00,2.5.0
zzz,젠레스 존 제로,95f0d27a-5692-4f54-929f-6898023a0e66,"게임 화면 터치가 안되는 게임, 플레이 자체가 불가능한 게임. 덕분에 현생살러감요",1,0,2025-12-30T14:31:43+00:00,2.5.0
zzz,젠레스 존 제로,b8d06db6-9a13-4bba-9ac4-762ac54a8bd5,사양이 너무 높은것만 빼면 다 좋습니다,5,0,2025-12-30T13:26:42+00:00,1.0.0
zzz,젠레스 존 제로,2a9c7913-38f8-4376-9c34-0227f59f9e43,기종이 플립6인데 업데이트하고 플레이하는데 터치가 씹혀서 스토리 진행이 안되요. 젠존제만 그래서 게임 문제인거 같은데 이전까지는 잘 플레이했는데 갑자기 그러네요...,1,0,2025-12-30T13:18:36+00:00,2.5.0
zzz,젠레스 존 제로,44c772e8-e0e7-41d4-abd9-82a7594e1e2d,번튼 조금만 잘눌러도 뭔가잘하는것같고 스토리도 좋고 캐릭터도 전부좋은대 최적화 문재로 렉도많이걸리도 용양도 많이잡아먹어 불평합니다 틀히 화려한 임팩트가 많은캐릭터는 게임불가 수준입니다 개다가 자오무료로 받을수있는건 정말좋은대 Z플립3는 터치가안먹어요 용량이많아서 이걸로하는대 그렇다고 본폰에 깔기는 용량을너무먹고 렉도걸려서 Z플립3도 터치잘먹게 빨리수정해주고 용량과 렉문재도 해결해주새요,3,2,2025-12-30T12:48:46+00:00,2.5.0
zzz,젠레스 존 제로,f5c68064-097d-46a5-b4aa-81851b01de55,스킬 재화 파밍 전투는 어떻게든 할수있었지만 성옥받는 도전컨텐츠는 전혀못할 수준이라 게임이 어려워서 호요버스겜인데도 얼마못했었는데 이번에 체력회복 캐릭터 준다고해서 다시 도전해볼께요,4,0,2025-12-30T11:31:11+00:00,2.5.0
zzz,젠레스 존 제로,79e5bdaa-6d0e-48a5-a5c2-922fe1041046,갓겜,5,0,2025-12-30T10:57:57+00:00,
zzz,젠레스 존 제로,41f7f428-1057-4839-9887-c46a9d4ea904,핸폰에선 로딩창에서 계속 튕기고 들어가지지도 않는데 뭔 겜을 하라는거냐? 이따구로 만들거면 모바일로 출시를 하질 마,1,0,2025-12-30T10:44:30+00:00,2.5.0
zzz,젠레스 존 제로,ef11ad8c-df02-4ee9-a424-8b1c3c857f9b,업데이트 하고 관리 제대로 안하냐 지금 플립6 쓰는데 왜 오른쪽 위 모서리 부분이 터치가 안돼냐 다른겜은 지금 잘되는데 왜 이겜은 업데이트 이후 터치가 먹통이네 똑바로 관리를 하던가 겜 제대로 즐길수 없잖아,1,0,2025-12-30T10:41:11+00:00,2.5.0
zzz,젠레스 존 제로,c5158ae5-a383-445b-8ecb-d7814c8f27c8,젠존제 하려면 폴드7은 사야합니다 아니 2.5업뎃하고 낮음해도 끊겨요 모바일 하지마?,5,0,2025-12-30T10:35:18+00:00,2.5.0
zzz,젠레스 존 제로,b0b4ce5b-c502-4575-a078-80efbc3e9c94,아니.. 조작이 안됨..,3,0,2025-12-30T10:21:49+00:00,2.5.0
zzz,젠레스 존 제로,3d21ad98-e4a1-4dea-9995-82c0443d964a,게임재밌고 캐릭터 예쁜데 단점... 모바일 최적화가 심각할정도로 안되어있음... 발열+자잘한 렉은 기본이고 가끔 접속하다가 튕길때도있음... 모바일 최적화만 해결하면 정말 좋은게임인데ㅉㅉ,1,0,2025-12-30T10:06:49+00:00,2.5.0
zzz,젠레스 존 제로,8b167a12-0f22-42f7-9b44-7555bfe67424,저번버전까지만 해도 게임 잘만 돌아갔는데 이번업데이트 이후로 접속조차 안되네요 저만 빛나 못뽑고 있는데 최적화는 진짜 포기하신건가요?,1,0,2025-12-30T10:02:03+00:00,2.5.0
zzz,젠레스 존 제로,4cceb342-84cd-4529-b102-e218cf7611d7,재미없음,1,0,2025-12-30T09:53:45+00:00,2.5.0
zzz,젠레스 존 제로,6ee551a5-d21f-4d56-a398-2ca2fe2ae62c,아니 중국산이라그런가?? 케릭만 쳐팔아먹고 기존케릭은 쓰레기되고 재미가없어짐,1,1,2025-12-30T09:28:22+00:00,2.5.0
zzz,젠레스 존 제로,74b3250c-73c2-42a9-8ec5-49b5d33a1746,모바일 게임인데 2.5 UI 터치안되고 씹히는것좀 어떻게 해라 PC는 다 되는데 이게 PC게임이냐고 모바일 게임이지,1,0,2025-12-30T09:25:34+00:00,2.5.0
zzz,젠레스 존 제로,5de65447-e69c-4e20-a731-cd77ece433a9,로그인이안돼ㅑㅐㅐ UID로도 로그인돼게해줘요,4,0,2025-12-30T09:02:45+00:00,2.4.0
zzz,젠레스 존 제로,790f7ef8-2979-467b-8687-c18d10668205,다 좋은데 최적화 개쩜 이건 뭐 할 수 있는게 없음 삼성 z플립4 쓰는데 게임 실행하면 1분 내로 튕기고 렉 걸리고 뽑기하러 들어갔더니 버튼이 안눌리고... 결국 때려치우고 피씨로 하러갑니다 모바일 예전에 나왔을 땐 잘 했는데 이러니까 도저히 할 수가 없네요 이렇게 안돌아가는 겜 처음 봅니다;; 미호요 겜 다 해봤는데 이건 진짜 아닌듯 제발 모바일 최적화 해줘요 장기 여행갔을 때도 출석 하고 싶어요 그것만 아니면 게임성 좋고 다 좋아요 한 줄 요약: 최적화 해줘요,1,3,2025-12-30T08:42:25+00:00,
zzz,젠레스 존 제로,cd52e678-aa10-4b17-8bbc-d3d56de33a56,엽빛나 업데이트 이후로 오른쪽 회면 터치가 안됨. 기기 문제라고 하기엔 다른 게임 잘 됨.,1,0,2025-12-30T08:23:03+00:00,2.5.0
zzz,젠레스 존 제로,4c97d151-12d1-4c05-aed6-cc406cab4d76,잼이있음,3,0,2025-12-30T07:23:38+00:00,2.4.0
zzz,젠레스 존 제로,86816691-c9f4-40d4-84d1-cf275b2c5705,모바일만 이런 것 같긴 한데 자꾸 화면이 반복되면서 튕김ㅠㅠ,3,3,2025-12-30T06:35:30+00:00,2.4.0
zzz,젠레스 존 제로,b1546d7b-0c2f-4b16-befd-d899910458b8,냉정하게.. 스토리는 제외하자. 조금씩 단순해져도 그래도 요즘은 또 잘하니까. 다만 확실히 접대가 너무 심하다. 의현때도 느꼈지만 신캐 접대는 그럴 수 있음. 근데 좀 과해 있고 없고 차이가 큰데.. 초창기 유저인 나도 차이 느낄 수준인데 뉴비는 어떨까...,4,2,2025-12-30T06:06:29+00:00,2.5.0
zzz,젠레스 존 제로,7e01b074-987c-4872-86d1-d5efd01a3025,갓겜,5,0,2025-12-30T05:51:01+00:00,2.4.0
zzz,젠레스 존 제로,286101e4-42a4-4e30-9224-8ad8abfb0b4a,빛나 내 꺼,5,0,2025-12-30T05:32:13+00:00,2.4.0
zzz,젠레스 존 제로,c21a6892-6f1b-486c-8c74-34ad7233640d,모바일 최고의 그래픽과 게임성,5,0,2025-12-30T04:54:02+00:00,2.4.0
zzz,젠레스 존 제로,2a0a2480-ded7-4ea4-9273-324b3f5caa77,모바일로 하는데 계속 로딩에서 튕기는데 이거 맞나요?,1,0,2025-12-30T04:24:48+00:00,
zzz,젠레스 존 제로,ffe3b8de-8bf6-48db-9f98-4a8ad60b4b76,"미야즈마를 통한 패링 강요, 뭐하는지 보이지도 않는 불쾌한 패턴, 계속 있는 사운드 버그와 최적화 문제, 불쾌한 수준의 픽뚫 확률, 콤보 스킬 시의 불편한 모바일 조작감, 시드 출시만 하고 공동 장비 등 후속 패치 없음, 그저 모션과 모델링만 뛰어난 게임. 별개로 반년동안 픽업 들어간 캐릭 중 반절은 전엔까지 쌍픽뚫나는데 불쾌함이 장난 아님.",2,1,2025-12-30T03:47:51+00:00,
zzz,젠레스 존 제로,27d76a07-e4fb-4874-bb6b-4ecb6b23f8f4,이제는 폰으로 못돌리는 지경까지 갔네 업데이트 하고 게임 들어가면 화면 아무것도 안눌리고 강제 종료 ㅋㅋㅋㅋㅋㅋㅋㅋ 플립 4인데 이게 맞냐????,1,2,2025-12-30T03:46:12+00:00,2.5.0
zzz,젠레스 존 제로,c09b3417-d2ae-4428-bdcf-9c7f79705a14,호요버스가 호요버스했다,4,0,2025-12-30T03:22:30+00:00,2.4.0
zzz,젠레스 존 제로,31d0f1e5-5cf6-4c92-9ef9-2e393c84b8a5,촬영을 할때 손으로 입을막는 장면이나 스토리 에 결박 재갈 버전 추가로 있었으면 좋겠어요,1,0,2025-12-30T03:15:04+00:00,2.5.0
zzz,젠레스 존 제로,8df1bd60-09f8-40d7-8f58-32a926759f69,GOAT,5,0,2025-12-30T03:13:20+00:00,2.4.0
zzz,젠레스 존 제로,45b5bca8-af72-40e1-85fc-6b8e87e40022,애초에 컴에서 해야할걸 모바일로 하면서 렉 심하다고 징징거리지말기.. 폰 좋으면 렉도 안걸리고 좋아요^^,5,0,2025-12-30T03:12:31+00:00,2.5.0
zzz,젠레스 존 제로,2f0b562e-7f30-46ac-bc75-ed537f70ce9c,그냥 개존잼,5,0,2025-12-30T02:31:10+00:00,2.5.0
zzz,젠레스 존 제로,c9cbcf8b-5394-4e0b-b3e3-e978d2ae08a2,깔끔한 디자인이 타 게임보다 훨씬 맘에들어요,5,1,2025-12-30T01:49:20+00:00,2.4.0
zzz,젠레스 존 제로,a16d1e7b-db59-4a50-bdda-a3805d0fc2fa,이야!!!!!,5,0,2025-12-30T01:11:38+00:00,2.4.0
zzz,젠레스 존 제로,453aa2c2-1d0e-4517-a3a2-9cf8999b7aa3,비싼갓겜,5,0,2025-12-30T01:06:40+00:00,2.4.0
zzz,젠레스 존 제로,3d58f57a-0a6a-4333-b3fd-de0d3641b05c,최적화 좀 해라. 발열 진짜 심하네,1,0,2025-12-30T01:00:44+00:00,2.5.0
zzz,젠레스 존 제로,8a85f8b0-9efa-4b35-b723-2fafadd417ae,복복이 때문에 5점,5,11,2025-12-30T00:48:51+00:00,2.4.0
zzz,젠레스 존 제로,b1bfe589-bf56-4eda-bf8c-3bc8eab30765,최고의 게임,5,0,2025-12-29T23:49:25+00:00,2.4.0
zzz,젠레스 존 제로,c6a9bc24-8f5b-4751-a30b-ea3fcffa3c52,우선 이게임 재미없다 재밌다 이런건 취향차이니 신경쓰지 마시길. 그리고 확실히 젠존제가 옛날의 모습과는 많이 다르니 그때를 생각하며 잰존제를 평가하진 말아주세요.,5,0,2025-12-29T23:23:40+00:00,2.5.0
zzz,젠레스 존 제로,3c62d9ef-f5c4-4184-be6b-816bdc8fe090,재밌긴한데..너무나 비싼게임,1,1,2025-12-29T22:54:45+00:00,2.5.0
zzz,젠레스 존 제로,bb9cee56-d2da-45a6-8683-2f6d05967d7f,갓겜,5,2,2025-12-29T11:59:04+00:00,2.4.0
zzz,젠레스 존 제로,c78c43b5-0eca-4212-91e5-3d1702c28498,재밌어요,5,0,2025-12-29T09:59:27+00:00,2.4.0
zzz,젠레스 존 제로,c89dbc91-7fbe-4d31-b6c3-f525c96cfc09,전투가 약간질릴수있으나 재미있습니다,5,0,2025-12-29T04:35:37+00:00,2.4.0
zzz,젠레스 존 제로,3f94f39c-1246-4f0c-854c-84fc6472baaf,으니!? 보상 무엇!? 그저신 goat,5,1,2025-12-29T00:55:45+00:00,2.4.0
zzz,젠레스 존 제로,bfc3d533-e2c7-4de8-8d8a-e02f3c949cb3,계좌에 현금이 모자란데도 결제가 되버렸습니다... 절대 고의가 없었습니다! 네이버페이로 결제 하려다가 카드로 해서 그만... 확인 부탁드립니다!,5,0,2025-12-28T13:17:38+00:00,2.4.0
zzz,젠레스 존 제로,042d57c2-e0f0-4d8d-991c-b22890bd6a65,재미는 있는데 최적화가 에바임...,4,0,2025-12-28T09:43:41+00:00,
zzz,젠레스 존 제로,66cadbb3-4a6e-4b8d-b5d7-853b713a8274,"즐겁게 플레이중입니다. pc로 플레이중인데 이번 반악캐릭터 플레이에 추가부분이 있으면 좋겠습니다. 여러 스킬이 난무하는 와중에 반악의 커멘드가 잘들어갔는지, 중간에 잘못입력되었는지, 캔슬부분 등 여러가지 요소가 너무나도 파악하기 힘들어서 리뷰남깁니다. 적어도 격투게임처럼 커멘드 입력을 확인할수 있게라도 해주시면 감사하겠습니다. 솔직히 지금 조작감은 기존처럼 누르는게 아닌 클릭도 천천히 하게되서 끊기는 느낌입니다.",5,2,2025-12-28T08:03:55+00:00,
zzz,젠레스 존 제로,856447cd-b195-4244-a1a3-4ff4b18f22e1,goat,5,0,2025-12-28T01:30:56+00:00,2.4.0
zzz,젠레스 존 제로,e677727d-ce3e-4f84-99a2-ba382d5e5c12,아 진짜 리카온적화 너무 심하네 초기에도 폰으로 하면 소형 난로제작기였는데 이제는 폰으로 게임하면 열받아서 터질까봐 겁남,1,0,2025-12-27T19:35:08+00:00,2.4.0
zzz,젠레스 존 제로,679cf64f-060f-4f3e-a6c0-85a82e078fa2,젠레스존제로 메인 인증번호 뭡니까,5,0,2025-12-27T14:13:33+00:00,2.4.0
zzz,젠레스 존 제로,5a17df1d-fece-4d28-bc02-293b572cbfad,"처음 나왔을때는 나쁘지 않았던것 같은데 업데이트 할수록 휴대폰 발열에다가 렉도 걸리고 겜할맛이 안남, 솔직히 이럴거면 모바일을 만들지를 말았어야하는거 아닌가 함.",1,1,2025-12-27T14:05:58+00:00,
zzz,젠레스 존 제로,c6c77c62-2696-48dc-a71a-38cd367a454c,도데체 광고로 스토리컷신이나오는건 무슨 경우냐 스킵하긴했지만 어느정도스포당했잖아,1,2,2025-12-26T22:41:10+00:00,
zzz,젠레스 존 제로,f94a0998-5fe9-4caa-b19b-ac31bfa6bcd5,"매력적인 캐릭터들도 많고 처음 스토리는 조금 난해한 부분이 있었으나 스토리가 진행되면 진행될수록 흥미진진 해지고 보유하지 않은 캐릭터를 스토리애서 사용해볼 수 있다는 점도 좋았습니다. 하지만 아쉬운 점이 있는데 친구추가 기능은 채팅 이외에 별 다른 기능이 없다는게 아쉽습니다. 친구와 함께 공동 탐색하기 이런 기능이 있으면 좋을텐데... 이럴거면 친구추가 기능이 왜 있는건지 좀 의문이 되기도 하고... 핀구의 코스튬, 캐릭터 빌리기 기능도 좋을것 같습니다. 결론적으로 친구 기능을 현재보다 더 유용한 기능으로 업그레이드 바랍니다!",4,2,2025-12-26T15:07:57+00:00,2.4.0
zzz,젠레스 존 제로,1f1ccc55-7da4-4b28-91c2-b37cd6dc595c,굿,5,0,2025-12-26T07:11:01+00:00,
zzz,젠레스 존 제로,8210f627-1516-48ae-bd7a-05cf711393fb,good,5,0,2025-12-25T16:27:19+00:00,2.4.0
zzz,젠레스 존 제로,1ddf48df-21fb-40a5-b3e5-824c13e93613,세상에 내가 벨 보려고 젠존제를 할줄은 몰랐다,5,1,2025-12-25T11:14:11+00:00,2.3.0
zzz,젠레스 존 제로,cf531699-b1a6-402a-83f4-ddfe280627d3,이거 최적화만 하면 딱 좋을거 같은데,4,0,2025-12-24T14:13:45+00:00,2.4.0
zzz,젠레스 존 제로,d1976c40-d009-4047-a30a-4d9b7506381b,버그때문에 메인퀘스트가 진행이안돼서 답답하네요 언제해결해줌? 막의뒤에서가뭔데 그때까지 스토리못봄?,2,1,2025-12-24T12:51:54+00:00,2.4.0
zzz,젠레스 존 제로,6acfd9f9-8a24-4ea7-b804-f879d9e62d40,저장공간부족,2,1,2025-12-23T05:03:44+00:00,
zzz,젠레스 존 제로,bd75bfcd-cb04-48b0-aaa5-5f4dc9cfc9f0,다음 시즌 엽빛나도 최고고! S급 자오와 제인 코스튬까지! 정말 착한 면이 있으시네요! 그 대신 가챠 시스템에서 S급을 더 쉽게 얻을 수 있도록 확률을 좀 더 올리면 복귀 유저와 신규 유저는 쉽게 유입될 것으로 예상됩니다.,5,3,2025-12-22T23:53:27+00:00,2.4.0
zzz,젠레스 존 제로,f98fec2a-ef21-42e0-bcbf-150ccecf21df,루시아 조아요~,5,0,2025-12-21T16:29:52+00:00,2.4.0
zzz,젠레스 존 제로,ecab3fd5-8bb5-47fd-923e-17d74ede4060,원래재미있게게임을플레이하던유저인데복귀했더니앱이버벅거리면서계속튕겨요,2,1,2025-12-21T08:32:50+00:00,2.4.0
zzz,젠레스 존 제로,1549ae8d-da23-4505-9420-9c5dd59ee089,중국 겜 특유의 중국 지역 가서 망해가는 게임 모션 하나는 최곤데 참 아쉬움,3,3,2025-12-21T05:55:09+00:00,1.5.0
zzz,젠레스 존 제로,577512cf-78f4-42bf-ae52-78bd91da1975,게임성도 좋고 여캐들도 다 잘 나와서 진짜 좋긴한데 게임 렉이 너무 많음. 모바일 유저인데 갤럭시 S23+ 써도 2~30분마다 게임이 튕겨버리니까 스토리 진행이나 전투 중에 흐름이 끊겨서 너무 불편함. 다른 명조나 이런쪽은 최적화가 잘 되어있는데 유난히 젠존제만 이런 부분이 많은 것 같음.,4,9,2025-12-21T01:32:01+00:00,2.4.0
zzz,젠레스 존 제로,bca69897-2905-4882-8d93-246d4d025ae1,그냥 재미 없음,2,2,2025-12-20T13:49:04+00:00,1.6.0
zzz,젠레스 존 제로,ed5d07c1-e728-422c-8e2c-7e30c832ed95,젠레스 붐은 온다,5,0,2025-12-20T11:47:59+00:00,2.4.0
zzz,젠레스 존 제로,0c5eabb5-66f9-4063-9577-558fc787313e,솔직히 이번 공방에서 보여준게 너무 쩔어서 복귀함,5,0,2025-12-20T11:20:25+00:00,
zzz,젠레스 존 제로,e5b762f4-00ea-4446-8798-6ec77d815fab,오늘 2.5 특방이후로 젠존제에 대한 욕은 곧 나를 향한 욕으로 받아들이겠다. 젠존제에 뼈를 묻겠다.,5,2,2025-12-20T06:05:21+00:00,2.4.0
zzz,젠레스 존 제로,f488bad4-4191-47a3-b65a-da76335f3c21,캐릭 양산형으로 찍어내는 다른게임들과는 다름,5,0,2025-12-20T03:04:32+00:00,2.4.0
zzz,젠레스 존 제로,4f2086a7-1e5e-4b22-9c1c-d836d25036ef,젠존제는 돈 벌 생각이 없는 거야?,5,0,2025-12-20T01:39:19+00:00,2.4.0
zzz,젠레스 존 제로,afa680f1-d07a-47b1-a89b-7906bde4c5ef,명조 하러감 ㅅㄱ,1,1,2025-12-19T18:30:54+00:00,
zzz,젠레스 존 제로,f7d4addb-167b-4fc3-8d4e-7ece391011a3,"처음과 같지 않아. 케릭들이 많아지고 특히 발열문제로 아쉽게도 핸드폰에서 지워진지 오래전..., 하고는 싶지만 아직도 그 모냥일것같고 또다시 실망하며 지우기도 귀찮고 구경만하고 휘~리~릭",1,1,2025-12-19T16:41:39+00:00,
zzz,젠레스 존 제로,836c8031-4ee8-43ef-94be-cdfba2134b54,처음에 무과금으로 시작했고 픽뚫 이슈로 소과금을 하고 있는 유저입니다. 짜릿한 액션과 캐릭터들로 중반부터 애정을 보이고 하고 있는데 캐릭터의 모델링은 정말 말할수 없을 정도에요. 캐릭터들의 성능도 대부분 좋아서 명함 혹은 저돌파여도 요령만 갖추면 즐길수 있고 이벤트 혹은 주간과제 등 특수한 상황 제외하면 보상도 충분히 주고 좋아요 다만 아쉬운 부분은 아무리 좋은 폰유저임에도 불구하고 일부 렉과 로딩이 아쉽고 무엇보다도 이야기 내용의 부분에서 제일 아쉽지 않을까... 나머지는 다 좋고 충분히 즐길수 있습니다.,4,9,2025-12-19T12:43:05+00:00,2.4.0
zzz,젠레스 존 제로,b5aeea25-0225-4a39-9705-fe9a2c623b53,S급 일반 채널에서 나온거 한명 있었는데? 독점에서 S급 떴는데? 아직 한명이네?,3,0,2025-12-18T15:35:40+00:00,
zzz,젠레스 존 제로,796e046e-48ba-43fb-b3ca-ce378890193f,진짜로 최적화 좀 하세요 이렇게 렉 많이 걸리는 게임은 처음이네,1,3,2025-12-18T12:47:51+00:00,2.4.0
zzz,젠레스 존 제로,ca4034df-0da5-4931-8247-e581e7e2a8f5,너무 만족합니다.액션씬도 좋고 캐릭터 디자인도 좋네요,5,0,2025-12-16T16:21:24+00:00,2.4.0
zzz,젠레스 존 제로,5d01ecb0-7dd0-4f9b-8136-3eaabb51541f,미아즈마 쉴드 들어오고 난 직후 의현 위주의 전투 강요되었을때 슬슬 느낀 미아즈마 쉴드에 의한 파티 경직화와 돌파 강요가 점점 심해짐. 강습전과 시유방어전이 원래 명함 ~ 명전 정도 유저도 충분히 보상 다 받을 수 있는 정도의 난이도였는데 버전 업데이트가 지속될수록 명함 캐릭터 수준에선 보상을 받아먹는게 거의 힘든 수준이 되고 접대 버프도 너무 한정적으로 주는 바람에 기존에 지닌 예전 픽업캐릭들은 사용이 불가능한 정도가 되어버림. 미아즈마 쉴드를 없애던 쉴드 파훼법을 개선하던 피통을 줄이던 뭔가 조치를 취해야 함.,1,16,2025-12-15T14:28:31+00:00,2.4.0
zzz,젠레스 존 제로,17a4309f-0ef5-4a93-ad7f-fe70da1905d9,"스토리가 이상하게 꼴아박히고, BM은 오지게 매운데 케릭터가지고 협박하네 진짜...;;;",5,2,2025-12-15T13:36:30+00:00,
zzz,젠레스 존 제로,af210e2e-aa82-4607-93ff-4c1d63c79314,믿고 거르는 호요버스,1,2,2025-12-14T04:11:05+00:00,2.4.0
zzz,젠레스 존 제로,9a88abab-3e94-4b40-8c86-efe0392e3673,우주명작,5,0,2025-12-12T12:28:09+00:00,2.4.0
zzz,젠레스 존 제로,2cab1343-ac3f-4ef9-b7f1-9e933a0c782e,캐릭터들도 이쁘고 스토리도 재밌고 맘에 듭니다.. 하지만 최적화가... 너무 안되있는것 같습니다.. 렉도 너무 걸리구요.. pc에서만 진행이 원활하게 된다면 왜 모바일 겜으로 낸거죠..? 이렇게 부탁드립니다.. 제발 최적화 좀 해주세요..ㅠㅠ,5,1,2025-12-11T06:04:26+00:00,
zzz,젠레스 존 제로,e1326d42-eb32-46ca-af4e-81e05f5b033c,무겁다,5,1,2025-12-10T08:17:06+00:00,
zzz,젠레스 존 제로,37f7acd8-010a-4ce1-9a01-78986cb3e7dc,타격감 1등,5,0,2025-12-09T13:21:38+00:00,2.2.0
zzz,젠레스 존 제로,142b44ad-07d8-45f2-915a-d14ef76ffe88,타격감은 좋았어요,2,0,2025-12-09T09:50:50+00:00,1.0.0
zzz,젠레스 존 제로,c5b19407-4229-461c-a447-944cc14879a6,더빙찐빠는 아니지이....과금 요소도 쫌 늘여주세요 다른 호요겜은 패키지도 많이 파는데.. 이건너무 매워요..,1,1,2025-12-08T14:33:12+00:00,2.4.0
zzz,젠레스 존 제로,976277bc-41ea-4a1b-9487-ec0eb604486b,연속 픽뚫 안해,1,1,2025-12-08T05:55:11+00:00,1.0.0
zzz,젠레스 존 제로,b7a07204-38d9-43c3-8684-2fbd9efc77db,전부 다 좋습니다. 그러나 모바일로 쓸때는 렉이 너무 심해서 가끔씩 튕기는 영향이 많습니다. 게임 한판 돌릴려고 하면은 렉이 너무 심해 한마디로 표현하자면 게임이 아예 멈췄다고 봐야합니다. 이것만 고쳐주시면은 매우 만족합니다.,5,1,2025-12-07T04:19:30+00:00,
zzz,젠레스 존 제로,79e522df-a2d2-4fc4-a3b5-82b8e6dd190e,미야비누나 사랑해,5,0,2025-12-06T07:12:41+00:00,2.4.0
zzz,젠레스 존 제로,dd64ddaa-aa0d-47be-907c-433bf2483beb,스토리에 더빙 누락 된 건 진짜 크다... 스토리 밀고 싶다 이 사람들아,3,1,2025-12-05T10:44:49+00:00,
zzz,젠레스 존 제로,ad4407bd-605d-4347-b286-e41f0b00bfc2,스토리 캐릭터 보이스가 안나오네요,4,1,2025-12-04T00:04:54+00:00,2.4.0
zzz,젠레스 존 제로,898c6c03-d660-44e9-a96e-14bf0594d607,반천 픽뚫 정말 더러운 유저 경험이다. 야나기 유입인데 도저히 못참고 접음,1,0,2025-12-03T07:18:49+00:00,
zzz,젠레스 존 제로,331b4f49-1ed2-4e0d-a299-78c84986ae4b,렉이 왤케 심해짐,1,0,2025-12-01T13:00:48+00:00,2.4.0
zzz,젠레스 존 제로,ab76a729-d702-468b-9e7d-98f850d76a7e,미야비.,5,0,2025-12-01T10:23:10+00:00,2.3.0
zzz,젠레스 존 제로,8f3f1ffa-9fa5-4b7b-94bc-e2aa2f0d2096,어느순간부터 폰으로 하기 힘들어졌내요 폴드4 쓰고 있는데 버벅임 때문에 진행하기 힘들어요 폰유저를 위해 최적화 좀 해주세요,3,0,2025-11-30T22:45:34+00:00,2.4.0
zzz,젠레스 존 제로,fcf6f295-4937-4ccd-8acc-aa9fef5713af,오....인게임 다운로드 다 하고 룰루랄라 하면서 게임 하려고 하미깐 게임에서 튕기네? 명조에 붕스에 다돌아가는데 젠존제 이건 사양이 얼마나 높은거임? 걍 컴겜으로만 출시해 이럴거면;;,1,0,2025-11-30T22:35:16+00:00,
zzz,젠레스 존 제로,cba3aadd-eb7b-47fe-9be7-eea0635cec5f,스토리가 진짜 재미없어요 캐릭들은 웬만하면 이뻐요 근데 전투가 콤보 같은 게 많아서 그런지 좀 어렵고 게임에 소요되는 시간이 많아서 결국 유기하게 됐어요,2,2,2025-11-29T06:10:35+00:00,
zzz,젠레스 존 제로,8ccfed85-e46b-448b-98c9-74d0177d8e7d,초반에 가지무침 먹으면 후반에 진짜 레전드 스토리를 맛 볼거임,5,1,2025-11-29T03:34:50+00:00,2.4.0
zzz,젠레스 존 제로,c3993b69-972f-4fc4-b8e8-bdf839ec07f9,갓겜 평생가자,5,0,2025-11-29T01:56:39+00:00,2.4.0
zzz,젠레스 존 제로,4e346f67-6292-4bfd-ade1-ddb0d6578b69,재밌어요~,5,0,2025-11-28T12:40:36+00:00,2.4.0
zzz,젠레스 존 제로,101cafbf-efe1-4020-aabf-facebbfb91c7,2.4버전 더빙 누락된걸 다음버전에 패치 한다하고 보상이 고작 100폴리크롬 이게 맞냐,1,2,2025-11-28T06:31:39+00:00,2.4.0
zzz,젠레스 존 제로,fde0a0d1-cc64-409c-9252-f4043babd45f,"휴고 캐릭터가 취향이라서 3달 전부터 겜 시작하며 기다린 뉴비입니다. 뽑기 재화 127개 정도 모아서 존버했는데, 87회차에 픽뚫로 개같은 늑대 퍼리떠서 계정 삭제 신청하고 옵니다. 이겜에 쏟아부은 제 3개월이 너무 아깝고, 허무해서 겜 삭제합니다.",1,6,2025-11-28T02:34:59+00:00,
zzz,젠레스 존 제로,43b4f461-ce37-4491-a33f-92a9ea612a81,더빙 누락은 심한데,1,2,2025-11-28T01:39:55+00:00,
zzz,젠레스 존 제로,f3e3ce84-5128-417f-b7fc-b409c7a0fa55,1.4인가 1.5인가부터 스토리가 좀 이상해진다 싶었는데 시드때 눈물 펑펑 흘리고 그뒤로 스토리가 점점 좋아지고 하는게 느껴지기도 해서 예전이랑 다르게 잘 즐기고 있어요 근데 한가지 문제가 있다하면 스토리가 잘 가다가 한번씩 꼬이는 경우에선 이해하기 어렵기도 한 부분이 나오기도 하고 강습전같은 일부 스테이지는 한정캐릭터들이 없다면 클리어나 좋은 성적 내기가 거의 불가능이라서 이런거만 어떻게 된다면 좋겠네요 상시캐들 as해준다니 류사장님 믿고 리뷰 함 남겨봅니다,4,7,2025-11-28T00:51:28+00:00,2.4.0
zzz,젠레스 존 제로,9c068fe9-591a-47ac-942f-5404f45c8381,스토리 더빙누락은 진짜 머하자는거임,1,1,2025-11-27T15:38:34+00:00,
zzz,젠레스 존 제로,acb70259-18ae-426f-80ba-6e3d2b01124a,모바일로 하는데 렉도 별로 없고 좋습니다. 렉 걸리는지 잘 모르겠던데 풀옵은 렉 걸리지만 중간만 해도 잘 돌아가요,5,1,2025-11-27T06:15:57+00:00,2.4.0
zzz,젠레스 존 제로,02db4760-67a4-428d-99af-dd493c7d7075,액션쾌감 ㄹㅇ,5,1,2025-11-27T06:05:39+00:00,2.4.0
zzz,젠레스 존 제로,1dc2dcbf-9268-4d0d-a3f7-e719ab0e2318,게임 자체 매력이 점점 떨어짐 효요식 BM에 더이상 돈지르고 싶지가 않음 그돈이면 다른겜 4개는 돌림,1,0,2025-11-27T03:14:44+00:00,
zzz,젠레스 존 제로,c30cc68d-3531-48d3-a355-0a42722aeae1,성우녹음 누락,1,1,2025-11-27T02:51:40+00:00,2.4.0
zzz,젠레스 존 제로,1c4a23b3-a0c7-4594-9964-33b1fe41082f,아무리봐도 50%확률이 아닌거 같음. 50% 반천 시스템인 게임 3개 돌리는데 다른게임은 1년이상 데이터를 쌓아보니 50%에 근접하게 결과값이 나오는데 젠레스만 심각하게 낮음. 오픈부터 지금까지 얻은 데이터로 반천 승률이 10퍼 아래임. 최근 11연 픽뚫 진행중이고.. 게임은 정말 재미있는데 확률 장난이 심하다고 느낌. 매버전 2트럭 이상 지르면서 플레이해왔는데 이제는 못할거같음.,1,49,2025-11-27T02:48:03+00:00,2.4.0
zzz,젠레스 존 제로,4024b682-8286-4cf6-9d94-28d175bca32a,갓겜이에요,5,1,2025-11-27T01:58:29+00:00,2.4.0
zzz,젠레스 존 제로,4c2b5331-e071-49cd-a02f-a7895904c9c4,더빙누락,1,2,2025-11-27T01:20:57+00:00,2.4.0
zzz,젠레스 존 제로,242e429c-df59-4709-a89e-62409a7f1305,최적화 되지 못한 게임은 망한다.,1,1,2025-11-27T00:51:09+00:00,
zzz,젠레스 존 제로,c912cfb1-a7ee-4394-875f-9236a71ed131,"캐릭터 디자인, 컷씬, 각 캐릭터들의 스토리, 기본 스토리 등등 다 재밌게 플레이 하고있습니다. 진짜 너무 재밌고 스토리 볼때마다 뻔하지만 그래서 더 끌리는 감도 있습니다. 근데 PC 이 외에 기기에선 게임을 돌리기 많이 힘든건 같아요... 발열도 심하고 특히 렉이 정말 많이 걸리더라고요... 게임 최적화만 어떻게 잘 해결하여 PC에서만 할 수 있는 젠존제가 아닌 다른 기기에서 어디서든 할 수 있는 젠존제가 됐으면 합니다. 버스에서 젠존제를 하고싶어요 ㅎ...",5,97,2025-11-26T18:58:05+00:00,2.4.0
zzz,젠레스 존 제로,8130d069-2f27-448d-bab0-0e1f49ab67cc,더럽게 매운 과금만 빼면 맛있어도,2,0,2025-11-26T15:08:45+00:00,2.4.0
zzz,젠레스 존 제로,baeb22ea-cf7e-4b09-82f3-6b4fb85eb549,"스토리도 점점 정상화되는것 같고 모션, 캐릭터 디자인, 설정 등등 내 인생게임임 ㄹㅇ 지갑이 좀 털리긴한데 그만한 가치를 뛰어넘음 내 14년 인생 게임 중 TOP3 안의 게임",5,2,2025-11-26T14:32:57+00:00,2.4.0
zzz,젠레스 존 제로,52bab84d-14c5-4d42-b14d-6b470fc86d15,이게 일부 누락이냐?,1,1,2025-11-26T14:20:58+00:00,
zzz,젠레스 존 제로,fcf07723-0209-442c-8bdd-e44cad06961c,3연 픽뚫은 너무 하다 생각해요 ㅋㅋ .. 픽뚫나도 2~30에 주는거도 아니고 무조건 꽉꽉 채워서 먹으면 누가 여기에 돈 지르고 게임을 계속 하고 싶을까요 보스들은 계속 쎄지는데 캐릭 뽑을건 안주고 신캐 아니면 깨지도 못하게 만들고 진짜 최악이에요 ..,1,11,2025-11-26T13:33:13+00:00,2.4.0
zzz,젠레스 존 제로,c3ce5a40-cf5b-4837-a1b2-a41c50148291,재밌따,5,0,2025-11-26T11:11:31+00:00,2.3.0
zzz,젠레스 존 제로,3ab45afd-d5c2-4c38-8511-b46651f5920b,이번에 나온 스토리 모드 더빙이 안 들어가있어요!!!!!!!!!!,4,0,2025-11-26T10:14:06+00:00,
zzz,젠레스 존 제로,0ec0444b-7478-42aa-8469-4f2de2073a36,너무 재밌어요 그넫 재화좀 더 뿌려줘요,5,0,2025-11-26T09:01:22+00:00,2.3.0
zzz,젠레스 존 제로,69de36d0-042a-4653-9275-23fc8237befe,아무리 그래도 더빙 누락은 심한듯 싶네요,1,4,2025-11-26T08:48:17+00:00,
zzz,젠레스 존 제로,588a690b-7418-4cf1-9f12-61dcb73a05e0,퍼리만 좀 적으면 좋겠다,4,0,2025-11-26T04:48:07+00:00,2.4.0
zzz,젠레스 존 제로,ed46308a-a3cf-4244-b81b-4d143ae66277,하지마세요. 게임사에서도 버려진 게임입니다.,1,2,2025-11-26T00:54:07+00:00,
zzz,젠레스 존 제로,fbc939f6-8f95-4a4e-a39a-a63484383ad6,"과거에 접었다가 복귀했는데, 재밌게 하는중",5,0,2025-11-26T00:45:18+00:00,2.3.0
zzz,젠레스 존 제로,b4626919-c020-48c9-ba54-52ceb859d7d1,초당 5프레임이 나올정도로 렉이 심했었는데 안드로이드 버전을 올리니깐 해결이 되더라구요...,5,0,2025-11-25T23:07:12+00:00,2.3.0
zzz,젠레스 존 제로,8206427c-7146-40e9-802d-062bf1bd75c0,모바일로 했을때 랙이 걸려서 패링이 잘안됨 내가 지금 군대라서 컴퓨터로 못한다 그러니까 최적화좀 해라 그리고 핵심스킬 육성 재료좀 팍팍 도라 내가 캐릭터 뽑는데 기본 10만을 쓰는데 육성할 재료가 모지라서 3주 나 기다려야 실전에 쓴다 5성 키워야할게 산처럼 싸여있는데 4성은 언제 키우라는 거냐,2,1,2025-11-22T14:57:23+00:00,2.3.0
zzz,젠레스 존 제로,c27815bc-396e-4fda-83bf-9395d1823bbf,굳,5,2,2025-11-22T12:30:02+00:00,2.3.0
zzz,젠레스 존 제로,3362ad89-ec73-4bfd-aa79-426209277b29,제발 휴대폰 최적화좀요. 사전예약 때부터 시작했는데 계속 튕겨서 스토리를 못나가고 있어요. SNS보면서 스토리가 재밌는거 저도 하고 싶은데 렉걸려서 튕기고 난리치는데 제발 최적화가 안되는건지 제발 좀 조치를 취해주세요. 모바일이 되는게임이라 들어온건데...,1,0,2025-11-22T08:42:12+00:00,2.3.0
zzz,젠레스 존 제로,6afb2993-8d42-4f3f-baa5-ff13559ebe2a,정말로 재밌습니다 물론 업데이트 후 이벤트 같은게 끝나면 할게 없습니다 스토리도 다 밀고 하지만 게임은 정말로 재밌어요 캐릭터도 개성이 넘치고 스토리도 나쁘지 않아요. 단지 신규 캐릭터를 계속 필요한데 그만한 재화를 얻기가 힘들고 만약 뽑아도 나중에 나오는 친구까지 육성하면 내가 원하는 캐릭터를 뽑기가 어렵다는게 단점이겠네요. 나중에 점차 좋아지겠죠? 근본 캐릭터도 이제 신경을 써준다는데 이런 게임은 진짜 좋은 것 같네요.,5,2,2025-11-22T03:19:15+00:00,
zzz,젠레스 존 제로,1b3c4933-fa20-489c-9d89-1d536d5980dd,갬성있음,5,0,2025-11-22T00:16:28+00:00,2.3.0
zzz,젠레스 존 제로,e091f6e9-e94c-41ea-8112-87bc741e03c7,"최적화 너무 구려서 못 해먹겠음 4070 컴퓨터로도 살짝씩 끊기는게 좀.. 그리고 오픈월드도 아닌데 왜 용량이 원신, 명조랑 또이또이인 건지 잘 모르겠음",2,0,2025-11-21T18:08:47+00:00,1.6.0
zzz,젠레스 존 제로,dbdff71b-a587-455b-b5bd-84873b860a3f,업데이트 할때마다 뒤쳐지니 접고 이후 복귀 해볼려고 켰는데 빠른 포기하고 다시 삭제함.,1,3,2025-11-21T17:34:59+00:00,2.3.0
zzz,젠레스 존 제로,de2082f8-08c8-4576-95cc-32496b8e5b8c,과금러 아니면 하지마라. 캐릭을 뽑았는데 신규직업으로 내고 기존 장비 못써먹게 만드는거 보고 어이없어서 접음. 캐릭 뽑아도 써먹질 못하노?,1,0,2025-11-21T11:26:55+00:00,
zzz,젠레스 존 제로,11cdc98d-f130-40af-b40b-b29ea920cb0c,"움직이는 피규어 컬렉팅 패링맛집게임 압도적인 서비스 노하우로 직관적인 ui와 스킬설명, 고퀄리티의 성우더빙과 효과음이 좋고 ...너무 재미없는 메인스토리도 중간중간 있음",5,0,2025-11-20T15:27:42+00:00,2.3.0
zzz,젠레스 존 제로,1b101c70-1914-44b1-ac17-b46103cda970,싸우는건 재밌는데..다른건 별로,1,0,2025-11-18T16:43:34+00:00,
zzz,젠레스 존 제로,b6547851-3ba8-47e4-baca-3fd514345b5f,그냥 유저 무시하는 고객응대 1년이 지나도 대응이 없고 쌩무시 돈 잘 버나보네 그냥 나두 같이 무시하려구 ㅋㅋㅋ,1,1,2025-11-16T21:01:59+00:00,
zzz,젠레스 존 제로,652a2c2b-1268-4d18-889c-269693de18ca,"스토리,캐릭터,퀄리티등등 다 완벽하고 전투모션도 화려해서 좋은데...!폰으로 5분도 플레이를 못하네요..다른호요게임은 잘 돌아가는데 젠존제만 유독 건드리질 못하겠네요..그래도 컴터로 즐길수있으니 만족합니다!!",3,8,2025-11-14T07:50:50+00:00,2.3.0
zzz,젠레스 존 제로,66c2cdb7-6504-4123-84f5-867bd09314d2,폰으로 하는데 렉이 너무 심해서 아예 움직이질 못하네요..,1,0,2025-11-14T07:46:45+00:00,2.3.0
zzz,젠레스 존 제로,82d2afaf-cbda-4bdb-8108-0dfcfdc44af8,업데이트하고 느려지는건 에바임 확률도 지나치게 낮음,2,0,2025-11-13T12:22:44+00:00,2.3.0
zzz,젠레스 존 제로,8a653dde-36b5-48e5-b8ff-84254e2a8b0d,픽뚤 확률 줄여줘요,5,0,2025-11-13T04:12:44+00:00,2.3.0
zzz,젠레스 존 제로,ada77b8f-431e-4285-9acd-b495f7780555,스작들 방뺀건지 스토리가 산으로 감,1,1,2025-11-10T06:43:30+00:00,2.3.0
zzz,젠레스 존 제로,0ffd5678-f059-40c6-baa4-23019c5b5195,게임 하려고 들어가면 폰이 발열되면서 계속 나가지는데..3일째 계속 로그인만하고 게임 접속을 못하고 있는데요. 이거 해결안될까요?,5,1,2025-11-08T14:50:52+00:00,2.3.0
zzz,젠레스 존 제로,6e5e270a-c3ab-4175-8cd7-35a8c3344253,오픈 때부터 했던 유저입니다. 모바일 버전이라 해도 렉이 거의 없었지만 이번 업데이트 이후로 모바일 버젼 플레이에 지장이 될 정도로 심각한 렉과 버퍼링이 생겼습니다. +고쳐졌습니다. 젠존제 만세!,5,0,2025-11-07T05:31:36+00:00,2.3.0
zzz,젠레스 존 제로,066969ed-31cb-4e2d-b7e6-15e0b34c4026,빵ㅋㅋ,5,0,2025-11-06T23:54:37+00:00,
zzz,젠레스 존 제로,cbd9692b-d30e-4290-9f03-363825c5eec3,이제 진짜 폰으로는 게임이 도저히 불가능해서 삭제합니다 여태까지 잘했는데 pc로만 하기에는 너무 지치네요,2,2,2025-11-06T07:02:39+00:00,2.0.0
zzz,젠레스 존 제로,33691203-df2b-44d2-b3f9-d0ec02a8b487,"전투 하나는 진짜 재미있어서 5점. 하지만 다른 요소들이 살짝 하자가 있음 스토리 내용 자체는 좋으나, 이걸 풀어나가는 연출이 거의 대부분 텍스트 형식이어서 재미가 없음. 가끔씩 컷신이 나오는데, 이런 컷신이 좀 더 길고 자주 나왔으면 좋겠음. 영화 보는 느낌이 들어야 하는데 텍스트가 80% 이상 차치하다보니 책을 읽는 느낌",4,9,2025-11-06T05:33:37+00:00,2.3.0
zzz,젠레스 존 제로,1d1f6190-9016-4152-b6dc-625761cbb333,반천을 위해 반찬을 걸렀는데 천장이었던 것에 대하여,3,0,2025-11-05T13:36:01+00:00,2.3.0
zzz,젠레스 존 제로,fbc7bae7-924a-4f5e-b398-95234061d261,이제 5장 미는데 스토리가 참...,1,1,2025-11-05T09:14:19+00:00,
zzz,젠레스 존 제로,605316b4-fbff-41a5-bbfc-092736ecedc9,최고!,5,0,2025-11-04T01:36:56+00:00,
zzz,젠레스 존 제로,cc492931-2c8a-4301-a8a0-b703102a4526,non mobile 겜,1,0,2025-11-03T12:16:31+00:00,
zzz,젠레스 존 제로,f8016368-244d-453e-bb4c-faa812c8b3f3,렉 걸려서 못하겠음.,1,2,2025-11-02T06:52:29+00:00,
zzz,젠레스 존 제로,6650e523-c55a-4403-b3b1-37f91429f9ce,"캐릭터 예쁘고 재밌는데 폰 최적화 1도 안해줌 컨텐츠, 폴리크롬 수급처 적음 할거면 컴으로 하는게 맞는데 컴으로 할거면 명조를 할듯; 돈 번만큼 최적화 문제만은 해결해줬으면 좋겠음",2,2,2025-11-02T06:20:49+00:00,2.3.0
zzz,젠레스 존 제로,c3145ae7-0091-4a6e-8f88-026923852cfc,다좋은데 모바일 최적화좀 어떻게 해주셈 내가 막 엄청 최신폰은 아니다만 그래도 s23인데 렉이 엄청 심해서 겜을 제대로 못하겠음,2,0,2025-11-02T01:20:41+00:00,2.3.0
zzz,젠레스 존 제로,e0965df6-0e26-4c06-9c12-38249b34328e,"시작한지 얼마 안 된 50렙인데 게임의 단점이 너무 잘 보입니다. 다들 말하는 거지만 최적화가 정말 문제인게 다른 중저사양 폰도 아닌 S24+ 기준으로 모든 옵션을 최저로 내려도 렉이 너무 심하게 걸립니다. 전투에서도 마찬가지고 루미나 광장, 칭파이 하이츠같은 마을이 붙어있는 곳은 정말 플레이 자체를 못할 수준으로 프레임드랍이 발생해요. 갤럭시 자체 게임 부스터와 굿락 게임 부스터+에서 모든 성능 옵션을 켜고 해야 렉이 그나마 나아지는데 이마저도 15분 이상 플레이하면 발열과 게임 자체 문제로 오히려 부스터를 켜기 전보다 스로틀링이 더 걸리는 기적같은 상황을 보여줍니다. 동일 회사 게임인 원신과 스타레일, 하다못해 명조랑 비교해도 말도 안되는 정도입니다. 이정도면 Vulkan보다 OpenGL로 플레이하는게 더 낫다 판단했으나 게임 API 자체가 Vulkan이라 방법도 없구요. 스토리나 게임 BM을 다 떠나서 모바일로 플레이가 안되는게 가장 큰 문제라고 생각합니다. 솔직히 접고싶네요.",1,7,2025-11-01T09:31:13+00:00,
zzz,젠레스 존 제로,6afb1c60-ce06-4c85-89f4-1760325dca73,"아니 최적화 좀 어떻게 해봐요 호요버스... 원신, 붕괴: 스타레일, 젠레스 존 제로 셋 중에 제일 폰이랑 컴터 갉아먹는 게 이 게임이에요... 다 좋은데 진짜 최적화 문제가 너무 큼",3,0,2025-10-31T19:14:52+00:00,
zzz,젠레스 존 제로,7c2e1871-2557-4c26-b27e-13516f6603c7,뻔한 스토리..,1,1,2025-10-31T12:05:38+00:00,
zzz,젠레스 존 제로,981ae13e-04d0-46d9-aa19-cf46f1aaca80,매일픽뚫나서 접는게임,1,0,2025-10-31T10:33:56+00:00,
zzz,젠레스 존 제로,3481e3f8-1ac8-47ae-b981-0b53ff5a21b1,한버전 재화 열심히 모아도 고봉밥 픽뚫나면 픽업캐릭 하나 가져가기도 힘든 사료각박게임,1,0,2025-10-31T04:26:01+00:00,
zzz,젠레스 존 제로,ecad7174-ba49-4ec0-8528-d2b5b286f5a3,노잼,1,0,2025-10-30T16:09:13+00:00,
zzz,젠레스 존 제로,32f3e8b5-bccb-404e-88af-46ab5d2c7eb6,컴터로 하셈,3,1,2025-10-27T14:29:01+00:00,2.3.0
zzz,젠레스 존 제로,7262593e-bda0-4ae1-b33b-d47cf29e4fe1,재밌게 하고있지만 렉이 너무 심해서 게임을 오래 못함,3,1,2025-10-27T11:53:35+00:00,2.3.0
zzz,젠레스 존 제로,e12da706-de55-47ff-8726-3eaf4218917f,"이앱 최소사향 20GB입니다 엥간한 보급형 핸드폰(점프, A시리즈)는 안돌아갈수 있으니 S계열이나 따거산 게임에 최적화된 폰으로 하십쇼",5,1,2025-10-26T09:13:50+00:00,
zzz,젠레스 존 제로,503fd55e-de39-483f-9a06-154114341622,최고의 게임,5,0,2025-10-25T11:53:35+00:00,2.3.0
zzz,젠레스 존 제로,476fba6a-348c-4b46-8a88-abb55581c1c8,"나 현존 최고의 스마트폰 중 하나인 갤럭시 S25+ 사용 중인데, 이 게임은 특히 프레임 드랍이 심하다. 진짜 곤란. 요즘 들어 심해졌다. 진짜 곤란.",3,3,2025-10-25T10:02:36+00:00,1.5.0
zzz,젠레스 존 제로,d45d3786-735f-4867-a90b-88bec253b15b,"지나친 픽뚫과 컨텐츠 부재, 시대에 뒤떨어진 맹독성 BM, 여전히 아쉬운 스토리, 갈팡질팡하는 방향성. 아쉬운 점이 너무 많음. 같은 돈 받아 먹으면서 특히 붕스랑 대우 차이가 너무 심한게 느껴지니 지를 맛도 안남. 픽업캐 먹을 확률도 붕스는 58%인가 그런데 여긴 체감상 50% 미만임. 장난하는 것도 아니고",1,3,2025-10-25T08:46:32+00:00,
zzz,젠레스 존 제로,2659a963-ffb2-4d9f-8343-894ca6c1170e,언젠가부터 맛있는 고기 반찬을 주는게 아니라 채소볶음이 몸에 좋다며 이상한것들을 강제로 먹임.. 심지어 그전에 잘 먹었던것들도 먹을수없게 유통기한도 짧게 만들기 시작함,1,3,2025-10-25T01:39:48+00:00,2.3.0
zzz,젠레스 존 제로,672c83e2-4489-4430-931a-5b770d341438,"예전에 하던 그 느낌 다 죽었네요, 렉도 엄청 심하고, 폰은 문제 없고 저장 공간도 20gb 남는데, 게임 문제가 심하네요. 모바일 유저 배려도 못하면서 쏟아지는 업데이트, 똑같은 형식에 진행, 그리고 뽑기. 에휴, 더이상 나아질 기미가 안보이네, 어떻게 원신이 이 게임보다 렉이 덜 걸리는지 의문이네요.",2,1,2025-10-24T13:41:17+00:00,
zzz,젠레스 존 제로,1ad0187c-b9bf-48e5-af53-6915f5d52149,웅나나?,4,0,2025-10-24T10:20:06+00:00,
zzz,젠레스 존 제로,7ad0d965-d845-42bc-a39d-24197d3e6a56,"오픈 때는 재밌었는데.. 갈수록 게임사가 쌀먹만함, 분위기도 너무 달라졌고 세계관에 몰입도 안됨 이게 어반판타지인지 무협인지, 호요버스 특인지 계속 남캐 가슴 어필하는것도 열받음",1,5,2025-10-24T02:46:17+00:00,1.1.0
zzz,젠레스 존 제로,4d68482f-2040-46fc-83ba-2a4dcd754ccd,ui 배치 변경이나 이동식 조이스틱은 언제 넣어주시나요? 요즘 앵간한 소규모 게임사 게임들도 이동식 조이스틱은 기본으로 넣어줍니다,3,0,2025-10-23T12:34:13+00:00,
zzz,젠레스 존 제로,3b2ed2a1-20dc-458b-8ae7-31f960f37884,발열이 심하고 렉이 많이 걸려요. 해결책을 알려주세요.ㅠㅠ,5,1,2025-10-23T09:25:37+00:00,2.3.0
zzz,젠레스 존 제로,882a0c88-a6c8-47d3-98e7-e91f2c372b33,"이번 업데이트 이후, 핸드폰 환경(갤럭시 S24 울트라)에서 게임 끊김이 너무 심해짐",4,2,2025-10-23T02:50:14+00:00,2.3.0
zzz,젠레스 존 제로,5980d4bf-e626-4293-9d02-51f627155f53,9연속 픽뚫 50% 절대아님,1,1,2025-10-22T15:25:22+00:00,2.3.0
zzz,젠레스 존 제로,fc699906-0f5a-476f-9484-1e21639cf9cd,pc로는참 괜찮은게임인데 모바일로하기엔 좀그렇다,3,0,2025-10-22T08:11:49+00:00,2.3.0
zzz,젠레스 존 제로,da73105f-c2af-4773-8a86-5992b97d0a6a,"게임의 규모가 커지는 패치들은 좋지만 문제는 플레이에 전혀 영향을 주지 않는 외적인 구조물 때문에 렉이 심각하게 발생하고 있는 것 같습니다. 이 게임은 폰으로도 할 수 있기 때문에 즐기려고 하는 것인데, PC로 해야만 한다면 이 게임과 비교할 필요가 없는 고사양 게임들을 즐기러 가지 않을까요? S23으로 이 게임을 하기 위해서 휴대폰 전용 패드도 구매했지만 기본적인 렉과 발열 때문에 옵션을 최대한 낮춰도 10분 이상 플레이를 할 수 없습니다. 다른 고사양 게임들은 오래 플레이 가능하구요. 6단지처럼 간소화하고, 불필요하게 메모리를 차지하면서 렉과 발열을 유발하는 요소들을 제거가 가능한 옵션들이 필요하다고 생각합니다. 컴퓨터로는 이 게임보다 훨씬 재미있는 게임들이 셀 수 없이 많기 때문에 경쟁할 수 없다고 생각해요. 오래 전부터 최적화를 기대해왔지만 날이 갈수록 불필요하게 심해지기만 하네요. 리뷰들이 개발진에 전달이 되긴 하나요...? 모바일 게임이라는 장점을 되살렸으면 좋겠습니다.",1,180,2025-10-21T05:46:33+00:00,2.3.0
zzz,젠레스 존 제로,cba53e6a-d5dd-4d96-9f9e-a1fb31b5fac1,중국게임입니다 한국인에게는 특별히 확률을 -24%더 낮춘다고 되어잇진않습니다만 그렇게 느껴집니다,1,0,2025-10-20T22:20:29+00:00,2.3.0
zzz,젠레스 존 제로,f6734ee5-963f-4ee8-b183-be5acb4c145e,겜이 켜져야 뭘 하지 어뎃하고 나서 걍 지혼자 꺼지면 뭐 어떻게 플레이 하라는건지 타 플랫폼만 신경쓰고 모바일 최적화는 손도 안대나 거지같네 진짜,1,2,2025-10-20T17:43:16+00:00,2.3.0
zzz,젠레스 존 제로,e1e0ef66-8612-497b-a1ce-8ee61821c24f,이번 업데이트 하고 나서 신캐쓸때 하고 신맵에서 플레이 할때 렉이 너무 걸리고 특히 궁극기 쓸때 더 심하게 렉이 너무 심해요,2,3,2025-10-20T13:49:36+00:00,2.3.0
zzz,젠레스 존 제로,314256a0-ddfe-4f56-805f-62c21b3423b9,다른 놈들 여론은 알빠 아니고 나한테는 갓겜이다 꼬우면 접으면 됨 아득바득 욕하면서 플레이하는 게 이상한 거지,5,3,2025-10-20T12:45:09+00:00,2.3.0
zzz,젠레스 존 제로,19939bca-69af-41b2-9d0c-288c936f5f27,잘못된 걸 계속 밀어가는 안타까운 게임,2,2,2025-10-20T12:40:55+00:00,2.2.0
zzz,젠레스 존 제로,a823dc5d-5fe7-470a-bc49-a4321690e6d7,"현존하는 서브컬쳐 게임중 캐릭터 퀄리티, 액션성이 가장 뛰어남",5,4,2025-10-20T09:03:20+00:00,2.3.0
zzz,젠레스 존 제로,df9d9c47-bd80-4d4c-88c6-1dd9c13fde82,폰으로 젠레스 존 제로 하려고 들어가봤는데 자꾸 게임 데이터 확인중 로딩화면에서 자꾸 튕깁니다.... 10번 넘게 들어가봤는데도 자꾸 튕겨요 저 폰 말고는 기기가 없어서 못해요 부디 해결해주세요ㅜㅜ,5,6,2025-10-19T15:10:12+00:00,
zzz,젠레스 존 제로,4751f271-9f31-479b-92b4-7fe4ffc2acd2,"그냥 더는 개선할 생각이 있나 싶긴하네 유저들 의견을 듣는다기보다는 팔아쳐먹을 부분만 바꾸고 아닌 건 개무시하는 게임사니까 1. 나름 괜찮은 폰으로 최저 옵션으로도 굴러가지 않는 최적화 쓰레기 상태가 오픈 이후로 지속됨. 2. 이 부분은 확률의 영역이지만 수상할 정도로 캐릭터, 엔진 픽업 확률이 고지된 것보다 거지같이 안 나옴.(백번양보해 그럴수도 있다) 3. 스토리 개선이 되는 것 같다만 기대를 잘 안 하게 됨. 4. 오래 운영한 게임들 보면 초심 버리고 원래 유저를 위해 하던 서비스 차원의 CG나 모션을 점점 간소화 하거나 버림. 5. 유저들이 과금 장벽을 낮출만한 패키지 상품이나 스토어를 거쳐 받는 혜택도 부실함. 쌩트럭을 지르 것 말고는 지들이 만든 픽뚫에 대응해서 캐릭터나 엔진 상품을 뽑을 수 있는 수단이 없음. 6. 디스크처럼 거지같은 확률형 강화 컨텐츠를 기약없는 엔드 컨텐츠로 만들어서 게임 스트레스 및 불쾌함을 유발함. 그런데 사실상 개선하는 모습이 거의 없음.",1,44,2025-10-18T11:45:46+00:00,2.3.0
zzz,젠레스 존 제로,4f4c4c54-4bf4-4eb7-b044-7633ed4f3622,아니 게임은 재미있거든요? 아무생각없이 적 패는 그런 재미는 있는데 다운로드시 160뽑 준다면서 10뽑 줘요 괘씸해서 별점 1점,1,0,2025-10-18T09:01:24+00:00,
zzz,젠레스 존 제로,4a14a222-54b3-4d1f-9808-47a60a37f95c,이번 업데이트 이후 그래픽 오류와 끊김 현상이 심해짐,3,9,2025-10-18T08:30:33+00:00,2.3.0
zzz,젠레스 존 제로,3ffbf4ac-85af-43f2-9085-90bf793339a2,y700 4세대입니다 이번 루시아 업데이트되고 모션랙 장난아니네요 ㅡㅡ,1,0,2025-10-18T03:10:57+00:00,2.3.0
zzz,젠레스 존 제로,f128bc76-b312-41f0-956f-6f95d5663f69,폰으로 하는데 최적화가 안돼서 하기 힘듬 렉도 엄청걸리고 폰 발열이 심함,1,5,2025-10-17T02:27:33+00:00,2.3.0
zzz,젠레스 존 제로,e0efca88-a25f-472a-8b5a-09d28357a47f,퍼리 좋음,5,1,2025-10-16T23:54:17+00:00,2.3.0
zzz,젠레스 존 제로,c8aa2511-110b-4e79-a215-c04edfde4c03,겜은 재밌는데 캐릭 얻고싶어서 하는거면 진짜 추천하지않음 근데 캐디를 잘뽑긴해서 즐길순있음 못뽑아서 준내 배아픈거 빼면,3,4,2025-10-16T16:25:01+00:00,2.3.0
zzz,젠레스 존 제로,567cba5e-2abd-437a-8d2f-e2a986dfe693,인류역사상 GOAT게임 TV삭제해주셔서 감사합니다,5,6,2025-10-16T15:38:55+00:00,2.3.0
zzz,젠레스 존 제로,d9b91e52-f6ee-4fe3-8ef4-da246b081bed,비비안 짱.. 모델링도 액션도 재밋음.,5,1,2025-10-16T14:19:12+00:00,
zzz,젠레스 존 제로,06dbbaaa-7a69-428a-b739-30f22547dc31,버전 업뎃 할때마다 점점 렉이 심해지냐 이건 좀 너무한거 아님?,1,4,2025-10-16T11:54:45+00:00,2.3.0
zzz,젠레스 존 제로,3d6fa62b-5ce3-43a6-8241-36dc2a7a7a5b,2.3 업데이트 이후 잔렉 많아지고 버벅임,3,2,2025-10-16T00:07:58+00:00,2.3.0
zzz,젠레스 존 제로,2c220733-1377-4446-9301-e001256c474a,재밌음,5,0,2025-10-16T00:03:55+00:00,2.2.0
zzz,젠레스 존 제로,330f67b0-bd66-48c9-804c-7fbdd43c3f34,업데이트를 할때 마다 끓김 형상이 나타나네요. 다음 버전 업데이트 할때에는 최적화도 고려해서 출시하면 괜찮을 것 같네요. ^^ 호요버스 젠존제 화이팅~입니다. 언제나 응원합니다.,5,0,2025-10-15T14:04:57+00:00,2.3.0
zzz,젠레스 존 제로,c7af060e-02d5-46b6-8934-f23f261d781e,털ㅋㅋㅋㅋㅋㅋㅋㅋㅋㅋㅋㅋㅋㅋㅋㅋㅋㅋㅋㅋㅋㅋㅋㅋㅋㅋㅋㅋㅋㅋㅋㅋㅋ,5,0,2025-10-15T12:54:58+00:00,2.2.0
zzz,젠레스 존 제로,0bdfab1b-9531-4796-8937-1a077e21a25f,업데이트 후 엄청 버벅임.,1,1,2025-10-15T12:28:09+00:00,2.3.0
zzz,젠레스 존 제로,0921f349-48d7-4a19-ad32-51d6f2b0c6a0,모바일 최적화좀..업뎃 할수록 더 썩어가냐,2,3,2025-10-15T12:15:23+00:00,2.3.0
zzz,젠레스 존 제로,f035e0a4-dcc1-4020-b4e9-2f01a46720e3,ㄹㅇ 할게없음 절대 픽뚫나서 접는게아님,1,0,2025-10-15T10:30:28+00:00,
zzz,젠레스 존 제로,03bd5814-f09a-46a1-8dfd-fc90205bfe8a,폰으로 절대못해요 켜지질않음 발열도 엄청나!,1,1,2025-10-15T10:03:09+00:00,2.3.0
zzz,젠레스 존 제로,d8f07696-c693-47c5-9cb0-ccfc3993dca6,짱,5,0,2025-10-15T08:48:26+00:00,2.2.0
zzz,젠레스 존 제로,9fa0ef71-baf1-4607-85a1-c4802533bd24,TV단은 건재하다,5,0,2025-10-15T05:49:56+00:00,2.2.0
zzz,젠레스 존 제로,0d708ab6-5dde-4a62-9d53-a62c182b5ae3,다시 퇴보 하는중 스토리는 호불호 갈리고 중간중간 끼워 맞추려고 무리수 둔게 보임 한정 컨텐츠는 항상 접대에 초점이 맞춰져 있고 상시는 점점 퇴보함 케릭터 디자인마저 호불호의 영역에 어디서 본듯한 디자인 빤짝 하다 또 암흑기가 오는중,1,2,2025-10-15T05:12:37+00:00,2.3.0
zzz,젠레스 존 제로,c63f5456-655f-4b87-b5ce-9158faa795aa,s23 안드로이드 구동시 녹화중 녹화앱이 꼐속 꺼져요 유투브로 플레이 영상을 올릴수가 없어요 고처주세요.,1,3,2025-10-15T04:38:54+00:00,2.3.0
zzz,젠레스 존 제로,283edda1-544a-4bfe-a12a-175d4376472b,오픈 때 별2점 남겼었는데 복귀하고 나니까 그때 지적했던 거 다 피드백 잘됐네요 액션은 뭐 말할 것도 없이 훌륭하고 그래픽 찰흙같던 거 많이 수려해짐 머@리 깨져서 최근엔 20만원 가까이 지른듯...,5,5,2025-10-15T04:00:57+00:00,2.3.0
zzz,젠레스 존 제로,8ca00af7-86db-4a4d-8984-b829e303e720,스토리 모드 고쳐 주세요. 캐릭터 스토리 모드 다 안깨면 다른 스토리 못하는거요. 스토리 모드 렉걸려서 안깨지는데 그거때문에 다른 슽리도 못깨요,1,0,2025-10-15T02:24:16+00:00,2.3.0
zzz,젠레스 존 제로,9cc1be83-7b00-4f68-8731-c62022725fa8,호요 최고게임,5,0,2025-10-14T23:34:50+00:00,2.2.0
zzz,젠레스 존 제로,da2bb53b-6c07-4a12-b681-e9f8b6a4cf91,공식 방송으로 낚시하는 게임은 또 처음보네요. 실망입니다.,1,0,2025-10-14T17:47:32+00:00,2.2.0
zzz,젠레스 존 제로,1eb461a1-9c33-4ea6-98f5-11f726987675,게임이 겁나 팅깁니다 하루에 2~3번,1,0,2025-10-14T02:38:29+00:00,2.2.0
zzz,젠레스 존 제로,9b986a7f-39fa-4fa4-a9bb-2b88cac0f18f,미야비 그저 빛,5,0,2025-10-14T00:39:56+00:00,2.2.0
zzz,젠레스 존 제로,84f1b4eb-39d9-4fce-b03e-d0da0c05985c,전체적으로는 괜찮은 게임이지만 사용량이 과도하여 모바일은 렉이 걸려서 접게 되었습니다,1,0,2025-10-12T08:59:48+00:00,
zzz,젠레스 존 제로,a0c12643-de98-4a44-a53a-17c64ad492c7,픽뚫갓겜,1,5,2025-10-12T08:51:15+00:00,2.1.0
zzz,젠레스 존 제로,2c06af77-e039-4743-9287-4fde01f21945,재밌던데,5,0,2025-10-10T11:04:59+00:00,2.2.0
zzz,젠레스 존 제로,02682850-a7d1-4d82-9a29-a5e1fcd56ea5,"스토리는 만족스럽습니다. 그러나 주력 컨텐츠인 강습전은 불만족입니다. 난이도를 올리는건 괜찮습니다. 원래부터 어려운거에 도전하는 걸 좋아합니다. 그러나, 접대가 너무 심합니다. 접대 캐릭터를 쓰지 않으면, 점수가 안 나올정도로. 난이도를 높이면 높이는거지, 특정 캐릭터를 안뽑았다고 점수가 안나오는건 아니라고 생각합니다. 그리고 다른 호요버스 게임에서는 사전 공개부터 모델링이 완성도가 높았습니다. 젠레스 존 제로는 사전 공개때 완성도가 낮아서 비난받다가, 모델링을 수정하고 나오는 경우가 많습니다. 이번에 루시아라는 캐릭터는 수정을 받고도 비난을 받고 있고요.",1,54,2025-10-09T08:38:00+00:00,2.2.0
zzz,젠레스 존 제로,9577f04c-3d45-43a6-8c55-46f4ae707846,할까 말까 망설이다가 시작했는데 나름 괜찮았음,4,0,2025-10-09T02:03:47+00:00,2.2.0
zzz,젠레스 존 제로,68d32ded-a9ff-4135-adcd-3edf33398c3f,"무과금럽니다. 재화 많이 뿌리는 편이라 풀돌할거 아니면 진짜 할만 합니다. 원신은 딱 명함까지가 무과금이 할 수 있는 한계치인데 이건 전무 뽑아주고 잘하면 1돌도 가능.(심지어 안 모아놨을 때 기준) 진짜 디자인도 설정도 스토리도 완벽하고 무엇보다 동행, 초대랑 신뢰퀘가 캐들 애정도를 극도로 올려버려서 헤어나오질 못하겠습니다. 어떻게 npc까지 매력있냐고요 진짜;;; 역시 호요버스👍",5,3,2025-10-08T15:08:41+00:00,2.2.0
zzz,젠레스 존 제로,5a607a90-65b0-4682-9cc0-39dbb11bcf53,재밌게 놀고 갑니다,5,1,2025-10-08T01:49:19+00:00,2.2.0
zzz,젠레스 존 제로,5476a1f8-bc24-43e0-9e7a-89eafa868b42,게임은다좋으나 위구르.신장자치구를 탄압하고 홍콩을 공산화 시켰다는게 좀아쉽습니다..중국도언젠간 민주주의 공화정부가. 들어서면 좋겠습니다,5,0,2025-10-07T21:44:03+00:00,
zzz,젠레스 존 제로,c969f178-c7fc-45fb-9775-54c353832059,컴퓨터로 하면 좋아요,5,1,2025-10-04T02:43:32+00:00,
zzz,젠레스 존 제로,c7189a1c-a2ff-4202-bf15-f5c1bfc4a6f5,"타격감 좋고, 게임도 재미있는데 최적화가 모든걸 상쇄시킴. 폰겜인데 폰에서 굴러가지가 않는게... 폰 구린거 아니냐 할수있긴한데 S22가 구린건가...?",3,0,2025-10-04T02:32:05+00:00,
zzz,젠레스 존 제로,41ca800b-db5e-4b69-b3cf-75b96155b538,꼴림‼️,5,2,2025-10-03T13:56:23+00:00,2.1.0
zzz,젠레스 존 제로,17003a64-31fc-49e8-886b-6e5ef885f1c0,"확실히 재밌고 액션, 캐릭터 등 플레이 요소는 훌륭함. 다만 핸드폰 발열이나 랙과 관련해서는 개선의 여지가 보임. 프레임 드랍이 너무 심해서 스토리도 못 밀 지경임. 이와 같은 이유로 몇 번이나 삭제한 바도 있지만 이내 다시 깔 정도로 애정하는 게임인데 참 아쉬움.",4,3,2025-10-03T00:45:42+00:00,2.2.0
zzz,젠레스 존 제로,0f982611-ce04-4463-b77f-08e5d4f704ab,"다 좋아요. 근데 제발 모바일을 위해 에이전트 교체버튼 좀 바꿉시다. 조작감이 너무 구려요. 인식도 좀 느리고, 이전 캐릭으로 바꾸는 판정이 남아있는 시간이 있는지 잠깐 동안은 교체 싸이클이 반대로 돌아가요. 이거 때문에 리나 쓰기 힘듭니다. 개인적으로 에이전트 동행 후 떠날때 '잘가'정도의 인사라도 할 수 있는 기능이 있으면 좋다 생각합니다. 항상 동행 끝낼때 버튼 한번에 끝나니까 몰입감이 싹 깨짐",4,9,2025-10-01T16:49:25+00:00,2.2.0
zzz,젠레스 존 제로,c9246da5-4a14-4b4d-ad13-2af803f4dcaf,갓겜추,5,1,2025-10-01T15:48:04+00:00,
zzz,젠레스 존 제로,39b47d7e-a36c-4309-ad5c-91966f32776d,지금 게임오류인지 모르겠는데 핸드폰 접속이 안되는 상황이 발생하여서 게임을 즐길 수가 없다,1,2,2025-10-01T08:13:11+00:00,
zzz,젠레스 존 제로,b9677cac-daef-4950-983d-223111a6b0a1,갈수록 폰으로 하기 힘들어짐,1,3,2025-10-01T04:49:34+00:00,
zzz,젠레스 존 제로,0340e555-a0cc-4e39-b227-20132ffdde37,젠 탈출은 지능순,1,1,2025-10-01T04:47:14+00:00,2.2.0
zzz,젠레스 존 제로,a1629d36-fa9b-4251-a0bb-8f970182a17b,안녕엔비야너를처음본순간부터좋아했어방학전에고백하고싶었는데바보같이그땐용기가없더라지금은이수많은사람들앞에서오로지너만사랑한다고말하고싶어서큰마음먹고용기내어봐매일매일버스에서너볼때마다두근댔고동아리랑과활동에서도너만보이고너생각만나고지난3월부터계속그랬어니가남자친구랑헤어지고니맘이아파울때내마음도너무아팠지만내심좋은맘두있었어이런내맘을어떻게말할지고민하다가정말인생에서제일크게용기내어세상에서제일멋지게많은사람들앞에서너한테고백해주고싶었어사랑하는엔비님내여자가되줄래?아니나만의태양이되어줄래?난너의달님이될게내일3시반에너수업마치고학관앞에서기다리고있을게너를사랑하는젠붕이가,5,2,2025-09-30T05:04:47+00:00,
zzz,젠레스 존 제로,dd5691b7-2518-4533-8ca0-ffb546e1057a,통현자 관련 문제 해결부탁드려요. 모든코인모으고 줬는데 고양이에 완료가 안뜨고 하나 미제출로 뜨네요. 시간대를 아무리 바꿔도 뜨는것도없고 통현자는 재고가 없다고만하고 통현자가 코인을 원한다고 시간대에는 뜨네요.. 너무 불편해서 제발 부탁드립니다.,3,12,2025-09-29T15:04:57+00:00,2.2.0
zzz,젠레스 존 제로,56060e7f-e151-4f55-9eda-6855de0da9ba,이제 갤럭시는 스냅드래곤 들어가야 그래픽 버틸 수 있을듯 하고 램도 8기가로는 힘들어 보임 분명 2.0 들어가기 전에는 이정도로 렉이 안걸린듯 한데 예전엔 안했던 성능부스팅 및 프레임 타협을 해야 겨우 플레이할 정도 이제는 점점 렉때문에 손이 안가는게임이 된다,1,39,2025-09-28T01:00:22+00:00,2.2.0
zzz,젠레스 존 제로,a18419fc-0a78-434d-b6fa-59517cb30bf6,👍👍,5,0,2025-09-25T14:32:35+00:00,2.2.0
zzz,젠레스 존 제로,2b314959-2b3f-44cc-bd69-51b7d3b96a72,픽뚫도 적당히 해야지 진짜 욕밖에 안나오네 아무리 봐도 확률주작임 온갖 정 다떨어지네 강제 대가리 봉합 감사합니다,1,5,2025-09-25T06:09:32+00:00,2.2.0
zzz,젠레스 존 제로,f59d61c8-353c-495f-9688-79fcf21eb45b,왠만하면 하지 마시고 가챠 시스템이 좀 픽뚫이 많이나는 편이고 그에 비해서 가챠가 비싸고 돈이 생각보다 심하게 갈려나가니깐 하지마세요. 전 캐릭 뽑는다고 총 4번이나 픽뚫을 얻고 뽑은 지라 재발 하지 마세요.+ S급 확률이 너무 낮고 최소 80뽑 이상은 해야하는 데 솔직히 아무리 그래도 10만원 첫 구매 재외 50뽑 정도의 재화을 주는 게 맞나 싶습니다. 캐릭터 하나 뽑는 거에 10만원 이상 사용하는게 유저들 입장에서도 캐릭터 하나 얻기 부담스러운데 천장으로 s급 확정을 찍어도 원하는 캐릭터를 못 얻는 것은 좀 문제가 있다고 봅니다. 솔직히 돈은 쓰는 데 솔직히 s급 확률이라도 높여줬으면 합니다. 비싼 재화도 문제지만 캐릭터 뽑기 난이도도 수정 해주 셨으면 합니다.,5,7,2025-09-24T14:29:54+00:00,2.2.0
zzz,젠레스 존 제로,504b1e30-239b-4d73-9b2f-b79caf575afd,오픈때부터 해서 전캐릭 명전하다가 이번 오피 픽뚫 전무 픽뚫나버리니 결국 한번은 운이 안좋을때가 와버림. 40만원 명전이 결국에는 부담이 느껴짐. 붕3 원신 붕스 젠레스 거치며 천만원 정도 썼는데 몇년간 잘 즐긴것 같음. 그래도 비쌈.,4,1,2025-09-24T13:55:40+00:00,2.2.0
zzz,젠레스 존 제로,c47701ee-c3b4-4751-a671-5cd334716e0e,돈버리고 싶으면 하쇼ㅇㅇ 체감 픽뚫 확률 이게 1황임 나는 못버티고 삭제함 ㅂㅂ,1,2,2025-09-24T06:06:20+00:00,
zzz,젠레스 존 제로,36f7af09-6f1b-4995-9aaf-ae2279d7a935,재밌습니다 하는맛이 있어요 스토리도 탄탄하고 캐릭터도 매력적 이네요,5,0,2025-09-23T10:33:41+00:00,
zzz,젠레스 존 제로,b2064386-8d0d-4ea0-b478-c33778eee58c,진짜 제미있고 엘렌 메력케(>.<),5,0,2025-09-23T06:34:49+00:00,2.1.0
zzz,젠레스 존 제로,4c00bf83-21f1-467a-b82a-8e24958b0494,재연결때문에 들어가질 못합니다^^,2,0,2025-09-21T11:08:57+00:00,2.2.0
zzz,젠레스 존 제로,d48e2438-515d-4fb2-9e9b-a14b2f21c8f9,"게임자체는 재밌습니다. 다만, 헨드폰은 RAM 16GB 정도는 되야 무난하게 할 수 있습니다. 8GB 이하릐 램 용량이라면 앱의 강제종료와 끊김 현살이 일어나니 이 게임을 모바일로 플레이하실 분들은 참고 바랍니다.",5,0,2025-09-21T04:23:44+00:00,2.2.0
zzz,젠레스 존 제로,a39636c4-ea54-4301-8174-33b88458fcfb,베리베리굿,5,0,2025-09-20T16:21:56+00:00,
hi3,붕괴3rd,3637ecc3-ab49-4f09-b81e-4f3f47e76d4a,7년차 유저임 유명작 게임 다해뵜지만 붕스만한 게임이 없읍 갓겜임 걍 하셈 인생겜 될거임,5,0,2026-09-08T20:48:34+00:00,
hi3,붕괴3rd,0892ef8c-2d55-4f65-a8b5-1d9fccc9a90e,흐흐 슥쓱 느낌에 게임이네요,4,0,2026-09-08T13:22:22+00:00,
hi3,붕괴3rd,6ca48b13-5595-42fe-aa54-bdb9cf347ddc,이젠 감도안잡힘,2,1,2026-09-07T07:05:45+00:00,3.7.0
hi3,붕괴3rd,a7ddeda5-5411-4a52-a9b9-f4fe8deb366b,붕괴 3rd 9.1 버전 캐릭터 신규 s 급 드림시커 (시서의 율자 ) 2026년10원15일 목요일 업데이트 오전 ~ 오후 11:00 ~ 05:00,5,21,2026-09-03T13:48:34+00:00,9.0.0
hi3,붕괴3rd,a52bcdcb-d6f8-4992-953d-f8df5d5fcea8,인생,5,0,2026-09-03T13:11:30+00:00,5.8.0
hi3,붕괴3rd,ceb7c04f-32c2-4187-81eb-abb080722f4a,이거부터 쳐 제대로 만들고 버스니 나발이니하시지 이거부터 쓰레긴데 뭔 버스여 버스가 스쿨버스나 타셈,1,0,2026-08-11T09:13:28+00:00,
hi3,붕괴3rd,9492a0e1-2355-4707-bd26-865b56bf8186,제발 서비스 종료 하지 말길...,5,0,2026-08-10T06:16:36+00:00,6.7.0
hi3,붕괴3rd,c6cfbd64-4a17-4ef6-9512-cf5ebab69a2d,굿굿 뉴비인데 잼는듯?,5,0,2026-08-03T20:51:53+00:00,
hi3,붕괴3rd,89406690-76c6-4aff-acb9-cd473840fef9,엘리시아ㅜㅜㅜㅜㅜㅜㅜㅜㅜㅜㅜㅜㅜㅜㅜㅜㅜ,5,0,2026-07-24T08:55:04+00:00,
hi3,붕괴3rd,e950baae-8cb5-479e-9ba5-17d5b45a4813,"—붕괴 스타레일만 하다가 자연스럽게 3rd도 입문한 뉴비입니다!— 1) 스토리 쪽은 전체적으로 정말 좋아요! 2016년에 만들어진 게임이라고는 믿기지 않을 정도로 서사랑 빌드업이 잘 되어있어 스토리 진행 내내 몰입하면서 플레이할 수 있었어요! (특히 오토 일판 성우분이...) ———————————————————————2) 이벤트 기간은 평균 2~3달로 기간이 넉넉해 부담 없이 천천히 밀 수 있었어요! 어두운 메인 스토리와는 달리 대체로 밝아 기쁘면서도 슬펐어요... (낙원..ㅠㅠ) ——————————————————3) 캐릭터 모델링, 대사, 무기, 성흔 시스템 등 전부 만족스러워요. 단점은 S급 캐릭터를 얻는 데 시간이 많이 든다는 것 정도...?———「전체적으로 너무 만족스러워서 재미있게 플레이하고 있어요! 좋은 게임 만들어주셔서 감사합니다!」",5,11,2026-07-18T14:52:25+00:00,
hi3,붕괴3rd,e0de7530-e837-4ef0-8f73-297693f6fa43,새시즌 들어오고 너무 재미없어짐... 새로운 캐릭터들이 디자인은 예쁘긴한데 다 어디서 본 것 같은 디자인에 딱히 개성있지도 않아서 캐릭터가 그저 그럼. 애들 옷은 왜 갈수록 쓸데없이 화려해지는지 모르겠음. 의상이 갈수록 난잡함. 심지어 스토리 진행은 주구장창 지들끼리 대화로만 풀고 있어서 걍 다 스킵 때림. 애니처럼 역동적이고 다양하게 움직이지도 않는데 심지어 한다는 말은 쓰잘데기 없는 일상 대화도 너무 많이 들어가서 진짜 지루해 죽겠음;; 그리고 가장 중요한 건... 내용이 너무 안 궁금함ㅠㅠ 이정도로 게임 스토리가 안 궁금하기도 쉽지 않겠다... 신이고 용이고 뭐 다 모르겠고 걍 재미없음... 근데 차마 내가 여기까지 키워온 캐릭터들이 너무 아까워서 그만두지도 못하겠음ㅠㅠ 하.... 진짜...,2,7,2026-07-14T13:03:58+00:00,8.9.0
hi3,붕괴3rd,62e8df91-ccba-4696-8131-19b0b5d83b2d,"완벽갓벽그자체겜 폰이 그리 좋은 사양은 아닌데도(저장공간 128G짜리 폰입니다.) 절전모드하나키면 부드럽게 잘 흘러가고 은근 재화도 잘줍니다. 그리고 캐릭터는 B,A,S기본 등급중에 A등급 제대로 된거 하나만 키워도 엥간한 스테이지는 다깰수있어서 벨런스도 나쁘지 않은거 같네요! 물~론 고사양겜인만큼 발열은 어케할수가 없군요 :)",5,15,2026-07-05T12:43:07+00:00,8.9.0
hi3,붕괴3rd,ac8fbaad-55d1-4823-aa6a-e12991f7d3fe,오토가 좋습니다 스토리 좋습니다 캐릭터 좋습니다 오토아포칼립스를 사랑합니다,5,2,2026-06-25T08:25:16+00:00,8.8.0
hi3,붕괴3rd,c9c3419e-7a4e-4d40-9947-fb005918383c,"입체적인 주인공&빌런, 지금봐도 소름돋는 PV까지 여태 봤던 스토리 중 가장 몰입도 좋고 재밌음. 과금도 BP 순결로 쓸만한 애들 교환되고, AS캐릭의 혜자 명함 패키지, 픽뚫x, 스택이월o 등 좋음. 앞으로 어떻게 될지 모르겠지만, 1부의 스토리만큼은 안 봤으면 인생 절반 손해일 정도로 좋았다.",5,4,2026-06-24T06:20:29+00:00,8.8.0
hi3,붕괴3rd,7cd87609-71f8-4c70-becf-bd85bc926865,2부는 망하고 이젠 그냥 추억팔이겜 사쿠라 보러 가끔 드감,2,3,2026-06-17T07:18:30+00:00,
hi3,붕괴3rd,6a0692aa-d0f5-4d80-ace5-80ee182d40cc,그저 적자생존,4,3,2026-05-31T04:02:16+00:00,2.3.0
hi3,붕괴3rd,3383a1e7-e7fc-4309-93f1-10221bc360a6,"스토리만 좋음. 스토리만. 1부 20장쯤 하고 게임은 접고 스토리만 챙겨보는 중. 일단 전투 방식은 자동전투 없는 건 감안했고 좋았음. 근데 일단 인플레나 이벤트도 적고 밀다보면 할 것들도 떨어져가고… 전 동생 게임 가겠습니다 거기도 비슷하긴 하지만 컨텐츠 업데이트 등 챙기는 건 더 많이 보임. 캐릭터들 애정, 스토리, 괜찮은 전투에 3점 드립니다. 그 외의 불편함이나 컨텐츠 부족이 -2점.",3,3,2026-05-27T12:32:44+00:00,
hi3,붕괴3rd,fa00ea52-ee7a-4e8b-aa67-a5fe71a71473,스토리 보려고 시작했는데 뉴비 사료가 너무 적긴 하네요..,4,0,2026-05-27T00:47:44+00:00,
hi3,붕괴3rd,64968740-b81b-4f26-9e32-9ff1b57fde48,스토리가 개쩔어yo!,5,0,2026-05-20T13:07:35+00:00,
hi3,붕괴3rd,bf2fee49-f40f-4022-b8e9-55e1f36363ea,계정이 없어졌음 고객센터에 문의하여 거래내역이 있어서 uid는 알아냄 전계정을 찾기 위해서는 최초생성날짜와 마지막 접속날짜를 알아야 된다함 22년 이후 접속을 안해 최초생성날짜와 마지막 접속날짜가 기억이 안남 접속방법을 알려달라고 문의하니 접속방법을 알려줄수 없다고 함 그 계정에 접속을 못하겠고 날짜도 도저히 기억이 나지않아 포기함,1,1,2026-05-15T09:02:34+00:00,8.8.0
hi3,붕괴3rd,2dd8e403-dbd3-4a29-b724-dabaec8c5079,좋아하는,5,0,2026-05-13T16:11:07+00:00,
hi3,붕괴3rd,4da9374d-ee55-4936-8928-6015b00f0fab,붕괴 시리즈의 거의 원조겜...하고싶은데 용량이 읎다...ㅠㅠ,5,1,2026-04-29T04:38:04+00:00,
hi3,붕괴3rd,6d656ac4-b179-41ac-bae4-e3e6ec1bae97,everythings great it's just that there's no language in the local Korean version,4,1,2026-04-27T07:34:28+00:00,8.7.0
hi3,붕괴3rd,b2ef252b-a5b7-4188-908d-c7955e24c9aa,처음엔 돋보이는 깔끔한 그래픽이랑 예쁜 디자인보고 재밌게 시작했는데 나날이 갈수록 캐릭터와 장비는 단조로워지고 컨텐츠는 줄어드는 마당에 성의도 없고 재미도 없네요. 근데 또 캐릭터는 형편없는 마당에 한명한명 육성할때마다 돈이 나날이 깨질만큼 현질만 유도하는 겜이 되고있네요.,1,22,2026-04-22T12:39:56+00:00,8.7.0
hi3,붕괴3rd,f0277066-eb80-424a-b66e-6da17fed5528,난 후카가 싫다.후카가 싫다.후카가싫다 왜 자꾸 전투에 후카만 나오게 하냐. 난 이제 후카의 전투 음성을 다 외웠다,1,2,2026-04-12T08:18:58+00:00,8.7.0
hi3,붕괴3rd,97212347-9ed7-4acc-bab3-ecf426053bac,늦게 시작 한 걸 후회 하는 중 옛겜이라는 걸 못 믿을 만큼 존잼,5,0,2026-04-05T16:21:58+00:00,
hi3,붕괴3rd,4bcda473-5f91-4b01-87ed-a15ce935228c,제 계정 돌려주세요. 아무리 9년 된 계정 이지만... 노출도 문제로 명품으로 된 세계적 귀한 캐릭터라지만... 얻은건 얻은거니 계정 복구해 주세요. 8년동안 접속 않했다고 날리시면 어떻합니까...,1,1,2026-03-29T10:12:03+00:00,2.9.0
hi3,붕괴3rd,ca299976-71e5-423a-a5f4-21402e1faa71,튜토리얼 좀 줄이세요,1,3,2026-03-25T01:07:10+00:00,8.7.0
hi3,붕괴3rd,a36b8e68-96c7-479c-8bbb-deb6aa1d089b,용량이 때문에 버벅거리긴 해도 어려우면서도 재미있어요.,5,1,2026-03-12T22:09:54+00:00,
hi3,붕괴3rd,62fa2aab-db45-4877-babf-2289b3f33b18,제가 예전까지만 해도 54렙 계정이 있었는데 왜 없어졌죠? 복구 가능한지 물어봅니다.,3,0,2026-03-08T05:36:21+00:00,
hi3,붕괴3rd,9711ffc6-57d7-4c27-9512-e646ff1da100,붕괴후서1~2부가 너무 잘만드었어요. 재미있게 즐기고 있어요.,5,0,2026-03-07T14:59:55+00:00,8.7.0
hi3,붕괴3rd,e4ce8718-2788-4fd0-a669-7f2e3342f292,내 인생 게임..진짜루,5,0,2026-03-05T08:38:46+00:00,8.6.0
hi3,붕괴3rd,57d8d3c5-a23f-49be-a9c3-d1b857f2bd5c,제가 스스로 붕괴 시리즈 게임을 좋아하는데 이야기를 자동 모드로 조금씩 읽어보려고 했습니다. 정말 황송합니다.,5,0,2026-03-05T08:31:16+00:00,8.7.0
hi3,붕괴3rd,e66ac2ef-ad76-48af-a5cb-d7ebf7420cc5,인생게임,5,0,2026-03-05T04:26:37+00:00,8.6.0
hi3,붕괴3rd,eb79bbdf-9fec-4dd8-b35d-43e9f11ab9fe,인생 최고의 명작입니다,5,0,2026-02-22T18:28:19+00:00,
hi3,붕괴3rd,2a5e76a6-6220-4efd-b287-60dd69a15133,💀,5,0,2026-02-20T10:28:35+00:00,
hi3,붕괴3rd,8679e4c8-647e-4241-bbf6-fcbbbc1244ff,게임이 안들어가짐,5,0,2026-02-05T04:46:35+00:00,8.6.0
hi3,붕괴3rd,0c3e199d-6872-49b7-915b-7acde4f5f503,킹갓겜.... 호요버스 입문을 이걸로 하니 그 어떤 것도 두렵지가 않았음 그리고 오토 없어서 아쉽다는 평도 있지만 붕3은 워낙 나온지 많이 지난 게임이고 오토가 없는 게 붕3의 게임성이라서 난 전투면에서 오토 안 만드는 게 제일 좋은 것 같음. 그리고 스토리뽕........ 진짜 이건 직접 느껴봐야 앎 ㅏㅏㅏㅏㅏㅏㅏㅏㅏㅏㅏ에서 오열해봐야 함 이걸 아직 젊을 때 먼저 느껴봐서 너무 좋앗음 솔직히 이거 안 햇으면 나도 오타쿠 생활 청산했을 거라 지금은 캐릭들도 많이 바뀌고 스토리도 새로 나오고 했지만 5점 안 줄 수가 없음ㅋㅋㅋㅋㅋㅋㅋ UI 안 바뀐 것+리뉴얼 많이 안 된 것도 한 몫 했고. 다만 (내가) 안타까운 건 붕3 최애가 둘인데 하나가 남캐라 공식웹툰을 보니 내가 보기도 전에 이미 사망해 있엇다는 것........... 다들 전승편을 보세요,5,26,2026-02-01T17:31:25+00:00,5.0.0
hi3,붕괴3rd,aa70302c-58d1-40dc-ad39-4caaf76c6297,재밌어용,5,0,2026-01-26T04:59:34+00:00,2.2.0
hi3,붕괴3rd,2216cd55-22b8-4215-bafa-92f8e0bcf993,아이디못찾고 다시하자니 무척 힘들겠네요 어휴,1,0,2026-01-25T16:39:57+00:00,
hi3,붕괴3rd,2655eb5f-674d-4cf2-97a0-a0a0657153f0,굿,5,0,2026-01-21T08:08:23+00:00,8.6.0
hi3,붕괴3rd,6e80ac8b-de26-4d56-9f6c-a2aa52b28042,내 마지막 여정은 종언의율자에서 끝이났는데....,5,3,2026-01-20T14:19:55+00:00,8.5.0
hi3,붕괴3rd,72e7623a-7c7c-4807-b4d9-77e8e9cdf571,현재 앱 자체가 들어가지지가 않네요. 심각한 버그일까요...?,5,0,2026-01-14T11:03:25+00:00,8.6.0
hi3,붕괴3rd,dceaf4ad-4ea7-42de-94ab-e7d7233682ca,지금 봐도 전혀 촌스럽지 않은 연출과 전개입니다. 적극 추천하는 게임!,5,1,2026-01-09T04:51:31+00:00,
hi3,붕괴3rd,d064e911-4a45-4e2d-83ef-4462fb253385,잔버그 제외하면 재밌습니다. 다만 처음 입문하시는 분들은 조금 어려운감이 있고 자동이 없다는게 단점이자 메리트네요. 전 이게임에 대해 만족하고 있습니다. 스토리하며 그래픽하며 나름 다른게임에 비해 좋은게임이라 생각해요!,5,38,2026-01-09T03:23:21+00:00,8.6.0
hi3,붕괴3rd,58408796-6612-48d5-a03f-a5a2260f5a40,나의 첫 서브컬쳐.,5,2,2026-01-05T12:15:15+00:00,8.6.0
hi3,붕괴3rd,8c715c1c-d757-4a76-a92d-f0ae0a069531,와 올만에 접속하려니까 없는계정이라고 나와서 당황 다시 키우기는 귀찮고 걍 다시 삭제하렵니다,1,3,2025-12-21T03:43:38+00:00,8.5.0
hi3,붕괴3rd,ba87f029-e9f2-48b7-8317-18d034598631,손가락 아픈 거 빼고 다 좋음.,4,1,2025-12-16T00:06:03+00:00,8.5.0
hi3,붕괴3rd,176f442b-6624-4e62-a551-6ca007748493,잠시 쉬었다가 시작했는데 최종장까지의 스토리도 엄청 좋았습니다. 2부도 1부처럼 잘됬으면 좋겠습니다. 뽑기도 수월해질 정도로 수정수급이 많이 좋아진거 같고요 2부초반을 견디고 계속 하길 잘했어요 남캐 안내신다고 뭐라 하는 분들 계시던데 애초에 우리 붕3은 남캐를 안낸다고 했어요!,5,33,2025-12-12T16:01:58+00:00,6.8.0
hi3,붕괴3rd,079b847c-a94c-409e-943e-3fe0891f1686,샘웨는말했다 의무교육화하라 국.영.수.붕.,5,2,2025-12-04T11:10:18+00:00,7.1.0
hi3,붕괴3rd,289073ec-ca98-45b5-8cb4-120a977ab830,노잼,1,1,2025-12-01T04:12:04+00:00,
hi3,붕괴3rd,d0afa5a3-0963-4fcc-b0a1-88121c04e40a,몇년만에 접속했는데 내 계정 다 날아갔다ㅠ,1,15,2025-11-26T14:36:32+00:00,8.5.0
hi3,붕괴3rd,9e5ba526-c8ab-413c-95a0-c43ff0a1847f,재미있내요 시스템도 잘되어 있어요 그리고 출석보상에 신염의 율자 퍼즐 조각도 넣어주시면 좋겠습니다 그리고 다음 업데이트 에 낙원상점과 전장의보고에 종언의 율자 코인들과 조각도 넣어주시면 좋겠습니다,4,2,2025-11-21T06:56:46+00:00,8.5.0
hi3,붕괴3rd,baeaef47-c62d-4973-85ea-e24fc6fae2d0,내가 이걸 8년 지날때까지 하네,5,1,2025-11-20T03:11:05+00:00,8.5.0
hi3,붕괴3rd,d5db0432-f3cf-4c1e-82c0-f8a0ec98107c,붕괴 진짜 너무 재밌게 하고있는 사람이에요 붕괴 처음엔 재미가 없나? 이런 생각이 들었는데 해보면 재밌더라구요 ㅎㅎ :),5,0,2025-11-19T12:21:27+00:00,
hi3,붕괴3rd,be3e4b7a-f361-4e0e-afee-fa4226c284a8,하지마라. 지들이 잘못해놓고 굿즈 때먹힌거 생각만하면 아직도 얼탱이가 없노 ㅋㅋ 빨리 섭종이나 해라.,1,2,2025-11-18T11:39:51+00:00,
hi3,붕괴3rd,205cab14-f26e-4e04-ac96-a41f3f5b35d9,정말 개인적인 의견입니다. 최근에 호요버스 게임들을 전부다 해봤는데요. 붕괴3rd가 다른 퀄리티좋은 호요버스 게임들과 비교해도 꿀리지않을만큼 재밌긴한데요. pc로 했을때 조각감이 좀 불편하고 그리고 퀄리티가 좋긴하지만 다른 호요버스 게임들에 비하면 개인적으로 많이 아쉽다고 느꼈습니다. 그래도 이건 정말 저의 개인적인 의견이고 게임은 너무 재밌습니다.,5,15,2025-11-16T17:42:48+00:00,
hi3,붕괴3rd,413c223a-7ef9-4a69-aecf-b70cde99466c,이 게임 꼭 하세요ㅜㅜ 스토리가 죽여줍니다. 진짜 보면 후회 안 할거에요,5,3,2025-11-15T04:09:39+00:00,
hi3,붕괴3rd,cc82388f-f90e-4c4f-8f0c-8d52134bd23d,존잼,5,0,2025-11-12T13:29:21+00:00,
hi3,붕괴3rd,858b1ca0-971f-405d-8bc7-7cc976be9204,"듀란달,세나디아 최고!",5,0,2025-11-06T10:59:56+00:00,
hi3,붕괴3rd,3040260b-117a-499f-b6f6-b7b63ecfdc2a,이거 멀티 플레이가 사라져서 친구랑 같이 못해요ㅠㅡㅠ 다시 멀티 해주실순없나요?,5,0,2025-11-03T08:40:38+00:00,8.5.0
hi3,붕괴3rd,cc634fa3-20a7-4d14-8a4e-a326fcd0adb9,저 그동안 계속 붕괴3rd 했었는데 갑자기 제 아이디가 사라졌어요...;;;; 초기화 되버렸는데?,1,1,2025-11-03T04:02:42+00:00,8.5.0
hi3,붕괴3rd,7b8a2103-adb0-4a81-80ce-b7430eb5773e,업뎃할때 너무 많이 용량이 올라가요. 살려주세요 ㅠㅠ,3,0,2025-10-23T13:07:16+00:00,8.4.1
hi3,붕괴3rd,ecc56adb-e76d-4816-9641-db14bd9731e8,굿,5,0,2025-10-23T08:31:27+00:00,8.4.1
hi3,붕괴3rd,040ea1f6-f5a2-4414-9ba9-e79ec611829b,엘리시아 찾아 삼만리.,5,0,2025-10-19T05:08:13+00:00,
hi3,붕괴3rd,d87419c0-f2b0-4a52-84fb-c7c93c36898b,"접었다가 다시 시작한 뉴비입니다! 사실 이 게임을 알게 된 건 10년 전이었으나 당시에는 공격 패턴도 단순하고 스토리 연출도 단촐해서 초반만 하다가 튕겨져 나갔던 기억이 납니다. 우정 낙원이 끌려서 다시 하게 되었는데 옛날과는 다르게 타격감도 좋고 전투할 때 보는 재미가 쏠쏠하네요! 인게임 모델링도 훨씬 예뻐졌고 뉴비라 그런지 모르겠지만 할 컨텐츠도 엄청나게 많아요. 거기다 붕3은 그냥 파티 짜서 시작 누르면 잠깐 전투하고 끝나는 스테이지 형식의 게임으로만 알고 있었는데 안하던 몇 년 사이에 오픈 월드부터 시작해서 이벤트성이지만 레이싱, rpg 같은 게임들도 게임 안에 다 있더라고요? 게임 안에 여러 가지 형태의 게임이 있다고 해야 할까요. 여러 게임들이 믹스된 느낌이라 신선했습니다. 솔직히 엘리시아 얻어서 프로필에 걸어두고 그 외엔 스토리만 즐기고 접을 생각이었습니다만 흥미가 생겨서 앞으로도 계속 할 것 같아요",5,57,2025-09-21T14:20:11+00:00,8.4.1
hi3,붕괴3rd,debf8e75-5131-4c8d-a8ce-0e788b88b054,님들ㅇㅈ 갓게임,5,5,2025-09-20T02:09:26+00:00,8.3.0
