video_id,channel_id,group,cohort,name_ko,name_en,title,published_at,views,likes,comments
9Np2BdVQVjE,UClbYIn9LDbbFZ9w2shX3K0g,StelLive,2023 데뷔,아야츠노 유니,Ayatsuno Yuni,유니의 러너리그 무관 탈출 연대기,2026-09-25T04:02:53Z,79630,939,113
znRKok6APMY,UClbYIn9LDbbFZ9w2shX3K0g,StelLive,2023 데뷔,아야츠노 유니,Ayatsuno Yuni,시작부터 남다른 적성 [봉누도2],2026-09-21T09:00:35Z,93286,1282,102
WQxtkLDMpG4,UClbYIn9LDbbFZ9w2shX3K0g,StelLive,2023 데뷔,아야츠노 유니,Ayatsuno Yuni,선배가 기강 잡는 방법,2026-09-16T10:35:09Z,374573,3463,288
WsbFTpMGvNU,UClbYIn9LDbbFZ9w2shX3K0g,StelLive,2023 데뷔,아야츠노 유니,Ayatsuno Yuni,종우 병아리 시절 귀엽네 ??,2026-09-13T10:00:24Z,254217,1827,131
6hn6BJ3ooZQ,UClbYIn9LDbbFZ9w2shX3K0g,StelLive,2023 데뷔,아야츠노 유니,Ayatsuno Yuni,내 통장 쌍베,2026-09-10T09:00:02Z,116221,1411,132
64dsce-73Dg,UClbYIn9LDbbFZ9w2shX3K0g,StelLive,2023 데뷔,아야츠노 유니,Ayatsuno Yuni,유니 여름 신의상 특별 공개 🦄💜,2026-09-08T09:30:27Z,102346,2070,194
_Pb-Hvg5znA,UClbYIn9LDbbFZ9w2shX3K0g,StelLive,2023 데뷔,아야츠노 유니,Ayatsuno Yuni,유니랑 같이 하자 귀무자! #귀무자 #CAPCOM,2026-09-08T09:00:22Z,25826,1963,45
npOCPzNiDhc,UClbYIn9LDbbFZ9w2shX3K0g,StelLive,2023 데뷔,아야츠노 유니,Ayatsuno Yuni,28시간이 걸린 지옥의 점프킹 켠왕!,2026-09-04T08:00:25Z,206512,2650,245
-eseOjKAWPk,UClbYIn9LDbbFZ9w2shX3K0g,StelLive,2023 데뷔,아야츠노 유니,Ayatsuno Yuni,전설의 검객 실체,2026-09-03T09:02:04Z,93406,1179,96
ysdVgfguR-Q,UClbYIn9LDbbFZ9w2shX3K0g,StelLive,2023 데뷔,아야츠노 유니,Ayatsuno Yuni,사장님이랑 인생 첫 어른 회식,2026-08-31T08:30:20Z,315655,2990,196
q5m1H8wX2QQ,UClbYIn9LDbbFZ9w2shX3K0g,StelLive,2023 데뷔,아야츠노 유니,Ayatsuno Yuni,유니야 뭘 훔친거니,2026-08-28T09:00:21Z,154806,1930,97
uqHIYWJsPHI,UClbYIn9LDbbFZ9w2shX3K0g,StelLive,2023 데뷔,아야츠노 유니,Ayatsuno Yuni,파블로프의 망아지,2026-08-24T08:00:37Z,59894,1859,164
B3BY6DolnrM,UClbYIn9LDbbFZ9w2shX3K0g,StelLive,2023 데뷔,아야츠노 유니,Ayatsuno Yuni,유니는 페어리 타입일까나 ~,2026-08-21T09:00:36Z,129841,2233,344
1j0OXYJCndA,UClbYIn9LDbbFZ9w2shX3K0g,StelLive,2023 데뷔,아야츠노 유니,Ayatsuno Yuni,【핫클립】후야는 왜 거꾸로 걸어다녀?,2026-08-18T09:15:03Z,49521,1619,90
_vSXJtE_E-E,UClbYIn9LDbbFZ9w2shX3K0g,StelLive,2023 데뷔,아야츠노 유니,Ayatsuno Yuni,오징어엔 간장 아닌... 아니야아니야 취소취소,2026-08-14T11:30:26Z,159774,3291,576
-GWXzsvK9CA,UClbYIn9LDbbFZ9w2shX3K0g,StelLive,2023 데뷔,아야츠노 유니,Ayatsuno Yuni,"잘 가라, 포대장. 내가 없는 시대에 태어난 것뿐인 범부(凡夫)여.",2026-08-09T09:00:36Z,110952,2730,311
t1HQYh_db9U,UClbYIn9LDbbFZ9w2shX3K0g,StelLive,2023 데뷔,아야츠노 유니,Ayatsuno Yuni,린연시 성공했긴 한데 ...,2026-08-07T08:00:15Z,68636,2111,116
U1_WckdfZM8,UClbYIn9LDbbFZ9w2shX3K0g,StelLive,2023 데뷔,아야츠노 유니,Ayatsuno Yuni,유니는 하얀 머린데 까만 머리카락이 있네...?,2026-08-03T09:01:47Z,74377,1905,101
cbl-eMyOrgg,UClbYIn9LDbbFZ9w2shX3K0g,StelLive,2023 데뷔,아야츠노 유니,Ayatsuno Yuni,망아지가 택시 타면 생기는 일,2026-07-30T09:30:14Z,45170,1699,167
YKvPGoUpgic,UClbYIn9LDbbFZ9w2shX3K0g,StelLive,2023 데뷔,아야츠노 유니,Ayatsuno Yuni,요약 한 번 당해볼래?,2026-07-28T09:00:08Z,42911,1486,156
O0m9seBBkFg,UClbYIn9LDbbFZ9w2shX3K0g,StelLive,2023 데뷔,아야츠노 유니,Ayatsuno Yuni,✨점메추 해드립니다✨ #유니 #stellive #스텔라이브,2026-07-27T03:00:12Z,55899,3618,582
KmGi0PHUlJk,UClbYIn9LDbbFZ9w2shX3K0g,StelLive,2023 데뷔,아야츠노 유니,Ayatsuno Yuni,신난 망아지 볼 사람,2026-07-25T09:00:13Z,55961,1925,123
GiaDQPVBDsM,UClbYIn9LDbbFZ9w2shX3K0g,StelLive,2023 데뷔,아야츠노 유니,Ayatsuno Yuni,다이죠부이데쇼 😎💜  #stellive #스텔라이브 #유니,2026-07-24T03:00:35Z,626010,20571,346
8jptHIO9ubM,UClbYIn9LDbbFZ9w2shX3K0g,StelLive,2023 데뷔,아야츠노 유니,Ayatsuno Yuni,끝나지 않은 메호대전 [웃긴 축구 움짤 월드컵],2026-07-22T09:05:09Z,74653,2065,208
kol_Wov5FeA,UClbYIn9LDbbFZ9w2shX3K0g,StelLive,2023 데뷔,아야츠노 유니,Ayatsuno Yuni,유기도문 ON,2026-07-20T09:15:03Z,57878,1931,124
NI4e7uGlqTU,UClbYIn9LDbbFZ9w2shX3K0g,StelLive,2023 데뷔,아야츠노 유니,Ayatsuno Yuni,【핫클립】고소하네 후야,2026-07-16T09:00:31Z,71515,2377,136
wsBjQyblpWM,UClbYIn9LDbbFZ9w2shX3K0g,StelLive,2023 데뷔,아야츠노 유니,Ayatsuno Yuni,✨ 잘한다 잘한다 잘한다 ✨ #stellive #스텔라이브  #유니 #잘한다,2026-07-14T05:00:27Z,165454,8452,208
K7MzUWpMvHY,UClbYIn9LDbbFZ9w2shX3K0g,StelLive,2023 데뷔,아야츠노 유니,Ayatsuno Yuni,민트짱 민트짱 민트초코짱 #stellive #스텔라이브 #유니 #민트초코 #민초,2026-07-13T10:00:14Z,149501,6848,125
c8ddcexRsiU,UClbYIn9LDbbFZ9w2shX3K0g,StelLive,2023 데뷔,아야츠노 유니,Ayatsuno Yuni,아 진짜 진짜 마지막 찐막,2026-07-12T09:00:12Z,111869,2073,228
egoTEH8teX0,UClbYIn9LDbbFZ9w2shX3K0g,StelLive,2023 데뷔,아야츠노 유니,Ayatsuno Yuni,아 르 냥 일 어 나 🕗 !! #stellive #스텔라이브 #유니 #알람,2026-07-09T23:00:24Z,691254,18489,303
0scqjFsR4Y8,UC0YQnenKBCu5sGb7H61n6HA,StelLive,2025 데뷔,사키하네 후야,Sakihane Huya,지..진정하세요 히나님,2026-09-25T09:00:18Z,79242,1404,73
CccS09md-AQ,UC0YQnenKBCu5sGb7H61n6HA,StelLive,2025 데뷔,사키하네 후야,Sakihane Huya,인터넷 방송을 보는 것이 대단한 이유 #shorts #vtuber,2026-09-22T22:00:08Z,92769,4979,122
KYRfwU8ZuWM,UC0YQnenKBCu5sGb7H61n6HA,StelLive,2025 데뷔,사키하네 후야,Sakihane Huya,이건... 식문화의 붕괴다!!!,2026-09-21T09:00:13Z,97495,1698,170
geoP6Dg7iXg,UC0YQnenKBCu5sGb7H61n6HA,StelLive,2025 데뷔,사키하네 후야,Sakihane Huya,안녕하세요 후야TV입니다🐲 오늘은 먹방을 해볼거예요!,2026-09-17T09:00:26Z,118144,2026,142
FaEEEaV45Gk,UC0YQnenKBCu5sGb7H61n6HA,StelLive,2025 데뷔,사키하네 후야,Sakihane Huya,이제 곧 일주년이야! 고마워요 😘 #shorts #vtuber,2026-09-15T22:00:30Z,60576,4474,163
LdS0J6g5ZdQ,UC0YQnenKBCu5sGb7H61n6HA,StelLive,2025 데뷔,사키하네 후야,Sakihane Huya,큰 소리로 말하지마 후야야,2026-09-14T09:00:34Z,168010,2235,95
909qI3FB6SQ,UC0YQnenKBCu5sGb7H61n6HA,StelLive,2025 데뷔,사키하네 후야,Sakihane Huya,내맘대로할껀데뭐어쩔건데비켜😈 #shorts #vtuber,2026-09-09T22:00:03Z,35610,2680,105
h8UVUYeKDgc,UC0YQnenKBCu5sGb7H61n6HA,StelLive,2025 데뷔,사키하네 후야,Sakihane Huya,너무너무 예쁜 후야의 첫번째 신의상! 👙,2026-09-08T09:00:16Z,79470,2939,253
NpNgW8m33cU,UC0YQnenKBCu5sGb7H61n6HA,StelLive,2025 데뷔,사키하네 후야,Sakihane Huya,아 따라하지 말라구~,2026-09-07T09:00:19Z,88101,1753,76
bv-3cBZRXI4,UC0YQnenKBCu5sGb7H61n6HA,StelLive,2025 데뷔,사키하네 후야,Sakihane Huya,포켓몬 공부하려고 했는데 또 틀림 / 포켓몬 타입 맞추기,2026-09-04T09:00:13Z,189250,1983,200
GVgm1FlHO10,UC0YQnenKBCu5sGb7H61n6HA,StelLive,2025 데뷔,사키하네 후야,Sakihane Huya,스텔라이브 먹이사슬 #shorts #vtuber,2026-09-01T22:00:05Z,189653,7172,182
8shKFjkHabo,UC0YQnenKBCu5sGb7H61n6HA,StelLive,2025 데뷔,사키하네 후야,Sakihane Huya,푸른 산호초(青い珊瑚礁) - 松田 聖子 l 사키하네 후야(Sakihane Huya) Cover,2026-08-31T10:40:06Z,422528,12789,870
2wM6S0AczYY,UC0YQnenKBCu5sGb7H61n6HA,StelLive,2025 데뷔,사키하네 후야,Sakihane Huya,후야가 이환 행사장에 등장했다고요?!😎,2026-08-30T09:00:00Z,48395,1265,69
CLZzyDfRwBE,UC0YQnenKBCu5sGb7H61n6HA,StelLive,2025 데뷔,사키하네 후야,Sakihane Huya,못 고르겠어~ 못 고르겠다고😭 /명조 PV 월드컵,2026-08-29T09:00:22Z,63414,1038,65
3mTOSGpt-z0,UC0YQnenKBCu5sGb7H61n6HA,StelLive,2025 데뷔,사키하네 후야,Sakihane Huya,1등 안해도 괴롭힐건데??,2026-08-28T09:00:14Z,114140,1754,80
wRvx12AwONs,UC0YQnenKBCu5sGb7H61n6HA,StelLive,2025 데뷔,사키하네 후야,Sakihane Huya,아가들중에 제일 어른이라구! #shorts #vtuber,2026-08-25T22:00:27Z,103127,6439,185
cX6HcXQvYdw,UC0YQnenKBCu5sGb7H61n6HA,StelLive,2025 데뷔,사키하네 후야,Sakihane Huya,포린이들의 포켓몬 배틀!,2026-08-24T09:00:18Z,78346,1885,125
pMSvxKQtV0A,UC0YQnenKBCu5sGb7H61n6HA,StelLive,2025 데뷔,사키하네 후야,Sakihane Huya,???:나는 아직 후야 가슴의 '가'도 못봤는데,2026-08-21T09:00:21Z,47731,1688,94
KLE25NO8BK0,UC0YQnenKBCu5sGb7H61n6HA,StelLive,2025 데뷔,사키하네 후야,Sakihane Huya,극한직업 후야 매니저 #shorts #vtuber,2026-08-18T22:00:21Z,68678,4538,112
soOLxLGyeRI,UC0YQnenKBCu5sGb7H61n6HA,StelLive,2025 데뷔,사키하네 후야,Sakihane Huya,홀로라이브에서 리듬 게임이 나왔다고요!?!?,2026-08-17T09:00:06Z,62254,2320,158
HlGZ8AY6nrw,UC0YQnenKBCu5sGb7H61n6HA,StelLive,2025 데뷔,사키하네 후야,Sakihane Huya,😼이봐용가리! 🐲이봐고양이! #shorts #vtuber,2026-08-13T22:00:05Z,294279,10793,154
YwlyUy8kPKc,UC0YQnenKBCu5sGb7H61n6HA,StelLive,2025 데뷔,사키하네 후야,Sakihane Huya,마음예보💌 #shorts #vtuber,2026-08-11T22:00:31Z,194875,12043,238
c_IwiiicwQg,UC0YQnenKBCu5sGb7H61n6HA,StelLive,2025 데뷔,사키하네 후야,Sakihane Huya,후야는 일본어 공부중🤔 #shorts #vtuber,2026-08-09T22:00:36Z,83464,4433,127
fmMp_iMHxv8,UC0YQnenKBCu5sGb7H61n6HA,StelLive,2025 데뷔,사키하네 후야,Sakihane Huya,선생님 쟤 무쌩겼어요!,2026-08-07T09:00:37Z,190428,3387,323
DQdhWNVWehc,UC0YQnenKBCu5sGb7H61n6HA,StelLive,2025 데뷔,사키하네 후야,Sakihane Huya,스타크래프트 성대모사 장인 #shorts #vtuber,2026-08-04T22:02:30Z,97184,3974,146
bykXyEX1aLc,UC0YQnenKBCu5sGb7H61n6HA,StelLive,2025 데뷔,사키하네 후야,Sakihane Huya,스타크래프트 절망편 #shorts #vtuber,2026-08-04T22:01:27Z,85974,2807,105
FmMnqJQ6tX0,UC0YQnenKBCu5sGb7H61n6HA,StelLive,2025 데뷔,사키하네 후야,Sakihane Huya,스타크래프트 희망편 #shorts #vtuber,2026-08-04T22:00:24Z,228272,3258,204
BoXtHOLsKEc,UC0YQnenKBCu5sGb7H61n6HA,StelLive,2025 데뷔,사키하네 후야,Sakihane Huya,수상한 콧수염 그녀,2026-08-03T09:00:36Z,40125,1520,89
WXcfcZSwscc,UC0YQnenKBCu5sGb7H61n6HA,StelLive,2025 데뷔,사키하네 후야,Sakihane Huya,추천만 하고 할 사람은 없는 게임추천시간,2026-07-31T09:00:31Z,72275,2504,149
w16uoVZpKqY,UC0YQnenKBCu5sGb7H61n6HA,StelLive,2025 데뷔,사키하네 후야,Sakihane Huya,단단비리비리 #shorts #vtuber,2026-07-28T22:00:30Z,412574,12377,158
B6Tniwn6hsE,UC1afpiIuBDcjYlmruAa0HiA,StelLive,2023 데뷔,시라유키 히나,Shirayuki Hina,미친 우결 아줌ㅁㅁㅁㅁ마 [봉누도2],2026-09-26T05:00:20Z,50671,1006,119
My41g_Mi3rw,UC1afpiIuBDcjYlmruAa0HiA,StelLive,2023 데뷔,시라유키 히나,Shirayuki Hina,총명한 기자 명총희입니다 [봉누도2],2026-09-24T07:00:24Z,64733,1315,155
sZOzSN7Td0c,UC1afpiIuBDcjYlmruAa0HiA,StelLive,2023 데뷔,시라유키 히나,Shirayuki Hina,해둥이는 참지 않아【히나 핫클립 #79】,2026-09-23T07:00:03Z,146907,1709,104
gto9364WLVY,UC1afpiIuBDcjYlmruAa0HiA,StelLive,2023 데뷔,시라유키 히나,Shirayuki Hina,아르냥은 차갑다... #vtuber #shorts,2026-09-20T05:00:14Z,132580,6744,126
64ff-QBqAMQ,UC1afpiIuBDcjYlmruAa0HiA,StelLive,2023 데뷔,시라유키 히나,Shirayuki Hina,주식에 물렸을 때의 대처법,2026-09-19T07:00:07Z,87315,1618,206
jTaalmeveyM,UC1afpiIuBDcjYlmruAa0HiA,StelLive,2023 데뷔,시라유키 히나,Shirayuki Hina,포켓몬 모에화 월드컵 ㄱ-,2026-09-16T07:00:28Z,192258,2131,148
_NvZoyBdXrw,UC1afpiIuBDcjYlmruAa0HiA,StelLive,2023 데뷔,시라유키 히나,Shirayuki Hina,오늘도 평화로운 유니버스👍 #vtuber #shorts,2026-09-15T05:00:03Z,183705,8339,140
_BH72cVYV2Y,UC1afpiIuBDcjYlmruAa0HiA,StelLive,2023 데뷔,시라유키 히나,Shirayuki Hina,미친 유니콘아......【스텔 마크 서버】,2026-09-13T05:00:28Z,109718,2233,143
6ynM4cBVdFE,UC1afpiIuBDcjYlmruAa0HiA,StelLive,2023 데뷔,시라유키 히나,Shirayuki Hina,모두를 놀라게 한 히나의 수영복 신의상...!!🌊 #vtuber #shorts,2026-09-10T05:00:35Z,36933,2495,134
9Xaa14JYbGk,UC1afpiIuBDcjYlmruAa0HiA,StelLive,2023 데뷔,시라유키 히나,Shirayuki Hina,4.6만명이 실시간으로 환호한 '그 신의상' [스텔 여름 신의상🌊],2026-09-09T07:00:33Z,92120,2593,250
MWdD0D5lGXM,UC1afpiIuBDcjYlmruAa0HiA,StelLive,2023 데뷔,시라유키 히나,Shirayuki Hina,유니버스 수영복 신의상 바꿔 입기🐳 #meme #comic #vtuber,2026-09-09T05:00:35Z,368583,15409,376
B9CI54-GGGs,UC1afpiIuBDcjYlmruAa0HiA,StelLive,2023 데뷔,시라유키 히나,Shirayuki Hina,스텔라이브 낚시터에는 감동이 있다【스텔 마크 서버】,2026-09-07T07:00:24Z,234767,3038,161
jKK7GaG-kWw,UC1afpiIuBDcjYlmruAa0HiA,StelLive,2023 데뷔,시라유키 히나,Shirayuki Hina,만지작,2026-09-05T05:00:13Z,88815,1721,104
e1jeQJGu5oA,UC1afpiIuBDcjYlmruAa0HiA,StelLive,2023 데뷔,시라유키 히나,Shirayuki Hina,히나에게 색기 배우기 #vtuber #shorts,2026-09-04T05:19:22Z,237301,9238,261
OE30Z2HOZfY,UC1afpiIuBDcjYlmruAa0HiA,StelLive,2023 데뷔,시라유키 히나,Shirayuki Hina,나에게만 차가운 내 아내......,2026-09-03T07:00:27Z,78000,1766,95
ekINzN4PQmo,UC1afpiIuBDcjYlmruAa0HiA,StelLive,2023 데뷔,시라유키 히나,Shirayuki Hina,아틀란티스 소녀 (Atlantis Princess) | 시라유키 히나 Cover,2026-09-01T12:45:07Z,503556,11228,664
RcuCnJZi7iM,UC1afpiIuBDcjYlmruAa0HiA,StelLive,2023 데뷔,시라유키 히나,Shirayuki Hina,돌아온 운뚱땡이 정히나,2026-08-29T05:00:25Z,51327,1035,75
X7HuPPGtWLs,UC1afpiIuBDcjYlmruAa0HiA,StelLive,2023 데뷔,시라유키 히나,Shirayuki Hina,군체를 봐야 하는 이유 #vtuber #shorts,2026-08-26T06:58:33Z,139307,6857,274
VtFM_n0SEds,UC1afpiIuBDcjYlmruAa0HiA,StelLive,2023 데뷔,시라유키 히나,Shirayuki Hina,스텔라이브의 유명한 악질 즙 유동,2026-08-24T07:00:32Z,74647,1975,162
aPGU47ki2fo,UC1afpiIuBDcjYlmruAa0HiA,StelLive,2023 데뷔,시라유키 히나,Shirayuki Hina,두 번째 서열정리 #vtuber #shorts,2026-08-24T05:10:57Z,534901,16928,415
VL53rQCld60,UC1afpiIuBDcjYlmruAa0HiA,StelLive,2023 데뷔,시라유키 히나,Shirayuki Hina,히나도 꿍싯꿍싯✌️❤️ #vtuber  #shorts,2026-08-16T05:00:18Z,317642,13111,300
t2FQf5jkFLk,UC1afpiIuBDcjYlmruAa0HiA,StelLive,2023 데뷔,시라유키 히나,Shirayuki Hina,공감 대상이 한정적인 사람 [실버 팰리스],2026-08-12T07:03:21Z,73119,1081,81
JTk58tSr8kQ,UC1afpiIuBDcjYlmruAa0HiA,StelLive,2023 데뷔,시라유키 히나,Shirayuki Hina,다음 신의상 스포합니다,2026-08-11T07:00:02Z,68495,2461,236
b5dOWvcCEaI,UC1afpiIuBDcjYlmruAa0HiA,StelLive,2023 데뷔,시라유키 히나,Shirayuki Hina,히나는 유명한 성능충임【히나 핫클립 #78】,2026-08-07T06:30:08Z,27670,1279,98
1tWJ8_1T-S8,UC1afpiIuBDcjYlmruAa0HiA,StelLive,2023 데뷔,시라유키 히나,Shirayuki Hina,이노스케 닮은 아이돌 #cartoon #comic #vtuber #shorts,2026-08-04T05:00:18Z,204339,7934,164
xVt2mMmCYwE,UC1afpiIuBDcjYlmruAa0HiA,StelLive,2023 데뷔,시라유키 히나,Shirayuki Hina,저예요,2026-08-02T05:00:12Z,60515,2544,271
kp8U7oWOpuE,UC1afpiIuBDcjYlmruAa0HiA,StelLive,2023 데뷔,시라유키 히나,Shirayuki Hina,히나는 긴장되고 부담스럽다 [2편] #cartoon #comic #vtuber #shorts,2026-07-30T11:03:36Z,153158,6017,117
tSFBhzzjI7k,UC1afpiIuBDcjYlmruAa0HiA,StelLive,2023 데뷔,시라유키 히나,Shirayuki Hina,저 너무 부담스러워요 #cartoon #comic #vtuber #shorts,2026-07-30T05:00:35Z,274022,7245,96
OgMrnx9mcmY,UC1afpiIuBDcjYlmruAa0HiA,StelLive,2023 데뷔,시라유키 히나,Shirayuki Hina,가장 약해 보였으나 의외로 강했던 녀석......,2026-07-29T05:03:02Z,57189,2143,272
lDkaZxy8xXQ,UC1afpiIuBDcjYlmruAa0HiA,StelLive,2023 데뷔,시라유키 히나,Shirayuki Hina,오스트랄로피테쿠스를 닮은 스트리머 #cartoon #comic #vtuber #shorts,2026-07-27T06:36:47Z,225116,7266,89
Da77IyHlwao,UC_eeSpMBz8PG4ssdBPnP07g,StelLive,2023 데뷔,네네코 마시로,Neneko Mashiro,마시로 - 웃는남자 방구석 뮤지컬 [ 웃는남자 ] (4k),2026-09-26T07:30:37Z,97768,1894,177
j_RAn7yvq_0,UC_eeSpMBz8PG4ssdBPnP07g,StelLive,2023 데뷔,네네코 마시로,Neneko Mashiro,마시로 -  Alive 2  방구석 뮤지컬 [ 지킬 앤 하이드 ] (4k),2026-09-25T07:30:36Z,83134,2509,187
jHc5yW6iOPk,UC_eeSpMBz8PG4ssdBPnP07g,StelLive,2023 데뷔,네네코 마시로,Neneko Mashiro,마시로 - Land of Lola 방구석 뮤지컬 [ 킹키부츠 ] (4k),2026-09-24T08:00:37Z,133169,3583,302
phOGM7DC2Z8,UC_eeSpMBz8PG4ssdBPnP07g,StelLive,2023 데뷔,네네코 마시로,Neneko Mashiro,김상덕 감독의 눈물,2026-09-23T07:30:38Z,142367,2556,282
_mRaqyFriPQ,UC_eeSpMBz8PG4ssdBPnP07g,StelLive,2023 데뷔,네네코 마시로,Neneko Mashiro,깐시로 등★장,2026-09-19T07:30:30Z,120729,3560,218
ncuxH3ZMmeU,UC_eeSpMBz8PG4ssdBPnP07g,StelLive,2023 데뷔,네네코 마시로,Neneko Mashiro,그럼 꺼져,2026-09-16T07:30:28Z,230977,2902,149
4iswIJFRPyw,UC_eeSpMBz8PG4ssdBPnP07g,StelLive,2023 데뷔,네네코 마시로,Neneko Mashiro,중 성 마 녀,2026-09-12T10:08:09Z,120068,2813,185
MkytGGq1Mds,UC_eeSpMBz8PG4ssdBPnP07g,StelLive,2023 데뷔,네네코 마시로,Neneko Mashiro,그녀가 불렀다.,2026-09-09T07:30:20Z,197095,3005,155
gyTI6E0j41Q,UC_eeSpMBz8PG4ssdBPnP07g,StelLive,2023 데뷔,네네코 마시로,Neneko Mashiro,김상덕 감독의 야구단,2026-09-05T07:30:03Z,230348,3393,372
8Kek19lHTFk,UC_eeSpMBz8PG4ssdBPnP07g,StelLive,2023 데뷔,네네코 마시로,Neneko Mashiro,신의상 공개 스피드런 #네네코마시로 #스텔라이브 #shorts,2026-09-04T03:49:06Z,236999,10844,306
doAu1KGe_QQ,UC_eeSpMBz8PG4ssdBPnP07g,StelLive,2023 데뷔,네네코 마시로,Neneko Mashiro,싸 움 구 경,2026-09-02T07:30:02Z,111276,2444,159
SiBzI2htX2o,UC_eeSpMBz8PG4ssdBPnP07g,StelLive,2023 데뷔,네네코 마시로,Neneko Mashiro,"구르는 바위, 네게 아침이 내린다 [결속밴드 / 転がる岩、君に朝が降る] - 네네코 마시로 Cover",2026-09-01T10:45:06Z,137592,6755,362
3Xy5unxBe98,UC_eeSpMBz8PG4ssdBPnP07g,StelLive,2023 데뷔,네네코 마시로,Neneko Mashiro,왜 부끄러워 하는데??,2026-08-30T07:30:05Z,182349,3325,167
2qEGFmXROQ4,UC_eeSpMBz8PG4ssdBPnP07g,StelLive,2023 데뷔,네네코 마시로,Neneko Mashiro,"콧치노 켄토 - 네, 기꺼이 [はいよろこんで / こっちのけんと]ㅣ네네코 마시로 x 텐코 시부키 Cover",2026-08-29T10:00:06Z,911499,15790,782
pLwt8mZ9yBQ,UC_eeSpMBz8PG4ssdBPnP07g,StelLive,2023 데뷔,네네코 마시로,Neneko Mashiro,시로님 좋아하는 빵 있으세요?,2026-08-22T07:30:09Z,122463,3846,249
umUHbdUuRuc,UC_eeSpMBz8PG4ssdBPnP07g,StelLive,2023 데뷔,네네코 마시로,Neneko Mashiro,명교수님께 명조를 배워보았습니다.,2026-08-14T08:00:23Z,33479,1573,95
wmKyXfXmMhg,UC_eeSpMBz8PG4ssdBPnP07g,StelLive,2023 데뷔,네네코 마시로,Neneko Mashiro,미친 선배 조련하기,2026-08-08T07:30:22Z,86483,3462,256
tg9HDd3Y7GQ,UC_eeSpMBz8PG4ssdBPnP07g,StelLive,2023 데뷔,네네코 마시로,Neneko Mashiro,위장 여사친,2026-08-02T07:30:33Z,93820,4057,223
9IJYsJeyC7Y,UC_eeSpMBz8PG4ssdBPnP07g,StelLive,2023 데뷔,네네코 마시로,Neneko Mashiro,밤바라밤 댄스🐧 #네네코마시로 #스텔라이브 #3D #shorts,2026-07-30T03:00:31Z,132861,9139,286
rnzImOC-364,UC_eeSpMBz8PG4ssdBPnP07g,StelLive,2023 데뷔,네네코 마시로,Neneko Mashiro,밍이 되,2026-07-29T07:30:39Z,87824,3734,190
8KtugBWPIl0,UC_eeSpMBz8PG4ssdBPnP07g,StelLive,2023 데뷔,네네코 마시로,Neneko Mashiro,리코야 넣게 해줘..,2026-07-25T07:30:30Z,42642,2154,178
8v6vkc-cHns,UC_eeSpMBz8PG4ssdBPnP07g,StelLive,2023 데뷔,네네코 마시로,Neneko Mashiro,까★꿍,2026-07-18T07:30:35Z,68910,2906,134
Pe5ka3USHVs,UC_eeSpMBz8PG4ssdBPnP07g,StelLive,2023 데뷔,네네코 마시로,Neneko Mashiro,어디 내놔도 부끄러운 고양이,2026-07-11T07:30:29Z,124508,4646,284
1vnzfmVtLqg,UC_eeSpMBz8PG4ssdBPnP07g,StelLive,2023 데뷔,네네코 마시로,Neneko Mashiro,이런게 좋아?,2026-07-08T07:30:39Z,57490,2773,178
eeDdzUFGfcU,UC_eeSpMBz8PG4ssdBPnP07g,StelLive,2023 데뷔,네네코 마시로,Neneko Mashiro,니기니기니지타운 댄스~ #にぎにじダンス #네네코마시로 #스텔라이브 #3D #shorts,2026-07-07T10:34:21Z,231852,14857,360
yY_Al_ZYnvA,UC_eeSpMBz8PG4ssdBPnP07g,StelLive,2023 데뷔,네네코 마시로,Neneko Mashiro,양아치가 되어 돌아온 고양이,2026-07-05T08:34:47Z,139433,5658,318
xLY3VnkDN9I,UC_eeSpMBz8PG4ssdBPnP07g,StelLive,2023 데뷔,네네코 마시로,Neneko Mashiro,나나야 나 버리지먀...ㅠㅠ,2026-07-01T07:30:29Z,58101,2410,121
czcK7oTdsA8,UC_eeSpMBz8PG4ssdBPnP07g,StelLive,2023 데뷔,네네코 마시로,Neneko Mashiro,みんな、ヤッホ〜! ★,2026-06-27T07:30:11Z,96511,4202,191
UBj23wKf06I,UC_eeSpMBz8PG4ssdBPnP07g,StelLive,2023 데뷔,네네코 마시로,Neneko Mashiro,귀여운 토마토 옆에 귀여운 고양이,2026-06-24T08:00:08Z,31747,1518,75
O7c_9QHpHCE,UC_eeSpMBz8PG4ssdBPnP07g,StelLive,2023 데뷔,네네코 마시로,Neneko Mashiro,야 동,2026-06-17T07:30:01Z,63823,2788,211
FzefgoF26Ac,UC7-m6jQLinZQWIbwm9W-1iw,StelLive,2023 데뷔,아카네 리제,Akane Lize,여우의 별자리 「심월과 달의 노래」 (『명조워더링 웨이브』 OST)ㅣ아카네 리제(Akane Lize) 【COVER】,2026-09-26T08:30:07Z,117826,5862,379
PhEypa8m24U,UC7-m6jQLinZQWIbwm9W-1iw,StelLive,2023 데뷔,아카네 리제,Akane Lize,천마는 아직 마룡이 어렵다 #vtuber #shorts,2026-09-26T05:30:15Z,161212,8855,286
1z4EyzzsOuY,UC7-m6jQLinZQWIbwm9W-1iw,StelLive,2023 데뷔,아카네 리제,Akane Lize,"내 언니 정나나, 내 동생 정부키",2026-09-25T05:30:03Z,204253,2768,161
ILwb0adP2pY,UC7-m6jQLinZQWIbwm9W-1iw,StelLive,2023 데뷔,아카네 리제,Akane Lize,시민 주제에 첫날부터 경찰을 때려?! [봉누도2],2026-09-23T05:30:01Z,96337,1707,90
oBY_uJwczUE,UC7-m6jQLinZQWIbwm9W-1iw,StelLive,2023 데뷔,아카네 리제,Akane Lize,내 건축이 어때서~! #vtuber #shorts,2026-09-21T05:30:40Z,239858,10055,205
Ac_d2D-43K0,UC7-m6jQLinZQWIbwm9W-1iw,StelLive,2023 데뷔,아카네 리제,Akane Lize,'그 녀석'과의 기나긴 악연의 시작 [봉누도2],2026-09-20T05:30:21Z,194486,2418,130
2sp3NTkJlDc,UC7-m6jQLinZQWIbwm9W-1iw,StelLive,2023 데뷔,아카네 리제,Akane Lize,면접 보러 갔다가 쫓겨난 썰 푼다,2026-09-18T07:40:14Z,317782,3738,158
LTPIiGEawt4,UC7-m6jQLinZQWIbwm9W-1iw,StelLive,2023 데뷔,아카네 리제,Akane Lize,유니콘식 후배 기강 잡는 법 #vtuber #shorts,2026-09-18T05:29:55Z,115945,4992,89
Cxouum2QF20,UC7-m6jQLinZQWIbwm9W-1iw,StelLive,2023 데뷔,아카네 리제,Akane Lize,후배가 경악하고 동기가 공포에 떠는 그녀의 등장,2026-09-16T05:30:23Z,140642,2257,143
RiMOpXS6s9Q,UC7-m6jQLinZQWIbwm9W-1iw,StelLive,2023 데뷔,아카네 리제,Akane Lize,여우신과 갈매기신(?) #vtuber #shorts,2026-09-15T05:30:13Z,231511,9630,138
tzN9ELJ48oc,UC7-m6jQLinZQWIbwm9W-1iw,StelLive,2023 데뷔,아카네 리제,Akane Lize,새벽 4시까지 조카랑 놀아주는 엄마 친구들,2026-09-13T05:30:25Z,235488,2574,113
K06nuLImA0g,UC7-m6jQLinZQWIbwm9W-1iw,StelLive,2023 데뷔,아카네 리제,Akane Lize,스텔에서 그건 안 가르쳐줬는데... #shorts #vtuber,2026-09-12T05:30:04Z,552299,14764,204
iHC5EhNY3KQ,UC7-m6jQLinZQWIbwm9W-1iw,StelLive,2023 데뷔,아카네 리제,Akane Lize,인맥 쩌는 엄마 친구한테 지인들 소개받기,2026-09-10T05:30:17Z,301265,3664,134
yXBmkQ-vYKY,UC7-m6jQLinZQWIbwm9W-1iw,StelLive,2023 데뷔,아카네 리제,Akane Lize,픽셀 병약 담당 vs 스텔 병약 담당,2026-09-08T05:30:08Z,651756,17045,282
vKGMCAtuLno,UC7-m6jQLinZQWIbwm9W-1iw,StelLive,2023 데뷔,아카네 리제,Akane Lize,어디에 쓸 거냐고요...? 그건 왜요?,2026-09-07T05:30:01Z,332207,3403,142
q8VgjcjfxRI,UC7-m6jQLinZQWIbwm9W-1iw,StelLive,2023 데뷔,아카네 리제,Akane Lize,제 여친이 절 부정해요 ㅠㅠ #vtuber #shorts,2026-09-05T05:30:25Z,314840,11706,175
YmC-HoKWOcY,UC7-m6jQLinZQWIbwm9W-1iw,StelLive,2023 데뷔,아카네 리제,Akane Lize,이젠 너무 편해져버린 3년차 커플의 일상 대화,2026-09-04T05:30:17Z,233904,3869,164
kR5Fqk-Oq7M,UC7-m6jQLinZQWIbwm9W-1iw,StelLive,2023 데뷔,아카네 리제,Akane Lize,오케이 오늘 동기들 기강 잡을게요,2026-09-02T05:29:56Z,164232,2985,165
wiz1NPDJW4A,UC7-m6jQLinZQWIbwm9W-1iw,StelLive,2023 데뷔,아카네 리제,Akane Lize,히나야 사랑해 히나야 보고 싶어 히나야 어디있어 히나야 왜 나 피해 #vtuber #shorts,2026-08-31T05:30:36Z,580203,18515,259
ke3dHfEjs9I,UC7-m6jQLinZQWIbwm9W-1iw,StelLive,2023 데뷔,아카네 리제,Akane Lize,"천마의 지능, 사장님의 책임은 없나",2026-08-30T05:30:30Z,296541,3277,166
uwgYKNgnOps,UC7-m6jQLinZQWIbwm9W-1iw,StelLive,2023 데뷔,아카네 리제,Akane Lize,스텔이 사고인 이유 #vtuber #shorts,2026-08-29T05:30:37Z,365327,9424,117
T0fpUEeJq48,UC7-m6jQLinZQWIbwm9W-1iw,StelLive,2023 데뷔,아카네 리제,Akane Lize,이 친오라버니가 천마를 긁는 방법,2026-08-28T05:30:37Z,357443,3599,179
Wns5vXjgnLY,UC7-m6jQLinZQWIbwm9W-1iw,StelLive,2023 데뷔,아카네 리제,Akane Lize,정강지 당신의 딸이 놀러 왔소!,2026-08-26T05:30:37Z,278045,4511,189
kZ9ZHFuWkJY,UC7-m6jQLinZQWIbwm9W-1iw,StelLive,2023 데뷔,아카네 리제,Akane Lize,있는 거 다 내놔 정타비! #vtuber #shorts,2026-08-25T05:30:07Z,545956,18091,210
jmhacbaSa48,UC7-m6jQLinZQWIbwm9W-1iw,StelLive,2023 데뷔,아카네 리제,Akane Lize,스텔라이브에는 모닝콜을 해주는 고양이가 있다고 한다,2026-08-23T05:30:17Z,208845,4788,201
lL4fgCyGqCA,UC7-m6jQLinZQWIbwm9W-1iw,StelLive,2023 데뷔,아카네 리제,Akane Lize,린아 미안해 내가 잘못했어...#vtuber #shorts,2026-08-22T05:30:31Z,544424,16577,162
1cewrmny90c,UC7-m6jQLinZQWIbwm9W-1iw,StelLive,2023 데뷔,아카네 리제,Akane Lize,엄마와 엄마가 만난 날,2026-08-21T05:30:03Z,150798,4663,231
ZDDYtSp6BLk,UC7-m6jQLinZQWIbwm9W-1iw,StelLive,2023 데뷔,아카네 리제,Akane Lize,내 눈물을 조롱으로 소비하지 말란 말이다!,2026-08-19T05:30:38Z,102183,2836,149
qGb3BHQ_SlU,UC7-m6jQLinZQWIbwm9W-1iw,StelLive,2023 데뷔,아카네 리제,Akane Lize,4기생 오기 전에 기강 잡겠습니다 #vtuber #shorts,2026-08-17T05:30:20Z,264666,10734,155
YOQtvaT4hCw,UC7-m6jQLinZQWIbwm9W-1iw,StelLive,2023 데뷔,아카네 리제,Akane Lize,"""이리오렴 리제""",2026-08-16T05:30:31Z,74006,2582,218
3OycCC7nVCs,UCAHVQ44O81aehLWfy9O6Elw,StelLive,2023 데뷔,아라하시 타비,Arahashi Tabi,【추석 특집】낚시는 핑계고 수다 떨러 모였습니다｜스텔 낚시터 토크 모음,2026-09-25T08:30:17Z,87145,1709,126
rMzI0RUv6P0,UCAHVQ44O81aehLWfy9O6Elw,StelLive,2023 데뷔,아라하시 타비,Arahashi Tabi,【추석 특집】극악무도하고 싶은 황천길｜봉누도2 하이라이트 모음,2026-09-24T08:30:01Z,98942,1623,119
mqiCCO8kqC4,UCAHVQ44O81aehLWfy9O6Elw,StelLive,2023 데뷔,아라하시 타비,Arahashi Tabi,세상을 바꾸기 위해 시장을 납치했습니다【봉누도2】,2026-09-22T08:30:27Z,129785,1842,157
8IgPtKr-Zag,UCAHVQ44O81aehLWfy9O6Elw,StelLive,2023 데뷔,아라하시 타비,Arahashi Tabi,이래 봬도 나가 44살이여 【봉누도2】,2026-09-20T08:30:20Z,154725,2172,125
U_nlRurfcx8,UCAHVQ44O81aehLWfy9O6Elw,StelLive,2023 데뷔,아라하시 타비,Arahashi Tabi,긁힌 유니콘의 '그 긴거' 【스텔마크】,2026-09-17T08:30:34Z,139485,2327,90
b8IsUD12Q50,UCAHVQ44O81aehLWfy9O6Elw,StelLive,2023 데뷔,아라하시 타비,Arahashi Tabi,유니 선배 '홍합'을 왜 그렇게 발음해ㅋㅋㅋㅋ 【스텔마크】,2026-09-15T08:30:31Z,223825,3278,166
Rd00XnhIvXw,UCAHVQ44O81aehLWfy9O6Elw,StelLive,2023 데뷔,아라하시 타비,Arahashi Tabi,이번엔 어떤 인생을 살아볼까? 【봉누도2】,2026-09-13T08:30:02Z,174969,2312,134
ka3WUfs4bIs,UCAHVQ44O81aehLWfy9O6Elw,StelLive,2023 데뷔,아라하시 타비,Arahashi Tabi,아니 스트리머 유즈하 리코님;; #shorts #vtuber #땁툰,2026-09-12T03:31:54Z,397160,16562,368
2z5Ib-ULSH0,UCAHVQ44O81aehLWfy9O6Elw,StelLive,2023 데뷔,아라하시 타비,Arahashi Tabi,대체 캣파이트 미야오가 뭐냐고ㅋㅋㅋ,2026-09-10T08:30:33Z,446521,4296,340
Rz7uIhraDSY,UCAHVQ44O81aehLWfy9O6Elw,StelLive,2023 데뷔,아라하시 타비,Arahashi Tabi,리제가 우리집 옆에서 건축을 시작한다고?! 【스텔마크】,2026-09-08T08:30:08Z,282940,3390,215
uBtFoUXR9Qc,UCAHVQ44O81aehLWfy9O6Elw,StelLive,2023 데뷔,아라하시 타비,Arahashi Tabi,물떼새[ヨルシカ - 千鳥]ㅣ아라하시 타비 Cover,2026-09-07T14:59:07Z,505078,13439,1073
XJ8AYBwOD8w,UCAHVQ44O81aehLWfy9O6Elw,StelLive,2023 데뷔,아라하시 타비,Arahashi Tabi,타비 여름 신의상 보러 올 사람~~🌊🌊,2026-09-06T08:30:28Z,137762,3176,279
Zl7Eloo-7Ik,UCAHVQ44O81aehLWfy9O6Elw,StelLive,2023 데뷔,아라하시 타비,Arahashi Tabi,하루종일 웃기만 했던 역대급 합방ㅋㅋㅋㅋ【노움강도단】,2026-09-03T08:30:28Z,227507,2725,169
jVV_ovW3-lI,UCAHVQ44O81aehLWfy9O6Elw,StelLive,2023 데뷔,아라하시 타비,Arahashi Tabi,순수재미 미쳐버린 유니버스 합방 【머신파티】,2026-09-01T08:30:04Z,250469,3418,189
nwqIoe_3zbE,UCAHVQ44O81aehLWfy9O6Elw,StelLive,2023 데뷔,아라하시 타비,Arahashi Tabi,High Hopes - Panic! At The Discoㅣ아라하시 타비 Cover,2026-08-31T11:44:06Z,916121,16722,1475
BLZ8GyUcSQo,UCAHVQ44O81aehLWfy9O6Elw,StelLive,2023 데뷔,아라하시 타비,Arahashi Tabi,스텔 여름 신의상 실루엣만 보고 예측해봤습니다,2026-08-30T08:30:10Z,117836,2249,167
Bbtd7W8v3eA,UCAHVQ44O81aehLWfy9O6Elw,StelLive,2023 데뷔,아라하시 타비,Arahashi Tabi,부키야 살려줘!!【크아 섭종】,2026-08-27T08:30:35Z,107851,1596,101
hU99Lrv6b78,UCAHVQ44O81aehLWfy9O6Elw,StelLive,2023 데뷔,아라하시 타비,Arahashi Tabi,뿡댕아..바람피고 있는 거 아니지..?? #shorts #vtuber #타비,2026-08-26T04:00:20Z,196060,10473,327
WgM0KViuIkw,UCAHVQ44O81aehLWfy9O6Elw,StelLive,2023 데뷔,아라하시 타비,Arahashi Tabi,마크에서 스타듀밸리가 된다길래 농사지으러 왔습니다 【선릿밸리】,2026-08-25T08:30:09Z,116758,2258,125
uSBmp49p4t4,UCAHVQ44O81aehLWfy9O6Elw,StelLive,2023 데뷔,아라하시 타비,Arahashi Tabi,【스텔 데바데 내전】 리제야~ 어디 숨었니~,2026-08-23T08:30:06Z,92813,2097,146
OaZ2Eu7IkV4,UCAHVQ44O81aehLWfy9O6Elw,StelLive,2023 데뷔,아라하시 타비,Arahashi Tabi,아ㅋㅋ 따다흐지 믈르그ㅋㅋㅋㅋ【세피리아】,2026-08-20T08:30:27Z,102377,2688,136
_peqAS80naw,UCAHVQ44O81aehLWfy9O6Elw,StelLive,2023 데뷔,아라하시 타비,Arahashi Tabi,화면에 손가락을 올려보세요 👆 #shorts #vtuber #타비,2026-08-19T03:00:27Z,374273,11766,306
g5Po091OuQ4,UCAHVQ44O81aehLWfy9O6Elw,StelLive,2023 데뷔,아라하시 타비,Arahashi Tabi,딱 한판만 하기로 했는데 전멸해가는 후배들 【데바데】,2026-08-18T08:30:15Z,53352,2088,184
-g4yoYxPA6Y,UCAHVQ44O81aehLWfy9O6Elw,StelLive,2023 데뷔,아라하시 타비,Arahashi Tabi,치지직 대표 로블록스 스트리머가 잼민이한테 쫓기는 이유,2026-08-16T08:30:16Z,103376,2765,192
U3x6tpqDESM,UCAHVQ44O81aehLWfy9O6Elw,StelLive,2023 데뷔,아라하시 타비,Arahashi Tabi,"지누님이 추천한 VR 메챠 카멜레온, 이게 그렇게 재밌다고?",2026-08-13T08:30:13Z,120539,3060,176
nMEdp8s4TDE,UCAHVQ44O81aehLWfy9O6Elw,StelLive,2023 데뷔,아라하시 타비,Arahashi Tabi,타비가 1트 클리어?? 어디에 걸래 【슬더스2 유니버스】,2026-08-11T08:30:13Z,46714,1752,130
HcQ6jpblQOg,UCAHVQ44O81aehLWfy9O6Elw,StelLive,2023 데뷔,아라하시 타비,Arahashi Tabi,린아 제발 나부터 조롱해줘【세피리아】,2026-08-09T08:38:52Z,166671,3960,191
MKPNnmAAkLs,UCAHVQ44O81aehLWfy9O6Elw,StelLive,2023 데뷔,아라하시 타비,Arahashi Tabi,냄새나는 손님은 입장하실 수 없습니다..,2026-08-06T08:30:27Z,83906,2717,145
HvgmzzFGktU,UCAHVQ44O81aehLWfy9O6Elw,StelLive,2023 데뷔,아라하시 타비,Arahashi Tabi,우리 딸은 반드시 여왕이 되어야만 해!! 【프린세스 메이커】,2026-08-04T08:30:25Z,57704,2111,144
DyO4dbjFhTE,UCAHVQ44O81aehLWfy9O6Elw,StelLive,2023 데뷔,아라하시 타비,Arahashi Tabi,강지 아해야~ 원하는 게 무엇이느냐~,2026-08-02T08:30:29Z,65005,2254,121
rCW67YgiFrk,UCYxLMfeX1CbMBll9MsGlzmw,StelLive,2024 데뷔,텐코 시부키,Tenko Shibuki,흑수염 선장님 팬미팅 #shorts #vtuber,2026-09-26T08:07:29Z,67750,2453,88
Vkp4qrcuaAc,UCYxLMfeX1CbMBll9MsGlzmw,StelLive,2024 데뷔,텐코 시부키,Tenko Shibuki,【추석 특집】 장난 좋아 잼민이의 하루 종일 장난치기! - 모라하지마 모아보기,2026-09-25T07:59:30Z,36442,793,69
ow5F7K-Yi-E,UCYxLMfeX1CbMBll9MsGlzmw,StelLive,2024 데뷔,텐코 시부키,Tenko Shibuki,뽑기방에 간 잼민이들 #shorts #vtuber,2026-09-25T07:16:33Z,105313,6406,178
B0xUTTj78D0,UCYxLMfeX1CbMBll9MsGlzmw,StelLive,2024 데뷔,텐코 시부키,Tenko Shibuki,공연장에서 방귀끼기,2026-09-24T08:34:15Z,52280,810,61
cQEZ-kFOwj4,UCYxLMfeX1CbMBll9MsGlzmw,StelLive,2024 데뷔,텐코 시부키,Tenko Shibuki,폐급 경찰 정지해 구경하실 분,2026-09-23T08:44:40Z,99699,1706,100
38oi1Vcw8Fw,UCYxLMfeX1CbMBll9MsGlzmw,StelLive,2024 데뷔,텐코 시부키,Tenko Shibuki,찐텐으로 욕해버렸습니다.. #shorts #vtuber,2026-09-22T08:44:32Z,281206,8136,184
wktJlAfekJI,UCYxLMfeX1CbMBll9MsGlzmw,StelLive,2024 데뷔,텐코 시부키,Tenko Shibuki,흑수염 선장님이다!!! #shorts #vtuber,2026-09-21T05:37:51Z,266277,5669,164
8_h8cJB5Uw4,UCYxLMfeX1CbMBll9MsGlzmw,StelLive,2024 데뷔,텐코 시부키,Tenko Shibuki,봉누도 레전드 벌레물림 사건 #shorts #vtuber,2026-09-20T12:44:04Z,366763,8702,224
63II5rDrlxk,UCYxLMfeX1CbMBll9MsGlzmw,StelLive,2024 데뷔,텐코 시부키,Tenko Shibuki,주세용 #shorts #vtuber,2026-09-19T09:07:03Z,178838,7854,130
5NhS306p6qg,UCYxLMfeX1CbMBll9MsGlzmw,StelLive,2024 데뷔,텐코 시부키,Tenko Shibuki,남바가 바뀐 세계선,2026-09-19T06:29:11Z,261876,2756,140
d6sIoY9Bdkc,UCYxLMfeX1CbMBll9MsGlzmw,StelLive,2024 데뷔,텐코 시부키,Tenko Shibuki,3분 폐차 정지해 #shorts #vtuber,2026-09-18T11:38:53Z,326932,8224,225
CfIz1Efg4ns,UCYxLMfeX1CbMBll9MsGlzmw,StelLive,2024 데뷔,텐코 시부키,Tenko Shibuki,쏴버려 #shorts #vtuber,2026-09-17T11:09:39Z,350269,8876,169
11DSXf2X5k8,UCYxLMfeX1CbMBll9MsGlzmw,StelLive,2024 데뷔,텐코 시부키,Tenko Shibuki,내가 너무 귀여워서 곤란해,2026-09-16T08:12:41Z,124838,2859,177
3VUGnc7S6Ow,UCYxLMfeX1CbMBll9MsGlzmw,StelLive,2024 데뷔,텐코 시부키,Tenko Shibuki,아 언니랑 살고싶다 언니 최고!,2026-09-14T08:02:04Z,364943,4377,175
n_LK9SEcQoo,UCYxLMfeX1CbMBll9MsGlzmw,StelLive,2024 데뷔,텐코 시부키,Tenko Shibuki,바보털 #shorts #vtuber,2026-09-13T08:01:31Z,288585,11223,211
L8MYKhlY47o,UCYxLMfeX1CbMBll9MsGlzmw,StelLive,2024 데뷔,텐코 시부키,Tenko Shibuki,손이 많이 가는 강아가,2026-09-12T06:03:40Z,246775,2880,127
QlLOY4WviJI,UCYxLMfeX1CbMBll9MsGlzmw,StelLive,2024 데뷔,텐코 시부키,Tenko Shibuki,유니선배 술 먹이러 리코랑 일본 다녀왔습니다!,2026-09-09T08:03:30Z,276997,2845,140
LUJEr_saupU,UCYxLMfeX1CbMBll9MsGlzmw,StelLive,2024 데뷔,텐코 시부키,Tenko Shibuki,심봉사의 진실 #shorts #vtuber,2026-09-08T08:14:16Z,181387,7638,155
w5Uiz4NOt8U,UCYxLMfeX1CbMBll9MsGlzmw,StelLive,2024 데뷔,텐코 시부키,Tenko Shibuki,"타비언니, 나 언니 동생!!",2026-09-07T08:00:47Z,272485,4002,127
ho9nao-ATcQ,UCYxLMfeX1CbMBll9MsGlzmw,StelLive,2024 데뷔,텐코 시부키,Tenko Shibuki,제멋대로면 뭐 어때! #vtuber #shorts #わがままで何が悪い!,2026-09-06T08:38:48Z,96281,6867,155
Tduh3qW5nFw,UCYxLMfeX1CbMBll9MsGlzmw,StelLive,2024 데뷔,텐코 시부키,Tenko Shibuki,제가 왜 초딩 같다는건지 설명해 주실 분??,2026-09-05T08:28:03Z,154285,2468,151
ArCxPMRkhVo,UCYxLMfeX1CbMBll9MsGlzmw,StelLive,2024 데뷔,텐코 시부키,Tenko Shibuki,mosi mosi? 들려? #vtuber #shorts #3D,2026-09-03T09:32:29Z,136703,9291,371
RRyTMxzy-mE,UCYxLMfeX1CbMBll9MsGlzmw,StelLive,2024 데뷔,텐코 시부키,Tenko Shibuki,스텔마을에 위기가 찾아왔어요,2026-09-03T08:22:56Z,450901,4697,238
zQp6ZZAT6ew,UCYxLMfeX1CbMBll9MsGlzmw,StelLive,2024 데뷔,텐코 시부키,Tenko Shibuki,mosi mosi? (楽音 / 사사네)  / 텐코 시부키(Tenko Shibuki) cover,2026-09-02T11:45:07Z,379333,11481,680
--6jOrj2vhQ,UCYxLMfeX1CbMBll9MsGlzmw,StelLive,2024 데뷔,텐코 시부키,Tenko Shibuki,돌 던지지 마시라요ㅠㅠ,2026-09-01T07:03:14Z,171167,1858,77
JlzJ8m1OzfE,UCYxLMfeX1CbMBll9MsGlzmw,StelLive,2024 데뷔,텐코 시부키,Tenko Shibuki,프로 리뷰어 선배의 리뷰를 목격했다,2026-08-30T08:05:42Z,163741,2468,106
IMl5liVjngU,UCYxLMfeX1CbMBll9MsGlzmw,StelLive,2024 데뷔,텐코 시부키,Tenko Shibuki,초딩싸움 #shorts #vtuber,2026-08-29T13:01:36Z,346414,11824,237
7RKU6QVEDYo,UCYxLMfeX1CbMBll9MsGlzmw,StelLive,2024 데뷔,텐코 시부키,Tenko Shibuki,고급 기술 써먹기 #shorts #vtuber,2026-08-27T08:20:03Z,160054,3722,50
M5PsIoOU9rA,UCYxLMfeX1CbMBll9MsGlzmw,StelLive,2024 데뷔,텐코 시부키,Tenko Shibuki,스텔라이브 탕비실 아몬드 도둑 시부키,2026-08-26T10:15:27Z,217781,3644,158
FbsMHOXplNg,UCYxLMfeX1CbMBll9MsGlzmw,StelLive,2024 데뷔,텐코 시부키,Tenko Shibuki,부키랑 어디서나 당당하게 걷기! #프리티걸 #vtuber #shorts #PrettyGirl #3D,2026-08-25T08:03:19Z,193109,12831,489
L1_hpu6LRTc,UCQmcltnre6aG9SkDRYZqFIg,StelLive,2024 데뷔,아오쿠모 린,Aokumo Rin,박스 박스 [봉누도2],2026-09-26T08:00:27Z,58867,989,71
34H_PRfSfCo,UCQmcltnre6aG9SkDRYZqFIg,StelLive,2024 데뷔,아오쿠모 린,Aokumo Rin,추석특집 GTA 기행 모음집,2026-09-25T16:50:45Z,58402,840,105
blckvJWduxQ,UCQmcltnre6aG9SkDRYZqFIg,StelLive,2024 데뷔,아오쿠모 린,Aokumo Rin,미안하다 그냥 개처맞았다 [봉누도2],2026-09-24T08:00:30Z,98597,1485,82
xnEalQXslpo,UCQmcltnre6aG9SkDRYZqFIg,StelLive,2024 데뷔,아오쿠모 린,Aokumo Rin,어쩔 수 없군 이번만 임시 동맹이다 [봉누도2],2026-09-22T08:00:12Z,134332,1869,85
htJraAp6xPU,UCQmcltnre6aG9SkDRYZqFIg,StelLive,2024 데뷔,아오쿠모 린,Aokumo Rin,"봉누도 최악, 최약의 사내 [봉누도2]",2026-09-20T08:00:02Z,170962,2162,113
JBL1C951Nig,UCQmcltnre6aG9SkDRYZqFIg,StelLive,2024 데뷔,아오쿠모 린,Aokumo Rin,법보다 가까운 주먹 [봉누도2],2026-09-17T08:15:12Z,271420,3328,192
Y0gcpshVxy8,UCQmcltnre6aG9SkDRYZqFIg,StelLive,2024 데뷔,아오쿠모 린,Aokumo Rin,이번엔 내가 싸대기 때린 썰 푼다,2026-09-15T09:00:12Z,101099,1815,86
CiBvwprYxNs,UCQmcltnre6aG9SkDRYZqFIg,StelLive,2024 데뷔,아오쿠모 린,Aokumo Rin,린의 수영복 공개!,2026-09-12T09:00:26Z,123606,2686,177
OmMFBoeqq4U,UCQmcltnre6aG9SkDRYZqFIg,StelLive,2024 데뷔,아오쿠모 린,Aokumo Rin,새로운 장난감,2026-09-10T09:00:10Z,140396,2171,131
pE3IOHogtuw,UCQmcltnre6aG9SkDRYZqFIg,StelLive,2024 데뷔,아오쿠모 린,Aokumo Rin,공감살인마,2026-09-08T09:37:40Z,126414,2141,115
JZepohfDkfo,UCQmcltnre6aG9SkDRYZqFIg,StelLive,2024 데뷔,아오쿠모 린,Aokumo Rin,사장님한테 싸대기 맞은 썰 푼다,2026-09-05T09:00:12Z,156009,2799,235
_7zPEHVH1cU,UCQmcltnre6aG9SkDRYZqFIg,StelLive,2024 데뷔,아오쿠모 린,Aokumo Rin,⭐️동글이 공주 등장⭐️,2026-09-03T09:00:31Z,97503,1682,105
Bxx_o3vOCsw,UCQmcltnre6aG9SkDRYZqFIg,StelLive,2024 데뷔,아오쿠모 린,Aokumo Rin,ㅌㅌㅌㅌㅅㅎㄹ ㅌㅌㅌㅌㅅㅎㄹ [8월 핫클립],2026-09-01T09:00:22Z,196547,3372,242
c4A15UoC8yI,UCQmcltnre6aG9SkDRYZqFIg,StelLive,2024 데뷔,아오쿠모 린,Aokumo Rin,하지만 존중은 할게요,2026-08-29T09:00:24Z,229480,3274,185
XhjjhyKNWPI,UCQmcltnre6aG9SkDRYZqFIg,StelLive,2024 데뷔,아오쿠모 린,Aokumo Rin,크아 장례식 [뇨란함 주의],2026-08-27T09:00:29Z,136371,1945,81
tmXj2ccuh7w,UCQmcltnre6aG9SkDRYZqFIg,StelLive,2024 데뷔,아오쿠모 린,Aokumo Rin,?,2026-08-25T09:00:37Z,55902,2142,148
Bybr7iio7aU,UCQmcltnre6aG9SkDRYZqFIg,StelLive,2024 데뷔,아오쿠모 린,Aokumo Rin,17세 쿠모린 인생 최후의 비틱 뽑기 쇼,2026-08-22T09:00:05Z,59107,1741,120
nPgx7yHAd3U,UCQmcltnre6aG9SkDRYZqFIg,StelLive,2024 데뷔,아오쿠모 린,Aokumo Rin,🤍ヒロインRE♡クエスト ㅣ 히로인RE♡퀘스트💙 #shorts #stellive #vtuber,2026-08-22T08:00:00Z,153519,10221,243
5Vc3qFmX6J8,UCQmcltnre6aG9SkDRYZqFIg,StelLive,2024 데뷔,아오쿠모 린,Aokumo Rin,히얼스 쿠모린~,2026-08-20T09:00:21Z,74217,2372,134
iZe55klpx8E,UCQmcltnre6aG9SkDRYZqFIg,StelLive,2024 데뷔,아오쿠모 린,Aokumo Rin,땃땃따라땃닷닷다살짝미쳐봐↘️ #maidmyway #아오쿠모린 #shorts,2026-08-20T08:00:36Z,282984,16452,380
EZAYMG1PAnA,UCQmcltnre6aG9SkDRYZqFIg,StelLive,2024 데뷔,아오쿠모 린,Aokumo Rin,카미나리노 콬...!,2026-08-19T09:00:16Z,76539,2310,105
05R17bhmv6Q,UCQmcltnre6aG9SkDRYZqFIg,StelLive,2024 데뷔,아오쿠모 린,Aokumo Rin,액수가 조금 적네요 후야씨~?,2026-08-16T09:00:06Z,106479,3114,133
h6l1cun1P68,UCQmcltnre6aG9SkDRYZqFIg,StelLive,2024 데뷔,아오쿠모 린,Aokumo Rin,더 이상 스텔에는 테토가 남아있지 않아,2026-08-13T09:00:06Z,48919,1992,123
9S3if_u5n_Q,UCQmcltnre6aG9SkDRYZqFIg,StelLive,2024 데뷔,아오쿠모 린,Aokumo Rin,소녀레이 [みきとP 『 少女レイ』] / 아오쿠모 린(Aokumo Rin) Cover,2026-08-11T11:00:06Z,432740,12872,657
_TsRssGFIXA,UCQmcltnre6aG9SkDRYZqFIg,StelLive,2024 데뷔,아오쿠모 린,Aokumo Rin,우리 리코 영어 잘해요,2026-08-10T09:00:33Z,63364,2336,119
qO037QKcG5E,UCQmcltnre6aG9SkDRYZqFIg,StelLive,2024 데뷔,아오쿠모 린,Aokumo Rin,둘 다 안먹을래..,2026-08-08T09:00:33Z,60299,2255,130
ys4_cLIvTt0,UCQmcltnre6aG9SkDRYZqFIg,StelLive,2024 데뷔,아오쿠모 린,Aokumo Rin,얘들아 궁금한게 있어🥸 #shorts #meme #stellive,2026-08-08T08:00:08Z,441517,19248,360
CtaUTfjiFYI,UCQmcltnre6aG9SkDRYZqFIg,StelLive,2024 데뷔,아오쿠모 린,Aokumo Rin,유니 선배를 떠나보내며..,2026-08-06T09:00:04Z,77886,2624,154
uiNbPeYW0dY,UCQmcltnre6aG9SkDRYZqFIg,StelLive,2024 데뷔,아오쿠모 린,Aokumo Rin,모두가 내 엉덩이를 쳐다봐,2026-08-04T09:00:15Z,80646,2790,153
5F2ro1ATLl4,UCQmcltnre6aG9SkDRYZqFIg,StelLive,2024 데뷔,아오쿠모 린,Aokumo Rin,귀에 피나는 합방,2026-08-01T09:00:38Z,79790,3095,136
HGAjF3TOifg,UCcA21_PzN1EhNe7xS4MJGsQ,StelLive,2024 데뷔,하나코 나나,Hanako Nana,하지만 안 쏟아졌죠? #shorts #animation,2026-09-26T08:00:24Z,142037,5294,139
qz29KlB8Qx0,UCcA21_PzN1EhNe7xS4MJGsQ,StelLive,2024 데뷔,하나코 나나,Hanako Nana,농부하려는 아들이 와 이런 걸 해..? [봉누도2],2026-09-26T04:00:02Z,139594,1631,112
Cd9XIn0dCQI,UCcA21_PzN1EhNe7xS4MJGsQ,StelLive,2024 데뷔,하나코 나나,Hanako Nana,?? : 와 대박 F 한번 눌러보세요 #shorts #봉누도2,2026-09-25T08:00:01Z,73847,2500,60
F7kdEX0VRss,UCcA21_PzN1EhNe7xS4MJGsQ,StelLive,2024 데뷔,하나코 나나,Hanako Nana,[4K] Dance The Night Away - TWICE(트와이스) / 하나코 나나 3D Cover,2026-09-25T04:00:18Z,78644,2669,186
Enuo__LeiTw,UCcA21_PzN1EhNe7xS4MJGsQ,StelLive,2024 데뷔,하나코 나나,Hanako Nana,Knock Knock💥 #shorts #vtuber,2026-09-24T04:00:32Z,180120,10107,234
zISpAiwawVM,UCcA21_PzN1EhNe7xS4MJGsQ,StelLive,2024 데뷔,하나코 나나,Hanako Nana,이 사람 저 사람 만나보라 캣더니 신부님한테 작업을 걸어뿟네... [봉누도2],2026-09-23T08:00:37Z,159983,2015,131
k_X6uPMjC6o,UCcA21_PzN1EhNe7xS4MJGsQ,StelLive,2024 데뷔,하나코 나나,Hanako Nana,うさぎラップ (우사기 랩) #shorts #vtuber,2026-09-23T05:30:08Z,95172,6227,144
iQ9062YZRio,UCcA21_PzN1EhNe7xS4MJGsQ,StelLive,2024 데뷔,하나코 나나,Hanako Nana,수영복 신의상을 본 동료들이 저를 보고 그만...,2026-09-22T08:00:20Z,156520,3755,350
v9t9MKNqnKU,UCcA21_PzN1EhNe7xS4MJGsQ,StelLive,2024 데뷔,하나코 나나,Hanako Nana,지치고 병든 #shorts,2026-09-22T05:00:02Z,263163,9784,258
y-rdBQSrzSs,UCcA21_PzN1EhNe7xS4MJGsQ,StelLive,2024 데뷔,하나코 나나,Hanako Nana,[4K] Dynamite - BTS(방탄소년단) / 하나코 나나 3D Cover,2026-09-21T08:00:18Z,96077,2998,177
CiQ6Dmf3V5o,UCcA21_PzN1EhNe7xS4MJGsQ,StelLive,2024 데뷔,하나코 나나,Hanako Nana,한세월이라고 합니데이~ #shorts #봉누도2,2026-09-21T05:30:04Z,74768,2812,53
4ahYvNLSZhQ,UCcA21_PzN1EhNe7xS4MJGsQ,StelLive,2024 데뷔,하나코 나나,Hanako Nana,내 친구들 한 트럭에다 담아서 빙빙~,2026-09-20T08:30:19Z,234784,11448,236
CJaDWNAgQ5s,UCcA21_PzN1EhNe7xS4MJGsQ,StelLive,2024 데뷔,하나코 나나,Hanako Nana,아~따 마 여기 함 앉아 보이소~! 이 아지매가 할 말이 있어가~ [봉누도2],2026-09-20T04:00:13Z,136407,2261,150
tR-qhBpXdEI,UCcA21_PzN1EhNe7xS4MJGsQ,StelLive,2024 데뷔,하나코 나나,Hanako Nana,Dance The Night Away - TWICE(트와이스) / 하나코 나나 3D Cover #shorts #vtuber,2026-09-19T08:30:36Z,107037,5840,130
KzwlPuoVopE,UCcA21_PzN1EhNe7xS4MJGsQ,StelLive,2024 데뷔,하나코 나나,Hanako Nana,우리가 화장실을 통제 당했던 이유,2026-09-19T04:00:32Z,144513,1603,87
UaOeHYrr9R0,UCcA21_PzN1EhNe7xS4MJGsQ,StelLive,2024 데뷔,하나코 나나,Hanako Nana,Dynamite - BTS(방탄소년단) / 하나코 나나 3D Cover #shorts #vtuber,2026-09-18T08:00:17Z,228868,9283,265
qv_VVUJOt0M,UCcA21_PzN1EhNe7xS4MJGsQ,StelLive,2024 데뷔,하나코 나나,Hanako Nana,[4K] Catallena(까탈레나) - Orange Caramel(오렌지캬라멜) / 하나코 나나 3D Cover,2026-09-17T08:00:39Z,443017,7238,459
-5uKjMUnlqY,UCcA21_PzN1EhNe7xS4MJGsQ,StelLive,2024 데뷔,하나코 나나,Hanako Nana,일본 가서 유니 선배랑 얘기했더니 국적을 의심받았다,2026-09-16T08:00:27Z,361607,3303,192
qweQA4L0fY0,UCcA21_PzN1EhNe7xS4MJGsQ,StelLive,2024 데뷔,하나코 나나,Hanako Nana,눈 좀 떠 봐,2026-09-15T08:00:31Z,150010,8405,240
npwilOOckxY,UCcA21_PzN1EhNe7xS4MJGsQ,StelLive,2024 데뷔,하나코 나나,Hanako Nana,[4K] キミに100パーセント(너에게 100퍼센트) / 하나코 나나 3D Cover,2026-09-14T08:00:37Z,127677,3929,237
9uXMUAbIoVo,UCcA21_PzN1EhNe7xS4MJGsQ,StelLive,2024 데뷔,하나코 나나,Hanako Nana,네?,2026-09-13T04:00:35Z,152311,2769,167
Zetk77I6_s8,UCcA21_PzN1EhNe7xS4MJGsQ,StelLive,2024 데뷔,하나코 나나,Hanako Nana,"오츠카레summer [おつかれsummer/HALCALI] / 하나코 나나, 사키하네 후야 COVER",2026-09-12T11:00:06Z,407514,13457,684
pY6crju_AkM,UCcA21_PzN1EhNe7xS4MJGsQ,StelLive,2024 데뷔,하나코 나나,Hanako Nana,キミに100パーセント(너에게 100퍼센트) / 하나코 나나 3D Cover #shorts #vtuber,2026-09-11T08:00:01Z,116364,7107,203
WpdA5SeBras,UCcA21_PzN1EhNe7xS4MJGsQ,StelLive,2024 데뷔,하나코 나나,Hanako Nana,[4K] LAST STARDUST - Aimer / 하나코 나나 3D Cover,2026-09-10T08:00:34Z,200323,4280,295
sN5e9ftbVvY,UCcA21_PzN1EhNe7xS4MJGsQ,StelLive,2024 데뷔,하나코 나나,Hanako Nana,말보다 행동이 더 빠른 내 동료,2026-09-09T08:00:33Z,172910,1640,90
rWKttGqYMmY,UCcA21_PzN1EhNe7xS4MJGsQ,StelLive,2024 데뷔,하나코 나나,Hanako Nana,LAST STARDUST - Aimer / 하나코 나나 3D Cover #shorts #vtuber,2026-09-08T08:00:40Z,135804,7215,176
Rkd03AguDJ4,UCcA21_PzN1EhNe7xS4MJGsQ,StelLive,2024 데뷔,하나코 나나,Hanako Nana,[4K] 飛行艇(비행정) - King Gnu / 하나코 나나 3D Live Cover,2026-09-07T08:00:05Z,397993,8803,512
6NDV1oky-Ng,UCcA21_PzN1EhNe7xS4MJGsQ,StelLive,2024 데뷔,하나코 나나,Hanako Nana,망가진 나의 우상,2026-09-06T04:00:00Z,182119,2177,125
8ysFVOFYvD4,UCcA21_PzN1EhNe7xS4MJGsQ,StelLive,2024 데뷔,하나코 나나,Hanako Nana,飛行艇(비행정) - King Gnu / 하나코 나나 3D Live Cover #shorts,2026-09-05T04:00:31Z,107353,6965,220
XP98UI_m85M,UCcA21_PzN1EhNe7xS4MJGsQ,StelLive,2024 데뷔,하나코 나나,Hanako Nana,바이바이바이올린🎻 #shorts #vtuber,2026-09-04T08:00:20Z,185180,7385,178
BXqB-OfsLkA,UCj0c1jUr91dTetIQP2pFeLA,StelLive,2024 데뷔,유즈하 리코,Yuzuha Riko,윽.. 다른 세상의 기억이..! | [봉누도2 : 신이비],2026-09-25T08:11:48Z,138127,1971,138
BfY1BjEmNu0,UCj0c1jUr91dTetIQP2pFeLA,StelLive,2024 데뷔,유즈하 리코,Yuzuha Riko,일어나! 자면 안 돼! 「バンジョー猫」 #vtuber #shorts #리코 #스텔라이브 #meme,2026-09-24T05:45:21Z,153573,8656,215
9h9kCUB1ykI,UCj0c1jUr91dTetIQP2pFeLA,StelLive,2024 데뷔,유즈하 리코,Yuzuha Riko,배우 도전 1일차 #vtuber #shorts #스텔라이브 #리코 #용사툰,2026-09-23T07:44:22Z,202848,8369,411
aSgO-RvxjM0,UCj0c1jUr91dTetIQP2pFeLA,StelLive,2024 데뷔,유즈하 리코,Yuzuha Riko,곤히 잠든 EMS 젊은 병원장 도촬해 보겠습니다 | [봉누도2 : 신이비],2026-09-22T08:07:07Z,202161,2658,140
od320oiYQGw,UCj0c1jUr91dTetIQP2pFeLA,StelLive,2024 데뷔,유즈하 리코,Yuzuha Riko,사장님의 아픈 손가락 둘,2026-09-21T07:05:55Z,188490,2763,224
XgfTpIbmOBk,UCj0c1jUr91dTetIQP2pFeLA,StelLive,2024 데뷔,유즈하 리코,Yuzuha Riko,봉누도의 유학파 엘리트 기자 | [봉누도2 : 신이비],2026-09-19T07:05:19Z,268427,3478,276
yYnsrxHMJcw,UCj0c1jUr91dTetIQP2pFeLA,StelLive,2024 데뷔,유즈하 리코,Yuzuha Riko,참을 수 없는 본능 #vtuber #shorts #스텔라이브 #리코 #용사툰,2026-09-18T05:30:01Z,498569,15644,286
iYOnzhU08bY,UCj0c1jUr91dTetIQP2pFeLA,StelLive,2024 데뷔,유즈하 리코,Yuzuha Riko,캐치 캐치 (Catch Catch) 를 춰봤어요 - YENA (최예나) #vtuber #shorts #리코 #스텔라이브 #챌린지 #meme  #3D,2026-09-16T05:55:38Z,166541,9358,286
vYS52CnvybA,UCj0c1jUr91dTetIQP2pFeLA,StelLive,2024 데뷔,유즈하 리코,Yuzuha Riko,응애시절 기저귀도 갈아주던 시로 선배,2026-09-15T08:22:53Z,157861,2588,112
blFr5w6o2jQ,UCj0c1jUr91dTetIQP2pFeLA,StelLive,2024 데뷔,유즈하 리코,Yuzuha Riko,아이와 나의 바다 [My sea / 아이유 IU] / 유즈하 리코 Yuzuha Riko cover,2026-09-13T09:00:07Z,388428,11688,792
axBA_Fdzxao,UCj0c1jUr91dTetIQP2pFeLA,StelLive,2024 데뷔,유즈하 리코,Yuzuha Riko,이걸 바라는 게 맞지?  #vtuber #shorts #리코 #스텔라이브 #meme,2026-09-12T06:54:23Z,137371,8708,412
P6xxN6_h8IY,UCj0c1jUr91dTetIQP2pFeLA,StelLive,2024 데뷔,유즈하 리코,Yuzuha Riko,가족 같은 회사,2026-09-10T07:30:53Z,206754,3663,264
o95TvQSPbDo,UCj0c1jUr91dTetIQP2pFeLA,StelLive,2024 데뷔,유즈하 리코,Yuzuha Riko,사장님이더라도 할말은 해야겠습니다.,2026-09-07T09:08:02Z,154548,2074,132
gBoni5oLiV0,UCj0c1jUr91dTetIQP2pFeLA,StelLive,2024 데뷔,유즈하 리코,Yuzuha Riko,안무 틀려서 다시 찍어본...악당주의보 댄스 챌린지!  #vtuber #shorts #리코 #스텔라이브 #챌린지 #meme #3D,2026-09-05T04:30:23Z,202705,10158,282
2jSgapP6I4w,UCj0c1jUr91dTetIQP2pFeLA,StelLive,2024 데뷔,유즈하 리코,Yuzuha Riko,오늘 나는 찌그러진 클리셰가 될 거야 #vtuber #shorts #리코 #스텔라이브 #챌린지 #meme,2026-09-04T05:15:38Z,970070,25075,369
d4t_CP6aDG4,UCj0c1jUr91dTetIQP2pFeLA,StelLive,2024 데뷔,유즈하 리코,Yuzuha Riko,신의상을 어마무시한 전투기로 만들었습니다,2026-09-03T08:55:40Z,246282,3598,395
yuxa6o1_scc,UCj0c1jUr91dTetIQP2pFeLA,StelLive,2024 데뷔,유즈하 리코,Yuzuha Riko,라일락[ライラック] - Mrs. GREEN APPLE / 유즈하 리코 (Yuzuha Riko) cover,2026-09-02T10:45:06Z,753272,14997,866
PcjCHwZEw_E,UCj0c1jUr91dTetIQP2pFeLA,StelLive,2024 데뷔,유즈하 리코,Yuzuha Riko,따라해볼래? 댄스 챌린지! 악당주의보  #vtuber #shorts #리코 #스텔라이브 #챌린지 #meme #3D,2026-09-01T05:15:17Z,398434,14522,428
Hd_mChTl0F4,UCj0c1jUr91dTetIQP2pFeLA,StelLive,2024 데뷔,유즈하 리코,Yuzuha Riko,사장님 복지는 제가 책임지는 중입니다,2026-08-31T04:59:02Z,253700,3214,209
Hvt5PAt7lWw,UCj0c1jUr91dTetIQP2pFeLA,StelLive,2024 데뷔,유즈하 리코,Yuzuha Riko,악당주의보 댄스 챌린지! #vtuber #shorts #리코 #스텔라이브 #챌린지 #meme #3D,2026-08-27T06:40:25Z,252208,12773,447
SHN_YIgy_IU,UCj0c1jUr91dTetIQP2pFeLA,StelLive,2024 데뷔,유즈하 리코,Yuzuha Riko,부키랑 일본여행 갔다가 유니콘 목격했어요,2026-08-26T08:15:10Z,374772,6748,258
GnLenp6yizU,UCj0c1jUr91dTetIQP2pFeLA,StelLive,2024 데뷔,유즈하 리코,Yuzuha Riko,에로욘사 인정하겠습니다,2026-08-25T06:05:59Z,110849,3644,227
3r3P7rqFY5c,UCj0c1jUr91dTetIQP2pFeLA,StelLive,2024 데뷔,유즈하 리코,Yuzuha Riko,스텔라이브의 1등 신붓감,2026-08-23T05:59:40Z,231093,5082,269
rRMDL8lcSOY,UCj0c1jUr91dTetIQP2pFeLA,StelLive,2024 데뷔,유즈하 리코,Yuzuha Riko,[4K] 숨바꼭질 かくれんぼ - AliA / 유즈하 리코 Yuzuha Riko cover,2026-08-22T07:25:42Z,143066,5231,340
kFp_A-9SNV8,UCj0c1jUr91dTetIQP2pFeLA,StelLive,2024 데뷔,유즈하 리코,Yuzuha Riko,선배 우리 진~짜 안 맞는다 #vtuber #shorts #스텔라이브 #리코 #용사툰 #마시로,2026-08-21T06:00:33Z,844167,29602,763
rMD4PN0WZv0,UCj0c1jUr91dTetIQP2pFeLA,StelLive,2024 데뷔,유즈하 리코,Yuzuha Riko,방송 욕심 부리는 도우미씨 때문에 곤란합니다,2026-08-19T06:15:34Z,185207,4343,179
QkMcS0g0tnY,UCj0c1jUr91dTetIQP2pFeLA,StelLive,2024 데뷔,유즈하 리코,Yuzuha Riko,합숙 때 목격된 엉큰리 소문의 진실,2026-08-16T03:45:18Z,104687,3717,240
uTANGgygTD0,UCj0c1jUr91dTetIQP2pFeLA,StelLive,2024 데뷔,유즈하 리코,Yuzuha Riko,완벽한 논리 #vtuber #shorts #스텔라이브 #리코 #용사툰,2026-08-14T06:00:19Z,139670,5343,325
llLuLOhU644,UCj0c1jUr91dTetIQP2pFeLA,StelLive,2024 데뷔,유즈하 리코,Yuzuha Riko,신체검사 들어갑니다 #vtuber #shorts #리코 #스텔라이브 #젠레스존제로 #hoyocreators #zenlesszonezero,2026-08-12T07:39:39Z,72693,2136,59
Aeg3kUErpYM,UCj0c1jUr91dTetIQP2pFeLA,StelLive,2024 데뷔,유즈하 리코,Yuzuha Riko,새로운 내 아내 신체검사 하는 날,2026-08-12T07:05:14Z,44263,1938,189
jeA_H_fd_GA,UCENwRMx5Yh42zWpzURebzTw,홀로라이브,2021-2022 데뷔,라플라스 다크니스,La+ Darknesss,先輩に容赦ない失礼系VTuber  #ねぽっくす まであと3日 【ラプラス・ダークネス/ホロライブ】 #shorts #vtuber,2026-09-23T11:00:32Z,79560,5872,111
a_CoQT7Adfg,UCENwRMx5Yh42zWpzURebzTw,홀로라이브,2021-2022 데뷔,라플라스 다크니스,La+ Darknesss,「マジか！/梓川 #歌ってみた 」 #shorts,2026-09-22T09:00:12Z,42765,5113,271
7YArsF1RdXs,UCENwRMx5Yh42zWpzURebzTw,홀로라이브,2021-2022 데뷔,라플라스 다크니스,La+ Darknesss,【#ねぽっくす】ねぽらぼ×秘密結社holoXから重大発表‼️【ねぽらぼ/holoX】,2026-09-21T11:52:04Z,314987,9874,53
KULsQ1kwvMM,UCENwRMx5Yh42zWpzURebzTw,홀로라이브,2021-2022 데뷔,라플라스 다크니스,La+ Darknesss,昨日見た夢？？？？？トワ様と #ウチらしか勝たん 踊ってみた🤓 【ラプラス・ダークネス/ホロライブ】 #shorts #vtuber #踊ってみた,2026-09-11T08:00:31Z,182897,16920,283
4b3b6axGlSA,UCENwRMx5Yh42zWpzURebzTw,홀로라이브,2021-2022 데뷔,라플라스 다크니스,La+ Darknesss,【アニメ】パ〇ツ履いてなくない！？事務所の先輩がエロすぎて興奮が止まらないラプ様がやばいwww【ラプラス・ダークネス/ホロライブ】#shorts #アニメ #ホロドリ,2026-09-09T08:00:39Z,120055,10607,312
ceYmMQjCbz8,UCENwRMx5Yh42zWpzURebzTw,홀로라이브,2021-2022 데뷔,라플라스 다크니스,La+ Darknesss,【手描きアニメ】ねえ！話聞いてよおおおお！！！！/伊っ達さ-マキシウキョウ 【ラプラス・ダークネス/鷹嶺ルイ/ホロライブ】#shorts,2026-09-08T08:00:20Z,108727,9774,239
wsSt8S9wRl4,UCENwRMx5Yh42zWpzURebzTw,홀로라이브,2021-2022 데뷔,라플라스 다크니스,La+ Darknesss,【holoX】夏なので丸裸！？ですか！？いいんですか！？【ラプラス・ダークネス/ホロライブ】,2026-09-02T14:11:12Z,354990,12242,118
4ZYtu7-cweg,UCENwRMx5Yh42zWpzURebzTw,홀로라이브,2021-2022 데뷔,라플라스 다크니스,La+ Darknesss,【就任】レッドブル バーチャル・アンバサダー衣装お披露目！告知もあるよ！【ラプラス・ダークネス/獅白ぼたん/ホロライブ】,2026-08-31T11:02:57Z,231596,7534,68
Drga5lIyP_g,UCENwRMx5Yh42zWpzURebzTw,홀로라이브,2021-2022 데뷔,라플라스 다크니스,La+ Darknesss,【同時視聴/Watchalong】〈化物語〉(前編1~8話) holoXで同時視聴するぞ！【ラプラス・ダークネス/ホロライブ】,2026-08-30T05:40:04Z,779256,15214,267
L5cACLf6o6M,UCENwRMx5Yh42zWpzURebzTw,홀로라이브,2021-2022 데뷔,라플라스 다크니스,La+ Darknesss,🎶歌うよ！I’m gonna sing! 노래할게!🎤,2026-08-25T18:32:42Z,125172,10023,129
NU_51wh_1jw,UCENwRMx5Yh42zWpzURebzTw,홀로라이브,2021-2022 데뷔,라플라스 다크니스,La+ Darknesss,はなそ～ぜ,2026-08-15T09:40:38Z,96721,7639,126
c9nDZMcCC9E,UCENwRMx5Yh42zWpzURebzTw,홀로라이브,2021-2022 데뷔,라플라스 다크니스,La+ Darknesss,【新衣装】めっちゃかっこいいいしょうができました、ルイとおそろいです【ラプラス・ダークネス/ホロライブ】,2026-08-01T10:32:12Z,161582,11324,173
nXunP96bQ2w,UCENwRMx5Yh42zWpzURebzTw,홀로라이브,2021-2022 데뷔,라플라스 다크니스,La+ Darknesss,【第２回】ホロメンお姉さんtier表をホロドリイラスト版でやってほしいという狂ったお願いがホロドリ運営から来たので酒飲みながらやる【ラプラス・ダークネス/ホロライブ】,2026-07-22T12:59:39Z,668236,28939,591
zvKsTbPjHtM,UCENwRMx5Yh42zWpzURebzTw,홀로라이브,2021-2022 데뷔,라플라스 다크니스,La+ Darknesss,【#ホロと祝う集英社100th】クワハリ先生×ラプラス・ダークネススペシャル対談！,2026-07-11T09:00:06Z,34126,3508,85
NTC5kWgW1sQ,UCENwRMx5Yh42zWpzURebzTw,홀로라이브,2021-2022 데뷔,라플라스 다크니스,La+ Darknesss,ブラッディ・グルービー / ラプラス・ダークネス×天音かなた cover-ChroNoiR[叶&葛葉]【歌ってみた】,2026-06-30T10:00:06Z,1236885,62799,2474
4qTH-NBWl5I,UCENwRMx5Yh42zWpzURebzTw,홀로라이브,2021-2022 데뷔,라플라스 다크니스,La+ Darknesss,企業Vtuberによく聞かれる質問に答えて見たW #vtuber #shorts #NaNGAMEChallenge【ラプラス・ダークネス/ホロライブ】,2026-06-30T08:00:31Z,2242280,61366,793
y0NtcsNmtZg,UCENwRMx5Yh42zWpzURebzTw,홀로라이브,2021-2022 데뷔,라플라스 다크니스,La+ Darknesss,博衣こよりはいいぞ配信,2026-06-26T17:04:50Z,148348,11727,376
5yca-NOwm68,UCENwRMx5Yh42zWpzURebzTw,홀로라이브,2021-2022 데뷔,라플라스 다크니스,La+ Darknesss,【雑談】お披露目するから見に来て！最近あったこと話そ！【ラプラス・ダークネス/ホロライブ】,2026-06-16T12:29:28Z,76440,6994,342
uCoq3Riir6Q,UCENwRMx5Yh42zWpzURebzTw,홀로라이브,2021-2022 데뷔,라플라스 다크니스,La+ Darknesss,【MV】Dirty Look- picco × 八王子P feat.ラプラス・ダークネス,2026-06-13T11:00:06Z,181429,14193,515
e65s0VElQ1U,UCENwRMx5Yh42zWpzURebzTw,홀로라이브,2021-2022 데뷔,라플라스 다크니스,La+ Darknesss,俺がファン第1号になったアーティストがソロライブするまで大人気になってて今これ 【ラプラス・ダークネス/鷹嶺ルイ/ホロライブ】#vtuber #踊ってみた #shorts #鷹嶺ルイの反逆 #Soar,2026-06-12T07:59:56Z,201361,15562,287
r5Zi9nXaKkE,UCENwRMx5Yh42zWpzURebzTw,홀로라이브,2021-2022 데뷔,라플라스 다크니스,La+ Darknesss,【やばい】歌詞が酷すぎるのに耳に残る神曲踊ってみた🎶MMDデータ配布中！【ラプラス・ダークネス/ホロライブ】 #shorts #vtuber #踊ってみた,2026-05-31T13:00:05Z,444169,27179,608
a3dcLWjebzc,UCENwRMx5Yh42zWpzURebzTw,홀로라이브,2021-2022 데뷔,라플라스 다크니스,La+ Darknesss,【衝撃】お姉さま♡﻿ラヴコール という曲を発表してしまいました…… 【ラプラス・ダークネス/ホロライブ】 #vtuber #shorts,2026-05-26T09:01:58Z,334117,19765,503
8W_Pml3XIdM,UCENwRMx5Yh42zWpzURebzTw,홀로라이브,2021-2022 데뷔,라플라스 다크니스,La+ Darknesss,【生誕3Dライブ】#ラプさま大解放2026 超超超豪華ゲストありのラプ様ご褒美ライブ⁉重大告知もあるよ‼🔥【ラプラス・ダークネス/ホロライブ】,2026-05-25T12:04:33Z,1027423,52423,3006
Geam6xyjCLM,UCENwRMx5Yh42zWpzURebzTw,홀로라이브,2021-2022 데뷔,라플라스 다크니스,La+ Darknesss,【MV】お姉さま♡ラヴコール／ラプラス・ダークネス(official),2026-05-25T12:00:06Z,1283683,52035,4201
F3i30BIJmtY,UCENwRMx5Yh42zWpzURebzTw,홀로라이브,2021-2022 데뷔,라플라스 다크니스,La+ Darknesss,【３D】おかゆさんへの挑戦状！噓発見器でプライドバトル👊【ラプラス・ダークネス/猫又おかゆ/ホロライブ】,2026-05-19T12:04:30Z,408328,24037,339
dBzPcy1DqzU,UCENwRMx5Yh42zWpzURebzTw,홀로라이브,2021-2022 데뷔,라플라스 다크니스,La+ Darknesss,【雑談】本当にいろいろあったから話そうぜ～～～～～＾＾【ラプラス・ダークネス/ホロライブ】,2026-05-11T10:42:18Z,257506,14426,187
FEyI8CbCNi0,UCENwRMx5Yh42zWpzURebzTw,홀로라이브,2021-2022 데뷔,라플라스 다크니스,La+ Darknesss,鬼バズった伝説の歌ってみた「神っぽいな」踊ってみた‼️🔥【ラプラス・ダークネス/ホロライブ】#vtuber #shorts #歌ってみた #踊ってみた,2026-04-28T08:55:02Z,354340,21300,405
H6QIy0YrWYs,UCENwRMx5Yh42zWpzURebzTw,홀로라이브,2021-2022 데뷔,라플라스 다크니스,La+ Darknesss,【初見プレイ】マジで何も知らないんだけどお姉さんいる！？アークナイツエンドフィールド【ラプラス・ダークネス/ホロライブ】,2026-04-20T19:19:25Z,84430,5440,63
6n2X82dqqx0,UCENwRMx5Yh42zWpzURebzTw,홀로라이브,2021-2022 데뷔,라플라스 다크니스,La+ Darknesss,｢オタクくんってチューしたことある？｣極上ギャルAZKiさんのASMRで昇天するラプ様 #アニメ #shorts #vtuber 【ラプラス・ダークネス/ホロライブ/切り抜き動画】,2026-03-31T08:40:23Z,1975296,71109,1173
EeEQHy68tBo,UCENwRMx5Yh42zWpzURebzTw,홀로라이브,2021-2022 데뷔,라플라스 다크니스,La+ Darknesss,【#NELLマットレス】マットレスで睡眠の質って本当に変わるの？＃らぷさまなでなで【ラプラス・ダークネス/ホロライブ】,2026-03-19T14:06:14Z,98492,6932,80
FN2Q760dRs4,UCs9_O1tRPMQTHQ-N_L6FU2g,홀로라이브,2021-2022 데뷔,타카네 루이,Takane Lui,今日からM!LKさん楽曲続きます🐟 #shorts #hololive #しおざきわんだーらんど #dance,2026-09-26T05:27:15Z,34844,4373,55
i985Rc1Gc3o,UCs9_O1tRPMQTHQ-N_L6FU2g,홀로라이브,2021-2022 데뷔,타카네 루이,Takane Lui,めちゃ耳に残る🌟 #shorts #hololive #ebidan #Yes_EBiDAN15th #dance,2026-09-25T03:00:23Z,72873,6229,115
Y4Z_PDYESUk,UCs9_O1tRPMQTHQ-N_L6FU2g,홀로라이브,2021-2022 데뷔,타카네 루이,Takane Lui,【 Machine Party 】ねぽっくす前にholoXで命がけのゲームをしよう。【#SSholoX/ホロライブ】,2026-09-24T14:05:02Z,318158,8505,36
cTeiGKte9uo,UCs9_O1tRPMQTHQ-N_L6FU2g,홀로라이브,2021-2022 데뷔,타카네 루이,Takane Lui,【 Machine Party 】ねぽっくす前にholoXで命がけのゲームをしよう。【#SSholoX/ホロライブ】,2026-09-24T12:11:36Z,98819,3300,30
Jq_6H1Zute4,UCs9_O1tRPMQTHQ-N_L6FU2g,홀로라이브,2021-2022 데뷔,타카네 루이,Takane Lui,【BOMBANANA!】きんじょーずのはいしんよていち【ホロライブ/鷹嶺ルイ】,2026-09-23T15:07:03Z,136779,5329,30
_teljPCxeFM,UCs9_O1tRPMQTHQ-N_L6FU2g,홀로라이브,2021-2022 데뷔,타카네 루이,Takane Lui,【 ドラゴンクエスト ビルダーズ 】病気が蔓延るリムルダールを救いたい【鷹嶺ルイ/ホロライブ】ネタバレあり,2026-09-23T10:17:58Z,186835,3895,19
Lt--mBcR50g,UCs9_O1tRPMQTHQ-N_L6FU2g,홀로라이브,2021-2022 데뷔,타카네 루이,Takane Lui,大切な後輩 #shorts #hololive #ホロライブ切り抜き,2026-09-23T03:00:28Z,177803,8798,100
XKYx7wJp1sE,UCs9_O1tRPMQTHQ-N_L6FU2g,홀로라이브,2021-2022 데뷔,타카네 루이,Takane Lui,【#ねぽっくす あと4日】めんどかわいいラミィちゃんみれるかな？ #shorts #hololive #ホロライブ切り抜き,2026-09-22T11:00:38Z,75322,4439,49
bNKwoq-PWlg,UCs9_O1tRPMQTHQ-N_L6FU2g,홀로라이브,2021-2022 데뷔,타카네 루이,Takane Lui,競馬的中したら食べに行くのは… #shorts #hololive #ホロライブ切り抜き,2026-09-22T03:00:21Z,401374,15553,158
jXSsRQ3ZrWc,UCs9_O1tRPMQTHQ-N_L6FU2g,홀로라이브,2021-2022 데뷔,타카네 루이,Takane Lui,【BOMBANANA!】え？見猿聞か猿言わで猿爆弾解除？？？🙉💣【ホロライブ/鷹嶺ルイ】,2026-09-21T14:48:55Z,124744,4354,27
CdlaEz76_MU,UCs9_O1tRPMQTHQ-N_L6FU2g,홀로라이브,2021-2022 데뷔,타카네 루이,Takane Lui,【 神戸新聞杯 】2日連続的中いくぞ！！！！！！！！！！【鷹嶺ルイ/ホロライブ】,2026-09-21T07:47:55Z,165564,2969,14
sjzbg7oglCg,UCs9_O1tRPMQTHQ-N_L6FU2g,홀로라이브,2021-2022 데뷔,타카네 루이,Takane Lui,【 ドラゴンクエスト ビルダーズ 】リムルダール編も面白すぎるぞ・・・【鷹嶺ルイ/ホロライブ】ネタバレあり,2026-09-21T05:20:10Z,191906,4175,20
HWFQEW9W5A0,UCs9_O1tRPMQTHQ-N_L6FU2g,홀로라이브,2021-2022 데뷔,타카네 루이,Takane Lui,【 ドラゴンクエスト ビルダーズ 】2個目の街へ・・・！？【鷹嶺ルイ/ホロライブ】ネタバレあり,2026-09-20T14:36:18Z,228692,4322,23
iufpAjIf3Yw,UCs9_O1tRPMQTHQ-N_L6FU2g,홀로라이브,2021-2022 데뷔,타카네 루이,Takane Lui,【 オールカマー 】実力馬たち集まるオールカマーは的中したいぜ！！！【鷹嶺ルイ/ホロライブ】,2026-09-20T07:14:54Z,155762,2935,16
bWDg4MOeqoQ,UCs9_O1tRPMQTHQ-N_L6FU2g,홀로라이브,2021-2022 데뷔,타카네 루이,Takane Lui,【 ドラゴンクエスト ビルダーズ 】1度目のボスくるか・・・！？【鷹嶺ルイ/ホロライブ】ネタバレあり,2026-09-19T08:45:36Z,226472,4581,27
zY4xF3Q3i9E,UCs9_O1tRPMQTHQ-N_L6FU2g,홀로라이브,2021-2022 데뷔,타카네 루이,Takane Lui,【 同時視聴 】特別動画あり‼『コードギアス 奪還のロゼ』第11話を一緒にみよ～！【鷹嶺ルイ/ホロライブ】,2026-09-18T17:44:28Z,37401,1491,10
2-oSZUWysOU,UCs9_O1tRPMQTHQ-N_L6FU2g,홀로라이브,2021-2022 데뷔,타카네 루이,Takane Lui,苦労人ポジのルイ？ #shorts #hololive #ホロライブ切り抜き,2026-09-17T03:00:01Z,296659,12376,199
QrJ5lZRtdwY,UCs9_O1tRPMQTHQ-N_L6FU2g,홀로라이브,2021-2022 데뷔,타카네 루이,Takane Lui,みこちのソロライブたのちみ✨ #サキミダレアッパレード♪ #shorts #hololive #さくらみこ,2026-09-16T03:00:13Z,38218,4721,102
kSVbWIgVqK0,UCs9_O1tRPMQTHQ-N_L6FU2g,홀로라이브,2021-2022 데뷔,타카네 루이,Takane Lui,【SNSで話題！】暑さに耐えながらMYカメラでカラーハンティング📷✨【ルイ姉、今日なにする？】#4,2026-09-13T09:00:06Z,126556,3058,76
vMVUobE0kSM,UCs9_O1tRPMQTHQ-N_L6FU2g,홀로라이브,2021-2022 데뷔,타카네 루이,Takane Lui,【 ローズSとセントライト記念 】今週は的中なるか・・・！？【鷹嶺ルイ/ホロライブ】,2026-09-13T07:37:02Z,118138,3062,16
Dg3GP4V-4BU,UCs9_O1tRPMQTHQ-N_L6FU2g,홀로라이브,2021-2022 데뷔,타카네 루이,Takane Lui,【 ドラゴンクエスト ビルダーズ 】なんだこのゲーム・・・おもしろすぎ・・・！【鷹嶺ルイ/ホロライブ】ネタバレあり,2026-09-13T05:08:45Z,256479,5241,20
5h8DeoXN31c,UCs9_O1tRPMQTHQ-N_L6FU2g,홀로라이브,2021-2022 데뷔,타카네 루이,Takane Lui,【 ドラゴンクエスト ビルダーズ 】初めてのビルダーズ！！！【鷹嶺ルイ/ホロライブ】ネタバレあり,2026-09-12T08:34:28Z,305677,5629,46
VvPM7cyJydI,UCs9_O1tRPMQTHQ-N_L6FU2g,홀로라이브,2021-2022 데뷔,타카네 루이,Takane Lui,【 ホロドリ 】フワモコGETしなきゃ・・・！！！！！！！！！【鷹嶺ルイ/ホロライブ】,2026-09-08T17:08:53Z,339392,9454,59
14-cjse2cbA,UCs9_O1tRPMQTHQ-N_L6FU2g,홀로라이브,2021-2022 데뷔,타카네 루이,Takane Lui,【 紫苑S＆セントウルS 】秋競馬開始！有名馬集うレースを的中させるぞ！！！【鷹嶺ルイ/ホロライブ】,2026-09-06T07:21:20Z,111205,2807,13
OjIqvR3ikmA,UCs9_O1tRPMQTHQ-N_L6FU2g,홀로라이브,2021-2022 데뷔,타카네 루이,Takane Lui,【同時視聴/Watchalong】〈化物語〉(後編9~15話) holoXで同時視聴！(映像付き)【 #SSholoX /ホロライブ】,2026-09-06T05:20:34Z,551675,9923,109
kjZx0qrkl1Y,UCs9_O1tRPMQTHQ-N_L6FU2g,홀로라이브,2021-2022 데뷔,타카네 루이,Takane Lui,【 バイオハザード RE:4 】エイダ編後編！完全初見…その頃エイダ様は…？ 【鷹嶺ルイ/ホロライブ】,2026-09-05T09:25:14Z,44203,3400,17
U0JrgWxheSo,UCs9_O1tRPMQTHQ-N_L6FU2g,홀로라이브,2021-2022 데뷔,타카네 루이,Takane Lui,【 同時視聴 】特別動画あり‼『コードギアス 奪還のロゼ』第9話を一緒にみよ～！【鷹嶺ルイ/ホロライブ】,2026-09-04T17:35:49Z,39576,1560,10
2ZP2VEf767w,UCs9_O1tRPMQTHQ-N_L6FU2g,홀로라이브,2021-2022 데뷔,타카네 루이,Takane Lui,【 デスゲームの報告書 】話題沸騰中！デスゲーム参加者の死因を特定せよ。【鷹嶺ルイ/ホロライブ】,2026-09-03T19:02:14Z,177261,4315,31
ANYwHt1FgeA,UCs9_O1tRPMQTHQ-N_L6FU2g,홀로라이브,2021-2022 데뷔,타카네 루이,Takane Lui,マジでDestiny🕺 #shorts #hololive #ホロライブ @MILK_2014,2026-09-01T02:58:11Z,66511,7506,68
NHxXQ3GYZCc,UCs9_O1tRPMQTHQ-N_L6FU2g,홀로라이브,2021-2022 데뷔,타카네 루이,Takane Lui,【話題沸騰！】はじめと自分好みの雪見だいふく食べてきた🍴【ルイ姉、今日なにする？】#3,2026-08-30T09:00:06Z,224298,5294,109
6RQn6fSBcrc,UC6eWCld0KwmyHFbAqK3V-Rw,홀로라이브,2021-2022 데뷔,하쿠이 코요리,Hakui Koyori,【 #ホロ甲2026 】緊急🚨アソビ★まわり隊ホロ甲参戦！ルーレット！【博衣こより/ホロライブ】,2026-09-26T13:26:30Z,133307,5106,102
0JzvDfFu3K4,UC6eWCld0KwmyHFbAqK3V-Rw,홀로라이브,2021-2022 데뷔,하쿠이 코요리,Hakui Koyori,「ピンクになっちゃえ」アップVer踊ってみた🫶可愛くて簡単なので踊ってみてね❣ #踊ってみた #dance #shorts #ホロライブ #hololive #vtuber #ダンス #博衣こより,2026-09-26T05:00:05Z,24712,3722,200
UHuo8ycEnq0,UC6eWCld0KwmyHFbAqK3V-Rw,홀로라이브,2021-2022 데뷔,하쿠이 코요리,Hakui Koyori,新オリ曲「ピンクになっちゃえ」Shorts版公開！冒頭は描き下ろし⁉️ #dance #shorts #ホロライブ #hololive #vtuber #ダンス #博衣こより #jonYAKITORY,2026-09-25T08:00:31Z,31158,4010,249
Jr4bYLjNYpM,UC6eWCld0KwmyHFbAqK3V-Rw,홀로라이브,2021-2022 데뷔,하쿠이 코요리,Hakui Koyori,【 MLBxhololive 】全30球団が一斉に試合⁉️リーグ戦最終日、日本人選手出場試合をメインに楽しもう！【白銀ノエル・博衣こより/ホロライブ】,2026-09-24T16:17:33Z,0,443,0
Do8YdyE3-PY,UC6eWCld0KwmyHFbAqK3V-Rw,홀로라이브,2021-2022 데뷔,하쿠이 코요리,Hakui Koyori,【 #ねぽっくす あと2日】マヨネーズガチ勢のスイッチを押してしまった桃鈴ねねの末路【ねっこよ】 #shorts #ホロライブ #hololive #vtuber #桃鈴ねね #博衣こより,2026-09-24T08:00:32Z,54815,4433,231
uvOHEzAsuAM,UC6eWCld0KwmyHFbAqK3V-Rw,홀로라이브,2021-2022 데뷔,하쿠이 코요리,Hakui Koyori,【 MLBxhololive 】シカゴ・ホワイトソックス(村上宗隆選手所属) VS カンザスシティ・ロイヤルズや日本人選手出場試合を応援しよう！【AZKi・博衣こより/ホロライブ】,2026-09-24T02:46:11Z,130386,4246,30
qZpO05cQXvw,UC6eWCld0KwmyHFbAqK3V-Rw,홀로라이브,2021-2022 데뷔,하쿠이 코요리,Hakui Koyori,【ORDER 13】ねこゲーってルイルイにプレゼントしてもらったゲームの様子がおかしい【博衣こより/ホロライブ】,2026-09-23T11:19:47Z,278968,7906,54
RrpVc4o4Hw4,UC6eWCld0KwmyHFbAqK3V-Rw,홀로라이브,2021-2022 데뷔,하쿠이 코요리,Hakui Koyori,【 #ホロ甲2026 】こんこよ高校2026⚾2年目秋大会！全国制覇目指して！！！🏆✨【博衣こより/ホロライブ】,2026-09-22T08:47:23Z,292096,6147,40
4BVf_1YzAFM,UC6eWCld0KwmyHFbAqK3V-Rw,홀로라이브,2021-2022 데뷔,하쿠이 코요리,Hakui Koyori,【 #朝こよ 】次回で300回⁉️新人ちゃん予想SPな火曜日の朝も朝こよ～！☀ #299 【博衣こより/hololive】,2026-09-21T23:26:54Z,153359,7025,88
7C7i5XCvhAo,UC6eWCld0KwmyHFbAqK3V-Rw,홀로라이브,2021-2022 데뷔,하쿠이 코요리,Hakui Koyori,【空の軌跡 the 1st】完全初見！最終回！神ゲー空の軌跡やってみる！ラスダンだああ！！！ #9 【博衣こより/ホロライブ】※ネタバレを含みます,2026-09-21T08:26:00Z,303021,6342,126
F3Hi50DRw64,UC6eWCld0KwmyHFbAqK3V-Rw,홀로라이브,2021-2022 데뷔,하쿠이 코요리,Hakui Koyori,【空の軌跡 the 1st】完全初見！神ゲー空の軌跡やってみる！終章突入中！ #8 【博衣こより/ホロライブ】※ネタバレを含みます,2026-09-20T14:08:31Z,360348,6329,50
UwJGso9F9CA,UC6eWCld0KwmyHFbAqK3V-Rw,홀로라이브,2021-2022 데뷔,하쿠이 코요리,Hakui Koyori,【神引き(予定)→(本当)】ポケモン30周年記念パック「30th CELEBRATION」3BOX開封！！！したらガチで神回になった！！！【博衣こより/ホロライブ】,2026-09-19T14:02:55Z,239086,5709,61
0-u7-lkE5r4,UC6eWCld0KwmyHFbAqK3V-Rw,홀로라이브,2021-2022 데뷔,하쿠이 코요리,Hakui Koyori,【空の軌跡 the 1st】完全初見！みんなの圧倒的オススメゲーム、空の軌跡やってみる！！第3章でティータちゃんに夢中なう！ #7 【博衣こより/ホロライブ】※ネタバレを含みます,2026-09-19T09:41:52Z,252538,5517,32
lu5OuMopCaM,UC6eWCld0KwmyHFbAqK3V-Rw,홀로라이브,2021-2022 데뷔,하쿠이 코요리,Hakui Koyori,【 #ホロ甲2026 】こんこよ高校2026⚾2年目夏甲子園！優勝すっぞ！！！✨【博衣こより/ホロライブ】,2026-09-18T16:39:45Z,301511,6195,60
nadpuNbKYS0,UC6eWCld0KwmyHFbAqK3V-Rw,홀로라이브,2021-2022 데뷔,하쿠이 코요리,Hakui Koyori,jon-YAKITORYさん作のオリ曲「ピンクになっちゃえ」踊ってみた！ #踊ってみた #dance #shorts #ホロライブ #hololive #vtuber #ダンス #博衣こより,2026-09-18T08:00:26Z,194360,5462,257
UgrKLBNlAzs,UC6eWCld0KwmyHFbAqK3V-Rw,홀로라이브,2021-2022 데뷔,하쿠이 코요리,Hakui Koyori,チューリングラブ１人２役で踊ってみた🧪 #踊ってみた #dance #shorts #ホロライブ #hololive #vtuber #ダンス #博衣こより #チューリングラブ,2026-09-17T08:00:15Z,57142,6459,230
uxYg4CCEn-w,UC6eWCld0KwmyHFbAqK3V-Rw,홀로라이브,2021-2022 데뷔,하쿠이 코요리,Hakui Koyori,"【 MLBxhololive 】ロサンゼルス・ドジャース(大谷翔平,山本由伸,佐々木朗希選手所属) VS シンシナティ・レッズや日本人選手出場試合を応援しよう！【大神ミオ・博衣こより/ホロライブ】",2026-09-17T02:05:01Z,171032,5176,36
azYbykXLlKo,UC6eWCld0KwmyHFbAqK3V-Rw,홀로라이브,2021-2022 데뷔,하쿠이 코요리,Hakui Koyori,【CAPCOMミラー配信】TGS直前！『カプコンスポットライト｜TGS 2026』で最新情報番組を一緒に観よう！！！【博衣こより/ホロライブ】,2026-09-16T15:02:43Z,148956,4449,43
Q9C83hv8VoY,UC6eWCld0KwmyHFbAqK3V-Rw,홀로라이브,2021-2022 데뷔,하쿠이 코요리,Hakui Koyori,【 #ホロ甲2026 】こんこよ高校2026⚾2年目夏！甲子園行くぞおおお！！！✨【博衣こより/ホロライブ】,2026-09-16T13:53:56Z,224787,5342,48
VSs0LFRv7E8,UC6eWCld0KwmyHFbAqK3V-Rw,홀로라이브,2021-2022 데뷔,하쿠이 코요리,Hakui Koyori,✨ウ ウ・ワ・ワ・ウワ ウワワ タクタク チャァオ #shorts #ちいかわ #パジャマパーティーズ #踊ってみた #dance #ホロライブ #hololive #vtuber #博衣こより,2026-09-16T08:00:02Z,60173,6251,274
yT_CGg8JmUc,UC6eWCld0KwmyHFbAqK3V-Rw,홀로라이브,2021-2022 데뷔,하쿠이 코요리,Hakui Koyori,"【 MLBxhololive 】ロサンゼルス・ドジャース(大谷翔平,山本由伸,佐々木朗希選手所属) VS シンシナティ・レッズや日本人選手出場試合を応援しよう！【白銀ノエル・博衣こより/ホロライブ】",2026-09-16T01:21:09Z,177753,5009,36
_gYoNR7yElk,UC6eWCld0KwmyHFbAqK3V-Rw,홀로라이브,2021-2022 데뷔,하쿠이 코요리,Hakui Koyori,踊ってない夜を知らないニキダンスを勝手にラミたんの家で踊ってみた☃️💃 #踊ってみた #dance #shorts #ホロライブ #hololive #vtuber #ダンス #博衣こより,2026-09-15T08:00:08Z,153670,11730,383
l0aJlBNTIgU,UC6eWCld0KwmyHFbAqK3V-Rw,홀로라이브,2021-2022 데뷔,하쿠이 코요리,Hakui Koyori,【 #朝こよ 】超重大告知直後の火曜日の朝も！朝こよ～！☀ #298 【博衣こより/hololive】,2026-09-14T23:19:17Z,125806,6440,76
S_d7VbnOJDU,UC6eWCld0KwmyHFbAqK3V-Rw,홀로라이브,2021-2022 데뷔,하쿠이 코요리,Hakui Koyori,【 #ホロ甲2026 】ホロ甲ニュース2026第2回⚾そろそろ各高の状況をまとめて見てみよう！【博衣こより/ホロライブ】,2026-09-14T10:26:18Z,188773,5430,70
n-_YBY_M6fU,UC6eWCld0KwmyHFbAqK3V-Rw,홀로라이브,2021-2022 데뷔,하쿠이 코요리,Hakui Koyori,#ウチらしか勝たん 踊ってみた！ #踊ってみた #dance #shorts #ホロライブ #hololive #vtuber #ダンス #常闇トワ #桃鈴ねね #博衣こより,2026-09-14T08:59:00Z,69779,7839,184
yGcgkzNgEb8,UC6eWCld0KwmyHFbAqK3V-Rw,홀로라이브,2021-2022 데뷔,하쿠이 코요리,Hakui Koyori,博衣こより2ndアルバム「Chemical Spark」12/2発売！完全生産限定版＆通常版予約受付中！ #夢煌めけこより 【博衣こより/ホロライブ】,2026-09-13T17:41:53Z,0,423,0
eJB1Je3JQbY,UC6eWCld0KwmyHFbAqK3V-Rw,홀로라이브,2021-2022 데뷔,하쿠이 코요리,Hakui Koyori,【雑談】アコースティックライブ振り返りや裏話＆2ndアルバム・ソロライブのお話も💗 #holoAcosticLive #博衣こより超重大告知 【博衣こより／ホロライブ】,2026-09-13T11:39:05Z,134196,4766,59
_SDdT8arzDI,UC6eWCld0KwmyHFbAqK3V-Rw,홀로라이브,2021-2022 데뷔,하쿠이 코요리,Hakui Koyori,【空の軌跡 the 1st】完全初見！みんなの圧倒的オススメゲーム、空の軌跡やってみる！！第3章スタート！ #6 【博衣こより/ホロライブ】※ネタバレを含みます,2026-09-13T09:32:59Z,264941,5823,44
_Rvx92mPFT0,UC6eWCld0KwmyHFbAqK3V-Rw,홀로라이브,2021-2022 데뷔,하쿠이 코요리,Hakui Koyori,【完全生3D】 #博衣こより超重大告知 アリ‼ アコースティックライブin Autumn #holoAcousticLive 【AZKi/常闇トワ/こぼ・かなえる/虎金妃笑虎/博衣こより／ホロライブ】,2026-09-12T12:11:06Z,651700,24018,451
P-RBLHkNsC4,UC6eWCld0KwmyHFbAqK3V-Rw,홀로라이브,2021-2022 데뷔,하쿠이 코요리,Hakui Koyori,ピンクになっちゃえ / 博衣こより【 jon-YAKITORY 】(Official),2026-09-12T12:05:06Z,250129,12143,600
Utu9hixW6mc,UCIBY1ollUsauvVi4hW4cumw,홀로라이브,2021-2022 데뷔,사카마타 클로에,Sakamata Chloe,沙花叉クロヱ MV - 光あれ,2025-01-26T13:30:06Z,2132051,82118,6691
F9lbxgimNIE,UCIBY1ollUsauvVi4hW4cumw,홀로라이브,2021-2022 데뷔,사카마타 클로에,Sakamata Chloe,【 ごちそうさまでした 】沙花叉クロヱ卒業ライブ【ホロライブ/沙花叉クロヱ】,2025-01-26T13:28:14Z,3077354,171630,10274
KjjJgpgRlqQ,UCIBY1ollUsauvVi4hW4cumw,홀로라이브,2021-2022 데뷔,사카마타 클로에,Sakamata Chloe,【 告知あり 】最後の雑談！みんなありがとうとか裏話とか【ホロライブ/沙花叉クロヱ】,2025-01-25T12:51:13Z,355863,25632,492
JW-rnSHm-_4,UCIBY1ollUsauvVi4hW4cumw,홀로라이브,2021-2022 데뷔,사카마타 클로에,Sakamata Chloe,ぼくらはみんな意味不明 / 沙花叉クロヱ  (cover),2025-01-25T12:00:07Z,830182,29009,698
dIsw1wArWcI,UCIBY1ollUsauvVi4hW4cumw,홀로라이브,2021-2022 데뷔,사카마타 클로에,Sakamata Chloe,【 Part5 】「沙花叉クロヱと〇〇」〜バンジーデート編〜【 ホロライブ / 沙花叉クロヱ 紫咲シオン】,2025-01-25T09:00:06Z,166561,12393,484
wxnTKRkpePs,UCIBY1ollUsauvVi4hW4cumw,홀로라이브,2021-2022 데뷔,사카마타 클로에,Sakamata Chloe,Bling-Bang-Bang-Born / 沙花叉クロヱ  ホロメン (cover),2025-01-24T11:00:06Z,3601132,111557,1556
n51Zwn1ONfg,UCIBY1ollUsauvVi4hW4cumw,홀로라이브,2021-2022 데뷔,사카마타 클로에,Sakamata Chloe,【 Part4 】「沙花叉クロヱと〇〇」〜リアル脱出ゲーム編〜【 ホロライブ / 沙花叉クロヱ 博衣こより】,2025-01-24T09:00:06Z,94550,8105,287
HPISJ_xCQ8o,UCIBY1ollUsauvVi4hW4cumw,홀로라이브,2021-2022 데뷔,사카마타 클로에,Sakamata Chloe,【 告知あり 】ラスト歌枠いくぞぉおおおおお！！！【ホロライブ/沙花叉クロヱ】,2025-01-23T13:58:30Z,337113,22581,315
mKq0e-7nnSU,UCIBY1ollUsauvVi4hW4cumw,홀로라이브,2021-2022 데뷔,사카마타 클로에,Sakamata Chloe,花の塔 / 沙花叉クロヱ 博衣こより (cover),2025-01-23T13:00:32Z,2856632,56845,1505
3IYFW8DjGBY,UCIBY1ollUsauvVi4hW4cumw,홀로라이브,2021-2022 데뷔,사카마타 클로에,Sakamata Chloe,【 Part3 】「沙花叉クロヱと〇〇」〜料理チャレンジ編〜【 ホロライブ / 沙花叉クロヱ 天音かなた AZKi 】,2025-01-23T09:00:06Z,208403,12898,378
JK417zyxs4g,UCIBY1ollUsauvVi4hW4cumw,홀로라이브,2021-2022 데뷔,사카마타 클로에,Sakamata Chloe,【 ティアキン 】いざ最終回！ラスボスへ！ ゼルダの伝説ティアーズオブキングダム【ホロライブ/沙花叉クロヱ】,2025-01-22T16:54:52Z,252197,14565,140
OF41reZNGnw,UCIBY1ollUsauvVi4hW4cumw,홀로라이브,2021-2022 데뷔,사카마타 클로에,Sakamata Chloe,【 Part2 】「沙花叉クロヱと〇〇」〜絶叫マシン編〜【 ホロライブ / 沙花叉クロヱ 星街すいせい 】,2025-01-22T09:00:06Z,329741,21594,636
JiUOrkQTBMI,UCIBY1ollUsauvVi4hW4cumw,홀로라이브,2021-2022 데뷔,사카마타 클로에,Sakamata Chloe,【 Part1 】「沙花叉クロヱと〇〇」〜高級ハンバーガー編〜【 ホロライブ / 沙花叉クロヱ 兎田ぺこら】,2025-01-21T09:00:06Z,307225,18353,460
TFpPnO0D5Mw,UCIBY1ollUsauvVi4hW4cumw,홀로라이브,2021-2022 데뷔,사카마타 클로에,Sakamata Chloe,【Shorts】 最終回「沙花叉とASMR配信」【ホロライブ/沙花叉クロヱ】,2025-01-20T14:00:29Z,2492084,148210,2325
fSx6krtjzEA,UCIBY1ollUsauvVi4hW4cumw,홀로라이브,2021-2022 데뷔,사카마타 클로에,Sakamata Chloe,【 重大告知あり 】不穏なタイピングゲームでミスタイプはゆるされますか…？ DYPING【ホロライブ/沙花叉クロヱ】,2025-01-17T15:05:03Z,195371,12098,98
5LsLZdJonp4,UCIBY1ollUsauvVi4hW4cumw,홀로라이브,2021-2022 데뷔,사카마타 클로에,Sakamata Chloe,沙花叉クロヱ MV - 混ざる鈍色,2025-01-17T12:00:06Z,508983,25573,1036
acYx6NnoaAQ,UCIBY1ollUsauvVi4hW4cumw,홀로라이브,2021-2022 데뷔,사카마타 클로에,Sakamata Chloe,ぼうけんのしょがきえました！ / 沙花叉クロヱ ラプラス・ダークネス(cover),2025-01-15T12:00:06Z,497898,21922,427
u5hBkM77dX0,UCIBY1ollUsauvVi4hW4cumw,홀로라이브,2021-2022 데뷔,사카마타 클로에,Sakamata Chloe,【 違う冬のぼくら 】こよクロで景色も出来事も、それぞれ違う冬を旅する！【ホロライブ/沙花叉クロヱ】,2025-01-14T16:01:42Z,226105,14063,140
7Ae6u_LDZIg,UCIBY1ollUsauvVi4hW4cumw,홀로라이브,2021-2022 데뷔,사카마타 클로에,Sakamata Chloe,【 歌ってみた 】 ド屑 / 沙花叉クロヱ  (cover)【 hololive / ホロライブ 】,2025-01-12T11:00:06Z,704327,26867,652
j9VQvg1x1N8,UCIBY1ollUsauvVi4hW4cumw,홀로라이브,2021-2022 데뷔,사카마타 클로에,Sakamata Chloe,【 重大告知あり 】五目並べ最弱王、全CPUに勝てるまで告知できません！！！【ホロライブ/沙花叉クロヱ】,2025-01-12T10:14:59Z,194015,12101,140
hRmo4aBkdao,UCIBY1ollUsauvVi4hW4cumw,홀로라이브,2021-2022 데뷔,사카마타 클로에,Sakamata Chloe,【 カメラ枠 】新春🎍運試しホロカ開封で自引きするぞぉおおおおおおお！！！！！！【ホロライブ/ 沙花叉クロヱ】,2025-01-04T20:00:01Z,191961,11979,88
XcQRGXxymuw,UCIBY1ollUsauvVi4hW4cumw,홀로라이브,2021-2022 데뷔,사카마타 클로에,Sakamata Chloe,【 同時視聴 】塩シャチ♡でホラー映画 [ アンフレンデッド ] 観る！【ホロライブ/沙花叉クロヱ】,2025-01-03T14:58:03Z,73697,7153,77
4mrBjN_YdkM,UCIBY1ollUsauvVi4hW4cumw,홀로라이브,2021-2022 데뷔,사카마타 클로에,Sakamata Chloe,【 風来のシレン６ 】人生初シレン！お正月だしまったり一緒に夜更かし楽しも～～！ 不思議のダンジョン 風来のシレン６ とぐろ島探検録【ホロライブ/沙花叉クロヱ】,2025-01-01T23:27:57Z,156276,11246,73
d-6BYzBsU3I,UCIBY1ollUsauvVi4hW4cumw,홀로라이브,2021-2022 데뷔,사카마타 클로에,Sakamata Chloe,【 歌枠 】いっしょに年越ししよ♡冬っぽい歌とか今年の歌多めに！【ホロライブ/沙花叉クロヱ】,2024-12-31T16:57:01Z,225270,16376,111
t3p-hllEVIM,UCIBY1ollUsauvVi4hW4cumw,홀로라이브,2021-2022 데뷔,사카마타 클로에,Sakamata Chloe,【 #かなけん3DLIVE 】３人でかなけんLIVEの振り返りや裏話などはなす！！！【ホロライブ/沙花叉クロヱ】,2024-12-28T14:22:03Z,101602,10743,104
pf2y-sd65Ws,UCIBY1ollUsauvVi4hW4cumw,홀로라이브,2021-2022 데뷔,사카마타 클로에,Sakamata Chloe,【 告知あり 】新髪型お披露目！ついに…！！！！！！！！！！！！！！【ホロライブ/沙花叉クロヱ】,2024-12-25T14:04:22Z,305882,20113,148
-cmaugUD9Rw,UCIBY1ollUsauvVi4hW4cumw,홀로라이브,2021-2022 데뷔,사카마타 클로에,Sakamata Chloe,【 #ホロクリスマス歌枠リレー 】メリクリだ～～～！一緒にすごそ♡【ホロライブ/沙花叉クロヱ】,2024-12-25T07:02:16Z,159044,14588,143
42Rdim2lVDk,UCIBY1ollUsauvVi4hW4cumw,홀로라이브,2021-2022 데뷔,사카마타 클로에,Sakamata Chloe,【 Get To Work 】お金も髪の毛もナイおじさんを飛ばす【ホロライブ/沙花叉クロヱ】,2024-12-21T13:21:12Z,108582,8157,75
WA7oj9yzQnQ,UCIBY1ollUsauvVi4hW4cumw,홀로라이브,2021-2022 데뷔,사카마타 클로에,Sakamata Chloe,【 #はじクロ 】勝ったらなんでも奢り！さかまた先輩からの三つの挑戦状！【ホロライブ/沙花叉クロヱ】,2024-12-17T12:12:54Z,134643,11025,193
D9uZEBf0JCg,UCIBY1ollUsauvVi4hW4cumw,홀로라이브,2021-2022 데뷔,사카마타 클로에,Sakamata Chloe,【 ティアキン 】ラスボス前に最強の剣、マスタードソースを探す！ ゼルダの伝説ティアーズオブキングダム【ホロライブ/沙花叉クロヱ】,2024-12-15T17:14:08Z,188562,12068,75
VMWwn9Ekf-c,UC_vMYWcDjmfdpH6r4TTn1MQ,홀로라이브,2021-2022 데뷔,카자마 이로하,Kazama Iroha,【#ねぽっくす あと1日】アイスはいつ食べたっておいしいよな🍨,2026-09-25T09:45:28Z,137219,11308,174
4k0FQd3LXRY,UC_vMYWcDjmfdpH6r4TTn1MQ,홀로라이브,2021-2022 데뷔,카자마 이로하,Kazama Iroha,【#マイクラ肝試し2026】刀さがし！散策！釣り！！釣り！！釣り！！！！【風真いろは/ホロライブ】,2026-09-24T16:56:58Z,164523,5212,37
-AhP9Bucn3U,UC_vMYWcDjmfdpH6r4TTn1MQ,홀로라이브,2021-2022 데뷔,카자마 이로하,Kazama Iroha,【#マイクラ肝試し2026】先輩たちと過去マップいく(ｳｷｳｷ)【風真いろは/ホロライブ】,2026-09-21T17:35:28Z,172209,6029,35
Ndk65WSC5Jo,UC_vMYWcDjmfdpH6r4TTn1MQ,홀로라이브,2021-2022 데뷔,카자마 이로하,Kazama Iroha,風真いろはの #ねるまえらじお 📻❣ #24,2026-09-20T16:14:53Z,63386,3678,59
Gm3iF28gTaU,UC_vMYWcDjmfdpH6r4TTn1MQ,홀로라이브,2021-2022 데뷔,카자마 이로하,Kazama Iroha,【#マイクラ肝試し2026】今年もなんかすごいらしいぞ！！！！【風真いろは/ホロライブ】,2026-09-20T15:15:45Z,225020,7161,44
dTouiXf4DiA,UC_vMYWcDjmfdpH6r4TTn1MQ,홀로라이브,2021-2022 데뷔,카자마 이로하,Kazama Iroha,【ポケコロツイン】かざまの着せ替えセンスを見せるときが来たか・・・！【風真いろは/ホロライブ】,2026-09-18T11:00:06Z,36943,2492,39
Pu1uR5DSH8o,UC_vMYWcDjmfdpH6r4TTn1MQ,홀로라이브,2021-2022 데뷔,카자마 이로하,Kazama Iroha,【#あずいろ食堂】告知あり💡あずいろ弁当お渡し会【風真いろは/ホロライブ】,2026-09-17T11:46:13Z,336014,13234,141
sdrBKzDDhMA,UC_vMYWcDjmfdpH6r4TTn1MQ,홀로라이브,2021-2022 데뷔,카자마 이로하,Kazama Iroha,【JSP3】告知アリ❣クリアできたらな！！！！！！！！！！！！！！！！！！！【風真いろは/ホロライブ】,2026-09-16T13:11:25Z,132817,5426,45
f5sNX7FLT1w,UC_vMYWcDjmfdpH6r4TTn1MQ,홀로라이브,2021-2022 데뷔,카자마 이로하,Kazama Iroha,【同時視聴/Watchalong】〈偽物語〉(後編8~11話)holoXで視聴会【風真いろは/ホロライブ】,2026-09-15T12:11:48Z,345446,7385,133
PgNgZGSZN0w,UC_vMYWcDjmfdpH6r4TTn1MQ,홀로라이브,2021-2022 데뷔,카자마 이로하,Kazama Iroha,【#ししドリ杯】TEAM3あずいろはス！我ら二人のお姉さんとガキ一匹！いくぞ！！【風真いろは/ホロライブ】,2026-09-14T13:38:53Z,356134,9751,169
XHvJCmL7TRs,UC_vMYWcDjmfdpH6r4TTn1MQ,홀로라이브,2021-2022 데뷔,카자마 이로하,Kazama Iroha,風真いろはの #ねるまえらじお 📻❣ #23,2026-09-13T16:53:14Z,62358,3755,59
ogL0n6JP84M,UC_vMYWcDjmfdpH6r4TTn1MQ,홀로라이브,2021-2022 데뷔,카자마 이로하,Kazama Iroha,【#ホロドリ】すべてを練習すればいいじゃない❔【風真いろは/ホロライブ】,2026-09-09T15:33:29Z,119395,4324,45
SUhvxyVWDEA,UC_vMYWcDjmfdpH6r4TTn1MQ,홀로라이브,2021-2022 데뷔,카자마 이로하,Kazama Iroha,【 #ロゼキャンARK 】ラストスパート！できることはなんでもする会【風真いろは/ホロライブ】,2026-09-06T16:06:27Z,168804,6024,66
grsIwh-FYlk,UC_vMYWcDjmfdpH6r4TTn1MQ,홀로라이브,2021-2022 데뷔,카자마 이로하,Kazama Iroha,【 #ロゼキャンARK 】整理整頓🔁お願いします。🔁DAY2【風真いろは/ホロライブ】,2026-09-05T16:41:26Z,199116,6655,45
oK5yQYHOG7Y,UC_vMYWcDjmfdpH6r4TTn1MQ,홀로라이브,2021-2022 데뷔,카자마 이로하,Kazama Iroha,【 #ロゼキャンARK 】命だいじに✋DAY1【風真いろは/ホロライブ】,2026-09-05T08:01:43Z,212579,7481,68
CZj71UOt0Tk,UC_vMYWcDjmfdpH6r4TTn1MQ,홀로라이브,2021-2022 데뷔,카자마 이로하,Kazama Iroha,風真いろはの #ねるまえらじお 📻❣ #22,2026-08-30T16:03:57Z,73051,3867,57
s2oxFNXoOTg,UC_vMYWcDjmfdpH6r4TTn1MQ,홀로라이브,2021-2022 데뷔,카자마 이로하,Kazama Iroha,【#ホロドリ】捕まえてみな！【風真いろは/ホロライブ】,2026-08-29T11:24:56Z,123729,4548,44
dNAdOq8JKpc,UC_vMYWcDjmfdpH6r4TTn1MQ,홀로라이브,2021-2022 데뷔,카자마 이로하,Kazama Iroha,【#ホロドリ】みんなと遊ぶぞ🔥くらやみチェイス👀我々が鬼だｯ【風真いろは/ホロライブ】,2026-08-28T12:39:08Z,167552,5590,29
SwqyIG9MHL8,UC_vMYWcDjmfdpH6r4TTn1MQ,홀로라이브,2021-2022 데뷔,카자마 이로하,Kazama Iroha,【JSP3】#あずいろ でまたこのゲームをやることになりましてね👻【風真いろは/ホロライブ】,2026-08-24T15:15:35Z,104420,7791,56
42vWtvlk8aw,UC_vMYWcDjmfdpH6r4TTn1MQ,홀로라이브,2021-2022 데뷔,카자마 이로하,Kazama Iroha,風真いろはの #ねるまえらじお 📻❣ #21,2026-08-23T17:12:04Z,35980,3908,58
-ldHQRLxaAY,UC_vMYWcDjmfdpH6r4TTn1MQ,홀로라이브,2021-2022 데뷔,카자마 이로하,Kazama Iroha,SAN値回復失敗会場,2026-08-23T09:20:55Z,146504,9656,114
NeAx7gIaKtk,UC_vMYWcDjmfdpH6r4TTn1MQ,홀로라이브,2021-2022 데뷔,카자마 이로하,Kazama Iroha,【ORDER13】ねこゲーってルイさんに聞いたんですが？【風真いろは/ホロライブ】,2026-08-16T10:41:16Z,202828,10330,48
_YVTnfX87Wk,UC_vMYWcDjmfdpH6r4TTn1MQ,홀로라이브,2021-2022 데뷔,카자마 이로하,Kazama Iroha,【FF14】#フブキの宿題 もうお盆だ・・・#黄金やれござる ※配信内容にネタバレあり【風真いろは/ホロライブ】,2026-08-15T18:07:31Z,93555,6079,38
Am8LfnyyHO0,UC_vMYWcDjmfdpH6r4TTn1MQ,홀로라이브,2021-2022 데뷔,카자마 이로하,Kazama Iroha,【SPAGHET】フブキ先輩にいただいたのですがこれはなんですか？【風真いろは/ホロライブ】,2026-08-14T10:56:34Z,142159,9099,78
0WEZ2cVcyNU,UC_vMYWcDjmfdpH6r4TTn1MQ,홀로라이브,2021-2022 데뷔,카자마 이로하,Kazama Iroha,風真いろはの #ねるまえらじお 📻❣ #20,2026-08-09T16:42:16Z,37011,4289,56
ufbZgdek7XU,UC_vMYWcDjmfdpH6r4TTn1MQ,홀로라이브,2021-2022 데뷔,카자마 이로하,Kazama Iroha,【ELDENRING】ラスボス目の前にして数か月ぶりだが大丈夫だろうか【風真いろは/ホロライブ】※本配信はゲームのネタバレを含みます,2026-08-09T10:34:26Z,132849,7411,36
MShIcv1cizk,UC_vMYWcDjmfdpH6r4TTn1MQ,홀로라이브,2021-2022 데뷔,카자마 이로하,Kazama Iroha,【#ホロドリ】水着の推しなんて欲しいにきまってるだろ・・・【風真いろは/ホロライブ】,2026-08-07T14:30:36Z,186015,10036,63
fhc67kDKU94,UC_vMYWcDjmfdpH6r4TTn1MQ,홀로라이브,2021-2022 데뷔,카자마 이로하,Kazama Iroha,【漢字でGOGO】信じられないかもですがサムネの子はかなり賢い子です。【風真いろは/ホロライブ】,2026-08-06T11:29:48Z,94008,6408,78
u8Nec47lfb4,UC_vMYWcDjmfdpH6r4TTn1MQ,홀로라이브,2021-2022 데뷔,카자마 이로하,Kazama Iroha,風真いろはの #ねるまえらじお 📻❣ #19,2026-08-02T16:14:13Z,29847,3834,71
BW4ZFKfVmYM,UC_vMYWcDjmfdpH6r4TTn1MQ,홀로라이브,2021-2022 데뷔,카자마 이로하,Kazama Iroha,【FF14】#フブキの宿題 ﾜｽﾚﾃﾅｲﾖ･･･#黄金やれござる ※配信内容にネタバレあり【風真いろは/ホロライブ】,2026-08-02T10:57:35Z,68262,4928,29
nNtzYT3xaW8,UCTvHWSfBZgtxE4sILOaurIQ,홀로라이브,2021-2022 데뷔,벨스티아 제타,Vestia Zeta,【Tiny Terry's Turbo Trip】RACE THE CAR,2026-09-25T17:41:54Z,76825,4230,13
jHAV43khTSk,UCTvHWSfBZgtxE4sILOaurIQ,홀로라이브,2021-2022 데뷔,벨스티아 제타,Vestia Zeta,【#CharityRelay4Indonesia】LET'S PLAY TOGETHER? #HumanInitiative,2026-09-22T15:09:40Z,83817,5331,24
LAg4ruotpZc,UCTvHWSfBZgtxE4sILOaurIQ,홀로라이브,2021-2022 데뷔,벨스티아 제타,Vestia Zeta,大丈夫？！,2026-09-20T12:56:37Z,139268,16335,307
hXCX8c0_DaQ,UCTvHWSfBZgtxE4sILOaurIQ,홀로라이브,2021-2022 데뷔,벨스티아 제타,Vestia Zeta,【Hololive Dreams】PLEASEEEEEEEEEE,2026-09-20T09:52:37Z,153716,5996,21
xYZZ_1bNPFw,UCTvHWSfBZgtxE4sILOaurIQ,홀로라이브,2021-2022 데뷔,벨스티아 제타,Vestia Zeta,【Rubinite】extremely challenging monster hunt,2026-09-17T12:27:33Z,74483,3850,24
HiDorFDVEq8,UCTvHWSfBZgtxE4sILOaurIQ,홀로라이브,2021-2022 데뷔,벨스티아 제타,Vestia Zeta,【Hololive Dreams】TEAM 08 GANBAAAAROU #ししドリ杯,2026-09-14T14:51:36Z,106103,5423,14
16VakjZUxEE,UCTvHWSfBZgtxE4sILOaurIQ,홀로라이브,2021-2022 데뷔,벨스티아 제타,Vestia Zeta,【Hololive Dreams 】TEAM 08 FIGHTOO~~ Practice! #ししドリ杯,2026-09-13T18:14:04Z,138241,5646,24
mRlzbsJDjeg,UCTvHWSfBZgtxE4sILOaurIQ,홀로라이브,2021-2022 데뷔,벨스티아 제타,Vestia Zeta,【MECCHA CHAMELEON】my middle name is invisible,2026-09-11T12:45:40Z,49500,3584,28
2galak4Drxw,UCTvHWSfBZgtxE4sILOaurIQ,홀로라이브,2021-2022 데뷔,벨스티아 제타,Vestia Zeta,【Adorable Adventures】LOST IN THE WOODS 【#1】,2026-09-08T16:02:35Z,83401,4622,27
r0QXG1mKwag,UCTvHWSfBZgtxE4sILOaurIQ,홀로라이브,2021-2022 데뷔,벨스티아 제타,Vestia Zeta,【BOMBANANA!】🍌🙈🙉🙊🍌 monke time,2026-09-08T10:23:01Z,125464,5325,36
x7ekqcvyx2o,UCTvHWSfBZgtxE4sILOaurIQ,홀로라이브,2021-2022 데뷔,벨스티아 제타,Vestia Zeta,【MECCHA CHAMELEON】Searching for HoloID!!!!,2026-09-07T09:31:12Z,56758,3737,29
UOZHZsS7lPg,UCTvHWSfBZgtxE4sILOaurIQ,홀로라이브,2021-2022 데뷔,벨스티아 제타,Vestia Zeta,miko senpai's song is soooooooo cuteeeeee🌸,2026-09-07T06:19:21Z,45250,6219,105
RjaHLLC0Z9o,UCTvHWSfBZgtxE4sILOaurIQ,홀로라이브,2021-2022 데뷔,벨스티아 제타,Vestia Zeta,Cozy time with Shiorin in【VRChat】+ Announcement!📣 #GreyscaleX,2026-09-05T03:45:58Z,62483,4473,45
-4mdXGw_3Jc,UCTvHWSfBZgtxE4sILOaurIQ,홀로라이브,2021-2022 데뷔,벨스티아 제타,Vestia Zeta,【An Eggstremely Hard Game】Bo..... You look guilty asf....,2026-09-04T10:02:16Z,98364,5093,48
O2O4rnl_ClI,UCTvHWSfBZgtxE4sILOaurIQ,홀로라이브,2021-2022 데뷔,벨스티아 제타,Vestia Zeta,gyaru,2026-09-03T14:41:30Z,64420,7813,189
ey3d05sFcOU,UCTvHWSfBZgtxE4sILOaurIQ,홀로라이브,2021-2022 데뷔,벨스티아 제타,Vestia Zeta,🍝【SPAGHET】🍝,2026-09-01T17:20:56Z,65349,3980,33
LOeEAFI5DPI,UCTvHWSfBZgtxE4sILOaurIQ,홀로라이브,2021-2022 데뷔,벨스티아 제타,Vestia Zeta,【PUYO PUYO TETRIS 2】YA BE #ホロぷよテト大会,2026-08-29T15:57:18Z,212588,7168,36
vBwNbx3l5R0,UCTvHWSfBZgtxE4sILOaurIQ,홀로라이브,2021-2022 데뷔,벨스티아 제타,Vestia Zeta,【MECCHA CHAMELEON】 i am dust u don't see me,2026-08-23T14:01:10Z,30642,3901,23
XfZXadrIZKs,UCTvHWSfBZgtxE4sILOaurIQ,홀로라이브,2021-2022 데뷔,벨스티아 제타,Vestia Zeta,【Meowgic】wanna see a magic trick?,2026-08-22T03:17:47Z,24213,3390,36
KIf5vVa5XNQ,UCTvHWSfBZgtxE4sILOaurIQ,홀로라이브,2021-2022 데뷔,벨스티아 제타,Vestia Zeta,POKAJANNNNNN #ホロドリ,2026-08-16T16:16:26Z,42681,4798,27
Ki8UXH5QJKg,UCTvHWSfBZgtxE4sILOaurIQ,홀로라이브,2021-2022 데뷔,벨스티아 제타,Vestia Zeta,LOVE MISSION♡,2026-08-12T13:00:26Z,54951,7319,98
gROGs9tDoLw,UCTvHWSfBZgtxE4sILOaurIQ,홀로라이브,2021-2022 데뷔,벨스티아 제타,Vestia Zeta,BABUBABU,2026-08-11T12:00:03Z,176350,15494,144
vuRqFYATA5s,UCTvHWSfBZgtxE4sILOaurIQ,홀로라이브,2021-2022 데뷔,벨스티아 제타,Vestia Zeta,LOVE MISSION♡,2026-08-10T14:00:03Z,74118,11431,221
V_09zQsoH1o,UCTvHWSfBZgtxE4sILOaurIQ,홀로라이브,2021-2022 데뷔,벨스티아 제타,Vestia Zeta,'LOVE MISSION♡' FANCHANT GUIDE,2026-08-08T13:00:07Z,21372,2939,89
U83ZaZwuPgY,UCTvHWSfBZgtxE4sILOaurIQ,홀로라이브,2021-2022 데뷔,벨스티아 제타,Vestia Zeta,【Post-Talk💬】LOVE MISSION♡,2026-08-07T14:46:45Z,19742,3248,39
GeojFgx24yw,UCTvHWSfBZgtxE4sILOaurIQ,홀로라이브,2021-2022 데뷔,벨스티아 제타,Vestia Zeta,LOVE MISSION♡ DANCE,2026-08-07T12:09:32Z,64154,9699,209
XdgzEDySUS8,UCTvHWSfBZgtxE4sILOaurIQ,홀로라이브,2021-2022 데뷔,벨스티아 제타,Vestia Zeta,'LOVE MISSION♡' MV / Vestia Zeta,2026-08-07T12:00:06Z,178079,16836,766
Jp0GRGpfRos,UCTvHWSfBZgtxE4sILOaurIQ,홀로라이브,2021-2022 데뷔,벨스티아 제타,Vestia Zeta,hairbun twins!!!!,2026-08-07T05:32:20Z,58732,8571,128
l1Nopa2Y2jo,UCTvHWSfBZgtxE4sILOaurIQ,홀로라이브,2021-2022 데뷔,벨스티아 제타,Vestia Zeta,random girl spotted in the wild #ホロドリ,2026-08-05T09:35:55Z,59600,5899,33
tMo6o2kGHuM,UCTvHWSfBZgtxE4sILOaurIQ,홀로라이브,2021-2022 데뷔,벨스티아 제타,Vestia Zeta,HENSHIN!!! RAIDAAAAAA【Kamen Rider ZEZTZ】Watchalong / 同時視聴！Episode 14~18,2026-08-04T11:17:33Z,31043,3581,42
a0vh3PjoW0g,UCZLZ8Jjx_RN2CXloOmgTHVg,홀로라이브,2021-2022 데뷔,카엘라 코발스키아,Kaela Kovalskia,【BOMBANANA!】 MANIFESTING ENDLESS MODE WAVE 30TH【Kaeluarga】,2026-09-26T20:16:18Z,116089,4847,13
GO18VweQQOE,UCZLZ8Jjx_RN2CXloOmgTHVg,홀로라이브,2021-2022 데뷔,카엘라 코발스키아,Kaela Kovalskia,【How to Fish】too much for a normal fishing day【SKJ】,2026-09-25T17:08:24Z,0,259,0
BFyBEBctL3A,UCZLZ8Jjx_RN2CXloOmgTHVg,홀로라이브,2021-2022 데뷔,카엘라 코발스키아,Kaela Kovalskia,【#CharityRelay4Indonesia】LETS GAME FOR A GOOD CAUSE! 🙌【JACKBOX PARTY】,2026-09-24T10:05:43Z,118820,6074,39
-JsTPuImqVA,UCZLZ8Jjx_RN2CXloOmgTHVg,홀로라이브,2021-2022 데뷔,카엘라 코발스키아,Kaela Kovalskia,【Farm & Feast Demo】checking out a COZY GAME that i found interesting,2026-09-23T17:25:23Z,88145,4682,26
bQIjqb2yzMk,UCZLZ8Jjx_RN2CXloOmgTHVg,홀로라이브,2021-2022 데뷔,카엘라 코발스키아,Kaela Kovalskia,【Human Fall Flat】how to escape【SMITTEN】,2026-09-22T18:02:46Z,114712,5602,33
AIM9yItgreA,UCZLZ8Jjx_RN2CXloOmgTHVg,홀로라이브,2021-2022 데뷔,카엘라 코발스키아,Kaela Kovalskia,【Suba Pogo】so much for a peaceful life,2026-09-21T19:03:43Z,145695,6129,19
1Tyituaop-c,UCZLZ8Jjx_RN2CXloOmgTHVg,홀로라이브,2021-2022 데뷔,카엘라 코발스키아,Kaela Kovalskia,【BOMBANANA!】MONKEY LEARN. MONKEY DO. MONKEY FOCUS 🤓 clearing wave 30th part 2 😭【Kaeluarga】,2026-09-19T09:31:28Z,112713,4343,28
wSygVVm3ke4,UCZLZ8Jjx_RN2CXloOmgTHVg,홀로라이브,2021-2022 데뷔,카엘라 코발스키아,Kaela Kovalskia,【BOMBANANA!】trusting Kaeluarga that we can reach wave 30th in Endless Mode!!!!!!!!,2026-09-18T19:43:21Z,139643,5354,51
a0vV_qrgxh0,UCZLZ8Jjx_RN2CXloOmgTHVg,홀로라이브,2021-2022 데뷔,카엘라 코발스키아,Kaela Kovalskia,【hololive Dreams】p o k a j a n,2026-09-17T09:54:06Z,145138,5339,28
aZpa7Jw8bNk,UCZLZ8Jjx_RN2CXloOmgTHVg,홀로라이브,2021-2022 데뷔,카엘라 코발스키아,Kaela Kovalskia,【BOMBANANA!】why should i do this to myself again【SKJ】,2026-09-16T20:00:41Z,153345,5786,38
EyekPCvhR-c,UCZLZ8Jjx_RN2CXloOmgTHVg,홀로라이브,2021-2022 데뷔,카엘라 코발스키아,Kaela Kovalskia,"【Sushi Bar ""Moebius""】no food are wasted during the process of the world record",2026-09-15T18:10:06Z,120117,5094,31
5ryr3uzLCJA,UCZLZ8Jjx_RN2CXloOmgTHVg,홀로라이브,2021-2022 데뷔,카엘라 코발스키아,Kaela Kovalskia,"【How to Fish】oh look, they are fighting again!【PizzaTimesmith】",2026-09-14T16:32:33Z,169228,7168,39
tTrJESVzQW4,UCZLZ8Jjx_RN2CXloOmgTHVg,홀로라이브,2021-2022 데뷔,카엘라 코발스키아,Kaela Kovalskia,"【Grandma, No!】a game for a grandma like me",2026-09-12T09:59:27Z,96962,4638,25
o-FEa_9Sgmk,UCZLZ8Jjx_RN2CXloOmgTHVg,홀로라이브,2021-2022 데뷔,카엘라 코발스키아,Kaela Kovalskia,【MECCHA CHAMELEON】socialize and hide🖌️【hololive #わちゃわちゃカメレオン】,2026-09-11T12:47:11Z,66737,4357,36
loosu_Pgy30,UCZLZ8Jjx_RN2CXloOmgTHVg,홀로라이브,2021-2022 데뷔,카엘라 코발스키아,Kaela Kovalskia,"【INTRODUCTION STREAM】I AM KAELA FROM HOLOLIVE, NICE TO MEET YOU ALL🙂",2026-09-10T07:00:47Z,152514,8684,167
7MDkEcZdAvg,UCZLZ8Jjx_RN2CXloOmgTHVg,홀로라이브,2021-2022 데뷔,카엘라 코발스키아,Kaela Kovalskia,【BOMBANANA!】no hope just dahlah【holoh3ro】,2026-09-08T10:28:24Z,142506,6035,39
VDPK4AAA5Q4,UCZLZ8Jjx_RN2CXloOmgTHVg,홀로라이브,2021-2022 데뷔,카엘라 코발스키아,Kaela Kovalskia,【MECCHA CHAMELEON】holoID doko【hololiveID】,2026-09-07T09:31:00Z,65677,4268,54
gr1QRfzpGjk,UCZLZ8Jjx_RN2CXloOmgTHVg,홀로라이브,2021-2022 데뷔,카엘라 코발스키아,Kaela Kovalskia,【SPAGHET】Anya gave this for my birthday gift so i will break the pasta until Raora catch me alive or,2026-09-05T17:26:00Z,116757,5529,45
nayhtjB9Imc,UCZLZ8Jjx_RN2CXloOmgTHVg,홀로라이브,2021-2022 데뷔,카엘라 코발스키아,Kaela Kovalskia,【An Eggstremely Hard Game】how hard is hard?【MoonKae】,2026-09-02T19:19:19Z,119930,5565,26
U9zPYWB-PGg,UCZLZ8Jjx_RN2CXloOmgTHVg,홀로라이브,2021-2022 데뷔,카엘라 코발스키아,Kaela Kovalskia,【#FOODIELA26】FOOD TALK WITH THE GUESTS & MERCH 🎂【KAELA 2026 BIRTHDAY】,2026-08-30T16:55:58Z,201531,9739,140
YzIPpdwu1Rw,UCZLZ8Jjx_RN2CXloOmgTHVg,홀로라이브,2021-2022 데뷔,카엘라 코발스키아,Kaela Kovalskia,【2026 BIRTHDAY COUNTDOWN】tomorrow is my birthday so i wanna check on games ha...hahaha...ha.ha.ha.ha,2026-08-29T18:33:22Z,124326,6861,159
tZ_ZI_-dEDM,UCZLZ8Jjx_RN2CXloOmgTHVg,홀로라이브,2021-2022 데뷔,카엘라 코발스키아,Kaela Kovalskia,speedrunning birthday,2026-08-29T17:00:26Z,1032221,64943,1135
GoXpT795vSQ,UCZLZ8Jjx_RN2CXloOmgTHVg,홀로라이브,2021-2022 데뷔,카엘라 코발스키아,Kaela Kovalskia,【Scritchy Scratchy】THE ENDING,2026-08-27T17:16:08Z,70483,3479,23
cnEtj-K9r8c,UCZLZ8Jjx_RN2CXloOmgTHVg,홀로라이브,2021-2022 데뷔,카엘라 코발스키아,Kaela Kovalskia,p,2026-08-26T10:11:00Z,60424,5590,45
ZU-EeVi7Se8,UCZLZ8Jjx_RN2CXloOmgTHVg,홀로라이브,2021-2022 데뷔,카엘라 코발스키아,Kaela Kovalskia,【MINERALS: Deep Core Mining】back to the mines,2026-08-24T19:28:48Z,51692,5306,35
sp8oOBs7CK0,UCZLZ8Jjx_RN2CXloOmgTHVg,홀로라이브,2021-2022 데뷔,카엘라 코발스키아,Kaela Kovalskia,【Lethal Company】Kaeluarga are the professionals so they carry【#PemaloeMonth2026】,2026-08-22T18:54:27Z,53633,5051,38
zVGJOSI3AB0,UCZLZ8Jjx_RN2CXloOmgTHVg,홀로라이브,2021-2022 데뷔,카엘라 코발스키아,Kaela Kovalskia,【Roulette Dungeon】pokajan looks different tonight,2026-08-19T19:11:08Z,44444,4507,27
CzEw-z-3eYE,UCZLZ8Jjx_RN2CXloOmgTHVg,홀로라이브,2021-2022 데뷔,카엘라 코발스키아,Kaela Kovalskia,【hololive Dreams】MANIFESTING,2026-08-17T09:21:41Z,66507,5765,31
pFGhfBgLoSU,UCZLZ8Jjx_RN2CXloOmgTHVg,홀로라이브,2021-2022 데뷔,카엘라 코발스키아,Kaela Kovalskia,【hololive Dreams】Ms. Worldwide Pokajan,2026-08-15T19:32:29Z,75941,6572,45
c7E72KsylSg,UCZLZ8Jjx_RN2CXloOmgTHVg,홀로라이브,2021-2022 데뷔,카엘라 코발스키아,Kaela Kovalskia,【Super Shout Showdown】im an anime protagonist and im gonna save the world,2026-08-14T09:55:04Z,26067,3315,47
Lana5wKIi_E,UCjLEmnpCNeisMxy134KPwWw,홀로라이브,2021-2022 데뷔,코보 카나에루,Kobo Kanaeru,【#CharityRelay4Indonesia】RHYTHM GAMING!!!! GETTING AP ONLY!!!,2026-09-22T07:18:50Z,252139,9281,43
OJqGjA01L4Y,UCjLEmnpCNeisMxy134KPwWw,홀로라이브,2021-2022 데뷔,코보 카나에루,Kobo Kanaeru,Natori - Propose 🔁 #shorts #kobokanaeru #dance #hololive #gokil #anjay,2026-09-21T11:57:58Z,152737,13351,148
sp7IxsSg8Zc,UCjLEmnpCNeisMxy134KPwWw,홀로라이브,2021-2022 데뷔,코보 카나에루,Kobo Kanaeru,-_- #shorts #dance #kobokanaeru #vtuber #hololive,2026-09-20T14:18:46Z,100470,9347,189
j5LIBTO6LRs,UCjLEmnpCNeisMxy134KPwWw,홀로라이브,2021-2022 데뷔,코보 카나에루,Kobo Kanaeru,MMD OF NEW MORI CALLIOPE SONG 😎🧭 Pretty cool eh? this is my uncle dad’s song 🔥  #shorts,2026-09-19T13:24:45Z,91385,8981,109
WykflSKzj8k,UCjLEmnpCNeisMxy134KPwWw,홀로라이브,2021-2022 데뷔,코보 카나에루,Kobo Kanaeru,this is IDOL POWER 👹 🔥 sync together with Kanaduy #shorts #kobokanaeru #otonosekanade #dance,2026-09-19T10:18:59Z,162661,14474,298
srmUY7FK00k,UCjLEmnpCNeisMxy134KPwWw,홀로라이브,2021-2022 데뷔,코보 카나에루,Kobo Kanaeru,"【hololive Dreams】WE ARE TEAM 7, NO SWEATY SWEATY !! #ししドリ杯",2026-09-14T13:41:23Z,150098,5198,41
B-qxc7rAaOA,UCjLEmnpCNeisMxy134KPwWw,홀로라이브,2021-2022 데뷔,코보 카나에루,Kobo Kanaeru,【MECCHA CHAMELEON】WATASHI WA PICASSO FROM HOLOLIVE,2026-09-11T12:48:36Z,90533,3905,68
TdBiICbhgZ0,UCjLEmnpCNeisMxy134KPwWw,홀로라이브,2021-2022 데뷔,코보 카나에루,Kobo Kanaeru,【ELSWORD】Weekly~! I finally got to build my Exascale!!! New IB: Hwarang Gacha !!!,2026-09-10T11:45:08Z,152555,5069,30
Z7PAkmS7M_E,UCjLEmnpCNeisMxy134KPwWw,홀로라이브,2021-2022 데뷔,코보 카나에루,Kobo Kanaeru,【An Eggstremely Hard Game】FUN TIME NO RAGING WITH MY CAT PART 2,2026-09-10T06:09:54Z,140769,5320,32
aBdxn6_hGYE,UCjLEmnpCNeisMxy134KPwWw,홀로라이브,2021-2022 데뷔,코보 카나에루,Kobo Kanaeru,【BOMBANANA!】MONKEY SEE MONKEY DO MONKEY DEAF,2026-09-08T10:31:27Z,178030,5487,62
kxSLGQZmXq8,UCjLEmnpCNeisMxy134KPwWw,홀로라이브,2021-2022 데뷔,코보 카나에루,Kobo Kanaeru,【MECCHA CHAMELEON】BATTLE ROYALE DI GAME INI,2026-09-07T09:31:14Z,76906,4112,88
CSpyRByq7YM,UCjLEmnpCNeisMxy134KPwWw,홀로라이브,2021-2022 데뷔,코보 카나에루,Kobo Kanaeru,【Little Nightmares III】DOING SOME ADVENTURE WITH @selenaamaris  ⚠️SPOILER ALERT⚠️,2026-09-05T16:02:09Z,70451,3160,51
XSjzPDwjfLI,UCjLEmnpCNeisMxy134KPwWw,홀로라이브,2021-2022 데뷔,코보 카나에루,Kobo Kanaeru,We dance during school break time 😎👊 #shorts #kobokanaeru #otonosekanade #hololive #anak #bandel,2026-09-03T05:46:57Z,78777,6153,121
SzMf6Ety9ug,UCjLEmnpCNeisMxy134KPwWw,홀로라이브,2021-2022 데뷔,코보 카나에루,Kobo Kanaeru,Kanade what are you doing?!! #shorts #propose #kobokanaeru #otonosekanade #hololive,2026-09-02T12:20:41Z,166954,11776,244
BW9g4WzFUUU,UCjLEmnpCNeisMxy134KPwWw,홀로라이브,2021-2022 데뷔,코보 카나에루,Kobo Kanaeru,OTSUKARE SUMMER ! #shorts #otonosekanade #dance #kobokanaeru #summer,2026-08-28T02:04:40Z,753085,39517,439
fa3_OJd2sCw,UCjLEmnpCNeisMxy134KPwWw,홀로라이브,2021-2022 데뷔,코보 카나에루,Kobo Kanaeru,No bad word please #vtuber #hololive #kobokanaeru #moricalliope #takanashikiara,2026-08-27T11:00:24Z,221258,18088,207
tHyvL8Niytk,UCjLEmnpCNeisMxy134KPwWw,홀로라이브,2021-2022 데뷔,코보 카나에루,Kobo Kanaeru,"You & Aizu together with my best friend, Monday !! 🤩🤩🤩✨✨✨#shorts #kobokanaeu #otonosekanade",2026-08-27T03:20:28Z,180924,14202,462
8dFL2U9Py_k,UCjLEmnpCNeisMxy134KPwWw,홀로라이브,2021-2022 데뷔,코보 카나에루,Kobo Kanaeru,【VALORANT】Morning valo anyone ???,2026-08-27T03:15:21Z,78442,4803,48
OkfcEhaqkKk,UCjLEmnpCNeisMxy134KPwWw,홀로라이브,2021-2022 데뷔,코보 카나에루,Kobo Kanaeru,INTESTINE #shorts #kobokanaeru #kobokan #onaeru #holoid,2026-08-26T11:00:19Z,41373,3359,83
v8yPEhsQD2w,UCjLEmnpCNeisMxy134KPwWw,홀로라이브,2021-2022 데뷔,코보 카나에루,Kobo Kanaeru,KANADUY WHYYYYY #shorts #vtuber #kobokan #kobo #holodori #kanade,2026-08-22T10:00:10Z,89388,7954,126
eZchfLyG0S8,UCjLEmnpCNeisMxy134KPwWw,홀로라이브,2021-2022 데뷔,코보 카나에루,Kobo Kanaeru,Help me picking food for lunch!!! 😣💦  #shorts #lunch #food #vtuber #kobokanaeru,2026-08-19T02:32:42Z,77972,7967,157
h_Liam9GsIg,UCjLEmnpCNeisMxy134KPwWw,홀로라이브,2021-2022 데뷔,코보 카나에루,Kobo Kanaeru,A little disco dance tonight huh? 💃 🪩  #shorts #dance #kobokanaeu #hololive #cover,2026-08-18T16:23:43Z,142739,12439,164
jwNSmOteWRM,UCjLEmnpCNeisMxy134KPwWw,홀로라이브,2021-2022 데뷔,코보 카나에루,Kobo Kanaeru,【hololive Dreams】I hope I get a new cut board!,2026-08-17T14:11:37Z,62948,4876,35
JoevlADbS8Y,UCjLEmnpCNeisMxy134KPwWw,홀로라이브,2021-2022 데뷔,코보 카나에루,Kobo Kanaeru,【#HUTRI81】THE RETURN OF THE RAIN MASTER - holoh3ro Fairy Tales,2026-08-17T10:00:07Z,38551,6171,347
SHY_s_34N1U,UCjLEmnpCNeisMxy134KPwWw,홀로라이브,2021-2022 데뷔,코보 카나에루,Kobo Kanaeru,Mosi mosi? Morning dance with the cat !! #vestiazeta #love #kobokanaeru #shorts #senamkreasi,2026-08-17T02:10:05Z,220574,18600,268
cSTLF9s58c0,UCjLEmnpCNeisMxy134KPwWw,홀로라이브,2021-2022 데뷔,코보 카나에루,Kobo Kanaeru,A special acoustic version of ‘HELP!’ Thank you for 40M views! 🎉 #shorts #kobokanaeru #natori,2026-08-14T13:52:00Z,398080,40647,919
lyAcHZIRmK0,UCjLEmnpCNeisMxy134KPwWw,홀로라이브,2021-2022 데뷔,코보 카나에루,Kobo Kanaeru,【Home Sweet Home Ep 2】MENGATASI TEKA-TEKI DI CHAPTER 4 !!!!,2026-08-13T17:38:10Z,32418,3489,38
wgxqf_qK_nI,UCjLEmnpCNeisMxy134KPwWw,홀로라이브,2021-2022 데뷔,코보 카나에루,Kobo Kanaeru,シャケナベイベー (Shake Na Baby)/AKASAKI - Kobo Kanaeru (Cover),2026-08-13T13:00:07Z,320619,17650,747
V7jr8QKTwcM,UCjLEmnpCNeisMxy134KPwWw,홀로라이브,2021-2022 데뷔,코보 카나에루,Kobo Kanaeru,LOVE MISSION START ❤️🔥 Iya iyaa nari bareng 🥰✨#shorts #zeta #love #kobo #forever #vtuber #hololive,2026-08-12T08:00:38Z,72042,6759,145
YxRzcnF9gCg,UCjLEmnpCNeisMxy134KPwWw,홀로라이브,2021-2022 데뷔,코보 카나에루,Kobo Kanaeru,That’s how you impress the cat 😼 #vestiazeta #love #kobokanaeru #forever #shorts,2026-08-11T10:00:13Z,157349,12860,307
QebCZtX4FV0,UCgnfPPb9JI3e9A4cXHnWbyg,홀로라이브,2023 데뷔,시오리 노벨라,Shiori Novella,PUNCHING THE STRESS AWAY! 【Rubinite】,2026-09-26T14:42:31Z,0,542,0
xKlKbFkFwj0,UCgnfPPb9JI3e9A4cXHnWbyg,홀로라이브,2023 데뷔,시오리 노벨라,Shiori Novella,Is this group workout even working out? #hololive,2026-09-23T23:00:36Z,312740,32889,671
YVR20NPlYnM,UCgnfPPb9JI3e9A4cXHnWbyg,홀로라이브,2023 데뷔,시오리 노벨라,Shiori Novella,TYPHOON TIME So I Should Work Since I'm Behind 【JUST CHATTING】,2026-09-22T02:56:31Z,159945,8502,148
eYKypby7vrY,UCgnfPPb9JI3e9A4cXHnWbyg,홀로라이브,2023 데뷔,시오리 노벨라,Shiori Novella,You've Been a Naughty Kitty! #3danimation,2026-09-18T23:00:02Z,117140,12732,214
0uXBz97Ao6A,UCgnfPPb9JI3e9A4cXHnWbyg,홀로라이브,2023 데뷔,시오리 노벨라,Shiori Novella,If 100 Novelites Got Together & Started Mating #shorts,2026-09-16T23:00:26Z,89906,12856,762
sXGhbGtRDsw,UCgnfPPb9JI3e9A4cXHnWbyg,홀로라이브,2023 데뷔,시오리 노벨라,Shiori Novella,Dance in Wonderland with me to #現世アリス! #hololive,2026-09-14T23:00:22Z,126599,14767,292
sEu1Yj-cICI,UCgnfPPb9JI3e9A4cXHnWbyg,홀로라이브,2023 데뷔,시오리 노벨라,Shiori Novella,A Purrfect Day with My AMEWzing Friend! 【VRChat】ft.@VestiaZeta #GreyscaleX,2026-09-05T03:21:04Z,86627,5994,124
zb3l3favPXk,UCgnfPPb9JI3e9A4cXHnWbyg,홀로라이브,2023 데뷔,시오리 노벨라,Shiori Novella,Datte by ゆよゆっぺ feat. @VestiaZeta #vocaloid #cover,2026-09-05T03:15:07Z,136066,10060,314
oyODlBe7aFU,UCgnfPPb9JI3e9A4cXHnWbyg,홀로라이브,2023 데뷔,시오리 노벨라,Shiori Novella,Eldan Girl Experiencing Anti-Eldan Things Probably 【Metaphor: ReFantazio】 SPOILERS,2026-09-01T00:53:25Z,101314,4703,107
gJYYO3QeisQ,UCgnfPPb9JI3e9A4cXHnWbyg,홀로라이브,2023 데뷔,시오리 노벨라,Shiori Novella,Framing Your SOUL! 【Soulframe】,2026-08-28T23:53:54Z,96897,5076,113
7seUd8nr6-8,UCgnfPPb9JI3e9A4cXHnWbyg,홀로라이브,2023 데뷔,시오리 노벨라,Shiori Novella,This Was Always the PARK【Waterpark Simulator】,2026-08-28T03:34:21Z,96530,5226,108
KwGZ94H_aPw,UCgnfPPb9JI3e9A4cXHnWbyg,홀로라이브,2023 데뷔,시오리 노벨라,Shiori Novella,Future Games Show 2026,2026-08-26T19:27:18Z,55483,5108,139
IPfElU9uBso,UCgnfPPb9JI3e9A4cXHnWbyg,홀로라이브,2023 데뷔,시오리 노벨라,Shiori Novella,Taking Down a Big Goth Boy Probably 【Metaphor: ReFantazio】 SPOILERS,2026-08-26T00:34:24Z,54193,5458,101
78e416BLGo4,UCgnfPPb9JI3e9A4cXHnWbyg,홀로라이브,2023 데뷔,시오리 노벨라,Shiori Novella,[FINALE] Into The Void - Episode 4: No Restraint (Original Motion Comic),2026-08-23T01:00:07Z,83358,11385,922
lNpOfFG4HlQ,UCgnfPPb9JI3e9A4cXHnWbyg,홀로라이브,2023 데뷔,시오리 노벨라,Shiori Novella,POOF! You Turned Into a Cat! 【Meowgic】,2026-08-22T03:17:30Z,35142,4738,118
BCwy8TXOXjs,UCgnfPPb9JI3e9A4cXHnWbyg,홀로라이브,2023 데뷔,시오리 노벨라,Shiori Novella,Sleep & Hunger With a Smidge of Fear 【Fear & Hunger 2 Termina】,2026-08-20T22:06:24Z,33462,4056,100
857DmHSjduM,UCgnfPPb9JI3e9A4cXHnWbyg,홀로라이브,2023 데뷔,시오리 노벨라,Shiori Novella,Running an Unlicensed Waterpark For Funnies 【Waterpark Simulator】,2026-08-20T03:06:51Z,41050,4708,107
U48CBKV2fZA,UCgnfPPb9JI3e9A4cXHnWbyg,홀로라이브,2023 데뷔,시오리 노벨라,Shiori Novella,Retry Now (いますぐ輪廻) by NAKISO #歌ってみた #vocaloid #cover,2026-08-20T03:00:07Z,171119,15151,612
XvB8svQ8ffg,UCgnfPPb9JI3e9A4cXHnWbyg,홀로라이브,2023 데뷔,시오리 노벨라,Shiori Novella,Helping a Homie Out with His Bloodline 【Metaphor: ReFantazio】 SPOILERS,2026-08-19T02:23:50Z,67071,6097,119
BTAa8RiJ6t4,UCgnfPPb9JI3e9A4cXHnWbyg,홀로라이브,2023 데뷔,시오리 노벨라,Shiori Novella,Being cute enough with Gigi! #hololive,2026-08-19T00:00:39Z,102110,13922,161
uGzQrJw0fJc,UCgnfPPb9JI3e9A4cXHnWbyg,홀로라이브,2023 데뷔,시오리 노벨라,Shiori Novella,Do NOT Be Tempted By Hot Evil Anime Men 【Metaphor: ReFantazio】 SPOILERS,2026-08-17T22:51:51Z,48147,4799,149
lddSS7oKdro,UCgnfPPb9JI3e9A4cXHnWbyg,홀로라이브,2023 데뷔,시오리 노벨라,Shiori Novella,Nobody does it like ShioNene on the dance floor! #hololive,2026-08-17T00:00:34Z,93801,13367,161
xNlS-8BPLXc,UCgnfPPb9JI3e9A4cXHnWbyg,홀로라이브,2023 데뷔,시오리 노벨라,Shiori Novella,The Bigger I Walk The Bigger I Talk Probably 【Big Walk】,2026-08-16T03:36:07Z,56006,6211,111
O878b0w9RaI,UCgnfPPb9JI3e9A4cXHnWbyg,홀로라이브,2023 데뷔,시오리 노벨라,Shiori Novella,Into The Void - Episode 3: Undeterred (Original Motion Comic),2026-08-16T03:32:06Z,88901,10916,531
zqqYZXIaWXo,UCgnfPPb9JI3e9A4cXHnWbyg,홀로라이브,2023 데뷔,시오리 노벨라,Shiori Novella,Moe Dancing to Miko-senpai's #サキミダレアッパレード♪! #hololive,2026-08-14T00:00:08Z,54191,7822,163
dP8UpLts7DE,UCgnfPPb9JI3e9A4cXHnWbyg,홀로라이브,2023 데뷔,시오리 노벨라,Shiori Novella,Crossing Your Gardens to Steal Your Underpants 【Burglin' Gnomes】,2026-08-13T02:56:35Z,32213,4671,107
WnBExtoUM5o,UCgnfPPb9JI3e9A4cXHnWbyg,홀로라이브,2023 데뷔,시오리 노벨라,Shiori Novella,Making My Ideal Husbando with Random Body Parts 【Eronoctosis: Put Yourself Together】,2026-08-11T03:12:00Z,32250,4683,85
u9qiyujBW-8,UCgnfPPb9JI3e9A4cXHnWbyg,홀로라이브,2023 데뷔,시오리 노벨라,Shiori Novella,Historically Accurate Apartment Trauma 【The Berlin Apartment】❗ Spoilers,2026-08-10T23:22:09Z,58336,6752,125
7YzXAntZMBo,UCgnfPPb9JI3e9A4cXHnWbyg,홀로라이브,2023 데뷔,시오리 노벨라,Shiori Novella,Dancing to Zeta's LOVE MISSION♡! #hololive,2026-08-10T00:00:33Z,59567,9227,209
3qrQ4KcvUb4,UCgnfPPb9JI3e9A4cXHnWbyg,홀로라이브,2023 데뷔,시오리 노벨라,Shiori Novella,Into The Void - Episode 2: No Hope (Original Motion Comic),2026-08-09T01:00:06Z,94504,12306,608
Xb1LKIdb4Ps,UC9p_lqQ0FEDz327Vgf5JwqA,홀로라이브,2023 데뷔,코세키 비쥬,Koseki Bijou,【HOLOLIVE DREAMS】omg biboo hi,2026-09-26T15:28:11Z,0,748,0
mql2jUnYr1E,UC9p_lqQ0FEDz327Vgf5JwqA,홀로라이브,2023 데뷔,코세키 비쥬,Koseki Bijou,Never tell biboo your dreams #5star #hololive,2026-09-12T06:00:16Z,128594,12390,291
G4ZcYu8VHoo,UC9p_lqQ0FEDz327Vgf5JwqA,홀로라이브,2023 데뷔,코세키 비쥬,Koseki Bijou,【NEW OUTFIT REVEAL】I WANNA PULL FOR BIBOO #bibooSSR,2026-09-12T02:42:30Z,336990,14606,323
In43SMi0dPE,UC9p_lqQ0FEDz327Vgf5JwqA,홀로라이브,2023 데뷔,코세키 비쥬,Koseki Bijou,【NINTENDO DIRECT WATCHALONG 9.26】Biboo joins the fight!,2026-09-09T15:21:40Z,96065,3984,55
M78Wpzs68s8,UC9p_lqQ0FEDz327Vgf5JwqA,홀로라이브,2023 데뷔,코세키 비쥬,Koseki Bijou,【Onimusha: Way of the Sword】SLIFE OF LICE,2026-09-09T09:41:15Z,263921,7524,54
1buXurdS3wE,UC9p_lqQ0FEDz327Vgf5JwqA,홀로라이브,2023 데뷔,코세키 비쥬,Koseki Bijou,【ZELDA 40TH ANNIVERSARY DIRECT WATCHALONG】HEY! I'M LISTENING!,2026-09-08T15:05:49Z,102592,4608,62
tTwTLN7zfM8,UC9p_lqQ0FEDz327Vgf5JwqA,홀로라이브,2023 데뷔,코세키 비쥬,Koseki Bijou,【Onimusha: Way of the Sword】I am THE john samurai,2026-09-08T07:19:34Z,268236,7580,56
2WbFXhsYH_4,UC9p_lqQ0FEDz327Vgf5JwqA,홀로라이브,2023 데뷔,코세키 비쥬,Koseki Bijou,【Onimusha: Way of the Sword】While you were playing games I studied the blade,2026-09-07T06:46:32Z,360426,9341,78
nzSAaWwaY94,UC9p_lqQ0FEDz327Vgf5JwqA,홀로라이브,2023 데뷔,코세키 비쥬,Koseki Bijou,【PUZZLE TOGETHER】LET'S UNLOCK MY ANNOUNCEMENT!,2026-09-05T01:14:41Z,124108,5890,65
5qlH-VBLE-4,UC9p_lqQ0FEDz327Vgf5JwqA,홀로라이브,2023 데뷔,코세키 비쥬,Koseki Bijou,【SONY STATE OF PLAY SEPTEMBER 2026】YIPPEEEEEEEEEEEEEE,2026-09-03T15:16:59Z,160299,5978,59
a1pfTx8xYQM,UC9p_lqQ0FEDz327Vgf5JwqA,홀로라이브,2023 데뷔,코세키 비쥬,Koseki Bijou,【Mortal Shell II】Memmy? Sorry.,2026-09-03T06:28:51Z,194617,7104,58
YGu-T-wMMms,UC9p_lqQ0FEDz327Vgf5JwqA,홀로라이브,2023 데뷔,코세키 비쥬,Koseki Bijou,【Mortal Shell II】This seems very biboo core...,2026-09-02T07:34:46Z,255585,9070,83
mnMPPEB9DcQ,UC9p_lqQ0FEDz327Vgf5JwqA,홀로라이브,2023 데뷔,코세키 비쥬,Koseki Bijou,【Puyo Puyo Tetris 2】GETTING COACHED BY THE SUISEI SENPAI FT. FUWAMOCO  #ホロぷよテト大会,2026-08-29T04:21:49Z,322086,11061,103
HQBYjFSdE3E,UC9p_lqQ0FEDz327Vgf5JwqA,홀로라이브,2023 데뷔,코세키 비쥬,Koseki Bijou,Enough is enough!!,2026-08-28T23:00:19Z,116002,11433,192
jBhHeHyjiQY,UC9p_lqQ0FEDz327Vgf5JwqA,홀로라이브,2023 데뷔,코세키 비쥬,Koseki Bijou,【Waterpark Simulator】Dont swim together【Advent Collab】,2026-08-28T03:55:28Z,126333,4542,52
iAcpLTG4FrE,UC9p_lqQ0FEDz327Vgf5JwqA,홀로라이브,2023 데뷔,코세키 비쥬,Koseki Bijou,【DON'T SCREAM TOGETHER】oh beep here we go again【Advent Collab】,2026-08-28T01:36:42Z,84357,3856,64
H1mnBqcyQfs,UC9p_lqQ0FEDz327Vgf5JwqA,홀로라이브,2023 데뷔,코세키 비쥬,Koseki Bijou,【FUTURE GAME SHOW AUGUST 2026 OFFICIAL CO-STREAM】HYPING IT UP WITH @holoen_raorapanthera!,2026-08-26T21:26:59Z,88262,5591,56
zYymA9q5UgI,UC9p_lqQ0FEDz327Vgf5JwqA,홀로라이브,2023 데뷔,코세키 비쥬,Koseki Bijou,"【Resident Evil RE:4】Over here, Stranger!",2026-08-26T06:09:04Z,119730,8012,67
H0wqDo0uoWY,UC9p_lqQ0FEDz327Vgf5JwqA,홀로라이브,2023 데뷔,코세키 비쥬,Koseki Bijou,【Puyo Puyo Tetris 2】TETRIS TRAINING #ホロぷよテト大会,2026-08-25T02:12:12Z,105811,6694,67
v1seipCdpms,UC9p_lqQ0FEDz327Vgf5JwqA,홀로라이브,2023 데뷔,코세키 비쥬,Koseki Bijou,【SPAGHET】Mom spaghetti i'm not ready,2026-08-24T07:16:42Z,134863,9613,76
8Di6hB9A9Ag,UC9p_lqQ0FEDz327Vgf5JwqA,홀로라이브,2023 데뷔,코세키 비쥬,Koseki Bijou,Biboo v.s. Towasama!  #ウチらしか勝たん,2026-08-24T03:00:25Z,113664,13404,167
T_b77R925N4,UC9p_lqQ0FEDz327Vgf5JwqA,홀로라이브,2023 데뷔,코세키 비쥬,Koseki Bijou,【FORTNITE NEW SEASON】Shadow the hedgehog in Fortnite.,2026-08-23T03:20:32Z,82351,6254,60
gk_JzP412BU,UC9p_lqQ0FEDz327Vgf5JwqA,홀로라이브,2023 데뷔,코세키 비쥬,Koseki Bijou,LOVE MISSION♡ Mission start!,2026-08-23T03:00:29Z,43518,7620,154
nhzRPsOFCjI,UC9p_lqQ0FEDz327Vgf5JwqA,홀로라이브,2023 데뷔,코세키 비쥬,Koseki Bijou,Let's go!! サキミダレアッパレード♪,2026-08-22T03:00:16Z,56799,7631,169
Ln0CJTxpZxs,UC9p_lqQ0FEDz327Vgf5JwqA,홀로라이브,2023 데뷔,코세키 비쥬,Koseki Bijou,【Waterpark Simulator】Makin a splash【Advent Collab】,2026-08-20T03:07:31Z,63862,5536,62
Z16OMEw5FK8,UC9p_lqQ0FEDz327Vgf5JwqA,홀로라이브,2023 데뷔,코세키 비쥬,Koseki Bijou,【HOLOLIVE DREAMS】SURELY IT WILL GO BETTER THIS TIME. RIGHT?,2026-08-18T02:20:23Z,102548,7395,76
u9CFMRSxtxs,UC9p_lqQ0FEDz327Vgf5JwqA,홀로라이브,2023 데뷔,코세키 비쥬,Koseki Bijou,【FORTNITE COLLAB】ROCKU WAWA...AND PERLICA?,2026-08-17T15:30:57Z,63718,5737,58
uF82nBeiGbQ,UC9p_lqQ0FEDz327Vgf5JwqA,홀로라이브,2023 데뷔,코세키 비쥬,Koseki Bijou,【Big Walk COLLAB】ey im walkin here,2026-08-16T03:37:39Z,77819,6106,70
jcti8pZymmE,UC9p_lqQ0FEDz327Vgf5JwqA,홀로라이브,2023 데뷔,코세키 비쥬,Koseki Bijou,【Resident Evil RE:4】Surely hardcore wasnt a mistake :D,2026-08-15T03:09:46Z,105573,6008,80
p01AHtGCZAA,UC9p_lqQ0FEDz327Vgf5JwqA,홀로라이브,2023 데뷔,코세키 비쥬,Koseki Bijou,【Resident Evil RE:4】IT'S NOT OVER YET (It's actually just beginning),2026-08-14T07:13:30Z,121525,8112,96
9zmb_obWF48,UC_sFNM0z0MWm9A6WlKPuMMg,홀로라이브,2023 데뷔,네리사 레이븐크로프트,Nerissa Ravencroft,A sight you'll never forget~🤖#現世アリス#ロボ子さん,2026-09-24T15:00:38Z,59661,6447,112
zcTiPb4uu8I,UC_sFNM0z0MWm9A6WlKPuMMg,홀로라이브,2023 데뷔,네리사 레이븐크로프트,Nerissa Ravencroft,"I got 10k steps, but I want at least 5k more | Walking",2026-09-20T13:13:14Z,180319,8285,140
DmopJSAJkDk,UC_sFNM0z0MWm9A6WlKPuMMg,홀로라이브,2023 데뷔,네리사 레이븐크로프트,Nerissa Ravencroft,It's our time! ⏰ #黎明Compass,2026-09-13T15:00:25Z,280820,24512,308
VPCrxhzJ_yk,UC_sFNM0z0MWm9A6WlKPuMMg,홀로라이브,2023 데뷔,네리사 레이븐크로프트,Nerissa Ravencroft,just leveling some tools... | Harvest Moon 64,2026-09-06T15:46:00Z,92542,4686,99
hVBMlz5LYLg,UC_sFNM0z0MWm9A6WlKPuMMg,홀로라이브,2023 데뷔,네리사 레이븐크로프트,Nerissa Ravencroft,CHOOSING A WIFE... | Harvest Moon 64,2026-09-05T06:42:18Z,96184,5062,106
1wkSs2_-bss,UC_sFNM0z0MWm9A6WlKPuMMg,홀로라이브,2023 데뷔,네리사 레이븐크로프트,Nerissa Ravencroft,holoEN Collab! Nerissa POV~ P.2 | BIG WALK,2026-09-04T03:33:20Z,94365,5051,89
zq4_FTpvSic,UC_sFNM0z0MWm9A6WlKPuMMg,홀로라이브,2023 데뷔,네리사 레이븐크로프트,Nerissa Ravencroft,Welcome to my hometown! | Harvest Moon 64,2026-08-30T05:03:19Z,111516,5617,135
dg5gxS47tNY,UC_sFNM0z0MWm9A6WlKPuMMg,홀로라이브,2023 데뷔,네리사 레이븐크로프트,Nerissa Ravencroft,GET UP☝️ GET DOWN 👇 SPIN ME AROUND~🔄 #dance,2026-08-29T16:00:32Z,79685,7967,108
yVYcPOUoduE,UC_sFNM0z0MWm9A6WlKPuMMg,홀로라이브,2023 데뷔,네리사 레이븐크로프트,Nerissa Ravencroft,Let's enjoy the #AzureWaves ! | SWIMSUIT OUTFIT DEBUT,2026-08-29T02:07:53Z,255039,12775,281
DdOrG_i26-M,UC_sFNM0z0MWm9A6WlKPuMMg,홀로라이브,2023 데뷔,네리사 레이븐크로프트,Nerissa Ravencroft,THIS WAS THE PLAN ALONG! | #holoAdvent  WATERPARK SIMULATOR,2026-08-28T03:09:08Z,112990,4867,83
2dWaPS246gQ,UC_sFNM0z0MWm9A6WlKPuMMg,홀로라이브,2023 데뷔,네리사 레이븐크로프트,Nerissa Ravencroft,Good news abound! | ANNOUNCEMENT,2026-08-23T02:29:13Z,65980,6721,134
jAF7sZz4Y1E,UC_sFNM0z0MWm9A6WlKPuMMg,홀로라이브,2023 데뷔,네리사 레이븐크로프트,Nerissa Ravencroft,Advent Beach Episode | Waterpark Simulator,2026-08-20T03:05:21Z,40805,4458,81
9vkfsnPy6HM,UC_sFNM0z0MWm9A6WlKPuMMg,홀로라이브,2023 데뷔,네리사 레이븐크로프트,Nerissa Ravencroft,holoEN Collab! Nerissa POV~ | BIG WALK,2026-08-16T03:36:41Z,46271,5072,88
6LQYX83AcDo,UC_sFNM0z0MWm9A6WlKPuMMg,홀로라이브,2023 데뷔,네리사 레이븐크로프트,Nerissa Ravencroft,THE FINALE | The Legend of Zelda: The Wind Waker,2026-08-15T03:46:57Z,35589,4133,140
rxiP6vMwstg,UC_sFNM0z0MWm9A6WlKPuMMg,홀로라이브,2023 데뷔,네리사 레이븐크로프트,Nerissa Ravencroft,GIVE US YOUR MONEY!!!! | Burglin' Gnomes,2026-08-13T04:11:59Z,30724,4204,89
v2zoz_IL9OY,UC_sFNM0z0MWm9A6WlKPuMMg,홀로라이브,2023 데뷔,네리사 레이븐크로프트,Nerissa Ravencroft,It's a LOVE💘MISSION! #dance #hololive #lovemission,2026-08-08T15:00:33Z,54160,7571,160
dLV-pnkSWv8,UC_sFNM0z0MWm9A6WlKPuMMg,홀로라이브,2023 데뷔,네리사 레이븐크로프트,Nerissa Ravencroft,Where are these freaking triforce charts? | The Legend of Zelda: The Wind Waker,2026-08-08T05:36:01Z,127577,5556,112
jk6GIUH_ojo,UC_sFNM0z0MWm9A6WlKPuMMg,홀로라이브,2023 데뷔,네리사 레이븐크로프트,Nerissa Ravencroft,"Earth Temple with Bird Friend, Medli! | The Legend of Zelda: The Wind Waker",2026-08-02T07:39:36Z,106280,6362,90
RLx4trQNLLs,UC_sFNM0z0MWm9A6WlKPuMMg,홀로라이브,2023 데뷔,네리사 레이븐크로프트,Nerissa Ravencroft,Steal a little spotlight 📸✨,2026-08-01T18:00:25Z,132451,14038,119
jA6-A-BCRC8,UC_sFNM0z0MWm9A6WlKPuMMg,홀로라이브,2023 데뷔,네리사 레이븐크로프트,Nerissa Ravencroft,"Today, I turn 3! But so do you~ + Announcements of announcements  | 3RD ANNIVERSARY",2026-07-31T03:19:27Z,69943,9037,268
O7ZITQoVeUQ,UC_sFNM0z0MWm9A6WlKPuMMg,홀로라이브,2023 데뷔,네리사 레이븐크로프트,Nerissa Ravencroft,"SAVE OUR SISTER, SAVE, CREATE | The Legend of Zelda: The Wind Waker",2026-07-26T04:46:04Z,52960,5482,101
zcGdKK_cQbE,UC_sFNM0z0MWm9A6WlKPuMMg,홀로라이브,2023 데뷔,네리사 레이븐크로프트,Nerissa Ravencroft,Bad Apple!! but it's hololive,2026-07-25T15:00:06Z,2545736,132754,5869
tFmyV9YahiQ,UC_sFNM0z0MWm9A6WlKPuMMg,홀로라이브,2023 데뷔,네리사 레이븐크로프트,Nerissa Ravencroft,Advent's Diggy Diggy Hole | Pratfall,2026-07-24T03:18:11Z,33572,4338,100
hphf24-Fkqw,UC_sFNM0z0MWm9A6WlKPuMMg,홀로라이브,2023 데뷔,네리사 레이븐크로프트,Nerissa Ravencroft,I GOTTA ROLL!!!! | hololive Dreams,2026-07-23T09:02:32Z,78572,6606,110
0WXjD02P9II,UC_sFNM0z0MWm9A6WlKPuMMg,홀로라이브,2023 데뷔,네리사 레이븐크로프트,Nerissa Ravencroft,"Sorry, how many stones did you say there were? | The Legend of Zelda: The Wind Waker",2026-07-20T06:37:34Z,77128,7096,144
e7mBvl97K5M,UC_sFNM0z0MWm9A6WlKPuMMg,홀로라이브,2023 데뷔,네리사 레이븐크로프트,Nerissa Ravencroft,Come find me in~ #holodori,2026-07-15T16:00:39Z,67933,8128,154
9Ac1uamTQtg,UC_sFNM0z0MWm9A6WlKPuMMg,홀로라이브,2023 데뷔,네리사 레이븐크로프트,Nerissa Ravencroft,We have to save our sister! | The Legend of Zelda: The Wind Waker,2026-07-12T04:53:42Z,55902,5589,121
zOd1LKP6iCs,UC_sFNM0z0MWm9A6WlKPuMMg,홀로라이브,2023 데뷔,네리사 레이븐크로프트,Nerissa Ravencroft,I'm back! + Announcement | Chatting #pr,2026-07-10T03:14:04Z,73628,7897,232
Zn4d54bMmwo,UC_sFNM0z0MWm9A6WlKPuMMg,홀로라이브,2023 데뷔,네리사 레이븐크로프트,Nerissa Ravencroft,ONE! TIME! IN! A! LIFETIME! 🪽 - Nerissa #holoSerendipity #shorts #dance #anime #hololive,2026-06-30T03:00:31Z,66367,8022,139
88KyFMqKJO4,UC_sFNM0z0MWm9A6WlKPuMMg,홀로라이브,2023 데뷔,네리사 레이븐크로프트,Nerissa Ravencroft,HOLOEN HIDE AND SEEK!!! | MECCHA CHAMELEON,2026-06-30T02:19:51Z,53906,5573,85
uHDGJmhsX7k,UCt9H_RpQzhxzlyBxFqrdHqA,홀로라이브,2023 데뷔,후와와·모코코,FUWAMOCO,【HITMAN】i protec and i also reck 🐾🩵 【FUWAWA SOLO】,2026-09-26T12:53:57Z,0,821,0
UrLISw5iDWU,UCt9H_RpQzhxzlyBxFqrdHqA,홀로라이브,2023 데뷔,후와와·모코코,FUWAMOCO,【ROCK N' RAWR PARTY】fuwawa's 1st time solo singin' + announcement🐾【FUWAMOCO｜告知あり】,2026-09-26T07:36:57Z,419253,23290,181
QmxzjAsWqAI,UCt9H_RpQzhxzlyBxFqrdHqA,홀로라이브,2023 데뷔,후와와·모코코,FUWAMOCO,【IMPORTANT ANNOUNCEMENT｜モココからのお知らせ】lots of love to the fuzz 🐾🩷【FUWAMOCO】,2026-09-13T00:11:33Z,740362,36355,2413
X6RpgsimpvM,UCt9H_RpQzhxzlyBxFqrdHqA,홀로라이브,2023 데뷔,후와와·모코코,FUWAMOCO,【BOMBANANA COLLAB】fluffy dog + reaper + gremlin solve puzzles 【FUWAMOCO POV】,2026-09-10T15:27:26Z,229179,8734,145
lUHDankrXds,UCt9H_RpQzhxzlyBxFqrdHqA,홀로라이브,2023 데뷔,후와와·모코코,FUWAMOCO,【#holoAdvent OFF-COLLAB KARAOKE in 3D SELF BOOTH】you never need an excuse to jam 🐾 【FUWAMOCO】,2026-09-10T04:09:30Z,244393,12686,258
abKHLvPa56Y,UCt9H_RpQzhxzlyBxFqrdHqA,홀로라이브,2023 데뷔,후와와·모코코,FUWAMOCO,【SPAGHET】we hate pasta and horror games... thanks for the curse gigi 🐾 【FUWAMOCO】,2026-09-09T02:37:23Z,247153,10621,139
rYDHLtxr8Zk,UCt9H_RpQzhxzlyBxFqrdHqA,홀로라이브,2023 데뷔,후와와·모코코,FUWAMOCO,【#ロゼキャンARK DAY 2】ぽんこつSAURUSの魔界の番犬だよっ🐾【FUWAMOCO｜ARK: SURVIVAL ASCENDED】,2026-09-05T13:40:28Z,102069,5309,51
nLTRBR4H1KY,UCt9H_RpQzhxzlyBxFqrdHqA,홀로라이브,2023 데뷔,후와와·모코코,FUWAMOCO,【#ロゼキャンARK DAY 1】TEAM D集合✨️ ミッションをクリアしてわいわいしていこう🐾【FUWAMOCO｜ARK: SURVIVAL ASCENDED】,2026-09-04T15:33:54Z,151904,7524,57
XC1_gKOp-v0,UCt9H_RpQzhxzlyBxFqrdHqA,홀로라이브,2023 데뷔,후와와·모코코,FUWAMOCO,【#holoEN BIG WALK COLLAB】teamwork + puzzles + friendship = hiking?! 🐾 【FUWAMOCO POV】,2026-09-04T03:32:06Z,124835,5716,71
NLDMst8Zg58,UCt9H_RpQzhxzlyBxFqrdHqA,홀로라이브,2023 데뷔,후와와·모코코,FUWAMOCO,【#ホロぷよテト大会 PUYO PUYO TETRIS 2】大会前の最終練習🔥 sister battle before the tournament 🐾【FUWAMOCO｜ぷよぷよテトリス2】,2026-08-30T10:02:06Z,294551,8231,60
eK-DB73vyR8,UCt9H_RpQzhxzlyBxFqrdHqA,홀로라이브,2023 데뷔,후와와·모코코,FUWAMOCO,【FUWAMOCO 3D ANNIVERSARY LIVE AFTERPARTY】new song + 1st album + love for hololive 🐾 #FWMC3rd,2026-08-30T06:34:49Z,220483,9376,87
bWmsSF2NCeE,UCt9H_RpQzhxzlyBxFqrdHqA,홀로라이브,2023 데뷔,후와와·모코코,FUWAMOCO,【INFO🐾お知らせ】𝗙𝗨𝗪𝗔𝗠𝗢𝗖𝗢 𝟭𝘀𝘁 𝗔𝗹𝗯𝘂𝗺 💿「FUWAMOCO à la mode ～いつだってあなたの笑顔を守るのッ～」予約受付中✨ ON PRE-ORDER NOW🩵🩷,2026-08-29T16:44:07Z,0,1675,0
Pd1rwtbxO6A,UCt9H_RpQzhxzlyBxFqrdHqA,홀로라이브,2023 데뷔,후와와·모코코,FUWAMOCO,【3D LIVE CONCERT 3周年記念ライブ】thanks to hololive🐾 重大告知あり✨️【#FWMC3rd】,2026-08-29T12:17:09Z,831092,38118,858
_emS73CGqYc,UCt9H_RpQzhxzlyBxFqrdHqA,홀로라이브,2023 데뷔,후와와·모코코,FUWAMOCO,【MOO WHO? COLLAB】FUWAMOOCOWじゃないよ！本物の番犬はここだよ！what sounds can these demon dogs make 🐾【FUWAMOCO視点】,2026-08-28T15:48:49Z,106425,5176,54
Ese-cCjJ3sk,UCt9H_RpQzhxzlyBxFqrdHqA,홀로라이브,2023 데뷔,후와와·모코코,FUWAMOCO,【#ホロぷよテト大会 PUYO PUYO TETRIS 2 COLLAB】マリン先輩がコーチ？！coaching from the best again?! 🐾【FUWAMOCO｜ぷよぷよテトリス2】,2026-08-28T12:31:10Z,375587,9917,64
rgCKE-hqLaM,UCt9H_RpQzhxzlyBxFqrdHqA,홀로라이브,2023 데뷔,후와와·모코코,FUWAMOCO,IMPORTANT NEWS⁉️ 重大告知…だと？！🐾🩵🩷 #FUWAMOCO #shorts #ホロライブ #vtuber,2026-08-27T23:00:21Z,127050,13308,250
G2NKmCDqh7o,UCt9H_RpQzhxzlyBxFqrdHqA,홀로라이브,2023 데뷔,후와와·모코코,FUWAMOCO,FUWANENE爆誕?! 🍑🩵 towa and nenechi's new song 🍑💜 ウチらしか勝たんをカタンカタンしてみた✨️ #FUWAMOCO #shorts #ホロライブ #踊ってみた,2026-08-25T23:00:28Z,137581,14978,174
hW0JTCX6BNQ,UCt9H_RpQzhxzlyBxFqrdHqA,홀로라이브,2023 데뷔,후와와·모코코,FUWAMOCO,BAU BAU NIE 🗣️ mikochi-senpai's new song 🌸 サキミダレアッパレード♪をｷｭﾝｷｭﾝしてみた✨️ #FUWAMOCO #shorts #ホロライブ #踊ってみた,2026-08-23T23:00:11Z,77697,10216,158
i6_T0tiQIkE,UCt9H_RpQzhxzlyBxFqrdHqA,홀로라이브,2023 데뷔,후와와·모코코,FUWAMOCO,【#ホロぷよテト大会 PUYO PUYO TETRIS 2 COLLAB】すいせい先輩コーチしてくれるの？！coaching from the best?! 🐾【FUWAMOCO｜ぷよぷよテトリス2】,2026-08-23T13:26:18Z,226932,12970,100
W98R4zLVz6A,UCt9H_RpQzhxzlyBxFqrdHqA,홀로라이브,2023 데뷔,후와와·모코코,FUWAMOCO,【FUWAMOCO'S ENGLISH SUMMER SCHOOL】3D企画!!✨️ FUWAMOCOの英会話スクール🎒英語が通じなきゃ魔界の激苦茶！🐾 【#FWMC英会話】,2026-08-22T13:00:36Z,272207,20764,495
bXCI1sPlVc0,UCt9H_RpQzhxzlyBxFqrdHqA,홀로라이브,2023 데뷔,후와와·모코코,FUWAMOCO,【WATERPARK SIMULATOR COLLAB】REBELLION in the waterpark 🐾 #holoAdvent 【FUWAMOCO POV】,2026-08-20T03:07:16Z,75060,6513,84
0WfK-AqljUQ,UCt9H_RpQzhxzlyBxFqrdHqA,홀로라이브,2023 데뷔,후와와·모코코,FUWAMOCO,angels or monsters? 🪽✨️ let us sing you a lullaby 🐾🩵🩷 #FUWAMOCO #shorts #ホロライブ #holoAdvent #vtuber,2026-08-18T23:00:17Z,37132,4753,121
-9HYhyLYMrk,UCt9H_RpQzhxzlyBxFqrdHqA,홀로라이브,2023 데뷔,후와와·모코코,FUWAMOCO,【#holoEN BIG WALK COLLAB】walk & puzzle time with friends?! sign us up 🐾 【FUWAMOCO POV】,2026-08-16T03:37:49Z,73131,5973,79
wmWl1orMT5A,UCt9H_RpQzhxzlyBxFqrdHqA,홀로라이브,2023 데뷔,후와와·모코코,FUWAMOCO,oops 💓 did we fail the mission? zeta-senpai's new song LOVE MISSION♡ #FUWAMOCO #shorts #ホロライブ #踊ってみた,2026-08-16T03:00:07Z,83729,10986,154
mu-xpzcbkd0,UCt9H_RpQzhxzlyBxFqrdHqA,홀로라이브,2023 데뷔,후와와·모코코,FUWAMOCO,【FUWAMOCO ROCK N' RAWR PARTY】summer anison + BIG ANNOUNCEMENTS?! 🐾【FUWAMOCO｜重大発表あり】,2026-08-15T05:58:42Z,139373,14869,103
k7pqqy8aJAI,UCt9H_RpQzhxzlyBxFqrdHqA,홀로라이브,2023 데뷔,후와와·모코코,FUWAMOCO,TOWAMOCO爆誕?! 👾🩷 towa and nenechi's new song 🍑💜 ウチらしか勝たんをカタンカタンしてみた✨️ #FUWAMOCO #shorts #ホロライブ #踊ってみた,2026-08-13T23:00:30Z,202360,21811,255
7HIOOoU_Hjs,UCt9H_RpQzhxzlyBxFqrdHqA,홀로라이브,2023 데뷔,후와와·모코코,FUWAMOCO,【BURGLIN' GNOMES COLLAB】you take away the gnome and WE BECOME THE GNOME 🐾 #holoAdvent 【FUWAMOCO】,2026-08-13T02:52:32Z,55308,5582,75
InA1c0SIJDU,UCt9H_RpQzhxzlyBxFqrdHqA,홀로라이브,2023 데뷔,후와와·모코코,FUWAMOCO,【ERONOCTOSIS COLLAB with SHIORI】save us from madness in this pixel co-op horror 🐾 【FUWAMOCO】,2026-08-11T03:13:52Z,53589,5858,63
66L7BAR4Oq4,UCt9H_RpQzhxzlyBxFqrdHqA,홀로라이브,2023 데뷔,후와와·모코코,FUWAMOCO,"don't you ever think you're not enough ✨️ gigi's new song ""enough"" 🧡 #FUWAMOCO #shorts #ホロライブ #踊ってみた",2026-08-09T23:00:24Z,137043,16228,192
WxKT1tfrMr8,UCt9H_RpQzhxzlyBxFqrdHqA,홀로라이브,2023 데뷔,후와와·모코코,FUWAMOCO,【PERO'S BIRTHDAY PARTY】i want a birthday wake-up kiss from the rufferans 🐾✨ 【FUWAMOCO】,2026-08-09T00:53:39Z,53049,6287,273
7flDWALf6Ik,UCMGfV7TVTmHhEErVJg1oHBQ,홀로라이브,2023 데뷔,히오도시 아오,Hiodoshi Ao,【ClubBlueFire】愛してるって言ってるじゃん【火威青】,2025-09-08T15:00:12Z,1028153,65718,2669
41RdX9oOWBY,UCMGfV7TVTmHhEErVJg1oHBQ,홀로라이브,2023 데뷔,히오도시 아오,Hiodoshi Ao,青くゆの3Dイケメンすぎるだろ！！！！！！！#hololivedev_is #ホロライブ #regloss #shorts,2025-06-15T08:55:01Z,606113,34560,672
ljGTDvz493c,UCMGfV7TVTmHhEErVJg1oHBQ,홀로라이브,2023 데뷔,히오도시 아오,Hiodoshi Ao,【NG】先日の動画のNGオフショットらしい #hololivedev_is #ホロライブ #火威青 #イケメン,2025-06-06T09:55:00Z,297440,19555,350
CEQqA_8b6KQ,UCMGfV7TVTmHhEErVJg1oHBQ,홀로라이브,2023 데뷔,히오도시 아오,Hiodoshi Ao,【比較】今回の炎上についてー#hololivedev_is #ホロライブ #火威青 #インフルエンサーランドリー,2025-05-30T09:30:06Z,354747,15206,145
plw-7ll7qFQ,UCMGfV7TVTmHhEErVJg1oHBQ,홀로라이브,2023 데뷔,히오도시 아오,Hiodoshi Ao,✨🌹僕は王子、キミは薔薇🌹✨【火威青】 #hololivedev_is #ホロライブ #ReGLOSS #shorts,2025-05-23T12:01:37Z,344199,26408,668
bZxJVYk1mwM,UCMGfV7TVTmHhEErVJg1oHBQ,홀로라이브,2023 데뷔,히오도시 아오,Hiodoshi Ao,青青てぇてぇすぎるだろ！！！！！！！！！#一旦ステイTONIGHT #いつでもどこでも一旦ステイ #踊ってみた #歌ってみた  #hololiveDEV_IS #ReGLOSS #shorts #漫画,2025-05-06T08:55:01Z,1559480,57156,262
pXqnOynm_Ic,UCMGfV7TVTmHhEErVJg1oHBQ,홀로라이브,2023 데뷔,히오도시 아오,Hiodoshi Ao,【モエチャッカファイア】full出ました！ぜひ聞いてね！　#歌ってみた　#hololivedev_is #ホロライブ,2025-05-03T07:50:01Z,359407,19344,140
M70XbYSuvw8,UCMGfV7TVTmHhEErVJg1oHBQ,홀로라이브,2023 데뷔,히오도시 아오,Hiodoshi Ao,【低音女子が歌ってみた】モエチャッカファイア【火威青 】#hololiveDEV_IS #regloss,2025-05-03T03:00:06Z,938368,44956,1405
YyAiLmldlr0,UCMGfV7TVTmHhEErVJg1oHBQ,홀로라이브,2023 데뷔,히오도시 아오,Hiodoshi Ao,【火威青】インフルエンサーランドリー【DYES IWASAKI(FAKE TYPE.)】 #hololiveDEV_IS #ReGLOSS,2025-04-30T11:00:06Z,214620,15621,504
8HRDMUcOaY4,UCMGfV7TVTmHhEErVJg1oHBQ,홀로라이브,2023 데뷔,히오도시 아오,Hiodoshi Ao,【モエチャッカファイア】アニメMVイケメン女子がかっこよく #歌ってみた  #hololivedev_is #ホロライブ,2025-04-25T08:55:00Z,606968,29479,425
LxFIQtO6JM8,UCMGfV7TVTmHhEErVJg1oHBQ,홀로라이브,2023 데뷔,히오도시 아오,Hiodoshi Ao,読者へ、おもちゃです(？)２【火威青】 #hololivedev_is #ホロライブ #ReGLOSS #shorts,2025-04-22T03:00:31Z,256598,16059,394
do01sgStNGI,UCMGfV7TVTmHhEErVJg1oHBQ,홀로라이브,2023 데뷔,히오도시 아오,Hiodoshi Ao,超大先輩に自分のオリ曲その場で覚えさせて踊らせる新人【ごめんLove】#hololivedev_is #ホロライブ #火威青 #宝鐘マリン #cbf踊ってみた #ClubBlueFire,2025-04-20T10:58:24Z,1097267,57101,708
hTG77tXw4YA,UCMGfV7TVTmHhEErVJg1oHBQ,홀로라이브,2023 데뷔,히오도시 아오,Hiodoshi Ao,青マリちゃんスキキライ真似してみてね🫶【火威青×宝鐘マリン】#hololiveDEV_IS #ReGLOSS #ホロライブ #shorts,2025-04-18T09:55:00Z,362014,21922,311
a-tgbGYdj5Q,UCMGfV7TVTmHhEErVJg1oHBQ,홀로라이브,2023 데뷔,히오도시 아오,Hiodoshi Ao,【テトリス】足！長すぎるだろ！#踊ってみた  #hololivedev_is #ホロライブ,2025-04-11T08:55:00Z,494995,25822,404
2evMT8rz878,UCMGfV7TVTmHhEErVJg1oHBQ,홀로라이브,2023 데뷔,히오도시 아오,Hiodoshi Ao,【モエチャッカファイア】アニメMVイケメン女子がかっこよく #歌ってみた  #hololivedev_is #ホロライブ,2025-04-04T09:00:05Z,728043,38341,538
jhk2vesF0dI,UCMGfV7TVTmHhEErVJg1oHBQ,홀로라이브,2023 데뷔,히오도시 아오,Hiodoshi Ao,りぐろすちゃんがんばれ～！の舞【火威青】#hololiveDEV_IS #ReGLOSS #shorts,2025-03-30T08:55:00Z,353775,24762,406
NgqHWOHu20Q,UCMGfV7TVTmHhEErVJg1oHBQ,홀로라이브,2023 데뷔,히오도시 아오,Hiodoshi Ao,【モーション配布】ClubBlueFire踊ってみてね✨ #hololivedev_is #regloss #ホロライブ #オリジナル曲,2025-03-29T03:00:18Z,155493,13407,176
NljLleVR7VE,UCMGfV7TVTmHhEErVJg1oHBQ,홀로라이브,2023 데뷔,히오도시 아오,Hiodoshi Ao,パペットスンスンガチ勢の青マリでBUBBLEDANCE【火威青×宝鐘マリン】#hololiveDEV_IS #ReGLOSS #ホロライブ #shorts,2025-03-27T09:55:00Z,379322,31440,464
7lAmopysfOo,UCMGfV7TVTmHhEErVJg1oHBQ,홀로라이브,2023 데뷔,히오도시 아오,Hiodoshi Ao,読者へ、おもちゃです【火威青】#hololiveDEV_IS #ReGLOSS #shorts,2025-03-23T06:00:03Z,167933,18731,326
Qke26S1eZtA,UCMGfV7TVTmHhEErVJg1oHBQ,홀로라이브,2023 데뷔,히오도시 아오,Hiodoshi Ao,一旦フルが出ました #一旦ステイTONIGHT #いつでもどこでも一旦ステイ #踊ってみた #歌ってみた  #hololiveDEV_IS #ReGLOSS #shorts,2025-03-22T03:00:19Z,314473,27142,251
dFY9n8k2Iuk,UCMGfV7TVTmHhEErVJg1oHBQ,홀로라이브,2023 데뷔,히오도시 아오,Hiodoshi Ao,【歌ってみた/アニメMV】一旦ステイ TONIGHT【火威青】#hololiveDEV_IS #ReGLOSS,2025-03-21T13:00:06Z,1443268,63530,1538
tdds71h4qdQ,UCMGfV7TVTmHhEErVJg1oHBQ,홀로라이브,2023 데뷔,히오도시 아오,Hiodoshi Ao,ちょっとお休みをもらいます！！！！【火威青 】#hololiveDEV_IS #ReGLOSS,2025-03-21T11:57:54Z,669401,34496,2348
w9z26iTo06w,UCMGfV7TVTmHhEErVJg1oHBQ,홀로라이브,2023 데뷔,히오도시 아오,Hiodoshi Ao,【号泣】オリ曲より声真似ネタ動画が伸びてしまったVtuberの悲痛な叫び,2025-03-16T10:55:02Z,188199,15250,274
AcCARPOWTM0,UCMGfV7TVTmHhEErVJg1oHBQ,홀로라이브,2023 데뷔,히오도시 아오,Hiodoshi Ao,【PUBG MOBILE】コラボでドン活という名のシャンコをする！！！【火威青 】#hololiveDEV_IS #ReGLOSS,2025-03-15T14:17:35Z,36347,2643,30
AiFbjfZzips,UCMGfV7TVTmHhEErVJg1oHBQ,홀로라이브,2023 데뷔,히오도시 아오,Hiodoshi Ao,キミと僕のホワイトデー🎁💙【火威青 】#hololiveDEV_IS #ReGLOSS,2025-03-14T05:15:40Z,61327,4366,48
l1Fsrnpz6z8,UCMGfV7TVTmHhEErVJg1oHBQ,홀로라이브,2023 데뷔,히오도시 아오,Hiodoshi Ao,【雑魚w】みむかｩわナイストライかっこよく #歌ってみた  #hololivedev_is #ホロライブ,2025-03-11T09:55:00Z,567537,53788,1013
Ufzlc2vyhMI,UCMGfV7TVTmHhEErVJg1oHBQ,홀로라이브,2023 데뷔,히오도시 아오,Hiodoshi Ao,【 hololive 6th fes＆EXPO 】キミの王子様☆青くんDAY1Stage2 振り返り #hololivefesEXPO25 【火威青 】#hololiveDEV_IS #ReGLOSS,2025-03-08T22:25:45Z,59659,4550,60
plF-UCCBBq8,UCMGfV7TVTmHhEErVJg1oHBQ,홀로라이브,2023 데뷔,히오도시 아오,Hiodoshi Ao,ドラえもんのモノマネがうますぎる火威青 【火威青／白上フブキ】 #hololivedev_is #ホロライブ  #3d #夢を叶えてドラえもん #歌ってみた #踊ってみた #shorts,2025-03-07T08:55:00Z,3145689,134361,1570
32F-xDWe05U,UCMGfV7TVTmHhEErVJg1oHBQ,홀로라이브,2023 데뷔,히오도시 아오,Hiodoshi Ao,【歌ってみた】#一旦ステイTONIGHT 近々フルが出……… #いつでもどこでも一旦ステイ #踊ってみた #歌ってみた  #hololiveDEV_IS #ReGLOSS #shorts,2025-03-05T08:57:00Z,572873,43514,385
u9G0fCHtG9Y,UCMGfV7TVTmHhEErVJg1oHBQ,홀로라이브,2023 데뷔,히오도시 아오,Hiodoshi Ao,青くゆの子育て風景 #ホロライブ #hololivedev_is #漫画 #漫画動画,2025-03-04T08:55:00Z,1007080,70849,435
TlXs3DL84vA,UCWQtYtq9EOB4-I5P-3fh8lA,홀로라이브,2023 데뷔,오토노세 카나데,Otonose Kanade,【 君に100パーセント 】踊ってみた！【 音乃瀬奏 】#shorts #hololive #dance,2026-09-25T09:32:26Z,100214,9277,244
H2aWAx88QmI,UCWQtYtq9EOB4-I5P-3fh8lA,홀로라이브,2023 데뷔,오토노세 카나데,Otonose Kanade,【 Waterpark Simulator 】プールの経営だーっ！！！【音乃瀬奏】#ReGLOSS,2026-09-24T14:24:55Z,177275,5916,40
UCLliJRLf7U,UCWQtYtq9EOB4-I5P-3fh8lA,홀로라이브,2023 데뷔,오토노세 카나데,Otonose Kanade,【 歌枠 】どうやらシルバーウィーク最後の日だって？【音乃瀬奏】#ReGLOSS,2026-09-23T12:06:05Z,178483,7379,151
MC0vnm2gI1A,UCWQtYtq9EOB4-I5P-3fh8lA,홀로라이브,2023 데뷔,오토노세 카나데,Otonose Kanade,【 全部俺 】 『You & 合図』リレーダンスで踊ってみた！【 音乃瀬奏 】#shorts #hololive #dance,2026-09-23T09:49:37Z,250239,21305,386
FwMiFQjLbcA,UCWQtYtq9EOB4-I5P-3fh8lA,홀로라이브,2023 데뷔,오토노세 카나데,Otonose Kanade,【アカペラで】「Surges」歌ってみた【音乃瀬奏】#Shorts #vtuber,2026-09-22T14:35:04Z,107783,9843,186
s5qLT2GPTU8,UCWQtYtq9EOB4-I5P-3fh8lA,홀로라이브,2023 데뷔,오토노세 카나데,Otonose Kanade,【 雑談 】おしゃフェスたのしかったねぇ～【音乃瀬奏】#ReGLOSS,2026-09-22T11:22:25Z,166555,6224,89
np8BAtYLYMM,UCWQtYtq9EOB4-I5P-3fh8lA,홀로라이브,2023 데뷔,오토노세 카나데,Otonose Kanade,【アカペラで】「Surges」歌ってみた【音乃瀬奏】#Shorts #vtuber,2026-09-21T10:09:09Z,129081,10983,306
YjaoGmTvJvQ,UCWQtYtq9EOB4-I5P-3fh8lA,홀로라이브,2023 데뷔,오토노세 카나데,Otonose Kanade,「Surges」歌ってみたよ！！ #shorts #Surges #Orangestar,2026-09-20T09:58:35Z,49552,5263,102
K9S5Yf-CsNw,UCWQtYtq9EOB4-I5P-3fh8lA,홀로라이브,2023 데뷔,오토노세 카나데,Otonose Kanade,「Surges」歌ってみました～ #shorts #Surges #Orangestar,2026-09-19T10:58:07Z,97611,8733,153
aGCoecmKCoo,UCWQtYtq9EOB4-I5P-3fh8lA,홀로라이브,2023 데뷔,오토노세 카나데,Otonose Kanade,【 雑談 】このあとカバー動画が上がるんだって！【音乃瀬奏】#ReGLOSS,2026-09-19T09:45:28Z,126632,4760,51
o4SH9mJRIwU,UCWQtYtq9EOB4-I5P-3fh8lA,홀로라이브,2023 데뷔,오토노세 카나데,Otonose Kanade,「Surges」 - 音乃瀬奏（cover）,2026-09-19T09:00:06Z,764463,31567,1258
qUaYRV2kupA,UCWQtYtq9EOB4-I5P-3fh8lA,홀로라이브,2023 데뷔,오토노세 카나데,Otonose Kanade,【 歌枠 】奇襲！何歌おうかな～【音乃瀬奏】#ReGLOSS,2026-09-18T14:12:29Z,268133,9524,131
GUK3hlvh8lo,UCWQtYtq9EOB4-I5P-3fh8lA,홀로라이브,2023 데뷔,오토노세 카나데,Otonose Kanade,【 You & 合図 】とってもかわいい振付師さんと踊ってみた！💃W / wanpocola先生【 音乃瀬奏 】#shorts #hololive #音乃瀬奏,2026-09-17T11:48:31Z,480433,26872,320
Xpu0oy4B4KI,UCWQtYtq9EOB4-I5P-3fh8lA,홀로라이브,2023 데뷔,오토노세 카나데,Otonose Kanade,【 ホラゲー 】つぐのひ -天招ねく救いの糸-を遊んでみる！【音乃瀬奏】#ReGLOSS,2026-09-17T11:46:39Z,116134,4647,43
Kvw57XKgFMc,UCWQtYtq9EOB4-I5P-3fh8lA,홀로라이브,2023 데뷔,오토노세 카나데,Otonose Kanade,【 #ReGLOSS_1stLive 】9/28(月)18:00までBlu-ray販売中‼️‼️ #ReGLOSS,2026-09-16T14:27:28Z,102774,8261,128
yanfuJzkc4Y,UCWQtYtq9EOB4-I5P-3fh8lA,홀로라이브,2023 데뷔,오토노세 카나데,Otonose Kanade,【 SPAGHET 】カエラ先輩から送られた謎のゲームをやってみる【音乃瀬奏】#ReGLOSS,2026-09-16T14:26:53Z,189374,6127,62
9hcaPT2CqOY,UCWQtYtq9EOB4-I5P-3fh8lA,홀로라이브,2023 데뷔,오토노세 카나데,Otonose Kanade,【 心予報 】踊ってみた！【 音乃瀬奏 】#shorts #hololive #dance,2026-09-12T09:06:52Z,136500,12751,288
_xRh0pnzBlM,UCWQtYtq9EOB4-I5P-3fh8lA,홀로라이브,2023 데뷔,오토노세 카나데,Otonose Kanade,【 #わちゃわちゃカメレオン 】決して見つからない【音乃瀬奏】#ReGLOSS,2026-09-11T14:23:09Z,171843,5968,52
YYoaUJyC46A,UCWQtYtq9EOB4-I5P-3fh8lA,홀로라이브,2023 데뷔,오토노세 카나데,Otonose Kanade,『GREATEST』MV是非見てね✨ #音乃瀬奏 #GREATEST,2026-09-11T14:17:40Z,72792,7014,123
qIKZhOP1oWU,UCWQtYtq9EOB4-I5P-3fh8lA,홀로라이브,2023 데뷔,오토노세 카나데,Otonose Kanade,『GREATEST』MVの音符の様子が・・・？ #音乃瀬奏 #GREATEST,2026-09-10T12:19:24Z,142355,10144,174
Upeh0pC5kOA,UCWQtYtq9EOB4-I5P-3fh8lA,홀로라이브,2023 데뷔,오토노세 카나데,Otonose Kanade,【 雑談 】無事MV公開できました～【音乃瀬奏】#ReGLOSS,2026-09-10T12:07:31Z,103266,4835,81
3imggxNDnBA,UCWQtYtq9EOB4-I5P-3fh8lA,홀로라이브,2023 데뷔,오토노세 카나데,Otonose Kanade,『GREATEST』アニメーションMV公開中‼️是非見てね！ #音乃瀬奏 #GREATEST,2026-09-09T11:06:51Z,162089,14402,349
tL_lW4w4RxI,UCWQtYtq9EOB4-I5P-3fh8lA,홀로라이브,2023 데뷔,오토노세 카나데,Otonose Kanade,【 3周年 】重大告知アリ！思い出の切り抜き見よう～！【音乃瀬奏】#ReGLOSS,2026-09-09T10:59:29Z,252423,10128,184
PeitgWu6Yj8,UCWQtYtq9EOB4-I5P-3fh8lA,홀로라이브,2023 데뷔,오토노세 카나데,Otonose Kanade,音乃瀬奏 - GREATEST (Official MV),2026-09-09T10:55:06Z,1606529,69989,5533
6GyLNWfGvs8,UCWQtYtq9EOB4-I5P-3fh8lA,홀로라이브,2023 데뷔,오토노세 카나데,Otonose Kanade,【 Machine Party 】情破壊ゲーらしいけど大丈夫そう・・・？【音乃瀬奏】#ReGLOSS,2026-09-08T13:15:52Z,129110,4933,43
g924W6v9Vv8,UCWQtYtq9EOB4-I5P-3fh8lA,홀로라이브,2023 데뷔,오토노세 카나데,Otonose Kanade,【 #ロゼキャンARK 】ARKするん！【音乃瀬奏】#hololiveDEV_IS #ReGLOSS,2026-09-06T15:57:14Z,187282,6207,106
LCorMGn_KUw,UCWQtYtq9EOB4-I5P-3fh8lA,홀로라이브,2023 데뷔,오토노세 카나데,Otonose Kanade,【 #ロゼキャンARK 】ARKするん！【音乃瀬奏】#hololiveDEV_IS #ReGLOSS,2026-09-05T14:21:07Z,141522,5619,60
vPfzAPi0Kwg,UCWQtYtq9EOB4-I5P-3fh8lA,홀로라이브,2023 데뷔,오토노세 카나데,Otonose Kanade,【 Scritchy Scratchy #03 】スクラッチでお金稼ぎ！ウヒョー！！！【音乃瀬奏】#hololiveDEV_IS #ReGLOSS,2026-08-28T13:16:27Z,136845,4048,37
eOeMvjGGYoc,UCWQtYtq9EOB4-I5P-3fh8lA,홀로라이브,2023 데뷔,오토노세 카나데,Otonose Kanade,【 歌枠 】久しぶりの横型うた【音乃瀬奏】#hololiveDEV_IS #ReGLOSS,2026-08-27T11:02:27Z,223868,7827,129
nepNeM3X-BQ,UCWQtYtq9EOB4-I5P-3fh8lA,홀로라이브,2023 데뷔,오토노세 카나데,Otonose Kanade,【 Fast Food Simulator 】バイトを増やした #ホーローキング ～！【音乃瀬奏】#hololiveDEV_IS #ReGLOSS,2026-08-26T13:15:27Z,94543,5938,54
GqKDbMVANBA,UCtyWhCj3AqKh2dXctLkDtng,홀로라이브,2023 데뷔,이치죠 리리카,Ichijou Ririka,らでんちゃんは手が焼けるなぁ…ｗ 【#一条莉々華の限界飯】,2026-09-24T03:30:07Z,701840,15329,1294
RARzpMkQ4ak,UCtyWhCj3AqKh2dXctLkDtng,홀로라이브,2023 데뷔,이치죠 리리카,Ichijou Ririka,【番外編！？】激ムズクエストがあるらしい。 #ホロ7大豆劇場【一条莉々華/hololive DEV_IS ReGLOSS】,2026-09-23T15:49:57Z,135877,4186,61
2YeKfL58zew,UCtyWhCj3AqKh2dXctLkDtng,홀로라이브,2023 데뷔,이치죠 리리카,Ichijou Ririka,#ReGLOSS_1stLive #ReGLOSS 9/28(月)18:00までBlu-ray販売中！,2026-09-23T09:53:56Z,58109,4766,106
F_BDZf1mRN0,UCtyWhCj3AqKh2dXctLkDtng,홀로라이브,2023 데뷔,이치죠 리리카,Ichijou Ririka,晴れ女です（大雨）ICLで起こったおもろ話とか【一条莉々華/hololive ReGLOSS】,2026-09-21T14:35:45Z,93555,3935,106
xwFADxvMlQo,UCtyWhCj3AqKh2dXctLkDtng,홀로라이브,2023 데뷔,이치죠 리리카,Ichijou Ririka,【最終日】ゾンビたち、今までありがとう。 #ホロ7大豆劇場【一条莉々華/hololive DEV_IS ReGLOSS】,2026-09-19T15:37:22Z,96138,3856,66
o3z4AFu4N1E,UCtyWhCj3AqKh2dXctLkDtng,홀로라이브,2023 데뷔,이치죠 리리카,Ichijou Ririka,【ウォータースタンド】恋人候補が家に届いたので、検証します。ピュアライフS…❤【一条莉々華 / Regloss】,2026-09-19T12:07:55Z,96476,3185,62
a17zVwTPF2I,UCtyWhCj3AqKh2dXctLkDtng,홀로라이브,2023 데뷔,이치죠 리리카,Ichijou Ririka,【#ホロと祝う集英社100th】許斐剛先生×一条莉々華スペシャル対談後編　『新テニスの王子様』完結記念インタビュー！,2026-09-18T12:00:10Z,77527,2492,129
GrlqRvK_NBo,UCtyWhCj3AqKh2dXctLkDtng,홀로라이브,2023 데뷔,이치죠 리리카,Ichijou Ririka,【DAY13】ラストスパートのゾンビ村…！！！！ #ホロ7大豆劇場【一条莉々華/hololive ReGLOSS】,2026-09-17T13:56:05Z,186622,4979,78
mBns3fCug_4,UCtyWhCj3AqKh2dXctLkDtng,홀로라이브,2023 데뷔,이치죠 리리카,Ichijou Ririka,【#ししドリ杯】大会楽しむぞー！！✨おかゆ先輩とオリーと！！【一条莉々華/hololive ReGLOSS】,2026-09-14T14:03:41Z,137773,4288,87
yah8-pvkLPA,UCtyWhCj3AqKh2dXctLkDtng,홀로라이브,2023 데뷔,이치죠 리리카,Ichijou Ririka,#ししドリ杯　ホロドリ練習会！！！！【一条莉々華/hololive ReGLOSS】,2026-09-13T13:19:16Z,236874,5523,82
92Kybu_sepE,UCtyWhCj3AqKh2dXctLkDtng,홀로라이브,2023 데뷔,이치죠 리리카,Ichijou Ririka,カリスマックス、踊りました！！！！！！ #shorts #hololive,2026-09-12T08:59:14Z,102114,9746,312
9Nfr_fRjNH0,UCtyWhCj3AqKh2dXctLkDtng,홀로라이브,2023 데뷔,이치죠 리리카,Ichijou Ririka,私、逃げ足だけは速いです。初めてのめっちゃカメレオン！【一条莉々華/hololive ReGLOSS】,2026-09-11T12:45:50Z,92834,3964,78
O8pIzW2JVSw,UCtyWhCj3AqKh2dXctLkDtng,홀로라이브,2023 데뷔,이치죠 리리카,Ichijou Ririka,助けて！ポケチャン新環境きた✨パーティ構築してみたい！！！！【一条莉々華/hololive DEV_IS　ReGLOSS】,2026-09-10T14:50:45Z,240587,4503,73
F1PLQLDEyyM,UCtyWhCj3AqKh2dXctLkDtng,홀로라이브,2023 데뷔,이치죠 리리카,Ichijou Ririka,【Nintendo Direct同時視聴】何がくるかな！？楽しみ～～！！！【一条莉々華/hololive ReGLOSS】,2026-09-09T15:08:21Z,58434,2407,65
XGyLmhUPMyk,UCtyWhCj3AqKh2dXctLkDtng,홀로라이브,2023 데뷔,이치죠 리리카,Ichijou Ririka,【#一条莉々華3周年】マスコット化計画スターーーート！！！！【hololive ReGLOSS】,2026-09-09T13:07:48Z,200283,6750,130
VOtoiE4KfVQ,UCtyWhCj3AqKh2dXctLkDtng,홀로라이브,2023 데뷔,이치죠 리리카,Ichijou Ririka,あなたは、覚えていますか？【#一条莉々華3周年 #一条莉々華の限界飯】,2026-09-09T03:30:06Z,390731,11982,1193
PP5-L-fVm2U,UCtyWhCj3AqKh2dXctLkDtng,홀로라이브,2023 데뷔,이치죠 리리카,Ichijou Ririka,【#一条莉々華3周年】歌うよ🎵一緒に3周年を迎えてくれたら嬉しいな【hololive ReGLOSS】,2026-09-08T15:42:35Z,138090,6716,203
7Bkp3cHDY74,UCtyWhCj3AqKh2dXctLkDtng,홀로라이브,2023 데뷔,이치죠 리리카,Ichijou Ririka,【DAY8】襲撃かかってこ～～い！！！ #ホロ7大豆劇場【一条莉々華/hololive DEV_IS ReGLOSS】,2026-09-07T16:23:29Z,144917,4895,65
FD0uJQmpYd0,UCtyWhCj3AqKh2dXctLkDtng,홀로라이브,2023 데뷔,이치죠 리리카,Ichijou Ririka,もしもしー？聞こえてるー？ #shorts #hololive #踊ってみた,2026-09-05T09:00:36Z,91435,10114,255
t0saCRkvLI4,UCtyWhCj3AqKh2dXctLkDtng,홀로라이브,2023 데뷔,이치죠 리리카,Ichijou Ririka,私たち、友達だよね…？　#shorts #踊ってみた #hololive,2026-09-04T09:00:15Z,72551,7400,212
nf9Eim4H-fg,UCtyWhCj3AqKh2dXctLkDtng,홀로라이브,2023 데뷔,이치죠 리리카,Ichijou Ririka,はじまりの王者獲得後、くろこさんの教えを守れているのか？？検証してみた【一条莉々華/hololive DEV_IS　ReGLOSS】,2026-09-03T15:26:40Z,262468,4861,103
7eGP1D5Mxqg,UCtyWhCj3AqKh2dXctLkDtng,홀로라이브,2023 데뷔,이치죠 리리카,Ichijou Ririka,暴れてる時の私とどっちの方が怖いわけ！？つぐのひ -天招ねく救いの糸-【一条莉々華/hololive DEV_IS　ReGLOSS】,2026-09-02T14:22:29Z,107808,3805,92
24Bq-jOcBCM,UCtyWhCj3AqKh2dXctLkDtng,홀로라이브,2023 데뷔,이치죠 리리카,Ichijou Ririka,【DAY6】今日はチルチルDAYですか？？ #ホロ7大豆劇場【一条莉々華/hololive DEV_IS ReGLOSS】,2026-09-01T15:10:45Z,193675,5262,94
xdLK02zKGFc,UCtyWhCj3AqKh2dXctLkDtng,홀로라이브,2023 데뷔,이치죠 리리카,Ichijou Ririka,一人で回転ずしに行ける女です❤【一条莉々華/hololive DEV_IS　ReGLOSS】,2026-08-31T17:04:21Z,197108,6076,108
wfbwXjX0qFA,UCtyWhCj3AqKh2dXctLkDtng,홀로라이브,2023 데뷔,이치죠 리리카,Ichijou Ririka,SWEET STEP踊ったよ🎶　#shorts #hololive,2026-08-30T10:44:50Z,55008,5883,182
-WzQaRWgwJM,UCtyWhCj3AqKh2dXctLkDtng,홀로라이브,2023 데뷔,이치죠 리리카,Ichijou Ririka,私がカリスマです！！！！ #shorts #hololive,2026-08-29T11:28:48Z,121077,11313,283
SBLxHV1q_7k,UCtyWhCj3AqKh2dXctLkDtng,홀로라이브,2023 데뷔,이치죠 리리카,Ichijou Ririka,【ぷよテト】すいちゃん先輩、テトリスでも勝てますか？！！！！【一条莉々華/hololive DEV_IS ReGLOSS】,2026-08-29T07:43:14Z,373053,6918,64
olcTzXMmCj4,UCtyWhCj3AqKh2dXctLkDtng,홀로라이브,2023 데뷔,이치죠 리리카,Ichijou Ririka,【ぷよテト】マリン船長！プロの技教えてください！！！！【一条莉々華/hololive DEV_IS ReGLOSS】,2026-08-28T16:10:31Z,495521,8743,102
oRsqAE0v66A,UCtyWhCj3AqKh2dXctLkDtng,홀로라이브,2023 데뷔,이치죠 리리카,Ichijou Ririka,キッズのお守りなら、まかせてください✋ #ホーローバーガー【一条莉々華/hololive DEV_IS　ReGLOSS】,2026-08-26T13:23:47Z,98400,5437,70
EGVQ-I0GE_E,UCtyWhCj3AqKh2dXctLkDtng,홀로라이브,2023 데뷔,이치죠 리리카,Ichijou Ririka,【#ホロと祝う集英社100th】許斐剛先生×一条莉々華スペシャル対談前編　『新テニスの王子様』完結記念インタビュー！,2026-08-26T10:00:06Z,85217,4570,295
jqY8VhdkQMk,UCdXAk5MpyLD8594lm_OvtGQ,홀로라이브,2023 데뷔,쥬후테이 라덴,Juufuutei Raden,【同時視聴】#ねぽっくすday1ねぽらぼ×秘密結社holoXのイベントを一緒に楽しもう！【音乃瀬奏/儒烏風亭らでん/ホロライブ】,2026-09-26T11:05:38Z,259708,5166,51
Z7twB_NN3Yk,UCdXAk5MpyLD8594lm_OvtGQ,홀로라이브,2023 데뷔,쥬후테이 라덴,Juufuutei Raden,【#岡山城再建60周年】岡山城からの挑戦状、隠された謎を解け！【儒烏風亭らでん/ホロライブ】,2026-09-19T00:00:30Z,234437,17535,491
iaPFei9_944,UCdXAk5MpyLD8594lm_OvtGQ,홀로라이브,2023 데뷔,쥬후테이 라덴,Juufuutei Raden,【 #ReGLOSS_1stLive 】Blu-ray予約受付中！【儒烏風亭らでん #ReGLOSS 】,2026-09-15T08:30:11Z,46058,3986,92
s0w9IhtiLdE,UCdXAk5MpyLD8594lm_OvtGQ,홀로라이브,2023 데뷔,쥬후테이 라덴,Juufuutei Raden,【 #わちゃわちゃカメレオン 】かくれんぼの天才、カメらでんとはおれのこと【儒烏風亭らでん #ReGLOSS 】,2026-09-11T12:46:49Z,195159,5780,112
RMjNUNcCGmg,UCdXAk5MpyLD8594lm_OvtGQ,홀로라이브,2023 데뷔,쥬후테이 라덴,Juufuutei Raden,【 #らでんちゃん3周年 】ついに実現！奈良国立博物館さんの仏像館に潜入！仏像の見方紹介！！【儒烏風亭らでん /きら子 】,2026-09-10T15:02:27Z,235363,6673,182
E7cbFrX0xMY,UCdXAk5MpyLD8594lm_OvtGQ,홀로라이브,2023 데뷔,쥬후테이 라덴,Juufuutei Raden,【重大発表あり歌枠】デビュー3周年カウントダウン！でん同士に聞いた！らでんの歌ランキングベスト10を歌います！【儒烏風亭らでん #ReGLOSS 】,2026-09-09T15:46:04Z,154121,6733,283
AvQlyDZvnh4,UCdXAk5MpyLD8594lm_OvtGQ,홀로라이브,2023 데뷔,쥬후테이 라덴,Juufuutei Raden,【 #ミュージアムグッズプレゼン対決 】莉々華とミネルヴァさん（ヤマザキマリ先生）を満足させるのはどっちだ！大澤夏美さんvs儒烏風亭らでん【儒烏風亭らでん #ReGLOSS 】,2026-09-08T13:11:27Z,121157,4444,126
2SPSYjb-K7U,UCdXAk5MpyLD8594lm_OvtGQ,홀로라이브,2023 데뷔,쥬후테이 라덴,Juufuutei Raden,【喋る】もうすぐ3周年だってよ【一条莉々華/儒烏風亭らでん/音乃瀬奏/轟はじめ 】,2026-09-07T11:10:36Z,353057,11278,184
x9JQN4hvjzI,UCdXAk5MpyLD8594lm_OvtGQ,홀로라이브,2023 데뷔,쥬후테이 라덴,Juufuutei Raden,【深夜の推し語り】第三回目：今敏（アニメーション監督・漫画家）【儒烏風亭らでん/大童澄瞳/諸星めぐる】,2026-09-06T16:17:58Z,112090,3608,80
Upa7CvHAl5Y,UCdXAk5MpyLD8594lm_OvtGQ,홀로라이브,2023 데뷔,쥬후테이 라덴,Juufuutei Raden,【あつまれどうぶつの森】らでんvsつねきち再戦……！！【儒烏風亭らでん #ReGLOSS 】,2026-09-05T09:04:45Z,189283,5444,117
Ch_s7aIVHHo,UCdXAk5MpyLD8594lm_OvtGQ,홀로라이브,2023 데뷔,쥬후테이 라덴,Juufuutei Raden,【 #喫茶barにこらでん 】お片付けしながら器紹介＆実験！【儒烏風亭らでん/虎金妃笑虎】,2026-09-04T10:05:30Z,201397,7016,149
9eOxA0i09EA,UCdXAk5MpyLD8594lm_OvtGQ,홀로라이브,2023 데뷔,쥬후테이 라덴,Juufuutei Raden,【 #喫茶barにこらでん 】リアル凸待ち！器とコーヒーとお酒のお店、オープン！【儒烏風亭らでん/虎金妃笑虎】,2026-09-03T12:54:37Z,657064,17978,289
me2kMjrIJYU,UCdXAk5MpyLD8594lm_OvtGQ,홀로라이브,2023 데뷔,쥬후테이 라덴,Juufuutei Raden,【Coffee Talk Tokyo】#5 残暑の喫茶で入道雲のラテアート【儒烏風亭らでん】,2026-09-01T15:36:00Z,140958,5460,76
Gk1DzbLPo30,UCdXAk5MpyLD8594lm_OvtGQ,홀로라이브,2023 데뷔,쥬후테이 라덴,Juufuutei Raden,【雑談】最近のいろいろ＋3周年企画ウィーク発表！？！？【儒烏風亭らでん #ReGLOSS 】,2026-08-31T14:27:55Z,171417,6784,174
UZjSpAI9oWA,UCdXAk5MpyLD8594lm_OvtGQ,홀로라이브,2023 데뷔,쥬후테이 라덴,Juufuutei Raden,【らでん自習室】2026年夏休み最後！8月31日10:00~11:00 【儒烏風亭らでん/ReGLOSS】,2026-08-31T02:23:23Z,74196,3263,63
9lx8GlofcjA,UCdXAk5MpyLD8594lm_OvtGQ,홀로라이브,2023 데뷔,쥬후테이 라덴,Juufuutei Raden,【#らでんのラジオ 】第40回特別版！ミュージアムグッズについて語ろう！ゲスト：大澤夏美さん【儒烏風亭らでん #ReGLOSS 】,2026-08-30T11:07:14Z,112366,4105,102
7-YhFSgO0GY,UCdXAk5MpyLD8594lm_OvtGQ,홀로라이브,2023 데뷔,쥬후테이 라덴,Juufuutei Raden,【辛いもの同好会】ご飯に合うもの編！みんなのおすすめの辛い物をいただきます！【儒烏風亭らでん #ReGLOSS 】,2026-08-27T11:04:04Z,895630,17685,341
xKvAt5YkBw4,UCdXAk5MpyLD8594lm_OvtGQ,홀로라이브,2023 데뷔,쥬후테이 라덴,Juufuutei Raden,【 #らでんと美術鑑賞 】第二回うちのやきものはこちらでん！視聴者投稿を見よう！【儒烏風亭らでん #ReGLOSS 】,2026-08-22T14:49:44Z,70696,5090,116
Bygmt6vk6Jw,UCdXAk5MpyLD8594lm_OvtGQ,홀로라이브,2023 데뷔,쥬후테이 라덴,Juufuutei Raden,【Coffee Talk Tokyo】#4 お困りごとなら抹茶はいかが？【儒烏風亭らでん】,2026-08-20T16:50:45Z,49525,4220,94
VeI3s6C2Hss,UCdXAk5MpyLD8594lm_OvtGQ,홀로라이브,2023 데뷔,쥬후테이 라덴,Juufuutei Raden,【らでん自習室】8月20日10:00~11:00 【儒烏風亭らでん/ReGLOSS】,2026-08-20T02:44:39Z,33602,2949,56
rEU515ZQS4U,UCdXAk5MpyLD8594lm_OvtGQ,홀로라이브,2023 데뷔,쥬후테이 라덴,Juufuutei Raden,【#クランド】コラボ日本酒「宵噺」発売決定！【儒烏風亭らでん #ReGLOSS 】,2026-08-19T11:13:18Z,59469,5481,200
SEFSWp86qII,UCdXAk5MpyLD8594lm_OvtGQ,홀로라이브,2023 데뷔,쥬후테이 라덴,Juufuutei Raden,【らでん自習室】8月19日10:00~11:00 【儒烏風亭らでん/ReGLOSS】,2026-08-19T02:51:29Z,27559,2728,56
nMXf3tZpSUI,UCdXAk5MpyLD8594lm_OvtGQ,홀로라이브,2023 데뷔,쥬후테이 라덴,Juufuutei Raden,【雑談】ロケからただいま！重大発表がありました！【儒烏風亭らでん #ReGLOSS 】,2026-08-18T15:07:28Z,56883,5217,153
9ahXyCGkx7w,UCdXAk5MpyLD8594lm_OvtGQ,홀로라이브,2023 데뷔,쥬후테이 라덴,Juufuutei Raden,【切り抜き】喋りがおじさんすぎて水曜どうでしょうになる儒烏風亭らでんをさらに水曜どうでしょうに寄せた動画,2026-08-18T08:00:24Z,127351,9522,598
7_vgBUu9Gvc,UCdXAk5MpyLD8594lm_OvtGQ,홀로라이브,2023 데뷔,쥬후테이 라덴,Juufuutei Raden,"【配信切り抜き】ゴッホの名画に""入ったら""驚きが止まらなかった【儒烏風亭らでん】#Skyゴッホ #shorts",2026-08-14T03:00:04Z,217976,8714,227
HJB0-Xf_Vto,UCdXAk5MpyLD8594lm_OvtGQ,홀로라이브,2023 데뷔,쥬후테이 라덴,Juufuutei Raden,【らでん自習室】8月8日10:00~11:00 【儒烏風亭らでん/ReGLOSS】,2026-08-08T02:56:23Z,31067,3074,69
_-pHFzBwKek,UCdXAk5MpyLD8594lm_OvtGQ,홀로라이브,2023 데뷔,쥬후테이 라덴,Juufuutei Raden,【晩酌雑談】夏だ飲もう！日本酒「螺鈿同士　ことのは」【儒烏風亭らでん #ReGLOSS 】,2026-08-07T16:11:51Z,58800,5156,145
4GvHpgW7OXE,UCdXAk5MpyLD8594lm_OvtGQ,홀로라이브,2023 데뷔,쥬후테이 라덴,Juufuutei Raden,【# Lucky Loud】Lucky Loud solo ver.【儒烏風亭らでん #ReGLOSS 】,2026-08-06T09:19:38Z,135686,10372,277
aiPtAB66Eb4,UCdXAk5MpyLD8594lm_OvtGQ,홀로라이브,2023 데뷔,쥬후테이 라덴,Juufuutei Raden,【らでん自習室】8月6日10:00~11:00 【儒烏風亭らでん/ReGLOSS】,2026-08-06T02:33:36Z,33370,3210,64
h6TTIgm4ThA,UCdXAk5MpyLD8594lm_OvtGQ,홀로라이브,2023 데뷔,쥬후테이 라덴,Juufuutei Raden,【 博物ふぇすてぃばる！ 】博フェスで何買った！？購入品を紹介します！【儒烏風亭らでん #ReGLOSS 】,2026-08-05T13:40:01Z,60743,4670,108
KPetUvz5R1s,UC1iA6_NT4mtAcIII6ygrvCw,홀로라이브,2023 데뷔,토도로키 하지메,Todoroki Hajime,【あつまれどうぶつの森】くる...きっとくるもん...現在277連中【轟はじめ/ReGLOSS】,2026-09-26T11:40:55Z,135490,4617,74
wnF3DJKHUJg,UC1iA6_NT4mtAcIII6ygrvCw,홀로라이브,2023 데뷔,토도로키 하지메,Todoroki Hajime,リズムでだるまさんが転んだReGLOSS【轟はじめ】#shorts #gowild,2026-09-25T08:00:24Z,140453,12222,256
rFKkevuhoNw,UC1iA6_NT4mtAcIII6ygrvCw,홀로라이브,2023 데뷔,토도로키 하지메,Todoroki Hajime,Tik Tak Tok 巻いて Bring & Bang & Born【轟はじめ】#shorts #フォーモ,2026-09-24T08:00:07Z,59014,7260,199
aAiOJdrP-hs,UC1iA6_NT4mtAcIII6ygrvCw,홀로라이브,2023 데뷔,토도로키 하지메,Todoroki Hajime,振付師が「フォーモ」サビ後半踊ってみた【轟はじめ】#shorts #dance,2026-09-23T08:00:03Z,72071,7207,185
mv7JwusdSH4,UC1iA6_NT4mtAcIII6ygrvCw,홀로라이브,2023 데뷔,토도로키 하지메,Todoroki Hajime,【バイオハザード5】完全初見でいくバイオ５ラストまで！ 【轟はじめ/ReGLOSS】※配信内容にネタバレを含みます,2026-09-22T18:47:30Z,273319,7053,92
IxXxPhUBvfI,UC1iA6_NT4mtAcIII6ygrvCw,홀로라이브,2023 데뷔,토도로키 하지메,Todoroki Hajime,みにばんちょーによるフォーモ【轟はじめ】#shorts #vtuber,2026-09-22T08:00:15Z,73594,8440,239
lEaa6y_GhNA,UC1iA6_NT4mtAcIII6ygrvCw,홀로라이브,2023 데뷔,토도로키 하지메,Todoroki Hajime,【バイオハザード5】完全初見でいくバイオ５おおおお 【轟はじめ/ReGLOSS】※配信内容にネタバレを含みます,2026-09-21T15:54:40Z,244710,6758,84
2nytRZFNJdo,UC1iA6_NT4mtAcIII6ygrvCw,홀로라이브,2023 데뷔,토도로키 하지메,Todoroki Hajime,東京真中-フォーモ/振付師が踊ってみた【轟はじめ】#shorts #dance,2026-09-21T08:00:33Z,96412,8720,181
g3XDlsGUU8w,UC1iA6_NT4mtAcIII6ygrvCw,홀로라이브,2023 데뷔,토도로키 하지메,Todoroki Hajime,【R.E.P.O.】ひさしぶりのREPO！はじめ視点【轟はじめ/ReGLOSS】,2026-09-19T15:26:56Z,114852,4446,59
P3rUewNxjwQ,UC1iA6_NT4mtAcIII6ygrvCw,홀로라이브,2023 데뷔,토도로키 하지메,Todoroki Hajime,しおざきわんだーらんど踊ってみた【轟はじめ】#shorts #vtuber,2026-09-19T09:09:49Z,89301,8106,199
O-MkJAFo9Ig,UC1iA6_NT4mtAcIII6ygrvCw,홀로라이브,2023 데뷔,토도로키 하지메,Todoroki Hajime,【雑談】新曲のおはなしとか新人ちゃんとか【轟はじめ/ReGLOSS】,2026-09-18T14:23:22Z,125400,4959,89
8AoPL2E0cyM,UC1iA6_NT4mtAcIII6ygrvCw,홀로라이브,2023 데뷔,토도로키 하지메,Todoroki Hajime,だるまさんが転んだGo Wild【轟はじめ】#shorts #vtuber #gowild,2026-09-18T08:00:15Z,424292,28112,374
G_OrYxfcfCs,UC1iA6_NT4mtAcIII6ygrvCw,홀로라이브,2023 데뷔,토도로키 하지메,Todoroki Hajime,巨万の富が言えないばんちょー【轟はじめ】 #shorts,2026-09-17T08:00:15Z,197883,17060,340
6fUlO6WysIo,UC1iA6_NT4mtAcIII6ygrvCw,홀로라이브,2023 데뷔,토도로키 하지메,Todoroki Hajime,【ほの暮しの庭】#08 メインストーリ―最終回...！？ほのぼのスローライフ※ネタバレ含みます【轟はじめ/ReGLOSS】,2026-09-16T19:56:39Z,198814,5559,66
O_Ao660Npww,UC1iA6_NT4mtAcIII6ygrvCw,홀로라이브,2023 데뷔,토도로키 하지메,Todoroki Hajime,【ほの暮しの庭】#07 ほのぼのスローライフ※ネタバレ含みます【轟はじめ/ReGLOSS】,2026-09-15T20:00:32Z,167047,5616,54
EhgeX6dSJlU,UC1iA6_NT4mtAcIII6ygrvCw,홀로라이브,2023 데뷔,토도로키 하지메,Todoroki Hajime,高速ステップ🕺✨練習してみてね！【轟はじめ】#shorts #dance,2026-09-13T08:01:10Z,270145,18112,271
imGe2fx8q_k,UC1iA6_NT4mtAcIII6ygrvCw,홀로라이브,2023 데뷔,토도로키 하지메,Todoroki Hajime,高速ステップ🕺✨GoWild踊ってみてね【轟はじめ】#shorts #dance,2026-09-12T08:00:16Z,551509,36962,466
GoAvc5jXoX8,UC1iA6_NT4mtAcIII6ygrvCw,홀로라이브,2023 데뷔,토도로키 하지메,Todoroki Hajime,【#わちゃわちゃカメレオン】かくれんぼの天才、隠れん坊とはおれのこと【轟はじめ/ReGLOSS】,2026-09-11T12:45:52Z,124943,4660,76
Aa_iC4fp5NI,UC1iA6_NT4mtAcIII6ygrvCw,홀로라이브,2023 데뷔,토도로키 하지메,Todoroki Hajime,振付した『GoWild』踊ってみた【轟はじめ】#shorts #dance #vtuber,2026-09-11T08:00:37Z,303827,19239,318
mfh4XCpk8WI,UC1iA6_NT4mtAcIII6ygrvCw,홀로라이브,2023 데뷔,토도로키 하지메,Todoroki Hajime,【＃轟はじめ3周年】初ホロ切り抜き鑑賞会！新曲も出るよ✨【轟はじめ/ReGLOSS】,2026-09-10T11:01:06Z,155842,6880,149
BmD3Sh0Gg2U,UC1iA6_NT4mtAcIII6ygrvCw,홀로라이브,2023 데뷔,토도로키 하지메,Todoroki Hajime,新曲MVがでたよ ~！！⚡️みんなでLet's dance！🕺【轟はじめ】#shorts #dance,2026-09-10T11:00:18Z,369411,29724,514
UIQU8WKBwZA,UC1iA6_NT4mtAcIII6ygrvCw,홀로라이브,2023 데뷔,토도로키 하지메,Todoroki Hajime,【Original】Go Wild/轟はじめ【Official MV】,2026-09-10T10:55:06Z,1454400,49015,2142
3wSKq145owQ,UC1iA6_NT4mtAcIII6ygrvCw,홀로라이브,2023 데뷔,토도로키 하지메,Todoroki Hajime,【＃轟はじめ3周年】最近のことをお話ししながら3周年迎えよ！【轟はじめ/ReGLOSS】,2026-09-09T17:22:02Z,159923,6596,165
ahx6IkYNWho,UC1iA6_NT4mtAcIII6ygrvCw,홀로라이브,2023 데뷔,토도로키 하지메,Todoroki Hajime,【SPAGHET】リオナたんから残暑見舞いにスパゲッティもらったから食べヨ【轟はじめ/ReGLOSS】,2026-09-08T14:17:01Z,125099,5145,89
dYuhp36sap4,UC1iA6_NT4mtAcIII6ygrvCw,홀로라이브,2023 데뷔,토도로키 하지메,Todoroki Hajime,How tall Are You?【轟はじめ】#shorts #vtuber,2026-09-07T08:00:36Z,494972,34838,553
seq7NaNdpb4,UC1iA6_NT4mtAcIII6ygrvCw,홀로라이브,2023 데뷔,토도로키 하지메,Todoroki Hajime,【 #ロゼキャンARK】DAY3【轟はじめ】,2026-09-06T16:06:27Z,113938,5166,67
9eQLPkRmhik,UC1iA6_NT4mtAcIII6ygrvCw,홀로라이브,2023 데뷔,토도로키 하지메,Todoroki Hajime,【 #ロゼキャンARK】新しい恐竜さんとの出会いっ♪【轟はじめ】,2026-09-05T15:32:11Z,137460,5110,56
V2mrczw0E9w,UC1iA6_NT4mtAcIII6ygrvCw,홀로라이브,2023 데뷔,토도로키 하지메,Todoroki Hajime,【 #ロゼキャンARK】恐竜さんまってろー！！！【轟はじめ】,2026-09-04T15:38:13Z,190174,6880,63
W8xA-3b8JF4,UC1iA6_NT4mtAcIII6ygrvCw,홀로라이브,2023 데뷔,토도로키 하지메,Todoroki Hajime,【アソビ大全】ルーナ先輩と初タイマン【轟はじめ/姫森ルーナ】#呼び出しばんちょー,2026-09-02T11:06:51Z,398061,11449,254
cNUHuMkR13Q,UC1iA6_NT4mtAcIII6ygrvCw,홀로라이브,2023 데뷔,토도로키 하지메,Todoroki Hajime,【ほの暮しの庭】#06 秋中旬～ほのぼのスローライフ※ネタバレ含みます【轟はじめ/ReGLOSS】,2026-08-31T18:38:21Z,184388,5753,46
irQJXxa33xs,UCW5uhrG1eCBYditmhL0Ykjw,홀로라이브,2024 데뷔,엘리자베스 로즈 블러드플레임,Elizabeth Rose Bloodflame,🎵 Cover | Above Below ~ Music Box Lullaby Version  | 💄,2026-09-24T00:15:08Z,195827,14978,596
QIZl-tW3CvU,UCW5uhrG1eCBYditmhL0Ykjw,홀로라이브,2024 데뷔,엘리자베스 로즈 블러드플레임,Elizabeth Rose Bloodflame,🔴LIVE |【CASUAL OUTFIT REVEAL】 一緒にまったりしよ〜？ | #CasualLiz💄,2026-09-24T00:12:53Z,277419,14977,187
IjcTCXDBuWY,UCW5uhrG1eCBYditmhL0Ykjw,홀로라이브,2024 데뷔,엘리자베스 로즈 블러드플레임,Elizabeth Rose Bloodflame,Such beautiful flowers !!! The FRIGGGG ?!?! 0w0,2026-09-14T13:00:14Z,81047,9495,144
MOjT8edxMaw,UCW5uhrG1eCBYditmhL0Ykjw,홀로라이브,2024 데뷔,엘리자베스 로즈 블러드플레임,Elizabeth Rose Bloodflame,【 TOMODACHI LIFE】Big Miilord Island Episode 4 ~! 💄#ad,2026-08-31T22:04:48Z,92227,4525,62
BG1PnrEgNMY,UCW5uhrG1eCBYditmhL0Ykjw,홀로라이브,2024 데뷔,엘리자베스 로즈 블러드플레임,Elizabeth Rose Bloodflame,🛡🌹 Rosarian Common Room ❤️ Community Hangout 🌹 🛡,2026-08-31T14:31:06Z,0,651,0
NZozMxJTKfM,UCW5uhrG1eCBYditmhL0Ykjw,홀로라이브,2024 데뷔,엘리자베스 로즈 블러드플레임,Elizabeth Rose Bloodflame,🔴LIVE |【FINAL FANTASY XIV Online】Passion for GREMSARIAN FASHION🌱 | #ad 💄👧 (Spoiler Alert),2026-08-30T00:45:55Z,134671,5618,78
qKK0KHjTM5Q,UCW5uhrG1eCBYditmhL0Ykjw,홀로라이브,2024 데뷔,엘리자베스 로즈 블러드플레임,Elizabeth Rose Bloodflame,Check Out Enough! Check Out Enough! Check Out Enough!,2026-08-28T13:00:11Z,75817,8088,128
v4zykMeq8Yc,UCW5uhrG1eCBYditmhL0Ykjw,홀로라이브,2024 데뷔,엘리자베스 로즈 블러드플레임,Elizabeth Rose Bloodflame,【Valorant】I miss pew pew .... I also miss .... no expectations 💄,2026-08-27T01:06:30Z,58216,5349,37
n-1RBIIkj9A,UCW5uhrG1eCBYditmhL0Ykjw,홀로라이브,2024 데뷔,엘리자베스 로즈 블러드플레임,Elizabeth Rose Bloodflame,Sprout listens to FFXIV tales from an old gamer #ad,2026-08-20T02:06:40Z,20474,2374,157
tkc2yGIxutw,UCW5uhrG1eCBYditmhL0Ykjw,홀로라이브,2024 데뷔,엘리자베스 로즈 블러드플레임,Elizabeth Rose Bloodflame,Sakimidare Apparade DANCE「サキミダレアッパレード♪」,2026-08-19T13:00:11Z,34014,5418,138
gs8rtwzP4qE,UCW5uhrG1eCBYditmhL0Ykjw,홀로라이브,2024 데뷔,엘리자베스 로즈 블러드플레임,Elizabeth Rose Bloodflame,LOVE MISSION♡ DANCE,2026-08-11T14:00:34Z,42561,7365,167
SlcmjzBIkDM,UCW5uhrG1eCBYditmhL0Ykjw,홀로라이브,2024 데뷔,엘리자베스 로즈 블러드플레임,Elizabeth Rose Bloodflame,【Kingdom Co-Working】Focus with me 💄,2026-08-07T02:44:41Z,40906,4475,49
NdN7XnxrRyE,UCW5uhrG1eCBYditmhL0Ykjw,홀로라이브,2024 데뷔,엘리자베스 로즈 블러드플레임,Elizabeth Rose Bloodflame,Senpai Photo Tour in #holodori,2026-08-03T14:45:37Z,38454,5204,114
RNROdqy1XDM,UCW5uhrG1eCBYditmhL0Ykjw,홀로라이브,2024 데뷔,엘리자베스 로즈 블러드플레임,Elizabeth Rose Bloodflame,🔴LIVE |【FINAL FANTASY XIV Online】Gold Saucer? 🌱 | #ad 💄👧(Spoiler Alert),2026-07-30T22:35:11Z,52859,4873,59
0Wlpgew0oZw,UCW5uhrG1eCBYditmhL0Ykjw,홀로라이브,2024 데뷔,엘리자베스 로즈 블러드플레임,Elizabeth Rose Bloodflame,【SCARLET SIDE QUEST】Serendipity Yap ~! 💄,2026-07-25T00:41:12Z,49235,6024,51
TncdlYrCyow,UCW5uhrG1eCBYditmhL0Ykjw,홀로라이브,2024 데뷔,엘리자베스 로즈 블러드플레임,Elizabeth Rose Bloodflame,Big Sister Elizabeth ♡,2026-07-10T13:00:09Z,48138,6411,142
9kfyX_S0EZ4,UCW5uhrG1eCBYditmhL0Ykjw,홀로라이브,2024 데뷔,엘리자베스 로즈 블러드플레임,Elizabeth Rose Bloodflame,Serendipity【Dance Cover】- Elizabeth Rose Bloodflame #shorts #holoSerendipity,2026-07-01T13:00:38Z,53833,7299,145
PNvwh2lj_5w,UCW5uhrG1eCBYditmhL0Ykjw,홀로라이브,2024 데뷔,엘리자베스 로즈 블러드플레임,Elizabeth Rose Bloodflame,【MECCHA CHAMELEON】Chill Arts WITH HOLOLIVE EN ? ~! 💄,2026-06-30T02:45:55Z,67740,6657,74
ypRMJ19Xsfk,UCW5uhrG1eCBYditmhL0Ykjw,홀로라이브,2024 데뷔,엘리자베스 로즈 블러드플레임,Elizabeth Rose Bloodflame,Roses of #Bloodraven shall never wither! Join us at the #holoSerendipity concert TOGETHER! 💄🎼 ✨,2026-06-29T22:10:00Z,214018,27170,602
6oONd7NG5Mo,UCW5uhrG1eCBYditmhL0Ykjw,홀로라이브,2024 데뷔,엘리자베스 로즈 블러드플레임,Elizabeth Rose Bloodflame,【WATCHALONG】Justice 2nd Anniversary Live: How to Protect JUSTICE! ~! 💄👧🍵🐱,2026-06-28T20:01:21Z,52284,5636,80
jJFEMT7r9Zs,UCW5uhrG1eCBYditmhL0Ykjw,홀로라이브,2024 데뷔,엘리자베스 로즈 블러드플레임,Elizabeth Rose Bloodflame,【JUSTICE JAMS】The Jackbox Party Pack 8 ~! 💄👧🍵🐱,2026-06-26T21:46:59Z,93688,8322,91
d0MCMEHJ4Eo,UCW5uhrG1eCBYditmhL0Ykjw,홀로라이브,2024 데뷔,엘리자베스 로즈 블러드플레임,Elizabeth Rose Bloodflame,【SCARLET SIDE QUEST】Valorant  Masters Yap ~! 💄,2026-06-25T23:16:19Z,31890,4283,45
Y8Vni2s3epM,UCW5uhrG1eCBYditmhL0Ykjw,홀로라이브,2024 데뷔,엘리자베스 로즈 블러드플레임,Elizabeth Rose Bloodflame,【BURGLIN' GNOMES】Come hither we have a COOL announcement ~! 💄👧🍵🐱,2026-06-18T22:13:41Z,59222,6664,72
cRRFdgxCOgg,UCW5uhrG1eCBYditmhL0Ykjw,홀로라이브,2024 데뷔,엘리자베스 로즈 블러드플레임,Elizabeth Rose Bloodflame,🔴LIVE |【FINAL FANTASY XIV Online】My first day as a sprout 🌱 | #ad 💄👧 (Spoiler Alert),2026-06-14T22:19:27Z,76416,7353,143
5Yth4ePvmYI,UCW5uhrG1eCBYditmhL0Ykjw,홀로라이브,2024 데뷔,엘리자베스 로즈 블러드플레임,Elizabeth Rose Bloodflame,[DANCE CAM] Koini Ochite Fall In Love | #erbday2026,2026-06-10T10:00:30Z,18698,2130,114
PBOXHzxl3oU,UCW5uhrG1eCBYditmhL0Ykjw,홀로라이브,2024 데뷔,엘리자베스 로즈 블러드플레임,Elizabeth Rose Bloodflame,LOOK WHAT SHACHOU DREW ME!!! Sentenced To Be A Hero ! Huzzah !,2026-06-04T10:00:16Z,132180,21559,350
6HUbJshXMAI,UCW5uhrG1eCBYditmhL0Ykjw,홀로라이브,2024 데뷔,엘리자베스 로즈 블러드플레임,Elizabeth Rose Bloodflame,【ENigmatic Recollection】Broken Bonds EP 6 (Finale) | Lady Bloodflame Roleplay POV 💄,2026-05-30T03:58:02Z,37481,4013,96
FzangfLML4E,UCW5uhrG1eCBYditmhL0Ykjw,홀로라이브,2024 데뷔,엘리자베스 로즈 블러드플레임,Elizabeth Rose Bloodflame,【ENigmatic Recollection】Broken Bonds EP 5.5 | Lady Bloodflame Roleplay POV 💄,2026-05-29T07:38:36Z,47094,4503,43
8J7aGAe42EE,UCW5uhrG1eCBYditmhL0Ykjw,홀로라이브,2024 데뷔,엘리자베스 로즈 블러드플레임,Elizabeth Rose Bloodflame,【ENigmatic Recollection】Broken Bonds EP 5 | Lady Bloodflame Roleplay POV 💄,2026-05-29T04:10:22Z,31144,3650,47
HEWSty8elxo,UCW5uhrG1eCBYditmhL0Ykjw,홀로라이브,2024 데뷔,엘리자베스 로즈 블러드플레임,Elizabeth Rose Bloodflame,【ENigmatic Recollection】Broken Bonds EP 4 | Lady Bloodflame Roleplay POV 💄,2026-05-28T05:33:38Z,49703,4643,71
B6q-96i0raE,UCDHABijvPBnJm7F-KlNME3w,홀로라이브,2024 데뷔,기기 뮤린,Gigi Murin,【CASUAL OUTFIT REVEAL】silly hat SILLIER OUTFIT REVEAL?? #CasualGigi,2026-09-25T23:25:05Z,285618,14395,344
r6V7HgcTn9k,UCDHABijvPBnJm7F-KlNME3w,홀로라이브,2024 데뷔,기기 뮤린,Gigi Murin,"【SC KETCHUP】septem,ber",2026-09-15T01:30:25Z,118175,4758,78
ZIAzbhfrlZ8,UCDHABijvPBnJm7F-KlNME3w,홀로라이브,2024 데뷔,기기 뮤린,Gigi Murin,【TRAILS IN THE SKY: 1ST CHAPTER】jotchua,2026-09-14T04:54:12Z,135468,5527,49
kanIJzlH_R0,UCDHABijvPBnJm7F-KlNME3w,홀로라이브,2024 데뷔,기기 뮤린,Gigi Murin,【BOMBANA】SEE NO EVIL HEAR NO EVIL SQUEEZE NO EVIL,2026-09-10T15:25:26Z,200078,8127,123
T--YI-3MavA,UCDHABijvPBnJm7F-KlNME3w,홀로라이브,2024 데뷔,기기 뮤린,Gigi Murin,【StarSavior】1 MOMMY AND A MAIN STORY UPDATE!! #ad,2026-09-06T00:10:31Z,87779,3836,33
_eTH4I71o30,UCDHABijvPBnJm7F-KlNME3w,홀로라이브,2024 데뷔,기기 뮤린,Gigi Murin,【SPAGHET】born to frolic forced to spaghet,2026-09-05T04:07:33Z,244995,10155,116
Pn6BLF2jERo,UCDHABijvPBnJm7F-KlNME3w,홀로라이브,2024 데뷔,기기 뮤린,Gigi Murin,【BIG WALK】the real prize is the journey of the big walk,2026-09-04T03:32:49Z,105032,5006,63
vYaNze91YGA,UCDHABijvPBnJm7F-KlNME3w,홀로라이브,2024 데뷔,기기 뮤린,Gigi Murin,【TRAILS IN THE SKY: 1ST CHAPTER】finally..........two party members....,2026-09-03T05:39:45Z,161035,5527,44
3CLeVKWPjaA,UCDHABijvPBnJm7F-KlNME3w,홀로라이브,2024 데뷔,기기 뮤린,Gigi Murin,【FINAL FANTASY XIV】GREMSARIAN FASHION SHOW!!! #ad,2026-08-30T00:49:34Z,165381,5320,64
Gfte9A0gxnI,UCDHABijvPBnJm7F-KlNME3w,홀로라이브,2024 데뷔,기기 뮤린,Gigi Murin,Teaching My Adopted Sprout All Things Glamour #ad,2026-08-29T10:22:00Z,74560,3197,138
7oGrgYDaVIY,UCDHABijvPBnJm7F-KlNME3w,홀로라이브,2024 데뷔,기기 뮤린,Gigi Murin,【TRAILS IN THE SKY: 1ST CHAPTER】FINALLY 4 PARTY MEMBERS!!!,2026-08-29T05:17:19Z,173766,5465,44
9C7KUPZG5bs,UCDHABijvPBnJm7F-KlNME3w,홀로라이브,2024 데뷔,기기 뮤린,Gigi Murin,LET’S SING「サキミダレアッパレード♪」 #vtuber #hololive,2026-08-28T07:55:52Z,48104,5600,131
WvZgGU_71Yc,UCDHABijvPBnJm7F-KlNME3w,홀로라이브,2024 데뷔,기기 뮤린,Gigi Murin,【GIRLS' FRONTLINE 2: EXILIUM】the most desirable commander in the world meeting some cuties,2026-08-27T15:25:36Z,111467,5561,81
Zh2t42No7lo,UCDHABijvPBnJm7F-KlNME3w,홀로라이브,2024 데뷔,기기 뮤린,Gigi Murin,REVEALING A JUSTICE POP-UP COLLABORATION?!,2026-08-27T01:45:16Z,71227,5397,84
Swe4Nnee1gs,UCDHABijvPBnJm7F-KlNME3w,홀로라이브,2024 데뷔,기기 뮤린,Gigi Murin,【PORTAL】the cake iz a lie XD,2026-08-26T23:56:35Z,77230,5630,50
Tf03fNR7Bjo,UCDHABijvPBnJm7F-KlNME3w,홀로라이브,2024 데뷔,기기 뮤린,Gigi Murin,【FINAL FANTASY XIV】throw wide the gates to pandaemonium ※ spoiler warning,2026-08-26T03:04:15Z,79722,5584,41
FMk_7aEJDso,UCDHABijvPBnJm7F-KlNME3w,홀로라이브,2024 데뷔,기기 뮤린,Gigi Murin,【SC KETCHUP】breaking my record of 1 stream per hour,2026-08-25T01:55:05Z,49681,4707,46
pNnls_HDeTc,UCDHABijvPBnJm7F-KlNME3w,홀로라이브,2024 데뷔,기기 뮤린,Gigi Murin,【LEAGUE OF LEGENDS】LET'S ARAM,2026-08-23T00:05:05Z,74946,5962,38
EkD5iZWpdXs,UCDHABijvPBnJm7F-KlNME3w,홀로라이브,2024 데뷔,기기 뮤린,Gigi Murin,【AMERICAN TRUCK SIMULATOR】back on the road to expand my truck empire,2026-08-22T00:47:00Z,73376,5546,48
8YdSUYVOQ18,UCDHABijvPBnJm7F-KlNME3w,홀로라이브,2024 데뷔,기기 뮤린,Gigi Murin,【StarSavior】LET'S GO ON A JOURNEY WITH A NEW SAVIOR!! #ad,2026-08-20T23:12:37Z,29468,3192,29
XiHZ6Fi0KjM,UCDHABijvPBnJm7F-KlNME3w,홀로라이브,2024 데뷔,기기 뮤린,Gigi Murin,【TRAILS IN THE SKY: 1ST CHAPTER】10 hours in and we're starting chapter 1,2026-08-19T05:24:41Z,97647,5984,53
Ybx9uImTJpY,UCDHABijvPBnJm7F-KlNME3w,홀로라이브,2024 데뷔,기기 뮤린,Gigi Murin,【hololive Dreams】mori calliope,2026-08-18T00:33:07Z,93156,7387,48
_rJyvKM7NBk,UCDHABijvPBnJm7F-KlNME3w,홀로라이브,2024 데뷔,기기 뮤린,Gigi Murin,【FAR FAR WEST】YEEHAW!!!!!!!!!!! GIDDY UP!!!,2026-08-17T02:44:34Z,91385,6684,44
kMKr0O8El88,UCDHABijvPBnJm7F-KlNME3w,홀로라이브,2024 데뷔,기기 뮤린,Gigi Murin,【BIG WALK】i big steppa,2026-08-16T03:41:13Z,79867,5769,65
0TVixNrm5KM,UCDHABijvPBnJm7F-KlNME3w,홀로라이브,2024 데뷔,기기 뮤린,Gigi Murin,【TRAILS IN THE SKY: 1ST CHAPTER】ESTELLE I'M BACK,2026-08-15T04:42:17Z,78913,5674,39
v7BK8cCkrEo,UCDHABijvPBnJm7F-KlNME3w,홀로라이브,2024 데뷔,기기 뮤린,Gigi Murin,【KEEP TALKING AND NOBODOY EXPLODES】I PRINTED OUT THE GAME MANUAL FOR KRONII!!,2026-08-10T20:58:56Z,107351,8011,117
YU05ZltlR-E,UCDHABijvPBnJm7F-KlNME3w,홀로라이브,2024 데뷔,기기 뮤린,Gigi Murin,【TRAILS IN THE SKY: 1ST CHAPTER】i've been talking about playing this for months and here we are,2026-08-07T02:59:23Z,140828,7498,149
YBO8AbDdBKc,UCDHABijvPBnJm7F-KlNME3w,홀로라이브,2024 데뷔,기기 뮤린,Gigi Murin,【LEAGUE OF LEGENDS】RISEEEEEEEEEEEEEEE RISEEEEEEEEEEEEEEEEE,2026-08-06T03:06:55Z,172897,10489,42
6hQOhIy_0qI,UCDHABijvPBnJm7F-KlNME3w,홀로라이브,2024 데뷔,기기 뮤린,Gigi Murin,【AMERICAN TRUCK SIMULATOR】i don't even know what an america is,2026-08-05T04:00:09Z,228408,10268,90
ttX_80xGoJ8,UCDHABijvPBnJm7F-KlNME3w,홀로라이브,2024 데뷔,기기 뮤린,Gigi Murin,Forcing All Of HoloEN To Raise Children,2026-08-04T02:17:01Z,282482,18753,750
KyzwAjIkppw,UCvN5h1ShZtc7nly3pezRayg,홀로라이브,2024 데뷔,세실리아 이머그린,Cecilia Immergreen,【not really ASMR】literally reading a book~ soft talking maybe some humming? just getting relaxed,2026-09-26T18:41:05Z,103001,7100,187
SjZf2hI0EWM,UCvN5h1ShZtc7nly3pezRayg,홀로라이브,2024 데뷔,세실리아 이머그린,Cecilia Immergreen,【STREAM】hello can you hear me is this thing on- the most stream is about to happen,2026-09-25T19:14:37Z,155995,7933,132
_EXIVk54450,UCvN5h1ShZtc7nly3pezRayg,홀로라이브,2024 데뷔,세실리아 이머그린,Cecilia Immergreen,EXPLAINING THE ENTIRETY OF STRANGER THINGS FROM MEMORY,2026-09-22T18:50:59Z,125235,6299,199
isQwpx0DhVw,UCvN5h1ShZtc7nly3pezRayg,홀로라이브,2024 데뷔,세실리아 이머그린,Cecilia Immergreen,"【RETURN STREAM】CHATS, DRINKING GAME, FUN & TOMB RAIDER!!!!!",2026-09-21T22:00:42Z,235018,12157,188
MAawlPmOvfE,UCvN5h1ShZtc7nly3pezRayg,홀로라이브,2024 데뷔,세실리아 이머그린,Cecilia Immergreen,【GUERILLA】YAPPING SPEEDILY AT YOU WHILE SIGNING SOME CARDS,2026-09-17T19:49:29Z,121529,6693,1067
V1_RIGJUYys,UCvN5h1ShZtc7nly3pezRayg,홀로라이브,2024 데뷔,세실리아 이머그린,Cecilia Immergreen,【MEMBERS】testing setup super duper short hello!,2026-09-08T16:57:01Z,104580,6477,214
2BQ1Piu3IxA,UCvN5h1ShZtc7nly3pezRayg,홀로라이브,2024 데뷔,세실리아 이머그린,Cecilia Immergreen,【GUERILLA】DOCTORS HATE HER- SHE KNOWS THIS ONE SIMPLE TRICK! and for only 9.99 YOU can too!,2026-08-29T23:57:17Z,134260,6392,119
Nwrl5RGOHsI,UCvN5h1ShZtc7nly3pezRayg,홀로라이브,2024 데뷔,세실리아 이머그린,Cecilia Immergreen,【GUERILLA】READS YOU A BOOK (literally just reading a book that's it),2026-08-29T03:59:03Z,162181,7829,187
qvDWUrRgioI,UCvN5h1ShZtc7nly3pezRayg,홀로라이브,2024 데뷔,세실리아 이머그린,Cecilia Immergreen,【GUERILLA】LARA CROFT and the horrendous ordeal of not having life insurance,2026-08-22T03:02:59Z,100703,8664,164
THkht21IjV4,UCvN5h1ShZtc7nly3pezRayg,홀로라이브,2024 데뷔,세실리아 이머그린,Cecilia Immergreen,Updates and doodling otomos~【STREAM】,2026-08-13T21:19:47Z,83817,8802,194
q8KmpC_6lNI,UCvN5h1ShZtc7nly3pezRayg,홀로라이브,2024 데뷔,세실리아 이머그린,Cecilia Immergreen,【GUERILLA】fixing family dynamics,2026-08-09T22:41:46Z,94934,9967,202
IDrZM2V4Nz0,UCvN5h1ShZtc7nly3pezRayg,홀로라이브,2024 데뷔,세실리아 이머그린,Cecilia Immergreen,【AFTERTALK】I WENT TO AMERICA caw caw caaaaaaw ~ SERENDIPITY!,2026-07-10T21:30:11Z,58249,5903,163
tqF0_rYGW20,UCvN5h1ShZtc7nly3pezRayg,홀로라이브,2024 데뷔,세실리아 이머그린,Cecilia Immergreen,ONEE-SAMA! (Laplus-senpai... onee-sama.. janai) #shorts #hololive,2026-07-09T20:31:42Z,46047,5923,110
ouJ5Gmot-mI,UCvN5h1ShZtc7nly3pezRayg,홀로라이브,2024 데뷔,세실리아 이머그린,Cecilia Immergreen,ONE TIME!!! IN A-!! LIFETIME! #holoSerendipity #hololive,2026-07-01T03:00:03Z,47149,6675,140
tQnhY0CFrjQ,UCvN5h1ShZtc7nly3pezRayg,홀로라이브,2024 데뷔,세실리아 이머그린,Cecilia Immergreen,"【ANNIVERSARY】But every time I want to kick Claptrap, I drink!! #C2",2026-06-27T23:12:57Z,118228,9487,321
61LRYUdo26k,UCvN5h1ShZtc7nly3pezRayg,홀로라이브,2024 데뷔,세실리아 이머그린,Cecilia Immergreen,#holoSerendipity hey listen Gigi 🔑 hey Gigi HEY LISTEN!! FOCUS!! 🔑🔑🔑,2026-06-27T03:00:13Z,654778,50267,472
Y_QhnQXeH4c,UCvN5h1ShZtc7nly3pezRayg,홀로라이브,2024 데뷔,세실리아 이머그린,Cecilia Immergreen,【GUERILLA】TRAPPING YOU IN A MIRROR LABYRINTH but all the perspectives are wrong,2026-06-23T23:03:24Z,59128,6062,129
fbNpcX_k_28,UCvN5h1ShZtc7nly3pezRayg,홀로라이브,2024 데뷔,세실리아 이머그린,Cecilia Immergreen,SOAR!!!!!! FLY HIGH!!!! hehehe #hololive,2026-06-20T13:09:47Z,224943,10611,169
L-MQsH7kNzE,UCvN5h1ShZtc7nly3pezRayg,홀로라이브,2024 데뷔,세실리아 이머그린,Cecilia Immergreen,"【GUERILLA】JUST ME, THIS EMPTY CAVE AND THE VOICES IN MY HEAD HELPING ME NOT GET DISTRACTED 【gogh】",2026-06-16T14:54:57Z,63315,6253,79
mRr_Jp4VRSo,UCvN5h1ShZtc7nly3pezRayg,홀로라이브,2024 데뷔,세실리아 이머그린,Cecilia Immergreen,【HANDCAM STREAM】LET ME SHOW YOU THESE DICE!!! #sponsored,2026-06-15T21:56:47Z,57200,5683,97
uXxwRW_n1UU,UCvN5h1ShZtc7nly3pezRayg,홀로라이브,2024 데뷔,세실리아 이머그린,Cecilia Immergreen,MOM LOOK! I'M ON THE TELLY!!!!【AN AUTOMATON'S JOURNEY】,2026-06-13T23:50:40Z,106954,9528,147
SieN22_TVMg,UCvN5h1ShZtc7nly3pezRayg,홀로라이브,2024 데뷔,세실리아 이머그린,Cecilia Immergreen,【FORZA HORIZON 6】3D STREAM!  @RindoChihaya  TEACHES ME HOW TO DRIVE !!,2026-06-11T03:58:21Z,133373,12903,248
fxLNzyvPPfc,UCvN5h1ShZtc7nly3pezRayg,홀로라이브,2024 데뷔,세실리아 이머그린,Cecilia Immergreen,【ANNOUNCEMENT STREAM】Medium big with a side of fries - hints all over the place,2026-06-07T21:59:55Z,69315,6465,112
0ry5cruKqsw,UCvN5h1ShZtc7nly3pezRayg,홀로라이브,2024 데뷔,세실리아 이머그린,Cecilia Immergreen,【GERMAN COVER】LAGTRAIN (Cecilia Immergreen),2026-06-07T21:34:06Z,1410148,62404,3342
VODBNZF7ZCM,UCvN5h1ShZtc7nly3pezRayg,홀로라이브,2024 데뷔,세실리아 이머그린,Cecilia Immergreen,【OFF-COLLAB】CCGG MADNESS BTS talks!!! ~ with @holoen_gigimurin,2026-06-04T00:46:41Z,94783,8827,138
8MRs-IL8fIo,UCvN5h1ShZtc7nly3pezRayg,홀로라이브,2024 데뷔,세실리아 이머그린,Cecilia Immergreen,【ZELDA: A LINK TO THE PAST】LITERALLY A LINK,2026-06-02T22:37:42Z,54093,5447,93
PryFPuyr9Lg,UCvN5h1ShZtc7nly3pezRayg,홀로라이브,2024 데뷔,세실리아 이머그린,Cecilia Immergreen,【ZELDA: A LINK TO THE PAST】I have awakened~ what shall we do...,2026-05-31T01:56:36Z,79883,7151,88
euqA3GB8Jc0,UCvN5h1ShZtc7nly3pezRayg,홀로라이브,2024 데뷔,세실리아 이머그린,Cecilia Immergreen,【ENigmatic Recollection: Chapter 3】FINALE,2026-05-30T04:26:09Z,59125,5061,100
IpNXgvS3QjM,UCvN5h1ShZtc7nly3pezRayg,홀로라이브,2024 데뷔,세실리아 이머그린,Cecilia Immergreen,【ENigmatic Recollection: Chapter 3】PRINCESS??! What are you gazing at??,2026-05-29T06:20:22Z,62610,5244,105
gDiqP1BVNXY,UCvN5h1ShZtc7nly3pezRayg,홀로라이브,2024 데뷔,세실리아 이머그린,Cecilia Immergreen,【ENigmatic Recollection: Chapter 3】A CASTLE FOR THE QUEEN,2026-05-27T04:50:06Z,57326,5203,68
qa3bFuPMI8Y,UCl69AEx4MdqMZH7Jtsm7Tig,홀로라이브,2024 데뷔,라오라 판테라,Raora Panthera,【BOMBANANA】BOOOOOOOOOOOOOOOOOOOOOOOOOOOOOOOOOOOOOOOOOOOOOOOM,2026-09-26T02:10:31Z,76597,5136,32
m7fX9PYU5-A,UCl69AEx4MdqMZH7Jtsm7Tig,홀로라이브,2024 데뷔,라오라 판테라,Raora Panthera,【POKÉMON LEAF GREEN】WE'RE BOTH ONE CRIT AWAY FROM DISASTER【SOUL-LINK NUZLOCKE】,2026-09-24T18:49:37Z,104059,5070,27
EwFHypyxeyg,UCl69AEx4MdqMZH7Jtsm7Tig,홀로라이브,2024 데뷔,라오라 판테라,Raora Panthera,【TREES HATE YOU】 GETTIN BULLIED BY NATURE 🌳💢,2026-09-23T16:11:13Z,91643,6441,48
LxJcG_8O-tE,UCl69AEx4MdqMZH7Jtsm7Tig,홀로라이브,2024 데뷔,라오라 판테라,Raora Panthera,【Human Fall Flat】Kaela falls flat but I don't guess why 【SMITTEN】,2026-09-22T18:04:36Z,107101,6115,40
UkXxf6M0b6w,UCl69AEx4MdqMZH7Jtsm7Tig,홀로라이브,2024 데뷔,라오라 판테라,Raora Panthera,【UNDERTALE】we are back into the abyss【pacifist run】,2026-09-18T17:45:14Z,121224,6046,40
Aev1DwVEccU,UCl69AEx4MdqMZH7Jtsm7Tig,홀로라이브,2024 데뷔,라오라 판테라,Raora Panthera,LET'S MAKE ARANCINO!!! 🍘🤌,2026-09-16T19:12:46Z,196614,20928,601
KJge-KcU_x0,UCl69AEx4MdqMZH7Jtsm7Tig,홀로라이브,2024 데뷔,라오라 판테라,Raora Panthera,【JUSTICE JAM + ANNOUNCEMENT】Justice United! We Have BIG ANNOUNCEMENT! #holojustice,2026-09-16T14:38:17Z,153465,9546,142
ZOP2gGe6JzI,UCl69AEx4MdqMZH7Jtsm7Tig,홀로라이브,2024 데뷔,라오라 판테라,Raora Panthera,【How To Fish】I am just here to eat! 【PizzaTimeSmith Collab】,2026-09-14T14:43:26Z,76504,5132,37
013XHacQA9Y,UCl69AEx4MdqMZH7Jtsm7Tig,홀로라이브,2024 데뷔,라오라 판테라,Raora Panthera,【UNDERTALE】I have a bad feeling about this...,2026-09-13T15:47:03Z,108852,5737,112
P5jX6414KQY,UCl69AEx4MdqMZH7Jtsm7Tig,홀로라이브,2024 데뷔,라오라 판테라,Raora Panthera,【ZAKO NO AHIRU】PLEASE STOP BULLYING THE BIG CAT!!!!!!,2026-09-12T17:29:07Z,147781,6193,36
5DV5YoSb89k,UCl69AEx4MdqMZH7Jtsm7Tig,홀로라이브,2024 데뷔,라오라 판테라,Raora Panthera,Do you like this dance nya?? 🐱#アイドルはウーニャニャの件,2026-09-12T12:41:43Z,48040,6729,189
bDEdLUgK5fw,UCl69AEx4MdqMZH7Jtsm7Tig,홀로라이브,2024 데뷔,라오라 판테라,Raora Panthera,【UNDERTALE】I am filled with determination... and pasta i guess,2026-09-09T17:41:47Z,104717,5344,42
OSt_jg3VRE8,UCl69AEx4MdqMZH7Jtsm7Tig,홀로라이브,2024 데뷔,라오라 판테라,Raora Panthera,【POKÉMON LEAF GREEN】TEAM ROCKET ARC HERE WE GO!!!【SOUL-LINK NUZLOCKE】,2026-09-06T18:22:29Z,92228,4646,27
YzDni1oUVyU,UCl69AEx4MdqMZH7Jtsm7Tig,홀로라이브,2024 데뷔,라오라 판테라,Raora Panthera,【#ロゼキャンARK】I JUST WANT TO FIND A MATE FOR DINO...🦕 TEAM D!【FINAL DAY】,2026-09-06T15:32:37Z,117853,6671,22
uMR2FhquG1s,UCl69AEx4MdqMZH7Jtsm7Tig,홀로라이브,2024 데뷔,라오라 판테라,Raora Panthera,GIGI and RAO Dancing Together! #shorts  #vtuber,2026-09-05T17:16:50Z,79393,9369,103
bovldKh3f50,UCl69AEx4MdqMZH7Jtsm7Tig,홀로라이브,2024 데뷔,라오라 판테라,Raora Panthera,【SlashZero】BIG CAT ready to cause BIG TROUBLE!,2026-09-05T16:10:35Z,69539,3870,24
0WQBsRQ4hxc,UCl69AEx4MdqMZH7Jtsm7Tig,홀로라이브,2024 데뷔,라오라 판테라,Raora Panthera,【#ロゼキャンARK】ARK BUT I’M DEFINITELY THE APEX PREDATOR🦕 TEAM D!【DAY 1】,2026-09-04T15:33:26Z,172279,8769,43
ueLKBuGEQkg,UCl69AEx4MdqMZH7Jtsm7Tig,홀로라이브,2024 데뷔,라오라 판테라,Raora Panthera,Kiwawa's ★5 SUPER CUTE 💞#holodori #hololive #shorts,2026-08-30T20:06:24Z,40046,5156,104
K0-K-bbz4JE,UCl69AEx4MdqMZH7Jtsm7Tig,홀로라이브,2024 데뷔,라오라 판테라,Raora Panthera,【POKÉMON LEAF GREEN】Our Pokemon have shared health insurance...【SOUL-LINK NUZLOCKE】,2026-08-30T18:36:18Z,132920,5372,27
UHUQgcEMGqU,UCl69AEx4MdqMZH7Jtsm7Tig,홀로라이브,2024 데뷔,라오라 판테라,Raora Panthera,【UNDERTALE】Let's explore the Basement..I mean UNDERGROUND!,2026-08-28T17:41:50Z,143644,6403,50
jpaMDNZAlNU,UCl69AEx4MdqMZH7Jtsm7Tig,홀로라이브,2024 데뷔,라오라 판테라,Raora Panthera,【UNDERTALE】I PROMISE I’LL BE NICE… MAYBE,2026-08-24T17:35:55Z,82533,7778,78
ngJE0ynenyE,UCl69AEx4MdqMZH7Jtsm7Tig,홀로라이브,2024 데뷔,라오라 판테라,Raora Panthera,I tried the Reze Dance! Do you like it? 🩷 #rezedance #irisout #hololive #shorts,2026-08-19T01:35:04Z,180386,23052,361
NbTtcr_1WAs,UCl69AEx4MdqMZH7Jtsm7Tig,홀로라이브,2024 데뷔,라오라 판테라,Raora Panthera,"【HOLO vs ROBO】Chattini u haven’t built any jetpacks, right?",2026-08-17T16:30:06Z,52480,5945,33
WVhijZnCHN0,UCl69AEx4MdqMZH7Jtsm7Tig,홀로라이브,2024 데뷔,라오라 판테라,Raora Panthera,【Plug&Play】uuuuuuuuuuuuuuuuuuuuuuuuuuuuuuuuuuhmmmmmmmmmmmmmmmmmmmmmmmmmm,2026-08-14T17:17:53Z,52376,6148,72
82HBW9ov1UQ,UCl69AEx4MdqMZH7Jtsm7Tig,홀로라이브,2024 데뷔,라오라 판테라,Raora Panthera,I tried dancing IRIS OUT! #irisout #chainsawman #hololive #shorts,2026-08-14T00:20:38Z,293851,26789,448
dJHeHywWvnA,UCl69AEx4MdqMZH7Jtsm7Tig,홀로라이브,2024 데뷔,라오라 판테라,Raora Panthera,yea art stream!!!,2026-08-13T17:41:19Z,72323,8688,40
z9MZH1pbukc,UCl69AEx4MdqMZH7Jtsm7Tig,홀로라이브,2024 데뷔,라오라 판테라,Raora Panthera,【hololive Dreams】PLEASE GACHA GODS BLESS ME ONE MORE TIME,2026-08-08T17:32:12Z,82166,7597,36
3hrmpHUJcxQ,UCl69AEx4MdqMZH7Jtsm7Tig,홀로라이브,2024 데뷔,라오라 판테라,Raora Panthera,【Rhythm Heaven Groove】RHYTHM HEAVEN OR RHYTHM HELL?!,2026-08-06T17:47:38Z,70069,6706,35
YVc5seLdkdY,UCl69AEx4MdqMZH7Jtsm7Tig,홀로라이브,2024 데뷔,라오라 판테라,Raora Panthera,【ASK ME ANYTHING】I answer 100 Questions!!!,2026-08-04T18:14:54Z,85946,8608,78
63XO5GzHeVs,UCl69AEx4MdqMZH7Jtsm7Tig,홀로라이브,2024 데뷔,라오라 판테라,Raora Panthera,【hololive Dreams】GAMBA GAMBA & GACHA GACHA,2026-08-01T18:12:46Z,88703,7891,47
XOi5Wm_kGAk,UC9LSiN9hXI55svYEBrrK-tw,홀로라이브,2024 데뷔,이사키 리오나,Isaki Riona,【コラボ】リリーナ晩酌マシュマロ雑談❤【ホロライブ  響咲リオナ 一条莉々華】,2026-09-26T13:20:18Z,146184,7061,79
R982itTiMKU,UC9LSiN9hXI55svYEBrrK-tw,홀로라이브,2024 데뷔,이사키 리오나,Isaki Riona,うさぎラップ🐰思ってみたよ🎶 #vtuber #shorts #ちいかわ,2026-09-26T08:00:28Z,89700,7603,211
i4wNSKB6IPg,UC9LSiN9hXI55svYEBrrK-tw,홀로라이브,2024 데뷔,이사키 리오나,Isaki Riona,【 ＃ホロ甲2026 】壁咲高校、２年目夏甲子園勝ち進むぞ🔥✨【ホロライブ FLOW GLOW 響咲リオナ】,2026-09-26T04:27:57Z,141354,4398,53
1OaBQ8SOdSI,UC9LSiN9hXI55svYEBrrK-tw,홀로라이브,2024 데뷔,이사키 리오나,Isaki Riona,これからもいっぱいお話し聞いてね🎧 #vtuber #shorts #hololive,2026-09-25T08:26:32Z,58841,7127,295
tD4clXlBYGQ,UC9LSiN9hXI55svYEBrrK-tw,홀로라이브,2024 데뷔,이사키 리오나,Isaki Riona,【定期配信＃44】木曜のお昼の１２時はリオナとランチ❤【ホロライブ  響咲リオナ】#リオナとランチ,2026-09-24T04:25:01Z,94041,4930,59
Hf1TeFgu3YY,UC9LSiN9hXI55svYEBrrK-tw,홀로라이브,2024 데뷔,이사키 리오나,Isaki Riona,【 7Days to Die 】番外編きちゃああ🔥まだまだゾンビやるぞおお🔥✨ 【ホロライブ FLOW GLOW 響咲リオナ】,2026-09-23T15:31:38Z,104159,4570,54
hZfAOQA60jo,UC9LSiN9hXI55svYEBrrK-tw,홀로라이브,2024 데뷔,이사키 리오나,Isaki Riona,【 ＃ホロ甲2026 】壁咲高校、２年目夏！どこまで勝ち進める！？🔥【ホロライブ FLOW GLOW 響咲リオナ】,2026-09-22T13:13:40Z,175826,4767,68
uks1DzkzXjY,UC9LSiN9hXI55svYEBrrK-tw,홀로라이브,2024 데뷔,이사키 리오나,Isaki Riona,【 ＃ホロ甲2026 】壁咲高校、２年目🔥新入生がやってきた！【ホロライブ FLOW GLOW 響咲リオナ】,2026-09-21T15:17:26Z,197444,4735,64
X8KNgKhk8VA,UC9LSiN9hXI55svYEBrrK-tw,홀로라이브,2024 데뷔,이사키 리오나,Isaki Riona,【深夜歌枠】久しぶりに歌枠します✨【ホロライブ FLOW GLOW 響咲リオナ】,2026-09-20T14:15:32Z,169284,7249,126
al0QWgcQGoM,UC9LSiN9hXI55svYEBrrK-tw,홀로라이브,2024 데뷔,이사키 리오나,Isaki Riona,【 7Days to Die 】ついに最終回！最後の襲撃を乗り越えろ！！ #ホロ7大豆劇場 【ホロライブ FLOW GLOW 響咲リオナ】,2026-09-19T16:06:36Z,108035,5161,83
eIrXBWTz3rk,UC9LSiN9hXI55svYEBrrK-tw,홀로라이브,2024 데뷔,이사키 리오나,Isaki Riona,【お知らせ】リオナは水虫ではありません。 #vtuber #shorts,2026-09-18T08:42:48Z,117648,9485,292
rBPcUBFDIWI,UC9LSiN9hXI55svYEBrrK-tw,홀로라이브,2024 데뷔,이사키 리오나,Isaki Riona,別にわがままでもいいよね！？😤 #vtuber #shorts #dance,2026-09-17T08:00:13Z,102545,10915,217
xCwTtZptIKk,UC9LSiN9hXI55svYEBrrK-tw,홀로라이브,2024 데뷔,이사키 리오나,Isaki Riona,全然私に興味ない！？！？😤😤 #vtuber #shorts #dance,2026-09-16T08:00:38Z,91107,10021,279
YH15uDUYobg,UC9LSiN9hXI55svYEBrrK-tw,홀로라이브,2024 데뷔,이사키 리오나,Isaki Riona,テレパシノリノリで踊ってみたあ！🎶 #vtuber #shorts #dance,2026-09-15T08:00:07Z,69624,7994,221
YtM0zMhxpHY,UC9LSiN9hXI55svYEBrrK-tw,홀로라이브,2024 데뷔,이사키 리오나,Isaki Riona,【#ししドリ杯】ホロドリ大会！チーム２頑張るぞ🔥【ホロライブ FLOW GLOW 響咲リオナ】,2026-09-14T13:52:57Z,139912,4913,51
LROFl9rIVH0,UC9LSiN9hXI55svYEBrrK-tw,홀로라이브,2024 데뷔,이사키 리오나,Isaki Riona,【 ＃ホロ甲2026 】壁咲高校、1年目春甲子園に挑む🔥【ホロライブ FLOW GLOW 響咲リオナ】,2026-09-13T10:28:31Z,243119,5457,89
hhOim_G0kns,UC9LSiN9hXI55svYEBrrK-tw,홀로라이브,2024 데뷔,이사키 리오나,Isaki Riona,【告知あり⁉】大好きなカリオペ先輩とアソビ大全しちゃうぞ🎵【hololive 森カリオペ 響咲リオナ】,2026-09-12T10:03:50Z,172062,6398,60
56IDp4g--jI,UC9LSiN9hXI55svYEBrrK-tw,홀로라이브,2024 데뷔,이사키 리오나,Isaki Riona,Dreamland/BENNIE K【響咲リオナ×森カリオペ(cover)】,2026-09-12T09:57:41Z,192599,11076,538
ncdGCUazeFo,UC9LSiN9hXI55svYEBrrK-tw,홀로라이브,2024 데뷔,이사키 리오나,Isaki Riona,【 7Days to Die 】雪山で暴れるぞい！ #ホロ7大豆劇場 【ホロライブ FLOW GLOW 響咲リオナ】,2026-09-11T14:45:34Z,133849,4548,54
fWikwP2XkII,UC9LSiN9hXI55svYEBrrK-tw,홀로라이브,2024 데뷔,이사키 리오나,Isaki Riona,【 ＃ホロ甲2026 】壁咲高校、1年目秋の全国大会に挑む🔥【ホロライブ FLOW GLOW 響咲リオナ】,2026-09-10T14:08:24Z,235875,5077,71
KX0m-f4lI2c,UC9LSiN9hXI55svYEBrrK-tw,홀로라이브,2024 데뷔,이사키 리오나,Isaki Riona,何回も踊ってたらゼーゼーになっちゃった 🤣 #vtuber #hololive #dance #shorts,2026-09-10T08:00:19Z,117040,10845,220
ewA2rvax_l0,UC9LSiN9hXI55svYEBrrK-tw,홀로라이브,2024 데뷔,이사키 리오나,Isaki Riona,【定期配信＃44】木曜のお昼の１２時はリオナとランチ❤【ホロライブ  響咲リオナ】#リオナとランチ,2026-09-10T04:27:02Z,66253,3590,46
bqtBfAWTh-0,UC9LSiN9hXI55svYEBrrK-tw,홀로라이브,2024 데뷔,이사키 리오나,Isaki Riona,【 7Days to Die 】今日もゾンビの世界じゃああ！ #ホロ7大豆劇場 【ホロライブ DEV_IS 響咲リオナ】,2026-09-09T15:00:46Z,113100,4413,52
2-m_Nil0WaQ,UC9LSiN9hXI55svYEBrrK-tw,홀로라이브,2024 데뷔,이사키 리오나,Isaki Riona,【 7Days to Die 】襲撃くるぞおおおおおお✨ #ホロ7大豆劇場 【ホロライブ DEV_IS 響咲リオナ】,2026-09-07T16:08:59Z,150338,5455,52
uMDxDVVayKw,UC9LSiN9hXI55svYEBrrK-tw,홀로라이브,2024 데뷔,이사키 리오나,Isaki Riona,【 ＃ホロ甲2026 】壁咲高校、1年目秋の地区大会に挑む🔥【ホロライブ DEV_IS 響咲リオナ】,2026-09-07T11:11:53Z,177770,4816,63
snrg8infN-c,UC9LSiN9hXI55svYEBrrK-tw,홀로라이브,2024 데뷔,이사키 리오나,Isaki Riona,【 #ロゼキャンARK 】DAY3✨チームA優勝目指すぞおおオオオ！ARK: Survival Ascended 【ホロライブ DEV_IS 響咲リオナ】,2026-09-06T15:57:11Z,150999,5714,88
OxmnPEnLUcw,UC9LSiN9hXI55svYEBrrK-tw,홀로라이브,2024 데뷔,이사키 리오나,Isaki Riona,【 #ロゼキャンARK 】DAY2✨チーム戦！がんばるぞお！ARK: Survival Ascended 【ホロライブ DEV_IS 響咲リオナ】,2026-09-05T15:31:55Z,99710,4559,72
0M7rGeLjKfA,UC9LSiN9hXI55svYEBrrK-tw,홀로라이브,2024 데뷔,이사키 리오나,Isaki Riona,【 #ロゼキャンARK 】DAY1✨チーム戦！役に立ちたい！！ARK: Survival Ascended 【ホロライブ DEV_IS 響咲リオナ】,2026-09-04T15:50:49Z,199973,6951,86
FuAABGoRcUI,UC9LSiN9hXI55svYEBrrK-tw,홀로라이브,2024 데뷔,이사키 리오나,Isaki Riona,マリン先輩のきゃぴ踊ってみた♡ #vtuber #shorts #dance,2026-09-03T08:00:07Z,313775,23099,247
9LpZ1cm-1zQ,UC9LSiN9hXI55svYEBrrK-tw,홀로라이브,2024 데뷔,이사키 리오나,Isaki Riona,【定期配信＃43】木曜のお昼の１２時はリオナとランチ❤【ホロライブ DEV_IS 響咲リオナ】#リオナとランチ,2026-09-03T04:15:28Z,74030,3881,48
O-XiQyIJuEE,UCuI_opAVX6qbxZY-a-AxFuQ,홀로라이브,2024 데뷔,코가네이 니코,Koganei Niko,ルイ先輩、きて❤️ #虎のいる生活 @TakaneLui,2026-09-26T10:30:35Z,104282,6665,121
ZbNt-s8-LpU,UCuI_opAVX6qbxZY-a-AxFuQ,홀로라이브,2024 데뷔,코가네이 니코,Koganei Niko,もちもちで…ね… #ニコたんアニメ,2026-09-24T12:41:34Z,940733,20896,119
wkDXpxR-kSc,UCuI_opAVX6qbxZY-a-AxFuQ,홀로라이브,2024 데뷔,코가네이 니코,Koganei Niko,みんながニコたんのフィアンセぅ❤️だもんねぅ❤️ #ニコたんアニメ,2026-09-22T10:30:16Z,884912,17853,86
usSYjzFurNc,UCuI_opAVX6qbxZY-a-AxFuQ,홀로라이브,2024 데뷔,코가네이 니코,Koganei Niko,スクイーズは酒の肴になるんです【vlog】,2026-09-22T09:00:02Z,173975,7789,509
4AS36OM8OqU,UCuI_opAVX6qbxZY-a-AxFuQ,홀로라이브,2024 데뷔,코가네이 니코,Koganei Niko,ニコたんがおバカだって言いたいのか！オォン！　#ニコたんアニメ,2026-09-19T10:30:17Z,1973626,39913,211
VonPbRQQIhU,UCuI_opAVX6qbxZY-a-AxFuQ,홀로라이브,2024 데뷔,코가네이 니코,Koganei Niko,マーシャル・マキシマイザー/虎金妃笑虎(cover),2026-09-16T09:00:06Z,263174,11744,301
1S5xN6ptlNY,UCuI_opAVX6qbxZY-a-AxFuQ,홀로라이브,2024 데뷔,코가네이 니코,Koganei Niko,Vtuberのリアル晩酌をお見せします【volg】,2026-09-13T09:00:25Z,509005,13085,720
MmkPfYSIJ0s,UCuI_opAVX6qbxZY-a-AxFuQ,홀로라이브,2024 데뷔,코가네이 니코,Koganei Niko,【 ＃朝ガオ vol.14 】今週のトークテーマ：ホロライブネクスト【虎金妃笑虎】,2026-09-12T01:09:59Z,53543,3140,49
R9J4WiAKqrE,UCuI_opAVX6qbxZY-a-AxFuQ,홀로라이브,2024 데뷔,코가네이 니코,Koganei Niko,@TakaneLui  キムチくっさぁ❤️ #虎のいる生活,2026-09-10T10:30:12Z,625152,25768,200
oCXuR_mTuyU,UCuI_opAVX6qbxZY-a-AxFuQ,홀로라이브,2024 데뷔,코가네이 니코,Koganei Niko,夏と秋の変わり目にも☀️🍂　 #magic_summer,2026-09-08T08:00:27Z,109710,5618,128
HG6L6rSwkqA,UCuI_opAVX6qbxZY-a-AxFuQ,홀로라이브,2024 데뷔,코가네이 니코,Koganei Niko,【 歌枠 】ダークな曲多めの歌を歌っていきますわよ！【虎金妃笑虎】,2026-09-07T10:50:22Z,124344,5486,100
L1-6ZVoECMo,UCuI_opAVX6qbxZY-a-AxFuQ,홀로라이브,2024 데뷔,코가네이 니코,Koganei Niko,ニコたんは最後まで生き残るよ＾＾　@RindoChihaya #虎のいる生活,2026-09-06T10:30:32Z,184995,9632,130
eSu3e4rdrSo,UCuI_opAVX6qbxZY-a-AxFuQ,홀로라이브,2024 데뷔,코가네이 니코,Koganei Niko,若干最後は千速優勢やな…@RindoChihaya  #虎のいる生活,2026-09-05T10:30:04Z,481308,15795,188
Bk_dybX3WWc,UCuI_opAVX6qbxZY-a-AxFuQ,홀로라이브,2024 데뷔,코가네이 니코,Koganei Niko,【 ＃朝ガオ 】今週も色々ありました【虎金妃笑虎】,2026-09-05T01:08:11Z,56308,3481,50
KBwvjX4Ml2s,UCuI_opAVX6qbxZY-a-AxFuQ,홀로라이브,2024 데뷔,코가네이 니코,Koganei Niko,#ニコらでん サウナ秘境旅！【湖に飛び込める？！】,2026-09-02T11:00:12Z,109421,2861,96
FOeakXr7j_A,UCuI_opAVX6qbxZY-a-AxFuQ,홀로라이브,2024 데뷔,코가네이 니코,Koganei Niko,【 #ニコらでん 】サウナロケに？！JFTを連れ出した！【虎金妃笑虎／儒烏風亭らでん】,2026-09-02T10:39:28Z,187010,6680,108
56StL73OA6U,UCuI_opAVX6qbxZY-a-AxFuQ,홀로라이브,2024 데뷔,코가네이 니코,Koganei Niko,@JuufuuteiRaden  ←お酒を渡すな‼︎ #虎のいる生活,2026-09-01T10:30:32Z,401874,18860,210
fPYefdtfme4,UCuI_opAVX6qbxZY-a-AxFuQ,홀로라이브,2024 데뷔,코가네이 니코,Koganei Niko,【 ＃朝ガオ 】あさがおだにゃぁ【虎金妃笑虎】,2026-08-29T01:07:17Z,80340,3903,57
5ccqXCOshHc,UCuI_opAVX6qbxZY-a-AxFuQ,홀로라이브,2024 데뷔,코가네이 니코,Koganei Niko,Magia／森カリオペ×ネリッサ・レイヴンクロフト×虎金妃笑虎(cover),2026-08-28T09:00:06Z,723416,21524,471
whjJXWeohXg,UCuI_opAVX6qbxZY-a-AxFuQ,홀로라이브,2024 데뷔,코가네이 니코,Koganei Niko,ひどいや… #虎のいる生活,2026-08-26T11:41:01Z,1743317,44094,678
OAvS0yfvQLw,UCuI_opAVX6qbxZY-a-AxFuQ,홀로라이브,2024 데뷔,코가네이 니코,Koganei Niko,#虎のいる生活,2026-08-21T11:30:04Z,250928,11667,143
L0IQbmqDQGU,UCuI_opAVX6qbxZY-a-AxFuQ,홀로라이브,2024 데뷔,코가네이 니코,Koganei Niko,歌を歌っていきますよ～！,2026-08-21T09:03:46Z,55601,5525,79
KQEo7eBXzd4,UCuI_opAVX6qbxZY-a-AxFuQ,홀로라이브,2024 데뷔,코가네이 니코,Koganei Niko,【手元カメラ】猫壱さんから頂いたキャットタワー組み立てる虎【虎金妃笑虎／猫壱】#PR,2026-08-20T11:29:31Z,46988,4525,54
06BfnJddcbM,UCuI_opAVX6qbxZY-a-AxFuQ,홀로라이브,2024 데뷔,코가네이 니코,Koganei Niko,※全て実体験です　#虎のいる生活,2026-08-16T10:30:28Z,287732,12013,248
Ihwugvpw1aY,UCuI_opAVX6qbxZY-a-AxFuQ,홀로라이브,2024 데뷔,코가네이 니코,Koganei Niko,【 ＃朝ガオ 】もってくれよォ俺の回線・・・・‼【虎金妃笑虎】,2026-08-16T01:18:42Z,40844,4324,65
oiwhykjN_MY,UCuI_opAVX6qbxZY-a-AxFuQ,홀로라이브,2024 데뷔,코가네이 니코,Koganei Niko,▶︎ ちびニコたんは剣を見つけた　#虎のいる生活,2026-08-15T10:30:13Z,224434,13594,257
XggYchzHzHE,UCuI_opAVX6qbxZY-a-AxFuQ,홀로라이브,2024 데뷔,코가네이 니코,Koganei Niko,白玉！おぼえた！うまそう！　#miwa #星炎 @miwaofficial38,2026-08-11T10:30:04Z,101173,5504,85
gbctghL3S4M,UCuI_opAVX6qbxZY-a-AxFuQ,홀로라이브,2024 데뷔,코가네이 니코,Koganei Niko,【 引っ越します 】さようなら、今の家【虎金妃笑虎】,2026-08-10T10:49:13Z,38191,4553,74
M0KF5jxPPuY,UCuI_opAVX6qbxZY-a-AxFuQ,홀로라이브,2024 데뷔,코가네이 니코,Koganei Niko,えっ　#虎のいる生活  @RindoChihaya,2026-08-09T10:30:16Z,1182110,54752,504
u_9W0FCNmAo,UCuI_opAVX6qbxZY-a-AxFuQ,홀로라이브,2024 데뷔,코가네이 니코,Koganei Niko,#虎のいる生活,2026-08-08T10:30:29Z,278717,15107,268
LKWMaCecqBw,UCjk2nKmHzgH5Xy-C5qYRd5A,홀로라이브,2024 데뷔,미즈미야 스,Mizumiya Su,【バイオハザードレクイエム】ホラゲ苦手が行くバイオ9初見❕#7【水宮枢／ホロライブDEV_IS】※ネタバレ有,2026-09-26T19:16:30Z,0,117,0
ks1JfUn6VPY,UCjk2nKmHzgH5Xy-C5qYRd5A,홀로라이브,2024 데뷔,미즈미야 스,Mizumiya Su,【バイオハザードレクイエム】ホラゲ苦手が行くバイオ9初見❕#6【水宮枢／ホロライブDEV_IS】※ネタバレ有,2026-09-26T17:11:34Z,117525,4205,50
gYJ_anRYXjo,UCjk2nKmHzgH5Xy-C5qYRd5A,홀로라이브,2024 데뷔,미즈미야 스,Mizumiya Su,【歌みた】世界一可愛い私／水宮枢 #vtuber #hololive #歌ってみた,2026-09-26T03:00:21Z,46845,6527,768
PXpnTX8dld4,UCjk2nKmHzgH5Xy-C5qYRd5A,홀로라이브,2024 데뷔,미즈미야 스,Mizumiya Su,【#マイクラ肝試し2026】散歩しにいく〜【水宮枢／ホロライブ】,2026-09-25T16:44:27Z,116687,4218,51
fCkcUbNAlCw,UCjk2nKmHzgH5Xy-C5qYRd5A,홀로라이브,2024 데뷔,미즈미야 스,Mizumiya Su,【同時視聴】#アソビまわり隊 初配信day2 【FLOWGLOW /ホロライブ】,2026-09-25T12:23:19Z,338265,8353,51
EGpVAzva5DY,UCjk2nKmHzgH5Xy-C5qYRd5A,홀로라이브,2024 데뷔,미즈미야 스,Mizumiya Su,ハートキャッチ☆パラダイス／プリキュア 踊ってみた #vtuber #hololive #dance,2026-09-25T07:25:58Z,34840,4585,507
73fOm4fzzfQ,UCjk2nKmHzgH5Xy-C5qYRd5A,홀로라이브,2024 데뷔,미즈미야 스,Mizumiya Su,【同時視聴】ドラゴンボール超ブロリー 完全初見！【水宮枢／ホロライブ】,2026-09-24T16:12:47Z,105401,3315,67
AV2j6gaPdrU,UCjk2nKmHzgH5Xy-C5qYRd5A,홀로라이브,2024 데뷔,미즈미야 스,Mizumiya Su,はくちゅーむ／みにみやと踊ってみた #vtuber #hololive #dance,2026-09-24T08:09:19Z,95449,9481,494
Xbz1v_kZ4dQ,UCjk2nKmHzgH5Xy-C5qYRd5A,홀로라이브,2024 데뷔,미즈미야 스,Mizumiya Su,【Minecraft】#ミリキラハードコア ネザー行くぞ day3 【水宮枢／ホロライブ】,2026-09-23T16:12:01Z,148469,4802,56
RyvE88bXlf8,UCjk2nKmHzgH5Xy-C5qYRd5A,홀로라이브,2024 데뷔,미즈미야 스,Mizumiya Su,静かに🦀確かに🦀／踊ってみた #VTuber #hololive #dance,2026-09-23T03:12:01Z,104244,10227,629
poTgZqk4Z38,UCjk2nKmHzgH5Xy-C5qYRd5A,홀로라이브,2024 데뷔,미즈미야 스,Mizumiya Su,【Minecraft】#ミリキラハードコア ネザー行くぞ day2 【水宮枢／ホロライブ】,2026-09-22T16:32:49Z,122074,4392,58
zzP8_t-R1-s,UCjk2nKmHzgH5Xy-C5qYRd5A,홀로라이브,2024 데뷔,미즈미야 스,Mizumiya Su,罪と罰と雨とキス／踊ってみた #vtuber #hololive #dance,2026-09-22T05:32:23Z,82921,8262,469
54UO96Xrmt4,UCjk2nKmHzgH5Xy-C5qYRd5A,홀로라이브,2024 데뷔,미즈미야 스,Mizumiya Su,【Minecraft】#ミリキラハードコア 仲良く平和なday1【水宮枢／ホロライブ】,2026-09-21T17:10:08Z,123073,4792,58
iTiNbWJnsg8,UCjk2nKmHzgH5Xy-C5qYRd5A,홀로라이브,2024 데뷔,미즈미야 스,Mizumiya Su,【みにみや】最近の不満／モモンガセリフ風 #hololive #vtuber,2026-09-21T03:00:23Z,105078,12301,754
40O-mkKBbyo,UCjk2nKmHzgH5Xy-C5qYRd5A,홀로라이브,2024 데뷔,미즈미야 스,Mizumiya Su,【バイオハザードレクイエム】ホラゲ苦手が行くバイオ9初見❕#5【水宮枢／ホロライブDEV_IS】※ネタバレ有,2026-09-20T18:07:40Z,131918,4702,57
zDok5ewkcS4,UCjk2nKmHzgH5Xy-C5qYRd5A,홀로라이브,2024 데뷔,미즈미야 스,Mizumiya Su,みにみや瞬間移動？！／delicious #vtuber #hololive #呪術廻戦,2026-09-20T08:03:22Z,180908,14578,657
FiCYHGLB7_U,UCjk2nKmHzgH5Xy-C5qYRd5A,홀로라이브,2024 데뷔,미즈미야 스,Mizumiya Su,【 #ホロREPO 】久々れぽのまき！すう視点【水宮枢／ホロライブDEV_IS】,2026-09-19T15:30:54Z,68459,3379,50
6XPMa3o7JLc,UCjk2nKmHzgH5Xy-C5qYRd5A,홀로라이브,2024 데뷔,미즈미야 스,Mizumiya Su,【手書き】このサメ飼ってもいい？／みにみや #vtuber #hololive #animation,2026-09-19T03:00:14Z,144156,12260,503
8hKUE6R_DmU,UCjk2nKmHzgH5Xy-C5qYRd5A,홀로라이브,2024 데뷔,미즈미야 스,Mizumiya Su,【バイオハザードレクイエム】ホラゲ苦手が行くバイオ9初見❕#4 【水宮枢／ホロライブDEV_IS】※ネタバレ有,2026-09-18T16:59:56Z,127999,4216,63
yEHZ7KHdOQk,UCjk2nKmHzgH5Xy-C5qYRd5A,홀로라이브,2024 데뷔,미즈미야 스,Mizumiya Su,お尻回すやつ！／はちゃめちゃわちゃライフ踊ってみた #vtuber #hololive #dance,2026-09-18T08:00:36Z,285604,21429,869
HAIiSo456Rk,UCjk2nKmHzgH5Xy-C5qYRd5A,홀로라이브,2024 데뷔,미즈미야 스,Mizumiya Su,【雑談／freetalk】ゆるーく深夜に話す【水宮枢／ホロライブ】,2026-09-17T15:45:11Z,174331,5704,74
UmX7nCYQRWI,UCjk2nKmHzgH5Xy-C5qYRd5A,홀로라이브,2024 데뷔,미즈미야 스,Mizumiya Su,ラブパラ／パラパラ踊ってみた #vtuber #hololive #dance,2026-09-17T08:08:14Z,88459,8634,476
i5nLJZM0MxY,UCjk2nKmHzgH5Xy-C5qYRd5A,홀로라이브,2024 데뷔,미즈미야 스,Mizumiya Su,【手書き】 声がでかい 2人 #ホロライブ  #vtuber #animation,2026-09-16T08:00:17Z,193580,11045,463
-Wp1fiob520,UCjk2nKmHzgH5Xy-C5qYRd5A,홀로라이브,2024 데뷔,미즈미야 스,Mizumiya Su,【手書き】ガチャを引く時の水宮／ふたつの木馬  #ホロライブ  #vtuber #animation,2026-09-15T08:00:25Z,193442,16560,830
zgIYYJBHq18,UCjk2nKmHzgH5Xy-C5qYRd5A,홀로라이브,2024 데뷔,미즈미야 스,Mizumiya Su,【雑談／freetalk】朝活🔅あさ過ぎてやばい。おはよう【水宮枢／ホロライブ】,2026-09-14T23:03:53Z,86967,4423,82
xCesfamA8JU,UCjk2nKmHzgH5Xy-C5qYRd5A,홀로라이브,2024 데뷔,미즈미야 스,Mizumiya Su,【 #ししドリ杯／ホロドリ 】team1本番だ〜✨️！！【水宮枢／ホロライブ】,2026-09-14T14:23:37Z,156063,4910,65
82KFyGROd04,UCjk2nKmHzgH5Xy-C5qYRd5A,홀로라이브,2024 데뷔,미즈미야 스,Mizumiya Su,うれぴっぴ／みにみやが踊ってみた #vtuber #ホロライブ #dance,2026-09-14T08:05:01Z,83653,8177,421
KKcWO7cSTYQ,UCjk2nKmHzgH5Xy-C5qYRd5A,홀로라이브,2024 데뷔,미즈미야 스,Mizumiya Su,【ホロドリ】ホロドリやるよ〜🎶練習配信＃【水宮枢／ホロライブ10】,2026-09-13T18:07:20Z,141948,4925,51
-uTBA5Z8_PU,UCjk2nKmHzgH5Xy-C5qYRd5A,홀로라이브,2024 데뷔,미즈미야 스,Mizumiya Su,【3分で覚えて】きゃぴ／宝鐘マリン 踊ってみた #vtuber #hololive #dance,2026-09-13T08:08:08Z,192519,14720,522
sAsX1iOV2cw,UCjk2nKmHzgH5Xy-C5qYRd5A,홀로라이브,2024 데뷔,미즈미야 스,Mizumiya Su,【ホロドリ】ホロドリやるよ〜🎶練習配信＃９【水宮枢／ホロライブ】,2026-09-12T17:21:16Z,134832,4560,55
D3J-vHjyN1k,UCKMWFR6lAstLa7Vbf5dH7ig,홀로라이브,2024 데뷔,린도 치하야,Rindo Chihaya,【F1同時視聴】アゼルバイジャンGP！！！みるっぞみるぞ！！！【#輪堂千速 / #hololivedev_is  #FLOWGLOW 】,2026-09-26T13:25:15Z,57118,2477,48
GuBH9oU45jw,UCKMWFR6lAstLa7Vbf5dH7ig,홀로라이브,2024 데뷔,린도 치하야,Rindo Chihaya,【DARK SOULS III】#9 また火を継ぎにいくぞ！！！！！※ネタバレ禁止【#輪堂千速 / #hololivedev_is  #FLOWGLOW 】,2026-09-26T10:43:46Z,185274,5419,58
HxwogHrIk_w,UCKMWFR6lAstLa7Vbf5dH7ig,홀로라이브,2024 데뷔,린도 치하야,Rindo Chihaya,【#マイクラ肝試し2026】はじめての肝試し！お散歩するゾイ【#輪堂千速 / #hololivedev_is  #FLOWGLOW 】,2026-09-25T18:21:02Z,145149,4662,61
kctpbW6MPec,UCKMWFR6lAstLa7Vbf5dH7ig,홀로라이브,2024 데뷔,린도 치하야,Rindo Chihaya,【同時視聴】#ねぽっくすday2ねぽらぼ×秘密結社holoXのイベントを一緒見るぞお！！！輪堂千速/虎金妃笑虎/ホロライブ】,2026-09-25T07:08:08Z,0,317,0
CWif8AqPJyo,UCKMWFR6lAstLa7Vbf5dH7ig,홀로라이브,2024 데뷔,린도 치하야,Rindo Chihaya,【Minecraft ハードコア】#3 絶対に生きたいマイクラ！！！！！！【#輪堂千速 / #hololivedev_is  #FLOWGLOW 】,2026-09-23T16:10:34Z,173199,5090,65
fFW8PcXboZs,UCKMWFR6lAstLa7Vbf5dH7ig,홀로라이브,2024 데뷔,린도 치하야,Rindo Chihaya,【Minecraft ハードコア】#2 絶対に生きたいマイクラ！！！！！！【#輪堂千速 / #hololivedev_is  #FLOWGLOW 】,2026-09-22T16:30:50Z,151122,4788,74
qm26NA5w37c,UCKMWFR6lAstLa7Vbf5dH7ig,홀로라이브,2024 데뷔,린도 치하야,Rindo Chihaya,【7 Days to Die】死んだら即終了！？ソロ7DTD！【#輪堂千速 / #hololivedev_is  #FLOWGLOW 】,2026-09-22T11:03:38Z,144004,5611,80
X-axaMcpRhI,UCKMWFR6lAstLa7Vbf5dH7ig,홀로라이브,2024 데뷔,린도 치하야,Rindo Chihaya,【Minecraft ハードコア】絶対に生きたいマイクラ！！！！！！【#輪堂千速 / #hololivedev_is  #FLOWGLOW 】,2026-09-21T17:04:01Z,172291,5521,69
n8xurIoviQc,UCKMWFR6lAstLa7Vbf5dH7ig,홀로라이브,2024 데뷔,린도 치하야,Rindo Chihaya,【BOMBANANA】爆弾解除だあああああああああああ！！！！【#輪堂千速 / #hololivedev_is  #FLOWGLOW 】,2026-09-20T14:10:39Z,112639,4704,89
UGQfq16yY1A,UCKMWFR6lAstLa7Vbf5dH7ig,홀로라이브,2024 데뷔,린도 치하야,Rindo Chihaya,打上花火 / 猫又おかゆ × 輪堂千速(cover) #輪堂千速生誕祭2026,2026-09-20T08:00:06Z,160865,8476,280
FN3p3IkNiYg,UCKMWFR6lAstLa7Vbf5dH7ig,홀로라이브,2024 데뷔,린도 치하야,Rindo Chihaya,【7 Days to Die】#ホロ7大豆劇場 最終日🧟‍♀️ 夏はゾンビだ！７DTDだ！！【#輪堂千速 / #hololivedev_is  #FLOWGLOW 】,2026-09-19T15:46:21Z,112210,4682,81
LWW8tI6G5G0,UCKMWFR6lAstLa7Vbf5dH7ig,홀로라이브,2024 데뷔,린도 치하야,Rindo Chihaya,声がでかい女です#shorts #切り抜き #minecraft,2026-09-18T08:00:28Z,107044,6184,158
Goct1Pgd2vM,UCKMWFR6lAstLa7Vbf5dH7ig,홀로라이브,2024 데뷔,린도 치하야,Rindo Chihaya,鈍感なんだから～～～#shorts #切り抜き,2026-09-17T08:00:30Z,115190,9831,400
kvpnGmCbA7Q,UCKMWFR6lAstLa7Vbf5dH7ig,홀로라이브,2024 데뷔,린도 치하야,Rindo Chihaya,愛すべき我らがYAGOO#shorts #切り抜き,2026-09-15T08:00:14Z,42233,3814,180
bi-nw4LERZU,UCKMWFR6lAstLa7Vbf5dH7ig,홀로라이브,2024 데뷔,린도 치하야,Rindo Chihaya,【ホロライブ ドリームス】#ししドリ杯 TEAM１勝つぞ～～～！！！！！【#輪堂千速 / #hololivedev_is  #FLOWGLOW 】,2026-09-14T14:36:19Z,174392,5009,77
JFA0kR9uXTk,UCKMWFR6lAstLa7Vbf5dH7ig,홀로라이브,2024 데뷔,린도 치하야,Rindo Chihaya,【F1同時視聴】スペインGP！！！新サーキットどう！？【#輪堂千速 / #hololivedev_is  #FLOWGLOW 】,2026-09-13T15:19:36Z,68185,2560,54
Fbbp6xRG77E,UCKMWFR6lAstLa7Vbf5dH7ig,홀로라이브,2024 데뷔,린도 치하야,Rindo Chihaya,【ホロライブ ドリームス】大会のために練習せねば！！！！ガチャも！！！【#輪堂千速 / #hololivedev_is  #FLOWGLOW 】,2026-09-13T12:42:52Z,182042,5631,79
BzxLRizbvzQ,UCKMWFR6lAstLa7Vbf5dH7ig,홀로라이브,2024 데뷔,린도 치하야,Rindo Chihaya,ビビってねーし！？！！#shorts #切り抜き,2026-09-12T04:26:15Z,52218,5063,223
7Ll2DdY9mqI,UCKMWFR6lAstLa7Vbf5dH7ig,홀로라이브,2024 데뷔,린도 치하야,Rindo Chihaya,【7 Days to Die】#ホロ7大豆劇場 DAY10🧟‍♀️ 夏はゾンビだ！７DTDだ！！【#輪堂千速 / #hololivedev_is  #FLOWGLOW 】,2026-09-11T14:47:27Z,102650,3993,65
Cu3Le-SmaeU,UCKMWFR6lAstLa7Vbf5dH7ig,홀로라이브,2024 데뷔,린도 치하야,Rindo Chihaya,またザコっていったか？？？#shorts #切り抜き,2026-09-11T08:13:38Z,91086,6432,194
3ssnNDv0hno,UCKMWFR6lAstLa7Vbf5dH7ig,홀로라이브,2024 데뷔,린도 치하야,Rindo Chihaya,【7 Days to Die】#ホロ7大豆劇場 DAY9🧟‍♀️ 夏はゾンビだ！７DTDだ！！【#輪堂千速 / #hololivedev_is  #FLOWGLOW 】,2026-09-09T15:01:08Z,92475,3872,70
CHNXE676wRY,UCKMWFR6lAstLa7Vbf5dH7ig,홀로라이브,2024 데뷔,린도 치하야,Rindo Chihaya,スパとちぱ #shorts #切り抜き #7dtd,2026-09-09T07:51:13Z,137878,6737,213
4m4J3YuFqrI,UCKMWFR6lAstLa7Vbf5dH7ig,홀로라이브,2024 데뷔,린도 치하야,Rindo Chihaya,【7 Days to Die】#ホロ7大豆劇場 DAY8🧟‍♀️ 夏はゾンビだ！７DTDだ！！【#輪堂千速 / #hololivedev_is  #FLOWGLOW 】,2026-09-08T14:24:44Z,148726,5476,78
heKgmkBEcz0,UCKMWFR6lAstLa7Vbf5dH7ig,홀로라이브,2024 데뷔,린도 치하야,Rindo Chihaya,シャンパンファイト🍾 #shorts #切り抜き,2026-09-08T09:26:19Z,51364,4784,161
-m4tBKumcXw,UCKMWFR6lAstLa7Vbf5dH7ig,홀로라이브,2024 데뷔,린도 치하야,Rindo Chihaya,【7 Days to Die】#ホロ7大豆劇場 DAY7🧟‍♀️ 夏はゾンビだ！７DTDだ！！【#輪堂千速 / #hololivedev_is  #FLOWGLOW 】,2026-09-07T16:06:15Z,121041,5294,77
B3oFOpzvocY,UCKMWFR6lAstLa7Vbf5dH7ig,홀로라이브,2024 데뷔,린도 치하야,Rindo Chihaya,【パドック通信】#1 モータースポーツを一緒にもっと楽しむ配信！【#輪堂千速 / #hololivedev_is  #FLOWGLOW 】,2026-09-07T11:09:52Z,99514,4095,124
-6t7PEI62fw,UCKMWFR6lAstLa7Vbf5dH7ig,홀로라이브,2024 데뷔,린도 치하야,Rindo Chihaya,【雑談/chat】日曜日を終わらせたくない【#輪堂千速 / #hololivedev_is  #FLOWGLOW 】,2026-09-06T18:56:06Z,186624,6225,115
Tc5oWXMZkgc,UCKMWFR6lAstLa7Vbf5dH7ig,홀로라이브,2024 데뷔,린도 치하야,Rindo Chihaya,【F1同時視聴】モンツァ決勝！！！！！！！イタリアGP！【#輪堂千速 / #hololivedev_is  #FLOWGLOW 】,2026-09-06T15:50:36Z,65637,2730,47
0-wuS7W2KmE,UCKMWFR6lAstLa7Vbf5dH7ig,홀로라이브,2024 데뷔,린도 치하야,Rindo Chihaya,【F1同時視聴】イタリアGP予選！モンツァだ~~~!!!【#輪堂千速 / #hololivedev_is  #FLOWGLOW 】,2026-09-05T15:53:00Z,54934,2436,73
5NAQWaAN_Sw,UCKMWFR6lAstLa7Vbf5dH7ig,홀로라이브,2024 데뷔,린도 치하야,Rindo Chihaya,これがホロライブ…！ #shorts #切り抜き #7dtd  #ゲーム実況,2026-09-04T08:00:27Z,117839,6186,158
kYlB8wdbzK0,UCGzTVXqMQHa4AgJVJIVvtDQ,홀로라이브,2024 데뷔,키키라라 비비,Kikirara Vivi,最終回！？【 FF7 】完全初見！ファイナルファンタジー７オリジナル！※ネタバレあります【#綺々羅々ヴィヴィ #hololiveDEV_IS #FLOWGLOW】,2026-09-26T12:30:22Z,215896,5011,42
5Q84MLYc3QE,UCGzTVXqMQHa4AgJVJIVvtDQ,홀로라이브,2024 데뷔,키키라라 비비,Kikirara Vivi,激しいあのね！うんうん！#vtuber #ホロライブ #dance #shorts,2026-09-26T06:54:50Z,42735,5678,138
4UXtHi0_8D4,UCGzTVXqMQHa4AgJVJIVvtDQ,홀로라이브,2024 데뷔,키키라라 비비,Kikirara Vivi,【#マイクラ肝試し2026】初めてのマイクラ肝試しやああああ！！！！！【#綺々羅々ヴィヴィ #hololive  #FLOWGLOW  】,2026-09-25T15:35:57Z,208046,5099,48
bxXbchxYYko,UCGzTVXqMQHa4AgJVJIVvtDQ,홀로라이브,2024 데뷔,키키라라 비비,Kikirara Vivi,バジリスクタイム#vtuber #ホロライブ #dance #shorts,2026-09-25T08:00:37Z,114932,9005,341
uQUHf8K8RJw,UCGzTVXqMQHa4AgJVJIVvtDQ,홀로라이브,2024 데뷔,키키라라 비비,Kikirara Vivi,【SILENT HILL:Townfall】最新作‼️ビビりがホラゲーに挑戦！！,2026-09-24T16:45:19Z,241511,6395,58
Grg8l8bDXXs,UCGzTVXqMQHa4AgJVJIVvtDQ,홀로라이브,2024 데뷔,키키라라 비비,Kikirara Vivi,生誕LIVE推しカメラ📸初恋サイダー/MVP#vtuber #ホロライブ #dance #shorts #宝鐘マリン #兎田ぺこら,2026-09-24T08:00:13Z,66049,6290,125
D_tBYkVrwu4,UCGzTVXqMQHa4AgJVJIVvtDQ,홀로라이브,2024 데뷔,키키라라 비비,Kikirara Vivi,#3【 Minecraftハードコア 】〇んだら終わり！？人生初ハードコアに挑戦！！【#綺々羅々ヴィヴィ #hololive  #FLOWGLOW  】,2026-09-23T16:08:37Z,323966,7200,76
uugpiP9o59s,UCGzTVXqMQHa4AgJVJIVvtDQ,홀로라이브,2024 데뷔,키키라라 비비,Kikirara Vivi,【 初配信同時視聴 】ヴィヴィ先輩の初配信をみんなでもう一度…【#綺々羅々ヴィヴィ #hololive  #FLOWGLOW  】,2026-09-23T09:40:37Z,292279,9440,98
0ExQEjSfK5E,UCGzTVXqMQHa4AgJVJIVvtDQ,홀로라이브,2024 데뷔,키키라라 비비,Kikirara Vivi,あのね！！#vtuber #ホロライブ #dance #shorts,2026-09-23T03:00:08Z,167685,15617,272
pNDbIEaUNE0,UCGzTVXqMQHa4AgJVJIVvtDQ,홀로라이브,2024 데뷔,키키라라 비비,Kikirara Vivi,#2【 Minecraftハードコア 】〇んだら終わり！？人生初ハードコアに挑戦！！【#綺々羅々ヴィヴィ #hololive  #FLOWGLOW  】,2026-09-22T16:28:21Z,296867,6549,54
yjKb6QRo4FY,UCGzTVXqMQHa4AgJVJIVvtDQ,홀로라이브,2024 데뷔,키키라라 비비,Kikirara Vivi,【 日本一周漢字の旅 】ＦＧの頭脳担当！お勉強できるもーん！【#綺々羅々ヴィヴィ #hololive  #FLOWGLOW  】,2026-09-22T11:14:56Z,212467,5083,44
YgjUp5yK9xk,UCGzTVXqMQHa4AgJVJIVvtDQ,홀로라이브,2024 데뷔,키키라라 비비,Kikirara Vivi,たけのこ族のたけのこ踊り！#vtuber #ホロライブ #dance #shorts,2026-09-22T08:15:22Z,231511,14846,177
zuBr3gfT2PU,UCGzTVXqMQHa4AgJVJIVvtDQ,홀로라이브,2024 데뷔,키키라라 비비,Kikirara Vivi,【 Minecraftハードコア 】〇んだら終わり！？人生初ハードコアに挑戦！！【#綺々羅々ヴィヴィ #hololive  #FLOWGLOW  】,2026-09-21T17:07:03Z,288247,7263,60
fU_keUk-Ksw,UCGzTVXqMQHa4AgJVJIVvtDQ,홀로라이브,2024 데뷔,키키라라 비비,Kikirara Vivi,#12【 FF7 】完全初見！ファイナルファンタジー７オリジナル！※ネタバレあります【#綺々羅々ヴィヴィ #hololiveDEV_IS #FLOWGLOW】,2026-09-21T11:21:17Z,230549,4805,45
nRE1tQqwHCI,UCGzTVXqMQHa4AgJVJIVvtDQ,홀로라이브,2024 데뷔,키키라라 비비,Kikirara Vivi,全方向美少女？💘#vtuber #ホロライブ #dance,2026-09-21T07:41:56Z,169708,14711,256
bNz95l79nmk,UCGzTVXqMQHa4AgJVJIVvtDQ,홀로라이브,2024 데뷔,키키라라 비비,Kikirara Vivi,【 青鬼２ 】完全初見！初めての青鬼２に挑戦！【#綺々羅々ヴィヴィ #hololive  #FLOWGLOW 】,2026-09-20T19:45:42Z,277379,7296,61
X9oyNC0B_MQ,UCGzTVXqMQHa4AgJVJIVvtDQ,홀로라이브,2024 데뷔,키키라라 비비,Kikirara Vivi,【U-NEXTプレミアリーグ ウォッチパーティー】同時視聴！リーズ vs クリスタル・パレス！【#綺々羅々ヴィヴィ #hololive  #FLOWGLOW  】,2026-09-20T15:13:08Z,116601,3571,27
Ee65v-uUN_Q,UCGzTVXqMQHa4AgJVJIVvtDQ,홀로라이브,2024 데뷔,키키라라 비비,Kikirara Vivi,推しカメラ📸バズーカを使ったMVPの初恋サイダー【#綺々羅々ヴィヴィ】#vtuber #ホロライブ #兎田ぺこら #宝鐘マリン,2026-09-20T03:00:30Z,107152,8475,121
Nd-e83Kupgc,UCGzTVXqMQHa4AgJVJIVvtDQ,홀로라이브,2024 데뷔,키키라라 비비,Kikirara Vivi,【 カメラ 】本日発売！ボリュームボルテックス ホロカ初開封！サイン当たるかな！？【#綺々羅々ヴィヴィ #hololive  #FLOWGLOW  】,2026-09-19T10:21:09Z,319131,6727,53
Oadl6KzRTl0,UCGzTVXqMQHa4AgJVJIVvtDQ,홀로라이브,2024 데뷔,키키라라 비비,Kikirara Vivi,SAN値ピンチ！恋は渾沌の隷也／カメラ目線が難しくてNG📸【#綺々羅々ヴィヴィ】#vtuber #ホロライブ #dance #shorts,2026-09-19T03:00:36Z,114387,11118,227
Ljav30HP2M8,UCGzTVXqMQHa4AgJVJIVvtDQ,홀로라이브,2024 데뷔,키키라라 비비,Kikirara Vivi,【 青鬼２ 】完全初見！初めての青鬼２に挑戦！【#綺々羅々ヴィヴィ #hololive  #FLOWGLOW 】,2026-09-18T12:01:36Z,201956,5807,47
RyyJeiV1ICY,UCGzTVXqMQHa4AgJVJIVvtDQ,홀로라이브,2024 데뷔,키키라라 비비,Kikirara Vivi,IRIS OUTウォーキングからのダンス💃【#綺々羅々ヴィヴィ】#vtuber #ホロライブ #dance #shorts,2026-09-18T08:00:26Z,226480,15454,181
LnDGyytqWbw,UCGzTVXqMQHa4AgJVJIVvtDQ,홀로라이브,2024 데뷔,키키라라 비비,Kikirara Vivi,携帯がなくなりました【#綺々羅々ヴィヴィ #hololive  #FLOWGLOW  】,2026-09-17T15:49:00Z,194463,6902,87
ES3IpT_ZSss,UCGzTVXqMQHa4AgJVJIVvtDQ,홀로라이브,2024 데뷔,키키라라 비비,Kikirara Vivi,LIVE中にお風呂！？🛁生誕推しカメラ📸モニタリング【#綺々羅々ヴィヴィ】#vtuber  #ホロライブ #shorts,2026-09-17T08:00:30Z,406273,19299,141
XgJOjDn5Z7Q,UCGzTVXqMQHa4AgJVJIVvtDQ,홀로라이브,2024 데뷔,키키라라 비비,Kikirara Vivi,【3D LIVE】おねがいダーリン/ぺこヴィヴィ【兎田ぺこら×綺々羅々ヴィヴィ】,2026-09-16T09:00:06Z,118097,6464,206
pQpcb_SfNQg,UCGzTVXqMQHa4AgJVJIVvtDQ,홀로라이브,2024 데뷔,키키라라 비비,Kikirara Vivi,リハ推しカメラ📸モニタリング【#綺々羅々ヴィヴィ】#vtuber #ホロライブ #shorts,2026-09-16T08:00:01Z,402252,21246,167
2UwYnDY41tU,UCGzTVXqMQHa4AgJVJIVvtDQ,홀로라이브,2024 데뷔,키키라라 비비,Kikirara Vivi,突発🚨お風呂入るまでナイトルーティン🛁,2026-09-15T14:30:27Z,152611,5599,122
MQbAJKg5g7M,UCGzTVXqMQHa4AgJVJIVvtDQ,홀로라이브,2024 데뷔,키키라라 비비,Kikirara Vivi,【3D LIVE 】初恋サイダー/MVP【宝鐘マリン×綺々羅々ヴィヴィ×兎田ぺこら】,2026-09-15T09:00:09Z,256706,8872,342
sZLdZXJkRs4,UCGzTVXqMQHa4AgJVJIVvtDQ,홀로라이브,2024 데뷔,키키라라 비비,Kikirara Vivi,ころしちゃった！【#綺々羅々ヴィヴィ】#vtuber#ホロライブ #shorts,2026-09-15T08:04:03Z,58774,5141,198
sMhZJ__GT28,UCGzTVXqMQHa4AgJVJIVvtDQ,홀로라이브,2024 데뷔,키키라라 비비,Kikirara Vivi,【 #ししドリ杯 】ぺこら先輩マリちゃんとMVPで練習！【#綺々羅々ヴィヴィ #hololive  #FLOWGLOW #兎田ぺこら #宝鐘マリン 】,2026-09-14T10:10:39Z,272039,8126,74
BZWqXM0v-fM,UCroM00J2ahCN6k-0-oAiDxg,이세계아이돌,2021-2022 데뷔,아이네,Ine,호박아 무럭무럭 자라렴~,2026-08-16T09:15:34Z,99345,3959,286
UqVFtS26F2g,UCroM00J2ahCN6k-0-oAiDxg,이세계아이돌,2021-2022 데뷔,아이네,Ine,우와5주년기념게임이라니정말너무궁금해서플레이해보고싶은걸,2026-08-08T09:15:02Z,116596,5111,478
OJfAWxSGekU,UCroM00J2ahCN6k-0-oAiDxg,이세계아이돌,2021-2022 데뷔,아이네,Ine,우리 결혼했어요(구라임),2026-07-30T09:15:38Z,70182,3763,211
JqPMn13xOtg,UCroM00J2ahCN6k-0-oAiDxg,이세계아이돌,2021-2022 데뷔,아이네,Ine,가사를 모르면 좋은 노래 #Shorts,2026-07-28T03:15:17Z,193892,10378,373
bJIuSTeLuwU,UCroM00J2ahCN6k-0-oAiDxg,이세계아이돌,2021-2022 데뷔,아이네,Ine,X에서 유행하는 강호동 썰 #Shorts,2026-07-27T03:15:01Z,906430,18073,386
-hBmEbE-UBA,UCroM00J2ahCN6k-0-oAiDxg,이세계아이돌,2021-2022 데뷔,아이네,Ine,기필코 복수한다.,2026-07-26T09:15:36Z,96547,4938,283
otRC11XhUsE,UCroM00J2ahCN6k-0-oAiDxg,이세계아이돌,2021-2022 데뷔,아이네,Ine,날 속인거니 미웡,2026-07-08T09:15:22Z,75715,2977,125
P9Ogfy8cZKk,UCroM00J2ahCN6k-0-oAiDxg,이세계아이돌,2021-2022 데뷔,아이네,Ine,뇌절을 예술로 하는 드라마 '취사병 전설이 되다' 리뷰,2026-06-18T09:25:58Z,71039,3484,345
TzOIr8YOp0g,UCroM00J2ahCN6k-0-oAiDxg,이세계아이돌,2021-2022 데뷔,아이네,Ine,사실이 아닙니다 제발 해명하게 해주세요,2026-06-15T09:15:28Z,109519,4681,248
whsW2S2RK_o,UCroM00J2ahCN6k-0-oAiDxg,이세계아이돌,2021-2022 데뷔,아이네,Ine,"대충 살자, 에스컬레이터에 알 낳는 비둘기처럼",2026-06-12T08:00:38Z,98521,6719,260
U7fESMq3_K0,UCroM00J2ahCN6k-0-oAiDxg,이세계아이돌,2021-2022 데뷔,아이네,Ine,건강하게 먹으려고 노력하고 있습니다 노가리,2026-06-10T09:00:40Z,105681,4751,298
iv99qy4-_BI,UCroM00J2ahCN6k-0-oAiDxg,이세계아이돌,2021-2022 데뷔,아이네,Ine,장기휴방으로 집을 2달 비웠더니 자유를 만끽하는 나의 팬,2026-06-05T09:15:32Z,331520,8801,451
PPjW3Afz6fg,UCroM00J2ahCN6k-0-oAiDxg,이세계아이돌,2021-2022 데뷔,아이네,Ine,롤 뉴비 챔프 추천해주기,2026-06-02T09:23:13Z,91664,4834,125
xF9bzfH6HMg,UCroM00J2ahCN6k-0-oAiDxg,이세계아이돌,2021-2022 데뷔,아이네,Ine,내향인 필살 콤보,2026-06-01T08:00:14Z,84094,4808,146
u-ScWRW2_Qk,UCroM00J2ahCN6k-0-oAiDxg,이세계아이돌,2021-2022 데뷔,아이네,Ine,장기휴방한 이유,2026-05-31T09:15:28Z,182696,7709,578
tVKDVLPilNQ,UCroM00J2ahCN6k-0-oAiDxg,이세계아이돌,2021-2022 데뷔,아이네,Ine,몇 개의 계화탕을 먹었을까 - 성세천하: 여제의 탄생,2026-05-22T08:30:18Z,62985,2069,237
VVkG1tLTht8,UCroM00J2ahCN6k-0-oAiDxg,이세계아이돌,2021-2022 데뷔,아이네,Ine,이름은 꼬미입니다,2026-05-21T09:15:09Z,113197,4634,245
yb_6Vqtzzq8,UCroM00J2ahCN6k-0-oAiDxg,이세계아이돌,2021-2022 데뷔,아이네,Ine,박자 맞춰서 딸깍하는 게임 - 비츠 앤 밥스,2026-05-19T08:30:36Z,37003,1812,96
vvQ2uqW6lbw,UCroM00J2ahCN6k-0-oAiDxg,이세계아이돌,2021-2022 데뷔,아이네,Ine,바탕화면 정리 이렇게 하세요! #Shorts,2026-05-19T03:30:36Z,224935,8885,321
yDsTAVzd-5c,UCroM00J2ahCN6k-0-oAiDxg,이세계아이돌,2021-2022 데뷔,아이네,Ine,발더스 무적의 4인팟,2026-05-18T08:30:24Z,30957,1271,98
Jw9nxjwwm48,UCroM00J2ahCN6k-0-oAiDxg,이세계아이돌,2021-2022 데뷔,아이네,Ine,다들 솜 터지고 싶으세요????,2026-05-17T07:48:32Z,99140,4140,186
Knzzraxlqro,UCroM00J2ahCN6k-0-oAiDxg,이세계아이돌,2021-2022 데뷔,아이네,Ine,꼬리에 꼬리를 무는 꼬리잡기,2026-05-16T09:19:20Z,53323,2767,127
lCGSeDzygNk,UCroM00J2ahCN6k-0-oAiDxg,이세계아이돌,2021-2022 데뷔,아이네,Ine,동의한다고!!!!!!!!!동의한다고!!!!!!!!!동의한다고!!!!!!!!!동의한다고!!!!!!!!!동의한다고!!!!!!!!!동의한다고!!!!!!!!!동의한다고!!!!!!!!!,2026-05-15T09:15:08Z,109200,4461,297
BK93E_dbIuY,UCroM00J2ahCN6k-0-oAiDxg,이세계아이돌,2021-2022 데뷔,아이네,Ine,포코피아 줄넘기 개고수 #Shorts,2026-05-15T04:33:33Z,74274,4260,119
ai_mG8mStZI,UCroM00J2ahCN6k-0-oAiDxg,이세계아이돌,2021-2022 데뷔,아이네,Ine,귀여워봐야 얼마나 귀엽다고... #Shorts,2026-05-14T09:13:49Z,222928,8897,182
Prw0OMuyKyQ,UCroM00J2ahCN6k-0-oAiDxg,이세계아이돌,2021-2022 데뷔,아이네,Ine,운세 봐주기,2026-05-11T09:07:10Z,60086,3334,182
LcjrUa9C7as,UCroM00J2ahCN6k-0-oAiDxg,이세계아이돌,2021-2022 데뷔,아이네,Ine,전설의 호루박을 직관한 영국어 선생님ㄷㄷ #Shorts,2026-05-11T04:14:47Z,145988,4942,121
BHwQ7JeDAK0,UCroM00J2ahCN6k-0-oAiDxg,이세계아이돌,2021-2022 데뷔,아이네,Ine,아닌데?? 별로 안 귀여운데??,2026-05-09T09:34:11Z,115100,4746,219
ICPEgQwAAdo,UCroM00J2ahCN6k-0-oAiDxg,이세계아이돌,2021-2022 데뷔,아이네,Ine,릴파야!! 아프다고!!!,2026-04-26T09:15:01Z,170616,5984,351
1yFyOvmEALc,UCroM00J2ahCN6k-0-oAiDxg,이세계아이돌,2021-2022 데뷔,아이네,Ine,마크 원블럭 요약 #Shorts,2026-04-22T09:15:01Z,208720,8892,142
3xvcsR6gFOo,UCHE7GBQVtdh-c1m3tjFdevQ,이세계아이돌,2021-2022 데뷔,징버거,Jingburger,세돌대학 강의평가,2026-09-25T10:00:05Z,148227,8246,195
ynsqT_qH2dI,UCHE7GBQVtdh-c1m3tjFdevQ,이세계아이돌,2021-2022 데뷔,징버거,Jingburger,세로배꼽 VS 가로배꼽,2026-09-22T09:00:07Z,94069,2684,154
wi7s0Gu3Kv4,UCHE7GBQVtdh-c1m3tjFdevQ,이세계아이돌,2021-2022 데뷔,징버거,Jingburger,연애의 조건에 이세돌 안무를 올려보았다,2026-09-18T11:00:23Z,314799,7354,93
SCWl9bC8Xi0,UCHE7GBQVtdh-c1m3tjFdevQ,이세계아이돌,2021-2022 데뷔,징버거,Jingburger,아직도 주버거 코인 안 탄 사람 없지?,2026-09-15T09:00:27Z,65729,2035,127
qdm86w6eBkQ,UCHE7GBQVtdh-c1m3tjFdevQ,이세계아이돌,2021-2022 데뷔,징버거,Jingburger,"'안녕'과 '안녕하세요'의 차이 (w. 단즈, 민결희)",2026-09-12T07:00:05Z,114473,5588,123
S07CdNc7kCY,UCHE7GBQVtdh-c1m3tjFdevQ,이세계아이돌,2021-2022 데뷔,징버거,Jingburger,mbti별 슬픔을 달래주는 법,2026-09-10T13:00:15Z,121574,4345,83
dy4Z2KW1-74,UCHE7GBQVtdh-c1m3tjFdevQ,이세계아이돌,2021-2022 데뷔,징버거,Jingburger,강아지 키운지 곧 1년... 애가 점점 못생겨지고 있다,2026-09-10T11:00:29Z,100894,2255,96
NS6XHrQ0KBo,UCHE7GBQVtdh-c1m3tjFdevQ,이세계아이돌,2021-2022 데뷔,징버거,Jingburger,안녕하세요징버거TV입니다오늘은로블록스에있는asmr타워를해볼건데요좋아요와구독부탁드립니다,2026-09-09T03:00:13Z,92255,6234,196
DHLhN8jA9gs,UCHE7GBQVtdh-c1m3tjFdevQ,이세계아이돌,2021-2022 데뷔,징버거,Jingburger,초록 눈의 법칙,2026-09-07T05:00:35Z,178434,4875,107
S1RM8Few0jI,UCHE7GBQVtdh-c1m3tjFdevQ,이세계아이돌,2021-2022 데뷔,징버거,Jingburger,이제 애들 게임이 아니라는 로블록스 근황 ㅋㅋㅋ (w. 주버거 데이트),2026-09-06T04:00:30Z,95140,2324,153
bOPaSfMj0Cg,UCHE7GBQVtdh-c1m3tjFdevQ,이세계아이돌,2021-2022 데뷔,징버거,Jingburger,특종) 주르르에게 매달리는 징버거 실존,2026-09-02T09:00:39Z,98040,2362,148
21zYbKjuZOE,UCHE7GBQVtdh-c1m3tjFdevQ,이세계아이돌,2021-2022 데뷔,징버거,Jingburger,우왁굳의 역 서운 쇼,2026-09-02T07:00:37Z,174119,5386,110
-8H2lgH7oxc,UCHE7GBQVtdh-c1m3tjFdevQ,이세계아이돌,2021-2022 데뷔,징버거,Jingburger,팬치가 된 징버거 Remaster,2026-08-29T10:00:17Z,96403,2979,239
PDuOu5jBUsA,UCHE7GBQVtdh-c1m3tjFdevQ,이세계아이돌,2021-2022 데뷔,징버거,Jingburger,징버거 알람 ⏰ 일어나!,2026-08-25T22:00:22Z,72948,5225,139
E6kr6_-IwQg,UCHE7GBQVtdh-c1m3tjFdevQ,이세계아이돌,2021-2022 데뷔,징버거,Jingburger,(실제로 한 말),2026-08-25T12:00:37Z,50065,2578,195
tOIiOZB6Qyk,UCHE7GBQVtdh-c1m3tjFdevQ,이세계아이돌,2021-2022 데뷔,징버거,Jingburger,예측의 경지에 이른 징버거,2026-08-25T12:00:27Z,262955,6633,100
qakSykZ6gqI,UCHE7GBQVtdh-c1m3tjFdevQ,이세계아이돌,2021-2022 데뷔,징버거,Jingburger,[썰툰] 신곡 녹음 끝나고 치맥회동 했습니다,2026-08-21T09:00:01Z,87824,3708,168
vn3ToeFRozg,UCHE7GBQVtdh-c1m3tjFdevQ,이세계아이돌,2021-2022 데뷔,징버거,Jingburger,TV 애니메이션 구작화 vs 신작화,2026-08-16T09:00:27Z,55735,2916,57
D5fztJmg1Q0,UCHE7GBQVtdh-c1m3tjFdevQ,이세계아이돌,2021-2022 데뷔,징버거,Jingburger,SOOP에서 가장 못생긴 버츄얼을 성형하면 예뻐질까? - 버형외과 1화,2026-08-16T07:00:12Z,116404,3463,200
FMQgQxhTgSU,UCHE7GBQVtdh-c1m3tjFdevQ,이세계아이돌,2021-2022 데뷔,징버거,Jingburger,배그에서 업보를 쌓으면 안 되는 이유,2026-08-14T12:00:03Z,70492,3210,40
XITv_6WLq6E,UCHE7GBQVtdh-c1m3tjFdevQ,이세계아이돌,2021-2022 데뷔,징버거,Jingburger,원피스 뉴비가 본 정상전쟁이 너무 열받는 이유 ㅋㅋㅋ - 징버거 노가리,2026-08-12T11:00:02Z,38010,1885,156
_V_dUR7qYJY,UCHE7GBQVtdh-c1m3tjFdevQ,이세계아이돌,2021-2022 데뷔,징버거,Jingburger,생각과는 다른 애니 속 캐릭터 키,2026-08-10T12:00:23Z,257799,5594,142
KhtwnkR6UC4,UCHE7GBQVtdh-c1m3tjFdevQ,이세계아이돌,2021-2022 데뷔,징버거,Jingburger,버츄얼 선배가 뭔지 보여줄게,2026-08-09T10:00:04Z,36021,2298,90
ebXkkDP__VA,UCHE7GBQVtdh-c1m3tjFdevQ,이세계아이돌,2021-2022 데뷔,징버거,Jingburger,개나리즈가 주르르에게 등을 돌린 이유,2026-07-31T10:00:05Z,129376,6618,105
KVEHguMV9dI,UCHE7GBQVtdh-c1m3tjFdevQ,이세계아이돌,2021-2022 데뷔,징버거,Jingburger,요즘 심상치 않다는 아버거 근황 - 이세돌 노가리,2026-07-31T09:00:05Z,49603,2726,127
by9POIcW2hg,UCHE7GBQVtdh-c1m3tjFdevQ,이세계아이돌,2021-2022 데뷔,징버거,Jingburger,이세돌 마크 하코 죽음 모음집,2026-07-27T12:00:12Z,137000,5879,80
89dgjrGZRmE,UCHE7GBQVtdh-c1m3tjFdevQ,이세계아이돌,2021-2022 데뷔,징버거,Jingburger,"""야!!!! 주르르!!!!!!!"" 엔딩 보기 직전 벌어진 대참사 🤬 [이세돌 마크 하코서버 2부]",2026-07-27T11:00:30Z,52999,2187,96
UCwfo9rIYKM,UCHE7GBQVtdh-c1m3tjFdevQ,이세계아이돌,2021-2022 데뷔,징버거,Jingburger,경상도 사람 구분법,2026-07-24T10:00:01Z,148523,4792,112
_YkL8TS-_wk,UCHE7GBQVtdh-c1m3tjFdevQ,이세계아이돌,2021-2022 데뷔,징버거,Jingburger,"""반지의 제왕 안 봤는데요?"" - 명작영화 TOP100 살펴보기",2026-07-23T09:00:05Z,40158,2165,281
jBCKGRetEY0,UCHE7GBQVtdh-c1m3tjFdevQ,이세계아이돌,2021-2022 데뷔,징버거,Jingburger,멧챠 카멜레온 레전드 위장술,2026-07-23T08:30:23Z,209333,5542,101
ydvSUorlf-I,UC-oCJP9t47v7-DmsnmXV38Q,이세계아이돌,2021-2022 데뷔,릴파,Lilpa,"자 따라해봐 ""말랐다""",2026-09-19T09:15:29Z,138194,3267,149
mKDIKksneso,UC-oCJP9t47v7-DmsnmXV38Q,이세계아이돌,2021-2022 데뷔,릴파,Lilpa,언니 뭐해..?,2026-09-13T09:15:10Z,111316,2822,130
6Bi5Z9abclE,UC-oCJP9t47v7-DmsnmXV38Q,이세계아이돌,2021-2022 데뷔,릴파,Lilpa,여러분은 몇 개나 맞출 수 있나요,2026-09-10T03:52:53Z,54908,2915,57
GbTD9XxIbBc,UC-oCJP9t47v7-DmsnmXV38Q,이세계아이돌,2021-2022 데뷔,릴파,Lilpa,너무 높아진 영화채널 평균,2026-09-09T03:00:16Z,72581,3654,46
3N2mmBvDahE,UC-oCJP9t47v7-DmsnmXV38Q,이세계아이돌,2021-2022 데뷔,릴파,Lilpa,최장거리 저격,2026-09-03T03:00:26Z,73730,3954,140
hGEjXcUNP2w,UC-oCJP9t47v7-DmsnmXV38Q,이세계아이돌,2021-2022 데뷔,릴파,Lilpa,딸꾹질 스나이퍼 #shorts,2026-09-02T09:00:15Z,124468,5323,159
wl13HmKXbu8,UC-oCJP9t47v7-DmsnmXV38Q,이세계아이돌,2021-2022 데뷔,릴파,Lilpa,타요야 이게 줌이야,2026-08-29T07:00:15Z,189793,4850,101
qLhcCy10CZE,UC-oCJP9t47v7-DmsnmXV38Q,이세계아이돌,2021-2022 데뷔,릴파,Lilpa,릴파가 군대 맞후임일 때,2026-08-29T03:04:20Z,113179,5064,137
v2tXJa3bv94,UC-oCJP9t47v7-DmsnmXV38Q,이세계아이돌,2021-2022 데뷔,릴파,Lilpa,애교 강제로 시키기,2026-08-28T03:00:19Z,67890,4612,152
KPSfAwyYgvU,UC-oCJP9t47v7-DmsnmXV38Q,이세계아이돌,2021-2022 데뷔,릴파,Lilpa,채팅 도배하는 교수님,2026-08-27T03:00:13Z,82612,4356,101
Z-dnK9fFVrI,UC-oCJP9t47v7-DmsnmXV38Q,이세계아이돌,2021-2022 데뷔,릴파,Lilpa,HEART CRUSH!!! 💙💥#아이리제 #HEARTCRUSHCHALLENGE #하트크러쉬챌린지,2026-08-26T04:16:26Z,166068,10627,221
ZnWwwAP-cZI,UC-oCJP9t47v7-DmsnmXV38Q,이세계아이돌,2021-2022 데뷔,릴파,Lilpa,찌그러진치즈볼,2026-08-25T03:00:25Z,164010,6804,116
jPLdWQMbyZ0,UC-oCJP9t47v7-DmsnmXV38Q,이세계아이돌,2021-2022 데뷔,릴파,Lilpa,말투가 지문인 사람 #shorts,2026-08-23T03:00:13Z,339830,9375,212
R_RifdPI8Yk,UC-oCJP9t47v7-DmsnmXV38Q,이세계아이돌,2021-2022 데뷔,릴파,Lilpa,막내 기강잡기,2026-08-22T09:15:04Z,30320,1326,56
OwI-Q7M_TSM,UC-oCJP9t47v7-DmsnmXV38Q,이세계아이돌,2021-2022 데뷔,릴파,Lilpa,공포 극혐하는 사람이 혼자 남겨질 때 반응 #shorts,2026-08-19T03:00:34Z,145813,5931,126
gksqgsgcevk,UC-oCJP9t47v7-DmsnmXV38Q,이세계아이돌,2021-2022 데뷔,릴파,Lilpa,그냥 웃긴 조합,2026-08-16T05:59:00Z,269356,8106,158
JebfVnrtrxU,UC-oCJP9t47v7-DmsnmXV38Q,이세계아이돌,2021-2022 데뷔,릴파,Lilpa,엉뚱매력 띨과 쭐 케미,2026-08-15T03:00:35Z,123929,4286,107
gdoDTJ_GEOk,UC-oCJP9t47v7-DmsnmXV38Q,이세계아이돌,2021-2022 데뷔,릴파,Lilpa,적혈구 실제로 본 릴파(?) 징고챤 반응,2026-08-13T03:00:10Z,112772,6005,138
uA58Wd3CoFA,UC-oCJP9t47v7-DmsnmXV38Q,이세계아이돌,2021-2022 데뷔,릴파,Lilpa,술찌를 넘어선 술생아ㅋㅋㅋㅋ,2026-08-12T03:00:11Z,73168,4730,94
EVf18J5knfM,UC-oCJP9t47v7-DmsnmXV38Q,이세계아이돌,2021-2022 데뷔,릴파,Lilpa,역대급 주량 갱신,2026-08-11T03:00:23Z,55925,4260,150
8bhMB56ojnU,UC-oCJP9t47v7-DmsnmXV38Q,이세계아이돌,2021-2022 데뷔,릴파,Lilpa,친언니 놀리기,2026-08-10T09:35:52Z,56249,2886,95
jqG_BzNTLy4,UC-oCJP9t47v7-DmsnmXV38Q,이세계아이돌,2021-2022 데뷔,릴파,Lilpa,Save the Bibimbap,2026-08-10T03:00:22Z,120145,5549,174
Kz6vj5PP9rM,UC-oCJP9t47v7-DmsnmXV38Q,이세계아이돌,2021-2022 데뷔,릴파,Lilpa,무릎에 비빔밥 양보하는 비명맛집 비빔인간,2026-08-08T03:00:13Z,50964,4352,145
J9ESKO8IXzw,UC-oCJP9t47v7-DmsnmXV38Q,이세계아이돌,2021-2022 데뷔,릴파,Lilpa,다이아 광산의 끝에서 - [이세돌 팰월드],2026-08-07T03:00:37Z,236017,4881,70
b_nmgt8o4wQ,UC-oCJP9t47v7-DmsnmXV38Q,이세계아이돌,2021-2022 데뷔,릴파,Lilpa,등잔 밑이 어둡다 - [이세돌 팰월드],2026-08-06T09:00:12Z,99959,3611,63
varEJJgp374,UC-oCJP9t47v7-DmsnmXV38Q,이세계아이돌,2021-2022 데뷔,릴파,Lilpa,인위적인데? ㅇㅇㅈㅇㄷ? - [이세돌 팰월드],2026-08-06T03:00:07Z,65156,3565,73
BptUCXIlKIU,UC-oCJP9t47v7-DmsnmXV38Q,이세계아이돌,2021-2022 데뷔,릴파,Lilpa,가챠중독 극악무도 릴렵꾼 - [이세돌 팰월드],2026-08-05T09:00:01Z,58249,3333,48
-NidpNJ4oig,UC-oCJP9t47v7-DmsnmXV38Q,이세계아이돌,2021-2022 데뷔,릴파,Lilpa,중2병파,2026-08-05T03:00:17Z,95231,4664,99
wusQLtlV3L0,UC-oCJP9t47v7-DmsnmXV38Q,이세계아이돌,2021-2022 데뷔,릴파,Lilpa,이파리는 Lilpa Perfect Target💘,2026-08-04T03:00:35Z,56322,4996,118
UXMkDFdJ6tM,UC-oCJP9t47v7-DmsnmXV38Q,이세계아이돌,2021-2022 데뷔,릴파,Lilpa,우울보다 우웅하기,2026-08-01T04:51:11Z,50686,4330,77
ueMK4SeJNAU,UCTifMx1ONpElK5x6B4ng8eg,이세계아이돌,2021-2022 데뷔,주르르,Jururu,터질듯한 세구,2026-09-23T08:53:28Z,63579,1992,157
O2Ma1m8nNOg,UCTifMx1ONpElK5x6B4ng8eg,이세계아이돌,2021-2022 데뷔,주르르,Jururu,내가 그렇게 귀엽나?,2026-09-17T07:45:22Z,59485,4642,125
9f_oFaPpgxA,UCTifMx1ONpElK5x6B4ng8eg,이세계아이돌,2021-2022 데뷔,주르르,Jururu,어느 점이 좋아?,2026-09-12T09:00:37Z,61576,2225,177
_41KxYnjKKs,UCTifMx1ONpElK5x6B4ng8eg,이세계아이돌,2021-2022 데뷔,주르르,Jururu,로블록스 갓겜이네,2026-09-10T04:00:12Z,30191,2323,54
B4M-GQDRdK0,UCTifMx1ONpElK5x6B4ng8eg,이세계아이돌,2021-2022 데뷔,주르르,Jururu,중동혼혈외국인주르르,2026-09-09T04:00:05Z,32637,2336,54
-MPfYT4i-10,UCTifMx1ONpElK5x6B4ng8eg,이세계아이돌,2021-2022 데뷔,주르르,Jururu,로블록스하는 30대 아저씨들,2026-09-08T07:39:06Z,40364,2917,80
ev2i_8TpqoI,UCTifMx1ONpElK5x6B4ng8eg,이세계아이돌,2021-2022 데뷔,주르르,Jururu,스파이더맨 챌린지 #shorts #vtuber,2026-09-07T08:51:58Z,52563,4836,195
QtdBMqd2dNg,UCTifMx1ONpElK5x6B4ng8eg,이세계아이돌,2021-2022 데뷔,주르르,Jururu,쭐산의 BAD 챌린지;;ㄷㄷ #shorts #vtuber,2026-09-02T06:39:24Z,134036,7952,139
a37hiVsNrPA,UCTifMx1ONpElK5x6B4ng8eg,이세계아이돌,2021-2022 데뷔,주르르,Jururu,지금부터 🍋 Tang~Tang~Tang~,2026-08-29T05:08:41Z,48131,4435,107
GAj3Oyr-cXw,UCTifMx1ONpElK5x6B4ng8eg,이세계아이돌,2021-2022 데뷔,주르르,Jururu,4년 전의 나.......,2026-08-28T09:00:33Z,105263,3103,230
OE-nqfvVl4M,UCTifMx1ONpElK5x6B4ng8eg,이세계아이돌,2021-2022 데뷔,주르르,Jururu,"버튜버의 ""너 가난하게 컸어?"" 연기챌린지",2026-08-28T04:00:28Z,49243,3618,112
2cgTmckmmEY,UCTifMx1ONpElK5x6B4ng8eg,이세계아이돌,2021-2022 데뷔,주르르,Jururu,직접 추는 프리티걸 챌린지💝#shorts #vtuber,2026-08-27T04:00:24Z,102191,6979,181
cE66wkoWM_E,UCTifMx1ONpElK5x6B4ng8eg,이세계아이돌,2021-2022 데뷔,주르르,Jururu,호쇼 마린님의 Kyapi! 직접 춤추다🎶 #きゃぴ #宝鐘マリン #dance,2026-08-25T15:05:39Z,100773,7275,170
yBcwU_bK-30,UCTifMx1ONpElK5x6B4ng8eg,이세계아이돌,2021-2022 데뷔,주르르,Jururu,혼자서 코난 성대모사 다해버리는 버튜버;;,2026-08-23T08:35:18Z,38183,3478,149
n_Q69GalFqQ,UCTifMx1ONpElK5x6B4ng8eg,이세계아이돌,2021-2022 데뷔,주르르,Jururu,하트~크러쉬!🩷 #아이리제 #HEARTCRUSHCHALLENGE,2026-08-16T08:37:57Z,205424,15953,313
E9xFNtl4o3E,UCTifMx1ONpElK5x6B4ng8eg,이세계아이돌,2021-2022 데뷔,주르르,Jururu,🌟오늘🧍나는💥찌그러진🧀치즈🟡볼이🎾될 거야🛌,2026-08-10T11:19:04Z,111287,5883,107
tgCZaD3POJo,UCTifMx1ONpElK5x6B4ng8eg,이세계아이돌,2021-2022 데뷔,주르르,Jururu,주르르 또 합격,2026-08-07T08:26:13Z,51250,2528,155
72zDJ3VfXVw,UCTifMx1ONpElK5x6B4ng8eg,이세계아이돌,2021-2022 데뷔,주르르,Jururu,쭐 행동 해서 우리 벗겨먹는거임!!,2026-07-25T08:10:52Z,38270,2605,195
khp5J1QixhQ,UCTifMx1ONpElK5x6B4ng8eg,이세계아이돌,2021-2022 데뷔,주르르,Jururu,세구랑 온천 갔습니다...,2026-07-16T11:29:03Z,50384,3048,184
PN_9teERDCs,UCTifMx1ONpElK5x6B4ng8eg,이세계아이돌,2021-2022 데뷔,주르르,Jururu,말랑말랑 장난감 히히,2026-07-05T09:33:07Z,47601,2692,113
NeVTp4YtW-k,UCTifMx1ONpElK5x6B4ng8eg,이세계아이돌,2021-2022 데뷔,주르르,Jururu,버튜버 최초 감스트 이게뭐야 리믹스 챌린지🤣,2026-07-05T06:20:58Z,183222,8144,233
kPJoESIheiM,UCTifMx1ONpElK5x6B4ng8eg,이세계아이돌,2021-2022 데뷔,주르르,Jururu,합방끝나고 파라파라나 춰야겠다 #shorts #파라파라,2026-07-02T09:03:31Z,209804,9797,202
YqCBOLLhYjo,UCTifMx1ONpElK5x6B4ng8eg,이세계아이돌,2021-2022 데뷔,주르르,Jururu,아야! 세구가 때렸어!! 😫👋 #shorts #vtuber,2026-07-01T13:22:41Z,241065,9481,180
s5qP4jPGK8A,UCTifMx1ONpElK5x6B4ng8eg,이세계아이돌,2021-2022 데뷔,주르르,Jururu,시청자 패션 훈수중 참지 못하고 그만..,2026-07-01T09:00:37Z,24287,1856,89
nh7jV11hWu8,UCTifMx1ONpElK5x6B4ng8eg,이세계아이돌,2021-2022 데뷔,주르르,Jururu,고르르와 아잉네 드라이브♪ #shorts,2026-07-01T07:42:25Z,79212,4842,116
fXDI_Vmi7ag,UCTifMx1ONpElK5x6B4ng8eg,이세계아이돌,2021-2022 데뷔,주르르,Jururu,고(기)세구,2026-06-29T08:05:07Z,94326,3402,45
_pk-C-OLX9g,UCTifMx1ONpElK5x6B4ng8eg,이세계아이돌,2021-2022 데뷔,주르르,Jururu,이걸 못찾아?,2026-06-28T07:54:00Z,203256,5309,56
F7UUr4hFoI4,UCTifMx1ONpElK5x6B4ng8eg,이세계아이돌,2021-2022 데뷔,주르르,Jururu,저는 초밥 인간 입니다,2026-06-26T03:54:45Z,120972,4011,65
fdme2GPZS_Q,UCTifMx1ONpElK5x6B4ng8eg,이세계아이돌,2021-2022 데뷔,주르르,Jururu,메이드 카페 개진상 #shorts,2026-06-25T07:27:20Z,84147,3741,75
QIVkSEyesIU,UCTifMx1ONpElK5x6B4ng8eg,이세계아이돌,2021-2022 데뷔,주르르,Jururu,돌아온 블베땅 VS 신입 메이드 레몬땅 등장??,2026-06-24T07:30:29Z,34049,2254,120
ERkdeL9169Q,UCV9WL7sW6_KjanYkUUaIDfQ,이세계아이돌,2021-2022 데뷔,고세구,Gosegu,뭐하는 사람이야,2026-09-23T09:00:56Z,77056,1953,120
Kms76-2TN2g,UCV9WL7sW6_KjanYkUUaIDfQ,이세계아이돌,2021-2022 데뷔,고세구,Gosegu,왜 구멍을 뚫을까,2026-09-18T09:00:19Z,141579,4799,118
Gi9Y3OyK31I,UCV9WL7sW6_KjanYkUUaIDfQ,이세계아이돌,2021-2022 데뷔,고세구,Gosegu,걱정마세요 진짜 싸우는거예요,2026-09-16T09:00:40Z,82829,2330,156
3ttR8aFUpLw,UCV9WL7sW6_KjanYkUUaIDfQ,이세계아이돌,2021-2022 데뷔,고세구,Gosegu,미친 사이코패스,2026-09-14T08:38:58Z,113385,4398,122
Y8XCrkYZxrs,UCV9WL7sW6_KjanYkUUaIDfQ,이세계아이돌,2021-2022 데뷔,고세구,Gosegu,5년차 매니저의 폭로,2026-09-13T03:50:21Z,101520,2339,139
SpHsHBVKzB4,UCV9WL7sW6_KjanYkUUaIDfQ,이세계아이돌,2021-2022 데뷔,고세구,Gosegu,주르르 꼴보기 싫었어,2026-09-12T08:57:36Z,161414,4403,72
DzwHThUPLHc,UCV9WL7sW6_KjanYkUUaIDfQ,이세계아이돌,2021-2022 데뷔,고세구,Gosegu,가슴 사이즈 유출,2026-09-11T08:50:44Z,45267,2548,113
Og0U8zkqzrQ,UCV9WL7sW6_KjanYkUUaIDfQ,이세계아이돌,2021-2022 데뷔,고세구,Gosegu,스탠딩쇼로 5분 살아남기,2026-09-10T09:00:17Z,62283,1718,113
SXNabIpASeU,UCV9WL7sW6_KjanYkUUaIDfQ,이세계아이돌,2021-2022 데뷔,고세구,Gosegu,전생체험하다 오열한 이유,2026-09-08T10:00:03Z,65815,2108,177
ZDFWD4iSL58,UCV9WL7sW6_KjanYkUUaIDfQ,이세계아이돌,2021-2022 데뷔,고세구,Gosegu,찌그러진 고세구,2026-08-30T03:00:05Z,210674,7992,134
jSfJhTW9N-c,UCV9WL7sW6_KjanYkUUaIDfQ,이세계아이돌,2021-2022 데뷔,고세구,Gosegu,나 볼 거 짱많아,2026-08-29T09:10:18Z,211445,7585,210
QFWS5Jrt9zg,UCV9WL7sW6_KjanYkUUaIDfQ,이세계아이돌,2021-2022 데뷔,고세구,Gosegu,비행기쇼,2026-08-27T08:45:20Z,280388,5466,173
PB8qUI5JPfg,UCV9WL7sW6_KjanYkUUaIDfQ,이세계아이돌,2021-2022 데뷔,고세구,Gosegu,버튜버 최면 전생체험 -광학식 최면 합방,2026-08-27T08:29:56Z,75125,1950,190
K0r7r6IdYDU,UCV9WL7sW6_KjanYkUUaIDfQ,이세계아이돌,2021-2022 데뷔,고세구,Gosegu,주르르 최면걸기,2026-08-26T11:39:29Z,60595,3538,62
ESWAG_EcdKc,UCV9WL7sW6_KjanYkUUaIDfQ,이세계아이돌,2021-2022 데뷔,고세구,Gosegu,울 때까지 하는 눈물 최면,2026-08-26T09:50:30Z,31901,2619,68
MvV3c1Enlb8,UCV9WL7sW6_KjanYkUUaIDfQ,이세계아이돌,2021-2022 데뷔,고세구,Gosegu,엉덩이의 호흡,2026-08-19T09:00:13Z,60704,2781,88
t9vTMMgGUcA,UCV9WL7sW6_KjanYkUUaIDfQ,이세계아이돌,2021-2022 데뷔,고세구,Gosegu,'앙하'를 거꾸로 읽으면,2026-08-19T08:38:20Z,76489,3367,94
Mq9IN_1GGtA,UCV9WL7sW6_KjanYkUUaIDfQ,이세계아이돌,2021-2022 데뷔,고세구,Gosegu,어릴 때 크아 국룰,2026-08-18T09:03:58Z,177085,6993,150
oXWO9bdNfxo,UCV9WL7sW6_KjanYkUUaIDfQ,이세계아이돌,2021-2022 데뷔,고세구,Gosegu,체르노빌에서 500만원 버는 법,2026-08-16T03:00:30Z,14975,1189,79
NIL9xX888X4,UCV9WL7sW6_KjanYkUUaIDfQ,이세계아이돌,2021-2022 데뷔,고세구,Gosegu,이세돌 미래 모습,2026-08-12T09:13:15Z,38290,2397,125
_-5PAkdQZrY,UCV9WL7sW6_KjanYkUUaIDfQ,이세계아이돌,2021-2022 데뷔,고세구,Gosegu,넌 포위됐다,2026-08-11T09:00:05Z,95397,4067,139
2cuy01l8i8s,UCV9WL7sW6_KjanYkUUaIDfQ,이세계아이돌,2021-2022 데뷔,고세구,Gosegu,WET challenge with kiara🧡💙,2026-08-11T08:53:39Z,57522,5365,154
gBdLoJvczz0,UCV9WL7sW6_KjanYkUUaIDfQ,이세계아이돌,2021-2022 데뷔,고세구,Gosegu,유출이 습관,2026-08-10T09:00:44Z,157761,7385,218
9v0m5DKbgaY,UCV9WL7sW6_KjanYkUUaIDfQ,이세계아이돌,2021-2022 데뷔,고세구,Gosegu,한국 음식 먹은 외국인 버튜버 반응?!,2026-08-09T03:00:00Z,55905,3398,182
CPf_q4k077w,UCV9WL7sW6_KjanYkUUaIDfQ,이세계아이돌,2021-2022 데뷔,고세구,Gosegu,스타크래프트 그 유즈맵,2026-08-07T09:29:22Z,68868,2586,86
CNeLn5Xh-Lo,UCV9WL7sW6_KjanYkUUaIDfQ,이세계아이돌,2021-2022 데뷔,고세구,Gosegu,내놓기 부끄러운 동생,2026-08-07T08:59:15Z,179812,6436,147
bRIh-V4uKgU,UCV9WL7sW6_KjanYkUUaIDfQ,이세계아이돌,2021-2022 데뷔,고세구,Gosegu,전남친 인스타,2026-08-06T09:15:46Z,373595,6792,89
c5BcJJDjxZQ,UCV9WL7sW6_KjanYkUUaIDfQ,이세계아이돌,2021-2022 데뷔,고세구,Gosegu,이게 무슨 말이야,2026-08-04T09:00:27Z,26096,1607,76
GevCYEQLLkU,UCV9WL7sW6_KjanYkUUaIDfQ,이세계아이돌,2021-2022 데뷔,고세구,Gosegu,언니한테 잘해라,2026-08-02T09:04:30Z,115112,4528,142
rwEs1C-CmX4,UCV9WL7sW6_KjanYkUUaIDfQ,이세계아이돌,2021-2022 데뷔,고세구,Gosegu,외국인버튜버 한식 먹고 찐반응,2026-08-01T09:13:39Z,105356,6371,201
RcgTJTMSiAM,UCs6EwgxKLY9GG4QNUrP5hoQ,이세계아이돌,2021-2022 데뷔,비챤,Viichan,볼륨주의🚨 챠니 배고프단 말이야!,2026-09-24T04:12:45Z,83359,4406,100
skNiRafxB6c,UCs6EwgxKLY9GG4QNUrP5hoQ,이세계아이돌,2021-2022 데뷔,비챤,Viichan,왜 나야,2026-09-22T09:06:19Z,84887,2098,156
wjpmOanwzA0,UCs6EwgxKLY9GG4QNUrP5hoQ,이세계아이돌,2021-2022 데뷔,비챤,Viichan,You are mine💚✨,2026-09-18T07:59:55Z,38780,3696,109
U0fXubJsy9M,UCs6EwgxKLY9GG4QNUrP5hoQ,이세계아이돌,2021-2022 데뷔,비챤,Viichan,로블록스 시작하자마자 만렙 찍었습니다!! 그런데...,2026-09-17T08:29:08Z,135850,2731,189
N0neMhP9PVk,UCs6EwgxKLY9GG4QNUrP5hoQ,이세계아이돌,2021-2022 데뷔,비챤,Viichan,새벽방송의 위험성,2026-09-15T09:54:07Z,52178,3997,110
S1OI6Hqpa68,UCs6EwgxKLY9GG4QNUrP5hoQ,이세계아이돌,2021-2022 데뷔,비챤,Viichan,나를 너무나도 좋아하는 영택쿤,2026-09-14T08:25:22Z,110390,3003,214
7HyWb2-JFYU,UCs6EwgxKLY9GG4QNUrP5hoQ,이세계아이돌,2021-2022 데뷔,비챤,Viichan,부산갈까,2026-09-13T08:56:40Z,36882,3690,82
H6Lyyc7V3YI,UCs6EwgxKLY9GG4QNUrP5hoQ,이세계아이돌,2021-2022 데뷔,비챤,Viichan,【VIichan】AKAGE meme,2026-09-10T08:56:27Z,68648,5598,166
lhrVJd4w7UA,UCs6EwgxKLY9GG4QNUrP5hoQ,이세계아이돌,2021-2022 데뷔,비챤,Viichan,울ㅋㅋㅋㅋㅋㅋ봌ㅋㅋㅋㅋㅋㅋ원ㅋㅋㅋㅋㅋㅋ,2026-09-08T07:39:45Z,88731,2392,173
Y3AfR4oLy0w,UCs6EwgxKLY9GG4QNUrP5hoQ,이세계아이돌,2021-2022 데뷔,비챤,Viichan,안녕하세오 챠니에요^0^,2026-09-06T07:43:23Z,60229,4605,334
gJDwBKIB4jw,UCs6EwgxKLY9GG4QNUrP5hoQ,이세계아이돌,2021-2022 데뷔,비챤,Viichan,게임 못해서 우는 사람 실존,2026-09-04T08:00:54Z,81268,2561,294
kCLDTAJOaAo,UCs6EwgxKLY9GG4QNUrP5hoQ,이세계아이돌,2021-2022 데뷔,비챤,Viichan,하트 크러쉬 💚  #아이리제 #HEARTCRUSHCHALLENGE,2026-09-01T09:55:49Z,85436,6724,186
RRK2-mdcnjE,UCs6EwgxKLY9GG4QNUrP5hoQ,이세계아이돌,2021-2022 데뷔,비챤,Viichan,녜찡띨쯀뀨쨘떽!,2026-09-01T09:44:19Z,111444,3165,195
U8q-UMn_swI,UCs6EwgxKLY9GG4QNUrP5hoQ,이세계아이돌,2021-2022 데뷔,비챤,Viichan,운전 중 전방주시,2026-08-30T09:34:03Z,260324,7645,128
w2QhJiB9Bps,UCs6EwgxKLY9GG4QNUrP5hoQ,이세계아이돌,2021-2022 데뷔,비챤,Viichan,눕프핵 조공이라며. - 마크 호텔 탈출기,2026-08-27T09:54:32Z,148094,3023,233
o24JDoiLKNs,UCs6EwgxKLY9GG4QNUrP5hoQ,이세계아이돌,2021-2022 데뷔,비챤,Viichan,언니 기강잡기,2026-08-23T07:51:47Z,24038,1340,84
qg29amuNulY,UCs6EwgxKLY9GG4QNUrP5hoQ,이세계아이돌,2021-2022 데뷔,비챤,Viichan,끝날 때 까지 끝난 게 아니다,2026-08-23T07:16:50Z,62160,4613,111
2H2bgG-cEh4,UCs6EwgxKLY9GG4QNUrP5hoQ,이세계아이돌,2021-2022 데뷔,비챤,Viichan,내 인생의 원수,2026-08-20T09:03:50Z,35289,2074,174
V5igwWFbgHA,UCs6EwgxKLY9GG4QNUrP5hoQ,이세계아이돌,2021-2022 데뷔,비챤,Viichan,이제야 이쪽을 보는구나,2026-08-15T09:17:08Z,39468,2407,95
0rnoSUxB_T4,UCs6EwgxKLY9GG4QNUrP5hoQ,이세계아이돌,2021-2022 데뷔,비챤,Viichan,릴파언니는 가족이지,2026-08-14T08:59:32Z,121494,6293,134
Y6mARSmyTDs,UCs6EwgxKLY9GG4QNUrP5hoQ,이세계아이돌,2021-2022 데뷔,비챤,Viichan,뺵룸 그런게 뭐가 무서워,2026-08-11T07:53:36Z,37825,3945,86
lx_g13D65hw,UCs6EwgxKLY9GG4QNUrP5hoQ,이세계아이돌,2021-2022 데뷔,비챤,Viichan,나의 귀여운 아기토끼,2026-08-07T09:23:36Z,54831,4218,69
ZOFoxWDv88o,UCs6EwgxKLY9GG4QNUrP5hoQ,이세계아이돌,2021-2022 데뷔,비챤,Viichan,우울해,2026-08-03T07:44:07Z,37854,4275,98
QK-eObYZSwA,UCs6EwgxKLY9GG4QNUrP5hoQ,이세계아이돌,2021-2022 데뷔,비챤,Viichan,4년만에 뉴 아바타,2026-08-02T08:33:07Z,66742,4067,372
9S8e4L7Xw5M,UCs6EwgxKLY9GG4QNUrP5hoQ,이세계아이돌,2021-2022 데뷔,비챤,Viichan,비챤섹시,2026-08-01T09:42:26Z,45404,3899,125
853ZLUxXY-c,UCs6EwgxKLY9GG4QNUrP5hoQ,이세계아이돌,2021-2022 데뷔,비챤,Viichan,언니야 나 하늘을 날았어,2026-07-31T06:49:33Z,51958,3888,74
tPn4z55YeEk,UCs6EwgxKLY9GG4QNUrP5hoQ,이세계아이돌,2021-2022 데뷔,비챤,Viichan,언니야 나랑놀아(2026),2026-07-30T05:29:11Z,72251,5601,136
W24cSIwesk4,UCs6EwgxKLY9GG4QNUrP5hoQ,이세계아이돌,2021-2022 데뷔,비챤,Viichan,비켜.,2026-07-30T03:30:15Z,82349,3224,203
F_2deSObcuw,UCs6EwgxKLY9GG4QNUrP5hoQ,이세계아이돌,2021-2022 데뷔,비챤,Viichan,셋로그 빈부격차,2026-07-29T10:50:50Z,61208,4512,75
dZE__2FZr2I,UCs6EwgxKLY9GG4QNUrP5hoQ,이세계아이돌,2021-2022 데뷔,비챤,Viichan,조용. 그만.,2026-07-28T06:55:36Z,35659,2278,101
