video_no,chzzk_id,name_ko,name_en,unit,title,publish_date,duration_sec,category,category_type,read_count
15035838,b5ed5db484d04faf4d150aedd362f34b,강지,Kangji,STELLIVE,( ܸ ⩌⩊⩌ ܸ ),2026-09-05 00:30:11,27545,마인크래프트,GAME,414
15023691,b5ed5db484d04faf4d150aedd362f34b,강지,Kangji,STELLIVE,( ܸ ⩌⩊⩌ ܸ ),2026-09-04 03:24:34,21987,마인크래프트,GAME,1778
15013453,b5ed5db484d04faf4d150aedd362f34b,강지,Kangji,STELLIVE,( ܸ ⩌⩊⩌ ܸ ),2026-09-03 19:02:09,10542,마인크래프트,GAME,618
14981862,b5ed5db484d04faf4d150aedd362f34b,강지,Kangji,STELLIVE,( ܸ ⩌⩊⩌ ܸ ),2026-09-01 18:58:35,21741,마인크래프트,GAME,1391
14962091,b5ed5db484d04faf4d150aedd362f34b,강지,Kangji,STELLIVE,( ܸ ⩌⩊⩌ ܸ ),2026-08-31 04:24:31,33705,마인크래프트,GAME,1484
14947075,b5ed5db484d04faf4d150aedd362f34b,강지,Kangji,STELLIVE,2026년 08월 29일 2부 ( ܸ ⩌⩊⩌ ܸ ),2026-08-30 10:58:16,8608,마인크래프트,GAME,1367
14946605,b5ed5db484d04faf4d150aedd362f34b,강지,Kangji,STELLIVE,2026년 08월 29일 1부 ( ܸ ⩌⩊⩌ ܸ ),2026-08-30 07:34:46,61200,마인크래프트,GAME,2076
14926843,b5ed5db484d04faf4d150aedd362f34b,강지,Kangji,STELLIVE,( ܸ ⩌⩊⩌ ܸ ),2026-08-29 02:43:30,46747,마인크래프트,GAME,3648
14902868,b5ed5db484d04faf4d150aedd362f34b,강지,Kangji,STELLIVE,( ܸ ⩌⩊⩌ ܸ ),2026-08-27 20:17:28,8403,이터널 리턴,GAME,1482
14872944,b5ed5db484d04faf4d150aedd362f34b,강지,Kangji,STELLIVE,( ܸ ⩌⩊⩌ ܸ ),2026-08-26 15:42:15,26353,talk,ETC,1960
14827663,b5ed5db484d04faf4d150aedd362f34b,강지,Kangji,STELLIVE,( ܸ ⩌⩊⩌ ܸ ),2026-08-23 00:12:01,32508,talk,ETC,6166
14793554,b5ed5db484d04faf4d150aedd362f34b,강지,Kangji,STELLIVE,( ܸ ⩌⩊⩌ ܸ ),2026-08-20 23:50:20,19923,talk,ETC,10856
14731194,b5ed5db484d04faf4d150aedd362f34b,강지,Kangji,STELLIVE,( ܸ ⩌⩊⩌ ܸ ),2026-08-17 00:40:29,34158,talk,ETC,6285
14716221,b5ed5db484d04faf4d150aedd362f34b,강지,Kangji,STELLIVE,( ܸ ⩌⩊⩌ ܸ ),2026-08-16 01:43:27,35462,데드 바이 데이라이트,GAME,4418
14682423,b5ed5db484d04faf4d150aedd362f34b,강지,Kangji,STELLIVE,( ܸ ⩌⩊⩌ ܸ ),2026-08-14 01:07:53,40887,talk,ETC,3536
14646042,b5ed5db484d04faf4d150aedd362f34b,강지,Kangji,STELLIVE,( ܸ ⩌⩊⩌ ܸ ),2026-08-11 23:10:16,23462,talk,ETC,2005
14615228,b5ed5db484d04faf4d150aedd362f34b,강지,Kangji,STELLIVE,( ܸ ⩌⩊⩌ ܸ ),2026-08-09 23:05:35,27439,데드 바이 데이라이트,GAME,2090
14584880,b5ed5db484d04faf4d150aedd362f34b,강지,Kangji,STELLIVE,( ܸ ⩌⩊⩌ ܸ ),2026-08-08 01:51:03,18547,오버워치,GAME,5668
14566627,b5ed5db484d04faf4d150aedd362f34b,강지,Kangji,STELLIVE,( ܸ ⩌⩊⩌ ܸ ),2026-08-07 00:29:58,18708,talk,ETC,1832
14560364,b5ed5db484d04faf4d150aedd362f34b,강지,Kangji,STELLIVE,( ܸ ⩌⩊⩌ ܸ ),2026-08-06 19:15:48,10317,데드 바이 데이라이트,GAME,1289
14560374,b5ed5db484d04faf4d150aedd362f34b,강지,Kangji,STELLIVE,( ܸ ⩌⩊⩌ ܸ ),2026-08-06 19:15:03,16,데드 바이 데이라이트,GAME,640
14515936,b5ed5db484d04faf4d150aedd362f34b,강지,Kangji,STELLIVE,( ܸ ⩌⩊⩌ ܸ ),2026-08-03 23:02:41,25911,검은사막,GAME,4165
14502702,b5ed5db484d04faf4d150aedd362f34b,강지,Kangji,STELLIVE,( ܸ ⩌⩊⩌ ܸ ),2026-08-03 00:12:41,32146,talk,ETC,1998
14494618,b5ed5db484d04faf4d150aedd362f34b,강지,Kangji,STELLIVE,( ܸ ⩌⩊⩌ ܸ ),2026-08-02 15:07:34,1090,talk,ETC,920
14485432,b5ed5db484d04faf4d150aedd362f34b,강지,Kangji,STELLIVE,( ܸ ⩌⩊⩌ ܸ ),2026-08-01 23:38:23,21940,talk,ETC,1928
14479775,b5ed5db484d04faf4d150aedd362f34b,강지,Kangji,STELLIVE,( ܸ ⩌⩊⩌ ܸ ),2026-08-01 17:19:45,6685,리그 오브 레전드,GAME,525
14478580,b5ed5db484d04faf4d150aedd362f34b,강지,Kangji,STELLIVE,( ܸ ⩌⩊⩌ ܸ ),2026-08-01 15:24:21,3554,리그 오브 레전드,GAME,573
14466245,b5ed5db484d04faf4d150aedd362f34b,강지,Kangji,STELLIVE,( ܸ ⩌⩊⩌ ܸ ),2026-07-31 21:54:13,26424,talk,ETC,1557
14452945,b5ed5db484d04faf4d150aedd362f34b,강지,Kangji,STELLIVE,( ܸ ⩌⩊⩌ ܸ ),2026-07-30 23:59:30,24581,talk,ETC,1714
14445845,b5ed5db484d04faf4d150aedd362f34b,강지,Kangji,STELLIVE,( ܸ ⩌⩊⩌ ܸ ),2026-07-30 16:37:17,2672,talk,ETC,882
14414512,b5ed5db484d04faf4d150aedd362f34b,강지,Kangji,STELLIVE,( ܸ ⩌⩊⩌ ܸ ),2026-07-28 18:38:16,18675,PUBG: 배틀그라운드,GAME,1888
14388866,b5ed5db484d04faf4d150aedd362f34b,강지,Kangji,STELLIVE,( ܸ ⩌⩊⩌ ܸ ),2026-07-26 23:38:35,32902,talk,ETC,2316
14368998,b5ed5db484d04faf4d150aedd362f34b,강지,Kangji,STELLIVE,( ܸ ⩌⩊⩌ ܸ ),2026-07-25 21:23:09,27207,talk,ETC,2192
14301972,b5ed5db484d04faf4d150aedd362f34b,강지,Kangji,STELLIVE,( ܸ ⩌⩊⩌ ܸ ),2026-07-21 20:09:35,22916,talk,ETC,2931
14274931,b5ed5db484d04faf4d150aedd362f34b,강지,Kangji,STELLIVE,( ܸ ⩌⩊⩌ ܸ ),2026-07-19 23:19:08,29943,팰월드,GAME,1706
14261033,b5ed5db484d04faf4d150aedd362f34b,강지,Kangji,STELLIVE,( ܸ ⩌⩊⩌ ܸ ),2026-07-19 01:32:23,38689,talk,ETC,3386
14241569,b5ed5db484d04faf4d150aedd362f34b,강지,Kangji,STELLIVE,( ܸ ⩌⩊⩌ ܸ ),2026-07-17 23:42:31,40311,talk,ETC,1387
14211439,b5ed5db484d04faf4d150aedd362f34b,강지,Kangji,STELLIVE,( ܸ ⩌⩊⩌ ܸ ),2026-07-16 01:15:02,26854,팰월드,GAME,1578
14195655,b5ed5db484d04faf4d150aedd362f34b,강지,Kangji,STELLIVE,( ܸ ⩌⩊⩌ ܸ ),2026-07-15 01:04:37,22055,팰월드,GAME,1745
14167894,b5ed5db484d04faf4d150aedd362f34b,강지,Kangji,STELLIVE,( ܸ ⩌⩊⩌ ܸ ),2026-07-13 03:30:05,28954,팰월드,GAME,1412
14158878,b5ed5db484d04faf4d150aedd362f34b,강지,Kangji,STELLIVE,( ܸ ⩌⩊⩌ ܸ ),2026-07-12 19:24:26,21673,종합 게임,GAME,2598
14158884,b5ed5db484d04faf4d150aedd362f34b,강지,Kangji,STELLIVE,( ܸ ⩌⩊⩌ ܸ ),2026-07-12 19:22:04,12,종합 게임,GAME,636
14131411,b5ed5db484d04faf4d150aedd362f34b,강지,Kangji,STELLIVE,30분방송 ( ܸ ⩌⩊⩌ ܸ ),2026-07-11 01:15:17,5769,talk,ETC,1751
14115810,b5ed5db484d04faf4d150aedd362f34b,강지,Kangji,STELLIVE,개억까 억까 얶가의 날( ܸ ⩌⩊⩌ ܸ ) ㅇ,2026-07-10 01:18:24,7605,talk,ETC,1528
14076023,b5ed5db484d04faf4d150aedd362f34b,강지,Kangji,STELLIVE,( ܸ ⩌⩊⩌ ܸ ) ㅇ,2026-07-07 19:02:47,15154,talk,ETC,2064
14032114,b5ed5db484d04faf4d150aedd362f34b,강지,Kangji,STELLIVE,( ܸ ⩌⩊⩌ ܸ ),2026-07-04 22:55:21,31749,talk,ETC,4919
14012587,b5ed5db484d04faf4d150aedd362f34b,강지,Kangji,STELLIVE,( ܸ ⩌⩊⩌ ܸ ),2026-07-03 20:52:15,9954,talk,ETC,1470
14010559,b5ed5db484d04faf4d150aedd362f34b,강지,Kangji,STELLIVE,( ܸ ⩌⩊⩌ ܸ ),2026-07-03 18:01:05,13271,talk,ETC,758
13966936,b5ed5db484d04faf4d150aedd362f34b,강지,Kangji,STELLIVE, ( ܸ ⩌⩊⩌ ܸ ),2026-06-30 23:21:22,28541,마인크래프트,GAME,1616
13936669,b5ed5db484d04faf4d150aedd362f34b,강지,Kangji,STELLIVE, ( ܸ ⩌⩊⩌ ܸ ),2026-06-28 23:10:41,34806,talk,ETC,2811
13918522,b5ed5db484d04faf4d150aedd362f34b,강지,Kangji,STELLIVE,( ܸ ⩌⩊⩌ ܸ ),2026-06-27 22:39:10,35140,마인크래프트,GAME,1936
13897646,b5ed5db484d04faf4d150aedd362f34b,강지,Kangji,STELLIVE,( ܸ ⩌⩊⩌ ܸ ),2026-06-26 18:51:00,26754,talk,ETC,1957
13877563,b5ed5db484d04faf4d150aedd362f34b,강지,Kangji,STELLIVE,대한민국 vs 남아프리카 공화국 ( ܸ ⩌⩊⩌ ܸ ),2026-06-25 14:53:05,10012,2026 FIFA 북중미 월드컵,SPORTS,1421
13879205,b5ed5db484d04faf4d150aedd362f34b,강지,Kangji,STELLIVE,( ܸ ⩌⩊⩌ ܸ ),2026-06-25 13:48:15,6415,talk,ETC,948
13876026,b5ed5db484d04faf4d150aedd362f34b,강지,Kangji,STELLIVE,스코틀랜드 vs 브라질 ( ܸ ⩌⩊⩌ ܸ ),2026-06-25 10:43:28,7811,2026 FIFA 북중미 월드컵,SPORTS,614
13876121,b5ed5db484d04faf4d150aedd362f34b,강지,Kangji,STELLIVE,대한민국 vs 남아프리카 공화국 ( ܸ ⩌⩊⩌ ܸ ),2026-06-25 09:12:19,264,2026 FIFA 북중미 월드컵,SPORTS,206
13875479,b5ed5db484d04faf4d150aedd362f34b,강지,Kangji,STELLIVE,스코틀랜드 vs 브라질 ( ܸ ⩌⩊⩌ ܸ ),2026-06-25 06:58:20,3973,talk,ETC,337
13857949,b5ed5db484d04faf4d150aedd362f34b,강지,Kangji,STELLIVE, ( ܸ ⩌⩊⩌ ܸ ),2026-06-24 03:32:34,36548,마인크래프트,GAME,2719
13842773,b5ed5db484d04faf4d150aedd362f34b,강지,Kangji,STELLIVE,아르헨티나 vs 오스트리아 ( ܸ ⩌⩊⩌ ܸ ),2026-06-23 05:25:22,5701,2026 FIFA 북중미 월드컵,SPORTS,2203
13841549,b5ed5db484d04faf4d150aedd362f34b,강지,Kangji,STELLIVE,아르헨티나 vs 오스트리아 ( ܸ ⩌⩊⩌ ܸ ),2026-06-23 02:41:26,31338,마인크래프트,GAME,2143
13812287,b5ed5db484d04faf4d150aedd362f34b,강지,Kangji,STELLIVE,독일 vs 코트디부아르 ( ܸ ⩌⩊⩌ ܸ ),2026-06-21 08:21:36,7032,2026 FIFA 북중미 월드컵,SPORTS,716
13812381,b5ed5db484d04faf4d150aedd362f34b,강지,Kangji,STELLIVE,( ܸ ⩌⩊⩌ ܸ ),2026-06-21 07:15:43,798,기타,,727
13810733,b5ed5db484d04faf4d150aedd362f34b,강지,Kangji,STELLIVE,네덜란드 vs 스웨덴 ( ܸ ⩌⩊⩌ ܸ ),2026-06-21 05:47:45,7486,2026 FIFA 북중미 월드컵,SPORTS,608
13811512,b5ed5db484d04faf4d150aedd362f34b,강지,Kangji,STELLIVE,독일 vs 코르디부아르 ( ܸ ⩌⩊⩌ ܸ ),2026-06-21 05:05:07,3873,기타,,284
13808422,b5ed5db484d04faf4d150aedd362f34b,강지,Kangji,STELLIVE,미트라 ( ܸ ⩌⩊⩌ ܸ ),2026-06-21 01:55:50,4408,리그 오브 레전드,GAME,910
13796250,b5ed5db484d04faf4d150aedd362f34b,강지,Kangji,STELLIVE,브라질 vs 아이티 ( ܸ ⩌⩊⩌ ܸ ),2026-06-20 13:16:52,8724,2026 FIFA 북중미 월드컵,SPORTS,824
13795596,b5ed5db484d04faf4d150aedd362f34b,강지,Kangji,STELLIVE,스코틀랜드 vs 모로코 ( ܸ ⩌⩊⩌ ܸ ),2026-06-20 10:31:50,7385,2026 FIFA 북중미 월드컵,SPORTS,410
13795623,b5ed5db484d04faf4d150aedd362f34b,강지,Kangji,STELLIVE,브라질 vs 아이티 ( ܸ ⩌⩊⩌ ܸ ),2026-06-20 09:08:58,267,기타,,252
13795190,b5ed5db484d04faf4d150aedd362f34b,강지,Kangji,STELLIVE,( ܸ ⩌⩊⩌ ܸ ),2026-06-20 07:04:41,13129,멧챠 카멜레온,GAME,1371
13793302,b5ed5db484d04faf4d150aedd362f34b,강지,Kangji,STELLIVE,( ܸ ⩌⩊⩌ ܸ ),2026-06-20 03:28:02,23086,메이플스토리,GAME,2743
13780956,b5ed5db484d04faf4d150aedd362f34b,강지,Kangji,STELLIVE,RPG 초보가 메이플 도전 ( ܸ ⩌⩊⩌ ܸ ),2026-06-19 15:09:52,11300,메이플스토리,GAME,1931
13778799,b5ed5db484d04faf4d150aedd362f34b,강지,Kangji,STELLIVE,대한민국 화이팅 ! ( ܸ ⩌⩊⩌ ܸ ),2026-06-19 14:12:09,8407,2026 FIFA 북중미 월드컵,SPORTS,909
13777669,b5ed5db484d04faf4d150aedd362f34b,강지,Kangji,STELLIVE,대한민국 화이팅 ! ( ܸ ⩌⩊⩌ ܸ ),2026-06-19 09:38:54,3185,talk,ETC,798
13761400,b5ed5db484d04faf4d150aedd362f34b,강지,Kangji,STELLIVE, ( ܸ ⩌⩊⩌ ܸ ),2026-06-18 10:46:01,13121,talk,ETC,1046
13760508,b5ed5db484d04faf4d150aedd362f34b,강지,Kangji,STELLIVE,월드컵 같이보쟈 SIUUUUUUUUU  ( ܸ ⩌⩊⩌ ܸ ),2026-06-18 08:36:32,7576,2026 FIFA 북중미 월드컵,SPORTS,1234
13759385,b5ed5db484d04faf4d150aedd362f34b,강지,Kangji,STELLIVE,월드컵 같이보쟈 SIUUUUUUUUU  ( ܸ ⩌⩊⩌ ܸ ),2026-06-18 06:08:51,9102,2026 FIFA 북중미 월드컵,SPORTS,932
13759921,b5ed5db484d04faf4d150aedd362f34b,강지,Kangji,STELLIVE,월드컵 같이보쟈 SIUUUUUUUUU  ( ܸ ⩌⩊⩌ ܸ ),2026-06-18 04:57:56,3274,리그 오브 레전드,GAME,266
13756974,b5ed5db484d04faf4d150aedd362f34b,강지,Kangji,STELLIVE,월드컵 같이보쟈 SIUUUUUUUUU  ( ܸ ⩌⩊⩌ ܸ ),2026-06-18 01:30:48,204,talk,ETC,303
13732007,b5ed5db484d04faf4d150aedd362f34b,강지,Kangji,STELLIVE,( ܸ ⩌⩊⩌ ܸ ),2026-06-16 17:12:14,5768,talk,ETC,1508
13731184,b5ed5db484d04faf4d150aedd362f34b,강지,Kangji,STELLIVE,( ܸ ⩌⩊⩌ ܸ ),2026-06-16 15:36:13,7335,talk,ETC,944
13702614,b5ed5db484d04faf4d150aedd362f34b,강지,Kangji,STELLIVE,( ܸ ⩌⩊⩌ ܸ ),2026-06-15 14:23:47,11976,talk,ETC,1630
13670013,b5ed5db484d04faf4d150aedd362f34b,강지,Kangji,STELLIVE,( ܸ ⩌⩊⩌ ܸ ),2026-06-12 20:09:37,25245,talk,ETC,1945
13665864,b5ed5db484d04faf4d150aedd362f34b,강지,Kangji,STELLIVE,대한민국 vs 체코 같이보쟈 ( ܸ ⩌⩊⩌ ܸ ),2026-06-12 15:02:55,9410,2026 FIFA 북중미 월드컵,SPORTS,4571
13664649,b5ed5db484d04faf4d150aedd362f34b,강지,Kangji,STELLIVE,졸리 ( ܸ ⩌⩊⩌ ܸ ),2026-06-12 10:26:11,1067,2026 FIFA 북중미 월드컵,SPORTS,679
13651850,b5ed5db484d04faf4d150aedd362f34b,강지,Kangji,STELLIVE,( ܸ ⩌⩊⩌ ܸ ),2026-06-11 18:04:11,19565,talk,ETC,1784
13622291,b5ed5db484d04faf4d150aedd362f34b,강지,Kangji,STELLIVE,아마따 공개ㅋㅋ( ܸ ⩌⩊⩌ ܸ ),2026-06-09 19:54:31,21550,talk,ETC,6589
13597349,b5ed5db484d04faf4d150aedd362f34b,강지,Kangji,STELLIVE,( ܸ ⩌⩊⩌ ܸ ),2026-06-07 23:38:53,22537,이터널 리턴,GAME,1816
13581790,b5ed5db484d04faf4d150aedd362f34b,강지,Kangji,STELLIVE,( ܸ ⩌⩊⩌ ܸ ),2026-06-07 00:40:32,31582,팅커랜드: 어 쉽렉트 어드벤처,GAME,1785
13559882,b5ed5db484d04faf4d150aedd362f34b,강지,Kangji,STELLIVE,( ܸ ⩌⩊⩌ ܸ ),2026-06-05 20:58:01,20044,종합 게임,GAME,1670
13549826,b5ed5db484d04faf4d150aedd362f34b,강지,Kangji,STELLIVE,( ܸ ⩌⩊⩌ ܸ ),2026-06-05 00:48:25,44515,talk,ETC,3110
13523415,b5ed5db484d04faf4d150aedd362f34b,강지,Kangji,STELLIVE,( ܸ ⩌⩊⩌ ܸ ),2026-06-03 12:59:38,36194,talk,ETC,2808
13488084,b5ed5db484d04faf4d150aedd362f34b,강지,Kangji,STELLIVE,( ܸ ⩌⩊⩌ ܸ ),2026-06-01 01:25:00,36805,발로란트,GAME,2579
13467393,b5ed5db484d04faf4d150aedd362f34b,강지,Kangji,STELLIVE, ( ܸ ⩌⩊⩌ ܸ ),2026-05-30 23:25:24,31724,talk,ETC,1227
13450738,b5ed5db484d04faf4d150aedd362f34b,강지,Kangji,STELLIVE, ( ܸ ⩌⩊⩌ ܸ ),2026-05-29 23:51:34,27665,이터널 리턴,GAME,1277
13435591,b5ed5db484d04faf4d150aedd362f34b,강지,Kangji,STELLIVE,( ܸ ⩌⩊⩌ ܸ ),2026-05-29 00:01:23,28538,talk,ETC,2370
13372054,b5ed5db484d04faf4d150aedd362f34b,강지,Kangji,STELLIVE,( ܸ ⩌⩊⩌ ܸ ),2026-05-24 23:50:26,28536,마인크래프트,GAME,4872
13355834,b5ed5db484d04faf4d150aedd362f34b,강지,Kangji,STELLIVE,모라하지마 서버 ( ܸ ⩌⩊⩌ ܸ ),2026-05-24 00:12:34,27207,talk,ETC,3482
13303050,b5ed5db484d04faf4d150aedd362f34b,강지,Kangji,STELLIVE,결국 못잤다( ܸ ⩌⩊⩌ ܸ ),2026-05-20 20:25:16,6062,talk,ETC,1549
13298476,b5ed5db484d04faf4d150aedd362f34b,강지,Kangji,STELLIVE,결국 못잤다( ܸ ⩌⩊⩌ ܸ ),2026-05-20 11:01:22,11925,talk,ETC,1212
13286548,b5ed5db484d04faf4d150aedd362f34b,강지,Kangji,STELLIVE,( ܸ ⩌⩊⩌ ܸ ),2026-05-19 19:06:29,17426,talk,ETC,1431
13259496,b5ed5db484d04faf4d150aedd362f34b,강지,Kangji,STELLIVE, ( ܸ ⩌⩊⩌ ܸ ),2026-05-17 22:20:32,29810,talk,ETC,2254
13241157,b5ed5db484d04faf4d150aedd362f34b,강지,Kangji,STELLIVE,( ܸ ⩌⩊⩌ ܸ ),2026-05-16 21:21:36,27577,talk,ETC,1720
13230307,b5ed5db484d04faf4d150aedd362f34b,강지,Kangji,STELLIVE,좀비감자 ( ܸ ⩌⩊⩌ ܸ ),2026-05-16 02:06:14,38492,talk,ETC,5584
13206036,b5ed5db484d04faf4d150aedd362f34b,강지,Kangji,STELLIVE,좀비감자 ( ܸ ⩌⩊⩌ ܸ ),2026-05-14 19:24:21,18487,talk,ETC,2102
13173336,b5ed5db484d04faf4d150aedd362f34b,강지,Kangji,STELLIVE,( ܸ ⩌⩊⩌ ܸ ),2026-05-12 16:51:30,6957,talk,ETC,1678
13172521,b5ed5db484d04faf4d150aedd362f34b,강지,Kangji,STELLIVE,( ܸ ⩌⩊⩌ ܸ ),2026-05-12 14:57:16,17603,프랫폴,GAME,1972
13153149,b5ed5db484d04faf4d150aedd362f34b,강지,Kangji,STELLIVE,( ܸ ⩌⩊⩌ ܸ ),2026-05-11 01:53:32,38623,talk,ETC,3335
13128980,b5ed5db484d04faf4d150aedd362f34b,강지,Kangji,STELLIVE,( ܸ ⩌⩊⩌ ܸ ),2026-05-09 20:39:55,24588,종합 게임,GAME,7319
13116990,b5ed5db484d04faf4d150aedd362f34b,강지,Kangji,STELLIVE,2026년 05월 08일 2부 STAR TRAIL( ܸ ⩌⩊⩌ ܸ ),2026-05-09 00:53:41,2311,프랫폴,GAME,2832
13115821,b5ed5db484d04faf4d150aedd362f34b,강지,Kangji,STELLIVE,2026년 05월 08일 1부 STAR TRAIL( ܸ ⩌⩊⩌ ܸ ),2026-05-09 00:08:30,61200,프랫폴,GAME,6838
13091219,b5ed5db484d04faf4d150aedd362f34b,강지,Kangji,STELLIVE,( ܸ ⩌⩊⩌ ܸ ),2026-05-07 09:02:11,22969,talk,ETC,3454
13070707,b5ed5db484d04faf4d150aedd362f34b,강지,Kangji,STELLIVE,( ܸ ⩌⩊⩌ ܸ ),2026-05-06 00:40:34,31936,발로란트,GAME,3546
13030013,b5ed5db484d04faf4d150aedd362f34b,강지,Kangji,STELLIVE,졸리( ܸ ⩌⩊⩌ ܸ ),2026-05-03 17:42:43,17579,talk,ETC,2110
13018321,b5ed5db484d04faf4d150aedd362f34b,강지,Kangji,STELLIVE,( ܸ ⩌⩊⩌ ܸ ),2026-05-02 23:16:14,35392,talk,ETC,1903
13005366,b5ed5db484d04faf4d150aedd362f34b,강지,Kangji,STELLIVE,( ܸ ⩌⩊⩌ ܸ ),2026-05-02 01:47:36,29743,오버워치,GAME,3016
12994636,b5ed5db484d04faf4d150aedd362f34b,강지,Kangji,STELLIVE,( ܸ ⩌⩊⩌ ܸ ),2026-05-01 15:00:15,17,talk,ETC,4199
12983781,b5ed5db484d04faf4d150aedd362f34b,강지,Kangji,STELLIVE,( ܸ ⩌⩊⩌ ܸ ),2026-04-30 23:06:18,21267,talk,ETC,3276
12915869,b5ed5db484d04faf4d150aedd362f34b,강지,Kangji,STELLIVE,( ܸ ⩌⩊⩌ ܸ ),2026-04-26 16:40:10,7491,여동생 운전 가르치기,GAME,4759
12907971,b5ed5db484d04faf4d150aedd362f34b,강지,Kangji,STELLIVE,( ܸ ⩌⩊⩌ ܸ ),2026-04-26 01:21:17,36927,talk,ETC,3182
12891205,b5ed5db484d04faf4d150aedd362f34b,강지,Kangji,STELLIVE,전지적 스트리머 시점 감자( ܸ ⩌⩊⩌ ܸ ),2026-04-25 01:27:14,29719,전략적 팀 전투 : 신비의 숲,GAME,5742
12882492,b5ed5db484d04faf4d150aedd362f34b,강지,Kangji,STELLIVE,대회 전에 잠시,2026-04-24 16:54:01,1253,talk,ETC,26170
12863289,b5ed5db484d04faf4d150aedd362f34b,강지,Kangji,STELLIVE,( ܸ ⩌⩊⩌ ܸ ),2026-04-23 04:59:48,2983,talk,ETC,31123
12840786,b5ed5db484d04faf4d150aedd362f34b,강지,Kangji,STELLIVE,( ܸ ⩌⩊⩌ ܸ ),2026-04-21 22:59:37,23663,talk,ETC,2671
12791898,b5ed5db484d04faf4d150aedd362f34b,강지,Kangji,STELLIVE,( ܸ ⩌⩊⩌ ܸ ),2026-04-18 20:41:23,19393,talk,ETC,1338
12788020,b5ed5db484d04faf4d150aedd362f34b,강지,Kangji,STELLIVE,( ܸ ⩌⩊⩌ ܸ ),2026-04-18 15:13:01,334,talk,ETC,817
12776120,b5ed5db484d04faf4d150aedd362f34b,강지,Kangji,STELLIVE,( ܸ ⩌⩊⩌ ܸ ),2026-04-17 22:17:40,24716,파티 애니멀즈,GAME,1188
12730842,b5ed5db484d04faf4d150aedd362f34b,강지,Kangji,STELLIVE,( ܸ ⩌⩊⩌ ܸ ),2026-04-14 23:31:05,24691,발로란트,GAME,2930
12724807,b5ed5db484d04faf4d150aedd362f34b,강지,Kangji,STELLIVE,( ܸ ⩌⩊⩌ ܸ ),2026-04-14 16:30:47,5910,talk,ETC,1090
12683930,b5ed5db484d04faf4d150aedd362f34b,강지,Kangji,STELLIVE,( ܸ ⩌⩊⩌ ܸ ),2026-04-11 23:41:02,34231,talk,ETC,4111
12664395,b5ed5db484d04faf4d150aedd362f34b,강지,Kangji,STELLIVE,( ܸ ⩌⩊⩌ ܸ ),2026-04-10 21:39:26,3879,클로버핏,GAME,1542
12663061,b5ed5db484d04faf4d150aedd362f34b,강지,Kangji,STELLIVE,( ܸ ⩌⩊⩌ ܸ ),2026-04-10 20:04:16,22025,talk,ETC,1627
12628860,b5ed5db484d04faf4d150aedd362f34b,강지,Kangji,STELLIVE,( ܸ ⩌⩊⩌ ܸ ),2026-04-08 16:10:03,2047,talk,ETC,3846
12616153,b5ed5db484d04faf4d150aedd362f34b,강지,Kangji,STELLIVE,.( ܸ ⩌⩊⩌ ܸ ),2026-04-07 20:49:31,25455,PUBG: 배틀그라운드,GAME,2308
12587504,b5ed5db484d04faf4d150aedd362f34b,강지,Kangji,STELLIVE,오늘 배운다.( ܸ ⩌⩊⩌ ܸ ),2026-04-05 21:50:43,26109,피크,GAME,2729
12540825,b5ed5db484d04faf4d150aedd362f34b,강지,Kangji,STELLIVE,( ܸ ⩌⩊⩌ ܸ ),2026-04-03 00:22:39,33329,오버워치,GAME,4766
12521352,b5ed5db484d04faf4d150aedd362f34b,강지,Kangji,STELLIVE,( ܸ ⩌⩊⩌ ܸ ),2026-04-01 22:35:03,27102,PUBG: 배틀그라운드,GAME,19601
12500923,b5ed5db484d04faf4d150aedd362f34b,강지,Kangji,STELLIVE,( ܸ ⩌⩊⩌ ܸ ),2026-03-31 18:32:36,21202,talk,ETC,2414
12455067,b5ed5db484d04faf4d150aedd362f34b,강지,Kangji,STELLIVE,( ܸ ⩌⩊⩌ ܸ ),2026-03-28 20:56:47,25824,talk,ETC,2048
12436746,b5ed5db484d04faf4d150aedd362f34b,강지,Kangji,STELLIVE,( ܸ ⩌⩊⩌ ܸ ),2026-03-27 20:21:14,25140,오버워치,GAME,3682
12402175,b5ed5db484d04faf4d150aedd362f34b,강지,Kangji,STELLIVE,"짧생,,( ܸ ⩌⩊⩌ ܸ )",2026-03-25 16:59:52,4959,talk,ETC,1137
12388569,b5ed5db484d04faf4d150aedd362f34b,강지,Kangji,STELLIVE,( ܸ ⩌⩊⩌ ܸ ),2026-03-24 20:30:23,27044,슬레이 더 스파이어 2,GAME,1481
12359528,b5ed5db484d04faf4d150aedd362f34b,강지,Kangji,STELLIVE,( ܸ ⩌⩊⩌ ܸ ),2026-03-22 21:56:32,28942,talk,ETC,2067
12353434,b5ed5db484d04faf4d150aedd362f34b,강지,Kangji,STELLIVE,( ܸ ⩌⩊⩌ ܸ ),2026-03-22 13:41:12,223,talk,ETC,761
12337999,b5ed5db484d04faf4d150aedd362f34b,강지,Kangji,STELLIVE,오랜만 입니댜( ܸ ⩌⩊⩌ ܸ ),2026-03-21 17:31:53,22466,talk,ETC,1774
12248465,b5ed5db484d04faf4d150aedd362f34b,강지,Kangji,STELLIVE,( ܸ ⩌⩊⩌ ܸ ),2026-03-16 00:01:10,34770,talk,ETC,3216
12226559,b5ed5db484d04faf4d150aedd362f34b,강지,Kangji,STELLIVE,( ܸ ⩌⩊⩌ ܸ ),2026-03-14 21:02:54,22190,talk,ETC,2624
12210982,b5ed5db484d04faf4d150aedd362f34b,강지,Kangji,STELLIVE,( ܸ ⩌⩊⩌ ܸ ),2026-03-13 23:19:17,29122,talk,ETC,4078
12190615,b5ed5db484d04faf4d150aedd362f34b,강지,Kangji,STELLIVE,( ܸ ⩌⩊⩌ ܸ ),2026-03-12 19:42:01,25801,코어 키퍼,GAME,1252
12127001,b5ed5db484d04faf4d150aedd362f34b,강지,Kangji,STELLIVE,( ܸ ⩌⩊⩌ ܸ ),2026-03-08 18:53:10,11282,talk,ETC,1142
12124598,b5ed5db484d04faf4d150aedd362f34b,강지,Kangji,STELLIVE,( ܸ ⩌⩊⩌ ܸ ),2026-03-08 15:41:19,7667,talk,ETC,1134
12111931,b5ed5db484d04faf4d150aedd362f34b,강지,Kangji,STELLIVE,마지막 불꽃( ܸ ⩌⩊⩌ ܸ ),2026-03-07 21:51:30,23034,talk,ETC,1246
12084695,b5ed5db484d04faf4d150aedd362f34b,강지,Kangji,STELLIVE,( ܸ ⩌⩊⩌ ܸ ),2026-03-06 02:35:32,39054,마인크래프트,GAME,1422
12069752,b5ed5db484d04faf4d150aedd362f34b,강지,Kangji,STELLIVE,( ܸ ⩌⩊⩌ ܸ ),2026-03-05 04:26:39,47401,마인크래프트,GAME,818
12039415,b5ed5db484d04faf4d150aedd362f34b,강지,Kangji,STELLIVE,( ܸ ⩌⩊⩌ ܸ ),2026-03-03 08:27:18,54666,마인크래프트,GAME,2400
12021326,b5ed5db484d04faf4d150aedd362f34b,강지,Kangji,STELLIVE,( ܸ ⩌⩊⩌ ܸ ),2026-03-02 04:33:11,48649,마인크래프트,GAME,2470
11993128,b5ed5db484d04faf4d150aedd362f34b,강지,Kangji,STELLIVE,( ܸ ⩌⩊⩌ ܸ ),2026-02-28 18:27:02,4782,마인크래프트,GAME,1571
11987978,b5ed5db484d04faf4d150aedd362f34b,강지,Kangji,STELLIVE,( ܸ ⩌⩊⩌ ܸ ),2026-02-28 06:23:22,45413,마인크래프트,GAME,1651
11969873,b5ed5db484d04faf4d150aedd362f34b,강지,Kangji,STELLIVE,( ܸ ⩌⩊⩌ ܸ ),2026-02-27 04:27:45,37439,마인크래프트,GAME,2108
11953185,b5ed5db484d04faf4d150aedd362f34b,강지,Kangji,STELLIVE,.( ܸ ⩌⩊⩌ ܸ ),2026-02-26 04:30:26,48786,마인크래프트,GAME,1671
11936447,b5ed5db484d04faf4d150aedd362f34b,강지,Kangji,STELLIVE, 도태..라니..( ܸ ⩌⩊⩌ ܸ ),2026-02-25 04:37:02,44354,마인크래프트,GAME,1940
11903966,b5ed5db484d04faf4d150aedd362f34b,강지,Kangji,STELLIVE, ( ܸ ⩌⩊⩌ ܸ ),2026-02-23 04:15:11,28743,마인크래프트,GAME,1943
11892499,b5ed5db484d04faf4d150aedd362f34b,강지,Kangji,STELLIVE, ( ܸ ⩌⩊⩌ ܸ ),2026-02-22 18:03:30,13720,마인크래프트,GAME,1767
11886380,b5ed5db484d04faf4d150aedd362f34b,강지,Kangji,STELLIVE,"부활,, ( ܸ ⩌⩊⩌ ܸ )",2026-02-22 04:32:30,48901,마인크래프트,GAME,4132
11808243,b5ed5db484d04faf4d150aedd362f34b,강지,Kangji,STELLIVE,무리하지 않고 하기 ( ܸ ⩌⩊⩌ ܸ ),2026-02-17 18:24:01,18891,talk,ETC,5846
11794740,b5ed5db484d04faf4d150aedd362f34b,강지,Kangji,STELLIVE,무리하지 않고 하기 ( ܸ ⩌⩊⩌ ܸ ),2026-02-16 18:18:13,15127,리그 오브 레전드,GAME,2964
11782740,b5ed5db484d04faf4d150aedd362f34b,강지,Kangji,STELLIVE,오늘의 생존일기( ܸ ⩌⩊⩌ ܸ ),2026-02-15 22:12:44,5755,talk,ETC,1062
11713226,b5ed5db484d04faf4d150aedd362f34b,강지,Kangji,STELLIVE,( ܸ ⩌⩊⩌ ܸ ),2026-02-11 22:20:53,31258,PUBG: 배틀그라운드,GAME,2767
11691470,b5ed5db484d04faf4d150aedd362f34b,강지,Kangji,STELLIVE,( ܸ ⩌⩊⩌ ܸ ),2026-02-10 16:18:51,11832,리그 오브 레전드,GAME,1516
11659295,b5ed5db484d04faf4d150aedd362f34b,강지,Kangji,STELLIVE,( ܸ ⩌⩊⩌ ܸ ),2026-02-08 17:10:22,25379,talk,ETC,2712
11656177,b5ed5db484d04faf4d150aedd362f34b,강지,Kangji,STELLIVE,( ܸ ⩌⩊⩌ ܸ ),2026-02-08 09:52:34,1146,리그 오브 레전드,GAME,1890
11608511,b5ed5db484d04faf4d150aedd362f34b,강지,Kangji,STELLIVE,( ܸ ⩌⩊⩌ ܸ ),2026-02-05 19:38:19,12727,talk,ETC,2203
11605170,b5ed5db484d04faf4d150aedd362f34b,강지,Kangji,STELLIVE,( ܸ ⩌⩊⩌ ܸ ),2026-02-05 14:01:22,5901,talk,ETC,1528
11594849,b5ed5db484d04faf4d150aedd362f34b,강지,Kangji,STELLIVE,( ܸ ⩌⩊⩌ ܸ ),2026-02-04 22:50:22,18334,마인크래프트,GAME,2383
11582888,b5ed5db484d04faf4d150aedd362f34b,강지,Kangji,STELLIVE,( ܸ ⩌⩊⩌ ܸ ),2026-02-04 01:38:54,30013,마인크래프트,GAME,1581
11553000,b5ed5db484d04faf4d150aedd362f34b,강지,Kangji,STELLIVE,( ܸ ⩌⩊⩌ ܸ ),2026-02-02 03:51:49,47223,마인크래프트,GAME,4153
11536634,b5ed5db484d04faf4d150aedd362f34b,강지,Kangji,STELLIVE,( ܸ ⩌⩊⩌ ܸ ),2026-02-01 05:13:57,41915,마인크래프트,GAME,2717
11477103,b5ed5db484d04faf4d150aedd362f34b,강지,Kangji,STELLIVE,ㅠ ( ܸ ⩌⩊⩌ ܸ ),2026-01-28 22:20:29,12732,talk,ETC,2137
11455767,b5ed5db484d04faf4d150aedd362f34b,강지,Kangji,STELLIVE,커피를 마시고 밤낮을 바꿔봐요 ( ܸ ⩌⩊⩌ ܸ ),2026-01-27 15:51:11,24818,talk,ETC,2868
11432472,b5ed5db484d04faf4d150aedd362f34b,강지,Kangji,STELLIVE,( ܸ ⩌⩊⩌ ܸ ),2026-01-26 00:30:51,30204,talk,ETC,3413
11413373,b5ed5db484d04faf4d150aedd362f34b,강지,Kangji,STELLIVE,( ܸ ⩌⩊⩌ ܸ ),2026-01-24 23:13:18,23737,talk,ETC,3086
11340334,b5ed5db484d04faf4d150aedd362f34b,강지,Kangji,STELLIVE,( ܸ ⩌⩊⩌ ܸ ),2026-01-22 05:05:59,23139,talk,ETC,2859
11299731,b5ed5db484d04faf4d150aedd362f34b,강지,Kangji,STELLIVE,노쇼는 안된다!!!!!! ( ܸ ⩌⩊⩌ ܸ ),2026-01-18 02:30:49,30266,talk,ETC,3347
11281664,b5ed5db484d04faf4d150aedd362f34b,강지,Kangji,STELLIVE,( ܸ ⩌⩊⩌ ܸ ),2026-01-17 01:51:45,22851,talk,ETC,2584
11268841,b5ed5db484d04faf4d150aedd362f34b,강지,Kangji,STELLIVE,( ܸ ⩌⩊⩌ ܸ ),2026-01-16 07:31:59,32478,talk,ETC,4111
11249873,b5ed5db484d04faf4d150aedd362f34b,강지,Kangji,STELLIVE,( ܸ ⩌⩊⩌ ܸ ),2026-01-15 03:36:43,38962,마인크래프트,GAME,2657
11156594,b5ed5db484d04faf4d150aedd362f34b,강지,Kangji,STELLIVE,( ܸ ⩌⩊⩌ ܸ ),2026-01-09 21:39:15,23059,talk,ETC,2798
11126412,b5ed5db484d04faf4d150aedd362f34b,강지,Kangji,STELLIVE,( ܸ ⩌⩊⩌ ܸ ),2026-01-08 00:08:25,23783,모두의마블 PC,GAME,2673
11106722,b5ed5db484d04faf4d150aedd362f34b,강지,Kangji,STELLIVE,( ܸ ⩌⩊⩌ ܸ ),2026-01-06 22:06:52,14921,talk,ETC,2234
11061865,b5ed5db484d04faf4d150aedd362f34b,강지,Kangji,STELLIVE,( ܸ ⩌⩊⩌ ܸ ),2026-01-04 01:06:36,43566,talk,ETC,3900
11027856,b5ed5db484d04faf4d150aedd362f34b,강지,Kangji,STELLIVE,2026 건강하쟈 ( ܸ ⩌⩊⩌ ܸ ),2026-01-02 00:39:26,36159,talk,ETC,3576
11010606,b5ed5db484d04faf4d150aedd362f34b,강지,Kangji,STELLIVE,( ܸ ⩌⩊⩌ ܸ ),2026-01-01 02:00:00,39761,talk,ETC,9197
10986131,b5ed5db484d04faf4d150aedd362f34b,강지,Kangji,STELLIVE,( ܸ ⩌⩊⩌ ܸ ),2025-12-30 21:19:56,25377,talk,ETC,5650
10941282,b5ed5db484d04faf4d150aedd362f34b,강지,Kangji,STELLIVE,( ܸ ⩌⩊⩌ ܸ ),2025-12-27 23:33:14,37627,마인크래프트,GAME,6291
10921052,b5ed5db484d04faf4d150aedd362f34b,강지,Kangji,STELLIVE,( ܸ ⩌⩊⩌ ܸ ),2025-12-26 20:26:34,39189,마인크래프트,GAME,3964
10873373,b5ed5db484d04faf4d150aedd362f34b,강지,Kangji,STELLIVE,( ܸ ⩌⩊⩌ ܸ ),2025-12-24 00:25:10,411,마인크래프트,GAME,6402
10837711,b5ed5db484d04faf4d150aedd362f34b,강지,Kangji,STELLIVE,( ܸ ⩌⩊⩌ ܸ ),2025-12-23 02:07:39,28688,마인크래프트,GAME,5105
10859409,b5ed5db484d04faf4d150aedd362f34b,강지,Kangji,STELLIVE,( ܸ ⩌⩊⩌ ܸ ),2025-12-23 01:46:56,39952,마인크래프트,GAME,5630
10774296,b5ed5db484d04faf4d150aedd362f34b,강지,Kangji,STELLIVE,( ܸ ⩌⩊⩌ ܸ ),2025-12-17 23:28:10,27001,리그 오브 레전드,GAME,11103
10765028,b5ed5db484d04faf4d150aedd362f34b,강지,Kangji,STELLIVE,감자의 야식 30분타임 ( ܸ ⩌⩊⩌ ܸ ),2025-12-17 05:09:38,3396,talk,ETC,3357
10733256,b5ed5db484d04faf4d150aedd362f34b,강지,Kangji,STELLIVE,( ܸ ⩌⩊⩌ ܸ ),2025-12-15 04:07:58,38985,talk,ETC,3200
10713918,b5ed5db484d04faf4d150aedd362f34b,강지,Kangji,STELLIVE,( ܸ ⩌⩊⩌ ܸ ),2025-12-14 01:43:21,36144,리그 오브 레전드,GAME,2737
10693406,b5ed5db484d04faf4d150aedd362f34b,강지,Kangji,STELLIVE,오늘도 어김없이 돌아온ww( ܸ ⩌⩊⩌ ܸ ),2025-12-13 13:53:18,33911,전략적 팀 전투 : 신비의 숲,GAME,1600
10660355,b5ed5db484d04faf4d150aedd362f34b,강지,Kangji,STELLIVE,( ܸ ⩌⩊⩌ ܸ ),2025-12-10 22:52:58,27460,talk,ETC,3611
10642001,b5ed5db484d04faf4d150aedd362f34b,강지,Kangji,STELLIVE,( ܸ ⩌⩊⩌ ܸ ),2025-12-09 20:38:27,22260,talk,ETC,1352
10613828,b5ed5db484d04faf4d150aedd362f34b,강지,Kangji,STELLIVE,( ܸ ⩌⩊⩌ ܸ ),2025-12-07 22:06:11,31982,talk,ETC,5043
10600273,b5ed5db484d04faf4d150aedd362f34b,강지,Kangji,STELLIVE,( ܸ ⩌⩊⩌ ܸ ),2025-12-07 00:28:45,39462,talk,ETC,8129
10584128,b5ed5db484d04faf4d150aedd362f34b,강지,Kangji,STELLIVE,몰래 온 손님 정감자( ܸ ⩌⩊⩌ ܸ ),2025-12-07 00:14:43,5431,talk,ETC,2255
10531343,b5ed5db484d04faf4d150aedd362f34b,강지,Kangji,STELLIVE,치지직컵 같이보쟈 ( ܸ ⩌⩊⩌ ܸ ),2025-12-04 01:33:08,17343,리그 오브 레전드,GAME,8427
10518783,b5ed5db484d04faf4d150aedd362f34b,강지,Kangji,STELLIVE, 치지직컵 같이보쟈 ( ܸ ⩌⩊⩌ ܸ ),2025-12-01 23:19:21,19718,리그 오브 레전드,GAME,7930
10504117,b5ed5db484d04faf4d150aedd362f34b,강지,Kangji,STELLIVE, ( ܸ ⩌⩊⩌ ܸ ),2025-11-30 23:36:40,31150,talk,ETC,5637
10495450,b5ed5db484d04faf4d150aedd362f34b,강지,Kangji,STELLIVE,( ܸ ⩌⩊⩌ ܸ ),2025-11-30 12:49:20,1248,talk,ETC,2549
10486275,b5ed5db484d04faf4d150aedd362f34b,강지,Kangji,STELLIVE,치지직컵 같이보쟈 ( ܸ ⩌⩊⩌ ܸ ),2025-11-29 23:12:41,32797,리그 오브 레전드,GAME,7573
10471768,b5ed5db484d04faf4d150aedd362f34b,강지,Kangji,STELLIVE,( ܸ ⩌⩊⩌ ܸ ),2025-11-29 00:57:42,28626,talk,ETC,3160
10446813,b5ed5db484d04faf4d150aedd362f34b,강지,Kangji,STELLIVE,짧 에메런( ܸ ⩌⩊⩌ ܸ ),2025-11-27 15:35:25,9410,리그 오브 레전드,GAME,1176
10434450,b5ed5db484d04faf4d150aedd362f34b,강지,Kangji,STELLIVE,( ܸ ⩌⩊⩌ ܸ ),2025-11-26 21:14:40,21066,talk,ETC,2806
10418563,b5ed5db484d04faf4d150aedd362f34b,강지,Kangji,STELLIVE,( ܸ ⩌⩊⩌ ܸ ),2025-11-25 21:07:19,26176,리그 오브 레전드,GAME,1718
10370299,b5ed5db484d04faf4d150aedd362f34b,강지,Kangji,STELLIVE,( ܸ ⩌⩊⩌ ܸ ),2025-11-22 20:07:36,16459,talk,ETC,2212
10366205,b5ed5db484d04faf4d150aedd362f34b,강지,Kangji,STELLIVE,( ܸ ⩌⩊⩌ ܸ ),2025-11-22 14:00:46,10220,talk,ETC,1652
10355664,b5ed5db484d04faf4d150aedd362f34b,강지,Kangji,STELLIVE,아 마따 님들( ܸ ⩌⩊⩌ ܸ ),2025-11-22 11:20:47,36306,talk,ETC,3053
10306006,b5ed5db484d04faf4d150aedd362f34b,강지,Kangji,STELLIVE,유니 지구던지기 ( ܸ ⩌⩊⩌ ܸ ),2025-11-18 23:07:53,23827,talk,ETC,4121
10279216,b5ed5db484d04faf4d150aedd362f34b,강지,Kangji,STELLIVE,( ܸ ⩌⩊⩌ ܸ ),2025-11-17 01:28:22,38551,talk,ETC,4941
10254861,b5ed5db484d04faf4d150aedd362f34b,강지,Kangji,STELLIVE,해피벌데이 ( ܸ ⩌⩊⩌ ܸ ),2025-11-15 19:26:50,20157,talk,ETC,5471
10241970,b5ed5db484d04faf4d150aedd362f34b,강지,Kangji,STELLIVE,( ܸ ⩌⩊⩌ ܸ ),2025-11-14 23:48:02,7037,talk,ETC,2311
10229957,b5ed5db484d04faf4d150aedd362f34b,강지,Kangji,STELLIVE,( ܸ ⩌⩊⩌ ܸ ),2025-11-14 02:21:44,42076,talk,ETC,1968
10208378,b5ed5db484d04faf4d150aedd362f34b,강지,Kangji,STELLIVE,( ܸ ⩌⩊⩌ ܸ ),2025-11-12 23:08:05,24074,talk,ETC,1562
10160817,b5ed5db484d04faf4d150aedd362f34b,강지,Kangji,STELLIVE,( ܸ ⩌⩊⩌ ܸ ),2025-11-09 22:05:22,31820,데드 바이 데이라이트,GAME,1971
10147750,b5ed5db484d04faf4d150aedd362f34b,강지,Kangji,STELLIVE,( ܸ ⩌⩊⩌ ܸ ),2025-11-09 01:08:08,41794,선즈 오브 더 포레스트,GAME,2075
10125687,b5ed5db484d04faf4d150aedd362f34b,강지,Kangji,STELLIVE,( ܸ ⩌⩊⩌ ܸ ),2025-11-07 22:07:33,36065,리그 오브 레전드,GAME,5178
10046520,b5ed5db484d04faf4d150aedd362f34b,강지,Kangji,STELLIVE,( ܸ ⩌⩊⩌ ܸ ),2025-11-02 22:04:17,34098,리그 오브 레전드,GAME,2059
10010449,b5ed5db484d04faf4d150aedd362f34b,강지,Kangji,STELLIVE,( ܸ ⩌⩊⩌ ܸ ),2025-10-31 21:36:32,27570,마인크래프트,GAME,3908
9977797,b5ed5db484d04faf4d150aedd362f34b,강지,Kangji,STELLIVE,( ܸ ⩌⩊⩌ ܸ ),2025-10-29 21:24:12,21822,talk,ETC,2486
9932053,b5ed5db484d04faf4d150aedd362f34b,강지,Kangji,STELLIVE,4기생 4차모집 많관부 마지막날!! ( ܸ ⩌⩊⩌ ܸ ),2025-10-26 21:45:55,31078,talk,ETC,2801
9911906,b5ed5db484d04faf4d150aedd362f34b,강지,Kangji,STELLIVE,4기생 4차모집 많관부 2일 남음!!! ( ܸ ⩌⩊⩌ ܸ ),2025-10-25 18:38:37,26818,talk,ETC,1796
9894323,b5ed5db484d04faf4d150aedd362f34b,강지,Kangji,STELLIVE,( ܸ ⩌⩊⩌ ܸ ),2025-10-24 18:46:20,5941,talk,ETC,2299
9816819,b5ed5db484d04faf4d150aedd362f34b,강지,Kangji,STELLIVE,( ܸ ⩌⩊⩌ ܸ ),2025-10-19 19:40:36,32858,포켓몬 레전드 Z-A,GAME,2022
9800274,b5ed5db484d04faf4d150aedd362f34b,강지,Kangji,STELLIVE,( ܸ ⩌⩊⩌ ܸ ),2025-10-18 20:58:16,43316,포켓몬 레전드 Z-A,GAME,2065
9775401,b5ed5db484d04faf4d150aedd362f34b,강지,Kangji,STELLIVE,( ܸ ⩌⩊⩌ ܸ ),2025-10-17 04:01:13,49557,포켓몬 레전드 Z-A,GAME,3230
9753403,b5ed5db484d04faf4d150aedd362f34b,강지,Kangji,STELLIVE,( ܸ ⩌⩊⩌ ܸ ),2025-10-15 23:24:11,815,talk,ETC,4546
9733471,b5ed5db484d04faf4d150aedd362f34b,강지,Kangji,STELLIVE,( ܸ ⩌⩊⩌ ܸ ),2025-10-14 19:21:40,25360,talk,ETC,2544
9711450,b5ed5db484d04faf4d150aedd362f34b,강지,Kangji,STELLIVE,( ܸ ⩌⩊⩌ ܸ ),2025-10-13 02:02:17,38133,마인크래프트,GAME,2652
9689860,b5ed5db484d04faf4d150aedd362f34b,강지,Kangji,STELLIVE,( ܸ ⩌⩊⩌ ܸ ),2025-10-11 23:11:12,24550,리틀 나이트메어 3,GAME,1963
9655467,b5ed5db484d04faf4d150aedd362f34b,강지,Kangji,STELLIVE,잠을 설쳤어( ܸ ⩌⩊⩌ ܸ ),2025-10-09 23:05:23,33243,talk,ETC,1810
9639147,b5ed5db484d04faf4d150aedd362f34b,강지,Kangji,STELLIVE,( ܸ ⩌⩊⩌ ܸ ),2025-10-08 23:40:01,27336,talk,ETC,3292
9618852,b5ed5db484d04faf4d150aedd362f34b,강지,Kangji,STELLIVE,감자바쓰 귀멸의칼날편 스포주의( ܸ ⩌⩊⩌ ܸ ),2025-10-07 18:21:11,4757,talk,ETC,4889
9611433,b5ed5db484d04faf4d150aedd362f34b,강지,Kangji,STELLIVE,( ܸ ⩌⩊⩌ ܸ ),2025-10-07 01:46:08,35035,talk,ETC,2860
9597589,b5ed5db484d04faf4d150aedd362f34b,강지,Kangji,STELLIVE,( ܸ ⩌⩊⩌ ܸ ),2025-10-06 00:41:15,30299,데드 바이 데이라이트,GAME,4218
9582153,b5ed5db484d04faf4d150aedd362f34b,강지,Kangji,STELLIVE,추석 싱크룸 ( ܸ ⩌⩊⩌ ܸ ),2025-10-05 00:14:17,30957,음악/노래,ETC,24052
9563925,b5ed5db484d04faf4d150aedd362f34b,강지,Kangji,STELLIVE,( ܸ ⩌⩊⩌ ܸ ),2025-10-03 22:52:36,29837,리그 오브 레전드,GAME,2356
9544564,b5ed5db484d04faf4d150aedd362f34b,강지,Kangji,STELLIVE,( ܸ ⩌⩊⩌ ܸ ),2025-10-02 21:30:03,23197,클로버핏,GAME,6130
9524759,b5ed5db484d04faf4d150aedd362f34b,강지,Kangji,STELLIVE,( ܸ ⩌⩊⩌ ܸ ),2025-10-01 14:02:11,1254,종합 게임,GAME,2645
9482623,b5ed5db484d04faf4d150aedd362f34b,강지,Kangji,STELLIVE,( ܸ ⩌⩊⩌ ܸ ),2025-09-28 19:02:56,19734,talk,ETC,3263
9465593,b5ed5db484d04faf4d150aedd362f34b,강지,Kangji,STELLIVE,( ܸ ⩌⩊⩌ ܸ ),2025-09-27 18:56:17,17077,talk,ETC,2243
9448882,b5ed5db484d04faf4d150aedd362f34b,강지,Kangji,STELLIVE,( ܸ ⩌⩊⩌ ܸ ),2025-09-26 19:40:11,21624,데드 바이 데이라이트,GAME,1899
9437324,b5ed5db484d04faf4d150aedd362f34b,강지,Kangji,STELLIVE,[MCN 대전] 팀 픽셀 ( ܸ ⩌⩊⩌ ܸ ),2025-09-25 23:33:36,33754,종합 게임,GAME,3176
9414450,b5ed5db484d04faf4d150aedd362f34b,강지,Kangji,STELLIVE,갬기몸살 ( ܸ ⩌⩊⩌ ܸ ),2025-09-24 14:52:15,16370,폴가이즈,GAME,1693
9413065,b5ed5db484d04faf4d150aedd362f34b,강지,Kangji,STELLIVE,갬기몸살 ( ܸ ⩌⩊⩌ ܸ ),2025-09-24 14:52:15,9647,talk,ETC,1329
9381139,b5ed5db484d04faf4d150aedd362f34b,강지,Kangji,STELLIVE,( ܸ ⩌⩊⩌ ܸ ),2025-09-22 03:01:36,32501,데드 바이 데이라이트,GAME,5278
9365202,b5ed5db484d04faf4d150aedd362f34b,강지,Kangji,STELLIVE,( ܸ ⩌⩊⩌ ܸ ),2025-09-21 04:24:59,25312,리그 오브 레전드,GAME,3333
9347327,b5ed5db484d04faf4d150aedd362f34b,강지,Kangji,STELLIVE,( ܸ ⩌⩊⩌ ܸ ),2025-09-20 04:21:38,40409,데드 바이 데이라이트,GAME,5702
9324858,b5ed5db484d04faf4d150aedd362f34b,강지,Kangji,STELLIVE,( ܸ ⩌⩊⩌ ܸ ),2025-09-19 00:04:53,16934,발로란트,GAME,3620
9320083,b5ed5db484d04faf4d150aedd362f34b,강지,Kangji,STELLIVE,( ܸ ⩌⩊⩌ ܸ ),2025-09-18 17:03:57,7267,talk,ETC,2162
9307477,b5ed5db484d04faf4d150aedd362f34b,강지,Kangji,STELLIVE,( ܸ ⩌⩊⩌ ܸ ),2025-09-18 08:11:20,20495,데드 바이 데이라이트,GAME,4150
9240644,b5ed5db484d04faf4d150aedd362f34b,강지,Kangji,STELLIVE,( ܸ ⩌⩊⩌ ܸ ),2025-09-13 17:05:35,13979,talk,ETC,4089
9225468,b5ed5db484d04faf4d150aedd362f34b,강지,Kangji,STELLIVE,( ܸ ⩌⩊⩌ ܸ ),2025-09-12 20:35:03,22276,리그 오브 레전드,GAME,2554
9209198,b5ed5db484d04faf4d150aedd362f34b,강지,Kangji,STELLIVE,짧 ( ܸ ⩌⩊⩌ ܸ ),2025-09-11 20:24:04,5486,PUBG: 배틀그라운드,GAME,4900
9207784,b5ed5db484d04faf4d150aedd362f34b,강지,Kangji,STELLIVE,안녕하세용,2025-09-11 18:23:18,1670,talk,ETC,16598
9177202,b5ed5db484d04faf4d150aedd362f34b,강지,Kangji,STELLIVE,( ܸ ⩌⩊⩌ ܸ ),2025-09-09 19:56:07,22021,talk,ETC,2882
9145060,b5ed5db484d04faf4d150aedd362f34b,강지,Kangji,STELLIVE,( ܸ ⩌⩊⩌ ܸ ),2025-09-07 17:43:21,20706,데드 바이 데이라이트,GAME,6524
9131309,b5ed5db484d04faf4d150aedd362f34b,강지,Kangji,STELLIVE,( ܸ ⩌⩊⩌ ܸ ),2025-09-06 22:08:32,36518,피크,GAME,3509
9108982,b5ed5db484d04faf4d150aedd362f34b,강지,Kangji,STELLIVE,아이 무셔( ܸ ⩌⩊⩌ ܸ ),2025-09-05 17:07:54,21533,발로란트,GAME,1824
9106149,b5ed5db484d04faf4d150aedd362f34b,강지,Kangji,STELLIVE,( ܸ ⩌⩊⩌ ܸ ),2025-09-05 08:50:17,4916,talk,ETC,1445
9091716,b5ed5db484d04faf4d150aedd362f34b,강지,Kangji,STELLIVE,( ܸ ⩌⩊⩌ ܸ ),2025-09-04 15:12:08,16330,talk,ETC,1612
9079557,b5ed5db484d04faf4d150aedd362f34b,강지,Kangji,STELLIVE,( ܸ ⩌⩊⩌ ܸ ),2025-09-03 20:57:17,23905,에이펙스 레전드,GAME,1641
9051768,b5ed5db484d04faf4d150aedd362f34b,강지,Kangji,STELLIVE,( ܸ ⩌⩊⩌ ܸ ),2025-09-01 23:10:19,3694,talk,ETC,11818
9026362,b5ed5db484d04faf4d150aedd362f34b,강지,Kangji,STELLIVE,( ܸ ⩌⩊⩌ ܸ ),2025-08-31 05:23:01,43065,음악/노래,ETC,6724
9001174,b5ed5db484d04faf4d150aedd362f34b,강지,Kangji,STELLIVE,( ܸ ⩌⩊⩌ ܸ ),2025-08-29 22:55:32,26509,talk,ETC,2859
8959596,b5ed5db484d04faf4d150aedd362f34b,강지,Kangji,STELLIVE,다피스 마지막( ܸ ⩌⩊⩌ ܸ ),2025-08-27 03:23:00,29367,마인크래프트,GAME,6993
8929683,b5ed5db484d04faf4d150aedd362f34b,강지,Kangji,STELLIVE,다피스 2일차( ܸ ⩌⩊⩌ ܸ ),2025-08-25 05:17:50,56305,talk,ETC,9112
8911106,b5ed5db484d04faf4d150aedd362f34b,강지,Kangji,STELLIVE,다피스 ( ܸ ⩌⩊⩌ ܸ ),2025-08-24 03:11:26,47033,마인크래프트,GAME,7283
8869700,b5ed5db484d04faf4d150aedd362f34b,강지,Kangji,STELLIVE,( ܸ ⩌⩊⩌ ܸ ),2025-08-21 22:02:26,31780,PUBG: 배틀그라운드,GAME,4239
8837111,b5ed5db484d04faf4d150aedd362f34b,강지,Kangji,STELLIVE,( ܸ ⩌⩊⩌ ܸ ),2025-08-19 22:04:51,30882,PUBG: 배틀그라운드,GAME,3022
8802013,b5ed5db484d04faf4d150aedd362f34b,강지,Kangji,STELLIVE,( ܸ ⩌⩊⩌ ܸ ),2025-08-17 17:07:32,20855,talk,ETC,3315
8789229,b5ed5db484d04faf4d150aedd362f34b,강지,Kangji,STELLIVE,( ܸ ⩌⩊⩌ ܸ ),2025-08-16 22:14:25,34574,PUBG: 배틀그라운드,GAME,1975
8769785,b5ed5db484d04faf4d150aedd362f34b,강지,Kangji,STELLIVE,( ܸ ⩌⩊⩌ ܸ ),2025-08-15 19:52:43,21071,PUBG: 배틀그라운드,GAME,3554
8716512,b5ed5db484d04faf4d150aedd362f34b,강지,Kangji,STELLIVE,( ܸ ⩌⩊⩌ ܸ ),2025-08-12 17:47:32,24380,talk,ETC,2589
8688161,b5ed5db484d04faf4d150aedd362f34b,강지,Kangji,STELLIVE,( ܸ ⩌⩊⩌ ܸ ),2025-08-10 21:57:07,39287,talk,ETC,2208
8672583,b5ed5db484d04faf4d150aedd362f34b,강지,Kangji,STELLIVE,( ܸ ⩌⩊⩌ ܸ ),2025-08-09 23:23:04,17315,종합 게임,GAME,2306
8631521,b5ed5db484d04faf4d150aedd362f34b,강지,Kangji,STELLIVE,( ܸ ⩌⩊⩌ ܸ ),2025-08-07 15:15:41,20813,talk,ETC,2363
8618820,b5ed5db484d04faf4d150aedd362f34b,강지,Kangji,STELLIVE,( ܸ ⩌⩊⩌ ܸ ),2025-08-06 21:18:12,41993,에이펙스 레전드,GAME,5875
8551486,b5ed5db484d04faf4d150aedd362f34b,강지,Kangji,STELLIVE,4기생 3차 모집 마지막날 많관부  ( ܸ ⩌⩊⩌ ܸ ),2025-08-02 19:08:49,40940,피크,GAME,4853
8439647,b5ed5db484d04faf4d150aedd362f34b,강지,Kangji,STELLIVE,( ܸ ⩌⩊⩌ ܸ ),2025-07-26 23:42:48,31389,R.E.P.O.,GAME,5873
8424064,b5ed5db484d04faf4d150aedd362f34b,강지,Kangji,STELLIVE,( ܸ ⩌⩊⩌ ܸ ),2025-07-26 00:51:24,37686,talk,ETC,4596
8385217,b5ed5db484d04faf4d150aedd362f34b,강지,Kangji,STELLIVE,( ܸ ⩌⩊⩌ ܸ ),2025-07-23 20:34:00,25139,파타퐁 1+2 리플레이,GAME,2198
8366026,b5ed5db484d04faf4d150aedd362f34b,강지,Kangji,STELLIVE,( ܸ ⩌⩊⩌ ܸ ),2025-07-22 16:36:04,3803,talk,ETC,3508
8365459,b5ed5db484d04faf4d150aedd362f34b,강지,Kangji,STELLIVE,( ܸ ⩌⩊⩌ ܸ ),2025-07-22 15:35:22,12329,talk,ETC,2996
8339505,b5ed5db484d04faf4d150aedd362f34b,강지,Kangji,STELLIVE,( ܸ ⩌⩊⩌ ܸ ),2025-07-20 22:57:47,46802,발로란트,GAME,2835
8318076,b5ed5db484d04faf4d150aedd362f34b,강지,Kangji,STELLIVE,( ܸ ⩌⩊⩌ ܸ ),2025-07-19 18:41:14,17251,수박게임,GAME,1628
8301644,b5ed5db484d04faf4d150aedd362f34b,강지,Kangji,STELLIVE,( ܸ ⩌⩊⩌ ܸ ),2025-07-18 20:59:51,18737,리그 오브 레전드,GAME,1501
8291317,b5ed5db484d04faf4d150aedd362f34b,강지,Kangji,STELLIVE,안녕하세요 ( ܸ ⩌⩊⩌ ܸ ),2025-07-18 01:26:08,24648,talk,ETC,3789
8223653,b5ed5db484d04faf4d150aedd362f34b,강지,Kangji,STELLIVE,( ܸ ⩌⩊⩌ ܸ ),2025-07-13 23:20:36,31923,피크,GAME,3695
15024269,45e71a76e949e16a34764deb962f9d9f,아야츠노 유니,Ayatsuno Yuni,EVERYS,스텔 신의상 다 끝났다 !! ,2026-09-04 04:17:48,24160,마인크래프트,GAME,2274
15008110,45e71a76e949e16a34764deb962f9d9f,아야츠노 유니,Ayatsuno Yuni,EVERYS,프릴은 제거헤드릴수 없음니다,2026-09-03 04:17:07,21787,talk,ETC,4501
14999955,45e71a76e949e16a34764deb962f9d9f,아야츠노 유니,Ayatsuno Yuni,EVERYS,농! 빵? 농! 빵?  [🌊스텔 여름 휴가 신의상 공개🏖️],2026-09-02 22:02:23,3714,talk,ETC,12783
14963609,45e71a76e949e16a34764deb962f9d9f,아야츠노 유니,Ayatsuno Yuni,EVERYS,2026년 08월 30일 2부 <<<< 스텔 마크 수선 없는사람 ,2026-08-31 11:17:17,6537,마인크래프트,GAME,2615
14963276,45e71a76e949e16a34764deb962f9d9f,아야츠노 유니,Ayatsuno Yuni,EVERYS,2026년 08월 30일 1부 <<<< 스텔 마크 수선 없는사람 ,2026-08-31 08:47:47,61200,마인크래프트,GAME,2775
14927090,45e71a76e949e16a34764deb962f9d9f,아야츠노 유니,Ayatsuno Yuni,EVERYS,우선 수선 우선 수선 우선 수선 ㅅㅅㅅㅅㅅㅅㅅ,2026-08-29 02:55:40,34084,talk,ETC,3480
14916599,45e71a76e949e16a34764deb962f9d9f,아야츠노 유니,Ayatsuno Yuni,EVERYS,우선 수선 우선 수선 우선 수선 ㅅㅅㅅㅅㅅㅅㅅ,2026-08-28 17:14:19,1205,talk,ETC,1057
14904320,45e71a76e949e16a34764deb962f9d9f,아야츠노 유니,Ayatsuno Yuni,EVERYS,유니 우승ㅅㅅㅅㅅㅅㅅㅅㅅㅅ,2026-08-27 21:55:40,1782,talk,ETC,1508
14903815,45e71a76e949e16a34764deb962f9d9f,아야츠노 유니,Ayatsuno Yuni,EVERYS,2026 피망포커 홀덤 유니 우승 가보쟈ㅑㅑㅑㅑㅑㅑ,2026-08-27 21:28:39,12992,피망 포커 : 카지노 로얄,GAME,1734
14901139,45e71a76e949e16a34764deb962f9d9f,아야츠노 유니,Ayatsuno Yuni,EVERYS,유니가 왔다잖아 깨야하잖아 왜 그래 도대체 일어나야 하잖아 맞잖아 유니가 왔다잖아 잠깨잖아 잠깨잖아,2026-08-27 17:44:15,9559,기타,,1255
14888221,45e71a76e949e16a34764deb962f9d9f,아야츠노 유니,Ayatsuno Yuni,EVERYS,"광고 경완  저 ,, 광고 증 비상발생 보스를 못깨겠어요 잠시만요 ,,, ",2026-08-26 22:00:15,17794,귀무자 Way of the Sword,GAME,1348
14857049,45e71a76e949e16a34764deb962f9d9f,아야츠노 유니,Ayatsuno Yuni,EVERYS,끝끝끝 ,2026-08-24 21:53:15,19026,talk,ETC,2548
14843031,45e71a76e949e16a34764deb962f9d9f,아야츠노 유니,Ayatsuno Yuni,EVERYS,스팀 세상 을 가보기,2026-08-23 22:32:00,12010,talk,ETC,1622
14839790,45e71a76e949e16a34764deb962f9d9f,아야츠노 유니,Ayatsuno Yuni,EVERYS,바하 2 처음 헤보기 2 !!!!!,2026-08-23 19:19:29,13161,바이오하자드 RE:2,GAME,1321
14828169,45e71a76e949e16a34764deb962f9d9f,아야츠노 유니,Ayatsuno Yuni,EVERYS,바하 2 처음 헤보기 !!!!!!!!!!!!!,2026-08-23 00:33:27,31994,talk,ETC,6088
14807647,45e71a76e949e16a34764deb962f9d9f,아야츠노 유니,Ayatsuno Yuni,EVERYS,봉누도2 설명회 같이보기 ,2026-08-21 22:41:04,15311,talk,ETC,3640
14747422,45e71a76e949e16a34764deb962f9d9f,아야츠노 유니,Ayatsuno Yuni,EVERYS,대회 결승 하는날 무관귀신 탈출 ????????,2026-08-18 00:12:44,26061,talk,ETC,3628
14728633,45e71a76e949e16a34764deb962f9d9f,아야츠노 유니,Ayatsuno Yuni,EVERYS,카봉컵 대회 하는날 ~!! ,2026-08-16 22:48:55,21549,오버워치,GAME,4190
14713016,45e71a76e949e16a34764deb962f9d9f,아야츠노 유니,Ayatsuno Yuni,EVERYS,공식 스크림 하는날 ! ,2026-08-15 23:31:06,20854,오버워치,GAME,2813
14698030,45e71a76e949e16a34764deb962f9d9f,아야츠노 유니,Ayatsuno Yuni,EVERYS,오늘운 옵치 대회 카봉컵 팀 뽑는 날 ~~ ,2026-08-15 00:45:46,27261,오버워치,GAME,5693
14679992,45e71a76e949e16a34764deb962f9d9f,아야츠노 유니,Ayatsuno Yuni,EVERYS,마지막 내전 ! ,2026-08-13 23:43:50,14925,오버워치,GAME,1749
14663471,45e71a76e949e16a34764deb962f9d9f,아야츠노 유니,Ayatsuno Yuni,EVERYS,"옵치 신케 나왔떄 !!!!
",2026-08-12 23:49:49,25573,talk,ETC,2691
14656524,45e71a76e949e16a34764deb962f9d9f,아야츠노 유니,Ayatsuno Yuni,EVERYS,"팔척귀신 누나랑 여름휴가를 보내는 공포겜 
",2026-08-12 16:37:08,184,talk,ETC,1080
14608838,45e71a76e949e16a34764deb962f9d9f,아야츠노 유니,Ayatsuno Yuni,EVERYS,"점프킹 경완 2 화내지 않기 침착하기 욕하지않기 뭐 ? 이거 니드리 체팅말한건디 ?  

",2026-08-09 16:05:02,44561,점프 킹,GAME,5454
14592508,45e71a76e949e16a34764deb962f9d9f,아야츠노 유니,Ayatsuno Yuni,EVERYS,"2026년 08월 07일 2부 점프킹 경완 私はなぜジャンプキングをしているのでしょうか？私はなぜジャンプキングをしているのでしょうか？私はなぜジャンプキングをしているのでしょうか？

",2026-08-08 18:08:24,10258,점프 킹,GAME,4896
14590928,45e71a76e949e16a34764deb962f9d9f,아야츠노 유니,Ayatsuno Yuni,EVERYS,"2026년 08월 07일 1부 점프킹 경완 私はなぜジャンプキングをしているのでしょうか？私はなぜジャンプキングをしているのでしょうか？私はなぜジャンプキングをしているのでしょうか？

",2026-08-08 14:19:17,61200,점프 킹,GAME,5167
14552760,45e71a76e949e16a34764deb962f9d9f,아야츠노 유니,Ayatsuno Yuni,EVERYS,후야 괘롭히기 ,2026-08-06 02:17:05,31078,talk,ETC,4063
14537332,45e71a76e949e16a34764deb962f9d9f,아야츠노 유니,Ayatsuno Yuni,EVERYS,2분 근피리아 맛보기 ,2026-08-05 03:13:00,39596,세피리아,GAME,3706
14287417,45e71a76e949e16a34764deb962f9d9f,아야츠노 유니,Ayatsuno Yuni,EVERYS,휴가전 여러븐니랑 >< ,2026-07-20 21:00:59,17578,기타,,5250
14282455,45e71a76e949e16a34764deb962f9d9f,아야츠노 유니,Ayatsuno Yuni,EVERYS,월드컵 결승!!! 스페인 vs 아르헨티나아아아아아아아아아!!!!,2026-07-20 12:24:57,20319,2026 FIFA 북중미 월드컵,SPORTS,5826
14282466,45e71a76e949e16a34764deb962f9d9f,아야츠노 유니,Ayatsuno Yuni,EVERYS,월드컵 결승!!! 스페인 vs 아르헨티나아아아아아아아아아!!!!,2026-07-20 08:03:28,31,2026 FIFA 북중미 월드컵,SPORTS,1398
14277701,45e71a76e949e16a34764deb962f9d9f,아야츠노 유니,Ayatsuno Yuni,EVERYS,테스트 끝 ,2026-07-20 01:08:45,12218,기타,,1896
14265959,45e71a76e949e16a34764deb962f9d9f,아야츠노 유니,Ayatsuno Yuni,EVERYS,월드컵 프랑스VS잉글랜드 가댜ㅑㅑㅑㅑㅑㅑ ,2026-07-19 10:48:49,10268,2026 FIFA 북중미 월드컵,SPORTS,2813
14265030,45e71a76e949e16a34764deb962f9d9f,아야츠노 유니,Ayatsuno Yuni,EVERYS,마스터 가기 ,2026-07-19 05:56:54,33848,포켓몬 챔피언스,GAME,4408
14254880,45e71a76e949e16a34764deb962f9d9f,아야츠노 유니,Ayatsuno Yuni,EVERYS,8시 포치원 대회 !!!  밖에 마츠리소리 초심 ㅠㅠ ,2026-07-18 20:21:40,4712,포켓몬 챔피언스,GAME,1266
14244098,45e71a76e949e16a34764deb962f9d9f,아야츠노 유니,Ayatsuno Yuni,EVERYS,포치원 스크림? 8시 이글콥님 9시반 선생님 ,2026-07-18 01:16:09,21039,talk,ETC,2724
14237049,45e71a76e949e16a34764deb962f9d9f,아야츠노 유니,Ayatsuno Yuni,EVERYS,포치원 스크림? 8시 이글콥님 9시반 선생님 ,2026-07-17 19:03:58,2226,기타,,900
14215698,45e71a76e949e16a34764deb962f9d9f,아야츠노 유니,Ayatsuno Yuni,EVERYS,월으컵 4강 !!! 일글랜드 vs 아르헨티나 ,2026-07-16 08:19:35,9840,2026 FIFA 북중미 월드컵,SPORTS,5683
14215759,45e71a76e949e16a34764deb962f9d9f,아야츠노 유니,Ayatsuno Yuni,EVERYS,월으컵 4강 !!! 일글랜드 vs 아르헨티나 ,2026-07-16 06:28:18,504,2026 FIFA 북중미 월드컵,SPORTS,1273
14214214,45e71a76e949e16a34764deb962f9d9f,아야츠노 유니,Ayatsuno Yuni,EVERYS,매시 대기방 ,2026-07-16 03:42:11,30654,팰월드,GAME,3424
14199778,45e71a76e949e16a34764deb962f9d9f,아야츠노 유니,Ayatsuno Yuni,EVERYS,월으컵 4강 !!! 프랑스 vs 스페인 음바페 운웡 !!!!!!!!!!!!!!!!!!!,2026-07-15 07:43:47,7935,2026 FIFA 북중미 월드컵,SPORTS,2750
14191847,45e71a76e949e16a34764deb962f9d9f,아야츠노 유니,Ayatsuno Yuni,EVERYS,유니가유니를잡고싶은 ,2026-07-14 22:55:16,35043,talk,ETC,1585
14180726,45e71a76e949e16a34764deb962f9d9f,아야츠노 유니,Ayatsuno Yuni,EVERYS,스탤섭 하러 왔어요 여자 아누비스만나고 싶어요 ,2026-07-14 01:25:50,31794,talk,ETC,1472
14162696,45e71a76e949e16a34764deb962f9d9f,아야츠노 유니,Ayatsuno Yuni,EVERYS,펠월드 드가자 !!!,2026-07-12 23:22:02,37420,talk,ETC,2723
14154883,45e71a76e949e16a34764deb962f9d9f,아야츠노 유니,Ayatsuno Yuni,EVERYS,월드컵 아르헨티나 vs 스위스 매시 운웡방 !!!!!!!!!!!!!!!,2026-07-12 14:56:02,11295,2026 FIFA 북중미 월드컵,SPORTS,3609
14153685,45e71a76e949e16a34764deb962f9d9f,아야츠노 유니,Ayatsuno Yuni,EVERYS,월드컵 8강 같이 보기!!! 노르웨이 vs 잉글랜드,2026-07-12 11:05:31,10251,2026 FIFA 북중미 월드컵,SPORTS,1853
14153916,45e71a76e949e16a34764deb962f9d9f,아야츠노 유니,Ayatsuno Yuni,EVERYS,월드컵 아르헨티나 vs 스위스 매시 운웡방 !!!!!!!!!!!!!!!,2026-07-12 09:42:32,2826,기타,,536
14130759,45e71a76e949e16a34764deb962f9d9f,아야츠노 유니,Ayatsuno Yuni,EVERYS,이건 그냥 게임이 아니다. 죽으면 진짜로 죽는다 . ,2026-07-11 00:51:55,17545,에코스 오브 아인크라드,GAME,1587
14119851,45e71a76e949e16a34764deb962f9d9f,아야츠노 유니,Ayatsuno Yuni,EVERYS,월드컵 프랑스vs모로코 같이 보쟈 !@@!!,2026-07-10 09:00:23,8642,2026 FIFA 북중미 월드컵,SPORTS,1864
14112182,45e71a76e949e16a34764deb962f9d9f,아야츠노 유니,Ayatsuno Yuni,EVERYS,유니유니 리듬천국 ,2026-07-09 23:18:12,23972,talk,ETC,2894
14086026,45e71a76e949e16a34764deb962f9d9f,아야츠노 유니,Ayatsuno Yuni,EVERYS,월드컵 매시 !! 아르헨티나 vs 이집트 ,2026-07-08 05:19:02,9294,2026 FIFA 북중미 월드컵,SPORTS,6086
14086114,45e71a76e949e16a34764deb962f9d9f,아야츠노 유니,Ayatsuno Yuni,EVERYS,월드컵 매시 !! 아르헨티나 vs 이집트 ,2026-07-08 03:30:36,471,2026 FIFA 북중미 월드컵,SPORTS,865
14082910,45e71a76e949e16a34764deb962f9d9f,아야츠노 유니,Ayatsuno Yuni,EVERYS,유니도 참요할수 있는 옵치합방w 린 부키 리코  ,2026-07-08 00:49:14,10145,오버워치,GAME,1898
14071425,45e71a76e949e16a34764deb962f9d9f,아야츠노 유니,Ayatsuno Yuni,EVERYS,호날두 운웡방 월드컵 포르투갈 vs 스페인 !!!!!!!!,2026-07-07 07:57:25,9115,2026 FIFA 북중미 월드컵,SPORTS,2289
14071434,45e71a76e949e16a34764deb962f9d9f,아야츠노 유니,Ayatsuno Yuni,EVERYS,호날두 운웡방 월드컵 포르투갈 vs 스페인 !!!!!!!!,2026-07-07 06:16:20,37,2026 FIFA 북중미 월드컵,SPORTS,607
14063056,45e71a76e949e16a34764deb962f9d9f,아야츠노 유니,Ayatsuno Yuni,EVERYS,오랜만에 포켓로그 하기,2026-07-06 22:03:58,34807,포켓로그,GAME,1501
14057887,45e71a76e949e16a34764deb962f9d9f,아야츠노 유니,Ayatsuno Yuni,EVERYS,월드컵 잉글랜드 vs 맥시코 같이보쟈ㅑㅑㅑㅑㅑ ,2026-07-06 14:19:02,9452,2026 FIFA 북중미 월드컵,SPORTS,2664
14057187,45e71a76e949e16a34764deb962f9d9f,아야츠노 유니,Ayatsuno Yuni,EVERYS,월드컵 대기방,2026-07-06 09:39:20,8703,기타,,3314
14056687,45e71a76e949e16a34764deb962f9d9f,아야츠노 유니,Ayatsuno Yuni,EVERYS,월드컵 브라질 vs 노르웨이 월드컵 같이 보쟈~!!! ,2026-07-06 07:11:59,16,기타,,1801
14023972,45e71a76e949e16a34764deb962f9d9f,아야츠노 유니,Ayatsuno Yuni,EVERYS,아르헨티나VS키보베르데 월드컵 같이 볼사람~!!!!!,2026-07-04 12:18:52,11198,2026 FIFA 북중미 월드컵,SPORTS,4088
14009417,45e71a76e949e16a34764deb962f9d9f,아야츠노 유니,Ayatsuno Yuni,EVERYS,"이제 그 게임을 깰때가 되었는가 ,,, ",2026-07-03 16:12:08,20983,폴리 브릿지 2,GAME,1683
14007262,45e71a76e949e16a34764deb962f9d9f,아야츠노 유니,Ayatsuno Yuni,EVERYS,포르투갈 VS 크로아티아 월드컵 같이볼사람~!!! ,2026-07-03 12:15:27,9074,2026 FIFA 북중미 월드컵,SPORTS,2714
13999046,45e71a76e949e16a34764deb962f9d9f,아야츠노 유니,Ayatsuno Yuni,EVERYS,리듬천국 신착 렛츠고!!!!,2026-07-02 23:14:29,22154,talk,ETC,2456
13974417,45e71a76e949e16a34764deb962f9d9f,아야츠노 유니,Ayatsuno Yuni,EVERYS,프랑스 vs 스웨덴 월드컵 같이보기!!!!,2026-07-01 09:53:28,9162,2026 FIFA 북중미 월드컵,SPORTS,2563
13973743,45e71a76e949e16a34764deb962f9d9f,아야츠노 유니,Ayatsuno Yuni,EVERYS,다리만들기,2026-07-01 05:32:38,5370,폴리 브릿지 2,GAME,1021
13973042,45e71a76e949e16a34764deb962f9d9f,아야츠노 유니,Ayatsuno Yuni,EVERYS,월드컵 같이보기 노르웨이 vs 코트디부아르 ,2026-07-01 05:29:11,5839,2026 FIFA 북중미 월드컵,SPORTS,1279
13971793,45e71a76e949e16a34764deb962f9d9f,아야츠노 유니,Ayatsuno Yuni,EVERYS,월드컵 같이보기 노르웨이 vs 코트디부아르 ,2026-07-01 03:10:23,3072,2026 FIFA 북중미 월드컵,SPORTS,338
13957476,45e71a76e949e16a34764deb962f9d9f,아야츠노 유니,Ayatsuno Yuni,EVERYS,일본 VS 브라질 월드컵 32강 같이 일본 운웡방 !!!!!,2026-06-30 06:07:16,10053,2026 FIFA 북중미 월드컵,SPORTS,7645
13957759,45e71a76e949e16a34764deb962f9d9f,아야츠노 유니,Ayatsuno Yuni,EVERYS,일본 VS 브라질 월드컵 32강 같이 일본 운웡방 !!!!!,2026-06-30 04:43:28,1908,talk,ETC,1480
13954843,45e71a76e949e16a34764deb962f9d9f,아야츠노 유니,Ayatsuno Yuni,EVERYS,일본 VS 브라질 월드컵 32강 같이 일본 운웡방 !!!!!,2026-06-30 01:27:46,21941,talk,ETC,2101
13930513,45e71a76e949e16a34764deb962f9d9f,아야츠노 유니,Ayatsuno Yuni,EVERYS,똥냄새 ,2026-06-28 16:12:01,11248,talk,ETC,1647
13928920,45e71a76e949e16a34764deb962f9d9f,아야츠노 유니,Ayatsuno Yuni,EVERYS,월드컵 같이보기 !!여르단 VS 아르헨티나 !!!!!,2026-06-28 14:27:35,7645,2026 FIFA 북중미 월드컵,SPORTS,1999
13928046,45e71a76e949e16a34764deb962f9d9f,아야츠노 유니,Ayatsuno Yuni,EVERYS,월드컵 같이보기 !! 콜롬비아 VS 포르투갈 !!!!!,2026-06-28 11:32:43,4598,2026 FIFA 북중미 월드컵,SPORTS,728
13928154,45e71a76e949e16a34764deb962f9d9f,아야츠노 유니,Ayatsuno Yuni,EVERYS,월드컵 같이보기 !!여르단 VS 아르헨티나 !!!!!,2026-06-28 11:00:50,532,2026 FIFA 북중미 월드컵,SPORTS,275
13928088,45e71a76e949e16a34764deb962f9d9f,아야츠노 유니,Ayatsuno Yuni,EVERYS,월드컵 같이보기 !! 콜롬비아 VS 포르투갈 !!!!!,2026-06-28 10:44:48,202,2026 FIFA 북중미 월드컵,SPORTS,181
13927672,45e71a76e949e16a34764deb962f9d9f,아야츠노 유니,Ayatsuno Yuni,EVERYS,월드컵 같이보기 !! 콜롬비아 VS 포르투갈 !!!!!,2026-06-28 10:11:32,4319,2026 FIFA 북중미 월드컵,SPORTS,416
13927687,45e71a76e949e16a34764deb962f9d9f,아야츠노 유니,Ayatsuno Yuni,EVERYS,월드컵 같이보기 !! 콜롬비아 VS 포르투갈 !!!!!,2026-06-28 09:26:26,172,2026 FIFA 북중미 월드컵,SPORTS,144
13921905,45e71a76e949e16a34764deb962f9d9f,아야츠노 유니,Ayatsuno Yuni,EVERYS,"인생 첫 디맥 헤볼려는데 넘 어려워보여여 ,,, ",2026-06-28 01:00:40,21247,talk,ETC,2197
13909845,45e71a76e949e16a34764deb962f9d9f,아야츠노 유니,Ayatsuno Yuni,EVERYS,월드컵 노르웨이 VS 프랑스 !!!!!!!!,2026-06-27 07:59:58,9546,2026 FIFA 북중미 월드컵,SPORTS,1805
13896194,45e71a76e949e16a34764deb962f9d9f,아야츠노 유니,Ayatsuno Yuni,EVERYS,없뎃 카메레온 ,2026-06-26 16:26:52,11583,기타,,1522
13894932,45e71a76e949e16a34764deb962f9d9f,아야츠노 유니,Ayatsuno Yuni,EVERYS,월드컵 호주 VS 파라과이 호주이기기 아니면 파라과이 2점차이승리하면 한국 유리 !!!!!,2026-06-26 14:51:54,8873,2026 FIFA 북중미 월드컵,SPORTS,926
13894112,45e71a76e949e16a34764deb962f9d9f,아야츠노 유니,Ayatsuno Yuni,EVERYS,월드컵 호주 VS 파라과이 호주이기면 한국 유리 !!!!!,2026-06-26 12:03:57,9595,2026 FIFA 북중미 월드컵,SPORTS,1674
13894239,45e71a76e949e16a34764deb962f9d9f,아야츠노 유니,Ayatsuno Yuni,EVERYS,월드컵 호주 VS 파라과이 호주이기면 한국 유리 !!!!!,2026-06-26 10:42:21,1713,기타,,720
13881344,45e71a76e949e16a34764deb962f9d9f,아야츠노 유니,Ayatsuno Yuni,EVERYS,하 ,2026-06-25 18:01:43,20479,talk,ETC,1639
13878432,45e71a76e949e16a34764deb962f9d9f,아야츠노 유니,Ayatsuno Yuni,EVERYS,한국 VS 남아공 월드컵 한국 운웡방 가주아ㅏㅏㅏㅏㅏㅏㅏㅏㅏ,2026-06-25 15:04:38,10981,2026 FIFA 북중미 월드컵,SPORTS,3461
13876132,45e71a76e949e16a34764deb962f9d9f,아야츠노 유니,Ayatsuno Yuni,EVERYS,한국 VS 남아공 월드컵 한국 운웡방 가주아ㅏㅏㅏㅏㅏㅏㅏㅏㅏ,2026-06-25 09:13:14,628,기타,,638
13858510,45e71a76e949e16a34764deb962f9d9f,아야츠노 유니,Ayatsuno Yuni,EVERYS,월드컵 같이보기!! 포르투갈 VS 우즈베키스탄 ,2026-06-24 06:23:06,9229,2026 FIFA 북중미 월드컵,SPORTS,4422
13858617,45e71a76e949e16a34764deb962f9d9f,아야츠노 유니,Ayatsuno Yuni,EVERYS,월드컵 같이보기!! 포르투갈 VS 우즈베키스탄 ,2026-06-24 04:23:38,682,기타,,742
13856105,45e71a76e949e16a34764deb962f9d9f,아야츠노 유니,Ayatsuno Yuni,EVERYS,월드컵 같이보기!! 포르투갈 VS 우즈베키스탄 ,2026-06-24 01:38:35,4369,talk,ETC,1791
13844333,45e71a76e949e16a34764deb962f9d9f,아야츠노 유니,Ayatsuno Yuni,EVERYS,월드컵 프랑스 VS 이라크 같이보기!!!!!!!!!!!!!!!!!!!!!!!,2026-06-23 12:59:07,15626,2026 FIFA 북중미 월드컵,SPORTS,1680
13844358,45e71a76e949e16a34764deb962f9d9f,아야츠노 유니,Ayatsuno Yuni,EVERYS,월드컵 프랑스 VS 이라크 같이보기!!!!!!!!!!!!!!!!!!!!!!!,2026-06-23 10:02:31,169,2026 FIFA 북중미 월드컵,SPORTS,596
13842794,45e71a76e949e16a34764deb962f9d9f,아야츠노 유니,Ayatsuno Yuni,EVERYS,월드컵 아르헨티나 VS 오스트리아 ,2026-06-23 05:50:59,7806,2026 FIFA 북중미 월드컵,SPORTS,3657
13843368,45e71a76e949e16a34764deb962f9d9f,아야츠노 유니,Ayatsuno Yuni,EVERYS,월드컵 프랑스 VS 이라크 같이보기!!!!!!!!!!!!!!!!!!!!!!!,2026-06-23 05:39:57,5170,멧챠 카멜레온,GAME,780
13840927,45e71a76e949e16a34764deb962f9d9f,아야츠노 유니,Ayatsuno Yuni,EVERYS,매탈도박장 1챤스 ,2026-06-23 02:04:13,10291,메탈슬러그 3,GAME,1016
13818081,45e71a76e949e16a34764deb962f9d9f,아야츠노 유니,Ayatsuno Yuni,EVERYS,한국국민  옛날 게임? 헤보기 ,2026-06-21 19:29:42,15483,talk,ETC,3314
13814953,45e71a76e949e16a34764deb962f9d9f,아야츠노 유니,Ayatsuno Yuni,EVERYS,일본 VS 튀니지 월드컵 일본 운웡방 이라고요 !!!!!!!!,2026-06-21 17:14:57,10504,2026 FIFA 북중미 월드컵,SPORTS,4284
13808998,45e71a76e949e16a34764deb962f9d9f,아야츠노 유니,Ayatsuno Yuni,EVERYS,공겜 하는날 ~ 유니유니가 왔어잇 !! ,2026-06-21 02:22:10,22172,talk,ETC,4090
13779788,45e71a76e949e16a34764deb962f9d9f,아야츠노 유니,Ayatsuno Yuni,EVERYS,월드컵 한국 VS  맥시코 한국 운웡방 !!!!!!!!!!!!!!!!!!!,2026-06-19 15:16:05,10798,2026 FIFA 북중미 월드컵,SPORTS,2365
13780136,45e71a76e949e16a34764deb962f9d9f,아야츠노 유니,Ayatsuno Yuni,EVERYS,월드컵 한국 VS  맥시코 한국 운웡방 !!!!!!!!!!!!!!!!!!!,2026-06-19 13:00:45,2500,talk,ETC,919
13777486,45e71a76e949e16a34764deb962f9d9f,아야츠노 유니,Ayatsuno Yuni,EVERYS,월드컵 한국 VS  맥시코 한국 운웡방 !!!!!!!!!!!!!!!!!!!,2026-06-19 11:10:43,8671,2026 FIFA 북중미 월드컵,SPORTS,1109
13777498,45e71a76e949e16a34764deb962f9d9f,아야츠노 유니,Ayatsuno Yuni,EVERYS,월드컵 한국 VS  맥시코 한국 운웡방 !!!!!!!!!!!!!!!!!!!,2026-06-19 09:18:09,102,2026 FIFA 북중미 월드컵,SPORTS,382
13776902,45e71a76e949e16a34764deb962f9d9f,아야츠노 유니,Ayatsuno Yuni,EVERYS,한국 월드컵 대기방 2부 옵치 신케 해보기 ,2026-06-19 06:57:45,29659,오 디어,GAME,1835
13760580,45e71a76e949e16a34764deb962f9d9f,아야츠노 유니,Ayatsuno Yuni,EVERYS,월드컵 일글랜드VS크로아티아,2026-06-18 11:16:35,20754,2026 FIFA 북중미 월드컵,SPORTS,2697
13756841,45e71a76e949e16a34764deb962f9d9f,아야츠노 유니,Ayatsuno Yuni,EVERYS,날두형 월드컵 같이 볼사람 !!!!!!,2026-06-18 01:29:29,21492,talk,ETC,3828
13745700,45e71a76e949e16a34764deb962f9d9f,아야츠노 유니,Ayatsuno Yuni,EVERYS,아르헨티나 vs 알제리 월드컵 !!! 보러왔음니다!!!! ,2026-06-17 14:00:25,9350,2026 FIFA 북중미 월드컵,SPORTS,7068
13715736,45e71a76e949e16a34764deb962f9d9f,아야츠노 유니,Ayatsuno Yuni,EVERYS,앨든링 스토리 같이보기 ,2026-06-15 13:14:00,22109,기타,,6315
13714304,45e71a76e949e16a34764deb962f9d9f,아야츠노 유니,Ayatsuno Yuni,EVERYS,"월드컵  일본VS네덜란드 일본 운웡방 임니다 ,,,, ",2026-06-15 09:37:10,9842,2026 FIFA 북중미 월드컵,SPORTS,9664
13700893,45e71a76e949e16a34764deb962f9d9f,아야츠노 유니,Ayatsuno Yuni,EVERYS,내일 일본경기 운웡 부탁헤도되나요 ,2026-06-14 15:39:38,22765,talk,ETC,4500
13698559,45e71a76e949e16a34764deb962f9d9f,아야츠노 유니,Ayatsuno Yuni,EVERYS,브라질 VS 모로코 월드컵 같이보기 !!!!,2026-06-14 11:13:18,10090,2026 FIFA 북중미 월드컵,SPORTS,1882
13687711,45e71a76e949e16a34764deb962f9d9f,아야츠노 유니,Ayatsuno Yuni,EVERYS,심령사진인지 아닌지 구별하는 알바 게임 ,2026-06-13 20:57:08,24224,talk,ETC,2639
13666456,45e71a76e949e16a34764deb962f9d9f,아야츠노 유니,Ayatsuno Yuni,EVERYS,2026 한국 축구 같이 운원 ㄱㄱㄱㄱㄱㄱㄱㄱ ,2026-06-12 15:49:29,11211,2026 FIFA 북중미 월드컵,SPORTS,9318
13666579,45e71a76e949e16a34764deb962f9d9f,아야츠노 유니,Ayatsuno Yuni,EVERYS,2026 한국 축구 같이 운원 ㄱㄱㄱㄱㄱㄱㄱㄱ ,2026-06-12 13:32:33,674,talk,ETC,2776
13664538,45e71a76e949e16a34764deb962f9d9f,아야츠노 유니,Ayatsuno Yuni,EVERYS,월드컵 한국경기 대기방 3부 라단 잡아 ,2026-06-12 10:28:43,47183,엘든 링 황금 나무의 그림자,GAME,5531
13507075,45e71a76e949e16a34764deb962f9d9f,아야츠노 유니,Ayatsuno Yuni,EVERYS,라단 경 왕 < 유니가 죽을떄까지,2026-06-02 11:57:51,52629,엘든 링 황금 나무의 그림자,GAME,8825
13491095,45e71a76e949e16a34764deb962f9d9f,아야츠노 유니,Ayatsuno Yuni,EVERYS,DLC의 시간이야 ,2026-06-01 05:35:25,36957,talk,ETC,5297
13479079,45e71a76e949e16a34764deb962f9d9f,아야츠노 유니,Ayatsuno Yuni,EVERYS,유니 생일라이브 다시 같이 보기 ,2026-05-31 17:32:41,18180,기타,,2971
13468756,45e71a76e949e16a34764deb962f9d9f,아야츠노 유니,Ayatsuno Yuni,EVERYS,섬을가 ,2026-05-31 00:16:59,18561,이터널 리턴,GAME,3249
13455551,45e71a76e949e16a34764deb962f9d9f,아야츠노 유니,Ayatsuno Yuni,EVERYS," DLC 에 시간 인가 ,, ",2026-05-30 03:06:04,29842,엘든 링,GAME,3593
13437440,45e71a76e949e16a34764deb962f9d9f,아야츠노 유니,Ayatsuno Yuni,EVERYS,DLC 헤보께요 무서워요 아나줘요 ,2026-05-29 01:00:00,26792,엘든 링 황금 나무의 그림자,GAME,4140
13429222,45e71a76e949e16a34764deb962f9d9f,아야츠노 유니,Ayatsuno Yuni,EVERYS,유니 입맛 이제 한국인 ,2026-05-28 17:22:13,754,talk,ETC,1047
13420967,45e71a76e949e16a34764deb962f9d9f,아야츠노 유니,Ayatsuno Yuni,EVERYS,말레니아 잡고싶어요 ....,2026-05-28 00:31:36,26334,talk,ETC,3194
13408092,45e71a76e949e16a34764deb962f9d9f,아야츠노 유니,Ayatsuno Yuni,EVERYS,여로분이랑 놀기 ,2026-05-27 02:14:55,32316,talk,ETC,3538
13326157,45e71a76e949e16a34764deb962f9d9f,아야츠노 유니,Ayatsuno Yuni,EVERYS,돌아왔노 유니 등장 ,2026-05-22 01:38:24,16012,talk,ETC,6301
13270148,45e71a76e949e16a34764deb962f9d9f,아야츠노 유니,Ayatsuno Yuni,EVERYS,말레니아 만나로가기 ,2026-05-18 16:28:59,54492,엘든 링,GAME,6309
13252105,45e71a76e949e16a34764deb962f9d9f,아야츠노 유니,Ayatsuno Yuni,EVERYS,왕이 되고싶다 어어 그럴자격없다 앵딩 보고싶다 어어 그럴자격없다  ,2026-05-17 11:32:35,49362,엘든 링,GAME,5774
13234325,45e71a76e949e16a34764deb962f9d9f,아야츠노 유니,Ayatsuno Yuni,EVERYS,무르 ,2026-05-16 08:47:42,58958,talk,ETC,4493
13215518,45e71a76e949e16a34764deb962f9d9f,아야츠노 유니,Ayatsuno Yuni,EVERYS,",,,,",2026-05-15 03:00:59,24669,talk,ETC,3259
13184377,45e71a76e949e16a34764deb962f9d9f,아야츠노 유니,Ayatsuno Yuni,EVERYS,후야 괴롭힌다음에 하는 앨든링 끼모띠 ,2026-05-13 03:25:34,29718,talk,ETC,3599
13169633,45e71a76e949e16a34764deb962f9d9f,아야츠노 유니,Ayatsuno Yuni,EVERYS,아 즈ㅖ쯔ㅔ이야 니 통나무 ,2026-05-12 04:05:04,33501,talk,ETC,3288
13153731,45e71a76e949e16a34764deb962f9d9f,아야츠노 유니,Ayatsuno Yuni,EVERYS,1년 넘 만에 발로란트 우아 뉴비에요 >< ,2026-05-11 02:20:06,24024,talk,ETC,3037
13120812,45e71a76e949e16a34764deb962f9d9f,아야츠노 유니,Ayatsuno Yuni,EVERYS,트린가드랑 데이트 끝나고 린이랑 데이트 ,2026-05-09 03:34:16,38709,talk,ETC,7719
13105307,45e71a76e949e16a34764deb962f9d9f,아야츠노 유니,Ayatsuno Yuni,EVERYS,포쳄스 해보기 ,2026-05-08 03:32:45,34812,talk,ETC,3828
13089316,45e71a76e949e16a34764deb962f9d9f,아야츠노 유니,Ayatsuno Yuni,EVERYS,오랜만에 도박 열어줄게 ,2026-05-07 03:23:31,32853,talk,ETC,5087
12903544,45e71a76e949e16a34764deb962f9d9f,아야츠노 유니,Ayatsuno Yuni,EVERYS,일본섭 유니유니 ,2026-04-25 22:08:03,17796,talk,ETC,7472
12889399,45e71a76e949e16a34764deb962f9d9f,아야츠노 유니,Ayatsuno Yuni,EVERYS,"버튜버 눈 마추기 하는날 !!! 그리고 남의 컴 맘대로 한굴 깔았어요 ,, ㅎ ",2026-04-25 00:18:05,16743,talk,ETC,6304
12873081,45e71a76e949e16a34764deb962f9d9f,아야츠노 유니,Ayatsuno Yuni,EVERYS,qhrhtlvdjTdjdy ,2026-04-23 23:43:15,6803,talk,ETC,10878
12870309,45e71a76e949e16a34764deb962f9d9f,아야츠노 유니,Ayatsuno Yuni,EVERYS,qhrhtlvdjTdjdy ,2026-04-23 21:47:01,126,talk,ETC,7297
12588860,45e71a76e949e16a34764deb962f9d9f,아야츠노 유니,Ayatsuno Yuni,EVERYS,통나무잃었다고 나한테 뭐라뭐라 하지마라ㅏㅏㅏㅏㅏ,2026-04-05 22:56:43,34895,talk,ETC,9779
12550133,45e71a76e949e16a34764deb962f9d9f,아야츠노 유니,Ayatsuno Yuni,EVERYS,엘든링띵떵 ~ ( 진짜임 ) ,2026-04-03 18:08:24,14470,talk,ETC,3164
12536973,45e71a76e949e16a34764deb962f9d9f,아야츠노 유니,Ayatsuno Yuni,EVERYS,기습 사과게임 10등 이상 하고 싶어서 1시간만 방송 키로왔어요 저 미팅이있어서 기분좋게 서로서로 눈치 보면서 절 10등 이상 시켜주세요 어자피 너 개 못하자나 ,2026-04-02 21:44:11,4392,talk,ETC,1761
12525727,45e71a76e949e16a34764deb962f9d9f,아야츠노 유니,Ayatsuno Yuni,EVERYS,이쁜 유니 다시 왔따 !!! ,2026-04-02 00:40:13,9218,talk,ETC,3381
12517600,45e71a76e949e16a34764deb962f9d9f,아야츠노 유니,Ayatsuno Yuni,EVERYS,이쁜 유니가 만나로왔어요 !!!!!!!!!!!!!!!!!!!!!!!!!!,2026-04-01 18:50:38,3258,talk,ETC,11052
12485385,45e71a76e949e16a34764deb962f9d9f,아야츠노 유니,Ayatsuno Yuni,EVERYS,앨든링띵똥 ,2026-03-30 18:14:10,14798,talk,ETC,3358
12460496,45e71a76e949e16a34764deb962f9d9f,아야츠노 유니,Ayatsuno Yuni,EVERYS,밀키트 선생님 컷 ㅋ 내전 둘어가욧 ,2026-03-29 01:12:21,39009,talk,ETC,4506
12427255,45e71a76e949e16a34764deb962f9d9f,아야츠노 유니,Ayatsuno Yuni,EVERYS,안녕하세요 오늘 오버워치할건데 혹시 탱커 돌려주시겠어요 ? 제가 힐 마니넣어줄게요 나노도줄게 구슬도 써줄게 어떄요? ,2026-03-27 01:05:28,22701,talk,ETC,2594
12367816,45e71a76e949e16a34764deb962f9d9f,아야츠노 유니,Ayatsuno Yuni,EVERYS,인생 첫 ELDEN RING ,2026-03-23 05:24:56,43713,talk,ETC,5909
12337876,45e71a76e949e16a34764deb962f9d9f,아야츠노 유니,Ayatsuno Yuni,EVERYS,내가 잘하는게임을 할려는 뿐이라고 ,2026-03-21 17:18:51,14900,talk,ETC,2878
12320492,45e71a76e949e16a34764deb962f9d9f,아야츠노 유니,Ayatsuno Yuni,EVERYS,내가 잘하는게임을 할려는 뿐인데 ,2026-03-20 17:34:26,15669,레이튼 교수와 악마의 상자 HD,GAME,4600
12266248,45e71a76e949e16a34764deb962f9d9f,아야츠노 유니,Ayatsuno Yuni,EVERYS,돌려 ,2026-03-17 01:26:30,32632,오버워치,GAME,6404
12249894,45e71a76e949e16a34764deb962f9d9f,아야츠노 유니,Ayatsuno Yuni,EVERYS,무관 심 해 !,2026-03-16 00:51:25,31016,talk,ETC,4291
12217944,45e71a76e949e16a34764deb962f9d9f,아야츠노 유니,Ayatsuno Yuni,EVERYS,행복내전시간 ,2026-03-14 04:08:34,36495,오버워치,GAME,6185
12201531,45e71a76e949e16a34764deb962f9d9f,아야츠노 유니,Ayatsuno Yuni,EVERYS,[라이벌클래시]  대회 1일차 이겨보쟈 ~!!!!!,2026-03-13 04:45:41,37738,오버워치,GAME,4233
12181526,45e71a76e949e16a34764deb962f9d9f,아야츠노 유니,Ayatsuno Yuni,EVERYS,[라이벌클래시]  스크림 아이스크림 2일차 ,2026-03-12 01:10:23,24950,오버워치,GAME,2308
12169787,45e71a76e949e16a34764deb962f9d9f,아야츠노 유니,Ayatsuno Yuni,EVERYS,[라이벌클래시]  스크림 아이스크림 ,2026-03-11 08:48:45,52661,오버워치,GAME,4051
12153744,45e71a76e949e16a34764deb962f9d9f,아야츠노 유니,Ayatsuno Yuni,EVERYS,오늘도 유니유니 / 6시 [라이벌클래시] 팀 뽑기 ,2026-03-10 07:35:03,56215,오버워치,GAME,6483
12113081,45e71a76e949e16a34764deb962f9d9f,아야츠노 유니,Ayatsuno Yuni,EVERYS,"WBC야구 한국 vs 일본 야구 처음 봐요,,,,,, 누가 이길까요 ,,,,",2026-03-07 22:45:43,16217,talk,ETC,3718
12101217,45e71a76e949e16a34764deb962f9d9f,아야츠노 유니,Ayatsuno Yuni,EVERYS,옵치 고티어 내전 가볼께요 !!!,2026-03-07 02:50:12,38423,talk,ETC,3345
12083176,45e71a76e949e16a34764deb962f9d9f,아야츠노 유니,Ayatsuno Yuni,EVERYS,"증거티어내전 가볼께요 ,,,!!!!!",2026-03-06 01:25:37,36562,오버워치,GAME,4429
12052866,45e71a76e949e16a34764deb962f9d9f,아야츠노 유니,Ayatsuno Yuni,EVERYS,신착 바이오 레퀴앰  끝까지 가볼까요 !!!!,2026-03-04 03:01:45,27882,talk,ETC,3232
12034085,45e71a76e949e16a34764deb962f9d9f,아야츠노 유니,Ayatsuno Yuni,EVERYS,신착 바이오 레퀴앰  하는날 ,2026-03-03 00:24:11,28945,talk,ETC,5153
11996453,45e71a76e949e16a34764deb962f9d9f,아야츠노 유니,Ayatsuno Yuni,EVERYS,러너리그가 끝났뗘 ㅠㅠㅠㅠㅠ ,2026-02-28 22:14:14,14712,talk,ETC,4454
11979933,45e71a76e949e16a34764deb962f9d9f,아야츠노 유니,Ayatsuno Yuni,EVERYS,[러너리그 시즌4] 센세 오디가 팀 / 제발 유니에게 우승을 ㅠㅠㅠㅠㅠㅠㅠㅠ ,2026-02-27 23:23:36,19719,오버워치,GAME,5007
11965769,45e71a76e949e16a34764deb962f9d9f,아야츠노 유니,Ayatsuno Yuni,EVERYS,[러너리그 시즌4] 센세 오디가 팀 / 후자케루나 4등은 안댄다 후자케루나 4등은 안댄다 후자케루나 4등은 안댄다 후자케루나 4등은 안댄다 후자케루나 4등은 안댄다 ,2026-02-27 00:36:59,23792,오버워치,GAME,11139
11949483,45e71a76e949e16a34764deb962f9d9f,아야츠노 유니,Ayatsuno Yuni,EVERYS,[러너리그 시즌4] 대회날 !!!! 팀 센세 오디가  !!,2026-02-26 01:00:19,25319,오버워치,GAME,5536
11931898,45e71a76e949e16a34764deb962f9d9f,아야츠노 유니,Ayatsuno Yuni,EVERYS,[러너리그 시즌4] 대회날 !!!! 팀 센세 오디가  ,2026-02-25 00:25:51,22466,오버워치,GAME,7634
11918046,45e71a76e949e16a34764deb962f9d9f,아야츠노 유니,Ayatsuno Yuni,EVERYS,[러너리그 시즌4] 스크림 4일체 센세 오디가 센세 오디가 센세 오디가 센세 오디가 센세 오디가 센세 오디가 센세 오디가 센세 오디가 센세 오디가 센세 오디가 센세 오디가 센세 오,2026-02-24 02:07:00,25026,오버워치,GAME,3359
11904646,45e71a76e949e16a34764deb962f9d9f,아야츠노 유니,Ayatsuno Yuni,EVERYS,[러너리그 시즌4] 스크림 3일체 센세 오디가 센세 오디가 센세 오디가 센세 오디가 센세 오디가 센세 오디가 센세 오디가 센세 오디가 센세 오디가 센세 오디가 센세 오디가 센세 오,2026-02-23 05:37:12,33747,talk,ETC,5278
11888090,45e71a76e949e16a34764deb962f9d9f,아야츠노 유니,Ayatsuno Yuni,EVERYS,[러너리그 시즌4] 스크림 2일체 ,2026-02-22 07:53:09,49851,오버워치,GAME,4482
11869596,45e71a76e949e16a34764deb962f9d9f,아야츠노 유니,Ayatsuno Yuni,EVERYS,[러너리그 시즌4] 첫 스크림 !!!!!!!!!!!!!!,2026-02-21 06:18:59,45505,talk,ETC,8506
11850167,45e71a76e949e16a34764deb962f9d9f,아야츠노 유니,Ayatsuno Yuni,EVERYS,러너리그 마지막 내전 ,2026-02-20 02:34:40,36474,오버워치,GAME,5533
11816343,45e71a76e949e16a34764deb962f9d9f,아야츠노 유니,Ayatsuno Yuni,EVERYS,러너리그 내전 저 잘하지 못한 힐러 임니다 4등을 3번이나 했는데요  절대 뽑지않을걸 추전 함니다 ,2026-02-18 02:41:47,23458,오버워치,GAME,4634
11803139,45e71a76e949e16a34764deb962f9d9f,아야츠노 유니,Ayatsuno Yuni,EVERYS,"러너리그 내전 연습 오늘도 ,, ",2026-02-17 03:51:46,24180,오버워치,GAME,3282
11796443,45e71a76e949e16a34764deb962f9d9f,아야츠노 유니,Ayatsuno Yuni,EVERYS,올림픽 증계 !!!!!! 한국 은원함니다 !!!!!!,2026-02-16 21:00:11,7755,동계 올림픽,SPORTS,2443
11789691,45e71a76e949e16a34764deb962f9d9f,아야츠노 유니,Ayatsuno Yuni,EVERYS,러너리그 내전 늦게 둘어가기 ,2026-02-16 04:35:45,12565,talk,ETC,2772
11786198,45e71a76e949e16a34764deb962f9d9f,아야츠노 유니,Ayatsuno Yuni,EVERYS,올림픽 컬링 일본 x 한국 증계 같이 볼사람 ~!! ,2026-02-16 01:03:46,12349,동계 올림픽,SPORTS,3350
11772581,45e71a76e949e16a34764deb962f9d9f,아야츠노 유니,Ayatsuno Yuni,EVERYS,러너리그 내전 / 린 듀엣곡 후야 유니 커버곡 두쫀쿠 만들기 영상 많관부 ,2026-02-15 03:10:48,21959,오버워치,GAME,4571
11730658,45e71a76e949e16a34764deb962f9d9f,아야츠노 유니,Ayatsuno Yuni,EVERYS,러너리그 맴버 첫 내전 감니다 !!! ,2026-02-12 22:23:32,26153,talk,ETC,5629
11719052,45e71a76e949e16a34764deb962f9d9f,아야츠노 유니,Ayatsuno Yuni,EVERYS,싸우자 ,2026-02-12 01:53:30,23766,talk,ETC,2516
11705608,45e71a76e949e16a34764deb962f9d9f,아야츠노 유니,Ayatsuno Yuni,EVERYS,옵치 업뎃 고고고고고 !!! ,2026-02-11 07:28:16,36815,talk,ETC,3240
11668538,45e71a76e949e16a34764deb962f9d9f,아야츠노 유니,Ayatsuno Yuni,EVERYS,3부 Q돌려잇 ! ,2026-02-09 01:18:35,25537,talk,ETC,3378
11652769,45e71a76e949e16a34764deb962f9d9f,아야츠노 유니,Ayatsuno Yuni,EVERYS,배도라지 ? 내전 6시!!!!!!!!!!!!!!!,2026-02-08 03:12:44,36992,talk,ETC,5358
11618997,45e71a76e949e16a34764deb962f9d9f,아야츠노 유니,Ayatsuno Yuni,EVERYS,오늘나온 신착공포게임 우미가리 ,2026-02-06 04:15:28,46539,talk,ETC,4504
11570625,45e71a76e949e16a34764deb962f9d9f,아야츠노 유니,Ayatsuno Yuni,EVERYS,2026년 02월 02일 1부 아야츠노 정싱을 몰라 ? ,2026-02-03 09:40:44,61200,리그 오브 레전드,GAME,5901
11550825,45e71a76e949e16a34764deb962f9d9f,아야츠노 유니,Ayatsuno Yuni,EVERYS,"나 지금 이러났어 ㅡ,ㅡ",2026-02-02 01:30:23,10710,talk,ETC,4133
11546113,45e71a76e949e16a34764deb962f9d9f,아야츠노 유니,Ayatsuno Yuni,EVERYS,봉봉밤 둘어가보께여 ,2026-02-01 22:32:22,30469,마인크래프트,GAME,4808
11500431,45e71a76e949e16a34764deb962f9d9f,아야츠노 유니,Ayatsuno Yuni,EVERYS,사람 아니야 ? ,2026-01-30 02:25:34,22572,talk,ETC,4353
11484540,45e71a76e949e16a34764deb962f9d9f,아야츠노 유니,Ayatsuno Yuni,EVERYS,오늘 2번째 쿠소게 ,2026-01-29 03:37:59,34050,talk,ETC,3635
11448769,45e71a76e949e16a34764deb962f9d9f,아야츠노 유니,Ayatsuno Yuni,EVERYS,스시 공포 겜 있대 ,2026-01-27 01:01:06,24588,talk,ETC,3516
11422868,45e71a76e949e16a34764deb962f9d9f,아야츠노 유니,Ayatsuno Yuni,EVERYS,유니모닝 ~!!!!!,2026-01-25 13:35:36,8748,talk,ETC,3559
11386672,45e71a76e949e16a34764deb962f9d9f,아야츠노 유니,Ayatsuno Yuni,EVERYS,올라가요 어디가지요 몰라요 경왕이요 이게임 그정돈가요 ,2026-01-23 06:02:28,44296,talk,ETC,9203
11345533,45e71a76e949e16a34764deb962f9d9f,아야츠노 유니,Ayatsuno Yuni,EVERYS,앤더드래곤후야랑 잡고페이트 같이보기를하고싶음니다오늘도열심히할게요안울게요기엽게웃고할게요 ,2026-01-20 23:55:03,27343,talk,ETC,2950
11331392,45e71a76e949e16a34764deb962f9d9f,아야츠노 유니,Ayatsuno Yuni,EVERYS,앤더 하코런 w 후야 ,2026-01-20 01:19:28,34442,talk,ETC,3968
11310703,45e71a76e949e16a34764deb962f9d9f,아야츠노 유니,Ayatsuno Yuni,EVERYS,우리 페이트 언재 봐요 ? ,2026-01-18 21:52:31,31509,talk,ETC,3453
11284777,45e71a76e949e16a34764deb962f9d9f,아야츠노 유니,Ayatsuno Yuni,EVERYS,마크 발로란트 콘텐츠 ??? 합방 ,2026-01-17 05:02:24,36853,talk,ETC,4634
11243716,45e71a76e949e16a34764deb962f9d9f,아야츠노 유니,Ayatsuno Yuni,EVERYS,엣 나니 ? ,2026-01-14 23:20:07,18887,talk,ETC,2401
11232388,45e71a76e949e16a34764deb962f9d9f,아야츠노 유니,Ayatsuno Yuni,EVERYS,"타비 리코 ( 히나 ? ) 가 없는 방 ,,,,",2026-01-14 03:08:20,27768,talk,ETC,2578
11208833,45e71a76e949e16a34764deb962f9d9f,아야츠노 유니,Ayatsuno Yuni,EVERYS,유니 3주년 행복한 날 만들기 ,2026-01-12 22:24:22,17751,talk,ETC,3866
11196594,45e71a76e949e16a34764deb962f9d9f,아야츠노 유니,Ayatsuno Yuni,EVERYS,5시 방찰출 유니 케리 감니다 ,2026-01-12 00:57:19,41805,talk,ETC,3475
11176568,45e71a76e949e16a34764deb962f9d9f,아야츠노 유니,Ayatsuno Yuni,EVERYS,<치지직제작지원> 짜친대 3시 마지막도날도 !!!!!!,2026-01-10 23:28:13,32282,talk,ETC,3307
11159040,45e71a76e949e16a34764deb962f9d9f,아야츠노 유니,Ayatsuno Yuni,EVERYS,<치지직제작지원> 짜친대 3시 행복한 외노자 출동 ,2026-01-09 23:42:36,33966,리그 오브 레전드,GAME,2453
11145622,45e71a76e949e16a34764deb962f9d9f,아야츠노 유니,Ayatsuno Yuni,EVERYS,유니유니 3주년 감사함니다 !! /5시 짜친대 아이스크림 ,2026-01-09 01:23:14,45423,talk,ETC,2506
11123465,45e71a76e949e16a34764deb962f9d9f,아야츠노 유니,Ayatsuno Yuni,EVERYS,"5시 짜친대 팀 뽑기 !!! 유기유니는 어디에,,,,???",2026-01-07 22:14:05,18909,talk,ETC,2477
11109148,45e71a76e949e16a34764deb962f9d9f,아야츠노 유니,Ayatsuno Yuni,EVERYS,5시 짜친대 내전 이쿠조 ~!!!!,2026-01-06 23:46:12,27128,talk,ETC,1688
11076073,45e71a76e949e16a34764deb962f9d9f,아야츠노 유니,Ayatsuno Yuni,EVERYS,4시 짜친대 내전 ,2026-01-04 22:54:54,41778,리그 오브 레전드,GAME,2718
11025162,45e71a76e949e16a34764deb962f9d9f,아야츠노 유니,Ayatsuno Yuni,EVERYS,2026년에 해줬으면하는 게임이 있나여 ?? ,2026-01-01 22:56:28,17237,talk,ETC,3763
11012607,45e71a76e949e16a34764deb962f9d9f,아야츠노 유니,Ayatsuno Yuni,EVERYS,2026년 목표 정하기 ,2026-01-01 03:03:59,35414,talk,ETC,7341
10994402,45e71a76e949e16a34764deb962f9d9f,아야츠노 유니,Ayatsuno Yuni,EVERYS,"요즘 유행하는게임인데 일본어같은거 안 읽어도되 초록색을 찾아서 개약서를 동의 헤야헤 동의함을 찾아 ,,,,,,, ",2025-12-31 03:22:15,25939,talk,ETC,5828
10976763,45e71a76e949e16a34764deb962f9d9f,아야츠노 유니,Ayatsuno Yuni,EVERYS,야호 ,2025-12-30 01:42:34,2178,talk,ETC,3258
10975946,45e71a76e949e16a34764deb962f9d9f,아야츠노 유니,Ayatsuno Yuni,EVERYS,야호 ,2025-12-30 01:07:06,18081,talk,ETC,6043
10960046,45e71a76e949e16a34764deb962f9d9f,아야츠노 유니,Ayatsuno Yuni,EVERYS,전투 매이드 마지막 ,2025-12-29 00:44:26,29930,talk,ETC,3665
10948705,45e71a76e949e16a34764deb962f9d9f,아야츠노 유니,Ayatsuno Yuni,EVERYS,아내력 높아지고 있어 ,2025-12-28 07:50:58,48466,talk,ETC,7230
10931221,45e71a76e949e16a34764deb962f9d9f,아야츠노 유니,Ayatsuno Yuni,EVERYS,전투 매이드 유니유니 ,2025-12-27 05:34:44,42806,talk,ETC,7722
10915558,45e71a76e949e16a34764deb962f9d9f,아야츠노 유니,Ayatsuno Yuni,EVERYS,아니 이런 씨 왜 다시온다고 왜 다시온다고 생각 안하고 잘쟈 ㅇㅈㄹ 너 여친 있자나 뭔데 크리스마스 바쁨 ? asmr 해주면 다냐 ??????,2025-12-26 06:12:51,32320,마인크래프트,GAME,5907
10904407,45e71a76e949e16a34764deb962f9d9f,아야츠노 유니,Ayatsuno Yuni,EVERYS, 처음 헤본 ASMR 크리스마스 ( 19금 ) ,2025-12-25 20:45:16,6385,ASMR,ETC,33408
10902696,45e71a76e949e16a34764deb962f9d9f,아야츠노 유니,Ayatsuno Yuni,EVERYS,6시반 커버곡 공개!!!! 인생 첫 ASMR까지 !!!!!!,2025-12-25 18:49:58,2093,talk,ETC,4269
10896041,45e71a76e949e16a34764deb962f9d9f,아야츠노 유니,Ayatsuno Yuni,EVERYS,멋사섭 내실 요리 여자력 <3 ,2025-12-25 05:31:53,40876,talk,ETC,6726
10877541,45e71a76e949e16a34764deb962f9d9f,아야츠노 유니,Ayatsuno Yuni,EVERYS,"사람들 히든에 미쳤네 ,,, 어 유니도 ?",2025-12-24 04:22:01,47087,talk,ETC,3521
10859708,45e71a76e949e16a34764deb962f9d9f,아야츠노 유니,Ayatsuno Yuni,EVERYS,멋사섭 둘어가볼게요 아 파티 요 ? 그건 아무래도 내 옆에서 누군가가 죽는건 보기 힘들어요 ,2025-12-23 01:56:23,28054,talk,ETC,3355
10833991,45e71a76e949e16a34764deb962f9d9f,아야츠노 유니,Ayatsuno Yuni,EVERYS,우리 파스텔 이러와  스텔콘 후기 <3,2025-12-21 16:02:17,10585,talk,ETC,5852
10774116,45e71a76e949e16a34764deb962f9d9f,아야츠노 유니,Ayatsuno Yuni,EVERYS,스텔 롤 내전 행복한 외노자 감니다 ,2025-12-17 23:18:49,22277,리그 오브 레전드,GAME,3511
10763968,45e71a76e949e16a34764deb962f9d9f,아야츠노 유니,Ayatsuno Yuni,EVERYS,휴방날 최고의선택 ㅈ롤 스텔내전 연습 ,2025-12-17 03:26:32,19239,talk,ETC,1434
10747870,45e71a76e949e16a34764deb962f9d9f,아야츠노 유니,Ayatsuno Yuni,EVERYS,스텔 내전 연습하러 왔음니다 음으믕ㅁ음 ,2025-12-16 03:23:29,29359,talk,ETC,2180
10726418,45e71a76e949e16a34764deb962f9d9f,아야츠노 유니,Ayatsuno Yuni,EVERYS,불 오니 죽일때까지 ㄱㄱㄱㄱㄱ,2025-12-14 22:41:57,44577,talk,ETC,2483
10702343,45e71a76e949e16a34764deb962f9d9f,아야츠노 유니,Ayatsuno Yuni,EVERYS,야매테 타스케테 ,2025-12-13 13:13:42,59658,talk,ETC,3887
10661999,45e71a76e949e16a34764deb962f9d9f,아야츠노 유니,Ayatsuno Yuni,EVERYS,유니우승 !!!,2025-12-10 23:53:12,23774,talk,ETC,3362
10644265,45e71a76e949e16a34764deb962f9d9f,아야츠노 유니,Ayatsuno Yuni,EVERYS,운고비 유니유니 ,2025-12-09 22:41:02,17089,talk,ETC,2526
10640192,45e71a76e949e16a34764deb962f9d9f,아야츠노 유니,Ayatsuno Yuni,EVERYS,2회 우승자 유니키 오늘도 우승하고 쌀먹 할예정이야 50분 리방 !,2025-12-09 17:48:25,624,talk,ETC,972
10635208,45e71a76e949e16a34764deb962f9d9f,아야츠노 유니,Ayatsuno Yuni,EVERYS,오늘도 유니유니 ,2025-12-09 03:19:46,32758,talk,ETC,2590
10609469,45e71a76e949e16a34764deb962f9d9f,아야츠노 유니,Ayatsuno Yuni,EVERYS,맛보기 ,2025-12-07 16:33:18,17985,talk,ETC,2566
10588663,45e71a76e949e16a34764deb962f9d9f,아야츠노 유니,Ayatsuno Yuni,EVERYS,추점식 같이보기 ,2025-12-06 04:40:09,37509,축구,SPORTS,6408
10557745,45e71a76e949e16a34764deb962f9d9f,아야츠노 유니,Ayatsuno Yuni,EVERYS,겐이치로 잡으로 감니다 ,2025-12-04 08:47:39,53446,세키로: 섀도우 다이 트와이스,GAME,3908
10539332,45e71a76e949e16a34764deb962f9d9f,아야츠노 유니,Ayatsuno Yuni,EVERYS,인생 첫 세키로 ! 오늘도 잘하고싶다 ..,2025-12-03 02:59:04,36098,talk,ETC,2598
10500154,45e71a76e949e16a34764deb962f9d9f,아야츠노 유니,Ayatsuno Yuni,EVERYS,"인생 첫 서울류 게임 ,,  감니다 ",2025-11-30 20:07:56,32466,talk,ETC,4588
10477987,45e71a76e949e16a34764deb962f9d9f,아야츠노 유니,Ayatsuno Yuni,EVERYS,브론즈 경왕 ,2025-11-29 10:56:56,59758,talk,ETC,4063
10455367,45e71a76e949e16a34764deb962f9d9f,아야츠노 유니,Ayatsuno Yuni,EVERYS,일본인 친구 패기 ,2025-11-28 00:29:25,17915,talk,ETC,3634
10427094,45e71a76e949e16a34764deb962f9d9f,아야츠노 유니,Ayatsuno Yuni,EVERYS,매이지 원딜 ,2025-11-26 03:32:51,29622,talk,ETC,2562
10407412,45e71a76e949e16a34764deb962f9d9f,아야츠노 유니,Ayatsuno Yuni,EVERYS,4부 ㅈ롤 ,2025-11-25 00:12:23,25103,talk,ETC,1865
10392750,45e71a76e949e16a34764deb962f9d9f,아야츠노 유니,Ayatsuno Yuni,EVERYS,휴방날 최고의 선택 >>>> 방송 키기 ,2025-11-24 00:25:31,14891,talk,ETC,1580
10377990,45e71a76e949e16a34764deb962f9d9f,아야츠노 유니,Ayatsuno Yuni,EVERYS,3분 돈슛견 죽이로가기 ,2025-11-23 02:21:34,33152,talk,ETC,2682
10361657,45e71a76e949e16a34764deb962f9d9f,아야츠노 유니,Ayatsuno Yuni,EVERYS,오늘 후야랑 첫 버텀 만남 ,2025-11-22 03:06:20,44533,리그 오브 레전드,GAME,2680
10307278,45e71a76e949e16a34764deb962f9d9f,아야츠노 유니,Ayatsuno Yuni,EVERYS,1부 사장님한테 맞기 2부 사장님한테 개쳐맞기 ,2025-11-18 23:53:17,27601,talk,ETC,5190
10295978,45e71a76e949e16a34764deb962f9d9f,아야츠노 유니,Ayatsuno Yuni,EVERYS,ㅈ롤 사랑헤주세여 ,2025-11-18 03:12:27,36026,리그 오브 레전드,GAME,2456
10258480,45e71a76e949e16a34764deb962f9d9f,아야츠노 유니,Ayatsuno Yuni,EVERYS,ㅈ뻬즑애 ,2025-11-15 23:12:38,23276,talk,ETC,4923
10231196,45e71a76e949e16a34764deb962f9d9f,아야츠노 유니,Ayatsuno Yuni,EVERYS,유니 롤 이대로 갠자는가 이제 사장님도 고민증 ,2025-11-14 03:42:27,32308,talk,ETC,4331
10211764,45e71a76e949e16a34764deb962f9d9f,아야츠노 유니,Ayatsuno Yuni,EVERYS,busy헤요 ?수능학생금지XXX 3D후열 + 신곡 후기 방송 ,2025-11-13 01:04:16,10309,talk,ETC,3866
10204753,45e71a76e949e16a34764deb962f9d9f,아야츠노 유니,Ayatsuno Yuni,EVERYS,6시 삐질게 공개 !!! + 신3D??????,2025-11-12 19:41:40,7057,talk,ETC,7771
10197875,45e71a76e949e16a34764deb962f9d9f,아야츠노 유니,Ayatsuno Yuni,EVERYS,진짜 씨 내가 이겼는데 공겜 안하면 내가 쓰래기 되는 새게 ,2025-11-12 02:55:43,27654,talk,ETC,2844
10178639,45e71a76e949e16a34764deb962f9d9f,아야츠노 유니,Ayatsuno Yuni,EVERYS,죽은 강아지가 주인 만나러가는 게임 ,2025-11-11 00:21:13,25677,마이 리틀 퍼피,GAME,6989
10156688,45e71a76e949e16a34764deb962f9d9f,아야츠노 유니,Ayatsuno Yuni,EVERYS,유니모닝 ~~~!!!! !!!!,2025-11-09 16:35:55,17740,talk,ETC,2615
10148096,45e71a76e949e16a34764deb962f9d9f,아야츠노 유니,Ayatsuno Yuni,EVERYS,"사잔님이 지켲준데서 무서운게임한다 말헸다 사장님 ,,,,,,,",2025-11-09 01:15:39,30003,선즈 오브 더 포레스트,GAME,2350
10132511,45e71a76e949e16a34764deb962f9d9f,아야츠노 유니,Ayatsuno Yuni,EVERYS,5시 앨범 매들리 공게 !!! 6시 피파 대회 !!!!!!!!!,2025-11-08 02:42:10,40863,FC온라인,GAME,2382
10101951,45e71a76e949e16a34764deb962f9d9f,아야츠노 유니,Ayatsuno Yuni,EVERYS,똥겜카리스마 유니유니 ,2025-11-06 05:14:20,32001,talk,ETC,2402
10084287,45e71a76e949e16a34764deb962f9d9f,아야츠노 유니,Ayatsuno Yuni,EVERYS,기습 스페 방송 ,2025-11-05 03:17:44,9156,talk,ETC,2239
10069517,45e71a76e949e16a34764deb962f9d9f,아야츠노 유니,Ayatsuno Yuni,EVERYS,이 겜 재밌는데 ? ,2025-11-04 04:56:34,38044,talk,ETC,1859
10045090,45e71a76e949e16a34764deb962f9d9f,아야츠노 유니,Ayatsuno Yuni,EVERYS,신작 게임 헤보기 !!!!!,2025-11-02 20:31:13,35186,아크 레이더스,GAME,2764
10028628,45e71a76e949e16a34764deb962f9d9f,아야츠노 유니,Ayatsuno Yuni,EVERYS,로리랑 놀기 ,2025-11-01 21:22:09,15027,talk,ETC,2422
10019054,45e71a76e949e16a34764deb962f9d9f,아야츠노 유니,Ayatsuno Yuni,EVERYS,"특별히 ,,,, 헤준다 ㅡㅡㅡㅡ 공겜 ",2025-11-01 03:13:27,35232,talk,ETC,3598
9928401,45e71a76e949e16a34764deb962f9d9f,아야츠노 유니,Ayatsuno Yuni,EVERYS,"최성함니다 ,,,샥건 그만 칠게요 ,, ",2025-10-26 17:22:35,4584,talk,ETC,2427
9927403,45e71a76e949e16a34764deb962f9d9f,아야츠노 유니,Ayatsuno Yuni,EVERYS,닷코프 3부 그그한 ,2025-10-26 16:05:53,19605,이스케이프 프롬 덕코프,GAME,3073
9893941,45e71a76e949e16a34764deb962f9d9f,아야츠노 유니,Ayatsuno Yuni,EVERYS,진짜 죽 으 면 방 종 ,2025-10-24 18:11:35,9361,이스케이프 프롬 덕코프,GAME,2156
9888902,45e71a76e949e16a34764deb962f9d9f,아야츠노 유니,Ayatsuno Yuni,EVERYS,토쿄타워는 경왕을헤야 완성이 될려나 ,2025-10-24 04:28:50,31153,talk,ETC,2146
9869591,45e71a76e949e16a34764deb962f9d9f,아야츠노 유니,Ayatsuno Yuni,EVERYS,닭유니 ,2025-10-23 01:12:34,32371,talk,ETC,2411
9845438,45e71a76e949e16a34764deb962f9d9f,아야츠노 유니,Ayatsuno Yuni,EVERYS,2025년 10월 21일 2부 이로치 ,2025-10-21 17:27:41,813,talk,ETC,1203
9845322,45e71a76e949e16a34764deb962f9d9f,아야츠노 유니,Ayatsuno Yuni,EVERYS,2025년 10월 21일 1부 이로치 ,2025-10-21 17:17:24,61201,포켓몬 레전드 Z-A,GAME,2483
9814498,45e71a76e949e16a34764deb962f9d9f,아야츠노 유니,Ayatsuno Yuni,EVERYS,2025년 10월 18일 2부 진짜 멈추지않아요 ,2025-10-19 17:48:30,7664,talk,ETC,4068
9813171,45e71a76e949e16a34764deb962f9d9f,아야츠노 유니,Ayatsuno Yuni,EVERYS,2025년 10월 18일 1부 GTA섭 클립 보기 !! ,2025-10-19 14:51:42,61201,talk,ETC,4643
9791421,45e71a76e949e16a34764deb962f9d9f,아야츠노 유니,Ayatsuno Yuni,EVERYS,일본 GTA섭 들어가보기 !! 마지막 !! ( 매드타운 ) ,2025-10-18 03:36:03,34190,talk,ETC,9768
9743943,45e71a76e949e16a34764deb962f9d9f,아야츠노 유니,Ayatsuno Yuni,EVERYS,토쿄터워 ,2025-10-15 04:50:36,34624,talk,ETC,6222
9712826,45e71a76e949e16a34764deb962f9d9f,아야츠노 유니,Ayatsuno Yuni,EVERYS,일본  GTA섭 들어가보기 2!!! ( 매드타운 ) ,2025-10-13 03:28:44,40469,talk,ETC,14535
9695708,45e71a76e949e16a34764deb962f9d9f,아야츠노 유니,Ayatsuno Yuni,EVERYS,일본 GTA섭 둘어가보기!!! (매드타운) ,2025-10-12 03:30:04,32189,Grand Theft Auto V,GAME,22286
9663088,45e71a76e949e16a34764deb962f9d9f,아야츠노 유니,Ayatsuno Yuni,EVERYS,잔디로 탈출 ,2025-10-10 06:37:35,44348,talk,ETC,6096
9629277,45e71a76e949e16a34764deb962f9d9f,아야츠노 유니,Ayatsuno Yuni,EVERYS,인생 첫 바하 달리기 ,2025-10-08 05:38:54,10133,talk,ETC,3133
9627283,45e71a76e949e16a34764deb962f9d9f,아야츠노 유니,Ayatsuno Yuni,EVERYS,인생 첫 바하 달리기 ,2025-10-08 02:49:58,28232,바이오하자드 7 레지던트 이블,GAME,4534
9596620,45e71a76e949e16a34764deb962f9d9f,아야츠노 유니,Ayatsuno Yuni,EVERYS,오늘 목표 사장님한테는 살아남기 리코 부키 잡기 린 도와주기 ,2025-10-05 23:52:16,45490,talk,ETC,4897
9567219,45e71a76e949e16a34764deb962f9d9f,아야츠노 유니,Ayatsuno Yuni,EVERYS, DRX VS PRX 경기 제발 같이 운원 헤주실분 !!! ,2025-10-04 01:06:19,21497,talk,ETC,3705
9567267,45e71a76e949e16a34764deb962f9d9f,아야츠노 유니,Ayatsuno Yuni,EVERYS, DRX VS PRX 경기 제발 같이 운원 헤주실분 !!! ,2025-10-04 01:04:45,37,talk,ETC,935
9551902,45e71a76e949e16a34764deb962f9d9f,아야츠노 유니,Ayatsuno Yuni,EVERYS,3D 뱀서 ,2025-10-03 02:28:45,40857,talk,ETC,3644
9522505,45e71a76e949e16a34764deb962f9d9f,아야츠노 유니,Ayatsuno Yuni,EVERYS,"애휴 다시 파친코로 도파민 줄겨야징 
",2025-10-01 05:03:24,43376,클로버핏,GAME,5703
9507408,45e71a76e949e16a34764deb962f9d9f,아야츠노 유니,Ayatsuno Yuni,EVERYS,"DRX같이 운웡 할사람 !!!!!!!!!!!!!!!!!!!!!!!!!!
",2025-09-30 04:59:11,43887,발로란트,GAME,4897
9480908,45e71a76e949e16a34764deb962f9d9f,아야츠노 유니,Ayatsuno Yuni,EVERYS,신케 헤보기 !!!!,2025-09-28 17:02:26,21149,데드 바이 데이라이트,GAME,4270
9451595,45e71a76e949e16a34764deb962f9d9f,아야츠노 유니,Ayatsuno Yuni,EVERYS,헤명하로 왔음니다 ,2025-09-26 22:37:45,9243,talk,ETC,6422
9350930,45e71a76e949e16a34764deb962f9d9f,아야츠노 유니,Ayatsuno Yuni,EVERYS,유니랑 토요일 같이 보녜요 ! ,2025-09-20 12:59:53,3137,talk,ETC,5731
9326411,45e71a76e949e16a34764deb962f9d9f,아야츠노 유니,Ayatsuno Yuni,EVERYS,에버리스 유니유니가 왔뗘 ! / 6시반 커버곡 공개 🌟,2025-09-18 23:48:52,27637,talk,ETC,9170
9292469,45e71a76e949e16a34764deb962f9d9f,아야츠노 유니,Ayatsuno Yuni,EVERYS,인기 많은 신작 게임 맛보기 !!! ,2025-09-16 22:49:02,15638,talk,ETC,4174
9212000,45e71a76e949e16a34764deb962f9d9f,아야츠노 유니,Ayatsuno Yuni,EVERYS,아프로는 애버리스 !! ,2025-09-11 22:56:35,8119,talk,ETC,4884
9200456,45e71a76e949e16a34764deb962f9d9f,아야츠노 유니,Ayatsuno Yuni,EVERYS,오니기리 슈미래이션 ,2025-09-11 01:33:53,16601,talk,ETC,5089
9170550,45e71a76e949e16a34764deb962f9d9f,아야츠노 유니,Ayatsuno Yuni,EVERYS,피파 선수 마주로 왔어요 / 7시 선생님이란 같이 뽑음 ,2025-09-09 02:43:10,31453,talk,ETC,5753
9145477,45e71a76e949e16a34764deb962f9d9f,아야츠노 유니,Ayatsuno Yuni,EVERYS,다피스 시즌2 헤볼게요 !!!!,2025-09-07 18:10:12,25033,마인크래프트,GAME,5601
9100426,45e71a76e949e16a34764deb962f9d9f,아야츠노 유니,Ayatsuno Yuni,EVERYS,살인마 연습 ,2025-09-05 00:31:15,21194,talk,ETC,3823
9069270,45e71a76e949e16a34764deb962f9d9f,아야츠노 유니,Ayatsuno Yuni,EVERYS,현질 하면 안대는 게임이 많다 ,2025-09-03 00:34:44,26737,talk,ETC,2817
8988746,45e71a76e949e16a34764deb962f9d9f,아야츠노 유니,Ayatsuno Yuni,EVERYS,안녕하시지 !!!!!!!,2025-08-29 00:51:42,20458,talk,ETC,5100
8957357,45e71a76e949e16a34764deb962f9d9f,아야츠노 유니,Ayatsuno Yuni,EVERYS,공포겜에서 유니를 괘롭힌유련들 죽이러 감니다 ,2025-08-27 01:16:16,22654,talk,ETC,3739
8941062,45e71a76e949e16a34764deb962f9d9f,아야츠노 유니,Ayatsuno Yuni,EVERYS,넌 오니야 ? 사람이야 ? ,2025-08-26 00:50:21,18716,talk,ETC,3180
8897663,45e71a76e949e16a34764deb962f9d9f,아야츠노 유니,Ayatsuno Yuni,EVERYS,"2025년 08월 22일 1부 아 왜 유니챤 섬에 왔나 ,, ",2025-08-23 13:25:58,61200,talk,ETC,3715
8897725,45e71a76e949e16a34764deb962f9d9f,아야츠노 유니,Ayatsuno Yuni,EVERYS,"2025년 08월 22일 2부 아 왜 유니챤 섬에 왔나 ,, ",2025-08-23 13:11:08,511,talk,ETC,1202
8878670,45e71a76e949e16a34764deb962f9d9f,아야츠노 유니,Ayatsuno Yuni,EVERYS,2부요 ㅋ ,2025-08-22 05:23:32,44595,talk,ETC,7418
8842730,45e71a76e949e16a34764deb962f9d9f,아야츠노 유니,Ayatsuno Yuni,EVERYS,ㅈ롤 ,2025-08-20 01:30:59,26482,talk,ETC,7045
8806454,45e71a76e949e16a34764deb962f9d9f,아야츠노 유니,Ayatsuno Yuni,EVERYS,스텔 마카 후열,2025-08-17 22:12:30,39316,talk,ETC,5658
8791162,45e71a76e949e16a34764deb962f9d9f,아야츠노 유니,Ayatsuno Yuni,EVERYS,스텔 대전 연습 !!! 1등 하고싶어요 !!!!!!!!,2025-08-16 23:40:51,18366,talk,ETC,2066
8772765,45e71a76e949e16a34764deb962f9d9f,아야츠노 유니,Ayatsuno Yuni,EVERYS,신케 헤보기 !!!!!!!!!!!!!!!!!!,2025-08-15 22:41:32,19831,talk,ETC,3688
15020521,36ddb9bb4f17593b60f1b63cec86611d,사키하네 후야,Sakihane Huya,EVERYS,용가리 스텔섭 입장,2026-09-04 00:47:06,11546,마인크래프트,GAME,2169
15003068,36ddb9bb4f17593b60f1b63cec86611d,사키하네 후야,Sakihane Huya,EVERYS,나도... 방송.... 하고싶소....,2026-09-03 00:02:00,5073,talk,ETC,2883
14981894,36ddb9bb4f17593b60f1b63cec86611d,사키하네 후야,Sakihane Huya,EVERYS,7시 대기방🙏🙏🙏,2026-09-01 18:59:29,4242,talk,ETC,6396
14969829,36ddb9bb4f17593b60f1b63cec86611d,사키하네 후야,Sakihane Huya,EVERYS,척추가 아프지만 조금만 더 칭찬 받고 싶다!,2026-08-31 22:17:12,4137,talk,ETC,12514
14967738,36ddb9bb4f17593b60f1b63cec86611d,사키하네 후야,Sakihane Huya,EVERYS,첫 신의상 공개해요... 구경 오실래요...?😳,2026-08-31 20:00:59,3853,talk,ETC,27265
14952802,36ddb9bb4f17593b60f1b63cec86611d,사키하네 후야,Sakihane Huya,EVERYS,내일 오후 7시 신의상 공개해요~,2026-08-30 20:13:57,4309,talk,ETC,2897
14890774,36ddb9bb4f17593b60f1b63cec86611d,사키하네 후야,Sakihane Huya,EVERYS,게임 공부 중...,2026-08-26 23:39:19,16366,talk,ETC,2085
14874380,36ddb9bb4f17593b60f1b63cec86611d,사키하네 후야,Sakihane Huya,EVERYS,친추 안 받습니다.,2026-08-25 23:31:10,18741,talk,ETC,2074
14844676,36ddb9bb4f17593b60f1b63cec86611d,사키하네 후야,Sakihane Huya,EVERYS,일어나라...,2026-08-23 23:42:58,16084,talk,ETC,2224
14826659,36ddb9bb4f17593b60f1b63cec86611d,사키하네 후야,Sakihane Huya,EVERYS,묑뉴비의 명조 PV 월드컵 [광고],2026-08-22 23:33:30,22623,명조:워더링 웨이브,GAME,4605
14774510,36ddb9bb4f17593b60f1b63cec86611d,사키하네 후야,Sakihane Huya,EVERYS,나는 감정 없는 싸이코 패스라서 이런 것에 아무 감정도 느껴지지 않음.,2026-08-19 21:44:39,18708,talk,ETC,2040
14747127,36ddb9bb4f17593b60f1b63cec86611d,사키하네 후야,Sakihane Huya,EVERYS,자연산 용가리가 왔어,2026-08-18 00:00:58,11086,talk,ETC,1833
14693647,36ddb9bb4f17593b60f1b63cec86611d,사키하네 후야,Sakihane Huya,EVERYS,감기용가리의 늙크크 수리점...(´。＿。｀),2026-08-14 21:40:55,13537,리스토리: 칠 일렉트로닉스 리페어스,GAME,1614
14659553,36ddb9bb4f17593b60f1b63cec86611d,사키하네 후야,Sakihane Huya,EVERYS,14일에 만나요~,2026-08-12 20:57:29,18080,talk,ETC,1503
14644855,36ddb9bb4f17593b60f1b63cec86611d,사키하네 후야,Sakihane Huya,EVERYS,챱츄 챱챱츄 챱츄 나무 챱챱챱 / Chop Chop Inc.,2026-08-11 22:21:12,20145,종합 게임,GAME,1601
14617395,36ddb9bb4f17593b60f1b63cec86611d,사키하네 후야,Sakihane Huya,EVERYS,토끼 기사들의 모임,2026-08-10 00:27:39,25597,talk,ETC,2003
14598378,36ddb9bb4f17593b60f1b63cec86611d,사키하네 후야,Sakihane Huya,EVERYS,일로이 뽑기,2026-08-08 23:21:18,19632,talk,ETC,2283
14566054,36ddb9bb4f17593b60f1b63cec86611d,사키하네 후야,Sakihane Huya,EVERYS,찐만듀,2026-08-07 00:12:50,15737,이터널 리턴,GAME,1317
14552475,36ddb9bb4f17593b60f1b63cec86611d,사키하네 후야,Sakihane Huya,EVERYS,유니 괴롭히기,2026-08-06 02:03:22,25143,talk,ETC,2255
14535112,36ddb9bb4f17593b60f1b63cec86611d,사키하네 후야,Sakihane Huya,EVERYS,세피리아 재밌다,2026-08-05 01:13:08,32462,talk,ETC,1792
14504597,36ddb9bb4f17593b60f1b63cec86611d,사키하네 후야,Sakihane Huya,EVERYS,나는 멋진 토끼 기사가 되어서 세상을 구할거에요!,2026-08-03 01:34:55,25643,talk,ETC,2358
14479872,36ddb9bb4f17593b60f1b63cec86611d,사키하네 후야,Sakihane Huya,EVERYS,용가리 등장,2026-08-01 17:29:40,5338,talk,ETC,1013
14404114,36ddb9bb4f17593b60f1b63cec86611d,사키하네 후야,Sakihane Huya,EVERYS,나에게 필요한 것은 [광기],2026-07-27 23:43:02,25844,talk,ETC,2220
14391066,36ddb9bb4f17593b60f1b63cec86611d,사키하네 후야,Sakihane Huya,EVERYS,재밌었다!,2026-07-27 01:00:19,29896,talk,ETC,2228
14373108,36ddb9bb4f17593b60f1b63cec86611d,사키하네 후야,Sakihane Huya,EVERYS,리코랑 섬 나들이!,2026-07-26 00:33:43,35028,이터널 리턴,GAME,2973
14338714,36ddb9bb4f17593b60f1b63cec86611d,사키하네 후야,Sakihane Huya,EVERYS,🎵,2026-07-23 23:50:06,23726,talk,ETC,3518
14302842,36ddb9bb4f17593b60f1b63cec86611d,사키하네 후야,Sakihane Huya,EVERYS,23일에 봐용~,2026-07-21 21:15:48,19223,talk,ETC,1827
14276641,36ddb9bb4f17593b60f1b63cec86611d,사키하네 후야,Sakihane Huya,EVERYS,"명일방주 : 엔드필드, [심연으로] 업데이트 스토리!",2026-07-20 00:25:47,27999,명일방주: 엔드필드,GAME,2187
14258336,36ddb9bb4f17593b60f1b63cec86611d,사키하네 후야,Sakihane Huya,EVERYS,포챔수 유치부 경기... 맞지요...?,2026-07-18 23:40:16,20093,포켓몬 챔피언스,GAME,2555
14243877,36ddb9bb4f17593b60f1b63cec86611d,사키하네 후야,Sakihane Huya,EVERYS,포챔스 귀여운 애들만 모으기,2026-07-18 01:12:25,35030,talk,ETC,2561
14216954,36ddb9bb4f17593b60f1b63cec86611d,사키하네 후야,Sakihane Huya,EVERYS,밥....,2026-07-16 11:59:08,37,팰월드,GAME,4307
14216942,36ddb9bb4f17593b60f1b63cec86611d,사키하네 후야,Sakihane Huya,EVERYS,밥....,2026-07-16 11:58:11,4103,팰월드,GAME,2255
14216632,36ddb9bb4f17593b60f1b63cec86611d,사키하네 후야,Sakihane Huya,EVERYS,밥....,2026-07-16 10:46:21,654,팰월드,GAME,1538
14212302,36ddb9bb4f17593b60f1b63cec86611d,사키하네 후야,Sakihane Huya,EVERYS,내가 좋아하는 포켓몬 파티 만들기!,2026-07-16 01:51:38,31495,포켓몬 챔피언스,GAME,3827
14193585,36ddb9bb4f17593b60f1b63cec86611d,사키하네 후야,Sakihane Huya,EVERYS,스텔 팰월드! 귀여운 친구들을 모아요!,2026-07-14 23:55:40,22872,팰월드,GAME,1267
14177724,36ddb9bb4f17593b60f1b63cec86611d,사키하네 후야,Sakihane Huya,EVERYS,팰월드 스텔섭 맛보기~!,2026-07-13 23:35:45,26631,팰월드,GAME,2039
14127188,36ddb9bb4f17593b60f1b63cec86611d,사키하네 후야,Sakihane Huya,EVERYS,신쿠양...,2026-07-10 22:38:45,27094,이환,GAME,2085
14097601,36ddb9bb4f17593b60f1b63cec86611d,사키하네 후야,Sakihane Huya,EVERYS,생일 메시지북 + 이환 신캐 뽑기,2026-07-09 00:06:15,18433,이환,GAME,3021
14078587,36ddb9bb4f17593b60f1b63cec86611d,사키하네 후야,Sakihane Huya,EVERYS,7월 7일 7시를 기억해줘요! ✨,2026-07-07 22:08:29,11632,talk,ETC,5852
14075910,36ddb9bb4f17593b60f1b63cec86611d,사키하네 후야,Sakihane Huya,EVERYS,7월 7일 7시를 기억해줘요! ✨,2026-07-07 18:50:20,26,talk,ETC,1524
14065157,36ddb9bb4f17593b60f1b63cec86611d,사키하네 후야,Sakihane Huya,EVERYS,내일 저녁에 시간 있나요...? 놀러 오실래요...?,2026-07-06 23:28:08,9480,talk,ETC,1613
14050144,36ddb9bb4f17593b60f1b63cec86611d,사키하네 후야,Sakihane Huya,EVERYS,리겜 잘 하고 싶어요,2026-07-05 23:25:31,23211,리듬 천국 미라클 스타즈,GAME,1500
14011242,36ddb9bb4f17593b60f1b63cec86611d,사키하네 후야,Sakihane Huya,EVERYS,7시 부터 블루록⚽ 같이보기! 12화까지!,2026-07-03 19:01:34,1867,talk,ETC,1418
13998096,36ddb9bb4f17593b60f1b63cec86611d,사키하네 후야,Sakihane Huya,EVERYS,리듬 천국 신작해요😎,2026-07-02 22:34:23,19305,talk,ETC,2063
13980842,36ddb9bb4f17593b60f1b63cec86611d,사키하네 후야,Sakihane Huya,EVERYS,오늘은 진짜 엔드필드 스토리 밈,2026-07-01 21:35:08,17005,talk,ETC,1194
13965909,36ddb9bb4f17593b60f1b63cec86611d,사키하네 후야,Sakihane Huya,EVERYS,엔드필드 마무리 못했따...,2026-06-30 22:35:15,24361,talk,ETC,1860
13920360,36ddb9bb4f17593b60f1b63cec86611d,사키하네 후야,Sakihane Huya,EVERYS,브루드 워 저그 마지막 미션,2026-06-28 00:01:08,31613,스타크래프트 : 브루드 워,GAME,2796
13906318,36ddb9bb4f17593b60f1b63cec86611d,사키하네 후야,Sakihane Huya,EVERYS,오늘도 스타 캠페인해요... 할 수 있을 까요...🥹,2026-06-27 02:07:21,28192,talk,ETC,2105
13885171,36ddb9bb4f17593b60f1b63cec86611d,사키하네 후야,Sakihane Huya,EVERYS,스타 칭찬 많아서 신난 용😤 브루드워 저그 캠페인 2일차,2026-06-25 22:41:46,27354,스타크래프트 : 브루드 워,GAME,2239
13836789,36ddb9bb4f17593b60f1b63cec86611d,사키하네 후야,Sakihane Huya,EVERYS,섬 가자~ 섬으로 가자~(w 마시로) 🏝️,2026-06-22 23:18:50,15384,talk,ETC,2137
13825929,36ddb9bb4f17593b60f1b63cec86611d,사키하네 후야,Sakihane Huya,EVERYS,젠레스 존 제로 🪭 3.0 업데이트 드가쟈!!!!!!! ,2026-06-22 01:57:13,24879,talk,ETC,1930
13805733,36ddb9bb4f17593b60f1b63cec86611d,사키하네 후야,Sakihane Huya,EVERYS,하루의 마무리를 하러 왔다요~,2026-06-21 00:07:17,12647,talk,ETC,1557
13773136,36ddb9bb4f17593b60f1b63cec86611d,사키하네 후야,Sakihane Huya,EVERYS,스타크래프트 브루드워 (테란 편) 🛸 이어서 하기!!,2026-06-19 01:22:04,26654,스타크래프트 : 브루드 워,GAME,2551
13753563,36ddb9bb4f17593b60f1b63cec86611d,사키하네 후야,Sakihane Huya,EVERYS,8시 스텔라이브 메챠 카멜레온!,2026-06-17 23:35:08,20042,talk,ETC,2352
13723869,36ddb9bb4f17593b60f1b63cec86611d,사키하네 후야,Sakihane Huya,EVERYS,이환 프로모션 🏙️ 새로운 맵 탐험하기!,2026-06-16 00:15:49,25900,talk,ETC,1700
13707670,36ddb9bb4f17593b60f1b63cec86611d,사키하네 후야,Sakihane Huya,EVERYS,뉴비입니다...스타 브루드워 테란 편! (나중 스타 2 합니다),2026-06-14 23:18:50,22965,talk,ETC,2286
13691047,36ddb9bb4f17593b60f1b63cec86611d,사키하네 후야,Sakihane Huya,EVERYS,드르렁 전에 이리 잠깐!,2026-06-13 23:49:54,24265,이터널 리턴,GAME,1027
13672704,36ddb9bb4f17593b60f1b63cec86611d,사키하네 후야,Sakihane Huya,EVERYS,또 잠깐 들렀어...!,2026-06-12 22:57:56,5183,talk,ETC,1198
13656217,36ddb9bb4f17593b60f1b63cec86611d,사키하네 후야,Sakihane Huya,EVERYS,잠깐 들렀다가용,2026-06-11 23:04:49,5570,talk,ETC,1005
13629536,36ddb9bb4f17593b60f1b63cec86611d,사키하네 후야,Sakihane Huya,EVERYS,!!!뉴비!!!! 의 스타크래프트 브루드 워!  너무 두려워요 😱,2026-06-10 01:25:55,23085,스타크래프트 : 브루드 워,GAME,2909
13612175,36ddb9bb4f17593b60f1b63cec86611d,사키하네 후야,Sakihane Huya,EVERYS,스타 1 오리지널 캠페인 프로토스 끝내기!,2026-06-08 23:56:19,24872,스타크래프트 : 리마스터,GAME,2422
13581751,36ddb9bb4f17593b60f1b63cec86611d,사키하네 후야,Sakihane Huya,EVERYS,스타크래프트 1 프로토스 캠페인 밀어요!,2026-06-07 00:36:20,23300,talk,ETC,3034
13563612,36ddb9bb4f17593b60f1b63cec86611d,사키하네 후야,Sakihane Huya,EVERYS,고양이랑 아크 레이더스,2026-06-06 00:02:04,18099,talk,ETC,2148
13536008,36ddb9bb4f17593b60f1b63cec86611d,사키하네 후야,Sakihane Huya,EVERYS,스타 재밌다~!,2026-06-04 01:55:26,28352,talk,ETC,3092
13515108,36ddb9bb4f17593b60f1b63cec86611d,사키하네 후야,Sakihane Huya,EVERYS,스타크래프트의 재미를 뒤늦게 배워가는 중인 청년,2026-06-02 23:57:30,26581,스타크래프트 : 리마스터,GAME,3337
13487402,36ddb9bb4f17593b60f1b63cec86611d,사키하네 후야,Sakihane Huya,EVERYS,스타크래프트 보기만 한 청년의 스타1 캠페인 맛보기 ~멀리서 구경만 하던 내가 직접 게임을 플레이하게 되는 이야기~,2026-06-01 00:52:43,21342,talk,ETC,4308
13468474,36ddb9bb4f17593b60f1b63cec86611d,사키하네 후야,Sakihane Huya,EVERYS,내 아내들과 함께,2026-05-31 00:07:33,21792,talk,ETC,2180
13435179,36ddb9bb4f17593b60f1b63cec86611d,사키하네 후야,Sakihane Huya,EVERYS,섬으로 놀러가요~,2026-05-28 23:43:53,25586,talk,ETC,3133
13420351,36ddb9bb4f17593b60f1b63cec86611d,사키하네 후야,Sakihane Huya,EVERYS,노곤노곤,2026-05-28 00:08:28,18327,talk,ETC,1455
13403455,36ddb9bb4f17593b60f1b63cec86611d,사키하네 후야,Sakihane Huya,EVERYS,스텔라이브 갈틱폰,2026-05-26 23:11:14,20904,talk,ETC,2876
13373062,36ddb9bb4f17593b60f1b63cec86611d,사키하네 후야,Sakihane Huya,EVERYS,착하게 살자! 1일차,2026-05-25 00:24:22,24877,talk,ETC,5879
13356248,36ddb9bb4f17593b60f1b63cec86611d,사키하네 후야,Sakihane Huya,EVERYS,착하게 살자!,2026-05-24 00:14:58,25413,talk,ETC,6302
13339753,36ddb9bb4f17593b60f1b63cec86611d,사키하네 후야,Sakihane Huya,EVERYS,모라시티로 놀러가요 ⛏️💙,2026-05-23 00:33:18,25987,talk,ETC,10509
13305628,36ddb9bb4f17593b60f1b63cec86611d,사키하네 후야,Sakihane Huya,EVERYS,섬을가요 섬을가요,2026-05-20 22:51:09,19780,talk,ETC,1575
13291787,36ddb9bb4f17593b60f1b63cec86611d,사키하네 후야,Sakihane Huya,EVERYS,1등 했고 자러가요~,2026-05-19 23:53:19,11465,talk,ETC,1369
13260862,36ddb9bb4f17593b60f1b63cec86611d,사키하네 후야,Sakihane Huya,EVERYS,금나와라 뚝딱,2026-05-17 23:17:14,23570,talk,ETC,1414
13244517,36ddb9bb4f17593b60f1b63cec86611d,사키하네 후야,Sakihane Huya,EVERYS,심해탐험 끝!,2026-05-17 00:06:57,25406,talk,ETC,1907
13214049,36ddb9bb4f17593b60f1b63cec86611d,사키하네 후야,Sakihane Huya,EVERYS,무시무시한 영화 게임,2026-05-15 01:37:12,28936,talk,ETC,1694
13192130,36ddb9bb4f17593b60f1b63cec86611d,사키하네 후야,Sakihane Huya,EVERYS,내일봐용~,2026-05-13 21:40:09,24327,talk,ETC,1238
13163348,36ddb9bb4f17593b60f1b63cec86611d,사키하네 후야,Sakihane Huya,EVERYS,안녕히주무세요~,2026-05-11 22:56:51,17829,talk,ETC,1255
13151102,36ddb9bb4f17593b60f1b63cec86611d,사키하네 후야,Sakihane Huya,EVERYS,잘자용~,2026-05-11 00:19:42,20823,talk,ETC,2415
13144491,36ddb9bb4f17593b60f1b63cec86611d,사키하네 후야,Sakihane Huya,EVERYS,우ㅇ아아 졸려잉🥱,2026-05-10 18:21:49,1566,talk,ETC,1091
13101464,36ddb9bb4f17593b60f1b63cec86611d,사키하네 후야,Sakihane Huya,EVERYS,10일에 봐요!,2026-05-08 00:21:53,19101,talk,ETC,2890
13084561,36ddb9bb4f17593b60f1b63cec86611d,사키하네 후야,Sakihane Huya,EVERYS,디지몬 다 봤어용,2026-05-06 23:45:19,3184,talk,ETC,909
13079174,36ddb9bb4f17593b60f1b63cec86611d,사키하네 후야,Sakihane Huya,EVERYS,38화부터 남은 디지몬 다 보는 날!,2026-05-06 18:20:27,3639,talk,ETC,715
13070154,36ddb9bb4f17593b60f1b63cec86611d,사키하네 후야,Sakihane Huya,EVERYS,어린이 아닙니다. 후열 옵치해용,2026-05-06 00:15:53,11880,talk,ETC,3516
13046224,36ddb9bb4f17593b60f1b63cec86611d,사키하네 후야,Sakihane Huya,EVERYS,파워디지몬 22화부터~,2026-05-04 18:15:17,3879,talk,ETC,1302
13014068,36ddb9bb4f17593b60f1b63cec86611d,사키하네 후야,Sakihane Huya,EVERYS,"""알아.""",2026-05-02 18:31:09,1974,talk,ETC,1555
13002369,36ddb9bb4f17593b60f1b63cec86611d,사키하네 후야,Sakihane Huya,EVERYS,노동절에 다같이 땅 파기~,2026-05-01 23:49:51,20999,talk,ETC,2478
12980363,36ddb9bb4f17593b60f1b63cec86611d,사키하네 후야,Sakihane Huya,EVERYS,7시 커버곡 공개!! Melt 인데 다른 버전임ㅋㅋ,2026-04-30 19:26:56,4196,talk,ETC,1307
12967528,36ddb9bb4f17593b60f1b63cec86611d,사키하네 후야,Sakihane Huya,EVERYS,이제 내 계정 키워야지...,2026-04-29 22:58:38,17726,talk,ETC,1515
12949429,36ddb9bb4f17593b60f1b63cec86611d,사키하네 후야,Sakihane Huya,EVERYS,융융 전파 신드롬⚠️⚠️눈아픔 주의⚠️⚠️,2026-04-28 21:24:45,15034,talk,ETC,1685
12924828,36ddb9bb4f17593b60f1b63cec86611d,사키하네 후야,Sakihane Huya,EVERYS,프래그마타 엔딩까지!,2026-04-27 01:02:43,21748,talk,ETC,1510
12904744,36ddb9bb4f17593b60f1b63cec86611d,사키하네 후야,Sakihane Huya,EVERYS,안녕히 주무세요~,2026-04-25 23:07:49,21639,talk,ETC,1087
12890543,36ddb9bb4f17593b60f1b63cec86611d,사키하네 후야,Sakihane Huya,EVERYS,방종해요~,2026-04-25 01:00:39,28419,talk,ETC,1331
12857182,36ddb9bb4f17593b60f1b63cec86611d,사키하네 후야,Sakihane Huya,EVERYS,재미써따~,2026-04-22 23:34:51,21739,talk,ETC,1262
12842089,36ddb9bb4f17593b60f1b63cec86611d,사키하네 후야,Sakihane Huya,EVERYS,듀듀듀듀듀듀,2026-04-21 23:44:58,24017,talk,ETC,985
12814288,36ddb9bb4f17593b60f1b63cec86611d,사키하네 후야,Sakihane Huya,EVERYS,오버워치 다 같이 해요~,2026-04-20 00:30:55,19619,오버워치,GAME,1584
12775318,36ddb9bb4f17593b60f1b63cec86611d,사키하네 후야,Sakihane Huya,EVERYS,오케이~ 디아나 안고 달릴게요🏃/신작 프래그마타[광고],2026-04-17 21:33:12,14630,talk,ETC,1529
12762871,36ddb9bb4f17593b60f1b63cec86611d,사키하네 후야,Sakihane Huya,EVERYS,잠깐 놀다 갈게용ㅋㅋ 갈게드래곤ㅋㅋ,2026-04-16 23:54:05,10395,오버워치,GAME,970
12746651,36ddb9bb4f17593b60f1b63cec86611d,사키하네 후야,Sakihane Huya,EVERYS,몬스터 길들이기를 모르는 제가 신작을 맛봐도 될까요?,2026-04-15 23:26:43,19365,talk,ETC,1690
12730201,36ddb9bb4f17593b60f1b63cec86611d,사키하네 후야,Sakihane Huya,EVERYS,오버워치 재밌어용,2026-04-14 23:08:25,23294,talk,ETC,1472
12701454,36ddb9bb4f17593b60f1b63cec86611d,사키하네 후야,Sakihane Huya,EVERYS,와왕!,2026-04-12 23:48:18,20794,talk,ETC,1905
12651377,36ddb9bb4f17593b60f1b63cec86611d,사키하네 후야,Sakihane Huya,EVERYS,포켓몬식 뱀서류,2026-04-09 23:35:12,19805,talk,ETC,2072
12640246,36ddb9bb4f17593b60f1b63cec86611d,사키하네 후야,Sakihane Huya,EVERYS,■■■■■ ■■ ■■■■■ ■,2026-04-09 02:45:43,33661,마법소녀의 마녀재판,GAME,4269
12622279,36ddb9bb4f17593b60f1b63cec86611d,사키하네 후야,Sakihane Huya,EVERYS,■■■■■ ■■■■ ■■■ ■■■,2026-04-08 01:04:28,26909,talk,ETC,3309
12590274,36ddb9bb4f17593b60f1b63cec86611d,사키하네 후야,Sakihane Huya,EVERYS,딱 한 챕터만.... 딱 한 챕터만.. 2,2026-04-05 23:49:09,19912,마법소녀의 마녀재판,GAME,3455
12558690,36ddb9bb4f17593b60f1b63cec86611d,사키하네 후야,Sakihane Huya,EVERYS,딱 한 챕터만.... 딱 한 챕터만..,2026-04-04 01:45:53,27827,talk,ETC,3572
12527588,36ddb9bb4f17593b60f1b63cec86611d,사키하네 후야,Sakihane Huya,EVERYS,마법소녀 마녀재판 ■■■■ ■■ ■ ■■■■,2026-04-02 01:50:07,24289,talk,ETC,4648
12508291,36ddb9bb4f17593b60f1b63cec86611d,사키하네 후야,Sakihane Huya,EVERYS,마법소녀 마녀재판.... 5챕터... 간다아아앗!!,2026-04-01 00:46:16,16928,talk,ETC,3509
12494719,36ddb9bb4f17593b60f1b63cec86611d,사키하네 후야,Sakihane Huya,EVERYS,커버곡 공개💜마법소녀의 마녀재판🔨 챕터 3 드가쟈~~,2026-03-31 02:26:20,29767,talk,ETC,4399
12459277,36ddb9bb4f17593b60f1b63cec86611d,사키하네 후야,Sakihane Huya,EVERYS,마법소녀의 마녀재판🔨 챕터 2 하는 날!,2026-03-29 00:17:37,24034,마법소녀의 마녀재판,GAME,3644
12426025,36ddb9bb4f17593b60f1b63cec86611d,사키하네 후야,Sakihane Huya,EVERYS,마마마 애호가의 마법소녀의 마녀재판🔨,2026-03-27 00:17:38,26057,마법소녀의 마녀재판,GAME,5592
12391809,36ddb9bb4f17593b60f1b63cec86611d,사키하네 후야,Sakihane Huya,EVERYS,잠깐 보러 왔어용,2026-03-24 23:13:19,4926,talk,ETC,1162
12389861,36ddb9bb4f17593b60f1b63cec86611d,사키하네 후야,Sakihane Huya,EVERYS,잠깐 보러 왔어용,2026-03-24 21:50:03,2961,talk,ETC,749
12361153,36ddb9bb4f17593b60f1b63cec86611d,사키하네 후야,Sakihane Huya,EVERYS,자기전에 터널턴!,2026-03-22 23:03:21,19612,talk,ETC,1676
12345506,36ddb9bb4f17593b60f1b63cec86611d,사키하네 후야,Sakihane Huya,EVERYS,조금 늦은 등자자자장!,2026-03-22 00:27:00,12246,talk,ETC,1889
12326504,36ddb9bb4f17593b60f1b63cec86611d,사키하네 후야,Sakihane Huya,EVERYS,방종타임!,2026-03-20 23:49:56,22500,talk,ETC,2021
12232401,36ddb9bb4f17593b60f1b63cec86611d,사키하네 후야,Sakihane Huya,EVERYS,20일에 만나요~~,2026-03-15 01:06:22,28900,talk,ETC,2437
12215811,36ddb9bb4f17593b60f1b63cec86611d,사키하네 후야,Sakihane Huya,EVERYS,토크토크,2026-03-14 02:11:24,25065,talk,ETC,1800
12195653,36ddb9bb4f17593b60f1b63cec86611d,사키하네 후야,Sakihane Huya,EVERYS,도망친 곳에 낙원은 없다,2026-03-12 23:52:09,20859,talk,ETC,1848
12147152,36ddb9bb4f17593b60f1b63cec86611d,사키하네 후야,Sakihane Huya,EVERYS,12일에 만나요~,2026-03-09 23:29:59,19502,talk,ETC,1276
12131239,36ddb9bb4f17593b60f1b63cec86611d,사키하네 후야,Sakihane Huya,EVERYS,나 혼자 기름 독점 한 주유소,2026-03-08 22:57:43,17814,최후의 주유소,GAME,1240
12115050,36ddb9bb4f17593b60f1b63cec86611d,사키하네 후야,Sakihane Huya,EVERYS,나는 한 줄 이상을 읽지 않는다.,2026-03-08 00:08:33,24284,talk,ETC,2425
12076224,36ddb9bb4f17593b60f1b63cec86611d,사키하네 후야,Sakihane Huya,EVERYS,반 걸음 늦은 포코피아 시작!,2026-03-05 20:24:25,18532,talk,ETC,1722
12047752,36ddb9bb4f17593b60f1b63cec86611d,사키하네 후야,Sakihane Huya,EVERYS,사키하네 정신! 사키하네 정신! 사키하네 정신! 사키하네 정신! 사키하네 정신! ,2026-03-03 23:18:55,22411,talk,ETC,2062
12031419,36ddb9bb4f17593b60f1b63cec86611d,사키하네 후야,Sakihane Huya,EVERYS,성 키우기 / 원더버그,2026-03-02 22:35:30,16763,talk,ETC,2304
12015218,36ddb9bb4f17593b60f1b63cec86611d,사키하네 후야,Sakihane Huya,EVERYS,데모파티!,2026-03-01 23:28:44,19488,talk,ETC,1336
12005951,36ddb9bb4f17593b60f1b63cec86611d,사키하네 후야,Sakihane Huya,EVERYS,🥱,2026-03-01 08:46:57,129,talk,ETC,5699
11999114,36ddb9bb4f17593b60f1b63cec86611d,사키하네 후야,Sakihane Huya,EVERYS,갑자기 노래가 부르고싶네....흠...,2026-03-01 00:16:25,24351,talk,ETC,3668
11960999,36ddb9bb4f17593b60f1b63cec86611d,사키하네 후야,Sakihane Huya,EVERYS,잠깐 와써요 헤,2026-02-26 21:26:01,5065,talk,ETC,1352
11947801,36ddb9bb4f17593b60f1b63cec86611d,사키하네 후야,Sakihane Huya,EVERYS,힐링이 필요해~,2026-02-26 00:02:23,20093,마인크래프트,GAME,1985
11916289,36ddb9bb4f17593b60f1b63cec86611d,사키하네 후야,Sakihane Huya,EVERYS,나무를 모아서 판자를 만들고 업그레이드한 판자를 만들려면 강철이 필요하니 철을 캐고 강철을 만들어서 고급 판자를 만들고 다이아 채석장을 만들려고하니 블루 다이아가 필요해서 다이아를,2026-02-24 00:49:44,30384,마인크래프트,GAME,1595
11903745,36ddb9bb4f17593b60f1b63cec86611d,사키하네 후야,Sakihane Huya,EVERYS,졸음을 이겨낸 나는 픽크타를 한다...,2026-02-23 03:51:01,25403,마인크래프트,GAME,1297
11892256,36ddb9bb4f17593b60f1b63cec86611d,사키하네 후야,Sakihane Huya,EVERYS,600원으로 시작하는 픽크타 생활 / 스텔라이브 네네코 마시로 생일 축하해!!! 😸🎉,2026-02-22 17:43:33,14515,마인크래프트,GAME,1229
11884796,36ddb9bb4f17593b60f1b63cec86611d,사키하네 후야,Sakihane Huya,EVERYS,픽크타는 어떤 세상일까요?,2026-02-22 02:41:39,33191,마인크래프트,GAME,2858
11844236,36ddb9bb4f17593b60f1b63cec86611d,사키하네 후야,Sakihane Huya,EVERYS,슈린을 다시는 꺼내지 않겠습니다 (2027년의 새해 목표),2026-02-19 22:53:29,21029,talk,ETC,1733
11831639,36ddb9bb4f17593b60f1b63cec86611d,사키하네 후야,Sakihane Huya,EVERYS,린이랑 섬 나들이~,2026-02-19 01:21:36,24422,talk,ETC,1539
11784000,36ddb9bb4f17593b60f1b63cec86611d,사키하네 후야,Sakihane Huya,EVERYS,다들 새해 복 많이 받으세요~,2026-02-15 23:24:21,20999,talk,ETC,1213
11766319,36ddb9bb4f17593b60f1b63cec86611d,사키하네 후야,Sakihane Huya,EVERYS,봄은 언제오나...,2026-02-14 22:29:22,19777,talk,ETC,1206
11747778,36ddb9bb4f17593b60f1b63cec86611d,사키하네 후야,Sakihane Huya,EVERYS,밥묵쟈~,2026-02-13 22:20:27,19174,talk,ETC,1268
11734436,36ddb9bb4f17593b60f1b63cec86611d,사키하네 후야,Sakihane Huya,EVERYS,☠️☠️☠️,2026-02-13 00:34:52,23365,뮤제닉스,GAME,1601
11695841,36ddb9bb4f17593b60f1b63cec86611d,사키하네 후야,Sakihane Huya,EVERYS,미스터 비스트처럼 유명한 유튜버 되는 법! 공유❌❌❌❌😡 공유하는거 적발시 신고합니다 우리 아빠가 태권도 관장임,2026-02-10 21:55:06,10406,스트리머 라이프 시뮬레이터 2,GAME,1478
11683851,36ddb9bb4f17593b60f1b63cec86611d,사키하네 후야,Sakihane Huya,EVERYS,하고싶은 게임 마구 하기기기기,2026-02-10 00:45:44,20774,talk,ETC,1892
11652620,36ddb9bb4f17593b60f1b63cec86611d,사키하네 후야,Sakihane Huya,EVERYS,[ 스텔라이브 VS 배도라지 ]한층 더 강해진 나를 보여주겠도다!,2026-02-08 02:54:48,36073,리그 오브 레전드,GAME,3203
11632556,36ddb9bb4f17593b60f1b63cec86611d,사키하네 후야,Sakihane Huya,EVERYS,모두들 이환 사전 예약 꼭 해주세요 제발 부탁입니다 모두가 이 게임을 맛볼 수 있으면 좋겠어요 이건 하나의 게임이 아닙니다 또 하나의 세계이고 게임 기기를 통째로 갈아 넣은 듯 퀄,2026-02-07 01:11:03,25195,talk,ETC,1942
11611662,36ddb9bb4f17593b60f1b63cec86611d,사키하네 후야,Sakihane Huya,EVERYS,7일 내전을 위한 깎는 방법~（︶^︶）,2026-02-05 22:49:45,24643,리그 오브 레전드,GAME,1803
11578912,36ddb9bb4f17593b60f1b63cec86611d,사키하네 후야,Sakihane Huya,EVERYS,자기전에 노래방!,2026-02-03 23:12:22,24180,talk,ETC,2242
11550725,36ddb9bb4f17593b60f1b63cec86611d,사키하네 후야,Sakihane Huya,EVERYS,리제로 매니아의 에프터 토크,2026-02-02 01:23:58,1497,talk,ETC,1762
11540415,36ddb9bb4f17593b60f1b63cec86611d,사키하네 후야,Sakihane Huya,EVERYS,리제로 매니아의 스포일러 참기,2026-02-01 15:42:36,1432,talk,ETC,763
11532742,36ddb9bb4f17593b60f1b63cec86611d,사키하네 후야,Sakihane Huya,EVERYS,젠레스 2.5 오늘 다 볼게요!,2026-02-01 01:24:44,30006,젠레스 존 제로,GAME,1409
11516049,36ddb9bb4f17593b60f1b63cec86611d,사키하네 후야,Sakihane Huya,EVERYS,젠레스 2.4 스토리 밀기~!,2026-01-31 01:41:44,27409,talk,ETC,1534
11495552,36ddb9bb4f17593b60f1b63cec86611d,사키하네 후야,Sakihane Huya,EVERYS,젠레스 존 제로 스토리 2.3 밀어봐용,2026-01-29 23:24:11,19273,젠레스 존 제로,GAME,1354
11482672,36ddb9bb4f17593b60f1b63cec86611d,사키하네 후야,Sakihane Huya,EVERYS,젠레스 존 제로 스토리 2.2 밀어보기!,2026-01-29 01:51:29,31528,talk,ETC,2158
11446727,36ddb9bb4f17593b60f1b63cec86611d,사키하네 후야,Sakihane Huya,EVERYS,방송후야야,2026-01-26 23:46:25,24135,talk,ETC,2420
11429988,36ddb9bb4f17593b60f1b63cec86611d,사키하네 후야,Sakihane Huya,EVERYS,뇌를 씻고 싶은 페이트 제로였습니다...,2026-01-25 22:49:49,2428,talk,ETC,1281
11425551,36ddb9bb4f17593b60f1b63cec86611d,사키하네 후야,Sakihane Huya,EVERYS,그대가 나의 마스터인가 이어서 보는 날!,2026-01-25 18:03:41,4369,talk,ETC,713
11408689,36ddb9bb4f17593b60f1b63cec86611d,사키하네 후야,Sakihane Huya,EVERYS,페이트 제로 보는 날!,2026-01-24 18:10:53,4092,명일방주: 엔드필드,GAME,1053
11380733,36ddb9bb4f17593b60f1b63cec86611d,사키하네 후야,Sakihane Huya,EVERYS,👊👊👊,2026-01-23 00:12:17,23895,talk,ETC,1885
11359780,36ddb9bb4f17593b60f1b63cec86611d,사키하네 후야,Sakihane Huya,EVERYS,피곤피곤 하루의 마무리~,2026-01-21 22:03:36,6992,talk,ETC,1488
11345388,36ddb9bb4f17593b60f1b63cec86611d,사키하네 후야,Sakihane Huya,EVERYS,에버리스 하드코어 엔더런 도전기 3일차 3지구☠️☠️☠️,2026-01-20 23:45:20,24578,talk,ETC,2233
11331100,36ddb9bb4f17593b60f1b63cec86611d,사키하네 후야,Sakihane Huya,EVERYS,에버리스 하드코어 엔더런 도전기 2일차☠️☠️☠️,2026-01-20 01:01:07,32399,talk,ETC,3085
11309091,36ddb9bb4f17593b60f1b63cec86611d,사키하네 후야,Sakihane Huya,EVERYS,에버리스 하드코어 엔더런 도전기☠️☠️☠️,2026-01-18 20:10:16,26125,마인크래프트,GAME,3073
11245623,36ddb9bb4f17593b60f1b63cec86611d,사키하네 후야,Sakihane Huya,EVERYS,1가구 1복복 시급,2026-01-15 00:17:15,22559,talk,ETC,2680
11228376,36ddb9bb4f17593b60f1b63cec86611d,사키하네 후야,Sakihane Huya,EVERYS,[젠레스 존 제로] 작은 거인 자오를 보세요! 🐰Like me~ Whoo! Like Like Like 💘귀여운 손과 발! 통통한 다리! 복실복실한 꼬리! 귀여운 앞니! ,2026-01-14 00:10:45,21680,talk,ETC,2010
11207590,36ddb9bb4f17593b60f1b63cec86611d,사키하네 후야,Sakihane Huya,EVERYS,안녕유니야내가어디서부터말을시작해야할지모르겠다너를처음본순간부터운명이라고느꼈어너에게직접적으로말한적은없었지만내가너에게하는행동들로어느정도너도눈치채고있었을거야이제서야드디어용기를내어서너에게고,2026-01-12 21:17:55,13456,퍼즐 투게더,GAME,2811
11192428,36ddb9bb4f17593b60f1b63cec86611d,사키하네 후야,Sakihane Huya,EVERYS,⛄,2026-01-11 21:55:27,6470,talk,ETC,1960
11177459,36ddb9bb4f17593b60f1b63cec86611d,사키하네 후야,Sakihane Huya,EVERYS,드디어 오늘로 나는 승리를 쟁취하고 말았다. 이것은 나 혼자만의 힘이 아닌 나를 지켜봐주는 이들과 함께 싸워주는 동료들의 힘이 합쳐저 지금의 승리라는 이 달콤한 맛을 맛볼 수 있게,2026-01-10 23:59:17,18977,리그 오브 레전드,GAME,1954
11160676,36ddb9bb4f17593b60f1b63cec86611d,사키하네 후야,Sakihane Huya,EVERYS,후야야는 오늘도 랭크 등반을 합니다... 언제나 브론즈에 머물러 있지만 마음 만큼은 브론즈입니다???,2026-01-10 00:29:32,22954,talk,ETC,2073
11129661,36ddb9bb4f17593b60f1b63cec86611d,사키하네 후야,Sakihane Huya,EVERYS,1등 한번 해본적 없이 실버로 간다는 슬픈 소식을 들으셨나요? 네 그게 바로 저입니다. 아직 실버에 도착하지는 않았지만 지금 실버가 코앞인데 오늘 하루종일 1등을 해 본 적이 없,2026-01-08 02:04:54,28670,이터널 리턴,GAME,2872
11108813,36ddb9bb4f17593b60f1b63cec86611d,사키하네 후야,Sakihane Huya,EVERYS,"탄수화물은 주요 에너지원이며 중추신경계의 급원이고, 단백질 절약·장내 운동성·신체 구성 성분 등 다양한 기능을 수행합니다. 1g당 4kcal를 내며, 중추신경계는 포도당만을 에너지",2026-01-06 23:27:31,15389,talk,ETC,2892
11077502,36ddb9bb4f17593b60f1b63cec86611d,사키하네 후야,Sakihane Huya,EVERYS,내가 이상한가요? 제가 이상한가요? 저는 이상한가요? 나는 이상한가요? 이상한건 내가 아니라 이 빌어먹을 세상이다. 나는 세상을 보는 방식을 바꿀 것이다. 세상이 나를 보는 방식을,2026-01-04 23:39:09,20412,talk,ETC,2313
11060284,36ddb9bb4f17593b60f1b63cec86611d,사키하네 후야,Sakihane Huya,EVERYS,자러가기 전에 롤 한 판 정도는 괜찮다고 생각하는데 여러분의 의견은 어떠신지요?,2026-01-03 23:51:42,3525,talk,ETC,1453
11055160,36ddb9bb4f17593b60f1b63cec86611d,사키하네 후야,Sakihane Huya,EVERYS,"정신을 잃었을 때의 시간 12월 31일, 눈을 다시 떴을 때에는 '그 숫자'가 바뀌어 있었다. ~오늘은 돌박사 보는 날~",2026-01-03 18:37:23,2776,talk,ETC,1158
11026752,36ddb9bb4f17593b60f1b63cec86611d,사키하네 후야,Sakihane Huya,EVERYS,새해 복 많이 받으세용☀️,2026-01-01 23:56:57,17871,talk,ETC,7175
11008856,36ddb9bb4f17593b60f1b63cec86611d,사키하네 후야,Sakihane Huya,EVERYS,스텔라와 파스텔이 함께하는 2025 마지막 날🌠,2026-01-01 01:03:14,20952,마인크래프트,GAME,5079
10959616,36ddb9bb4f17593b60f1b63cec86611d,사키하네 후야,Sakihane Huya,EVERYS,멋사공책 RPG / 세상의 끝에 다다른 메이드래곤은 내일도 모두를 위한 요리를 만드는 꿈을 꾼다.,2025-12-29 00:18:57,24481,마인크래프트,GAME,3646
10947119,36ddb9bb4f17593b60f1b63cec86611d,사키하네 후야,Sakihane Huya,EVERYS,멋사공책 RPG / 메이드래곤 출근~,2025-12-28 04:17:31,41910,마인크래프트,GAME,6082
10922774,36ddb9bb4f17593b60f1b63cec86611d,사키하네 후야,Sakihane Huya,EVERYS,멋사공책 RPG / 그냥 내실이 좋은 마룡 강림 <<<기술 이름 아님,2025-12-26 22:17:25,15988,마인크래프트,GAME,2405
10913255,36ddb9bb4f17593b60f1b63cec86611d,사키하네 후야,Sakihane Huya,EVERYS,모두의 크리스마스가 행복하길!,2025-12-26 02:41:32,37159,마인크래프트,GAME,3251
10890226,36ddb9bb4f17593b60f1b63cec86611d,사키하네 후야,Sakihane Huya,EVERYS,멋사의 공책 RPG / ,2025-12-25 00:46:26,27882,talk,ETC,3314
10872962,36ddb9bb4f17593b60f1b63cec86611d,사키하네 후야,Sakihane Huya,EVERYS,멋사의 공책 RPG / 길드가 생겼어요!,2025-12-24 00:17:44,22546,talk,ETC,3092
10866369,36ddb9bb4f17593b60f1b63cec86611d,사키하네 후야,Sakihane Huya,EVERYS,멋사의 공책 RPG / 길드가 생겼어요!,2025-12-23 17:56:08,275,talk,ETC,1362
10859024,36ddb9bb4f17593b60f1b63cec86611d,사키하네 후야,Sakihane Huya,EVERYS,멋사의 공책 RPG 해보는 날... 첫...대형...서버...ㅎㅎ...,2025-12-23 01:24:42,22985,talk,ETC,3267
10838231,36ddb9bb4f17593b60f1b63cec86611d,사키하네 후야,Sakihane Huya,EVERYS,콘서트에 보러 와줘서 고마워요!,2025-12-21 21:35:52,9330,talk,ETC,3547
10785405,36ddb9bb4f17593b60f1b63cec86611d,사키하네 후야,Sakihane Huya,EVERYS,낮방 후야 등장,2025-12-18 18:13:52,15016,블루 프로토콜: 스타 레조넌스,GAME,3104
10773764,36ddb9bb4f17593b60f1b63cec86611d,사키하네 후야,Sakihane Huya,EVERYS,"전장이 나를 부른다. 대지에는 피가 흐르고 화약이 타들어가는 냄새는 대기중을 가득 채운다. 철과 철이 부딫히는 소리가 귀에 울리고 불꽃이 튀는 소리, 전장에 울려 퍼지는 비명소리가",2025-12-17 23:06:38,20684,리그 오브 레전드,GAME,3632
10746285,36ddb9bb4f17593b60f1b63cec86611d,사키하네 후야,Sakihane Huya,EVERYS,봇듀오 드가쟈 (w 리제),2025-12-16 01:45:25,22716,리그 오브 레전드,GAME,5960
10738536,36ddb9bb4f17593b60f1b63cec86611d,사키하네 후야,Sakihane Huya,EVERYS,7시 30분에 리제님이랑 마크 원블럭 챌린지! ,2025-12-15 19:11:24,549,talk,ETC,2010
10730193,36ddb9bb4f17593b60f1b63cec86611d,사키하네 후야,Sakihane Huya,EVERYS,린 후야 타비 협곡 나들이💙💜💙,2025-12-15 01:10:09,20828,talk,ETC,1925
10712586,36ddb9bb4f17593b60f1b63cec86611d,사키하네 후야,Sakihane Huya,EVERYS,게임이 이렇게 빨리 끝날 리 없어,2025-12-14 00:47:47,20435,비츠 앤 밥스,GAME,4204
10660177,36ddb9bb4f17593b60f1b63cec86611d,사키하네 후야,Sakihane Huya,EVERYS,MCN 대전 1등으로 시작한 로얄로더 후야ㅋㅋ,2025-12-10 22:41:23,18379,talk,ETC,4543
10648783,36ddb9bb4f17593b60f1b63cec86611d,사키하네 후야,Sakihane Huya,EVERYS,흠...,2025-12-10 01:19:53,2591,아크 레이더스,GAME,2174
10641968,36ddb9bb4f17593b60f1b63cec86611d,사키하네 후야,Sakihane Huya,EVERYS,우우 후야 등자자자장,2025-12-09 20:28:09,1129,talk,ETC,1513
10641623,36ddb9bb4f17593b60f1b63cec86611d,사키하네 후야,Sakihane Huya,EVERYS,우우 후야 등자자자장,2025-12-09 20:02:34,1774,talk,ETC,766
10641053,36ddb9bb4f17593b60f1b63cec86611d,사키하네 후야,Sakihane Huya,EVERYS,우우 후야 등자자자장,2025-12-09 19:11:19,613,talk,ETC,1091
10629593,36ddb9bb4f17593b60f1b63cec86611d,사키하네 후야,Sakihane Huya,EVERYS,리듬닥터 엔딩 봤다🩺,2025-12-08 23:03:25,14211,talk,ETC,2289
10616842,36ddb9bb4f17593b60f1b63cec86611d,사키하네 후야,Sakihane Huya,EVERYS,리듬 마스터가 되기 위한 길은 멀고도 험하구나...,2025-12-08 00:14:12,18683,talk,ETC,2771
10600454,36ddb9bb4f17593b60f1b63cec86611d,사키하네 후야,Sakihane Huya,EVERYS,여관 운영하는 친절한 나!,2025-12-07 00:31:54,26481,talk,ETC,2329
10570084,36ddb9bb4f17593b60f1b63cec86611d,사키하네 후야,Sakihane Huya,EVERYS,루미아 섬에 가면....,2025-12-05 01:48:34,21245,talk,ETC,2868
10561616,36ddb9bb4f17593b60f1b63cec86611d,사키하네 후야,Sakihane Huya,EVERYS,루미아 섬에 가면 용이 산다는 전설이 있다.,2025-12-04 18:37:25,5775,talk,ETC,1451
10521049,36ddb9bb4f17593b60f1b63cec86611d,사키하네 후야,Sakihane Huya,EVERYS,루미아 섬에 가면 용이 산다는 전설이 있다.,2025-12-02 00:44:58,23918,talk,ETC,2663
10506403,36ddb9bb4f17593b60f1b63cec86611d,사키하네 후야,Sakihane Huya,EVERYS,스텔에서 3인큐는 [매우 쉬움] 이다.,2025-12-01 01:05:33,25194,이터널 리턴,GAME,3549
10487536,36ddb9bb4f17593b60f1b63cec86611d,사키하네 후야,Sakihane Huya,EVERYS,스타세이비어 드디어 해봅니다!!,2025-11-30 00:04:48,24940,talk,ETC,1758
10458720,36ddb9bb4f17593b60f1b63cec86611d,사키하네 후야,Sakihane Huya,EVERYS,어 형은 브론즈 1이야ㅋㅋ,2025-11-28 02:56:15,24695,talk,ETC,3300
10447302,36ddb9bb4f17593b60f1b63cec86611d,사키하네 후야,Sakihane Huya,EVERYS,아스펠 서버의 유유자적 궁성으로 생활하기 ~ 대도시 서버는 입장하기가 너무 어려워?! ~,2025-11-27 16:35:09,8063,아이온2,GAME,2573
10424736,36ddb9bb4f17593b60f1b63cec86611d,사키하네 후야,Sakihane Huya,EVERYS,🤍에버리스 데이💜커버곡 공개 + 세계 게임전집 51 + 후열 롤,2025-11-26 01:17:52,22995,talk,ETC,3470
10407680,36ddb9bb4f17593b60f1b63cec86611d,사키하네 후야,Sakihane Huya,EVERYS,쉘 다이버,2025-11-25 00:19:20,22291,talk,ETC,1940
10388186,36ddb9bb4f17593b60f1b63cec86611d,사키하네 후야,Sakihane Huya,EVERYS,"디맥, 아이온2, 롤, 이리 렛츠고",2025-11-23 21:05:52,19609,talk,ETC,2353
10355694,36ddb9bb4f17593b60f1b63cec86611d,사키하네 후야,Sakihane Huya,EVERYS,"롤 3연승 해버리기~ (사장님, 부키, 시로,  유니 , 후야) + 후열 이리",2025-11-21 23:06:20,28853,talk,ETC,4451
10338462,36ddb9bb4f17593b60f1b63cec86611d,사키하네 후야,Sakihane Huya,EVERYS,명조 재밋다 재밋서,2025-11-20 22:16:57,18922,talk,ETC,3555
10291743,36ddb9bb4f17593b60f1b63cec86611d,사키하네 후야,Sakihane Huya,EVERYS,"아크 레이더스 새로운 파티 (유니, 린)",2025-11-17 23:55:14,21220,talk,ETC,2314
10275389,36ddb9bb4f17593b60f1b63cec86611d,사키하네 후야,Sakihane Huya,EVERYS,데바데 뉴비는 고통스럽다,2025-11-16 22:48:04,10337,데드 바이 데이라이트,GAME,1764
10258458,36ddb9bb4f17593b60f1b63cec86611d,사키하네 후야,Sakihane Huya,EVERYS,디스패치 왕!,2025-11-15 23:10:44,18217,디스패치,GAME,2559
10243498,36ddb9bb4f17593b60f1b63cec86611d,사키하네 후야,Sakihane Huya,EVERYS,"아크 레이더스 새 파티! (나나, 시부키)",2025-11-15 00:39:17,19771,아크 레이더스,GAME,3336
10212804,36ddb9bb4f17593b60f1b63cec86611d,사키하네 후야,Sakihane Huya,EVERYS,아크 레이더스 재밌어요(w 타비 린),2025-11-13 01:50:07,20686,talk,ETC,3951
10194684,36ddb9bb4f17593b60f1b63cec86611d,사키하네 후야,Sakihane Huya,EVERYS,자기 전의 최고의 선택,2025-11-12 00:26:36,2249,talk,ETC,2476
10193254,36ddb9bb4f17593b60f1b63cec86611d,사키하네 후야,Sakihane Huya,EVERYS,재밌었땅...,2025-11-11 23:49:54,20844,talk,ETC,3450
10177823,36ddb9bb4f17593b60f1b63cec86611d,사키하네 후야,Sakihane Huya,EVERYS,저는 이상한 게임 안해요,2025-11-10 23:54:33,21243,talk,ETC,3356
10143150,36ddb9bb4f17593b60f1b63cec86611d,사키하네 후야,Sakihane Huya,EVERYS,디스패치 에피소드 5 & 6,2025-11-08 21:41:01,13181,디스패치,GAME,3416
10126658,36ddb9bb4f17593b60f1b63cec86611d,사키하네 후야,Sakihane Huya,EVERYS,키보드 위의 마에스트로,2025-11-07 22:49:45,17134,디제이맥스 리스펙트 V,GAME,4143
10111006,36ddb9bb4f17593b60f1b63cec86611d,사키하네 후야,Sakihane Huya,EVERYS,리코님과 함께 한 젠레스 존 제로 광고 방송 [이드하리 이쁨],2025-11-06 23:08:21,18106,젠레스 존 제로,GAME,3206
10079578,36ddb9bb4f17593b60f1b63cec86611d,사키하네 후야,Sakihane Huya,EVERYS,리코님과 함께하는 귀농생활,2025-11-04 23:51:29,24466,스타듀 밸리,GAME,4891
10065598,36ddb9bb4f17593b60f1b63cec86611d,사키하네 후야,Sakihane Huya,EVERYS,총 쏘면 가난해집니다...,2025-11-04 00:40:23,20070,아크 레이더스,GAME,2124
10047557,36ddb9bb4f17593b60f1b63cec86611d,사키하네 후야,Sakihane Huya,EVERYS,아크 레이더스 맛보기,2025-11-02 22:49:50,20925,아크 레이더스,GAME,2020
10013983,36ddb9bb4f17593b60f1b63cec86611d,사키하네 후야,Sakihane Huya,EVERYS,🎃스텔라이브 할로윈 단체 컨텐츠 : 할로윈 캔디 대소동🎃,2025-11-01 00:05:00,23355,마인크래프트,GAME,6186
9997934,36ddb9bb4f17593b60f1b63cec86611d,사키하네 후야,Sakihane Huya,EVERYS,디스패치 EP 3~4 / 듀엣 나이트 어비스 찍먹!,2025-10-31 00:12:40,21872,talk,ETC,3752
9951918,36ddb9bb4f17593b60f1b63cec86611d,사키하네 후야,Sakihane Huya,EVERYS,청소하네 후야,2025-10-28 01:00:49,23086,talk,ETC,4084
9935738,36ddb9bb4f17593b60f1b63cec86611d,사키하네 후야,Sakihane Huya,EVERYS,슬롯하네 후야,2025-10-27 00:15:56,20211,talk,ETC,2563
9916005,36ddb9bb4f17593b60f1b63cec86611d,사키하네 후야,Sakihane Huya,EVERYS,오리가 날 원샷원킬했어...,2025-10-25 22:54:03,1339,talk,ETC,2572
9915343,36ddb9bb4f17593b60f1b63cec86611d,사키하네 후야,Sakihane Huya,EVERYS,오리 꽥꽥 극한 난이도,2025-10-25 22:25:19,15620,이스케이프 프롬 덕코프,GAME,4045
9880857,36ddb9bb4f17593b60f1b63cec86611d,사키하네 후야,Sakihane Huya,EVERYS,"Dispatch(스토리겜인데 진짜진짜 재밌음), 덕코프 찍먹",2025-10-23 22:11:54,14885,talk,ETC,4524
9864655,36ddb9bb4f17593b60f1b63cec86611d,사키하네 후야,Sakihane Huya,EVERYS,볼핏 정식 버전!,2025-10-22 22:05:59,16352,볼 x 핏,GAME,3141
9848414,36ddb9bb4f17593b60f1b63cec86611d,사키하네 후야,Sakihane Huya,EVERYS,"휴식 후 복귀 저챗, 푸키몬ZA, 이리 쨟",2025-10-21 21:34:01,23265,talk,ETC,3749
9802292,36ddb9bb4f17593b60f1b63cec86611d,사키하네 후야,Sakihane Huya,EVERYS,삐삑...삐비빅..삐..삐까..삐삑..츄...삐비비ㅣㅂㄱ삐삑삐비빅카츄...!!!!,2025-10-18 22:50:53,17124,포켓몬 레전드 Z-A,GAME,4451
9781418,36ddb9bb4f17593b60f1b63cec86611d,사키하네 후야,Sakihane Huya,EVERYS,용의 뿔을 갈아서 만든 용각산~,2025-10-17 19:27:15,5534,talk,ETC,5014
9750527,36ddb9bb4f17593b60f1b63cec86611d,사키하네 후야,Sakihane Huya,EVERYS,볼핏 데모판 핥아먹기,2025-10-15 21:17:19,13722,이터널 리턴,GAME,4224
9741123,36ddb9bb4f17593b60f1b63cec86611d,사키하네 후야,Sakihane Huya,EVERYS,데바데 합방 + 이리 3인큐`(*>﹏<*)′,2025-10-15 01:32:47,30689,이터널 리턴,GAME,9196
9721361,36ddb9bb4f17593b60f1b63cec86611d,사키하네 후야,Sakihane Huya,EVERYS,택배를 운반해주시는 모든 분들께 감사드립니다...,2025-10-13 22:39:13,17233,talk,ETC,5344
9687187,36ddb9bb4f17593b60f1b63cec86611d,사키하네 후야,Sakihane Huya,EVERYS,오늘은 기필코 집을 짓는다(실패),2025-10-11 20:47:46,17165,talk,ETC,8305
9667909,36ddb9bb4f17593b60f1b63cec86611d,사키하네 후야,Sakihane Huya,EVERYS,10만 팔로워 기념 노래방!,2025-10-10 18:51:15,15493,음악/노래,ETC,15714
9638276,36ddb9bb4f17593b60f1b63cec86611d,사키하네 후야,Sakihane Huya,EVERYS,마인크래프트를 하기 위해 준비해야 할 것은 정의로운 마음가짐과 끝없는 목표!,2025-10-08 22:57:49,17997,마인크래프트,GAME,11853
9622092,36ddb9bb4f17593b60f1b63cec86611d,사키하네 후야,Sakihane Huya,EVERYS,나 정말 많은 일이 있었어....,2025-10-07 22:33:19,19890,talk,ETC,14716
9608605,36ddb9bb4f17593b60f1b63cec86611d,사키하네 후야,Sakihane Huya,EVERYS,마인크래프트 집 지어요!,2025-10-06 23:08:48,21053,마인크래프트,GAME,14668
9562227,36ddb9bb4f17593b60f1b63cec86611d,사키하네 후야,Sakihane Huya,EVERYS,키보드 위의 마에스트로(가 되고싶다),2025-10-03 21:15:31,13454,talk,ETC,11039
9545225,36ddb9bb4f17593b60f1b63cec86611d,사키하네 후야,Sakihane Huya,EVERYS,"메가봉크, 클로버핏",2025-10-02 21:41:23,23847,talk,ETC,6472
9516779,36ddb9bb4f17593b60f1b63cec86611d,사키하네 후야,Sakihane Huya,EVERYS,슈퍼도파민 유니데이!,2025-09-30 23:44:17,20495,talk,ETC,10014
9500203,36ddb9bb4f17593b60f1b63cec86611d,사키하네 후야,Sakihane Huya,EVERYS,우헤헤 나는 마크 고수가 되었다 (*￣０￣)ノ,2025-09-29 23:08:54,5966,talk,ETC,5859
9498528,36ddb9bb4f17593b60f1b63cec86611d,사키하네 후야,Sakihane Huya,EVERYS,마인크래프트 해요! (*￣０￣)ノ,2025-09-29 22:48:54,13181,마인크래프트,GAME,6170
9464385,36ddb9bb4f17593b60f1b63cec86611d,사키하네 후야,Sakihane Huya,EVERYS,낮 짧방! 클로버핏...(*￣０￣)ノ,2025-09-27 18:27:08,8613,talk,ETC,6852
9451054,36ddb9bb4f17593b60f1b63cec86611d,사키하네 후야,Sakihane Huya,EVERYS,8번 출구 2번 찾은 나ㅋㅋ(멋짐),2025-09-26 23:53:46,11356,talk,ETC,6621
9441842,36ddb9bb4f17593b60f1b63cec86611d,사키하네 후야,Sakihane Huya,EVERYS,"스텔라이브 알아보기, 라타탄...（￣︶￣）↗　",2025-09-26 06:15:13,26675,talk,ETC,20649
9419285,36ddb9bb4f17593b60f1b63cec86611d,사키하네 후야,Sakihane Huya,EVERYS,라타라타탄 엔딩까지 []~(￣▽￣)~*,2025-09-25 00:24:15,16761,라타탄,GAME,8719
9386948,36ddb9bb4f17593b60f1b63cec86611d,사키하네 후야,Sakihane Huya,EVERYS,첫 노래방!!!!!!!!!!!!!!!!!,2025-09-22 20:34:43,8627,음악/노래,ETC,24329
9373169,36ddb9bb4f17593b60f1b63cec86611d,사키하네 후야,Sakihane Huya,EVERYS,반가워요!,2025-09-21 22:17:59,12304,talk,ETC,18016
9356214,36ddb9bb4f17593b60f1b63cec86611d,사키하네 후야,Sakihane Huya,EVERYS,오늘부터 에버리스!!!!!,2025-09-20 21:22:15,4609,talk,ETC,30340
9354915,36ddb9bb4f17593b60f1b63cec86611d,사키하네 후야,Sakihane Huya,EVERYS,"스텔라이브 편입생, 사키하네 후야 봉인 해제!",2025-09-20 19:40:26,4340,talk,ETC,55066
15036815,b044e3a3b9259246bc92e863e7d3f3b8,시라유키 히나,Shirayuki Hina,UNIVERSE,앙 ~~~~~~~~~~~~~ 빅,2026-09-05 01:05:32,22094,talk,ETC,640
15024760,b044e3a3b9259246bc92e863e7d3f3b8,시라유키 히나,Shirayuki Hina,UNIVERSE,신의상 구경하고 스텔 마크!!,2026-09-04 05:29:05,29551,마인크래프트,GAME,3666
15006909,b044e3a3b9259246bc92e863e7d3f3b8,시라유키 히나,Shirayuki Hina,UNIVERSE,아직좀부끄럽따고,2026-09-03 02:34:25,12656,talk,ETC,3267
14988230,b044e3a3b9259246bc92e863e7d3f3b8,시라유키 히나,Shirayuki Hina,UNIVERSE,하핫............................. 정답은 히키니였어요,2026-09-02 00:23:07,7575,talk,ETC,13962
14984348,b044e3a3b9259246bc92e863e7d3f3b8,시라유키 히나,Shirayuki Hina,UNIVERSE,히노키니???히키니????히쉬가드????히쿨미즈???히녀복???? [🐳스텔 여름 휴가 신의상🐳],2026-09-01 22:02:11,3796,talk,ETC,18520
14976555,b044e3a3b9259246bc92e863e7d3f3b8,시라유키 히나,Shirayuki Hina,UNIVERSE,"ㅎㅎ,,,,,,,,,,, 신의상을공개할때마다느끼는거지만정말떨리는구나",2026-09-01 03:23:56,2792,talk,ETC,6568
14961763,b044e3a3b9259246bc92e863e7d3f3b8,시라유키 히나,Shirayuki Hina,UNIVERSE,그래그래힘들면쉬어근데남들은내실해,2026-08-31 03:49:08,28255,talk,ETC,2971
14945836,b044e3a3b9259246bc92e863e7d3f3b8,시라유키 히나,Shirayuki Hina,UNIVERSE,뉴 스텔 마크서버 2일챠,2026-08-30 05:26:42,35415,talk,ETC,1803
14935019,b044e3a3b9259246bc92e863e7d3f3b8,시라유키 히나,Shirayuki Hina,UNIVERSE,`(*>﹏<*)′,2026-08-29 19:24:13,1181,마인크래프트,GAME,1115
14928646,b044e3a3b9259246bc92e863e7d3f3b8,시라유키 히나,Shirayuki Hina,UNIVERSE,마크 스텔 서버 오픈런!!!!,2026-08-29 04:38:35,39248,talk,ETC,3073
14895077,b044e3a3b9259246bc92e863e7d3f3b8,시라유키 히나,Shirayuki Hina,UNIVERSE,여름 신의상 대기방,2026-08-27 02:25:09,20892,talk,ETC,4837
14879884,b044e3a3b9259246bc92e863e7d3f3b8,시라유키 히나,Shirayuki Hina,UNIVERSE,안자는해둥이있나요,2026-08-26 03:39:05,2924,talk,ETC,8227
14861588,b044e3a3b9259246bc92e863e7d3f3b8,시라유키 히나,Shirayuki Hina,UNIVERSE,로블록스 뉴비 히 잼 민,2026-08-25 00:51:36,18970,talk,ETC,6885
14850146,b044e3a3b9259246bc92e863e7d3f3b8,시라유키 히나,Shirayuki Hina,UNIVERSE,초심 찾기 2일챠 거북이 게임 & 봉누도 클립 월드컵으로 봉누도 공부!,2026-08-24 04:53:52,33270,talk,ETC,23004
14832054,b044e3a3b9259246bc92e863e7d3f3b8,시라유키 히나,Shirayuki Hina,UNIVERSE,초심 찾기 1일차 온리업 & 청초 3돌 하기,2026-08-23 03:23:37,28022,talk,ETC,16734
14816294,b044e3a3b9259246bc92e863e7d3f3b8,시라유키 히나,Shirayuki Hina,UNIVERSE,히나입니댜 시시포스 켠왕입니다,2026-08-22 05:56:51,38819,talk,ETC,45553
14787895,b044e3a3b9259246bc92e863e7d3f3b8,시라유키 히나,Shirayuki Hina,UNIVERSE,"안녕하세요, 시라유키 히나입니다",2026-08-20 18:13:09,470,talk,ETC,174856
14774998,b044e3a3b9259246bc92e863e7d3f3b8,시라유키 히나,Shirayuki Hina,UNIVERSE,봉누도 설명회 보고 rp 고민하기,2026-08-19 22:06:16,12649,talk,ETC,43312
14745043,b044e3a3b9259246bc92e863e7d3f3b8,시라유키 히나,Shirayuki Hina,UNIVERSE,오랜만에 유니버스 합빵 / 하나 100만 ㄱㅏㅁ사합니다!!!,2026-08-17 22:40:33,17481,talk,ETC,6401
14729964,b044e3a3b9259246bc92e863e7d3f3b8,시라유키 히나,Shirayuki Hina,UNIVERSE,7시 스텔+삐부 님 데바데 내전 스텔의 히구 출동,2026-08-16 23:46:03,9777,talk,ETC,2149
14726858,b044e3a3b9259246bc92e863e7d3f3b8,시라유키 히나,Shirayuki Hina,UNIVERSE,7시 스텔+삐부 님 데바데 내전 스텔의 히구 출동,2026-08-16 21:00:30,178,데드 바이 데이라이트,GAME,560
14726786,b044e3a3b9259246bc92e863e7d3f3b8,시라유키 히나,Shirayuki Hina,UNIVERSE,7시 스텔+삐부 님 데바데 내전 스텔의 히구 출동,2026-08-16 20:56:12,561,데드 바이 데이라이트,GAME,281
14726559,b044e3a3b9259246bc92e863e7d3f3b8,시라유키 히나,Shirayuki Hina,UNIVERSE,7시 스텔+삐부 님 데바데 내전 스텔의 히구 출동,2026-08-16 20:39:12,333,데드 바이 데이라이트,GAME,378
14726475,b044e3a3b9259246bc92e863e7d3f3b8,시라유키 히나,Shirayuki Hina,UNIVERSE,7시 스텔+삐부 님 데바데 내전 스텔의 히구 출동,2026-08-16 20:35:17,13676,데드 바이 데이라이트,GAME,1062
14717587,b044e3a3b9259246bc92e863e7d3f3b8,시라유키 히나,Shirayuki Hina,UNIVERSE,추억의 애니(추억별로없음) 더빙 월드컵,2026-08-16 02:54:54,38927,talk,ETC,11664
14701053,b044e3a3b9259246bc92e863e7d3f3b8,시라유키 히나,Shirayuki Hina,UNIVERSE,추억의 애니(추억별로없음) OST 월드컵 하기,2026-08-15 02:55:07,25417,talk,ETC,17041
14692131,b044e3a3b9259246bc92e863e7d3f3b8,시라유키 히나,Shirayuki Hina,UNIVERSE,히~~~~~나,2026-08-14 19:44:21,619,talk,ETC,2705
14666542,b044e3a3b9259246bc92e863e7d3f3b8,시라유키 히나,Shirayuki Hina,UNIVERSE,오늘 밤에 시간당100개의 별동뼐이쏟아지는걸아시나요,2026-08-13 01:36:34,21629,talk,ETC,3979
14617620,b044e3a3b9259246bc92e863e7d3f3b8,시라유키 히나,Shirayuki Hina,UNIVERSE,오랜만에 노래 추천의 날,2026-08-10 00:34:28,14461,talk,ETC,3004
14602159,b044e3a3b9259246bc92e863e7d3f3b8,시라유키 히나,Shirayuki Hina,UNIVERSE,저출산 장려 게임,2026-08-09 01:54:53,22265,talk,ETC,3492
14594635,b044e3a3b9259246bc92e863e7d3f3b8,시라유키 히나,Shirayuki Hina,UNIVERSE,제철 꽃게,2026-08-08 19:37:56,2082,talk,ETC,1397
14563835,b044e3a3b9259246bc92e863e7d3f3b8,시라유키 히나,Shirayuki Hina,UNIVERSE,히서운 이야기,2026-08-06 22:56:10,13778,talk,ETC,2119
14533153,b044e3a3b9259246bc92e863e7d3f3b8,시라유키 히나,Shirayuki Hina,UNIVERSE,"종 안 치는 종구, 평타 안 쓰는 토구",2026-08-05 00:01:29,17827,talk,ETC,1978
14517798,b044e3a3b9259246bc92e863e7d3f3b8,시라유키 히나,Shirayuki Hina,UNIVERSE,명탐정 히난의 실버팰리스 광고 & 애니영화어쩌구,2026-08-04 00:13:44,23999,talk,ETC,2225
14498036,b044e3a3b9259246bc92e863e7d3f3b8,시라유키 히나,Shirayuki Hina,UNIVERSE,성세천하2 마무리 & 카페탐방!,2026-08-02 20:09:23,21829,talk,ETC,2260
14487500,b044e3a3b9259246bc92e863e7d3f3b8,시라유키 히나,Shirayuki Hina,UNIVERSE,히 나 강 림 (명조 픽업 & 성세천하2),2026-08-02 01:08:14,29344,talk,ETC,3673
14473894,b044e3a3b9259246bc92e863e7d3f3b8,시라유키 히나,Shirayuki Hina,UNIVERSE,채팅 좀 쳐주새요 그러면,2026-08-01 03:23:12,7238,talk,ETC,4467
14471131,b044e3a3b9259246bc92e863e7d3f3b8,시라유키 히나,Shirayuki Hina,UNIVERSE,흠,2026-08-01 01:06:12,488,talk,ETC,2698
14334428,b044e3a3b9259246bc92e863e7d3f3b8,시라유키 히나,Shirayuki Hina,UNIVERSE,빙하기 전 마지막 날 소원의 별 클리어 하기,2026-07-23 20:18:05,15117,talk,ETC,3431
14327080,b044e3a3b9259246bc92e863e7d3f3b8,시라유키 히나,Shirayuki Hina,UNIVERSE,기다리고 기다리던 푸키몬 소원의 별 해보기(1),2026-07-23 03:19:10,34834,talk,ETC,4501
14295410,b044e3a3b9259246bc92e863e7d3f3b8,시라유키 히나,Shirayuki Hina,UNIVERSE,푸키몬 소원의 별 하는 법 아ㄴ시는 분,2026-07-21 03:39:11,7593,포켓로그,GAME,3596
14278629,b044e3a3b9259246bc92e863e7d3f3b8,시라유키 히나,Shirayuki Hina,UNIVERSE,블라인드를악용해서치고싶은말다치지말아주세요,2026-07-20 01:50:55,15440,talk,ETC,2319
14254160,b044e3a3b9259246bc92e863e7d3f3b8,시라유키 히나,Shirayuki Hina,UNIVERSE,"히나,살다",2026-07-18 19:28:58,4718,talk,ETC,1620
14242172,b044e3a3b9259246bc92e863e7d3f3b8,시라유키 히나,Shirayuki Hina,UNIVERSE,계화탕 묵댜,2026-07-18 00:04:07,19625,talk,ETC,2075
14222407,b044e3a3b9259246bc92e863e7d3f3b8,시라유키 히나,Shirayuki Hina,UNIVERSE,혈압낮고팔에구멍세개뚫린사람,2026-07-16 21:52:50,17132,talk,ETC,1826
14212816,b044e3a3b9259246bc92e863e7d3f3b8,시라유키 히나,Shirayuki Hina,UNIVERSE,"도태 중의 도태, 명명백백한 도태 중의 왕",2026-07-16 02:13:36,22835,talk,ETC,2237
14194513,b044e3a3b9259246bc92e863e7d3f3b8,시라유키 히나,Shirayuki Hina,UNIVERSE,😵‍💫,2026-07-15 00:20:11,13498,talk,ETC,3517
14180531,b044e3a3b9259246bc92e863e7d3f3b8,시라유키 히나,Shirayuki Hina,UNIVERSE,명조 4장 2막 쭉 밀기,2026-07-14 01:15:22,20456,명조:워더링 웨이브,GAME,5249
14149471,b044e3a3b9259246bc92e863e7d3f3b8,시라유키 히나,Shirayuki Hina,UNIVERSE,r꺼어어어어억,2026-07-12 02:02:35,18064,음악/노래,ETC,4052
14126942,b044e3a3b9259246bc92e863e7d3f3b8,시라유키 히나,Shirayuki Hina,UNIVERSE,미띤 흑조다 노트북 부시고 4장 1막 밀어,2026-07-10 22:25:20,20094,talk,ETC,5768
14097454,b044e3a3b9259246bc92e863e7d3f3b8,시라유키 히나,Shirayuki Hina,UNIVERSE,빙하기 공지 & 명태기를 극복하며 정신승리 하기,2026-07-09 00:01:14,15988,talk,ETC,4113
14074837,b044e3a3b9259246bc92e863e7d3f3b8,시라유키 히나,Shirayuki Hina,UNIVERSE,히나 죽다,2026-07-07 17:11:05,5675,talk,ETC,2213
14067286,b044e3a3b9259246bc92e863e7d3f3b8,시라유키 히나,Shirayuki Hina,UNIVERSE,안 죽었어요,2026-07-07 00:45:56,16290,talk,ETC,2441
13996874,b044e3a3b9259246bc92e863e7d3f3b8,시라유키 히나,Shirayuki Hina,UNIVERSE,기방습송,2026-07-02 21:34:38,10495,talk,ETC,4360
13994706,b044e3a3b9259246bc92e863e7d3f3b8,시라유키 히나,Shirayuki Hina,UNIVERSE,기방습송,2026-07-02 18:32:55,708,talk,ETC,2041
13988522,b044e3a3b9259246bc92e863e7d3f3b8,시라유키 히나,Shirayuki Hina,UNIVERSE,푸키몬 세상이 꺼진다... [봉켓몬 마지막 날],2026-07-02 03:02:53,35871,음악/노래,ETC,7767
13972470,b044e3a3b9259246bc92e863e7d3f3b8,시라유키 히나,Shirayuki Hina,UNIVERSE,자시안내가정말너만큼은단하루도원하지않은적이없었다3년전포포서버에서도아카시아커버곡을냈을때에도지금도내일도언제나내마음속에서너는가장소중하게빛나는내추억의한조각이었어 [봉켓몬 8일차],2026-07-01 03:18:55,40620,마인크래프트,GAME,6744
13956849,b044e3a3b9259246bc92e863e7d3f3b8,시라유키 히나,Shirayuki Hina,UNIVERSE,애타게 자시안을 찾는 [봉켓몬 7일차],2026-06-30 03:19:44,21336,마인크래프트,GAME,4496
13941512,b044e3a3b9259246bc92e863e7d3f3b8,시라유키 히나,Shirayuki Hina,UNIVERSE,이쯤 되면 언제까지 전설 못 먹을지 궁금해짐 [봉켓몬 6일차],2026-06-29 02:44:56,39319,마인크래프트,GAME,7473
13923857,b044e3a3b9259246bc92e863e7d3f3b8,시라유키 히나,Shirayuki Hina,UNIVERSE,달투곰이랑 전포 못 잡으면 죽는 방송 [봉켓몬 5일차],2026-06-28 02:33:25,40806,마인크래프트,GAME,8285
13891398,b044e3a3b9259246bc92e863e7d3f3b8,시라유키 히나,Shirayuki Hina,UNIVERSE,"다음화 : 히나, 죽다...... [봉켓몬 4일차]",2026-06-26 03:01:15,40753,마인크래프트,GAME,8181
13858053,b044e3a3b9259246bc92e863e7d3f3b8,시라유키 히나,Shirayuki Hina,UNIVERSE,오늘은 진짜 다르다 뉴네오울트라킹히나 출격 [봉켓몬 2일차],2026-06-24 03:42:28,45211,마인크래프트,GAME,10704
13841901,b044e3a3b9259246bc92e863e7d3f3b8,시라유키 히나,Shirayuki Hina,UNIVERSE,"포여제 아닙니다 제발,,,,,,,,,,,,,,,,,,, [봉켓몬 1일차]",2026-06-23 03:07:06,47178,마인크래프트,GAME,12627
13807225,b044e3a3b9259246bc92e863e7d3f3b8,시라유키 히나,Shirayuki Hina,UNIVERSE,👾포덕이 알려 주는 포알못들을 위한 포켓몬 설명회!!👾,2026-06-21 01:09:17,18434,talk,ETC,6574
13772226,b044e3a3b9259246bc92e863e7d3f3b8,시라유키 히나,Shirayuki Hina,UNIVERSE,명 천 재 납십니다(W. 타비 리코) 와 합밥명조!!!!!!,2026-06-19 00:51:29,23819,talk,ETC,5419
13756605,b044e3a3b9259246bc92e863e7d3f3b8,시라유키 히나,Shirayuki Hina,UNIVERSE,팔씨름 사건의 전말 썰풀이 & 스텔라이브 숨바꼭질 합방!!!,2026-06-18 01:21:50,28230,명조:워더링 웨이브,GAME,3901
13725798,b044e3a3b9259246bc92e863e7d3f3b8,시라유키 히나,Shirayuki Hina,UNIVERSE,시로 후야 리코랑 이환 광고! & 크아하다가 히아노,2026-06-16 01:36:17,23972,talk,ETC,3567
13718304,b044e3a3b9259246bc92e863e7d3f3b8,시라유키 히나,Shirayuki Hina,UNIVERSE,19금 설정 잘못해서 리방했습니다만? ,2026-06-15 18:52:18,3020,이환,GAME,2434
13710631,b044e3a3b9259246bc92e863e7d3f3b8,시라유키 히나,Shirayuki Hina,UNIVERSE,명조『사이버펑크: 엣지러너』콜라보로 히나는 드디어 달을 가..,2026-06-15 01:13:22,20825,talk,ETC,8770
13703541,b044e3a3b9259246bc92e863e7d3f3b8,시라유키 히나,Shirayuki Hina,UNIVERSE,오늘... 드디어 히나는 달을 가...,2026-06-14 19:21:20,1378,talk,ETC,1578
13693349,b044e3a3b9259246bc92e863e7d3f3b8,시라유키 히나,Shirayuki Hina,UNIVERSE,명쫄보의 3장 4막 에필로그 ~ 3장 5막 에필 끝까지!,2026-06-14 01:26:29,43312,talk,ETC,8509
13668419,b044e3a3b9259246bc92e863e7d3f3b8,시라유키 히나,Shirayuki Hina,UNIVERSE,3장 4막 이어서!!!!,2026-06-12 17:34:41,14244,명조:워더링 웨이브,GAME,5365
13650107,b044e3a3b9259246bc92e863e7d3f3b8,시라유키 히나,Shirayuki Hina,UNIVERSE,ㅋㅋ,2026-06-11 14:25:46,1574,talk,ETC,4509
13644994,b044e3a3b9259246bc92e863e7d3f3b8,시라유키 히나,Shirayuki Hina,UNIVERSE,🎉축 스텔라이브2기생유니버스소속시라유키히나이자명천재이자고늑정 히나의 3주년🎉,2026-06-11 01:31:58,13199,talk,ETC,7181
13630956,b044e3a3b9259246bc92e863e7d3f3b8,시라유키 히나,Shirayuki Hina,UNIVERSE,명조 3막 에필로그 & 태권도팟 인생게임!!!(w. 탬탬부린 삼식 피박 님),2026-06-10 02:42:58,34648,더 게임 오브 라이프 포 닌텐도 스위치,GAME,7910
13617689,b044e3a3b9259246bc92e863e7d3f3b8,시라유키 히나,Shirayuki Hina,UNIVERSE,안...자는................................해...둥이.............,2026-06-09 06:07:33,5162,명조:워더링 웨이브,GAME,8466
13611775,b044e3a3b9259246bc92e863e7d3f3b8,시라유키 히나,Shirayuki Hina,UNIVERSE,히나가 부릅니다 달 을 가 ....... 루시양제발내품에,2026-06-08 23:39:21,9489,명조:워더링 웨이브,GAME,9447
13599837,b044e3a3b9259246bc92e863e7d3f3b8,시라유키 히나,Shirayuki Hina,UNIVERSE,문제아 듀오의 아크레이더스(W.타비) & 명조 내실,2026-06-08 01:10:25,23480,talk,ETC,3756
13586093,b044e3a3b9259246bc92e863e7d3f3b8,시라유키 히나,Shirayuki Hina,UNIVERSE,명 발 진,2026-06-07 04:10:48,1821,명조:워더링 웨이브,GAME,8790
13584860,b044e3a3b9259246bc92e863e7d3f3b8,시라유키 히나,Shirayuki Hina,UNIVERSE,미띤 흑조다 3장 2-3막 밀어,2026-06-07 03:03:04,40603,명조:워더링 웨이브,GAME,13017
13551646,b044e3a3b9259246bc92e863e7d3f3b8,시라유키 히나,Shirayuki Hina,UNIVERSE,안 자는 해둥이가 있겠죠? 해둥이랑 사쟝님이랑 놀게요,2026-06-05 02:03:39,14167,talk,ETC,5726
13536389,b044e3a3b9259246bc92e863e7d3f3b8,시라유키 히나,Shirayuki Hina,UNIVERSE,"명천재, 드디어 3장을 가다",2026-06-04 02:16:38,34195,talk,ETC,9634
13520784,b044e3a3b9259246bc92e863e7d3f3b8,시라유키 히나,Shirayuki Hina,UNIVERSE,맹,2026-06-03 04:29:17,371,talk,ETC,4281
13482632,b044e3a3b9259246bc92e863e7d3f3b8,시라유키 히나,Shirayuki Hina,UNIVERSE,나보다 요리 못 하는 사람들 찾기,2026-05-31 21:41:45,16855,talk,ETC,3712
13468431,b044e3a3b9259246bc92e863e7d3f3b8,시라유키 히나,Shirayuki Hina,UNIVERSE,오랜만에 카페 탐뱡,2026-05-31 00:04:30,12368,talk,ETC,3530
13456266,b044e3a3b9259246bc92e863e7d3f3b8,시라유키 히나,Shirayuki Hina,UNIVERSE,유니 선배랑 아크 레이더스 & 흑조의 2장 11막,2026-05-30 03:46:46,32803,명조:워더링 웨이브,GAME,10831
13438993,b044e3a3b9259246bc92e863e7d3f3b8,시라유키 히나,Shirayuki Hina,UNIVERSE,다시 명천재로 돌아가 2장 9-10막,2026-05-29 02:05:26,27916,명조:워더링 웨이브,GAME,6136
13424523,b044e3a3b9259246bc92e863e7d3f3b8,시라유키 히나,Shirayuki Hina,UNIVERSE,"저 명천재, 포여제 이전에 한 그룹의 아이돌입니다. 그것을 알아 주셨으면 해서 오늘 커버곡을 냈고 ar을 깎습니다",2026-05-28 03:24:57,26290,음악/노래,ETC,5224
13409248,b044e3a3b9259246bc92e863e7d3f3b8,시라유키 히나,Shirayuki Hina,UNIVERSE,이야기 하다가 서버 클립 보고 명조 2장 7-8막!,2026-05-27 03:43:21,41655,명조:워더링 웨이브,GAME,9622
13372646,b044e3a3b9259246bc92e863e7d3f3b8,시라유키 히나,Shirayuki Hina,UNIVERSE,모라하지 마 서버 마지막 날,2026-05-25 00:12:24,26256,talk,ETC,6521
13356818,b044e3a3b9259246bc92e863e7d3f3b8,시라유키 히나,Shirayuki Hina,UNIVERSE,흑조의 2장 6막 & 모라하지 마 서버 2일차,2026-05-24 00:40:13,32289,talk,ETC,8397
13341159,b044e3a3b9259246bc92e863e7d3f3b8,시라유키 히나,Shirayuki Hina,UNIVERSE,흑조가 되어버린 명천재의 2장 5막 & 모라하지 마 서버 1일차,2026-05-23 01:27:26,37411,명조:워더링 웨이브,GAME,9362
13315697,b044e3a3b9259246bc92e863e7d3f3b8,시라유키 히나,Shirayuki Hina,UNIVERSE,오케이 방금 일어났는데 가챠 할게요,2026-05-21 15:04:47,6537,명조:워더링 웨이브,GAME,5983
13310876,b044e3a3b9259246bc92e863e7d3f3b8,시라유키 히나,Shirayuki Hina,UNIVERSE,히나의 영어발음 교실,2026-05-21 02:07:19,27521,명조:워더링 웨이브,GAME,6845
13296194,b044e3a3b9259246bc92e863e7d3f3b8,시라유키 히나,Shirayuki Hina,UNIVERSE,드디어 2장 4막!!!!!!!!!!!!!!!,2026-05-20 03:10:12,23619,명조:워더링 웨이브,GAME,9986
13286181,b044e3a3b9259246bc92e863e7d3f3b8,시라유키 히나,Shirayuki Hina,UNIVERSE,명천재의 2장 3막,2026-05-19 18:34:24,15865,명조:워더링 웨이브,GAME,4792
13281710,b044e3a3b9259246bc92e863e7d3f3b8,시라유키 히나,Shirayuki Hina,UNIVERSE,결국굴복해버린명천재..................의 2장 시작,2026-05-19 04:45:07,24331,명조:워더링 웨이브,GAME,7858
13266263,b044e3a3b9259246bc92e863e7d3f3b8,시라유키 히나,Shirayuki Hina,UNIVERSE,명조 1장 클리어!!!!,2026-05-18 03:33:23,44482,종합 게임,GAME,9009
13231431,b044e3a3b9259246bc92e863e7d3f3b8,시라유키 히나,Shirayuki Hina,UNIVERSE,모바일 게임 뉴비의 명조 입문,2026-05-16 02:53:18,25407,명조:워더링 웨이브,GAME,10327
13214314,b044e3a3b9259246bc92e863e7d3f3b8,시라유키 히나,Shirayuki Hina,UNIVERSE,너무 슬퍼요,2026-05-15 01:50:48,17145,talk,ETC,3182
13181604,b044e3a3b9259246bc92e863e7d3f3b8,시라유키 히나,Shirayuki Hina,UNIVERSE,동심으로 돌아가자,2026-05-13 00:55:08,12083,talk,ETC,2415
13168412,b044e3a3b9259246bc92e863e7d3f3b8,시라유키 히나,Shirayuki Hina,UNIVERSE,테트리스 대비 연습,2026-05-12 02:26:07,24487,종합 게임,GAME,2880
13153602,b044e3a3b9259246bc92e863e7d3f3b8,시라유키 히나,Shirayuki Hina,UNIVERSE,Val. & 테트리스(W. 강지 유니 린 리코),2026-05-11 02:13:29,25697,종합 게임,GAME,2641
13114708,b044e3a3b9259246bc92e863e7d3f3b8,시라유키 히나,Shirayuki Hina,UNIVERSE,스타트레일 공개!!! & 60초 & 친모아,2026-05-08 23:14:40,22457,talk,ETC,6328
13104203,b044e3a3b9259246bc92e863e7d3f3b8,시라유키 히나,Shirayuki Hina,UNIVERSE,60초후에공개합니다,2026-05-08 02:20:12,24141,talk,ETC,5319
13076823,b044e3a3b9259246bc92e863e7d3f3b8,시라유키 히나,Shirayuki Hina,UNIVERSE,그녀와의 연애는 최고엿다,2026-05-06 13:10:22,4686,talk,ETC,3823
13073411,b044e3a3b9259246bc92e863e7d3f3b8,시라유키 히나,Shirayuki Hina,UNIVERSE,투니버스 메들리 공개 & 어린이날 컨텐츠 & 가면라이브 미연시,2026-05-06 02:46:02,32867,친구모아 아일랜드 두근두근 라이프,GAME,6766
13017887,b044e3a3b9259246bc92e863e7d3f3b8,시라유키 히나,Shirayuki Hina,UNIVERSE,가면라이브 공략하기,2026-05-02 22:53:01,24108,talk,ETC,3847
13007523,b044e3a3b9259246bc92e863e7d3f3b8,시라유키 히나,Shirayuki Hina,UNIVERSE,가면라이브,2026-05-02 03:38:09,32017,친구모아 아일랜드 두근두근 라이프,GAME,2903
12986873,b044e3a3b9259246bc92e863e7d3f3b8,시라유키 히나,Shirayuki Hina,UNIVERSE,오랜만에 발로란트 내전!,2026-05-01 00:58:16,26540,talk,ETC,3191
12936310,b044e3a3b9259246bc92e863e7d3f3b8,시라유키 히나,Shirayuki Hina,UNIVERSE,가ㅓ면쇼,2026-04-27 22:54:25,13645,talk,ETC,2986
12924198,b044e3a3b9259246bc92e863e7d3f3b8,시라유키 히나,Shirayuki Hina,UNIVERSE,고독한 늑대 정히나의 가면라이도,2026-04-27 00:36:35,20378,talk,ETC,3736
12893353,b044e3a3b9259246bc92e863e7d3f3b8,시라유키 히나,Shirayuki Hina,UNIVERSE,크랙 광고 & 합방!(W. 핑맨 다주 악녀 지누 타비),2026-04-25 03:02:27,31395,마인크래프트,GAME,6783
12872376,b044e3a3b9259246bc92e863e7d3f3b8,시라유키 히나,Shirayuki Hina,UNIVERSE,공 주 왔 져,2026-04-23 23:18:54,18094,talk,ETC,3372
12859394,b044e3a3b9259246bc92e863e7d3f3b8,시라유키 히나,Shirayuki Hina,UNIVERSE,누가 개인지 모르겠는 방송,2026-04-23 00:51:50,19287,talk,ETC,3118
12811890,b044e3a3b9259246bc92e863e7d3f3b8,시라유키 히나,Shirayuki Hina,UNIVERSE,프래그마타 광고 & 상어는사람을안먹는다는내용의저챗,2026-04-19 23:03:58,15762,talk,ETC,2516
12796949,b044e3a3b9259246bc92e863e7d3f3b8,시라유키 히나,Shirayuki Hina,UNIVERSE,9시 포챔스 출시 기념 푸키몬 아카시아 커버곡 최초공개!!!!!!!!,2026-04-19 00:42:20,15902,종합 게임,GAME,4197
12778558,b044e3a3b9259246bc92e863e7d3f3b8,시라유키 히나,Shirayuki Hina,UNIVERSE,조개던져,2026-04-18 00:03:58,15491,talk,ETC,3006
12762491,b044e3a3b9259246bc92e863e7d3f3b8,시라유키 히나,Shirayuki Hina,UNIVERSE,마볼의 공기,2026-04-16 23:41:28,17248,포켓몬 챔피언스,GAME,2518
12750325,b044e3a3b9259246bc92e863e7d3f3b8,시라유키 히나,Shirayuki Hina,UNIVERSE,마 볼 갈 거 라 고,2026-04-16 01:43:51,20153,포켓몬 챔피언스,GAME,2542
12710659,b044e3a3b9259246bc92e863e7d3f3b8,시라유키 히나,Shirayuki Hina,UNIVERSE,포켓몬애호가이고 포쌤아니고 그저어릴때부터포켓몬을많이좋아했을뿐입니다 실전은처음입니다,2026-04-13 17:58:07,10364,포켓몬 챔피언스,GAME,3585
12706913,b044e3a3b9259246bc92e863e7d3f3b8,시라유키 히나,Shirayuki Hina,UNIVERSE,나도포챔스하고싶어,2026-04-13 05:09:30,9884,포켓몬 챔피언스,GAME,3385
12686717,b044e3a3b9259246bc92e863e7d3f3b8,시라유키 히나,Shirayuki Hina,UNIVERSE,저는 스레기입니다,2026-04-12 01:26:39,15688,talk,ETC,3763
12668447,b044e3a3b9259246bc92e863e7d3f3b8,시라유키 히나,Shirayuki Hina,UNIVERSE,포 챔 스 처 음 이 라 고,2026-04-11 00:30:55,11595,talk,ETC,3908
12664004,b044e3a3b9259246bc92e863e7d3f3b8,시라유키 히나,Shirayuki Hina,UNIVERSE,포 챔 스 처 음 이 라 고,2026-04-10 21:15:46,7997,포켓몬 챔피언스,GAME,2904
12653353,b044e3a3b9259246bc92e863e7d3f3b8,시라유키 히나,Shirayuki Hina,UNIVERSE,나정말많은일들이있었ㅎ어 정말봅고싶었다해둥아,2026-04-10 00:39:40,16089,talk,ETC,2430
12588292,b044e3a3b9259246bc92e863e7d3f3b8,시라유키 히나,Shirayuki Hina,UNIVERSE,"두두타 광고 & 빙하기 전 마지먁 날,,,",2026-04-05 22:26:39,17344,talk,ETC,2514
12576627,b044e3a3b9259246bc92e863e7d3f3b8,시라유키 히나,Shirayuki Hina,UNIVERSE,살아잇어요..............,2026-04-05 02:19:57,10832,talk,ETC,2645
12543144,b044e3a3b9259246bc92e863e7d3f3b8,시라유키 히나,Shirayuki Hina,UNIVERSE,면 허 딸 래 요 & 두 두 타,2026-04-03 01:51:47,29381,두근두근타운,GAME,3918
12528499,b044e3a3b9259246bc92e863e7d3f3b8,시라유키 히나,Shirayuki Hina,UNIVERSE,직장인이 된 채로 라이어 게임 & 노래 맞히기 합방(춘향 고수달 삐부 다주 진우 부키 캡틴잭),2026-04-02 02:36:51,29048,talk,ETC,6007
12502083,b044e3a3b9259246bc92e863e7d3f3b8,시라유키 히나,Shirayuki Hina,UNIVERSE,됐어요 잣 됐 어 요,2026-03-31 20:13:37,6360,음악/노래,ETC,4387
12494609,b044e3a3b9259246bc92e863e7d3f3b8,시라유키 히나,Shirayuki Hina,UNIVERSE,멤버들은 어떻게 사나 구경도 해보고 슬더슬2 켠왕도 할게요,2026-03-31 02:19:47,25288,talk,ETC,2986
12479052,b044e3a3b9259246bc92e863e7d3f3b8,시라유키 히나,Shirayuki Hina,UNIVERSE,죄송합니다,2026-03-30 01:39:50,23501,talk,ETC,7872
12442879,b044e3a3b9259246bc92e863e7d3f3b8,시라유키 히나,Shirayuki Hina,UNIVERSE,돈 스크림(W. 강지 시로 린) & 오버워치 ,2026-03-28 01:04:12,35131,talk,ETC,5681
12431252,b044e3a3b9259246bc92e863e7d3f3b8,시라유키 히나,Shirayuki Hina,UNIVERSE,나정말힘들다,2026-03-27 05:54:42,9140,붉은사막,GAME,2937
12414946,b044e3a3b9259246bc92e863e7d3f3b8,시라유키 히나,Shirayuki Hina,UNIVERSE,디진다 돈까스 먹방 & 붉은사막 도파민 모험!!!!!!!!,2026-03-26 06:14:17,41006,붉은사막,GAME,4407
12396421,b044e3a3b9259246bc92e863e7d3f3b8,시라유키 히나,Shirayuki Hina,UNIVERSE,Zl존컴 첫 개시 붉은사막,2026-03-25 02:06:35,27828,붉은사막,GAME,3028
12381189,b044e3a3b9259246bc92e863e7d3f3b8,시라유키 히나,Shirayuki Hina,UNIVERSE,포(탈) 여 제,2026-03-24 02:26:21,26118,talk,ETC,3602
12367644,b044e3a3b9259246bc92e863e7d3f3b8,시라유키 히나,Shirayuki Hina,UNIVERSE,포 탈 권 위 자(1),2026-03-23 04:49:29,27717,포탈 2,GAME,3941
12341720,b044e3a3b9259246bc92e863e7d3f3b8,시라유키 히나,Shirayuki Hina,UNIVERSE,[테스트 방송입니다] 제발살려주세요고개를어디다둬야하나요 그리고 참고로 임시 마이크입니다,2026-03-21 21:45:52,4882,talk,ETC,1759
12314106,b044e3a3b9259246bc92e863e7d3f3b8,시라유키 히나,Shirayuki Hina,UNIVERSE,그녀와 보내는 마지막 새벽,2026-03-20 02:05:59,3036,talk,ETC,3345
12295469,b044e3a3b9259246bc92e863e7d3f3b8,시라유키 히나,Shirayuki Hina,UNIVERSE,지능왕 증명하기 지능게임의여제 . 지여제,2026-03-19 00:22:42,17524,슬레이 더 스파이어 2,GAME,2857
12281263,b044e3a3b9259246bc92e863e7d3f3b8,시라유키 히나,Shirayuki Hina,UNIVERSE,스텔에서 가장 똑똑한 두 명의 포탈2 듀엣곡 많관부,2026-03-18 01:20:17,23868,talk,ETC,3721
12266195,b044e3a3b9259246bc92e863e7d3f3b8,시라유키 히나,Shirayuki Hina,UNIVERSE,저는바보입니다저는바보멍청이똥개입니다저는그냥돈을땅에버린청년입니다멀쩡한스피커하나를잘관리해왔던스피커를냅두고고장났다고생각하고다른스피커를또샀는데또고장난줄알았는데알고보니고장났던것은나였던청년입,2026-03-17 01:21:15,21050,talk,ETC,2907
12254173,b044e3a3b9259246bc92e863e7d3f3b8,시라유키 히나,Shirayuki Hina,UNIVERSE,안 자는 해둥이 있나요,2026-03-16 05:42:00,2227,talk,ETC,4862
12252345,b044e3a3b9259246bc92e863e7d3f3b8,시라유키 히나,Shirayuki Hina,UNIVERSE,얘들아나큰맘먹고컴퓨터샀다이제내게똥컴이라고하지마똥컴이라고하면그냥컴퓨터끌어안고죽을게조만간세팅해서올게근데아직안왔어 / 포탈1 켠왕,2026-03-16 02:50:50,28037,talk,ETC,5154
12231112,b044e3a3b9259246bc92e863e7d3f3b8,시라유키 히나,Shirayuki Hina,UNIVERSE,디저트 월드컵 & 히나 VS 해둥,2026-03-15 00:17:48,20295,talk,ETC,2567
12213199,b044e3a3b9259246bc92e863e7d3f3b8,시라유키 히나,Shirayuki Hina,UNIVERSE,찌로랑 낙원 합방,2026-03-14 00:33:35,21376,talk,ETC,2793
12187902,b044e3a3b9259246bc92e863e7d3f3b8,시라유키 히나,Shirayuki Hina,UNIVERSE,낙원 찍먹,2026-03-12 15:13:09,8777,낙원: LAST PARADISE,GAME,2417
12182509,b044e3a3b9259246bc92e863e7d3f3b8,시라유키 히나,Shirayuki Hina,UNIVERSE,티켓팅 하다가 쇼츠중독자검증하는방송,2026-03-12 01:49:24,24080,talk,ETC,2101
12169071,b044e3a3b9259246bc92e863e7d3f3b8,시라유키 히나,Shirayuki Hina,UNIVERSE,포 켓 몬 이 나 켜 라 고,2026-03-11 05:38:10,33892,포켓몬 포코피아,GAME,3533
12126085,b044e3a3b9259246bc92e863e7d3f3b8,시라유키 히나,Shirayuki Hina,UNIVERSE,미 궁 갈 사 람 .......................................... ,2026-03-08 17:48:43,7671,포켓몬 포코피아,GAME,4191
12118779,b044e3a3b9259246bc92e863e7d3f3b8,시라유키 히나,Shirayuki Hina,UNIVERSE,사범님저는더다니고싶은데엄마가이제그만다니래요엄마좀혼내주세요 [피크타 완!],2026-03-08 02:46:10,44649,마인크래프트,GAME,4273
12102766,b044e3a3b9259246bc92e863e7d3f3b8,시라유키 히나,Shirayuki Hina,UNIVERSE,히 호 크 재 강 림 [픽크타 13일차],2026-03-07 04:43:36,51515,마인크래프트,GAME,3031
12086245,b044e3a3b9259246bc92e863e7d3f3b8,시라유키 히나,Shirayuki Hina,UNIVERSE,못 참 겠 어 [픽크타 12일차],2026-03-06 04:42:21,54493,마인크래프트,GAME,4529
12069855,b044e3a3b9259246bc92e863e7d3f3b8,시라유키 히나,Shirayuki Hina,UNIVERSE,그저포코피아가하고싶었던청년 [픽크타 11일차],2026-03-05 04:41:05,52447,talk,ETC,4138
12051752,b044e3a3b9259246bc92e863e7d3f3b8,시라유키 히나,Shirayuki Hina,UNIVERSE,항리요,2026-03-04 01:45:50,4828,talk,ETC,2291
12039470,b044e3a3b9259246bc92e863e7d3f3b8,시라유키 히나,Shirayuki Hina,UNIVERSE,오케이그냥죽을개요 [픽크타 10일차],2026-03-03 08:43:07,58544,마인크래프트,GAME,4299
12021929,b044e3a3b9259246bc92e863e7d3f3b8,시라유키 히나,Shirayuki Hina,UNIVERSE,오늘을 위해 재부팅도 안 했다 [픽크타 9일차],2026-03-02 05:29:38,56137,마인크래프트,GAME,5090
12004305,b044e3a3b9259246bc92e863e7d3f3b8,시라유키 히나,Shirayuki Hina,UNIVERSE,돌고 돌아 히솝이다 [픽크타 8일차],2026-03-01 04:46:13,53594,마인크래프트,GAME,4465
11988047,b044e3a3b9259246bc92e863e7d3f3b8,시라유키 히나,Shirayuki Hina,UNIVERSE,히호크에서 히그마가 되는 과정 [픽크타 7일차],2026-02-28 06:40:44,59684,마인크래프트,GAME,6043
11969929,b044e3a3b9259246bc92e863e7d3f3b8,시라유키 히나,Shirayuki Hina,UNIVERSE,오늘부터 히호크. 목표는 트롤하지 않기. [픽크타 6일차],2026-02-27 04:36:59,51488,마인크래프트,GAME,3987
11953255,b044e3a3b9259246bc92e863e7d3f3b8,시라유키 히나,Shirayuki Hina,UNIVERSE,저격왕 히솝은 웃고 있다 [픽크타 5일차],2026-02-26 04:38:25,52093,마인크래프트,GAME,3811
11936604,b044e3a3b9259246bc92e863e7d3f3b8,시라유키 히나,Shirayuki Hina,UNIVERSE,히솝의 모험 [픽크타 4일차],2026-02-25 04:48:03,53992,마인크래프트,GAME,5094
11919971,b044e3a3b9259246bc92e863e7d3f3b8,시라유키 히나,Shirayuki Hina,UNIVERSE,도태 싫어도태 싫어도태 싫어도태 싫어도태 싫어도태 싫어도태 싫어도태 싫어도태 싫어 [픽크타 3일차],2026-02-24 04:32:11,39305,마인크래프트,GAME,4304
11904025,b044e3a3b9259246bc92e863e7d3f3b8,시라유키 히나,Shirayuki Hina,UNIVERSE,누구보다 건실하지만 효율은 없는 사람(2) [픽크타 2일차],2026-02-23 04:20:03,28958,마인크래프트,GAME,2830
11892519,b044e3a3b9259246bc92e863e7d3f3b8,시라유키 히나,Shirayuki Hina,UNIVERSE,누구보다 건실하지만 효율은 없는 사람 [픽크타 2일차],2026-02-22 18:04:56,16923,마인크래프트,GAME,2205
11886505,b044e3a3b9259246bc92e863e7d3f3b8,시라유키 히나,Shirayuki Hina,UNIVERSE,펫사냥꾼 히나그릴스의 픽크타 오픈런 [픽크타 1일차],2026-02-22 04:33:43,40745,마인크래프트,GAME,4909
11863253,b044e3a3b9259246bc92e863e7d3f3b8,시라유키 히나,Shirayuki Hina,UNIVERSE,진짜뭐임,2026-02-21 00:13:18,15097,talk,ETC,2593
11845174,b044e3a3b9259246bc92e863e7d3f3b8,시라유키 히나,Shirayuki Hina,UNIVERSE,푸키몬 풀타입 챌린지 완!!!!!!!!,2026-02-19 23:27:07,19308,talk,ETC,3672
11815359,b044e3a3b9259246bc92e863e7d3f3b8,시라유키 히나,Shirayuki Hina,UNIVERSE,수선된 한복 입고 푸키몬 챌린지 이어서,2026-02-18 01:47:04,20671,포켓몬스터 블랙 2,GAME,3479
11803052,b044e3a3b9259246bc92e863e7d3f3b8,시라유키 히나,Shirayuki Hina,UNIVERSE,바다의 유령 최초공개 & 푸키몬 풀 챌린지,2026-02-17 03:46:31,32911,포켓몬스터 블랙 2,GAME,3285
11785697,b044e3a3b9259246bc92e863e7d3f3b8,시라유키 히나,Shirayuki Hina,UNIVERSE,유니버스 설날 기념 합방! & 푸키몬 원타입 챌린지 이어서 조금,2026-02-16 00:46:21,32800,포켓몬스터 블랙 2,GAME,4043
11773376,b044e3a3b9259246bc92e863e7d3f3b8,시라유키 히나,Shirayuki Hina,UNIVERSE,풀혐이 있는데요 푸키몬 블랙2 원타입 챌린지 해볼게요,2026-02-15 04:03:21,23051,포켓몬스터 블랙 2,GAME,4929
11755089,b044e3a3b9259246bc92e863e7d3f3b8,시라유키 히나,Shirayuki Hina,UNIVERSE,제가오늘뭘할지궁금하신ㄴ가요,2026-02-14 03:15:28,22332,talk,ETC,4666
11720567,b044e3a3b9259246bc92e863e7d3f3b8,시라유키 히나,Shirayuki Hina,UNIVERSE,안자는해둥이있냐고요안자는해둥이있냐고,2026-02-12 03:00:46,7890,talk,ETC,3456
11679463,b044e3a3b9259246bc92e863e7d3f3b8,시라유키 히나,Shirayuki Hina,UNIVERSE,유니버스 친구들과 이환 광고!!!!!!!!!,2026-02-09 21:56:21,11906,talk,ETC,2469
11660553,b044e3a3b9259246bc92e863e7d3f3b8,시라유키 히나,Shirayuki Hina,UNIVERSE,"농사해야지... 곰 팔아야지,...",2026-02-08 18:33:55,10382,talk,ETC,4111
11648676,b044e3a3b9259246bc92e863e7d3f3b8,시라유키 히나,Shirayuki Hina,UNIVERSE,힐링부와아앙,2026-02-08 00:15:30,32923,마인크래프트,GAME,16143
11636938,b044e3a3b9259246bc92e863e7d3f3b8,시라유키 히나,Shirayuki Hina,UNIVERSE,곰팔이소녀,2026-02-07 05:15:49,50025,마인크래프트,GAME,5606
11619628,b044e3a3b9259246bc92e863e7d3f3b8,시라유키 히나,Shirayuki Hina,UNIVERSE,생일 마지막날 기념으러 봉봉팜 하면서 생일 콘서트 보기,2026-02-06 05:16:40,50614,마인크래프트,GAME,5679
11586022,b044e3a3b9259246bc92e863e7d3f3b8,시라유키 히나,Shirayuki Hina,UNIVERSE,처음으로 맛보는 힐링 서버의 맛,2026-02-04 05:27:42,52579,마인크래프트,GAME,8558
11569644,b044e3a3b9259246bc92e863e7d3f3b8,시라유키 히나,Shirayuki Hina,UNIVERSE,벌묵묵의 반란,2026-02-03 05:18:18,38517,마인크래프트,GAME,3324
11553848,b044e3a3b9259246bc92e863e7d3f3b8,시라유키 히나,Shirayuki Hina,UNIVERSE,혹시 제가 도태 되었을까요? 어쩌라고요 ,2026-02-02 05:13:11,39966,마인크래프트,GAME,3965
11536681,b044e3a3b9259246bc92e863e7d3f3b8,시라유키 히나,Shirayuki Hina,UNIVERSE,계절범죄 커버 공개 & 서버 설명회 보기 & 봉봉팜 1일차,2026-02-01 05:17:33,39741,마인크래프트,GAME,3803
11517602,b044e3a3b9259246bc92e863e7d3f3b8,시라유키 히나,Shirayuki Hina,UNIVERSE,동심으로 돌아가 안자는해둥이있나요,2026-01-31 02:49:35,6578,talk,ETC,4112
11478448,b044e3a3b9259246bc92e863e7d3f3b8,시라유키 히나,Shirayuki Hina,UNIVERSE,유니버스랑 합방하면서 동심으로 돌아가보자,2026-01-28 23:20:11,25668,talk,ETC,5528
11467799,b044e3a3b9259246bc92e863e7d3f3b8,시라유키 히나,Shirayuki Hina,UNIVERSE,다시보기 채널 정리하면서 동심으로 돌아가기 1일차,2026-01-28 03:27:39,29634,이용약관에 동의하고 싶어,GAME,4403
11414877,b044e3a3b9259246bc92e863e7d3f3b8,시라유키 히나,Shirayuki Hina,UNIVERSE,상태이상 리제로 후기,2026-01-25 00:09:38,3282,talk,ETC,3636
11396457,b044e3a3b9259246bc92e863e7d3f3b8,시라유키 히나,Shirayuki Hina,UNIVERSE,두번째기습방문인데 머리가 아퍼요 하지만 괜챠나요,2026-01-23 23:34:39,4469,talk,ETC,2202
11390438,b044e3a3b9259246bc92e863e7d3f3b8,시라유키 히나,Shirayuki Hina,UNIVERSE,포켓몬포켓몬포켓몬포켓몬포켓몬포켓몬포켓몬포켓몬퐄넷모포켛뫀포켓몬포켓ㅁ노포켓몬포켓뫀초켓몬ㅁ포켓몬포켓몬포켓뫁ㄴㄴ포켓모포켓몬포켓몬포켓몬포켓몬,2026-01-23 17:07:34,2898,talk,ETC,4279
11365816,b044e3a3b9259246bc92e863e7d3f3b8,시라유키 히나,Shirayuki Hina,UNIVERSE,키리츠구 정신.,2026-01-22 01:52:16,25558,talk,ETC,4133
11301387,b044e3a3b9259246bc92e863e7d3f3b8,시라유키 히나,Shirayuki Hina,UNIVERSE,안 자는 해둥이 잇나요?,2026-01-18 03:58:12,770,음악/노래,ETC,6717
11301168,b044e3a3b9259246bc92e863e7d3f3b8,시라유키 히나,Shirayuki Hina,UNIVERSE,오늘 못 깨면 그냥 죽을개요 조개 던지지 마세요 훈수하지 말아 주세요 못 깨ㅔ면 죽으면 그만이니까,2026-01-18 03:52:52,34010,음악/노래,ETC,6385
11268334,b044e3a3b9259246bc92e863e7d3f3b8,시라유키 히나,Shirayuki Hina,UNIVERSE,마크 하코런 역대급 킹기!!!!!!!!!!!(2),2026-01-16 05:53:22,40297,마인크래프트,GAME,7682
11251998,b044e3a3b9259246bc92e863e7d3f3b8,시라유키 히나,Shirayuki Hina,UNIVERSE,마쌤이 되고 싶으니까 마크 하코런 도전(1),2026-01-15 09:33:18,50171,마인크래프트,GAME,7871
11209947,b044e3a3b9259246bc92e863e7d3f3b8,시라유키 히나,Shirayuki Hina,UNIVERSE,사랑스러운 유니 선배에게 3주년 기념빵,2026-01-12 23:14:56,23823,talk,ETC,3628
11196414,b044e3a3b9259246bc92e863e7d3f3b8,시라유키 히나,Shirayuki Hina,UNIVERSE,조금은 똑똑해진 내가 되어 보기(W. 유니 타비 리코),2026-01-12 00:45:55,31034,talk,ETC,3700
11171363,b044e3a3b9259246bc92e863e7d3f3b8,시라유키 히나,Shirayuki Hina,UNIVERSE,새참 회식 다녀왔고 사장님에게 두들겨 맞는 날이에요,2026-01-10 18:02:21,11745,파티 애니멀즈,GAME,4064
11147176,b044e3a3b9259246bc92e863e7d3f3b8,시라유키 히나,Shirayuki Hina,UNIVERSE,똑똑하고 고상하게 폴리브릿지,2026-01-09 02:30:32,25169,talk,ETC,4810
11126960,b044e3a3b9259246bc92e863e7d3f3b8,시라유키 히나,Shirayuki Hina,UNIVERSE,병약미소녀 방송,2026-01-08 00:18:32,11553,talk,ETC,2834
11093800,b044e3a3b9259246bc92e863e7d3f3b8,시라유키 히나,Shirayuki Hina,UNIVERSE,생일 후열 & 커버곡 공개!,2026-01-06 00:04:45,9366,talk,ETC,6785
11079963,b044e3a3b9259246bc92e863e7d3f3b8,시라유키 히나,Shirayuki Hina,UNIVERSE,최초 안좋아해주면그냥죽어버리는 굿즈,2026-01-05 01:07:49,7829,talk,ETC,7615
11058848,b044e3a3b9259246bc92e863e7d3f3b8,시라유키 히나,Shirayuki Hina,UNIVERSE,사도세자는100명을죽이고다니다가뒤주에갇혔고 연산군은사람을죽이고젓갈로만들어서뿌렸다,2026-01-03 22:49:23,13642,talk,ETC,3618
11046142,b044e3a3b9259246bc92e863e7d3f3b8,시라유키 히나,Shirayuki Hina,UNIVERSE,"신년 기념 두쫀쿠 12개 시킨 청년,. 신년 목표 세우고 콘서트도 같이 보고 ",2026-01-03 01:53:32,26782,talk,ETC,4341
11011153,b044e3a3b9259246bc92e863e7d3f3b8,시라유키 히나,Shirayuki Hina,UNIVERSE,"[스텔라의 안녕, 2025!] & 연말 시상식 같이 보기",2026-01-01 02:01:20,24869,talk,ETC,9878
10974088,b044e3a3b9259246bc92e863e7d3f3b8,시라유키 히나,Shirayuki Hina,UNIVERSE,오늘도 레벨업 하러 가야지....... 창 버프된 거 시험하러 가야지...,2025-12-29 23:57:08,13621,음악/노래,ETC,7179
10960501,b044e3a3b9259246bc92e863e7d3f3b8,시라유키 히나,Shirayuki Hina,UNIVERSE,"퍼클을 하고 시펐어.,,,,,,,,,,,,,,,,,,,,,,,, ",2025-12-29 01:04:48,43331,마인크래프트,GAME,3687
10948878,b044e3a3b9259246bc92e863e7d3f3b8,시라유키 히나,Shirayuki Hina,UNIVERSE,창창났넹............................ [멋사 공책 6일차],2025-12-28 08:29:33,60374,마인크래프트,GAME,5103
10932132,b044e3a3b9259246bc92e863e7d3f3b8,시라유키 히나,Shirayuki Hina,UNIVERSE,"창을 버프하라 창을 버프하라 창을 버프하라,,,,,,,,,,,  [멋사 공책 5일차]",2025-12-27 08:34:43,3723,마인크래프트,GAME,2678
10931843,b044e3a3b9259246bc92e863e7d3f3b8,시라유키 히나,Shirayuki Hina,UNIVERSE,"창을 버프하라 창을 버프하라 창을 버프하라,,,,,,,,,,, [멋사 공책 5일차]",2025-12-27 07:22:32,61200,마인크래프트,GAME,4215
10916199,b044e3a3b9259246bc92e863e7d3f3b8,시라유키 히나,Shirayuki Hina,UNIVERSE,메리 크리스마스🌲 크리스마스송 공개 & 붉은 진실 먹은 날(2) [멋사 공책 4일차],2025-12-26 09:42:36,11326,마인크래프트,GAME,3261
10915197,b044e3a3b9259246bc92e863e7d3f3b8,시라유키 히나,Shirayuki Hina,UNIVERSE,메리 크리스마스🌲 크리스마스송 공개 & 붉은 진실 먹은 날 [멋사 공책 4일차],2025-12-26 05:18:51,61200,마인크래프트,GAME,3589
10897213,b044e3a3b9259246bc92e863e7d3f3b8,시라유키 히나,Shirayuki Hina,UNIVERSE,레전드 사건 발생2 [멋사 공책 3일차],2025-12-25 10:03:23,11555,마인크래프트,GAME,2757
10895804,b044e3a3b9259246bc92e863e7d3f3b8,시라유키 히나,Shirayuki Hina,UNIVERSE,레전드 사건 발생 [멋사 공책 3일차],2025-12-25 05:14:48,61200,마인크래프트,GAME,3529
10879041,b044e3a3b9259246bc92e863e7d3f3b8,시라유키 히나,Shirayuki Hina,UNIVERSE,둘은 문제아이지만 최강. [멋사 공책 2일차],2025-12-24 10:12:21,12706,마인크래프트,GAME,1739
10877874,b044e3a3b9259246bc92e863e7d3f3b8,시라유키 히나,Shirayuki Hina,UNIVERSE,둘은 문제아이지만 최강. [멋사 공책 2일차],2025-12-24 04:53:49,61200,마인크래프트,GAME,3012
10859469,b044e3a3b9259246bc92e863e7d3f3b8,시라유키 히나,Shirayuki Hina,UNIVERSE,멋사 공책 오픈런!!!!,2025-12-23 01:50:06,41827,마인크래프트,GAME,4276
10845490,b044e3a3b9259246bc92e863e7d3f3b8,시라유키 히나,Shirayuki Hina,UNIVERSE,콘서트 후기 & 멋사 rpg 공책 맛보고 동지 만난 날,2025-12-22 03:18:58,40419,마인크래프트,GAME,11444
10794277,b044e3a3b9259246bc92e863e7d3f3b8,시라유키 히나,Shirayuki Hina,UNIVERSE,내일 콘서트인 거 실화예요? 5시간도 못 자는데 이;ㄹ단 방송 켜고 봤어요,2025-12-19 01:28:37,3367,talk,ETC,3587
10776807,b044e3a3b9259246bc92e863e7d3f3b8,시라유키 히나,Shirayuki Hina,UNIVERSE,스텔라이브 롤 내전 [탑의 심장을 가진 정히나 시점.],2025-12-18 00:59:36,29831,talk,ETC,6043
10743609,b044e3a3b9259246bc92e863e7d3f3b8,시라유키 히나,Shirayuki Hina,UNIVERSE,놀랍게도 박치입니다,2025-12-16 00:02:30,19221,talk,ETC,2794
10724081,b044e3a3b9259246bc92e863e7d3f3b8,시라유키 히나,Shirayuki Hina,UNIVERSE,타비 리제랑 논 썰 풀다가 나나랑 조커 듀엣 공개,2025-12-14 20:04:37,7518,talk,ETC,2974
10681758,b044e3a3b9259246bc92e863e7d3f3b8,시라유키 히나,Shirayuki Hina,UNIVERSE,"세계천하 요리 대회 ""세상에 나쁜 음식은 없다!""",2025-12-12 02:22:45,22427,talk,ETC,4148
10663061,b044e3a3b9259246bc92e863e7d3f3b8,시라유키 히나,Shirayuki Hina,UNIVERSE,포켓몬에게상처받은마음은포켓몬으로치유한다,2025-12-11 00:23:41,21929,talk,ETC,4364
10635446,b044e3a3b9259246bc92e863e7d3f3b8,시라유키 히나,Shirayuki Hina,UNIVERSE,로판핑의 성제천하 미연시 ,2025-12-09 03:39:43,32332,talk,ETC,5392
10618450,b044e3a3b9259246bc92e863e7d3f3b8,시라유키 히나,Shirayuki Hina,UNIVERSE,명조 콜라보 커버곡 공개 & 롤체 공부하기,2025-12-08 01:21:52,18805,talk,ETC,2070
10603064,b044e3a3b9259246bc92e863e7d3f3b8,시라유키 히나,Shirayuki Hina,UNIVERSE,대회를 보고 온 정히나의 롤은 다르다,2025-12-07 02:27:00,26283,talk,ETC,4511
10603077,b044e3a3b9259246bc92e863e7d3f3b8,시라유키 히나,Shirayuki Hina,UNIVERSE,대회를 보고 온 정히나의 롤은 다르다,2025-12-07 02:21:05,34,talk,ETC,2372
10569631,b044e3a3b9259246bc92e863e7d3f3b8,시라유키 히나,Shirayuki Hina,UNIVERSE,개초딩 동물 싸움,2025-12-05 01:25:49,20905,talk,ETC,4609
10552563,b044e3a3b9259246bc92e863e7d3f3b8,시라유키 히나,Shirayuki Hina,UNIVERSE,스텔 팬 게임 해부기,2025-12-04 00:43:47,20175,talk,ETC,3047
10537922,b044e3a3b9259246bc92e863e7d3f3b8,시라유키 히나,Shirayuki Hina,UNIVERSE,저는 비ㅁ빔인간입니다 .,2025-12-03 01:31:00,22999,talk,ETC,2895
10495356,b044e3a3b9259246bc92e863e7d3f3b8,시라유키 히나,Shirayuki Hina,UNIVERSE,안녕하세요 스텔라이브 2기생 시라유키 히나입니다 오늘은 휴방입니다 사유는 ,2025-11-30 12:30:50,665,talk,ETC,8729
10489833,b044e3a3b9259246bc92e863e7d3f3b8,시라유키 히나,Shirayuki Hina,UNIVERSE,산바오 DLC,2025-11-30 01:36:45,17711,talk,ETC,4759
10472390,b044e3a3b9259246bc92e863e7d3f3b8,시라유키 히나,Shirayuki Hina,UNIVERSE,오래만에 합방해요 사장님핑맨님뜨띠님이뽀언ㄴ니마뫄님나은님똘복님만득님곰파님이랑해요,2025-11-29 01:15:18,18533,talk,ETC,4944
10447638,b044e3a3b9259246bc92e863e7d3f3b8,시라유키 히나,Shirayuki Hina,UNIVERSE,아네키!!!!!!!!!!!!!!!!!!!!!!!!!!!!!!!!!!!!!!!!!!!!!!!!!!,2025-11-27 17:09:16,3758,talk,ETC,2770
10419151,b044e3a3b9259246bc92e863e7d3f3b8,시라유키 히나,Shirayuki Hina,UNIVERSE,사장님 혈압은 어디까지 올라갈까? ,2025-11-25 21:39:53,14707,talk,ETC,5070
10395056,b044e3a3b9259246bc92e863e7d3f3b8,시라유키 히나,Shirayuki Hina,UNIVERSE,이제는아무도남지않았구나..........내가노래를불러도아무도호응해주지않아,2025-11-24 02:05:49,1828,talk,ETC,9587
10394410,b044e3a3b9259246bc92e863e7d3f3b8,시라유키 히나,Shirayuki Hina,UNIVERSE,gd,2025-11-24 01:32:33,4480,talk,ETC,13865
10388230,b044e3a3b9259246bc92e863e7d3f3b8,시라유키 히나,Shirayuki Hina,UNIVERSE,쇼츠가 마약과 같은 효과를 불러일으키는 이 시대에 뇌가 녹지 않기 위한 두뇌 트레이닝 1일차,2025-11-23 21:08:35,23432,talk,ETC,4259
10358699,b044e3a3b9259246bc92e863e7d3f3b8,시라유키 히나,Shirayuki Hina,UNIVERSE,❄깜빡임 커버 최초공개 & 쿠키요미❄,2025-11-22 00:55:03,18154,talk,ETC,3197
10326285,b044e3a3b9259246bc92e863e7d3f3b8,시라유키 히나,Shirayuki Hina,UNIVERSE,심신미약인 채로 미메시스 합방(W. 강지 리제 시로),2025-11-20 00:49:14,27379,talk,ETC,5230
10293973,b044e3a3b9259246bc92e863e7d3f3b8,시라유키 히나,Shirayuki Hina,UNIVERSE,"탑신, 미신, 정신 원신 꿈나무. 셋 중에서 하나만 걸려라 마인드.",2025-11-18 01:11:51,19720,talk,ETC,3790
10270548,b044e3a3b9259246bc92e863e7d3f3b8,시라유키 히나,Shirayuki Hina,UNIVERSE,ㅅㅏ장님 집 다녀왓ㄲ고 오늘 영화 같이 봐요,2025-11-16 17:54:41,6596,talk,ETC,2484
10264604,b044e3a3b9259246bc92e863e7d3f3b8,시라유키 히나,Shirayuki Hina,UNIVERSE,해둥아 일어나ㅏㅏㅏㅏㅏㅏㅏㅏㅏㅏㅏㅏㅏㅏㅏㅏㅏㅏㅏㅏㅏㅏㅏㅏㅏㅏ일어나일어나일어ㅇ나일어나,2025-11-16 03:55:18,8367,talk,ETC,3858
10253979,b044e3a3b9259246bc92e863e7d3f3b8,시라유키 히나,Shirayuki Hina,UNIVERSE,정말 죄송합니다 재공지할개요 일단 타임어택이 있어서요 빠르게 진행할개요,2025-11-15 18:15:45,5514,talk,ETC,2199
10247775,b044e3a3b9259246bc92e863e7d3f3b8,시라유키 히나,Shirayuki Hina,UNIVERSE,"나, 강림.",2025-11-15 04:08:11,8871,talk,ETC,3284
10188545,b044e3a3b9259246bc92e863e7d3f3b8,시라유키 히나,Shirayuki Hina,UNIVERSE,애견인의 마이 리틀 퍼피,2025-11-11 20:09:27,21684,talk,ETC,6696
10162351,b044e3a3b9259246bc92e863e7d3f3b8,시라유키 히나,Shirayuki Hina,UNIVERSE,아이돌의 어쩌구 관리,2025-11-09 23:14:30,12341,talk,ETC,3416
10148826,b044e3a3b9259246bc92e863e7d3f3b8,시라유키 히나,Shirayuki Hina,UNIVERSE,자랑할 거 있는데 안 자는 해둥이 잇나요,2025-11-09 01:41:29,8699,음악/노래,ETC,3140
10131021,b044e3a3b9259246bc92e863e7d3f3b8,시라유키 히나,Shirayuki Hina,UNIVERSE,쿠크다스 언박싱 도박하고 디제이 맥스 찍먹,2025-11-08 01:34:39,25855,음악/노래,ETC,4605
10064001,b044e3a3b9259246bc92e863e7d3f3b8,시라유키 히나,Shirayuki Hina,UNIVERSE,메탈슬러그X 기프트콘 내기ㅣ,2025-11-03 23:44:52,16010,talk,ETC,3934
10051989,b044e3a3b9259246bc92e863e7d3f3b8,시라유키 히나,Shirayuki Hina,UNIVERSE,책임 없는 쾌락,2025-11-03 01:46:37,20513,talk,ETC,4954
10017727,b044e3a3b9259246bc92e863e7d3f3b8,시라유키 히나,Shirayuki Hina,UNIVERSE,🎃스텔 할로윈 컨텐츠 & 히나 명언 월드컵!🎃,2025-11-01 02:16:13,33490,talk,ETC,9158
10001583,b044e3a3b9259246bc92e863e7d3f3b8,시라유키 히나,Shirayuki Hina,UNIVERSE,저를 소개합니다 그리고 메탈슬러그3 할게요,2025-10-31 02:38:32,25242,talk,ETC,4377
9986176,b044e3a3b9259246bc92e863e7d3f3b8,시라유키 히나,Shirayuki Hina,UNIVERSE,반갑습니다.....................,2025-10-30 03:27:28,17151,음악/노래,ETC,2940
9953446,b044e3a3b9259246bc92e863e7d3f3b8,시라유키 히나,Shirayuki Hina,UNIVERSE,✨체인소맨 제인두(w. 린) 최초공개 같이 부자✨ ,2025-10-28 02:13:33,21317,talk,ETC,4484
9939456,b044e3a3b9259246bc92e863e7d3f3b8,시라유키 히나,Shirayuki Hina,UNIVERSE,추억의 게임 어쩌구,2025-10-27 03:35:30,13911,종합 게임,GAME,4199
9921609,b044e3a3b9259246bc92e863e7d3f3b8,시라유키 히나,Shirayuki Hina,UNIVERSE,진정하세요 저에게 명예회복ㅇ할 기회를 주세요,2025-10-26 02:58:23,22938,음악/노래,ETC,4800
9905460,b044e3a3b9259246bc92e863e7d3f3b8,시라유키 히나,Shirayuki Hina,UNIVERSE,"사스케의 업보청산,",2025-10-25 04:20:29,42032,이스케이프 프롬 덕코프,GAME,3184
9871646,b044e3a3b9259246bc92e863e7d3f3b8,시라유키 히나,Shirayuki Hina,UNIVERSE,철수케 아니고 사스케라고요,2025-10-23 02:56:07,27256,이스케이프 프롬 덕코프,GAME,3924
9841216,b044e3a3b9259246bc92e863e7d3f3b8,시라유키 히나,Shirayuki Hina,UNIVERSE,히성근 권법으로 피아노 노래방,2025-10-21 03:45:37,30497,음악/노래,ETC,9245
9825815,b044e3a3b9259246bc92e863e7d3f3b8,시라유키 히나,Shirayuki Hina,UNIVERSE,오랜만에 이야기 하다가 마크 잠깐,2025-10-20 03:16:06,18692,음악/노래,ETC,4503
9809866,b044e3a3b9259246bc92e863e7d3f3b8,시라유키 히나,Shirayuki Hina,UNIVERSE,두인쏘맨으로 푸키몬 엔딩 보기,2025-10-19 05:00:00,24313,포켓몬 레전드 Z-A,GAME,4284
9797036,b044e3a3b9259246bc92e863e7d3f3b8,시라유키 히나,Shirayuki Hina,UNIVERSE,일어나자마자 포덕핑의 ZA(3),2025-10-18 16:51:32,17879,포켓몬 레전드 Z-A,GAME,3172
9776075,b044e3a3b9259246bc92e863e7d3f3b8,시라유키 히나,Shirayuki Hina,UNIVERSE,포덕핑의 ZA(2),2025-10-17 05:19:27,39797,포켓몬 레전드 Z-A,GAME,7397
9759181,b044e3a3b9259246bc92e863e7d3f3b8,시라유키 히나,Shirayuki Hina,UNIVERSE,포켓몬ZA 오픈...?런.........................,2025-10-16 03:54:33,17656,포켓몬 레전드 Z-A,GAME,10366
9732756,b044e3a3b9259246bc92e863e7d3f3b8,시라유키 히나,Shirayuki Hina,UNIVERSE,저는 지능이 낮지 않습니다,2025-10-14 18:08:32,12252,talk,ETC,4518
9726562,b044e3a3b9259246bc92e863e7d3f3b8,시라유키 히나,Shirayuki Hina,UNIVERSE,다시는 제가 똑똑하다고 하지 않겠습니다,2025-10-14 02:08:02,8218,talk,ETC,8433
9708402,b044e3a3b9259246bc92e863e7d3f3b8,시라유키 히나,Shirayuki Hina,UNIVERSE,유니버스랑 잠깐 마크 토크,2025-10-12 23:47:56,7807,마인크래프트,GAME,4912
9679020,b044e3a3b9259246bc92e863e7d3f3b8,시라유키 히나,Shirayuki Hina,UNIVERSE,원블럭 하려다가 흑진주 찾기 모험하고 어쩌구 ,2025-10-11 04:28:25,34681,음악/노래,ETC,6338
9662440,b044e3a3b9259246bc92e863e7d3f3b8,시라유키 히나,Shirayuki Hina,UNIVERSE,갑자기 와서는 흑진주를 찾는 모습이다.,2025-10-10 04:58:57,17306,마인크래프트,GAME,4592
9645795,b044e3a3b9259246bc92e863e7d3f3b8,시라유키 히나,Shirayuki Hina,UNIVERSE,.............................(대충 새벽감성에 노래도 흥얼거리고 진지한 이야기도 했다는 뜻),2025-10-09 06:13:50,8915,talk,ETC,7987
9641325,b044e3a3b9259246bc92e863e7d3f3b8,시라유키 히나,Shirayuki Hina,UNIVERSE,스텔 마크에서 도박하기(...),2025-10-09 01:07:22,16436,마인크래프트,GAME,4454
9628196,b044e3a3b9259246bc92e863e7d3f3b8,시라유키 히나,Shirayuki Hina,UNIVERSE,안자는해둥이어쩌구 가볍게 피아노 노래방,2025-10-08 03:54:05,11744,음악/노래,ETC,7393
9620402,b044e3a3b9259246bc92e863e7d3f3b8,시라유키 히나,Shirayuki Hina,UNIVERSE,"너희가 원하는 선물 갖고 왔따,,,,,,,,,,,",2025-10-07 20:35:50,7889,talk,ETC,4731
9612144,b044e3a3b9259246bc92e863e7d3f3b8,시라유키 히나,Shirayuki Hina,UNIVERSE,스텔 마크 서버에서 정모,2025-10-07 02:22:55,23589,talk,ETC,5748
9599780,b044e3a3b9259246bc92e863e7d3f3b8,시라유키 히나,Shirayuki Hina,UNIVERSE,어 그래 얘들아 나 왔다,2025-10-06 19:21:16,5468,talk,ETC,6017
9576536,b044e3a3b9259246bc92e863e7d3f3b8,시라유키 히나,Shirayuki Hina,UNIVERSE,저챗하다가 후야 님과의 첫 만남 마크!,2025-10-04 18:04:04,15364,마인크래프트,GAME,18925
9536551,b044e3a3b9259246bc92e863e7d3f3b8,시라유키 히나,Shirayuki Hina,UNIVERSE,안자는해둥이있나요다자는거아니죠,2025-10-02 02:30:13,6746,talk,ETC,7282
9527444,b044e3a3b9259246bc92e863e7d3f3b8,시라유키 히나,Shirayuki Hina,UNIVERSE,팬아트 보고 합숙 썰풀이 클립 보기,2025-10-01 19:02:43,12623,talk,ETC,4599
9521775,b044e3a3b9259246bc92e863e7d3f3b8,시라유키 히나,Shirayuki Hina,UNIVERSE,제발그만ㄴ도박하고싶어요제발그만ㄴ하고싶ㅇ어요제발돈벌게해주세요,2025-10-01 03:36:18,31787,클로버핏,GAME,4315
9506274,b044e3a3b9259246bc92e863e7d3f3b8,시라유키 히나,Shirayuki Hina,UNIVERSE,신의상 입고 도박 갈긴 다음 피아노로 도파민 디톡스 하기,2025-09-30 02:54:37,26196,음악/노래,ETC,5390
9489159,b044e3a3b9259246bc92e863e7d3f3b8,시라유키 히나,Shirayuki Hina,UNIVERSE,안녕하새요. 신의상 공개햇는데요 합숙 썰 풀게요,2025-09-29 00:40:44,12735,talk,ETC,9057
9484374,b044e3a3b9259246bc92e863e7d3f3b8,시라유키 히나,Shirayuki Hina,UNIVERSE,☠어 얘들아 반갑다 나 지금 신의상 공개하는데 진짜예쁜데안봐주면그냥죽어버릴게☠ 어그리고50분에커버곡도있다근데솔직히자신없다,2025-09-28 21:04:24,3885,talk,ETC,12445
9475024,b044e3a3b9259246bc92e863e7d3f3b8,시라유키 히나,Shirayuki Hina,UNIVERSE,저너무떨려요,2025-09-28 03:07:06,3973,talk,ETC,2084
9456485,b044e3a3b9259246bc92e863e7d3f3b8,시라유키 히나,Shirayuki Hina,UNIVERSE,어 그래 반갑다 큰 거 왔다,2025-09-27 01:47:55,13652,talk,ETC,5438
9364522,b044e3a3b9259246bc92e863e7d3f3b8,시라유키 히나,Shirayuki Hina,UNIVERSE,안 자는.... 해둥이.... 있나요./.................................,2025-09-21 03:23:40,6512,talk,ETC,4217
9344060,b044e3a3b9259246bc92e863e7d3f3b8,시라유키 히나,Shirayuki Hina,UNIVERSE,하하하하하하하하ㅏ하하하하하핳하하하하하하핳하하하하하하하하하하하하하하하하하하하핳하하하하하하하하하하하하하하핳하하하하하하하핳하하하하하하하ㅏ,2025-09-20 00:53:52,10080,음악/노래,ETC,7800
9325243,b044e3a3b9259246bc92e863e7d3f3b8,시라유키 히나,Shirayuki Hina,UNIVERSE,😈 진격거 악마의 아이 커버 최초공개 같이 보쟈 😈,2025-09-18 23:04:01,9098,talk,ETC,2443
9299438,b044e3a3b9259246bc92e863e7d3f3b8,시라유키 히나,Shirayuki Hina,UNIVERSE,"일 기다리는 중에 잠깐,,,,",2025-09-17 03:01:49,3418,talk,ETC,2726
9295858,b044e3a3b9259246bc92e863e7d3f3b8,시라유키 히나,Shirayuki Hina,UNIVERSE,3d 무대만 같이 보기 & 월오탱 광고!(W. 유니버스),2025-09-17 00:19:19,21611,talk,ETC,9750
9277472,b044e3a3b9259246bc92e863e7d3f3b8,시라유키 히나,Shirayuki Hina,UNIVERSE,여친 빌리는 애니 첨 봐요,2025-09-15 22:23:45,5779,talk,ETC,2328
9223022,b044e3a3b9259246bc92e863e7d3f3b8,시라유키 히나,Shirayuki Hina,UNIVERSE,하루종일일정을다녀와보니스텔단체콘서트가공개되고새친구가생긴다고,2025-09-12 16:55:31,5029,talk,ETC,2130
9198858,b044e3a3b9259246bc92e863e7d3f3b8,시라유키 히나,Shirayuki Hina,UNIVERSE,히날두도 태초에 축구 뉴비였던 적이 있었다.,2025-09-11 00:31:28,17649,FC온라인,GAME,3288
9144956,b044e3a3b9259246bc92e863e7d3f3b8,시라유키 히나,Shirayuki Hina,UNIVERSE,배그 & 데바데 합방(W. 강지 리코 부키),2025-09-07 17:30:46,2963,talk,ETC,1906
9144259,b044e3a3b9259246bc92e863e7d3f3b8,시라유키 히나,Shirayuki Hina,UNIVERSE,배그 & 데바데 합방(W. 강지 리코 부키),2025-09-07 16:42:39,13945,데드 바이 데이라이트,GAME,2163
9125393,b044e3a3b9259246bc92e863e7d3f3b8,시라유키 히나,Shirayuki Hina,UNIVERSE,오이,2025-09-06 14:43:38,2846,talk,ETC,1590
9113399,b044e3a3b9259246bc92e863e7d3f3b8,시라유키 히나,Shirayuki Hina,UNIVERSE,500년만에 청소라는 것을 접한 오스트랄로피테쿠스,2025-09-05 22:20:00,9450,데드 바이 데이라이트,GAME,2121
9102069,b044e3a3b9259246bc92e863e7d3f3b8,시라유키 히나,Shirayuki Hina,UNIVERSE,청초하게 데바데 하고 피아노 치는 방송,2025-09-05 01:33:54,21438,음악/노래,ETC,2716
15035372,4515b179f86b67b4981e16190817c580,네네코 마시로,Neneko Mashiro,UNIVERSE,오늘도 좋은 찌로 ,2026-09-05 00:18:28,33231,마인크래프트,GAME,636
15013145,4515b179f86b67b4981e16190817c580,네네코 마시로,Neneko Mashiro,UNIVERSE,깐시로 깐달걀~~,2026-09-03 18:34:06,25642,마인크래프트,GAME,2464
14996616,4515b179f86b67b4981e16190817c580,네네코 마시로,Neneko Mashiro,UNIVERSE,잠시 왔다가 가야해요 ㅠㅠ,2026-09-02 17:47:16,4815,talk,ETC,3054
14987149,4515b179f86b67b4981e16190817c580,네네코 마시로,Neneko Mashiro,UNIVERSE,깐시로가 왔따,2026-09-01 23:52:34,6501,마인크래프트,GAME,6928
14982553,4515b179f86b67b4981e16190817c580,네네코 마시로,Neneko Mashiro,UNIVERSE,☀️🏖️수영복 신의상 공개🏖️☀️,2026-09-01 20:00:23,3629,talk,ETC,22483
14955169,4515b179f86b67b4981e16190817c580,네네코 마시로,Neneko Mashiro,UNIVERSE,스텔라이브 마인크래프트 서버,2026-08-30 22:33:40,19644,마인크래프트,GAME,3405
14939550,4515b179f86b67b4981e16190817c580,네네코 마시로,Neneko Mashiro,UNIVERSE,스텔라이브 마인크래프트 서버,2026-08-29 23:55:10,35221,마인크래프트,GAME,3766
14904242,4515b179f86b67b4981e16190817c580,네네코 마시로,Neneko Mashiro,UNIVERSE,흐아...,2026-08-27 21:56:28,20042,talk,ETC,2058
14887672,4515b179f86b67b4981e16190817c580,네네코 마시로,Neneko Mashiro,UNIVERSE,토크토크,2026-08-26 21:29:24,20176,음악/노래,ETC,1763
14857301,4515b179f86b67b4981e16190817c580,네네코 마시로,Neneko Mashiro,UNIVERSE,대 상 덕,2026-08-24 22:06:05,20186,talk,ETC,3578
14844156,4515b179f86b67b4981e16190817c580,네네코 마시로,Neneko Mashiro,UNIVERSE,답답해서 내가 뛴다 김상덕 MLB 리그,2026-08-23 23:23:38,25349,talk,ETC,2985
14824764,4515b179f86b67b4981e16190817c580,네네코 마시로,Neneko Mashiro,UNIVERSE,김상덕 감독의 야구단 한일전 제 2회차,2026-08-22 22:04:33,14519,종합 게임,GAME,3977
14811992,4515b179f86b67b4981e16190817c580,네네코 마시로,Neneko Mashiro,UNIVERSE,구스구스덕 합방! 춘스터콜,2026-08-22 01:34:17,24349,구스 구스 덕,GAME,4354
14774278,4515b179f86b67b4981e16190817c580,네네코 마시로,Neneko Mashiro,UNIVERSE,김상덕감독의 야구단,2026-08-19 21:34:42,28907,종합 게임,GAME,4410
14758984,4515b179f86b67b4981e16190817c580,네네코 마시로,Neneko Mashiro,UNIVERSE,찌로,2026-08-18 21:51:57,9946,talk,ETC,2476
14744882,4515b179f86b67b4981e16190817c580,네네코 마시로,Neneko Mashiro,UNIVERSE,밍,2026-08-17 22:33:26,18472,talk,ETC,4527
14727536,4515b179f86b67b4981e16190817c580,네네코 마시로,Neneko Mashiro,UNIVERSE,밍,2026-08-16 21:49:26,22737,talk,ETC,2591
14709634,4515b179f86b67b4981e16190817c580,네네코 마시로,Neneko Mashiro,UNIVERSE,흠,2026-08-15 20:15:12,19809,talk,ETC,2085
14693678,4515b179f86b67b4981e16190817c580,네네코 마시로,Neneko Mashiro,UNIVERSE,깻따,2026-08-14 21:45:34,23906,talk,ETC,3994
14658629,4515b179f86b67b4981e16190817c580,네네코 마시로,Neneko Mashiro,UNIVERSE,ㅎㅅㅎ,2026-08-12 19:47:15,14825,talk,ETC,1953
14645613,4515b179f86b67b4981e16190817c580,네네코 마시로,Neneko Mashiro,UNIVERSE,모해,2026-08-11 22:56:37,22255,talk,ETC,2567
14630370,4515b179f86b67b4981e16190817c580,네네코 마시로,Neneko Mashiro,UNIVERSE,끼고끼고,2026-08-10 23:08:16,19063,talk,ETC,2613
14625572,4515b179f86b67b4981e16190817c580,네네코 마시로,Neneko Mashiro,UNIVERSE,안넝하세용,2026-08-10 17:10:53,753,talk,ETC,1720
14602241,4515b179f86b67b4981e16190817c580,네네코 마시로,Neneko Mashiro,UNIVERSE,정리해야만해,2026-08-09 01:59:44,23181,종합 게임,GAME,2496
14589503,4515b179f86b67b4981e16190817c580,네네코 마시로,Neneko Mashiro,UNIVERSE,쿨러가고장나서 이렇게 떠는거 밖에 할 수 없는 나라도 사랑해줄래ㅠ????????????????????????,2026-08-08 09:57:36,733,talk,ETC,2362
14562003,4515b179f86b67b4981e16190817c580,네네코 마시로,Neneko Mashiro,UNIVERSE,히게단 최고!,2026-08-06 21:25:16,12105,talk,ETC,3052
14559433,4515b179f86b67b4981e16190817c580,네네코 마시로,Neneko Mashiro,UNIVERSE,타코타코 타코야끼스킷스키,2026-08-06 17:59:25,4183,종합 게임,GAME,945
14548429,4515b179f86b67b4981e16190817c580,네네코 마시로,Neneko Mashiro,UNIVERSE,머해,2026-08-05 23:34:28,26867,음악/노래,ETC,2270
14531697,4515b179f86b67b4981e16190817c580,네네코 마시로,Neneko Mashiro,UNIVERSE,[광고] 러교수님 양조교님께 명조 배우기!!!!,2026-08-04 23:11:38,25359,명조:워더링 웨이브,GAME,3057
14517312,4515b179f86b67b4981e16190817c580,네네코 마시로,Neneko Mashiro,UNIVERSE,맹,2026-08-04 00:01:06,28482,talk,ETC,2309
14467455,4515b179f86b67b4981e16190817c580,네네코 마시로,Neneko Mashiro,UNIVERSE,안냐하세용,2026-07-31 22:53:28,24594,talk,ETC,2610
14449811,4515b179f86b67b4981e16190817c580,네네코 마시로,Neneko Mashiro,UNIVERSE,맹,2026-07-30 21:55:33,18300,talk,ETC,2487
14433914,4515b179f86b67b4981e16190817c580,네네코 마시로,Neneko Mashiro,UNIVERSE,오효엉,2026-07-29 22:22:02,20276,talk,ETC,2181
14417278,4515b179f86b67b4981e16190817c580,네네코 마시로,Neneko Mashiro,UNIVERSE,와 오늘 다이아 간다,2026-07-28 22:08:51,18381,리그 오브 레전드,GAME,1736
14400463,4515b179f86b67b4981e16190817c580,네네코 마시로,Neneko Mashiro,UNIVERSE,짱룡 세키로 정식출시,2026-07-27 20:24:10,11963,다이노블레이드,GAME,1742
14389025,4515b179f86b67b4981e16190817c580,네네코 마시로,Neneko Mashiro,UNIVERSE,아직이어따,2026-07-26 23:43:33,21788,talk,ETC,1682
14352542,4515b179f86b67b4981e16190817c580,네네코 마시로,Neneko Mashiro,UNIVERSE,이야앗!,2026-07-24 22:09:13,18704,talk,ETC,1928
14336587,4515b179f86b67b4981e16190817c580,네네코 마시로,Neneko Mashiro,UNIVERSE,🎸,2026-07-23 22:25:11,11719,음악/노래,ETC,2112
14319225,4515b179f86b67b4981e16190817c580,네네코 마시로,Neneko Mashiro,UNIVERSE,마시로 키우기 2일차,2026-07-22 21:44:28,17185,talk,ETC,1476
14307580,4515b179f86b67b4981e16190817c580,네네코 마시로,Neneko Mashiro,UNIVERSE,리코야 그거알지 내가 먼저 방 나간거?>,2026-07-22 00:27:11,8688,talk,ETC,3407
14303565,4515b179f86b67b4981e16190817c580,네네코 마시로,Neneko Mashiro,UNIVERSE,밍아가 키우기,2026-07-21 22:00:51,21281,발로란트,GAME,2200
14290212,4515b179f86b67b4981e16190817c580,네네코 마시로,Neneko Mashiro,UNIVERSE,아가,2026-07-20 23:26:01,23006,talk,ETC,1909
14255005,4515b179f86b67b4981e16190817c580,네네코 마시로,Neneko Mashiro,UNIVERSE,하이하이~~,2026-07-18 20:33:37,13569,talk,ETC,1700
14224000,4515b179f86b67b4981e16190817c580,네네코 마시로,Neneko Mashiro,UNIVERSE,하이하잇!,2026-07-16 23:11:41,28877,팰월드,GAME,2694
14206987,4515b179f86b67b4981e16190817c580,네네코 마시로,Neneko Mashiro,UNIVERSE,밍,2026-07-15 22:28:31,9297,talk,ETC,1438
14191822,4515b179f86b67b4981e16190817c580,네네코 마시로,Neneko Mashiro,UNIVERSE,팰을 잡쟈 팰을 잡쟈,2026-07-14 22:51:35,24031,팰월드,GAME,1711
14176864,4515b179f86b67b4981e16190817c580,네네코 마시로,Neneko Mashiro,UNIVERSE,팰월드 ㅇㅅㅇ,2026-07-13 23:04:49,31315,팰월드,GAME,2393
14170969,4515b179f86b67b4981e16190817c580,네네코 마시로,Neneko Mashiro,UNIVERSE,닭강정 3일 동안 소분해 먹끼,2026-07-13 14:03:26,179,talk,ETC,1228
14145852,4515b179f86b67b4981e16190817c580,네네코 마시로,Neneko Mashiro,UNIVERSE,아넝하세요,2026-07-11 23:30:04,8918,talk,ETC,1805
14126065,4515b179f86b67b4981e16190817c580,네네코 마시로,Neneko Mashiro,UNIVERSE,밍,2026-07-10 21:37:57,17423,음악/노래,ETC,2036
14109978,4515b179f86b67b4981e16190817c580,네네코 마시로,Neneko Mashiro,UNIVERSE,먀먀야앙,2026-07-09 21:34:41,24075,talk,ETC,2318
14099056,4515b179f86b67b4981e16190817c580,네네코 마시로,Neneko Mashiro,UNIVERSE,백룸 컴퍼니 합방,2026-07-09 00:55:03,20972,백룸컴퍼니,GAME,3600
14079418,4515b179f86b67b4981e16190817c580,네네코 마시로,Neneko Mashiro,UNIVERSE,끼잉..,2026-07-07 22:46:27,2074,talk,ETC,1645
14075960,4515b179f86b67b4981e16190817c580,네네코 마시로,Neneko Mashiro,UNIVERSE,60초 배 버전?,2026-07-07 18:59:05,18067,종합 게임,GAME,1742
14063404,4515b179f86b67b4981e16190817c580,네네코 마시로,Neneko Mashiro,UNIVERSE,초초초초초희귀 코감기 걸려버린 마시로,2026-07-06 22:11:35,2401,talk,ETC,1896
13965527,4515b179f86b67b4981e16190817c580,네네코 마시로,Neneko Mashiro,UNIVERSE,오늘 시로 예쁜날 ,2026-06-30 22:16:40,20912,talk,ETC,3260
13952178,4515b179f86b67b4981e16190817c580,네네코 마시로,Neneko Mashiro,UNIVERSE,오늘 시로 귀여운 날,2026-06-29 23:46:44,13952,테일즈런너,GAME,2825
13935735,4515b179f86b67b4981e16190817c580,네네코 마시로,Neneko Mashiro,UNIVERSE,음무...~~~~,2026-06-28 22:26:15,25751,로블록스,GAME,3179
13918665,4515b179f86b67b4981e16190817c580,네네코 마시로,Neneko Mashiro,UNIVERSE,나는 파인애플이당,2026-06-27 22:39:43,7742,talk,ETC,1569
13901104,4515b179f86b67b4981e16190817c580,네네코 마시로,Neneko Mashiro,UNIVERSE,배고파용,2026-06-26 22:52:46,30746,음악/노래,ETC,2879
13881423,4515b179f86b67b4981e16190817c580,네네코 마시로,Neneko Mashiro,UNIVERSE,데이브더 다이버 인 더 정글 DLC,2026-06-25 18:06:19,5206,데이브 더 다이버,GAME,1291
13854982,4515b179f86b67b4981e16190817c580,네네코 마시로,Neneko Mashiro,UNIVERSE,밍,2026-06-24 00:55:57,11941,talk,ETC,4569
13849885,4515b179f86b67b4981e16190817c580,네네코 마시로,Neneko Mashiro,UNIVERSE,버블파이터 장례식이 있겠습니댜. 묵념,2026-06-23 21:32:55,3680,버블파이터,GAME,1383
13848969,4515b179f86b67b4981e16190817c580,네네코 마시로,Neneko Mashiro,UNIVERSE,버블파이터 장례식이 있겠습니댜. 묵념,2026-06-23 20:28:10,4784,버블파이터,GAME,1349
13848061,4515b179f86b67b4981e16190817c580,네네코 마시로,Neneko Mashiro,UNIVERSE,버블파이터야 장례식,2026-06-23 19:03:15,1765,버블파이터,GAME,787
13847680,4515b179f86b67b4981e16190817c580,네네코 마시로,Neneko Mashiro,UNIVERSE,버블파이터야 가지마 ㅠㅠㅠㅠㅠㅠㅠㅠㅠㅠㅠ,2026-06-23 18:27:16,3229,버블파이터,GAME,1005
13836930,4515b179f86b67b4981e16190817c580,네네코 마시로,Neneko Mashiro,UNIVERSE,맹,2026-06-22 23:26:55,23752,talk,ETC,2557
13823091,4515b179f86b67b4981e16190817c580,네네코 마시로,Neneko Mashiro,UNIVERSE,더럽기그지업숙나,2026-06-22 00:01:36,21706,talk,ETC,2483
13767736,4515b179f86b67b4981e16190817c580,네네코 마시로,Neneko Mashiro,UNIVERSE,얏호,2026-06-18 22:05:38,20010,talk,ETC,4401
13754119,4515b179f86b67b4981e16190817c580,네네코 마시로,Neneko Mashiro,UNIVERSE,멧챠 카멜레온데스 ~~ 야호 ~~,2026-06-17 23:56:30,22131,멧챠 카멜레온,GAME,3468
13735360,4515b179f86b67b4981e16190817c580,네네코 마시로,Neneko Mashiro,UNIVERSE,냥냥,2026-06-16 22:01:46,21667,talk,ETC,2409
13721701,4515b179f86b67b4981e16190817c580,네네코 마시로,Neneko Mashiro,UNIVERSE,미밍,2026-06-15 23:00:22,20949,talk,ETC,2249
13705872,4515b179f86b67b4981e16190817c580,네네코 마시로,Neneko Mashiro,UNIVERSE,밍,2026-06-14 22:01:05,24988,FC온라인,GAME,2285
13672130,4515b179f86b67b4981e16190817c580,네네코 마시로,Neneko Mashiro,UNIVERSE,야호~,2026-06-12 22:31:57,23990,음악/노래,ETC,3920
13642872,4515b179f86b67b4981e16190817c580,네네코 마시로,Neneko Mashiro,UNIVERSE,🥰 방송 3주년 추카 추카 야호 ~🥰,2026-06-11 00:14:09,9446,talk,ETC,4049
13624083,4515b179f86b67b4981e16190817c580,네네코 마시로,Neneko Mashiro,UNIVERSE,냐하하,2026-06-09 22:04:24,19047,리그 오브 레전드,GAME,2337
13610622,4515b179f86b67b4981e16190817c580,네네코 마시로,Neneko Mashiro,UNIVERSE,밍,2026-06-08 22:54:28,23788,talk,ETC,2295
13562206,4515b179f86b67b4981e16190817c580,네네코 마시로,Neneko Mashiro,UNIVERSE,ㅁ;ㅣㅇ,2026-06-05 23:06:08,18145,talk,ETC,2978
13546781,4515b179f86b67b4981e16190817c580,네네코 마시로,Neneko Mashiro,UNIVERSE,밍,2026-06-04 23:00:31,22029,talk,ETC,2196
13531966,4515b179f86b67b4981e16190817c580,네네코 마시로,Neneko Mashiro,UNIVERSE,냐앙,2026-06-03 23:25:01,23727,음악/노래,ETC,2243
13510048,4515b179f86b67b4981e16190817c580,네네코 마시로,Neneko Mashiro,UNIVERSE,미야아아아아아라가ㅑㄺ라갉,2026-06-02 18:41:17,8324,리그 오브 레전드,GAME,1878
13485883,4515b179f86b67b4981e16190817c580,네네코 마시로,Neneko Mashiro,UNIVERSE,밍,2026-06-01 00:01:35,19301,talk,ETC,2328
13448653,4515b179f86b67b4981e16190817c580,네네코 마시로,Neneko Mashiro,UNIVERSE,일동 외칩니다,2026-05-29 22:12:29,19174,talk,ETC,2898
13437920,4515b179f86b67b4981e16190817c580,네네코 마시로,Neneko Mashiro,UNIVERSE,살려줘..,2026-05-29 01:17:52,29867,이터널 리턴,GAME,6513
13411627,4515b179f86b67b4981e16190817c580,네네코 마시로,Neneko Mashiro,UNIVERSE,잠간왔소ㅠㅠ,2026-05-27 12:19:16,2399,talk,ETC,1914
13403440,4515b179f86b67b4981e16190817c580,네네코 마시로,Neneko Mashiro,UNIVERSE,-ㅅ-,2026-05-26 23:12:21,22823,talk,ETC,3281
13370238,4515b179f86b67b4981e16190817c580,네네코 마시로,Neneko Mashiro,UNIVERSE,냐아,2026-05-24 22:25:07,19690,음악/노래,ETC,4265
13356256,4515b179f86b67b4981e16190817c580,네네코 마시로,Neneko Mashiro,UNIVERSE,모라하지마 주식 방송,2026-05-24 00:17:47,25784,마인크래프트,GAME,3558
13339756,4515b179f86b67b4981e16190817c580,네네코 마시로,Neneko Mashiro,UNIVERSE,모라하지마 서버,2026-05-23 00:35:48,26722,마인크래프트,GAME,5519
13304425,4515b179f86b67b4981e16190817c580,네네코 마시로,Neneko Mashiro,UNIVERSE,미야앙,2026-05-20 22:01:03,21365,talk,ETC,1998
13286076,4515b179f86b67b4981e16190817c580,네네코 마시로,Neneko Mashiro,UNIVERSE,그냥 인어청년,2026-05-19 18:23:56,13488,서브노티카 2,GAME,1556
13270580,4515b179f86b67b4981e16190817c580,네네코 마시로,Neneko Mashiro,UNIVERSE,밍,2026-05-18 17:10:42,16888,talk,ETC,2194
13258627,4515b179f86b67b4981e16190817c580,네네코 마시로,Neneko Mashiro,UNIVERSE,냐아 휴방이었던것,2026-05-17 21:29:51,13026,리그 오브 레전드,GAME,1666
13244396,4515b179f86b67b4981e16190817c580,네네코 마시로,Neneko Mashiro,UNIVERSE,ㅇㅅㅇ,2026-05-17 00:05:04,23975,talk,ETC,2745
13209210,4515b179f86b67b4981e16190817c580,네네코 마시로,Neneko Mashiro,UNIVERSE,니야아앙~,2026-05-14 22:47:45,20589,talk,ETC,2264
13163138,4515b179f86b67b4981e16190817c580,네네코 마시로,Neneko Mashiro,UNIVERSE,밍,2026-05-11 22:49:21,22087,talk,ETC,3728
13146914,4515b179f86b67b4981e16190817c580,네네코 마시로,Neneko Mashiro,UNIVERSE,밍,2026-05-10 21:23:55,16522,talk,ETC,2419
13113704,4515b179f86b67b4981e16190817c580,네네코 마시로,Neneko Mashiro,UNIVERSE,먕,2026-05-08 22:25:52,20086,talk,ETC,4463
13101115,4515b179f86b67b4981e16190817c580,네네코 마시로,Neneko Mashiro,UNIVERSE,인사하로 와쪄,2026-05-08 00:09:44,4045,talk,ETC,1964
13083887,4515b179f86b67b4981e16190817c580,네네코 마시로,Neneko Mashiro,UNIVERSE,오옹 재부팅은 신이야,2026-05-06 23:21:37,8319,talk,ETC,1795
13080797,4515b179f86b67b4981e16190817c580,네네코 마시로,Neneko Mashiro,UNIVERSE,안니요옹~,2026-05-06 20:55:52,7360,리그 오브 레전드,GAME,1333
13069273,4515b179f86b67b4981e16190817c580,네네코 마시로,Neneko Mashiro,UNIVERSE,어린이 냘!뚜땨뜌땨~,2026-05-05 23:52:19,11304,오버워치,GAME,4537
13051392,4515b179f86b67b4981e16190817c580,네네코 마시로,Neneko Mashiro,UNIVERSE,니나노,2026-05-05 00:02:11,20187,talk,ETC,2107
13029803,4515b179f86b67b4981e16190817c580,네네코 마시로,Neneko Mashiro,UNIVERSE,졸린찌로등장,2026-05-03 17:23:41,6930,talk,ETC,1892
13019391,4515b179f86b67b4981e16190817c580,네네코 마시로,Neneko Mashiro,UNIVERSE,먀앙,2026-05-03 00:02:08,25552,talk,ETC,3587
13005480,4515b179f86b67b4981e16190817c580,네네코 마시로,Neneko Mashiro,UNIVERSE,노래나 쫌 하다 가야지 ,2026-05-02 01:48:59,10461,talk,ETC,2874
12999558,4515b179f86b67b4981e16190817c580,네네코 마시로,Neneko Mashiro,UNIVERSE,ㅇㅅㅇ,2026-05-01 21:39:18,16557,talk,ETC,1639
12968550,4515b179f86b67b4981e16190817c580,네네코 마시로,Neneko Mashiro,UNIVERSE,친 모 앙,2026-04-29 23:37:28,23507,talk,ETC,3296
12952019,4515b179f86b67b4981e16190817c580,네네코 마시로,Neneko Mashiro,UNIVERSE,티어 올리기,2026-04-28 23:16:59,22254,친구모아 아일랜드 두근두근 라이프,GAME,3041
12923319,4515b179f86b67b4981e16190817c580,네네코 마시로,Neneko Mashiro,UNIVERSE,아메니 낫떼뗴데댇~,2026-04-27 00:05:43,8740,talk,ETC,1888
12902997,4515b179f86b67b4981e16190817c580,네네코 마시로,Neneko Mashiro,UNIVERSE,먀아,2026-04-25 21:36:51,20390,talk,ETC,2191
12885763,4515b179f86b67b4981e16190817c580,네네코 마시로,Neneko Mashiro,UNIVERSE,뗴ㅒ뗴뗴~,2026-04-24 21:41:56,24845,몬스터 헌터 월드: 아이스본,GAME,2258
12870575,4515b179f86b67b4981e16190817c580,네네코 마시로,Neneko Mashiro,UNIVERSE,시로,2026-04-23 22:04:08,14947,talk,ETC,2060
12825037,4515b179f86b67b4981e16190817c580,네네코 마시로,Neneko Mashiro,UNIVERSE,다 꿈이었따니.......,2026-04-20 22:08:23,20957,talk,ETC,3264
12811846,4515b179f86b67b4981e16190817c580,네네코 마시로,Neneko Mashiro,UNIVERSE,탕탕후루훟루,2026-04-19 23:02:27,15555,발로란트,GAME,1883
12793597,4515b179f86b67b4981e16190817c580,네네코 마시로,Neneko Mashiro,UNIVERSE,펭궹,2026-04-18 22:22:44,19515,talk,ETC,4055
12760361,4515b179f86b67b4981e16190817c580,네네코 마시로,Neneko Mashiro,UNIVERSE,밍,2026-04-16 22:15:00,18740,talk,ETC,2271
12746064,4515b179f86b67b4981e16190817c580,네네코 마시로,Neneko Mashiro,UNIVERSE,끼얏호,2026-04-15 23:06:54,15199,talk,ETC,2058
12730024,4515b179f86b67b4981e16190817c580,네네코 마시로,Neneko Mashiro,UNIVERSE,멀미 고치는 법 좀,2026-04-14 23:03:59,21229,talk,ETC,2186
12699048,4515b179f86b67b4981e16190817c580,네네코 마시로,Neneko Mashiro,UNIVERSE,밍,2026-04-12 22:09:14,20604,talk,ETC,3170
12662726,4515b179f86b67b4981e16190817c580,네네코 마시로,Neneko Mashiro,UNIVERSE,밍,2026-04-10 19:32:28,21858,talk,ETC,3240
12649877,4515b179f86b67b4981e16190817c580,네네코 마시로,Neneko Mashiro,UNIVERSE,몬스터헌터원드,2026-04-09 22:41:32,25363,몬스터 헌터: 월드,GAME,2599
12617225,4515b179f86b67b4981e16190817c580,네네코 마시로,Neneko Mashiro,UNIVERSE,발로란트!,2026-04-07 21:57:39,21048,발로란트,GAME,3198
12603241,4515b179f86b67b4981e16190817c580,네네코 마시로,Neneko Mashiro,UNIVERSE,끼얏호,2026-04-06 22:45:01,22149,talk,ETC,2588
12586532,4515b179f86b67b4981e16190817c580,네네코 마시로,Neneko Mashiro,UNIVERSE,밍,2026-04-05 20:52:48,23372,음악/노래,ETC,2252
12539437,4515b179f86b67b4981e16190817c580,네네코 마시로,Neneko Mashiro,UNIVERSE,밍,2026-04-02 23:34:53,26641,talk,ETC,2717
12523325,4515b179f86b67b4981e16190817c580,네네코 마시로,Neneko Mashiro,UNIVERSE,먀앙,2026-04-01 23:34:30,11279,음악/노래,ETC,2770
12493552,4515b179f86b67b4981e16190817c580,네네코 마시로,Neneko Mashiro,UNIVERSE,밍메리카 전쟁승리 하겠다 선포,2026-03-31 01:24:48,30674,시드 마이어의 문명 VI,GAME,3338
12481835,4515b179f86b67b4981e16190817c580,네네코 마시로,Neneko Mashiro,UNIVERSE,밥 먹기 시러서켠 방송,2026-03-30 06:05:30,3010,talk,ETC,3321
12478421,4515b179f86b67b4981e16190817c580,네네코 마시로,Neneko Mashiro,UNIVERSE,밍,2026-03-30 01:11:44,20700,talk,ETC,2041
12469746,4515b179f86b67b4981e16190817c580,네네코 마시로,Neneko Mashiro,UNIVERSE,코끼리끼릭코끼리,2026-03-29 17:35:59,702,talk,ETC,7559
12438312,4515b179f86b67b4981e16190817c580,네네코 마시로,Neneko Mashiro,UNIVERSE,호액,2026-03-27 22:05:11,20667,talk,ETC,4032
12420701,4515b179f86b67b4981e16190817c580,네네코 마시로,Neneko Mashiro,UNIVERSE,밍끼얏호,2026-03-26 20:20:16,7373,종합 게임,GAME,1481
12409700,4515b179f86b67b4981e16190817c580,네네코 마시로,Neneko Mashiro,UNIVERSE,클리쎼 친구들과 오버워치!,2026-03-26 00:21:25,24967,오버워치,GAME,1511
12377420,4515b179f86b67b4981e16190817c580,네네코 마시로,Neneko Mashiro,UNIVERSE,밍끼야악,2026-03-23 23:56:01,24535,음악/노래,ETC,2543
12363194,4515b179f86b67b4981e16190817c580,네네코 마시로,Neneko Mashiro,UNIVERSE,밍,2026-03-23 00:16:51,20621,talk,ETC,1742
12309752,4515b179f86b67b4981e16190817c580,네네코 마시로,Neneko Mashiro,UNIVERSE,⸜(◍'꒳'◍)⸝,2026-03-19 23:29:14,21080,오버워치,GAME,2443
12291878,4515b179f86b67b4981e16190817c580,네네코 마시로,Neneko Mashiro,UNIVERSE,미야야앙,2026-03-18 22:20:31,19289,talk,ETC,1653
12260562,4515b179f86b67b4981e16190817c580,네네코 마시로,Neneko Mashiro,UNIVERSE,똥뮤쨔,2026-03-16 21:36:33,17909,음악/노래,ETC,2437
12226496,4515b179f86b67b4981e16190817c580,네네코 마시로,Neneko Mashiro,UNIVERSE,또래방,2026-03-14 20:56:10,10648,음악/노래,ETC,2687
12212208,4515b179f86b67b4981e16190817c580,네네코 마시로,Neneko Mashiro,UNIVERSE,시로,2026-03-14 00:03:13,28244,talk,ETC,4029
12176926,4515b179f86b67b4981e16190817c580,네네코 마시로,Neneko Mashiro,UNIVERSE,맹,2026-03-11 22:31:36,21801,talk,ETC,2222
12146332,4515b179f86b67b4981e16190817c580,네네코 마시로,Neneko Mashiro,UNIVERSE,ㅋㅋㅋㅋ...,2026-03-09 22:59:58,19850,음악/노래,ETC,2193
12133214,4515b179f86b67b4981e16190817c580,네네코 마시로,Neneko Mashiro,UNIVERSE,미야앙,2026-03-09 00:11:21,20458,talk,ETC,3052
12110063,4515b179f86b67b4981e16190817c580,네네코 마시로,Neneko Mashiro,UNIVERSE,밍,2026-03-07 19:50:18,10100,음악/노래,ETC,2275
12080025,4515b179f86b67b4981e16190817c580,네네코 마시로,Neneko Mashiro,UNIVERSE,또래방,2026-03-05 23:39:13,30256,음악/노래,ETC,4023
12057678,4515b179f86b67b4981e16190817c580,네네코 마시로,Neneko Mashiro,UNIVERSE,자연인,2026-03-04 16:57:44,15109,그린 헬,GAME,2654
12031284,4515b179f86b67b4981e16190817c580,네네코 마시로,Neneko Mashiro,UNIVERSE,오줌,2026-03-02 22:31:15,19892,talk,ETC,3646
12016221,4515b179f86b67b4981e16190817c580,네네코 마시로,Neneko Mashiro,UNIVERSE,밍,2026-03-02 00:12:24,22255,음악/노래,ETC,4127
12000216,4515b179f86b67b4981e16190817c580,네네코 마시로,Neneko Mashiro,UNIVERSE,밍,2026-03-01 01:00:43,28439,talk,ETC,5734
11982535,4515b179f86b67b4981e16190817c580,네네코 마시로,Neneko Mashiro,UNIVERSE,마로야~,2026-02-28 00:47:53,6295,talk,ETC,2726
11897317,4515b179f86b67b4981e16190817c580,네네코 마시로,Neneko Mashiro,UNIVERSE,아니 너무!!,2026-02-22 22:50:24,1876,talk,ETC,8761
11880934,4515b179f86b67b4981e16190817c580,네네코 마시로,Neneko Mashiro,UNIVERSE,끼야앙,2026-02-22 00:04:06,9624,talk,ETC,6162
11857857,4515b179f86b67b4981e16190817c580,네네코 마시로,Neneko Mashiro,UNIVERSE,밍,2026-02-20 19:33:59,19605,talk,ETC,4483
11847056,4515b179f86b67b4981e16190817c580,네네코 마시로,Neneko Mashiro,UNIVERSE,시로입니당,2026-02-20 00:31:05,22849,talk,ETC,17567
11796669,4515b179f86b67b4981e16190817c580,네네코 마시로,Neneko Mashiro,UNIVERSE,네네코 마시로 입니다,2026-02-16 21:16:01,781,WASD : 토리의 모험,GAME,113932
11782961,4515b179f86b67b4981e16190817c580,네네코 마시로,Neneko Mashiro,UNIVERSE,합방하겠소,2026-02-15 22:29:54,19951,WASD : 토리의 모험,GAME,9106
11768517,4515b179f86b67b4981e16190817c580,네네코 마시로,Neneko Mashiro,UNIVERSE,끼야아아아앙,2026-02-15 00:08:10,16593,리그 오브 레전드,GAME,3783
11748313,4515b179f86b67b4981e16190817c580,네네코 마시로,Neneko Mashiro,UNIVERSE,하프소드 짜쨔쨔,2026-02-13 22:48:30,22261,종합 게임,GAME,2116
11714272,4515b179f86b67b4981e16190817c580,네네코 마시로,Neneko Mashiro,UNIVERSE,",",2026-02-11 22:58:53,16348,음악/노래,ETC,3534
11709883,4515b179f86b67b4981e16190817c580,네네코 마시로,Neneko Mashiro,UNIVERSE,롤,2026-02-11 18:20:50,4740,리그 오브 레전드,GAME,1081
11684603,4515b179f86b67b4981e16190817c580,네네코 마시로,Neneko Mashiro,UNIVERSE,뿌요,2026-02-10 01:19:34,25846,뿌요뿌요 테트리스,GAME,2745
11664153,4515b179f86b67b4981e16190817c580,네네코 마시로,Neneko Mashiro,UNIVERSE,본도시락,2026-02-08 22:20:15,18274,종합 게임,GAME,3134
11652614,4515b179f86b67b4981e16190817c580,네네코 마시로,Neneko Mashiro,UNIVERSE,내전하겠소 w. 배도라지즙분들,2026-02-08 02:58:40,35686,리그 오브 레전드,GAME,4444
11623592,4515b179f86b67b4981e16190817c580,네네코 마시로,Neneko Mashiro,UNIVERSE,밍,2026-02-06 16:47:27,6984,talk,ETC,2237
11595678,4515b179f86b67b4981e16190817c580,네네코 마시로,Neneko Mashiro,UNIVERSE,롤 하겠소,2026-02-04 23:19:23,23905,리그 오브 레전드,GAME,1949
11563953,4515b179f86b67b4981e16190817c580,네네코 마시로,Neneko Mashiro,UNIVERSE,카페 보겠소,2026-02-02 23:51:27,18407,talk,ETC,3570
11546927,4515b179f86b67b4981e16190817c580,네네코 마시로,Neneko Mashiro,UNIVERSE,미얅!,2026-02-01 23:07:26,16861,음악/노래,ETC,2866
11478262,4515b179f86b67b4981e16190817c580,네네코 마시로,Neneko Mashiro,UNIVERSE,합방 하겠소 [ 유니버스 ],2026-01-28 23:13:10,23711,미메시스,GAME,5444
11460617,4515b179f86b67b4981e16190817c580,네네코 마시로,Neneko Mashiro,UNIVERSE,낚시 하겠소.,2026-01-27 22:13:41,18897,종합 게임,GAME,3331
11445619,4515b179f86b67b4981e16190817c580,네네코 마시로,Neneko Mashiro,UNIVERSE,낙엽 청소 게임,2026-01-26 23:06:05,22798,종합 게임,GAME,2636
11395130,4515b179f86b67b4981e16190817c580,네네코 마시로,Neneko Mashiro,UNIVERSE,헤헤,2026-01-23 22:44:16,20670,음악/노래,ETC,3599
11378541,4515b179f86b67b4981e16190817c580,네네코 마시로,Neneko Mashiro,UNIVERSE,하드코어,2026-01-22 23:01:38,25424,마인크래프트,GAME,3453
11343265,4515b179f86b67b4981e16190817c580,네네코 마시로,Neneko Mashiro,UNIVERSE,뮤,2026-01-20 22:25:19,17570,리그 오브 레전드,GAME,2821
11327403,4515b179f86b67b4981e16190817c580,네네코 마시로,Neneko Mashiro,UNIVERSE,좀비 검문소 2일차,2026-01-19 22:41:30,22322,talk,ETC,3271
11314204,4515b179f86b67b4981e16190817c580,네네코 마시로,Neneko Mashiro,UNIVERSE,좀비 걸러내기 게임,2026-01-19 00:14:57,11368,종합 게임,GAME,3474
11281609,4515b179f86b67b4981e16190817c580,네네코 마시로,Neneko Mashiro,UNIVERSE,밍,2026-01-17 01:49:11,24177,talk,ETC,4235
11261498,4515b179f86b67b4981e16190817c580,네네코 마시로,Neneko Mashiro,UNIVERSE,미양,2026-01-15 23:41:36,23677,종합 게임,GAME,2212
11231295,4515b179f86b67b4981e16190817c580,네네코 마시로,Neneko Mashiro,UNIVERSE,끼욧,2026-01-14 02:05:40,17760,음악/노래,ETC,3929
11223670,4515b179f86b67b4981e16190817c580,네네코 마시로,Neneko Mashiro,UNIVERSE,롤 새시즌 배치보기,2026-01-13 21:03:21,12965,리그 오브 레전드,GAME,2252
11209482,4515b179f86b67b4981e16190817c580,네네코 마시로,Neneko Mashiro,UNIVERSE,구스구스 덕,2026-01-12 22:57:26,21978,구스 구스 덕,GAME,4078
11179685,4515b179f86b67b4981e16190817c580,네네코 마시로,Neneko Mashiro,UNIVERSE,바람이 차댜,2026-01-11 01:29:33,29958,talk,ETC,9440
11139505,4515b179f86b67b4981e16190817c580,네네코 마시로,Neneko Mashiro,UNIVERSE,나한테 미안하댜,2026-01-08 21:21:26,18016,talk,ETC,3993
11123014,4515b179f86b67b4981e16190817c580,네네코 마시로,Neneko Mashiro,UNIVERSE,잠깐이라도ㅜ,2026-01-07 21:49:21,3624,talk,ETC,1490
11102028,4515b179f86b67b4981e16190817c580,네네코 마시로,Neneko Mashiro,UNIVERSE,멍청한 고양이입니댜,2026-01-06 15:11:15,15880,종합 게임,GAME,4109
11076735,4515b179f86b67b4981e16190817c580,네네코 마시로,Neneko Mashiro,UNIVERSE,시상식,2026-01-04 23:09:30,10747,talk,ETC,5678
11058348,4515b179f86b67b4981e16190817c580,네네코 마시로,Neneko Mashiro,UNIVERSE,올빼미 잡기,2026-01-03 22:23:00,14625,세키로: 섀도우 다이 트와이스,GAME,2360
11028017,4515b179f86b67b4981e16190817c580,네네코 마시로,Neneko Mashiro,UNIVERSE,나한테 미안하다,2026-01-02 00:43:40,26041,talk,ETC,3545
11008944,4515b179f86b67b4981e16190817c580,네네코 마시로,Neneko Mashiro,UNIVERSE,2025년 마지막 날 스텔라들과 같이 보내기!!,2026-01-01 01:55:52,24335,마인크래프트,GAME,6211
10987179,4515b179f86b67b4981e16190817c580,네네코 마시로,Neneko Mashiro,UNIVERSE,흉,2025-12-30 22:15:51,18798,talk,ETC,3957
10971879,4515b179f86b67b4981e16190817c580,네네코 마시로,Neneko Mashiro,UNIVERSE,나한테 미안하다,2025-12-29 22:24:31,24977,talk,ETC,2545
10943226,4515b179f86b67b4981e16190817c580,네네코 마시로,Neneko Mashiro,UNIVERSE,미야앙,2025-12-28 00:48:29,11868,talk,ETC,3775
10937174,4515b179f86b67b4981e16190817c580,네네코 마시로,Neneko Mashiro,UNIVERSE,세키로 나비 할매,2025-12-27 19:12:52,6510,세키로: 섀도우 다이 트와이스,GAME,1843
10909813,4515b179f86b67b4981e16190817c580,네네코 마시로,Neneko Mashiro,UNIVERSE,뮤뮤뮤뮤,2025-12-26 00:19:22,8429,음악/노래,ETC,2090
10905760,4515b179f86b67b4981e16190817c580,네네코 마시로,Neneko Mashiro,UNIVERSE,🌲메리클쯔🌲 。˚ ˛ · ˚ ˚ ˛,2025-12-25 21:57:19,12110,세키로: 섀도우 다이 트와이스,GAME,1560
10902408,4515b179f86b67b4981e16190817c580,네네코 마시로,Neneko Mashiro,UNIVERSE,🌲메리클쯔🌲 。˚ ˛ · ˚ ˚ ˛,2025-12-25 18:29:10,5012,세키로: 섀도우 다이 트와이스,GAME,1943
10891591,4515b179f86b67b4981e16190817c580,네네코 마시로,Neneko Mashiro,UNIVERSE,세키로 해봄미다,2025-12-25 01:33:05,22687,세키로: 섀도우 다이 트와이스,GAME,2538
10883538,4515b179f86b67b4981e16190817c580,네네코 마시로,Neneko Mashiro,UNIVERSE,안냥하세용,2025-12-24 19:09:30,9007,리그 오브 레전드,GAME,1245
10852152,4515b179f86b67b4981e16190817c580,네네코 마시로,Neneko Mashiro,UNIVERSE,해애애앵,2025-12-22 20:12:52,13242,talk,ETC,2921
10838504,4515b179f86b67b4981e16190817c580,네네코 마시로,Neneko Mashiro,UNIVERSE,벅샷룰렛 후속작?같은 게임,2025-12-21 21:54:07,20603,종합 게임,GAME,3674
10773622,4515b179f86b67b4981e16190817c580,네네코 마시로,Neneko Mashiro,UNIVERSE,스텔라이부 단체 롤 ㅇㅅㅇ,2025-12-17 23:00:15,15790,리그 오브 레전드,GAME,2606
10769524,4515b179f86b67b4981e16190817c580,네네코 마시로,Neneko Mashiro,UNIVERSE,스텔라이부 단체 롤 ㅇㅅㅇ,2025-12-17 18:29:30,2403,리그 오브 레전드,GAME,672
10769086,4515b179f86b67b4981e16190817c580,네네코 마시로,Neneko Mashiro,UNIVERSE,스텔라이부 단체 롤 ㅇㅅㅇ,2025-12-17 17:46:18,4482,리그 오브 레전드,GAME,744
10740574,4515b179f86b67b4981e16190817c580,네네코 마시로,Neneko Mashiro,UNIVERSE,니양,2025-12-15 21:51:54,18515,talk,ETC,2353
10730720,4515b179f86b67b4981e16190817c580,네네코 마시로,Neneko Mashiro,UNIVERSE,리코와 롤 연습,2025-12-15 01:18:36,11867,리그 오브 레전드,GAME,2124
10691354,4515b179f86b67b4981e16190817c580,네네코 마시로,Neneko Mashiro,UNIVERSE,( •̀ ω •́ )✧,2025-12-12 22:06:21,12096,talk,ETC,2453
10648274,4515b179f86b67b4981e16190817c580,네네코 마시로,Neneko Mashiro,UNIVERSE,( •̀ ω •́ )✧,2025-12-10 01:06:52,23255,리그 오브 레전드,GAME,2616
10628309,4515b179f86b67b4981e16190817c580,네네코 마시로,Neneko Mashiro,UNIVERSE,청소해드리꼐여,2025-12-08 22:04:18,23278,파워워시 시뮬레이터,GAME,2257
10519019,4515b179f86b67b4981e16190817c580,네네코 마시로,Neneko Mashiro,UNIVERSE,계란 온리업ㅋㅋ..,2025-12-01 23:28:54,20198,종합 게임,GAME,2755
10465291,4515b179f86b67b4981e16190817c580,네네코 마시로,Neneko Mashiro,UNIVERSE,매이ㅏㅇ,2025-11-28 19:22:01,9677,talk,ETC,1743
10452467,4515b179f86b67b4981e16190817c580,네네코 마시로,Neneko Mashiro,UNIVERSE,ㅎㅅㅎ,2025-11-27 22:50:17,14372,talk,ETC,2727
10420484,4515b179f86b67b4981e16190817c580,네네코 마시로,Neneko Mashiro,UNIVERSE,ㅇㅅㅇ,2025-11-25 22:45:31,21082,음악/노래,ETC,2898
10408897,4515b179f86b67b4981e16190817c580,네네코 마시로,Neneko Mashiro,UNIVERSE,아스트로 봇,2025-11-25 01:08:53,27058,아스트로봇,GAME,2320
10353740,4515b179f86b67b4981e16190817c580,네네코 마시로,Neneko Mashiro,UNIVERSE,롤 3승 하기 ,2025-11-21 21:25:53,22542,리그 오브 레전드,GAME,3415
10324235,4515b179f86b67b4981e16190817c580,네네코 마시로,Neneko Mashiro,UNIVERSE,"미메시스 w. 사장님 , 히나 , 리제",2025-11-19 23:46:01,23256,미메시스,GAME,3617
10304302,4515b179f86b67b4981e16190817c580,네네코 마시로,Neneko Mashiro,UNIVERSE,나 브론즈 3 실버간다,2025-11-18 21:54:43,19137,리그 오브 레전드,GAME,2051
10277842,4515b179f86b67b4981e16190817c580,네네코 마시로,Neneko Mashiro,UNIVERSE,난 브론즈다 아이언은 머리를 조아려라,2025-11-17 00:26:59,28263,음악/노래,ETC,2238
10254425,4515b179f86b67b4981e16190817c580,네네코 마시로,Neneko Mashiro,UNIVERSE,언틸 던,2025-11-15 18:53:31,26050,언틸 던,GAME,2371
10224020,4515b179f86b67b4981e16190817c580,네네코 마시로,Neneko Mashiro,UNIVERSE,냐아,2025-11-13 22:39:02,19203,음악/노래,ETC,2436
10195743,4515b179f86b67b4981e16190817c580,네네코 마시로,Neneko Mashiro,UNIVERSE,라스트 오브 어스 2,2025-11-12 01:12:10,29315,더 라스트 오브 어스 파트 2,GAME,2413
10178678,4515b179f86b67b4981e16190817c580,네네코 마시로,Neneko Mashiro,UNIVERSE,라스트 오브 어스 2,2025-11-11 00:21:52,25240,더 라스트 오브 어스 파트 2,GAME,3281
10158164,4515b179f86b67b4981e16190817c580,네네코 마시로,Neneko Mashiro,UNIVERSE,라스트 오브 어스 DLC 엘리 과거편,2025-11-09 18:40:41,6005,더 라스트 오브 어스,GAME,1475
10147582,4515b179f86b67b4981e16190817c580,네네코 마시로,Neneko Mashiro,UNIVERSE,라스트 오브 어스 1,2025-11-09 00:59:08,34013,더 라스트 오브 어스 파트 1,GAME,4197
10129402,4515b179f86b67b4981e16190817c580,네네코 마시로,Neneko Mashiro,UNIVERSE,-ㅅ-,2025-11-08 00:29:40,9852,talk,ETC,1454
10114925,4515b179f86b67b4981e16190817c580,네네코 마시로,Neneko Mashiro,UNIVERSE,아이언 1 가자,2025-11-07 01:24:16,30786,리그 오브 레전드,GAME,2548
10078856,4515b179f86b67b4981e16190817c580,네네코 마시로,Neneko Mashiro,UNIVERSE,마리오는 컷,2025-11-04 23:22:54,22012,리그 오브 레전드,GAME,1600
10066747,4515b179f86b67b4981e16190817c580,네네코 마시로,Neneko Mashiro,UNIVERSE,타비와 함께하는 스카이 블럭,2025-11-04 01:29:38,29072,마인크래프트,GAME,3909
10046932,4515b179f86b67b4981e16190817c580,네네코 마시로,Neneko Mashiro,UNIVERSE,마리오 쉽누 ㅋ,2025-11-02 22:19:08,19420,talk,ETC,2288
10010453,4515b179f86b67b4981e16190817c580,네네코 마시로,Neneko Mashiro,UNIVERSE,🎃 할로윈 🎃,2025-10-31 21:33:51,15941,마인크래프트,GAME,6110
9994840,4515b179f86b67b4981e16190817c580,네네코 마시로,Neneko Mashiro,UNIVERSE,냐옹이,2025-10-30 22:15:04,22794,talk,ETC,2383
9980196,4515b179f86b67b4981e16190817c580,네네코 마시로,Neneko Mashiro,UNIVERSE,볼핏,2025-10-29 23:14:51,21854,종합 게임,GAME,1309
9964764,4515b179f86b67b4981e16190817c580,네네코 마시로,Neneko Mashiro,UNIVERSE,미야앙,2025-10-28 23:25:27,23076,talk,ETC,1560
9916625,4515b179f86b67b4981e16190817c580,네네코 마시로,Neneko Mashiro,UNIVERSE,묭,2025-10-25 23:26:16,25856,talk,ETC,3563
9897588,4515b179f86b67b4981e16190817c580,네네코 마시로,Neneko Mashiro,UNIVERSE,데바데,2025-10-24 22:33:40,19779,데드 바이 데이라이트,GAME,1462
9883188,4515b179f86b67b4981e16190817c580,네네코 마시로,Neneko Mashiro,UNIVERSE,등반하기,2025-10-23 23:47:40,24126,리그 오브 레전드,GAME,1869
9856423,4515b179f86b67b4981e16190817c580,네네코 마시로,Neneko Mashiro,UNIVERSE,등반하기,2025-10-22 03:37:32,16942,리그 오브 레전드,GAME,2312
9833791,4515b179f86b67b4981e16190817c580,네네코 마시로,Neneko Mashiro,UNIVERSE,수퍼마켓 공포게임?,2025-10-20 21:59:49,9217,종합 게임,GAME,2140
9819675,4515b179f86b67b4981e16190817c580,네네코 마시로,Neneko Mashiro,UNIVERSE,메가봉크 합쮜다!,2025-10-19 22:31:12,20774,메가봉크,GAME,1351
9803016,4515b179f86b67b4981e16190817c580,네네코 마시로,Neneko Mashiro,UNIVERSE,등반하기,2025-10-18 23:25:14,23438,리그 오브 레전드,GAME,2007
9781044,4515b179f86b67b4981e16190817c580,네네코 마시로,Neneko Mashiro,UNIVERSE,먀,2025-10-17 18:53:50,10095,talk,ETC,1797
9768278,4515b179f86b67b4981e16190817c580,네네코 마시로,Neneko Mashiro,UNIVERSE,등반하기,2025-10-16 22:42:00,22133,리그 오브 레전드,GAME,2471
9738561,4515b179f86b67b4981e16190817c580,네네코 마시로,Neneko Mashiro,UNIVERSE,데바데 w. 타비 후야 유니 린,2025-10-14 23:59:51,11608,데드 바이 데이라이트,GAME,2672
9732914,4515b179f86b67b4981e16190817c580,네네코 마시로,Neneko Mashiro,UNIVERSE,030,2025-10-14 18:20:37,3313,마인크래프트,GAME,2047
9720251,4515b179f86b67b4981e16190817c580,네네코 마시로,Neneko Mashiro,UNIVERSE,마아앙ㅇ,2025-10-13 21:46:05,8325,talk,ETC,2230
9705065,4515b179f86b67b4981e16190817c580,네네코 마시로,Neneko Mashiro,UNIVERSE,믐막,2025-10-12 21:11:53,16816,음악/노래,ETC,2173
9672328,4515b179f86b67b4981e16190817c580,네네코 마시로,Neneko Mashiro,UNIVERSE,미옹?,2025-10-10 23:24:40,22676,talk,ETC,3381
9654181,4515b179f86b67b4981e16190817c580,네네코 마시로,Neneko Mashiro,UNIVERSE,노인코래방 만들기,2025-10-09 22:04:30,17820,talk,ETC,5547
9639081,4515b179f86b67b4981e16190817c580,네네코 마시로,Neneko Mashiro,UNIVERSE,슬롯머신 만들기,2025-10-08 23:36:17,24119,마인크래프트,GAME,6190
9621783,4515b179f86b67b4981e16190817c580,네네코 마시로,Neneko Mashiro,UNIVERSE,모자 뽑아보까나,2025-10-07 22:16:07,20148,마인크래프트,GAME,3501
9608271,4515b179f86b67b4981e16190817c580,네네코 마시로,Neneko Mashiro,UNIVERSE,BOOM !,2025-10-06 22:44:30,3212,talk,ETC,2312
9594046,4515b179f86b67b4981e16190817c580,네네코 마시로,Neneko Mashiro,UNIVERSE,"버블파이터 w 명훈님 , 아야님",2025-10-05 20:59:52,15629,버블파이터,GAME,3483
9579150,4515b179f86b67b4981e16190817c580,네네코 마시로,Neneko Mashiro,UNIVERSE,스텔라이브 마크 실러캔스?!,2025-10-04 21:24:20,20212,마인크래프트,GAME,5073
9561983,4515b179f86b67b4981e16190817c580,네네코 마시로,Neneko Mashiro,UNIVERSE,귀여운 아스뜨로 봇!,2025-10-03 21:01:57,14655,아스트로봇,GAME,1605
9514130,4515b179f86b67b4981e16190817c580,네네코 마시로,Neneko Mashiro,UNIVERSE,밍,2025-09-30 21:51:46,18441,talk,ETC,2557
9502883,4515b179f86b67b4981e16190817c580,네네코 마시로,Neneko Mashiro,UNIVERSE,밍,2025-09-30 00:11:10,25762,talk,ETC,2639
9485790,4515b179f86b67b4981e16190817c580,네네코 마시로,Neneko Mashiro,UNIVERSE,💕,2025-09-28 22:23:33,4594,talk,ETC,4936
9483457,4515b179f86b67b4981e16190817c580,네네코 마시로,Neneko Mashiro,UNIVERSE,[💕찌로 신의상 공개 💕],2025-09-28 20:00:04,3896,talk,ETC,10204
9464313,4515b179f86b67b4981e16190817c580,네네코 마시로,Neneko Mashiro,UNIVERSE,마찌로,2025-09-27 17:17:20,14357,talk,ETC,3546
9453893,4515b179f86b67b4981e16190817c580,네네코 마시로,Neneko Mashiro,UNIVERSE,마찌로,2025-09-27 00:11:21,14937,talk,ETC,2801
9352524,4515b179f86b67b4981e16190817c580,네네코 마시로,Neneko Mashiro,UNIVERSE,[ 사람아니야...ㅠ ],2025-09-20 16:10:41,11279,종합 게임,GAME,2931
9312721,4515b179f86b67b4981e16190817c580,네네코 마시로,Neneko Mashiro,UNIVERSE,[ 일 끝나고 잠갼 ],2025-09-18 00:49:59,4031,talk,ETC,3864
9304483,4515b179f86b67b4981e16190817c580,네네코 마시로,Neneko Mashiro,UNIVERSE,[ 에견녀 찌로 일어났따 ],2025-09-17 17:34:57,9961,talk,ETC,2632
9298112,4515b179f86b67b4981e16190817c580,네네코 마시로,Neneko Mashiro,UNIVERSE,[ 아스트로 봇 ],2025-09-17 01:47:47,27337,아스트로봇,GAME,2705
9288945,4515b179f86b67b4981e16190817c580,네네코 마시로,Neneko Mashiro,UNIVERSE,[ 공기청정기를 샀어요... ],2025-09-16 17:54:32,1100,talk,ETC,1004
9283398,4515b179f86b67b4981e16190817c580,네네코 마시로,Neneko Mashiro,UNIVERSE,[ 사장님 나이스샷 ],2025-09-16 02:29:07,4630,talk,ETC,2303
9280191,4515b179f86b67b4981e16190817c580,네네코 마시로,Neneko Mashiro,UNIVERSE,[ 안냐냐  ],2025-09-16 00:09:18,6656,talk,ETC,1901
9240151,4515b179f86b67b4981e16190817c580,네네코 마시로,Neneko Mashiro,UNIVERSE,[ 안농 일 가기전에 잠깐왔서용  ],2025-09-13 16:14:55,2583,talk,ETC,1461
9231749,4515b179f86b67b4981e16190817c580,네네코 마시로,Neneko Mashiro,UNIVERSE,[ 안농 자기저네 잠깐왔써요 ],2025-09-13 01:04:44,2708,talk,ETC,1488
9222927,4515b179f86b67b4981e16190817c580,네네코 마시로,Neneko Mashiro,UNIVERSE,[ 돈킹콘 바난쟈아~~~ ],2025-09-12 16:45:09,9018,동키콩 리턴즈 HD,GAME,1518
9221612,4515b179f86b67b4981e16190817c580,네네코 마시로,Neneko Mashiro,UNIVERSE,[ 돈킹콘 바난쟈아~~~ ],2025-09-12 13:33:52,1388,동키콩 리턴즈 HD,GAME,3255
9211801,4515b179f86b67b4981e16190817c580,네네코 마시로,Neneko Mashiro,UNIVERSE,[ 우아앙 ],2025-09-11 22:51:16,21429,talk,ETC,2127
9180120,4515b179f86b67b4981e16190817c580,네네코 마시로,Neneko Mashiro,UNIVERSE,[ 드디어 방제를 바구는구나 ],2025-09-09 22:45:32,20452,음악/노래,ETC,1733
9166360,4515b179f86b67b4981e16190817c580,네네코 마시로,Neneko Mashiro,UNIVERSE,[ 극한의 겨울 생존기 더 롱 다크 ],2025-09-08 23:47:11,32263,더 롱 다크,GAME,1330
9133735,4515b179f86b67b4981e16190817c580,네네코 마시로,Neneko Mashiro,UNIVERSE,[ 극한의 겨울 생존기 더 롱 다크 ],2025-09-06 23:57:57,26067,더 롱 다크,GAME,2966
9117269,4515b179f86b67b4981e16190817c580,네네코 마시로,Neneko Mashiro,UNIVERSE,[ 도렝미파솔라시 로! ],2025-09-06 00:50:13,3528,talk,ETC,1547
9108533,4515b179f86b67b4981e16190817c580,네네코 마시로,Neneko Mashiro,UNIVERSE,[ 컵헤드 DLC ],2025-09-05 16:12:49,13660,컵헤드,GAME,1535
9097454,4515b179f86b67b4981e16190817c580,네네코 마시로,Neneko Mashiro,UNIVERSE,[ 냐 ],2025-09-04 22:52:27,20026,talk,ETC,1359
9050893,4515b179f86b67b4981e16190817c580,네네코 마시로,Neneko Mashiro,UNIVERSE,[ 잘방잘방 ],2025-09-01 22:35:50,6965,talk,ETC,1771
9034002,4515b179f86b67b4981e16190817c580,네네코 마시로,Neneko Mashiro,UNIVERSE,[ 우앙..오늘도 끝나써요 ],2025-08-31 20:38:16,2526,talk,ETC,1600
8986280,4515b179f86b67b4981e16190817c580,네네코 마시로,Neneko Mashiro,UNIVERSE,[ 찌로 ],2025-08-28 23:33:13,25097,음악/노래,ETC,3045
8970958,4515b179f86b67b4981e16190817c580,네네코 마시로,Neneko Mashiro,UNIVERSE,[ 으앙..끝났더요 ],2025-08-27 23:57:47,9572,talk,ETC,2753
8936852,4515b179f86b67b4981e16190817c580,네네코 마시로,Neneko Mashiro,UNIVERSE,[ 마ㅁ시로 ],2025-08-25 22:08:33,19348,종합 게임,GAME,3211
8924372,4515b179f86b67b4981e16190817c580,네네코 마시로,Neneko Mashiro,UNIVERSE,[ 시로시루 ],2025-08-24 23:54:22,18318,음악/노래,ETC,2444
8905106,4515b179f86b67b4981e16190817c580,네네코 마시로,Neneko Mashiro,UNIVERSE,[ 귀멸의 칼날 합동강화 훈련편 ],2025-08-23 22:53:42,24808,귀멸의 칼날 히노카미 혈풍담2,GAME,4442
8808662,4515b179f86b67b4981e16190817c580,네네코 마시로,Neneko Mashiro,UNIVERSE,[ 애들이랑 발로란트 ],2025-08-17 23:42:24,24390,발로란트,GAME,4697
8793616,4515b179f86b67b4981e16190817c580,네네코 마시로,Neneko Mashiro,UNIVERSE,[ 피크 신맵 탐방 ],2025-08-17 01:16:15,14447,피크,GAME,1884
8756840,4515b179f86b67b4981e16190817c580,네네코 마시로,Neneko Mashiro,UNIVERSE,ヾ(•ω•`)o 잠시,2025-08-15 00:01:54,7445,talk,ETC,2411
8741320,4515b179f86b67b4981e16190817c580,네네코 마시로,Neneko Mashiro,UNIVERSE,ヾ(•ω•`)o 찌로 마리오 카트 ,2025-08-14 00:45:34,27525,마리오 카트 월드,GAME,2057
8723456,4515b179f86b67b4981e16190817c580,네네코 마시로,Neneko Mashiro,UNIVERSE,ヾ(•ω•`)o  찌로 마리오 카트 하는냘,2025-08-13 00:15:38,25573,talk,ETC,2142
8712002,4515b179f86b67b4981e16190817c580,네네코 마시로,Neneko Mashiro,UNIVERSE,ヾ(•ω•`)o 찌로 안잔댜,2025-08-12 04:29:19,5412,talk,ETC,4786
8683519,4515b179f86b67b4981e16190817c580,네네코 마시로,Neneko Mashiro,UNIVERSE,ヾ(•ω•`)o,2025-08-10 16:25:36,6604,talk,ETC,2965
8671447,4515b179f86b67b4981e16190817c580,네네코 마시로,Neneko Mashiro,UNIVERSE,[ 잼미썻다ヾ(•ω•`)o ],2025-08-09 22:32:27,20290,talk,ETC,1858
8633770,4515b179f86b67b4981e16190817c580,네네코 마시로,Neneko Mashiro,UNIVERSE,[ 찌로 ],2025-08-07 18:41:42,13725,리그 오브 레전드,GAME,2504
8603076,4515b179f86b67b4981e16190817c580,네네코 마시로,Neneko Mashiro,UNIVERSE,[ 찌로 ],2025-08-05 22:12:06,18351,음악/노래,ETC,2171
8587455,4515b179f86b67b4981e16190817c580,네네코 마시로,Neneko Mashiro,UNIVERSE,[ 찌로 ],2025-08-04 22:40:11,21055,talk,ETC,1929
8565828,4515b179f86b67b4981e16190817c580,네네코 마시로,Neneko Mashiro,UNIVERSE,[ 바뿌기전에 잠시 와따 ],2025-08-03 15:17:22,4059,talk,ETC,1340
8557048,4515b179f86b67b4981e16190817c580,네네코 마시로,Neneko Mashiro,UNIVERSE,[ 낚시 하며 재물을 받치는 생존게임 ],2025-08-03 00:09:05,15001,종합 게임,GAME,1686
8533410,4515b179f86b67b4981e16190817c580,네네코 마시로,Neneko Mashiro,UNIVERSE,[ 묘먀ㅐ먐 ],2025-08-01 18:02:27,16875,talk,ETC,2117
8525593,4515b179f86b67b4981e16190817c580,네네코 마시로,Neneko Mashiro,UNIVERSE,[ 가스트 회전목마 만들기 1일차 ],2025-08-01 01:31:27,5578,마인크래프트,GAME,1903
8503266,4515b179f86b67b4981e16190817c580,네네코 마시로,Neneko Mashiro,UNIVERSE,[ 조현병 게임 정식 출시 ],2025-07-30 22:07:42,18685,종합 게임,GAME,2922
15039228,4325b1d5bbc321fad3042306646e2e50,아카네 리제,Akane Lize,UNIVERSE,사랑니 빼구왔지.. 겁나아프지8ㅁ8 미친마취도안풀렸지ㅠㅁㅠ,2026-09-05 02:45:50,22019,마인크래프트,GAME,532
15024398,4325b1d5bbc321fad3042306646e2e50,아카네 리제,Akane Lize,UNIVERSE,사쟝님한테 맛싸지 받구왔지!❤️ 건축 하겠습니다,2026-09-04 04:33:05,26242,마인크래프트,GAME,4524
15014979,4325b1d5bbc321fad3042306646e2e50,아카네 리제,Akane Lize,UNIVERSE,🌊스텔 여름 신의상 공개🌊 헉 리제가 왜 마지막일까!! 파격?!적 이라서??,2026-09-03 21:08:14,4121,talk,ETC,13702
14976382,4325b1d5bbc321fad3042306646e2e50,아카네 리제,Akane Lize,UNIVERSE,건축 하겠씁니다.  너무 놀라지말도록.,2026-09-01 03:11:09,20653,마인크래프트,GAME,4660
14961474,4325b1d5bbc321fad3042306646e2e50,아카네 리제,Akane Lize,UNIVERSE,스텔마크섭 본녀는 건축에 자부심을 갖고있다. ,2026-08-31 03:17:21,21646,마인크래프트,GAME,3718
14953593,4325b1d5bbc321fad3042306646e2e50,아카네 리제,Akane Lize,UNIVERSE,[3dio] 한동안 없을 특식! 🍧여름축제 ASMR🌟🍧,2026-08-30 21:05:16,3671,ASMR,ETC,4261
14925306,4325b1d5bbc321fad3042306646e2e50,아카네 리제,Akane Lize,UNIVERSE,스텔마꾸꾸 서버 열렸다~!!! 물탈을 꼮 잡고말거야,2026-08-29 01:37:58,30492,마인크래프트,GAME,4519
14910472,4325b1d5bbc321fad3042306646e2e50,아카네 리제,Akane Lize,UNIVERSE,100년만의 붕스 하겟느뇨 3.6진행중,2026-08-28 02:02:17,22555,붕괴: 스타레일,GAME,2465
14892876,4325b1d5bbc321fad3042306646e2e50,아카네 리제,Akane Lize,UNIVERSE,올만에 카페탐방하는데 너네 이상한거 올려놨더라?,2026-08-27 00:42:34,3653,talk,ETC,1849
14890924,4325b1d5bbc321fad3042306646e2e50,아카네 리제,Akane Lize,UNIVERSE,올만에 카페탐방하는데 너네 이상한거 올려놨더라?,2026-08-26 23:41:10,3357,talk,ETC,1853
14889385,4325b1d5bbc321fad3042306646e2e50,아카네 리제,Akane Lize,UNIVERSE,스텔라가 ~~라면? 망상컨텐츠,2026-08-26 22:45:08,7488,talk,ETC,1460
14886974,4325b1d5bbc321fad3042306646e2e50,아카네 리제,Akane Lize,UNIVERSE,스텔라가 ~~라면? 망상컨텐츠,2026-08-26 20:38:10,1452,talk,ETC,573
14848216,4325b1d5bbc321fad3042306646e2e50,아카네 리제,Akane Lize,UNIVERSE,짧자장가,2026-08-24 02:11:19,23988,음악/노래,ETC,3222
14814636,4325b1d5bbc321fad3042306646e2e50,아카네 리제,Akane Lize,UNIVERSE,춘스터콜 후열 구쑤구쑤덕,2026-08-22 03:27:42,30078,구스 구스 덕,GAME,6174
14781626,4325b1d5bbc321fad3042306646e2e50,아카네 리제,Akane Lize,UNIVERSE,로또에당첨된다면,2026-08-20 02:32:13,26601,음악/노래,ETC,4445
14747489,4325b1d5bbc321fad3042306646e2e50,아카네 리제,Akane Lize,UNIVERSE,"유니버스 하빵날 저희 싸우는거 맞습니다 (w. 타비, 시로, 히나)",2026-08-18 00:13:34,20047,talk,ETC,3652
14731626,4325b1d5bbc321fad3042306646e2e50,아카네 리제,Akane Lize,UNIVERSE,스텔데바데내전 으마무시한 살인마 등장,2026-08-17 00:58:06,22886,데드 바이 데이라이트,GAME,1948
14700401,4325b1d5bbc321fad3042306646e2e50,아카네 리제,Akane Lize,UNIVERSE,오느릉 한ㄱ식으로 말아다오,2026-08-15 02:20:10,19565,음악/노래,ETC,3976
14683523,4325b1d5bbc321fad3042306646e2e50,아카네 리제,Akane Lize,UNIVERSE,헤헿 새셋팅쟈랑할게,2026-08-14 01:47:34,16318,talk,ETC,2008
14676011,4325b1d5bbc321fad3042306646e2e50,아카네 리제,Akane Lize,UNIVERSE,"헤헿 하합빵해요합방 헤헿 (w.사쬬, 린, 리코)",2026-08-13 20:29:44,1802,talk,ETC,1454
14675583,4325b1d5bbc321fad3042306646e2e50,아카네 리제,Akane Lize,UNIVERSE,"헤헿 하합빵해요합방 헤헿 (w.사쬬, 린, 리코)",2026-08-13 19:55:28,271,talk,ETC,467
14675431,4325b1d5bbc321fad3042306646e2e50,아카네 리제,Akane Lize,UNIVERSE,"헤헿 하합빵해요합방 헤헿 (w.사쬬, 린, 리코)",2026-08-13 19:42:22,423,talk,ETC,568
14633996,4325b1d5bbc321fad3042306646e2e50,아카네 리제,Akane Lize,UNIVERSE,리제가 두려운가?,2026-08-11 01:23:04,24037,talk,ETC,2432
14620341,4325b1d5bbc321fad3042306646e2e50,아카네 리제,Akane Lize,UNIVERSE,스텔내전대비 개쩌는 살인마되기&손전등 사용연습,2026-08-10 02:51:40,21005,talk,ETC,2035
14558523,4325b1d5bbc321fad3042306646e2e50,아카네 리제,Akane Lize,UNIVERSE,낮방은나빵 하하힠,2026-08-06 16:35:30,9088,오버워치,GAME,2474
14552700,4325b1d5bbc321fad3042306646e2e50,아카네 리제,Akane Lize,UNIVERSE,합방에서 도태되기싫어욧 8ㅁ8도와줫,2026-08-06 02:11:48,18747,데드 바이 데이라이트,GAME,1927
14545074,4325b1d5bbc321fad3042306646e2e50,아카네 리제,Akane Lize,UNIVERSE,데바데를 할까말까핳까말까 ,2026-08-05 20:49:58,4560,talk,ETC,804
14514355,4325b1d5bbc321fad3042306646e2e50,아카네 리제,Akane Lize,UNIVERSE,꿈꿨는데 꿈에서 히나랑 마시로가 코스프레하고 서코간 썰,2026-08-03 21:40:41,5819,talk,ETC,1657
14486853,4325b1d5bbc321fad3042306646e2e50,아카네 리제,Akane Lize,UNIVERSE,일하는 멋진 누나입니다ㅎㅎ반박안받음,2026-08-02 00:34:26,7100,talk,ETC,1601
14471584,4325b1d5bbc321fad3042306646e2e50,아카네 리제,Akane Lize,UNIVERSE,고전 쯔꾸르 공포게임 아닙니다,2026-08-01 01:28:14,21015,오버워치,GAME,2686
14440009,4325b1d5bbc321fad3042306646e2e50,아카네 리제,Akane Lize,UNIVERSE,혼자해도...재미있뉸..오바왔찌.....!!!!!,2026-07-30 02:20:29,20497,오버워치,GAME,1946
14422532,4325b1d5bbc321fad3042306646e2e50,아카네 리제,Akane Lize,UNIVERSE,오바와찌재밋엇따,2026-07-29 01:25:59,20984,talk,ETC,2133
14386593,4325b1d5bbc321fad3042306646e2e50,아카네 리제,Akane Lize,UNIVERSE,나에게 리듬게임은 살인이다,2026-07-26 21:52:49,8413,리듬 천국 미라클 스타즈,GAME,1931
14308089,4325b1d5bbc321fad3042306646e2e50,아카네 리제,Akane Lize,UNIVERSE,30렙으로 하늘섬가기 챌린지,2026-07-22 00:49:08,18889,팰월드,GAME,1951
14295975,4325b1d5bbc321fad3042306646e2e50,아카네 리제,Akane Lize,UNIVERSE,정신병원 운영중입니다. 미찐멘헤라펠과 함께하는 팰월드,2026-07-21 04:46:19,32849,팰월드,GAME,1780
14258128,4325b1d5bbc321fad3042306646e2e50,아카네 리제,Akane Lize,UNIVERSE,리제 솔로콘 온라인스트리밍 같이보는날,2026-07-18 23:30:02,15815,talk,ETC,6986
14247872,4325b1d5bbc321fad3042306646e2e50,아카네 리제,Akane Lize,UNIVERSE,천마콘 온라인스트리밍 열렸대요! 우왕왕 내일같이봐야디,2026-07-18 04:53:13,34991,팰월드,GAME,2167
14213285,4325b1d5bbc321fad3042306646e2e50,아카네 리제,Akane Lize,UNIVERSE,팰월드 스텔서버 탑보스 잡아서 지하주차장 보내기,2026-07-16 02:38:36,21108,팰월드,GAME,6056
14194693,4325b1d5bbc321fad3042306646e2e50,아카네 리제,Akane Lize,UNIVERSE,리제 왔습니닷!! 👉👈콘서트 재밌게 봐주셨나요..?!! ,2026-07-15 00:29:01,18002,talk,ETC,13560
14188543,4325b1d5bbc321fad3042306646e2e50,아카네 리제,Akane Lize,UNIVERSE,리제 왔습니닷!! 👉👈콘서트 재밌게 봐주셨나요..?!! ,2026-07-14 19:16:51,281,talk,ETC,4533
14115164,4325b1d5bbc321fad3042306646e2e50,아카네 리제,Akane Lize,UNIVERSE,D-2 콘서트 응원구호 만들기( •̀ .̫ •́ )✧ 외워와!!!!!!!,2026-07-10 00:56:13,13681,talk,ETC,2851
14099175,4325b1d5bbc321fad3042306646e2e50,아카네 리제,Akane Lize,UNIVERSE,"D-3 단독 콘서트 3일남은 죽음을 각오한 정리제의 공겜합방 (w.타비, 시로, 리코)",2026-07-09 01:00:26,22600,백룸컴퍼니,GAME,3251
14030800,4325b1d5bbc321fad3042306646e2e50,아카네 리제,Akane Lize,UNIVERSE,8시45분 커버곡 최초공개🌊블루롹이 온다~~,2026-07-04 21:42:30,5136,talk,ETC,2295
13998577,4325b1d5bbc321fad3042306646e2e50,아카네 리제,Akane Lize,UNIVERSE,[3dio] 100년만에 돌아온 ASMR💕내일부터는 달달함 금지 오늘만 즐기기,2026-07-02 22:53:53,7660,ASMR,ETC,12557
13968969,4325b1d5bbc321fad3042306646e2e50,아카네 리제,Akane Lize,UNIVERSE,열심히 살고 왔써요,2026-07-01 00:24:28,9108,talk,ETC,2318
13952147,4325b1d5bbc321fad3042306646e2e50,아카네 리제,Akane Lize,UNIVERSE,카밀서폿 정리제가 증명했습니다,2026-06-29 23:46:10,16597,talk,ETC,1912
13939493,4325b1d5bbc321fad3042306646e2e50,아카네 리제,Akane Lize,UNIVERSE,멧챠 카멜레옹 엥나찾기,2026-06-29 00:56:51,21151,멧챠 카멜레온,GAME,3198
13907453,4325b1d5bbc321fad3042306646e2e50,아카네 리제,Akane Lize,UNIVERSE,자장가조금,2026-06-27 03:01:40,22320,음악/노래,ETC,3759
13871532,4325b1d5bbc321fad3042306646e2e50,아카네 리제,Akane Lize,UNIVERSE,🌟커버곡 지정권 어필의날🌟 천마콘 온라인스트리밍 확정!!(발묘1000만 감사함니다!!),2026-06-25 01:14:13,20374,talk,ETC,2631
13839489,4325b1d5bbc321fad3042306646e2e50,아카네 리제,Akane Lize,UNIVERSE,본녀의 당구 계산실력 보여드리겠씁니다. 근데 당구안해봤어요,2026-06-23 00:59:57,19438,종합 게임,GAME,1813
13772565,4325b1d5bbc321fad3042306646e2e50,아카네 리제,Akane Lize,UNIVERSE,콘서트 매진 내기로 공포게임 해야하는 청년의 공겜정하기,2026-06-19 01:02:03,17804,talk,ETC,3340
13756554,4325b1d5bbc321fad3042306646e2e50,아카네 리제,Akane Lize,UNIVERSE,헤헿재밋뗘재미뗘,2026-06-18 01:18:09,19852,talk,ETC,3857
13749251,4325b1d5bbc321fad3042306646e2e50,아카네 리제,Akane Lize,UNIVERSE,쇼츠에서 본 그 게임!!! 메챠메챠 카멜레온 합방 (w. 스텔라이브),2026-06-17 19:35:23,260,talk,ETC,1226
13710202,4325b1d5bbc321fad3042306646e2e50,아카네 리제,Akane Lize,UNIVERSE,월드컵+FIFA노래 월드컵월드컵 월월드드컵,2026-06-15 00:53:24,22845,talk,ETC,13216
13692768,4325b1d5bbc321fad3042306646e2e50,아카네 리제,Akane Lize,UNIVERSE,사쟝님이랑 토킹어바웃 하면서 오바왔찌 데이뚜❤️ >>>티켓팅 비틱 영구밴<<<,2026-06-14 00:58:47,21672,talk,ETC,2548
13661399,4325b1d5bbc321fad3042306646e2e50,아카네 리제,Akane Lize,UNIVERSE,!!!❤️리제 3주년❤️!!! 솔로콘서트 콘서트 매진 감사합니다!!!!!!!!!!!! 티켓팅 비틱금지<<<,2026-06-12 02:24:07,18415,talk,ETC,4101
13654030,4325b1d5bbc321fad3042306646e2e50,아카네 리제,Akane Lize,UNIVERSE,!!!❤️리제 3주년❤️!!! 솔로콘서트 콘서트 매진 감사합니다!!!!!!!!!!!!,2026-06-11 21:10:18,115,talk,ETC,1287
13626521,4325b1d5bbc321fad3042306646e2e50,아카네 리제,Akane Lize,UNIVERSE,사장님 신의상 보다가 방송까먹을뻔한 청년,2026-06-09 23:43:24,16069,talk,ETC,1954
13598436,4325b1d5bbc321fad3042306646e2e50,아카네 리제,Akane Lize,UNIVERSE,킹누 라이브 월드컵 하는날 ( •̀ .̫ •́ )✧,2026-06-08 00:15:24,21763,talk,ETC,8026
13584220,4325b1d5bbc321fad3042306646e2e50,아카네 리제,Akane Lize,UNIVERSE,2인이라서 참 다행인 오버왔찌 3명이 아니라 참 다행인 오버왓찌 (w. 린),2026-06-07 02:24:30,25128,오버워치,GAME,2348
13575995,4325b1d5bbc321fad3042306646e2e50,아카네 리제,Akane Lize,UNIVERSE,천마콘 선예매 매진 감사합니댜!! (비틱비 단가: 혈액팩) 근데 일반예매 남았어 다~~갈수있을거야,2026-06-06 19:15:23,188,talk,ETC,975
13559098,4325b1d5bbc321fad3042306646e2e50,아카네 리제,Akane Lize,UNIVERSE,사랑니 빼고왔느데 8시에 콘서트 멤버십 선예매라서 벨튀할게요,2026-06-05 19:47:29,1808,talk,ETC,2040
13551408,4325b1d5bbc321fad3042306646e2e50,아카네 리제,Akane Lize,UNIVERSE,내일은 콘서트 멤버십 선예매날!!!!!!!!! 이지만 오늘은 카페탐방,2026-06-05 01:50:36,20492,오버워치,GAME,2558
13535448,4325b1d5bbc321fad3042306646e2e50,아카네 리제,Akane Lize,UNIVERSE,"오바왔찌에서는 에이스 천마 등장 (w. 부키, 린)",2026-06-04 01:29:40,24024,오버워치,GAME,2004
13487817,4325b1d5bbc321fad3042306646e2e50,아카네 리제,Akane Lize,UNIVERSE,에이스못햇눈데 오바왔찌에서는 함,2026-06-01 01:11:38,21247,talk,ETC,2621
13469049,4325b1d5bbc321fad3042306646e2e50,아카네 리제,Akane Lize,UNIVERSE,열심히 살고왔느뇨!  영화 백룸 그렇게 재밌다던데 본사람?!,2026-05-31 00:25:33,11491,talk,ETC,1912
13400274,4325b1d5bbc321fad3042306646e2e50,아카네 리제,Akane Lize,UNIVERSE,지지진짜짧방,2026-05-26 20:26:32,3607,talk,ETC,1666
13385142,4325b1d5bbc321fad3042306646e2e50,아카네 리제,Akane Lize,UNIVERSE,자꾸 레시피를 알려달라길래 진짜 오늘은 말해드림,2026-05-25 20:29:39,7122,talk,ETC,2359
13373034,4325b1d5bbc321fad3042306646e2e50,아카네 리제,Akane Lize,UNIVERSE,스텔라이브 공식에서 5월24일에 뭐 온다했는데 아직 안온 이유 아시는분??? .....큰거오나? 큰거안오나? 아 작은건가???,2026-05-25 00:23:50,20787,talk,ETC,5420
13357406,4325b1d5bbc321fad3042306646e2e50,아카네 리제,Akane Lize,UNIVERSE,오랜만에 온 리제는 커버곡? 을 공개한다는 얘기가 있다. 난 이 이야기를 참 좋아한다. 🌟7시 최초공개🌟 후 모라하지마서버 들어가깃,2026-05-24 00:59:24,18702,마인크래프트,GAME,3800
13351351,4325b1d5bbc321fad3042306646e2e50,아카네 리제,Akane Lize,UNIVERSE,오랜만에 온 리제는 커버곡? 을 공개한다는 얘기가 있다. 난 이 이야기를 참 좋아한다. 🌟7시 최초공개🌟 후 모라하지마서버 들어가깃,2026-05-23 19:41:48,3651,마인크래프트,GAME,2039
13293100,4325b1d5bbc321fad3042306646e2e50,아카네 리제,Akane Lize,UNIVERSE,나는 옳았따 혼자해도재밌눈 오버와찌,2026-05-20 00:31:41,2564,오버워치,GAME,1704
13291689,4325b1d5bbc321fad3042306646e2e50,아카네 리제,Akane Lize,UNIVERSE,나는 옳았따 혼자해도재밌눈 오버와찌,2026-05-19 23:49:20,6799,오버워치,GAME,1435
13270940,4325b1d5bbc321fad3042306646e2e50,아카네 리제,Akane Lize,UNIVERSE,티안내기 1일차,2026-05-18 17:47:32,4453,talk,ETC,2346
13246197,4325b1d5bbc321fad3042306646e2e50,아카네 리제,Akane Lize,UNIVERSE,대 갈드컵의날 도파민 채우겠습니다,2026-05-17 01:09:33,16530,talk,ETC,2923
13226159,4325b1d5bbc321fad3042306646e2e50,아카네 리제,Akane Lize,UNIVERSE,커마장인 정리제의 CHINmoAAAAAAAA 어떤멤버를만들까,2026-05-15 23:25:28,12115,친구모아 아일랜드 두근두근 라이프,GAME,2119
13206700,4325b1d5bbc321fad3042306646e2e50,아카네 리제,Akane Lize,UNIVERSE,짜ㅏ짜짜짜짜짜르방,2026-05-14 20:21:28,8294,talk,ETC,1806
13154596,4325b1d5bbc321fad3042306646e2e50,아카네 리제,Akane Lize,UNIVERSE,혼자여도 즐거웃 오버왓찌 다같이하면 더 즐겁지만 혼자해도 즐거운 오버왓찌!!!,2026-05-11 03:23:09,27823,오버워치,GAME,3939
13104243,4325b1d5bbc321fad3042306646e2e50,아카네 리제,Akane Lize,UNIVERSE,귀여운 딸과 함께하는 프래그마타 ,2026-05-08 02:20:38,17710,프래그마타,GAME,2754
13096801,4325b1d5bbc321fad3042306646e2e50,아카네 리제,Akane Lize,UNIVERSE,귀여운 딸과 함께하는 프래그마타 ,2026-05-07 21:12:55,316,talk,ETC,925
13086889,4325b1d5bbc321fad3042306646e2e50,아카네 리제,Akane Lize,UNIVERSE,오늘 뭔ㄴ날이가봐요 제가 좀 음흉하게생겻느데그런사람아닙니다,2026-05-07 01:03:50,4971,talk,ETC,2200
13084427,4325b1d5bbc321fad3042306646e2e50,아카네 리제,Akane Lize,UNIVERSE,오늘 뭔ㄴ날이가봐요 제가 좀 음흉하게생겻느데그런사람아닙니다,2026-05-06 23:39:36,458,talk,ETC,739
13084131,4325b1d5bbc321fad3042306646e2e50,아카네 리제,Akane Lize,UNIVERSE,어린이키우는 게임 하겠습니다 수상한사람아닙니다 저도어린이에요  프래그마타 하겠읍니땨2,2026-05-06 23:31:12,9730,프래그마타,GAME,1532
13070103,4325b1d5bbc321fad3042306646e2e50,아카네 리제,Akane Lize,UNIVERSE,어린이날 기념 어린이키우는 게임 하겠습니다 수상한사람아닙니다 저도어린이에요  프래그마타 하겠읍니땨,2026-05-06 00:15:24,13140,프래그마타,GAME,2739
13040538,4325b1d5bbc321fad3042306646e2e50,아카네 리제,Akane Lize,UNIVERSE,개그로 소비될 장면이 아닙니다. 리제 솜브라 못 막습니다.,2026-05-04 03:22:32,22661,오버워치,GAME,2803
13022747,4325b1d5bbc321fad3042306646e2e50,아카네 리제,Akane Lize,UNIVERSE,오랜만에 하는 방송이라 어색할 것 같으니까 스윗하지말아주세요.제발요방송아직키지도않았는ㄴ데 너무 어색해 어떢햌 ,2026-05-03 02:23:57,20801,talk,ETC,2835
12940260,4325b1d5bbc321fad3042306646e2e50,아카네 리제,Akane Lize,UNIVERSE,보고싶을거야ㅠㅠㅠㅠㅠ 4월의마지막방송........카페탐방,2026-04-28 01:18:10,2309,talk,ETC,2737
12939289,4325b1d5bbc321fad3042306646e2e50,아카네 리제,Akane Lize,UNIVERSE,보고싶을거야ㅠㅠㅠㅠㅠ 4월의마지막방송........카페탐방,2026-04-28 00:39:36,12037,talk,ETC,2686
12921938,4325b1d5bbc321fad3042306646e2e50,아카네 리제,Akane Lize,UNIVERSE,오늘은 누구 만들까? 스텔 친구모아섬만들기,2026-04-26 23:16:38,14870,친구모아 아일랜드 두근두근 라이프,GAME,3968
12908791,4325b1d5bbc321fad3042306646e2e50,아카네 리제,Akane Lize,UNIVERSE,"인생성공 1등했씀 오바와치 후열 드가쟈 (w.타비, 리코, 봄냥)",2026-04-26 01:55:11,23440,오버워치,GAME,2926
12892345,4325b1d5bbc321fad3042306646e2e50,아카네 리제,Akane Lize,UNIVERSE,[광고] 붕괴: 스타레일 4.2 뀨랑 만나러 가 보겠읍니다!,2026-04-25 02:12:34,27218,붕괴: 스타레일,GAME,2499
12875938,4325b1d5bbc321fad3042306646e2e50,아카네 리제,Akane Lize,UNIVERSE,친없찐천마의 인싸되기작전 친구모아아일랜드 두가쟈~~~,2026-04-24 01:26:03,20919,친구모아 아일랜드 두근두근 라이프,GAME,3258
12843893,4325b1d5bbc321fad3042306646e2e50,아카네 리제,Akane Lize,UNIVERSE,눈나믿어. 내가 섬가서 호강시켜줄게 (루미아섬아님),2026-04-22 00:44:28,18508,래프트,GAME,2968
12815829,4325b1d5bbc321fad3042306646e2e50,아카네 리제,Akane Lize,UNIVERSE,7시45분ㅋ ㅓ버곡 채초공개 캬ㅑㅑ어니언 그리고오늘합방있는데여 넘기대가되고 기브고 재밌을거같아서 헤헤 기부니ㅏㄱ좋아요,2026-04-20 01:37:31,22554,오버워치,GAME,2991
12780411,4325b1d5bbc321fad3042306646e2e50,아카네 리제,Akane Lize,UNIVERSE,개ㅐㅐㅐㅐㅐㅐㅐㅐㅐ열받는게임 하는날,2026-04-18 01:05:38,13214,talk,ETC,2454
12736001,4325b1d5bbc321fad3042306646e2e50,아카네 리제,Akane Lize,UNIVERSE,세기말 첫 랭겜 플레 가겠ㅅ습니다,2026-04-15 03:10:36,21974,오버워치,GAME,3122
12706220,4325b1d5bbc321fad3042306646e2e50,아카네 리제,Akane Lize,UNIVERSE,와버렸다 공간지각능력ㄱ천재 정리제의 옵치,2026-04-13 03:44:12,25571,오버워치,GAME,2427
12686886,4325b1d5bbc321fad3042306646e2e50,아카네 리제,Akane Lize,UNIVERSE,억빠거르고 플레가능한가요?,2026-04-12 01:35:01,17737,오버워치,GAME,2139
12671359,4325b1d5bbc321fad3042306646e2e50,아카네 리제,Akane Lize,UNIVERSE,그래서 스텔라이브 앨범이 나왔는데 팬싸도 있는데 어떻게해야하는지 아시는분?? 글이 너무많아서 이해를못해버린 본녀등장,2026-04-11 02:29:05,21052,오버워치,GAME,3709
12648565,4325b1d5bbc321fad3042306646e2e50,아카네 리제,Akane Lize,UNIVERSE,휴!!!!!!!!!!!!!!!ㅂ방!!!!!!!!!!!!!!!!!!!!!!!!!!!!!!!!인데잠깐왔는데 절대 잠오게해서는안돼,2026-04-09 21:39:46,5533,talk,ETC,1695
12623123,4325b1d5bbc321fad3042306646e2e50,아카네 리제,Akane Lize,UNIVERSE,왜 모두 나의 건축과 인테리어를 두려워하는겁니가????????????????? 본녀의 감각이 두렵느뇨???????,2026-04-08 01:42:52,19459,talk,ETC,2894
12594228,4325b1d5bbc321fad3042306646e2e50,아카네 리제,Akane Lize,UNIVERSE,잡았써용! 제가!!! 합빵을!!!!!!!!!! 잡았다구욧!!!!!!!!!!!!!!,2026-04-06 02:43:23,20973,오버워치,GAME,3236
12559858,4325b1d5bbc321fad3042306646e2e50,아카네 리제,Akane Lize,UNIVERSE,닉넴입니다 오해하지마세요 오해하신다면 억울하니까 억울하지않게 진짜 훔치게뜸니다 ,2026-04-04 02:38:41,21719,talk,ETC,2872
12521636,4325b1d5bbc321fad3042306646e2e50,아카네 리제,Akane Lize,UNIVERSE,할미눈 안좋아서 챠팅챵못읽어도 바죠이 보청ㅇ기는끼고이쓰께 근데 보청기가어디갔지?,2026-04-01 22:39:03,5125,talk,ETC,2890
12506611,4325b1d5bbc321fad3042306646e2e50,아카네 리제,Akane Lize,UNIVERSE,목이아파서 병약미소녀의 분내가 나는 리제는 팬카페를 본다.,2026-03-31 23:53:49,10166,talk,ETC,2490
12478466,4325b1d5bbc321fad3042306646e2e50,아카네 리제,Akane Lize,UNIVERSE,30만 기념 유입설명회+ 스텔라스텔라 공개 + 노래방,2026-03-30 01:13:41,21601,talk,ETC,13862
12461622,4325b1d5bbc321fad3042306646e2e50,아카네 리제,Akane Lize,UNIVERSE,✞🩸천(마)주교 고해성사🩸✞ 형제자매님 더러운 욕망과 죄를 오늘 사해드리겠습니다 참회핳세요,2026-03-29 01:51:26,4704,talk,ETC,2942
12459732,4325b1d5bbc321fad3042306646e2e50,아카네 리제,Akane Lize,UNIVERSE,✞🩸천(마)주교 고해성사🩸✞ 형제자매님 더러운 욕망과 죄를 오늘 사해드리겠습니다 참회핳세요,2026-03-29 00:32:03,3436,talk,ETC,2479
12458177,4325b1d5bbc321fad3042306646e2e50,아카네 리제,Akane Lize,UNIVERSE,✞🩸천(마)주교 고해성사🩸✞ 형제자매님 더러운 욕망과 죄를 오늘 사해드리겠습니다 참회핳세요,2026-03-28 23:33:19,8982,talk,ETC,3755
12428568,4325b1d5bbc321fad3042306646e2e50,아카네 리제,Akane Lize,UNIVERSE,노래추천하는날. 시청자 노래 보석함털기,2026-03-27 02:00:23,21297,talk,ETC,3674
12397454,4325b1d5bbc321fad3042306646e2e50,아카네 리제,Akane Lize,UNIVERSE,오버워치 처음합니다 진짜 아무것도모르는 노인정이빨분쇄기급뉴비에요 훈수환영,2026-03-25 03:05:53,25084,오버워치,GAME,2855
12364808,4325b1d5bbc321fad3042306646e2e50,아카네 리제,Akane Lize,UNIVERSE,너 T발C야?에서T를맡고있는 본녀의 3년만에하는 MBTI검사로 통나무도박,2026-03-23 01:19:26,20445,talk,ETC,2447
12347379,4325b1d5bbc321fad3042306646e2e50,아카네 리제,Akane Lize,UNIVERSE,다녀왔씁니댜! 소빙하기 끝ㅌㅌㅌㅌ,2026-03-22 01:39:58,8938,talk,ETC,2028
12343401,4325b1d5bbc321fad3042306646e2e50,아카네 리제,Akane Lize,UNIVERSE,다녀왔씁니댜! 소빙하기 끝ㅌㅌㅌㅌ,2026-03-21 23:05:49,226,talk,ETC,742
12282566,4325b1d5bbc321fad3042306646e2e50,아카네 리제,Akane Lize,UNIVERSE,스텔 최고 천재들의 포탈2 보여줄게ㅋㅋ 아 스피드런하면 어떡하지,2026-03-18 02:23:38,23332,포탈 2,GAME,3689
12253567,4325b1d5bbc321fad3042306646e2e50,아카네 리제,Akane Lize,UNIVERSE,엣ㅍ헵 나도 좀 멋찐 선배 되어볼까낭~? 이 선배가 지켜주는 쫌비생활 재밋겠찌?,2026-03-16 04:22:27,27370,낙원: LAST PARADISE,GAME,2755
12232117,4325b1d5bbc321fad3042306646e2e50,아카네 리제,Akane Lize,UNIVERSE,화이트데이에 달콤한 낙원 좀비사탕,2026-03-15 00:55:31,19001,낙원: LAST PARADISE,GAME,2058
12184073,4325b1d5bbc321fad3042306646e2e50,아카네 리제,Akane Lize,UNIVERSE,난....... 멍청잉야..............,2026-03-12 03:22:23,24583,talk,ETC,2755
12166355,4325b1d5bbc321fad3042306646e2e50,아카네 리제,Akane Lize,UNIVERSE,크아아ㅏㅏㅏ본녀강림 ㅠㅠㅠㅠㅠㅠ드라우닝1000만 고맙느뇨!!,2026-03-11 01:38:21,8819,talk,ETC,2480
12150753,4325b1d5bbc321fad3042306646e2e50,아카네 리제,Akane Lize,UNIVERSE,[광고] 환락의 길로 빠져보까용호호크아ㅏ붕괴: 스타레일,2026-03-10 01:45:42,22073,붕괴: 스타레일,GAME,3271
12113902,4325b1d5bbc321fad3042306646e2e50,아카네 리제,Akane Lize,UNIVERSE,리제데이! 왜냐면1001일이기때문인데 포코피아말고리듬게임하겠습니댜,2026-03-07 23:21:29,13031,비츠 앤 밥스,GAME,2058
12101496,4325b1d5bbc321fad3042306646e2e50,아카네 리제,Akane Lize,UNIVERSE,데뷔 1000일 감사합니다!!!!!!❤ 행복하고 즐거운 시간이었지만 앞으로 더 재미있게 해줄테니까 평생 함께했음좋겠으며 감사한마음을 가지고 퇴근길 마중,2026-03-07 03:03:46,20699,talk,ETC,3926
12069866,4325b1d5bbc321fad3042306646e2e50,아카네 리제,Akane Lize,UNIVERSE,조흥ㄴ아침입니다!!!!!!!,2026-03-05 04:30:38,29629,마인크래프트,GAME,1702
12059455,4325b1d5bbc321fad3042306646e2e50,아카네 리제,Akane Lize,UNIVERSE,조흥ㄴ아침입니다!!!!!!!,2026-03-04 19:40:44,5528,마인크래프트,GAME,1092
12039369,4325b1d5bbc321fad3042306646e2e50,아카네 리제,Akane Lize,UNIVERSE,스타일리쉬한 총입니다 ㅎ스타일리쉬한 방송이라고 볼수있죠,2026-03-03 08:19:09,56367,마인크래프트,GAME,2721
12021631,4325b1d5bbc321fad3042306646e2e50,아카네 리제,Akane Lize,UNIVERSE,도태될수없어!!! 레이드 달리겠써욨!!,2026-03-02 04:51:37,42038,마인크래프트,GAME,4190
11988010,4325b1d5bbc321fad3042306646e2e50,아카네 리제,Akane Lize,UNIVERSE,[픽크타2] ✨7시 커버곡 공개✨ ,2026-02-28 06:26:38,43308,마인크래프트,GAME,2640
11970012,4325b1d5bbc321fad3042306646e2e50,아카네 리제,Akane Lize,UNIVERSE,[픽크타2] 도태되고싶지않아!!!!!!!!!!!!!,2026-02-27 04:36:36,34528,마인크래프트,GAME,2722
11936381,4325b1d5bbc321fad3042306646e2e50,아카네 리제,Akane Lize,UNIVERSE,[픽크타2] 일하느라 뒷겜하고 온 청년. 내실 꽤 하는 청년,2026-02-25 04:26:07,33730,마인크래프트,GAME,2981
11920125,4325b1d5bbc321fad3042306646e2e50,아카네 리제,Akane Lize,UNIVERSE,[픽크타2] 나는 왜 맞는가,2026-02-24 04:45:35,39430,마인크래프트,GAME,2736
11904124,4325b1d5bbc321fad3042306646e2e50,아카네 리제,Akane Lize,UNIVERSE,픽크타2 돈모아서 희귀몹잡겠슴미댜아아아악,2026-02-23 04:20:01,5882,마인크래프트,GAME,1632
11902661,4325b1d5bbc321fad3042306646e2e50,아카네 리제,Akane Lize,UNIVERSE,픽크타2 돈모아서 희귀몹잡겠슴미댜아아아악,2026-02-23 02:36:40,23068,마인크래프트,GAME,2024
11892504,4325b1d5bbc321fad3042306646e2e50,아카네 리제,Akane Lize,UNIVERSE,픽크타2 돈모아서 희귀몹잡겠슴미댜아아아악,2026-02-22 18:12:29,7926,마인크래프트,GAME,1728
11886616,4325b1d5bbc321fad3042306646e2e50,아카네 리제,Akane Lize,UNIVERSE,픽크타2 오픈런 하기전에 피크위키 보면서 공부하기! 달라진 뉴네오울트라제네럴엠페스트 리제는 낯을가리지않아!!!!마도!!!,2026-02-22 04:38:43,38648,마인크래프트,GAME,5583
11846083,4325b1d5bbc321fad3042306646e2e50,아카네 리제,Akane Lize,UNIVERSE,짧방인데요. 보러오면 좋을것이느뇨(๑•᎑<๑)ｰ☆ ,2026-02-19 23:58:46,11063,음악/노래,ETC,7001
11831238,4325b1d5bbc321fad3042306646e2e50,아카네 리제,Akane Lize,UNIVERSE,타. 누나가 태워준다. 1등해보겠씀다,2026-02-19 01:08:10,21372,마리오 카트 월드,GAME,2721
11800153,4325b1d5bbc321fad3042306646e2e50,아카네 리제,Akane Lize,UNIVERSE,타비와 함께하는 얍파양파??주문외우는게임,2026-02-17 00:48:15,22235,얍얍,GAME,3716
11785174,4325b1d5bbc321fad3042306646e2e50,아카네 리제,Akane Lize,UNIVERSE,뭉티기를 먹는 야생적인 나라도 좋하할수있니?,2026-02-16 00:20:37,23741,talk,ETC,2608
11771818,4325b1d5bbc321fad3042306646e2e50,아카네 리제,Akane Lize,UNIVERSE,초콜렛을 줬는데도 까먹을정도로 아리따운 미모의 리제 등장,2026-02-15 02:31:03,21991,talk,ETC,3399
11730465,4325b1d5bbc321fad3042306646e2e50,아카네 리제,Akane Lize,UNIVERSE,뿌ㅜ부부ㅜ부뿌부뿌ㅃ뿌뿌ㅜㅜ부부부부부바빠ㅑㅂ바바빠빠뺘뺘뺘ㅏ빠,2026-02-12 22:07:51,7340,talk,ETC,2071
11715396,4325b1d5bbc321fad3042306646e2e50,아카네 리제,Akane Lize,UNIVERSE,휴방이지만 감히 나를 알현할 기회를 주겟다 (놀아주세요 라는 뜻) 이라고 적으면 너무 근쌤같나요,2026-02-11 23:35:31,5280,talk,ETC,2388
11701537,4325b1d5bbc321fad3042306646e2e50,아카네 리제,Akane Lize,UNIVERSE,주식에 관심이 생겼는데 헛소리말고 주식시뮬부터 해보라길래 합니다. 리제가 주식으로 돈벌어서 두쫀쿠사줄게,2026-02-11 01:31:00,22709,STONKS-9800: 주식 시장 시뮬레이터,GAME,1965
11683476,4325b1d5bbc321fad3042306646e2e50,아카네 리제,Akane Lize,UNIVERSE,그래서 다키마쿠라 어떘어,2026-02-10 00:34:08,22066,talk,ETC,1977
11653315,4325b1d5bbc321fad3042306646e2e50,아카네 리제,Akane Lize,UNIVERSE,연하남 님들과 내전하기 전 연습!!!!!! (6시 w.배도라지),2026-02-08 03:38:31,37668,리그 오브 레전드,GAME,4168
11633582,4325b1d5bbc321fad3042306646e2e50,아카네 리제,Akane Lize,UNIVERSE,모자가 벗겨질때마다 강해지는 예쁘고 고운 미소녀2회차(w.부키),2026-02-07 01:50:52,21655,리그 오브 레전드,GAME,2033
11602691,4325b1d5bbc321fad3042306646e2e50,아카네 리제,Akane Lize,UNIVERSE,오늘은 소리를 지르지않는 예쁘고 고운 미소녀가 되어보겠습니다,2026-02-05 05:06:10,24827,리그 오브 레전드,GAME,2474
11500857,4325b1d5bbc321fad3042306646e2e50,아카네 리제,Akane Lize,UNIVERSE,"요즘 사람들은 단걸 많이 먹어서 화가 많다는데 그래서 제가 화가 많은데요, 절대 제가 나쁜게 아닙니다. 혼자 도넛 2개먹어서 그래요. 동의게임할거임",2026-01-30 02:47:42,21960,이용약관에 동의하고 싶어,GAME,4440
11478464,4325b1d5bbc321fad3042306646e2e50,아카네 리제,Akane Lize,UNIVERSE,"인생게임 합방입니다. (w. 시라유키정히나,네네코정맛시로, 아라하시정타비)",2026-01-28 23:19:48,23822,미메시스,GAME,4384
11435978,4325b1d5bbc321fad3042306646e2e50,아카네 리제,Akane Lize,UNIVERSE,마크 하코런 아직 못깼는데 오늘은 진짜 킹기임<< 한번 죽을 때 마다 1치킨🍗 (9지구),2026-01-26 03:34:41,26290,마인크래프트,GAME,4546
11317081,4325b1d5bbc321fad3042306646e2e50,아카네 리제,Akane Lize,UNIVERSE,하코런 개고수처럼 깰거임. 죽을때마다 치킨뿌릴게요 (7지구),2026-01-19 02:26:22,25874,마인크래프트,GAME,5132
11301053,4325b1d5bbc321fad3042306646e2e50,아카네 리제,Akane Lize,UNIVERSE,하코런 운동 많이 된다. 스텔섭에 도움 많이 될거야. 예술이다예술 (회귀 5회차),2026-01-18 03:47:29,37207,마인크래프트,GAME,3662
11278880,4325b1d5bbc321fad3042306646e2e50,아카네 리제,Akane Lize,UNIVERSE,두쫀쿠 나도 먹어봣다 마크할지 지렁이게임할지 고민듕,2026-01-17 00:05:18,13761,talk,ETC,2619
11247203,4325b1d5bbc321fad3042306646e2e50,아카네 리제,Akane Lize,UNIVERSE,7시 동탄미시녀(w.스님)들 합방하러왔어욤,2026-01-15 01:14:52,24220,talk,ETC,4018
11212327,4325b1d5bbc321fad3042306646e2e50,아카네 리제,Akane Lize,UNIVERSE,기여운변태 유니의 3주년을위해 모였습니다,2026-01-13 00:36:04,24963,구스 구스 덕,GAME,3562
11196406,4325b1d5bbc321fad3042306646e2e50,아카네 리제,Akane Lize,UNIVERSE,오늘이 스텔페스 마지막 감상일이라 후기로 추억여행하러왓슴댜,2026-01-12 00:38:45,14212,talk,ETC,2359
11179826,4325b1d5bbc321fad3042306646e2e50,아카네 리제,Akane Lize,UNIVERSE,컨텐츠 후열은 혼자..다....,2026-01-11 01:32:24,14186,리그 오브 레전드,GAME,2479
11174353,4325b1d5bbc321fad3042306646e2e50,아카네 리제,Akane Lize,UNIVERSE,"스텔라이브 누가 제일 다른가?! 현인상vs첫인상 컨텐츠 (w.린, 히나, 리코)",2026-01-10 21:33:01,7032,talk,ETC,10498
11165929,4325b1d5bbc321fad3042306646e2e50,아카네 리제,Akane Lize,UNIVERSE,새시즌 첫 배치 황금 노린다,2026-01-10 04:52:34,25287,리그 오브 레전드,GAME,3473
11132726,4325b1d5bbc321fad3042306646e2e50,아카네 리제,Akane Lize,UNIVERSE,붕스 달리는 청년,2026-01-08 06:57:26,36031,붕괴: 스타레일,GAME,7853
11113135,4325b1d5bbc321fad3042306646e2e50,아카네 리제,Akane Lize,UNIVERSE,붕스가 하고싶은 밤입니다,2026-01-07 02:15:19,20066,붕괴: 스타레일,GAME,3842
11079840,4325b1d5bbc321fad3042306646e2e50,아카네 리제,Akane Lize,UNIVERSE,소리좋은게임인데 왜 이를빡빡가세요,2026-01-05 01:05:22,15765,종합 게임,GAME,3235
11064293,4325b1d5bbc321fad3042306646e2e50,아카네 리제,Akane Lize,UNIVERSE,스텔패스 같이보면서 썰풀이,2026-01-04 02:51:03,20184,talk,ETC,4216
11030468,4325b1d5bbc321fad3042306646e2e50,아카네 리제,Akane Lize,UNIVERSE,귀르가즘 지리는 게임,2026-01-02 02:31:59,19444,종합 게임,GAME,6759
11011970,4325b1d5bbc321fad3042306646e2e50,아카네 리제,Akane Lize,UNIVERSE,새해 복분자  신년 목표나 세워보자고,2026-01-01 02:53:49,17678,talk,ETC,6067
11003061,4325b1d5bbc321fad3042306646e2e50,아카네 리제,Akane Lize,UNIVERSE,올해 막방입니다. 내년에 봅시다,2025-12-31 21:36:57,6690,마인크래프트,GAME,2338
10984939,4325b1d5bbc321fad3042306646e2e50,아카네 리제,Akane Lize,UNIVERSE,사장님이 유튜브에 뭔가 감동적인게 있다길래 보러왔느뇨,2025-12-30 19:41:12,5559,talk,ETC,2985
10961654,4325b1d5bbc321fad3042306646e2e50,아카네 리제,Akane Lize,UNIVERSE,낭만적인 동탄 길드할수있다 레이드!!,2025-12-29 01:52:03,27296,마인크래프트,GAME,2924
10948556,4325b1d5bbc321fad3042306646e2e50,아카네 리제,Akane Lize,UNIVERSE,낭만적인 동탄 길드 벨리아 도전기,2025-12-28 07:10:54,43075,마인크래프트,GAME,2724
10932187,4325b1d5bbc321fad3042306646e2e50,아카네 리제,Akane Lize,UNIVERSE,짠내나던 솔로용사의 첫 길드생활,2025-12-27 08:30:42,48994,마인크래프트,GAME,4656
10916179,4325b1d5bbc321fad3042306646e2e50,아카네 리제,Akane Lize,UNIVERSE,솔로모험가의 야무진 RPG섭 생존기,2025-12-26 08:23:57,52377,마인크래프트,GAME,5222
10896646,4325b1d5bbc321fad3042306646e2e50,아카네 리제,Akane Lize,UNIVERSE,히든 찾으면서~성장해주먄서~ 옷 물려입기 계획,2025-12-25 06:55:13,54627,마인크래프트,GAME,3586
10867591,4325b1d5bbc321fad3042306646e2e50,아카네 리제,Akane Lize,UNIVERSE,발묘 100만 감사합니닷!!!!! ✨오늘목표: 히든찾기✨,2025-12-23 20:03:39,22996,마인크래프트,GAME,3148
10853335,4325b1d5bbc321fad3042306646e2e50,아카네 리제,Akane Lize,UNIVERSE,아파서 늦은 ✨콘서트 후기+그동안의 썰풀이✨ 하고 공책RPG 두가쟈,2025-12-22 21:40:38,9626,talk,ETC,3932
10851204,4325b1d5bbc321fad3042306646e2e50,아카네 리제,Akane Lize,UNIVERSE,아파서 늦은 ✨콘서트 후기+그동안의 썰풀이✨ 하고 공책RPG 두가쟈,2025-12-22 18:44:00,21,talk,ETC,1010
10851191,4325b1d5bbc321fad3042306646e2e50,아카네 리제,Akane Lize,UNIVERSE,아파서 늦은 ✨콘서트 후기+그동안의 썰풀이✨ 하고 공책RPG 두가쟈,2025-12-22 18:43:08,22,talk,ETC,650
10851183,4325b1d5bbc321fad3042306646e2e50,아카네 리제,Akane Lize,UNIVERSE,아파서 늦은 ✨콘서트 후기+그동안의 썰풀이✨ 하고 공책RPG 두가쟈,2025-12-22 18:42:22,142,talk,ETC,405
10851073,4325b1d5bbc321fad3042306646e2e50,아카네 리제,Akane Lize,UNIVERSE,아파서 늦은 ✨콘서트 후기+그동안의 썰풀이✨ 하고 공책RPG 두가쟈,2025-12-22 18:31:49,329,talk,ETC,745
10850914,4325b1d5bbc321fad3042306646e2e50,아카네 리제,Akane Lize,UNIVERSE,아파서 늦은 ✨콘서트 후기+그동안의 썰풀이✨ 하고 공책RPG 두가쟈,2025-12-22 18:16:46,137,talk,ETC,1342
10791159,4325b1d5bbc321fad3042306646e2e50,아카네 리제,Akane Lize,UNIVERSE,스텔페스 오는 파스텔 주목!! 콘서트 설명회✨[10시45분 커버곡 공개!],2025-12-18 23:42:18,6001,talk,ETC,3750
10776802,4325b1d5bbc321fad3042306646e2e50,아카네 리제,Akane Lize,UNIVERSE,내전연습 한다길래 눈뜨자마자 온 나... 꽤 멋있어요,2025-12-18 00:57:53,29367,talk,ETC,2981
10755814,4325b1d5bbc321fad3042306646e2e50,아카네 리제,Akane Lize,UNIVERSE,마 리듬게임도 피지컬겜 아닙니꺄!,2025-12-16 21:39:00,8769,비츠 앤 밥스,GAME,1978
10746486,4325b1d5bbc321fad3042306646e2e50,아카네 리제,Akane Lize,UNIVERSE,친해지길 바래!! 2탄 협곡 데이뚜 (w. 후야),2025-12-16 01:58:27,23341,리그 오브 레전드,GAME,7657
10738604,4325b1d5bbc321fad3042306646e2e50,아카네 리제,Akane Lize,UNIVERSE,찐따 둘의 친해지길 바래! 마크 원블럭 (w. 후야),2025-12-15 19:18:37,540,talk,ETC,2700
10732357,4325b1d5bbc321fad3042306646e2e50,아카네 리제,Akane Lize,UNIVERSE,"미친고라니 정리제 등쟝 (w.부키, 리코, 시로, 히나)",2025-12-15 02:48:42,18318,talk,ETC,3623
10679033,4325b1d5bbc321fad3042306646e2e50,아카네 리제,Akane Lize,UNIVERSE,마음의ㅡ준비하고 들어오세요,2025-12-12 00:27:33,18904,리그 오브 레전드,GAME,3137
10643818,4325b1d5bbc321fad3042306646e2e50,아카네 리제,Akane Lize,UNIVERSE,줄임말 맞추기 반 이상 맞추면 나이에서 0 두개 감게해주라,2025-12-09 22:18:44,11339,talk,ETC,2258
10629476,4325b1d5bbc321fad3042306646e2e50,아카네 리제,Akane Lize,UNIVERSE,스페카 다녀온 파스텔?? 카페탐방 가보쟈,2025-12-08 22:57:38,13293,talk,ETC,1941
10613861,4325b1d5bbc321fad3042306646e2e50,아카네 리제,Akane Lize,UNIVERSE,스달소✨ (후야님 편),2025-12-07 22:05:30,26804,talk,ETC,6454
10598961,4325b1d5bbc321fad3042306646e2e50,아카네 리제,Akane Lize,UNIVERSE,"치과갔다왔는데요, 의사쌤이 구라를 너무 많이쳤어요",2025-12-06 23:25:50,6676,talk,ETC,1829
10569526,4325b1d5bbc321fad3042306646e2e50,아카네 리제,Akane Lize,UNIVERSE,사장님이 오늘 욕을 몇번할까? (w. 강지),2025-12-05 01:20:46,22178,리그 오브 레전드,GAME,4237
10551371,4325b1d5bbc321fad3042306646e2e50,아카네 리제,Akane Lize,UNIVERSE,등급 분류조차 되지 않은 금단(?)의 게임,2025-12-04 00:04:20,16679,talk,ETC,3295
10539887,4325b1d5bbc321fad3042306646e2e50,아카네 리제,Akane Lize,UNIVERSE,나 오늘은 진짜 할 수 있어 믿어다오 어제 치지직컵 릴리아 보고왔뜸,2025-12-03 03:40:02,29651,리그 오브 레전드,GAME,1970
10507876,4325b1d5bbc321fad3042306646e2e50,아카네 리제,Akane Lize,UNIVERSE,브론즈 갈끄니까ㅏㅏㅏㅏㅏㅏㅏㅏ,2025-12-01 02:17:53,25093,리그 오브 레전드,GAME,2109
10490254,4325b1d5bbc321fad3042306646e2e50,아카네 리제,Akane Lize,UNIVERSE,브론즈가냐!?!?! 고라니 출몰!!!!!!!!!,2025-11-30 01:58:08,24250,리그 오브 레전드,GAME,1838
10457926,4325b1d5bbc321fad3042306646e2e50,아카네 리제,Akane Lize,UNIVERSE,"뇌에 힘 빡주기, 방해해도 이겨내기",2025-11-28 02:12:56,24761,리그 오브 레전드,GAME,1903
10435110,4325b1d5bbc321fad3042306646e2e50,아카네 리제,Akane Lize,UNIVERSE,[3dio] 900일 기념 ASMR❤ 오늘은 귀 파괴 안할게,2025-11-26 21:50:39,8750,ASMR,ETC,9530
10405114,4325b1d5bbc321fad3042306646e2e50,아카네 리제,Akane Lize,UNIVERSE,잭스보다 적다는 2손가락만쓰는 사람 전데오? 정글리신 연습해왔따,2025-11-24 22:41:15,12773,리그 오브 레전드,GAME,2107
10388724,4325b1d5bbc321fad3042306646e2e50,아카네 리제,Akane Lize,UNIVERSE,카스둥이 드디어 픽업!!!!!,2025-11-23 21:35:09,14065,붕괴: 스타레일,GAME,3321
10361531,4325b1d5bbc321fad3042306646e2e50,아카네 리제,Akane Lize,UNIVERSE,오랜만에 페이퍼 구마유니 듀랭(w.  유니),2025-11-22 02:55:22,27823,리그 오브 레전드,GAME,2288
10325146,4325b1d5bbc321fad3042306646e2e50,아카네 리제,Akane Lize,UNIVERSE,"코 꽉막혀서 외노자발음임 (w.강지, 히나, 시로)
",2025-11-20 00:14:34,23331,미메시스,GAME,3589
10293105,4325b1d5bbc321fad3042306646e2e50,아카네 리제,Akane Lize,UNIVERSE,"정글 리신 3분30초 풀캠 통나무도박
",2025-11-18 00:37:48,19079,리그 오브 레전드,GAME,3007
10279026,4325b1d5bbc321fad3042306646e2e50,아카네 리제,Akane Lize,UNIVERSE,뱅기의 니달리처럼  스터디 온 부쉬,2025-11-17 01:18:20,36542,리그 오브 레전드,GAME,4503
10253454,4325b1d5bbc321fad3042306646e2e50,아카네 리제,Akane Lize,UNIVERSE,죄송함다!!! 저 바쁘게 가야할곳잉생겨서 오늘만 양해를 부탁드려도괜찬흥ㄹ까요?!?!? 이왕 이렇게된김에 ✨겟레디윗미,2025-11-15 17:39:07,2503,talk,ETC,2628
10226020,4325b1d5bbc321fad3042306646e2e50,아카네 리제,Akane Lize,UNIVERSE,고생해써잉🎉 플리보석함 뜯기는중,2025-11-13 23:49:19,16805,talk,ETC,3325
10194541,4325b1d5bbc321fad3042306646e2e50,아카네 리제,Akane Lize,UNIVERSE,강아지랑 고양이 둘다 키우는 T의 퍼피,2025-11-12 00:26:40,18991,마이 리틀 퍼피,GAME,4182
10161404,4325b1d5bbc321fad3042306646e2e50,아카네 리제,Akane Lize,UNIVERSE,T1 화이팅!!!!!!!!!!! 롤드컵 결승 입중계 ✨ 추첨 이벤트 있음!!!✨,2025-11-09 22:31:50,24646,리그 오브 레전드,GAME,6121
10114805,4325b1d5bbc321fad3042306646e2e50,아카네 리제,Akane Lize,UNIVERSE,페이커 요네뽑기 통나무도박ㄱㄱㄱㄱㄱㄱㄱ,2025-11-07 01:18:03,22218,리그 오브 레전드,GAME,2962
10095058,4325b1d5bbc321fad3042306646e2e50,아카네 리제,Akane Lize,UNIVERSE,일코를 하는 이유가 뭐에요??,2025-11-05 23:20:39,14968,talk,ETC,2178
10060262,4325b1d5bbc321fad3042306646e2e50,아카네 리제,Akane Lize,UNIVERSE,본녀등장과 짧방과 카페탐방,2025-11-03 20:38:01,5671,talk,ETC,2047
10029121,4325b1d5bbc321fad3042306646e2e50,아카네 리제,Akane Lize,UNIVERSE,통금시간에 대하여,2025-11-01 21:52:51,9987,talk,ETC,2728
10014878,4325b1d5bbc321fad3042306646e2e50,아카네 리제,Akane Lize,UNIVERSE,"나만 뉴비인가..? (w. 린, 유니, 리코, 부키)",2025-11-01 00:31:13,23627,데드 바이 데이라이트,GAME,6766
9998445,4325b1d5bbc321fad3042306646e2e50,아카네 리제,Akane Lize,UNIVERSE,광고하느라 원오크락 내한 예매못한 범부,2025-10-31 00:26:43,17197,talk,ETC,3780
9979443,4325b1d5bbc321fad3042306646e2e50,아카네 리제,Akane Lize,UNIVERSE,말 .말을 하지마라.,2025-10-29 22:42:10,12373,talk,ETC,2294
9953382,4325b1d5bbc321fad3042306646e2e50,아카네 리제,Akane Lize,UNIVERSE,구내염나서 알보칠바르기 기도해주세요,2025-10-28 02:10:59,26640,talk,ETC,2925
9920446,4325b1d5bbc321fad3042306646e2e50,아카네 리제,Akane Lize,UNIVERSE,덕코프 처음인데 그래서 ㅁ,2025-10-26 02:02:03,24842,이스케이프 프롬 덕코프,GAME,2344
9880816,4325b1d5bbc321fad3042306646e2e50,아카네 리제,Akane Lize,UNIVERSE,올만에 카페탐방 🎆제인도 공개!! 많관부~,2025-10-23 22:09:37,11010,talk,ETC,3380
9869955,4325b1d5bbc321fad3042306646e2e50,아카네 리제,Akane Lize,UNIVERSE,선착순 노래추천 방송✨,2025-10-23 01:28:29,21136,talk,ETC,4823
9838425,4325b1d5bbc321fad3042306646e2e50,아카네 리제,Akane Lize,UNIVERSE,스텔페스 티켓팅 8시 같이하기! 화이띵!!!!!!!!,2025-10-21 01:03:06,19222,마인크래프트,GAME,2275
9823775,4325b1d5bbc321fad3042306646e2e50,아카네 리제,Akane Lize,UNIVERSE,마끾끼 행복랜드 건설하기!,2025-10-20 01:16:01,20229,talk,ETC,3158
9789408,4325b1d5bbc321fad3042306646e2e50,아카네 리제,Akane Lize,UNIVERSE,붕스 과몰입 인간의 카스둥이 스토리 3.2?,2025-10-18 01:58:00,26150,붕괴: 스타레일,GAME,4918
9773478,4325b1d5bbc321fad3042306646e2e50,아카네 리제,Akane Lize,UNIVERSE,천마종합건설의 행복랜드 건설,2025-10-17 01:54:33,20777,마인크래프트,GAME,3380
9742269,4325b1d5bbc321fad3042306646e2e50,아카네 리제,Akane Lize,UNIVERSE,선에매 티켓띵 했어!??!!!!! ㅣ붕스3..?몇이었찌,2025-10-15 02:28:37,22659,talk,ETC,4996
9709356,4325b1d5bbc321fad3042306646e2e50,아카네 리제,Akane Lize,UNIVERSE,마꾸마꾸 아니 흑진주 100만원 ㅈㅉㅇㅇ?????,2025-10-13 00:20:08,8493,마인크래프트,GAME,5010
9705813,4325b1d5bbc321fad3042306646e2e50,아카네 리제,Akane Lize,UNIVERSE,마꾸마꾸 아니 흑진주 100만원 ㅈㅉㅇㅇ?????,2025-10-12 21:55:24,9941,talk,ETC,3157
9687475,4325b1d5bbc321fad3042306646e2e50,아카네 리제,Akane Lize,UNIVERSE,너 인간아니지???!!!!!!! ㅣ좀비랑 인간 구분하는 게임,2025-10-11 21:04:30,11778,종합 게임,GAME,2785
9666591,4325b1d5bbc321fad3042306646e2e50,아카네 리제,Akane Lize,UNIVERSE,(⊙_⊙)？(´･ω･`)?Σ(っ °Д °;)っ⚆_⚆⊙﹏⊙∥╮(╯-╰)╭,2025-10-10 16:56:27,437,talk,ETC,7071
9659952,4325b1d5bbc321fad3042306646e2e50,아카네 리제,Akane Lize,UNIVERSE,하고싶은게 있는데말이지!! 미드라칸 탑알리 고고,2025-10-10 02:01:16,13976,전략적 팀 전투 : 신비의 숲,GAME,2703
9653973,4325b1d5bbc321fad3042306646e2e50,아카네 리제,Akane Lize,UNIVERSE,하고싶은게 있는데말이지!! 미드라칸 탑알리 고고,2025-10-09 21:50:55,198,리그 오브 레전드,GAME,842
9653902,4325b1d5bbc321fad3042306646e2e50,아카네 리제,Akane Lize,UNIVERSE,하고싶은게 있는데말이지!! 미드라칸 탑알리 고고,2025-10-09 21:47:16,2417,리그 오브 레전드,GAME,558
9653137,4325b1d5bbc321fad3042306646e2e50,아카네 리제,Akane Lize,UNIVERSE,하고싶은게 있는데말이지!! 미드라칸 탑알리 고고,2025-10-09 21:06:53,9081,리그 오브 레전드,GAME,774
9643991,4325b1d5bbc321fad3042306646e2e50,아카네 리제,Akane Lize,UNIVERSE,머리쓰는 멋있는 천마의 두뇌게임,2025-10-09 03:27:08,36978,종합 게임,GAME,3288
9628549,4325b1d5bbc321fad3042306646e2e50,아카네 리제,Akane Lize,UNIVERSE,플레티넘<<<<천마 자축 ^^🎉✨🎉🎉🎉🎉🎉🎉🎉🎉🎉🎉,2025-10-08 04:24:10,18162,전략적 팀 전투 : 신비의 숲,GAME,2457
9622972,4325b1d5bbc321fad3042306646e2e50,아카네 리제,Akane Lize,UNIVERSE,플레켠왕 36점,2025-10-07 23:17:30,3244,전략적 팀 전투 : 신비의 숲,GAME,928
9621974,4325b1d5bbc321fad3042306646e2e50,아카네 리제,Akane Lize,UNIVERSE,언젠가 있을 만남을 대비한 후야님 데뷔뱅관찰+분석,2025-10-07 22:24:43,13679,talk,ETC,4039
9612081,4325b1d5bbc321fad3042306646e2e50,아카네 리제,Akane Lize,UNIVERSE,플레까지 단 3포 !!!!!! 준비된 훈수는 충분한가,2025-10-07 02:22:06,34769,전략적 팀 전투 : 신비의 숲,GAME,3147
9542892,4325b1d5bbc321fad3042306646e2e50,아카네 리제,Akane Lize,UNIVERSE,체인소맨 같이보기할것. 이거 그정돈가요,2025-10-02 18:24:08,2840,talk,ETC,3516
9536575,4325b1d5bbc321fad3042306646e2e50,아카네 리제,Akane Lize,UNIVERSE,생일!!!!생일!!!!!! 입니댜!!!!!!!!!! 본녀의 탄신일이다!!!!!!,2025-10-02 02:35:35,26826,talk,ETC,9025
9521217,4325b1d5bbc321fad3042306646e2e50,아카네 리제,Akane Lize,UNIVERSE,손은 찢어졌지만 마음은 덜찢어진 본녀 복귀🔥,2025-10-01 02:48:14,5493,talk,ETC,3285
9517834,4325b1d5bbc321fad3042306646e2e50,아카네 리제,Akane Lize,UNIVERSE,겁쟁이 뉴비의 첫 데바데🔥,2025-10-01 00:15:58,12909,데드 바이 데이라이트,GAME,3169
9501470,4325b1d5bbc321fad3042306646e2e50,아카네 리제,Akane Lize,UNIVERSE,카페보면서 스텔 단체합숙 썰풀이( •̀ .̫ •́ )✧,2025-09-29 23:15:37,21676,talk,ETC,4378
9473491,4325b1d5bbc321fad3042306646e2e50,아카네 리제,Akane Lize,UNIVERSE,후열이느뇨! 재밌었다ㅋㅋㅋㅋㅋㅋ,2025-09-28 01:52:09,10858,talk,ETC,6092
9469197,4325b1d5bbc321fad3042306646e2e50,아카네 리제,Akane Lize,UNIVERSE,✨본녀 세번째 신의상 공개!!✨,2025-09-27 22:43:40,9869,talk,ETC,17071
9454326,4325b1d5bbc321fad3042306646e2e50,아카네 리제,Akane Lize,UNIVERSE,내일 8시에 신의상 공개하는 리제가 와써ㅓㅓㅓ,2025-09-27 00:23:35,9459,talk,ETC,3707
9323749,4325b1d5bbc321fad3042306646e2e50,아카네 리제,Akane Lize,UNIVERSE,본녀강림,2025-09-18 21:53:00,7507,talk,ETC,5010
9292272,4325b1d5bbc321fad3042306646e2e50,아카네 리제,Akane Lize,UNIVERSE,[광고] 월오탱에서 유니버스 맞짱뜨기,2025-09-16 22:03:58,9217,월드 오브 탱크,GAME,2560
9278690,4325b1d5bbc321fad3042306646e2e50,아카네 리제,Akane Lize,UNIVERSE,오리지널 콜라보곡 9시 최초공개!✨ [Lize x 월오탱],2025-09-15 23:16:47,9367,talk,ETC,2263
9258661,4325b1d5bbc321fad3042306646e2e50,아카네 리제,Akane Lize,UNIVERSE,[ HLE vs T1 ]복귀하자마자 멸망전 같이보기 💥T1화이띵!!!!!!💥 #LCKWatchParty,2025-09-14 17:59:11,11167,리그 오브 레전드,GAME,4555
9250058,4325b1d5bbc321fad3042306646e2e50,아카네 리제,Akane Lize,UNIVERSE,리제 복귀!!!!!!!!!! 보고싶었느뇨ㅠㅠㅠㅠㅠㅠㅠㅠㅠ,2025-09-14 01:41:52,18832,talk,ETC,4006
9086269,4325b1d5bbc321fad3042306646e2e50,아카네 리제,Akane Lize,UNIVERSE,올만자장가,2025-09-04 01:33:32,23082,talk,ETC,3506
9039468,4325b1d5bbc321fad3042306646e2e50,아카네 리제,Akane Lize,UNIVERSE,사쟝님이랑 사쟝친구님이랑 합빵 ✨4시45분 커버곡 최초공개✨,2025-09-01 00:50:21,29373,리그 오브 레전드,GAME,6348
9025295,4325b1d5bbc321fad3042306646e2e50,아카네 리제,Akane Lize,UNIVERSE,크킄ㅋ킃플레간다 ㅋㅋ,2025-08-31 03:41:38,25691,전략적 팀 전투 : 신비의 숲,GAME,3365
8973867,4325b1d5bbc321fad3042306646e2e50,아카네 리제,Akane Lize,UNIVERSE,아이트래커로 음흉한 눈빛의 앰포리어스,2025-08-28 01:43:46,19762,붕괴: 스타레일,GAME,7913
8943903,4325b1d5bbc321fad3042306646e2e50,아카네 리제,Akane Lize,UNIVERSE,천마감옥탈출,2025-08-26 03:28:37,27586,종합 게임,GAME,2987
8923392,4325b1d5bbc321fad3042306646e2e50,아카네 리제,Akane Lize,UNIVERSE,과몰입인간의 앰포리어스,2025-08-24 23:11:49,12186,붕괴: 스타레일,GAME,5791
8912397,4325b1d5bbc321fad3042306646e2e50,아카네 리제,Akane Lize,UNIVERSE,대리아님 찐 실력임,2025-08-24 04:33:00,27688,전략적 팀 전투 : 신비의 숲,GAME,3554
8891132,4325b1d5bbc321fad3042306646e2e50,아카네 리제,Akane Lize,UNIVERSE,롤체 골드간다,2025-08-23 01:15:38,23703,talk,ETC,5369
8821015,4325b1d5bbc321fad3042306646e2e50,아카네 리제,Akane Lize,UNIVERSE,[ASMR] 800일 기념❤피엥나만 들어왓,2025-08-18 21:32:36,6091,talk,ETC,10972
8813565,4325b1d5bbc321fad3042306646e2e50,아카네 리제,Akane Lize,UNIVERSE,붕스 앰포리어스 시작!!!!!!!!!!!!!,2025-08-18 03:55:07,30959,붕괴: 스타레일,GAME,9367
8779070,4325b1d5bbc321fad3042306646e2e50,아카네 리제,Akane Lize,UNIVERSE,와! 샌즈! 천마의 불살루트 광증참기,2025-08-16 03:17:14,28691,언더테일,GAME,3835
8742953,4325b1d5bbc321fad3042306646e2e50,아카네 리제,Akane Lize,UNIVERSE,와! 샌즈! 대박잘하는사람 등장,2025-08-14 01:45:46,19500,언더테일,GAME,4279
8735229,4325b1d5bbc321fad3042306646e2e50,아카네 리제,Akane Lize,UNIVERSE,와! 샌즈! 대박잘하는사람 등장,2025-08-13 20:16:01,652,언더테일,GAME,1531
8708174,4325b1d5bbc321fad3042306646e2e50,아카네 리제,Akane Lize,UNIVERSE,와! 샌즈! 그렇게 어렵나???,2025-08-12 00:42:05,19502,언더테일,GAME,4612
8674244,4325b1d5bbc321fad3042306646e2e50,아카네 리제,Akane Lize,UNIVERSE,오늘만 개쩌는 분내방,2025-08-10 00:27:42,13394,talk,ETC,6002
8645183,4325b1d5bbc321fad3042306646e2e50,아카네 리제,Akane Lize,UNIVERSE,드디어드디어드디어 붕스 페이트콜라보 밀기!!!!!!!!!!!!!!,2025-08-08 04:44:32,22790,붕괴: 스타레일,GAME,4773
8609113,4325b1d5bbc321fad3042306646e2e50,아카네 리제,Akane Lize,UNIVERSE,훈수티어제✨ 나보다못하면 훈수금지,2025-08-06 01:53:00,24260,전략적 팀 전투 : 신비의 숲,GAME,2658
8557915,4325b1d5bbc321fad3042306646e2e50,아카네 리제,Akane Lize,UNIVERSE,본녀강림!,2025-08-03 00:40:06,9471,talk,ETC,3064
8543115,4325b1d5bbc321fad3042306646e2e50,아카네 리제,Akane Lize,UNIVERSE,훈수티어제도 <<훈수삽가능방  ✨GOLDEN 공개 많관부,2025-08-02 02:22:58,24285,전략적 팀 전투 : 신비의 숲,GAME,3898
8526540,4325b1d5bbc321fad3042306646e2e50,아카네 리제,Akane Lize,UNIVERSE,티어 실명제 훈수 쌉가능방,2025-08-01 02:22:36,26464,전략적 팀 전투 : 신비의 숲,GAME,1777
8510372,4325b1d5bbc321fad3042306646e2e50,아카네 리제,Akane Lize,UNIVERSE,새옷입은 사쟝님과 롤체데이트,2025-07-31 02:54:02,22383,전략적 팀 전투 : 신비의 숲,GAME,5529
8475180,4325b1d5bbc321fad3042306646e2e50,아카네 리제,Akane Lize,UNIVERSE,시청자들 노래 보석함 털기 [노추],2025-07-29 01:13:06,21795,talk,ETC,5075
8459496,4325b1d5bbc321fad3042306646e2e50,아카네 리제,Akane Lize,UNIVERSE,케리제의 서폿카밀,2025-07-28 01:14:33,26363,리그 오브 레전드,GAME,4294
8443812,4325b1d5bbc321fad3042306646e2e50,아카네 리제,Akane Lize,UNIVERSE,시청자들의 노래 보석함 털기 [노추],2025-07-27 02:39:40,26306,talk,ETC,5967
8409160,4325b1d5bbc321fad3042306646e2e50,아카네 리제,Akane Lize,UNIVERSE,피타퐁인가 빠따뽕인가 머시기 게임!,2025-07-25 01:37:37,19230,파타퐁 1+2 리플레이,GAME,3403
8373932,4325b1d5bbc321fad3042306646e2e50,아카네 리제,Akane Lize,UNIVERSE,오랜만에 후열카페,2025-07-23 00:24:11,17068,talk,ETC,4084
8342818,4325b1d5bbc321fad3042306646e2e50,아카네 리제,Akane Lize,UNIVERSE,[광고] 붕괴: 스타레일✨ 합류하라 뉴비가이드! ,2025-07-21 01:03:14,22931,붕괴: 스타레일,GAME,8116
8323351,4325b1d5bbc321fad3042306646e2e50,아카네 리제,Akane Lize,UNIVERSE,크아ㅏㅏㅏ아,2025-07-19 23:46:39,21913,talk,ETC,3376
8304690,4325b1d5bbc321fad3042306646e2e50,아카네 리제,Akane Lize,UNIVERSE,헤헿,2025-07-18 23:26:16,17367,talk,ETC,2060
8273785,4325b1d5bbc321fad3042306646e2e50,아카네 리제,Akane Lize,UNIVERSE,나부 후문!!!!!!!!! 이제싸우나??,2025-07-17 01:14:07,16365,붕괴: 스타레일,GAME,5044
8256884,4325b1d5bbc321fad3042306646e2e50,아카네 리제,Akane Lize,UNIVERSE,나부후분 비소쨩보러가기,2025-07-16 00:59:56,19715,붕괴: 스타레일,GAME,5184
8223695,4325b1d5bbc321fad3042306646e2e50,아카네 리제,Akane Lize,UNIVERSE,스텔피쿠 ✨5시40분 커버공개✨,2025-07-13 23:19:27,21609,피크,GAME,3584
8190066,4325b1d5bbc321fad3042306646e2e50,아카네 리제,Akane Lize,UNIVERSE,F들 다 드루와 나오늘 공감방법 배워왔다,2025-07-12 00:03:39,11045,talk,ETC,3022
8176837,4325b1d5bbc321fad3042306646e2e50,아카네 리제,Akane Lize,UNIVERSE,페나코니 후문밀고 페이트콜라보준비,2025-07-11 01:40:48,23552,붕괴: 스타레일,GAME,6818
8159992,4325b1d5bbc321fad3042306646e2e50,아카네 리제,Akane Lize,UNIVERSE,붕응애의 붕스 음악회 감상,2025-07-10 01:14:57,21856,talk,ETC,15059
8126342,4325b1d5bbc321fad3042306646e2e50,아카네 리제,Akane Lize,UNIVERSE,오늘은 페나코니후문( •̀ ω •́ )✧,2025-07-08 00:10:30,19241,붕괴: 스타레일,GAME,8295
8086950,4325b1d5bbc321fad3042306646e2e50,아카네 리제,Akane Lize,UNIVERSE,후열토크✨,2025-07-05 18:29:50,6910,talk,ETC,3586
8077374,4325b1d5bbc321fad3042306646e2e50,아카네 리제,Akane Lize,UNIVERSE,선데이혐 걸린채로 페나코니 찐마지막,2025-07-05 01:23:41,23637,붕괴: 스타레일,GAME,10504
8058681,4325b1d5bbc321fad3042306646e2e50,아카네 리제,Akane Lize,UNIVERSE,선혐 붕응애의 페나코니 마지막??,2025-07-04 00:02:56,18907,붕괴: 스타레일,GAME,6630
8044768,4325b1d5bbc321fad3042306646e2e50,아카네 리제,Akane Lize,UNIVERSE,선혐 붕응애의 페나코니 달리기,2025-07-03 01:34:26,24277,붕괴: 스타레일,GAME,8842
8026773,4325b1d5bbc321fad3042306646e2e50,아카네 리제,Akane Lize,UNIVERSE,페나코니 적당히 끊을수있을까,2025-07-02 00:32:56,20358,붕괴: 스타레일,GAME,8673
8004716,4325b1d5bbc321fad3042306646e2e50,아카네 리제,Akane Lize,UNIVERSE,나빵의 리제는 카페를 본다,2025-06-30 18:41:23,5881,talk,ETC,3511
7963463,4325b1d5bbc321fad3042306646e2e50,아카네 리제,Akane Lize,UNIVERSE,?가보자고,2025-06-28 01:28:05,24155,talk,ETC,2747
7949620,4325b1d5bbc321fad3042306646e2e50,아카네 리제,Akane Lize,UNIVERSE,쌀멋 마지막날,2025-06-27 02:54:43,27997,마인크래프트,GAME,7117
7933684,4325b1d5bbc321fad3042306646e2e50,아카네 리제,Akane Lize,UNIVERSE,쌀멋멋쌀멋싸쌀쌂멋쌀멋,2025-06-26 02:47:16,29309,마인크래프트,GAME,3448
7901730,4325b1d5bbc321fad3042306646e2e50,아카네 리제,Akane Lize,UNIVERSE,쌀멋서버! 모든컨텐츠 즐기기,2025-06-24 02:24:13,32707,마인크래프트,GAME,6759
7886845,4325b1d5bbc321fad3042306646e2e50,아카네 리제,Akane Lize,UNIVERSE,쌀멋서버! 업적을위한 여정,2025-06-23 02:46:13,39157,마인크래프트,GAME,5107
7868767,4325b1d5bbc321fad3042306646e2e50,아카네 리제,Akane Lize,UNIVERSE,쌀멋서버 첫 입성( •̀ ω •́ )✧ 나도업적갖고싶ㅍ어ㅠㅠㅠㅠㅠㅠ,2025-06-22 02:16:01,25739,마인크래프트,GAME,6175
7847373,4325b1d5bbc321fad3042306646e2e50,아카네 리제,Akane Lize,UNIVERSE,웹툰토크,2025-06-20 23:25:15,17152,talk,ETC,2607
7820476,4325b1d5bbc321fad3042306646e2e50,아카네 리제,Akane Lize,UNIVERSE,붕응애의 드디어 페나코니!!!!!!!!!!!!!,2025-06-19 03:41:40,27232,붕괴: 스타레일,GAME,8339
7790030,4325b1d5bbc321fad3042306646e2e50,아카네 리제,Akane Lize,UNIVERSE,스텔좀보 탈출까지 마지막여정,2025-06-17 04:57:14,34786,프로젝트 좀보이드,GAME,2395
7775131,4325b1d5bbc321fad3042306646e2e50,아카네 리제,Akane Lize,UNIVERSE,re:제로부터 시작하는 좀보생활,2025-06-16 04:44:42,32248,프로젝트 좀보이드,GAME,2611
14992805,a6c4ddb09cdb160478996007bff35296,아라하시 타비,Arahashi Tabi,UNIVERSE,스테루 마끽,2026-09-02 05:24:25,8530,마인크래프트,GAME,3194
14991485,a6c4ddb09cdb160478996007bff35296,아라하시 타비,Arahashi Tabi,UNIVERSE,스테루 마끽,2026-09-02 03:03:18,17689,마인크래프트,GAME,2735
14981734,a6c4ddb09cdb160478996007bff35296,아라하시 타비,Arahashi Tabi,UNIVERSE,🏖️Summer🏖️스테루 마끽,2026-09-01 18:44:13,11798,마인크래프트,GAME,2460
14977222,a6c4ddb09cdb160478996007bff35296,아라하시 타비,Arahashi Tabi,UNIVERSE,🏖️시원~하이🏖️스텔 마끼끼 건축하꾸야,2026-09-01 04:45:13,27362,마인크래프트,GAME,6779
14968537,a6c4ddb09cdb160478996007bff35296,아라하시 타비,Arahashi Tabi,UNIVERSE,[🏖️스텔 여름 휴가 신의상🏖️] 알아하시는 타비 현재 매우 긴장 중 ㄷㄷㄷஇ௰இ,2026-08-31 21:01:28,3898,talk,ETC,12021
14946428,a6c4ddb09cdb160478996007bff35296,아라하시 타비,Arahashi Tabi,UNIVERSE,스테루마끼기,2026-08-30 06:54:25,45935,마인크래프트,GAME,7078
14927664,a6c4ddb09cdb160478996007bff35296,아라하시 타비,Arahashi Tabi,UNIVERSE,스텔 마끼끼땨,2026-08-29 03:24:43,42548,마인크래프트,GAME,6179
14907809,a6c4ddb09cdb160478996007bff35296,아라하시 타비,Arahashi Tabi,UNIVERSE,흐흐 내가 이겨따,2026-08-28 00:12:59,22219,talk,ETC,2466
14897592,a6c4ddb09cdb160478996007bff35296,아라하시 타비,Arahashi Tabi,UNIVERSE,므양,2026-08-27 07:08:15,46787,talk,ETC,2678
14879368,a6c4ddb09cdb160478996007bff35296,아라하시 타비,Arahashi Tabi,UNIVERSE,"으애애아아,,아ㅏ",2026-08-26 03:03:46,33287,talk,ETC,2991
14861762,a6c4ddb09cdb160478996007bff35296,아라하시 타비,Arahashi Tabi,UNIVERSE,"타비 배고파,,,",2026-08-25 00:56:54,14381,talk,ETC,3259
14831273,a6c4ddb09cdb160478996007bff35296,아라하시 타비,Arahashi Tabi,UNIVERSE,"마지막 모두의 마블 (W. 달콤레나, 에리스)",2026-08-23 02:41:37,38435,talk,ETC,8385
14813662,a6c4ddb09cdb160478996007bff35296,아라하시 타비,Arahashi Tabi,UNIVERSE,내 아내 픽업 완료 ^0^,2026-08-22 02:33:43,30631,talk,ETC,6167
14777200,a6c4ddb09cdb160478996007bff35296,아라하시 타비,Arahashi Tabi,UNIVERSE,이어폰을 바꿨는데 말이죠,2026-08-19 23:34:33,1598,talk,ETC,3924
14744871,a6c4ddb09cdb160478996007bff35296,아라하시 타비,Arahashi Tabi,UNIVERSE,개꿀잼,2026-08-17 22:31:34,19643,talk,ETC,5555
14730650,a6c4ddb09cdb160478996007bff35296,아라하시 타비,Arahashi Tabi,UNIVERSE,재미써땨,2026-08-17 00:17:30,30653,talk,ETC,4018
14719491,a6c4ddb09cdb160478996007bff35296,아라하시 타비,Arahashi Tabi,UNIVERSE,난 잘했는데,2026-08-16 05:07:12,37860,talk,ETC,6263
14649308,a6c4ddb09cdb160478996007bff35296,아라하시 타비,Arahashi Tabi,UNIVERSE,언젠가는 도착해 찍먹,2026-08-12 01:07:50,25609,언젠가는 도착해,GAME,6694
14637563,a6c4ddb09cdb160478996007bff35296,아라하시 타비,Arahashi Tabi,UNIVERSE,로블록스 하쟈,2026-08-11 06:55:54,42631,로블록스,GAME,5956
14618319,a6c4ddb09cdb160478996007bff35296,아라하시 타비,Arahashi Tabi,UNIVERSE,재미뗘,2026-08-10 01:05:34,35781,talk,ETC,3693
14602946,a6c4ddb09cdb160478996007bff35296,아라하시 타비,Arahashi Tabi,UNIVERSE,므아앙,2026-08-09 02:34:30,41376,talk,ETC,3984
14570278,a6c4ddb09cdb160478996007bff35296,아라하시 타비,Arahashi Tabi,UNIVERSE,후열 로끼끼,2026-08-07 03:31:22,33641,로블록스,GAME,4882
14552797,a6c4ddb09cdb160478996007bff35296,아라하시 타비,Arahashi Tabi,UNIVERSE,먀먀,2026-08-06 02:14:15,18342,talk,ETC,2437
14504671,a6c4ddb09cdb160478996007bff35296,아라하시 타비,Arahashi Tabi,UNIVERSE,"7시 스텔라이브 세피리아 ! (W.부키, 린, 후야)",2026-08-03 01:40:35,33944,세피리아,GAME,4059
14479379,a6c4ddb09cdb160478996007bff35296,아라하시 타비,Arahashi Tabi,UNIVERSE,타 전 일의 김 전 일 따라잡기,2026-08-01 16:45:38,3701,애니메이션,ENTERTAINMENT,1282
14463931,a6c4ddb09cdb160478996007bff35296,아라하시 타비,Arahashi Tabi,UNIVERSE,최근에 가장 좋아하는 과일이 바꼈는데요,2026-07-31 18:54:13,4234,talk,ETC,1714
14455940,a6c4ddb09cdb160478996007bff35296,아라하시 타비,Arahashi Tabi,UNIVERSE,후열 선릿밸ㄹㄹㄹㄹㄹㄹㄹㄹㄹㄹㄹㄹㄹ리,2026-07-31 01:46:04,30426,마인크래프트,GAME,5987
14424976,a6c4ddb09cdb160478996007bff35296,아라하시 타비,Arahashi Tabi,UNIVERSE,오늘 할 게임은 바로 ~,2026-07-29 03:58:12,36256,마인크래프트,GAME,4184
14392977,a6c4ddb09cdb160478996007bff35296,아라하시 타비,Arahashi Tabi,UNIVERSE,요즘 핫하다는 100만 다운로드를 기록한 선릿벨리 2일차 해보ㅓ겠습니댜,2026-07-27 02:38:20,34351,마인크래프트,GAME,3255
14376129,a6c4ddb09cdb160478996007bff35296,아라하시 타비,Arahashi Tabi,UNIVERSE,요즘 핫하다는 100만 다운로드를 기록한 선릿벨리 해보겠습니댜,2026-07-26 02:51:55,38521,마인크래프트,GAME,5509
14361868,a6c4ddb09cdb160478996007bff35296,아라하시 타비,Arahashi Tabi,UNIVERSE,배부댜ㅕ,2026-07-25 06:42:47,30745,talk,ETC,3969
14340779,a6c4ddb09cdb160478996007bff35296,아라하시 타비,Arahashi Tabi,UNIVERSE,"밍웡,, 밍웅뎅,, 앙밍웡 ㅠㅠ",2026-07-24 00:53:19,15322,talk,ETC,3562
14326235,a6c4ddb09cdb160478996007bff35296,아라하시 타비,Arahashi Tabi,UNIVERSE,므밈의의으ㅏ으ㅏ으ㅡ아,2026-07-23 02:25:42,30240,talk,ETC,2608
14274001,a6c4ddb09cdb160478996007bff35296,아라하시 타비,Arahashi Tabi,UNIVERSE,띵조 콘서트 보기 ! 크크 가자잇 ! (❁´◡`❁),2026-07-19 22:36:58,23450,명조:워더링 웨이브,GAME,6797
14261055,a6c4ddb09cdb160478996007bff35296,아라하시 타비,Arahashi Tabi,UNIVERSE,운뚱띠는 주것따,2026-07-19 01:34:05,28635,talk,ETC,3608
14228614,a6c4ddb09cdb160478996007bff35296,아라하시 타비,Arahashi Tabi,UNIVERSE,오늘 스텔팰월---------드 5일차ㅏㅏㅏ우리 애기들 살아있니?,2026-07-17 02:11:26,27636,팰월드,GAME,2866
14215121,a6c4ddb09cdb160478996007bff35296,아라하시 타비,Arahashi Tabi,UNIVERSE,오늘 스텔팰월---------드 4일차ㅏㅏㅏ내 목표는 더 위다.,2026-07-16 05:12:33,41727,팰월드,GAME,2778
14200072,a6c4ddb09cdb160478996007bff35296,아라하시 타비,Arahashi Tabi,UNIVERSE,오늘 스텔팰월---------드 3일차ㅏㅏㅏ그냥 잠오는 청년 (●ˇ∀ˇ●),2026-07-15 07:45:14,54186,팰월드,GAME,3026
14183995,a6c4ddb09cdb160478996007bff35296,아라하시 타비,Arahashi Tabi,UNIVERSE,오늘 스텔팰월---------드 2일차ㅏㅏㅏ그냥 망한 청년 (●ˇ∀ˇ●),2026-07-14 06:25:42,41535,팰월드,GAME,3559
14172943,a6c4ddb09cdb160478996007bff35296,아라하시 타비,Arahashi Tabi,UNIVERSE,오늘 스텔팰월---------드 2일차ㅏㅏㅏ (●ˇ∀ˇ●),2026-07-13 18:11:40,88,팰월드,GAME,1646
14169311,a6c4ddb09cdb160478996007bff35296,아라하시 타비,Arahashi Tabi,UNIVERSE,왕 오늘 스텔팰월---------드 열린댱 ㅎㅅㅎ,2026-07-13 06:56:55,53077,팰월드,GAME,5702
14135329,a6c4ddb09cdb160478996007bff35296,아라하시 타비,Arahashi Tabi,UNIVERSE,꺄륵 꺄르륵 꺄르르르륵,2026-07-11 04:50:07,41268,팰월드,GAME,7372
14101651,a6c4ddb09cdb160478996007bff35296,아라하시 타비,Arahashi Tabi,UNIVERSE,따따삐,2026-07-09 03:01:22,32515,talk,ETC,5819
14071436,a6c4ddb09cdb160478996007bff35296,아라하시 타비,Arahashi Tabi,UNIVERSE,저는 비응신입니다,2026-07-07 06:28:03,44108,슈퍼마켓 카오스,GAME,7380
14042925,a6c4ddb09cdb160478996007bff35296,아라하시 타비,Arahashi Tabi,UNIVERSE,해위이ㅣ 블루록 안본 뇌 (｡･∀･)ﾉﾞ,2026-07-05 15:05:05,2126,talk,ETC,2074
14015386,a6c4ddb09cdb160478996007bff35296,아라하시 타비,Arahashi Tabi,UNIVERSE,녹음하고 와써염（*＾-＾*）,2026-07-03 23:17:39,6449,talk,ETC,3318
13988141,a6c4ddb09cdb160478996007bff35296,아라하시 타비,Arahashi Tabi,UNIVERSE,[봉켓몬] 마지막날 !! 끝까지 재밌게 즐기기 !! φ(゜▽゜*)♪,2026-07-02 02:37:48,37571,마인크래프트,GAME,8698
13972405,a6c4ddb09cdb160478996007bff35296,아라하시 타비,Arahashi Tabi,UNIVERSE,[봉켓몬] 8일 차 땁따ㅃ따ㅃ따ㅃ띠ㅃ따ㅃ띠ㅃ,2026-07-01 03:14:54,40053,마인크래프트,GAME,5582
13956754,a6c4ddb09cdb160478996007bff35296,아라하시 타비,Arahashi Tabi,UNIVERSE,[봉켓몬] 7일 차 오늘은 어떤 일이 일어날까? \(@^0^@)/,2026-06-30 03:17:03,40340,마인크래프트,GAME,5339
13941393,a6c4ddb09cdb160478996007bff35296,아라하시 타비,Arahashi Tabi,UNIVERSE,[봉켓몬] 6일 차 칠색조와 네크로즈마와 레전드 보물사냥꾼 따삣쀠의 모험🍏,2026-06-29 02:37:12,38050,마인크래프트,GAME,6645
13923824,a6c4ddb09cdb160478996007bff35296,아라하시 타비,Arahashi Tabi,UNIVERSE,[봉켓몬] 5일 차 칠색조와 네크로즈마와 레전드 보물사냥꾼 따삣쀠의 모험🍏,2026-06-28 02:31:29,37564,마인크래프트,GAME,5064
13905906,a6c4ddb09cdb160478996007bff35296,아라하시 타비,Arahashi Tabi,UNIVERSE,🍏Summer🍏,2026-06-27 01:45:08,279,talk,ETC,5604
13899619,a6c4ddb09cdb160478996007bff35296,아라하시 타비,Arahashi Tabi,UNIVERSE,명조 공방 보쟈잇 !,2026-06-26 21:30:26,9783,명조:워더링 웨이브,GAME,6214
13891253,a6c4ddb09cdb160478996007bff35296,아라하시 타비,Arahashi Tabi,UNIVERSE,[봉켓몬] 4일 차 칠색조와 타치리스의 모험⚡⚡⚡,2026-06-26 02:49:37,38568,마인크래프트,GAME,10409
13877745,a6c4ddb09cdb160478996007bff35296,아라하시 타비,Arahashi Tabi,UNIVERSE,⚽ 남아공 vs 대한민국 응원하러 와써여 ⚽ 대한민국 화이팅 🩵,2026-06-25 14:47:00,10243,2026 FIFA 북중미 월드컵,SPORTS,1712
13876021,a6c4ddb09cdb160478996007bff35296,아라하시 타비,Arahashi Tabi,UNIVERSE,⚽ 남아공 vs 대한민국 응원하러 와써여 ⚽ 대한민국 화이팅 🩵,2026-06-25 09:13:42,496,2026 FIFA 북중미 월드컵,SPORTS,398
13876105,a6c4ddb09cdb160478996007bff35296,아라하시 타비,Arahashi Tabi,UNIVERSE,⚽ 남아공 vs 대한민국 응원하러 와써여 ⚽ 대한민국 화이팅 🩵,2026-06-25 09:11:26,223,2026 FIFA 북중미 월드컵,SPORTS,474
13872823,a6c4ddb09cdb160478996007bff35296,아라하시 타비,Arahashi Tabi,UNIVERSE,[봉켓몬] 3일 차 칠색조와 타치리스의 모험⚡⚡⚡,2026-06-25 02:18:13,37023,마인크래프트,GAME,4895
13858031,a6c4ddb09cdb160478996007bff35296,아라하시 타비,Arahashi Tabi,UNIVERSE,[봉켓몬] 2일 차 타치리스의 모험⚡⚡⚡,2026-06-24 03:39:28,41709,마인크래프트,GAME,11230
13841830,a6c4ddb09cdb160478996007bff35296,아라하시 타비,Arahashi Tabi,UNIVERSE,[봉켓몬] 1일 차 타치리스의 모험⚡⚡⚡,2026-06-23 03:02:25,42662,마인크래프트,GAME,9477
13823863,a6c4ddb09cdb160478996007bff35296,아라하시 타비,Arahashi Tabi,UNIVERSE,눈물이 나,2026-06-22 00:24:01,11641,talk,ETC,5935
13817129,a6c4ddb09cdb160478996007bff35296,아라하시 타비,Arahashi Tabi,UNIVERSE,그냥 망고는 싫어. 근데 건망고는 좋아. 그리고 맥도날드의 망고 피치 아이스티도 좋아. and 망고 크런치 슬랑이도 좋아🥭,2026-06-21 18:18:45,11701,talk,ETC,7092
13813940,a6c4ddb09cdb160478996007bff35296,아라하시 타비,Arahashi Tabi,UNIVERSE,나나랑 놀기로함 ㅎㅅㅎ,2026-06-21 13:08:23,258,talk,ETC,12079
13807615,a6c4ddb09cdb160478996007bff35296,아라하시 타비,Arahashi Tabi,UNIVERSE,🩵PM 6시 신의상 공개🩵 I'm your bias !! It's Me !!,2026-06-21 01:25:49,26631,talk,ETC,18018
13779811,a6c4ddb09cdb160478996007bff35296,아라하시 타비,Arahashi Tabi,UNIVERSE, ⚽2026 북중미 월드컵 대한민국 vs 멕시코 응원 승리 기원 ⚽,2026-06-19 15:03:09,11518,2026 FIFA 북중미 월드컵,SPORTS,1711
13780005,a6c4ddb09cdb160478996007bff35296,아라하시 타비,Arahashi Tabi,UNIVERSE,🩵6 / 20(토) PM 6시 신의상 공개🩵,2026-06-19 12:42:06,1370,talk,ETC,1526
13768315,a6c4ddb09cdb160478996007bff35296,아라하시 타비,Arahashi Tabi,UNIVERSE,🩵6 / 20(토) PM 6시 신의상 공개🩵,2026-06-18 22:32:03,22910,talk,ETC,3513
13756455,a6c4ddb09cdb160478996007bff35296,아라하시 타비,Arahashi Tabi,UNIVERSE,🩵6 / 20(토) PM 6시 신의상 공개🩵,2026-06-18 01:16:58,35759,talk,ETC,3367
13707100,a6c4ddb09cdb160478996007bff35296,아라하시 타비,Arahashi Tabi,UNIVERSE,🩵6 / 20(토) PM 6시 신의상 공개🩵,2026-06-14 23:01:21,31999,talk,ETC,3450
13691492,a6c4ddb09cdb160478996007bff35296,아라하시 타비,Arahashi Tabi,UNIVERSE,🩵6 / 20(토) PM 6시 신의상 공개🩵,2026-06-14 00:09:50,31779,talk,ETC,4371
13665962,a6c4ddb09cdb160478996007bff35296,아라하시 타비,Arahashi Tabi,UNIVERSE,대한민국 vs 체코보려고 아침 일찍 일어나써요,2026-06-12 15:28:57,9919,2026 FIFA 북중미 월드컵,SPORTS,6721
13664578,a6c4ddb09cdb160478996007bff35296,아라하시 타비,Arahashi Tabi,UNIVERSE,대한민국 vs 체코보려고 아침 일찍 일어나써요,2026-06-12 10:18:52,1462,talk,ETC,1820
13658226,a6c4ddb09cdb160478996007bff35296,아라하시 타비,Arahashi Tabi,UNIVERSE,"[🩵따비 3주년🩵] 정 따 비의 시간이다 (๑•̀ㅂ•́)و✧
",2026-06-12 00:15:03,11349,talk,ETC,2760
13653889,a6c4ddb09cdb160478996007bff35296,아라하시 타비,Arahashi Tabi,UNIVERSE,"[💛🖤UIV 3주년❤️🩵] 대 축 제의 시간이다 (๑•̀ㅂ•́)و✧
",2026-06-11 21:03:52,10563,talk,ETC,7514
13625272,a6c4ddb09cdb160478996007bff35296,아라하시 타비,Arahashi Tabi,UNIVERSE,"나나랑 같이 시참 숨박꼭질 !
",2026-06-09 22:57:22,10408,두근두근타운,GAME,4514
13610725,a6c4ddb09cdb160478996007bff35296,아라하시 타비,Arahashi Tabi,UNIVERSE,오늘은,2026-06-08 22:58:27,17660,talk,ETC,8711
13598416,a6c4ddb09cdb160478996007bff35296,아라하시 타비,Arahashi Tabi,UNIVERSE,흐흐흐,2026-06-08 00:15:25,22895,talk,ETC,3810
13583396,a6c4ddb09cdb160478996007bff35296,아라하시 타비,Arahashi Tabi,UNIVERSE,따비비빕비비비비빗,2026-06-07 01:50:14,34968,talk,ETC,2757
13565522,a6c4ddb09cdb160478996007bff35296,아라하시 타비,Arahashi Tabi,UNIVERSE,솔로 좀보는 처음이라இ௰இ [Day 1],2026-06-06 01:13:18,32933,talk,ETC,3311
13548787,a6c4ddb09cdb160478996007bff35296,아라하시 타비,Arahashi Tabi,UNIVERSE,타비 조아?,2026-06-05 00:11:20,26432,talk,ETC,6175
13538944,a6c4ddb09cdb160478996007bff35296,아라하시 타비,Arahashi Tabi,UNIVERSE,007 안 본 사람이 하는 007 게임,2026-06-04 06:49:02,54254,talk,ETC,3392
13487113,a6c4ddb09cdb160478996007bff35296,아라하시 타비,Arahashi Tabi,UNIVERSE,타흐흐흑흐흑흑흑흑,2026-06-01 00:43:43,24448,talk,ETC,3705
13454088,a6c4ddb09cdb160478996007bff35296,아라하시 타비,Arahashi Tabi,UNIVERSE,니아야...,2026-05-30 01:55:27,21745,talk,ETC,6480
13435793,a6c4ddb09cdb160478996007bff35296,아라하시 타비,Arahashi Tabi,UNIVERSE,✨히히✨,2026-05-29 00:07:45,32213,talk,ETC,5066
13403393,a6c4ddb09cdb160478996007bff35296,아라하시 타비,Arahashi Tabi,UNIVERSE,✨ 스텔라이브 후열 갈틱폰 ✨,2026-05-26 23:11:04,24430,talk,ETC,5190
13372999,a6c4ddb09cdb160478996007bff35296,아라하시 타비,Arahashi Tabi,UNIVERSE,🩵모라하지마🩵 서버 마지막.날,2026-05-25 00:23:52,27809,마인크래프트,GAME,12564
13356494,a6c4ddb09cdb160478996007bff35296,아라하시 타비,Arahashi Tabi,UNIVERSE,🩵모라하지마🩵 서버 2일차는 괜찮을까இ௰இ,2026-05-24 00:25:37,28143,마인크래프트,GAME,10248
13340153,a6c4ddb09cdb160478996007bff35296,아라하시 타비,Arahashi Tabi,UNIVERSE,🎉모라하지마 서버 6시 OPEN🎉,2026-05-23 00:50:10,30102,마인크래프트,GAME,13945
13303581,a6c4ddb09cdb160478996007bff35296,아라하시 타비,Arahashi Tabi,UNIVERSE,8시 모라하지마 서버 설명회(๑•̀ㅂ•́)و✧,2026-05-20 21:06:59,10639,talk,ETC,11872
13294458,a6c4ddb09cdb160478996007bff35296,아라하시 타비,Arahashi Tabi,UNIVERSE,츄밥 대회 후열 구구덕,2026-05-20 01:33:02,41043,구스 구스 덕,GAME,6997
13277856,a6c4ddb09cdb160478996007bff35296,아라하시 타비,Arahashi Tabi,UNIVERSE,[츄밥 대회] 티어 결정전 !!! (●ˇ∀ˇ●) 돈을 써 생산해 스톰을 써,2026-05-19 00:47:19,32976,스타크래프트 : 리마스터,GAME,4108
13263670,a6c4ddb09cdb160478996007bff35296,아라하시 타비,Arahashi Tabi,UNIVERSE,[츄밥 대회] 연습 2일 차 : 10시 강의 듣기(W.크랭크넴 에리스넴),2026-05-18 01:05:06,35859,스타크래프트 : 리마스터,GAME,3515
13246480,a6c4ddb09cdb160478996007bff35296,아라하시 타비,Arahashi Tabi,UNIVERSE,츄밥 대전 연습하기 1일차 : 욕심을 버리고...,2026-05-17 01:21:42,26383,talk,ETC,4095
13220337,a6c4ddb09cdb160478996007bff35296,아라하시 타비,Arahashi Tabi,UNIVERSE,한시간만 잠깐,2026-05-15 16:32:22,2807,talk,ETC,1933
13214791,a6c4ddb09cdb160478996007bff35296,아라하시 타비,Arahashi Tabi,UNIVERSE,오늘은 명조 ! 3장 5막 밀어볼게여 !,2026-05-15 02:14:12,29438,명조:워더링 웨이브,GAME,8267
13184634,a6c4ddb09cdb160478996007bff35296,아라하시 타비,Arahashi Tabi,UNIVERSE,명조 여러 사람들의 성원에 힘입어 복귀합니다 (╹ڡ╹ ),2026-05-13 03:46:11,22468,명조:워더링 웨이브,GAME,6565
13166636,a6c4ddb09cdb160478996007bff35296,아라하시 타비,Arahashi Tabi,UNIVERSE,융융한테 전파 공격 맞음,2026-05-12 00:59:25,24768,talk,ETC,4276
13157764,a6c4ddb09cdb160478996007bff35296,아라하시 타비,Arahashi Tabi,UNIVERSE,일본어 수업 2시 반 !! 일본어 수업 2시 반 !! 일본어 수업 2시 반 !! 일본어 수업 2시 반 !! 일본어 수업 2시 반 !! 일본어 수업 2시 반 !! ,2026-05-11 14:26:06,2491,talk,ETC,2165
13150069,a6c4ddb09cdb160478996007bff35296,아라하시 타비,Arahashi Tabi,UNIVERSE,지렁이가 세상에서 제일 싫어,2026-05-10 23:51:31,34534,talk,ETC,4576
13128388,a6c4ddb09cdb160478996007bff35296,아라하시 타비,Arahashi Tabi,UNIVERSE,감기때무내 조금 멍하고 맹해여 멍청한거 아니애여,2026-05-09 19:46:44,2314,talk,ETC,3149
13111430,a6c4ddb09cdb160478996007bff35296,아라하시 타비,Arahashi Tabi,UNIVERSE,스텔라이브 (StelLive) | 'STAR TRAIL' 6시 공개 - 늦어서 미아내여,2026-05-08 19:37:51,7877,talk,ETC,5994
13069475,a6c4ddb09cdb160478996007bff35296,아라하시 타비,Arahashi Tabi,UNIVERSE,5/5일 간단 컨텐추,2026-05-06 00:01:48,27138,talk,ETC,7614
13054340,a6c4ddb09cdb160478996007bff35296,아라하시 타비,Arahashi Tabi,UNIVERSE,난 겜ㅁ못못못못못못못못못못못못못못못못못못못스,2026-05-05 02:06:32,36188,talk,ETC,7408
13022887,a6c4ddb09cdb160478996007bff35296,아라하시 타비,Arahashi Tabi,UNIVERSE,내가 와따,2026-05-03 02:34:35,37836,talk,ETC,6336
13004863,a6c4ddb09cdb160478996007bff35296,아라하시 타비,Arahashi Tabi,UNIVERSE,나도 하면 는다 !!!,2026-05-02 01:24:54,26858,talk,ETC,4384
12971409,a6c4ddb09cdb160478996007bff35296,아라하시 타비,Arahashi Tabi,UNIVERSE,따비댜,2026-04-30 01:11:36,22593,talk,ETC,3474
12944703,a6c4ddb09cdb160478996007bff35296,아라하시 타비,Arahashi Tabi,UNIVERSE,저에여.. 일하러 가기 준비하기 전에 밥 먹기 방송 켰어요,2026-04-28 12:33:02,7427,talk,ETC,3204
12926442,a6c4ddb09cdb160478996007bff35296,아라하시 타비,Arahashi Tabi,UNIVERSE,안구건조증,2026-04-27 02:27:54,30037,talk,ETC,7237
12908540,a6c4ddb09cdb160478996007bff35296,아라하시 타비,Arahashi Tabi,UNIVERSE,"후열 옵찌 (W. 리제, 봄냥, 리코)",2026-04-26 01:45:41,35669,오버워치,GAME,6252
12893393,a6c4ddb09cdb160478996007bff35296,아라하시 타비,Arahashi Tabi,UNIVERSE,"9시 금칙어 게임 !! (W.핑맨넴, 다주 언니, 악녀넴, 김진우넴, 히나)",2026-04-25 03:05:18,35803,talk,ETC,10632
12848033,a6c4ddb09cdb160478996007bff35296,아라하시 타비,Arahashi Tabi,UNIVERSE,엔 타로 제라툴 !! - 스타크래프트2 공허의 유산 #1,2026-04-22 05:47:47,45337,스타크래프트 II : 공허의 유산,GAME,14771
12814550,a6c4ddb09cdb160478996007bff35296,아라하시 타비,Arahashi Tabi,UNIVERSE,나의 유산 프로토스  - 스타크래프트 군단의 심장 #2 + 공허의 유산 프롤로그,2026-04-20 00:43:26,23752,talk,ETC,9145
12800709,a6c4ddb09cdb160478996007bff35296,아라하시 타비,Arahashi Tabi,UNIVERSE,"""개 뉴 비"" 가 하는 스타크래프트 자유의 날개 #3 + 군단의 심장 #1",2026-04-19 03:42:31,41573,talk,ETC,10941
12783907,a6c4ddb09cdb160478996007bff35296,아라하시 타비,Arahashi Tabi,UNIVERSE,"""개 뉴 비"" 가 하는 스타크래프트 자유의 날개 #2",2026-04-18 03:53:49,33424,스타크래프트 II : 자유의 날개,GAME,9152
12766257,a6c4ddb09cdb160478996007bff35296,아라하시 타비,Arahashi Tabi,UNIVERSE,완 전 개 뉴 비 초 보 자,2026-04-17 02:04:32,28681,talk,ETC,12426
12735935,a6c4ddb09cdb160478996007bff35296,아라하시 타비,Arahashi Tabi,UNIVERSE,재밌긴해 ~,2026-04-15 03:07:59,32533,talk,ETC,6017
12703644,a6c4ddb09cdb160478996007bff35296,아라하시 타비,Arahashi Tabi,UNIVERSE,황혼의 숲 히히,2026-04-13 01:11:39,29442,talk,ETC,2853
12689708,a6c4ddb09cdb160478996007bff35296,아라하시 타비,Arahashi Tabi,UNIVERSE,황혼의 숲 처음 재미땨,2026-04-12 04:07:39,40446,talk,ETC,4179
12672427,a6c4ddb09cdb160478996007bff35296,아라하시 타비,Arahashi Tabi,UNIVERSE,후열 핀과 어드벤처 타임 DLC 청끼끼,2026-04-11 03:32:32,46899,파워워시 시뮬레이터 2,GAME,3743
12593507,a6c4ddb09cdb160478996007bff35296,아라하시 타비,Arahashi Tabi,UNIVERSE,다이애나는 내 딸랑구,2026-04-06 02:03:16,32263,talk,ETC,4254
12580299,a6c4ddb09cdb160478996007bff35296,아라하시 타비,Arahashi Tabi,UNIVERSE,먀하,2026-04-05 08:59:56,19444,talk,ETC,4502
12542022,a6c4ddb09cdb160478996007bff35296,아라하시 타비,Arahashi Tabi,UNIVERSE,정상 사이 비정상,2026-04-03 01:05:40,28724,talk,ETC,4390
12527184,a6c4ddb09cdb160478996007bff35296,아라하시 타비,Arahashi Tabi,UNIVERSE,오늘 방송 요약 : 타람쥐 혐오,2026-04-02 01:35:26,26882,talk,ETC,5789
12494200,a6c4ddb09cdb160478996007bff35296,아라하시 타비,Arahashi Tabi,UNIVERSE,"오늘 방송 요약 : 순수재미바이러스를 구불육바이러스가 이기고, 건쫑 산딴쫑 영창하기",2026-03-31 01:57:38,28131,talk,ETC,4316
12459449,a6c4ddb09cdb160478996007bff35296,아라하시 타비,Arahashi Tabi,UNIVERSE,오늘 방송 요약 : 돈 없어진 타비를 뿡댕이가 핍박하고 매몰차게 버림,2026-03-29 00:31:15,33759,talk,ETC,4402
12443995,a6c4ddb09cdb160478996007bff35296,아라하시 타비,Arahashi Tabi,UNIVERSE,눈동자 맞히기 !,2026-03-28 01:46:58,34799,talk,ETC,8303
12410927,a6c4ddb09cdb160478996007bff35296,아라하시 타비,Arahashi Tabi,UNIVERSE,붉은 사막하고시퍼서 뛰어옴 헥헥,2026-03-26 01:05:35,32104,붉은사막,GAME,2215
12400985,a6c4ddb09cdb160478996007bff35296,아라하시 타비,Arahashi Tabi,UNIVERSE,일본어 수업 가기 전 밥 먹는 게릴라,2026-03-25 14:24:44,4248,talk,ETC,1816
12398028,a6c4ddb09cdb160478996007bff35296,아라하시 타비,Arahashi Tabi,UNIVERSE,게임 겁나 못하는 저도 붉은 사막을 해도 될까요...,2026-03-25 03:57:05,32440,붉은사막,GAME,2446
12381604,a6c4ddb09cdb160478996007bff35296,아라하시 타비,Arahashi Tabi,UNIVERSE,저 오늘 너무 힘든 하루였어요................................................................................구라에요,2026-03-24 02:48:36,10367,talk,ETC,3789
12363363,a6c4ddb09cdb160478996007bff35296,아라하시 타비,Arahashi Tabi,UNIVERSE,포탈 2 스피드런(아님),2026-03-23 00:28:03,33189,포탈 2,GAME,3735
12329859,a6c4ddb09cdb160478996007bff35296,아라하시 타비,Arahashi Tabi,UNIVERSE,"""적군조차 싸우러 왔다가 간식을 사 들고 돌아가게 만들 '평화로운 멸망'의 관상입니다.""",2026-03-21 01:55:24,33032,talk,ETC,3634
12312514,a6c4ddb09cdb160478996007bff35296,아라하시 타비,Arahashi Tabi,UNIVERSE,오늘도 세상을 구하는 뚫어뻥 히어로가 될거야,2026-03-20 01:02:32,26643,드레인심,GAME,2403
12297859,a6c4ddb09cdb160478996007bff35296,아라하시 타비,Arahashi Tabi,UNIVERSE,"가훈 ""나는 순수재미임""",2026-03-19 02:00:46,29422,드레인심,GAME,3118
12283195,a6c4ddb09cdb160478996007bff35296,아라하시 타비,Arahashi Tabi,UNIVERSE,안 올 줄 알았지? ㅋ,2026-03-18 03:05:36,12639,talk,ETC,2679
12250167,a6c4ddb09cdb160478996007bff35296,아라하시 타비,Arahashi Tabi,UNIVERSE,찐따 타비 💗 찐따 김이박최더보기 뿡댕,2026-03-16 01:03:00,31948,talk,ETC,3737
12225273,a6c4ddb09cdb160478996007bff35296,아라하시 타비,Arahashi Tabi,UNIVERSE,"✨""무면허 운전연수학원""✨",2026-03-14 19:35:02,17345,talk,ETC,4242
12195946,a6c4ddb09cdb160478996007bff35296,아라하시 타비,Arahashi Tabi,UNIVERSE,싸커킥,2026-03-13 00:05:09,27701,talk,ETC,3776
12168849,a6c4ddb09cdb160478996007bff35296,아라하시 타비,Arahashi Tabi,UNIVERSE,다행스럽게도 기절은 하지 않았답니다 ^0^ 히히,2026-03-11 05:01:41,35416,talk,ETC,6893
12138651,a6c4ddb09cdb160478996007bff35296,아라하시 타비,Arahashi Tabi,UNIVERSE,휴방,2026-03-09 07:05:59,16289,talk,ETC,6848
12115907,a6c4ddb09cdb160478996007bff35296,아라하시 타비,Arahashi Tabi,UNIVERSE,세 줄 이상 읽기 싫습니다.,2026-03-08 00:43:47,27248,talk,ETC,4295
12097026,a6c4ddb09cdb160478996007bff35296,아라하시 타비,Arahashi Tabi,UNIVERSE,데뷔한지1000일입니닷그동안정말다사다난한하루하루였지만여러분들덕분에정말즐거운1000일을보낼수있었던것같습니닷정말감사드립니다!매우많이사랑하구여저는오늘도간!바리마쑤👊,2026-03-07 00:10:35,23916,talk,ETC,4610
12082559,a6c4ddb09cdb160478996007bff35296,아라하시 타비,Arahashi Tabi,UNIVERSE,⭐ 작년 11월 부터 개그티 기다렸던 포코피아 ⭐,2026-03-06 01:03:25,33795,포켓몬 포코피아,GAME,3319
12069654,a6c4ddb09cdb160478996007bff35296,아라하시 타비,Arahashi Tabi,UNIVERSE,타비다요,2026-03-05 04:11:24,52404,talk,ETC,2937
12039063,a6c4ddb09cdb160478996007bff35296,아라하시 타비,Arahashi Tabi,UNIVERSE,[픽크타2] 선발대도 18시간 걸렸다던 보스 궁금하다,2026-03-03 06:44:40,51736,마인크래프트,GAME,5659
12021051,a6c4ddb09cdb160478996007bff35296,아라하시 타비,Arahashi Tabi,UNIVERSE,[픽크타2] 게이트 오브 바빌론,2026-03-02 04:08:42,53011,마인크래프트,GAME,4297
12021198,a6c4ddb09cdb160478996007bff35296,아라하시 타비,Arahashi Tabi,UNIVERSE,[픽크타2] 게이트 오브 바빌론,2026-03-02 04:04:25,601,마인크래프트,GAME,1223
12004037,a6c4ddb09cdb160478996007bff35296,아라하시 타비,Arahashi Tabi,UNIVERSE,[픽크타2] BRAIN MELT DOWN,2026-03-01 04:26:06,52407,마인크래프트,GAME,3486
11987961,a6c4ddb09cdb160478996007bff35296,아라하시 타비,Arahashi Tabi,UNIVERSE,[픽크타2] 어제 하루 통으로 쉬었는데 저 개10도태녀인가요?,2026-02-28 06:28:21,59518,마인크래프트,GAME,3416
11953128,a6c4ddb09cdb160478996007bff35296,아라하시 타비,Arahashi Tabi,UNIVERSE,[픽크타2] 오늘은 누구랑 파티하짐,2026-02-26 04:18:25,51023,마인크래프트,GAME,4147
11936308,a6c4ddb09cdb160478996007bff35296,아라하시 타비,Arahashi Tabi,UNIVERSE,[픽크타] ㅁ;ㅣ어어애애ㅓ애ㅓ애ㅓㅇ어ㅐ으에ㅡㅇ,2026-02-25 04:28:26,53816,마인크래프트,GAME,3560
11919917,a6c4ddb09cdb160478996007bff35296,아라하시 타비,Arahashi Tabi,UNIVERSE,[픽크타] 리제는 엉덩이 맞아,2026-02-24 04:26:45,38994,마인크래프트,GAME,3325
11904224,a6c4ddb09cdb160478996007bff35296,아라하시 타비,Arahashi Tabi,UNIVERSE,근데 남들은 안쉬어,2026-02-23 04:39:47,30135,마인크래프트,GAME,3588
11892516,a6c4ddb09cdb160478996007bff35296,아라하시 타비,Arahashi Tabi,UNIVERSE,근데 남들은 안쉬어,2026-02-22 18:05:56,19766,마인크래프트,GAME,2946
11886482,a6c4ddb09cdb160478996007bff35296,아라하시 타비,Arahashi Tabi,UNIVERSE,픽크타 2 오픈런 하기 !,2026-02-22 04:37:13,49321,마인크래프트,GAME,6449
11867692,a6c4ddb09cdb160478996007bff35296,아라하시 타비,Arahashi Tabi,UNIVERSE,쿠다라나이,2026-02-21 03:11:26,14860,talk,ETC,3101
11826231,a6c4ddb09cdb160478996007bff35296,아라하시 타비,Arahashi Tabi,UNIVERSE,재밌어따 히히 ,2026-02-18 21:38:48,20279,talk,ETC,3909
11808263,a6c4ddb09cdb160478996007bff35296,아라하시 타비,Arahashi Tabi,UNIVERSE,컨텐츠는 아니더라도 약속은 지켜야제 새해 복 많이 받으세여,2026-02-17 18:23:33,5916,talk,ETC,2815
11799691,a6c4ddb09cdb160478996007bff35296,아라하시 타비,Arahashi Tabi,UNIVERSE,🎮내 아내인 척 하는 할매와 함께하는 얍얍 게임🎮,2026-02-17 00:23:57,20934,얍얍,GAME,4630
11789870,a6c4ddb09cdb160478996007bff35296,아라하시 타비,Arahashi Tabi,UNIVERSE,⭐타비의 1승 챌린지 !!! VS 뿡댕이 5라운드 마리오카트⭐,2026-02-16 05:01:07,49667,talk,ETC,7433
11768714,a6c4ddb09cdb160478996007bff35296,아라하시 타비,Arahashi Tabi,UNIVERSE,💙발렌타인기념 스텔 5명이서 롤데이트(W.린 나나 마시로 리제)💙,2026-02-15 00:16:51,24407,리그 오브 레전드,GAME,4161
11760247,a6c4ddb09cdb160478996007bff35296,아라하시 타비,Arahashi Tabi,UNIVERSE,다시 동물,2026-02-14 15:09:14,10596,리애니멀,GAME,2843
11752409,a6c4ddb09cdb160478996007bff35296,아라하시 타비,Arahashi Tabi,UNIVERSE,백만년만에 13 금👻 리애니멀 오픈런,2026-02-14 01:16:24,27360,리애니멀,GAME,4954
11703587,a6c4ddb09cdb160478996007bff35296,아라하시 타비,Arahashi Tabi,UNIVERSE,💗.💗,2026-02-11 03:22:13,37154,talk,ETC,10120
11679675,a6c4ddb09cdb160478996007bff35296,아라하시 타비,Arahashi Tabi,UNIVERSE,무아아아아아아앙,2026-02-09 22:06:23,15283,talk,ETC,4847
11648687,a6c4ddb09cdb160478996007bff35296,아라하시 타비,Arahashi Tabi,UNIVERSE,⭐나는야 벌목왕⭐,2026-02-08 00:17:51,38147,마인크래프트,GAME,35990
11636675,a6c4ddb09cdb160478996007bff35296,아라하시 타비,Arahashi Tabi,UNIVERSE,"👑""판매왕""👑입니다!",2026-02-07 04:48:44,50743,마인크래프트,GAME,9394
11618970,a6c4ddb09cdb160478996007bff35296,아라하시 타비,Arahashi Tabi,UNIVERSE,"👑""벌목왕""👑일까요?",2026-02-06 04:13:33,48625,마인크래프트,GAME,8044
11601996,a6c4ddb09cdb160478996007bff35296,아라하시 타비,Arahashi Tabi,UNIVERSE,"👑""벌목왕""👑",2026-02-05 04:00:50,48362,마인크래프트,GAME,6716
11584525,a6c4ddb09cdb160478996007bff35296,아라하시 타비,Arahashi Tabi,UNIVERSE,"👑""벌목왕""👑",2026-02-04 03:08:00,46252,마인크래프트,GAME,5282
11568989,a6c4ddb09cdb160478996007bff35296,아라하시 타비,Arahashi Tabi,UNIVERSE,"👑""벌목왕""👑",2026-02-03 04:00:24,33890,마인크래프트,GAME,6169
11553845,a6c4ddb09cdb160478996007bff35296,아라하시 타비,Arahashi Tabi,UNIVERSE,🐤쪼아요 ~ 쪼아요 ~ 벌목 넘모 쪼아요~ #봉봉팜🐤,2026-02-02 05:17:04,54853,마인크래프트,GAME,6406
11536651,a6c4ddb09cdb160478996007bff35296,아라하시 타비,Arahashi Tabi,UNIVERSE,초심 찾기 #5 🐤봉봉팜 오픈런 !🐤,2026-02-01 05:18:16,46705,마인크래프트,GAME,6714
11496476,a6c4ddb09cdb160478996007bff35296,아라하시 타비,Arahashi Tabi,UNIVERSE,초심 찾기 #4 🐤건실하게 최강동물 월드컵하기🐤,2026-01-29 23:58:41,24326,talk,ETC,4431
11478807,a6c4ddb09cdb160478996007bff35296,아라하시 타비,Arahashi Tabi,UNIVERSE,초심 찾기 #3 🐤유니버스 백만년만의 합방🐤,2026-01-28 23:34:55,30336,미메시스,GAME,6081
11467692,a6c4ddb09cdb160478996007bff35296,아라하시 타비,Arahashi Tabi,UNIVERSE,초심 찾기 #2 🐤타비가 깜짝뱅을 하는 것을 동의하셨습니까?🐤,2026-01-28 03:23:20,44410,이용약관에 동의하고 싶어,GAME,7052
11434911,a6c4ddb09cdb160478996007bff35296,아라하시 타비,Arahashi Tabi,UNIVERSE,폴가이즈 개패기,2026-01-26 02:22:27,33244,폴가이즈,GAME,4417
11406029,a6c4ddb09cdb160478996007bff35296,아라하시 타비,Arahashi Tabi,UNIVERSE,Re: 제로부터 시작하는 치지직 생활,2026-01-24 14:04:43,7793,talk,ETC,6039
11378450,a6c4ddb09cdb160478996007bff35296,아라하시 타비,Arahashi Tabi,UNIVERSE,엔필 밀어보쟈 ㅋㅋ,2026-01-22 22:57:48,24607,talk,ETC,3524
11368250,a6c4ddb09cdb160478996007bff35296,아라하시 타비,Arahashi Tabi,UNIVERSE,린 대 장 님과 함께하는 하코런 !,2026-01-22 04:44:18,43916,마인크래프트,GAME,6701
11331712,a6c4ddb09cdb160478996007bff35296,아라하시 타비,Arahashi Tabi,UNIVERSE,뿡댕이,2026-01-20 01:25:33,26482,talk,ETC,5480
11311181,a6c4ddb09cdb160478996007bff35296,아라하시 타비,Arahashi Tabi,UNIVERSE,페이트 안본 뇌 후기,2026-01-18 22:08:00,1961,talk,ETC,2942
11303991,a6c4ddb09cdb160478996007bff35296,아라하시 타비,Arahashi Tabi,UNIVERSE,2일 내내 까먹고 방음부스 에어컨 안 끈녀석,2026-01-18 11:46:08,5718,오거나이즈드 인사이드,GAME,1989
11303161,a6c4ddb09cdb160478996007bff35296,아라하시 타비,Arahashi Tabi,UNIVERSE,2일 내내 까먹고 방음부스 에어컨 안 끈녀석,2026-01-18 08:01:00,15767,오거나이즈드 인사이드,GAME,3610
11264128,a6c4ddb09cdb160478996007bff35296,아라하시 타비,Arahashi Tabi,UNIVERSE,내 목소리 동물원 !,2026-01-16 01:09:40,32470,마이보이스주,GAME,4914
11243735,a6c4ddb09cdb160478996007bff35296,아라하시 타비,Arahashi Tabi,UNIVERSE,별 생각ㅇㅣ 없습미다,2026-01-14 23:21:35,26152,talk,ETC,4960
11209568,a6c4ddb09cdb160478996007bff35296,아라하시 타비,Arahashi Tabi,UNIVERSE,후열 구구덕 (W.스텔라이브 나 포함 8인),2026-01-12 23:01:05,23102,구스 구스 덕,GAME,4824
11196673,a6c4ddb09cdb160478996007bff35296,아라하시 타비,Arahashi Tabi,UNIVERSE,"5시 내가 브레인인 세계선(W.유니,히나,리코)",2026-01-12 00:56:14,33447,방 탈출 시뮬레이터2,GAME,5490
11177676,a6c4ddb09cdb160478996007bff35296,아라하시 타비,Arahashi Tabi,UNIVERSE,인기인의 삶,2026-01-11 00:13:40,34693,코지 카라반,GAME,3129
11164338,a6c4ddb09cdb160478996007bff35296,아라하시 타비,Arahashi Tabi,UNIVERSE,너무 열받지 마세요 저는 이리 뉴비입니다 여러분 너무 화내지마세요 제발 부탁드립니다 저는 최선을 다 하고 있는 것입니다 너무 핍박하지 말하주세요 제발 부탁입니다 사랑합니다 이터널리,2026-01-10 03:00:33,14183,talk,ETC,4065
11148400,a6c4ddb09cdb160478996007bff35296,아라하시 타비,Arahashi Tabi,UNIVERSE,마피아 놀이 할 사람 여기여기 붙어라~,2026-01-09 04:02:57,38949,마피아 데피니티브 에디션,GAME,3004
11129933,a6c4ddb09cdb160478996007bff35296,아라하시 타비,Arahashi Tabi,UNIVERSE,응애,2026-01-08 02:20:02,29357,talk,ETC,5231
11078090,a6c4ddb09cdb160478996007bff35296,아라하시 타비,Arahashi Tabi,UNIVERSE,ㅋㅋ 데이트 ㅋㅋ 재밌다 ㅋㅋ (W.츠나),2026-01-04 23:59:10,5038,talk,ETC,17905
11047548,a6c4ddb09cdb160478996007bff35296,아라하시 타비,Arahashi Tabi,UNIVERSE,린네 뒤12져따,2026-01-03 03:01:09,32259,명조:워더링 웨이브,GAME,8278
11011484,a6c4ddb09cdb160478996007bff35296,아라하시 타비,Arahashi Tabi,UNIVERSE,🩵연말 시상식이 나왔대여 같이 봐요 !!🩵,2026-01-01 02:14:43,30314,talk,ETC,11985
10960686,a6c4ddb09cdb160478996007bff35296,아라하시 타비,Arahashi Tabi,UNIVERSE,세컨클 가야디가야지,2025-12-29 01:18:35,39261,마인크래프트,GAME,5623
10948842,a6c4ddb09cdb160478996007bff35296,아라하시 타비,Arahashi Tabi,UNIVERSE,2025년 12월 27일 1부 미언녀ㅛ,2025-12-28 08:22:34,61200,마인크래프트,GAME,5232
10948874,a6c4ddb09cdb160478996007bff35296,아라하시 타비,Arahashi Tabi,UNIVERSE,2025년 12월 27일 2부 미언녀ㅛ,2025-12-28 08:15:07,371,마인크래프트,GAME,1315
10931679,a6c4ddb09cdb160478996007bff35296,아라하시 타비,Arahashi Tabi,UNIVERSE,창 버프 감사합니다,2025-12-27 06:47:38,57657,마인크래프트,GAME,5886
10916204,a6c4ddb09cdb160478996007bff35296,아라하시 타비,Arahashi Tabi,UNIVERSE,2025년 12월 25일 2부 🎄 메리크리스마스 !!!🎄 멋공책 RPG 오늘도 열심히 !!,2025-12-26 08:57:19,5233,마인크래프트,GAME,2902
10915783,a6c4ddb09cdb160478996007bff35296,아라하시 타비,Arahashi Tabi,UNIVERSE,2025년 12월 25일 1부 🎄 메리크리스마스 !!!🎄 멋공책 RPG 오늘도 열심히 !!,2025-12-26 07:04:53,61200,마인크래프트,GAME,4378
10896450,a6c4ddb09cdb160478996007bff35296,아라하시 타비,Arahashi Tabi,UNIVERSE,2025년 12월 24일 2부 ⭐ 멋사 RPG 서버 우리가 최강이 될개 ⭐,2025-12-25 06:41:06,3747,마인크래프트,GAME,2666
10895902,a6c4ddb09cdb160478996007bff35296,아라하시 타비,Arahashi Tabi,UNIVERSE,2025년 12월 24일 1부 ⭐ 멋사 RPG 서버 우리가 최강이 될개 ⭐,2025-12-25 05:25:04,61200,마인크래프트,GAME,4313
10879034,a6c4ddb09cdb160478996007bff35296,아라하시 타비,Arahashi Tabi,UNIVERSE,2025년 12월 23일 2부 ⭐ 멋사 RPG 서버 히든 직업 찾고싶어여!! ⭐,2025-12-24 09:58:28,12912,마인크래프트,GAME,2898
10877807,a6c4ddb09cdb160478996007bff35296,아라하시 타비,Arahashi Tabi,UNIVERSE,2025년 12월 23일 1부 ⭐ 멋사 RPG 서버 히든 직업 찾고싶어여!! ⭐,2025-12-24 04:49:09,61200,마인크래프트,GAME,5017
10859478,a6c4ddb09cdb160478996007bff35296,아라하시 타비,Arahashi Tabi,UNIVERSE,⭐ 멋사 RPG 서버 오픈런 !! ⭐,2025-12-23 01:51:39,46129,마인크래프트,GAME,6465
10842445,a6c4ddb09cdb160478996007bff35296,아라하시 타비,Arahashi Tabi,UNIVERSE,🩵 멋사 공책 RPG 오픈 베타테스트 !! 🩵,2025-12-22 00:43:15,34320,마인크래프트,GAME,6326
10775467,a6c4ddb09cdb160478996007bff35296,아라하시 타비,Arahashi Tabi,UNIVERSE,후열 청끼얏호우우우,2025-12-18 00:11:17,30839,파워워시 시뮬레이터 2,GAME,5164
10759950,a6c4ddb09cdb160478996007bff35296,아라하시 타비,Arahashi Tabi,UNIVERSE,찐뉴비,2025-12-17 00:21:57,22540,talk,ETC,3128
10730168,a6c4ddb09cdb160478996007bff35296,아라하시 타비,Arahashi Tabi,UNIVERSE,그웬 빙의하기 그웬 빙의하기 그웬 빙의하기 그웬 빙의하기 그웬 빙의하기 그웬 빙의하기 그웬 빙의하기 그웬 빙의하기 그웬 빙의하기 그웬 빙의하기 그웬 빙의하기 그웬 빙의하기 그웬 빙,2025-12-15 01:03:49,32052,talk,ETC,4291
10713756,a6c4ddb09cdb160478996007bff35296,아라하시 타비,Arahashi Tabi,UNIVERSE,뿡댕이 농가 살리기,2025-12-14 01:35:00,28336,슬라임 랜쳐 2,GAME,4506
10680170,a6c4ddb09cdb160478996007bff35296,아라하시 타비,Arahashi Tabi,UNIVERSE,빗츠 앤 밥스 ,2025-12-12 01:12:05,22386,비츠 앤 밥스,GAME,4278
10665013,a6c4ddb09cdb160478996007bff35296,아라하시 타비,Arahashi Tabi,UNIVERSE,하드코어 엔더런 7트째,2025-12-11 01:42:05,34300,마인크래프트,GAME,5749
10636503,a6c4ddb09cdb160478996007bff35296,아라하시 타비,Arahashi Tabi,UNIVERSE,마크 하드코어 엔더런,2025-12-09 06:06:25,42767,마인크래프트,GAME,5647
10617374,a6c4ddb09cdb160478996007bff35296,아라하시 타비,Arahashi Tabi,UNIVERSE,마끼 하드모도 엔더드래곤 견와ㅓㅇ,2025-12-08 00:37:33,27603,마인크래프트,GAME,4705
10597986,a6c4ddb09cdb160478996007bff35296,아라하시 타비,Arahashi Tabi,UNIVERSE,여기네 ~,2025-12-06 22:41:45,27235,talk,ETC,4708
10480834,a6c4ddb09cdb160478996007bff35296,아라하시 타비,Arahashi Tabi,UNIVERSE,그 입술을 막아본다,2025-11-29 17:01:55,262,talk,ETC,6217
10426741,a6c4ddb09cdb160478996007bff35296,아라하시 타비,Arahashi Tabi,UNIVERSE,왕찌쭈와 함께하는 고독 방송,2025-11-26 03:04:32,32123,고독방송,GAME,8704
10376785,a6c4ddb09cdb160478996007bff35296,아라하시 타비,Arahashi Tabi,UNIVERSE,고스트 ㅈ롤왕 (W.뿌댜),2025-11-23 01:25:33,30008,리그 오브 레전드,GAME,4395
10361402,a6c4ddb09cdb160478996007bff35296,아라하시 타비,Arahashi Tabi,UNIVERSE,여고생과의 데이트,2025-11-22 02:48:07,24731,명조:워더링 웨이브,GAME,7670
10322975,a6c4ddb09cdb160478996007bff35296,아라하시 타비,Arahashi Tabi,UNIVERSE,해삐 메리,2025-11-19 22:55:41,300,talk,ETC,3838
10320189,a6c4ddb09cdb160478996007bff35296,아라하시 타비,Arahashi Tabi,UNIVERSE,뿡뿡뿡뿡뿡뿡ㅃ우ㅃㅇ뿡사후르,2025-11-19 20:34:22,10682,talk,ETC,2862
10308614,a6c4ddb09cdb160478996007bff35296,아라하시 타비,Arahashi Tabi,UNIVERSE,멍끼끼끼끼끼끼끼끼끼끼끼끼끼,2025-11-19 00:32:38,23527,마이 리틀 퍼피,GAME,4916
10278537,a6c4ddb09cdb160478996007bff35296,아라하시 타비,Arahashi Tabi,UNIVERSE,흐어어어ㅓ,2025-11-17 01:01:37,43649,talk,ETC,8296
10264133,a6c4ddb09cdb160478996007bff35296,아라하시 타비,Arahashi Tabi,UNIVERSE,"무슨 할 얘기가 이리도 많은지 ,, 걸즈토크하고 왔습미댜 늦어서 미아내여",2025-11-16 03:20:25,5933,talk,ETC,3780
10244164,a6c4ddb09cdb160478996007bff35296,아라하시 타비,Arahashi Tabi,UNIVERSE,마인 오브 아레나 전지적 타비 시점,2025-11-15 01:07:45,33117,talk,ETC,7903
10212970,a6c4ddb09cdb160478996007bff35296,아라하시 타비,Arahashi Tabi,UNIVERSE,"오랜만에 섬을 가 (W.후야야,  뇨약자)",2025-11-13 01:58:55,21388,이터널 리턴,GAME,4383
10203487,a6c4ddb09cdb160478996007bff35296,아라하시 타비,Arahashi Tabi,UNIVERSE,뿡댕이에게,2025-11-12 17:52:06,157,talk,ETC,9648
10196027,a6c4ddb09cdb160478996007bff35296,아라하시 타비,Arahashi Tabi,UNIVERSE,🍅 뻬뻬로데이 컨텐츠 🍅,2025-11-12 01:21:52,28576,talk,ETC,6821
10141840,a6c4ddb09cdb160478996007bff35296,아라하시 타비,Arahashi Tabi,UNIVERSE,고독 방송 전 고독하게 청소 한 판하기,2025-11-08 20:19:05,14439,파워워시 시뮬레이터 2,GAME,3693
10138690,a6c4ddb09cdb160478996007bff35296,아라하시 타비,Arahashi Tabi,UNIVERSE,안냐ㅑㅑㅑㅑㅑㅑㅑㅑㅑㅑㅑㅑㅑㅑㅑㅑㅑㅑㅑㅑㅑㅑㅑㅑㅑㅑㅑㅑ댜ㅑㅑㅑㅑㅑㅑㅑㅑㅑㅑㅑㅑㅑㅑㅑㅑㅑㅑㅑㅑㅑㅑㅑㅇ요ㅛㅛㅛㅛㅛㅛㅛㅛㅛㅛㅛㅛㅛㅛㅛㅛㅛㅛㅛㅛㅛㅛㅛㅛㅛㅛㅛㅛㅛㅛㅛㅛㅛㅛㅛ,2025-11-08 16:14:41,2953,talk,ETC,2205
10131418,a6c4ddb09cdb160478996007bff35296,아라하시 타비,Arahashi Tabi,UNIVERSE,청끼끾ㄲ끾,2025-11-08 01:52:33,28650,파워워시 시뮬레이터 2,GAME,4555
10105963,a6c4ddb09cdb160478996007bff35296,아라하시 타비,Arahashi Tabi,UNIVERSE,🍅🍅🍅 훠궈딩딩스 🍅🍅🍅,2025-11-06 17:38:23,12342,talk,ETC,2679
10066814,a6c4ddb09cdb160478996007bff35296,아라하시 타비,Arahashi Tabi,UNIVERSE,🍅🍅🍅찌로랑 스카이블럭 데이두🍅🍅🍅,2025-11-04 01:33:18,31002,마인크래프트,GAME,4802
10027136,a6c4ddb09cdb160478996007bff35296,아라하시 타비,Arahashi Tabi,UNIVERSE,언다인 보러가기,2025-11-01 19:36:48,27721,언더테일,GAME,4890
10016323,a6c4ddb09cdb160478996007bff35296,아라하시 타비,Arahashi Tabi,UNIVERSE,🎃Haappy Halloween🎃,2025-11-01 01:20:51,32839,talk,ETC,7442
10002905,a6c4ddb09cdb160478996007bff35296,아라하시 타비,Arahashi Tabi,UNIVERSE,"      ⬜⬜⬜⬜⬜⬜
    ⬜⬜⬜⬜⬜⬜⬜
⬜⬜⬛⬜⬜⬜🧿⬜⬜
     ⬜⬜⬜⬛⬜⬜⬜
⬜⬛⬜⬜⬜⬜⬜⬛⬜
⬜⬜⬛⬛⬛⬛⬛⬜⬜
       ⬜⬜⬜⬜⬜⬜",2025-10-31 04:16:45,35881,언더테일,GAME,6612
9967881,a6c4ddb09cdb160478996007bff35296,아라하시 타비,Arahashi Tabi,UNIVERSE,후열 청끼끼,2025-10-29 01:11:34,25145,파워워시 시뮬레이터 2,GAME,3550
9934074,a6c4ddb09cdb160478996007bff35296,아라하시 타비,Arahashi Tabi,UNIVERSE,청끼끾ㄲ끾ㄲㄲ끼,2025-10-26 23:18:30,41305,파워워시 시뮬레이터 2,GAME,3712
9918101,a6c4ddb09cdb160478996007bff35296,아라하시 타비,Arahashi Tabi,UNIVERSE,[마통대] 1등할 수 있을까..?,2025-10-26 00:28:39,35543,마인크래프트,GAME,9217
9902643,a6c4ddb09cdb160478996007bff35296,아라하시 타비,Arahashi Tabi,UNIVERSE,[마통대] 부담없이 즐기다가는게,2025-10-25 01:53:25,38768,마인크래프트,GAME,11233
9853723,a6c4ddb09cdb160478996007bff35296,아라하시 타비,Arahashi Tabi,UNIVERSE,ㅖㅖㅖㅖㅖㅖㅖㅖㅖㅖ,2025-10-22 01:02:34,7875,talk,ETC,4052
9815264,a6c4ddb09cdb160478996007bff35296,아라하시 타비,Arahashi Tabi,UNIVERSE,이제는 더 이상 물러날 곳이 없다 !,2025-10-19 17:45:02,30311,마인크래프트,GAME,5229
9786015,a6c4ddb09cdb160478996007bff35296,아라하시 타비,Arahashi Tabi,UNIVERSE,⭐⭐잼써따로ㅓ끼끼⭐⭐,2025-10-17 23:57:28,28308,talk,ETC,9980
9738751,a6c4ddb09cdb160478996007bff35296,아라하시 타비,Arahashi Tabi,UNIVERSE,예에ㅔ에에이 올킬 ~,2025-10-15 00:11:57,41715,talk,ETC,10131
9708496,a6c4ddb09cdb160478996007bff35296,아라하시 타비,Arahashi Tabi,UNIVERSE,힐링 할게야ㅕㅕㅕ여어어어영,2025-10-12 23:58:21,34836,마인크래프트,GAME,5564
9674362,a6c4ddb09cdb160478996007bff35296,아라하시 타비,Arahashi Tabi,UNIVERSE,스텔마끾ㄲ끾ㄲ끼,2025-10-11 00:44:30,35834,마인크래프트,GAME,9710
9658227,a6c4ddb09cdb160478996007bff35296,아라하시 타비,Arahashi Tabi,UNIVERSE,스테르 마끼끾끼,2025-10-10 00:51:08,36333,마인크래프트,GAME,11325
9640499,a6c4ddb09cdb160478996007bff35296,아라하시 타비,Arahashi Tabi,UNIVERSE,므애애액,2025-10-09 00:30:17,9903,talk,ETC,4578
9634964,a6c4ddb09cdb160478996007bff35296,아라하시 타비,Arahashi Tabi,UNIVERSE,안냐새ㅔ여어,2025-10-08 19:13:36,3542,talk,ETC,1839
9623250,a6c4ddb09cdb160478996007bff35296,아라하시 타비,Arahashi Tabi,UNIVERSE,이제는 스떼르 마끼끼해야디 ~,2025-10-07 23:35:10,18288,마인크래프트,GAME,6496
9617505,a6c4ddb09cdb160478996007bff35296,아라하시 타비,Arahashi Tabi,UNIVERSE,스테루마끼끼끼끼,2025-10-07 16:25:53,14329,마인크래프트,GAME,6190
9576805,a6c4ddb09cdb160478996007bff35296,아라하시 타비,Arahashi Tabi,UNIVERSE,[스텔마끼] 히든 만들어내기,2025-10-04 18:24:30,15683,마인크래프트,GAME,11688
9565462,a6c4ddb09cdb160478996007bff35296,아라하시 타비,Arahashi Tabi,UNIVERSE,으애애애ㅐ애애ㅐ,2025-10-04 00:03:11,28415,talk,ETC,4456
9557079,a6c4ddb09cdb160478996007bff35296,아라하시 타비,Arahashi Tabi,UNIVERSE,즐거운 한가위 되셔요 여러분 👀,2025-10-03 14:08:10,3664,talk,ETC,3269
9556147,a6c4ddb09cdb160478996007bff35296,아라하시 타비,Arahashi Tabi,UNIVERSE,키키키,2025-10-03 11:47:34,139,talk,ETC,14313
9549153,a6c4ddb09cdb160478996007bff35296,아라하시 타비,Arahashi Tabi,UNIVERSE,키키키,2025-10-03 00:39:49,38522,talk,ETC,5948
9527128,a6c4ddb09cdb160478996007bff35296,아라하시 타비,Arahashi Tabi,UNIVERSE,청소해야지 청소,2025-10-01 18:33:05,15868,크라임 씬 클리너,GAME,3401
9503805,a6c4ddb09cdb160478996007bff35296,아라하시 타비,Arahashi Tabi,UNIVERSE,넴넴넴 (●ˇ∀ˇ●),2025-09-30 00:37:52,4813,talk,ETC,5766
9496972,a6c4ddb09cdb160478996007bff35296,아라하시 타비,Arahashi Tabi,UNIVERSE,전기톱,2025-09-29 18:09:06,4435,talk,ETC,2933
9482564,a6c4ddb09cdb160478996007bff35296,아라하시 타비,Arahashi Tabi,UNIVERSE,타비의 바니걸은 집나간 아내도 돌아온다는 얘기가 있다,2025-09-28 19:01:50,32130,talk,ETC,7351
9472604,a6c4ddb09cdb160478996007bff35296,아라하시 타비,Arahashi Tabi,UNIVERSE,후열 따비인것이애오 👀,2025-09-28 01:12:06,8799,talk,ETC,5802
9466445,a6c4ddb09cdb160478996007bff35296,아라하시 타비,Arahashi Tabi,UNIVERSE,아라하시 타비 세번째 신의상 공개해요! 👀🩵,2025-09-27 19:58:58,4019,talk,ETC,18836
9454721,a6c4ddb09cdb160478996007bff35296,아라하시 타비,Arahashi Tabi,UNIVERSE,그래 그래 내가 왔다 검사할게,2025-09-27 00:36:55,12628,talk,ETC,5659
9346055,a6c4ddb09cdb160478996007bff35296,아라하시 타비,Arahashi Tabi,UNIVERSE,순애,2025-09-20 02:12:23,8304,talk,ETC,6026
9329126,a6c4ddb09cdb160478996007bff35296,아라하시 타비,Arahashi Tabi,UNIVERSE,오늘도 여제가 되...,2025-09-19 01:21:12,16417,성세천하: 여제의 탄생,GAME,7568
9310338,a6c4ddb09cdb160478996007bff35296,아라하시 타비,Arahashi Tabi,UNIVERSE,여제가 되..,2025-09-17 23:33:15,19535,talk,ETC,7128
9296205,a6c4ddb09cdb160478996007bff35296,아라하시 타비,Arahashi Tabi,UNIVERSE,간식 오기 전까지 마끼끼하고 심야괴담회 보기?,2025-09-17 00:29:06,20597,마인크래프트,GAME,4689
9254176,a6c4ddb09cdb160478996007bff35296,아라하시 타비,Arahashi Tabi,UNIVERSE,심심해서심심해서요,2025-09-14 07:01:12,14464,마인크래프트,GAME,6434
9233723,a6c4ddb09cdb160478996007bff35296,아라하시 타비,Arahashi Tabi,UNIVERSE,개똥겜하고 핑거댄스하고 머리쓰고 후열 마끼끼하기,2025-09-13 02:35:16,35771,마인크래프트,GAME,3530
9204405,a6c4ddb09cdb160478996007bff35296,아라하시 타비,Arahashi Tabi,UNIVERSE,이 시간에도 사람이 있나여,2025-09-11 09:56:51,10660,마인크래프트,GAME,3847
9200741,a6c4ddb09cdb160478996007bff35296,아라하시 타비,Arahashi Tabi,UNIVERSE,에겐의 날₊⁺ ૮꒰ •͈ ·̭ •͈ ꒱ა ⁺₊,2025-09-11 01:47:46,23898,헬로 키티 아일랜드 어드벤처,GAME,2117
9184571,a6c4ddb09cdb160478996007bff35296,아라하시 타비,Arahashi Tabi,UNIVERSE,생일만하고 쉬어버려 미아내 하지만 일이 너무 바빴고 약속도 있었고 흑흑 미안해 미안해,2025-09-10 01:25:38,5692,talk,ETC,2963
9153113,a6c4ddb09cdb160478996007bff35296,아라하시 타비,Arahashi Tabi,UNIVERSE,💙타비 오늘 (3번째) 생일임💙,2025-09-08 00:45:13,24199,talk,ETC,5873
9136038,a6c4ddb09cdb160478996007bff35296,아라하시 타비,Arahashi Tabi,UNIVERSE,지구 멸망 아포칼립스에서 살아남기 ,2025-09-07 01:20:33,19048,마인크래프트,GAME,3764
9120475,a6c4ddb09cdb160478996007bff35296,아라하시 타비,Arahashi Tabi,UNIVERSE,amdood,2025-09-06 03:07:01,29310,talk,ETC,3333
9084886,a6c4ddb09cdb160478996007bff35296,아라하시 타비,Arahashi Tabi,UNIVERSE,내 글씨로 폰트 만들기 알아보기,2025-09-04 00:38:24,23552,talk,ETC,4745
9071225,a6c4ddb09cdb160478996007bff35296,아라하시 타비,Arahashi Tabi,UNIVERSE,나 와ㅆ따!!!!!!!!!!!!!!!!!!!!!!!!!!!!!!!!!!!!!!!!!보고싶었떠ㅓㅓㅓㅓㅓㅓㅓㅓㅓㅓㅓㅓㅓㅓㅓㅓㅓㅓㅓㅓㅓㅓㅓㅓㅓㅓㅓㅓㅓㅓㅓㅓㅓㅓㅓㅓ,2025-09-03 01:54:35,17833,마인크래프트,GAME,3974
9029222,a6c4ddb09cdb160478996007bff35296,아라하시 타비,Arahashi Tabi,UNIVERSE,귀멸의 칼날 1기 같이 보기 전 저챗 !,2025-08-31 14:18:03,2535,talk,ETC,2652
9007944,a6c4ddb09cdb160478996007bff35296,아라하시 타비,Arahashi Tabi,UNIVERSE,밥무그면서 잠깐 흐아,2025-08-30 03:32:17,6416,talk,ETC,3276
8959604,a6c4ddb09cdb160478996007bff35296,아라하시 타비,Arahashi Tabi,UNIVERSE,🌊다피스🌊마지막날 !,2025-08-27 03:21:25,18304,마인크래프트,GAME,8536
8943699,a6c4ddb09cdb160478996007bff35296,아라하시 타비,Arahashi Tabi,UNIVERSE,"🌊다피스🌊리더 보드 유지할 수 있을까,,?",2025-08-26 03:12:40,32784,마인크래프트,GAME,8171
8929157,a6c4ddb09cdb160478996007bff35296,아라하시 타비,Arahashi Tabi,UNIVERSE,🌊다피스🌊리더 보드 들어가기 리더 보드 들어가기 !!,2025-08-25 04:11:07,37700,마인크래프트,GAME,6546
8911318,a6c4ddb09cdb160478996007bff35296,아라하시 타비,Arahashi Tabi,UNIVERSE,🌊다피스🌊여행은 계속 돼~,2025-08-24 03:21:06,44061,마인크래프트,GAME,9994
8876436,a6c4ddb09cdb160478996007bff35296,아라하시 타비,Arahashi Tabi,UNIVERSE,마끼끾,2025-08-22 02:18:37,28116,마인크래프트,GAME,3680
8861800,a6c4ddb09cdb160478996007bff35296,아라하시 타비,Arahashi Tabi,UNIVERSE,트위치에서 만난 뿡댕아 제발 돌아와 난 아직도 우리가 했던 데이트를 기억해 난 너의 포로가 되어버렸어 제발 돌아와줘 제발 지금 내 기분은 변기에 쳐박힌,2025-08-21 04:21:17,21994,마인크래프트,GAME,3956
8844614,a6c4ddb09cdb160478996007bff35296,아라하시 타비,Arahashi Tabi,UNIVERSE,오랜만에 힐링 마끼 공장고수되기,2025-08-20 03:19:13,20149,마인크래프트,GAME,3952
8810845,a6c4ddb09cdb160478996007bff35296,아라하시 타비,Arahashi Tabi,UNIVERSE,마카 일등 제발 일등 제발,2025-08-18 01:06:29,34052,마리오 카트 월드,GAME,6526
8769134,a6c4ddb09cdb160478996007bff35296,아라하시 타비,Arahashi Tabi,UNIVERSE,박열 같이 보기 전 간단 저챗,2025-08-15 18:56:49,2235,talk,ETC,3458
8760692,a6c4ddb09cdb160478996007bff35296,아라하시 타비,Arahashi Tabi,UNIVERSE,탈출~~~~~~~~,2025-08-15 02:37:19,28252,talk,ETC,5964
8720715,a6c4ddb09cdb160478996007bff35296,아라하시 타비,Arahashi Tabi,UNIVERSE,기싸움 하지말고 들어와 마비노기,2025-08-12 22:36:43,16157,마비노기,GAME,3217
8710567,a6c4ddb09cdb160478996007bff35296,아라하시 타비,Arahashi Tabi,UNIVERSE,힘들다 힘들어,2025-08-12 02:31:39,18633,talk,ETC,4754
8682496,a6c4ddb09cdb160478996007bff35296,아라하시 타비,Arahashi Tabi,UNIVERSE,남자 사용 설명서 같이보기 전 토크,2025-08-10 14:47:27,16234,talk,ETC,4001
8657788,a6c4ddb09cdb160478996007bff35296,아라하시 타비,Arahashi Tabi,UNIVERSE,할머니 무섭잖니..,2025-08-09 00:59:08,16243,종합 게임,GAME,5173
8629258,a6c4ddb09cdb160478996007bff35296,아라하시 타비,Arahashi Tabi,UNIVERSE,🌊타비AM : 14회차🌊,2025-08-07 07:46:05,2689,talk,ETC,2896
8612480,a6c4ddb09cdb160478996007bff35296,아라하시 타비,Arahashi Tabi,UNIVERSE,🌊타비AM : 13회차🌊,2025-08-06 07:42:02,2444,talk,ETC,3486
8591820,a6c4ddb09cdb160478996007bff35296,아라하시 타비,Arahashi Tabi,UNIVERSE,후열 청끼끼,2025-08-05 01:22:11,26927,파워워시 시뮬레이터,GAME,3607
8569082,a6c4ddb09cdb160478996007bff35296,아라하시 타비,Arahashi Tabi,UNIVERSE,⭐아야츠노 유니 오후 8시 신의상 공개⭐,2025-08-03 19:46:59,17838,마이 썸머 카,GAME,3988
8556374,a6c4ddb09cdb160478996007bff35296,아라하시 타비,Arahashi Tabi,UNIVERSE,흐아아,2025-08-02 23:41:55,8280,talk,ETC,3227
8541311,a6c4ddb09cdb160478996007bff35296,아라하시 타비,Arahashi Tabi,UNIVERSE,약먹어 약,2025-08-02 01:06:18,20430,파워워시 시뮬레이터,GAME,7341
15040916,64d76089fba26b180d9c9e48a32600d9,텐코 시부키,Tenko Shibuki,CLICHE,부키부키가와싸,2026-09-05 04:32:16,42659,마인크래프트,GAME,341
15006971,64d76089fba26b180d9c9e48a32600d9,텐코 시부키,Tenko Shibuki,CLICHE,마린걸 부키다!!!👽🛸💜,2026-09-03 02:39:11,16301,마인크래프트,GAME,6657
14998779,64d76089fba26b180d9c9e48a32600d9,텐코 시부키,Tenko Shibuki,CLICHE,"꼬깔콘 아니고요, 초카와이 여우신 등장이오 [🌊스텔 여름 휴가 신의상 공개🏖️]",2026-09-02 21:00:03,3541,talk,ETC,17413
14992059,64d76089fba26b180d9c9e48a32600d9,텐코 시부키,Tenko Shibuki,CLICHE,부키는 내일...덜덜덜덜덜덜ㄷㄹ,2026-09-02 03:52:58,20693,마인크래프트,GAME,4282
14961744,64d76089fba26b180d9c9e48a32600d9,텐코 시부키,Tenko Shibuki,CLICHE,건축가.,2026-08-31 03:47:45,31681,마인크래프트,GAME,4885
14945971,64d76089fba26b180d9c9e48a32600d9,텐코 시부키,Tenko Shibuki,CLICHE,스텔 마크크크크,2026-08-30 05:45:10,41470,마인크래프트,GAME,5013
14928454,64d76089fba26b180d9c9e48a32600d9,텐코 시부키,Tenko Shibuki,CLICHE,드디어 스ㅡㅡㅡ텔 마크!!!!!!!!!!!!!!,2026-08-29 04:22:06,40240,마인크래프트,GAME,7583
14909861,64d76089fba26b180d9c9e48a32600d9,텐코 시부키,Tenko Shibuki,CLICHE,rp머하지 봉누도 명장면 월드컵!,2026-08-28 01:33:20,26810,talk,ETC,14273
14891594,64d76089fba26b180d9c9e48a32600d9,텐코 시부키,Tenko Shibuki,CLICHE,켈룪켈룩떼껄룩캥캥,2026-08-27 00:07:32,21651,영주님은 방치중: 중세 도시 키우기,GAME,2498
14865130,64d76089fba26b180d9c9e48a32600d9,텐코 시부키,Tenko Shibuki,CLICHE,고독방송..,2026-08-25 04:57:48,37077,고독방송:심,GAME,7549
14847660,64d76089fba26b180d9c9e48a32600d9,텐코 시부키,Tenko Shibuki,CLICHE,"어사기 간파해보겠습니다 w.리코, 리제",2026-08-24 01:44:12,30986,낚시 방법,GAME,4773
14829551,64d76089fba26b180d9c9e48a32600d9,텐코 시부키,Tenko Shibuki,CLICHE,잼섯다,2026-08-23 01:23:28,23761,talk,ETC,2962
14762531,64d76089fba26b180d9c9e48a32600d9,텐코 시부키,Tenko Shibuki,CLICHE,봉누도2 ppt 설명회 다봤어요 끝,2026-08-19 00:13:16,18585,talk,ETC,7174
14747853,64d76089fba26b180d9c9e48a32600d9,텐코 시부키,Tenko Shibuki,CLICHE,클리셰걷고걷고걷고걷고걷고걷고걷고걷고걷고걷는날,2026-08-18 00:25:57,24561,빅 워크,GAME,4803
14732960,64d76089fba26b180d9c9e48a32600d9,텐코 시부키,Tenko Shibuki,CLICHE,삐부님과 함께하는 스텔라이브 데바데 ,2026-08-17 01:59:23,28447,데드 바이 데이라이트,GAME,3886
14698923,64d76089fba26b180d9c9e48a32600d9,텐코 시부키,Tenko Shibuki,CLICHE,아오 스트레스 풀어,2026-08-15 01:17:55,25914,데드 바이 데이라이트,GAME,2984
14684781,64d76089fba26b180d9c9e48a32600d9,텐코 시부키,Tenko Shibuki,CLICHE,그놈의 대두 스페이스 ,2026-08-14 02:53:39,29712,데드 스페이스,GAME,4645
14667463,64d76089fba26b180d9c9e48a32600d9,텐코 시부키,Tenko Shibuki,CLICHE,"tv합방 w.타비, 린",2026-08-13 02:22:29,31400,데드 바이 데이라이트,GAME,5653
14652020,64d76089fba26b180d9c9e48a32600d9,텐코 시부키,Tenko Shibuki,CLICHE,생존마 연습하기 w.클리셰,2026-08-12 03:32:51,33848,데드 바이 데이라이트,GAME,3738
14618030,64d76089fba26b180d9c9e48a32600d9,텐코 시부키,Tenko Shibuki,CLICHE,"오늘은 부셔줄게 w.타비, 후야, 린",2026-08-10 00:54:02,27925,세피리아,GAME,4350
14554681,64d76089fba26b180d9c9e48a32600d9,텐코 시부키,Tenko Shibuki,CLICHE,날 괴롭히던 일진녀 고백으로 혼내주기,2026-08-06 04:34:45,41028,러브 딜리버리,GAME,6947
14521005,64d76089fba26b180d9c9e48a32600d9,텐코 시부키,Tenko Shibuki,CLICHE,오늘은오늘은오늘은,2026-08-04 02:42:40,30824,종합 게임,GAME,4479
14504726,64d76089fba26b180d9c9e48a32600d9,텐코 시부키,Tenko Shibuki,CLICHE,"세피리아 정출 기념 스텔 합방 w.타비, 후야, 린 ",2026-08-03 01:41:56,27242,세피리아,GAME,5066
14489687,64d76089fba26b180d9c9e48a32600d9,텐코 시부키,Tenko Shibuki,CLICHE,배불러ㅓㅓㅓㅓㅓㅓㅓㅓㅓㅓ,2026-08-02 02:45:57,8846,talk,ETC,2857
14469758,64d76089fba26b180d9c9e48a32600d9,텐코 시부키,Tenko Shibuki,CLICHE,공룡 세키로 맛보기,2026-08-01 00:19:01,20501,다이노블레이드,GAME,3059
14438322,64d76089fba26b180d9c9e48a32600d9,텐코 시부키,Tenko Shibuki,CLICHE,[광고] 붘탐정이랑 실버 팰리스 CBT 드가자!!,2026-07-30 01:05:29,28751,실버 팰리스,GAME,3094
14421355,64d76089fba26b180d9c9e48a32600d9,텐코 시부키,Tenko Shibuki,CLICHE,60초 우주버전인가?!??,2026-07-29 00:41:37,23700,60 파섹!,GAME,2788
14406874,64d76089fba26b180d9c9e48a32600d9,텐코 시부키,Tenko Shibuki,CLICHE,린 골드보내기,2026-07-28 01:22:27,24364,이터널 리턴,GAME,5393
14373644,64d76089fba26b180d9c9e48a32600d9,텐코 시부키,Tenko Shibuki,CLICHE,눈치없이 데이트 끼기 야호,2026-07-26 00:56:25,28100,이터널 리턴,GAME,6763
14362251,64d76089fba26b180d9c9e48a32600d9,텐코 시부키,Tenko Shibuki,CLICHE,부키 오리곡 대기방(구라임),2026-07-25 08:24:35,46896,할로우 나이트,GAME,4646
14350160,64d76089fba26b180d9c9e48a32600d9,텐코 시부키,Tenko Shibuki,CLICHE,"내일 부키 오리곡 추카해,,",2026-07-24 19:06:56,2111,talk,ETC,1414
14324879,64d76089fba26b180d9c9e48a32600d9,텐코 시부키,Tenko Shibuki,CLICHE,8시 리코랑 린이랑 이리할때까지,2026-07-23 01:21:12,29565,이터널 리턴,GAME,3301
14309605,64d76089fba26b180d9c9e48a32600d9,텐코 시부키,Tenko Shibuki,CLICHE,명작 할로우 나이트 해보쟈,2026-07-22 01:54:18,24603,할로우 나이트,GAME,3613
14292697,64d76089fba26b180d9c9e48a32600d9,텐코 시부키,Tenko Shibuki,CLICHE,간호사언니가 빵댕이때렫다,2026-07-21 00:59:00,21174,talk,ETC,3750
14263481,64d76089fba26b180d9c9e48a32600d9,텐코 시부키,Tenko Shibuki,CLICHE,눈만 감으면 잠드는 여우,2026-07-19 03:38:49,34132,팰월드,GAME,4861
14231521,64d76089fba26b180d9c9e48a32600d9,텐코 시부키,Tenko Shibuki,CLICHE,팰월드 유물부수기,2026-07-17 05:57:05,44086,팰월드,GAME,4568
14214782,64d76089fba26b180d9c9e48a32600d9,텐코 시부키,Tenko Shibuki,CLICHE,목잠김팰월드죽지마팰아아프지마,2026-07-16 04:27:53,37052,팰월드,GAME,3908
14199257,64d76089fba26b180d9c9e48a32600d9,텐코 시부키,Tenko Shibuki,CLICHE,클리셰 하이라이트 메들리 공개 많관부,2026-07-15 05:11:03,41514,팰월드,GAME,4857
14183567,64d76089fba26b180d9c9e48a32600d9,텐코 시부키,Tenko Shibuki,CLICHE,스텔 팰월드 죽어보자,2026-07-14 05:09:19,41271,팰월드,GAME,4485
14168961,64d76089fba26b180d9c9e48a32600d9,텐코 시부키,Tenko Shibuki,CLICHE,스텔 팰월드 시쟉이다!!!!!!!!!!!!!!!!!!!!!,2026-07-13 05:42:13,48550,팰월드,GAME,8143
14113432,64d76089fba26b180d9c9e48a32600d9,텐코 시부키,Tenko Shibuki,CLICHE,오늘은 포켓로그~~몇층까지????,2026-07-10 00:02:43,19859,포켓로그,GAME,3237
14100315,64d76089fba26b180d9c9e48a32600d9,텐코 시부키,Tenko Shibuki,CLICHE,다이죠부이데쇼,2026-07-09 01:46:43,27571,메이플스토리,GAME,4086
14083519,64d76089fba26b180d9c9e48a32600d9,텐코 시부키,Tenko Shibuki,CLICHE,"오버워치 부수기 w.유니, 린, 리코",2026-07-08 01:11:14,11548,오버워치,GAME,2535
14016947,64d76089fba26b180d9c9e48a32600d9,텐코 시부키,Tenko Shibuki,CLICHE,기다리고 기다리던 기다리듬천국,2026-07-04 00:19:35,22324,리듬 천국 미라클 스타즈,GAME,6366
13988204,64d76089fba26b180d9c9e48a32600d9,텐코 시부키,Tenko Shibuki,CLICHE,[봉켓몬] 봉켓몬 마지막날 마무리!!!,2026-07-02 02:40:36,34379,마인크래프트,GAME,6774
13972436,64d76089fba26b180d9c9e48a32600d9,텐코 시부키,Tenko Shibuki,CLICHE,[봉켓몬] 봉봉봉봉봉봉봉봉봉,2026-07-01 03:15:42,34623,마인크래프트,GAME,6141
13956884,64d76089fba26b180d9c9e48a32600d9,텐코 시부키,Tenko Shibuki,CLICHE,[봉켓몬] 봉켓몬 돌려주세요ㅠㅠㅠㅠㅠㅠㅠㅠㅠㅠㅠㅠㅠ,2026-06-30 03:24:54,36954,마인크래프트,GAME,6723
13941487,64d76089fba26b180d9c9e48a32600d9,텐코 시부키,Tenko Shibuki,CLICHE,[봉켓몬] 남은건 전설뿐,2026-06-29 02:42:33,34416,마인크래프트,GAME,9034
13924481,64d76089fba26b180d9c9e48a32600d9,텐코 시부키,Tenko Shibuki,CLICHE,[봉켓몬] 초초초초초전설전설전설전설,2026-06-28 03:03:52,35565,마인크래프트,GAME,5220
13891380,64d76089fba26b180d9c9e48a32600d9,텐코 시부키,Tenko Shibuki,CLICHE,｢봉켓몬｣ 각성부키상태;; ,2026-06-26 02:59:27,35615,마인크래프트,GAME,6130
13878149,64d76089fba26b180d9c9e48a32600d9,텐코 시부키,Tenko Shibuki,CLICHE,대한민국 vs 남아공 ⚽대한민국 이기쟈!!!!!!!,2026-06-25 14:48:41,9385,2026 FIFA 북중미 월드컵,SPORTS,1897
13876313,64d76089fba26b180d9c9e48a32600d9,텐코 시부키,Tenko Shibuki,CLICHE,대한민국 vs 남아공 ⚽대한민국 이기쟈!!!!!!!,2026-06-25 09:31:11,656,talk,ETC,1078
13873102,64d76089fba26b180d9c9e48a32600d9,텐코 시부키,Tenko Shibuki,CLICHE,｢봉켓몬｣ 오늘은 초전설모험해볼까,2026-06-25 02:33:04,33870,마인크래프트,GAME,4200
13858057,64d76089fba26b180d9c9e48a32600d9,텐코 시부키,Tenko Shibuki,CLICHE,봉켓몬 2일차 악뜨거가 빛을 볼 그날이 오늘도 아니다,2026-06-24 03:40:56,36105,마인크래프트,GAME,8610
13841758,64d76089fba26b180d9c9e48a32600d9,텐코 시부키,Tenko Shibuki,CLICHE,[봉켓몬] 1일차 뜨아거 잘부탁해.....불꽃이니까 좋아..,2026-06-23 02:54:36,35106,마인크래프트,GAME,7889
13824832,64d76089fba26b180d9c9e48a32600d9,텐코 시부키,Tenko Shibuki,CLICHE,봉켓몬 알아보기 ,2026-06-22 00:59:47,3669,talk,ETC,3588
13823102,64d76089fba26b180d9c9e48a32600d9,텐코 시부키,Tenko Shibuki,CLICHE,봉켓몬 알아보기 ,2026-06-22 00:01:00,17756,talk,ETC,4728
13809734,64d76089fba26b180d9c9e48a32600d9,텐코 시부키,Tenko Shibuki,CLICHE,VIP 폴댄스를 위하여 안전놀이터 운영중,2026-06-21 03:02:17,24908,라스베이거스 시뮬레이터,GAME,2799
13790961,64d76089fba26b180d9c9e48a32600d9,텐코 시부키,Tenko Shibuki,CLICHE,부끽기 놀러왔쇼,2026-06-20 01:31:37,16033,음악/노래,ETC,3494
13779698,64d76089fba26b180d9c9e48a32600d9,텐코 시부키,Tenko Shibuki,CLICHE,한국 파이팅!!!!!!!!!!!! 2026 북중미 월드컵 대한민국 vs 멕시코 ,2026-06-19 15:03:05,11138,2026 FIFA 북중미 월드컵,SPORTS,1986
13777395,64d76089fba26b180d9c9e48a32600d9,텐코 시부키,Tenko Shibuki,CLICHE,2026 북중미 월드컵 대한민국 vs 멕시코 응원하기,2026-06-19 09:06:59,379,talk,ETC,927
13756693,64d76089fba26b180d9c9e48a32600d9,텐코 시부키,Tenko Shibuki,CLICHE,8시 멤버들이랑 멧챠 카멜레온!!!,2026-06-18 01:24:24,22676,오버워치,GAME,5245
13742871,64d76089fba26b180d9c9e48a32600d9,텐코 시부키,Tenko Shibuki,CLICHE,42빌드 탈출모드 2호기 오늘은 탈출,2026-06-17 03:35:14,25946,프로젝트 좀보이드,GAME,2888
13713460,64d76089fba26b180d9c9e48a32600d9,텐코 시부키,Tenko Shibuki,CLICHE,42빌드 탈출모드 응 디졋어 2호기댔어,2026-06-15 04:38:17,41336,프로젝트 좀보이드,GAME,3696
13696659,64d76089fba26b180d9c9e48a32600d9,텐코 시부키,Tenko Shibuki,CLICHE,42빌드 탈출모드 1호기로 탈출까지,2026-06-14 04:22:35,34805,프로젝트 좀보이드,GAME,4454
13666377,64d76089fba26b180d9c9e48a32600d9,텐코 시부키,Tenko Shibuki,CLICHE,자.. 이제 2026 북중미 월드컵 한국팀 응원하자!!!,2026-06-12 15:39:26,9235,2026 FIFA 북중미 월드컵,SPORTS,8351
13666842,64d76089fba26b180d9c9e48a32600d9,텐코 시부키,Tenko Shibuki,CLICHE,축잘알이 되려면 축구3이 먼지 알아야한대요,2026-06-12 14:12:43,3358,기타,,7482
13664799,64d76089fba26b180d9c9e48a32600d9,텐코 시부키,Tenko Shibuki,CLICHE,2002 월드컵 이탈리아전으로 워밍업,2026-06-12 10:44:09,10900,기타,,2960
13646499,64d76089fba26b180d9c9e48a32600d9,텐코 시부키,Tenko Shibuki,CLICHE,부키왓쟈 오랜만에 카페구경,2026-06-11 02:54:18,17336,talk,ETC,3609
13615074,64d76089fba26b180d9c9e48a32600d9,텐코 시부키,Tenko Shibuki,CLICHE,피구라 마무리 드가쟈미,2026-06-09 01:54:55,27986,P의 거짓,GAME,2724
13602351,64d76089fba26b180d9c9e48a32600d9,텐코 시부키,Tenko Shibuki,CLICHE,꼭두각시인형피노키오피구라,2026-06-08 03:56:23,38823,P의 거짓,GAME,2850
13584029,64d76089fba26b180d9c9e48a32600d9,텐코 시부키,Tenko Shibuki,CLICHE,3부3부3부 피구라 쪼꼼,2026-06-07 02:16:44,32917,P의 거짓,GAME,4380
13567346,64d76089fba26b180d9c9e48a32600d9,텐코 시부키,Tenko Shibuki,CLICHE,피구라피구라피구라,2026-06-06 02:27:33,29965,P의 거짓,GAME,4218
13535341,64d76089fba26b180d9c9e48a32600d9,텐코 시부키,Tenko Shibuki,CLICHE,"후열옵치 w.리제, 린",2026-06-04 01:26:24,29912,오버워치,GAME,4305
13510317,64d76089fba26b180d9c9e48a32600d9,텐코 시부키,Tenko Shibuki,CLICHE,오늘은 짧게 놀러왔따,2026-06-02 19:07:03,5642,종합 게임,GAME,2419
13503994,64d76089fba26b180d9c9e48a32600d9,텐코 시부키,Tenko Shibuki,CLICHE,잠입 고수 여우신 등장,2026-06-02 02:32:13,31910,007 퍼스트 라이트,GAME,3428
13489781,64d76089fba26b180d9c9e48a32600d9,텐코 시부키,Tenko Shibuki,CLICHE,신작 007 첩보 요원 되기,2026-06-01 03:08:08,32245,007 퍼스트 라이트,GAME,5242
13469986,64d76089fba26b180d9c9e48a32600d9,텐코 시부키,Tenko Shibuki,CLICHE,골든콥 끝나고 축구선수 알아가기 (아는선수가 거의 없음),2026-05-31 01:06:01,27264,talk,ETC,7283
13438835,64d76089fba26b180d9c9e48a32600d9,텐코 시부키,Tenko Shibuki,CLICHE,너 굶지마 잘 알아?????? 사전답사,2026-05-29 01:56:51,28167,돈 스타브 투게더,GAME,5480
13403989,64d76089fba26b180d9c9e48a32600d9,텐코 시부키,Tenko Shibuki,CLICHE,갈틱폰 w.유니후야시로타비리코린,2026-05-26 23:35:24,21450,종합 게임,GAME,5129
13388543,64d76089fba26b180d9c9e48a32600d9,텐코 시부키,Tenko Shibuki,CLICHE,모라하지마 클립 구경하기,2026-05-25 23:29:03,22979,talk,ETC,9367
13372847,64d76089fba26b180d9c9e48a32600d9,텐코 시부키,Tenko Shibuki,CLICHE,모라하지마 마지막 데이,2026-05-25 00:17:03,24110,talk,ETC,8101
13357104,64d76089fba26b180d9c9e48a32600d9,텐코 시부키,Tenko Shibuki,CLICHE,오늘은 어떤 모라,2026-05-24 00:49:17,27724,마인크래프트,GAME,8907
13340559,64d76089fba26b180d9c9e48a32600d9,텐코 시부키,Tenko Shibuki,CLICHE,모라하지마 모라하지마,2026-05-23 01:05:07,28569,마인크래프트,GAME,9825
13291077,64d76089fba26b180d9c9e48a32600d9,텐코 시부키,Tenko Shibuki,CLICHE,열심히 탬버린 흔들엇다 더 흔들어,2026-05-19 23:26:53,7648,음악/노래,ETC,4920
13278885,64d76089fba26b180d9c9e48a32600d9,텐코 시부키,Tenko Shibuki,CLICHE,클리셰 2주년이다!!!!! 후열 옵치하재 w.클리셰,2026-05-19 01:18:10,15144,오버워치,GAME,4302
13272936,64d76089fba26b180d9c9e48a32600d9,텐코 시부키,Tenko Shibuki,CLICHE,클리셰 2주년이다!!!!!!🎉🎉,2026-05-18 21:01:47,7033,talk,ETC,10630
13265608,64d76089fba26b180d9c9e48a32600d9,텐코 시부키,Tenko Shibuki,CLICHE,회의하고왔끼요오오옷 w.리코,2026-05-18 02:38:51,11971,서브노티카 2,GAME,2953
13257369,64d76089fba26b180d9c9e48a32600d9,텐코 시부키,Tenko Shibuki,CLICHE,끼이ㅣ이이이이요오오옷 w.리코,2026-05-17 20:03:13,9113,서브노티카 2,GAME,2839
13249512,64d76089fba26b180d9c9e48a32600d9,텐코 시부키,Tenko Shibuki,CLICHE,섭노티카2 사리기 w.리코,2026-05-17 03:58:23,33548,서브노티카 2,GAME,6390
13215554,64d76089fba26b180d9c9e48a32600d9,텐코 시부키,Tenko Shibuki,CLICHE,밥먹다가 입을 두번이나 씹은 여우 +1번더,2026-05-15 03:05:07,28520,친구모아 아일랜드 두근두근 라이프,GAME,4322
13198573,64d76089fba26b180d9c9e48a32600d9,텐코 시부키,Tenko Shibuki,CLICHE,언틸던 제작사의 신작 디렉티브,2026-05-14 01:50:16,27789,디렉티브 8020,GAME,4127
13184120,64d76089fba26b180d9c9e48a32600d9,텐코 시부키,Tenko Shibuki,CLICHE,1년만에 다시하는 인투더데드,2026-05-13 03:06:24,28781,인투 더 데드: 아워 다키스트 데이즈,GAME,3643
13159004,64d76089fba26b180d9c9e48a32600d9,텐코 시부키,Tenko Shibuki,CLICHE,일가기전 30분이라도 보고가기권법,2026-05-11 17:20:42,3119,talk,ETC,2954
13154056,64d76089fba26b180d9c9e48a32600d9,텐코 시부키,Tenko Shibuki,CLICHE,어 이게 카테고리가 없을리가 없는데,2026-05-11 02:41:50,23751,종합 게임,GAME,5029
13134065,64d76089fba26b180d9c9e48a32600d9,텐코 시부키,Tenko Shibuki,CLICHE,부키키,2026-05-10 00:48:58,22325,친구모아 아일랜드 두근두근 라이프,GAME,6743
13120918,64d76089fba26b180d9c9e48a32600d9,텐코 시부키,Tenko Shibuki,CLICHE,부키도 친구모아,2026-05-09 03:40:45,36117,친구모아 아일랜드 두근두근 라이프,GAME,11871
13101300,64d76089fba26b180d9c9e48a32600d9,텐코 시부키,Tenko Shibuki,CLICHE,부키에요,2026-05-08 00:14:42,2509,종합 게임,GAME,19300
13099855,64d76089fba26b180d9c9e48a32600d9,텐코 시부키,Tenko Shibuki,CLICHE,부키에요,2026-05-07 23:36:12,19780,종합 게임,GAME,47266
12866664,64d76089fba26b180d9c9e48a32600d9,텐코 시부키,Tenko Shibuki,CLICHE,텐코 시부키입니다.,2026-04-23 16:33:20,661,talk,ETC,218726
12858600,64d76089fba26b180d9c9e48a32600d9,텐코 시부키,Tenko Shibuki,CLICHE,부키와쨔,2026-04-23 00:20:26,12362,리그 오브 레전드,GAME,103441
12847520,64d76089fba26b180d9c9e48a32600d9,텐코 시부키,Tenko Shibuki,CLICHE,오늘도 화이팅,2026-04-22 04:28:26,33457,리그 오브 레전드,GAME,15714
12831868,64d76089fba26b180d9c9e48a32600d9,텐코 시부키,Tenko Shibuki,CLICHE,끼아아아아아악,2026-04-21 03:23:08,26798,리그 오브 레전드,GAME,8162
12818742,64d76089fba26b180d9c9e48a32600d9,텐코 시부키,Tenko Shibuki,CLICHE,찢어지는날2,2026-04-20 06:32:02,40815,리그 오브 레전드,GAME,8895
12801354,64d76089fba26b180d9c9e48a32600d9,텐코 시부키,Tenko Shibuki,CLICHE,부키왔따 대기하자,2026-04-19 04:29:11,23292,리그 오브 레전드,GAME,8866
12793055,64d76089fba26b180d9c9e48a32600d9,텐코 시부키,Tenko Shibuki,CLICHE,부키왔따 대기하자,2026-04-18 21:52:24,3293,리그 오브 레전드,GAME,1824
12768588,64d76089fba26b180d9c9e48a32600d9,텐코 시부키,Tenko Shibuki,CLICHE,비이이이ㅣ잉이상,2026-04-17 05:25:56,37039,리그 오브 레전드,GAME,8414
12750714,64d76089fba26b180d9c9e48a32600d9,텐코 시부키,Tenko Shibuki,CLICHE,붘이튼 교수의 마지막 강의날 내일부턴 폐강입니다,2026-04-16 02:04:21,29777,리그 오브 레전드,GAME,11000
12735786,64d76089fba26b180d9c9e48a32600d9,텐코 시부키,Tenko Shibuki,CLICHE,붘이튼 교수 등장 안경쟁탈전 카캍ㅋㅌ테코이,2026-04-15 02:58:43,29917,talk,ETC,4494
12704202,64d76089fba26b180d9c9e48a32600d9,텐코 시부키,Tenko Shibuki,CLICHE,이제 진짜 막 부르는 노래방 가실분,2026-04-13 01:32:55,19609,음악/노래,ETC,8745
12672317,64d76089fba26b180d9c9e48a32600d9,텐코 시부키,Tenko Shibuki,CLICHE,8시 롤내전 여우 찢어지는날,2026-04-11 03:20:29,29475,리그 오브 레전드,GAME,8483
12655846,64d76089fba26b180d9c9e48a32600d9,텐코 시부키,Tenko Shibuki,CLICHE,소주 한잔 생각 나는 밤,2026-04-10 02:32:37,28505,리그 오브 레전드,GAME,5100
12639842,64d76089fba26b180d9c9e48a32600d9,텐코 시부키,Tenko Shibuki,CLICHE,엄마아빠몰래휴방날롤하기,2026-04-09 02:20:35,13046,리그 오브 레전드,GAME,3273
12622600,64d76089fba26b180d9c9e48a32600d9,텐코 시부키,Tenko Shibuki,CLICHE,방방ㅇㅣ타는여우 미안합니다,2026-04-08 01:16:43,22224,talk,ETC,4542
12608747,64d76089fba26b180d9c9e48a32600d9,텐코 시부키,Tenko Shibuki,CLICHE,미리 사과할게요,2026-04-07 02:32:11,30212,포탈 2,GAME,6373
12572650,64d76089fba26b180d9c9e48a32600d9,텐코 시부키,Tenko Shibuki,CLICHE,리코랑 배그 더 하기,2026-04-04 23:39:27,25277,PUBG: 배틀그라운드,GAME,6474
12559286,64d76089fba26b180d9c9e48a32600d9,텐코 시부키,Tenko Shibuki,CLICHE,구두쇠 모데카이저,2026-04-04 02:15:14,25562,리그 오브 레전드,GAME,3533
12526487,64d76089fba26b180d9c9e48a32600d9,텐코 시부키,Tenko Shibuki,CLICHE,"만우절 라이어게임 합방! w.쭈냥님,다주님,지누님,삐부님,고수달님,캡틴잭님,히나선배",2026-04-02 01:09:30,25266,스타크래프트 : 리마스터,GAME,8759
12509948,64d76089fba26b180d9c9e48a32600d9,텐코 시부키,Tenko Shibuki,CLICHE,클리셰 칭구들과 오랜만에 배그,2026-04-01 01:55:36,24535,PUBG: 배틀그라운드,GAME,6743
12495113,64d76089fba26b180d9c9e48a32600d9,텐코 시부키,Tenko Shibuki,CLICHE,여우신의 뉴 신사 운ㅇㅇㅇ,2026-03-31 02:55:12,31660,스크릿치 스크래치,GAME,4295
12437066,64d76089fba26b180d9c9e48a32600d9,텐코 시부키,Tenko Shibuki,CLICHE,부끼끼끼끼,2026-03-27 20:42:28,9531,talk,ETC,3868
12428159,64d76089fba26b180d9c9e48a32600d9,텐코 시부키,Tenko Shibuki,CLICHE,7시 승빠님께 배운걸로 솔랭해보기!,2026-03-27 01:44:15,25438,리그 오브 레전드,GAME,4037
12413786,64d76089fba26b180d9c9e48a32600d9,텐코 시부키,Tenko Shibuki,CLICHE,현상금 사냥꾼이다,2026-03-26 03:35:41,30451,붉은사막,GAME,3106
12396987,64d76089fba26b180d9c9e48a32600d9,텐코 시부키,Tenko Shibuki,CLICHE,부키식 찍먹하기 붉은사막,2026-03-25 02:35:23,28956,붉은사막,GAME,3219
12347130,64d76089fba26b180d9c9e48a32600d9,텐코 시부키,Tenko Shibuki,CLICHE,부키 두번째 생일 아직 안긑낫고 🥳,2026-03-22 01:30:53,12526,talk,ETC,12869
12310525,64d76089fba26b180d9c9e48a32600d9,텐코 시부키,Tenko Shibuki,CLICHE,"오버워치 w.밍사쟝, 클리셰(ㅣ코를뺄까말까)",2026-03-19 23:54:23,20868,오버워치,GAME,5031
12296066,64d76089fba26b180d9c9e48a32600d9,텐코 시부키,Tenko Shibuki,CLICHE,앞으로 가라,2026-03-19 00:42:35,16718,리그 오브 레전드,GAME,3462
12250967,64d76089fba26b180d9c9e48a32600d9,텐코 시부키,Tenko Shibuki,CLICHE,따비선배랑 낙원할꺼야,2026-03-16 01:34:48,26235,낙원: LAST PARADISE,GAME,4732
12233478,64d76089fba26b180d9c9e48a32600d9,텐코 시부키,Tenko Shibuki,CLICHE,7시 롤 내전ㄴㄴㄴㄴ,2026-03-15 01:53:18,31316,리그 오브 레전드,GAME,7172
12198742,64d76089fba26b180d9c9e48a32600d9,텐코 시부키,Tenko Shibuki,CLICHE,탑 연습햐기,2026-03-13 01:41:46,27370,리그 오브 레전드,GAME,4576
12184903,64d76089fba26b180d9c9e48a32600d9,텐코 시부키,Tenko Shibuki,CLICHE,첨해보는 미연시 러브 딜리버리,2026-03-12 04:46:53,38207,러브 딜리버리,GAME,7890
12165509,64d76089fba26b180d9c9e48a32600d9,텐코 시부키,Tenko Shibuki,CLICHE,탑 연스합ㄱㅎ기,2026-03-11 01:10:12,25328,리그 오브 레전드,GAME,3431
12136438,64d76089fba26b180d9c9e48a32600d9,텐코 시부키,Tenko Shibuki,CLICHE,치과입니다 슬더스2해보기 ,2026-03-09 02:36:15,30676,슬레이 더 스파이어 2,GAME,3500
12117871,64d76089fba26b180d9c9e48a32600d9,텐코 시부키,Tenko Shibuki,CLICHE,도망가라 협곡이여 똔무쨔,2026-03-08 02:03:55,28511,리그 오브 레전드,GAME,4562
12082225,64d76089fba26b180d9c9e48a32600d9,텐코 시부키,Tenko Shibuki,CLICHE,포코피아 해보쟈ㅑㅑㅑ,2026-03-06 00:47:14,23964,포켓몬 포코피아,GAME,4646
12068127,64d76089fba26b180d9c9e48a32600d9,텐코 시부키,Tenko Shibuki,CLICHE,바이오하자드 이전 내용 모름니다 ,2026-03-05 02:20:10,29344,바이오하자드 레퀴엠,GAME,5359
12053045,64d76089fba26b180d9c9e48a32600d9,텐코 시부키,Tenko Shibuki,CLICHE,바이오하자드 앞시리즈 해본적업음,2026-03-04 03:12:10,32582,바이오하자드 레퀴엠,GAME,8456
12039020,64d76089fba26b180d9c9e48a32600d9,텐코 시부키,Tenko Shibuki,CLICHE,픽크타2 1억클럽가입,2026-03-03 06:26:44,35231,마인크래프트,GAME,5461
12021325,64d76089fba26b180d9c9e48a32600d9,텐코 시부키,Tenko Shibuki,CLICHE,픽크타2 골렘잡으께~,2026-03-02 04:34:07,51614,마인크래프트,GAME,5234
12004523,64d76089fba26b180d9c9e48a32600d9,텐코 시부키,Tenko Shibuki,CLICHE,몰라,2026-03-01 04:55:38,41929,마인크래프트,GAME,6147
11936411,64d76089fba26b180d9c9e48a32600d9,텐코 시부키,Tenko Shibuki,CLICHE,픽크타2 용병왕을 꿈꾼다,2026-02-25 04:33:58,45560,마인크래프트,GAME,7096
11919914,64d76089fba26b180d9c9e48a32600d9,텐코 시부키,Tenko Shibuki,CLICHE,픽크타2 쭊쭊쭉,2026-02-24 04:24:32,36375,마인크래프트,GAME,6211
11904035,64d76089fba26b180d9c9e48a32600d9,텐코 시부키,Tenko Shibuki,CLICHE,픽크타2 지리는 자동화가 하고싶어요,2026-02-23 04:21:16,28987,마인크래프트,GAME,6316
11892482,64d76089fba26b180d9c9e48a32600d9,텐코 시부키,Tenko Shibuki,CLICHE,픽크타2 지리는 자동화가 하고싶어요,2026-02-22 18:00:51,11245,마인크래프트,GAME,4675
11886517,64d76089fba26b180d9c9e48a32600d9,텐코 시부키,Tenko Shibuki,CLICHE,픽크타2 늦은줄 알았는데 이정도면 오픈런 레츠고고고,2026-02-22 04:31:28,33219,마인크래프트,GAME,11581
11849082,64d76089fba26b180d9c9e48a32600d9,텐코 시부키,Tenko Shibuki,CLICHE,파피5 가보쟈,2026-02-20 01:41:02,23619,파피 플레이타임,GAME,10969
11832386,64d76089fba26b180d9c9e48a32600d9,텐코 시부키,Tenko Shibuki,CLICHE,숟가락 살인마 닼소3 길찾기 두가자 ,2026-02-19 02:00:37,26528,다크 소울 3,GAME,3326
11815343,64d76089fba26b180d9c9e48a32600d9,텐코 시부키,Tenko Shibuki,CLICHE,클리셰대가족 민속(국산아님)마리오모임,2026-02-18 01:47:10,18735,더 게임 오브 라이프 포 닌텐도 스위치,GAME,6207
11802734,64d76089fba26b180d9c9e48a32600d9,텐코 시부키,Tenko Shibuki,CLICHE,해피설닼소3길찾기 ^^; 길찾을때구박해도ㅇㅈ할께요,2026-02-17 03:21:20,34854,다크 소울 3,GAME,4410
11789276,64d76089fba26b180d9c9e48a32600d9,텐코 시부키,Tenko Shibuki,CLICHE,다크 소울3 해보기,2026-02-16 04:02:52,33823,다크 소울 3,GAME,6054
11767921,64d76089fba26b180d9c9e48a32600d9,텐코 시부키,Tenko Shibuki,CLICHE,리코랑 신작 리애니멀 / 러브레터 많관부,2026-02-14 23:45:32,23190,talk,ETC,4672
11740296,64d76089fba26b180d9c9e48a32600d9,텐코 시부키,Tenko Shibuki,CLICHE,산을 오르자.,2026-02-13 09:01:44,51372,케언,GAME,4959
11699431,64d76089fba26b180d9c9e48a32600d9,텐코 시부키,Tenko Shibuki,CLICHE,맹맹맹데이감기걸렸나보오,2026-02-11 00:15:38,20220,리그 오브 레전드,GAME,2983
11683039,64d76089fba26b180d9c9e48a32600d9,텐코 시부키,Tenko Shibuki,CLICHE,데모 맛봤던 칠라스 어쩌고 우미가리 정식출시,2026-02-10 00:18:57,22279,우미가리,GAME,3925
11652986,64d76089fba26b180d9c9e48a32600d9,텐코 시부키,Tenko Shibuki,CLICHE,6시 배도라지분들과 스텔 내전!!,2026-02-08 03:17:30,36508,리그 오브 레전드,GAME,7975
11633092,64d76089fba26b180d9c9e48a32600d9,텐코 시부키,Tenko Shibuki,CLICHE,부키키키,2026-02-07 01:35:13,24867,리그 오브 레전드,GAME,4593
11599382,64d76089fba26b180d9c9e48a32600d9,텐코 시부키,Tenko Shibuki,CLICHE,오늘이 며칠차였떠라,2026-02-05 01:26:05,20299,마인크래프트,GAME,4209
11585601,64d76089fba26b180d9c9e48a32600d9,텐코 시부키,Tenko Shibuki,CLICHE,마을에 변화가 찾아옵니다,2026-02-04 04:28:02,5141,마인크래프트,GAME,3726
11584572,64d76089fba26b180d9c9e48a32600d9,텐코 시부키,Tenko Shibuki,CLICHE,마을에 변화가 찾아옵니다,2026-02-04 03:09:34,35934,마인크래프트,GAME,3916
11566897,64d76089fba26b180d9c9e48a32600d9,텐코 시부키,Tenko Shibuki,CLICHE,광광광광광광광,2026-02-03 01:49:44,32850,마인크래프트,GAME,4396
11553802,64d76089fba26b180d9c9e48a32600d9,텐코 시부키,Tenko Shibuki,CLICHE,봉봉봉봉봉봉봉,2026-02-02 05:08:42,38002,마인크래프트,GAME,5859
11535495,64d76089fba26b180d9c9e48a32600d9,텐코 시부키,Tenko Shibuki,CLICHE,커버곡 많관부 6시 봉봉팜 가보쟈,2026-02-01 03:47:09,39922,마인크래프트,GAME,7341
11516196,64d76089fba26b180d9c9e48a32600d9,텐코 시부키,Tenko Shibuki,CLICHE,신여컴출동,2026-01-31 01:50:33,25913,리그 오브 레전드,GAME,3274
11497697,64d76089fba26b180d9c9e48a32600d9,텐코 시부키,Tenko Shibuki,CLICHE,헬마트 ,2026-01-30 00:36:41,22264,talk,ETC,4666
11466009,64d76089fba26b180d9c9e48a32600d9,텐코 시부키,Tenko Shibuki,CLICHE,동의 어 보감,2026-01-28 01:43:30,27390,이용약관에 동의하고 싶어,GAME,6828
11423244,64d76089fba26b180d9c9e48a32600d9,텐코 시부키,Tenko Shibuki,CLICHE,비치나는거 예이 빛이나는거,2026-01-25 14:30:40,1711,talk,ETC,2913
11415578,64d76089fba26b180d9c9e48a32600d9,텐코 시부키,Tenko Shibuki,CLICHE,예쓰 솊! with 클리셰,2026-01-25 00:43:21,21946,이터널 리턴,GAME,5237
11398161,64d76089fba26b180d9c9e48a32600d9,텐코 시부키,Tenko Shibuki,CLICHE,신여컴이 부활했다. 배치보기,2026-01-24 00:40:23,25205,리그 오브 레전드,GAME,5718
11382072,64d76089fba26b180d9c9e48a32600d9,텐코 시부키,Tenko Shibuki,CLICHE,이제 진짜 내 아내 찾아보자ㅏㅏ,2026-01-23 01:00:38,23017,talk,ETC,4815
11348466,64d76089fba26b180d9c9e48a32600d9,텐코 시부키,Tenko Shibuki,CLICHE,1종보통여우신마윈카맛보기와쏘베쏘와쏘베쏘와쏘베쏘,2026-01-21 01:37:00,24084,마이 윈터 카,GAME,4816
11265233,64d76089fba26b180d9c9e48a32600d9,텐코 시부키,Tenko Shibuki,CLICHE,좀비 검문소 이나리 부검하기,2026-01-16 01:54:07,26214,쿼런틴 존: 더 라스트 체크,GAME,7615
11240239,64d76089fba26b180d9c9e48a32600d9,텐코 시부키,Tenko Shibuki,CLICHE,짧부키가왔어욧짧은부키아님,2026-01-14 20:16:05,8124,talk,ETC,3670
11213533,64d76089fba26b180d9c9e48a32600d9,텐코 시부키,Tenko Shibuki,CLICHE,"후열 섬 레베루업 w.리코, 린",2026-01-13 01:21:59,26293,이터널 리턴,GAME,6573
11192310,64d76089fba26b180d9c9e48a32600d9,텐코 시부키,Tenko Shibuki,CLICHE,재밌써다 레이스 멤버들 부키 현인상 첫인상보기,2026-01-11 21:52:00,21938,talk,ETC,8889
11179836,64d76089fba26b180d9c9e48a32600d9,텐코 시부키,Tenko Shibuki,CLICHE,"같이가세요  w.린, 리코",2026-01-11 01:36:02,26880,이터널 리턴,GAME,5198
11142243,64d76089fba26b180d9c9e48a32600d9,텐코 시부키,Tenko Shibuki,CLICHE,2달만에 가볍게 카페탐방,2026-01-08 23:26:20,19347,talk,ETC,4594
11129890,64d76089fba26b180d9c9e48a32600d9,텐코 시부키,Tenko Shibuki,CLICHE,"레벨업해보기 w.타비, 후야",2026-01-08 02:21:09,35809,이터널 리턴,GAME,5766
11114170,64d76089fba26b180d9c9e48a32600d9,텐코 시부키,Tenko Shibuki,CLICHE,주토피아도보고여우감옥탈출하기,2026-01-07 03:22:43,33025,Back to the Dawn ~브레이크 더 애니멀 프리즌~,GAME,5878
11078479,64d76089fba26b180d9c9e48a32600d9,텐코 시부키,Tenko Shibuki,CLICHE,다음ㅅㅣ즌 뭐가바뀌나요,2026-01-05 00:15:06,22134,talk,ETC,5356
11060723,64d76089fba26b180d9c9e48a32600d9,텐코 시부키,Tenko Shibuki,CLICHE,[광고] 클리셰랑 더 게임 오브 라이프 포 닌텐도 스위치!!!!!,2026-01-04 00:14:35,21940,talk,ETC,5487
11029215,64d76089fba26b180d9c9e48a32600d9,텐코 시부키,Tenko Shibuki,CLICHE,2026년첫날은배그배그배그배그배그배그,2026-01-02 01:33:27,31621,talk,ETC,7062
11010934,64d76089fba26b180d9c9e48a32600d9,텐코 시부키,Tenko Shibuki,CLICHE,스텔라이브 연말 시상식 길이 51분???,2026-01-01 02:19:14,27867,talk,ETC,12995
10958137,64d76089fba26b180d9c9e48a32600d9,텐코 시부키,Tenko Shibuki,CLICHE,멋사공책 RPG 공책을 찢어썽,2025-12-28 23:21:52,18976,마인크래프트,GAME,6263
10950701,64d76089fba26b180d9c9e48a32600d9,텐코 시부키,Tenko Shibuki,CLICHE,멋사공책 RPG 공책을 찢어썽,2025-12-28 14:26:22,7684,마인크래프트,GAME,9079
10948833,64d76089fba26b180d9c9e48a32600d9,텐코 시부키,Tenko Shibuki,CLICHE,멋사공책 RPG 며칠차2,2025-12-28 08:20:48,59530,마인크래프트,GAME,7422
10931676,64d76089fba26b180d9c9e48a32600d9,텐코 시부키,Tenko Shibuki,CLICHE,멋사공책 RPG 며칠차,2025-12-27 06:48:03,61164,마인크래프트,GAME,8377
10915841,64d76089fba26b180d9c9e48a32600d9,텐코 시부키,Tenko Shibuki,CLICHE,메리 크리스마스!!!!!!!!!!!,2025-12-26 07:12:17,58997,마인크래프트,GAME,7497
10896653,64d76089fba26b180d9c9e48a32600d9,텐코 시부키,Tenko Shibuki,CLICHE,멋사 공책 RPG 3dlfck,2025-12-25 06:58:11,60824,마인크래프트,GAME,8669
10879054,64d76089fba26b180d9c9e48a32600d9,텐코 시부키,Tenko Shibuki,CLICHE,2025년 12월 23일 2부 멋사 공책 RPG 2dlfck,2025-12-24 09:48:02,12568,마인크래프트,GAME,6161
10877906,64d76089fba26b180d9c9e48a32600d9,텐코 시부키,Tenko Shibuki,CLICHE,2025년 12월 23일 1부 멋사 공책 RPG 2dlfck,2025-12-24 04:54:54,61200,마인크래프트,GAME,9710
10859798,64d76089fba26b180d9c9e48a32600d9,텐코 시부키,Tenko Shibuki,CLICHE,멋사 공책 RPG 가보쟈,2025-12-23 02:05:08,40843,마인크래프트,GAME,9664
10840218,64d76089fba26b180d9c9e48a32600d9,텐코 시부키,Tenko Shibuki,CLICHE,멋사 공책 RPG 베타해보기,2025-12-21 23:12:52,20191,마인크래프트,GAME,6613
10775784,64d76089fba26b180d9c9e48a32600d9,텐코 시부키,Tenko Shibuki,CLICHE,6시 스텔 내전!!!!,2025-12-18 00:18:15,28989,리그 오브 레전드,GAME,6166
10745907,64d76089fba26b180d9c9e48a32600d9,텐코 시부키,Tenko Shibuki,CLICHE,인사이드,2025-12-16 01:25:53,22706,talk,ETC,3066
10730820,64d76089fba26b180d9c9e48a32600d9,텐코 시부키,Tenko Shibuki,CLICHE,연습가보자 w.밍사장 ㄹㅣ코,2025-12-15 01:23:17,11897,리그 오브 레전드,GAME,3625
10712801,64d76089fba26b180d9c9e48a32600d9,텐코 시부키,Tenko Shibuki,CLICHE,리듬 타는 여우신ㅇ이ㅑ,2025-12-14 00:58:06,26278,비츠 앤 밥스,GAME,5788
10695019,64d76089fba26b180d9c9e48a32600d9,텐코 시부키,Tenko Shibuki,CLICHE,멋사공책RPG 설명회 보기,2025-12-13 00:37:23,12842,talk,ETC,5273
10662841,64d76089fba26b180d9c9e48a32600d9,텐코 시부키,Tenko Shibuki,CLICHE,뿌르즈 우승! 후열 롤체하기,2025-12-11 00:17:53,22327,전략적 팀 전투 : 신비의 숲,GAME,6074
10632300,64d76089fba26b180d9c9e48a32600d9,텐코 시부키,Tenko Shibuki,CLICHE,백룸 청소하기 w.타비 린 리코,2025-12-09 00:42:57,21937,리그 오브 레전드,GAME,5245
10617837,64d76089fba26b180d9c9e48a32600d9,텐코 시부키,Tenko Shibuki,CLICHE,리듬 닥터 정출????,2025-12-08 00:55:47,24204,리듬 닥터,GAME,4907
10583817,64d76089fba26b180d9c9e48a32600d9,텐코 시부키,Tenko Shibuki,CLICHE,IQ테스트 / 롤체 새시즌 해보기,2025-12-06 00:38:33,21540,전략적 팀 전투 : 신비의 숲,GAME,3448
10571441,64d76089fba26b180d9c9e48a32600d9,텐코 시부키,Tenko Shibuki,CLICHE,눈꽃 카드 미션 전라인 승리 레츠고,2025-12-05 03:16:41,33908,리그 오브 레전드,GAME,3315
10550193,64d76089fba26b180d9c9e48a32600d9,텐코 시부키,Tenko Shibuki,CLICHE,오늘은 나나 가이드님과 휴양가느날,2025-12-03 23:24:39,20861,이터널 리턴,GAME,5144
10522277,64d76089fba26b180d9c9e48a32600d9,텐코 시부키,Tenko Shibuki,CLICHE,부키tv 황혼의 숲 좋댓구알,2025-12-02 01:34:59,26731,talk,ETC,4386
10507285,64d76089fba26b180d9c9e48a32600d9,텐코 시부키,Tenko Shibuki,CLICHE,쉿! 황혼의 숲,2025-12-01 01:46:58,28695,마인크래프트,GAME,6965
10473411,64d76089fba26b180d9c9e48a32600d9,텐코 시부키,Tenko Shibuki,CLICHE,안녕하새요,2025-11-29 02:01:36,26545,리그 오브 레전드,GAME,4120
10458973,64d76089fba26b180d9c9e48a32600d9,텐코 시부키,Tenko Shibuki,CLICHE,스포당하면서 게임하기권법2,2025-11-28 03:16:20,32833,스포일러가 너무 심한 RPG ―최후의 적의 정체는 용사의 아버지―,GAME,4665
10440356,64d76089fba26b180d9c9e48a32600d9,텐코 시부키,Tenko Shibuki,CLICHE,스포 당하면서 게임하기권법 2,2025-11-27 01:07:50,21751,스포일러가 너무 심한 RPG ―최후의 적의 정체는 용사의 아버지―,GAME,6480
10394498,64d76089fba26b180d9c9e48a32600d9,텐코 시부키,Tenko Shibuki,CLICHE,대박대박박대,2025-11-24 01:40:54,25474,리그 오브 레전드,GAME,4470
10373568,64d76089fba26b180d9c9e48a32600d9,텐코 시부키,Tenko Shibuki,CLICHE,미메시스하눈날 w.유니 린 나나 부키,2025-11-22 23:17:10,23574,talk,ETC,5107
10354772,64d76089fba26b180d9c9e48a32600d9,텐코 시부키,Tenko Shibuki,CLICHE,스텔 5인큐 3승 레츠고 w.사장님 유니 후야 시로 부키,2025-11-21 22:22:18,26798,리그 오브 레전드,GAME,5500
10323274,64d76089fba26b180d9c9e48a32600d9,텐코 시부키,Tenko Shibuki,CLICHE,으ㅓㅇ으아으어으어아,2025-11-19 23:07:54,11080,talk,ETC,4870
10307613,64d76089fba26b180d9c9e48a32600d9,텐코 시부키,Tenko Shibuki,CLICHE,스포당하고시작하기권법,2025-11-19 00:02:41,21437,스포일러가 너무 심한 RPG ―최후의 적의 정체는 용사의 아버지―,GAME,6709
10270356,64d76089fba26b180d9c9e48a32600d9,텐코 시부키,Tenko Shibuki,CLICHE,오늘은 가치 영화보느날,2025-11-16 17:39:28,2215,talk,ETC,2421
10260723,64d76089fba26b180d9c9e48a32600d9,텐코 시부키,Tenko Shibuki,CLICHE,퍼피퍼피퍼피퍼피퍼피,2025-11-16 00:43:45,23788,리그 오브 레전드,GAME,5103
10244256,64d76089fba26b180d9c9e48a32600d9,텐코 시부키,Tenko Shibuki,CLICHE,후야님 나나랑 아크레이더스 / 커버곡 많관부,2025-11-15 01:09:26,23620,talk,ETC,5302
10227778,64d76089fba26b180d9c9e48a32600d9,텐코 시부키,Tenko Shibuki,CLICHE,고생했어고생해써고생해서,2025-11-14 00:45:41,22079,talk,ETC,4408
10211186,64d76089fba26b180d9c9e48a32600d9,텐코 시부키,Tenko Shibuki,CLICHE,혼자서는 대두'즈'가 될 수 없슴니다,2025-11-13 00:43:21,16610,승리의 여신: 니케,GAME,3810
10166294,64d76089fba26b180d9c9e48a32600d9,텐코 시부키,Tenko Shibuki,CLICHE,헤헤헤헤헤헤헤헤헤헤헤헤헤,2025-11-10 02:00:51,16793,리그 오브 레전드,GAME,4955
10148671,64d76089fba26b180d9c9e48a32600d9,텐코 시부키,Tenko Shibuki,CLICHE,쪼아쪼아당신이조오아,2025-11-09 01:39:53,32995,선즈 오브 더 포레스트,GAME,5773
10112823,64d76089fba26b180d9c9e48a32600d9,텐코 시부키,Tenko Shibuki,CLICHE,응괜찮아나요즘운좋아,2025-11-07 00:10:03,21709,승리의 여신: 니케,GAME,4992
10099517,64d76089fba26b180d9c9e48a32600d9,텐코 시부키,Tenko Shibuki,CLICHE,8시 레이디스리그,2025-11-06 02:02:21,25100,리그 오브 레전드,GAME,6090
10067185,64d76089fba26b180d9c9e48a32600d9,텐코 시부키,Tenko Shibuki,CLICHE,한국 골목길 공겜 귀흔!,2025-11-04 01:50:59,24360,골목길 : 귀흔,GAME,6071
10050965,64d76089fba26b180d9c9e48a32600d9,텐코 시부키,Tenko Shibuki,CLICHE,이상한일이로다,2025-11-03 01:03:02,24942,아크 레이더스,GAME,3601
10033648,64d76089fba26b180d9c9e48a32600d9,텐코 시부키,Tenko Shibuki,CLICHE,헤헤 재밌었땅 니케 3주년,2025-11-02 01:10:50,25329,talk,ETC,4417
10014484,64d76089fba26b180d9c9e48a32600d9,텐코 시부키,Tenko Shibuki,CLICHE,스텔라이브랑 해피할로윈!!!!,2025-11-01 00:19:46,25835,talk,ETC,7641
9997027,64d76089fba26b180d9c9e48a32600d9,텐코 시부키,Tenko Shibuki,CLICHE,데모즐기는데이 데즐데,2025-10-30 23:43:01,20251,talk,ETC,3001
9952417,64d76089fba26b180d9c9e48a32600d9,텐코 시부키,Tenko Shibuki,CLICHE,오늘은 진ㄴㄴㄴ짜 안할라했는데...,2025-10-28 01:20:30,25993,이스케이프 프롬 덕코프,GAME,4050
9937245,64d76089fba26b180d9c9e48a32600d9,텐코 시부키,Tenko Shibuki,CLICHE,오늘은 진짜 안할라했는데 아..,2025-10-27 01:16:27,25952,이스케이프 프롬 덕코프,GAME,3136
9903623,64d76089fba26b180d9c9e48a32600d9,텐코 시부키,Tenko Shibuki,CLICHE,그래픽카드 5090 삽니다,2025-10-25 02:33:20,30304,이스케이프 프롬 덕코프,GAME,4157
9887327,64d76089fba26b180d9c9e48a32600d9,텐코 시부키,Tenko Shibuki,CLICHE,심각한 덕코프 중독압니다 극한,2025-10-24 02:32:11,32027,이스케이프 프롬 덕코프,GAME,4578
9849235,64d76089fba26b180d9c9e48a32600d9,텐코 시부키,Tenko Shibuki,CLICHE,그칸 덕-ㄹ콮,2025-10-21 22:14:20,17012,이스케이프 프롬 덕코프,GAME,5151
9839688,64d76089fba26b180d9c9e48a32600d9,텐코 시부키,Tenko Shibuki,CLICHE,덕-ㄹ코프,2025-10-21 02:04:19,28489,이스케이프 프롬 덕코프,GAME,8638
9823988,64d76089fba26b180d9c9e48a32600d9,텐코 시부키,Tenko Shibuki,CLICHE,클리셰 조트,2025-10-20 01:26:36,26385,마인크래프트,GAME,7211
9790017,64d76089fba26b180d9c9e48a32600d9,텐코 시부키,Tenko Shibuki,CLICHE,천호실현,2025-10-18 02:23:40,29767,리그 오브 레전드,GAME,5209
9771564,64d76089fba26b180d9c9e48a32600d9,텐코 시부키,Tenko Shibuki,CLICHE,붘켓몬 드가ZA,2025-10-17 00:39:17,26907,포켓몬 레전드 Z-A,GAME,5010
9756097,64d76089fba26b180d9c9e48a32600d9,텐코 시부키,Tenko Shibuki,CLICHE,전쟁터 뚝배기,2025-10-16 01:06:02,21469,마인크래프트,GAME,4655
9748799,64d76089fba26b180d9c9e48a32600d9,텐코 시부키,Tenko Shibuki,CLICHE,뚝,2025-10-15 18:58:49,3583,talk,ETC,2434
9725541,64d76089fba26b180d9c9e48a32600d9,텐코 시부키,Tenko Shibuki,CLICHE,일단 꼴지는 아니겠찌,2025-10-14 01:21:28,27811,마인크래프트,GAME,5823
9694400,64d76089fba26b180d9c9e48a32600d9,텐코 시부키,Tenko Shibuki,CLICHE,메가 붘크,2025-10-12 02:26:17,29894,메가봉크,GAME,4672
9676221,64d76089fba26b180d9c9e48a32600d9,텐코 시부키,Tenko Shibuki,CLICHE,밍사장과 리나메3,2025-10-11 02:06:08,31776,리틀 나이트메어 3,GAME,6074
9659071,64d76089fba26b180d9c9e48a32600d9,텐코 시부키,Tenko Shibuki,CLICHE,"시골쥐가 좋아, 도시쥐가 좋아?",2025-10-10 01:19:15,15387,마인크래프트,GAME,12067
9641676,64d76089fba26b180d9c9e48a32600d9,텐코 시부키,Tenko Shibuki,CLICHE,12시간 자고 광부키 부활,2025-10-09 01:23:11,26324,마인크래프트,GAME,6855
9626153,64d76089fba26b180d9c9e48a32600d9,텐코 시부키,Tenko Shibuki,CLICHE,드릴 뽑으면서 수다,2025-10-08 01:47:03,24478,마인크래프트,GAME,6886
9598114,64d76089fba26b180d9c9e48a32600d9,텐코 시부키,Tenko Shibuki,CLICHE,데바데 두가자 w.강지 유니 린 리코,2025-10-06 01:06:42,22266,데드 바이 데이라이트,GAME,5527
9591282,64d76089fba26b180d9c9e48a32600d9,텐코 시부키,Tenko Shibuki,CLICHE,영화보자영화,2025-10-05 16:46:46,2641,talk,ETC,1824
9585700,64d76089fba26b180d9c9e48a32600d9,텐코 시부키,Tenko Shibuki,CLICHE,마크 밌겠다재밌겠다재 ,2025-10-05 03:00:00,38977,마인크래프트,GAME,8828
9559597,64d76089fba26b180d9c9e48a32600d9,텐코 시부키,Tenko Shibuki,CLICHE,동까쓰 조아하세요?,2025-10-03 17:59:35,3660,talk,ETC,2379
9547929,64d76089fba26b180d9c9e48a32600d9,텐코 시부키,Tenko Shibuki,CLICHE,에있 이제 도박안해 (오늘은),2025-10-02 23:52:05,24308,talk,ETC,5464
9527362,64d76089fba26b180d9c9e48a32600d9,텐코 시부키,Tenko Shibuki,CLICHE,아ㅏㅏㅏㅏㅏㅏ따갚,2025-10-01 18:55:46,13985,클로버핏,GAME,5201
9517698,64d76089fba26b180d9c9e48a32600d9,텐코 시부키,Tenko Shibuki,CLICHE,사힐 F 마무리하고 이해하기,2025-10-01 00:14:50,21437,talk,ETC,3016
9506663,64d76089fba26b180d9c9e48a32600d9,텐코 시부키,Tenko Shibuki,CLICHE,사일런트 힐 f 드디어 가보쟈,2025-09-30 03:26:25,35316,talk,ETC,6896
9381409,64d76089fba26b180d9c9e48a32600d9,텐코 시부키,Tenko Shibuki,CLICHE,흐어어엉 ,2025-09-22 03:22:51,28561,talk,ETC,11011
9364692,64d76089fba26b180d9c9e48a32600d9,텐코 시부키,Tenko Shibuki,CLICHE,1인칭 좀비는 싫어요 ,2025-09-21 03:39:44,23542,talk,ETC,6907
9348531,64d76089fba26b180d9c9e48a32600d9,텐코 시부키,Tenko Shibuki,CLICHE,12시 지나서 휴방아니긴해,2025-09-20 04:52:19,4928,리그 오브 레전드,GAME,4240
9347461,64d76089fba26b180d9c9e48a32600d9,텐코 시부키,Tenko Shibuki,CLICHE,12시 지나서 휴방아니긴해,2025-09-20 03:26:11,3158,리그 오브 레전드,GAME,2140
9346338,64d76089fba26b180d9c9e48a32600d9,텐코 시부키,Tenko Shibuki,CLICHE,12시 지나서 휴방아니긴해,2025-09-20 02:24:32,2851,리그 오브 레전드,GAME,3218
9330431,64d76089fba26b180d9c9e48a32600d9,텐코 시부키,Tenko Shibuki,CLICHE,밤을주워왔어,2025-09-19 02:24:26,15631,talk,ETC,7019
9296886,64d76089fba26b180d9c9e48a32600d9,텐코 시부키,Tenko Shibuki,CLICHE,오늘 나온 사람 아니야,2025-09-17 00:54:59,24533,talk,ETC,7259
9279138,64d76089fba26b180d9c9e48a32600d9,텐코 시부키,Tenko Shibuki,CLICHE,부키 와써,2025-09-15 23:33:43,5416,talk,ETC,8192
9213432,64d76089fba26b180d9c9e48a32600d9,텐코 시부키,Tenko Shibuki,CLICHE,아...나도 운뚱땡이하고싶다...,2025-09-11 23:49:29,14069,talk,ETC,6556
9169038,64d76089fba26b180d9c9e48a32600d9,텐코 시부키,Tenko Shibuki,CLICHE,나 골드 뗑코 시부키,2025-09-09 01:17:24,13435,talk,ETC,5423
9163176,64d76089fba26b180d9c9e48a32600d9,텐코 시부키,Tenko Shibuki,CLICHE,부키와써,2025-09-08 21:17:05,9796,talk,ETC,3032
9145284,64d76089fba26b180d9c9e48a32600d9,텐코 시부키,Tenko Shibuki,CLICHE,"도망가기 w. 강ㅈ1, ㅎ1나, ㄹ1코 ,ㄹ1ㄴ",2025-09-07 17:56:11,18162,talk,ETC,6798
9137359,64d76089fba26b180d9c9e48a32600d9,텐코 시부키,Tenko Shibuki,CLICHE,실크송 하루 먹어보기,2025-09-07 02:19:37,26189,talk,ETC,3951
9104568,64d76089fba26b180d9c9e48a32600d9,텐코 시부키,Tenko Shibuki,CLICHE,마크 원블럭 모드 해보기,2025-09-05 04:08:18,34115,마인크래프트,GAME,7680
9072136,64d76089fba26b180d9c9e48a32600d9,텐코 시부키,Tenko Shibuki,CLICHE,괴롭혀줄게,2025-09-03 02:47:09,16940,talk,ETC,5282
9041798,64d76089fba26b180d9c9e48a32600d9,텐코 시부키,Tenko Shibuki,CLICHE,한판,2025-09-01 02:56:32,17529,리그 오브 레전드,GAME,5754
8929242,64d76089fba26b180d9c9e48a32600d9,텐코 시부키,Tenko Shibuki,CLICHE,오늘은 더 많은 섬을 / KING cover 많관부,2025-08-25 04:18:15,35958,마인크래프트,GAME,9173
8911357,64d76089fba26b180d9c9e48a32600d9,텐코 시부키,Tenko Shibuki,CLICHE,[다피스] 두번째 항해구나 ,2025-08-24 03:19:23,33118,마인크래프트,GAME,9749
8877641,64d76089fba26b180d9c9e48a32600d9,텐코 시부키,Tenko Shibuki,CLICHE,아 skrrrrrrrrr,2025-08-22 03:32:11,30199,스컬: 더 히어로 슬레이어,GAME,5635
8842315,64d76089fba26b180d9c9e48a32600d9,텐코 시부키,Tenko Shibuki,CLICHE,부키의 집,2025-08-20 01:12:56,21905,talk,ETC,6020
8826636,64d76089fba26b180d9c9e48a32600d9,텐코 시부키,Tenko Shibuki,CLICHE,노는 날,2025-08-19 01:21:39,20759,talk,ETC,3462
8809569,64d76089fba26b180d9c9e48a32600d9,텐코 시부키,Tenko Shibuki,CLICHE,스텔 마카 하구 마법하기,2025-08-18 00:15:03,23896,talk,ETC,5794
8792767,64d76089fba26b180d9c9e48a32600d9,텐코 시부키,Tenko Shibuki,CLICHE,사장님 밥반찬,2025-08-17 00:41:41,20257,talk,ETC,4409
8777439,64d76089fba26b180d9c9e48a32600d9,텐코 시부키,Tenko Shibuki,CLICHE,잠깐이라도오기권법,2025-08-16 01:55:14,10462,talk,ETC,3319
8759920,64d76089fba26b180d9c9e48a32600d9,텐코 시부키,Tenko Shibuki,CLICHE,에휴 지렁이,2025-08-15 02:02:48,24631,talk,ETC,3279
8743196,64d76089fba26b180d9c9e48a32600d9,텐코 시부키,Tenko Shibuki,CLICHE,아 배그 부가티 뽑은겁니다,2025-08-14 01:59:35,24893,talk,ETC,4863
8677449,64d76089fba26b180d9c9e48a32600d9,텐코 시부키,Tenko Shibuki,CLICHE,응,2025-08-10 02:52:54,27991,talk,ETC,6118
8660706,64d76089fba26b180d9c9e48a32600d9,텐코 시부키,Tenko Shibuki,CLICHE,마피아 세계로 가보자,2025-08-09 03:11:32,31023,마피아: 올드 컨트리,GAME,4974
8624703,64d76089fba26b180d9c9e48a32600d9,텐코 시부키,Tenko Shibuki,CLICHE,응,2025-08-07 01:04:42,28934,talk,ETC,4557
8609478,64d76089fba26b180d9c9e48a32600d9,텐코 시부키,Tenko Shibuki,CLICHE,림월드를 맛봐보자 근데 어케함?,2025-08-06 02:09:32,21728,림월드,GAME,4738
8592574,64d76089fba26b180d9c9e48a32600d9,텐코 시부키,Tenko Shibuki,CLICHE,손가락 풀고 왔다,2025-08-05 02:00:43,28413,talk,ETC,3680
8561568,64d76089fba26b180d9c9e48a32600d9,텐코 시부키,Tenko Shibuki,CLICHE,그라운디드 해보기,2025-08-03 03:53:29,38573,talk,ETC,5998
8488231,64d76089fba26b180d9c9e48a32600d9,텐코 시부키,Tenko Shibuki,CLICHE,여우가족여행 다녀오기저네 노래하고놀기,2025-07-29 23:18:21,20428,음악/노래,ETC,9073
8474271,64d76089fba26b180d9c9e48a32600d9,텐코 시부키,Tenko Shibuki,CLICHE,쪼끔만,2025-07-29 00:36:20,23370,talk,ETC,3785
8458073,64d76089fba26b180d9c9e48a32600d9,텐코 시부키,Tenko Shibuki,CLICHE,아쉬우니까,2025-07-28 00:18:07,25794,talk,ETC,2987
8442585,64d76089fba26b180d9c9e48a32600d9,텐코 시부키,Tenko Shibuki,CLICHE,힐링하고 딱 두판만....,2025-07-27 01:42:15,30916,talk,ETC,4032
8426025,64d76089fba26b180d9c9e48a32600d9,텐코 시부키,Tenko Shibuki,CLICHE,항해끝,2025-07-26 02:10:28,36400,talk,ETC,8926
8407770,64d76089fba26b180d9c9e48a32600d9,텐코 시부키,Tenko Shibuki,CLICHE,부키부끼,2025-07-25 00:42:33,23753,talk,ETC,3261
8392020,64d76089fba26b180d9c9e48a32600d9,텐코 시부키,Tenko Shibuki,CLICHE,레바님과 리코와 젠레스존제로 그림그리기,2025-07-24 01:23:53,21747,talk,ETC,3876
8372992,64d76089fba26b180d9c9e48a32600d9,텐코 시부키,Tenko Shibuki,CLICHE,여우야,2025-07-22 23:59:59,23131,talk,ETC,7117
8345190,64d76089fba26b180d9c9e48a32600d9,텐코 시부키,Tenko Shibuki,CLICHE,거꾸로 서있는거야 너,2025-07-21 03:11:07,34256,talk,ETC,4439
8327271,64d76089fba26b180d9c9e48a32600d9,텐코 시부키,Tenko Shibuki,CLICHE,부키와써,2025-07-20 02:33:24,25087,talk,ETC,4207
8291442,64d76089fba26b180d9c9e48a32600d9,텐코 시부키,Tenko Shibuki,CLICHE,"후열 롤 w.강사장, 밍사장, 춘향님, 악녀님",2025-07-18 01:32:02,24900,리그 오브 레전드,GAME,6155
8275909,64d76089fba26b180d9c9e48a32600d9,텐코 시부키,Tenko Shibuki,CLICHE,정신파타퐁나가파타퐁,2025-07-17 03:04:52,25303,리그 오브 레전드,GAME,7597
8234645,64d76089fba26b180d9c9e48a32600d9,텐코 시부키,Tenko Shibuki,CLICHE,후아아아암일찍부키,2025-07-14 19:31:13,12193,talk,ETC,6432
8226907,64d76089fba26b180d9c9e48a32600d9,텐코 시부키,Tenko Shibuki,CLICHE,나리약ㄱㄱㄱㄱㄱㄱㄱㄱ,2025-07-14 01:29:28,20114,리그 오브 레전드,GAME,3097
8219726,64d76089fba26b180d9c9e48a32600d9,텐코 시부키,Tenko Shibuki,CLICHE,나리약ㄱㄱㄱㄱㄱㄱㄱㄱ,2025-07-13 19:48:47,8003,talk,ETC,2167
8193798,64d76089fba26b180d9c9e48a32600d9,텐코 시부키,Tenko Shibuki,CLICHE,녹음 다녀 와쓰영어어,2025-07-12 02:28:50,17042,talk,ETC,3428
15036585,516937b5f85cbf2249ce31b0ad046b0f,아오쿠모 린,Aokumo Rin,CLICHE,간만의 GTA 스토리 밀기,2026-09-05 00:54:53,15123,Grand Theft Auto V,GAME,554
15018895,516937b5f85cbf2249ce31b0ad046b0f,아오쿠모 린,Aokumo Rin,CLICHE,사진 찍으러 와써요,2026-09-03 23:55:29,9566,마인크래프트,GAME,4839
15014099,516937b5f85cbf2249ce31b0ad046b0f,아오쿠모 린,Aokumo Rin,CLICHE,I HATE SUN [🌊스텔라와 함께하는 여름 휴가🌥️] ,2026-09-03 19:59:59,3643,talk,ETC,16142
15007136,516937b5f85cbf2249ce31b0ad046b0f,아오쿠모 린,Aokumo Rin,CLICHE,스텔마크 드디어 입장,2026-09-03 02:51:40,16973,마인크래프트,GAME,4527
14954206,516937b5f85cbf2249ce31b0ad046b0f,아오쿠모 린,Aokumo Rin,CLICHE,"[수동암즈] 대회 후열 w. 하루, 동글 (나나는 쉬러갔어요)",2026-08-30 21:49:35,27597,이터널 리턴,GAME,2464
14938272,516937b5f85cbf2249ce31b0ad046b0f,아오쿠모 린,Aokumo Rin,CLICHE,[수동암즈] 이리 대회 1일차 + 옵치 후열,2026-08-29 22:51:49,14340,오버워치,GAME,1762
14934482,516937b5f85cbf2249ce31b0ad046b0f,아오쿠모 린,Aokumo Rin,CLICHE,[수동암즈] 이리 대회 첫째 날 2시!!!!!!,2026-08-29 18:45:35,17228,이터널 리턴,GAME,1366
14927658,516937b5f85cbf2249ce31b0ad046b0f,아오쿠모 린,Aokumo Rin,CLICHE,[수동암즈] 이리 대회 공식 스크림 8시,2026-08-29 03:26:20,37149,이터널 리턴,GAME,1423
14912791,516937b5f85cbf2249ce31b0ad046b0f,아오쿠모 린,Aokumo Rin,CLICHE,[수동암즈] 이리 대회 연습 3일차,2026-08-28 05:07:38,39659,이터널 리턴,GAME,2508
14895928,516937b5f85cbf2249ce31b0ad046b0f,아오쿠모 린,Aokumo Rin,CLICHE,[수동암즈] 이리 대회 연습 2일차,2026-08-27 03:20:50,36910,이터널 리턴,GAME,1857
14879074,516937b5f85cbf2249ce31b0ad046b0f,아오쿠모 린,Aokumo Rin,CLICHE,이리 대회 연습 1일차,2026-08-26 02:42:18,23660,이터널 리턴,GAME,2493
14864463,516937b5f85cbf2249ce31b0ad046b0f,아오쿠모 린,Aokumo Rin,CLICHE,[치지직오픈컵] 이리대회 꼴등 팀장 멋지게 등장,2026-08-25 03:38:52,28606,이터널 리턴,GAME,4974
14827553,516937b5f85cbf2249ce31b0ad046b0f,아오쿠모 린,Aokumo Rin,CLICHE,싸장님이랑 낚시하러 왔어요,2026-08-23 00:09:07,22158,낚시 방법,GAME,3711
14812149,516937b5f85cbf2249ce31b0ad046b0f,아오쿠모 린,Aokumo Rin,CLICHE,춘스터콜! 후열 구구덕,2026-08-22 01:33:58,20032,구스 구스 덕,GAME,3542
14796320,516937b5f85cbf2249ce31b0ad046b0f,아오쿠모 린,Aokumo Rin,CLICHE,오랜만에 돌아가는 그 곳,2026-08-21 01:25:06,17303,이터널 리턴,GAME,2366
14759123,516937b5f85cbf2249ce31b0ad046b0f,아오쿠모 린,Aokumo Rin,CLICHE,[광고] 드디어 스네즈나야로!!! 원신 7.0 탐험하기~,2026-08-18 21:59:58,11385,원신,GAME,2120
14745294,516937b5f85cbf2249ce31b0ad046b0f,아오쿠모 린,Aokumo Rin,CLICHE,클리셰와 함께 조깅해,2026-08-17 22:53:44,17371,빅 워크,GAME,3016
14729871,516937b5f85cbf2249ce31b0ad046b0f,아오쿠모 린,Aokumo Rin,CLICHE,7시 스텔+삐부님 내전! (근데 목감기를 곁들인),2026-08-16 23:43:27,17920,데드 바이 데이라이트,GAME,2090
14683231,516937b5f85cbf2249ce31b0ad046b0f,아오쿠모 린,Aokumo Rin,CLICHE,"데바데 w. 사장님, 리제, 리코, 춘향님",2026-08-14 01:35:58,20641,데드 바이 데이라이트,GAME,2148
14665376,516937b5f85cbf2249ce31b0ad046b0f,아오쿠모 린,Aokumo Rin,CLICHE,"로블록스 w. 타비, 부키",2026-08-13 00:49:27,17247,로블록스,GAME,3825
14650935,516937b5f85cbf2249ce31b0ad046b0f,아오쿠모 린,Aokumo Rin,CLICHE,"차분하게 데바데 w. 리코, 부키, 나나",2026-08-12 02:20:42,22773,데드 바이 데이라이트,GAME,4220
14634034,516937b5f85cbf2249ce31b0ad046b0f,아오쿠모 린,Aokumo Rin,CLICHE,오늘은 스트리머 세 분과 데이뚜를,2026-08-11 01:24:11,19903,데드 바이 데이라이트,GAME,3795
14617281,516937b5f85cbf2249ce31b0ad046b0f,아오쿠모 린,Aokumo Rin,CLICHE,"세피리아 용사들 w. 후야, 타비, 부키",2026-08-10 00:22:20,23583,세피리아,GAME,2453
14599191,516937b5f85cbf2249ce31b0ad046b0f,아오쿠모 린,Aokumo Rin,CLICHE,마음만큼은 무자비한 사린마,2026-08-08 23:54:46,14727,데드 바이 데이라이트,GAME,2526
14548583,516937b5f85cbf2249ce31b0ad046b0f,아오쿠모 린,Aokumo Rin,CLICHE,"사린마는 따비,리제선배와 생존마로 전직",2026-08-05 23:37:26,15975,데드 바이 데이라이트,GAME,2104
14535236,516937b5f85cbf2249ce31b0ad046b0f,아오쿠모 린,Aokumo Rin,CLICHE,다시 여행 떠나는 뇽사 w. 후야,2026-08-05 01:13:51,18764,세피리아,GAME,2326
14517369,516937b5f85cbf2249ce31b0ad046b0f,아오쿠모 린,Aokumo Rin,CLICHE,"간만에 데바데 w. 시로선배, 쭈냥님, 부키",2026-08-03 23:59:38,14121,데드 바이 데이라이트,GAME,1926
14504545,516937b5f85cbf2249ce31b0ad046b0f,아오쿠모 린,Aokumo Rin,CLICHE,"간만에 세피리아 근데 이제 멤버들이랑 같이 하는 w. 후야, 타비, 부키",2026-08-03 01:32:24,23653,세피리아,GAME,2862
14469218,516937b5f85cbf2249ce31b0ad046b0f,아오쿠모 린,Aokumo Rin,CLICHE,"삼촌이 조카들을 가르치는 법 (w. 빅헤드, 리코) ",2026-08-01 00:03:40,25401,에이펙스 레전드,GAME,2938
14435423,516937b5f85cbf2249ce31b0ad046b0f,아오쿠모 린,Aokumo Rin,CLICHE,리본은 인체에 무해한 접착제로 붙였습니다,2026-07-29 23:24:25,15598,스타듀 밸리,GAME,2732
14419161,516937b5f85cbf2249ce31b0ad046b0f,아오쿠모 린,Aokumo Rin,CLICHE,오늘은 시청자 한 분을 모시고 옵치를...,2026-07-28 23:29:12,19650,오버워치,GAME,3648
14406812,516937b5f85cbf2249ce31b0ad046b0f,아오쿠모 린,Aokumo Rin,CLICHE,클리셰 백룸.... / 'Maid My Way' 공개! + 클리셰 EP 공개날,2026-07-28 01:21:02,27523,이터널 리턴,GAME,6484
14389111,516937b5f85cbf2249ce31b0ad046b0f,아오쿠모 린,Aokumo Rin,CLICHE,손목이 꺾이더라도 발로 마우스를...,2026-07-26 23:45:22,14986,오버워치,GAME,1883
14354994,516937b5f85cbf2249ce31b0ad046b0f,아오쿠모 린,Aokumo Rin,CLICHE,제 3거점을 찾아...,2026-07-24 23:56:22,17561,팰월드,GAME,1556
14341402,516937b5f85cbf2249ce31b0ad046b0f,아오쿠모 린,Aokumo Rin,CLICHE,멀미인간이 도망친 곳,2026-07-24 01:16:52,18715,오버워치,GAME,1630
14324895,516937b5f85cbf2249ce31b0ad046b0f,아오쿠모 린,Aokumo Rin,CLICHE,"꼼짝마! 섬주민이다! w. 부키, 리코",2026-07-23 01:19:58,19621,이터널 리턴,GAME,1817
14308450,516937b5f85cbf2249ce31b0ad046b0f,아오쿠모 린,Aokumo Rin,CLICHE,아내들과 촌장 마을,2026-07-22 01:04:54,22199,팰월드,GAME,1527
14294111,516937b5f85cbf2249ce31b0ad046b0f,아오쿠모 린,Aokumo Rin,CLICHE,촌장님 저 보고싶었죠~ ,2026-07-21 02:06:56,21651,팰월드,GAME,1785
14260207,516937b5f85cbf2249ce31b0ad046b0f,아오쿠모 린,Aokumo Rin,CLICHE,얘들아 오랜만이야...,2026-07-19 00:56:12,24641,팰월드,GAME,2660
14193107,516937b5f85cbf2249ce31b0ad046b0f,아오쿠모 린,Aokumo Rin,CLICHE,클리셰 하이라이트 메들리 공개! 후 팰월드하기,2026-07-14 23:37:59,18812,팰월드,GAME,2795
14181471,516937b5f85cbf2249ce31b0ad046b0f,아오쿠모 린,Aokumo Rin,CLICHE,팰월드 오랜만이군,2026-07-14 02:00:38,25839,팰월드,GAME,2685
14161004,516937b5f85cbf2249ce31b0ad046b0f,아오쿠모 린,Aokumo Rin,CLICHE,봉켓몬 가라연두마을 합방!,2026-07-12 21:59:45,21672,구스 구스 덕,GAME,4678
14108883,516937b5f85cbf2249ce31b0ad046b0f,아오쿠모 린,Aokumo Rin,CLICHE,으악 코막혀,2026-07-09 20:15:03,924,talk,ETC,2311
14084183,516937b5f85cbf2249ce31b0ad046b0f,아오쿠모 린,Aokumo Rin,CLICHE,오오오오오오오오오옵치,2026-07-08 01:38:58,13263,오버워치,GAME,1969
14052553,516937b5f85cbf2249ce31b0ad046b0f,아오쿠모 린,Aokumo Rin,CLICHE,호다닥,2026-07-06 00:53:45,16246,리듬 천국 미라클 스타즈,GAME,3564
14035255,516937b5f85cbf2249ce31b0ad046b0f,아오쿠모 린,Aokumo Rin,CLICHE,포초딩은 아직...,2026-07-05 00:56:50,15012,포켓몬 챔피언스,GAME,3679
13988050,516937b5f85cbf2249ce31b0ad046b0f,아오쿠모 린,Aokumo Rin,CLICHE,봉켓몬 마지막 날!,2026-07-02 02:28:01,30031,마인크래프트,GAME,3975
13970528,516937b5f85cbf2249ce31b0ad046b0f,아오쿠모 린,Aokumo Rin,CLICHE,준전설 하나라도 내 입에....봉켓몬 8일차,2026-07-01 01:27:41,27054,마인크래프트,GAME,1971
13956713,516937b5f85cbf2249ce31b0ad046b0f,아오쿠모 린,Aokumo Rin,CLICHE,봉켓몬 7일차에 못 들어올뻔,2026-06-30 03:08:36,15938,마인크래프트,GAME,1797
13940479,516937b5f85cbf2249ce31b0ad046b0f,아오쿠모 린,Aokumo Rin,CLICHE,열심히 사는 린의 봉켓몬 6일차 / 물떼새 많관부!,2026-06-29 01:42:24,31180,마인크래프트,GAME,3290
13923588,516937b5f85cbf2249ce31b0ad046b0f,아오쿠모 린,Aokumo Rin,CLICHE,그란돈 보고싶은 린의 봉켓몬 5일차!,2026-06-28 02:15:09,30301,마인크래프트,GAME,2151
13891300,516937b5f85cbf2249ce31b0ad046b0f,아오쿠모 린,Aokumo Rin,CLICHE,포중독의 봉켓몬 4일차!,2026-06-26 02:49:10,29653,마인크래프트,GAME,4237
13878229,516937b5f85cbf2249ce31b0ad046b0f,아오쿠모 린,Aokumo Rin,CLICHE,소리 지르는 방입니다 / 2026 월드컵 대한민국 vs 남아공,2026-06-25 14:45:45,8357,2026 FIFA 북중미 월드컵,SPORTS,1205
13872948,516937b5f85cbf2249ce31b0ad046b0f,아오쿠모 린,Aokumo Rin,CLICHE,누리레린의 봉켓몬 3일차,2026-06-25 02:20:50,30168,마인크래프트,GAME,2354
13857604,516937b5f85cbf2249ce31b0ad046b0f,아오쿠모 린,Aokumo Rin,CLICHE,원규 혼쭐내준 린의 봉켓몬 2일차,2026-06-24 03:01:38,33115,마인크래프트,GAME,3607
13841696,516937b5f85cbf2249ce31b0ad046b0f,아오쿠모 린,Aokumo Rin,CLICHE,포켓몬 뉴비의 봉켓몬 1일차! ,2026-06-23 02:48:33,33273,마인크래프트,GAME,7544
13806043,516937b5f85cbf2249ce31b0ad046b0f,아오쿠모 린,Aokumo Rin,CLICHE,옵치 조금만!,2026-06-21 00:18:41,15641,오버워치,GAME,2400
13780752,516937b5f85cbf2249ce31b0ad046b0f,아오쿠모 린,Aokumo Rin,CLICHE,옵치 경쟁 좀만! w. 나나,2026-06-19 14:39:48,8705,오버워치,GAME,1984
13779150,516937b5f85cbf2249ce31b0ad046b0f,아오쿠모 린,Aokumo Rin,CLICHE,축구는 잘 모르지만 시끄럽게 응원은 할 줄 알아요 / 2026 월드컵 대한민국 vs. 멕시코,2026-06-19 14:11:26,8015,2026 FIFA 북중미 월드컵,SPORTS,1359
13779678,516937b5f85cbf2249ce31b0ad046b0f,아오쿠모 린,Aokumo Rin,CLICHE,옵치 신캐 맛보기,2026-06-19 12:12:20,267,오버워치,GAME,453
13719373,516937b5f85cbf2249ce31b0ad046b0f,아오쿠모 린,Aokumo Rin,CLICHE,와아아아앗 배불러,2026-06-15 20:39:19,9556,모여봐요 동물의 숲,GAME,3250
13695616,516937b5f85cbf2249ce31b0ad046b0f,아오쿠모 린,Aokumo Rin,CLICHE,보카로월드컵 (real) 2일차,2026-06-14 03:09:36,21915,음악/노래,ETC,16686
13676831,516937b5f85cbf2249ce31b0ad046b0f,아오쿠모 린,Aokumo Rin,CLICHE,보카로월드컵 (real) 1일차,2026-06-13 01:35:51,16278,음악/노래,ETC,20698
13662242,516937b5f85cbf2249ce31b0ad046b0f,아오쿠모 린,Aokumo Rin,CLICHE,"외롭지 않은 이터널 리턴 w. 시로선배, 리코",2026-06-12 03:16:15,18710,이터널 리턴,GAME,2756
13646168,516937b5f85cbf2249ce31b0ad046b0f,아오쿠모 린,Aokumo Rin,CLICHE,킹누 라이브 월드컵,2026-06-11 02:30:51,16028,음악/노래,ETC,8055
13620766,516937b5f85cbf2249ce31b0ad046b0f,아오쿠모 린,Aokumo Rin,CLICHE,많은 주민들을 빨리 보살피고 갈 예정,2026-06-09 17:07:51,4026,모여봐요 동물의 숲,GAME,1724
13616151,516937b5f85cbf2249ce31b0ad046b0f,아오쿠모 린,Aokumo Rin,CLICHE,명쉰입의 명조 공부,2026-06-09 03:02:45,21461,명조:워더링 웨이브,GAME,5596
13581933,516937b5f85cbf2249ce31b0ad046b0f,아오쿠모 린,Aokumo Rin,CLICHE,후열 옵치 w. 리제선배,2026-06-07 00:42:22,17955,오버워치,GAME,1943
13564588,516937b5f85cbf2249ce31b0ad046b0f,아오쿠모 린,Aokumo Rin,CLICHE,간만에 뿔님이 보러왔습니다,2026-06-06 00:34:03,15840,모여봐요 동물의 숲,GAME,2872
13544750,516937b5f85cbf2249ce31b0ad046b0f,아오쿠모 린,Aokumo Rin,CLICHE,"팅커랜드 w. 사장님, 시로선배, 나나",2026-06-04 21:10:10,20420,팅커랜드,GAME,3182
13535285,516937b5f85cbf2249ce31b0ad046b0f,아오쿠모 린,Aokumo Rin,CLICHE,"후열 옵치! w. 리제, 부키",2026-06-04 01:20:55,24152,오버워치,GAME,2038
13487483,516937b5f85cbf2249ce31b0ad046b0f,아오쿠모 린,Aokumo Rin,CLICHE,"초자연 작전팀! w. 리제, 나나, 리코",2026-06-01 00:55:59,18467,초자연 작전팀,GAME,2225
13468336,516937b5f85cbf2249ce31b0ad046b0f,아오쿠모 린,Aokumo Rin,CLICHE,"아크레이더스 w. 유니, 후야!",2026-05-31 00:02:09,15764,아크 레이더스,GAME,2011
13437971,516937b5f85cbf2249ce31b0ad046b0f,아오쿠모 린,Aokumo Rin,CLICHE,힐링데이,2026-05-29 01:15:47,18563,이터널 리턴,GAME,4272
13403443,516937b5f85cbf2249ce31b0ad046b0f,아오쿠모 린,Aokumo Rin,CLICHE,멤버들이랑 같이 갈틱폰,2026-05-26 23:10:36,18767,종합 게임,GAME,3361
13372124,516937b5f85cbf2249ce31b0ad046b0f,아오쿠모 린,Aokumo Rin,CLICHE,주식 볼거야 모라하지마!!,2026-05-24 23:49:53,19333,마인크래프트,GAME,3859
13356276,516937b5f85cbf2249ce31b0ad046b0f,아오쿠모 린,Aokumo Rin,CLICHE,자경단 할거야 모라하지마!!,2026-05-24 00:15:52,23916,마인크래프트,GAME,3290
13338536,516937b5f85cbf2249ce31b0ad046b0f,아오쿠모 린,Aokumo Rin,CLICHE,모라하지마! 모라하지마! 서버 1일차,2026-05-22 23:51:45,20918,마인크래프트,GAME,4127
13278556,516937b5f85cbf2249ce31b0ad046b0f,아오쿠모 린,Aokumo Rin,CLICHE,클리셰 2주년!!! >_<💙,2026-05-19 01:04:04,13921,오버워치,GAME,3430
13244800,516937b5f85cbf2249ce31b0ad046b0f,아오쿠모 린,Aokumo Rin,CLICHE,나 멀미약도 먹었고 멀미주파수도 들었고 치킨도 먹었지만 졌어,2026-05-17 00:14:08,15468,오버워치,GAME,2436
13193361,516937b5f85cbf2249ce31b0ad046b0f,아오쿠모 린,Aokumo Rin,CLICHE,"드가자 w. 리코 / 이리 주제가 ""불꽃"" w. 나나 많관부!!!",2026-05-13 22:39:46,17684,오버워치,GAME,2654
13184939,516937b5f85cbf2249ce31b0ad046b0f,아오쿠모 린,Aokumo Rin,CLICHE,7시 뉴비 발로 내전!! (화이탱),2026-05-13 04:20:03,17862,발로란트,GAME,5414
13178757,516937b5f85cbf2249ce31b0ad046b0f,아오쿠모 린,Aokumo Rin,CLICHE,7시 뉴비 발로 내전!! (화이탱),2026-05-12 23:18:05,15872,발로란트,GAME,3253
13153533,516937b5f85cbf2249ce31b0ad046b0f,아오쿠모 린,Aokumo Rin,CLICHE,"응애 발로 w. 사장님, 유니, 히나, 리코",2026-05-11 02:08:19,18549,talk,ETC,2989
13132045,516937b5f85cbf2249ce31b0ad046b0f,아오쿠모 린,Aokumo Rin,CLICHE,새롭게 태어나봅시다,2026-05-09 23:28:58,15599,친구모아 아일랜드 두근두근 라이프,GAME,3201
13120613,516937b5f85cbf2249ce31b0ad046b0f,아오쿠모 린,Aokumo Rin,CLICHE,유니선배와 함께.... / STAR TRAIL 많관부!!,2026-05-09 03:17:50,33374,오버워치,GAME,6119
13086611,516937b5f85cbf2249ce31b0ad046b0f,아오쿠모 린,Aokumo Rin,CLICHE,이게 무슨 방송일까요 저도 모르겠어요,2026-05-07 00:52:23,4022,발로란트,GAME,2239
13084472,516937b5f85cbf2249ce31b0ad046b0f,아오쿠모 린,Aokumo Rin,CLICHE,발로를 했더니 컴터가 죽었어요!,2026-05-06 23:41:14,2204,오버워치,GAME,1386
13083284,516937b5f85cbf2249ce31b0ad046b0f,아오쿠모 린,Aokumo Rin,CLICHE,진짜 대박 간만의 발로,2026-05-06 23:01:58,10072,발로란트,GAME,3366
13069302,516937b5f85cbf2249ce31b0ad046b0f,아오쿠모 린,Aokumo Rin,CLICHE,"응애 옵치 w. 후야, 시로, 나나, 리코",2026-05-05 23:52:30,11190,오버워치,GAME,4262
13052232,516937b5f85cbf2249ce31b0ad046b0f,아오쿠모 린,Aokumo Rin,CLICHE,난 도파민이 필요하다,2026-05-05 00:27:28,7098,친구모아 아일랜드 두근두근 라이프,GAME,4287
13039060,516937b5f85cbf2249ce31b0ad046b0f,아오쿠모 린,Aokumo Rin,CLICHE,생일이에뇨 ^^,2026-05-04 01:48:37,14271,talk,ETC,14257
13002303,516937b5f85cbf2249ce31b0ad046b0f,아오쿠모 린,Aokumo Rin,CLICHE,"프랫폴+후열 옵치 w. 후야, 타비, 리코",2026-05-01 23:46:36,17814,오버워치,GAME,4069
12988276,516937b5f85cbf2249ce31b0ad046b0f,아오쿠모 린,Aokumo Rin,CLICHE,나 게임이 너무 하고 싶었어......!!!!!!!!!,2026-05-01 01:49:30,20156,친구모아 아일랜드 두근두근 라이프,GAME,3769
12980811,516937b5f85cbf2249ce31b0ad046b0f,아오쿠모 린,Aokumo Rin,CLICHE,나 게임이 너무 하고 싶었어......!!!!!!!!!,2026-04-30 20:04:10,273,talk,ETC,1406
12933676,516937b5f85cbf2249ce31b0ad046b0f,아오쿠모 린,Aokumo Rin,CLICHE,친구 만들어주께,2026-04-27 20:12:11,7797,친구모아 아일랜드 두근두근 라이프,GAME,3012
12925670,516937b5f85cbf2249ce31b0ad046b0f,아오쿠모 린,Aokumo Rin,CLICHE,일단 커마를 해,2026-04-27 01:39:46,15919,친구모아 아일랜드 두근두근 라이프,GAME,3105
12904036,516937b5f85cbf2249ce31b0ad046b0f,아오쿠모 린,Aokumo Rin,CLICHE,오빠도 운전면허 없지만 오빠만 믿어,2026-04-25 22:33:33,16236,여동생 운전 가르치기,GAME,3576
12890667,516937b5f85cbf2249ce31b0ad046b0f,아오쿠모 린,Aokumo Rin,CLICHE,"후열 옵치 조금 w. 후야, 리코",2026-04-25 01:03:58,21076,오버워치,GAME,2328
12883893,516937b5f85cbf2249ce31b0ad046b0f,아오쿠모 린,Aokumo Rin,CLICHE,섬 주민들은 앞만 보고 달려,2026-04-24 19:05:43,1285,talk,ETC,974
12877006,516937b5f85cbf2249ce31b0ad046b0f,아오쿠모 린,Aokumo Rin,CLICHE,그들은 이미 가족이야...,2026-04-24 02:16:48,17083,프래그마타,GAME,2357
12812172,516937b5f85cbf2249ce31b0ad046b0f,아오쿠모 린,Aokumo Rin,CLICHE,"옵치! w. 후야, 리제, 나나, 리코 / 아이네 클라이네 많관부!!",2026-04-19 23:13:33,15404,오버워치,GAME,2647
12796878,516937b5f85cbf2249ce31b0ad046b0f,아오쿠모 린,Aokumo Rin,CLICHE,프래그마타 해봅쉬다 (멀미나면 런),2026-04-19 00:38:43,14702,프래그마타,GAME,2505
12777210,516937b5f85cbf2249ce31b0ad046b0f,아오쿠모 린,Aokumo Rin,CLICHE,롤체할고에욧,2026-04-17 23:09:38,14936,전략적 팀 전투 : 신비의 숲,GAME,2072
12731488,516937b5f85cbf2249ce31b0ad046b0f,아오쿠모 린,Aokumo Rin,CLICHE,응애!!!!!!!!!,2026-04-14 23:53:01,17213,오버워치,GAME,3129
12703552,516937b5f85cbf2249ce31b0ad046b0f,아오쿠모 린,Aokumo Rin,CLICHE,멀미를 피해 옵치로 도망가기,2026-04-13 01:04:01,14773,오버워치,GAME,2006
12679257,516937b5f85cbf2249ce31b0ad046b0f,아오쿠모 린,Aokumo Rin,CLICHE,빠빠빠빠빠 빠빠빠빠,2026-04-11 18:44:18,6558,talk,ETC,3468
12671173,516937b5f85cbf2249ce31b0ad046b0f,아오쿠모 린,Aokumo Rin,CLICHE,"잠깐 옵치 (w. 리제선배, 리코)",2026-04-11 02:17:10,19032,오버워치,GAME,4792
12589012,516937b5f85cbf2249ce31b0ad046b0f,아오쿠모 린,Aokumo Rin,CLICHE,"뉴비의 옵치란 (w. 리제, 나나, 리코)",2026-04-05 22:58:25,18708,오버워치,GAME,3210
12537966,516937b5f85cbf2249ce31b0ad046b0f,아오쿠모 린,Aokumo Rin,CLICHE,옵치 뉴비 내전이라니~!,2026-04-02 22:34:02,17427,오버워치,GAME,3006
12523670,516937b5f85cbf2249ce31b0ad046b0f,아오쿠모 린,Aokumo Rin,CLICHE,빨리 안 들어오고 머하노,2026-04-01 23:43:26,13375,종합 게임,GAME,6864
12509511,516937b5f85cbf2249ce31b0ad046b0f,아오쿠모 린,Aokumo Rin,CLICHE,올만에 클리셰 배그!!!,2026-04-01 01:35:17,19304,PUBG: 배틀그라운드,GAME,3189
12462119,516937b5f85cbf2249ce31b0ad046b0f,아오쿠모 린,Aokumo Rin,CLICHE,슈단간2 챕터 0 가자!!,2026-03-29 02:14:56,18778,슈퍼 단간론파 2: 안녕히 절망학원,GAME,3905
12436789,516937b5f85cbf2249ce31b0ad046b0f,아오쿠모 린,Aokumo Rin,CLICHE,"후열 옵치 조금 w. 사장님, 히나, 시로",2026-03-27 20:20:58,15674,오버워치,GAME,4011
12410401,516937b5f85cbf2249ce31b0ad046b0f,아오쿠모 린,Aokumo Rin,CLICHE,오버워치 클리셰+밍사장  / oh... 많관부!,2026-03-26 00:42:12,17642,오버워치,GAME,2537
12395399,516937b5f85cbf2249ce31b0ad046b0f,아오쿠모 린,Aokumo Rin,CLICHE,모든 거지 분들이 행복했으면 좋겠어요,2026-03-25 01:13:08,9999,붉은사막,GAME,1209
12390441,516937b5f85cbf2249ce31b0ad046b0f,아오쿠모 린,Aokumo Rin,CLICHE,모든 거지 분들이 행복했으면 좋겠어요,2026-03-24 22:16:09,4959,붉은사막,GAME,1036
12381061,516937b5f85cbf2249ce31b0ad046b0f,아오쿠모 린,Aokumo Rin,CLICHE,섬주민의 짧은 섬 여행,2026-03-24 02:13:20,8312,이터널 리턴,GAME,1291
12364294,516937b5f85cbf2249ce31b0ad046b0f,아오쿠모 린,Aokumo Rin,CLICHE,붉은사막이 스팀 인기겜이라면서용,2026-03-23 00:55:32,15263,붉은사막,GAME,2408
12330538,516937b5f85cbf2249ce31b0ad046b0f,아오쿠모 린,Aokumo Rin,CLICHE,잠깐 힐링하러 온 린씨,2026-03-21 02:18:36,6895,talk,ETC,4125
12310188,516937b5f85cbf2249ce31b0ad046b0f,아오쿠모 린,Aokumo Rin,CLICHE,7시 클리셰+시로선배 오버워치 (저는 일단 처음 해봐요),2026-03-19 23:41:32,18334,오버워치,GAME,2281
12225286,516937b5f85cbf2249ce31b0ad046b0f,아오쿠모 린,Aokumo Rin,CLICHE,메이드 지상주의 w. 시로선배! 7시에 최초공개,2026-03-14 19:32:38,2687,talk,ETC,2690
12215379,516937b5f85cbf2249ce31b0ad046b0f,아오쿠모 린,Aokumo Rin,CLICHE,드디어 슈단간2 챕터 5!,2026-03-14 01:54:15,21558,슈퍼 단간론파 2: 안녕히 절망학원,GAME,4740
12198629,516937b5f85cbf2249ce31b0ad046b0f,아오쿠모 린,Aokumo Rin,CLICHE,얘들아 나만 믿어,2026-03-13 01:34:38,16295,포켓몬 포코피아,GAME,1953
12181941,516937b5f85cbf2249ce31b0ad046b0f,아오쿠모 린,Aokumo Rin,CLICHE,난 실패작이래,2026-03-12 01:21:51,15843,포켓몬 포코피아,GAME,2750
12158974,516937b5f85cbf2249ce31b0ad046b0f,아오쿠모 린,Aokumo Rin,CLICHE,잠깐 보러와써욧!!!,2026-03-10 20:31:51,5343,talk,ETC,2145
12076358,516937b5f85cbf2249ce31b0ad046b0f,아오쿠모 린,Aokumo Rin,CLICHE,진짜 이리 한두판만,2026-03-05 20:35:00,16250,이터널 리턴,GAME,2286
12063807,516937b5f85cbf2249ce31b0ad046b0f,아오쿠모 린,Aokumo Rin,CLICHE,[픽크타] 소박하지만 큰 목표,2026-03-04 23:35:58,16156,마인크래프트,GAME,1463
12051311,516937b5f85cbf2249ce31b0ad046b0f,아오쿠모 린,Aokumo Rin,CLICHE,간만에 이리!,2026-03-04 01:25:54,15598,이터널 리턴,GAME,1529
12038479,516937b5f85cbf2249ce31b0ad046b0f,아오쿠모 린,Aokumo Rin,CLICHE,[픽크타] 펫들도 쉬긴해야지...근데 우리 펫들은 흠...,2026-03-03 04:44:37,13341,마인크래프트,GAME,1542
12021285,516937b5f85cbf2249ce31b0ad046b0f,아오쿠모 린,Aokumo Rin,CLICHE,[픽크타] 전 도태된게 아닙니다 느긋한거죠,2026-03-02 04:20:17,26451,마인크래프트,GAME,2778
11927906,516937b5f85cbf2249ce31b0ad046b0f,아오쿠모 린,Aokumo Rin,CLICHE,[픽크타] 아오도태 린 / 8시반 AIZO 최초공개!,2026-02-24 21:54:31,6488,마인크래프트,GAME,3314
11925804,516937b5f85cbf2249ce31b0ad046b0f,아오쿠모 린,Aokumo Rin,CLICHE,[픽크타] 아오도태 린,2026-02-24 19:22:29,12191,마인크래프트,GAME,1901
11903975,516937b5f85cbf2249ce31b0ad046b0f,아오쿠모 린,Aokumo Rin,CLICHE,[픽크타] 도태된 나 vs. 일 안하는 펫,2026-02-23 04:05:35,4890,마인크래프트,GAME,1446
11902723,516937b5f85cbf2249ce31b0ad046b0f,아오쿠모 린,Aokumo Rin,CLICHE,[픽크타] 도태된 나 vs. 일 안하는 펫,2026-02-23 02:37:27,17105,마인크래프트,GAME,1535
11882159,516937b5f85cbf2249ce31b0ad046b0f,아오쿠모 린,Aokumo Rin,CLICHE,[픽크타] 펫 잡아오기,2026-02-22 00:52:41,17558,마인크래프트,GAME,2659
11831831,516937b5f85cbf2249ce31b0ad046b0f,아오쿠모 린,Aokumo Rin,CLICHE,후야랑 이리해용,2026-02-19 01:31:28,16149,이터널 리턴,GAME,2396
11815362,516937b5f85cbf2249ce31b0ad046b0f,아오쿠모 린,Aokumo Rin,CLICHE,새해 복 많이 받으세용! / 클리셰 후열 인생게임,2026-02-18 01:46:44,17084,더 게임 오브 라이프 포 닌텐도 스위치,GAME,5089
11803468,516937b5f85cbf2249ce31b0ad046b0f,아오쿠모 린,Aokumo Rin,CLICHE,슈단간2 챕터 4 합니닷,2026-02-17 04:33:42,28175,슈퍼 단간론파 2: 안녕히 절망학원,GAME,5829
11769699,516937b5f85cbf2249ce31b0ad046b0f,아오쿠모 린,Aokumo Rin,CLICHE,스텔 멤버들끼리 롤해용,2026-02-15 00:57:07,19372,리그 오브 레전드,GAME,5736
11756114,516937b5f85cbf2249ce31b0ad046b0f,아오쿠모 린,Aokumo Rin,CLICHE,슈단간 챕터 3 들어가유,2026-02-14 04:21:53,25768,슈퍼 단간론파 2: 안녕히 절망학원,GAME,5546
11701461,516937b5f85cbf2249ce31b0ad046b0f,아오쿠모 린,Aokumo Rin,CLICHE,오늘 하루 코맹맹이로 살 것을 동의하십니까?,2026-02-11 01:25:17,15071,이용약관에 동의하고 싶어,GAME,4060
11650969,516937b5f85cbf2249ce31b0ad046b0f,아오쿠모 린,Aokumo Rin,CLICHE,[봉봉팜] 마지막 힐링데이,2026-02-08 01:35:42,16780,이터널 리턴,GAME,13306
11617414,516937b5f85cbf2249ce31b0ad046b0f,아오쿠모 린,Aokumo Rin,CLICHE,[봉봉팜] 잠깐 이리 w. 리코,2026-02-06 02:20:22,16007,이터널 리턴,GAME,2453
11601507,516937b5f85cbf2249ce31b0ad046b0f,아오쿠모 린,Aokumo Rin,CLICHE,[봉봉팜] hill링,2026-02-05 03:17:27,28437,마인크래프트,GAME,4578
11579740,516937b5f85cbf2249ce31b0ad046b0f,아오쿠모 린,Aokumo Rin,CLICHE,[봉봉팜] 힐링은 뭘까,2026-02-03 23:44:19,20577,마인크래프트,GAME,2718
11568009,516937b5f85cbf2249ce31b0ad046b0f,아오쿠모 린,Aokumo Rin,CLICHE,[봉봉팜] 아 힐링된다~,2026-02-03 02:39:16,1994,마인크래프트,GAME,1519
11567411,516937b5f85cbf2249ce31b0ad046b0f,아오쿠모 린,Aokumo Rin,CLICHE,[봉봉팜] 아 힐링된다~,2026-02-03 02:10:15,14987,마인크래프트,GAME,1731
11561272,516937b5f85cbf2249ce31b0ad046b0f,아오쿠모 린,Aokumo Rin,CLICHE,[봉봉팜] 아 힐링된다~,2026-02-02 21:54:41,396,마인크래프트,GAME,653
11561125,516937b5f85cbf2249ce31b0ad046b0f,아오쿠모 린,Aokumo Rin,CLICHE,[봉봉팜] 아 힐링된다~,2026-02-02 21:49:40,12408,마인크래프트,GAME,1640
11553853,516937b5f85cbf2249ce31b0ad046b0f,아오쿠모 린,Aokumo Rin,CLICHE,"[봉봉팜] 아나타, 타이타데스네~ / 세카이 단체커버 많관부!",2026-02-02 05:12:12,33226,마인크래프트,GAME,5219
11534904,516937b5f85cbf2249ce31b0ad046b0f,아오쿠모 린,Aokumo Rin,CLICHE,[봉봉팜] 힐링해요,2026-02-01 03:06:44,23530,마인크래프트,GAME,3842
11415535,516937b5f85cbf2249ce31b0ad046b0f,아오쿠모 린,Aokumo Rin,CLICHE,이리해용 / 카가리비토 많관부!,2026-01-25 00:40:42,21041,이터널 리턴,GAME,4534
11394461,516937b5f85cbf2249ce31b0ad046b0f,아오쿠모 린,Aokumo Rin,CLICHE,눈물의 짧방,2026-01-23 22:08:01,4482,talk,ETC,2857
11382835,516937b5f85cbf2249ce31b0ad046b0f,아오쿠모 린,Aokumo Rin,CLICHE,섬가쟈,2026-01-23 01:21:55,5388,이터널 리턴,GAME,2459
11368207,516937b5f85cbf2249ce31b0ad046b0f,아오쿠모 린,Aokumo Rin,CLICHE,대장을 따르게나 타비대원,2026-01-22 04:39:43,35159,마인크래프트,GAME,6228
11315781,516937b5f85cbf2249ce31b0ad046b0f,아오쿠모 린,Aokumo Rin,CLICHE,할머니의 요양,2026-01-19 01:19:19,15295,이터널 리턴,GAME,4271
11297742,516937b5f85cbf2249ce31b0ad046b0f,아오쿠모 린,Aokumo Rin,CLICHE,후야리코랑 섬탈출,2026-01-18 01:01:43,18603,이터널 리턴,GAME,3484
11282709,516937b5f85cbf2249ce31b0ad046b0f,아오쿠모 린,Aokumo Rin,CLICHE,운전 포기,2026-01-17 02:35:54,19757,이터널 리턴,GAME,5441
11267321,516937b5f85cbf2249ce31b0ad046b0f,아오쿠모 린,Aokumo Rin,CLICHE,슈단간 2챕터 해용 / 베이비 쿠리미들 미안하다... ,2026-01-16 04:01:04,24821,슈퍼 단간론파 2: 안녕히 절망학원,GAME,6410
11231974,516937b5f85cbf2249ce31b0ad046b0f,아오쿠모 린,Aokumo Rin,CLICHE,저는 방탈출을 성공해본적이 없습니다 w. 유니,2026-01-14 02:39:03,20064,방 탈출 시뮬레이터2,GAME,3981
11213451,516937b5f85cbf2249ce31b0ad046b0f,아오쿠모 린,Aokumo Rin,CLICHE,유니선배 3주년 기념 스텔 지빠뿌,2026-01-13 01:19:22,26212,이터널 리턴,GAME,4750
11179413,516937b5f85cbf2249ce31b0ad046b0f,아오쿠모 린,Aokumo Rin,CLICHE,"이 리 w. 부키, 리코",2026-01-11 01:14:21,12806,이터널 리턴,GAME,3182
11164468,516937b5f85cbf2249ce31b0ad046b0f,아오쿠모 린,Aokumo Rin,CLICHE,아사히나여 살려주게나... / 슈단간2,2026-01-10 03:10:57,22049,슈퍼 단간론파 2: 안녕히 절망학원,GAME,8581
11146328,516937b5f85cbf2249ce31b0ad046b0f,아오쿠모 린,Aokumo Rin,CLICHE,다른 섬 갔다가 진짜 섬 가기,2026-01-09 01:46:59,19439,이터널 리턴,GAME,8907
11114436,516937b5f85cbf2249ce31b0ad046b0f,아오쿠모 린,Aokumo Rin,CLICHE,"몇판만 하고 자러가유 w. 후야, 리코",2026-01-07 03:41:05,23585,이터널 리턴,GAME,7069
11097214,516937b5f85cbf2249ce31b0ad046b0f,아오쿠모 린,Aokumo Rin,CLICHE,굳빰,2026-01-06 02:29:39,15457,이터널 리턴,GAME,3375
11080793,516937b5f85cbf2249ce31b0ad046b0f,아오쿠모 린,Aokumo Rin,CLICHE,뒷북으로 멋사 rpg 클립 월드컵 하기~,2026-01-05 01:50:06,11722,talk,ETC,9056
11059479,516937b5f85cbf2249ce31b0ad046b0f,아오쿠모 린,Aokumo Rin,CLICHE,[광고] 더 게임 오브 라이프 포 닌텐도 스위치 클리셰 멤버들과 함께!!,2026-01-03 23:19:47,17062,더 게임 오브 라이프 포 닌텐도 스위치,GAME,7147
11004119,516937b5f85cbf2249ce31b0ad046b0f,아오쿠모 린,Aokumo Rin,CLICHE,마지막 날을 함께~,2025-12-31 23:07:30,8323,마인크래프트,GAME,23134
10985043,516937b5f85cbf2249ce31b0ad046b0f,아오쿠모 린,Aokumo Rin,CLICHE,사신 7시 최초공개!,2025-12-30 19:49:11,2975,talk,ETC,4445
10959898,516937b5f85cbf2249ce31b0ad046b0f,아오쿠모 린,Aokumo Rin,CLICHE,고아온 마지막 날! / 멋사님 rpg 서버,2025-12-29 00:35:44,15391,마인크래프트,GAME,2270
10954601,516937b5f85cbf2249ce31b0ad046b0f,아오쿠모 린,Aokumo Rin,CLICHE,고아온 마지막 날! / 멋사님 rpg 서버,2025-12-28 20:09:50,4442,마인크래프트,GAME,973
10947053,516937b5f85cbf2249ce31b0ad046b0f,아오쿠모 린,Aokumo Rin,CLICHE,고아온 / 멋사님 rpg 서버,2025-12-28 04:09:15,8584,마인크래프트,GAME,1868
10944543,516937b5f85cbf2249ce31b0ad046b0f,아오쿠모 린,Aokumo Rin,CLICHE,고아온 / 멋사님 rpg 서버,2025-12-28 01:50:38,30900,마인크래프트,GAME,1549
10929784,516937b5f85cbf2249ce31b0ad046b0f,아오쿠모 린,Aokumo Rin,CLICHE,고아온은 히든이 밉다 / 멋사님 rpg 서버,2025-12-27 03:32:35,38693,마인크래프트,GAME,2073
10909854,516937b5f85cbf2249ce31b0ad046b0f,아오쿠모 린,Aokumo Rin,CLICHE,고아온도 히든이 먹고싶다 / 멋사님 rpg 서버,2025-12-26 00:29:00,31912,마인크래프트,GAME,2927
10895343,516937b5f85cbf2249ce31b0ad046b0f,아오쿠모 린,Aokumo Rin,CLICHE,고아온 렛츠고,2025-12-25 04:25:30,14263,마인크래프트,GAME,4207
10889648,516937b5f85cbf2249ce31b0ad046b0f,아오쿠모 린,Aokumo Rin,CLICHE,고아온 렛츠고,2025-12-25 00:31:33,26363,마인크래프트,GAME,8621
10877042,516937b5f85cbf2249ce31b0ad046b0f,아오쿠모 린,Aokumo Rin,CLICHE,코막히지만 히든은 찾아야 해,2025-12-24 03:24:02,4943,마인크래프트,GAME,2417
10875634,516937b5f85cbf2249ce31b0ad046b0f,아오쿠모 린,Aokumo Rin,CLICHE,코막히지만 히든은 찾아야 해,2025-12-24 02:00:40,1404,마인크래프트,GAME,909
10875054,516937b5f85cbf2249ce31b0ad046b0f,아오쿠모 린,Aokumo Rin,CLICHE,코막히지만 히든은 찾아야 해,2025-12-24 01:44:19,45678,마인크래프트,GAME,2592
10864069,516937b5f85cbf2249ce31b0ad046b0f,아오쿠모 린,Aokumo Rin,CLICHE,코막히지만 히든은 찾아야 해,2025-12-23 12:50:23,1372,마인크래프트,GAME,796
10858895,516937b5f85cbf2249ce31b0ad046b0f,아오쿠모 린,Aokumo Rin,CLICHE,멋사님 서버 오픈런해유,2025-12-23 01:19:08,19676,마인크래프트,GAME,2432
10851837,516937b5f85cbf2249ce31b0ad046b0f,아오쿠모 린,Aokumo Rin,CLICHE,멋사님 서버 오픈런해유,2025-12-22 19:50:14,17179,마인크래프트,GAME,2706
10842972,516937b5f85cbf2249ce31b0ad046b0f,아오쿠모 린,Aokumo Rin,CLICHE,멋사님 서버 잠깐 맛보기,2025-12-22 00:55:43,12909,마인크래프트,GAME,3910
10786329,516937b5f85cbf2249ce31b0ad046b0f,아오쿠모 린,Aokumo Rin,CLICHE,저희 밥 먹게 해주세요... w. 네리사,2025-12-18 19:30:18,5159,talk,ETC,7651
10774997,516937b5f85cbf2249ce31b0ad046b0f,아오쿠모 린,Aokumo Rin,CLICHE,스텔 롤 내전 오후 6시!,2025-12-17 23:52:26,23404,리그 오브 레전드,GAME,3852
10759986,516937b5f85cbf2249ce31b0ad046b0f,아오쿠모 린,Aokumo Rin,CLICHE,로오오오오오올,2025-12-17 00:22:15,18790,리그 오브 레전드,GAME,2758
10747735,516937b5f85cbf2249ce31b0ad046b0f,아오쿠모 린,Aokumo Rin,CLICHE,원딜은 무엇인가,2025-12-16 03:11:16,21935,리그 오브 레전드,GAME,3214
10730287,516937b5f85cbf2249ce31b0ad046b0f,아오쿠모 린,Aokumo Rin,CLICHE,"롤은 무엇인가 w. 후야, 타비선배",2025-12-15 01:04:05,18415,talk,ETC,2264
10713995,516937b5f85cbf2249ce31b0ad046b0f,아오쿠모 린,Aokumo Rin,CLICHE,롤의 후열 롤 w. 싸장님,2025-12-14 01:42:21,18528,리그 오브 레전드,GAME,3869
10691864,516937b5f85cbf2249ce31b0ad046b0f,아오쿠모 린,Aokumo Rin,CLICHE,잠깐 보러왔어용,2025-12-12 22:40:26,2786,talk,ETC,1993
10648069,516937b5f85cbf2249ce31b0ad046b0f,아오쿠모 린,Aokumo Rin,CLICHE,힘든 하루였다...,2025-12-10 00:56:08,15601,전략적 팀 전투 : 신비의 숲,GAME,2079
10632101,516937b5f85cbf2249ce31b0ad046b0f,아오쿠모 린,Aokumo Rin,CLICHE,"롤해유 w. 싸장님, 타비, 부키, 리코",2025-12-09 00:35:31,20094,리그 오브 레전드,GAME,2957
10617096,516937b5f85cbf2249ce31b0ad046b0f,아오쿠모 린,Aokumo Rin,CLICHE,20만 쿠리미들과 함께하는 Q&A!,2025-12-08 00:21:19,14736,talk,ETC,4444
10579074,516937b5f85cbf2249ce31b0ad046b0f,아오쿠모 린,Aokumo Rin,CLICHE,완전 짧방이지만 잠깐 보러왔다용,2025-12-05 20:50:04,2562,talk,ETC,2664
10570011,516937b5f85cbf2249ce31b0ad046b0f,아오쿠모 린,Aokumo Rin,CLICHE,"영원히 함께야 w. 후야, 리코",2025-12-05 01:44:57,23863,이터널 리턴,GAME,3388
10540179,516937b5f85cbf2249ce31b0ad046b0f,아오쿠모 린,Aokumo Rin,CLICHE,우우...,2025-12-03 04:06:45,24761,산나비,GAME,4062
10521036,516937b5f85cbf2249ce31b0ad046b0f,아오쿠모 린,Aokumo Rin,CLICHE,"햅삐 이리~ w. 후야, 리코",2025-12-02 00:43:19,20862,이터널 리턴,GAME,2429
10505274,516937b5f85cbf2249ce31b0ad046b0f,아오쿠모 린,Aokumo Rin,CLICHE,"섬 납치 성공 w. 후야, 리코",2025-12-01 00:17:23,18877,이터널 리턴,GAME,2686
10489458,516937b5f85cbf2249ce31b0ad046b0f,아오쿠모 린,Aokumo Rin,CLICHE,산나비나비야 어디로 가느냐,2025-11-30 01:19:00,15226,산나비,GAME,4224
10468938,516937b5f85cbf2249ce31b0ad046b0f,아오쿠모 린,Aokumo Rin,CLICHE,[광고] 명일방주: 엔드필드 체험기!,2025-11-28 23:07:10,15019,명일방주: 엔드필드,GAME,2543
10458695,516937b5f85cbf2249ce31b0ad046b0f,아오쿠모 린,Aokumo Rin,CLICHE,강제 후열,2025-11-28 02:53:34,20873,리그 오브 레전드,GAME,3534
10409648,516937b5f85cbf2249ce31b0ad046b0f,아오쿠모 린,Aokumo Rin,CLICHE,협곡 나들이,2025-11-25 01:38:12,16287,리그 오브 레전드,GAME,2628
10395270,516937b5f85cbf2249ce31b0ad046b0f,아오쿠모 린,Aokumo Rin,CLICHE,이브 후 이리,2025-11-24 02:20:33,18975,이터널 리턴,GAME,4169
10371543,516937b5f85cbf2249ce31b0ad046b0f,아오쿠모 린,Aokumo Rin,CLICHE,"미메시스 w. 유니,부키,나나",2025-11-22 21:32:31,16346,미메시스,GAME,3602
10355743,516937b5f85cbf2249ce31b0ad046b0f,아오쿠모 린,Aokumo Rin,CLICHE,갑분이,2025-11-21 23:04:46,15713,이터널 리턴,GAME,3592
10310961,516937b5f85cbf2249ce31b0ad046b0f,아오쿠모 린,Aokumo Rin,CLICHE,막국수 최고,2025-11-19 02:04:48,18001,이터널 리턴,GAME,2900
10291705,516937b5f85cbf2249ce31b0ad046b0f,아오쿠모 린,Aokumo Rin,CLICHE,유후~린 아크 레이더스,2025-11-17 23:53:46,17571,아크 레이더스,GAME,1985
10279475,516937b5f85cbf2249ce31b0ad046b0f,아오쿠모 린,Aokumo Rin,CLICHE,멀미는 나지만 스토리는 재밌다...!!!!!!,2025-11-17 01:36:03,16040,디트로이트: 비컴 휴먼,GAME,2824
10262142,516937b5f85cbf2249ce31b0ad046b0f,아오쿠모 린,Aokumo Rin,CLICHE,멀미런,2025-11-16 01:42:51,16699,데드 바이 데이라이트,GAME,3612
10228799,516937b5f85cbf2249ce31b0ad046b0f,아오쿠모 린,Aokumo Rin,CLICHE,갱얼쥐 기여워!,2025-11-14 01:24:06,18985,마이 리틀 퍼피,GAME,3802
10212862,516937b5f85cbf2249ce31b0ad046b0f,아오쿠모 린,Aokumo Rin,CLICHE,"이리? w. 후야, 타비 / 유니선배 삐질게 많관부!",2025-11-13 01:52:09,19262,이터널 리턴,GAME,3034
10192826,516937b5f85cbf2249ce31b0ad046b0f,아오쿠모 린,Aokumo Rin,CLICHE,"돈슛! w. 후야, 타비 / STAY 많관부!",2025-11-11 23:34:26,18194,아크 레이더스,GAME,3388
10180496,516937b5f85cbf2249ce31b0ad046b0f,아오쿠모 린,Aokumo Rin,CLICHE,난 또 쓰레기를 주워...,2025-11-11 01:30:25,16167,이터널 리턴,GAME,2309
10098282,516937b5f85cbf2249ce31b0ad046b0f,아오쿠모 린,Aokumo Rin,CLICHE,농장 오리,2025-11-06 01:07:05,18129,이스케이프 프롬 덕코프,GAME,2299
10081406,516937b5f85cbf2249ce31b0ad046b0f,아오쿠모 린,Aokumo Rin,CLICHE,쓰레기 줍는 멋진 오리,2025-11-05 00:49:31,16593,이스케이프 프롬 덕코프,GAME,1924
10065803,516937b5f85cbf2249ce31b0ad046b0f,아오쿠모 린,Aokumo Rin,CLICHE,드디어 덕코프 해봐요,2025-11-04 00:46:04,16910,이스케이프 프롬 덕코프,GAME,2702
10045441,516937b5f85cbf2249ce31b0ad046b0f,아오쿠모 린,Aokumo Rin,CLICHE,푸키몬 쪼금 찌르기 권법 (TES vs T1 4강 입중계 후 후열),2025-11-02 20:54:28,17493,포켓몬 레전드 Z-A,GAME,2960
10027621,516937b5f85cbf2249ce31b0ad046b0f,아오쿠모 린,Aokumo Rin,CLICHE,GEN vs KT 세미파이널 입중계!(둘다응원하면서봐요) ,2025-11-01 20:11:09,14845,리그 오브 레전드,GAME,2796
10013916,516937b5f85cbf2249ce31b0ad046b0f,아오쿠모 린,Aokumo Rin,CLICHE,"🎃🍭해피할로윈🎃🍭 후열 w. 유니,리제,부키,리코 ",2025-11-01 00:02:33,21783,데드 바이 데이라이트,GAME,4344
9930669,516937b5f85cbf2249ce31b0ad046b0f,아오쿠모 린,Aokumo Rin,CLICHE,마크 짧게... / 네리사X린 다이너마이트 많관부!,2025-10-26 20:10:08,8131,마인크래프트,GAME,3957
9917690,516937b5f85cbf2249ce31b0ad046b0f,아오쿠모 린,Aokumo Rin,CLICHE,"[마통대 남봉팀] 아오천포 린 (w. 남봉, 둥그레, 고수달)",2025-10-26 00:07:52,18574,마인크래프트,GAME,10545
9902634,516937b5f85cbf2249ce31b0ad046b0f,아오쿠모 린,Aokumo Rin,CLICHE,아오쿠모 통,2025-10-25 01:49:17,25219,마인크래프트,GAME,9988
9885355,516937b5f85cbf2249ce31b0ad046b0f,아오쿠모 린,Aokumo Rin,CLICHE,린나나 후열 이리!,2025-10-24 00:59:50,18232,talk,ETC,2721
9852714,516937b5f85cbf2249ce31b0ad046b0f,아오쿠모 린,Aokumo Rin,CLICHE,목 띵띵띵띵 ,2025-10-22 00:26:09,15864,포켓몬 레전드 Z-A,GAME,2749
9835065,516937b5f85cbf2249ce31b0ad046b0f,아오쿠모 린,Aokumo Rin,CLICHE,목 띵띵,2025-10-20 22:58:23,10269,포켓몬 레전드 Z-A,GAME,2126
9820200,516937b5f85cbf2249ce31b0ad046b0f,아오쿠모 린,Aokumo Rin,CLICHE,클리셰 졸트!! / 아이리스 아웃 많관부,2025-10-19 22:54:32,15810,졸트,GAME,5543
9785686,516937b5f85cbf2249ce31b0ad046b0f,아오쿠모 린,Aokumo Rin,CLICHE,포켓몬 찍먹,2025-10-17 23:40:40,16318,포켓몬 레전드 Z-A,GAME,4489
9741120,516937b5f85cbf2249ce31b0ad046b0f,아오쿠모 린,Aokumo Rin,CLICHE,"꿈은 이루어진다 w. 유니, 후야",2025-10-15 01:29:22,16283,이터널 리턴,GAME,5650
9725317,516937b5f85cbf2249ce31b0ad046b0f,아오쿠모 린,Aokumo Rin,CLICHE,꼴등만 아니면 돼,2025-10-14 01:08:53,14746,마인크래프트,GAME,4602
9711174,516937b5f85cbf2249ce31b0ad046b0f,아오쿠모 린,Aokumo Rin,CLICHE,거대 두더지 실존,2025-10-13 01:39:46,17051,마인크래프트,GAME,8707
9654355,516937b5f85cbf2249ce31b0ad046b0f,아오쿠모 린,Aokumo Rin,CLICHE,네모놀이해요,2025-10-09 22:10:15,14855,마인크래프트,GAME,6274
9636727,516937b5f85cbf2249ce31b0ad046b0f,아오쿠모 린,Aokumo Rin,CLICHE,힐링 농사 힐링 요리 힐링 가챠,2025-10-08 21:25:50,9838,마인크래프트,GAME,3391
9623119,516937b5f85cbf2249ce31b0ad046b0f,아오쿠모 린,Aokumo Rin,CLICHE,농사해 요리해 돈벌어,2025-10-07 23:27:31,15754,마인크래프트,GAME,5194
9610965,516937b5f85cbf2249ce31b0ad046b0f,아오쿠모 린,Aokumo Rin,CLICHE,해피 추석!! / 7시 동숲 마을 여행,2025-10-07 01:14:43,22853,모여봐요 동물의 숲,GAME,2572
9596533,516937b5f85cbf2249ce31b0ad046b0f,아오쿠모 린,Aokumo Rin,CLICHE,"7시 데바데 w. 싸장님,유니선배,부키,리코",2025-10-05 23:43:45,17620,데드 바이 데이라이트,GAME,2533
9535590,516937b5f85cbf2249ce31b0ad046b0f,아오쿠모 린,Aokumo Rin,CLICHE,집들이 선물 사용~,2025-10-02 01:42:56,9640,모여봐요 동물의 숲,GAME,2393
9514085,516937b5f85cbf2249ce31b0ad046b0f,아오쿠모 린,Aokumo Rin,CLICHE,악마용? 제가용?,2025-09-30 21:48:24,15290,클로버핏,GAME,5132
9353547,516937b5f85cbf2249ce31b0ad046b0f,아오쿠모 린,Aokumo Rin,CLICHE,와와와와와우 코맹맹린,2025-09-20 17:35:29,6317,talk,ETC,4502
9306508,516937b5f85cbf2249ce31b0ad046b0f,아오쿠모 린,Aokumo Rin,CLICHE,8시 전방향 미소녀 같이 봐용!,2025-09-17 20:24:40,1673,talk,ETC,2715
9298036,516937b5f85cbf2249ce31b0ad046b0f,아오쿠모 린,Aokumo Rin,CLICHE,애들 3D 봐용 드디어!,2025-09-17 01:41:03,16615,전략적 팀 전투 : 신비의 숲,GAME,12234
9226956,516937b5f85cbf2249ce31b0ad046b0f,아오쿠모 린,Aokumo Rin,CLICHE,[광고] 원신 노드크라이 사장님이랑 같이 즐겨요!,2025-09-12 22:03:38,15462,스타듀 밸리,GAME,4587
9145293,516937b5f85cbf2249ce31b0ad046b0f,아오쿠모 린,Aokumo Rin,CLICHE,"데바데 w. 사장님, 히나선배, 부키, 리코",2025-09-07 17:55:29,10545,데드 바이 데이라이트,GAME,4490
9117878,516937b5f85cbf2249ce31b0ad046b0f,아오쿠모 린,Aokumo Rin,CLICHE,응애에요,2025-09-06 01:12:09,14965,데드 바이 데이라이트,GAME,2925
9038537,516937b5f85cbf2249ce31b0ad046b0f,아오쿠모 린,Aokumo Rin,CLICHE,이리 솔로모드가 있다면서요,2025-09-01 00:12:27,14946,이터널 리턴,GAME,4651
8868921,516937b5f85cbf2249ce31b0ad046b0f,아오쿠모 린,Aokumo Rin,CLICHE,PLAY 8시 최초공개 같이 봐용!!!!,2025-08-21 21:10:12,4128,talk,ETC,8394
8858707,516937b5f85cbf2249ce31b0ad046b0f,아오쿠모 린,Aokumo Rin,CLICHE,힐링해요,2025-08-21 01:16:48,15136,스타듀 밸리,GAME,3713
8844728,516937b5f85cbf2249ce31b0ad046b0f,아오쿠모 린,Aokumo Rin,CLICHE,체약체 착하게 살다,2025-08-20 03:27:07,22331,talk,ETC,5964
8808908,516937b5f85cbf2249ce31b0ad046b0f,아오쿠모 린,Aokumo Rin,CLICHE,내가 체약체임... (린리코 잿푸 많관부) ,2025-08-17 23:52:15,20993,발로란트,GAME,5049
8758842,516937b5f85cbf2249ce31b0ad046b0f,아오쿠모 린,Aokumo Rin,CLICHE,대박 안무서운 롤체,2025-08-15 01:15:25,15184,전략적 팀 전투 : 신비의 숲,GAME,3982
8621571,516937b5f85cbf2249ce31b0ad046b0f,아오쿠모 린,Aokumo Rin,CLICHE,무서무서무서워서 롤체해요,2025-08-06 23:10:55,11213,전략적 팀 전투 : 신비의 숲,GAME,6091
8606578,516937b5f85cbf2249ce31b0ad046b0f,아오쿠모 린,Aokumo Rin,CLICHE,와! 롤체 새시즌!,2025-08-06 00:10:08,11161,전략적 팀 전투 : 신비의 숲,GAME,1898
8593063,516937b5f85cbf2249ce31b0ad046b0f,아오쿠모 린,Aokumo Rin,CLICHE,합삐엔딩을 향해,2025-08-05 02:24:26,19159,언더테일,GAME,4925
8524793,516937b5f85cbf2249ce31b0ad046b0f,아오쿠모 린,Aokumo Rin,CLICHE,해피엔딩을 위해 다 죽이고 왔어,2025-08-01 00:58:31,14163,언더테일,GAME,5045
8509947,516937b5f85cbf2249ce31b0ad046b0f,아오쿠모 린,Aokumo Rin,CLICHE,샌즈와 린즈,2025-07-31 02:28:30,26538,언더테일,GAME,6152
8491766,516937b5f85cbf2249ce31b0ad046b0f,아오쿠모 린,Aokumo Rin,CLICHE,WA! 몰살 루트!,2025-07-30 01:24:25,15697,언더테일,GAME,5780
8474416,516937b5f85cbf2249ce31b0ad046b0f,아오쿠모 린,Aokumo Rin,CLICHE,간만에 발켓몬 8시!,2025-07-29 00:40:25,17602,언더테일,GAME,4841
8461109,516937b5f85cbf2249ce31b0ad046b0f,아오쿠모 린,Aokumo Rin,CLICHE,겁.나.어.렵.다.매.요.? ,2025-07-28 02:42:02,21113,언더테일,GAME,6000
8406410,516937b5f85cbf2249ce31b0ad046b0f,아오쿠모 린,Aokumo Rin,CLICHE,린나나 WORK도 부르고 섬 데이트해요,2025-07-24 23:58:19,14524,이터널 리턴,GAME,2133
8393690,516937b5f85cbf2249ce31b0ad046b0f,아오쿠모 린,Aokumo Rin,CLICHE,파타퐁,2025-07-24 02:43:47,19891,파타퐁 1+2 리플레이,GAME,4637
8343497,516937b5f85cbf2249ce31b0ad046b0f,아오쿠모 린,Aokumo Rin,CLICHE,이겨따,2025-07-21 01:28:41,15346,talk,ETC,4225
8288883,516937b5f85cbf2249ce31b0ad046b0f,아오쿠모 린,Aokumo Rin,CLICHE,우주 가는거 좀 쫄린달까,2025-07-17 23:59:07,14206,스텔라 블레이드,GAME,1604
8273685,516937b5f85cbf2249ce31b0ad046b0f,아오쿠모 린,Aokumo Rin,CLICHE,배부른 사람 등장,2025-07-17 01:09:46,15241,스텔라 블레이드,GAME,1558
8223477,516937b5f85cbf2249ce31b0ad046b0f,아오쿠모 린,Aokumo Rin,CLICHE,"피크 w. 사장님, 시로, 리제",2025-07-13 23:10:07,14801,피크,GAME,3842
8218978,516937b5f85cbf2249ce31b0ad046b0f,아오쿠모 린,Aokumo Rin,CLICHE,"피크 w. 사장님, 시로, 리제",2025-07-13 18:54:48,3586,피크,GAME,2978
8203292,516937b5f85cbf2249ce31b0ad046b0f,아오쿠모 린,Aokumo Rin,CLICHE,[광고] 7시 월오탱 아오쿠모 린팀 vs 하나코 나나팀!!!,2025-07-12 20:29:06,5360,월드 오브 탱크,GAME,1637
8173839,516937b5f85cbf2249ce31b0ad046b0f,아오쿠모 린,Aokumo Rin,CLICHE,스블스블스블,2025-07-10 23:50:42,16904,스텔라 블레이드,GAME,1292
8160238,516937b5f85cbf2249ce31b0ad046b0f,아오쿠모 린,Aokumo Rin,CLICHE,오늘 어금니 아플수도,2025-07-10 01:23:40,15573,마인크래프트,GAME,2232
8143827,516937b5f85cbf2249ce31b0ad046b0f,아오쿠모 린,Aokumo Rin,CLICHE,hip하다,2025-07-09 01:12:49,14910,스텔라 블레이드,GAME,2118
8126456,516937b5f85cbf2249ce31b0ad046b0f,아오쿠모 린,Aokumo Rin,CLICHE,섬을가,2025-07-08 00:12:44,14935,이터널 리턴,GAME,2939
8114290,516937b5f85cbf2249ce31b0ad046b0f,아오쿠모 린,Aokumo Rin,CLICHE,웅성웅성 쟤 에어컨 또 고장났대~ ,2025-07-07 02:32:13,16979,딜러스 라이프 2,GAME,2718
8090939,516937b5f85cbf2249ce31b0ad046b0f,아오쿠모 린,Aokumo Rin,CLICHE,짱갈래! 짱갈래! 짱갈래! 짱갈래! 짱갈래! 짱갈래! (별자리가 될 수 있다면 많관부),2025-07-05 22:44:33,4482,talk,ETC,8605
8088982,516937b5f85cbf2249ce31b0ad046b0f,아오쿠모 린,Aokumo Rin,CLICHE,☁️ 린의 두번째 신의상!! ㅇv< ☁️,2025-07-05 20:55:17,3178,talk,ETC,11009
8043233,516937b5f85cbf2249ce31b0ad046b0f,아오쿠모 린,Aokumo Rin,CLICHE,감정 잘하시는 분 연락주세요 / 7월5일 8시 신의상 많관부!!,2025-07-03 00:29:18,12313,딜러스 라이프 2,GAME,2003
8028130,516937b5f85cbf2249ce31b0ad046b0f,아오쿠모 린,Aokumo Rin,CLICHE,"""부자""",2025-07-02 01:25:26,15333,딜러스 라이프 2,GAME,2037
8013205,516937b5f85cbf2249ce31b0ad046b0f,아오쿠모 린,Aokumo Rin,CLICHE,잠깐 동숲,2025-07-01 02:02:29,17877,모여봐요 동물의 숲,GAME,1819
7960749,516937b5f85cbf2249ce31b0ad046b0f,아오쿠모 린,Aokumo Rin,CLICHE,[광고] 딩컴 멤버들이랑 마을 더 키우기!,2025-06-27 23:48:26,17425,딩컴,GAME,1835
7947727,516937b5f85cbf2249ce31b0ad046b0f,아오쿠모 린,Aokumo Rin,CLICHE,pop song worldcup haeyo (2/2),2025-06-27 01:18:22,18799,음악/노래,ETC,33444
7930991,516937b5f85cbf2249ce31b0ad046b0f,아오쿠모 린,Aokumo Rin,CLICHE,pop song worldcup haeyo (1/2),2025-06-26 00:39:33,17052,음악/노래,ETC,45780
7884356,516937b5f85cbf2249ce31b0ad046b0f,아오쿠모 린,Aokumo Rin,CLICHE,엄지손가락이 너무 아파요,2025-06-23 00:36:33,12760,모여봐요 동물의 숲,GAME,2831
7867364,516937b5f85cbf2249ce31b0ad046b0f,아오쿠모 린,Aokumo Rin,CLICHE,너굴씨는 웃고있다,2025-06-22 01:12:36,14916,모여봐요 동물의 숲,GAME,1471
7846790,516937b5f85cbf2249ce31b0ad046b0f,아오쿠모 린,Aokumo Rin,CLICHE,[광고] 딩컴 멤버들이랑 같이 하기!,2025-06-20 23:03:37,14775,딩컴,GAME,1554
7834682,516937b5f85cbf2249ce31b0ad046b0f,아오쿠모 린,Aokumo Rin,CLICHE,동숲하자(컴터야잘하자),2025-06-20 01:30:13,16011,모여봐요 동물의 숲,GAME,1423
7813960,516937b5f85cbf2249ce31b0ad046b0f,아오쿠모 린,Aokumo Rin,CLICHE,일찍왔슈,2025-06-18 22:46:56,6841,talk,ETC,1789
7811646,516937b5f85cbf2249ce31b0ad046b0f,아오쿠모 린,Aokumo Rin,CLICHE,일찍왔슈,2025-06-18 20:36:02,3186,talk,ETC,1534
7803134,516937b5f85cbf2249ce31b0ad046b0f,아오쿠모 린,Aokumo Rin,CLICHE,티원전들 데워먹기 (울프님 영상으로 봐용),2025-06-18 01:56:04,17564,talk,ETC,4194
7771207,516937b5f85cbf2249ce31b0ad046b0f,아오쿠모 린,Aokumo Rin,CLICHE,스텔좀보서버! ,2025-06-16 00:24:53,15737,프로젝트 좀보이드,GAME,1305
7753609,516937b5f85cbf2249ce31b0ad046b0f,아오쿠모 린,Aokumo Rin,CLICHE,스텔좀보서버! / 만찬가 많관부,2025-06-15 00:25:21,12208,프로젝트 좀보이드,GAME,1508
7739747,516937b5f85cbf2249ce31b0ad046b0f,아오쿠모 린,Aokumo Rin,CLICHE,스텔 좀보서버 2일차,2025-06-14 02:57:37,21227,프로젝트 좀보이드,GAME,1586
7721375,516937b5f85cbf2249ce31b0ad046b0f,아오쿠모 린,Aokumo Rin,CLICHE,스텔 좀보서버,2025-06-13 00:51:36,19912,프로젝트 좀보이드,GAME,2883
7706347,516937b5f85cbf2249ce31b0ad046b0f,아오쿠모 린,Aokumo Rin,CLICHE,"내 이름은 농부, 직업은 쿠모린이죠",2025-06-12 01:27:17,12159,스타듀 밸리,GAME,1629
7658889,516937b5f85cbf2249ce31b0ad046b0f,아오쿠모 린,Aokumo Rin,CLICHE,난 또 건축을 해...,2025-06-09 00:09:55,11174,마인크래프트,GAME,1931
7641693,516937b5f85cbf2249ce31b0ad046b0f,아오쿠모 린,Aokumo Rin,CLICHE,건실하이 건축해,2025-06-08 00:20:57,15475,마인크래프트,GAME,1890
7625774,516937b5f85cbf2249ce31b0ad046b0f,아오쿠모 린,Aokumo Rin,CLICHE,나나가 선물을 줘서 저도 히나선배한테 선물을 줬어요,2025-06-07 01:13:43,14773,스타듀 밸리,GAME,3327
7608204,516937b5f85cbf2249ce31b0ad046b0f,아오쿠모 린,Aokumo Rin,CLICHE,아오코맹린,2025-06-06 01:05:11,14604,마비노기 모바일,GAME,1725
7594147,516937b5f85cbf2249ce31b0ad046b0f,아오쿠모 린,Aokumo Rin,CLICHE,쿠리미 구출까지 4/5 남았다 화이팅,2025-06-05 01:57:40,17648,마인크래프트,GAME,2341
7556938,516937b5f85cbf2249ce31b0ad046b0f,아오쿠모 린,Aokumo Rin,CLICHE,발켓몬 운동회!,2025-06-02 22:38:23,6494,발로란트,GAME,3068
7555013,516937b5f85cbf2249ce31b0ad046b0f,아오쿠모 린,Aokumo Rin,CLICHE,발켓몬 운동회!,2025-06-02 20:44:35,9882,발로란트,GAME,2183
15022341,4d812b586ff63f8a2946e64fa860bbf5,하나코 나나,Hanako Nana,CLICHE,오늘도 건실히 돈버는 마끼끼,2026-09-04 02:02:25,15962,마인크래프트,GAME,1573
15007120,4d812b586ff63f8a2946e64fa860bbf5,하나코 나나,Hanako Nana,CLICHE,정말 어찌 이리 매번 새로운 초식이 나올까,2026-09-03 02:49:53,16422,마인크래프트,GAME,2914
14997163,4d812b586ff63f8a2946e64fa860bbf5,하나코 나나,Hanako Nana,CLICHE,7시까지 1.단 랭크를 해,2026-09-02 18:34:54,7087,이터널 리턴,GAME,1652
14991773,4d812b586ff63f8a2946e64fa860bbf5,하나코 나나,Hanako Nana,CLICHE,수영복 반응 고맙다 보람차다 스텔마크,2026-09-02 03:26:38,19224,마인크래프트,GAME,4429
14983314,4d812b586ff63f8a2946e64fa860bbf5,하나코 나나,Hanako Nana,CLICHE,수영복 신의상 공개해요~! 대충 비가 와도 여름이니까 워터밤이겠죠,2026-09-01 21:00:56,3747,talk,ETC,19051
14953476,4d812b586ff63f8a2946e64fa860bbf5,하나코 나나,Hanako Nana,CLICHE,스텔마끼 지각생 짧게,2026-08-30 21:00:19,8883,마인크래프트,GAME,3090
14951244,4d812b586ff63f8a2946e64fa860bbf5,하나코 나나,Hanako Nana,CLICHE,"[수동암즈] 드가자 수동암즈 (W. 아오쿠모 린, 마사키 하루, 한동그라미 코치)",2026-08-30 18:30:48,16048,이터널 리턴,GAME,1342
14938218,4d812b586ff63f8a2946e64fa860bbf5,하나코 나나,Hanako Nana,CLICHE,린이랑 아주 짧은 후열,2026-08-29 22:49:21,13574,오버워치,GAME,1447
14934495,4d812b586ff63f8a2946e64fa860bbf5,하나코 나나,Hanako Nana,CLICHE,"[수동암즈] 치지직컵 1팀 화아이이티이잉!! (W. 린, 하루님, 코치 한동그라미님)",2026-08-29 18:46:06,17170,이터널 리턴,GAME,1656
14926092,4d812b586ff63f8a2946e64fa860bbf5,하나코 나나,Hanako Nana,CLICHE,"[수동암즈] 발전하고싶습니다파이팅 (W. 린, 하루님, 코치 한동그라미님)",2026-08-29 02:10:27,32498,이터널 리턴,GAME,1381
14912779,4d812b586ff63f8a2946e64fa860bbf5,하나코 나나,Hanako Nana,CLICHE,"[수동암즈] 치지직컵 므잉 (W. 린, 하루님, 코치 한동그라미님)",2026-08-28 05:05:59,39541,이터널 리턴,GAME,2438
14896052,4d812b586ff63f8a2946e64fa860bbf5,하나코 나나,Hanako Nana,CLICHE,"안녕하세요 수동암즈입니다. (W. 린, 하루님, 코치 한동그라미님)",2026-08-27 03:30:14,37751,이터널 리턴,GAME,2787
14879786,4d812b586ff63f8a2946e64fa860bbf5,하나코 나나,Hanako Nana,CLICHE,"치지직컵 열심히 배우기. (W. 린, 하루님, 코치 한동그라미님)",2026-08-26 03:36:05,25159,이터널 리턴,GAME,3151
14864447,4d812b586ff63f8a2946e64fa860bbf5,하나코 나나,Hanako Nana,CLICHE,정나나가 돌아왔다요~!! [8시 이리 치지직컵 드래프트],2026-08-25 03:38:38,34131,이터널 리턴,GAME,6188
14745879,4d812b586ff63f8a2946e64fa860bbf5,하나코 나나,Hanako Nana,CLICHE,얼굴만 봐도 재밌는 녀석들 (w. 클리셰),2026-08-17 23:17:51,22307,빅 워크,GAME,3340
14730076,4d812b586ff63f8a2946e64fa860bbf5,하나코 나나,Hanako Nana,CLICHE,스텔+삐부님 8인 데바데 간드아~ / 커버곡도 공개했어요!,2026-08-16 23:55:55,20848,데드 바이 데이라이트,GAME,2483
14711209,4d812b586ff63f8a2946e64fa860bbf5,하나코 나나,Hanako Nana,CLICHE,봉누도 설명회 / 데바데 했다!!!,2026-08-15 22:05:30,19732,데드 바이 데이라이트,GAME,6715
14676823,4d812b586ff63f8a2946e64fa860bbf5,하나코 나나,Hanako Nana,CLICHE,우효오오오오오옹ㅇ오ㅗ옸,2026-08-13 21:32:34,19605,이터널 리턴,GAME,2507
14665758,4d812b586ff63f8a2946e64fa860bbf5,하나코 나나,Hanako Nana,CLICHE,역전재판 3-2 더빙 플레이 (약간 발암주의),2026-08-13 01:07:48,32329,역전재판 3,GAME,3309
14644195,4d812b586ff63f8a2946e64fa860bbf5,하나코 나나,Hanako Nana,CLICHE,많이기다리셨죠 역전재판 3-1 풀더빙 실황,2026-08-11 22:00:29,15245,역전재판 3,GAME,3039
14619958,4d812b586ff63f8a2946e64fa860bbf5,하나코 나나,Hanako Nana,CLICHE,포켓몬 이상형 월드컵,2026-08-10 02:43:10,14626,talk,ETC,3963
14602534,4d812b586ff63f8a2946e64fa860bbf5,하나코 나나,Hanako Nana,CLICHE,이 사람 생일 메시지북 보면서 개 울었음,2026-08-09 02:11:49,21842,talk,ETC,3399
14584709,4d812b586ff63f8a2946e64fa860bbf5,하나코 나나,Hanako Nana,CLICHE,으힝힝 페토야 나왔져 어땠져,2026-08-08 01:44:50,11435,talk,ETC,7552
14566853,4d812b586ff63f8a2946e64fa860bbf5,하나코 나나,Hanako Nana,CLICHE,내..내일 생일이에요,2026-08-07 00:37:56,12807,talk,ETC,6047
14514314,4d812b586ff63f8a2946e64fa860bbf5,하나코 나나,Hanako Nana,CLICHE,머리쓰는 날의 월요일 나나다.,2026-08-03 21:40:33,16609,종합 게임,GAME,2102
14403661,4d812b586ff63f8a2946e64fa860bbf5,하나코 나나,Hanako Nana,CLICHE,클리셰 앨범나왔다!!! 다같이 백룸하기로 했어요,2026-07-27 23:24:06,17294,이스케이프 더 백룸,GAME,3987
14385963,4d812b586ff63f8a2946e64fa860bbf5,하나코 나나,Hanako Nana,CLICHE,오리지널곡 Hush Trap 공개!!! 그리고 에이펙스 히히,2026-07-26 21:15:44,15109,talk,ETC,2622
14366177,4d812b586ff63f8a2946e64fa860bbf5,하나코 나나,Hanako Nana,CLICHE,"예상못한 에펙 3인큐 (w. 사장님, 빅헤드님)",2026-07-25 17:53:54,20826,에이펙스 레전드,GAME,2151
14324405,4d812b586ff63f8a2946e64fa860bbf5,하나코 나나,Hanako Nana,CLICHE,에이펙스를 하다. 그리고 후열 노래방도.,2026-07-23 01:02:12,25198,음악/노래,ETC,4338
14315739,4d812b586ff63f8a2946e64fa860bbf5,하나코 나나,Hanako Nana,CLICHE,발로한판해보고싶었는데방송키고하라고할것같아서방송킴,2026-07-22 16:36:38,5620,발로란트,GAME,1549
14291530,4d812b586ff63f8a2946e64fa860bbf5,하나코 나나,Hanako Nana,CLICHE,므냥무냥모냥믜냥,2026-07-21 00:13:33,18400,talk,ETC,2723
14261418,4d812b586ff63f8a2946e64fa860bbf5,하나코 나나,Hanako Nana,CLICHE,양말노래방 + 방구석 리스닝파티,2026-07-19 01:46:54,16388,음악/노래,ETC,6553
14208448,4d812b586ff63f8a2946e64fa860bbf5,하나코 나나,Hanako Nana,CLICHE,오늘도 행복 팰월드~,2026-07-15 23:27:42,19235,팰월드,GAME,2509
14198476,4d812b586ff63f8a2946e64fa860bbf5,하나코 나나,Hanako Nana,CLICHE,인간은 팰보다 무능하다,2026-07-15 03:50:32,33041,팰월드,GAME,3271
14177003,4d812b586ff63f8a2946e64fa860bbf5,하나코 나나,Hanako Nana,CLICHE,팰 애호가의 팰월드 #01,2026-07-13 23:06:20,18217,팰월드,GAME,3329
14172749,4d812b586ff63f8a2946e64fa860bbf5,하나코 나나,Hanako Nana,CLICHE,팰월드하고싶어서진짜죽는줄알았다,2026-07-13 17:56:30,363,팰월드,GAME,599
14172575,4d812b586ff63f8a2946e64fa860bbf5,하나코 나나,Hanako Nana,CLICHE,팰월드하고싶어서진짜죽는줄알았다,2026-07-13 17:38:20,66,팰월드,GAME,906
14046484,4d812b586ff63f8a2946e64fa860bbf5,하나코 나나,Hanako Nana,CLICHE,페토 쭈아아아아아압 / 거실라디오,2026-07-05 20:04:49,17270,talk,ETC,3639
14042971,4d812b586ff63f8a2946e64fa860bbf5,하나코 나나,Hanako Nana,CLICHE,거실에서 일요일 보내기,2026-07-05 15:09:26,302,talk,ETC,756
14013562,4d812b586ff63f8a2946e64fa860bbf5,하나코 나나,Hanako Nana,CLICHE,거실에서 포켓로그 다시하기,2026-07-03 21:56:01,15638,포켓로그,GAME,2674
14001779,4d812b586ff63f8a2946e64fa860bbf5,하나코 나나,Hanako Nana,CLICHE,거실에서 포켓몬도감보기,2026-07-03 00:49:51,40554,talk,ETC,4925
13929334,4d812b586ff63f8a2946e64fa860bbf5,하나코 나나,Hanako Nana,CLICHE,일요일 낮의 거실 나나,2026-06-28 14:00:05,10541,talk,ETC,2764
13903234,4d812b586ff63f8a2946e64fa860bbf5,하나코 나나,Hanako Nana,CLICHE,저는 전혀 슬프지 않습니다,2026-06-27 00:08:13,7864,talk,ETC,3694
13837750,4d812b586ff63f8a2946e64fa860bbf5,하나코 나나,Hanako Nana,CLICHE,원래 짧방인데 째끔만,2026-06-22 23:53:33,7172,음악/노래,ETC,4909
13823592,4d812b586ff63f8a2946e64fa860bbf5,하나코 나나,Hanako Nana,CLICHE,천야블레이드 뽑으러 왔다 (근데 일단 죄송함),2026-06-22 00:15:08,16908,붕괴: 스타레일,GAME,3302
13805152,4d812b586ff63f8a2946e64fa860bbf5,하나코 나나,Hanako Nana,CLICHE,왜 이래 날 사랑하면서 ㅋ,2026-06-20 23:45:44,13142,오버워치,GAME,2141
13779467,4d812b586ff63f8a2946e64fa860bbf5,하나코 나나,Hanako Nana,CLICHE,축알못 한국 응원방 [북중미 월드컵 대한민국VS멕시코],2026-06-19 14:43:34,9326,2026 FIFA 북중미 월드컵,SPORTS,1527
13780738,4d812b586ff63f8a2946e64fa860bbf5,하나코 나나,Hanako Nana,CLICHE,개지리는신캐눈나가나왔어요,2026-06-19 14:39:00,8766,오버워치,GAME,1519
13740525,4d812b586ff63f8a2946e64fa860bbf5,하나코 나나,Hanako Nana,CLICHE,시로선배랑 롤 / 혼자 오버워치 / 개길어진 정신나간 후열 토크,2026-06-17 01:20:26,35394,talk,ETC,3161
13710409,4d812b586ff63f8a2946e64fa860bbf5,하나코 나나,Hanako Nana,CLICHE,의외로 절대 하면 안되는 행동 : LCK보고 뽕차서 롤랭크를 돌리는 짓,2026-06-15 01:02:56,16410,종합 게임,GAME,2295
13692453,4d812b586ff63f8a2946e64fa860bbf5,하나코 나나,Hanako Nana,CLICHE,모르겠고 노래가 하고싶었어요,2026-06-14 00:40:35,9355,음악/노래,ETC,7648
13682135,4d812b586ff63f8a2946e64fa860bbf5,하나코 나나,Hanako Nana,CLICHE,좋은 토요일 아침입니다,2026-06-13 11:44:58,9640,talk,ETC,3054
13669879,4d812b586ff63f8a2946e64fa860bbf5,하나코 나나,Hanako Nana,CLICHE,동접 350만의 게임을 시로선배 리코와 하다.,2026-06-12 19:59:04,21220,talk,ETC,3105
13625525,4d812b586ff63f8a2946e64fa860bbf5,하나코 나나,Hanako Nana,CLICHE,"히나노님, 츠나님, 타비선배와 함께한 두근두근타운 광고방송! +) 그리고 조금 후열 뜌타!",2026-06-09 23:05:00,10909,talk,ETC,2970
13580537,4d812b586ff63f8a2946e64fa860bbf5,하나코 나나,Hanako Nana,CLICHE,짧은 공지 방송!,2026-06-06 23:46:23,4502,talk,ETC,2947
13546827,4d812b586ff63f8a2946e64fa860bbf5,하나코 나나,Hanako Nana,CLICHE,"팅커랜드!! 
강사장님이랑 밍사장이랑 히히",2026-06-04 23:02:34,24358,팅커랜드,GAME,2695
13517399,4d812b586ff63f8a2946e64fa860bbf5,하나코 나나,Hanako Nana,CLICHE,개못함청년,2026-06-03 01:25:19,16932,오버워치,GAME,2103
13484730,4d812b586ff63f8a2946e64fa860bbf5,하나코 나나,Hanako Nana,CLICHE,리제선배랑 리코랑 린이랑 초자연 작전팀 4인큐 ㄹㅊㄱ [광고],2026-05-31 23:16:59,13158,초자연 작전팀,GAME,1714
13474243,4d812b586ff63f8a2946e64fa860bbf5,하나코 나나,Hanako Nana,CLICHE,새벽 노래 재활 및 연습,2026-05-31 05:04:00,11008,음악/노래,ETC,7711
13454773,4d812b586ff63f8a2946e64fa860bbf5,하나코 나나,Hanako Nana,CLICHE,메스킹만 한 건 아닙니다 / 용과 같이 : 극 #3 (엔딩까지),2026-05-30 02:26:08,29896,용과 같이: 극,GAME,2992
13438221,4d812b586ff63f8a2946e64fa860bbf5,하나코 나나,Hanako Nana,CLICHE,마지마 행님과 데이트만 여섯 번; / 용과 같이 : 극 #2,2026-05-29 01:30:24,33636,용과 같이: 극,GAME,3425
13407415,4d812b586ff63f8a2946e64fa860bbf5,하나코 나나,Hanako Nana,CLICHE,"마침내 저, 야쿠자가 됩니다 | 용과같이:극 #1",2026-05-27 01:37:00,19177,용과 같이: 극,GAME,4556
13372229,4d812b586ff63f8a2946e64fa860bbf5,하나코 나나,Hanako Nana,CLICHE,"[모라하지마] 이단심판관의 하루, 세계에 고통을...",2026-05-24 23:56:45,24568,마인크래프트,GAME,6410
13356512,4d812b586ff63f8a2946e64fa860bbf5,하나코 나나,Hanako Nana,CLICHE,[모라하지마] 수녀의 삶,2026-05-24 00:26:10,26233,마인크래프트,GAME,5718
13339901,4d812b586ff63f8a2946e64fa860bbf5,하나코 나나,Hanako Nana,CLICHE,[모라하지마] 악행이 판을 치는 곳에서 건실하게 살아보기,2026-05-23 00:40:42,27524,마인크래프트,GAME,5597
13290206,4d812b586ff63f8a2946e64fa860bbf5,하나코 나나,Hanako Nana,CLICHE,으헤헤 2주녀언 (목안좋긴한데 너무 부르고 싶어서 목에 가시가 돋칠 것 같아요),2026-05-19 22:56:45,5579,음악/노래,ETC,4434
13279942,4d812b586ff63f8a2946e64fa860bbf5,하나코 나나,Hanako Nana,CLICHE,2주년 방송 후여어어얼,2026-05-19 02:11:56,18366,종합 게임,GAME,2878
13232629,4d812b586ff63f8a2946e64fa860bbf5,하나코 나나,Hanako Nana,CLICHE,노가리 쪼끔,2026-05-16 04:03:17,13057,talk,ETC,2821
13191450,4d812b586ff63f8a2946e64fa860bbf5,하나코 나나,Hanako Nana,CLICHE,당신은 이터널리턴 KEL 주제가를 들어야합니다,2026-05-13 20:56:18,12157,이터널 리턴,GAME,2493
13188112,4d812b586ff63f8a2946e64fa860bbf5,하나코 나나,Hanako Nana,CLICHE,휴식기간인데 게임하러 왔어요,2026-05-13 15:27:46,9551,종합 게임,GAME,1706
13158276,4d812b586ff63f8a2946e64fa860bbf5,하나코 나나,Hanako Nana,CLICHE,돈스크림 오버워치,2026-05-11 15:45:03,13348,오버워치,GAME,2271
13114624,4d812b586ff63f8a2946e64fa860bbf5,하나코 나나,Hanako Nana,CLICHE,스타트레일 같이보기 / 데이브 더 다이버 #02,2026-05-08 23:10:53,20468,데이브 더 다이버,GAME,5294
13100209,4d812b586ff63f8a2946e64fa860bbf5,하나코 나나,Hanako Nana,CLICHE,목 조심히 쓰는 [데이브 더 다이버] ! #01,2026-05-07 23:47:52,20563,데이브 더 다이버,GAME,2686
13085055,4d812b586ff63f8a2946e64fa860bbf5,하나코 나나,Hanako Nana,CLICHE,목아끼기 오버워치 / 뮤즈대시 후열,2026-05-07 00:05:41,19434,뮤즈 대쉬,GAME,2317
13069546,4d812b586ff63f8a2946e64fa860bbf5,하나코 나나,Hanako Nana,CLICHE,유치원 후열 옵치다!!!!!!!!!!!,2026-05-06 00:00:09,10650,오버워치,GAME,2741
13000429,4d812b586ff63f8a2946e64fa860bbf5,하나코 나나,Hanako Nana,CLICHE,일 방송 +) 후열 친구모아 쪼끔,2026-05-01 22:22:23,15487,친구모아 아일랜드 두근두근 라이프,GAME,2852
12984601,4d812b586ff63f8a2946e64fa860bbf5,하나코 나나,Hanako Nana,CLICHE,친구모아 스텔라 어린이집 만들기,2026-04-30 23:35:03,19785,친구모아 아일랜드 두근두근 라이프,GAME,2458
12972225,4d812b586ff63f8a2946e64fa860bbf5,하나코 나나,Hanako Nana,CLICHE,레이튼 악마의 상자 끝까지 했다요,2026-04-30 01:47:17,29283,레이튼 교수와 악마의 상자 HD,GAME,1570
12939498,4d812b586ff63f8a2946e64fa860bbf5,하나코 나나,Hanako Nana,CLICHE,그냥 부르고 싶어서요,2026-04-28 00:49:31,17072,음악/노래,ETC,7642
12888273,4d812b586ff63f8a2946e64fa860bbf5,하나코 나나,Hanako Nana,CLICHE,나나튼 교수와 악마의 상자 풀더빙 실황입니다,2026-04-24 23:41:45,27278,레이튼 교수와 악마의 상자 HD,GAME,3139
12875365,4d812b586ff63f8a2946e64fa860bbf5,하나코 나나,Hanako Nana,CLICHE,붕괴 스타레일 4.2 스토리 밀기!,2026-04-24 01:08:40,23208,붕괴: 스타레일,GAME,3270
12863716,4d812b586ff63f8a2946e64fa860bbf5,하나코 나나,Hanako Nana,CLICHE,철야 4.1밀기야~,2026-04-23 06:16:28,20447,붕괴: 스타레일,GAME,4266
12854750,4d812b586ff63f8a2946e64fa860bbf5,하나코 나나,Hanako Nana,CLICHE,[광고] 붕괴: 스타레일 은랑 LV.999 뽑아볼게여,2026-04-22 21:50:02,10176,붕괴: 스타레일,GAME,2672
12852346,4d812b586ff63f8a2946e64fa860bbf5,하나코 나나,Hanako Nana,CLICHE,[광고] 붕괴: 스타레일 은랑 LV.999 뽑아볼게여,2026-04-22 18:48:27,989,붕괴: 스타레일,GAME,1007
12843298,4d812b586ff63f8a2946e64fa860bbf5,하나코 나나,Hanako Nana,CLICHE,테트리오 입문 테트 조아,2026-04-22 00:23:37,22464,종합 게임,GAME,2563
12812384,4d812b586ff63f8a2946e64fa860bbf5,하나코 나나,Hanako Nana,CLICHE,"옵치 드가자~!!! (w. 린, 후야, 리코, 리제)",2026-04-19 23:23:51,13737,오버워치,GAME,1863
12795513,4d812b586ff63f8a2946e64fa860bbf5,하나코 나나,Hanako Nana,CLICHE,딸래미 양육하기 이어서 ㄱㄱ,2026-04-18 23:48:47,23990,프래그마타,GAME,2791
12776914,4d812b586ff63f8a2946e64fa860bbf5,하나코 나나,Hanako Nana,CLICHE,저희 딸이 너무 귀여워요ㅠㅠㅠㅠㅠㅠㅠㅠㅠㅠㅠㅠㅠㅠ,2026-04-17 22:58:16,22899,프래그마타,GAME,4265
12744159,4d812b586ff63f8a2946e64fa860bbf5,하나코 나나,Hanako Nana,CLICHE,오바와ㅅ찌,2026-04-15 21:51:31,20604,오버워치,GAME,1958
12730081,4d812b586ff63f8a2946e64fa860bbf5,하나코 나나,Hanako Nana,CLICHE,오늘은 멍~랭크데이,2026-04-14 23:04:23,14568,이터널 리턴,GAME,2040
12698692,4d812b586ff63f8a2946e64fa860bbf5,하나코 나나,Hanako Nana,CLICHE,낮부터 초보아줌마 포차열기 ㄱㄱ,2026-04-12 21:50:13,20694,포장마차 : 한국 길거리 음식 경영시뮬레이터,GAME,3084
12680008,4d812b586ff63f8a2946e64fa860bbf5,하나코 나나,Hanako Nana,CLICHE,EQ검사 / 여동생 운전 가르치기 / 사과게임 플러스 / 뿌요뿌요 테트리스!!!!!!!!!!!!!!!!,2026-04-11 19:44:44,18529,뿌요뿌요 테트리스 2,GAME,3082
12662769,4d812b586ff63f8a2946e64fa860bbf5,하나코 나나,Hanako Nana,CLICHE,히로인이 되고싶어 같이듣기! / 앨범 설명하기~!!!,2026-04-10 19:35:16,12717,이터널 리턴,GAME,2430
12589060,4d812b586ff63f8a2946e64fa860bbf5,하나코 나나,Hanako Nana,CLICHE,리제선배랑 린 리코랑 오버워치 2부,2026-04-05 23:01:14,17748,오버워치,GAME,2629
12572729,4d812b586ff63f8a2946e64fa860bbf5,하나코 나나,Hanako Nana,CLICHE,포탈 2 / 후열 테트리스 조금,2026-04-04 23:43:26,20231,종합 게임,GAME,2320
12563958,4d812b586ff63f8a2946e64fa860bbf5,하나코 나나,Hanako Nana,CLICHE,아침 노가리 붕토체스,2026-04-04 11:56:16,10286,붕괴: 스타레일,GAME,4516
12553710,4d812b586ff63f8a2946e64fa860bbf5,하나코 나나,Hanako Nana,CLICHE,베이스 뚱땅놀이 / 포탈2를 해보겠어요,2026-04-03 22:35:18,17905,포탈 2,GAME,2606
12524149,4d812b586ff63f8a2946e64fa860bbf5,하나코 나나,Hanako Nana,CLICHE,슈단간 6챕 가볍더빙,2026-04-02 00:01:35,25000,슈퍼 단간론파 2: 안녕히 절망학원,GAME,5338
12509260,4d812b586ff63f8a2946e64fa860bbf5,하나코 나나,Hanako Nana,CLICHE,8시 클리셰 배그 드가자~!!!,2026-04-01 01:24:37,20973,PUBG: 배틀그라운드,GAME,3145
12493124,4d812b586ff63f8a2946e64fa860bbf5,하나코 나나,Hanako Nana,CLICHE,아 몰라 저는 지금 코노입니다.,2026-03-31 01:05:49,14461,음악/노래,ETC,10620
12461447,4d812b586ff63f8a2946e64fa860bbf5,하나코 나나,Hanako Nana,CLICHE,슈단간 5챕 미는 날이에요~,2026-03-29 01:49:30,31274,슈퍼 단간론파 2: 안녕히 절망학원,GAME,6519
12420846,4d812b586ff63f8a2946e64fa860bbf5,하나코 나나,Hanako Nana,CLICHE,저녁 약속 전에 짧게 와뗘,2026-03-26 20:31:14,7135,talk,ETC,2423
12409800,4d812b586ff63f8a2946e64fa860bbf5,하나코 나나,Hanako Nana,CLICHE,가벼운 통나무 들기를 하다 (W. 부키 리코 린 시로선배),2026-03-26 00:23:44,19027,오버워치,GAME,1552
12380001,4d812b586ff63f8a2946e64fa860bbf5,하나코 나나,Hanako Nana,CLICHE,슈퍼단간론파2 4챕터 ㄱㄱ,2026-03-24 01:31:08,36855,슈퍼 단간론파 2: 안녕히 절망학원,GAME,5742
12362728,4d812b586ff63f8a2946e64fa860bbf5,하나코 나나,Hanako Nana,CLICHE,커버곡 공개 후 옵빠왓지,2026-03-23 00:01:21,14155,오버워치,GAME,1795
12309940,4d812b586ff63f8a2946e64fa860bbf5,하나코 나나,Hanako Nana,CLICHE,7시 클리셰+시로선배 옵치5인큐,2026-03-19 23:35:05,19737,오버워치,GAME,2058
12291910,4d812b586ff63f8a2946e64fa860bbf5,하나코 나나,Hanako Nana,CLICHE,글자티콘 만들기 / 재활 노래방,2026-03-18 22:20:58,17131,음악/노래,ETC,5342
12251012,4d812b586ff63f8a2946e64fa860bbf5,하나코 나나,Hanako Nana,CLICHE,간만에 슈단간 3챕터 고고,2026-03-16 01:38:10,28764,슈퍼 단간론파 2: 안녕히 절망학원,GAME,5561
12233764,4d812b586ff63f8a2946e64fa860bbf5,하나코 나나,Hanako Nana,CLICHE,이힣,2026-03-15 02:02:41,26546,talk,ETC,4575
12198114,4d812b586ff63f8a2946e64fa860bbf5,하나코 나나,Hanako Nana,CLICHE,텐션이 헤까닥한 랭크,2026-03-13 01:13:18,18445,오버워치,GAME,2287
12161184,4d812b586ff63f8a2946e64fa860bbf5,하나코 나나,Hanako Nana,CLICHE,붕스노가리방송,2026-03-10 22:33:10,4857,붕괴: 스타레일,GAME,2262
12147826,4d812b586ff63f8a2946e64fa860bbf5,하나코 나나,Hanako Nana,CLICHE,[광고]핑계로? 복귀하는 사람 호요버스 감사합니다 | 붕괴 스타레일 4.0 업데이트!,2026-03-09 23:54:51,16771,붕괴: 스타레일,GAME,4205
12133518,4d812b586ff63f8a2946e64fa860bbf5,하나코 나나,Hanako Nana,CLICHE,끄으읕,2026-03-09 00:21:15,22592,talk,ETC,1723
12112698,4d812b586ff63f8a2946e64fa860bbf5,하나코 나나,Hanako Nana,CLICHE,극악무도한 빠모맘,2026-03-07 22:27:28,19256,오버워치,GAME,2091
12079493,4d812b586ff63f8a2946e64fa860bbf5,하나코 나나,Hanako Nana,CLICHE,메타메타몽몽이 되어보았다!!! [포켓몬 포코피아],2026-03-05 23:18:48,20514,오버워치,GAME,2585
12059115,4d812b586ff63f8a2946e64fa860bbf5,하나코 나나,Hanako Nana,CLICHE,목감기 특집 ASMR 마이크,2026-03-04 19:09:36,8988,ASMR,ETC,8651
12018107,4d812b586ff63f8a2946e64fa860bbf5,하나코 나나,Hanako Nana,CLICHE,[픽크타2] 골렘 트라이 렛츠고,2026-03-02 01:28:14,38851,마인크래프트,GAME,4476
11998886,4d812b586ff63f8a2946e64fa860bbf5,하나코 나나,Hanako Nana,CLICHE,[픽크타2] 1일차 3트째 ㅋ,2026-03-01 00:16:16,32714,마인크래프트,GAME,6138
11978117,4d812b586ff63f8a2946e64fa860bbf5,하나코 나나,Hanako Nana,CLICHE,고향에 돌아오다,2026-02-27 21:56:56,13344,이터널 리턴,GAME,2764
11975154,4d812b586ff63f8a2946e64fa860bbf5,하나코 나나,Hanako Nana,CLICHE,감기 켈록 콜록쿠,2026-02-27 18:06:00,206,talk,ETC,755
11932891,4d812b586ff63f8a2946e64fa860bbf5,하나코 나나,Hanako Nana,CLICHE,하ㅏ고싶ㅍ어서...,2026-02-25 00:59:59,14088,오버워치,GAME,2946
11892546,4d812b586ff63f8a2946e64fa860bbf5,하나코 나나,Hanako Nana,CLICHE,6시까지 짧픽크타,2026-02-22 18:03:16,6191,마인크래프트,GAME,1490
11880761,4d812b586ff63f8a2946e64fa860bbf5,하나코 나나,Hanako Nana,CLICHE,피크타 하러 와쪄요,2026-02-21 23:59:55,17648,마인크래프트,GAME,3424
11857355,4d812b586ff63f8a2946e64fa860bbf5,하나코 나나,Hanako Nana,CLICHE,ADHD 둘,2026-02-20 18:50:26,2986,talk,ETC,8267
11828815,4d812b586ff63f8a2946e64fa860bbf5,하나코 나나,Hanako Nana,CLICHE,연휴 오버워치에 중독된 사람,2026-02-18 23:39:30,23546,오버워치,GAME,1907
11815356,4d812b586ff63f8a2946e64fa860bbf5,하나코 나나,Hanako Nana,CLICHE,클리셰 설 기념 Re 인생게임! / 새해 복 많이 받으세요!,2026-02-18 01:47:38,21662,더 게임 오브 라이프 포 닌텐도 스위치,GAME,4432
11781677,4d812b586ff63f8a2946e64fa860bbf5,하나코 나나,Hanako Nana,CLICHE,복귀 경쟁 렛츠고,2026-02-15 21:16:20,15588,오버워치,GAME,1740
11768541,4d812b586ff63f8a2946e64fa860bbf5,하나코 나나,Hanako Nana,CLICHE,9시 롤 5인큐다 으헤헤,2026-02-15 00:09:57,19997,리그 오브 레전드,GAME,2604
11743268,4d812b586ff63f8a2946e64fa860bbf5,하나코 나나,Hanako Nana,CLICHE,간만의 3나나야 짧,2026-02-13 16:53:50,6585,talk,ETC,1788
11714448,4d812b586ff63f8a2946e64fa860bbf5,하나코 나나,Hanako Nana,CLICHE,실버 솔랭에 중독된 사람,2026-02-11 23:05:47,17937,리그 오브 레전드,GAME,1715
11700020,4d812b586ff63f8a2946e64fa860bbf5,하나코 나나,Hanako Nana,CLICHE,방과후 솔랭부,2026-02-11 00:35:02,23161,리그 오브 레전드,GAME,2889
11649721,4d812b586ff63f8a2946e64fa860bbf5,하나코 나나,Hanako Nana,CLICHE,슈단간 2챕터,2026-02-08 00:50:22,27628,슈퍼 단간론파 2: 안녕히 절망학원,GAME,7697
11635734,4d812b586ff63f8a2946e64fa860bbf5,하나코 나나,Hanako Nana,CLICHE,슈퍼단간론파2 튜토+1챕 ㄱㄱ,2026-02-07 03:40:49,37699,슈퍼 단간론파 2: 안녕히 절망학원,GAME,10332
11616131,4d812b586ff63f8a2946e64fa860bbf5,하나코 나나,Hanako Nana,CLICHE,안뇽 나나가 왔어이~!!!,2026-02-06 01:20:25,14767,talk,ETC,2572
11581611,4d812b586ff63f8a2946e64fa860bbf5,하나코 나나,Hanako Nana,CLICHE,퍼즐 1500피스 맞출 때까지 노방종,2026-02-04 00:46:58,23879,퍼즐 투게더,GAME,5606
11548662,4d812b586ff63f8a2946e64fa860bbf5,하나코 나나,Hanako Nana,CLICHE,동의게임 / 후열 이리,2026-02-02 00:11:56,21933,이터널 리턴,GAME,3614
11528611,4d812b586ff63f8a2946e64fa860bbf5,하나코 나나,Hanako Nana,CLICHE,실버를 향해,2026-01-31 22:28:11,15504,리그 오브 레전드,GAME,1929
11511532,4d812b586ff63f8a2946e64fa860bbf5,하나코 나나,Hanako Nana,CLICHE,힐링르프,2026-01-30 22:46:36,16889,리그 오브 레전드,GAME,3403
11414157,4d812b586ff63f8a2946e64fa860bbf5,하나코 나나,Hanako Nana,CLICHE,후열 코발트를 하는 날이 오게 될 줄이야,2026-01-24 23:46:11,20432,이터널 리턴,GAME,3413
11393440,4d812b586ff63f8a2946e64fa860bbf5,하나코 나나,Hanako Nana,CLICHE,우리 팀은 브론즈다 근데? 적 팀도 브론즈다 그리고? 나도 브론즈다,2026-01-23 21:11:35,15378,리그 오브 레전드,GAME,1619
11378299,4d812b586ff63f8a2946e64fa860bbf5,하나코 나나,Hanako Nana,CLICHE,2부는 마작작이야,2026-01-22 22:50:55,23094,작혼: 리치 마작,GAME,2039
11361069,4d812b586ff63f8a2946e64fa860bbf5,하나코 나나,Hanako Nana,CLICHE,갑자기 부르고 싶은 기분이었고,2026-01-21 23:04:35,25062,음악/노래,ETC,7744
11346358,4d812b586ff63f8a2946e64fa860bbf5,하나코 나나,Hanako Nana,CLICHE,오늘 마참내 단간 마지막 챕터 하는 날,2026-01-21 00:18:45,29353,단간론파: 희망의 학원과 절망의 고교생,GAME,7214
11325183,4d812b586ff63f8a2946e64fa860bbf5,하나코 나나,Hanako Nana,CLICHE,신 커버곡 냈어요,2026-01-19 20:33:12,10827,이터널 리턴,GAME,3242
11314171,4d812b586ff63f8a2946e64fa860bbf5,하나코 나나,Hanako Nana,CLICHE,단간론파 5챕터 드가자,2026-01-19 00:17:33,25828,단간론파: 희망의 학원과 절망의 고교생,GAME,6937
11227082,4d812b586ff63f8a2946e64fa860bbf5,하나코 나나,Hanako Nana,CLICHE,단간론파 4챕터 밀러 왔어용,2026-01-13 23:31:12,24850,단간론파: 희망의 학원과 절망의 고교생,GAME,7062
11209583,4d812b586ff63f8a2946e64fa860bbf5,하나코 나나,Hanako Nana,CLICHE,후열 스텔 구구덕 렛츠고,2026-01-12 23:00:24,18844,구스 구스 덕,GAME,3912
11191770,4d812b586ff63f8a2946e64fa860bbf5,하나코 나나,Hanako Nana,CLICHE,조금만,2026-01-11 21:25:08,19543,이터널 리턴,GAME,6750
11179102,4d812b586ff63f8a2946e64fa860bbf5,하나코 나나,Hanako Nana,CLICHE,단간론파 3챕터 실황 갑니다,2026-01-11 01:08:26,32288,단간론파: 희망의 학원과 절망의 고교생,GAME,10146
11143193,4d812b586ff63f8a2946e64fa860bbf5,하나코 나나,Hanako Nana,CLICHE,"단간론파 모르는 뇌, 2챕터 ㄱ",2026-01-09 00:01:11,26620,단간론파: 희망의 학원과 절망의 고교생,GAME,9596
11126573,4d812b586ff63f8a2946e64fa860bbf5,하나코 나나,Hanako Nana,CLICHE,"단간론파 모르는 뇌, 첫 입 (프롤로그, 챕터1)",2026-01-08 00:15:34,30761,단간론파: 희망의 학원과 절망의 고교생,GAME,13095
11097110,4d812b586ff63f8a2946e64fa860bbf5,하나코 나나,Hanako Nana,CLICHE,휴방인데 납치당했어요,2026-01-06 02:22:40,11106,이터널 리턴,GAME,3795
11074659,4d812b586ff63f8a2946e64fa860bbf5,하나코 나나,Hanako Nana,CLICHE,일단 한 대 맞,2026-01-04 21:37:50,16240,리그 오브 레전드,GAME,5505
11059715,4d812b586ff63f8a2946e64fa860bbf5,하나코 나나,Hanako Nana,CLICHE,[광고] 클리셰 인생게임 레츠고 | 더 게임 오브 라이프 포 닌텐도 스위치,2026-01-03 23:31:03,19105,더 게임 오브 라이프 포 닌텐도 스위치,GAME,5026
11027571,4d812b586ff63f8a2946e64fa860bbf5,하나코 나나,Hanako Nana,CLICHE,2026 시작이 배그일 줄 몰랐어,2026-01-02 00:26:33,26210,PUBG: 배틀그라운드,GAME,4132
11008968,4d812b586ff63f8a2946e64fa860bbf5,하나코 나나,Hanako Nana,CLICHE,다 같이 보내는 2025년의 마지막!,2026-01-01 01:01:49,20935,마인크래프트,GAME,6175
10989270,4d812b586ff63f8a2946e64fa860bbf5,하나코 나나,Hanako Nana,CLICHE,기분 좋은 하루의 마무리가 너였으면 좋겠어,2025-12-30 23:37:04,12735,talk,ETC,3969
10959829,4d812b586ff63f8a2946e64fa860bbf5,하나코 나나,Hanako Nana,CLICHE,멋사공책 마지막 날!,2025-12-29 00:35:34,15710,리그 오브 레전드,GAME,2788
10947265,4d812b586ff63f8a2946e64fa860bbf5,하나코 나나,Hanako Nana,CLICHE,농부와 요리사를 겸업하고 어쩌구,2025-12-28 04:33:05,40947,마인크래프트,GAME,4022
10929179,4d812b586ff63f8a2946e64fa860bbf5,하나코 나나,Hanako Nana,CLICHE,나 없으면 밥은 누가해,2025-12-27 03:01:01,42400,마인크래프트,GAME,3130
10912913,4d812b586ff63f8a2946e64fa860bbf5,하나코 나나,Hanako Nana,CLICHE,메리 크리스마스 💗 요리사의 삶,2025-12-26 02:28:57,39914,마인크래프트,GAME,3571
10889984,4d812b586ff63f8a2946e64fa860bbf5,하나코 나나,Hanako Nana,CLICHE,[멋사 서버] 새참파티 요리사 복귀!!!,2025-12-25 00:43:23,31061,마인크래프트,GAME,3446
10859188,4d812b586ff63f8a2946e64fa860bbf5,하나코 나나,Hanako Nana,CLICHE,[멋사 서버] 생활 못해서 산타고 물건너는 엄홍길 생활,2025-12-23 01:39:44,37401,마인크래프트,GAME,5563
10842849,4d812b586ff63f8a2946e64fa860bbf5,하나코 나나,Hanako Nana,CLICHE,콘서트 후기 뱅송 / 멋사님 서버 베타 테스트,2025-12-22 00:51:05,13442,마인크래프트,GAME,3966
10773744,4d812b586ff63f8a2946e64fa860bbf5,하나코 나나,Hanako Nana,CLICHE,오늘 스텔라이브 롤 내전!!!,2025-12-17 23:05:27,19070,리그 오브 레전드,GAME,3724
10760082,4d812b586ff63f8a2946e64fa860bbf5,하나코 나나,Hanako Nana,CLICHE,"정글 연습하려고 했는데 납치 당한 건에 대하여 (w. 린,타비,유니)",2025-12-17 00:23:54,17098,리그 오브 레전드,GAME,2167
10743237,4d812b586ff63f8a2946e64fa860bbf5,하나코 나나,Hanako Nana,CLICHE,그냥 바보,2025-12-15 23:47:19,20364,바바 이즈 유,GAME,2990
10725647,4d812b586ff63f8a2946e64fa860bbf5,하나코 나나,Hanako Nana,CLICHE,오늘 약간 신남,2025-12-14 21:51:15,11753,다함께 쿠키요미 2,GAME,3316
10710785,4d812b586ff63f8a2946e64fa860bbf5,하나코 나나,Hanako Nana,CLICHE,동기 따라왔어요 (W. 김뿡님 고차비님 사장님 린),2025-12-13 23:36:56,19790,리그 오브 레전드,GAME,3786
10661168,4d812b586ff63f8a2946e64fa860bbf5,하나코 나나,Hanako Nana,CLICHE,워터파크 시뮬레이터 / 멋사님 RPG 서버 영상 보기,2025-12-10 23:20:26,15317,talk,ETC,4995
10648764,4d812b586ff63f8a2946e64fa860bbf5,하나코 나나,Hanako Nana,CLICHE,시로선배랑 듀오,2025-12-10 01:23:32,19028,리그 오브 레전드,GAME,3707
10601921,4d812b586ff63f8a2946e64fa860bbf5,하나코 나나,Hanako Nana,CLICHE,우리집수전이개짱짱해 / 이터널리턴,2025-12-07 01:29:21,15831,이터널 리턴,GAME,3383
10577255,4d812b586ff63f8a2946e64fa860bbf5,하나코 나나,Hanako Nana,CLICHE,하지메쨩이랑 커버곡 같이 한 거 나와서 같이 보고 싶은데 뒤에 연습있어서 같이 보고 개 빨리 가는 방송,2025-12-05 18:15:11,1292,talk,ETC,3186
10550699,4d812b586ff63f8a2946e64fa860bbf5,하나코 나나,Hanako Nana,CLICHE,고급 뉴비 이리 알려주기 (W. 시부키),2025-12-03 23:41:25,21889,이터널 리턴,GAME,3584
10504058,4d812b586ff63f8a2946e64fa860bbf5,하나코 나나,Hanako Nana,CLICHE,하나코 나나의 롤 이대로 괜찮은가,2025-11-30 23:29:56,15924,리그 오브 레전드,GAME,2637
10485007,4d812b586ff63f8a2946e64fa860bbf5,하나코 나나,Hanako Nana,CLICHE,롤 브론즈 등반 / 그냥 위닝 라이브 (진지노래방 ㄴㄴ),2025-11-29 22:05:49,21542,음악/노래,ETC,3526
10435512,4d812b586ff63f8a2946e64fa860bbf5,하나코 나나,Hanako Nana,CLICHE,[광고] 스타세이비어 한 번 먹어보쟈!,2025-11-26 22:10:23,11750,스타세이비어,GAME,2001
10419598,4d812b586ff63f8a2946e64fa860bbf5,하나코 나나,Hanako Nana,CLICHE,오늘은 점수 올리는 날입니다.,2025-11-25 22:11:43,17908,이터널 리턴,GAME,1957
10389176,4d812b586ff63f8a2946e64fa860bbf5,하나코 나나,Hanako Nana,CLICHE,오늘 갱얼쥐 게임해요,2025-11-23 22:03:30,21447,마이 리틀 퍼피,GAME,4132
10371633,4d812b586ff63f8a2946e64fa860bbf5,하나코 나나,Hanako Nana,CLICHE,"오늘은 미메시스 합방!(선배가 벽에 머리가 꼈어요) (w. 부키, 린, 유니선배)",2025-11-22 21:37:28,17216,미메시스,GAME,2854
10355821,4d812b586ff63f8a2946e64fa860bbf5,하나코 나나,Hanako Nana,CLICHE,"스텔 롤 미니 내전 / 후열 이리 3인큐 드디어~!!! (W. 린, 후야)",2025-11-21 23:07:25,18018,이터널 리턴,GAME,3998
10342504,4d812b586ff63f8a2946e64fa860bbf5,하나코 나나,Hanako Nana,CLICHE,디제이맥스 퍼먹기! / 후열 노래약간!,2025-11-21 00:42:20,20136,음악/노래,ETC,6409
10304106,4d812b586ff63f8a2946e64fa860bbf5,하나코 나나,Hanako Nana,CLICHE,그래 협곡보단 섬이 낫다 (제발요),2025-11-18 21:41:41,12330,이터널 리턴,GAME,1923
10276395,4d812b586ff63f8a2946e64fa860bbf5,하나코 나나,Hanako Nana,CLICHE,평원딜 뽕 치사량 바로 달릴게요,2025-11-16 23:32:40,23751,이터널 리턴,GAME,2022
10257283,4d812b586ff63f8a2946e64fa860bbf5,하나코 나나,Hanako Nana,CLICHE,처음 방송에서 같이봐요,2025-11-15 22:12:47,21586,이터널 리턴,GAME,2930
10243573,4d812b586ff63f8a2946e64fa860bbf5,하나코 나나,Hanako Nana,CLICHE,제가 게임하자고 했어요 제가 해냈어요,2025-11-15 00:42:19,18372,아크 레이더스,GAME,3614
10223665,4d812b586ff63f8a2946e64fa860bbf5,하나코 나나,Hanako Nana,CLICHE,수평선 커버곡 공개! 재능충(?) 돈슛단!,2025-11-13 22:22:54,19147,아크 레이더스,GAME,2831
10176330,4d812b586ff63f8a2946e64fa860bbf5,하나코 나나,Hanako Nana,CLICHE,극악무도한 돈슛단 뉴비,2025-11-10 22:59:03,21250,아크 레이더스,GAME,2821
10164612,4d812b586ff63f8a2946e64fa860bbf5,하나코 나나,Hanako Nana,CLICHE,정나나 소빙하기 끝!!! 복귀!!! 이사했다!!!,2025-11-10 00:39:08,12169,이터널 리턴,GAME,3077
10096183,4d812b586ff63f8a2946e64fa860bbf5,하나코 나나,Hanako Nana,CLICHE,[광고] 붕괴: 스타레일 키레네가 나왔대요~! (2),2025-11-05 23:53:27,457,붕괴: 스타레일,GAME,3450
10095915,4d812b586ff63f8a2946e64fa860bbf5,하나코 나나,Hanako Nana,CLICHE,[광고] 붕괴: 스타레일 키레네가 나왔대요~!,2025-11-05 23:48:54,17753,붕괴: 스타레일,GAME,6390
10083472,4d812b586ff63f8a2946e64fa860bbf5,하나코 나나,Hanako Nana,CLICHE,내가 좋아하는 노래 알려주는 방 (너네말고 내가),2025-11-05 02:28:05,22982,talk,ETC,3877
10030033,4d812b586ff63f8a2946e64fa860bbf5,하나코 나나,Hanako Nana,CLICHE,나 빼고 다 알고 있는 3.6 밀러 왔다,2025-11-01 22:42:23,27252,붕괴: 스타레일,GAME,5604
10011013,4d812b586ff63f8a2946e64fa860bbf5,하나코 나나,Hanako Nana,CLICHE,할로윈 사탕 내가 제일 많이 만들거야!!!,2025-10-31 22:03:41,16149,마인크래프트,GAME,3275
9959427,4d812b586ff63f8a2946e64fa860bbf5,하나코 나나,Hanako Nana,CLICHE,사고하지 않기,2025-10-28 17:44:19,13226,이터널 리턴,GAME,7477
9952102,4d812b586ff63f8a2946e64fa860bbf5,하나코 나나,Hanako Nana,CLICHE,월요일은 잘 보냈어?,2025-10-28 01:05:14,14460,talk,ETC,3883
9938225,4d812b586ff63f8a2946e64fa860bbf5,하나코 나나,Hanako Nana,CLICHE,시간이 너무 빨라,2025-10-27 02:06:10,19108,talk,ETC,1880
9885244,4d812b586ff63f8a2946e64fa860bbf5,하나코 나나,Hanako Nana,CLICHE,겁쟁이들의 쉼터,2025-10-24 00:55:41,19245,이터널 리턴,GAME,3090
9846320,4d812b586ff63f8a2946e64fa860bbf5,하나코 나나,Hanako Nana,CLICHE,6시에 부키랑 커버곡 나와! 뀽,2025-10-21 18:46:32,9762,talk,ETC,3483
9835570,4d812b586ff63f8a2946e64fa860bbf5,하나코 나나,Hanako Nana,CLICHE,[광고] 오늘 나온 스텔라 소라 찍먹 렛츠고~!!!,2025-10-20 23:17:44,15597,스텔라 소라,GAME,2820
9822046,4d812b586ff63f8a2946e64fa860bbf5,하나코 나나,Hanako Nana,CLICHE,아니 아니지 누구야 쟤? [클리셰 합방],2025-10-20 00:08:04,19878,졸트,GAME,3766
9809000,4d812b586ff63f8a2946e64fa860bbf5,하나코 나나,Hanako Nana,CLICHE,플라베베 집착녀 (핑크머리를 위해),2025-10-19 03:48:23,24130,포켓몬 레전드 Z-A,GAME,2853
9774244,4d812b586ff63f8a2946e64fa860bbf5,하나코 나나,Hanako Nana,CLICHE,못생겼지만 사랑한다,2025-10-17 02:37:04,32275,포켓몬 레전드 Z-A,GAME,5348
9740285,4d812b586ff63f8a2946e64fa860bbf5,하나코 나나,Hanako Nana,CLICHE,다소 덜렁거리는 초보 링크,2025-10-15 00:57:12,15810,젤다의 전설 브레스 오브 더 와일드,GAME,3094
9703364,4d812b586ff63f8a2946e64fa860bbf5,하나코 나나,Hanako Nana,CLICHE,때 늦은 귀향길,2025-10-12 19:14:11,16737,이터널 리턴,GAME,2772
9674704,4d812b586ff63f8a2946e64fa860bbf5,하나코 나나,Hanako Nana,CLICHE,낡고 지침 (리방),2025-10-11 00:51:02,8005,마인크래프트,GAME,5401
9671327,4d812b586ff63f8a2946e64fa860bbf5,하나코 나나,Hanako Nana,CLICHE,돈미새가되,2025-10-10 22:37:23,12799,마인크래프트,GAME,9063
9638981,4d812b586ff63f8a2946e64fa860bbf5,하나코 나나,Hanako Nana,CLICHE,3.5 스토리 드디어 보다 (2),2025-10-08 23:26:30,4477,붕괴: 스타레일,GAME,5387
9637470,4d812b586ff63f8a2946e64fa860bbf5,하나코 나나,Hanako Nana,CLICHE,3.5 스토리 드디어 보다 (1),2025-10-08 22:13:50,21999,붕괴: 스타레일,GAME,5398
9610064,4d812b586ff63f8a2946e64fa860bbf5,하나코 나나,Hanako Nana,CLICHE,후야님 편지 신나게 읽었다 ^^,2025-10-07 00:27:59,15084,마인크래프트,GAME,8170
9582960,4d812b586ff63f8a2946e64fa860bbf5,하나코 나나,Hanako Nana,CLICHE,마크 까먹음 스텔섭에 뭐가 추가됐대요,2025-10-05 00:44:34,22037,마인크래프트,GAME,4860
9562295,4d812b586ff63f8a2946e64fa860bbf5,하나코 나나,Hanako Nana,CLICHE,[더빙실황] 데뷔 전부터 존버한 시골 마녀 게임,2025-10-03 21:21:47,20246,숲속의 작은 마녀,GAME,3223
9551675,4d812b586ff63f8a2946e64fa860bbf5,하나코 나나,Hanako Nana,CLICHE,노래 연습 재활방,2025-10-03 02:15:15,18204,음악/노래,ETC,12240
9329099,4d812b586ff63f8a2946e64fa860bbf5,하나코 나나,Hanako Nana,CLICHE,클리셰 3D 데뷔방송 다시보기,2025-09-19 01:19:51,14185,talk,ETC,11859
9296931,4d812b586ff63f8a2946e64fa860bbf5,하나코 나나,Hanako Nana,CLICHE,만들자요 마지막!!!,2025-09-17 00:56:43,24590,talk,ETC,2983
9216546,4d812b586ff63f8a2946e64fa860bbf5,하나코 나나,Hanako Nana,CLICHE,내가 어떻게 이런 말을 했지,2025-09-12 01:39:02,12886,talk,ETC,4054
9184227,4d812b586ff63f8a2946e64fa860bbf5,하나코 나나,Hanako Nana,CLICHE,하나코 나나의 떠들자요,2025-09-10 01:15:02,25724,talk,ETC,4521
9116698,4d812b586ff63f8a2946e64fa860bbf5,하나코 나나,Hanako Nana,CLICHE,만들자요 마지막 편! ~냉장고 훔쳐보기~,2025-09-06 00:34:30,23287,talk,ETC,3518
9094322,4d812b586ff63f8a2946e64fa860bbf5,하나코 나나,Hanako Nana,CLICHE,뉴비 인생 최고의 라이벌이 생기다 [젤다 야숨],2025-09-04 19:45:40,17123,젤다의 전설 브레스 오브 더 와일드,GAME,2410
9082981,4d812b586ff63f8a2946e64fa860bbf5,하나코 나나,Hanako Nana,CLICHE,젤다 뉴비 야숨 스위치2버전,2025-09-03 23:34:41,19828,젤다의 전설 브레스 오브 더 와일드,GAME,3279
8886681,4d812b586ff63f8a2946e64fa860bbf5,하나코 나나,Hanako Nana,CLICHE,치스티벌 당일!!! 방송!!!,2025-08-22 22:26:02,17462,음악/노래,ETC,6932
8873084,4d812b586ff63f8a2946e64fa860bbf5,하나코 나나,Hanako Nana,CLICHE,연습,2025-08-22 00:05:33,10968,오버쿡! 2,GAME,2738
8837216,4d812b586ff63f8a2946e64fa860bbf5,하나코 나나,Hanako Nana,CLICHE,내가 아니라서 다행이야 (멤버 : 리코 사장님 춘향님 나나),2025-08-19 22:05:22,19657,PUBG: 배틀그라운드,GAME,3082
8820983,4d812b586ff63f8a2946e64fa860bbf5,하나코 나나,Hanako Nana,CLICHE,[치스티벌🧀] 하나코 나나팀 팀원 선발전입니다!,2025-08-18 21:33:30,16086,오버쿡! 2,GAME,6393
8808075,4d812b586ff63f8a2946e64fa860bbf5,하나코 나나,Hanako Nana,CLICHE,스텔 마리오카트 내전! (후열 메이지 아레나),2025-08-17 23:18:15,22448,talk,ETC,2839
8710338,4d812b586ff63f8a2946e64fa860bbf5,하나코 나나,Hanako Nana,CLICHE,새벽 추억여행 떠나버렸다지?,2025-08-12 02:16:55,9818,음악/노래,ETC,8472
8692831,4d812b586ff63f8a2946e64fa860bbf5,하나코 나나,Hanako Nana,CLICHE,만들자요 챕터 7! 냉동만두의 변신!,2025-08-11 01:07:49,20679,talk,ETC,3742
8653653,4d812b586ff63f8a2946e64fa860bbf5,하나코 나나,Hanako Nana,CLICHE,이리겁나하고 분풀이 노래한 날 아카이브,2025-08-08 22:13:57,14968,음악/노래,ETC,3832
8640831,4d812b586ff63f8a2946e64fa860bbf5,하나코 나나,Hanako Nana,CLICHE,나나의 두 번째 생일이야 `(*>﹏<*)′,2025-08-08 00:38:17,20268,talk,ETC,6184
8601665,4d812b586ff63f8a2946e64fa860bbf5,하나코 나나,Hanako Nana,CLICHE,어쩌다 보니 커버곡 공장장이라는 소리를 듣지만 오해입니다 | 8시 커버곡 공개!,2025-08-05 20:46:47,6162,talk,ETC,4614
8568997,4d812b586ff63f8a2946e64fa860bbf5,하나코 나나,Hanako Nana,CLICHE,다양성이고 자시고 거꾸로 서있지 않느냐,2025-08-03 19:37:27,10108,talk,ETC,4096
8517853,4d812b586ff63f8a2946e64fa860bbf5,하나코 나나,Hanako Nana,CLICHE,노가리 까면서 일하기 방송,2025-07-31 19:23:49,10721,talk,ETC,3335
8506858,4d812b586ff63f8a2946e64fa860bbf5,하나코 나나,Hanako Nana,CLICHE,그건 말이죠,2025-07-31 00:17:22,18592,이터널 리턴,GAME,2659
8490881,4d812b586ff63f8a2946e64fa860bbf5,하나코 나나,Hanako Nana,CLICHE,브론즈가고싶어요제발진짜,2025-07-30 00:51:21,19513,리그 오브 레전드,GAME,1741
8458744,4d812b586ff63f8a2946e64fa860bbf5,하나코 나나,Hanako Nana,CLICHE,편의점 레시피 쌔비기 컨텐츠,2025-07-28 00:43:28,21957,talk,ETC,2729
8440250,4d812b586ff63f8a2946e64fa860bbf5,하나코 나나,Hanako Nana,CLICHE,노래는 정말 재미있어,2025-07-27 00:03:18,10814,음악/노래,ETC,7797
8424256,4d812b586ff63f8a2946e64fa860bbf5,하나코 나나,Hanako Nana,CLICHE,"첫 래프트! 배에 납치당하다 (W. 사장님, 시부키, 리코)",2025-07-26 00:54:45,26066,래프트,GAME,4687
8406452,4d812b586ff63f8a2946e64fa860bbf5,하나코 나나,Hanako Nana,CLICHE,광고아닙니다 린나나 커버곡 기념 섬 데이트,2025-07-24 23:59:39,14468,이터널 리턴,GAME,2031
8390551,4d812b586ff63f8a2946e64fa860bbf5,하나코 나나,Hanako Nana,CLICHE,후즈앳더도어개무섭습니다진짜,2025-07-24 00:25:56,15667,뮤즈 대쉬,GAME,6824
8374399,4d812b586ff63f8a2946e64fa860bbf5,하나코 나나,Hanako Nana,CLICHE,이리사랑단 집합 (드롭스 ON),2025-07-23 00:39:03,16445,이터널 리턴,GAME,1821
8325920,4d812b586ff63f8a2946e64fa860bbf5,하나코 나나,Hanako Nana,CLICHE,[광고] 본가 마비노기 도전기!,2025-07-20 01:32:14,24801,마비노기,GAME,1372
8302710,4d812b586ff63f8a2946e64fa860bbf5,하나코 나나,Hanako Nana,CLICHE,밀린 붕스 가챠 & 이리 새 시즌 퍼먹기,2025-07-18 22:01:42,17663,이터널 리턴,GAME,3077
8273641,4d812b586ff63f8a2946e64fa860bbf5,하나코 나나,Hanako Nana,CLICHE,부르고 싶은거 부르는 막장노래방 렛츠고 (정규노래방 아님),2025-07-17 01:07:47,11833,음악/노래,ETC,9028
8226676,4d812b586ff63f8a2946e64fa860bbf5,하나코 나나,Hanako Nana,CLICHE,만들자요 벌써 5회차! [초간단 야식안주] 렛츠고!,2025-07-14 01:20:54,25812,talk,ETC,3785
8207961,4d812b586ff63f8a2946e64fa860bbf5,하나코 나나,Hanako Nana,CLICHE,"[광고] 린나대전 월드오브탱크 | 후열 배그, 롤",2025-07-13 00:28:13,19931,리그 오브 레전드,GAME,2109
8158070,4d812b586ff63f8a2946e64fa860bbf5,하나코 나나,Hanako Nana,CLICHE,스텔섭 멋리업 가자,2025-07-10 00:07:02,17979,마인크래프트,GAME,3109
8143456,4d812b586ff63f8a2946e64fa860bbf5,하나코 나나,Hanako Nana,CLICHE,지가못해놓고우네,2025-07-09 01:00:55,21274,리그 오브 레전드,GAME,6033
8110525,4d812b586ff63f8a2946e64fa860bbf5,하나코 나나,Hanako Nana,CLICHE,커버곡 공개! 그리고 신의상 공개 후열~,2025-07-06 23:50:52,9891,talk,ETC,6705
8105686,4d812b586ff63f8a2946e64fa860bbf5,하나코 나나,Hanako Nana,CLICHE,신의상 공개 드디어 나나 차례!,2025-07-06 20:01:05,3676,talk,ETC,11871
8073847,4d812b586ff63f8a2946e64fa860bbf5,하나코 나나,Hanako Nana,CLICHE,캐리머신 세라핀 점화 불어주기 [아이언 2- > 아이언 1],2025-07-04 23:16:26,18586,리그 오브 레전드,GAME,1879
8060215,4d812b586ff63f8a2946e64fa860bbf5,하나코 나나,Hanako Nana,CLICHE,욕 안하기 0일차,2025-07-04 00:55:30,20913,리그 오브 레전드,GAME,1692
8045335,4d812b586ff63f8a2946e64fa860bbf5,하나코 나나,Hanako Nana,CLICHE,붕스 3.4 업데이트! PV & 스토리 감상,2025-07-03 02:03:14,24900,붕괴: 스타레일,GAME,14106
8021841,4d812b586ff63f8a2946e64fa860bbf5,하나코 나나,Hanako Nana,CLICHE,짧게 후열하러 왔어요! ,2025-07-01 21:05:34,3351,talk,ETC,3075
7996813,4d812b586ff63f8a2946e64fa860bbf5,하나코 나나,Hanako Nana,CLICHE,컵라면으로 미션을 줬다 [만들자요 4회차],2025-06-30 01:01:55,23087,talk,ETC,3146
7978619,4d812b586ff63f8a2946e64fa860bbf5,하나코 나나,Hanako Nana,CLICHE,안녕하세요~ 염소입니다~,2025-06-29 00:22:11,16598,talk,ETC,2675
7964485,4d812b586ff63f8a2946e64fa860bbf5,하나코 나나,Hanako Nana,CLICHE,아이언에 적응해버린 안타까운 모습,2025-06-28 02:12:01,23804,리그 오브 레전드,GAME,1647
7930764,4d812b586ff63f8a2946e64fa860bbf5,하나코 나나,Hanako Nana,CLICHE,아이언 4를 탈출하는 방송의 다시보기,2025-06-26 00:32:50,18842,리그 오브 레전드,GAME,1737
7914369,4d812b586ff63f8a2946e64fa860bbf5,하나코 나나,Hanako Nana,CLICHE,[모비노기] 화이트 서큐버스 오우야,2025-06-25 00:17:23,22813,talk,ETC,2643
7886871,4d812b586ff63f8a2946e64fa860bbf5,하나코 나나,Hanako Nana,CLICHE,만들자요 챕터 3 2편 / 후열 롤!,2025-06-23 02:46:21,31054,리그 오브 레전드,GAME,2523
7867045,4d812b586ff63f8a2946e64fa860bbf5,하나코 나나,Hanako Nana,CLICHE,노래!,2025-06-22 00:58:22,10404,음악/노래,ETC,7072
7833431,4d812b586ff63f8a2946e64fa860bbf5,하나코 나나,Hanako Nana,CLICHE,이 썩어빠진 협곡을 구축해주겠어,2025-06-20 00:45:20,30879,리그 오브 레전드,GAME,2749
7816641,4d812b586ff63f8a2946e64fa860bbf5,하나코 나나,Hanako Nana,CLICHE,롤뉴비의 아진짜30렙언제찍냐 여정,2025-06-19 00:25:47,24660,리그 오브 레전드,GAME,1888
7790532,4d812b586ff63f8a2946e64fa860bbf5,하나코 나나,Hanako Nana,CLICHE,스텔 좀보 대탈출!!! +) 새벽 아무노래파티,2025-06-17 06:11:11,21877,프로젝트 좀보이드,GAME,5486
7774898,4d812b586ff63f8a2946e64fa860bbf5,하나코 나나,Hanako Nana,CLICHE,스텔 좀보) 더 이상 아프지만 말자,2025-06-16 04:03:35,13115,프로젝트 좀보이드,GAME,1816
7770973,4d812b586ff63f8a2946e64fa860bbf5,하나코 나나,Hanako Nana,CLICHE,만들자요 3회차 하러와써이!,2025-06-16 00:18:05,18676,talk,ETC,2082
7757644,4d812b586ff63f8a2946e64fa860bbf5,하나코 나나,Hanako Nana,CLICHE,스텔 좀보이드 3일차! ,2025-06-15 03:39:32,24204,프로젝트 좀보이드,GAME,2226
7740906,4d812b586ff63f8a2946e64fa860bbf5,하나코 나나,Hanako Nana,CLICHE,스텔좀보 2일차!,2025-06-14 04:16:42,34455,프로젝트 좀보이드,GAME,2354
7724843,4d812b586ff63f8a2946e64fa860bbf5,하나코 나나,Hanako Nana,CLICHE,스텔 좀보이드 1일차,2025-06-13 04:14:11,34359,프로젝트 좀보이드,GAME,3452
7704422,4d812b586ff63f8a2946e64fa860bbf5,하나코 나나,Hanako Nana,CLICHE,사이퍼 뽑으러 잠시 왔어요,2025-06-12 00:14:23,7933,붕괴: 스타레일,GAME,3126
7679940,4d812b586ff63f8a2946e64fa860bbf5,하나코 나나,Hanako Nana,CLICHE,미안 기습 아침뱅이다,2025-06-10 11:41:53,15142,이터널 리턴,GAME,3861
7661959,4d812b586ff63f8a2946e64fa860bbf5,하나코 나나,Hanako Nana,CLICHE,만들자요 2회차가 왔어이~!,2025-06-09 02:34:37,26816,talk,ETC,3052
7623209,4d812b586ff63f8a2946e64fa860bbf5,하나코 나나,Hanako Nana,CLICHE,젓가락질 잘하는 사람,2025-06-06 23:33:38,19617,마인크래프트,GAME,2566
7594339,4d812b586ff63f8a2946e64fa860bbf5,하나코 나나,Hanako Nana,CLICHE,충격과 공포의 염색시간 [모비노기 레이드 / 스텔 마크섭],2025-06-05 02:08:48,25265,마인크래프트,GAME,3097
7546287,4d812b586ff63f8a2946e64fa860bbf5,하나코 나나,Hanako Nana,CLICHE,나나의 만들자요 1회차 봅시다!,2025-06-02 01:34:31,26352,talk,ETC,9796
7527767,4d812b586ff63f8a2946e64fa860bbf5,하나코 나나,Hanako Nana,CLICHE,우헤헤,2025-06-01 00:47:43,13403,talk,ETC,3392
7508286,4d812b586ff63f8a2946e64fa860bbf5,하나코 나나,Hanako Nana,CLICHE,[광고] 「달토끼 키우기 X 이터널 리턴」 4주년 기념 콜라보 업데이트! ,2025-05-30 23:40:34,13406,달토끼 키우기,GAME,1730
7493912,4d812b586ff63f8a2946e64fa860bbf5,하나코 나나,Hanako Nana,CLICHE,"나말린다 팀 유니온 렛츠고 (W. 린, 우말님)",2025-05-30 00:14:41,19782,이터널 리턴,GAME,2584
7478088,4d812b586ff63f8a2946e64fa860bbf5,하나코 나나,Hanako Nana,CLICHE,오늘은 돈을 미친듯이 벌거야 [펫을 뽑기 위해서],2025-05-29 00:10:47,21747,마인크래프트,GAME,3843
7466504,4d812b586ff63f8a2946e64fa860bbf5,하나코 나나,Hanako Nana,CLICHE,나말린다 유니온 대회 | 마인크래프트 파슬리 기싸움,2025-05-28 03:14:46,25627,마인크래프트,GAME,2985
7433265,4d812b586ff63f8a2946e64fa860bbf5,하나코 나나,Hanako Nana,CLICHE,스텔 이리사랑단 출격 (요리 컨텐츠 공지),2025-05-26 00:18:03,18676,이터널 리턴,GAME,2995
7418463,4d812b586ff63f8a2946e64fa860bbf5,하나코 나나,Hanako Nana,CLICHE,3.3 스토리 밀러왔어요!,2025-05-25 02:05:40,35493,붕괴: 스타레일,GAME,7857
7399013,4d812b586ff63f8a2946e64fa860bbf5,하나코 나나,Hanako Nana,CLICHE,안뇽 금요일 나나 | 스텔라 세이비어!,2025-05-24 00:20:04,18868,종합 게임,GAME,2185
7385523,4d812b586ff63f8a2946e64fa860bbf5,하나코 나나,Hanako Nana,CLICHE,드디어 때가 왔다 육성을 하자,2025-05-23 01:20:35,20791,붕괴: 스타레일,GAME,2605
7354728,4d812b586ff63f8a2946e64fa860bbf5,하나코 나나,Hanako Nana,CLICHE,글라스기브넨 어려움의 힐통나무 [모비노기 레이드 파티],2025-05-21 00:51:20,17203,마비노기 모바일,GAME,3640
7337068,4d812b586ff63f8a2946e64fa860bbf5,하나코 나나,Hanako Nana,CLICHE,정나나의 데뷔 1주년을 축하해주십시오,2025-05-19 23:04:46,7318,talk,ETC,3804
7334427,4d812b586ff63f8a2946e64fa860bbf5,하나코 나나,Hanako Nana,CLICHE,클리셰 1주년 단체로 노래방와뗘,2025-05-19 20:44:05,6034,음악/노래,ETC,13184
7308081,4d812b586ff63f8a2946e64fa860bbf5,하나코 나나,Hanako Nana,CLICHE,다리를 부수는 게임 (아니다),2025-05-18 01:01:57,24953,talk,ETC,3209
7293834,4d812b586ff63f8a2946e64fa860bbf5,하나코 나나,Hanako Nana,CLICHE,발로란트 내전 / 오버워치 솔랭!,2025-05-17 03:06:47,28845,오버워치,GAME,3916
7229589,4d812b586ff63f8a2946e64fa860bbf5,하나코 나나,Hanako Nana,CLICHE,봄빛데이트 다녀온 페토 몰래 염탐하기,2025-05-13 00:21:56,24344,마비노기 모바일,GAME,2784
7216805,4d812b586ff63f8a2946e64fa860bbf5,하나코 나나,Hanako Nana,CLICHE,클리셰 코어키퍼 합방 2일차 | 모비노기 후열,2025-05-12 01:50:38,24294,마비노기 모바일,GAME,2181
7198219,4d812b586ff63f8a2946e64fa860bbf5,하나코 나나,Hanako Nana,CLICHE,클리셰 모험파티 렛츠고,2025-05-11 01:02:40,25383,코어 키퍼,GAME,4824
7162562,4d812b586ff63f8a2946e64fa860bbf5,하나코 나나,Hanako Nana,CLICHE,"사제 버프됐다면서? 야, '밥'",2025-05-08 23:26:56,19060,마비노기 모바일,GAME,2234
7151965,4d812b586ff63f8a2946e64fa860bbf5,하나코 나나,Hanako Nana,CLICHE,유난히내성적이던도적씨,2025-05-08 02:30:37,28958,마비노기 모바일,GAME,1693
7116235,4d812b586ff63f8a2946e64fa860bbf5,하나코 나나,Hanako Nana,CLICHE,눈감고있으라고했잖아요 [마비노기 레이드 파티],2025-05-05 23:24:40,22629,마비노기 모바일,GAME,3870
7103053,4d812b586ff63f8a2946e64fa860bbf5,하나코 나나,Hanako Nana,CLICHE,팀원 핑은 개무시하고 박치기하러 가요🎶 | 랭크,2025-05-05 01:11:10,15117,이터널 리턴,GAME,2172
7081033,4d812b586ff63f8a2946e64fa860bbf5,하나코 나나,Hanako Nana,CLICHE,밴드 세션과 함께하는 싱크룸 노래방송,2025-05-03 18:29:23,5470,음악/노래,ETC,5634
7055085,4d812b586ff63f8a2946e64fa860bbf5,하나코 나나,Hanako Nana,CLICHE,카르마 더 다크 월드 플레이 뱅송,2025-05-02 00:09:36,25245,talk,ETC,2661
7023657,4d812b586ff63f8a2946e64fa860bbf5,하나코 나나,Hanako Nana,CLICHE,석궁타락할게,2025-04-30 00:05:47,21348,마비노기 모바일,GAME,1949
6997417,4d812b586ff63f8a2946e64fa860bbf5,하나코 나나,Hanako Nana,CLICHE,하하하하하하하하 [붕괴 스타레일 3.2],2025-04-28 01:55:02,34559,붕괴: 스타레일,GAME,5834
6975404,4d812b586ff63f8a2946e64fa860bbf5,하나코 나나,Hanako Nana,CLICHE,안뇽 나나왔어용 백만년만에 카페보깅,2025-04-26 21:45:37,16612,talk,ETC,3157
15023825,8fd39bb8de623317de90654718638b10,유즈하 리코,Yuzuha Riko,CLICHE,안냥하세요 신의상 2일차에요,2026-09-04 03:36:36,22739,마인크래프트,GAME,2422
15008112,8fd39bb8de623317de90654718638b10,유즈하 리코,Yuzuha Riko,CLICHE,드디어 욘사 집 건축하기,2026-09-03 04:17:19,22123,마인크래프트,GAME,4007
14998088,8fd39bb8de623317de90654718638b10,유즈하 리코,Yuzuha Riko,CLICHE,"제트기 아니고요, 전투기 아니고요, b-2아니고요, 아무튼 아니고요 [🌊스텔 여름 휴가 신의상 공개🏖️]",2026-09-02 20:01:58,3944,talk,ETC,21020
14992702,8fd39bb8de623317de90654718638b10,유즈하 리코,Yuzuha Riko,CLICHE,다음 타자인 사람 근데 아직 공개 아닌,2026-09-02 05:14:00,25451,마인크래프트,GAME,3242
14961373,8fd39bb8de623317de90654718638b10,유즈하 리코,Yuzuha Riko,CLICHE,드디어 스텔마크,2026-08-31 03:12:16,32038,마인크래프트,GAME,6270
14950969,8fd39bb8de623317de90654718638b10,유즈하 리코,Yuzuha Riko,CLICHE,"[떠비큐어] 어제와 다른 오늘의 나, 그리고 오늘의 나와 다른 내일의 나",2026-08-30 18:12:02,14913,이터널 리턴,GAME,2802
14948343,8fd39bb8de623317de90654718638b10,유즈하 리코,Yuzuha Riko,CLICHE,"[떠비큐어] 어제와 다른 오늘의 나, 그리고 오늘의 나와 다른 내일의 나",2026-08-30 13:57:25,3348,이터널 리턴,GAME,729
14941153,8fd39bb8de623317de90654718638b10,유즈하 리코,Yuzuha Riko,CLICHE,[떠비큐어] 헨리 배우기,2026-08-30 00:58:23,39276,이터널 리턴,GAME,1795
14931481,8fd39bb8de623317de90654718638b10,유즈하 리코,Yuzuha Riko,CLICHE,[떠비큐어] 이제 모니터 키고 할게요,2026-08-29 13:50:22,3065,이터널 리턴,GAME,754
14927327,8fd39bb8de623317de90654718638b10,유즈하 리코,Yuzuha Riko,CLICHE,[떠비큐어] 공식스크림 8시,2026-08-29 03:11:12,39692,이터널 리턴,GAME,2009
14912377,8fd39bb8de623317de90654718638b10,유즈하 리코,Yuzuha Riko,CLICHE,[떠비큐어] 진조가 되겠느니라 💚 (연습 3일차),2026-08-28 04:17:38,39040,이터널 리턴,GAME,2342
14896729,8fd39bb8de623317de90654718638b10,유즈하 리코,Yuzuha Riko,CLICHE,[떠비큐어] 다 찌발라야해 (연습 2일차),2026-08-27 04:37:29,41154,이터널 리턴,GAME,1847
14879669,8fd39bb8de623317de90654718638b10,유즈하 리코,Yuzuha Riko,CLICHE,[떠비큐어] 무한섬 연습하기이,2026-08-26 03:28:47,39501,이터널 리턴,GAME,2757
14864666,8fd39bb8de623317de90654718638b10,유즈하 리코,Yuzuha Riko,CLICHE,떠비큐어 팀🥺💚,2026-08-25 04:01:41,39454,이터널 리턴,GAME,5652
14848587,8fd39bb8de623317de90654718638b10,유즈하 리코,Yuzuha Riko,CLICHE,잼민이,2026-08-24 02:33:58,33829,talk,ETC,3331
14828425,8fd39bb8de623317de90654718638b10,유즈하 리코,Yuzuha Riko,CLICHE,수아님.,2026-08-23 00:43:07,34277,talk,ETC,2594
14745907,8fd39bb8de623317de90654718638b10,유즈하 리코,Yuzuha Riko,CLICHE,6시 클리셰 합방,2026-08-17 23:17:56,20555,talk,ETC,3512
14730165,8fd39bb8de623317de90654718638b10,유즈하 리코,Yuzuha Riko,CLICHE,스텔라이브 데바데 내전 (w.삐부님),2026-08-16 23:59:26,21322,talk,ETC,2771
14714916,8fd39bb8de623317de90654718638b10,유즈하 리코,Yuzuha Riko,CLICHE,오늘 하루도 고생 많았떠 [데친 양배추],2026-08-16 00:43:09,9537,talk,ETC,2353
14701119,8fd39bb8de623317de90654718638b10,유즈하 리코,Yuzuha Riko,CLICHE,팀장이니까..,2026-08-15 03:00:49,30713,이터널 리턴,GAME,5336
14686253,8fd39bb8de623317de90654718638b10,유즈하 리코,Yuzuha Riko,CLICHE, [시키샤카샤카슈-와! 100만회 감사합니당]💚,2026-08-14 05:07:56,39498,talk,ETC,3485
14651230,8fd39bb8de623317de90654718638b10,유즈하 리코,Yuzuha Riko,CLICHE,진짜 데바데만 하러 옴,2026-08-12 02:34:17,11251,talk,ETC,2197
14634009,8fd39bb8de623317de90654718638b10,유즈하 리코,Yuzuha Riko,CLICHE,스텔 내전을 위하여 빙하기를 부수고,2026-08-11 01:23:24,21321,talk,ETC,3316
14599660,8fd39bb8de623317de90654718638b10,유즈하 리코,Yuzuha Riko,CLICHE,근황 이야기 하려고 잠깐왔어여,2026-08-09 00:09:37,9241,talk,ETC,3856
14504462,8fd39bb8de623317de90654718638b10,유즈하 리코,Yuzuha Riko,CLICHE,우리 인사할까?,2026-08-03 01:31:50,35512,talk,ETC,6058
14489746,8fd39bb8de623317de90654718638b10,유즈하 리코,Yuzuha Riko,CLICHE,오늘 하루는 어떗어?!!!,2026-08-02 02:48:46,7167,talk,ETC,3179
14469831,8fd39bb8de623317de90654718638b10,유즈하 리코,Yuzuha Riko,CLICHE,"삼촌과 조카의 에이펙스 배우기 (w. 빅헤드, 린)",2026-08-01 00:19:41,15914,talk,ETC,2157
14464613,8fd39bb8de623317de90654718638b10,유즈하 리코,Yuzuha Riko,CLICHE,"삼촌과 조카의 에이펙스 배우기 (w. 빅헤드, 린)",2026-07-31 19:53:17,14418,에이펙스 레전드,GAME,2908
14457144,8fd39bb8de623317de90654718638b10,유즈하 리코,Yuzuha Riko,CLICHE,딜러 골드 가자 5판안에,2026-07-31 02:45:33,36137,talk,ETC,3001
14436401,8fd39bb8de623317de90654718638b10,유즈하 리코,Yuzuha Riko,CLICHE,시키시키샤카샤카베리베리스트로베리아슬하게고양이처럼닷닷닷닷살짝미쳐봐 -안녕하세요 시청자입니다,2026-07-30 00:01:08,25146,talk,ETC,4299
14406668,8fd39bb8de623317de90654718638b10,유즈하 리코,Yuzuha Riko,CLICHE,골드에서 떨어지고 싶지 않아요,2026-07-28 01:14:22,23839,talk,ETC,4623
14392804,8fd39bb8de623317de90654718638b10,유즈하 리코,Yuzuha Riko,CLICHE,메이플 부띠끄 결제태도 [1000개 기원],2026-07-27 02:26:32,28032,talk,ETC,5559
14373580,8fd39bb8de623317de90654718638b10,유즈하 리코,Yuzuha Riko,CLICHE,후야랑 부키랑,2026-07-26 00:52:37,22662,talk,ETC,2919
14366161,8fd39bb8de623317de90654718638b10,유즈하 리코,Yuzuha Riko,CLICHE,낮이라서 목소리가 낮은 용사,2026-07-25 17:50:15,13362,talk,ETC,2994
14357376,8fd39bb8de623317de90654718638b10,유즈하 리코,Yuzuha Riko,CLICHE,로블록스 재밌어?,2026-07-25 01:23:56,29767,talk,ETC,5486
14344840,8fd39bb8de623317de90654718638b10,유즈하 리코,Yuzuha Riko,CLICHE,방사능 얌뱃쭈 켠왕 [드디어 내일 오리지널 곡 공개],2026-07-24 05:23:48,45822,talk,ETC,5309
14325482,8fd39bb8de623317de90654718638b10,유즈하 리코,Yuzuha Riko,CLICHE,찌질한얌뱃쭈,2026-07-23 01:47:09,24025,talk,ETC,2294
14279596,8fd39bb8de623317de90654718638b10,유즈하 리코,Yuzuha Riko,CLICHE,"오늘은 끝장내자, 세계수든 전설설계도든",2026-07-20 02:54:58,35188,talk,ETC,2572
14263379,8fd39bb8de623317de90654718638b10,유즈하 리코,Yuzuha Riko,CLICHE,리코 Original 7월 24일 공개 많관부!,2026-07-19 03:31:33,31803,talk,ETC,3902
14248984,8fd39bb8de623317de90654718638b10,유즈하 리코,Yuzuha Riko,CLICHE,리코 Original 7월 24일 공개 많관부!,2026-07-18 08:16:47,50390,talk,ETC,4200
14231207,8fd39bb8de623317de90654718638b10,유즈하 리코,Yuzuha Riko,CLICHE,7/24 욘사 Original [악당주의보] 공개 많관부!,2026-07-17 05:09:03,21962,팰월드,GAME,2271
14215382,8fd39bb8de623317de90654718638b10,유즈하 리코,Yuzuha Riko,CLICHE,팰들 학대시 할게요,2026-07-16 05:58:18,47728,팰월드,GAME,2286
14198974,8fd39bb8de623317de90654718638b10,유즈하 리코,Yuzuha Riko,CLICHE,클리셰 오리지널 곡 많관부,2026-07-15 04:33:05,39103,talk,ETC,2594
14183700,8fd39bb8de623317de90654718638b10,유즈하 리코,Yuzuha Riko,CLICHE,도태칭구들 찾아가기,2026-07-14 05:31:04,37073,팰월드,GAME,2537
14169051,8fd39bb8de623317de90654718638b10,유즈하 리코,Yuzuha Riko,CLICHE,드디어 팰월드 서버!!! [스텔서버],2026-07-13 05:58:11,53124,팰월드,GAME,5958
14133108,8fd39bb8de623317de90654718638b10,유즈하 리코,Yuzuha Riko,CLICHE,"링크 스타토!!!! [소아온 게임 찍먹, 스포주의!]",2026-07-11 02:30:55,37334,에코스 오브 아인크라드,GAME,3587
14101960,8fd39bb8de623317de90654718638b10,유즈하 리코,Yuzuha Riko,CLICHE,메이플스토리,2026-07-09 03:22:18,33121,메이플스토리,GAME,5189
14083081,8fd39bb8de623317de90654718638b10,유즈하 리코,Yuzuha Riko,CLICHE,옵치 하러 왔움,2026-07-08 00:56:09,10479,talk,ETC,1820
14064300,8fd39bb8de623317de90654718638b10,유즈하 리코,Yuzuha Riko,CLICHE,나에게 축구는 살인이디ㅏ,2026-07-06 23:00:16,24551,talk,ETC,3170
14032269,8fd39bb8de623317de90654718638b10,유즈하 리코,Yuzuha Riko,CLICHE,용사는 행복해,2026-07-04 23:04:07,22595,talk,ETC,5582
13988051,8fd39bb8de623317de90654718638b10,유즈하 리코,Yuzuha Riko,CLICHE,[봉켓몬] 서버 마지막날!! 행복하게,2026-07-02 02:31:27,33967,talk,ETC,7085
13972615,8fd39bb8de623317de90654718638b10,유즈하 리코,Yuzuha Riko,CLICHE,[봉켓몬] 기모찌정신,2026-07-01 03:28:40,37879,마인크래프트,GAME,6677
13956948,8fd39bb8de623317de90654718638b10,유즈하 리코,Yuzuha Riko,CLICHE,[봉켓몬] 늦게라도 시작하자,2026-06-30 03:28:08,27048,마인크래프트,GAME,5383
13941672,8fd39bb8de623317de90654718638b10,유즈하 리코,Yuzuha Riko,CLICHE,[봉켓몬] 실전.. 그리고 전설.. 두 개의 목표,2026-06-29 02:58:05,39231,마인크래프트,GAME,7360
13923976,8fd39bb8de623317de90654718638b10,유즈하 리코,Yuzuha Riko,CLICHE,[봉켓몬] 세상을 가르는 자...,2026-06-28 02:37:13,36823,마인크래프트,GAME,7730
13891441,8fd39bb8de623317de90654718638b10,유즈하 리코,Yuzuha Riko,CLICHE,[봉켓몬] 전설 킹기왔다!! 연두마을 첫 전포 오우너 목표!!!,2026-06-26 03:03:25,39213,마인크래프트,GAME,11354
13878521,8fd39bb8de623317de90654718638b10,유즈하 리코,Yuzuha Riko,CLICHE,축잘알 아이돌과 함께 대한민국 응원하기!!🥺`(*>﹏<*)′ [대한민국 vs 남아공],2026-06-25 14:53:59,10112,2026 FIFA 북중미 월드컵,SPORTS,2039
13878616,8fd39bb8de623317de90654718638b10,유즈하 리코,Yuzuha Riko,CLICHE,에훙,2026-06-25 12:22:45,222,talk,ETC,1199
13873128,8fd39bb8de623317de90654718638b10,유즈하 리코,Yuzuha Riko,CLICHE,[봉켓몬] 전설 잡아보겠습니다. 다 파악했어요,2026-06-25 02:35:31,37607,마인크래프트,GAME,4144
13858840,8fd39bb8de623317de90654718638b10,유즈하 리코,Yuzuha Riko,CLICHE,[봉켓몬] 오늘은 조금 더 나아가자!!! 이어롤과 친해지기,2026-06-24 04:57:19,46008,talk,ETC,5353
13841812,8fd39bb8de623317de90654718638b10,유즈하 리코,Yuzuha Riko,CLICHE,[봉켓몬] 연두마을 대표가 꿈입니다,2026-06-23 03:00:56,44261,talk,ETC,10671
13824329,8fd39bb8de623317de90654718638b10,유즈하 리코,Yuzuha Riko,CLICHE,젠레스 3.0 업데이트!!! 💚,2026-06-22 00:46:57,34966,talk,ETC,4521
13791255,8fd39bb8de623317de90654718638b10,유즈하 리코,Yuzuha Riko,CLICHE,젠레수 3.0 하기전에 ,2026-06-20 01:48:07,31223,talk,ETC,5689
13779633,8fd39bb8de623317de90654718638b10,유즈하 리코,Yuzuha Riko,CLICHE,축잘알 아이돌!!과 함께 월드컵보기! [ 멕시코 VS 대한민국 ],2026-06-19 14:41:31,11276,2026 FIFA 북중미 월드컵,SPORTS,1838
13768421,8fd39bb8de623317de90654718638b10,유즈하 리코,Yuzuha Riko,CLICHE,"후열후열열
",2026-06-18 22:38:52,33801,talk,ETC,5533
13756426,8fd39bb8de623317de90654718638b10,유즈하 리코,Yuzuha Riko,CLICHE,후열 오버워치 (w. 유니 타비 리제 부키),2026-06-18 01:13:58,27449,talk,ETC,3362
13724165,8fd39bb8de623317de90654718638b10,유즈하 리코,Yuzuha Riko,CLICHE,메탈슬러그 X [통파 드자주ㅔㅔㅔㅔ],2026-06-16 00:26:13,14769,talk,ETC,3376
13719136,8fd39bb8de623317de90654718638b10,유즈하 리코,Yuzuha Riko,CLICHE,[광고] 이환에서 노는 스텔 (w.후야 시로 히나 리코),2026-06-15 20:19:53,14998,이환,GAME,2528
13689992,8fd39bb8de623317de90654718638b10,유즈하 리코,Yuzuha Riko,CLICHE,메이플 테섭 해보려구요,2026-06-13 23:07:21,28713,talk,ETC,7874
13672013,8fd39bb8de623317de90654718638b10,유즈하 리코,Yuzuha Riko,CLICHE,조문 하러 왔습니다,2026-06-12 22:23:32,27890,talk,ETC,5653
13666437,8fd39bb8de623317de90654718638b10,유즈하 리코,Yuzuha Riko,CLICHE,2026 월드컵 [대한민국 VS 체코],2026-06-12 16:17:58,10337,2026 FIFA 북중미 월드컵,SPORTS,6934
13662275,8fd39bb8de623317de90654718638b10,유즈하 리코,Yuzuha Riko,CLICHE,물고기랑 고양이랑 (-_- (`-`,2026-06-12 03:19:20,13984,이터널 리턴,GAME,2593
13624519,8fd39bb8de623317de90654718638b10,유즈하 리코,Yuzuha Riko,CLICHE,달 을 가 (-_- (`-`,2026-06-09 22:24:28,22755,talk,ETC,7846
13614111,8fd39bb8de623317de90654718638b10,유즈하 리코,Yuzuha Riko,CLICHE,사펑 뽑고 3장 5막,2026-06-09 01:10:28,32853,talk,ETC,9515
13598977,8fd39bb8de623317de90654718638b10,유즈하 리코,Yuzuha Riko,CLICHE,휴방인데 오기권법 : 사실그냥 늦방하고싶었떤거 아님?,2026-06-08 00:34:29,24732,talk,ETC,3944
13583941,8fd39bb8de623317de90654718638b10,유즈하 리코,Yuzuha Riko,CLICHE,명조 3장 4막4막인데 4막인데 4막인데 그래서 내 정실은 누구,2026-06-07 02:13:00,32655,talk,ETC,6962
13560294,8fd39bb8de623317de90654718638b10,유즈하 리코,Yuzuha Riko,CLICHE,소통해용@(#*%&@#($!)(*&%,2026-06-05 21:25:15,19346,talk,ETC,4611
13534987,8fd39bb8de623317de90654718638b10,유즈하 리코,Yuzuha Riko,CLICHE,명조 3장 3막,2026-06-04 01:13:38,32389,talk,ETC,11590
13484753,8fd39bb8de623317de90654718638b10,유즈하 리코,Yuzuha Riko,CLICHE,초자연 작전팀으로 난 예뻐질거야 (w. 리제 린 나나),2026-05-31 23:20:22,25783,talk,ETC,6225
13470937,8fd39bb8de623317de90654718638b10,유즈하 리코,Yuzuha Riko,CLICHE,3장 1막 드디어 왔어,2026-05-31 01:47:57,36977,talk,ETC,6930
13453341,8fd39bb8de623317de90654718638b10,유즈하 리코,Yuzuha Riko,CLICHE,젠레스 스토리도 마쉿어,2026-05-30 01:24:25,26193,talk,ETC,5438
13437978,8fd39bb8de623317de90654718638b10,유즈하 리코,Yuzuha Riko,CLICHE,"섬 선생님 해봤어요 (w.시로, 린)",2026-05-29 01:19:53,29449,talk,ETC,4648
13404620,8fd39bb8de623317de90654718638b10,유즈하 리코,Yuzuha Riko,CLICHE,광인의 갈틱폰,2026-05-26 23:56:05,23041,talk,ETC,3860
13388751,8fd39bb8de623317de90654718638b10,유즈하 리코,Yuzuha Riko,CLICHE,[명조] 치사 만나러 가즈아아아!!!,2026-05-25 23:36:17,23484,talk,ETC,6099
13374544,8fd39bb8de623317de90654718638b10,유즈하 리코,Yuzuha Riko,CLICHE,6cm면 강산이 변한다 모라하지마!!,2026-05-25 01:31:44,33916,talk,ETC,6576
13356526,8fd39bb8de623317de90654718638b10,유즈하 리코,Yuzuha Riko,CLICHE,나만 억까해 나만 망캐야 나한테만 모라하지마,2026-05-24 00:25:41,20791,마인크래프트,GAME,4419
13350296,8fd39bb8de623317de90654718638b10,유즈하 리코,Yuzuha Riko,CLICHE,모라하지마 그저 모라하지마,2026-05-23 18:17:39,4685,마인크래프트,GAME,1985
13340860,8fd39bb8de623317de90654718638b10,유즈하 리코,Yuzuha Riko,CLICHE,6시 타비타비씨의 모라하지마!!!,2026-05-23 01:16:27,32975,마인크래프트,GAME,5401
13293652,8fd39bb8de623317de90654718638b10,유즈하 리코,Yuzuha Riko,CLICHE,명조 2장 찐막,2026-05-20 00:55:09,13029,명조:워더링 웨이브,GAME,6791
13288096,8fd39bb8de623317de90654718638b10,유즈하 리코,Yuzuha Riko,CLICHE,⭐클리셰 2주년 [싱크룸 회식],2026-05-19 21:14:48,7870,음악/노래,ETC,10439
13278553,8fd39bb8de623317de90654718638b10,유즈하 리코,Yuzuha Riko,CLICHE,클리셰 2주년 후열 오버워치,2026-05-19 01:05:00,14330,오버워치,GAME,2600
13265312,8fd39bb8de623317de90654718638b10,유즈하 리코,Yuzuha Riko,CLICHE,서브노티카 2  진짜 깬다 (w.부키),2026-05-18 02:19:22,10836,서브노티카 2,GAME,1501
13257360,8fd39bb8de623317de90654718638b10,유즈하 리코,Yuzuha Riko,CLICHE,서브노티카 2 (w.부키),2026-05-17 20:02:55,8916,talk,ETC,1711
13249307,8fd39bb8de623317de90654718638b10,유즈하 리코,Yuzuha Riko,CLICHE,"서브노티카2, 그놈에게 복수하러 왔다 (w.부키)",2026-05-17 03:47:09,46142,talk,ETC,4248
13230503,8fd39bb8de623317de90654718638b10,유즈하 리코,Yuzuha Riko,CLICHE,휴방인데 골드 찍으러 갈게요,2026-05-16 02:11:07,22729,발로란트,GAME,2330
13212401,8fd39bb8de623317de90654718638b10,유즈하 리코,Yuzuha Riko,CLICHE,명조 스토리 2장 11막,2026-05-15 00:37:11,30794,talk,ETC,7618
13197490,8fd39bb8de623317de90654718638b10,유즈하 리코,Yuzuha Riko,CLICHE,실버 가고싶어요,2026-05-14 01:07:05,33045,talk,ETC,3450
13153309,8fd39bb8de623317de90654718638b10,유즈하 리코,Yuzuha Riko,CLICHE,눈나 발로란트 할게 (스텔5인큐)💚,2026-05-11 01:58:22,20185,talk,ETC,3895
13136237,8fd39bb8de623317de90654718638b10,유즈하 리코,Yuzuha Riko,CLICHE,달 을 가,2026-05-10 02:21:37,33045,명조:워더링 웨이브,GAME,9215
13117086,8fd39bb8de623317de90654718638b10,유즈하 리코,Yuzuha Riko,CLICHE,"8시 땅파기 게임 (강지, 탬탬, 춘향)",2026-05-09 00:43:48,27444,talk,ETC,7776
13099590,8fd39bb8de623317de90654718638b10,유즈하 리코,Yuzuha Riko,CLICHE,욘사 MBTI 검사 다시하다,2026-05-07 23:23:07,8679,talk,ETC,3874
13070711,8fd39bb8de623317de90654718638b10,유즈하 리코,Yuzuha Riko,CLICHE,[용사 유치원] 후열 오버워취취 9시🍀⭐,2026-05-06 00:38:57,23758,talk,ETC,20863
13047565,8fd39bb8de623317de90654718638b10,유즈하 리코,Yuzuha Riko,CLICHE,얼굴보러 왔어용,2026-05-04 20:16:56,4876,talk,ETC,3069
13020586,8fd39bb8de623317de90654718638b10,유즈하 리코,Yuzuha Riko,CLICHE,2장 7막 드가야지,2026-05-03 00:49:13,31290,talk,ETC,11534
13002270,8fd39bb8de623317de90654718638b10,유즈하 리코,Yuzuha Riko,CLICHE,오버워치 후열인데 FPS 해보까나,2026-05-01 23:45:58,20361,talk,ETC,3656
12986105,8fd39bb8de623317de90654718638b10,유즈하 리코,Yuzuha Riko,CLICHE,클리셰 같이 살자 제에에바아알,2026-05-01 00:30:24,26460,talk,ETC,6157
12972627,8fd39bb8de623317de90654718638b10,유즈하 리코,Yuzuha Riko,CLICHE,내일을 위해 잠시 감도 깎기,2026-04-30 02:05:28,22886,이환,GAME,3932
12955031,8fd39bb8de623317de90654718638b10,유즈하 리코,Yuzuha Riko,CLICHE,명조 스토리 보쟈,2026-04-29 01:01:25,25080,talk,ETC,8255
12941942,8fd39bb8de623317de90654718638b10,유즈하 리코,Yuzuha Riko,CLICHE,스텔 합숙시키기,2026-04-28 03:08:51,31322,talk,ETC,4900
12909696,8fd39bb8de623317de90654718638b10,유즈하 리코,Yuzuha Riko,CLICHE,그냥 버거쏘는 청년 (w. 타비 리제 봄냥),2026-04-26 02:36:06,23205,오버워치,GAME,4362
12901755,8fd39bb8de623317de90654718638b10,유즈하 리코,Yuzuha Riko,CLICHE,픽크타 그 칭구들 (w. 타비 리제 봄냥),2026-04-25 20:01:57,7338,더 게임 오브 라이프 포 닌텐도 스위치,GAME,2067
12892820,8fd39bb8de623317de90654718638b10,유즈하 리코,Yuzuha Riko,CLICHE,후야 문열어주기,2026-04-25 02:32:34,29707,talk,ETC,4431
12877555,8fd39bb8de623317de90654718638b10,유즈하 리코,Yuzuha Riko,CLICHE,[광고] 크랙했더,2026-04-24 02:53:46,35013,talk,ETC,8718
12861373,8fd39bb8de623317de90654718638b10,유즈하 리코,Yuzuha Riko,CLICHE,카멜리아 말고 새로운 아내를 만들어주세요.. 너무 슬퍼요,2026-04-23 02:21:34,28396,talk,ETC,7180
12845770,8fd39bb8de623317de90654718638b10,유즈하 리코,Yuzuha Riko,CLICHE,빨리 다음화 주세요,2026-04-22 02:07:35,25294,talk,ETC,7061
12817563,8fd39bb8de623317de90654718638b10,유즈하 리코,Yuzuha Riko,CLICHE,헤헤 헤헤헤 이뿐 스킨과 함께라면 실력 200퍼센트 상승,2026-04-20 03:36:22,30039,talk,ETC,4272
12799194,8fd39bb8de623317de90654718638b10,유즈하 리코,Yuzuha Riko,CLICHE,스토리 짱짱 맛집 [명조] 2일차,2026-04-19 02:17:12,25688,talk,ETC,5730
12780735,8fd39bb8de623317de90654718638b10,유즈하 리코,Yuzuha Riko,CLICHE,스토리 짱짱 맛집 [명조] 할구에요,2026-04-18 01:20:11,22609,talk,ETC,6654
12766974,8fd39bb8de623317de90654718638b10,유즈하 리코,Yuzuha Riko,CLICHE,아 왜 아직도 목요일이야,2026-04-17 03:25:40,26421,talk,ETC,10318
12719505,8fd39bb8de623317de90654718638b10,유즈하 리코,Yuzuha Riko,CLICHE,잘 봤어요?💚[생일 굿즈 출시!! 그리고.. 선물..?],2026-04-14 01:59:41,12437,talk,ETC,10878
12705943,8fd39bb8de623317de90654718638b10,유즈하 리코,Yuzuha Riko,CLICHE,포챔스 해보고싶어서 드디어!!!,2026-04-13 03:17:33,25764,talk,ETC,4876
12671056,8fd39bb8de623317de90654718638b10,유즈하 리코,Yuzuha Riko,CLICHE,헌팅포차에요...,2026-04-11 02:17:06,30877,포장마차 : 한국 길거리 음식 경영시뮬레이터,GAME,3791
12655396,8fd39bb8de623317de90654718638b10,유즈하 리코,Yuzuha Riko,CLICHE,[포탈의 달인(자칭)] 솔직히 1도 쉬웠다.,2026-04-10 02:07:41,28738,포탈 2,GAME,2702
12639822,8fd39bb8de623317de90654718638b10,유즈하 리코,Yuzuha Riko,CLICHE,눈 맞추기,2026-04-09 02:19:32,14214,talk,ETC,4621
12604313,8fd39bb8de623317de90654718638b10,유즈하 리코,Yuzuha Riko,CLICHE,사과멀티게임,2026-04-06 23:25:53,18631,talk,ETC,3458
12589466,8fd39bb8de623317de90654718638b10,유즈하 리코,Yuzuha Riko,CLICHE,갑자기 생긴 오버워치 4인큐,2026-04-05 23:17:20,19098,talk,ETC,2516
12582703,8fd39bb8de623317de90654718638b10,유즈하 리코,Yuzuha Riko,CLICHE,미녀 등장 [미녀는 괴로워] 같이보기 전에,2026-04-05 15:51:18,2919,talk,ETC,931
12572492,8fd39bb8de623317de90654718638b10,유즈하 리코,Yuzuha Riko,CLICHE,가족들이랑 벚꽃나들이,2026-04-04 23:35:34,33228,PUBG: 배틀그라운드,GAME,4595
12509579,8fd39bb8de623317de90654718638b10,유즈하 리코,Yuzuha Riko,CLICHE,클리셰 배그 4인큐 오랜만이댜!! 치킹먹자 치킨!!,2026-04-01 01:39:18,30646,talk,ETC,4238
12489277,8fd39bb8de623317de90654718638b10,유즈하 리코,Yuzuha Riko,CLICHE,포켓몬스터 : 소드 엔딩보기이~!,2026-03-30 22:52:49,23190,talk,ETC,2040
12477271,8fd39bb8de623317de90654718638b10,유즈하 리코,Yuzuha Riko,CLICHE,포켓몬 소드) 스토리 보는즁,2026-03-30 00:26:39,26102,talk,ETC,2005
12454907,8fd39bb8de623317de90654718638b10,유즈하 리코,Yuzuha Riko,CLICHE,경쟁전 찎먹,2026-03-28 20:45:15,18049,talk,ETC,2078
12426170,8fd39bb8de623317de90654718638b10,유즈하 리코,Yuzuha Riko,CLICHE,포켓몬 뉴비에요/ 포쌤 포쌤있나요,2026-03-27 00:25:13,26236,talk,ETC,3499
12410400,8fd39bb8de623317de90654718638b10,유즈하 리코,Yuzuha Riko,CLICHE,진짜 못생김,2026-03-26 00:47:25,30053,포켓몬스터 소드 · 실드,GAME,3745
12387695,8fd39bb8de623317de90654718638b10,유즈하 리코,Yuzuha Riko,CLICHE,리코꺼 하는 법,2026-03-24 19:10:14,14684,talk,ETC,3365
12359767,8fd39bb8de623317de90654718638b10,유즈하 리코,Yuzuha Riko,CLICHE,닉네임: 구루구루 양배추 (w. 강지 주키니 콩천),2026-03-22 22:05:43,21729,talk,ETC,2722
12329996,8fd39bb8de623317de90654718638b10,유즈하 리코,Yuzuha Riko,CLICHE,포탈이 유행이에요?,2026-03-21 01:59:37,26485,talk,ETC,3681
12310246,8fd39bb8de623317de90654718638b10,유즈하 리코,Yuzuha Riko,CLICHE,"스텔라이브 오버워치 5인큐 (저 뉴비에요.. 조금 못할수도 있어요 돌던지지 말아주세요, 차라리 햄버거 던져주세요)",2026-03-19 23:45:11,23444,talk,ETC,2558
12248538,8fd39bb8de623317de90654718638b10,유즈하 리코,Yuzuha Riko,CLICHE,찐 후열) 리제선배랑 낙원하기,2026-03-15 23:58:04,9358,talk,ETC,2213
12244321,8fd39bb8de623317de90654718638b10,유즈하 리코,Yuzuha Riko,CLICHE,사쟌님과 젠레스💚,2026-03-15 20:50:31,22073,talk,ETC,2439
12231228,8fd39bb8de623317de90654718638b10,유즈하 리코,Yuzuha Riko,CLICHE,발렌타인데이🍭,2026-03-15 00:25:19,29744,talk,ETC,3821
12197015,8fd39bb8de623317de90654718638b10,유즈하 리코,Yuzuha Riko,CLICHE,리코는 오늘 글을 읽을까 안읽을까,2026-03-13 00:37:46,26932,talk,ETC,2301
12178559,8fd39bb8de623317de90654718638b10,유즈하 리코,Yuzuha Riko,CLICHE,뿌뿌뿌뿌,2026-03-11 23:28:33,10632,talk,ETC,2551
12174302,8fd39bb8de623317de90654718638b10,유즈하 리코,Yuzuha Riko,CLICHE,"8시 세탁기 돌리러 갑니다, 360도로 돌아가는 드럼 세탁기에 세탁이 끝나면 자동 건조와 자동다림질 서비스로 주름이 쫙펴지고, 섬유유연제는 따로 넣을 필요없이 괴수꽃향기로 첨가되어",2026-03-11 19:52:03,6561,talk,ETC,1972
12166470,8fd39bb8de623317de90654718638b10,유즈하 리코,Yuzuha Riko,CLICHE,오버워치 해보까나..? (저 뉴비라 잘 몰라서 후열겸 잠깐 해용),2026-03-11 01:47:59,27614,talk,ETC,2281
12136148,8fd39bb8de623317de90654718638b10,유즈하 리코,Yuzuha Riko,CLICHE,"바이오하자드 캐쥬얼 아니에요, 모던이에요 저 똑똑해요",2026-03-09 02:17:56,29832,talk,ETC,2750
12117082,8fd39bb8de623317de90654718638b10,유즈하 리코,Yuzuha Riko,CLICHE,♪(´▽｀) 그거 약속 (바하 먹어보기),2026-03-08 01:30:29,32188,talk,ETC,3982
12086191,8fd39bb8de623317de90654718638b10,유즈하 리코,Yuzuha Riko,CLICHE,♪(´▽｀) 오늘은 진짜 힐링만,2026-03-06 04:36:44,45202,마인크래프트,GAME,3566
12070335,8fd39bb8de623317de90654718638b10,유즈하 리코,Yuzuha Riko,CLICHE,"♪(´▽｀) 고룡 잡아야지, 전문인데 잡아야지, 감기걸렸어도 잡아야지",2026-03-05 05:34:52,53663,마인크래프트,GAME,3255
12021335,8fd39bb8de623317de90654718638b10,유즈하 리코,Yuzuha Riko,CLICHE,♪(´▽｀) 저는 자기전에 항상 푱 푱!! 두욷우두두두두두두!!! 집중! 보라색!! 이라는 소리가 들려요,2026-03-02 04:33:47,49709,마인크래프트,GAME,3388
12004235,8fd39bb8de623317de90654718638b10,유즈하 리코,Yuzuha Riko,CLICHE,♪(´▽｀) 검은 나를 깨운다 그대들은 일어났는가 일어났겠지 나보다 빨리 어떻게 그렇게 잘 일어나는가 왜 일어나는가 나는 더 자고싶다 수면시간 평균 12시간하고싶다,2026-03-01 04:39:08,51448,마인크래프트,GAME,2845
11987964,8fd39bb8de623317de90654718638b10,유즈하 리코,Yuzuha Riko,CLICHE,╰(*°▽°*)╯도태 용사지만 행복해!💚,2026-02-28 06:24:04,48160,talk,ETC,2702
11936277,8fd39bb8de623317de90654718638b10,유즈하 리코,Yuzuha Riko,CLICHE,╰(*°▽°*)╯검의 시대가 시작되었다.,2026-02-25 04:23:56,50431,talk,ETC,2521
11919870,8fd39bb8de623317de90654718638b10,유즈하 리코,Yuzuha Riko,CLICHE,╰(*°▽°*)╯헤헤 내실해야징,2026-02-24 04:27:57,48200,마인크래프트,GAME,2608
11904024,8fd39bb8de623317de90654718638b10,유즈하 리코,Yuzuha Riko,CLICHE,╰(*°▽°*)╯리코 행복한 픽쿠타하꽈,2026-02-23 04:20:21,28615,talk,ETC,2097
11886422,8fd39bb8de623317de90654718638b10,유즈하 리코,Yuzuha Riko,CLICHE,╰(*°▽°*)╯리코도 해 픽크타!,2026-02-22 04:27:05,33113,talk,ETC,3661
11846822,8fd39bb8de623317de90654718638b10,유즈하 리코,Yuzuha Riko,CLICHE,╰(*°▽°*)╯파피 플레이타임 5 출시 레츠고고고고고고ㅗㅗ고고고고고고ㅗ고고고고고ㅗ고 오늘의 리코 비명은 뭘까?,2026-02-20 00:24:46,24960,talk,ETC,6271
11815470,8fd39bb8de623317de90654718638b10,유즈하 리코,Yuzuha Riko,CLICHE,╰(*°▽°*)╯오늘의 재미픽 유즈하 리코 왜냐 이기기보다 재미를 위해 하겠다,2026-02-18 01:55:01,28369,talk,ETC,4801
11784865,8fd39bb8de623317de90654718638b10,유즈하 리코,Yuzuha Riko,CLICHE,겐붕이 잡는다╰(*°▽°*)╯,2026-02-16 00:07:43,21696,talk,ETC,2075
11766867,8fd39bb8de623317de90654718638b10,유즈하 리코,Yuzuha Riko,CLICHE,정말정말 하고싶었던 그 게임 출시했어요!! [리애니멀w. 시부키],2026-02-14 22:58:29,19194,talk,ETC,2647
11738029,8fd39bb8de623317de90654718638b10,유즈하 리코,Yuzuha Riko,CLICHE,허허 세키로 재밌다허허 세키로 재밌다허허 세키로 재밌다허허 세키로 재밌다허허 세키로 재밌다허허 세키로 재밌다허허 세키로 재밌다허허 세키로 재밌다허허 세키로 재밌다허허 세키로 재밌다,2026-02-13 03:19:08,31261,talk,ETC,2461
11702956,8fd39bb8de623317de90654718638b10,유즈하 리코,Yuzuha Riko,CLICHE,"리코는 유명한 용사라서 어떤 검이든 잡을 수 있음, 이 아프면 치과가세요, 그리고 사랑한다 말해요",2026-02-11 02:40:46,30021,talk,ETC,4281
11651205,8fd39bb8de623317de90654718638b10,유즈하 리코,Yuzuha Riko,CLICHE,드디어 고향 섬을 찾아왔어요,2026-02-08 01:49:44,34774,talk,ETC,18291
11619633,8fd39bb8de623317de90654718638b10,유즈하 리코,Yuzuha Riko,CLICHE,[봉봉팜] 다꾸 방꾸 섬꾸 레츠고,2026-02-06 05:11:46,28016,마인크래프트,GAME,2845
11602720,8fd39bb8de623317de90654718638b10,유즈하 리코,Yuzuha Riko,CLICHE,[봉봉팜] 오늘은 진짜 힐링,2026-02-05 05:10:03,25577,마인크래프트,GAME,3861
11585961,8fd39bb8de623317de90654718638b10,유즈하 리코,Yuzuha Riko,CLICHE,[봉봉팜] 리코가 없는사이에 무슨일이 있었을까요,2026-02-04 05:16:51,43323,talk,ETC,3859
11553834,8fd39bb8de623317de90654718638b10,유즈하 리코,Yuzuha Riko,CLICHE,[봉봉팜] 봉봉봉봉봉봉봉봉봉봉봉봉봉봉봉봉,2026-02-02 05:13:17,48763,talk,ETC,4706
11536819,8fd39bb8de623317de90654718638b10,유즈하 리코,Yuzuha Riko,CLICHE,[봉봉팜] 리제로,2026-02-01 05:32:52,42640,talk,ETC,4609
11498240,8fd39bb8de623317de90654718638b10,유즈하 리코,Yuzuha Riko,CLICHE,섬가자 섬,2026-01-30 00:54:58,25022,talk,ETC,3895
11489117,8fd39bb8de623317de90654718638b10,유즈하 리코,Yuzuha Riko,CLICHE,공ㅇㅇㅇㅇㅇㅇㅇ지 짧음,2026-01-29 16:30:23,1578,talk,ETC,3296
11465640,8fd39bb8de623317de90654718638b10,유즈하 리코,Yuzuha Riko,CLICHE,이용약관에 동의하는 게임,2026-01-28 01:27:49,29907,talk,ETC,4745
11423705,8fd39bb8de623317de90654718638b10,유즈하 리코,Yuzuha Riko,CLICHE,잠을 이길수 없던 리코는 밤을 달리기 시작하였다. [커버곡 최초공개],2026-01-25 15:24:18,2394,talk,ETC,1811
11415279,8fd39bb8de623317de90654718638b10,유즈하 리코,Yuzuha Riko,CLICHE,클리셰 오버쿡2 합방!!,2026-01-25 00:32:49,26801,talk,ETC,3022
11384049,8fd39bb8de623317de90654718638b10,유즈하 리코,Yuzuha Riko,CLICHE,솔직히 이세상에 지금 아직 퍼트리지 않았을 뿐이지 좀비 세상 만들고싶어하는 미치광이는 진짜로 이걸 현실화 시키고 싶어서 존버중이다. 진짜 조심해야한다,2026-01-23 02:20:23,28807,talk,ETC,5005
11363235,8fd39bb8de623317de90654718638b10,유즈하 리코,Yuzuha Riko,CLICHE,너무 충격을 많이 먹었어요 와우아ㅗ아우우.. ,2026-01-22 00:10:31,6104,talk,ETC,2143
11340447,8fd39bb8de623317de90654718638b10,유즈하 리코,Yuzuha Riko,CLICHE,페이트 1도 모르는데 볼까말까볼까말까볼까말까 보다가 질문하면 말해줄거에요? 근데 그러면 스포라 밴당해요 그런다고 안알려줄거에요? 내가 물어보는데도 안알려줄거에요? 왜요?,2026-01-20 19:17:19,2636,talk,ETC,1978
11317838,8fd39bb8de623317de90654718638b10,유즈하 리코,Yuzuha Riko,CLICHE,하드코어 내기빵 7지구 안에 깨기,2026-01-19 03:15:35,32693,talk,ETC,6563
11297919,8fd39bb8de623317de90654718638b10,유즈하 리코,Yuzuha Riko,CLICHE,린과 함께 방탈출 데이트,2026-01-18 01:10:06,25287,talk,ETC,3104
11274790,8fd39bb8de623317de90654718638b10,유즈하 리코,Yuzuha Riko,CLICHE,지금 안보면 후회해요,2026-01-16 20:40:48,6002,talk,ETC,3633
11214788,8fd39bb8de623317de90654718638b10,유즈하 리코,Yuzuha Riko,CLICHE,유니선배 3주년 컨텐츠!!!,2026-01-13 02:23:56,32494,talk,ETC,4722
11197166,8fd39bb8de623317de90654718638b10,유즈하 리코,Yuzuha Riko,CLICHE,5시 스텔 [빡통즈] (?) 방탈출 합방,2026-01-12 01:16:12,32565,방 탈출 시뮬레이터2,GAME,4005
11179641,8fd39bb8de623317de90654718638b10,유즈하 리코,Yuzuha Riko,CLICHE,부키 린 하고 섬데이뚜~!!!! 용사 용사 용사 용사 용사니까!!!!!!!!!!!!!!!!!!!!!,2026-01-11 01:24:23,13469,talk,ETC,2595
11164347,8fd39bb8de623317de90654718638b10,유즈하 리코,Yuzuha Riko,CLICHE,[광고] 양아지님과 첫 만남..💚,2026-01-10 03:07:40,28281,젠레스 존 제로,GAME,5863
11146215,8fd39bb8de623317de90654718638b10,유즈하 리코,Yuzuha Riko,CLICHE,600일이야!! 오래가💚,2026-01-09 01:45:34,30552,talk,ETC,4886
11130624,8fd39bb8de623317de90654718638b10,유즈하 리코,Yuzuha Riko,CLICHE,[광고] 역대급 에이전트컵!!! 젠레스 존 제로!!! 😎💚,2026-01-08 02:59:06,34234,젠레스 존 제로,GAME,3581
11111762,8fd39bb8de623317de90654718638b10,유즈하 리코,Yuzuha Riko,CLICHE,드디어 리코등ㄷㅇ드ㅜ두둥둥등쟝,2026-01-07 01:10:08,11944,talk,ETC,2901
11097106,8fd39bb8de623317de90654718638b10,유즈하 리코,Yuzuha Riko,CLICHE,"휴방날 방송키기 2번째, 이쯤되면 방송중독? (w. 린 나나)",2026-01-06 02:23:02,13523,talk,ETC,2766
11082018,8fd39bb8de623317de90654718638b10,유즈하 리코,Yuzuha Riko,CLICHE,마이 윈터 카..,2026-01-05 03:11:55,39704,마이 윈터 카,GAME,5244
11059583,8fd39bb8de623317de90654718638b10,유즈하 리코,Yuzuha Riko,CLICHE,[광고] 클리셰와 함께!!! 💚 더 게임 오브 라이프 포 닌텐도 스위치,2026-01-03 23:23:22,15563,더 게임 오브 라이프 포 닌텐도 스위치,GAME,3898
11027614,8fd39bb8de623317de90654718638b10,유즈하 리코,Yuzuha Riko,CLICHE,휴방이라 했지만 새해 배그는 못참지,2026-01-02 00:29:13,29307,PUBG: 배틀그라운드,GAME,3719
11011006,8fd39bb8de623317de90654718638b10,유즈하 리코,Yuzuha Riko,CLICHE,새해복 많이받아요!! [같이 스텔라이브 시상식!],2026-01-01 02:07:12,31872,talk,ETC,8901
10960378,8fd39bb8de623317de90654718638b10,유즈하 리코,Yuzuha Riko,CLICHE,"멋사 RPG: [고아온]우리의 마지막 여정, 그리고 마지막 전투.. 마치 막보를 잡는것처럼 ⚔️",2025-12-29 00:55:06,29875,talk,ETC,4762
10948328,8fd39bb8de623317de90654718638b10,유즈하 리코,Yuzuha Riko,CLICHE,멋사 RPG: 알고보니 지능캐 용사⚔️,2025-12-28 06:29:34,53158,마인크래프트,GAME,4555
10929825,8fd39bb8de623317de90654718638b10,유즈하 리코,Yuzuha Riko,CLICHE,멋사 RPG: 강해지고 굳건해져라🎄💚,2025-12-27 03:34:11,37271,마인크래프트,GAME,4653
10914359,8fd39bb8de623317de90654718638b10,유즈하 리코,Yuzuha Riko,CLICHE,메리꾸리수마수우!!!🎄💚,2025-12-26 03:54:09,41117,마인크래프트,GAME,7619
10895741,8fd39bb8de623317de90654718638b10,유즈하 리코,Yuzuha Riko,CLICHE,[멋사 서버] ⚔️요리히든 이게 뭘까🍀,2025-12-25 05:07:29,50132,마인크래프트,GAME,9816
10878201,8fd39bb8de623317de90654718638b10,유즈하 리코,Yuzuha Riko,CLICHE,[멋사 서버] ⚔️고아온이 히든 먹었으면 좋겠🍀,2025-12-24 05:30:15,57154,마인크래프트,GAME,4258
10859030,8fd39bb8de623317de90654718638b10,유즈하 리코,Yuzuha Riko,CLICHE,[멋사 서버] ⚔️링크스따또!!!!!!🍀아인클라드 1층 <시작의 마을>,2025-12-23 01:29:40,39131,talk,ETC,4490
10841351,8fd39bb8de623317de90654718638b10,유즈하 리코,Yuzuha Riko,CLICHE,스텔라이브 콘서트 후기!!,2025-12-21 23:58:50,20915,talk,ETC,5041
10774157,8fd39bb8de623317de90654718638b10,유즈하 리코,Yuzuha Riko,CLICHE,스텔 최강 원딜이 되어볼게요..[스텔라이브 롤 내전],2025-12-17 23:21:40,26069,talk,ETC,6401
10757399,8fd39bb8de623317de90654718638b10,유즈하 리코,Yuzuha Riko,CLICHE,리듬고수 정리코 ,2025-12-16 22:53:58,22382,비츠 앤 밥스,GAME,2794
10731603,8fd39bb8de623317de90654718638b10,유즈하 리코,Yuzuha Riko,CLICHE,[용사님의 듀엣모험]⚔️🍀 네네코 마시로 편,2025-12-15 02:07:51,21821,음악/노래,ETC,7987
10709784,8fd39bb8de623317de90654718638b10,유즈하 리코,Yuzuha Riko,CLICHE,리코 졸려요 졸려서 디맥할게요,2025-12-13 22:48:57,6255,talk,ETC,2554
10696131,8fd39bb8de623317de90654718638b10,유즈하 리코,Yuzuha Riko,CLICHE,내전을 위해 한걸음 더 나아가겠습니다!!!! 오늘은 행복한양배추 아니고 미친개정리코 ㄷㄱㅈ  [훈수 금지],2025-12-13 01:20:44,31247,talk,ETC,3657
10660474,8fd39bb8de623317de90654718638b10,유즈하 리코,Yuzuha Riko,CLICHE,따뜻하게 봐주시면 감사하겠숩니다람쥐썬더 [훈수금지],2025-12-10 22:56:24,24674,talk,ETC,4407
10632181,8fd39bb8de623317de90654718638b10,유즈하 리코,Yuzuha Riko,CLICHE,백룸에서 청소하는 게임 [타비 부키 린],2025-12-09 00:40:17,26435,talk,ETC,3267
10600724,8fd39bb8de623317de90654718638b10,유즈하 리코,Yuzuha Riko,CLICHE,오랜만에 치코랑 내기 KDA 3이상 [지면 산타...,2025-12-07 00:40:21,18711,리그 오브 레전드,GAME,2931
10570379,8fd39bb8de623317de90654718638b10,유즈하 리코,Yuzuha Riko,CLICHE,"이 섬에 세번씩이나 떨어지다니 [린, 후야]",2025-12-05 02:06:33,32938,이터널 리턴,GAME,4624
10522350,8fd39bb8de623317de90654718638b10,유즈하 리코,Yuzuha Riko,CLICHE,"하하 오늘도 3인큐 하러 왔어요
[리코는 뉴비]",2025-12-02 01:37:53,26394,이터널 리턴,GAME,3614
10505395,8fd39bb8de623317de90654718638b10,유즈하 리코,Yuzuha Riko,CLICHE,달달구리 찌질한 양배추 와 용과 메이드의 섬마을 탐험,2025-12-01 00:22:37,24290,이터널 리턴,GAME,4429
10488653,8fd39bb8de623317de90654718638b10,유즈하 리코,Yuzuha Riko,CLICHE,내일을 위한 섬,2025-11-30 00:50:38,27656,이터널 리턴,GAME,4279
10458759,8fd39bb8de623317de90654718638b10,유즈하 리코,Yuzuha Riko,CLICHE,"아 반말 듣고싶다 (w. 린, 후야)",2025-11-28 03:00:33,28722,리그 오브 레전드,GAME,5575
10440895,8fd39bb8de623317de90654718638b10,유즈하 리코,Yuzuha Riko,CLICHE,"4부) 리코 어제 펜타킬 했는데, 오늘은 바라지도 않지만.. 그래도...",2025-11-27 01:30:41,29551,마녀의 집 MV,GAME,3763
10424354,8fd39bb8de623317de90654718638b10,유즈하 리코,Yuzuha Riko,CLICHE,오늘 완젼 행복한 양배추!!!!,2025-11-26 01:07:13,27097,종합 게임,GAME,3949
10391547,8fd39bb8de623317de90654718638b10,유즈하 리코,Yuzuha Riko,CLICHE,딱 한번만 볼게,2025-11-23 23:45:45,16632,talk,ETC,3125
10379780,8fd39bb8de623317de90654718638b10,유즈하 리코,Yuzuha Riko,CLICHE,롤 배운대로 자습하기 2일차 (따뜻하게 봐주세용),2025-11-23 04:02:58,39446,마이 리틀 퍼피,GAME,4107
10343249,8fd39bb8de623317de90654718638b10,유즈하 리코,Yuzuha Riko,CLICHE,"롤 레벨업푸 해볼건데요, 귀엽게 봐주세용",2025-11-21 01:14:00,31782,리그 오브 레전드,GAME,3835
10278909,8fd39bb8de623317de90654718638b10,유즈하 리코,Yuzuha Riko,CLICHE,트롤 해보룠다,2025-11-17 01:13:20,34655,미메시스,GAME,7123
10253018,8fd39bb8de623317de90654718638b10,유즈하 리코,Yuzuha Riko,CLICHE,이야기하는게 너무 재밌어서 공겜 못햌ㅆ어,2025-11-15 17:06:51,9504,talk,ETC,2759
10225693,8fd39bb8de623317de90654718638b10,유즈하 리코,Yuzuha Riko,CLICHE,테스트 방송이얏 진짜 짧아요 (마이크 안댐),2025-11-13 23:35:17,2742,talk,ETC,2026
10203602,8fd39bb8de623317de90654718638b10,유즈하 리코,Yuzuha Riko,CLICHE,폐지 못주워서 열받아서 리듬게임으로 도망쳤어요,2025-11-12 18:03:03,5894,디제이맥스 리스펙트 V,GAME,2970
10202392,8fd39bb8de623317de90654718638b10,유즈하 리코,Yuzuha Riko,CLICHE,리코 폐지 주워볼게?,2025-11-12 16:08:11,3266,아크 레이더스,GAME,2567
10160223,8fd39bb8de623317de90654718638b10,유즈하 리코,Yuzuha Riko,CLICHE,T1 vs KT 응원중 (롤린이라 모르는데 보는중) 끝나고 선물 공개하께요,2025-11-09 21:30:27,5902,talk,ETC,3232
10150012,8fd39bb8de623317de90654718638b10,유즈하 리코,Yuzuha Riko,CLICHE,"하늘에 날린 아들의 날린! 쉿, 아들의 숲 (w. 강지, 유니, 시부키)",2025-11-09 02:40:53,36592,선즈 오브 더 포레스트,GAME,4245
10111886,8fd39bb8de623317de90654718638b10,유즈하 리코,Yuzuha Riko,CLICHE,[광고] 젠레스 존 제로 후야님께 먹이기!!!,2025-11-06 23:38:45,19850,젠레스 존 제로,GAME,3251
10099396,8fd39bb8de623317de90654718638b10,유즈하 리코,Yuzuha Riko,CLICHE,디맥하고싶어서 킨사람,2025-11-06 01:51:45,3831,디제이맥스 리스펙트 V,GAME,3432
10080649,8fd39bb8de623317de90654718638b10,유즈하 리코,Yuzuha Riko,CLICHE,리코님 방종 미루기 권법: 제가 한번 미뤄보겠습니다,2025-11-05 00:24:50,26141,스타듀 밸리,GAME,4957
10062771,8fd39bb8de623317de90654718638b10,유즈하 리코,Yuzuha Riko,CLICHE,오늘은 저작권 포기합니다,2025-11-03 23:00:48,17392,디제이맥스 리스펙트 V,GAME,4470
10013599,8fd39bb8de623317de90654718638b10,유즈하 리코,Yuzuha Riko,CLICHE,할로윈 후열 데바데! 🎃🕸,2025-10-31 23:46:55,600,talk,ETC,1873
10013256,8fd39bb8de623317de90654718638b10,유즈하 리코,Yuzuha Riko,CLICHE,할로윈 후열 데바데! 🎃🕸,2025-10-31 23:38:57,25458,데드 바이 데이라이트,GAME,3200
9965202,8fd39bb8de623317de90654718638b10,유즈하 리코,Yuzuha Riko,CLICHE,환절기에는 청소가 제일 중요해요,2025-10-28 23:40:21,23586,talk,ETC,3018
9936847,8fd39bb8de623317de90654718638b10,유즈하 리코,Yuzuha Riko,CLICHE,'욘사 인테리어 건설'에 오신것을 환영합니다💚,2025-10-27 00:58:34,15756,talk,ETC,3088
9930939,8fd39bb8de623317de90654718638b10,유즈하 리코,Yuzuha Riko,CLICHE,[⚔용사님의 듀엣모험🍀] - 하나코 나나편,2025-10-26 20:30:59,5363,음악/노래,ETC,7518
9911758,8fd39bb8de623317de90654718638b10,유즈하 리코,Yuzuha Riko,CLICHE,6시 [숙명] 공개 전까지 덕코프,2025-10-25 18:22:24,8363,talk,ETC,2112
9895982,8fd39bb8de623317de90654718638b10,유즈하 리코,Yuzuha Riko,CLICHE,방구석 콘서트,2025-10-24 21:06:40,10789,음악/노래,ETC,4415
9884680,8fd39bb8de623317de90654718638b10,유즈하 리코,Yuzuha Riko,CLICHE,덕코프 극한 해 봄 ,2025-10-24 00:39:00,30482,이스케이프 프롬 덕코프,GAME,1783
9852300,8fd39bb8de623317de90654718638b10,유즈하 리코,Yuzuha Riko,CLICHE,총잡이 용사는 오늘은 오리훈제구이가 먹고싶다,2025-10-22 00:16:54,25612,이스케이프 프롬 덕코프,GAME,2705
9823749,8fd39bb8de623317de90654718638b10,유즈하 리코,Yuzuha Riko,CLICHE,악령한테 트월킹추면서 기도하기,2025-10-20 01:17:05,31160,졸트,GAME,4981
9805014,8fd39bb8de623317de90654718638b10,유즈하 리코,Yuzuha Riko,CLICHE,"뿌켓몬 하면서 저녁메뉴 생각하고싶은데, 근데 못생긴애들은 안잡을게요",2025-10-19 00:45:40,31018,talk,ETC,2416
9767948,8fd39bb8de623317de90654718638b10,유즈하 리코,Yuzuha Riko,CLICHE,포켓몬 ZA 출시!!!했다눈데 용사는 뉴비인건에 대하여,2025-10-16 22:26:59,21004,포켓몬 레전드 Z-A,GAME,3759
9756822,8fd39bb8de623317de90654718638b10,유즈하 리코,Yuzuha Riko,CLICHE,본업 하러 왔습니다. 사장손님 인테리어 작업 합니다.,2025-10-16 01:34:42,29987,talk,ETC,3809
9726288,8fd39bb8de623317de90654718638b10,유즈하 리코,Yuzuha Riko,CLICHE,오늘도 만드는 아인크라드 [시련의 탑],2025-10-14 02:00:15,31372,마인크래프트,GAME,4157
9712024,8fd39bb8de623317de90654718638b10,유즈하 리코,Yuzuha Riko,CLICHE,하늘섬 만들기 [이름: 아인크라드 - 시련의 탑],2025-10-13 02:32:46,36338,마인크래프트,GAME,6190
9689869,8fd39bb8de623317de90654718638b10,유즈하 리코,Yuzuha Riko,CLICHE,산삼 찾아 삼만리,2025-10-11 23:07:38,7030,talk,ETC,3961
9659517,8fd39bb8de623317de90654718638b10,유즈하 리코,Yuzuha Riko,CLICHE,치코도 만나고 스텔라도 만나고 다 만날거에요,2025-10-10 01:38:39,16986,talk,ETC,10077
9643300,8fd39bb8de623317de90654718638b10,유즈하 리코,Yuzuha Riko,CLICHE,리코는 벌써 크리스마스야,2025-10-09 02:44:44,24579,talk,ETC,4863
9623872,8fd39bb8de623317de90654718638b10,유즈하 리코,Yuzuha Riko,CLICHE,죽음의 게임에서 힐링으로 도망칠거야,2025-10-08 00:06:11,19918,talk,ETC,4794
9611235,8fd39bb8de623317de90654718638b10,유즈하 리코,Yuzuha Riko,CLICHE,"리코는 돈벌고싶어 (기운이 없는거 아니에요, 졸린거에여)",2025-10-07 01:28:23,8547,마인크래프트,GAME,3398
9608522,8fd39bb8de623317de90654718638b10,유즈하 리코,Yuzuha Riko,CLICHE,리코는 돈벌고싶어,2025-10-06 23:01:07,1262,talk,ETC,1577
9596556,8fd39bb8de623317de90654718638b10,유즈하 리코,Yuzuha Riko,CLICHE,7시 데바데 합방 대기조,2025-10-05 23:45:29,20246,데드 바이 데이라이트,GAME,2200
9585508,8fd39bb8de623317de90654718638b10,유즈하 리코,Yuzuha Riko,CLICHE,던전같은 집 만들어보쟈!⚔,2025-10-05 02:47:19,34670,마인크래프트,GAME,3851
9572184,8fd39bb8de623317de90654718638b10,유즈하 리코,Yuzuha Riko,CLICHE,항아리 아저씨 올라가볼까 [켠왕],2025-10-04 07:16:05,50773,talk,ETC,7758
9512860,8fd39bb8de623317de90654718638b10,유즈하 리코,Yuzuha Riko,CLICHE,리코랑 놀쟈,2025-09-30 20:19:01,10886,talk,ETC,3584
9506841,8fd39bb8de623317de90654718638b10,유즈하 리코,Yuzuha Riko,CLICHE,도박도박도박도박,2025-09-30 03:42:41,23379,talk,ETC,5649
9491615,8fd39bb8de623317de90654718638b10,유즈하 리코,Yuzuha Riko,CLICHE,오랜만 오랜만ㅇ!! 오랜만인데!! 지각했다 잠깐만!!!,2025-09-29 02:46:54,5570,talk,ETC,4982
9376632,8fd39bb8de623317de90654718638b10,유즈하 리코,Yuzuha Riko,CLICHE,리코는 사람이야,2025-09-21 23:32:02,26688,종합 게임,GAME,6425
9353773,8fd39bb8de623317de90654718638b10,유즈하 리코,Yuzuha Riko,CLICHE,모닝 욘사!! 좋은아침이에요. 지금이 아침이냐구요? 네 아침이에요,2025-09-20 17:52:42,8336,talk,ETC,3375
9344559,8fd39bb8de623317de90654718638b10,유즈하 리코,Yuzuha Riko,CLICHE,옆집에소음이너무시끄러워서민원을넣으려다가자세히들어보니빅뱅노래를부르고있었고그는여자였는데여고생에18살이였다,2025-09-20 01:10:56,5680,talk,ETC,4034
9291223,8fd39bb8de623317de90654718638b10,유즈하 리코,Yuzuha Riko,CLICHE,용사님은 아프고 싶지 않아서 방어력 만렙을 찍어보려고 노력해봤다,2025-09-16 21:08:19,11323,talk,ETC,6553
9224684,8fd39bb8de623317de90654718638b10,유즈하 리코,Yuzuha Riko,CLICHE,오늘 꿈에 유느님 나왔는데 운이 좋겠지?,2025-09-12 19:23:46,8376,talk,ETC,3132
9217898,8fd39bb8de623317de90654718638b10,유즈하 리코,Yuzuha Riko,CLICHE,너무너무 보고싶어서 참을 수가 없었다.,2025-09-12 02:46:59,10204,talk,ETC,3457
9166696,8fd39bb8de623317de90654718638b10,유즈하 리코,Yuzuha Riko,CLICHE,피파 온라인 먹어보았다,2025-09-08 23:58:20,26448,FC온라인,GAME,4419
9145364,8fd39bb8de623317de90654718638b10,유즈하 리코,Yuzuha Riko,CLICHE,무면허 드라이브 (w. 강지 히나 시부키 린),2025-09-07 18:01:39,21569,talk,ETC,4250
9017820,8fd39bb8de623317de90654718638b10,유즈하 리코,Yuzuha Riko,CLICHE,7시!! 스텔코마치 POP IN 2 공개 (유즈하 리코 x 아야츠노 유니 X 아카네 리제),2025-08-30 21:50:21,11263,talk,ETC,4922
8902686,8fd39bb8de623317de90654718638b10,유즈하 리코,Yuzuha Riko,CLICHE,리코 나무위키 읽기,2025-08-23 20:31:53,15516,talk,ETC,5502
8841103,8fd39bb8de623317de90654718638b10,유즈하 리코,Yuzuha Riko,CLICHE,wasd 합방 [강지 이춘향 나나 리코],2025-08-20 00:29:23,30144,talk,ETC,5211
8808830,8fd39bb8de623317de90654718638b10,유즈하 리코,Yuzuha Riko,CLICHE,스텔라이브 최약체는 누구인가..!!,2025-08-17 23:50:25,28229,마리오 카트 월드,GAME,4097
8776886,8fd39bb8de623317de90654718638b10,유즈하 리코,Yuzuha Riko,CLICHE,언더테일 해피엔딩을 보았다,2025-08-16 01:34:24,34448,언더테일,GAME,6308
8755723,8fd39bb8de623317de90654718638b10,유즈하 리코,Yuzuha Riko,CLICHE,[광고] 마비노기 pc버전 처음해봐요!!,2025-08-14 23:23:19,26402,talk,ETC,2922
8651808,8fd39bb8de623317de90654718638b10,유즈하 리코,Yuzuha Riko,CLICHE,리코왔어요옹,2025-08-08 20:14:54,6776,talk,ETC,4339
8625128,8fd39bb8de623317de90654718638b10,유즈하 리코,Yuzuha Riko,CLICHE,리듬게임(은 아니지만) 고수의 언더테일,2025-08-07 01:18:58,22414,언더테일,GAME,6956
8607272,8fd39bb8de623317de90654718638b10,유즈하 리코,Yuzuha Riko,CLICHE,드디어 올라온 [리코 커버곡 8시 공개],2025-08-06 00:34:02,12794,음악/노래,ETC,4566
8601830,8fd39bb8de623317de90654718638b10,유즈하 리코,Yuzuha Riko,CLICHE,드디어 올라온 [리코 커버곡 8시 공개],2025-08-05 20:58:55,4289,talk,ETC,2697
8589371,8fd39bb8de623317de90654718638b10,유즈하 리코,Yuzuha Riko,CLICHE,용사파티시엘 리코: 여자력 올라간 리코 아마도,2025-08-04 23:50:17,6245,talk,ETC,3921
8558540,8fd39bb8de623317de90654718638b10,유즈하 리코,Yuzuha Riko,CLICHE,너무 귀여운 죄로 감옥에 갇혔어요,2025-08-03 01:09:29,21889,talk,ETC,3306
8526796,8fd39bb8de623317de90654718638b10,유즈하 리코,Yuzuha Riko,CLICHE,8월 1일 새벽 살짝 노래,2025-08-01 02:37:33,16524,음악/노래,ETC,6383
8486052,8fd39bb8de623317de90654718638b10,유즈하 리코,Yuzuha Riko,CLICHE,사장님이랑 배그 데이투였는데 부키에 김블루님,2025-07-29 21:45:02,20044,PUBG: 배틀그라운드,GAME,5344
8469055,8fd39bb8de623317de90654718638b10,유즈하 리코,Yuzuha Riko,CLICHE,배가 아야해용,2025-07-28 20:42:02,11181,talk,ETC,2652
8441985,8fd39bb8de623317de90654718638b10,유즈하 리코,Yuzuha Riko,CLICHE,카트가 다 부셔졌어요,2025-07-27 01:15:53,29295,talk,ETC,3288
8425298,8fd39bb8de623317de90654718638b10,유즈하 리코,Yuzuha Riko,CLICHE,1부 공포게임/ 2부 용사 귀신을 무찌르고 동료와 함께 표류하다,2025-07-26 01:36:21,29313,래프트,GAME,8517
8416484,8fd39bb8de623317de90654718638b10,유즈하 리코,Yuzuha Riko,CLICHE,용사는 귀신이 무섭지 않아,2025-07-25 17:15:51,3674,후즈 앳 더 도어,GAME,2673
8393105,8fd39bb8de623317de90654718638b10,유즈하 리코,Yuzuha Riko,CLICHE,레바님과 함께 젠레스 존 제로 그리기,2025-07-24 02:15:52,25707,젠레스 존 제로,GAME,4533
8372152,8fd39bb8de623317de90654718638b10,유즈하 리코,Yuzuha Riko,CLICHE,유즈하 리코가 유즈하 뽑기,2025-07-22 23:31:44,23168,젠레스 존 제로,GAME,4218
8340701,8fd39bb8de623317de90654718638b10,유즈하 리코,Yuzuha Riko,CLICHE,데미안좀 부술게,2025-07-20 23:38:15,24849,메이플스토리,GAME,4479
8325153,8fd39bb8de623317de90654718638b10,유즈하 리코,Yuzuha Riko,CLICHE,8시 부키랑 배그 데이트 | 이번엔 통나무 안시켜보께 근데 일단 배그 업뎃 뭐했나 보께,2025-07-20 00:58:28,19591,PUBG: 배틀그라운드,GAME,2732
8318732,8fd39bb8de623317de90654718638b10,유즈하 리코,Yuzuha Riko,CLICHE,⚔🍀 [용사님의 듀엣 모험] 3번째 게스트!! 텐코 시부키,2025-07-19 19:26:10,4982,음악/노래,ETC,10437
8309597,8fd39bb8de623317de90654718638b10,유즈하 리코,Yuzuha Riko,CLICHE,2편 - 메이플 먹어보기 (과한 훈수 X)🍀 ,2025-07-19 02:33:19,28604,메이플스토리,GAME,4520
8299796,8fd39bb8de623317de90654718638b10,유즈하 리코,Yuzuha Riko,CLICHE,1편 - 메이플 먹어보기 (과한 훈수 X)🍀 ,2025-07-18 18:27:59,8815,메이플스토리,GAME,3053
8267406,8fd39bb8de623317de90654718638b10,유즈하 리코,Yuzuha Riko,CLICHE,"비가 와서 그릉가, 리코방송 보고싶네🍀 ",2025-07-16 20:53:50,8191,talk,ETC,2617
8254687,8fd39bb8de623317de90654718638b10,유즈하 리코,Yuzuha Riko,CLICHE,클리셰 모드로 용사 키우기!!!🍀 ,2025-07-15 23:49:00,27509,슬레이 더 스파이어,GAME,3601
8224311,8fd39bb8de623317de90654718638b10,유즈하 리코,Yuzuha Riko,CLICHE,온리업 다 깼다!!! | 리코랑 치코랑 박물관 데이트🍀 ,2025-07-13 23:46:53,23831,talk,ETC,3557
8190729,8fd39bb8de623317de90654718638b10,유즈하 리코,Yuzuha Riko,CLICHE,숙제 안하고 가출하는 게임 | 온리업 도전🍀 ,2025-07-12 00:27:11,27437,talk,ETC,3870
8174154,8fd39bb8de623317de90654718638b10,유즈하 리코,Yuzuha Riko,CLICHE,산 정상 찍는 등산게임 🍀 ,2025-07-11 00:05:57,27618,피크,GAME,3920
8139021,8fd39bb8de623317de90654718638b10,유즈하 리코,Yuzuha Riko,CLICHE,부키랑 데이트썰 🍀,2025-07-08 22:24:45,21598,talk,ETC,4572
8112737,8fd39bb8de623317de90654718638b10,유즈하 리코,Yuzuha Riko,CLICHE,휴방기간 동안 썰풀기 [메이플 썰 | 히나선배와  사장님과의 데이트] 😆🍀,2025-07-07 01:12:47,14352,talk,ETC,7122
8106669,8fd39bb8de623317de90654718638b10,유즈하 리코,Yuzuha Riko,CLICHE,유즈하 리코의 클리셰 신의상 마지막 차례!!,2025-07-06 21:01:30,3629,talk,ETC,8997
7997697,8fd39bb8de623317de90654718638b10,유즈하 리코,Yuzuha Riko,CLICHE,과자 월드컵 | 리듬닥터,2025-06-30 01:43:54,25849,talk,ETC,5092
7975143,8fd39bb8de623317de90654718638b10,유즈하 리코,Yuzuha Riko,CLICHE,귤복복 뽑을거에요,2025-06-28 21:36:03,16062,talk,ETC,2666
7949268,8fd39bb8de623317de90654718638b10,유즈하 리코,Yuzuha Riko,CLICHE,쌀멋 마지막 컨텐츠 다 즐기기 켠왕 (2),2025-06-27 02:32:56,20411,talk,ETC,5910
7941563,8fd39bb8de623317de90654718638b10,유즈하 리코,Yuzuha Riko,CLICHE,쌀멋 마지막 컨텐츠 다 즐기기 켠왕,2025-06-26 20:53:45,13974,마인크래프트,GAME,1230
