collected_at,chzzk_id,name_ko,name_en,unit,role,followers,status,is_live,concurrent_users,accumulate_count,live_title,category,tags,last_concurrent_users
2026-08-12T05:55:39.176Z,b5ed5db484d04faf4d150aedd362f34b,강지,Kangji,STELLIVE,founder,287147,CLOSE,False,,,,,,1665
2026-08-12T05:55:39.176Z,45e71a76e949e16a34764deb962f9d9f,아야츠노 유니,Ayatsuno Yuni,EVERYS,member,301920,CLOSE,False,,,,,,2580
2026-08-12T05:55:39.176Z,a6c4ddb09cdb160478996007bff35296,아라하시 타비,Arahashi Tabi,UNIVERSE,member,255326,CLOSE,False,,,,,,3477
2026-08-12T05:55:39.176Z,4325b1d5bbc321fad3042306646e2e50,아카네 리제,Akane Lize,UNIVERSE,member,252902,CLOSE,False,,,,,,2497
2026-08-12T05:55:39.176Z,64d76089fba26b180d9c9e48a32600d9,텐코 시부키,Tenko Shibuki,CLICHE,member,241117,CLOSE,False,,,,,,3795
2026-08-12T05:55:39.176Z,b044e3a3b9259246bc92e863e7d3f3b8,시라유키 히나,Shirayuki Hina,UNIVERSE,member,236848,CLOSE,False,,,,,,2448
2026-08-12T05:55:39.176Z,516937b5f85cbf2249ce31b0ad046b0f,아오쿠모 린,Aokumo Rin,CLICHE,member,219100,CLOSE,False,,,,,,2823
2026-08-12T05:55:39.176Z,4515b179f86b67b4981e16190817c580,네네코 마시로,Neneko Mashiro,UNIVERSE,member,209819,CLOSE,False,,,,,,2871
2026-08-12T05:55:39.176Z,8fd39bb8de623317de90654718638b10,유즈하 리코,Yuzuha Riko,CLICHE,member,209335,CLOSE,False,,,,,,2307
2026-08-12T05:55:39.176Z,4d812b586ff63f8a2946e64fa860bbf5,하나코 나나,Hanako Nana,CLICHE,member,207426,CLOSE,False,,,,,,2478
2026-08-12T06:02:55.336Z,b5ed5db484d04faf4d150aedd362f34b,강지,Kangji,STELLIVE,founder,287148,CLOSE,False,,,,,,1665
2026-08-12T06:02:55.336Z,45e71a76e949e16a34764deb962f9d9f,아야츠노 유니,Ayatsuno Yuni,EVERYS,talent,301920,CLOSE,False,,,,,,2580
2026-08-12T06:02:55.336Z,36ddb9bb4f17593b60f1b63cec86611d,사키하네 후야,Sakihane Huya,EVERYS,talent,156741,CLOSE,False,,,,,,2095
2026-08-12T06:02:55.336Z,b044e3a3b9259246bc92e863e7d3f3b8,시라유키 히나,Shirayuki Hina,UNIVERSE,talent,236849,CLOSE,False,,,,,,2448
2026-08-12T06:02:55.336Z,4515b179f86b67b4981e16190817c580,네네코 마시로,Neneko Mashiro,UNIVERSE,talent,209820,CLOSE,False,,,,,,2871
2026-08-12T06:02:55.336Z,4325b1d5bbc321fad3042306646e2e50,아카네 리제,Akane Lize,UNIVERSE,talent,252902,CLOSE,False,,,,,,2497
2026-08-12T06:02:55.336Z,a6c4ddb09cdb160478996007bff35296,아라하시 타비,Arahashi Tabi,UNIVERSE,talent,255326,CLOSE,False,,,,,,3477
2026-08-12T06:02:55.336Z,64d76089fba26b180d9c9e48a32600d9,텐코 시부키,Tenko Shibuki,CLICHE,talent,241118,CLOSE,False,,,,,,3795
2026-08-12T06:02:55.336Z,516937b5f85cbf2249ce31b0ad046b0f,아오쿠모 린,Aokumo Rin,CLICHE,talent,219100,CLOSE,False,,,,,,2823
2026-08-12T06:02:55.336Z,4d812b586ff63f8a2946e64fa860bbf5,하나코 나나,Hanako Nana,CLICHE,talent,207427,CLOSE,False,,,,,,2478
2026-08-12T06:02:55.336Z,8fd39bb8de623317de90654718638b10,유즈하 리코,Yuzuha Riko,CLICHE,talent,209335,CLOSE,False,,,,,,2307
2026-08-12T06:07:10.540581+00:00,b5ed5db484d04faf4d150aedd362f34b,강지,Kangji,STELLIVE,founder,287149,CLOSE,False,,,,,,1665
2026-08-12T06:07:10.540581+00:00,45e71a76e949e16a34764deb962f9d9f,아야츠노 유니,Ayatsuno Yuni,EVERYS,talent,301922,CLOSE,False,,,,,,2580
2026-08-12T06:07:10.540581+00:00,36ddb9bb4f17593b60f1b63cec86611d,사키하네 후야,Sakihane Huya,EVERYS,talent,156742,CLOSE,False,,,,,,2095
2026-08-12T06:07:10.540581+00:00,b044e3a3b9259246bc92e863e7d3f3b8,시라유키 히나,Shirayuki Hina,UNIVERSE,talent,236849,CLOSE,False,,,,,,2448
2026-08-12T06:07:10.540581+00:00,4515b179f86b67b4981e16190817c580,네네코 마시로,Neneko Mashiro,UNIVERSE,talent,209821,CLOSE,False,,,,,,2871
2026-08-12T06:07:10.540581+00:00,4325b1d5bbc321fad3042306646e2e50,아카네 리제,Akane Lize,UNIVERSE,talent,252904,CLOSE,False,,,,,,2497
2026-08-12T06:07:10.540581+00:00,a6c4ddb09cdb160478996007bff35296,아라하시 타비,Arahashi Tabi,UNIVERSE,talent,255329,CLOSE,False,,,,,,3477
2026-08-12T06:07:10.540581+00:00,64d76089fba26b180d9c9e48a32600d9,텐코 시부키,Tenko Shibuki,CLICHE,talent,241119,CLOSE,False,,,,,,3795
2026-08-12T06:07:10.540581+00:00,516937b5f85cbf2249ce31b0ad046b0f,아오쿠모 린,Aokumo Rin,CLICHE,talent,219101,CLOSE,False,,,,,,2823
2026-08-12T06:07:10.540581+00:00,4d812b586ff63f8a2946e64fa860bbf5,하나코 나나,Hanako Nana,CLICHE,talent,207428,CLOSE,False,,,,,,2478
2026-08-12T06:07:10.540581+00:00,8fd39bb8de623317de90654718638b10,유즈하 리코,Yuzuha Riko,CLICHE,talent,209336,CLOSE,False,,,,,,2307
2026-08-12T06:07:25.088976+00:00,b5ed5db484d04faf4d150aedd362f34b,강지,Kangji,STELLIVE,founder,287149,CLOSE,False,,,,,,1665
2026-08-12T06:07:25.088976+00:00,45e71a76e949e16a34764deb962f9d9f,아야츠노 유니,Ayatsuno Yuni,EVERYS,talent,301922,CLOSE,False,,,,,,2580
2026-08-12T06:07:25.088976+00:00,36ddb9bb4f17593b60f1b63cec86611d,사키하네 후야,Sakihane Huya,EVERYS,talent,156742,CLOSE,False,,,,,,2095
2026-08-12T06:07:25.088976+00:00,b044e3a3b9259246bc92e863e7d3f3b8,시라유키 히나,Shirayuki Hina,UNIVERSE,talent,236849,CLOSE,False,,,,,,2448
2026-08-12T06:07:25.088976+00:00,4515b179f86b67b4981e16190817c580,네네코 마시로,Neneko Mashiro,UNIVERSE,talent,209821,CLOSE,False,,,,,,2871
2026-08-12T06:07:25.088976+00:00,4325b1d5bbc321fad3042306646e2e50,아카네 리제,Akane Lize,UNIVERSE,talent,252904,CLOSE,False,,,,,,2497
2026-08-12T06:07:25.088976+00:00,a6c4ddb09cdb160478996007bff35296,아라하시 타비,Arahashi Tabi,UNIVERSE,talent,255329,CLOSE,False,,,,,,3477
2026-08-12T06:07:25.088976+00:00,64d76089fba26b180d9c9e48a32600d9,텐코 시부키,Tenko Shibuki,CLICHE,talent,241119,CLOSE,False,,,,,,3795
2026-08-12T06:07:25.088976+00:00,516937b5f85cbf2249ce31b0ad046b0f,아오쿠모 린,Aokumo Rin,CLICHE,talent,219101,CLOSE,False,,,,,,2823
2026-08-12T06:07:25.088976+00:00,4d812b586ff63f8a2946e64fa860bbf5,하나코 나나,Hanako Nana,CLICHE,talent,207428,CLOSE,False,,,,,,2478
2026-08-12T06:07:25.088976+00:00,8fd39bb8de623317de90654718638b10,유즈하 리코,Yuzuha Riko,CLICHE,talent,209336,CLOSE,False,,,,,,2307
2026-08-12T06:17:30.088101+00:00,b5ed5db484d04faf4d150aedd362f34b,강지,Kangji,STELLIVE,founder,287151,CLOSE,False,,,,,,1665
2026-08-12T06:17:30.088101+00:00,45e71a76e949e16a34764deb962f9d9f,아야츠노 유니,Ayatsuno Yuni,EVERYS,talent,301924,CLOSE,False,,,,,,2580
2026-08-12T06:17:30.088101+00:00,36ddb9bb4f17593b60f1b63cec86611d,사키하네 후야,Sakihane Huya,EVERYS,talent,156743,CLOSE,False,,,,,,2095
2026-08-12T06:17:30.088101+00:00,b044e3a3b9259246bc92e863e7d3f3b8,시라유키 히나,Shirayuki Hina,UNIVERSE,talent,236850,CLOSE,False,,,,,,2448
2026-08-12T06:17:30.088101+00:00,4515b179f86b67b4981e16190817c580,네네코 마시로,Neneko Mashiro,UNIVERSE,talent,209821,CLOSE,False,,,,,,2871
2026-08-12T06:17:30.088101+00:00,4325b1d5bbc321fad3042306646e2e50,아카네 리제,Akane Lize,UNIVERSE,talent,252905,CLOSE,False,,,,,,2497
2026-08-12T06:17:30.088101+00:00,a6c4ddb09cdb160478996007bff35296,아라하시 타비,Arahashi Tabi,UNIVERSE,talent,255330,CLOSE,False,,,,,,3477
2026-08-12T06:17:30.088101+00:00,64d76089fba26b180d9c9e48a32600d9,텐코 시부키,Tenko Shibuki,CLICHE,talent,241121,CLOSE,False,,,,,,3795
2026-08-12T06:17:30.088101+00:00,516937b5f85cbf2249ce31b0ad046b0f,아오쿠모 린,Aokumo Rin,CLICHE,talent,219102,CLOSE,False,,,,,,2823
2026-08-12T06:17:30.088101+00:00,4d812b586ff63f8a2946e64fa860bbf5,하나코 나나,Hanako Nana,CLICHE,talent,207430,CLOSE,False,,,,,,2478
2026-08-12T06:17:30.088101+00:00,8fd39bb8de623317de90654718638b10,유즈하 리코,Yuzuha Riko,CLICHE,talent,209338,CLOSE,False,,,,,,2307
2026-08-12T06:27:35.270302+00:00,b5ed5db484d04faf4d150aedd362f34b,강지,Kangji,STELLIVE,founder,287152,CLOSE,False,,,,,,1665
2026-08-12T06:27:35.270302+00:00,45e71a76e949e16a34764deb962f9d9f,아야츠노 유니,Ayatsuno Yuni,EVERYS,talent,301925,CLOSE,False,,,,,,2580
2026-08-12T06:27:35.270302+00:00,36ddb9bb4f17593b60f1b63cec86611d,사키하네 후야,Sakihane Huya,EVERYS,talent,156743,CLOSE,False,,,,,,2095
2026-08-12T06:27:35.270302+00:00,b044e3a3b9259246bc92e863e7d3f3b8,시라유키 히나,Shirayuki Hina,UNIVERSE,talent,236849,CLOSE,False,,,,,,2448
2026-08-12T06:27:35.270302+00:00,4515b179f86b67b4981e16190817c580,네네코 마시로,Neneko Mashiro,UNIVERSE,talent,209822,CLOSE,False,,,,,,2871
2026-08-12T06:27:35.270302+00:00,4325b1d5bbc321fad3042306646e2e50,아카네 리제,Akane Lize,UNIVERSE,talent,252904,CLOSE,False,,,,,,2497
2026-08-12T06:27:35.270302+00:00,a6c4ddb09cdb160478996007bff35296,아라하시 타비,Arahashi Tabi,UNIVERSE,talent,255331,CLOSE,False,,,,,,3477
2026-08-12T06:27:35.270302+00:00,64d76089fba26b180d9c9e48a32600d9,텐코 시부키,Tenko Shibuki,CLICHE,talent,241122,CLOSE,False,,,,,,3795
2026-08-12T06:27:35.270302+00:00,516937b5f85cbf2249ce31b0ad046b0f,아오쿠모 린,Aokumo Rin,CLICHE,talent,219102,CLOSE,False,,,,,,2823
2026-08-12T06:27:35.270302+00:00,4d812b586ff63f8a2946e64fa860bbf5,하나코 나나,Hanako Nana,CLICHE,talent,207430,CLOSE,False,,,,,,2478
2026-08-12T06:27:35.270302+00:00,8fd39bb8de623317de90654718638b10,유즈하 리코,Yuzuha Riko,CLICHE,talent,209339,CLOSE,False,,,,,,2307
2026-08-12T06:37:40.788070+00:00,b5ed5db484d04faf4d150aedd362f34b,강지,Kangji,STELLIVE,founder,287152,CLOSE,False,,,,,,1665
2026-08-12T06:37:40.788070+00:00,45e71a76e949e16a34764deb962f9d9f,아야츠노 유니,Ayatsuno Yuni,EVERYS,talent,301924,CLOSE,False,,,,,,2580
2026-08-12T06:37:40.788070+00:00,36ddb9bb4f17593b60f1b63cec86611d,사키하네 후야,Sakihane Huya,EVERYS,talent,156743,CLOSE,False,,,,,,2095
2026-08-12T06:37:40.788070+00:00,b044e3a3b9259246bc92e863e7d3f3b8,시라유키 히나,Shirayuki Hina,UNIVERSE,talent,236848,CLOSE,False,,,,,,2448
2026-08-12T06:37:40.788070+00:00,4515b179f86b67b4981e16190817c580,네네코 마시로,Neneko Mashiro,UNIVERSE,talent,209823,OPEN,True,358,0,하이!,talk,스텔라이브|네네코마시로|밍,
2026-08-12T06:37:40.788070+00:00,4325b1d5bbc321fad3042306646e2e50,아카네 리제,Akane Lize,UNIVERSE,talent,252904,CLOSE,False,,,,,,2497
2026-08-12T06:37:40.788070+00:00,a6c4ddb09cdb160478996007bff35296,아라하시 타비,Arahashi Tabi,UNIVERSE,talent,255330,CLOSE,False,,,,,,3477
2026-08-12T06:37:40.788070+00:00,64d76089fba26b180d9c9e48a32600d9,텐코 시부키,Tenko Shibuki,CLICHE,talent,241121,CLOSE,False,,,,,,3795
2026-08-12T06:37:40.788070+00:00,516937b5f85cbf2249ce31b0ad046b0f,아오쿠모 린,Aokumo Rin,CLICHE,talent,219105,CLOSE,False,,,,,,2823
2026-08-12T06:37:40.788070+00:00,4d812b586ff63f8a2946e64fa860bbf5,하나코 나나,Hanako Nana,CLICHE,talent,207431,CLOSE,False,,,,,,2478
2026-08-12T06:37:40.788070+00:00,8fd39bb8de623317de90654718638b10,유즈하 리코,Yuzuha Riko,CLICHE,talent,209341,CLOSE,False,,,,,,2307
2026-08-12T06:47:46.208030+00:00,b5ed5db484d04faf4d150aedd362f34b,강지,Kangji,STELLIVE,founder,287154,CLOSE,False,,,,,,1665
2026-08-12T06:47:46.208030+00:00,45e71a76e949e16a34764deb962f9d9f,아야츠노 유니,Ayatsuno Yuni,EVERYS,talent,301925,CLOSE,False,,,,,,2580
2026-08-12T06:47:46.208030+00:00,36ddb9bb4f17593b60f1b63cec86611d,사키하네 후야,Sakihane Huya,EVERYS,talent,156744,CLOSE,False,,,,,,2095
2026-08-12T06:47:46.208030+00:00,b044e3a3b9259246bc92e863e7d3f3b8,시라유키 히나,Shirayuki Hina,UNIVERSE,talent,236850,CLOSE,False,,,,,,2448
2026-08-12T06:47:46.208030+00:00,4515b179f86b67b4981e16190817c580,네네코 마시로,Neneko Mashiro,UNIVERSE,talent,209824,OPEN,True,1844,0,하이!,talk,스텔라이브|네네코마시로|밍,
2026-08-12T06:47:46.208030+00:00,4325b1d5bbc321fad3042306646e2e50,아카네 리제,Akane Lize,UNIVERSE,talent,252904,CLOSE,False,,,,,,2497
2026-08-12T06:47:46.208030+00:00,a6c4ddb09cdb160478996007bff35296,아라하시 타비,Arahashi Tabi,UNIVERSE,talent,255332,CLOSE,False,,,,,,3477
2026-08-12T06:47:46.208030+00:00,64d76089fba26b180d9c9e48a32600d9,텐코 시부키,Tenko Shibuki,CLICHE,talent,241122,CLOSE,False,,,,,,3795
2026-08-12T06:47:46.208030+00:00,516937b5f85cbf2249ce31b0ad046b0f,아오쿠모 린,Aokumo Rin,CLICHE,talent,219107,CLOSE,False,,,,,,2823
2026-08-12T06:47:46.208030+00:00,4d812b586ff63f8a2946e64fa860bbf5,하나코 나나,Hanako Nana,CLICHE,talent,207433,CLOSE,False,,,,,,2478
2026-08-12T06:47:46.208030+00:00,8fd39bb8de623317de90654718638b10,유즈하 리코,Yuzuha Riko,CLICHE,talent,209341,CLOSE,False,,,,,,2307
2026-08-12T06:57:52.044493+00:00,b5ed5db484d04faf4d150aedd362f34b,강지,Kangji,STELLIVE,founder,287155,CLOSE,False,,,,,,1665
2026-08-12T06:57:52.044493+00:00,45e71a76e949e16a34764deb962f9d9f,아야츠노 유니,Ayatsuno Yuni,EVERYS,talent,301925,CLOSE,False,,,,,,2580
2026-08-12T06:57:52.044493+00:00,36ddb9bb4f17593b60f1b63cec86611d,사키하네 후야,Sakihane Huya,EVERYS,talent,156745,OPEN,True,865,0,오 케 마 루,talk,스텔라이브|에버리스|통통꼬리,
2026-08-12T06:57:52.044493+00:00,b044e3a3b9259246bc92e863e7d3f3b8,시라유키 히나,Shirayuki Hina,UNIVERSE,talent,236851,CLOSE,False,,,,,,2448
2026-08-12T06:57:52.044493+00:00,4515b179f86b67b4981e16190817c580,네네코 마시로,Neneko Mashiro,UNIVERSE,talent,209825,OPEN,True,2505,0,피크 신맵 출시,피크,스텔라이브|네네코마시로|밍,
2026-08-12T06:57:52.044493+00:00,4325b1d5bbc321fad3042306646e2e50,아카네 리제,Akane Lize,UNIVERSE,talent,252905,CLOSE,False,,,,,,2497
2026-08-12T06:57:52.044493+00:00,a6c4ddb09cdb160478996007bff35296,아라하시 타비,Arahashi Tabi,UNIVERSE,talent,255331,CLOSE,False,,,,,,3477
2026-08-12T06:57:52.044493+00:00,64d76089fba26b180d9c9e48a32600d9,텐코 시부키,Tenko Shibuki,CLICHE,talent,241121,CLOSE,False,,,,,,3795
2026-08-12T06:57:52.044493+00:00,516937b5f85cbf2249ce31b0ad046b0f,아오쿠모 린,Aokumo Rin,CLICHE,talent,219108,CLOSE,False,,,,,,2823
2026-08-12T06:57:52.044493+00:00,4d812b586ff63f8a2946e64fa860bbf5,하나코 나나,Hanako Nana,CLICHE,talent,207434,CLOSE,False,,,,,,2478
2026-08-12T06:57:52.044493+00:00,8fd39bb8de623317de90654718638b10,유즈하 리코,Yuzuha Riko,CLICHE,talent,209342,CLOSE,False,,,,,,2307
2026-08-12T07:07:57.147578+00:00,b5ed5db484d04faf4d150aedd362f34b,강지,Kangji,STELLIVE,founder,287156,CLOSE,False,,,,,,1665
2026-08-12T07:07:57.147578+00:00,45e71a76e949e16a34764deb962f9d9f,아야츠노 유니,Ayatsuno Yuni,EVERYS,talent,301927,CLOSE,False,,,,,,2580
2026-08-12T07:07:57.147578+00:00,36ddb9bb4f17593b60f1b63cec86611d,사키하네 후야,Sakihane Huya,EVERYS,talent,156746,OPEN,True,1272,0,오 케 마 루,talk,스텔라이브|에버리스|통통꼬리,
2026-08-12T07:07:57.147578+00:00,b044e3a3b9259246bc92e863e7d3f3b8,시라유키 히나,Shirayuki Hina,UNIVERSE,talent,236851,CLOSE,False,,,,,,2448
2026-08-12T07:07:57.147578+00:00,4515b179f86b67b4981e16190817c580,네네코 마시로,Neneko Mashiro,UNIVERSE,talent,209826,OPEN,True,2699,0,피크 신맵 출시,피크,스텔라이브|네네코마시로|밍,
2026-08-12T07:07:57.147578+00:00,4325b1d5bbc321fad3042306646e2e50,아카네 리제,Akane Lize,UNIVERSE,talent,252905,CLOSE,False,,,,,,2497
2026-08-12T07:07:57.147578+00:00,a6c4ddb09cdb160478996007bff35296,아라하시 타비,Arahashi Tabi,UNIVERSE,talent,255329,CLOSE,False,,,,,,3477
2026-08-12T07:07:57.147578+00:00,64d76089fba26b180d9c9e48a32600d9,텐코 시부키,Tenko Shibuki,CLICHE,talent,241121,CLOSE,False,,,,,,3795
2026-08-12T07:07:57.147578+00:00,516937b5f85cbf2249ce31b0ad046b0f,아오쿠모 린,Aokumo Rin,CLICHE,talent,219108,CLOSE,False,,,,,,2823
2026-08-12T07:07:57.147578+00:00,4d812b586ff63f8a2946e64fa860bbf5,하나코 나나,Hanako Nana,CLICHE,talent,207433,OPEN,True,1216,0,휴 일상편이 제일 힘들다,talk,스텔라이브|나나|하나코나나|클리셰,
2026-08-12T07:07:57.147578+00:00,8fd39bb8de623317de90654718638b10,유즈하 리코,Yuzuha Riko,CLICHE,talent,209343,CLOSE,False,,,,,,2307
2026-08-12T07:18:02.401512+00:00,b5ed5db484d04faf4d150aedd362f34b,강지,Kangji,STELLIVE,founder,287156,CLOSE,False,,,,,,1665
2026-08-12T07:18:02.401512+00:00,45e71a76e949e16a34764deb962f9d9f,아야츠노 유니,Ayatsuno Yuni,EVERYS,talent,301924,CLOSE,False,,,,,,2580
2026-08-12T07:18:02.401512+00:00,36ddb9bb4f17593b60f1b63cec86611d,사키하네 후야,Sakihane Huya,EVERYS,talent,156746,OPEN,True,1427,0,오 케 마 루,talk,스텔라이브|에버리스|통통꼬리,
2026-08-12T07:18:02.401512+00:00,b044e3a3b9259246bc92e863e7d3f3b8,시라유키 히나,Shirayuki Hina,UNIVERSE,talent,236847,CLOSE,False,,,,,,2448
2026-08-12T07:18:02.401512+00:00,4515b179f86b67b4981e16190817c580,네네코 마시로,Neneko Mashiro,UNIVERSE,talent,209823,OPEN,True,2761,0,피크 신맵 출시,피크,스텔라이브|네네코마시로|밍,
2026-08-12T07:18:02.401512+00:00,4325b1d5bbc321fad3042306646e2e50,아카네 리제,Akane Lize,UNIVERSE,talent,252901,CLOSE,False,,,,,,2497
2026-08-12T07:18:02.401512+00:00,a6c4ddb09cdb160478996007bff35296,아라하시 타비,Arahashi Tabi,UNIVERSE,talent,255327,CLOSE,False,,,,,,3477
2026-08-12T07:18:02.401512+00:00,64d76089fba26b180d9c9e48a32600d9,텐코 시부키,Tenko Shibuki,CLICHE,talent,241119,CLOSE,False,,,,,,3795
2026-08-12T07:18:02.401512+00:00,516937b5f85cbf2249ce31b0ad046b0f,아오쿠모 린,Aokumo Rin,CLICHE,talent,219108,CLOSE,False,,,,,,2823
2026-08-12T07:18:02.401512+00:00,4d812b586ff63f8a2946e64fa860bbf5,하나코 나나,Hanako Nana,CLICHE,talent,207431,OPEN,True,1976,0,휴 일상편이 제일 힘들다,talk,스텔라이브|나나|하나코나나|클리셰,
2026-08-12T07:18:02.401512+00:00,8fd39bb8de623317de90654718638b10,유즈하 리코,Yuzuha Riko,CLICHE,talent,209340,CLOSE,False,,,,,,2307
2026-08-12T07:22:12.133657+00:00,b5ed5db484d04faf4d150aedd362f34b,강지,Kangji,STELLIVE,founder,287157,CLOSE,False,,,,,,1665
2026-08-12T07:22:12.133657+00:00,45e71a76e949e16a34764deb962f9d9f,아야츠노 유니,Ayatsuno Yuni,EVERYS,talent,301924,CLOSE,False,,,,,,2580
2026-08-12T07:22:12.133657+00:00,36ddb9bb4f17593b60f1b63cec86611d,사키하네 후야,Sakihane Huya,EVERYS,talent,156747,OPEN,True,1591,0,오 케 마 루,talk,스텔라이브|에버리스|통통꼬리,
2026-08-12T07:22:12.133657+00:00,b044e3a3b9259246bc92e863e7d3f3b8,시라유키 히나,Shirayuki Hina,UNIVERSE,talent,236847,CLOSE,False,,,,,,2448
2026-08-12T07:22:12.133657+00:00,4515b179f86b67b4981e16190817c580,네네코 마시로,Neneko Mashiro,UNIVERSE,talent,209823,OPEN,True,2891,0,피크 신맵 출시,피크,스텔라이브|네네코마시로|밍,
2026-08-12T07:22:12.133657+00:00,4325b1d5bbc321fad3042306646e2e50,아카네 리제,Akane Lize,UNIVERSE,talent,252901,CLOSE,False,,,,,,2497
2026-08-12T07:22:12.133657+00:00,a6c4ddb09cdb160478996007bff35296,아라하시 타비,Arahashi Tabi,UNIVERSE,talent,255327,CLOSE,False,,,,,,3477
2026-08-12T07:22:12.133657+00:00,64d76089fba26b180d9c9e48a32600d9,텐코 시부키,Tenko Shibuki,CLICHE,talent,241119,CLOSE,False,,,,,,3795
2026-08-12T07:22:12.133657+00:00,516937b5f85cbf2249ce31b0ad046b0f,아오쿠모 린,Aokumo Rin,CLICHE,talent,219108,CLOSE,False,,,,,,2823
2026-08-12T07:22:12.133657+00:00,4d812b586ff63f8a2946e64fa860bbf5,하나코 나나,Hanako Nana,CLICHE,talent,207432,OPEN,True,2216,0,휴 일상편이 제일 힘들다,talk,스텔라이브|나나|하나코나나|클리셰,
2026-08-12T07:22:12.133657+00:00,8fd39bb8de623317de90654718638b10,유즈하 리코,Yuzuha Riko,CLICHE,talent,209340,CLOSE,False,,,,,,2307
2026-08-12T07:28:07.962514+00:00,b5ed5db484d04faf4d150aedd362f34b,강지,Kangji,STELLIVE,founder,287158,CLOSE,False,,,,,,1665
2026-08-12T07:28:07.962514+00:00,45e71a76e949e16a34764deb962f9d9f,아야츠노 유니,Ayatsuno Yuni,EVERYS,talent,301924,CLOSE,False,,,,,,2580
2026-08-12T07:28:07.962514+00:00,36ddb9bb4f17593b60f1b63cec86611d,사키하네 후야,Sakihane Huya,EVERYS,talent,156749,OPEN,True,1693,0,레미엘 아리아 데려오기,젠레스 존 제로,스텔라이브|에버리스|통통꼬리,
2026-08-12T07:28:07.962514+00:00,b044e3a3b9259246bc92e863e7d3f3b8,시라유키 히나,Shirayuki Hina,UNIVERSE,talent,236848,CLOSE,False,,,,,,2448
2026-08-12T07:28:07.962514+00:00,4515b179f86b67b4981e16190817c580,네네코 마시로,Neneko Mashiro,UNIVERSE,talent,209826,OPEN,True,2936,0,피크 신맵 출시,피크,스텔라이브|네네코마시로|밍,
2026-08-12T07:28:07.962514+00:00,4325b1d5bbc321fad3042306646e2e50,아카네 리제,Akane Lize,UNIVERSE,talent,252902,CLOSE,False,,,,,,2497
2026-08-12T07:28:07.962514+00:00,a6c4ddb09cdb160478996007bff35296,아라하시 타비,Arahashi Tabi,UNIVERSE,talent,255328,CLOSE,False,,,,,,3477
2026-08-12T07:28:07.962514+00:00,64d76089fba26b180d9c9e48a32600d9,텐코 시부키,Tenko Shibuki,CLICHE,talent,241120,CLOSE,False,,,,,,3795
2026-08-12T07:28:07.962514+00:00,516937b5f85cbf2249ce31b0ad046b0f,아오쿠모 린,Aokumo Rin,CLICHE,talent,219109,CLOSE,False,,,,,,2823
2026-08-12T07:28:07.962514+00:00,4d812b586ff63f8a2946e64fa860bbf5,하나코 나나,Hanako Nana,CLICHE,talent,207434,OPEN,True,2406,0,휴 일상편이 제일 힘들다,talk,스텔라이브|나나|하나코나나|클리셰,
2026-08-12T07:28:07.962514+00:00,8fd39bb8de623317de90654718638b10,유즈하 리코,Yuzuha Riko,CLICHE,talent,209340,CLOSE,False,,,,,,2307
2026-08-12T07:38:13.200593+00:00,b5ed5db484d04faf4d150aedd362f34b,강지,Kangji,STELLIVE,founder,287160,CLOSE,False,,,,,,1665
2026-08-12T07:38:13.200593+00:00,45e71a76e949e16a34764deb962f9d9f,아야츠노 유니,Ayatsuno Yuni,EVERYS,talent,301925,OPEN,True,676,0,"팔척귀신 누나랑 여름휴가를 보내는 공포겜 
",talk,스텔라이브|유니,
2026-08-12T07:38:13.200593+00:00,36ddb9bb4f17593b60f1b63cec86611d,사키하네 후야,Sakihane Huya,EVERYS,talent,156756,OPEN,True,1782,0,레미엘 아리아 데려오기,젠레스 존 제로,스텔라이브|에버리스|통통꼬리,
2026-08-12T07:38:13.200593+00:00,b044e3a3b9259246bc92e863e7d3f3b8,시라유키 히나,Shirayuki Hina,UNIVERSE,talent,236853,CLOSE,False,,,,,,2448
2026-08-12T07:38:13.200593+00:00,4515b179f86b67b4981e16190817c580,네네코 마시로,Neneko Mashiro,UNIVERSE,talent,209830,OPEN,True,3073,0,피크 신맵 출시,피크,스텔라이브|네네코마시로|밍,
2026-08-12T07:38:13.200593+00:00,4325b1d5bbc321fad3042306646e2e50,아카네 리제,Akane Lize,UNIVERSE,talent,252905,CLOSE,False,,,,,,2497
2026-08-12T07:38:13.200593+00:00,a6c4ddb09cdb160478996007bff35296,아라하시 타비,Arahashi Tabi,UNIVERSE,talent,255331,CLOSE,False,,,,,,3477
2026-08-12T07:38:13.200593+00:00,64d76089fba26b180d9c9e48a32600d9,텐코 시부키,Tenko Shibuki,CLICHE,talent,241123,CLOSE,False,,,,,,3795
2026-08-12T07:38:13.200593+00:00,516937b5f85cbf2249ce31b0ad046b0f,아오쿠모 린,Aokumo Rin,CLICHE,talent,219113,CLOSE,False,,,,,,2823
2026-08-12T07:38:13.200593+00:00,4d812b586ff63f8a2946e64fa860bbf5,하나코 나나,Hanako Nana,CLICHE,talent,207445,OPEN,True,2907,0,휴 일상편이 제일 힘들다,talk,스텔라이브|나나|하나코나나|클리셰,
2026-08-12T07:38:13.200593+00:00,8fd39bb8de623317de90654718638b10,유즈하 리코,Yuzuha Riko,CLICHE,talent,209346,CLOSE,False,,,,,,2307
2026-08-12T07:48:18.912263+00:00,b5ed5db484d04faf4d150aedd362f34b,강지,Kangji,STELLIVE,founder,287163,CLOSE,False,,,,,,1665
2026-08-12T07:48:18.912263+00:00,45e71a76e949e16a34764deb962f9d9f,아야츠노 유니,Ayatsuno Yuni,EVERYS,talent,301925,OPEN,True,1723,0,"팔척귀신 누나랑 여름휴가를 보내는 공포겜 
",talk,스텔라이브|유니,
2026-08-12T07:48:18.912263+00:00,36ddb9bb4f17593b60f1b63cec86611d,사키하네 후야,Sakihane Huya,EVERYS,talent,156756,OPEN,True,1891,0,레미엘 아리아 데려오기,젠레스 존 제로,스텔라이브|에버리스|통통꼬리,
2026-08-12T07:48:18.912263+00:00,b044e3a3b9259246bc92e863e7d3f3b8,시라유키 히나,Shirayuki Hina,UNIVERSE,talent,236855,CLOSE,False,,,,,,2448
2026-08-12T07:48:18.912263+00:00,4515b179f86b67b4981e16190817c580,네네코 마시로,Neneko Mashiro,UNIVERSE,talent,209835,OPEN,True,2970,0,피크 신맵 출시,피크,스텔라이브|네네코마시로|밍,
2026-08-12T07:48:18.912263+00:00,4325b1d5bbc321fad3042306646e2e50,아카네 리제,Akane Lize,UNIVERSE,talent,252908,CLOSE,False,,,,,,2497
2026-08-12T07:48:18.912263+00:00,a6c4ddb09cdb160478996007bff35296,아라하시 타비,Arahashi Tabi,UNIVERSE,talent,255332,CLOSE,False,,,,,,3477
2026-08-12T07:48:18.912263+00:00,64d76089fba26b180d9c9e48a32600d9,텐코 시부키,Tenko Shibuki,CLICHE,talent,241125,CLOSE,False,,,,,,3795
2026-08-12T07:48:18.912263+00:00,516937b5f85cbf2249ce31b0ad046b0f,아오쿠모 린,Aokumo Rin,CLICHE,talent,219114,CLOSE,False,,,,,,2823
2026-08-12T07:48:18.912263+00:00,4d812b586ff63f8a2946e64fa860bbf5,하나코 나나,Hanako Nana,CLICHE,talent,207448,OPEN,True,2995,0,휴 일상편이 제일 힘들다,talk,스텔라이브|나나|하나코나나|클리셰,
2026-08-12T07:48:18.912263+00:00,8fd39bb8de623317de90654718638b10,유즈하 리코,Yuzuha Riko,CLICHE,talent,209346,CLOSE,False,,,,,,2307
2026-08-12T10:54:43.827318+00:00,b5ed5db484d04faf4d150aedd362f34b,강지,Kangji,STELLIVE,founder,287222,CLOSE,False,,,,,,1665
2026-08-12T10:54:43.827318+00:00,45e71a76e949e16a34764deb962f9d9f,아야츠노 유니,Ayatsuno Yuni,EVERYS,talent,301960,OPEN,True,4800,0,"팔척귀신 누나랑 여름휴가를 보내는 공포겜 
",하치샤쿠사마,스텔라이브|유니,
2026-08-12T10:54:43.827318+00:00,36ddb9bb4f17593b60f1b63cec86611d,사키하네 후야,Sakihane Huya,EVERYS,talent,156796,OPEN,True,1867,0,도끼 하나로 회사(스텔아님)에게 복수하는 게임 / Chop chop inc.,종합 게임,스텔라이브|에버리스|통통꼬리,
2026-08-12T10:54:43.827318+00:00,b044e3a3b9259246bc92e863e7d3f3b8,시라유키 히나,Shirayuki Hina,UNIVERSE,talent,236863,OPEN,True,2145,0,오늘 밤에 시간당100개의 별동뼐이쏟아지는걸아시나요,talk,스텔라이브|버튜버|2기생|히나|노래,
2026-08-12T10:54:43.827318+00:00,4515b179f86b67b4981e16190817c580,네네코 마시로,Neneko Mashiro,UNIVERSE,talent,209865,CLOSE,False,,,,,,2376
2026-08-12T10:54:43.827318+00:00,4325b1d5bbc321fad3042306646e2e50,아카네 리제,Akane Lize,UNIVERSE,talent,252931,CLOSE,False,,,,,,2497
2026-08-12T10:54:43.827318+00:00,a6c4ddb09cdb160478996007bff35296,아라하시 타비,Arahashi Tabi,UNIVERSE,talent,255365,OPEN,True,3022,0,흐아ㅏㅏㅏㅏㅏㅏㅏ,talk,스텔라이브|타비|버튜버|2기생,
2026-08-12T10:54:43.827318+00:00,64d76089fba26b180d9c9e48a32600d9,텐코 시부키,Tenko Shibuki,CLICHE,talent,241159,OPEN,True,4846,0,"8시 크아 떠나보내기 w.타비, 린",데드 바이 데이라이트,스텔라이브|시부키|3기생|대박박|부키,
2026-08-12T10:54:43.827318+00:00,516937b5f85cbf2249ce31b0ad046b0f,아오쿠모 린,Aokumo Rin,CLICHE,talent,219135,CLOSE,False,,,,,,2823
2026-08-12T10:54:43.827318+00:00,4d812b586ff63f8a2946e64fa860bbf5,하나코 나나,Hanako Nana,CLICHE,talent,207503,OPEN,True,3140,0,역전재판 3-2 더빙 플레이,역전재판 3,스텔라이브|나나|하나코나나|클리셰,
2026-08-12T10:54:43.827318+00:00,8fd39bb8de623317de90654718638b10,유즈하 리코,Yuzuha Riko,CLICHE,talent,209358,CLOSE,False,,,,,,2307
2026-08-12T10:55:30.101931+00:00,b5ed5db484d04faf4d150aedd362f34b,강지,Kangji,STELLIVE,founder,287222,CLOSE,False,,,,,,1665
2026-08-12T10:55:30.101931+00:00,45e71a76e949e16a34764deb962f9d9f,아야츠노 유니,Ayatsuno Yuni,EVERYS,talent,301960,OPEN,True,4829,0,"팔척귀신 누나랑 여름휴가를 보내는 공포겜 
",하치샤쿠사마,스텔라이브|유니,
2026-08-12T10:55:30.101931+00:00,36ddb9bb4f17593b60f1b63cec86611d,사키하네 후야,Sakihane Huya,EVERYS,talent,156796,OPEN,True,1885,0,도끼 하나로 회사(스텔아님)에게 복수하는 게임 / Chop chop inc.,종합 게임,스텔라이브|에버리스|통통꼬리,
2026-08-12T10:55:30.101931+00:00,b044e3a3b9259246bc92e863e7d3f3b8,시라유키 히나,Shirayuki Hina,UNIVERSE,talent,236863,OPEN,True,2185,0,오늘 밤에 시간당100개의 별동뼐이쏟아지는걸아시나요,talk,스텔라이브|버튜버|2기생|히나|노래,
2026-08-12T10:55:30.101931+00:00,4515b179f86b67b4981e16190817c580,네네코 마시로,Neneko Mashiro,UNIVERSE,talent,209865,CLOSE,False,,,,,,2376
2026-08-12T10:55:30.101931+00:00,4325b1d5bbc321fad3042306646e2e50,아카네 리제,Akane Lize,UNIVERSE,talent,252931,CLOSE,False,,,,,,2497
2026-08-12T10:55:30.101931+00:00,a6c4ddb09cdb160478996007bff35296,아라하시 타비,Arahashi Tabi,UNIVERSE,talent,255365,OPEN,True,3067,0,흐아ㅏㅏㅏㅏㅏㅏㅏ,talk,스텔라이브|타비|버튜버|2기생,
2026-08-12T10:55:30.101931+00:00,64d76089fba26b180d9c9e48a32600d9,텐코 시부키,Tenko Shibuki,CLICHE,talent,241159,OPEN,True,4963,0,"8시 크아 떠나보내기 w.타비, 린",데드 바이 데이라이트,스텔라이브|시부키|3기생|대박박|부키,
2026-08-12T10:55:30.101931+00:00,516937b5f85cbf2249ce31b0ad046b0f,아오쿠모 린,Aokumo Rin,CLICHE,talent,219135,CLOSE,False,,,,,,2823
2026-08-12T10:55:30.101931+00:00,4d812b586ff63f8a2946e64fa860bbf5,하나코 나나,Hanako Nana,CLICHE,talent,207503,OPEN,True,3165,0,역전재판 3-2 더빙 플레이,역전재판 3,스텔라이브|나나|하나코나나|클리셰,
2026-08-12T10:55:30.101931+00:00,8fd39bb8de623317de90654718638b10,유즈하 리코,Yuzuha Riko,CLICHE,talent,209358,CLOSE,False,,,,,,2307
2026-08-12T11:05:42.197211+00:00,b5ed5db484d04faf4d150aedd362f34b,강지,Kangji,STELLIVE,founder,287226,CLOSE,False,,,,,,1665
2026-08-12T11:05:42.197211+00:00,45e71a76e949e16a34764deb962f9d9f,아야츠노 유니,Ayatsuno Yuni,EVERYS,talent,301962,OPEN,True,4484,0,"팔척귀신 누나랑 여름휴가를 보내는 공포겜 
",하치샤쿠사마,스텔라이브|유니,
2026-08-12T11:05:42.197211+00:00,36ddb9bb4f17593b60f1b63cec86611d,사키하네 후야,Sakihane Huya,EVERYS,talent,156796,OPEN,True,1806,0,도끼 하나로 회사(스텔아님)에게 복수하는 게임 / Chop chop inc.,종합 게임,스텔라이브|에버리스|통통꼬리,
2026-08-12T11:05:42.197211+00:00,b044e3a3b9259246bc92e863e7d3f3b8,시라유키 히나,Shirayuki Hina,UNIVERSE,talent,236862,OPEN,True,2220,0,오늘 밤에 시간당100개의 별동뼐이쏟아지는걸아시나요,talk,스텔라이브|버튜버|2기생|히나|노래,
2026-08-12T11:05:42.197211+00:00,4515b179f86b67b4981e16190817c580,네네코 마시로,Neneko Mashiro,UNIVERSE,talent,209866,CLOSE,False,,,,,,2376
2026-08-12T11:05:42.197211+00:00,4325b1d5bbc321fad3042306646e2e50,아카네 리제,Akane Lize,UNIVERSE,talent,252932,CLOSE,False,,,,,,2497
2026-08-12T11:05:42.197211+00:00,a6c4ddb09cdb160478996007bff35296,아라하시 타비,Arahashi Tabi,UNIVERSE,talent,255368,OPEN,True,4082,0,"섭종 전 크레이지 아케이드 With 베리베리스트로베리,살짝미쳐봐",크레이지 아케이드 비엔비,스텔라이브|타비|버튜버|2기생,
2026-08-12T11:05:42.197211+00:00,64d76089fba26b180d9c9e48a32600d9,텐코 시부키,Tenko Shibuki,CLICHE,talent,241159,OPEN,True,5588,0,"8시 크아 떠나보내기 w.타비, 린",크레이지 아케이드 비엔비,스텔라이브|시부키|3기생|대박박|부키,
2026-08-12T11:05:42.197211+00:00,516937b5f85cbf2249ce31b0ad046b0f,아오쿠모 린,Aokumo Rin,CLICHE,talent,219139,OPEN,True,2359,0,"어라 카테고리에 왜 크아가 없지... w. 타비, 부키",종합 게임,스텔라이브|3기생|아오쿠모린|vtuber|뇨,
2026-08-12T11:05:42.197211+00:00,4d812b586ff63f8a2946e64fa860bbf5,하나코 나나,Hanako Nana,CLICHE,talent,207504,OPEN,True,3116,0,역전재판 3-2 더빙 플레이,역전재판 3,스텔라이브|나나|하나코나나|클리셰,
2026-08-12T11:05:42.197211+00:00,8fd39bb8de623317de90654718638b10,유즈하 리코,Yuzuha Riko,CLICHE,talent,209360,CLOSE,False,,,,,,2307
2026-08-12T11:15:50.087398+00:00,b5ed5db484d04faf4d150aedd362f34b,강지,Kangji,STELLIVE,founder,287229,CLOSE,False,,,,,,1665
2026-08-12T11:15:50.087398+00:00,45e71a76e949e16a34764deb962f9d9f,아야츠노 유니,Ayatsuno Yuni,EVERYS,talent,301963,OPEN,True,4372,0,"팔척귀신 누나랑 여름휴가를 보내는 공포겜 
",하치샤쿠사마,스텔라이브|유니,
2026-08-12T11:15:50.087398+00:00,36ddb9bb4f17593b60f1b63cec86611d,사키하네 후야,Sakihane Huya,EVERYS,talent,156798,OPEN,True,1774,0,도끼 하나로 회사(스텔아님)에게 복수하는 게임 / Chop chop inc.,종합 게임,스텔라이브|에버리스|통통꼬리,
2026-08-12T11:15:50.087398+00:00,b044e3a3b9259246bc92e863e7d3f3b8,시라유키 히나,Shirayuki Hina,UNIVERSE,talent,236868,OPEN,True,2230,0,오늘 밤에 시간당100개의 별동뼐이쏟아지는걸아시나요,talk,스텔라이브|버튜버|2기생|히나|노래,
2026-08-12T11:15:50.087398+00:00,4515b179f86b67b4981e16190817c580,네네코 마시로,Neneko Mashiro,UNIVERSE,talent,209868,CLOSE,False,,,,,,2376
2026-08-12T11:15:50.087398+00:00,4325b1d5bbc321fad3042306646e2e50,아카네 리제,Akane Lize,UNIVERSE,talent,252933,CLOSE,False,,,,,,2497
2026-08-12T11:15:50.087398+00:00,a6c4ddb09cdb160478996007bff35296,아라하시 타비,Arahashi Tabi,UNIVERSE,talent,255369,OPEN,True,3527,0,"섭종 전 크레이지 아케이드 With 베리베리스트로베리,살짝미쳐봐",크레이지 아케이드 비엔비,스텔라이브|타비|버튜버|2기생,
2026-08-12T11:15:50.087398+00:00,64d76089fba26b180d9c9e48a32600d9,텐코 시부키,Tenko Shibuki,CLICHE,talent,241161,OPEN,True,5365,0,"8시 크아 떠나보내기 w.타비, 린",크레이지 아케이드 비엔비,스텔라이브|시부키|3기생|대박박|부키,
2026-08-12T11:15:50.087398+00:00,516937b5f85cbf2249ce31b0ad046b0f,아오쿠모 린,Aokumo Rin,CLICHE,talent,219144,OPEN,True,2369,0,"크아 잘가~ w. 타비, 부키",크레이지 아케이드 비엔비,스텔라이브|3기생|아오쿠모린|vtuber|뇨,
2026-08-12T11:15:50.087398+00:00,4d812b586ff63f8a2946e64fa860bbf5,하나코 나나,Hanako Nana,CLICHE,talent,207506,OPEN,True,3110,0,역전재판 3-2 더빙 플레이,역전재판 3,스텔라이브|나나|하나코나나|클리셰,
2026-08-12T11:15:50.087398+00:00,8fd39bb8de623317de90654718638b10,유즈하 리코,Yuzuha Riko,CLICHE,talent,209363,CLOSE,False,,,,,,2307
2026-08-12T11:25:59.629956+00:00,b5ed5db484d04faf4d150aedd362f34b,강지,Kangji,STELLIVE,founder,287232,CLOSE,False,,,,,,1665
2026-08-12T11:25:59.629956+00:00,45e71a76e949e16a34764deb962f9d9f,아야츠노 유니,Ayatsuno Yuni,EVERYS,talent,301968,OPEN,True,4237,0,"팔척귀신 누나랑 여름휴가를 보내는 공포겜 
",하치샤쿠사마,스텔라이브|유니,
2026-08-12T11:25:59.629956+00:00,36ddb9bb4f17593b60f1b63cec86611d,사키하네 후야,Sakihane Huya,EVERYS,talent,156802,OPEN,True,1721,0,도끼 하나로 회사(스텔아님)에게 복수하는 게임 / Chop chop inc.,종합 게임,스텔라이브|에버리스|통통꼬리,
2026-08-12T11:25:59.629956+00:00,b044e3a3b9259246bc92e863e7d3f3b8,시라유키 히나,Shirayuki Hina,UNIVERSE,talent,236871,OPEN,True,2301,0,오늘 밤에 시간당100개의 별동뼐이쏟아지는걸아시나요,talk,스텔라이브|버튜버|2기생|히나|노래,
2026-08-12T11:25:59.629956+00:00,4515b179f86b67b4981e16190817c580,네네코 마시로,Neneko Mashiro,UNIVERSE,talent,209872,CLOSE,False,,,,,,2376
2026-08-12T11:25:59.629956+00:00,4325b1d5bbc321fad3042306646e2e50,아카네 리제,Akane Lize,UNIVERSE,talent,252935,CLOSE,False,,,,,,2497
2026-08-12T11:25:59.629956+00:00,a6c4ddb09cdb160478996007bff35296,아라하시 타비,Arahashi Tabi,UNIVERSE,talent,255370,OPEN,True,3607,0,"섭종 전 크레이지 아케이드 With 베리베리스트로베리,살짝미쳐봐",크레이지 아케이드 비엔비,스텔라이브|타비|버튜버|2기생,
2026-08-12T11:25:59.629956+00:00,64d76089fba26b180d9c9e48a32600d9,텐코 시부키,Tenko Shibuki,CLICHE,talent,241160,OPEN,True,5408,0,"8시 크아 떠나보내기 w.타비, 린",크레이지 아케이드 비엔비,스텔라이브|시부키|3기생|대박박|부키,
2026-08-12T11:25:59.629956+00:00,516937b5f85cbf2249ce31b0ad046b0f,아오쿠모 린,Aokumo Rin,CLICHE,talent,219148,OPEN,True,2660,0,"크아 잘가~ w. 타비, 부키",크레이지 아케이드 비엔비,스텔라이브|3기생|아오쿠모린|vtuber|뇨,
2026-08-12T11:25:59.629956+00:00,4d812b586ff63f8a2946e64fa860bbf5,하나코 나나,Hanako Nana,CLICHE,talent,207509,OPEN,True,3107,0,역전재판 3-2 더빙 플레이,역전재판 3,스텔라이브|나나|하나코나나|클리셰,
2026-08-12T11:25:59.629956+00:00,8fd39bb8de623317de90654718638b10,유즈하 리코,Yuzuha Riko,CLICHE,talent,209367,CLOSE,False,,,,,,2307
2026-08-12T11:36:12.536501+00:00,b5ed5db484d04faf4d150aedd362f34b,강지,Kangji,STELLIVE,founder,287235,CLOSE,False,,,,,,1665
2026-08-12T11:36:12.536501+00:00,45e71a76e949e16a34764deb962f9d9f,아야츠노 유니,Ayatsuno Yuni,EVERYS,talent,301970,OPEN,True,4320,0,"팔척귀신 누나랑 여름휴가를 보내는 공포겜 
",하치샤쿠사마,스텔라이브|유니,
2026-08-12T11:36:12.536501+00:00,36ddb9bb4f17593b60f1b63cec86611d,사키하네 후야,Sakihane Huya,EVERYS,talent,156805,OPEN,True,1664,0,도끼 하나로 회사(스텔아님)에게 복수하는 게임 / Chop chop inc.,종합 게임,스텔라이브|에버리스|통통꼬리,
2026-08-12T11:36:12.536501+00:00,b044e3a3b9259246bc92e863e7d3f3b8,시라유키 히나,Shirayuki Hina,UNIVERSE,talent,236872,OPEN,True,2415,0,오늘 밤에 시간당100개의 별동뼐이쏟아지는걸아시나요,talk,스텔라이브|버튜버|2기생|히나|노래,
2026-08-12T11:36:12.536501+00:00,4515b179f86b67b4981e16190817c580,네네코 마시로,Neneko Mashiro,UNIVERSE,talent,209876,CLOSE,False,,,,,,2376
2026-08-12T11:36:12.536501+00:00,4325b1d5bbc321fad3042306646e2e50,아카네 리제,Akane Lize,UNIVERSE,talent,252938,CLOSE,False,,,,,,2497
2026-08-12T11:36:12.536501+00:00,a6c4ddb09cdb160478996007bff35296,아라하시 타비,Arahashi Tabi,UNIVERSE,talent,255373,OPEN,True,3652,0,"섭종 전 크레이지 아케이드 With 베리베리스트로베리,살짝미쳐봐",크레이지 아케이드 비엔비,스텔라이브|타비|버튜버|2기생,
2026-08-12T11:36:12.536501+00:00,64d76089fba26b180d9c9e48a32600d9,텐코 시부키,Tenko Shibuki,CLICHE,talent,241164,OPEN,True,5651,0,"8시 크아 떠나보내기 w.타비, 린",크레이지 아케이드 비엔비,스텔라이브|시부키|3기생|대박박|부키,
2026-08-12T11:36:12.536501+00:00,516937b5f85cbf2249ce31b0ad046b0f,아오쿠모 린,Aokumo Rin,CLICHE,talent,219153,OPEN,True,2945,0,"크아 잘가~ w. 타비, 부키",크레이지 아케이드 비엔비,스텔라이브|3기생|아오쿠모린|vtuber|뇨,
2026-08-12T11:36:12.536501+00:00,4d812b586ff63f8a2946e64fa860bbf5,하나코 나나,Hanako Nana,CLICHE,talent,207515,OPEN,True,3177,0,역전재판 3-2 더빙 플레이,역전재판 3,스텔라이브|나나|하나코나나|클리셰,
2026-08-12T11:36:12.536501+00:00,8fd39bb8de623317de90654718638b10,유즈하 리코,Yuzuha Riko,CLICHE,talent,209369,CLOSE,False,,,,,,2307
2026-08-12T11:46:20.741698+00:00,b5ed5db484d04faf4d150aedd362f34b,강지,Kangji,STELLIVE,founder,287238,CLOSE,False,,,,,,1665
2026-08-12T11:46:20.741698+00:00,45e71a76e949e16a34764deb962f9d9f,아야츠노 유니,Ayatsuno Yuni,EVERYS,talent,301969,OPEN,True,4237,0,"팔척귀신 누나랑 여름휴가를 보내는 공포겜 
",하치샤쿠사마,스텔라이브|유니,
2026-08-12T11:46:20.741698+00:00,36ddb9bb4f17593b60f1b63cec86611d,사키하네 후야,Sakihane Huya,EVERYS,talent,156805,OPEN,True,1674,0,도끼 하나로 회사(스텔아님)에게 복수하는 게임 / Chop chop inc.,종합 게임,스텔라이브|에버리스|통통꼬리,
2026-08-12T11:46:20.741698+00:00,b044e3a3b9259246bc92e863e7d3f3b8,시라유키 히나,Shirayuki Hina,UNIVERSE,talent,236874,OPEN,True,2423,0,오늘 밤에 시간당100개의 별동뼐이쏟아지는걸아시나요,talk,스텔라이브|버튜버|2기생|히나|노래,
2026-08-12T11:46:20.741698+00:00,4515b179f86b67b4981e16190817c580,네네코 마시로,Neneko Mashiro,UNIVERSE,talent,209878,CLOSE,False,,,,,,2376
2026-08-12T11:46:20.741698+00:00,4325b1d5bbc321fad3042306646e2e50,아카네 리제,Akane Lize,UNIVERSE,talent,252940,CLOSE,False,,,,,,2497
2026-08-12T11:46:20.741698+00:00,a6c4ddb09cdb160478996007bff35296,아라하시 타비,Arahashi Tabi,UNIVERSE,talent,255377,OPEN,True,3559,0,"섭종 전 크레이지 아케이드 With 베리베리스트로베리,살짝미쳐봐",크레이지 아케이드 비엔비,스텔라이브|타비|버튜버|2기생,
2026-08-12T11:46:20.741698+00:00,64d76089fba26b180d9c9e48a32600d9,텐코 시부키,Tenko Shibuki,CLICHE,talent,241170,OPEN,True,5451,0,"8시 크아 떠나보내기 w.타비, 린",크레이지 아케이드 비엔비,스텔라이브|시부키|3기생|대박박|부키,
2026-08-12T11:46:20.741698+00:00,516937b5f85cbf2249ce31b0ad046b0f,아오쿠모 린,Aokumo Rin,CLICHE,talent,219158,OPEN,True,2881,0,"크아 잘가~ w. 타비, 부키",크레이지 아케이드 비엔비,스텔라이브|3기생|아오쿠모린|vtuber|뇨,
2026-08-12T11:46:20.741698+00:00,4d812b586ff63f8a2946e64fa860bbf5,하나코 나나,Hanako Nana,CLICHE,talent,207519,OPEN,True,3221,0,역전재판 3-2 더빙 플레이,역전재판 3,스텔라이브|나나|하나코나나|클리셰,
2026-08-12T11:46:20.741698+00:00,8fd39bb8de623317de90654718638b10,유즈하 리코,Yuzuha Riko,CLICHE,talent,209369,CLOSE,False,,,,,,2307
2026-08-12T11:56:29.844479+00:00,b5ed5db484d04faf4d150aedd362f34b,강지,Kangji,STELLIVE,founder,287239,CLOSE,False,,,,,,1665
2026-08-12T11:56:29.844479+00:00,45e71a76e949e16a34764deb962f9d9f,아야츠노 유니,Ayatsuno Yuni,EVERYS,talent,301970,OPEN,True,3742,0,"옵치 신케 나왔떄 !!!!
",talk,스텔라이브|유니,
2026-08-12T11:56:29.844479+00:00,36ddb9bb4f17593b60f1b63cec86611d,사키하네 후야,Sakihane Huya,EVERYS,talent,156807,CLOSE,False,,,,,,1546
2026-08-12T11:56:29.844479+00:00,b044e3a3b9259246bc92e863e7d3f3b8,시라유키 히나,Shirayuki Hina,UNIVERSE,talent,236875,OPEN,True,2560,0,오늘 밤에 시간당100개의 별동뼐이쏟아지는걸아시나요,talk,스텔라이브|버튜버|2기생|히나|노래,
2026-08-12T11:56:29.844479+00:00,4515b179f86b67b4981e16190817c580,네네코 마시로,Neneko Mashiro,UNIVERSE,talent,209878,CLOSE,False,,,,,,2376
2026-08-12T11:56:29.844479+00:00,4325b1d5bbc321fad3042306646e2e50,아카네 리제,Akane Lize,UNIVERSE,talent,252941,CLOSE,False,,,,,,2497
2026-08-12T11:56:29.844479+00:00,a6c4ddb09cdb160478996007bff35296,아라하시 타비,Arahashi Tabi,UNIVERSE,talent,255380,OPEN,True,3540,0,"섭종 전 크레이지 아케이드 With 베리베리스트로베리,살짝미쳐봐",크레이지 아케이드 비엔비,스텔라이브|타비|버튜버|2기생,
2026-08-12T11:56:29.844479+00:00,64d76089fba26b180d9c9e48a32600d9,텐코 시부키,Tenko Shibuki,CLICHE,talent,241171,OPEN,True,5351,0,"8시 크아 떠나보내기 w.타비, 린",크레이지 아케이드 비엔비,스텔라이브|시부키|3기생|대박박|부키,
2026-08-12T11:56:29.844479+00:00,516937b5f85cbf2249ce31b0ad046b0f,아오쿠모 린,Aokumo Rin,CLICHE,talent,219159,OPEN,True,3010,0,"크아 잘가~ w. 타비, 부키",크레이지 아케이드 비엔비,스텔라이브|3기생|아오쿠모린|vtuber|뇨,
2026-08-12T11:56:29.844479+00:00,4d812b586ff63f8a2946e64fa860bbf5,하나코 나나,Hanako Nana,CLICHE,talent,207520,OPEN,True,3159,0,역전재판 3-2 더빙 플레이,역전재판 3,스텔라이브|나나|하나코나나|클리셰,
2026-08-12T11:56:29.844479+00:00,8fd39bb8de623317de90654718638b10,유즈하 리코,Yuzuha Riko,CLICHE,talent,209369,CLOSE,False,,,,,,2307
2026-08-12T12:06:37.737061+00:00,b5ed5db484d04faf4d150aedd362f34b,강지,Kangji,STELLIVE,founder,287241,CLOSE,False,,,,,,1665
2026-08-12T12:06:37.737061+00:00,45e71a76e949e16a34764deb962f9d9f,아야츠노 유니,Ayatsuno Yuni,EVERYS,talent,301972,OPEN,True,3485,0,"옵치 신케 나왔떄 !!!!
",오버워치,스텔라이브|유니,
2026-08-12T12:06:37.737061+00:00,36ddb9bb4f17593b60f1b63cec86611d,사키하네 후야,Sakihane Huya,EVERYS,talent,156809,CLOSE,False,,,,,,1546
2026-08-12T12:06:37.737061+00:00,b044e3a3b9259246bc92e863e7d3f3b8,시라유키 히나,Shirayuki Hina,UNIVERSE,talent,236879,OPEN,True,2590,0,오늘 밤에 시간당100개의 별동뼐이쏟아지는걸아시나요,talk,스텔라이브|버튜버|2기생|히나|노래,
2026-08-12T12:06:37.737061+00:00,4515b179f86b67b4981e16190817c580,네네코 마시로,Neneko Mashiro,UNIVERSE,talent,209879,CLOSE,False,,,,,,2376
2026-08-12T12:06:37.737061+00:00,4325b1d5bbc321fad3042306646e2e50,아카네 리제,Akane Lize,UNIVERSE,talent,252939,CLOSE,False,,,,,,2497
2026-08-12T12:06:37.737061+00:00,a6c4ddb09cdb160478996007bff35296,아라하시 타비,Arahashi Tabi,UNIVERSE,talent,255383,OPEN,True,3468,0,"섭종 전 크레이지 아케이드 With 베리베리스트로베리,살짝미쳐봐",크레이지 아케이드 비엔비,스텔라이브|타비|버튜버|2기생,
2026-08-12T12:06:37.737061+00:00,64d76089fba26b180d9c9e48a32600d9,텐코 시부키,Tenko Shibuki,CLICHE,talent,241178,OPEN,True,5242,0,"8시 크아 떠나보내기 w.타비, 린",크레이지 아케이드 비엔비,스텔라이브|시부키|3기생|대박박|부키,
2026-08-12T12:06:37.737061+00:00,516937b5f85cbf2249ce31b0ad046b0f,아오쿠모 린,Aokumo Rin,CLICHE,talent,219166,OPEN,True,3017,0,"크아 잘가~ w. 타비, 부키",크레이지 아케이드 비엔비,스텔라이브|3기생|아오쿠모린|vtuber|뇨,
2026-08-12T12:06:37.737061+00:00,4d812b586ff63f8a2946e64fa860bbf5,하나코 나나,Hanako Nana,CLICHE,talent,207521,OPEN,True,3027,0,역전재판 3-2 더빙 플레이,역전재판 3,스텔라이브|나나|하나코나나|클리셰,
2026-08-12T12:06:37.737061+00:00,8fd39bb8de623317de90654718638b10,유즈하 리코,Yuzuha Riko,CLICHE,talent,209368,CLOSE,False,,,,,,2307
2026-08-12T12:16:45.721024+00:00,b5ed5db484d04faf4d150aedd362f34b,강지,Kangji,STELLIVE,founder,287244,CLOSE,False,,,,,,1665
2026-08-12T12:16:45.721024+00:00,45e71a76e949e16a34764deb962f9d9f,아야츠노 유니,Ayatsuno Yuni,EVERYS,talent,301974,OPEN,True,3339,0,"옵치 신케 나왔떄 !!!!
",오버워치,스텔라이브|유니,
2026-08-12T12:16:45.721024+00:00,36ddb9bb4f17593b60f1b63cec86611d,사키하네 후야,Sakihane Huya,EVERYS,talent,156813,CLOSE,False,,,,,,1546
2026-08-12T12:16:45.721024+00:00,b044e3a3b9259246bc92e863e7d3f3b8,시라유키 히나,Shirayuki Hina,UNIVERSE,talent,236881,OPEN,True,2589,0,오늘 밤에 시간당100개의 별동뼐이쏟아지는걸아시나요,talk,스텔라이브|버튜버|2기생|히나|노래,
2026-08-12T12:16:45.721024+00:00,4515b179f86b67b4981e16190817c580,네네코 마시로,Neneko Mashiro,UNIVERSE,talent,209880,CLOSE,False,,,,,,2376
2026-08-12T12:16:45.721024+00:00,4325b1d5bbc321fad3042306646e2e50,아카네 리제,Akane Lize,UNIVERSE,talent,252938,CLOSE,False,,,,,,2497
2026-08-12T12:16:45.721024+00:00,a6c4ddb09cdb160478996007bff35296,아라하시 타비,Arahashi Tabi,UNIVERSE,talent,255384,OPEN,True,3515,0,"섭종 전 크레이지 아케이드 With 베리베리스트로베리,살짝미쳐봐",크레이지 아케이드 비엔비,스텔라이브|타비|버튜버|2기생,
2026-08-12T12:16:45.721024+00:00,64d76089fba26b180d9c9e48a32600d9,텐코 시부키,Tenko Shibuki,CLICHE,talent,241180,OPEN,True,5353,0,"8시 크아 떠나보내기 w.타비, 린",크레이지 아케이드 비엔비,스텔라이브|시부키|3기생|대박박|부키,
2026-08-12T12:16:45.721024+00:00,516937b5f85cbf2249ce31b0ad046b0f,아오쿠모 린,Aokumo Rin,CLICHE,talent,219170,OPEN,True,3013,0,"크아 잘가~ w. 타비, 부키",크레이지 아케이드 비엔비,스텔라이브|3기생|아오쿠모린|vtuber|뇨,
2026-08-12T12:16:45.721024+00:00,4d812b586ff63f8a2946e64fa860bbf5,하나코 나나,Hanako Nana,CLICHE,talent,207520,OPEN,True,3017,0,역전재판 3-2 더빙 플레이,역전재판 3,스텔라이브|나나|하나코나나|클리셰,
2026-08-12T12:16:45.721024+00:00,8fd39bb8de623317de90654718638b10,유즈하 리코,Yuzuha Riko,CLICHE,talent,209371,CLOSE,False,,,,,,2307
2026-08-12T12:26:54.503554+00:00,b5ed5db484d04faf4d150aedd362f34b,강지,Kangji,STELLIVE,founder,287246,CLOSE,False,,,,,,1665
2026-08-12T12:26:54.503554+00:00,45e71a76e949e16a34764deb962f9d9f,아야츠노 유니,Ayatsuno Yuni,EVERYS,talent,301975,OPEN,True,3581,0,"옵치 신케 나왔떄 !!!!
",오버워치,스텔라이브|유니,
2026-08-12T12:26:54.503554+00:00,36ddb9bb4f17593b60f1b63cec86611d,사키하네 후야,Sakihane Huya,EVERYS,talent,156813,CLOSE,False,,,,,,1546
2026-08-12T12:26:54.503554+00:00,b044e3a3b9259246bc92e863e7d3f3b8,시라유키 히나,Shirayuki Hina,UNIVERSE,talent,236884,OPEN,True,2736,0,오늘 밤에 시간당100개의 별동뼐이쏟아지는걸아시나요,talk,스텔라이브|버튜버|2기생|히나|노래,
2026-08-12T12:26:54.503554+00:00,4515b179f86b67b4981e16190817c580,네네코 마시로,Neneko Mashiro,UNIVERSE,talent,209881,CLOSE,False,,,,,,2376
2026-08-12T12:26:54.503554+00:00,4325b1d5bbc321fad3042306646e2e50,아카네 리제,Akane Lize,UNIVERSE,talent,252941,CLOSE,False,,,,,,2497
2026-08-12T12:26:54.503554+00:00,a6c4ddb09cdb160478996007bff35296,아라하시 타비,Arahashi Tabi,UNIVERSE,talent,255386,OPEN,True,3646,0,"섭종 전 크레이지 아케이드 With 베리베리스트로베리,살짝미쳐봐",크레이지 아케이드 비엔비,스텔라이브|타비|버튜버|2기생,
2026-08-12T12:26:54.503554+00:00,64d76089fba26b180d9c9e48a32600d9,텐코 시부키,Tenko Shibuki,CLICHE,talent,241182,OPEN,True,5548,0,"8시 크아 떠나보내기 w.타비, 린",크레이지 아케이드 비엔비,스텔라이브|시부키|3기생|대박박|부키,
2026-08-12T12:26:54.503554+00:00,516937b5f85cbf2249ce31b0ad046b0f,아오쿠모 린,Aokumo Rin,CLICHE,talent,219174,OPEN,True,3169,0,"크아 잘가~ w. 타비, 부키",크레이지 아케이드 비엔비,스텔라이브|3기생|아오쿠모린|vtuber|뇨,
2026-08-12T12:26:54.503554+00:00,4d812b586ff63f8a2946e64fa860bbf5,하나코 나나,Hanako Nana,CLICHE,talent,207518,OPEN,True,3080,0,역전재판 3-2 더빙 플레이,역전재판 3,스텔라이브|나나|하나코나나|클리셰,
2026-08-12T12:26:54.503554+00:00,8fd39bb8de623317de90654718638b10,유즈하 리코,Yuzuha Riko,CLICHE,talent,209374,CLOSE,False,,,,,,2307
2026-08-12T12:37:02.990486+00:00,b5ed5db484d04faf4d150aedd362f34b,강지,Kangji,STELLIVE,founder,287247,CLOSE,False,,,,,,1665
2026-08-12T12:37:02.990486+00:00,45e71a76e949e16a34764deb962f9d9f,아야츠노 유니,Ayatsuno Yuni,EVERYS,talent,301976,OPEN,True,3454,0,"옵치 신케 나왔떄 !!!!
",오버워치,스텔라이브|유니,
2026-08-12T12:37:02.990486+00:00,36ddb9bb4f17593b60f1b63cec86611d,사키하네 후야,Sakihane Huya,EVERYS,talent,156812,CLOSE,False,,,,,,1546
2026-08-12T12:37:02.990486+00:00,b044e3a3b9259246bc92e863e7d3f3b8,시라유키 히나,Shirayuki Hina,UNIVERSE,talent,236886,OPEN,True,2856,0,오늘 밤에 시간당100개의 별동뼐이쏟아지는걸아시나요,talk,스텔라이브|버튜버|2기생|히나|노래,
2026-08-12T12:37:02.990486+00:00,4515b179f86b67b4981e16190817c580,네네코 마시로,Neneko Mashiro,UNIVERSE,talent,209879,CLOSE,False,,,,,,2376
2026-08-12T12:37:02.990486+00:00,4325b1d5bbc321fad3042306646e2e50,아카네 리제,Akane Lize,UNIVERSE,talent,252941,CLOSE,False,,,,,,2497
2026-08-12T12:37:02.990486+00:00,a6c4ddb09cdb160478996007bff35296,아라하시 타비,Arahashi Tabi,UNIVERSE,talent,255387,OPEN,True,3549,0,"섭종 전 크레이지 아케이드 With 베리베리스트로베리,살짝미쳐봐",크레이지 아케이드 비엔비,스텔라이브|타비|버튜버|2기생,
2026-08-12T12:37:02.990486+00:00,64d76089fba26b180d9c9e48a32600d9,텐코 시부키,Tenko Shibuki,CLICHE,talent,241185,OPEN,True,5456,0,"8시 크아 떠나보내기 w.타비, 린",크레이지 아케이드 비엔비,스텔라이브|시부키|3기생|대박박|부키,
2026-08-12T12:37:02.990486+00:00,516937b5f85cbf2249ce31b0ad046b0f,아오쿠모 린,Aokumo Rin,CLICHE,talent,219177,OPEN,True,3139,0,"크아 잘가~ w. 타비, 부키",크레이지 아케이드 비엔비,스텔라이브|3기생|아오쿠모린|vtuber|뇨,
2026-08-12T12:37:02.990486+00:00,4d812b586ff63f8a2946e64fa860bbf5,하나코 나나,Hanako Nana,CLICHE,talent,207518,OPEN,True,3026,0,역전재판 3-2 더빙 플레이,역전재판 3,스텔라이브|나나|하나코나나|클리셰,
2026-08-12T12:37:02.990486+00:00,8fd39bb8de623317de90654718638b10,유즈하 리코,Yuzuha Riko,CLICHE,talent,209373,CLOSE,False,,,,,,2307
2026-08-12T12:47:10.917973+00:00,b5ed5db484d04faf4d150aedd362f34b,강지,Kangji,STELLIVE,founder,287249,CLOSE,False,,,,,,1665
2026-08-12T12:47:10.917973+00:00,45e71a76e949e16a34764deb962f9d9f,아야츠노 유니,Ayatsuno Yuni,EVERYS,talent,301979,OPEN,True,3398,0,"옵치 신케 나왔떄 !!!!
",오버워치,스텔라이브|유니,
2026-08-12T12:47:10.917973+00:00,36ddb9bb4f17593b60f1b63cec86611d,사키하네 후야,Sakihane Huya,EVERYS,talent,156813,CLOSE,False,,,,,,1546
2026-08-12T12:47:10.917973+00:00,b044e3a3b9259246bc92e863e7d3f3b8,시라유키 히나,Shirayuki Hina,UNIVERSE,talent,236889,OPEN,True,2933,0,오늘 밤에 시간당100개의 별동뼐이쏟아지는걸아시나요,talk,스텔라이브|버튜버|2기생|히나|노래,
2026-08-12T12:47:10.917973+00:00,4515b179f86b67b4981e16190817c580,네네코 마시로,Neneko Mashiro,UNIVERSE,talent,209878,CLOSE,False,,,,,,2376
2026-08-12T12:47:10.917973+00:00,4325b1d5bbc321fad3042306646e2e50,아카네 리제,Akane Lize,UNIVERSE,talent,252940,CLOSE,False,,,,,,2497
2026-08-12T12:47:10.917973+00:00,a6c4ddb09cdb160478996007bff35296,아라하시 타비,Arahashi Tabi,UNIVERSE,talent,255388,OPEN,True,3628,0,"섭종 전 크레이지 아케이드 With 베리베리스트로베리,살짝미쳐봐",크레이지 아케이드 비엔비,스텔라이브|타비|버튜버|2기생,
2026-08-12T12:47:10.917973+00:00,64d76089fba26b180d9c9e48a32600d9,텐코 시부키,Tenko Shibuki,CLICHE,talent,241186,OPEN,True,5413,0,"8시 크아 떠나보내기 w.타비, 린",크레이지 아케이드 비엔비,스텔라이브|시부키|3기생|대박박|부키,
2026-08-12T12:47:10.917973+00:00,516937b5f85cbf2249ce31b0ad046b0f,아오쿠모 린,Aokumo Rin,CLICHE,talent,219178,OPEN,True,3136,0,"크아 잘가~ w. 타비, 부키",크레이지 아케이드 비엔비,스텔라이브|3기생|아오쿠모린|vtuber|뇨,
2026-08-12T12:47:10.917973+00:00,4d812b586ff63f8a2946e64fa860bbf5,하나코 나나,Hanako Nana,CLICHE,talent,207519,OPEN,True,3086,0,역전재판 3-2 더빙 플레이,역전재판 3,스텔라이브|나나|하나코나나|클리셰,
2026-08-12T12:47:10.917973+00:00,8fd39bb8de623317de90654718638b10,유즈하 리코,Yuzuha Riko,CLICHE,talent,209373,CLOSE,False,,,,,,2307
2026-08-12T12:54:46.332159+00:00,b5ed5db484d04faf4d150aedd362f34b,강지,Kangji,STELLIVE,founder,287250,CLOSE,False,,,,,,1665
2026-08-12T12:54:46.332159+00:00,45e71a76e949e16a34764deb962f9d9f,아야츠노 유니,Ayatsuno Yuni,EVERYS,talent,301983,OPEN,True,3550,0,"옵치 신케 나왔떄 !!!!
",오버워치,스텔라이브|유니,
2026-08-12T12:54:46.332159+00:00,36ddb9bb4f17593b60f1b63cec86611d,사키하네 후야,Sakihane Huya,EVERYS,talent,156815,CLOSE,False,,,,,,1546
2026-08-12T12:54:46.332159+00:00,b044e3a3b9259246bc92e863e7d3f3b8,시라유키 히나,Shirayuki Hina,UNIVERSE,talent,236892,OPEN,True,2974,0,오늘 밤에 시간당100개의 별동뼐이쏟아지는걸아시나요,talk,스텔라이브|버튜버|2기생|히나|노래,
2026-08-12T12:54:46.332159+00:00,4515b179f86b67b4981e16190817c580,네네코 마시로,Neneko Mashiro,UNIVERSE,talent,209881,CLOSE,False,,,,,,2376
2026-08-12T12:54:46.332159+00:00,4325b1d5bbc321fad3042306646e2e50,아카네 리제,Akane Lize,UNIVERSE,talent,252941,CLOSE,False,,,,,,2497
2026-08-12T12:54:46.332159+00:00,a6c4ddb09cdb160478996007bff35296,아라하시 타비,Arahashi Tabi,UNIVERSE,talent,255393,OPEN,True,3751,0,"섭종 전 크레이지 아케이드 With 베리베리스트로베리,살짝미쳐봐",크레이지 아케이드 비엔비,스텔라이브|타비|버튜버|2기생,
2026-08-12T12:54:46.332159+00:00,64d76089fba26b180d9c9e48a32600d9,텐코 시부키,Tenko Shibuki,CLICHE,talent,241190,OPEN,True,5525,0,"8시 크아 떠나보내기 w.타비, 린",크레이지 아케이드 비엔비,스텔라이브|시부키|3기생|대박박|부키,
2026-08-12T12:54:46.332159+00:00,516937b5f85cbf2249ce31b0ad046b0f,아오쿠모 린,Aokumo Rin,CLICHE,talent,219185,OPEN,True,3173,0,"크아 잘가~ w. 타비, 부키",크레이지 아케이드 비엔비,스텔라이브|3기생|아오쿠모린|vtuber|뇨,
2026-08-12T12:54:46.332159+00:00,4d812b586ff63f8a2946e64fa860bbf5,하나코 나나,Hanako Nana,CLICHE,talent,207523,OPEN,True,3165,0,역전재판 3-2 더빙 플레이,역전재판 3,스텔라이브|나나|하나코나나|클리셰,
2026-08-12T12:54:46.332159+00:00,8fd39bb8de623317de90654718638b10,유즈하 리코,Yuzuha Riko,CLICHE,talent,209374,CLOSE,False,,,,,,2307
2026-08-12T12:57:19.167314+00:00,b5ed5db484d04faf4d150aedd362f34b,강지,Kangji,STELLIVE,founder,287253,CLOSE,False,,,,,,1665
2026-08-12T12:57:19.167314+00:00,45e71a76e949e16a34764deb962f9d9f,아야츠노 유니,Ayatsuno Yuni,EVERYS,talent,301986,OPEN,True,3527,0,"옵치 신케 나왔떄 !!!!
",오버워치,스텔라이브|유니,
2026-08-12T12:57:19.167314+00:00,36ddb9bb4f17593b60f1b63cec86611d,사키하네 후야,Sakihane Huya,EVERYS,talent,156815,CLOSE,False,,,,,,1546
2026-08-12T12:57:19.167314+00:00,b044e3a3b9259246bc92e863e7d3f3b8,시라유키 히나,Shirayuki Hina,UNIVERSE,talent,236892,OPEN,True,2978,0,오늘 밤에 시간당100개의 별동뼐이쏟아지는걸아시나요,talk,스텔라이브|버튜버|2기생|히나|노래,
2026-08-12T12:57:19.167314+00:00,4515b179f86b67b4981e16190817c580,네네코 마시로,Neneko Mashiro,UNIVERSE,talent,209881,CLOSE,False,,,,,,2376
2026-08-12T12:57:19.167314+00:00,4325b1d5bbc321fad3042306646e2e50,아카네 리제,Akane Lize,UNIVERSE,talent,252941,CLOSE,False,,,,,,2497
2026-08-12T12:57:19.167314+00:00,a6c4ddb09cdb160478996007bff35296,아라하시 타비,Arahashi Tabi,UNIVERSE,talent,255393,OPEN,True,3825,0,"섭종 전 크레이지 아케이드 With 베리베리스트로베리,살짝미쳐봐",크레이지 아케이드 비엔비,스텔라이브|타비|버튜버|2기생,
2026-08-12T12:57:19.167314+00:00,64d76089fba26b180d9c9e48a32600d9,텐코 시부키,Tenko Shibuki,CLICHE,talent,241190,OPEN,True,5528,0,"8시 크아 떠나보내기 w.타비, 린",크레이지 아케이드 비엔비,스텔라이브|시부키|3기생|대박박|부키,
2026-08-12T12:57:19.167314+00:00,516937b5f85cbf2249ce31b0ad046b0f,아오쿠모 린,Aokumo Rin,CLICHE,talent,219186,OPEN,True,3198,0,"크아 잘가~ w. 타비, 부키",크레이지 아케이드 비엔비,스텔라이브|3기생|아오쿠모린|vtuber|뇨,
2026-08-12T12:57:19.167314+00:00,4d812b586ff63f8a2946e64fa860bbf5,하나코 나나,Hanako Nana,CLICHE,talent,207523,OPEN,True,3134,0,역전재판 3-2 더빙 플레이,역전재판 3,스텔라이브|나나|하나코나나|클리셰,
2026-08-12T12:57:19.167314+00:00,8fd39bb8de623317de90654718638b10,유즈하 리코,Yuzuha Riko,CLICHE,talent,209374,CLOSE,False,,,,,,2307
2026-08-12T13:04:47.030251+00:00,b5ed5db484d04faf4d150aedd362f34b,강지,Kangji,STELLIVE,founder,287253,CLOSE,False,,,,,,1665
2026-08-12T13:04:47.030251+00:00,45e71a76e949e16a34764deb962f9d9f,아야츠노 유니,Ayatsuno Yuni,EVERYS,talent,301984,OPEN,True,3687,0,"옵치 신케 나왔떄 !!!!
",오버워치,스텔라이브|유니,
2026-08-12T13:04:47.030251+00:00,36ddb9bb4f17593b60f1b63cec86611d,사키하네 후야,Sakihane Huya,EVERYS,talent,156814,CLOSE,False,,,,,,1546
2026-08-12T13:04:47.030251+00:00,b044e3a3b9259246bc92e863e7d3f3b8,시라유키 히나,Shirayuki Hina,UNIVERSE,talent,236894,OPEN,True,2961,0,오늘 밤에 시간당100개의 별동뼐이쏟아지는걸아시나요,talk,스텔라이브|버튜버|2기생|히나|노래,
2026-08-12T13:04:47.030251+00:00,4515b179f86b67b4981e16190817c580,네네코 마시로,Neneko Mashiro,UNIVERSE,talent,209879,CLOSE,False,,,,,,2376
2026-08-12T13:04:47.030251+00:00,4325b1d5bbc321fad3042306646e2e50,아카네 리제,Akane Lize,UNIVERSE,talent,252940,CLOSE,False,,,,,,2497
2026-08-12T13:04:47.030251+00:00,a6c4ddb09cdb160478996007bff35296,아라하시 타비,Arahashi Tabi,UNIVERSE,talent,255394,OPEN,True,3773,0,"섭종 전 크레이지 아케이드 With 베리베리스트로베리,살짝미쳐봐",크레이지 아케이드 비엔비,스텔라이브|타비|버튜버|2기생,
2026-08-12T13:04:47.030251+00:00,64d76089fba26b180d9c9e48a32600d9,텐코 시부키,Tenko Shibuki,CLICHE,talent,241190,OPEN,True,5357,0,"8시 크아 떠나보내기 w.타비, 린",크레이지 아케이드 비엔비,스텔라이브|시부키|3기생|대박박|부키,
2026-08-12T13:04:47.030251+00:00,516937b5f85cbf2249ce31b0ad046b0f,아오쿠모 린,Aokumo Rin,CLICHE,talent,219186,OPEN,True,3177,0,"크아 잘가~ w. 타비, 부키",크레이지 아케이드 비엔비,스텔라이브|3기생|아오쿠모린|vtuber|뇨,
2026-08-12T13:04:47.030251+00:00,4d812b586ff63f8a2946e64fa860bbf5,하나코 나나,Hanako Nana,CLICHE,talent,207523,OPEN,True,3138,0,역전재판 3-2 더빙 플레이,역전재판 3,스텔라이브|나나|하나코나나|클리셰,
2026-08-12T13:04:47.030251+00:00,8fd39bb8de623317de90654718638b10,유즈하 리코,Yuzuha Riko,CLICHE,talent,209373,CLOSE,False,,,,,,2307
2026-08-12T13:07:27.381055+00:00,b5ed5db484d04faf4d150aedd362f34b,강지,Kangji,STELLIVE,founder,287255,CLOSE,False,,,,,,1665
2026-08-12T13:07:27.381055+00:00,45e71a76e949e16a34764deb962f9d9f,아야츠노 유니,Ayatsuno Yuni,EVERYS,talent,301983,OPEN,True,3505,0,"옵치 신케 나왔떄 !!!!
",오버워치,스텔라이브|유니,
2026-08-12T13:07:27.381055+00:00,36ddb9bb4f17593b60f1b63cec86611d,사키하네 후야,Sakihane Huya,EVERYS,talent,156815,CLOSE,False,,,,,,1546
2026-08-12T13:07:27.381055+00:00,b044e3a3b9259246bc92e863e7d3f3b8,시라유키 히나,Shirayuki Hina,UNIVERSE,talent,236893,OPEN,True,2943,0,오늘 밤에 시간당100개의 별동뼐이쏟아지는걸아시나요,talk,스텔라이브|버튜버|2기생|히나|노래,
2026-08-12T13:07:27.381055+00:00,4515b179f86b67b4981e16190817c580,네네코 마시로,Neneko Mashiro,UNIVERSE,talent,209881,CLOSE,False,,,,,,2376
2026-08-12T13:07:27.381055+00:00,4325b1d5bbc321fad3042306646e2e50,아카네 리제,Akane Lize,UNIVERSE,talent,252942,CLOSE,False,,,,,,2497
2026-08-12T13:07:27.381055+00:00,a6c4ddb09cdb160478996007bff35296,아라하시 타비,Arahashi Tabi,UNIVERSE,talent,255396,OPEN,True,3743,0,"섭종 전 크레이지 아케이드 With 베리베리스트로베리,살짝미쳐봐",크레이지 아케이드 비엔비,스텔라이브|타비|버튜버|2기생,
2026-08-12T13:07:27.381055+00:00,64d76089fba26b180d9c9e48a32600d9,텐코 시부키,Tenko Shibuki,CLICHE,talent,241190,OPEN,True,5303,0,"8시 크아 떠나보내기 w.타비, 린",크레이지 아케이드 비엔비,스텔라이브|시부키|3기생|대박박|부키,
2026-08-12T13:07:27.381055+00:00,516937b5f85cbf2249ce31b0ad046b0f,아오쿠모 린,Aokumo Rin,CLICHE,talent,219187,OPEN,True,3152,0,"크아 잘가~ w. 타비, 부키",크레이지 아케이드 비엔비,스텔라이브|3기생|아오쿠모린|vtuber|뇨,
2026-08-12T13:07:27.381055+00:00,4d812b586ff63f8a2946e64fa860bbf5,하나코 나나,Hanako Nana,CLICHE,talent,207525,OPEN,True,3131,0,역전재판 3-2 더빙 플레이,역전재판 3,스텔라이브|나나|하나코나나|클리셰,
2026-08-12T13:07:27.381055+00:00,8fd39bb8de623317de90654718638b10,유즈하 리코,Yuzuha Riko,CLICHE,talent,209374,CLOSE,False,,,,,,2307
2026-08-12T13:14:46.756326+00:00,b5ed5db484d04faf4d150aedd362f34b,강지,Kangji,STELLIVE,founder,287256,CLOSE,False,,,,,,1665
2026-08-12T13:14:46.756326+00:00,45e71a76e949e16a34764deb962f9d9f,아야츠노 유니,Ayatsuno Yuni,EVERYS,talent,301985,OPEN,True,3529,0,"옵치 신케 나왔떄 !!!!
",오버워치,스텔라이브|유니,
2026-08-12T13:14:46.756326+00:00,36ddb9bb4f17593b60f1b63cec86611d,사키하네 후야,Sakihane Huya,EVERYS,talent,156816,CLOSE,False,,,,,,1546
2026-08-12T13:14:46.756326+00:00,b044e3a3b9259246bc92e863e7d3f3b8,시라유키 히나,Shirayuki Hina,UNIVERSE,talent,236897,OPEN,True,2951,0,오늘 밤에 시간당100개의 별동뼐이쏟아지는걸아시나요,talk,스텔라이브|버튜버|2기생|히나|노래,
2026-08-12T13:14:46.756326+00:00,4515b179f86b67b4981e16190817c580,네네코 마시로,Neneko Mashiro,UNIVERSE,talent,209883,CLOSE,False,,,,,,2376
2026-08-12T13:14:46.756326+00:00,4325b1d5bbc321fad3042306646e2e50,아카네 리제,Akane Lize,UNIVERSE,talent,252943,CLOSE,False,,,,,,2497
2026-08-12T13:14:46.756326+00:00,a6c4ddb09cdb160478996007bff35296,아라하시 타비,Arahashi Tabi,UNIVERSE,talent,255395,OPEN,True,3734,0,"섭종 전 크레이지 아케이드 With 베리베리스트로베리,살짝미쳐봐",크레이지 아케이드 비엔비,스텔라이브|타비|버튜버|2기생,
2026-08-12T13:14:46.756326+00:00,64d76089fba26b180d9c9e48a32600d9,텐코 시부키,Tenko Shibuki,CLICHE,talent,241193,OPEN,True,5220,0,"8시 크아 떠나보내기 w.타비, 린",크레이지 아케이드 비엔비,스텔라이브|시부키|3기생|대박박|부키,
2026-08-12T13:14:46.756326+00:00,516937b5f85cbf2249ce31b0ad046b0f,아오쿠모 린,Aokumo Rin,CLICHE,talent,219188,OPEN,True,3112,0,"크아 잘가~ w. 타비, 부키",크레이지 아케이드 비엔비,스텔라이브|3기생|아오쿠모린|vtuber|뇨,
2026-08-12T13:14:46.756326+00:00,4d812b586ff63f8a2946e64fa860bbf5,하나코 나나,Hanako Nana,CLICHE,talent,207527,OPEN,True,3094,0,역전재판 3-2 더빙 플레이,역전재판 3,스텔라이브|나나|하나코나나|클리셰,
2026-08-12T13:14:46.756326+00:00,8fd39bb8de623317de90654718638b10,유즈하 리코,Yuzuha Riko,CLICHE,talent,209375,CLOSE,False,,,,,,2307
2026-08-12T13:17:36.096751+00:00,b5ed5db484d04faf4d150aedd362f34b,강지,Kangji,STELLIVE,founder,287256,CLOSE,False,,,,,,1665
2026-08-12T13:17:36.096751+00:00,45e71a76e949e16a34764deb962f9d9f,아야츠노 유니,Ayatsuno Yuni,EVERYS,talent,301985,OPEN,True,3514,0,"옵치 신케 나왔떄 !!!!
",오버워치,스텔라이브|유니,
2026-08-12T13:17:36.096751+00:00,36ddb9bb4f17593b60f1b63cec86611d,사키하네 후야,Sakihane Huya,EVERYS,talent,156815,CLOSE,False,,,,,,1546
2026-08-12T13:17:36.096751+00:00,b044e3a3b9259246bc92e863e7d3f3b8,시라유키 히나,Shirayuki Hina,UNIVERSE,talent,236897,OPEN,True,2969,0,오늘 밤에 시간당100개의 별동뼐이쏟아지는걸아시나요,talk,스텔라이브|버튜버|2기생|히나|노래,
2026-08-12T13:17:36.096751+00:00,4515b179f86b67b4981e16190817c580,네네코 마시로,Neneko Mashiro,UNIVERSE,talent,209882,CLOSE,False,,,,,,2376
2026-08-12T13:17:36.096751+00:00,4325b1d5bbc321fad3042306646e2e50,아카네 리제,Akane Lize,UNIVERSE,talent,252942,CLOSE,False,,,,,,2497
2026-08-12T13:17:36.096751+00:00,a6c4ddb09cdb160478996007bff35296,아라하시 타비,Arahashi Tabi,UNIVERSE,talent,255394,OPEN,True,3729,0,"섭종 전 크레이지 아케이드 With 베리베리스트로베리,살짝미쳐봐",크레이지 아케이드 비엔비,스텔라이브|타비|버튜버|2기생,
2026-08-12T13:17:36.096751+00:00,64d76089fba26b180d9c9e48a32600d9,텐코 시부키,Tenko Shibuki,CLICHE,talent,241192,OPEN,True,5233,0,"8시 크아 떠나보내기 w.타비, 린",크레이지 아케이드 비엔비,스텔라이브|시부키|3기생|대박박|부키,
2026-08-12T13:17:36.096751+00:00,516937b5f85cbf2249ce31b0ad046b0f,아오쿠모 린,Aokumo Rin,CLICHE,talent,219187,OPEN,True,3132,0,"크아 잘가~ w. 타비, 부키",크레이지 아케이드 비엔비,스텔라이브|3기생|아오쿠모린|vtuber|뇨,
2026-08-12T13:17:36.096751+00:00,4d812b586ff63f8a2946e64fa860bbf5,하나코 나나,Hanako Nana,CLICHE,talent,207526,OPEN,True,3081,0,역전재판 3-2 더빙 플레이,역전재판 3,스텔라이브|나나|하나코나나|클리셰,
2026-08-12T13:17:36.096751+00:00,8fd39bb8de623317de90654718638b10,유즈하 리코,Yuzuha Riko,CLICHE,talent,209374,CLOSE,False,,,,,,2307
2026-08-12T13:27:45.406931+00:00,b5ed5db484d04faf4d150aedd362f34b,강지,Kangji,STELLIVE,founder,287259,CLOSE,False,,,,,,1665
2026-08-12T13:27:45.406931+00:00,45e71a76e949e16a34764deb962f9d9f,아야츠노 유니,Ayatsuno Yuni,EVERYS,talent,301988,OPEN,True,3504,0,"옵치 신케 나왔떄 !!!!
",오버워치,스텔라이브|유니,
2026-08-12T13:27:45.406931+00:00,36ddb9bb4f17593b60f1b63cec86611d,사키하네 후야,Sakihane Huya,EVERYS,talent,156815,CLOSE,False,,,,,,1546
2026-08-12T13:27:45.406931+00:00,b044e3a3b9259246bc92e863e7d3f3b8,시라유키 히나,Shirayuki Hina,UNIVERSE,talent,236898,OPEN,True,3054,0,오늘 밤에 시간당100개의 별동뼐이쏟아지는걸아시나요,talk,스텔라이브|버튜버|2기생|히나|노래,
2026-08-12T13:27:45.406931+00:00,4515b179f86b67b4981e16190817c580,네네코 마시로,Neneko Mashiro,UNIVERSE,talent,209883,CLOSE,False,,,,,,2376
2026-08-12T13:27:45.406931+00:00,4325b1d5bbc321fad3042306646e2e50,아카네 리제,Akane Lize,UNIVERSE,talent,252941,CLOSE,False,,,,,,2497
2026-08-12T13:27:45.406931+00:00,a6c4ddb09cdb160478996007bff35296,아라하시 타비,Arahashi Tabi,UNIVERSE,talent,255397,OPEN,True,3722,0,"섭종 전 크레이지 아케이드 With 베리베리스트로베리,살짝미쳐봐",크레이지 아케이드 비엔비,스텔라이브|타비|버튜버|2기생,
2026-08-12T13:27:45.406931+00:00,64d76089fba26b180d9c9e48a32600d9,텐코 시부키,Tenko Shibuki,CLICHE,talent,241194,OPEN,True,5330,0,"8시 크아 떠나보내기 w.타비, 린",크레이지 아케이드 비엔비,스텔라이브|시부키|3기생|대박박|부키,
2026-08-12T13:27:45.406931+00:00,516937b5f85cbf2249ce31b0ad046b0f,아오쿠모 린,Aokumo Rin,CLICHE,talent,219188,OPEN,True,3089,0,"크아 잘가~ w. 타비, 부키",크레이지 아케이드 비엔비,스텔라이브|3기생|아오쿠모린|vtuber|뇨,
2026-08-12T13:27:45.406931+00:00,4d812b586ff63f8a2946e64fa860bbf5,하나코 나나,Hanako Nana,CLICHE,talent,207530,OPEN,True,3137,0,역전재판 3-2 더빙 플레이,역전재판 3,스텔라이브|나나|하나코나나|클리셰,
2026-08-12T13:27:45.406931+00:00,8fd39bb8de623317de90654718638b10,유즈하 리코,Yuzuha Riko,CLICHE,talent,209377,CLOSE,False,,,,,,2307
2026-08-12T13:37:58.200667+00:00,b5ed5db484d04faf4d150aedd362f34b,강지,Kangji,STELLIVE,founder,287263,CLOSE,False,,,,,,1665
2026-08-12T13:37:58.200667+00:00,45e71a76e949e16a34764deb962f9d9f,아야츠노 유니,Ayatsuno Yuni,EVERYS,talent,301987,OPEN,True,3369,0,"옵치 신케 나왔떄 !!!!
",오버워치,스텔라이브|유니,
2026-08-12T13:37:58.200667+00:00,36ddb9bb4f17593b60f1b63cec86611d,사키하네 후야,Sakihane Huya,EVERYS,talent,156814,CLOSE,False,,,,,,1546
2026-08-12T13:37:58.200667+00:00,b044e3a3b9259246bc92e863e7d3f3b8,시라유키 히나,Shirayuki Hina,UNIVERSE,talent,236898,OPEN,True,3129,0,오늘 밤에 시간당100개의 별동뼐이쏟아지는걸아시나요,talk,스텔라이브|버튜버|2기생|히나|노래,
2026-08-12T13:37:58.200667+00:00,4515b179f86b67b4981e16190817c580,네네코 마시로,Neneko Mashiro,UNIVERSE,talent,209883,CLOSE,False,,,,,,2376
2026-08-12T13:37:58.200667+00:00,4325b1d5bbc321fad3042306646e2e50,아카네 리제,Akane Lize,UNIVERSE,talent,252943,CLOSE,False,,,,,,2497
2026-08-12T13:37:58.200667+00:00,a6c4ddb09cdb160478996007bff35296,아라하시 타비,Arahashi Tabi,UNIVERSE,talent,255400,OPEN,True,3644,0,"섭종 전 크레이지 아케이드 With 베리베리스트로베리,살짝미쳐봐",크레이지 아케이드 비엔비,스텔라이브|타비|버튜버|2기생,
2026-08-12T13:37:58.200667+00:00,64d76089fba26b180d9c9e48a32600d9,텐코 시부키,Tenko Shibuki,CLICHE,talent,241195,OPEN,True,5266,0,"8시 크아 떠나보내기 w.타비, 린",크레이지 아케이드 비엔비,스텔라이브|시부키|3기생|대박박|부키,
2026-08-12T13:37:58.200667+00:00,516937b5f85cbf2249ce31b0ad046b0f,아오쿠모 린,Aokumo Rin,CLICHE,talent,219188,OPEN,True,3094,0,"크아 잘가~ w. 타비, 부키",크레이지 아케이드 비엔비,스텔라이브|3기생|아오쿠모린|vtuber|뇨,
2026-08-12T13:37:58.200667+00:00,4d812b586ff63f8a2946e64fa860bbf5,하나코 나나,Hanako Nana,CLICHE,talent,207533,OPEN,True,2981,0,역전재판 3-2 더빙 플레이,역전재판 3,스텔라이브|나나|하나코나나|클리셰,
2026-08-12T13:37:58.200667+00:00,8fd39bb8de623317de90654718638b10,유즈하 리코,Yuzuha Riko,CLICHE,talent,209378,CLOSE,False,,,,,,2307
2026-08-12T13:48:05.894477+00:00,b5ed5db484d04faf4d150aedd362f34b,강지,Kangji,STELLIVE,founder,287265,CLOSE,False,,,,,,1665
2026-08-12T13:48:05.894477+00:00,45e71a76e949e16a34764deb962f9d9f,아야츠노 유니,Ayatsuno Yuni,EVERYS,talent,301990,OPEN,True,3290,0,"옵치 신케 나왔떄 !!!!
",오버워치,스텔라이브|유니,
2026-08-12T13:48:05.894477+00:00,36ddb9bb4f17593b60f1b63cec86611d,사키하네 후야,Sakihane Huya,EVERYS,talent,156817,CLOSE,False,,,,,,1546
2026-08-12T13:48:05.894477+00:00,b044e3a3b9259246bc92e863e7d3f3b8,시라유키 히나,Shirayuki Hina,UNIVERSE,talent,236901,OPEN,True,3172,0,오늘 밤에 시간당100개의 별동뼐이쏟아지는걸아시나요,talk,스텔라이브|버튜버|2기생|히나|노래,
2026-08-12T13:48:05.894477+00:00,4515b179f86b67b4981e16190817c580,네네코 마시로,Neneko Mashiro,UNIVERSE,talent,209885,CLOSE,False,,,,,,2376
2026-08-12T13:48:05.894477+00:00,4325b1d5bbc321fad3042306646e2e50,아카네 리제,Akane Lize,UNIVERSE,talent,252949,CLOSE,False,,,,,,2497
2026-08-12T13:48:05.894477+00:00,a6c4ddb09cdb160478996007bff35296,아라하시 타비,Arahashi Tabi,UNIVERSE,talent,255402,OPEN,True,3627,0,"섭종 전 크레이지 아케이드 With 베리베리스트로베리,살짝미쳐봐",크레이지 아케이드 비엔비,스텔라이브|타비|버튜버|2기생,
2026-08-12T13:48:05.894477+00:00,64d76089fba26b180d9c9e48a32600d9,텐코 시부키,Tenko Shibuki,CLICHE,talent,241203,OPEN,True,5164,0,"8시 크아 떠나보내기 w.타비, 린",크레이지 아케이드 비엔비,스텔라이브|시부키|3기생|대박박|부키,
2026-08-12T13:48:05.894477+00:00,516937b5f85cbf2249ce31b0ad046b0f,아오쿠모 린,Aokumo Rin,CLICHE,talent,219193,OPEN,True,3080,0,"크아 잘가~ w. 타비, 부키",크레이지 아케이드 비엔비,스텔라이브|3기생|아오쿠모린|vtuber|뇨,
2026-08-12T13:48:05.894477+00:00,4d812b586ff63f8a2946e64fa860bbf5,하나코 나나,Hanako Nana,CLICHE,talent,207536,OPEN,True,3011,0,역전재판 3-2 더빙 플레이,역전재판 3,스텔라이브|나나|하나코나나|클리셰,
2026-08-12T13:48:05.894477+00:00,8fd39bb8de623317de90654718638b10,유즈하 리코,Yuzuha Riko,CLICHE,talent,209382,CLOSE,False,,,,,,2307
2026-08-12T13:58:14.005175+00:00,b5ed5db484d04faf4d150aedd362f34b,강지,Kangji,STELLIVE,founder,287271,CLOSE,False,,,,,,1665
2026-08-12T13:58:14.005175+00:00,45e71a76e949e16a34764deb962f9d9f,아야츠노 유니,Ayatsuno Yuni,EVERYS,talent,301992,OPEN,True,3222,0,"옵치 신케 나왔떄 !!!!
",오버워치,스텔라이브|유니,
2026-08-12T13:58:14.005175+00:00,36ddb9bb4f17593b60f1b63cec86611d,사키하네 후야,Sakihane Huya,EVERYS,talent,156822,CLOSE,False,,,,,,1546
2026-08-12T13:58:14.005175+00:00,b044e3a3b9259246bc92e863e7d3f3b8,시라유키 히나,Shirayuki Hina,UNIVERSE,talent,236905,OPEN,True,2999,0,오늘 밤에 시간당100개의 별동뼐이쏟아지는걸아시나요,talk,스텔라이브|버튜버|2기생|히나|노래,
2026-08-12T13:58:14.005175+00:00,4515b179f86b67b4981e16190817c580,네네코 마시로,Neneko Mashiro,UNIVERSE,talent,209889,CLOSE,False,,,,,,2376
2026-08-12T13:58:14.005175+00:00,4325b1d5bbc321fad3042306646e2e50,아카네 리제,Akane Lize,UNIVERSE,talent,252955,CLOSE,False,,,,,,2497
2026-08-12T13:58:14.005175+00:00,a6c4ddb09cdb160478996007bff35296,아라하시 타비,Arahashi Tabi,UNIVERSE,talent,255405,OPEN,True,3688,0,"섭종 전 크레이지 아케이드 With 베리베리스트로베리,살짝미쳐봐",크레이지 아케이드 비엔비,스텔라이브|타비|버튜버|2기생,
2026-08-12T13:58:14.005175+00:00,64d76089fba26b180d9c9e48a32600d9,텐코 시부키,Tenko Shibuki,CLICHE,talent,241206,OPEN,True,5114,0,"8시 크아 떠나보내기 w.타비, 린",크레이지 아케이드 비엔비,스텔라이브|시부키|3기생|대박박|부키,
2026-08-12T13:58:14.005175+00:00,516937b5f85cbf2249ce31b0ad046b0f,아오쿠모 린,Aokumo Rin,CLICHE,talent,219199,OPEN,True,3132,0,"크아 잘가~ w. 타비, 부키",크레이지 아케이드 비엔비,스텔라이브|3기생|아오쿠모린|vtuber|뇨,
2026-08-12T13:58:14.005175+00:00,4d812b586ff63f8a2946e64fa860bbf5,하나코 나나,Hanako Nana,CLICHE,talent,207540,OPEN,True,3062,0,역전재판 3-2 더빙 플레이,역전재판 3,스텔라이브|나나|하나코나나|클리셰,
2026-08-12T13:58:14.005175+00:00,8fd39bb8de623317de90654718638b10,유즈하 리코,Yuzuha Riko,CLICHE,talent,209387,CLOSE,False,,,,,,2307
2026-08-12T14:08:21.649602+00:00,b5ed5db484d04faf4d150aedd362f34b,강지,Kangji,STELLIVE,founder,287275,CLOSE,False,,,,,,1665
2026-08-12T14:08:21.649602+00:00,45e71a76e949e16a34764deb962f9d9f,아야츠노 유니,Ayatsuno Yuni,EVERYS,talent,301993,OPEN,True,3225,0,"옵치 신케 나왔떄 !!!!
",오버워치,스텔라이브|유니,
2026-08-12T14:08:21.649602+00:00,36ddb9bb4f17593b60f1b63cec86611d,사키하네 후야,Sakihane Huya,EVERYS,talent,156826,CLOSE,False,,,,,,1546
2026-08-12T14:08:21.649602+00:00,b044e3a3b9259246bc92e863e7d3f3b8,시라유키 히나,Shirayuki Hina,UNIVERSE,talent,236907,OPEN,True,2891,0,오늘 밤에 시간당100개의 별동뼐이쏟아지는걸아시나요,talk,스텔라이브|버튜버|2기생|히나|노래,
2026-08-12T14:08:21.649602+00:00,4515b179f86b67b4981e16190817c580,네네코 마시로,Neneko Mashiro,UNIVERSE,talent,209894,CLOSE,False,,,,,,2376
2026-08-12T14:08:21.649602+00:00,4325b1d5bbc321fad3042306646e2e50,아카네 리제,Akane Lize,UNIVERSE,talent,252959,CLOSE,False,,,,,,2497
2026-08-12T14:08:21.649602+00:00,a6c4ddb09cdb160478996007bff35296,아라하시 타비,Arahashi Tabi,UNIVERSE,talent,255413,OPEN,True,4067,0,"W. 베리베리스트로베리,살짝미쳐봐",talk,스텔라이브|타비|버튜버|2기생,
2026-08-12T14:08:21.649602+00:00,64d76089fba26b180d9c9e48a32600d9,텐코 시부키,Tenko Shibuki,CLICHE,talent,241211,OPEN,True,5503,0,"8시 크아 떠나보내기 w.타비, 린",로블록스,스텔라이브|시부키|3기생|대박박|부키,
2026-08-12T14:08:21.649602+00:00,516937b5f85cbf2249ce31b0ad046b0f,아오쿠모 린,Aokumo Rin,CLICHE,talent,219207,OPEN,True,3308,0,"크아 잘가~ w. 타비, 부키",크레이지 아케이드 비엔비,스텔라이브|3기생|아오쿠모린|vtuber|뇨,
2026-08-12T14:08:21.649602+00:00,4d812b586ff63f8a2946e64fa860bbf5,하나코 나나,Hanako Nana,CLICHE,talent,207542,OPEN,True,3120,0,역전재판 3-2 더빙 플레이,역전재판 3,스텔라이브|나나|하나코나나|클리셰,
2026-08-12T14:08:21.649602+00:00,8fd39bb8de623317de90654718638b10,유즈하 리코,Yuzuha Riko,CLICHE,talent,209389,CLOSE,False,,,,,,2307
2026-08-12T14:18:29.301929+00:00,b5ed5db484d04faf4d150aedd362f34b,강지,Kangji,STELLIVE,founder,287277,CLOSE,False,,,,,,1665
2026-08-12T14:18:29.301929+00:00,45e71a76e949e16a34764deb962f9d9f,아야츠노 유니,Ayatsuno Yuni,EVERYS,talent,301994,OPEN,True,3162,0,"옵치 신케 나왔떄 !!!!
",오버워치,스텔라이브|유니,
2026-08-12T14:18:29.301929+00:00,36ddb9bb4f17593b60f1b63cec86611d,사키하네 후야,Sakihane Huya,EVERYS,talent,156827,CLOSE,False,,,,,,1546
2026-08-12T14:18:29.301929+00:00,b044e3a3b9259246bc92e863e7d3f3b8,시라유키 히나,Shirayuki Hina,UNIVERSE,talent,236913,OPEN,True,2876,0,오늘 밤에 시간당100개의 별동뼐이쏟아지는걸아시나요,talk,스텔라이브|버튜버|2기생|히나|노래,
2026-08-12T14:18:29.301929+00:00,4515b179f86b67b4981e16190817c580,네네코 마시로,Neneko Mashiro,UNIVERSE,talent,209893,CLOSE,False,,,,,,2376
2026-08-12T14:18:29.301929+00:00,4325b1d5bbc321fad3042306646e2e50,아카네 리제,Akane Lize,UNIVERSE,talent,252959,CLOSE,False,,,,,,2497
2026-08-12T14:18:29.301929+00:00,a6c4ddb09cdb160478996007bff35296,아라하시 타비,Arahashi Tabi,UNIVERSE,talent,255418,OPEN,True,4086,0,"W. 베리베리스트로베리,살짝미쳐봐",talk,스텔라이브|타비|버튜버|2기생,
2026-08-12T14:18:29.301929+00:00,64d76089fba26b180d9c9e48a32600d9,텐코 시부키,Tenko Shibuki,CLICHE,talent,241216,OPEN,True,5438,0,"tv합방 w.타비, 린",로블록스,스텔라이브|시부키|3기생|대박박|부키,
2026-08-12T14:18:29.301929+00:00,516937b5f85cbf2249ce31b0ad046b0f,아오쿠모 린,Aokumo Rin,CLICHE,talent,219216,OPEN,True,3225,0,"로블록스 w. 타비, 부키",로블록스,스텔라이브|3기생|아오쿠모린|vtuber|뇨,
2026-08-12T14:18:29.301929+00:00,4d812b586ff63f8a2946e64fa860bbf5,하나코 나나,Hanako Nana,CLICHE,talent,207546,OPEN,True,3137,0,역전재판 3-2 더빙 플레이,역전재판 3,스텔라이브|나나|하나코나나|클리셰,
2026-08-12T14:18:29.301929+00:00,8fd39bb8de623317de90654718638b10,유즈하 리코,Yuzuha Riko,CLICHE,talent,209391,CLOSE,False,,,,,,2307
2026-08-12T14:28:36.916127+00:00,b5ed5db484d04faf4d150aedd362f34b,강지,Kangji,STELLIVE,founder,287279,CLOSE,False,,,,,,1665
2026-08-12T14:28:36.916127+00:00,45e71a76e949e16a34764deb962f9d9f,아야츠노 유니,Ayatsuno Yuni,EVERYS,talent,301997,OPEN,True,2612,0,"옵치 신케 나왔떄 !!!!
",talk,스텔라이브|유니,
2026-08-12T14:28:36.916127+00:00,36ddb9bb4f17593b60f1b63cec86611d,사키하네 후야,Sakihane Huya,EVERYS,talent,156827,CLOSE,False,,,,,,1546
2026-08-12T14:28:36.916127+00:00,b044e3a3b9259246bc92e863e7d3f3b8,시라유키 히나,Shirayuki Hina,UNIVERSE,talent,236915,OPEN,True,2844,0,오늘 밤에 시간당100개의 별동뼐이쏟아지는걸아시나요,talk,스텔라이브|버튜버|2기생|히나|노래,
2026-08-12T14:28:36.916127+00:00,4515b179f86b67b4981e16190817c580,네네코 마시로,Neneko Mashiro,UNIVERSE,talent,209895,CLOSE,False,,,,,,2376
2026-08-12T14:28:36.916127+00:00,4325b1d5bbc321fad3042306646e2e50,아카네 리제,Akane Lize,UNIVERSE,talent,252963,CLOSE,False,,,,,,2497
2026-08-12T14:28:36.916127+00:00,a6c4ddb09cdb160478996007bff35296,아라하시 타비,Arahashi Tabi,UNIVERSE,talent,255420,OPEN,True,3852,0,"W. 베리베리스트로베리,살짝미쳐봐",로블록스,스텔라이브|타비|버튜버|2기생,
2026-08-12T14:28:36.916127+00:00,64d76089fba26b180d9c9e48a32600d9,텐코 시부키,Tenko Shibuki,CLICHE,talent,241220,OPEN,True,5389,0,"tv합방 w.타비, 린",로블록스,스텔라이브|시부키|3기생|대박박|부키,
2026-08-12T14:28:36.916127+00:00,516937b5f85cbf2249ce31b0ad046b0f,아오쿠모 린,Aokumo Rin,CLICHE,talent,219218,OPEN,True,3311,0,"로블록스 w. 타비, 부키",로블록스,스텔라이브|3기생|아오쿠모린|vtuber|뇨,
2026-08-12T14:28:36.916127+00:00,4d812b586ff63f8a2946e64fa860bbf5,하나코 나나,Hanako Nana,CLICHE,talent,207549,OPEN,True,3122,0,역전재판 3-2 더빙 플레이,역전재판 3,스텔라이브|나나|하나코나나|클리셰,
2026-08-12T14:28:36.916127+00:00,8fd39bb8de623317de90654718638b10,유즈하 리코,Yuzuha Riko,CLICHE,talent,209392,CLOSE,False,,,,,,2307
2026-08-12T14:38:44.319630+00:00,b5ed5db484d04faf4d150aedd362f34b,강지,Kangji,STELLIVE,founder,287279,CLOSE,False,,,,,,1665
2026-08-12T14:38:44.319630+00:00,45e71a76e949e16a34764deb962f9d9f,아야츠노 유니,Ayatsuno Yuni,EVERYS,talent,301998,OPEN,True,2511,0,"옵치 신케 나왔떄 !!!!
",talk,스텔라이브|유니,
2026-08-12T14:38:44.319630+00:00,36ddb9bb4f17593b60f1b63cec86611d,사키하네 후야,Sakihane Huya,EVERYS,talent,156829,CLOSE,False,,,,,,1546
2026-08-12T14:38:44.319630+00:00,b044e3a3b9259246bc92e863e7d3f3b8,시라유키 히나,Shirayuki Hina,UNIVERSE,talent,236914,OPEN,True,2898,0,오늘 밤에 시간당100개의 별동뼐이쏟아지는걸아시나요,talk,스텔라이브|버튜버|2기생|히나|노래,
2026-08-12T14:38:44.319630+00:00,4515b179f86b67b4981e16190817c580,네네코 마시로,Neneko Mashiro,UNIVERSE,talent,209894,CLOSE,False,,,,,,2376
2026-08-12T14:38:44.319630+00:00,4325b1d5bbc321fad3042306646e2e50,아카네 리제,Akane Lize,UNIVERSE,talent,252963,CLOSE,False,,,,,,2497
2026-08-12T14:38:44.319630+00:00,a6c4ddb09cdb160478996007bff35296,아라하시 타비,Arahashi Tabi,UNIVERSE,talent,255419,OPEN,True,3852,0,"W. 베리베리스트로베리,살짝미쳐봐",로블록스,스텔라이브|타비|버튜버|2기생,
2026-08-12T14:38:44.319630+00:00,64d76089fba26b180d9c9e48a32600d9,텐코 시부키,Tenko Shibuki,CLICHE,talent,241224,OPEN,True,5507,0,"tv합방 w.타비, 린",로블록스,스텔라이브|시부키|3기생|대박박|부키,
2026-08-12T14:38:44.319630+00:00,516937b5f85cbf2249ce31b0ad046b0f,아오쿠모 린,Aokumo Rin,CLICHE,talent,219220,OPEN,True,3342,0,"로블록스 w. 타비, 부키",로블록스,스텔라이브|3기생|아오쿠모린|vtuber|뇨,
2026-08-12T14:38:44.319630+00:00,4d812b586ff63f8a2946e64fa860bbf5,하나코 나나,Hanako Nana,CLICHE,talent,207550,OPEN,True,3172,0,역전재판 3-2 더빙 플레이,역전재판 3,스텔라이브|나나|하나코나나|클리셰,
2026-08-12T14:38:44.319630+00:00,8fd39bb8de623317de90654718638b10,유즈하 리코,Yuzuha Riko,CLICHE,talent,209394,CLOSE,False,,,,,,2307
2026-08-13T01:56:54.567519+00:00,b5ed5db484d04faf4d150aedd362f34b,강지,Kangji,STELLIVE,founder,287338,CLOSE,False,,,,,,1665
2026-08-13T01:56:54.567519+00:00,45e71a76e949e16a34764deb962f9d9f,아야츠노 유니,Ayatsuno Yuni,EVERYS,talent,302023,CLOSE,False,,,,,,2370
2026-08-13T01:56:54.567519+00:00,36ddb9bb4f17593b60f1b63cec86611d,사키하네 후야,Sakihane Huya,EVERYS,talent,156852,CLOSE,False,,,,,,1546
2026-08-13T01:56:54.567519+00:00,b044e3a3b9259246bc92e863e7d3f3b8,시라유키 히나,Shirayuki Hina,UNIVERSE,talent,236959,CLOSE,False,,,,,,2865
2026-08-13T01:56:54.567519+00:00,4515b179f86b67b4981e16190817c580,네네코 마시로,Neneko Mashiro,UNIVERSE,talent,209926,CLOSE,False,,,,,,2376
2026-08-13T01:56:54.567519+00:00,4325b1d5bbc321fad3042306646e2e50,아카네 리제,Akane Lize,UNIVERSE,talent,252995,CLOSE,False,,,,,,2497
2026-08-13T01:56:54.567519+00:00,a6c4ddb09cdb160478996007bff35296,아라하시 타비,Arahashi Tabi,UNIVERSE,talent,255455,CLOSE,False,,,,,,3412
2026-08-13T01:56:54.567519+00:00,64d76089fba26b180d9c9e48a32600d9,텐코 시부키,Tenko Shibuki,CLICHE,talent,241291,CLOSE,False,,,,,,4629
2026-08-13T01:56:54.567519+00:00,516937b5f85cbf2249ce31b0ad046b0f,아오쿠모 린,Aokumo Rin,CLICHE,talent,219285,CLOSE,False,,,,,,2702
2026-08-13T01:56:54.567519+00:00,4d812b586ff63f8a2946e64fa860bbf5,하나코 나나,Hanako Nana,CLICHE,talent,207587,CLOSE,False,,,,,,2391
2026-08-13T01:56:54.567519+00:00,8fd39bb8de623317de90654718638b10,유즈하 리코,Yuzuha Riko,CLICHE,talent,209421,CLOSE,False,,,,,,2307
2026-08-13T03:34:22.445895+00:00,b5ed5db484d04faf4d150aedd362f34b,강지,Kangji,STELLIVE,founder,287345,CLOSE,False,,,,,,1665
2026-08-13T03:34:22.445895+00:00,45e71a76e949e16a34764deb962f9d9f,아야츠노 유니,Ayatsuno Yuni,EVERYS,talent,302029,CLOSE,False,,,,,,2370
2026-08-13T03:34:22.445895+00:00,36ddb9bb4f17593b60f1b63cec86611d,사키하네 후야,Sakihane Huya,EVERYS,talent,156854,CLOSE,False,,,,,,1546
2026-08-13T03:34:22.445895+00:00,b044e3a3b9259246bc92e863e7d3f3b8,시라유키 히나,Shirayuki Hina,UNIVERSE,talent,236962,CLOSE,False,,,,,,2865
2026-08-13T03:34:22.445895+00:00,4515b179f86b67b4981e16190817c580,네네코 마시로,Neneko Mashiro,UNIVERSE,talent,209929,CLOSE,False,,,,,,2376
2026-08-13T03:34:22.445895+00:00,4325b1d5bbc321fad3042306646e2e50,아카네 리제,Akane Lize,UNIVERSE,talent,253000,CLOSE,False,,,,,,2497
2026-08-13T03:34:22.445895+00:00,a6c4ddb09cdb160478996007bff35296,아라하시 타비,Arahashi Tabi,UNIVERSE,talent,255466,CLOSE,False,,,,,,3412
2026-08-13T03:34:22.445895+00:00,64d76089fba26b180d9c9e48a32600d9,텐코 시부키,Tenko Shibuki,CLICHE,talent,241294,CLOSE,False,,,,,,4629
2026-08-13T03:34:22.445895+00:00,516937b5f85cbf2249ce31b0ad046b0f,아오쿠모 린,Aokumo Rin,CLICHE,talent,219291,CLOSE,False,,,,,,2702
2026-08-13T03:34:22.445895+00:00,4d812b586ff63f8a2946e64fa860bbf5,하나코 나나,Hanako Nana,CLICHE,talent,207588,CLOSE,False,,,,,,2391
2026-08-13T03:34:22.445895+00:00,8fd39bb8de623317de90654718638b10,유즈하 리코,Yuzuha Riko,CLICHE,talent,209425,CLOSE,False,,,,,,2307
2026-08-13T05:22:07.646932+00:00,b5ed5db484d04faf4d150aedd362f34b,강지,Kangji,STELLIVE,founder,287362,OPEN,True,3032,0,( ܸ ⩌⩊⩌ ܸ ),데드 바이 데이라이트,강지|스텔라이브|픽셀네트워크,
2026-08-13T05:22:07.646932+00:00,45e71a76e949e16a34764deb962f9d9f,아야츠노 유니,Ayatsuno Yuni,EVERYS,talent,302030,CLOSE,False,,,,,,2370
2026-08-13T05:22:07.646932+00:00,36ddb9bb4f17593b60f1b63cec86611d,사키하네 후야,Sakihane Huya,EVERYS,talent,156855,CLOSE,False,,,,,,1546
2026-08-13T05:22:07.646932+00:00,b044e3a3b9259246bc92e863e7d3f3b8,시라유키 히나,Shirayuki Hina,UNIVERSE,talent,236961,CLOSE,False,,,,,,2865
2026-08-13T05:22:07.646932+00:00,4515b179f86b67b4981e16190817c580,네네코 마시로,Neneko Mashiro,UNIVERSE,talent,209926,CLOSE,False,,,,,,2376
2026-08-13T05:22:07.646932+00:00,4325b1d5bbc321fad3042306646e2e50,아카네 리제,Akane Lize,UNIVERSE,talent,253003,CLOSE,False,,,,,,2497
2026-08-13T05:22:07.646932+00:00,a6c4ddb09cdb160478996007bff35296,아라하시 타비,Arahashi Tabi,UNIVERSE,talent,255470,CLOSE,False,,,,,,3412
2026-08-13T05:22:07.646932+00:00,64d76089fba26b180d9c9e48a32600d9,텐코 시부키,Tenko Shibuki,CLICHE,talent,241300,CLOSE,False,,,,,,4629
2026-08-13T05:22:07.646932+00:00,516937b5f85cbf2249ce31b0ad046b0f,아오쿠모 린,Aokumo Rin,CLICHE,talent,219296,CLOSE,False,,,,,,2702
2026-08-13T05:22:07.646932+00:00,4d812b586ff63f8a2946e64fa860bbf5,하나코 나나,Hanako Nana,CLICHE,talent,207592,CLOSE,False,,,,,,2391
2026-08-13T05:22:07.646932+00:00,8fd39bb8de623317de90654718638b10,유즈하 리코,Yuzuha Riko,CLICHE,talent,209430,CLOSE,False,,,,,,2307
2026-08-13T06:57:57.877806+00:00,b5ed5db484d04faf4d150aedd362f34b,강지,Kangji,STELLIVE,founder,287399,OPEN,True,3407,0,( ܸ ⩌⩊⩌ ܸ ),데드 바이 데이라이트,강지|스텔라이브|픽셀네트워크,
2026-08-13T06:57:57.877806+00:00,45e71a76e949e16a34764deb962f9d9f,아야츠노 유니,Ayatsuno Yuni,EVERYS,talent,302031,CLOSE,False,,,,,,2370
2026-08-13T06:57:57.877806+00:00,36ddb9bb4f17593b60f1b63cec86611d,사키하네 후야,Sakihane Huya,EVERYS,talent,156856,CLOSE,False,,,,,,1546
2026-08-13T06:57:57.877806+00:00,b044e3a3b9259246bc92e863e7d3f3b8,시라유키 히나,Shirayuki Hina,UNIVERSE,talent,236960,CLOSE,False,,,,,,2865
2026-08-13T06:57:57.877806+00:00,4515b179f86b67b4981e16190817c580,네네코 마시로,Neneko Mashiro,UNIVERSE,talent,209930,CLOSE,False,,,,,,2376
2026-08-13T06:57:57.877806+00:00,4325b1d5bbc321fad3042306646e2e50,아카네 리제,Akane Lize,UNIVERSE,talent,253008,CLOSE,False,,,,,,2497
2026-08-13T06:57:57.877806+00:00,a6c4ddb09cdb160478996007bff35296,아라하시 타비,Arahashi Tabi,UNIVERSE,talent,255474,CLOSE,False,,,,,,3412
2026-08-13T06:57:57.877806+00:00,64d76089fba26b180d9c9e48a32600d9,텐코 시부키,Tenko Shibuki,CLICHE,talent,241306,CLOSE,False,,,,,,4629
2026-08-13T06:57:57.877806+00:00,516937b5f85cbf2249ce31b0ad046b0f,아오쿠모 린,Aokumo Rin,CLICHE,talent,219303,CLOSE,False,,,,,,2702
2026-08-13T06:57:57.877806+00:00,4d812b586ff63f8a2946e64fa860bbf5,하나코 나나,Hanako Nana,CLICHE,talent,207598,CLOSE,False,,,,,,2391
2026-08-13T06:57:57.877806+00:00,8fd39bb8de623317de90654718638b10,유즈하 리코,Yuzuha Riko,CLICHE,talent,209435,CLOSE,False,,,,,,2307
2026-08-13T08:39:01.880907+00:00,b5ed5db484d04faf4d150aedd362f34b,강지,Kangji,STELLIVE,founder,287437,OPEN,True,2462,0,( ܸ ⩌⩊⩌ ܸ ),데드 바이 데이라이트,강지|스텔라이브|픽셀네트워크,
2026-08-13T08:39:01.880907+00:00,45e71a76e949e16a34764deb962f9d9f,아야츠노 유니,Ayatsuno Yuni,EVERYS,talent,302042,CLOSE,False,,,,,,2370
2026-08-13T08:39:01.880907+00:00,36ddb9bb4f17593b60f1b63cec86611d,사키하네 후야,Sakihane Huya,EVERYS,talent,156870,CLOSE,False,,,,,,1546
2026-08-13T08:39:01.880907+00:00,b044e3a3b9259246bc92e863e7d3f3b8,시라유키 히나,Shirayuki Hina,UNIVERSE,talent,236968,CLOSE,False,,,,,,2865
2026-08-13T08:39:01.880907+00:00,4515b179f86b67b4981e16190817c580,네네코 마시로,Neneko Mashiro,UNIVERSE,talent,209939,CLOSE,False,,,,,,2376
2026-08-13T08:39:01.880907+00:00,4325b1d5bbc321fad3042306646e2e50,아카네 리제,Akane Lize,UNIVERSE,talent,253020,CLOSE,False,,,,,,2497
2026-08-13T08:39:01.880907+00:00,a6c4ddb09cdb160478996007bff35296,아라하시 타비,Arahashi Tabi,UNIVERSE,talent,255480,CLOSE,False,,,,,,3412
2026-08-13T08:39:01.880907+00:00,64d76089fba26b180d9c9e48a32600d9,텐코 시부키,Tenko Shibuki,CLICHE,talent,241308,CLOSE,False,,,,,,4629
2026-08-13T08:39:01.880907+00:00,516937b5f85cbf2249ce31b0ad046b0f,아오쿠모 린,Aokumo Rin,CLICHE,talent,219318,CLOSE,False,,,,,,2702
2026-08-13T08:39:01.880907+00:00,4d812b586ff63f8a2946e64fa860bbf5,하나코 나나,Hanako Nana,CLICHE,talent,207633,OPEN,True,4590,0,포린이 혼자하다가 드디어 방송에서 포챔스키다,포켓몬 챔피언스,스텔라이브|나나|하나코나나|클리셰,
2026-08-13T08:39:01.880907+00:00,8fd39bb8de623317de90654718638b10,유즈하 리코,Yuzuha Riko,CLICHE,talent,209443,CLOSE,False,,,,,,2307
2026-08-13T09:47:36.377343+00:00,b5ed5db484d04faf4d150aedd362f34b,강지,Kangji,STELLIVE,founder,287455,OPEN,True,2093,0,( ܸ ⩌⩊⩌ ܸ ),데드 바이 데이라이트,강지|스텔라이브|픽셀네트워크,
2026-08-13T09:47:36.377343+00:00,45e71a76e949e16a34764deb962f9d9f,아야츠노 유니,Ayatsuno Yuni,EVERYS,talent,302043,CLOSE,False,,,,,,2370
2026-08-13T09:47:36.377343+00:00,36ddb9bb4f17593b60f1b63cec86611d,사키하네 후야,Sakihane Huya,EVERYS,talent,156880,CLOSE,False,,,,,,1546
2026-08-13T09:47:36.377343+00:00,b044e3a3b9259246bc92e863e7d3f3b8,시라유키 히나,Shirayuki Hina,UNIVERSE,talent,236972,OPEN,True,1663,0,그냥별똥별기다리다가기절한사람,talk,스텔라이브|버튜버|2기생|히나|노래,
2026-08-13T09:47:36.377343+00:00,4515b179f86b67b4981e16190817c580,네네코 마시로,Neneko Mashiro,UNIVERSE,talent,209941,CLOSE,False,,,,,,2376
2026-08-13T09:47:36.377343+00:00,4325b1d5bbc321fad3042306646e2e50,아카네 리제,Akane Lize,UNIVERSE,talent,253029,CLOSE,False,,,,,,2497
2026-08-13T09:47:36.377343+00:00,a6c4ddb09cdb160478996007bff35296,아라하시 타비,Arahashi Tabi,UNIVERSE,talent,255490,CLOSE,False,,,,,,3412
2026-08-13T09:47:36.377343+00:00,64d76089fba26b180d9c9e48a32600d9,텐코 시부키,Tenko Shibuki,CLICHE,talent,241320,OPEN,True,2484,0,오늘은 상상도 못한 ㄴㅇㄱ,talk,스텔라이브|시부키|3기생|대박박|부키,
2026-08-13T09:47:36.377343+00:00,516937b5f85cbf2249ce31b0ad046b0f,아오쿠모 린,Aokumo Rin,CLICHE,talent,219328,CLOSE,False,,,,,,2702
2026-08-13T09:47:36.377343+00:00,4d812b586ff63f8a2946e64fa860bbf5,하나코 나나,Hanako Nana,CLICHE,talent,207655,OPEN,True,2981,0,오늘은 이거저거 게임중독자 데이,에이펙스 레전드,스텔라이브|나나|하나코나나|클리셰,
2026-08-13T09:47:36.377343+00:00,8fd39bb8de623317de90654718638b10,유즈하 리코,Yuzuha Riko,CLICHE,talent,209459,OPEN,True,3900,0,드디어 빙하기 끝! [시키샤카샤카슈-와! 100만회 감사합니당]💚,talk,스텔라이브|3기생|리코|클리셰,
2026-08-13T10:48:12.589345+00:00,b5ed5db484d04faf4d150aedd362f34b,강지,Kangji,STELLIVE,founder,287476,OPEN,True,2548,0,( ܸ ⩌⩊⩌ ܸ ),데드 바이 데이라이트,강지|스텔라이브|픽셀네트워크,
2026-08-13T10:48:12.589345+00:00,45e71a76e949e16a34764deb962f9d9f,아야츠노 유니,Ayatsuno Yuni,EVERYS,talent,302044,OPEN,True,1892,0,마지막 내전 ! ,talk,스텔라이브|유니,
2026-08-13T10:48:12.589345+00:00,36ddb9bb4f17593b60f1b63cec86611d,사키하네 후야,Sakihane Huya,EVERYS,talent,156884,CLOSE,False,,,,,,1546
2026-08-13T10:48:12.589345+00:00,b044e3a3b9259246bc92e863e7d3f3b8,시라유키 히나,Shirayuki Hina,UNIVERSE,talent,236981,OPEN,True,2040,0,저랑 리버스: 1999 하실 분 [광고],리버스: 1999,스텔라이브|버튜버|2기생|히나|노래,
2026-08-13T10:48:12.589345+00:00,4515b179f86b67b4981e16190817c580,네네코 마시로,Neneko Mashiro,UNIVERSE,talent,209943,CLOSE,False,,,,,,2376
2026-08-13T10:48:12.589345+00:00,4325b1d5bbc321fad3042306646e2e50,아카네 리제,Akane Lize,UNIVERSE,talent,253032,CLOSE,False,,,,,,1459
2026-08-13T10:48:12.589345+00:00,a6c4ddb09cdb160478996007bff35296,아라하시 타비,Arahashi Tabi,UNIVERSE,talent,255497,CLOSE,False,,,,,,3412
2026-08-13T10:48:12.589345+00:00,64d76089fba26b180d9c9e48a32600d9,텐코 시부키,Tenko Shibuki,CLICHE,talent,241328,OPEN,True,5346,0,그놈의 대두 스페이스 ,데드 스페이스,스텔라이브|시부키|3기생|대박박|부키,
2026-08-13T10:48:12.589345+00:00,516937b5f85cbf2249ce31b0ad046b0f,아오쿠모 린,Aokumo Rin,CLICHE,talent,219337,OPEN,True,116,0,"데바데 2:8 w. 사장님, 리제, 리코",데드 바이 데이라이트,스텔라이브|3기생|아오쿠모린|vtuber|뇨,
2026-08-13T10:48:12.589345+00:00,4d812b586ff63f8a2946e64fa860bbf5,하나코 나나,Hanako Nana,CLICHE,talent,207662,OPEN,True,3186,0,우효오오오오오옹ㅇ오ㅗ옸,이터널 리턴,스텔라이브|나나|하나코나나|클리셰,
2026-08-13T10:48:12.589345+00:00,8fd39bb8de623317de90654718638b10,유즈하 리코,Yuzuha Riko,CLICHE,talent,209473,OPEN,True,4589,0,데바데 w. 강지 리제 린 [시키샤카샤카슈-와! 100만회 감사합니당]💚,데드 바이 데이라이트,스텔라이브|3기생|리코|클리셰,
2026-08-13T11:35:57.477508+00:00,b5ed5db484d04faf4d150aedd362f34b,강지,Kangji,STELLIVE,founder,287502,OPEN,True,2109,0,( ܸ ⩌⩊⩌ ܸ ),데드 바이 데이라이트,강지|스텔라이브|픽셀네트워크,
2026-08-13T11:35:57.477508+00:00,45e71a76e949e16a34764deb962f9d9f,아야츠노 유니,Ayatsuno Yuni,EVERYS,talent,302056,OPEN,True,2911,0,마지막 내전 ! ,오버워치,스텔라이브|유니,
2026-08-13T11:35:57.477508+00:00,36ddb9bb4f17593b60f1b63cec86611d,사키하네 후야,Sakihane Huya,EVERYS,talent,156896,CLOSE,False,,,,,,1546
2026-08-13T11:35:57.477508+00:00,b044e3a3b9259246bc92e863e7d3f3b8,시라유키 히나,Shirayuki Hina,UNIVERSE,talent,236989,OPEN,True,1657,0,저랑 리버스: 1999 하실 분 [광고],리버스: 1999,스텔라이브|버튜버|2기생|히나|노래,
2026-08-13T11:35:57.477508+00:00,4515b179f86b67b4981e16190817c580,네네코 마시로,Neneko Mashiro,UNIVERSE,talent,209952,CLOSE,False,,,,,,2376
2026-08-13T11:35:57.477508+00:00,4325b1d5bbc321fad3042306646e2e50,아카네 리제,Akane Lize,UNIVERSE,talent,253055,CLOSE,False,,,,,,2597
2026-08-13T11:35:57.477508+00:00,a6c4ddb09cdb160478996007bff35296,아라하시 타비,Arahashi Tabi,UNIVERSE,talent,255505,CLOSE,False,,,,,,3412
2026-08-13T11:35:57.477508+00:00,64d76089fba26b180d9c9e48a32600d9,텐코 시부키,Tenko Shibuki,CLICHE,talent,241346,OPEN,True,4879,0,그놈의 대두 스페이스 ,데드 스페이스,스텔라이브|시부키|3기생|대박박|부키,
2026-08-13T11:35:57.477508+00:00,516937b5f85cbf2249ce31b0ad046b0f,아오쿠모 린,Aokumo Rin,CLICHE,talent,219369,OPEN,True,2587,0,"데바데 2:8 w. 사장님, 리제, 리코",데드 바이 데이라이트,스텔라이브|3기생|아오쿠모린|vtuber|뇨,
2026-08-13T11:35:57.477508+00:00,4d812b586ff63f8a2946e64fa860bbf5,하나코 나나,Hanako Nana,CLICHE,talent,207682,OPEN,True,3172,0,우효오오오오오옹ㅇ오ㅗ옸,이터널 리턴,스텔라이브|나나|하나코나나|클리셰,
2026-08-13T11:35:57.477508+00:00,8fd39bb8de623317de90654718638b10,유즈하 리코,Yuzuha Riko,CLICHE,talent,209508,OPEN,True,3924,0,데바데 w. 강지 리제 린 [시키샤카샤카슈-와! 100만회 감사합니당]💚,데드 바이 데이라이트,스텔라이브|3기생|리코|클리셰,
2026-08-13T12:31:52.258788+00:00,b5ed5db484d04faf4d150aedd362f34b,강지,Kangji,STELLIVE,founder,287527,OPEN,True,2090,0,( ܸ ⩌⩊⩌ ܸ ),데드 바이 데이라이트,강지|스텔라이브|픽셀네트워크,
2026-08-13T12:31:52.258788+00:00,45e71a76e949e16a34764deb962f9d9f,아야츠노 유니,Ayatsuno Yuni,EVERYS,talent,302056,OPEN,True,3232,0,마지막 내전 ! ,오버워치,스텔라이브|유니,
2026-08-13T12:31:52.258788+00:00,36ddb9bb4f17593b60f1b63cec86611d,사키하네 후야,Sakihane Huya,EVERYS,talent,156901,CLOSE,False,,,,,,1546
2026-08-13T12:31:52.258788+00:00,b044e3a3b9259246bc92e863e7d3f3b8,시라유키 히나,Shirayuki Hina,UNIVERSE,talent,236997,OPEN,True,1700,0,방제모,talk,스텔라이브|버튜버|2기생|히나|노래,
2026-08-13T12:31:52.258788+00:00,4515b179f86b67b4981e16190817c580,네네코 마시로,Neneko Mashiro,UNIVERSE,talent,209960,CLOSE,False,,,,,,2376
2026-08-13T12:31:52.258788+00:00,4325b1d5bbc321fad3042306646e2e50,아카네 리제,Akane Lize,UNIVERSE,talent,253073,OPEN,True,2497,0,"헤헿 하합빵해요합방 헤헿 (w.사쬬, 린, 리코)",talk,스텔라이브|아카네리제,
2026-08-13T12:31:52.258788+00:00,a6c4ddb09cdb160478996007bff35296,아라하시 타비,Arahashi Tabi,UNIVERSE,talent,255522,CLOSE,False,,,,,,3412
2026-08-13T12:31:52.258788+00:00,64d76089fba26b180d9c9e48a32600d9,텐코 시부키,Tenko Shibuki,CLICHE,talent,241364,OPEN,True,5043,0,그놈의 대두 스페이스 ,데드 스페이스,스텔라이브|시부키|3기생|대박박|부키,
2026-08-13T12:31:52.258788+00:00,516937b5f85cbf2249ce31b0ad046b0f,아오쿠모 린,Aokumo Rin,CLICHE,talent,219394,OPEN,True,2918,0,"데바데 w. 사장님, 리제, 리코, 춘향님",데드 바이 데이라이트,스텔라이브|3기생|아오쿠모린|vtuber|뇨,
2026-08-13T12:31:52.258788+00:00,4d812b586ff63f8a2946e64fa860bbf5,하나코 나나,Hanako Nana,CLICHE,talent,207703,CLOSE,False,,,,,,3064
2026-08-13T12:31:52.258788+00:00,8fd39bb8de623317de90654718638b10,유즈하 리코,Yuzuha Riko,CLICHE,talent,209522,OPEN,True,4000,0,데바데 w. 강지 리제 린 이춘향 [시키샤카샤카슈-와! 100만회 감사합니당]💚,데드 바이 데이라이트,스텔라이브|3기생|리코|클리셰,
2026-08-13T14:07:06.655294+00:00,b5ed5db484d04faf4d150aedd362f34b,강지,Kangji,STELLIVE,founder,287573,OPEN,True,2044,0,( ܸ ⩌⩊⩌ ܸ ),데드 바이 데이라이트,강지|스텔라이브|픽셀네트워크,
2026-08-13T14:07:06.655294+00:00,45e71a76e949e16a34764deb962f9d9f,아야츠노 유니,Ayatsuno Yuni,EVERYS,talent,302069,OPEN,True,3310,0,마지막 내전 ! ,오버워치,스텔라이브|유니,
2026-08-13T14:07:06.655294+00:00,36ddb9bb4f17593b60f1b63cec86611d,사키하네 후야,Sakihane Huya,EVERYS,talent,156915,CLOSE,False,,,,,,1546
2026-08-13T14:07:06.655294+00:00,b044e3a3b9259246bc92e863e7d3f3b8,시라유키 히나,Shirayuki Hina,UNIVERSE,talent,237018,OPEN,True,2992,0,포평 ;;,talk,스텔라이브|버튜버|2기생|히나|노래,
2026-08-13T14:07:06.655294+00:00,4515b179f86b67b4981e16190817c580,네네코 마시로,Neneko Mashiro,UNIVERSE,talent,209970,CLOSE,False,,,,,,2376
2026-08-13T14:07:06.655294+00:00,4325b1d5bbc321fad3042306646e2e50,아카네 리제,Akane Lize,UNIVERSE,talent,253117,OPEN,True,2958,0,"헤헿 하합빵해요합방 헤헿 (w.사쬬, 린, 리코, 춘향님)",데드 바이 데이라이트,스텔라이브|아카네리제,
2026-08-13T14:07:06.655294+00:00,a6c4ddb09cdb160478996007bff35296,아라하시 타비,Arahashi Tabi,UNIVERSE,talent,255533,CLOSE,False,,,,,,3412
2026-08-13T14:07:06.655294+00:00,64d76089fba26b180d9c9e48a32600d9,텐코 시부키,Tenko Shibuki,CLICHE,talent,241379,OPEN,True,5060,0,그놈의 대두 스페이스 ,데드 스페이스,스텔라이브|시부키|3기생|대박박|부키,
2026-08-13T14:07:06.655294+00:00,516937b5f85cbf2249ce31b0ad046b0f,아오쿠모 린,Aokumo Rin,CLICHE,talent,219438,OPEN,True,3463,0,"데바데 w. 사장님, 리제, 리코, 춘향님",데드 바이 데이라이트,스텔라이브|3기생|아오쿠모린|vtuber|뇨,
2026-08-13T14:07:06.655294+00:00,4d812b586ff63f8a2946e64fa860bbf5,하나코 나나,Hanako Nana,CLICHE,talent,207721,CLOSE,False,,,,,,3064
2026-08-13T14:07:06.655294+00:00,8fd39bb8de623317de90654718638b10,유즈하 리코,Yuzuha Riko,CLICHE,talent,209559,OPEN,True,4003,0,데바데 w. 강지 리제 린 이춘향 [시키샤카샤카슈-와! 100만회 감사합니당]💚,데드 바이 데이라이트,스텔라이브|3기생|리코|클리셰,
2026-08-13T15:14:35.134318+00:00,b5ed5db484d04faf4d150aedd362f34b,강지,Kangji,STELLIVE,founder,287598,OPEN,True,2060,0,( ܸ ⩌⩊⩌ ܸ ),데드 바이 데이라이트,강지|스텔라이브|픽셀네트워크,
2026-08-13T15:14:35.134318+00:00,45e71a76e949e16a34764deb962f9d9f,아야츠노 유니,Ayatsuno Yuni,EVERYS,talent,302076,CLOSE,False,,,,,,2239
2026-08-13T15:14:35.134318+00:00,36ddb9bb4f17593b60f1b63cec86611d,사키하네 후야,Sakihane Huya,EVERYS,talent,156923,CLOSE,False,,,,,,1546
2026-08-13T15:14:35.134318+00:00,b044e3a3b9259246bc92e863e7d3f3b8,시라유키 히나,Shirayuki Hina,UNIVERSE,talent,237044,OPEN,True,3752,0,포평 ;;,talk,스텔라이브|버튜버|2기생|히나|노래,
2026-08-13T15:14:35.134318+00:00,4515b179f86b67b4981e16190817c580,네네코 마시로,Neneko Mashiro,UNIVERSE,talent,209977,CLOSE,False,,,,,,2376
2026-08-13T15:14:35.134318+00:00,4325b1d5bbc321fad3042306646e2e50,아카네 리제,Akane Lize,UNIVERSE,talent,253141,OPEN,True,2862,0,"헤헿 하합빵해요합방 헤헿 (w.사쬬, 린, 리코, 춘향님)",데드 바이 데이라이트,스텔라이브|아카네리제,
2026-08-13T15:14:35.134318+00:00,a6c4ddb09cdb160478996007bff35296,아라하시 타비,Arahashi Tabi,UNIVERSE,talent,255545,CLOSE,False,,,,,,3412
2026-08-13T15:14:35.134318+00:00,64d76089fba26b180d9c9e48a32600d9,텐코 시부키,Tenko Shibuki,CLICHE,talent,241392,OPEN,True,4545,0,그놈의 대두 스페이스 ,데드 스페이스,스텔라이브|시부키|3기생|대박박|부키,
2026-08-13T15:14:35.134318+00:00,516937b5f85cbf2249ce31b0ad046b0f,아오쿠모 린,Aokumo Rin,CLICHE,talent,219458,OPEN,True,3295,0,"데바데 w. 사장님, 리제, 리코, 춘향님",데드 바이 데이라이트,스텔라이브|3기생|아오쿠모린|vtuber|뇨,
2026-08-13T15:14:35.134318+00:00,4d812b586ff63f8a2946e64fa860bbf5,하나코 나나,Hanako Nana,CLICHE,talent,207732,CLOSE,False,,,,,,3064
2026-08-13T15:14:35.134318+00:00,8fd39bb8de623317de90654718638b10,유즈하 리코,Yuzuha Riko,CLICHE,talent,209584,OPEN,True,3231,0,데바데 w. 강지 리제 린 이춘향 [시키샤카샤카슈-와! 100만회 감사합니당]💚,데드 바이 데이라이트,스텔라이브|3기생|리코|클리셰,
2026-08-13T16:14:02.169055+00:00,b5ed5db484d04faf4d150aedd362f34b,강지,Kangji,STELLIVE,founder,287615,CLOSE,False,,,,,,1672
2026-08-13T16:14:02.169055+00:00,45e71a76e949e16a34764deb962f9d9f,아야츠노 유니,Ayatsuno Yuni,EVERYS,talent,302084,CLOSE,False,,,,,,2239
2026-08-13T16:14:02.169055+00:00,36ddb9bb4f17593b60f1b63cec86611d,사키하네 후야,Sakihane Huya,EVERYS,talent,156933,CLOSE,False,,,,,,1546
2026-08-13T16:14:02.169055+00:00,b044e3a3b9259246bc92e863e7d3f3b8,시라유키 히나,Shirayuki Hina,UNIVERSE,talent,237066,CLOSE,False,,,,,,2810
2026-08-13T16:14:02.169055+00:00,4515b179f86b67b4981e16190817c580,네네코 마시로,Neneko Mashiro,UNIVERSE,talent,209984,CLOSE,False,,,,,,2376
2026-08-13T16:14:02.169055+00:00,4325b1d5bbc321fad3042306646e2e50,아카네 리제,Akane Lize,UNIVERSE,talent,253162,OPEN,True,2805,0,헤헿 새셋팅쟈랑할게,talk,스텔라이브|아카네리제,
2026-08-13T16:14:02.169055+00:00,a6c4ddb09cdb160478996007bff35296,아라하시 타비,Arahashi Tabi,UNIVERSE,talent,255560,CLOSE,False,,,,,,3412
2026-08-13T16:14:02.169055+00:00,64d76089fba26b180d9c9e48a32600d9,텐코 시부키,Tenko Shibuki,CLICHE,talent,241416,OPEN,True,4404,0,그놈의 대두 스페이스 ,데드 스페이스,스텔라이브|시부키|3기생|대박박|부키,
2026-08-13T16:14:02.169055+00:00,516937b5f85cbf2249ce31b0ad046b0f,아오쿠모 린,Aokumo Rin,CLICHE,talent,219481,OPEN,True,3006,0,"데바데 w. 사장님, 리제, 리코, 춘향님",데드 바이 데이라이트,스텔라이브|3기생|아오쿠모린|vtuber|뇨,
2026-08-13T16:14:02.169055+00:00,4d812b586ff63f8a2946e64fa860bbf5,하나코 나나,Hanako Nana,CLICHE,talent,207741,CLOSE,False,,,,,,3064
2026-08-13T16:14:02.169055+00:00,8fd39bb8de623317de90654718638b10,유즈하 리코,Yuzuha Riko,CLICHE,talent,209599,OPEN,True,2864,0, [시키샤카샤카슈-와! 100만회 감사합니당]💚,오버워치,스텔라이브|3기생|리코|클리셰,
2026-08-13T17:17:34.474684+00:00,b5ed5db484d04faf4d150aedd362f34b,강지,Kangji,STELLIVE,founder,287632,CLOSE,False,,,,,,1672
2026-08-13T17:17:34.474684+00:00,45e71a76e949e16a34764deb962f9d9f,아야츠노 유니,Ayatsuno Yuni,EVERYS,talent,302092,CLOSE,False,,,,,,2239
2026-08-13T17:17:34.474684+00:00,36ddb9bb4f17593b60f1b63cec86611d,사키하네 후야,Sakihane Huya,EVERYS,talent,156939,CLOSE,False,,,,,,1546
2026-08-13T17:17:34.474684+00:00,b044e3a3b9259246bc92e863e7d3f3b8,시라유키 히나,Shirayuki Hina,UNIVERSE,talent,237075,CLOSE,False,,,,,,2810
2026-08-13T17:17:34.474684+00:00,4515b179f86b67b4981e16190817c580,네네코 마시로,Neneko Mashiro,UNIVERSE,talent,209993,CLOSE,False,,,,,,2376
2026-08-13T17:17:34.474684+00:00,4325b1d5bbc321fad3042306646e2e50,아카네 리제,Akane Lize,UNIVERSE,talent,253180,CLOSE,False,,,,,,2811
2026-08-13T17:17:34.474684+00:00,a6c4ddb09cdb160478996007bff35296,아라하시 타비,Arahashi Tabi,UNIVERSE,talent,255570,CLOSE,False,,,,,,3412
2026-08-13T17:17:34.474684+00:00,64d76089fba26b180d9c9e48a32600d9,텐코 시부키,Tenko Shibuki,CLICHE,talent,241438,OPEN,True,4303,0,그놈의 대두 스페이스 ,데드 스페이스,스텔라이브|시부키|3기생|대박박|부키,
2026-08-13T17:17:34.474684+00:00,516937b5f85cbf2249ce31b0ad046b0f,아오쿠모 린,Aokumo Rin,CLICHE,talent,219495,CLOSE,False,,,,,,2882
2026-08-13T17:17:34.474684+00:00,4d812b586ff63f8a2946e64fa860bbf5,하나코 나나,Hanako Nana,CLICHE,talent,207751,CLOSE,False,,,,,,3064
2026-08-13T17:17:34.474684+00:00,8fd39bb8de623317de90654718638b10,유즈하 리코,Yuzuha Riko,CLICHE,talent,209631,OPEN,True,3056,0, [시키샤카샤카슈-와! 100만회 감사합니당]💚,오버워치,스텔라이브|3기생|리코|클리셰,
2026-08-13T18:13:06.665081+00:00,b5ed5db484d04faf4d150aedd362f34b,강지,Kangji,STELLIVE,founder,287633,CLOSE,False,,,,,,1672
2026-08-13T18:13:06.665081+00:00,45e71a76e949e16a34764deb962f9d9f,아야츠노 유니,Ayatsuno Yuni,EVERYS,talent,302090,CLOSE,False,,,,,,2239
2026-08-13T18:13:06.665081+00:00,36ddb9bb4f17593b60f1b63cec86611d,사키하네 후야,Sakihane Huya,EVERYS,talent,156941,CLOSE,False,,,,,,1546
2026-08-13T18:13:06.665081+00:00,b044e3a3b9259246bc92e863e7d3f3b8,시라유키 히나,Shirayuki Hina,UNIVERSE,talent,237070,CLOSE,False,,,,,,2810
2026-08-13T18:13:06.665081+00:00,4515b179f86b67b4981e16190817c580,네네코 마시로,Neneko Mashiro,UNIVERSE,talent,209992,CLOSE,False,,,,,,2376
2026-08-13T18:13:06.665081+00:00,4325b1d5bbc321fad3042306646e2e50,아카네 리제,Akane Lize,UNIVERSE,talent,253178,CLOSE,False,,,,,,2811
2026-08-13T18:13:06.665081+00:00,a6c4ddb09cdb160478996007bff35296,아라하시 타비,Arahashi Tabi,UNIVERSE,talent,255570,CLOSE,False,,,,,,3412
2026-08-13T18:13:06.665081+00:00,64d76089fba26b180d9c9e48a32600d9,텐코 시부키,Tenko Shibuki,CLICHE,talent,241450,CLOSE,False,,,,,,4090
2026-08-13T18:13:06.665081+00:00,516937b5f85cbf2249ce31b0ad046b0f,아오쿠모 린,Aokumo Rin,CLICHE,talent,219496,CLOSE,False,,,,,,2882
2026-08-13T18:13:06.665081+00:00,4d812b586ff63f8a2946e64fa860bbf5,하나코 나나,Hanako Nana,CLICHE,talent,207752,CLOSE,False,,,,,,3064
2026-08-13T18:13:06.665081+00:00,8fd39bb8de623317de90654718638b10,유즈하 리코,Yuzuha Riko,CLICHE,talent,209647,OPEN,True,3309,0, [시키샤카샤카슈-와! 100만회 감사합니당]💚,오버워치,스텔라이브|3기생|리코|클리셰,
2026-08-13T19:30:27.367688+00:00,b5ed5db484d04faf4d150aedd362f34b,강지,Kangji,STELLIVE,founder,287636,CLOSE,False,,,,,,1672
2026-08-13T19:30:27.367688+00:00,45e71a76e949e16a34764deb962f9d9f,아야츠노 유니,Ayatsuno Yuni,EVERYS,talent,302091,CLOSE,False,,,,,,2239
2026-08-13T19:30:27.367688+00:00,36ddb9bb4f17593b60f1b63cec86611d,사키하네 후야,Sakihane Huya,EVERYS,talent,156946,CLOSE,False,,,,,,1546
2026-08-13T19:30:27.367688+00:00,b044e3a3b9259246bc92e863e7d3f3b8,시라유키 히나,Shirayuki Hina,UNIVERSE,talent,237075,CLOSE,False,,,,,,2810
2026-08-13T19:30:27.367688+00:00,4515b179f86b67b4981e16190817c580,네네코 마시로,Neneko Mashiro,UNIVERSE,talent,209997,CLOSE,False,,,,,,2376
2026-08-13T19:30:27.367688+00:00,4325b1d5bbc321fad3042306646e2e50,아카네 리제,Akane Lize,UNIVERSE,talent,253181,CLOSE,False,,,,,,2811
2026-08-13T19:30:27.367688+00:00,a6c4ddb09cdb160478996007bff35296,아라하시 타비,Arahashi Tabi,UNIVERSE,talent,255571,CLOSE,False,,,,,,3412
2026-08-13T19:30:27.367688+00:00,64d76089fba26b180d9c9e48a32600d9,텐코 시부키,Tenko Shibuki,CLICHE,talent,241456,CLOSE,False,,,,,,4090
2026-08-13T19:30:27.367688+00:00,516937b5f85cbf2249ce31b0ad046b0f,아오쿠모 린,Aokumo Rin,CLICHE,talent,219498,CLOSE,False,,,,,,2882
2026-08-13T19:30:27.367688+00:00,4d812b586ff63f8a2946e64fa860bbf5,하나코 나나,Hanako Nana,CLICHE,talent,207755,CLOSE,False,,,,,,3064
2026-08-13T19:30:27.367688+00:00,8fd39bb8de623317de90654718638b10,유즈하 리코,Yuzuha Riko,CLICHE,talent,209671,OPEN,True,3041,0, [시키샤카샤카슈-와! 100만회 감사합니당]💚,이터널 리턴,스텔라이브|3기생|리코|클리셰,
2026-08-13T20:19:44.907227+00:00,b5ed5db484d04faf4d150aedd362f34b,강지,Kangji,STELLIVE,founder,287636,CLOSE,False,,,,,,1672
2026-08-13T20:19:44.907227+00:00,45e71a76e949e16a34764deb962f9d9f,아야츠노 유니,Ayatsuno Yuni,EVERYS,talent,302090,CLOSE,False,,,,,,2239
2026-08-13T20:19:44.907227+00:00,36ddb9bb4f17593b60f1b63cec86611d,사키하네 후야,Sakihane Huya,EVERYS,talent,156946,CLOSE,False,,,,,,1546
2026-08-13T20:19:44.907227+00:00,b044e3a3b9259246bc92e863e7d3f3b8,시라유키 히나,Shirayuki Hina,UNIVERSE,talent,237075,CLOSE,False,,,,,,2810
2026-08-13T20:19:44.907227+00:00,4515b179f86b67b4981e16190817c580,네네코 마시로,Neneko Mashiro,UNIVERSE,talent,209997,CLOSE,False,,,,,,2376
2026-08-13T20:19:44.907227+00:00,4325b1d5bbc321fad3042306646e2e50,아카네 리제,Akane Lize,UNIVERSE,talent,253182,CLOSE,False,,,,,,2811
2026-08-13T20:19:44.907227+00:00,a6c4ddb09cdb160478996007bff35296,아라하시 타비,Arahashi Tabi,UNIVERSE,talent,255570,CLOSE,False,,,,,,3412
2026-08-13T20:19:44.907227+00:00,64d76089fba26b180d9c9e48a32600d9,텐코 시부키,Tenko Shibuki,CLICHE,talent,241458,CLOSE,False,,,,,,4090
2026-08-13T20:19:44.907227+00:00,516937b5f85cbf2249ce31b0ad046b0f,아오쿠모 린,Aokumo Rin,CLICHE,talent,219499,CLOSE,False,,,,,,2882
2026-08-13T20:19:44.907227+00:00,4d812b586ff63f8a2946e64fa860bbf5,하나코 나나,Hanako Nana,CLICHE,talent,207755,CLOSE,False,,,,,,3064
2026-08-13T20:19:44.907227+00:00,8fd39bb8de623317de90654718638b10,유즈하 리코,Yuzuha Riko,CLICHE,talent,209677,CLOSE,False,,,,,,2781
2026-08-13T21:09:53.588175+00:00,b5ed5db484d04faf4d150aedd362f34b,강지,Kangji,STELLIVE,founder,287636,CLOSE,False,,,,,,1672
2026-08-13T21:09:53.588175+00:00,45e71a76e949e16a34764deb962f9d9f,아야츠노 유니,Ayatsuno Yuni,EVERYS,talent,302091,CLOSE,False,,,,,,2239
2026-08-13T21:09:53.588175+00:00,36ddb9bb4f17593b60f1b63cec86611d,사키하네 후야,Sakihane Huya,EVERYS,talent,156946,CLOSE,False,,,,,,1546
2026-08-13T21:09:53.588175+00:00,b044e3a3b9259246bc92e863e7d3f3b8,시라유키 히나,Shirayuki Hina,UNIVERSE,talent,237073,CLOSE,False,,,,,,2810
2026-08-13T21:09:53.588175+00:00,4515b179f86b67b4981e16190817c580,네네코 마시로,Neneko Mashiro,UNIVERSE,talent,209997,CLOSE,False,,,,,,2376
2026-08-13T21:09:53.588175+00:00,4325b1d5bbc321fad3042306646e2e50,아카네 리제,Akane Lize,UNIVERSE,talent,253184,CLOSE,False,,,,,,2811
2026-08-13T21:09:53.588175+00:00,a6c4ddb09cdb160478996007bff35296,아라하시 타비,Arahashi Tabi,UNIVERSE,talent,255570,CLOSE,False,,,,,,3412
2026-08-13T21:09:53.588175+00:00,64d76089fba26b180d9c9e48a32600d9,텐코 시부키,Tenko Shibuki,CLICHE,talent,241457,CLOSE,False,,,,,,4090
2026-08-13T21:09:53.588175+00:00,516937b5f85cbf2249ce31b0ad046b0f,아오쿠모 린,Aokumo Rin,CLICHE,talent,219501,CLOSE,False,,,,,,2882
2026-08-13T21:09:53.588175+00:00,4d812b586ff63f8a2946e64fa860bbf5,하나코 나나,Hanako Nana,CLICHE,talent,207755,CLOSE,False,,,,,,3064
2026-08-13T21:09:53.588175+00:00,8fd39bb8de623317de90654718638b10,유즈하 리코,Yuzuha Riko,CLICHE,talent,209678,CLOSE,False,,,,,,2781
2026-08-13T22:04:28.279982+00:00,b5ed5db484d04faf4d150aedd362f34b,강지,Kangji,STELLIVE,founder,287637,CLOSE,False,,,,,,1672
2026-08-13T22:04:28.279982+00:00,45e71a76e949e16a34764deb962f9d9f,아야츠노 유니,Ayatsuno Yuni,EVERYS,talent,302090,CLOSE,False,,,,,,2239
2026-08-13T22:04:28.279982+00:00,36ddb9bb4f17593b60f1b63cec86611d,사키하네 후야,Sakihane Huya,EVERYS,talent,156946,CLOSE,False,,,,,,1546
2026-08-13T22:04:28.279982+00:00,b044e3a3b9259246bc92e863e7d3f3b8,시라유키 히나,Shirayuki Hina,UNIVERSE,talent,237072,CLOSE,False,,,,,,2810
2026-08-13T22:04:28.279982+00:00,4515b179f86b67b4981e16190817c580,네네코 마시로,Neneko Mashiro,UNIVERSE,talent,209997,CLOSE,False,,,,,,2376
2026-08-13T22:04:28.279982+00:00,4325b1d5bbc321fad3042306646e2e50,아카네 리제,Akane Lize,UNIVERSE,talent,253184,CLOSE,False,,,,,,2811
2026-08-13T22:04:28.279982+00:00,a6c4ddb09cdb160478996007bff35296,아라하시 타비,Arahashi Tabi,UNIVERSE,talent,255569,CLOSE,False,,,,,,3412
2026-08-13T22:04:28.279982+00:00,64d76089fba26b180d9c9e48a32600d9,텐코 시부키,Tenko Shibuki,CLICHE,talent,241457,CLOSE,False,,,,,,4090
2026-08-13T22:04:28.279982+00:00,516937b5f85cbf2249ce31b0ad046b0f,아오쿠모 린,Aokumo Rin,CLICHE,talent,219501,CLOSE,False,,,,,,2882
2026-08-13T22:04:28.279982+00:00,4d812b586ff63f8a2946e64fa860bbf5,하나코 나나,Hanako Nana,CLICHE,talent,207755,CLOSE,False,,,,,,3064
2026-08-13T22:04:28.279982+00:00,8fd39bb8de623317de90654718638b10,유즈하 리코,Yuzuha Riko,CLICHE,talent,209679,CLOSE,False,,,,,,2781
2026-08-13T22:59:31.535314+00:00,b5ed5db484d04faf4d150aedd362f34b,강지,Kangji,STELLIVE,founder,287639,CLOSE,False,,,,,,1672
2026-08-13T22:59:31.535314+00:00,45e71a76e949e16a34764deb962f9d9f,아야츠노 유니,Ayatsuno Yuni,EVERYS,talent,302093,CLOSE,False,,,,,,2239
2026-08-13T22:59:31.535314+00:00,36ddb9bb4f17593b60f1b63cec86611d,사키하네 후야,Sakihane Huya,EVERYS,talent,156947,CLOSE,False,,,,,,1546
2026-08-13T22:59:31.535314+00:00,b044e3a3b9259246bc92e863e7d3f3b8,시라유키 히나,Shirayuki Hina,UNIVERSE,talent,237072,CLOSE,False,,,,,,2810
2026-08-13T22:59:31.535314+00:00,4515b179f86b67b4981e16190817c580,네네코 마시로,Neneko Mashiro,UNIVERSE,talent,209999,CLOSE,False,,,,,,2376
2026-08-13T22:59:31.535314+00:00,4325b1d5bbc321fad3042306646e2e50,아카네 리제,Akane Lize,UNIVERSE,talent,253186,CLOSE,False,,,,,,2811
2026-08-13T22:59:31.535314+00:00,a6c4ddb09cdb160478996007bff35296,아라하시 타비,Arahashi Tabi,UNIVERSE,talent,255573,CLOSE,False,,,,,,3412
2026-08-13T22:59:31.535314+00:00,64d76089fba26b180d9c9e48a32600d9,텐코 시부키,Tenko Shibuki,CLICHE,talent,241458,CLOSE,False,,,,,,4090
2026-08-13T22:59:31.535314+00:00,516937b5f85cbf2249ce31b0ad046b0f,아오쿠모 린,Aokumo Rin,CLICHE,talent,219504,CLOSE,False,,,,,,2882
2026-08-13T22:59:31.535314+00:00,4d812b586ff63f8a2946e64fa860bbf5,하나코 나나,Hanako Nana,CLICHE,talent,207756,CLOSE,False,,,,,,3064
2026-08-13T22:59:31.535314+00:00,8fd39bb8de623317de90654718638b10,유즈하 리코,Yuzuha Riko,CLICHE,talent,209678,CLOSE,False,,,,,,2781
2026-08-13T23:52:58.512366+00:00,b5ed5db484d04faf4d150aedd362f34b,강지,Kangji,STELLIVE,founder,287641,CLOSE,False,,,,,,1672
2026-08-13T23:52:58.512366+00:00,45e71a76e949e16a34764deb962f9d9f,아야츠노 유니,Ayatsuno Yuni,EVERYS,talent,302094,CLOSE,False,,,,,,2239
2026-08-13T23:52:58.512366+00:00,36ddb9bb4f17593b60f1b63cec86611d,사키하네 후야,Sakihane Huya,EVERYS,talent,156947,CLOSE,False,,,,,,1546
2026-08-13T23:52:58.512366+00:00,b044e3a3b9259246bc92e863e7d3f3b8,시라유키 히나,Shirayuki Hina,UNIVERSE,talent,237074,CLOSE,False,,,,,,2810
2026-08-13T23:52:58.512366+00:00,4515b179f86b67b4981e16190817c580,네네코 마시로,Neneko Mashiro,UNIVERSE,talent,210000,CLOSE,False,,,,,,2376
2026-08-13T23:52:58.512366+00:00,4325b1d5bbc321fad3042306646e2e50,아카네 리제,Akane Lize,UNIVERSE,talent,253188,CLOSE,False,,,,,,2811
2026-08-13T23:52:58.512366+00:00,a6c4ddb09cdb160478996007bff35296,아라하시 타비,Arahashi Tabi,UNIVERSE,talent,255577,CLOSE,False,,,,,,3412
2026-08-13T23:52:58.512366+00:00,64d76089fba26b180d9c9e48a32600d9,텐코 시부키,Tenko Shibuki,CLICHE,talent,241462,CLOSE,False,,,,,,4090
2026-08-13T23:52:58.512366+00:00,516937b5f85cbf2249ce31b0ad046b0f,아오쿠모 린,Aokumo Rin,CLICHE,talent,219507,CLOSE,False,,,,,,2882
2026-08-13T23:52:58.512366+00:00,4d812b586ff63f8a2946e64fa860bbf5,하나코 나나,Hanako Nana,CLICHE,talent,207760,CLOSE,False,,,,,,3064
2026-08-13T23:52:58.512366+00:00,8fd39bb8de623317de90654718638b10,유즈하 리코,Yuzuha Riko,CLICHE,talent,209680,CLOSE,False,,,,,,2781
2026-08-14T02:20:41.005563+00:00,b5ed5db484d04faf4d150aedd362f34b,강지,Kangji,STELLIVE,founder,287645,CLOSE,False,,,,,,1672
2026-08-14T02:20:41.005563+00:00,45e71a76e949e16a34764deb962f9d9f,아야츠노 유니,Ayatsuno Yuni,EVERYS,talent,302092,CLOSE,False,,,,,,2239
2026-08-14T02:20:41.005563+00:00,36ddb9bb4f17593b60f1b63cec86611d,사키하네 후야,Sakihane Huya,EVERYS,talent,156947,CLOSE,False,,,,,,1546
2026-08-14T02:20:41.005563+00:00,b044e3a3b9259246bc92e863e7d3f3b8,시라유키 히나,Shirayuki Hina,UNIVERSE,talent,237076,CLOSE,False,,,,,,2810
2026-08-14T02:20:41.005563+00:00,4515b179f86b67b4981e16190817c580,네네코 마시로,Neneko Mashiro,UNIVERSE,talent,210002,CLOSE,False,,,,,,2376
2026-08-14T02:20:41.005563+00:00,4325b1d5bbc321fad3042306646e2e50,아카네 리제,Akane Lize,UNIVERSE,talent,253188,CLOSE,False,,,,,,2811
2026-08-14T02:20:41.005563+00:00,a6c4ddb09cdb160478996007bff35296,아라하시 타비,Arahashi Tabi,UNIVERSE,talent,255583,CLOSE,False,,,,,,3412
2026-08-14T02:20:41.005563+00:00,64d76089fba26b180d9c9e48a32600d9,텐코 시부키,Tenko Shibuki,CLICHE,talent,241467,CLOSE,False,,,,,,4090
2026-08-14T02:20:41.005563+00:00,516937b5f85cbf2249ce31b0ad046b0f,아오쿠모 린,Aokumo Rin,CLICHE,talent,219506,CLOSE,False,,,,,,2882
2026-08-14T02:20:41.005563+00:00,4d812b586ff63f8a2946e64fa860bbf5,하나코 나나,Hanako Nana,CLICHE,talent,207763,CLOSE,False,,,,,,3064
2026-08-14T02:20:41.005563+00:00,8fd39bb8de623317de90654718638b10,유즈하 리코,Yuzuha Riko,CLICHE,talent,209682,CLOSE,False,,,,,,2781
2026-08-14T04:24:01.827915+00:00,b5ed5db484d04faf4d150aedd362f34b,강지,Kangji,STELLIVE,founder,287651,CLOSE,False,,,,,,1672
2026-08-14T04:24:01.827915+00:00,45e71a76e949e16a34764deb962f9d9f,아야츠노 유니,Ayatsuno Yuni,EVERYS,talent,302093,CLOSE,False,,,,,,2239
2026-08-14T04:24:01.827915+00:00,36ddb9bb4f17593b60f1b63cec86611d,사키하네 후야,Sakihane Huya,EVERYS,talent,156952,CLOSE,False,,,,,,1546
2026-08-14T04:24:01.827915+00:00,b044e3a3b9259246bc92e863e7d3f3b8,시라유키 히나,Shirayuki Hina,UNIVERSE,talent,237079,CLOSE,False,,,,,,2810
2026-08-14T04:24:01.827915+00:00,4515b179f86b67b4981e16190817c580,네네코 마시로,Neneko Mashiro,UNIVERSE,talent,210008,CLOSE,False,,,,,,2376
2026-08-14T04:24:01.827915+00:00,4325b1d5bbc321fad3042306646e2e50,아카네 리제,Akane Lize,UNIVERSE,talent,253191,CLOSE,False,,,,,,2811
2026-08-14T04:24:01.827915+00:00,a6c4ddb09cdb160478996007bff35296,아라하시 타비,Arahashi Tabi,UNIVERSE,talent,255591,CLOSE,False,,,,,,3412
2026-08-14T04:24:01.827915+00:00,64d76089fba26b180d9c9e48a32600d9,텐코 시부키,Tenko Shibuki,CLICHE,talent,241472,CLOSE,False,,,,,,4090
2026-08-14T04:24:01.827915+00:00,516937b5f85cbf2249ce31b0ad046b0f,아오쿠모 린,Aokumo Rin,CLICHE,talent,219510,CLOSE,False,,,,,,2882
2026-08-14T04:24:01.827915+00:00,4d812b586ff63f8a2946e64fa860bbf5,하나코 나나,Hanako Nana,CLICHE,talent,207776,CLOSE,False,,,,,,3064
2026-08-14T04:24:01.827915+00:00,8fd39bb8de623317de90654718638b10,유즈하 리코,Yuzuha Riko,CLICHE,talent,209684,CLOSE,False,,,,,,2781
2026-08-14T05:57:49.240027+00:00,b5ed5db484d04faf4d150aedd362f34b,강지,Kangji,STELLIVE,founder,287657,CLOSE,False,,,,,,1672
2026-08-14T05:57:49.240027+00:00,45e71a76e949e16a34764deb962f9d9f,아야츠노 유니,Ayatsuno Yuni,EVERYS,talent,302095,CLOSE,False,,,,,,2239
2026-08-14T05:57:49.240027+00:00,36ddb9bb4f17593b60f1b63cec86611d,사키하네 후야,Sakihane Huya,EVERYS,talent,156957,CLOSE,False,,,,,,1546
2026-08-14T05:57:49.240027+00:00,b044e3a3b9259246bc92e863e7d3f3b8,시라유키 히나,Shirayuki Hina,UNIVERSE,talent,237080,CLOSE,False,,,,,,2810
2026-08-14T05:57:49.240027+00:00,4515b179f86b67b4981e16190817c580,네네코 마시로,Neneko Mashiro,UNIVERSE,talent,210015,CLOSE,False,,,,,,2376
2026-08-14T05:57:49.240027+00:00,4325b1d5bbc321fad3042306646e2e50,아카네 리제,Akane Lize,UNIVERSE,talent,253198,CLOSE,False,,,,,,2811
2026-08-14T05:57:49.240027+00:00,a6c4ddb09cdb160478996007bff35296,아라하시 타비,Arahashi Tabi,UNIVERSE,talent,255604,CLOSE,False,,,,,,3412
2026-08-14T05:57:49.240027+00:00,64d76089fba26b180d9c9e48a32600d9,텐코 시부키,Tenko Shibuki,CLICHE,talent,241476,CLOSE,False,,,,,,4090
2026-08-14T05:57:49.240027+00:00,516937b5f85cbf2249ce31b0ad046b0f,아오쿠모 린,Aokumo Rin,CLICHE,talent,219517,CLOSE,False,,,,,,2882
2026-08-14T05:57:49.240027+00:00,4d812b586ff63f8a2946e64fa860bbf5,하나코 나나,Hanako Nana,CLICHE,talent,207782,CLOSE,False,,,,,,3064
2026-08-14T05:57:49.240027+00:00,8fd39bb8de623317de90654718638b10,유즈하 리코,Yuzuha Riko,CLICHE,talent,209691,CLOSE,False,,,,,,2781
2026-08-14T07:44:20.163191+00:00,b5ed5db484d04faf4d150aedd362f34b,강지,Kangji,STELLIVE,founder,287659,CLOSE,False,,,,,,1672
2026-08-14T07:44:20.163191+00:00,45e71a76e949e16a34764deb962f9d9f,아야츠노 유니,Ayatsuno Yuni,EVERYS,talent,302100,CLOSE,False,,,,,,2239
2026-08-14T07:44:20.163191+00:00,36ddb9bb4f17593b60f1b63cec86611d,사키하네 후야,Sakihane Huya,EVERYS,talent,156965,CLOSE,False,,,,,,1546
2026-08-14T07:44:20.163191+00:00,b044e3a3b9259246bc92e863e7d3f3b8,시라유키 히나,Shirayuki Hina,UNIVERSE,talent,237082,CLOSE,False,,,,,,2810
2026-08-14T07:44:20.163191+00:00,4515b179f86b67b4981e16190817c580,네네코 마시로,Neneko Mashiro,UNIVERSE,talent,210047,OPEN,True,5055,0,히게단 라이브 월드컵,talk,스텔라이브|네네코마시로|밍,
2026-08-14T07:44:20.163191+00:00,4325b1d5bbc321fad3042306646e2e50,아카네 리제,Akane Lize,UNIVERSE,talent,253204,CLOSE,False,,,,,,2811
2026-08-14T07:44:20.163191+00:00,a6c4ddb09cdb160478996007bff35296,아라하시 타비,Arahashi Tabi,UNIVERSE,talent,255612,CLOSE,False,,,,,,3412
2026-08-14T07:44:20.163191+00:00,64d76089fba26b180d9c9e48a32600d9,텐코 시부키,Tenko Shibuki,CLICHE,talent,241484,CLOSE,False,,,,,,4090
2026-08-14T07:44:20.163191+00:00,516937b5f85cbf2249ce31b0ad046b0f,아오쿠모 린,Aokumo Rin,CLICHE,talent,219531,CLOSE,False,,,,,,2882
2026-08-14T07:44:20.163191+00:00,4d812b586ff63f8a2946e64fa860bbf5,하나코 나나,Hanako Nana,CLICHE,talent,207785,CLOSE,False,,,,,,3064
2026-08-14T07:44:20.163191+00:00,8fd39bb8de623317de90654718638b10,유즈하 리코,Yuzuha Riko,CLICHE,talent,209692,CLOSE,False,,,,,,2781
2026-08-14T08:51:53.744211+00:00,b5ed5db484d04faf4d150aedd362f34b,강지,Kangji,STELLIVE,founder,287661,CLOSE,False,,,,,,1672
2026-08-14T08:51:53.744211+00:00,45e71a76e949e16a34764deb962f9d9f,아야츠노 유니,Ayatsuno Yuni,EVERYS,talent,302102,OPEN,True,3552,0,오늘운 옵치 대회 카봉컵 팀 뽑는 날 ~~ ,talk,스텔라이브|유니,
2026-08-14T08:51:53.744211+00:00,36ddb9bb4f17593b60f1b63cec86611d,사키하네 후야,Sakihane Huya,EVERYS,talent,156968,OPEN,True,0,0,감기용가리...(´。＿。｀),talk,스텔라이브|에버리스|통통꼬리,
2026-08-14T08:51:53.744211+00:00,b044e3a3b9259246bc92e863e7d3f3b8,시라유키 히나,Shirayuki Hina,UNIVERSE,talent,237084,CLOSE,False,,,,,,2810
2026-08-14T08:51:53.744211+00:00,4515b179f86b67b4981e16190817c580,네네코 마시로,Neneko Mashiro,UNIVERSE,talent,210060,OPEN,True,3887,0,히게단 라이브 월드컵,talk,스텔라이브|네네코마시로|밍,
2026-08-14T08:51:53.744211+00:00,4325b1d5bbc321fad3042306646e2e50,아카네 리제,Akane Lize,UNIVERSE,talent,253201,CLOSE,False,,,,,,2811
2026-08-14T08:51:53.744211+00:00,a6c4ddb09cdb160478996007bff35296,아라하시 타비,Arahashi Tabi,UNIVERSE,talent,255612,CLOSE,False,,,,,,3412
2026-08-14T08:51:53.744211+00:00,64d76089fba26b180d9c9e48a32600d9,텐코 시부키,Tenko Shibuki,CLICHE,talent,241487,CLOSE,False,,,,,,4090
2026-08-14T08:51:53.744211+00:00,516937b5f85cbf2249ce31b0ad046b0f,아오쿠모 린,Aokumo Rin,CLICHE,talent,219537,CLOSE,False,,,,,,2882
2026-08-14T08:51:53.744211+00:00,4d812b586ff63f8a2946e64fa860bbf5,하나코 나나,Hanako Nana,CLICHE,talent,207791,CLOSE,False,,,,,,3064
2026-08-14T08:51:53.744211+00:00,8fd39bb8de623317de90654718638b10,유즈하 리코,Yuzuha Riko,CLICHE,talent,209698,CLOSE,False,,,,,,2781
2026-08-14T10:08:37.619382+00:00,b5ed5db484d04faf4d150aedd362f34b,강지,Kangji,STELLIVE,founder,287664,CLOSE,False,,,,,,1672
2026-08-14T10:08:37.619382+00:00,45e71a76e949e16a34764deb962f9d9f,아야츠노 유니,Ayatsuno Yuni,EVERYS,talent,302136,OPEN,True,5234,0,오늘운 옵치 대회 카봉컵 팀 뽑는 날 ~~ ,오버워치,스텔라이브|유니,
2026-08-14T10:08:37.619382+00:00,36ddb9bb4f17593b60f1b63cec86611d,사키하네 후야,Sakihane Huya,EVERYS,talent,156968,OPEN,True,1598,0,감기용가리의 늙크크 수리점...(´。＿。｀),리스토리: 칠 일렉트로닉스 리페어스,스텔라이브|에버리스|통통꼬리,
2026-08-14T10:08:37.619382+00:00,b044e3a3b9259246bc92e863e7d3f3b8,시라유키 히나,Shirayuki Hina,UNIVERSE,talent,237083,CLOSE,False,,,,,,2810
2026-08-14T10:08:37.619382+00:00,4515b179f86b67b4981e16190817c580,네네코 마시로,Neneko Mashiro,UNIVERSE,talent,210068,OPEN,True,2844,0,히게단 라이브 월드컵,talk,스텔라이브|네네코마시로|밍,
2026-08-14T10:08:37.619382+00:00,4325b1d5bbc321fad3042306646e2e50,아카네 리제,Akane Lize,UNIVERSE,talent,253202,CLOSE,False,,,,,,2811
2026-08-14T10:08:37.619382+00:00,a6c4ddb09cdb160478996007bff35296,아라하시 타비,Arahashi Tabi,UNIVERSE,talent,255613,CLOSE,False,,,,,,3412
2026-08-14T10:08:37.619382+00:00,64d76089fba26b180d9c9e48a32600d9,텐코 시부키,Tenko Shibuki,CLICHE,talent,241497,OPEN,True,3261,0,대두 스페이스 끝까지 가보쟈,데드 스페이스,스텔라이브|시부키|3기생|대박박|부키,
2026-08-14T10:08:37.619382+00:00,516937b5f85cbf2249ce31b0ad046b0f,아오쿠모 린,Aokumo Rin,CLICHE,talent,219543,CLOSE,False,,,,,,2882
2026-08-14T10:08:37.619382+00:00,4d812b586ff63f8a2946e64fa860bbf5,하나코 나나,Hanako Nana,CLICHE,talent,207792,CLOSE,False,,,,,,3064
2026-08-14T10:08:37.619382+00:00,8fd39bb8de623317de90654718638b10,유즈하 리코,Yuzuha Riko,CLICHE,talent,209705,OPEN,True,3305,0,봉누도2 설명회 보기💚,talk,스텔라이브|3기생|리코|클리셰,
2026-08-14T11:08:18.748433+00:00,b5ed5db484d04faf4d150aedd362f34b,강지,Kangji,STELLIVE,founder,287668,CLOSE,False,,,,,,1672
2026-08-14T11:08:18.748433+00:00,45e71a76e949e16a34764deb962f9d9f,아야츠노 유니,Ayatsuno Yuni,EVERYS,talent,302160,OPEN,True,5391,0,오늘운 옵치 대회 카봉컵 팀 뽑는 날 ~~ ,오버워치,스텔라이브|유니,
2026-08-14T11:08:18.748433+00:00,36ddb9bb4f17593b60f1b63cec86611d,사키하네 후야,Sakihane Huya,EVERYS,talent,156980,OPEN,True,1716,0,감기용가리의 늙크크 수리점...(´。＿。｀),리스토리: 칠 일렉트로닉스 리페어스,스텔라이브|에버리스|통통꼬리,
2026-08-14T11:08:18.748433+00:00,b044e3a3b9259246bc92e863e7d3f3b8,시라유키 히나,Shirayuki Hina,UNIVERSE,talent,237092,OPEN,True,2109,0,히~~~~~나,talk,스텔라이브|버튜버|2기생|히나|노래,
2026-08-14T11:08:18.748433+00:00,4515b179f86b67b4981e16190817c580,네네코 마시로,Neneko Mashiro,UNIVERSE,talent,210083,OPEN,True,2407,0,깨야만 해,피크,스텔라이브|네네코마시로|밍,
2026-08-14T11:08:18.748433+00:00,4325b1d5bbc321fad3042306646e2e50,아카네 리제,Akane Lize,UNIVERSE,talent,253213,CLOSE,False,,,,,,2811
2026-08-14T11:08:18.748433+00:00,a6c4ddb09cdb160478996007bff35296,아라하시 타비,Arahashi Tabi,UNIVERSE,talent,255621,CLOSE,False,,,,,,3412
2026-08-14T11:08:18.748433+00:00,64d76089fba26b180d9c9e48a32600d9,텐코 시부키,Tenko Shibuki,CLICHE,talent,241519,OPEN,True,3487,0,대두 스페이스 끝까지 가보쟈,데드 스페이스,스텔라이브|시부키|3기생|대박박|부키,
2026-08-14T11:08:18.748433+00:00,516937b5f85cbf2249ce31b0ad046b0f,아오쿠모 린,Aokumo Rin,CLICHE,talent,219552,CLOSE,False,,,,,,2882
2026-08-14T11:08:18.748433+00:00,4d812b586ff63f8a2946e64fa860bbf5,하나코 나나,Hanako Nana,CLICHE,talent,207801,CLOSE,False,,,,,,3064
2026-08-14T11:08:18.748433+00:00,8fd39bb8de623317de90654718638b10,유즈하 리코,Yuzuha Riko,CLICHE,talent,209741,OPEN,True,6741,0,봉누도2 설명회 보기💚,talk,스텔라이브|3기생|리코|클리셰,
2026-08-14T11:57:31.930299+00:00,b5ed5db484d04faf4d150aedd362f34b,강지,Kangji,STELLIVE,founder,287670,CLOSE,False,,,,,,1672
2026-08-14T11:57:31.930299+00:00,45e71a76e949e16a34764deb962f9d9f,아야츠노 유니,Ayatsuno Yuni,EVERYS,talent,302160,OPEN,True,5066,0,오늘운 옵치 대회 카봉컵 팀 뽑는 날 ~~ ,오버워치,스텔라이브|유니,
2026-08-14T11:57:31.930299+00:00,36ddb9bb4f17593b60f1b63cec86611d,사키하네 후야,Sakihane Huya,EVERYS,talent,156981,OPEN,True,1700,0,감기용가리의 늙크크 수리점...(´。＿。｀),리스토리: 칠 일렉트로닉스 리페어스,스텔라이브|에버리스|통통꼬리,
2026-08-14T11:57:31.930299+00:00,b044e3a3b9259246bc92e863e7d3f3b8,시라유키 히나,Shirayuki Hina,UNIVERSE,talent,237096,OPEN,True,2414,0,히~~~~~나,talk,스텔라이브|버튜버|2기생|히나|노래,
2026-08-14T11:57:31.930299+00:00,4515b179f86b67b4981e16190817c580,네네코 마시로,Neneko Mashiro,UNIVERSE,talent,210082,OPEN,True,2388,0,깨야만 해,피크,스텔라이브|네네코마시로|밍,
2026-08-14T11:57:31.930299+00:00,4325b1d5bbc321fad3042306646e2e50,아카네 리제,Akane Lize,UNIVERSE,talent,253213,OPEN,True,1409,0,팔척귀신눈나랑 공포연애?미연시???게임,talk,스텔라이브|아카네리제,
2026-08-14T11:57:31.930299+00:00,a6c4ddb09cdb160478996007bff35296,아라하시 타비,Arahashi Tabi,UNIVERSE,talent,255621,CLOSE,False,,,,,,3412
2026-08-14T11:57:31.930299+00:00,64d76089fba26b180d9c9e48a32600d9,텐코 시부키,Tenko Shibuki,CLICHE,talent,241527,OPEN,True,3540,0,대두 스페이스 끝까지 가보쟈,데드 스페이스,스텔라이브|시부키|3기생|대박박|부키,
2026-08-14T11:57:31.930299+00:00,516937b5f85cbf2249ce31b0ad046b0f,아오쿠모 린,Aokumo Rin,CLICHE,talent,219557,CLOSE,False,,,,,,2882
2026-08-14T11:57:31.930299+00:00,4d812b586ff63f8a2946e64fa860bbf5,하나코 나나,Hanako Nana,CLICHE,talent,207803,CLOSE,False,,,,,,3064
2026-08-14T11:57:31.930299+00:00,8fd39bb8de623317de90654718638b10,유즈하 리코,Yuzuha Riko,CLICHE,talent,209758,OPEN,True,4225,0,아오오니 2 ,아오오니2,스텔라이브|3기생|리코|클리셰,
2026-08-14T13:25:00.801533+00:00,b5ed5db484d04faf4d150aedd362f34b,강지,Kangji,STELLIVE,founder,287674,CLOSE,False,,,,,,1672
2026-08-14T13:25:00.801533+00:00,45e71a76e949e16a34764deb962f9d9f,아야츠노 유니,Ayatsuno Yuni,EVERYS,talent,302183,OPEN,True,4827,0,오늘운 옵치 대회 카봉컵 팀 뽑는 날 ~~ ,오버워치,스텔라이브|유니,
2026-08-14T13:25:00.801533+00:00,36ddb9bb4f17593b60f1b63cec86611d,사키하네 후야,Sakihane Huya,EVERYS,talent,156995,CLOSE,False,,,,,,1401
2026-08-14T13:25:00.801533+00:00,b044e3a3b9259246bc92e863e7d3f3b8,시라유키 히나,Shirayuki Hina,UNIVERSE,talent,237113,OPEN,True,6299,0,추억의 애니(추억별로없음) OST 월드컵 하기,음악/노래,스텔라이브|버튜버|2기생|히나|노래,
2026-08-14T13:25:00.801533+00:00,4515b179f86b67b4981e16190817c580,네네코 마시로,Neneko Mashiro,UNIVERSE,talent,210087,CLOSE,False,,,,,,2229
2026-08-14T13:25:00.801533+00:00,4325b1d5bbc321fad3042306646e2e50,아카네 리제,Akane Lize,UNIVERSE,talent,253232,OPEN,True,3089,0,팔척귀신눈나랑 공포연애?미연시???게임,하치샤쿠사마,스텔라이브|아카네리제,
2026-08-14T13:25:00.801533+00:00,a6c4ddb09cdb160478996007bff35296,아라하시 타비,Arahashi Tabi,UNIVERSE,talent,255635,CLOSE,False,,,,,,3412
2026-08-14T13:25:00.801533+00:00,64d76089fba26b180d9c9e48a32600d9,텐코 시부키,Tenko Shibuki,CLICHE,talent,241541,OPEN,True,3729,0,대두 스페이스 끝까지 가보쟈,데드 스페이스,스텔라이브|시부키|3기생|대박박|부키,
2026-08-14T13:25:00.801533+00:00,516937b5f85cbf2249ce31b0ad046b0f,아오쿠모 린,Aokumo Rin,CLICHE,talent,219572,CLOSE,False,,,,,,2882
2026-08-14T13:25:00.801533+00:00,4d812b586ff63f8a2946e64fa860bbf5,하나코 나나,Hanako Nana,CLICHE,talent,207809,CLOSE,False,,,,,,3064
2026-08-14T13:25:00.801533+00:00,8fd39bb8de623317de90654718638b10,유즈하 리코,Yuzuha Riko,CLICHE,talent,209776,OPEN,True,3343,0,아오오니 2 ,아오오니2,스텔라이브|3기생|리코|클리셰,
2026-08-14T14:32:37.899047+00:00,b5ed5db484d04faf4d150aedd362f34b,강지,Kangji,STELLIVE,founder,287685,CLOSE,False,,,,,,1672
2026-08-14T14:32:37.899047+00:00,45e71a76e949e16a34764deb962f9d9f,아야츠노 유니,Ayatsuno Yuni,EVERYS,talent,302206,OPEN,True,4497,0,오늘운 옵치 대회 카봉컵 팀 뽑는 날 ~~ ,오버워치,스텔라이브|유니,
2026-08-14T14:32:37.899047+00:00,36ddb9bb4f17593b60f1b63cec86611d,사키하네 후야,Sakihane Huya,EVERYS,talent,157005,CLOSE,False,,,,,,1401
2026-08-14T14:32:37.899047+00:00,b044e3a3b9259246bc92e863e7d3f3b8,시라유키 히나,Shirayuki Hina,UNIVERSE,talent,237131,OPEN,True,6903,0,추억의 애니(추억별로없음) OST 월드컵 하기,음악/노래,스텔라이브|버튜버|2기생|히나|노래,
2026-08-14T14:32:37.899047+00:00,4515b179f86b67b4981e16190817c580,네네코 마시로,Neneko Mashiro,UNIVERSE,talent,210091,CLOSE,False,,,,,,2229
2026-08-14T14:32:37.899047+00:00,4325b1d5bbc321fad3042306646e2e50,아카네 리제,Akane Lize,UNIVERSE,talent,253249,OPEN,True,3140,0,팔척귀신눈나랑 공포연애?미연시???게임,하치샤쿠사마,스텔라이브|아카네리제,
2026-08-14T14:32:37.899047+00:00,a6c4ddb09cdb160478996007bff35296,아라하시 타비,Arahashi Tabi,UNIVERSE,talent,255645,CLOSE,False,,,,,,3412
2026-08-14T14:32:37.899047+00:00,64d76089fba26b180d9c9e48a32600d9,텐코 시부키,Tenko Shibuki,CLICHE,talent,241553,OPEN,True,3437,0,아오 스트레스 풀어,데드 바이 데이라이트,스텔라이브|시부키|3기생|대박박|부키,
2026-08-14T14:32:37.899047+00:00,516937b5f85cbf2249ce31b0ad046b0f,아오쿠모 린,Aokumo Rin,CLICHE,talent,219586,CLOSE,False,,,,,,2882
2026-08-14T14:32:37.899047+00:00,4d812b586ff63f8a2946e64fa860bbf5,하나코 나나,Hanako Nana,CLICHE,talent,207820,CLOSE,False,,,,,,3064
2026-08-14T14:32:37.899047+00:00,8fd39bb8de623317de90654718638b10,유즈하 리코,Yuzuha Riko,CLICHE,talent,209793,OPEN,True,3227,0,아오오니 2 ,talk,스텔라이브|3기생|리코|클리셰,
2026-08-14T15:28:48.398442+00:00,b5ed5db484d04faf4d150aedd362f34b,강지,Kangji,STELLIVE,founder,287683,CLOSE,False,,,,,,1672
2026-08-14T15:28:48.398442+00:00,45e71a76e949e16a34764deb962f9d9f,아야츠노 유니,Ayatsuno Yuni,EVERYS,talent,302225,OPEN,True,3923,0,오늘운 옵치 대회 카봉컵 팀 뽑는 날 ~~ ,오버워치,스텔라이브|유니,
2026-08-14T15:28:48.398442+00:00,36ddb9bb4f17593b60f1b63cec86611d,사키하네 후야,Sakihane Huya,EVERYS,talent,157008,CLOSE,False,,,,,,1401
2026-08-14T15:28:48.398442+00:00,b044e3a3b9259246bc92e863e7d3f3b8,시라유키 히나,Shirayuki Hina,UNIVERSE,talent,237153,OPEN,True,7862,0,추억의 애니(추억별로없음) OST 월드컵 하기,음악/노래,스텔라이브|버튜버|2기생|히나|노래,
2026-08-14T15:28:48.398442+00:00,4515b179f86b67b4981e16190817c580,네네코 마시로,Neneko Mashiro,UNIVERSE,talent,210095,CLOSE,False,,,,,,2229
2026-08-14T15:28:48.398442+00:00,4325b1d5bbc321fad3042306646e2e50,아카네 리제,Akane Lize,UNIVERSE,talent,253251,OPEN,True,2883,0,멤버들 한자이름 지어주기,talk,스텔라이브|아카네리제,
2026-08-14T15:28:48.398442+00:00,a6c4ddb09cdb160478996007bff35296,아라하시 타비,Arahashi Tabi,UNIVERSE,talent,255651,CLOSE,False,,,,,,3412
2026-08-14T15:28:48.398442+00:00,64d76089fba26b180d9c9e48a32600d9,텐코 시부키,Tenko Shibuki,CLICHE,talent,241563,OPEN,True,3536,0,아오 스트레스 풀어,데드 바이 데이라이트,스텔라이브|시부키|3기생|대박박|부키,
2026-08-14T15:28:48.398442+00:00,516937b5f85cbf2249ce31b0ad046b0f,아오쿠모 린,Aokumo Rin,CLICHE,talent,219593,CLOSE,False,,,,,,2882
2026-08-14T15:28:48.398442+00:00,4d812b586ff63f8a2946e64fa860bbf5,하나코 나나,Hanako Nana,CLICHE,talent,207825,CLOSE,False,,,,,,3064
2026-08-14T15:28:48.398442+00:00,8fd39bb8de623317de90654718638b10,유즈하 리코,Yuzuha Riko,CLICHE,talent,209810,OPEN,True,2762,0,골드 갈래요,오버워치,스텔라이브|3기생|리코|클리셰,
2026-08-14T16:27:21.823359+00:00,b5ed5db484d04faf4d150aedd362f34b,강지,Kangji,STELLIVE,founder,287688,CLOSE,False,,,,,,1672
2026-08-14T16:27:21.823359+00:00,45e71a76e949e16a34764deb962f9d9f,아야츠노 유니,Ayatsuno Yuni,EVERYS,talent,302239,CLOSE,False,,,,,,2831
2026-08-14T16:27:21.823359+00:00,36ddb9bb4f17593b60f1b63cec86611d,사키하네 후야,Sakihane Huya,EVERYS,talent,157013,CLOSE,False,,,,,,1401
2026-08-14T16:27:21.823359+00:00,b044e3a3b9259246bc92e863e7d3f3b8,시라유키 히나,Shirayuki Hina,UNIVERSE,talent,237175,OPEN,True,7405,0,추억의 애니(추억별로없음) OST 월드컵 하기,음악/노래,스텔라이브|버튜버|2기생|히나|노래,
2026-08-14T16:27:21.823359+00:00,4515b179f86b67b4981e16190817c580,네네코 마시로,Neneko Mashiro,UNIVERSE,talent,210101,CLOSE,False,,,,,,2229
2026-08-14T16:27:21.823359+00:00,4325b1d5bbc321fad3042306646e2e50,아카네 리제,Akane Lize,UNIVERSE,talent,253289,OPEN,True,3780,0,오느릉 한ㄱ식으로 말아다오,음악/노래,스텔라이브|아카네리제,
2026-08-14T16:27:21.823359+00:00,a6c4ddb09cdb160478996007bff35296,아라하시 타비,Arahashi Tabi,UNIVERSE,talent,255658,CLOSE,False,,,,,,3412
2026-08-14T16:27:21.823359+00:00,64d76089fba26b180d9c9e48a32600d9,텐코 시부키,Tenko Shibuki,CLICHE,talent,241573,CLOSE,False,,,,,,3062
2026-08-14T16:27:21.823359+00:00,516937b5f85cbf2249ce31b0ad046b0f,아오쿠모 린,Aokumo Rin,CLICHE,talent,219603,CLOSE,False,,,,,,2882
2026-08-14T16:27:21.823359+00:00,4d812b586ff63f8a2946e64fa860bbf5,하나코 나나,Hanako Nana,CLICHE,talent,207835,CLOSE,False,,,,,,3064
2026-08-14T16:27:21.823359+00:00,8fd39bb8de623317de90654718638b10,유즈하 리코,Yuzuha Riko,CLICHE,talent,209831,OPEN,True,3148,0,팀장이니까..,이터널 리턴,스텔라이브|3기생|리코|클리셰,
2026-08-14T17:31:54.783028+00:00,b5ed5db484d04faf4d150aedd362f34b,강지,Kangji,STELLIVE,founder,287691,CLOSE,False,,,,,,1672
2026-08-14T17:31:54.783028+00:00,45e71a76e949e16a34764deb962f9d9f,아야츠노 유니,Ayatsuno Yuni,EVERYS,talent,302243,CLOSE,False,,,,,,2831
2026-08-14T17:31:54.783028+00:00,36ddb9bb4f17593b60f1b63cec86611d,사키하네 후야,Sakihane Huya,EVERYS,talent,157020,CLOSE,False,,,,,,1401
2026-08-14T17:31:54.783028+00:00,b044e3a3b9259246bc92e863e7d3f3b8,시라유키 히나,Shirayuki Hina,UNIVERSE,talent,237191,OPEN,True,4984,0,추억의 애니(추억별로없음) OST 월드컵 하기,talk,스텔라이브|버튜버|2기생|히나|노래,
2026-08-14T17:31:54.783028+00:00,4515b179f86b67b4981e16190817c580,네네코 마시로,Neneko Mashiro,UNIVERSE,talent,210104,CLOSE,False,,,,,,2229
2026-08-14T17:31:54.783028+00:00,4325b1d5bbc321fad3042306646e2e50,아카네 리제,Akane Lize,UNIVERSE,talent,253304,CLOSE,False,,,,,,3326
2026-08-14T17:31:54.783028+00:00,a6c4ddb09cdb160478996007bff35296,아라하시 타비,Arahashi Tabi,UNIVERSE,talent,255662,CLOSE,False,,,,,,3412
2026-08-14T17:31:54.783028+00:00,64d76089fba26b180d9c9e48a32600d9,텐코 시부키,Tenko Shibuki,CLICHE,talent,241578,CLOSE,False,,,,,,3062
2026-08-14T17:31:54.783028+00:00,516937b5f85cbf2249ce31b0ad046b0f,아오쿠모 린,Aokumo Rin,CLICHE,talent,219608,CLOSE,False,,,,,,2882
2026-08-14T17:31:54.783028+00:00,4d812b586ff63f8a2946e64fa860bbf5,하나코 나나,Hanako Nana,CLICHE,talent,207842,CLOSE,False,,,,,,3064
2026-08-14T17:31:54.783028+00:00,8fd39bb8de623317de90654718638b10,유즈하 리코,Yuzuha Riko,CLICHE,talent,209842,OPEN,True,3489,0,팀장이니까..,이터널 리턴,스텔라이브|3기생|리코|클리셰,
2026-08-14T18:31:34.522005+00:00,b5ed5db484d04faf4d150aedd362f34b,강지,Kangji,STELLIVE,founder,287697,CLOSE,False,,,,,,1672
2026-08-14T18:31:34.522005+00:00,45e71a76e949e16a34764deb962f9d9f,아야츠노 유니,Ayatsuno Yuni,EVERYS,talent,302251,CLOSE,False,,,,,,2831
2026-08-14T18:31:34.522005+00:00,36ddb9bb4f17593b60f1b63cec86611d,사키하네 후야,Sakihane Huya,EVERYS,talent,157025,CLOSE,False,,,,,,1401
2026-08-14T18:31:34.522005+00:00,b044e3a3b9259246bc92e863e7d3f3b8,시라유키 히나,Shirayuki Hina,UNIVERSE,talent,237203,CLOSE,False,,,,,,3747
2026-08-14T18:31:34.522005+00:00,4515b179f86b67b4981e16190817c580,네네코 마시로,Neneko Mashiro,UNIVERSE,talent,210109,CLOSE,False,,,,,,2229
2026-08-14T18:31:34.522005+00:00,4325b1d5bbc321fad3042306646e2e50,아카네 리제,Akane Lize,UNIVERSE,talent,253310,CLOSE,False,,,,,,3326
2026-08-14T18:31:34.522005+00:00,a6c4ddb09cdb160478996007bff35296,아라하시 타비,Arahashi Tabi,UNIVERSE,talent,255668,CLOSE,False,,,,,,3412
2026-08-14T18:31:34.522005+00:00,64d76089fba26b180d9c9e48a32600d9,텐코 시부키,Tenko Shibuki,CLICHE,talent,241586,CLOSE,False,,,,,,3062
2026-08-14T18:31:34.522005+00:00,516937b5f85cbf2249ce31b0ad046b0f,아오쿠모 린,Aokumo Rin,CLICHE,talent,219616,CLOSE,False,,,,,,2882
2026-08-14T18:31:34.522005+00:00,4d812b586ff63f8a2946e64fa860bbf5,하나코 나나,Hanako Nana,CLICHE,talent,207856,OPEN,True,1824,0,새벽 노래연습이다,음악/노래,스텔라이브|나나|하나코나나|클리셰,
2026-08-14T18:31:34.522005+00:00,8fd39bb8de623317de90654718638b10,유즈하 리코,Yuzuha Riko,CLICHE,talent,209859,CLOSE,False,,,,,,3908
2026-08-14T19:35:54.924094+00:00,b5ed5db484d04faf4d150aedd362f34b,강지,Kangji,STELLIVE,founder,287698,CLOSE,False,,,,,,1672
2026-08-14T19:35:54.924094+00:00,45e71a76e949e16a34764deb962f9d9f,아야츠노 유니,Ayatsuno Yuni,EVERYS,talent,302257,CLOSE,False,,,,,,2831
2026-08-14T19:35:54.924094+00:00,36ddb9bb4f17593b60f1b63cec86611d,사키하네 후야,Sakihane Huya,EVERYS,talent,157026,CLOSE,False,,,,,,1401
2026-08-14T19:35:54.924094+00:00,b044e3a3b9259246bc92e863e7d3f3b8,시라유키 히나,Shirayuki Hina,UNIVERSE,talent,237202,CLOSE,False,,,,,,3747
2026-08-14T19:35:54.924094+00:00,4515b179f86b67b4981e16190817c580,네네코 마시로,Neneko Mashiro,UNIVERSE,talent,210110,CLOSE,False,,,,,,2229
2026-08-14T19:35:54.924094+00:00,4325b1d5bbc321fad3042306646e2e50,아카네 리제,Akane Lize,UNIVERSE,talent,253311,CLOSE,False,,,,,,3326
2026-08-14T19:35:54.924094+00:00,a6c4ddb09cdb160478996007bff35296,아라하시 타비,Arahashi Tabi,UNIVERSE,talent,255668,CLOSE,False,,,,,,3412
2026-08-14T19:35:54.924094+00:00,64d76089fba26b180d9c9e48a32600d9,텐코 시부키,Tenko Shibuki,CLICHE,talent,241591,CLOSE,False,,,,,,3062
2026-08-14T19:35:54.924094+00:00,516937b5f85cbf2249ce31b0ad046b0f,아오쿠모 린,Aokumo Rin,CLICHE,talent,219618,CLOSE,False,,,,,,2882
2026-08-14T19:35:54.924094+00:00,4d812b586ff63f8a2946e64fa860bbf5,하나코 나나,Hanako Nana,CLICHE,talent,207887,OPEN,True,4170,0,새벽 노래연습이다,음악/노래,스텔라이브|나나|하나코나나|클리셰,
2026-08-14T19:35:54.924094+00:00,8fd39bb8de623317de90654718638b10,유즈하 리코,Yuzuha Riko,CLICHE,talent,209863,CLOSE,False,,,,,,3908
2026-08-14T20:13:45.609363+00:00,b5ed5db484d04faf4d150aedd362f34b,강지,Kangji,STELLIVE,founder,287698,CLOSE,False,,,,,,1672
2026-08-14T20:13:45.609363+00:00,45e71a76e949e16a34764deb962f9d9f,아야츠노 유니,Ayatsuno Yuni,EVERYS,talent,302258,CLOSE,False,,,,,,2831
2026-08-14T20:13:45.609363+00:00,36ddb9bb4f17593b60f1b63cec86611d,사키하네 후야,Sakihane Huya,EVERYS,talent,157028,CLOSE,False,,,,,,1401
2026-08-14T20:13:45.609363+00:00,b044e3a3b9259246bc92e863e7d3f3b8,시라유키 히나,Shirayuki Hina,UNIVERSE,talent,237202,CLOSE,False,,,,,,3747
2026-08-14T20:13:45.609363+00:00,4515b179f86b67b4981e16190817c580,네네코 마시로,Neneko Mashiro,UNIVERSE,talent,210113,CLOSE,False,,,,,,2229
2026-08-14T20:13:45.609363+00:00,4325b1d5bbc321fad3042306646e2e50,아카네 리제,Akane Lize,UNIVERSE,talent,253312,CLOSE,False,,,,,,3326
2026-08-14T20:13:45.609363+00:00,a6c4ddb09cdb160478996007bff35296,아라하시 타비,Arahashi Tabi,UNIVERSE,talent,255670,CLOSE,False,,,,,,3412
2026-08-14T20:13:45.609363+00:00,64d76089fba26b180d9c9e48a32600d9,텐코 시부키,Tenko Shibuki,CLICHE,talent,241593,CLOSE,False,,,,,,3062
2026-08-14T20:13:45.609363+00:00,516937b5f85cbf2249ce31b0ad046b0f,아오쿠모 린,Aokumo Rin,CLICHE,talent,219620,CLOSE,False,,,,,,2882
2026-08-14T20:13:45.609363+00:00,4d812b586ff63f8a2946e64fa860bbf5,하나코 나나,Hanako Nana,CLICHE,talent,207903,OPEN,True,4050,0,새벽 노래연습이다,음악/노래,스텔라이브|나나|하나코나나|클리셰,
2026-08-14T20:13:45.609363+00:00,8fd39bb8de623317de90654718638b10,유즈하 리코,Yuzuha Riko,CLICHE,talent,209864,CLOSE,False,,,,,,3908
2026-08-14T20:50:21.506902+00:00,b5ed5db484d04faf4d150aedd362f34b,강지,Kangji,STELLIVE,founder,287699,CLOSE,False,,,,,,1672
2026-08-14T20:50:21.506902+00:00,45e71a76e949e16a34764deb962f9d9f,아야츠노 유니,Ayatsuno Yuni,EVERYS,talent,302263,CLOSE,False,,,,,,2831
2026-08-14T20:50:21.506902+00:00,36ddb9bb4f17593b60f1b63cec86611d,사키하네 후야,Sakihane Huya,EVERYS,talent,157028,CLOSE,False,,,,,,1401
2026-08-14T20:50:21.506902+00:00,b044e3a3b9259246bc92e863e7d3f3b8,시라유키 히나,Shirayuki Hina,UNIVERSE,talent,237205,CLOSE,False,,,,,,3747
2026-08-14T20:50:21.506902+00:00,4515b179f86b67b4981e16190817c580,네네코 마시로,Neneko Mashiro,UNIVERSE,talent,210116,CLOSE,False,,,,,,2229
2026-08-14T20:50:21.506902+00:00,4325b1d5bbc321fad3042306646e2e50,아카네 리제,Akane Lize,UNIVERSE,talent,253313,CLOSE,False,,,,,,3326
2026-08-14T20:50:21.506902+00:00,a6c4ddb09cdb160478996007bff35296,아라하시 타비,Arahashi Tabi,UNIVERSE,talent,255671,CLOSE,False,,,,,,3412
2026-08-14T20:50:21.506902+00:00,64d76089fba26b180d9c9e48a32600d9,텐코 시부키,Tenko Shibuki,CLICHE,talent,241594,CLOSE,False,,,,,,3062
2026-08-14T20:50:21.506902+00:00,516937b5f85cbf2249ce31b0ad046b0f,아오쿠모 린,Aokumo Rin,CLICHE,talent,219623,CLOSE,False,,,,,,2882
2026-08-14T20:50:21.506902+00:00,4d812b586ff63f8a2946e64fa860bbf5,하나코 나나,Hanako Nana,CLICHE,talent,207909,CLOSE,False,,,,,,4048
2026-08-14T20:50:21.506902+00:00,8fd39bb8de623317de90654718638b10,유즈하 리코,Yuzuha Riko,CLICHE,talent,209866,CLOSE,False,,,,,,3908
2026-08-14T21:17:05.253702+00:00,b5ed5db484d04faf4d150aedd362f34b,강지,Kangji,STELLIVE,founder,287699,CLOSE,False,,,,,,1672
2026-08-14T21:17:05.253702+00:00,45e71a76e949e16a34764deb962f9d9f,아야츠노 유니,Ayatsuno Yuni,EVERYS,talent,302265,CLOSE,False,,,,,,2831
2026-08-14T21:17:05.253702+00:00,36ddb9bb4f17593b60f1b63cec86611d,사키하네 후야,Sakihane Huya,EVERYS,talent,157028,CLOSE,False,,,,,,1401
2026-08-14T21:17:05.253702+00:00,b044e3a3b9259246bc92e863e7d3f3b8,시라유키 히나,Shirayuki Hina,UNIVERSE,talent,237205,CLOSE,False,,,,,,3747
2026-08-14T21:17:05.253702+00:00,4515b179f86b67b4981e16190817c580,네네코 마시로,Neneko Mashiro,UNIVERSE,talent,210116,CLOSE,False,,,,,,2229
2026-08-14T21:17:05.253702+00:00,4325b1d5bbc321fad3042306646e2e50,아카네 리제,Akane Lize,UNIVERSE,talent,253313,CLOSE,False,,,,,,3326
2026-08-14T21:17:05.253702+00:00,a6c4ddb09cdb160478996007bff35296,아라하시 타비,Arahashi Tabi,UNIVERSE,talent,255671,CLOSE,False,,,,,,3412
2026-08-14T21:17:05.253702+00:00,64d76089fba26b180d9c9e48a32600d9,텐코 시부키,Tenko Shibuki,CLICHE,talent,241595,CLOSE,False,,,,,,3062
2026-08-14T21:17:05.253702+00:00,516937b5f85cbf2249ce31b0ad046b0f,아오쿠모 린,Aokumo Rin,CLICHE,talent,219623,CLOSE,False,,,,,,2882
2026-08-14T21:17:05.253702+00:00,4d812b586ff63f8a2946e64fa860bbf5,하나코 나나,Hanako Nana,CLICHE,talent,207911,CLOSE,False,,,,,,4048
2026-08-14T21:17:05.253702+00:00,8fd39bb8de623317de90654718638b10,유즈하 리코,Yuzuha Riko,CLICHE,talent,209869,CLOSE,False,,,,,,3908
2026-08-14T21:45:18.547866+00:00,b5ed5db484d04faf4d150aedd362f34b,강지,Kangji,STELLIVE,founder,287699,CLOSE,False,,,,,,1672
2026-08-14T21:45:18.547866+00:00,45e71a76e949e16a34764deb962f9d9f,아야츠노 유니,Ayatsuno Yuni,EVERYS,talent,302265,CLOSE,False,,,,,,2831
2026-08-14T21:45:18.547866+00:00,36ddb9bb4f17593b60f1b63cec86611d,사키하네 후야,Sakihane Huya,EVERYS,talent,157028,CLOSE,False,,,,,,1401
2026-08-14T21:45:18.547866+00:00,b044e3a3b9259246bc92e863e7d3f3b8,시라유키 히나,Shirayuki Hina,UNIVERSE,talent,237206,CLOSE,False,,,,,,3747
2026-08-14T21:45:18.547866+00:00,4515b179f86b67b4981e16190817c580,네네코 마시로,Neneko Mashiro,UNIVERSE,talent,210115,CLOSE,False,,,,,,2229
2026-08-14T21:45:18.547866+00:00,4325b1d5bbc321fad3042306646e2e50,아카네 리제,Akane Lize,UNIVERSE,talent,253315,CLOSE,False,,,,,,3326
2026-08-14T21:45:18.547866+00:00,a6c4ddb09cdb160478996007bff35296,아라하시 타비,Arahashi Tabi,UNIVERSE,talent,255671,CLOSE,False,,,,,,3412
2026-08-14T21:45:18.547866+00:00,64d76089fba26b180d9c9e48a32600d9,텐코 시부키,Tenko Shibuki,CLICHE,talent,241597,CLOSE,False,,,,,,3062
2026-08-14T21:45:18.547866+00:00,516937b5f85cbf2249ce31b0ad046b0f,아오쿠모 린,Aokumo Rin,CLICHE,talent,219624,CLOSE,False,,,,,,2882
2026-08-14T21:45:18.547866+00:00,4d812b586ff63f8a2946e64fa860bbf5,하나코 나나,Hanako Nana,CLICHE,talent,207912,CLOSE,False,,,,,,4048
2026-08-14T21:45:18.547866+00:00,8fd39bb8de623317de90654718638b10,유즈하 리코,Yuzuha Riko,CLICHE,talent,209869,CLOSE,False,,,,,,3908
2026-08-14T22:03:02.003374+00:00,b5ed5db484d04faf4d150aedd362f34b,강지,Kangji,STELLIVE,founder,287700,CLOSE,False,,,,,,1672
2026-08-14T22:03:02.003374+00:00,45e71a76e949e16a34764deb962f9d9f,아야츠노 유니,Ayatsuno Yuni,EVERYS,talent,302265,CLOSE,False,,,,,,2831
2026-08-14T22:03:02.003374+00:00,36ddb9bb4f17593b60f1b63cec86611d,사키하네 후야,Sakihane Huya,EVERYS,talent,157028,CLOSE,False,,,,,,1401
2026-08-14T22:03:02.003374+00:00,b044e3a3b9259246bc92e863e7d3f3b8,시라유키 히나,Shirayuki Hina,UNIVERSE,talent,237206,CLOSE,False,,,,,,3747
2026-08-14T22:03:02.003374+00:00,4515b179f86b67b4981e16190817c580,네네코 마시로,Neneko Mashiro,UNIVERSE,talent,210114,CLOSE,False,,,,,,2229
2026-08-14T22:03:02.003374+00:00,4325b1d5bbc321fad3042306646e2e50,아카네 리제,Akane Lize,UNIVERSE,talent,253315,CLOSE,False,,,,,,3326
2026-08-14T22:03:02.003374+00:00,a6c4ddb09cdb160478996007bff35296,아라하시 타비,Arahashi Tabi,UNIVERSE,talent,255670,CLOSE,False,,,,,,3412
2026-08-14T22:03:02.003374+00:00,64d76089fba26b180d9c9e48a32600d9,텐코 시부키,Tenko Shibuki,CLICHE,talent,241596,CLOSE,False,,,,,,3062
2026-08-14T22:03:02.003374+00:00,516937b5f85cbf2249ce31b0ad046b0f,아오쿠모 린,Aokumo Rin,CLICHE,talent,219623,CLOSE,False,,,,,,2882
2026-08-14T22:03:02.003374+00:00,4d812b586ff63f8a2946e64fa860bbf5,하나코 나나,Hanako Nana,CLICHE,talent,207912,CLOSE,False,,,,,,4048
2026-08-14T22:03:02.003374+00:00,8fd39bb8de623317de90654718638b10,유즈하 리코,Yuzuha Riko,CLICHE,talent,209869,CLOSE,False,,,,,,3908
2026-08-14T22:37:56.131406+00:00,b5ed5db484d04faf4d150aedd362f34b,강지,Kangji,STELLIVE,founder,287700,CLOSE,False,,,,,,1672
2026-08-14T22:37:56.131406+00:00,45e71a76e949e16a34764deb962f9d9f,아야츠노 유니,Ayatsuno Yuni,EVERYS,talent,302266,CLOSE,False,,,,,,2831
2026-08-14T22:37:56.131406+00:00,36ddb9bb4f17593b60f1b63cec86611d,사키하네 후야,Sakihane Huya,EVERYS,talent,157028,CLOSE,False,,,,,,1401
2026-08-14T22:37:56.131406+00:00,b044e3a3b9259246bc92e863e7d3f3b8,시라유키 히나,Shirayuki Hina,UNIVERSE,talent,237207,CLOSE,False,,,,,,3747
2026-08-14T22:37:56.131406+00:00,4515b179f86b67b4981e16190817c580,네네코 마시로,Neneko Mashiro,UNIVERSE,talent,210114,CLOSE,False,,,,,,2229
2026-08-14T22:37:56.131406+00:00,4325b1d5bbc321fad3042306646e2e50,아카네 리제,Akane Lize,UNIVERSE,talent,253316,CLOSE,False,,,,,,3326
2026-08-14T22:37:56.131406+00:00,a6c4ddb09cdb160478996007bff35296,아라하시 타비,Arahashi Tabi,UNIVERSE,talent,255672,CLOSE,False,,,,,,3412
2026-08-14T22:37:56.131406+00:00,64d76089fba26b180d9c9e48a32600d9,텐코 시부키,Tenko Shibuki,CLICHE,talent,241595,CLOSE,False,,,,,,3062
2026-08-14T22:37:56.131406+00:00,516937b5f85cbf2249ce31b0ad046b0f,아오쿠모 린,Aokumo Rin,CLICHE,talent,219623,CLOSE,False,,,,,,2882
2026-08-14T22:37:56.131406+00:00,4d812b586ff63f8a2946e64fa860bbf5,하나코 나나,Hanako Nana,CLICHE,talent,207913,CLOSE,False,,,,,,4048
2026-08-14T22:37:56.131406+00:00,8fd39bb8de623317de90654718638b10,유즈하 리코,Yuzuha Riko,CLICHE,talent,209869,CLOSE,False,,,,,,3908
2026-08-14T22:59:52.234327+00:00,b5ed5db484d04faf4d150aedd362f34b,강지,Kangji,STELLIVE,founder,287700,CLOSE,False,,,,,,1672
2026-08-14T22:59:52.234327+00:00,45e71a76e949e16a34764deb962f9d9f,아야츠노 유니,Ayatsuno Yuni,EVERYS,talent,302266,CLOSE,False,,,,,,2831
2026-08-14T22:59:52.234327+00:00,36ddb9bb4f17593b60f1b63cec86611d,사키하네 후야,Sakihane Huya,EVERYS,talent,157028,CLOSE,False,,,,,,1401
2026-08-14T22:59:52.234327+00:00,b044e3a3b9259246bc92e863e7d3f3b8,시라유키 히나,Shirayuki Hina,UNIVERSE,talent,237207,CLOSE,False,,,,,,3747
2026-08-14T22:59:52.234327+00:00,4515b179f86b67b4981e16190817c580,네네코 마시로,Neneko Mashiro,UNIVERSE,talent,210114,CLOSE,False,,,,,,2229
2026-08-14T22:59:52.234327+00:00,4325b1d5bbc321fad3042306646e2e50,아카네 리제,Akane Lize,UNIVERSE,talent,253317,CLOSE,False,,,,,,3326
2026-08-14T22:59:52.234327+00:00,a6c4ddb09cdb160478996007bff35296,아라하시 타비,Arahashi Tabi,UNIVERSE,talent,255673,CLOSE,False,,,,,,3412
2026-08-14T22:59:52.234327+00:00,64d76089fba26b180d9c9e48a32600d9,텐코 시부키,Tenko Shibuki,CLICHE,talent,241595,CLOSE,False,,,,,,3062
2026-08-14T22:59:52.234327+00:00,516937b5f85cbf2249ce31b0ad046b0f,아오쿠모 린,Aokumo Rin,CLICHE,talent,219622,CLOSE,False,,,,,,2882
2026-08-14T22:59:52.234327+00:00,4d812b586ff63f8a2946e64fa860bbf5,하나코 나나,Hanako Nana,CLICHE,talent,207913,CLOSE,False,,,,,,4048
2026-08-14T22:59:52.234327+00:00,8fd39bb8de623317de90654718638b10,유즈하 리코,Yuzuha Riko,CLICHE,talent,209869,CLOSE,False,,,,,,3908
2026-08-14T23:31:14.373881+00:00,b5ed5db484d04faf4d150aedd362f34b,강지,Kangji,STELLIVE,founder,287702,CLOSE,False,,,,,,1672
2026-08-14T23:31:14.373881+00:00,45e71a76e949e16a34764deb962f9d9f,아야츠노 유니,Ayatsuno Yuni,EVERYS,talent,302268,CLOSE,False,,,,,,2831
2026-08-14T23:31:14.373881+00:00,36ddb9bb4f17593b60f1b63cec86611d,사키하네 후야,Sakihane Huya,EVERYS,talent,157029,CLOSE,False,,,,,,1401
2026-08-14T23:31:14.373881+00:00,b044e3a3b9259246bc92e863e7d3f3b8,시라유키 히나,Shirayuki Hina,UNIVERSE,talent,237209,CLOSE,False,,,,,,3747
2026-08-14T23:31:14.373881+00:00,4515b179f86b67b4981e16190817c580,네네코 마시로,Neneko Mashiro,UNIVERSE,talent,210115,CLOSE,False,,,,,,2229
2026-08-14T23:31:14.373881+00:00,4325b1d5bbc321fad3042306646e2e50,아카네 리제,Akane Lize,UNIVERSE,talent,253319,CLOSE,False,,,,,,3326
2026-08-14T23:31:14.373881+00:00,a6c4ddb09cdb160478996007bff35296,아라하시 타비,Arahashi Tabi,UNIVERSE,talent,255674,CLOSE,False,,,,,,3412
2026-08-14T23:31:14.373881+00:00,64d76089fba26b180d9c9e48a32600d9,텐코 시부키,Tenko Shibuki,CLICHE,talent,241595,CLOSE,False,,,,,,3062
2026-08-14T23:31:14.373881+00:00,516937b5f85cbf2249ce31b0ad046b0f,아오쿠모 린,Aokumo Rin,CLICHE,talent,219624,CLOSE,False,,,,,,2882
2026-08-14T23:31:14.373881+00:00,4d812b586ff63f8a2946e64fa860bbf5,하나코 나나,Hanako Nana,CLICHE,talent,207914,CLOSE,False,,,,,,4048
2026-08-14T23:31:14.373881+00:00,8fd39bb8de623317de90654718638b10,유즈하 리코,Yuzuha Riko,CLICHE,talent,209871,CLOSE,False,,,,,,3908
2026-08-14T23:59:01.313586+00:00,b5ed5db484d04faf4d150aedd362f34b,강지,Kangji,STELLIVE,founder,287702,CLOSE,False,,,,,,1672
2026-08-14T23:59:01.313586+00:00,45e71a76e949e16a34764deb962f9d9f,아야츠노 유니,Ayatsuno Yuni,EVERYS,talent,302268,CLOSE,False,,,,,,2831
2026-08-14T23:59:01.313586+00:00,36ddb9bb4f17593b60f1b63cec86611d,사키하네 후야,Sakihane Huya,EVERYS,talent,157030,CLOSE,False,,,,,,1401
2026-08-14T23:59:01.313586+00:00,b044e3a3b9259246bc92e863e7d3f3b8,시라유키 히나,Shirayuki Hina,UNIVERSE,talent,237209,CLOSE,False,,,,,,3747
2026-08-14T23:59:01.313586+00:00,4515b179f86b67b4981e16190817c580,네네코 마시로,Neneko Mashiro,UNIVERSE,talent,210116,CLOSE,False,,,,,,2229
2026-08-14T23:59:01.313586+00:00,4325b1d5bbc321fad3042306646e2e50,아카네 리제,Akane Lize,UNIVERSE,talent,253320,CLOSE,False,,,,,,3326
2026-08-14T23:59:01.313586+00:00,a6c4ddb09cdb160478996007bff35296,아라하시 타비,Arahashi Tabi,UNIVERSE,talent,255674,CLOSE,False,,,,,,3412
2026-08-14T23:59:01.313586+00:00,64d76089fba26b180d9c9e48a32600d9,텐코 시부키,Tenko Shibuki,CLICHE,talent,241595,CLOSE,False,,,,,,3062
2026-08-14T23:59:01.313586+00:00,516937b5f85cbf2249ce31b0ad046b0f,아오쿠모 린,Aokumo Rin,CLICHE,talent,219625,CLOSE,False,,,,,,2882
2026-08-14T23:59:01.313586+00:00,4d812b586ff63f8a2946e64fa860bbf5,하나코 나나,Hanako Nana,CLICHE,talent,207914,CLOSE,False,,,,,,4048
2026-08-14T23:59:01.313586+00:00,8fd39bb8de623317de90654718638b10,유즈하 리코,Yuzuha Riko,CLICHE,talent,209872,CLOSE,False,,,,,,3908
2026-08-15T01:45:16.711584+00:00,b5ed5db484d04faf4d150aedd362f34b,강지,Kangji,STELLIVE,founder,287704,CLOSE,False,,,,,,1672
2026-08-15T01:45:16.711584+00:00,45e71a76e949e16a34764deb962f9d9f,아야츠노 유니,Ayatsuno Yuni,EVERYS,talent,302272,CLOSE,False,,,,,,2831
2026-08-15T01:45:16.711584+00:00,36ddb9bb4f17593b60f1b63cec86611d,사키하네 후야,Sakihane Huya,EVERYS,talent,157033,CLOSE,False,,,,,,1401
2026-08-15T01:45:16.711584+00:00,b044e3a3b9259246bc92e863e7d3f3b8,시라유키 히나,Shirayuki Hina,UNIVERSE,talent,237214,CLOSE,False,,,,,,3747
2026-08-15T01:45:16.711584+00:00,4515b179f86b67b4981e16190817c580,네네코 마시로,Neneko Mashiro,UNIVERSE,talent,210116,CLOSE,False,,,,,,2229
2026-08-15T01:45:16.711584+00:00,4325b1d5bbc321fad3042306646e2e50,아카네 리제,Akane Lize,UNIVERSE,talent,253321,CLOSE,False,,,,,,3326
2026-08-15T01:45:16.711584+00:00,a6c4ddb09cdb160478996007bff35296,아라하시 타비,Arahashi Tabi,UNIVERSE,talent,255677,CLOSE,False,,,,,,3412
2026-08-15T01:45:16.711584+00:00,64d76089fba26b180d9c9e48a32600d9,텐코 시부키,Tenko Shibuki,CLICHE,talent,241598,CLOSE,False,,,,,,3062
2026-08-15T01:45:16.711584+00:00,516937b5f85cbf2249ce31b0ad046b0f,아오쿠모 린,Aokumo Rin,CLICHE,talent,219628,CLOSE,False,,,,,,2882
2026-08-15T01:45:16.711584+00:00,4d812b586ff63f8a2946e64fa860bbf5,하나코 나나,Hanako Nana,CLICHE,talent,207916,CLOSE,False,,,,,,4048
2026-08-15T01:45:16.711584+00:00,8fd39bb8de623317de90654718638b10,유즈하 리코,Yuzuha Riko,CLICHE,talent,209874,CLOSE,False,,,,,,3908
2026-08-15T02:40:27.986715+00:00,b5ed5db484d04faf4d150aedd362f34b,강지,Kangji,STELLIVE,founder,287708,CLOSE,False,,,,,,1672
2026-08-15T02:40:27.986715+00:00,45e71a76e949e16a34764deb962f9d9f,아야츠노 유니,Ayatsuno Yuni,EVERYS,talent,302278,CLOSE,False,,,,,,2831
2026-08-15T02:40:27.986715+00:00,36ddb9bb4f17593b60f1b63cec86611d,사키하네 후야,Sakihane Huya,EVERYS,talent,157036,CLOSE,False,,,,,,1401
2026-08-15T02:40:27.986715+00:00,b044e3a3b9259246bc92e863e7d3f3b8,시라유키 히나,Shirayuki Hina,UNIVERSE,talent,237218,CLOSE,False,,,,,,3747
2026-08-15T02:40:27.986715+00:00,4515b179f86b67b4981e16190817c580,네네코 마시로,Neneko Mashiro,UNIVERSE,talent,210118,CLOSE,False,,,,,,2229
2026-08-15T02:40:27.986715+00:00,4325b1d5bbc321fad3042306646e2e50,아카네 리제,Akane Lize,UNIVERSE,talent,253323,CLOSE,False,,,,,,3326
2026-08-15T02:40:27.986715+00:00,a6c4ddb09cdb160478996007bff35296,아라하시 타비,Arahashi Tabi,UNIVERSE,talent,255683,CLOSE,False,,,,,,3412
2026-08-15T02:40:27.986715+00:00,64d76089fba26b180d9c9e48a32600d9,텐코 시부키,Tenko Shibuki,CLICHE,talent,241599,CLOSE,False,,,,,,3062
2026-08-15T02:40:27.986715+00:00,516937b5f85cbf2249ce31b0ad046b0f,아오쿠모 린,Aokumo Rin,CLICHE,talent,219633,CLOSE,False,,,,,,2882
2026-08-15T02:40:27.986715+00:00,4d812b586ff63f8a2946e64fa860bbf5,하나코 나나,Hanako Nana,CLICHE,talent,207918,CLOSE,False,,,,,,4048
2026-08-15T02:40:27.986715+00:00,8fd39bb8de623317de90654718638b10,유즈하 리코,Yuzuha Riko,CLICHE,talent,209878,CLOSE,False,,,,,,3908
2026-08-15T03:26:01.497251+00:00,b5ed5db484d04faf4d150aedd362f34b,강지,Kangji,STELLIVE,founder,287706,CLOSE,False,,,,,,1672
2026-08-15T03:26:01.497251+00:00,45e71a76e949e16a34764deb962f9d9f,아야츠노 유니,Ayatsuno Yuni,EVERYS,talent,302281,CLOSE,False,,,,,,2831
2026-08-15T03:26:01.497251+00:00,36ddb9bb4f17593b60f1b63cec86611d,사키하네 후야,Sakihane Huya,EVERYS,talent,157037,CLOSE,False,,,,,,1401
2026-08-15T03:26:01.497251+00:00,b044e3a3b9259246bc92e863e7d3f3b8,시라유키 히나,Shirayuki Hina,UNIVERSE,talent,237221,CLOSE,False,,,,,,3747
2026-08-15T03:26:01.497251+00:00,4515b179f86b67b4981e16190817c580,네네코 마시로,Neneko Mashiro,UNIVERSE,talent,210119,CLOSE,False,,,,,,2229
2026-08-15T03:26:01.497251+00:00,4325b1d5bbc321fad3042306646e2e50,아카네 리제,Akane Lize,UNIVERSE,talent,253320,CLOSE,False,,,,,,3326
2026-08-15T03:26:01.497251+00:00,a6c4ddb09cdb160478996007bff35296,아라하시 타비,Arahashi Tabi,UNIVERSE,talent,255685,CLOSE,False,,,,,,3412
2026-08-15T03:26:01.497251+00:00,64d76089fba26b180d9c9e48a32600d9,텐코 시부키,Tenko Shibuki,CLICHE,talent,241601,CLOSE,False,,,,,,3062
2026-08-15T03:26:01.497251+00:00,516937b5f85cbf2249ce31b0ad046b0f,아오쿠모 린,Aokumo Rin,CLICHE,talent,219633,CLOSE,False,,,,,,2882
2026-08-15T03:26:01.497251+00:00,4d812b586ff63f8a2946e64fa860bbf5,하나코 나나,Hanako Nana,CLICHE,talent,207918,CLOSE,False,,,,,,4048
2026-08-15T03:26:01.497251+00:00,8fd39bb8de623317de90654718638b10,유즈하 리코,Yuzuha Riko,CLICHE,talent,209884,CLOSE,False,,,,,,3908
2026-08-15T04:05:52.480974+00:00,b5ed5db484d04faf4d150aedd362f34b,강지,Kangji,STELLIVE,founder,287708,CLOSE,False,,,,,,1672
2026-08-15T04:05:52.480974+00:00,45e71a76e949e16a34764deb962f9d9f,아야츠노 유니,Ayatsuno Yuni,EVERYS,talent,302287,CLOSE,False,,,,,,2831
2026-08-15T04:05:52.480974+00:00,36ddb9bb4f17593b60f1b63cec86611d,사키하네 후야,Sakihane Huya,EVERYS,talent,157041,CLOSE,False,,,,,,1401
2026-08-15T04:05:52.480974+00:00,b044e3a3b9259246bc92e863e7d3f3b8,시라유키 히나,Shirayuki Hina,UNIVERSE,talent,237222,CLOSE,False,,,,,,3747
2026-08-15T04:05:52.480974+00:00,4515b179f86b67b4981e16190817c580,네네코 마시로,Neneko Mashiro,UNIVERSE,talent,210123,CLOSE,False,,,,,,2229
2026-08-15T04:05:52.480974+00:00,4325b1d5bbc321fad3042306646e2e50,아카네 리제,Akane Lize,UNIVERSE,talent,253326,CLOSE,False,,,,,,3326
2026-08-15T04:05:52.480974+00:00,a6c4ddb09cdb160478996007bff35296,아라하시 타비,Arahashi Tabi,UNIVERSE,talent,255689,CLOSE,False,,,,,,3412
2026-08-15T04:05:52.480974+00:00,64d76089fba26b180d9c9e48a32600d9,텐코 시부키,Tenko Shibuki,CLICHE,talent,241604,CLOSE,False,,,,,,3062
2026-08-15T04:05:52.480974+00:00,516937b5f85cbf2249ce31b0ad046b0f,아오쿠모 린,Aokumo Rin,CLICHE,talent,219636,CLOSE,False,,,,,,2882
2026-08-15T04:05:52.480974+00:00,4d812b586ff63f8a2946e64fa860bbf5,하나코 나나,Hanako Nana,CLICHE,talent,207921,CLOSE,False,,,,,,4048
2026-08-15T04:05:52.480974+00:00,8fd39bb8de623317de90654718638b10,유즈하 리코,Yuzuha Riko,CLICHE,talent,209888,CLOSE,False,,,,,,3908
2026-08-15T04:45:18.459369+00:00,b5ed5db484d04faf4d150aedd362f34b,강지,Kangji,STELLIVE,founder,287712,CLOSE,False,,,,,,1672
2026-08-15T04:45:18.459369+00:00,45e71a76e949e16a34764deb962f9d9f,아야츠노 유니,Ayatsuno Yuni,EVERYS,talent,302293,CLOSE,False,,,,,,2831
2026-08-15T04:45:18.459369+00:00,36ddb9bb4f17593b60f1b63cec86611d,사키하네 후야,Sakihane Huya,EVERYS,talent,157046,CLOSE,False,,,,,,1401
2026-08-15T04:45:18.459369+00:00,b044e3a3b9259246bc92e863e7d3f3b8,시라유키 히나,Shirayuki Hina,UNIVERSE,talent,237227,CLOSE,False,,,,,,3747
2026-08-15T04:45:18.459369+00:00,4515b179f86b67b4981e16190817c580,네네코 마시로,Neneko Mashiro,UNIVERSE,talent,210126,CLOSE,False,,,,,,2229
2026-08-15T04:45:18.459369+00:00,4325b1d5bbc321fad3042306646e2e50,아카네 리제,Akane Lize,UNIVERSE,talent,253333,CLOSE,False,,,,,,3326
2026-08-15T04:45:18.459369+00:00,a6c4ddb09cdb160478996007bff35296,아라하시 타비,Arahashi Tabi,UNIVERSE,talent,255694,CLOSE,False,,,,,,3412
2026-08-15T04:45:18.459369+00:00,64d76089fba26b180d9c9e48a32600d9,텐코 시부키,Tenko Shibuki,CLICHE,talent,241608,CLOSE,False,,,,,,3062
2026-08-15T04:45:18.459369+00:00,516937b5f85cbf2249ce31b0ad046b0f,아오쿠모 린,Aokumo Rin,CLICHE,talent,219638,CLOSE,False,,,,,,2882
2026-08-15T04:45:18.459369+00:00,4d812b586ff63f8a2946e64fa860bbf5,하나코 나나,Hanako Nana,CLICHE,talent,207927,CLOSE,False,,,,,,4048
2026-08-15T04:45:18.459369+00:00,8fd39bb8de623317de90654718638b10,유즈하 리코,Yuzuha Riko,CLICHE,talent,209894,CLOSE,False,,,,,,3908
2026-08-15T05:11:46.607399+00:00,b5ed5db484d04faf4d150aedd362f34b,강지,Kangji,STELLIVE,founder,287715,CLOSE,False,,,,,,1672
2026-08-15T05:11:46.607399+00:00,45e71a76e949e16a34764deb962f9d9f,아야츠노 유니,Ayatsuno Yuni,EVERYS,talent,302294,CLOSE,False,,,,,,2831
2026-08-15T05:11:46.607399+00:00,36ddb9bb4f17593b60f1b63cec86611d,사키하네 후야,Sakihane Huya,EVERYS,talent,157049,CLOSE,False,,,,,,1401
2026-08-15T05:11:46.607399+00:00,b044e3a3b9259246bc92e863e7d3f3b8,시라유키 히나,Shirayuki Hina,UNIVERSE,talent,237228,CLOSE,False,,,,,,3747
2026-08-15T05:11:46.607399+00:00,4515b179f86b67b4981e16190817c580,네네코 마시로,Neneko Mashiro,UNIVERSE,talent,210127,CLOSE,False,,,,,,2229
2026-08-15T05:11:46.607399+00:00,4325b1d5bbc321fad3042306646e2e50,아카네 리제,Akane Lize,UNIVERSE,talent,253334,CLOSE,False,,,,,,3326
2026-08-15T05:11:46.607399+00:00,a6c4ddb09cdb160478996007bff35296,아라하시 타비,Arahashi Tabi,UNIVERSE,talent,255696,CLOSE,False,,,,,,3412
2026-08-15T05:11:46.607399+00:00,64d76089fba26b180d9c9e48a32600d9,텐코 시부키,Tenko Shibuki,CLICHE,talent,241613,CLOSE,False,,,,,,3062
2026-08-15T05:11:46.607399+00:00,516937b5f85cbf2249ce31b0ad046b0f,아오쿠모 린,Aokumo Rin,CLICHE,talent,219642,CLOSE,False,,,,,,2882
2026-08-15T05:11:46.607399+00:00,4d812b586ff63f8a2946e64fa860bbf5,하나코 나나,Hanako Nana,CLICHE,talent,207930,CLOSE,False,,,,,,4048
2026-08-15T05:11:46.607399+00:00,8fd39bb8de623317de90654718638b10,유즈하 리코,Yuzuha Riko,CLICHE,talent,209897,CLOSE,False,,,,,,3908
2026-08-15T05:46:18.526168+00:00,b5ed5db484d04faf4d150aedd362f34b,강지,Kangji,STELLIVE,founder,287718,CLOSE,False,,,,,,1672
2026-08-15T05:46:18.526168+00:00,45e71a76e949e16a34764deb962f9d9f,아야츠노 유니,Ayatsuno Yuni,EVERYS,talent,302299,CLOSE,False,,,,,,2831
2026-08-15T05:46:18.526168+00:00,36ddb9bb4f17593b60f1b63cec86611d,사키하네 후야,Sakihane Huya,EVERYS,talent,157055,CLOSE,False,,,,,,1401
2026-08-15T05:46:18.526168+00:00,b044e3a3b9259246bc92e863e7d3f3b8,시라유키 히나,Shirayuki Hina,UNIVERSE,talent,237231,CLOSE,False,,,,,,3747
2026-08-15T05:46:18.526168+00:00,4515b179f86b67b4981e16190817c580,네네코 마시로,Neneko Mashiro,UNIVERSE,talent,210132,OPEN,True,1411,0,슬랑이 왔따,talk,스텔라이브|네네코마시로|밍,
2026-08-15T05:46:18.526168+00:00,4325b1d5bbc321fad3042306646e2e50,아카네 리제,Akane Lize,UNIVERSE,talent,253337,CLOSE,False,,,,,,3326
2026-08-15T05:46:18.526168+00:00,a6c4ddb09cdb160478996007bff35296,아라하시 타비,Arahashi Tabi,UNIVERSE,talent,255697,CLOSE,False,,,,,,3412
2026-08-15T05:46:18.526168+00:00,64d76089fba26b180d9c9e48a32600d9,텐코 시부키,Tenko Shibuki,CLICHE,talent,241615,CLOSE,False,,,,,,3062
2026-08-15T05:46:18.526168+00:00,516937b5f85cbf2249ce31b0ad046b0f,아오쿠모 린,Aokumo Rin,CLICHE,talent,219645,CLOSE,False,,,,,,2882
2026-08-15T05:46:18.526168+00:00,4d812b586ff63f8a2946e64fa860bbf5,하나코 나나,Hanako Nana,CLICHE,talent,207935,CLOSE,False,,,,,,4048
2026-08-15T05:46:18.526168+00:00,8fd39bb8de623317de90654718638b10,유즈하 리코,Yuzuha Riko,CLICHE,talent,209902,CLOSE,False,,,,,,3908
2026-08-15T06:14:27.857961+00:00,b5ed5db484d04faf4d150aedd362f34b,강지,Kangji,STELLIVE,founder,287722,CLOSE,False,,,,,,1672
2026-08-15T06:14:27.857961+00:00,45e71a76e949e16a34764deb962f9d9f,아야츠노 유니,Ayatsuno Yuni,EVERYS,talent,302304,CLOSE,False,,,,,,2831
2026-08-15T06:14:27.857961+00:00,36ddb9bb4f17593b60f1b63cec86611d,사키하네 후야,Sakihane Huya,EVERYS,talent,157057,CLOSE,False,,,,,,1401
2026-08-15T06:14:27.857961+00:00,b044e3a3b9259246bc92e863e7d3f3b8,시라유키 히나,Shirayuki Hina,UNIVERSE,talent,237236,CLOSE,False,,,,,,3747
2026-08-15T06:14:27.857961+00:00,4515b179f86b67b4981e16190817c580,네네코 마시로,Neneko Mashiro,UNIVERSE,talent,210147,OPEN,True,2995,0,레디언드 찍습니다 오늘,발로란트,스텔라이브|네네코마시로|밍,
2026-08-15T06:14:27.857961+00:00,4325b1d5bbc321fad3042306646e2e50,아카네 리제,Akane Lize,UNIVERSE,talent,253342,CLOSE,False,,,,,,3326
2026-08-15T06:14:27.857961+00:00,a6c4ddb09cdb160478996007bff35296,아라하시 타비,Arahashi Tabi,UNIVERSE,talent,255703,CLOSE,False,,,,,,3412
2026-08-15T06:14:27.857961+00:00,64d76089fba26b180d9c9e48a32600d9,텐코 시부키,Tenko Shibuki,CLICHE,talent,241620,CLOSE,False,,,,,,3062
2026-08-15T06:14:27.857961+00:00,516937b5f85cbf2249ce31b0ad046b0f,아오쿠모 린,Aokumo Rin,CLICHE,talent,219648,CLOSE,False,,,,,,2882
2026-08-15T06:14:27.857961+00:00,4d812b586ff63f8a2946e64fa860bbf5,하나코 나나,Hanako Nana,CLICHE,talent,207939,CLOSE,False,,,,,,4048
2026-08-15T06:14:27.857961+00:00,8fd39bb8de623317de90654718638b10,유즈하 리코,Yuzuha Riko,CLICHE,talent,209906,CLOSE,False,,,,,,3908
2026-08-15T07:02:21.345848+00:00,b5ed5db484d04faf4d150aedd362f34b,강지,Kangji,STELLIVE,founder,287729,OPEN,True,1362,0,( ܸ ⩌⩊⩌ ܸ ),피크,강지|스텔라이브|픽셀네트워크,
2026-08-15T07:02:21.345848+00:00,45e71a76e949e16a34764deb962f9d9f,아야츠노 유니,Ayatsuno Yuni,EVERYS,talent,302309,CLOSE,False,,,,,,2831
2026-08-15T07:02:21.345848+00:00,36ddb9bb4f17593b60f1b63cec86611d,사키하네 후야,Sakihane Huya,EVERYS,talent,157063,CLOSE,False,,,,,,1401
2026-08-15T07:02:21.345848+00:00,b044e3a3b9259246bc92e863e7d3f3b8,시라유키 히나,Shirayuki Hina,UNIVERSE,talent,237237,OPEN,True,1433,0,여언습,talk,스텔라이브|버튜버|2기생|히나|노래,
2026-08-15T07:02:21.345848+00:00,4515b179f86b67b4981e16190817c580,네네코 마시로,Neneko Mashiro,UNIVERSE,talent,210155,OPEN,True,3760,0,레디언드 찍습니다 오늘,발로란트,스텔라이브|네네코마시로|밍,
2026-08-15T07:02:21.345848+00:00,4325b1d5bbc321fad3042306646e2e50,아카네 리제,Akane Lize,UNIVERSE,talent,253349,CLOSE,False,,,,,,3326
2026-08-15T07:02:21.345848+00:00,a6c4ddb09cdb160478996007bff35296,아라하시 타비,Arahashi Tabi,UNIVERSE,talent,255707,CLOSE,False,,,,,,3412
2026-08-15T07:02:21.345848+00:00,64d76089fba26b180d9c9e48a32600d9,텐코 시부키,Tenko Shibuki,CLICHE,talent,241626,CLOSE,False,,,,,,3062
2026-08-15T07:02:21.345848+00:00,516937b5f85cbf2249ce31b0ad046b0f,아오쿠모 린,Aokumo Rin,CLICHE,talent,219655,CLOSE,False,,,,,,2882
2026-08-15T07:02:21.345848+00:00,4d812b586ff63f8a2946e64fa860bbf5,하나코 나나,Hanako Nana,CLICHE,talent,207942,CLOSE,False,,,,,,4048
2026-08-15T07:02:21.345848+00:00,8fd39bb8de623317de90654718638b10,유즈하 리코,Yuzuha Riko,CLICHE,talent,209913,CLOSE,False,,,,,,3908
2026-08-15T07:41:36.080378+00:00,b5ed5db484d04faf4d150aedd362f34b,강지,Kangji,STELLIVE,founder,287740,OPEN,True,1774,0,( ܸ ⩌⩊⩌ ܸ ),피크,강지|스텔라이브|픽셀네트워크,
2026-08-15T07:41:36.080378+00:00,45e71a76e949e16a34764deb962f9d9f,아야츠노 유니,Ayatsuno Yuni,EVERYS,talent,302313,CLOSE,False,,,,,,2831
2026-08-15T07:41:36.080378+00:00,36ddb9bb4f17593b60f1b63cec86611d,사키하네 후야,Sakihane Huya,EVERYS,talent,157063,CLOSE,False,,,,,,1401
2026-08-15T07:41:36.080378+00:00,b044e3a3b9259246bc92e863e7d3f3b8,시라유키 히나,Shirayuki Hina,UNIVERSE,talent,237240,OPEN,True,3672,0,여언습,talk,스텔라이브|버튜버|2기생|히나|노래,
2026-08-15T07:41:36.080378+00:00,4515b179f86b67b4981e16190817c580,네네코 마시로,Neneko Mashiro,UNIVERSE,talent,210172,OPEN,True,3429,0,레디언드 찍습니다 오늘,발로란트,스텔라이브|네네코마시로|밍,
2026-08-15T07:41:36.080378+00:00,4325b1d5bbc321fad3042306646e2e50,아카네 리제,Akane Lize,UNIVERSE,talent,253350,CLOSE,False,,,,,,3326
2026-08-15T07:41:36.080378+00:00,a6c4ddb09cdb160478996007bff35296,아라하시 타비,Arahashi Tabi,UNIVERSE,talent,255709,CLOSE,False,,,,,,3412
2026-08-15T07:41:36.080378+00:00,64d76089fba26b180d9c9e48a32600d9,텐코 시부키,Tenko Shibuki,CLICHE,talent,241621,CLOSE,False,,,,,,3062
2026-08-15T07:41:36.080378+00:00,516937b5f85cbf2249ce31b0ad046b0f,아오쿠모 린,Aokumo Rin,CLICHE,talent,219658,CLOSE,False,,,,,,2882
2026-08-15T07:41:36.080378+00:00,4d812b586ff63f8a2946e64fa860bbf5,하나코 나나,Hanako Nana,CLICHE,talent,207943,OPEN,True,2041,0,냥냥,talk,스텔라이브|나나|하나코나나|클리셰,
2026-08-15T07:41:36.080378+00:00,8fd39bb8de623317de90654718638b10,유즈하 리코,Yuzuha Riko,CLICHE,talent,209914,CLOSE,False,,,,,,3908
2026-08-15T08:11:08.022364+00:00,b5ed5db484d04faf4d150aedd362f34b,강지,Kangji,STELLIVE,founder,287747,OPEN,True,1780,0,( ܸ ⩌⩊⩌ ܸ ),피크,강지|스텔라이브|픽셀네트워크,
2026-08-15T08:11:08.022364+00:00,45e71a76e949e16a34764deb962f9d9f,아야츠노 유니,Ayatsuno Yuni,EVERYS,talent,302315,CLOSE,False,,,,,,2831
2026-08-15T08:11:08.022364+00:00,36ddb9bb4f17593b60f1b63cec86611d,사키하네 후야,Sakihane Huya,EVERYS,talent,157065,CLOSE,False,,,,,,1401
2026-08-15T08:11:08.022364+00:00,b044e3a3b9259246bc92e863e7d3f3b8,시라유키 히나,Shirayuki Hina,UNIVERSE,talent,237249,OPEN,True,3488,0,여언습,talk,스텔라이브|버튜버|2기생|히나|노래,
2026-08-15T08:11:08.022364+00:00,4515b179f86b67b4981e16190817c580,네네코 마시로,Neneko Mashiro,UNIVERSE,talent,210177,OPEN,True,3183,0,칠라스 아트 신작,종합 게임,스텔라이브|네네코마시로|밍,
2026-08-15T08:11:08.022364+00:00,4325b1d5bbc321fad3042306646e2e50,아카네 리제,Akane Lize,UNIVERSE,talent,253352,CLOSE,False,,,,,,3326
2026-08-15T08:11:08.022364+00:00,a6c4ddb09cdb160478996007bff35296,아라하시 타비,Arahashi Tabi,UNIVERSE,talent,255712,CLOSE,False,,,,,,3412
2026-08-15T08:11:08.022364+00:00,64d76089fba26b180d9c9e48a32600d9,텐코 시부키,Tenko Shibuki,CLICHE,talent,241627,CLOSE,False,,,,,,3062
2026-08-15T08:11:08.022364+00:00,516937b5f85cbf2249ce31b0ad046b0f,아오쿠모 린,Aokumo Rin,CLICHE,talent,219661,CLOSE,False,,,,,,2882
2026-08-15T08:11:08.022364+00:00,4d812b586ff63f8a2946e64fa860bbf5,하나코 나나,Hanako Nana,CLICHE,talent,207954,OPEN,True,5546,0,봉누도2 설명회 보자요,talk,스텔라이브|나나|하나코나나|클리셰,
2026-08-15T08:11:08.022364+00:00,8fd39bb8de623317de90654718638b10,유즈하 리코,Yuzuha Riko,CLICHE,talent,209919,CLOSE,False,,,,,,3908
2026-08-15T08:49:15.991332+00:00,b5ed5db484d04faf4d150aedd362f34b,강지,Kangji,STELLIVE,founder,287761,OPEN,True,1727,0,( ܸ ⩌⩊⩌ ܸ ),피크,강지|스텔라이브|픽셀네트워크,
2026-08-15T08:49:15.991332+00:00,45e71a76e949e16a34764deb962f9d9f,아야츠노 유니,Ayatsuno Yuni,EVERYS,talent,302316,OPEN,True,1622,0,공식 스크림 하는날 ! ,오버워치,스텔라이브|유니,
2026-08-15T08:49:15.991332+00:00,36ddb9bb4f17593b60f1b63cec86611d,사키하네 후야,Sakihane Huya,EVERYS,talent,157069,CLOSE,False,,,,,,1401
2026-08-15T08:49:15.991332+00:00,b044e3a3b9259246bc92e863e7d3f3b8,시라유키 히나,Shirayuki Hina,UNIVERSE,talent,237259,OPEN,True,2984,0,여언습,talk,스텔라이브|버튜버|2기생|히나|노래,
2026-08-15T08:49:15.991332+00:00,4515b179f86b67b4981e16190817c580,네네코 마시로,Neneko Mashiro,UNIVERSE,talent,210188,OPEN,True,3160,0,칠라스 아트 신작,종합 게임,스텔라이브|네네코마시로|밍,
2026-08-15T08:49:15.991332+00:00,4325b1d5bbc321fad3042306646e2e50,아카네 리제,Akane Lize,UNIVERSE,talent,253357,CLOSE,False,,,,,,3326
2026-08-15T08:49:15.991332+00:00,a6c4ddb09cdb160478996007bff35296,아라하시 타비,Arahashi Tabi,UNIVERSE,talent,255716,CLOSE,False,,,,,,3412
2026-08-15T08:49:15.991332+00:00,64d76089fba26b180d9c9e48a32600d9,텐코 시부키,Tenko Shibuki,CLICHE,talent,241631,CLOSE,False,,,,,,3062
2026-08-15T08:49:15.991332+00:00,516937b5f85cbf2249ce31b0ad046b0f,아오쿠모 린,Aokumo Rin,CLICHE,talent,219667,CLOSE,False,,,,,,2882
2026-08-15T08:49:15.991332+00:00,4d812b586ff63f8a2946e64fa860bbf5,하나코 나나,Hanako Nana,CLICHE,talent,207977,OPEN,True,7593,0,봉누도2 설명회 보자요,talk,스텔라이브|나나|하나코나나|클리셰,
2026-08-15T08:49:15.991332+00:00,8fd39bb8de623317de90654718638b10,유즈하 리코,Yuzuha Riko,CLICHE,talent,209924,CLOSE,False,,,,,,3908
2026-08-15T09:15:04.645640+00:00,b5ed5db484d04faf4d150aedd362f34b,강지,Kangji,STELLIVE,founder,287771,OPEN,True,1787,0,( ܸ ⩌⩊⩌ ܸ ),피크,강지|스텔라이브|픽셀네트워크,
2026-08-15T09:15:04.645640+00:00,45e71a76e949e16a34764deb962f9d9f,아야츠노 유니,Ayatsuno Yuni,EVERYS,talent,302325,OPEN,True,3227,0,공식 스크림 하는날 ! ,오버워치,스텔라이브|유니,
2026-08-15T09:15:04.645640+00:00,36ddb9bb4f17593b60f1b63cec86611d,사키하네 후야,Sakihane Huya,EVERYS,talent,157071,CLOSE,False,,,,,,1401
2026-08-15T09:15:04.645640+00:00,b044e3a3b9259246bc92e863e7d3f3b8,시라유키 히나,Shirayuki Hina,UNIVERSE,talent,237267,OPEN,True,3429,0,여언습,talk,스텔라이브|버튜버|2기생|히나|노래,
2026-08-15T09:15:04.645640+00:00,4515b179f86b67b4981e16190817c580,네네코 마시로,Neneko Mashiro,UNIVERSE,talent,210195,OPEN,True,3268,0,칠라스 아트 신작,종합 게임,스텔라이브|네네코마시로|밍,
2026-08-15T09:15:04.645640+00:00,4325b1d5bbc321fad3042306646e2e50,아카네 리제,Akane Lize,UNIVERSE,talent,253365,CLOSE,False,,,,,,3326
2026-08-15T09:15:04.645640+00:00,a6c4ddb09cdb160478996007bff35296,아라하시 타비,Arahashi Tabi,UNIVERSE,talent,255724,CLOSE,False,,,,,,3412
2026-08-15T09:15:04.645640+00:00,64d76089fba26b180d9c9e48a32600d9,텐코 시부키,Tenko Shibuki,CLICHE,talent,241637,CLOSE,False,,,,,,3062
2026-08-15T09:15:04.645640+00:00,516937b5f85cbf2249ce31b0ad046b0f,아오쿠모 린,Aokumo Rin,CLICHE,talent,219672,CLOSE,False,,,,,,2882
2026-08-15T09:15:04.645640+00:00,4d812b586ff63f8a2946e64fa860bbf5,하나코 나나,Hanako Nana,CLICHE,talent,207988,OPEN,True,6218,0,봉누도2 설명회 보자요,talk,스텔라이브|나나|하나코나나|클리셰,
2026-08-15T09:15:04.645640+00:00,8fd39bb8de623317de90654718638b10,유즈하 리코,Yuzuha Riko,CLICHE,talent,209927,CLOSE,False,,,,,,3908
2026-08-15T09:45:40.178345+00:00,b5ed5db484d04faf4d150aedd362f34b,강지,Kangji,STELLIVE,founder,287773,OPEN,True,1805,0,( ܸ ⩌⩊⩌ ܸ ),피크,강지|스텔라이브|픽셀네트워크,
2026-08-15T09:45:40.178345+00:00,45e71a76e949e16a34764deb962f9d9f,아야츠노 유니,Ayatsuno Yuni,EVERYS,talent,302332,OPEN,True,4338,0,공식 스크림 하는날 ! ,오버워치,스텔라이브|유니,
2026-08-15T09:45:40.178345+00:00,36ddb9bb4f17593b60f1b63cec86611d,사키하네 후야,Sakihane Huya,EVERYS,talent,157075,CLOSE,False,,,,,,1401
2026-08-15T09:45:40.178345+00:00,b044e3a3b9259246bc92e863e7d3f3b8,시라유키 히나,Shirayuki Hina,UNIVERSE,talent,237275,OPEN,True,3147,0,여언습,talk,스텔라이브|버튜버|2기생|히나|노래,
2026-08-15T09:45:40.178345+00:00,4515b179f86b67b4981e16190817c580,네네코 마시로,Neneko Mashiro,UNIVERSE,talent,210201,OPEN,True,3280,0,칠라스 아트 신작,종합 게임,스텔라이브|네네코마시로|밍,
2026-08-15T09:45:40.178345+00:00,4325b1d5bbc321fad3042306646e2e50,아카네 리제,Akane Lize,UNIVERSE,talent,253368,CLOSE,False,,,,,,3326
2026-08-15T09:45:40.178345+00:00,a6c4ddb09cdb160478996007bff35296,아라하시 타비,Arahashi Tabi,UNIVERSE,talent,255743,OPEN,True,5032,0,미안해요 미안해요 미안해요 미안해요 미안해요 미안해요 미안해요 미안해요 미안해요 미안해요 미안해요 미안해요 미안해요 미안해요 미안해요 미안해요 미안해요 미안해요 미안해요 미안해요 ,talk,스텔라이브|타비|버튜버|2기생,
2026-08-15T09:45:40.178345+00:00,64d76089fba26b180d9c9e48a32600d9,텐코 시부키,Tenko Shibuki,CLICHE,talent,241642,CLOSE,False,,,,,,3062
2026-08-15T09:45:40.178345+00:00,516937b5f85cbf2249ce31b0ad046b0f,아오쿠모 린,Aokumo Rin,CLICHE,talent,219679,CLOSE,False,,,,,,2882
2026-08-15T09:45:40.178345+00:00,4d812b586ff63f8a2946e64fa860bbf5,하나코 나나,Hanako Nana,CLICHE,talent,207997,OPEN,True,3337,0,간만에 땡겨서,발로란트,스텔라이브|나나|하나코나나|클리셰,
2026-08-15T09:45:40.178345+00:00,8fd39bb8de623317de90654718638b10,유즈하 리코,Yuzuha Riko,CLICHE,talent,209928,CLOSE,False,,,,,,3908
2026-08-15T10:04:19.510557+00:00,b5ed5db484d04faf4d150aedd362f34b,강지,Kangji,STELLIVE,founder,287779,OPEN,True,2009,0,( ܸ ⩌⩊⩌ ܸ ),데드 바이 데이라이트,강지|스텔라이브|픽셀네트워크,
2026-08-15T10:04:19.510557+00:00,45e71a76e949e16a34764deb962f9d9f,아야츠노 유니,Ayatsuno Yuni,EVERYS,talent,302342,OPEN,True,4516,0,공식 스크림 하는날 ! ,오버워치,스텔라이브|유니,
2026-08-15T10:04:19.510557+00:00,36ddb9bb4f17593b60f1b63cec86611d,사키하네 후야,Sakihane Huya,EVERYS,talent,157078,CLOSE,False,,,,,,1401
2026-08-15T10:04:19.510557+00:00,b044e3a3b9259246bc92e863e7d3f3b8,시라유키 히나,Shirayuki Hina,UNIVERSE,talent,237279,OPEN,True,3749,0,추억의 애니(추억별로없음) 더빙 월드컵,talk,스텔라이브|버튜버|2기생|히나|노래,
2026-08-15T10:04:19.510557+00:00,4515b179f86b67b4981e16190817c580,네네코 마시로,Neneko Mashiro,UNIVERSE,talent,210207,OPEN,True,3132,0,칠라스 아트 신작,종합 게임,스텔라이브|네네코마시로|밍,
2026-08-15T10:04:19.510557+00:00,4325b1d5bbc321fad3042306646e2e50,아카네 리제,Akane Lize,UNIVERSE,talent,253368,CLOSE,False,,,,,,3326
2026-08-15T10:04:19.510557+00:00,a6c4ddb09cdb160478996007bff35296,아라하시 타비,Arahashi Tabi,UNIVERSE,talent,255757,OPEN,True,5013,0,봉누도 2 ppt 설명회 같이 보자 !!!,talk,스텔라이브|타비|버튜버|2기생,
2026-08-15T10:04:19.510557+00:00,64d76089fba26b180d9c9e48a32600d9,텐코 시부키,Tenko Shibuki,CLICHE,talent,241644,CLOSE,False,,,,,,3062
2026-08-15T10:04:19.510557+00:00,516937b5f85cbf2249ce31b0ad046b0f,아오쿠모 린,Aokumo Rin,CLICHE,talent,219680,CLOSE,False,,,,,,2882
2026-08-15T10:04:19.510557+00:00,4d812b586ff63f8a2946e64fa860bbf5,하나코 나나,Hanako Nana,CLICHE,talent,208008,OPEN,True,3511,0,데바데 뉴비예용용 살려주세용용,데드 바이 데이라이트,스텔라이브|나나|하나코나나|클리셰,
2026-08-15T10:04:19.510557+00:00,8fd39bb8de623317de90654718638b10,유즈하 리코,Yuzuha Riko,CLICHE,talent,209929,CLOSE,False,,,,,,3908
2026-08-15T10:36:37.586784+00:00,b5ed5db484d04faf4d150aedd362f34b,강지,Kangji,STELLIVE,founder,287796,OPEN,True,2075,0,( ܸ ⩌⩊⩌ ܸ ),데드 바이 데이라이트,강지|스텔라이브|픽셀네트워크,
2026-08-15T10:36:37.586784+00:00,45e71a76e949e16a34764deb962f9d9f,아야츠노 유니,Ayatsuno Yuni,EVERYS,talent,302357,OPEN,True,4451,0,공식 스크림 하는날 ! ,오버워치,스텔라이브|유니,
2026-08-15T10:36:37.586784+00:00,36ddb9bb4f17593b60f1b63cec86611d,사키하네 후야,Sakihane Huya,EVERYS,talent,157088,CLOSE,False,,,,,,1401
2026-08-15T10:36:37.586784+00:00,b044e3a3b9259246bc92e863e7d3f3b8,시라유키 히나,Shirayuki Hina,UNIVERSE,talent,237297,OPEN,True,4796,0,추억의 애니(추억별로없음) 더빙 월드컵,talk,스텔라이브|버튜버|2기생|히나|노래,
2026-08-15T10:36:37.586784+00:00,4515b179f86b67b4981e16190817c580,네네코 마시로,Neneko Mashiro,UNIVERSE,talent,210222,OPEN,True,2540,0,흠,talk,스텔라이브|네네코마시로|밍,
2026-08-15T10:36:37.586784+00:00,4325b1d5bbc321fad3042306646e2e50,아카네 리제,Akane Lize,UNIVERSE,talent,253377,CLOSE,False,,,,,,3326
2026-08-15T10:36:37.586784+00:00,a6c4ddb09cdb160478996007bff35296,아라하시 타비,Arahashi Tabi,UNIVERSE,talent,255779,OPEN,True,7196,0,봉누도 2 ppt 설명회 같이 보자 !!!,talk,스텔라이브|타비|버튜버|2기생,
2026-08-15T10:36:37.586784+00:00,64d76089fba26b180d9c9e48a32600d9,텐코 시부키,Tenko Shibuki,CLICHE,talent,241653,CLOSE,False,,,,,,3062
2026-08-15T10:36:37.586784+00:00,516937b5f85cbf2249ce31b0ad046b0f,아오쿠모 린,Aokumo Rin,CLICHE,talent,219695,CLOSE,False,,,,,,2882
2026-08-15T10:36:37.586784+00:00,4d812b586ff63f8a2946e64fa860bbf5,하나코 나나,Hanako Nana,CLICHE,talent,208035,OPEN,True,3835,0,데바데 뉴비예용용 살려주세용용,데드 바이 데이라이트,스텔라이브|나나|하나코나나|클리셰,
2026-08-15T10:36:37.586784+00:00,8fd39bb8de623317de90654718638b10,유즈하 리코,Yuzuha Riko,CLICHE,talent,209940,CLOSE,False,,,,,,3908
2026-08-15T10:58:23.564947+00:00,b5ed5db484d04faf4d150aedd362f34b,강지,Kangji,STELLIVE,founder,287800,OPEN,True,2077,0,( ܸ ⩌⩊⩌ ܸ ),데드 바이 데이라이트,강지|스텔라이브|픽셀네트워크,
2026-08-15T10:58:23.564947+00:00,45e71a76e949e16a34764deb962f9d9f,아야츠노 유니,Ayatsuno Yuni,EVERYS,talent,302361,OPEN,True,4544,0,공식 스크림 하는날 ! ,오버워치,스텔라이브|유니,
2026-08-15T10:58:23.564947+00:00,36ddb9bb4f17593b60f1b63cec86611d,사키하네 후야,Sakihane Huya,EVERYS,talent,157091,CLOSE,False,,,,,,1401
2026-08-15T10:58:23.564947+00:00,b044e3a3b9259246bc92e863e7d3f3b8,시라유키 히나,Shirayuki Hina,UNIVERSE,talent,237305,OPEN,True,5678,0,추억의 애니(추억별로없음) 더빙 월드컵,talk,스텔라이브|버튜버|2기생|히나|노래,
2026-08-15T10:58:23.564947+00:00,4515b179f86b67b4981e16190817c580,네네코 마시로,Neneko Mashiro,UNIVERSE,talent,210233,OPEN,True,2367,0,흠,talk,스텔라이브|네네코마시로|밍,
2026-08-15T10:58:23.564947+00:00,4325b1d5bbc321fad3042306646e2e50,아카네 리제,Akane Lize,UNIVERSE,talent,253382,CLOSE,False,,,,,,3326
2026-08-15T10:58:23.564947+00:00,a6c4ddb09cdb160478996007bff35296,아라하시 타비,Arahashi Tabi,UNIVERSE,talent,255787,OPEN,True,7675,0,봉누도 2 ppt 설명회 같이 보자 !!!,talk,스텔라이브|타비|버튜버|2기생,
2026-08-15T10:58:23.564947+00:00,64d76089fba26b180d9c9e48a32600d9,텐코 시부키,Tenko Shibuki,CLICHE,talent,241658,CLOSE,False,,,,,,3062
2026-08-15T10:58:23.564947+00:00,516937b5f85cbf2249ce31b0ad046b0f,아오쿠모 린,Aokumo Rin,CLICHE,talent,219701,CLOSE,False,,,,,,2882
2026-08-15T10:58:23.564947+00:00,4d812b586ff63f8a2946e64fa860bbf5,하나코 나나,Hanako Nana,CLICHE,talent,208045,OPEN,True,3970,0,데바데 뉴비예용용 살려주세용용,데드 바이 데이라이트,스텔라이브|나나|하나코나나|클리셰,
2026-08-15T10:58:23.564947+00:00,8fd39bb8de623317de90654718638b10,유즈하 리코,Yuzuha Riko,CLICHE,talent,209943,CLOSE,False,,,,,,3908
2026-08-15T11:29:28.127872+00:00,b5ed5db484d04faf4d150aedd362f34b,강지,Kangji,STELLIVE,founder,287809,OPEN,True,1953,0,( ܸ ⩌⩊⩌ ܸ ),데드 바이 데이라이트,강지|스텔라이브|픽셀네트워크,
2026-08-15T11:29:28.127872+00:00,45e71a76e949e16a34764deb962f9d9f,아야츠노 유니,Ayatsuno Yuni,EVERYS,talent,302363,OPEN,True,4601,0,공식 스크림 하는날 ! ,오버워치,스텔라이브|유니,
2026-08-15T11:29:28.127872+00:00,36ddb9bb4f17593b60f1b63cec86611d,사키하네 후야,Sakihane Huya,EVERYS,talent,157098,CLOSE,False,,,,,,1401
2026-08-15T11:29:28.127872+00:00,b044e3a3b9259246bc92e863e7d3f3b8,시라유키 히나,Shirayuki Hina,UNIVERSE,talent,237310,OPEN,True,6363,0,추억의 애니(추억별로없음) 더빙 월드컵,talk,스텔라이브|버튜버|2기생|히나|노래,
2026-08-15T11:29:28.127872+00:00,4515b179f86b67b4981e16190817c580,네네코 마시로,Neneko Mashiro,UNIVERSE,talent,210240,CLOSE,False,,,,,,2329
2026-08-15T11:29:28.127872+00:00,4325b1d5bbc321fad3042306646e2e50,아카네 리제,Akane Lize,UNIVERSE,talent,253391,CLOSE,False,,,,,,3326
2026-08-15T11:29:28.127872+00:00,a6c4ddb09cdb160478996007bff35296,아라하시 타비,Arahashi Tabi,UNIVERSE,talent,255799,OPEN,True,7069,0,봉누도 2 ppt 설명회 같이 보자 !!!,talk,스텔라이브|타비|버튜버|2기생,
2026-08-15T11:29:28.127872+00:00,64d76089fba26b180d9c9e48a32600d9,텐코 시부키,Tenko Shibuki,CLICHE,talent,241666,CLOSE,False,,,,,,3062
2026-08-15T11:29:28.127872+00:00,516937b5f85cbf2249ce31b0ad046b0f,아오쿠모 린,Aokumo Rin,CLICHE,talent,219708,CLOSE,False,,,,,,2882
2026-08-15T11:29:28.127872+00:00,4d812b586ff63f8a2946e64fa860bbf5,하나코 나나,Hanako Nana,CLICHE,talent,208059,OPEN,True,3995,0,데바데 뉴비예용용 살려주세용용,데드 바이 데이라이트,스텔라이브|나나|하나코나나|클리셰,
2026-08-15T11:29:28.127872+00:00,8fd39bb8de623317de90654718638b10,유즈하 리코,Yuzuha Riko,CLICHE,talent,209949,CLOSE,False,,,,,,3908
2026-08-15T11:50:30.216013+00:00,b5ed5db484d04faf4d150aedd362f34b,강지,Kangji,STELLIVE,founder,287817,OPEN,True,2032,0,( ܸ ⩌⩊⩌ ܸ ),데드 바이 데이라이트,강지|스텔라이브|픽셀네트워크,
2026-08-15T11:50:30.216013+00:00,45e71a76e949e16a34764deb962f9d9f,아야츠노 유니,Ayatsuno Yuni,EVERYS,talent,302367,OPEN,True,4691,0,공식 스크림 하는날 ! ,오버워치,스텔라이브|유니,
2026-08-15T11:50:30.216013+00:00,36ddb9bb4f17593b60f1b63cec86611d,사키하네 후야,Sakihane Huya,EVERYS,talent,157100,CLOSE,False,,,,,,1401
2026-08-15T11:50:30.216013+00:00,b044e3a3b9259246bc92e863e7d3f3b8,시라유키 히나,Shirayuki Hina,UNIVERSE,talent,237316,OPEN,True,6563,0,추억의 애니(추억별로없음) 더빙 월드컵,talk,스텔라이브|버튜버|2기생|히나|노래,
2026-08-15T11:50:30.216013+00:00,4515b179f86b67b4981e16190817c580,네네코 마시로,Neneko Mashiro,UNIVERSE,talent,210246,CLOSE,False,,,,,,2329
2026-08-15T11:50:30.216013+00:00,4325b1d5bbc321fad3042306646e2e50,아카네 리제,Akane Lize,UNIVERSE,talent,253395,CLOSE,False,,,,,,3326
2026-08-15T11:50:30.216013+00:00,a6c4ddb09cdb160478996007bff35296,아라하시 타비,Arahashi Tabi,UNIVERSE,talent,255808,OPEN,True,5650,0,ㄷㄷㄷㄷㄷㄷㄷ,talk,스텔라이브|타비|버튜버|2기생,
2026-08-15T11:50:30.216013+00:00,64d76089fba26b180d9c9e48a32600d9,텐코 시부키,Tenko Shibuki,CLICHE,talent,241669,CLOSE,False,,,,,,3062
2026-08-15T11:50:30.216013+00:00,516937b5f85cbf2249ce31b0ad046b0f,아오쿠모 린,Aokumo Rin,CLICHE,talent,219709,CLOSE,False,,,,,,2882
2026-08-15T11:50:30.216013+00:00,4d812b586ff63f8a2946e64fa860bbf5,하나코 나나,Hanako Nana,CLICHE,talent,208072,OPEN,True,3876,0,데바데 뉴비예용용 살려주세용용,데드 바이 데이라이트,스텔라이브|나나|하나코나나|클리셰,
2026-08-15T11:50:30.216013+00:00,8fd39bb8de623317de90654718638b10,유즈하 리코,Yuzuha Riko,CLICHE,talent,209951,CLOSE,False,,,,,,3908
2026-08-15T12:46:26.709816+00:00,b5ed5db484d04faf4d150aedd362f34b,강지,Kangji,STELLIVE,founder,287845,OPEN,True,2365,0,( ܸ ⩌⩊⩌ ܸ ),마인크래프트,강지|스텔라이브|픽셀네트워크,
2026-08-15T12:46:26.709816+00:00,45e71a76e949e16a34764deb962f9d9f,아야츠노 유니,Ayatsuno Yuni,EVERYS,talent,302384,OPEN,True,4420,0,공식 스크림 하는날 ! ,오버워치,스텔라이브|유니,
2026-08-15T12:46:26.709816+00:00,36ddb9bb4f17593b60f1b63cec86611d,사키하네 후야,Sakihane Huya,EVERYS,talent,157113,CLOSE,False,,,,,,1401
2026-08-15T12:46:26.709816+00:00,b044e3a3b9259246bc92e863e7d3f3b8,시라유키 히나,Shirayuki Hina,UNIVERSE,talent,237336,OPEN,True,7026,0,추억의 애니(추억별로없음) 더빙 월드컵,talk,스텔라이브|버튜버|2기생|히나|노래,
2026-08-15T12:46:26.709816+00:00,4515b179f86b67b4981e16190817c580,네네코 마시로,Neneko Mashiro,UNIVERSE,talent,210254,CLOSE,False,,,,,,2329
2026-08-15T12:46:26.709816+00:00,4325b1d5bbc321fad3042306646e2e50,아카네 리제,Akane Lize,UNIVERSE,talent,253408,CLOSE,False,,,,,,3326
2026-08-15T12:46:26.709816+00:00,a6c4ddb09cdb160478996007bff35296,아라하시 타비,Arahashi Tabi,UNIVERSE,talent,255828,OPEN,True,4807,0,ㄷㄷㄷㄷㄷㄷㄷ,talk,스텔라이브|타비|버튜버|2기생,
2026-08-15T12:46:26.709816+00:00,64d76089fba26b180d9c9e48a32600d9,텐코 시부키,Tenko Shibuki,CLICHE,talent,241681,CLOSE,False,,,,,,3062
2026-08-15T12:46:26.709816+00:00,516937b5f85cbf2249ce31b0ad046b0f,아오쿠모 린,Aokumo Rin,CLICHE,talent,219718,CLOSE,False,,,,,,2882
2026-08-15T12:46:26.709816+00:00,4d812b586ff63f8a2946e64fa860bbf5,하나코 나나,Hanako Nana,CLICHE,talent,208100,OPEN,True,3465,0,데바데 뉴비예용용 살려주세용용,데드 바이 데이라이트,스텔라이브|나나|하나코나나|클리셰,
2026-08-15T12:46:26.709816+00:00,8fd39bb8de623317de90654718638b10,유즈하 리코,Yuzuha Riko,CLICHE,talent,209965,CLOSE,False,,,,,,3908
2026-08-15T13:19:47.678350+00:00,b5ed5db484d04faf4d150aedd362f34b,강지,Kangji,STELLIVE,founder,287856,OPEN,True,2351,0,( ܸ ⩌⩊⩌ ܸ ),마인크래프트,강지|스텔라이브|픽셀네트워크,
2026-08-15T13:19:47.678350+00:00,45e71a76e949e16a34764deb962f9d9f,아야츠노 유니,Ayatsuno Yuni,EVERYS,talent,302395,OPEN,True,4342,0,공식 스크림 하는날 ! ,오버워치,스텔라이브|유니,
2026-08-15T13:19:47.678350+00:00,36ddb9bb4f17593b60f1b63cec86611d,사키하네 후야,Sakihane Huya,EVERYS,talent,157119,CLOSE,False,,,,,,1401
2026-08-15T13:19:47.678350+00:00,b044e3a3b9259246bc92e863e7d3f3b8,시라유키 히나,Shirayuki Hina,UNIVERSE,talent,237355,OPEN,True,7472,0,추억의 애니(추억별로없음) 더빙 월드컵,talk,스텔라이브|버튜버|2기생|히나|노래,
2026-08-15T13:19:47.678350+00:00,4515b179f86b67b4981e16190817c580,네네코 마시로,Neneko Mashiro,UNIVERSE,talent,210262,CLOSE,False,,,,,,2329
2026-08-15T13:19:47.678350+00:00,4325b1d5bbc321fad3042306646e2e50,아카네 리제,Akane Lize,UNIVERSE,talent,253412,CLOSE,False,,,,,,3326
2026-08-15T13:19:47.678350+00:00,a6c4ddb09cdb160478996007bff35296,아라하시 타비,Arahashi Tabi,UNIVERSE,talent,255841,OPEN,True,4802,0,데바데 솔플 연숩?,데드 바이 데이라이트,스텔라이브|타비|버튜버|2기생,
2026-08-15T13:19:47.678350+00:00,64d76089fba26b180d9c9e48a32600d9,텐코 시부키,Tenko Shibuki,CLICHE,talent,241687,CLOSE,False,,,,,,3062
2026-08-15T13:19:47.678350+00:00,516937b5f85cbf2249ce31b0ad046b0f,아오쿠모 린,Aokumo Rin,CLICHE,talent,219723,CLOSE,False,,,,,,2882
2026-08-15T13:19:47.678350+00:00,4d812b586ff63f8a2946e64fa860bbf5,하나코 나나,Hanako Nana,CLICHE,talent,208107,CLOSE,False,,,,,,3131
2026-08-15T13:19:47.678350+00:00,8fd39bb8de623317de90654718638b10,유즈하 리코,Yuzuha Riko,CLICHE,talent,209976,OPEN,True,2341,0,오늘 하루도 고생 많았떠 [데친 양배추],talk,스텔라이브|3기생|리코|클리셰,
2026-08-15T13:49:12.316703+00:00,b5ed5db484d04faf4d150aedd362f34b,강지,Kangji,STELLIVE,founder,287864,OPEN,True,2189,0,( ܸ ⩌⩊⩌ ܸ ),데드 바이 데이라이트,강지|스텔라이브|픽셀네트워크,
2026-08-15T13:49:12.316703+00:00,45e71a76e949e16a34764deb962f9d9f,아야츠노 유니,Ayatsuno Yuni,EVERYS,talent,302403,OPEN,True,4256,0,공식 스크림 하는날 ! ,오버워치,스텔라이브|유니,
2026-08-15T13:49:12.316703+00:00,36ddb9bb4f17593b60f1b63cec86611d,사키하네 후야,Sakihane Huya,EVERYS,talent,157124,CLOSE,False,,,,,,1401
2026-08-15T13:49:12.316703+00:00,b044e3a3b9259246bc92e863e7d3f3b8,시라유키 히나,Shirayuki Hina,UNIVERSE,talent,237371,OPEN,True,7196,0,추억의 애니(추억별로없음) 더빙 월드컵,talk,스텔라이브|버튜버|2기생|히나|노래,
2026-08-15T13:49:12.316703+00:00,4515b179f86b67b4981e16190817c580,네네코 마시로,Neneko Mashiro,UNIVERSE,talent,210269,CLOSE,False,,,,,,2329
2026-08-15T13:49:12.316703+00:00,4325b1d5bbc321fad3042306646e2e50,아카네 리제,Akane Lize,UNIVERSE,talent,253421,CLOSE,False,,,,,,3326
2026-08-15T13:49:12.316703+00:00,a6c4ddb09cdb160478996007bff35296,아라하시 타비,Arahashi Tabi,UNIVERSE,talent,255855,OPEN,True,4335,0,데바데 솔플 연숩?,데드 바이 데이라이트,스텔라이브|타비|버튜버|2기생,
2026-08-15T13:49:12.316703+00:00,64d76089fba26b180d9c9e48a32600d9,텐코 시부키,Tenko Shibuki,CLICHE,talent,241698,CLOSE,False,,,,,,3062
2026-08-15T13:49:12.316703+00:00,516937b5f85cbf2249ce31b0ad046b0f,아오쿠모 린,Aokumo Rin,CLICHE,talent,219726,CLOSE,False,,,,,,2882
2026-08-15T13:49:12.316703+00:00,4d812b586ff63f8a2946e64fa860bbf5,하나코 나나,Hanako Nana,CLICHE,talent,208111,CLOSE,False,,,,,,3131
2026-08-15T13:49:12.316703+00:00,8fd39bb8de623317de90654718638b10,유즈하 리코,Yuzuha Riko,CLICHE,talent,209992,OPEN,True,3387,0,오늘 하루도 고생 많았떠 [데친 양배추],talk,스텔라이브|3기생|리코|클리셰,
2026-08-15T14:10:57.827920+00:00,b5ed5db484d04faf4d150aedd362f34b,강지,Kangji,STELLIVE,founder,287868,OPEN,True,2160,0,( ܸ ⩌⩊⩌ ܸ ),데드 바이 데이라이트,강지|스텔라이브|픽셀네트워크,
2026-08-15T14:10:57.827920+00:00,45e71a76e949e16a34764deb962f9d9f,아야츠노 유니,Ayatsuno Yuni,EVERYS,talent,302408,OPEN,True,4366,0,공식 스크림 하는날 ! ,오버워치,스텔라이브|유니,
2026-08-15T14:10:57.827920+00:00,36ddb9bb4f17593b60f1b63cec86611d,사키하네 후야,Sakihane Huya,EVERYS,talent,157128,CLOSE,False,,,,,,1401
2026-08-15T14:10:57.827920+00:00,b044e3a3b9259246bc92e863e7d3f3b8,시라유키 히나,Shirayuki Hina,UNIVERSE,talent,237374,OPEN,True,7249,0,추억의 애니(추억별로없음) 더빙 월드컵,talk,스텔라이브|버튜버|2기생|히나|노래,
2026-08-15T14:10:57.827920+00:00,4515b179f86b67b4981e16190817c580,네네코 마시로,Neneko Mashiro,UNIVERSE,talent,210272,CLOSE,False,,,,,,2329
2026-08-15T14:10:57.827920+00:00,4325b1d5bbc321fad3042306646e2e50,아카네 리제,Akane Lize,UNIVERSE,talent,253425,CLOSE,False,,,,,,3326
2026-08-15T14:10:57.827920+00:00,a6c4ddb09cdb160478996007bff35296,아라하시 타비,Arahashi Tabi,UNIVERSE,talent,255861,OPEN,True,4174,0,데바데 솔플 연숩?,데드 바이 데이라이트,스텔라이브|타비|버튜버|2기생,
2026-08-15T14:10:57.827920+00:00,64d76089fba26b180d9c9e48a32600d9,텐코 시부키,Tenko Shibuki,CLICHE,talent,241705,CLOSE,False,,,,,,3062
2026-08-15T14:10:57.827920+00:00,516937b5f85cbf2249ce31b0ad046b0f,아오쿠모 린,Aokumo Rin,CLICHE,talent,219733,CLOSE,False,,,,,,2882
2026-08-15T14:10:57.827920+00:00,4d812b586ff63f8a2946e64fa860bbf5,하나코 나나,Hanako Nana,CLICHE,talent,208114,CLOSE,False,,,,,,3131
2026-08-15T14:10:57.827920+00:00,8fd39bb8de623317de90654718638b10,유즈하 리코,Yuzuha Riko,CLICHE,talent,210006,OPEN,True,3571,0,오늘 하루도 고생 많았떠 [데친 양배추],talk,스텔라이브|3기생|리코|클리셰,
2026-08-15T14:42:54.776606+00:00,b5ed5db484d04faf4d150aedd362f34b,강지,Kangji,STELLIVE,founder,287874,OPEN,True,2141,0,( ܸ ⩌⩊⩌ ܸ ),데드 바이 데이라이트,강지|스텔라이브|픽셀네트워크,
2026-08-15T14:42:54.776606+00:00,45e71a76e949e16a34764deb962f9d9f,아야츠노 유니,Ayatsuno Yuni,EVERYS,talent,302417,CLOSE,False,,,,,,3025
2026-08-15T14:42:54.776606+00:00,36ddb9bb4f17593b60f1b63cec86611d,사키하네 후야,Sakihane Huya,EVERYS,talent,157132,CLOSE,False,,,,,,1401
2026-08-15T14:42:54.776606+00:00,b044e3a3b9259246bc92e863e7d3f3b8,시라유키 히나,Shirayuki Hina,UNIVERSE,talent,237384,OPEN,True,7135,0,추억의 애니(추억별로없음) 더빙 월드컵,talk,스텔라이브|버튜버|2기생|히나|노래,
2026-08-15T14:42:54.776606+00:00,4515b179f86b67b4981e16190817c580,네네코 마시로,Neneko Mashiro,UNIVERSE,talent,210272,CLOSE,False,,,,,,2329
2026-08-15T14:42:54.776606+00:00,4325b1d5bbc321fad3042306646e2e50,아카네 리제,Akane Lize,UNIVERSE,talent,253428,CLOSE,False,,,,,,3326
2026-08-15T14:42:54.776606+00:00,a6c4ddb09cdb160478996007bff35296,아라하시 타비,Arahashi Tabi,UNIVERSE,talent,255870,OPEN,True,4238,0,데바데 솔플 연숩?,데드 바이 데이라이트,스텔라이브|타비|버튜버|2기생,
2026-08-15T14:42:54.776606+00:00,64d76089fba26b180d9c9e48a32600d9,텐코 시부키,Tenko Shibuki,CLICHE,talent,241708,CLOSE,False,,,,,,3062
2026-08-15T14:42:54.776606+00:00,516937b5f85cbf2249ce31b0ad046b0f,아오쿠모 린,Aokumo Rin,CLICHE,talent,219739,CLOSE,False,,,,,,2882
2026-08-15T14:42:54.776606+00:00,4d812b586ff63f8a2946e64fa860bbf5,하나코 나나,Hanako Nana,CLICHE,talent,208121,CLOSE,False,,,,,,3131
2026-08-15T14:42:54.776606+00:00,8fd39bb8de623317de90654718638b10,유즈하 리코,Yuzuha Riko,CLICHE,talent,210025,OPEN,True,3339,0,오늘 하루도 고생 많았떠 [데친 양배추],데드 바이 데이라이트,스텔라이브|3기생|리코|클리셰,
2026-08-15T15:02:14.033680+00:00,b5ed5db484d04faf4d150aedd362f34b,강지,Kangji,STELLIVE,founder,287879,OPEN,True,2067,0,( ܸ ⩌⩊⩌ ܸ ),데드 바이 데이라이트,강지|스텔라이브|픽셀네트워크,
2026-08-15T15:02:14.033680+00:00,45e71a76e949e16a34764deb962f9d9f,아야츠노 유니,Ayatsuno Yuni,EVERYS,talent,302420,CLOSE,False,,,,,,3025
2026-08-15T15:02:14.033680+00:00,36ddb9bb4f17593b60f1b63cec86611d,사키하네 후야,Sakihane Huya,EVERYS,talent,157138,CLOSE,False,,,,,,1401
2026-08-15T15:02:14.033680+00:00,b044e3a3b9259246bc92e863e7d3f3b8,시라유키 히나,Shirayuki Hina,UNIVERSE,talent,237390,OPEN,True,6634,0,추억의 애니(추억별로없음) 더빙 월드컵,talk,스텔라이브|버튜버|2기생|히나|노래,
2026-08-15T15:02:14.033680+00:00,4515b179f86b67b4981e16190817c580,네네코 마시로,Neneko Mashiro,UNIVERSE,talent,210277,CLOSE,False,,,,,,2329
2026-08-15T15:02:14.033680+00:00,4325b1d5bbc321fad3042306646e2e50,아카네 리제,Akane Lize,UNIVERSE,talent,253434,CLOSE,False,,,,,,3326
2026-08-15T15:02:14.033680+00:00,a6c4ddb09cdb160478996007bff35296,아라하시 타비,Arahashi Tabi,UNIVERSE,talent,255878,OPEN,True,4087,0,데바데 솔플 연숩?,데드 바이 데이라이트,스텔라이브|타비|버튜버|2기생,
2026-08-15T15:02:14.033680+00:00,64d76089fba26b180d9c9e48a32600d9,텐코 시부키,Tenko Shibuki,CLICHE,talent,241711,CLOSE,False,,,,,,3062
2026-08-15T15:02:14.033680+00:00,516937b5f85cbf2249ce31b0ad046b0f,아오쿠모 린,Aokumo Rin,CLICHE,talent,219742,CLOSE,False,,,,,,2882
2026-08-15T15:02:14.033680+00:00,4d812b586ff63f8a2946e64fa860bbf5,하나코 나나,Hanako Nana,CLICHE,talent,208123,CLOSE,False,,,,,,3131
2026-08-15T15:02:14.033680+00:00,8fd39bb8de623317de90654718638b10,유즈하 리코,Yuzuha Riko,CLICHE,talent,210033,OPEN,True,3228,0,오늘 하루도 고생 많았떠 [데친 양배추],데드 바이 데이라이트,스텔라이브|3기생|리코|클리셰,
2026-08-15T15:33:53.896120+00:00,b5ed5db484d04faf4d150aedd362f34b,강지,Kangji,STELLIVE,founder,287887,OPEN,True,1939,0,( ܸ ⩌⩊⩌ ܸ ),데드 바이 데이라이트,강지|스텔라이브|픽셀네트워크,
2026-08-15T15:33:53.896120+00:00,45e71a76e949e16a34764deb962f9d9f,아야츠노 유니,Ayatsuno Yuni,EVERYS,talent,302425,CLOSE,False,,,,,,3025
2026-08-15T15:33:53.896120+00:00,36ddb9bb4f17593b60f1b63cec86611d,사키하네 후야,Sakihane Huya,EVERYS,talent,157147,CLOSE,False,,,,,,1401
2026-08-15T15:33:53.896120+00:00,b044e3a3b9259246bc92e863e7d3f3b8,시라유키 히나,Shirayuki Hina,UNIVERSE,talent,237400,OPEN,True,5889,0,추억의 애니(추억별로없음) 더빙 월드컵,talk,스텔라이브|버튜버|2기생|히나|노래,
2026-08-15T15:33:53.896120+00:00,4515b179f86b67b4981e16190817c580,네네코 마시로,Neneko Mashiro,UNIVERSE,talent,210290,CLOSE,False,,,,,,2329
2026-08-15T15:33:53.896120+00:00,4325b1d5bbc321fad3042306646e2e50,아카네 리제,Akane Lize,UNIVERSE,talent,253446,CLOSE,False,,,,,,3326
2026-08-15T15:33:53.896120+00:00,a6c4ddb09cdb160478996007bff35296,아라하시 타비,Arahashi Tabi,UNIVERSE,talent,255897,OPEN,True,3904,0,데바데 솔플 연숩?,데드 바이 데이라이트,스텔라이브|타비|버튜버|2기생,
2026-08-15T15:33:53.896120+00:00,64d76089fba26b180d9c9e48a32600d9,텐코 시부키,Tenko Shibuki,CLICHE,talent,241722,CLOSE,False,,,,,,3062
2026-08-15T15:33:53.896120+00:00,516937b5f85cbf2249ce31b0ad046b0f,아오쿠모 린,Aokumo Rin,CLICHE,talent,219755,CLOSE,False,,,,,,2882
2026-08-15T15:33:53.896120+00:00,4d812b586ff63f8a2946e64fa860bbf5,하나코 나나,Hanako Nana,CLICHE,talent,208132,CLOSE,False,,,,,,3131
2026-08-15T15:33:53.896120+00:00,8fd39bb8de623317de90654718638b10,유즈하 리코,Yuzuha Riko,CLICHE,talent,210046,OPEN,True,3044,0,오늘 하루도 고생 많았떠 [데친 양배추],데드 바이 데이라이트,스텔라이브|3기생|리코|클리셰,
2026-08-15T15:55:16.497256+00:00,b5ed5db484d04faf4d150aedd362f34b,강지,Kangji,STELLIVE,founder,287894,OPEN,True,1906,0,( ܸ ⩌⩊⩌ ܸ ),데드 바이 데이라이트,강지|스텔라이브|픽셀네트워크,
2026-08-15T15:55:16.497256+00:00,45e71a76e949e16a34764deb962f9d9f,아야츠노 유니,Ayatsuno Yuni,EVERYS,talent,302429,CLOSE,False,,,,,,3025
2026-08-15T15:55:16.497256+00:00,36ddb9bb4f17593b60f1b63cec86611d,사키하네 후야,Sakihane Huya,EVERYS,talent,157150,CLOSE,False,,,,,,1401
2026-08-15T15:55:16.497256+00:00,b044e3a3b9259246bc92e863e7d3f3b8,시라유키 히나,Shirayuki Hina,UNIVERSE,talent,237413,OPEN,True,5913,0,추억의 애니(추억별로없음) 더빙 월드컵,talk,스텔라이브|버튜버|2기생|히나|노래,
2026-08-15T15:55:16.497256+00:00,4515b179f86b67b4981e16190817c580,네네코 마시로,Neneko Mashiro,UNIVERSE,talent,210291,CLOSE,False,,,,,,2329
2026-08-15T15:55:16.497256+00:00,4325b1d5bbc321fad3042306646e2e50,아카네 리제,Akane Lize,UNIVERSE,talent,253449,CLOSE,False,,,,,,3326
2026-08-15T15:55:16.497256+00:00,a6c4ddb09cdb160478996007bff35296,아라하시 타비,Arahashi Tabi,UNIVERSE,talent,255910,OPEN,True,4287,0,현관문 잘라내서 고양이 문 만들어 주는 게임 정출,로우-버짓 리페어스,스텔라이브|타비|버튜버|2기생,
2026-08-15T15:55:16.497256+00:00,64d76089fba26b180d9c9e48a32600d9,텐코 시부키,Tenko Shibuki,CLICHE,talent,241728,CLOSE,False,,,,,,3062
2026-08-15T15:55:16.497256+00:00,516937b5f85cbf2249ce31b0ad046b0f,아오쿠모 린,Aokumo Rin,CLICHE,talent,219759,CLOSE,False,,,,,,2882
2026-08-15T15:55:16.497256+00:00,4d812b586ff63f8a2946e64fa860bbf5,하나코 나나,Hanako Nana,CLICHE,talent,208137,CLOSE,False,,,,,,3131
2026-08-15T15:55:16.497256+00:00,8fd39bb8de623317de90654718638b10,유즈하 리코,Yuzuha Riko,CLICHE,talent,210051,CLOSE,False,,,,,,2911
2026-08-15T16:30:27.505638+00:00,b5ed5db484d04faf4d150aedd362f34b,강지,Kangji,STELLIVE,founder,287910,OPEN,True,1701,0,( ܸ ⩌⩊⩌ ܸ ),데드 바이 데이라이트,강지|스텔라이브|픽셀네트워크,
2026-08-15T16:30:27.505638+00:00,45e71a76e949e16a34764deb962f9d9f,아야츠노 유니,Ayatsuno Yuni,EVERYS,talent,302434,CLOSE,False,,,,,,3025
2026-08-15T16:30:27.505638+00:00,36ddb9bb4f17593b60f1b63cec86611d,사키하네 후야,Sakihane Huya,EVERYS,talent,157154,CLOSE,False,,,,,,1401
2026-08-15T16:30:27.505638+00:00,b044e3a3b9259246bc92e863e7d3f3b8,시라유키 히나,Shirayuki Hina,UNIVERSE,talent,237430,OPEN,True,5659,0,추억의 애니(추억별로없음) 더빙 월드컵,talk,스텔라이브|버튜버|2기생|히나|노래,
2026-08-15T16:30:27.505638+00:00,4515b179f86b67b4981e16190817c580,네네코 마시로,Neneko Mashiro,UNIVERSE,talent,210297,CLOSE,False,,,,,,2329
2026-08-15T16:30:27.505638+00:00,4325b1d5bbc321fad3042306646e2e50,아카네 리제,Akane Lize,UNIVERSE,talent,253456,CLOSE,False,,,,,,3326
2026-08-15T16:30:27.505638+00:00,a6c4ddb09cdb160478996007bff35296,아라하시 타비,Arahashi Tabi,UNIVERSE,talent,255923,OPEN,True,4178,0,현관문 잘라내서 고양이 문 만들어 주는 게임 정출,로우-버짓 리페어스,스텔라이브|타비|버튜버|2기생,
2026-08-15T16:30:27.505638+00:00,64d76089fba26b180d9c9e48a32600d9,텐코 시부키,Tenko Shibuki,CLICHE,talent,241736,CLOSE,False,,,,,,3062
2026-08-15T16:30:27.505638+00:00,516937b5f85cbf2249ce31b0ad046b0f,아오쿠모 린,Aokumo Rin,CLICHE,talent,219769,CLOSE,False,,,,,,2882
2026-08-15T16:30:27.505638+00:00,4d812b586ff63f8a2946e64fa860bbf5,하나코 나나,Hanako Nana,CLICHE,talent,208145,CLOSE,False,,,,,,3131
2026-08-15T16:30:27.505638+00:00,8fd39bb8de623317de90654718638b10,유즈하 리코,Yuzuha Riko,CLICHE,talent,210059,CLOSE,False,,,,,,2911
2026-08-15T16:57:59.272126+00:00,b5ed5db484d04faf4d150aedd362f34b,강지,Kangji,STELLIVE,founder,287913,CLOSE,False,,,,,,1671
2026-08-15T16:57:59.272126+00:00,45e71a76e949e16a34764deb962f9d9f,아야츠노 유니,Ayatsuno Yuni,EVERYS,talent,302432,CLOSE,False,,,,,,3025
2026-08-15T16:57:59.272126+00:00,36ddb9bb4f17593b60f1b63cec86611d,사키하네 후야,Sakihane Huya,EVERYS,talent,157155,CLOSE,False,,,,,,1401
2026-08-15T16:57:59.272126+00:00,b044e3a3b9259246bc92e863e7d3f3b8,시라유키 히나,Shirayuki Hina,UNIVERSE,talent,237437,OPEN,True,5874,0,추억의 애니(추억별로없음) 더빙 월드컵,talk,스텔라이브|버튜버|2기생|히나|노래,
2026-08-15T16:57:59.272126+00:00,4515b179f86b67b4981e16190817c580,네네코 마시로,Neneko Mashiro,UNIVERSE,talent,210300,CLOSE,False,,,,,,2329
2026-08-15T16:57:59.272126+00:00,4325b1d5bbc321fad3042306646e2e50,아카네 리제,Akane Lize,UNIVERSE,talent,253461,CLOSE,False,,,,,,3326
2026-08-15T16:57:59.272126+00:00,a6c4ddb09cdb160478996007bff35296,아라하시 타비,Arahashi Tabi,UNIVERSE,talent,255926,OPEN,True,4356,0,현관문 잘라내서 고양이 문 만들어 주는 게임 정출,로우-버짓 리페어스,스텔라이브|타비|버튜버|2기생,
2026-08-15T16:57:59.272126+00:00,64d76089fba26b180d9c9e48a32600d9,텐코 시부키,Tenko Shibuki,CLICHE,talent,241742,CLOSE,False,,,,,,3062
2026-08-15T16:57:59.272126+00:00,516937b5f85cbf2249ce31b0ad046b0f,아오쿠모 린,Aokumo Rin,CLICHE,talent,219774,CLOSE,False,,,,,,2882
2026-08-15T16:57:59.272126+00:00,4d812b586ff63f8a2946e64fa860bbf5,하나코 나나,Hanako Nana,CLICHE,talent,208150,CLOSE,False,,,,,,3131
2026-08-15T16:57:59.272126+00:00,8fd39bb8de623317de90654718638b10,유즈하 리코,Yuzuha Riko,CLICHE,talent,210065,CLOSE,False,,,,,,2911
2026-08-15T17:28:48.040170+00:00,b5ed5db484d04faf4d150aedd362f34b,강지,Kangji,STELLIVE,founder,287912,CLOSE,False,,,,,,1671
2026-08-15T17:28:48.040170+00:00,45e71a76e949e16a34764deb962f9d9f,아야츠노 유니,Ayatsuno Yuni,EVERYS,talent,302436,CLOSE,False,,,,,,3025
2026-08-15T17:28:48.040170+00:00,36ddb9bb4f17593b60f1b63cec86611d,사키하네 후야,Sakihane Huya,EVERYS,talent,157160,CLOSE,False,,,,,,1401
2026-08-15T17:28:48.040170+00:00,b044e3a3b9259246bc92e863e7d3f3b8,시라유키 히나,Shirayuki Hina,UNIVERSE,talent,237446,OPEN,True,4994,0,추억의 애니(추억별로없음) 더빙 월드컵,talk,스텔라이브|버튜버|2기생|히나|노래,
2026-08-15T17:28:48.040170+00:00,4515b179f86b67b4981e16190817c580,네네코 마시로,Neneko Mashiro,UNIVERSE,talent,210306,CLOSE,False,,,,,,2329
2026-08-15T17:28:48.040170+00:00,4325b1d5bbc321fad3042306646e2e50,아카네 리제,Akane Lize,UNIVERSE,talent,253463,CLOSE,False,,,,,,3326
2026-08-15T17:28:48.040170+00:00,a6c4ddb09cdb160478996007bff35296,아라하시 타비,Arahashi Tabi,UNIVERSE,talent,255930,OPEN,True,4134,0,현관문 잘라내서 고양이 문 만들어 주는 게임 정출,로우-버짓 리페어스,스텔라이브|타비|버튜버|2기생,
2026-08-15T17:28:48.040170+00:00,64d76089fba26b180d9c9e48a32600d9,텐코 시부키,Tenko Shibuki,CLICHE,talent,241744,CLOSE,False,,,,,,3062
2026-08-15T17:28:48.040170+00:00,516937b5f85cbf2249ce31b0ad046b0f,아오쿠모 린,Aokumo Rin,CLICHE,talent,219778,CLOSE,False,,,,,,2882
2026-08-15T17:28:48.040170+00:00,4d812b586ff63f8a2946e64fa860bbf5,하나코 나나,Hanako Nana,CLICHE,talent,208154,CLOSE,False,,,,,,3131
2026-08-15T17:28:48.040170+00:00,8fd39bb8de623317de90654718638b10,유즈하 리코,Yuzuha Riko,CLICHE,talent,210067,CLOSE,False,,,,,,2911
2026-08-15T17:51:02.349791+00:00,b5ed5db484d04faf4d150aedd362f34b,강지,Kangji,STELLIVE,founder,287913,CLOSE,False,,,,,,1671
2026-08-15T17:51:02.349791+00:00,45e71a76e949e16a34764deb962f9d9f,아야츠노 유니,Ayatsuno Yuni,EVERYS,talent,302439,CLOSE,False,,,,,,3025
2026-08-15T17:51:02.349791+00:00,36ddb9bb4f17593b60f1b63cec86611d,사키하네 후야,Sakihane Huya,EVERYS,talent,157162,CLOSE,False,,,,,,1401
2026-08-15T17:51:02.349791+00:00,b044e3a3b9259246bc92e863e7d3f3b8,시라유키 히나,Shirayuki Hina,UNIVERSE,talent,237455,CLOSE,False,,,,,,3881
2026-08-15T17:51:02.349791+00:00,4515b179f86b67b4981e16190817c580,네네코 마시로,Neneko Mashiro,UNIVERSE,talent,210309,CLOSE,False,,,,,,2329
2026-08-15T17:51:02.349791+00:00,4325b1d5bbc321fad3042306646e2e50,아카네 리제,Akane Lize,UNIVERSE,talent,253462,CLOSE,False,,,,,,3326
2026-08-15T17:51:02.349791+00:00,a6c4ddb09cdb160478996007bff35296,아라하시 타비,Arahashi Tabi,UNIVERSE,talent,255939,OPEN,True,4587,0,현관문 잘라내서 고양이 문 만들어 주는 게임 정출,로우-버짓 리페어스,스텔라이브|타비|버튜버|2기생,
2026-08-15T17:51:02.349791+00:00,64d76089fba26b180d9c9e48a32600d9,텐코 시부키,Tenko Shibuki,CLICHE,talent,241746,CLOSE,False,,,,,,3062
2026-08-15T17:51:02.349791+00:00,516937b5f85cbf2249ce31b0ad046b0f,아오쿠모 린,Aokumo Rin,CLICHE,talent,219778,CLOSE,False,,,,,,2882
2026-08-15T17:51:02.349791+00:00,4d812b586ff63f8a2946e64fa860bbf5,하나코 나나,Hanako Nana,CLICHE,talent,208156,CLOSE,False,,,,,,3131
2026-08-15T17:51:02.349791+00:00,8fd39bb8de623317de90654718638b10,유즈하 리코,Yuzuha Riko,CLICHE,talent,210070,CLOSE,False,,,,,,2911
2026-08-15T18:36:13.381195+00:00,b5ed5db484d04faf4d150aedd362f34b,강지,Kangji,STELLIVE,founder,287916,CLOSE,False,,,,,,1671
2026-08-15T18:36:13.381195+00:00,45e71a76e949e16a34764deb962f9d9f,아야츠노 유니,Ayatsuno Yuni,EVERYS,talent,302443,CLOSE,False,,,,,,3025
2026-08-15T18:36:13.381195+00:00,36ddb9bb4f17593b60f1b63cec86611d,사키하네 후야,Sakihane Huya,EVERYS,talent,157167,CLOSE,False,,,,,,1401
2026-08-15T18:36:13.381195+00:00,b044e3a3b9259246bc92e863e7d3f3b8,시라유키 히나,Shirayuki Hina,UNIVERSE,talent,237460,CLOSE,False,,,,,,3881
2026-08-15T18:36:13.381195+00:00,4515b179f86b67b4981e16190817c580,네네코 마시로,Neneko Mashiro,UNIVERSE,talent,210311,CLOSE,False,,,,,,2329
2026-08-15T18:36:13.381195+00:00,4325b1d5bbc321fad3042306646e2e50,아카네 리제,Akane Lize,UNIVERSE,talent,253465,CLOSE,False,,,,,,3326
2026-08-15T18:36:13.381195+00:00,a6c4ddb09cdb160478996007bff35296,아라하시 타비,Arahashi Tabi,UNIVERSE,talent,255952,OPEN,True,4225,0,난 잘했는데,talk,스텔라이브|타비|버튜버|2기생,
2026-08-15T18:36:13.381195+00:00,64d76089fba26b180d9c9e48a32600d9,텐코 시부키,Tenko Shibuki,CLICHE,talent,241747,CLOSE,False,,,,,,3062
2026-08-15T18:36:13.381195+00:00,516937b5f85cbf2249ce31b0ad046b0f,아오쿠모 린,Aokumo Rin,CLICHE,talent,219783,CLOSE,False,,,,,,2882
2026-08-15T18:36:13.381195+00:00,4d812b586ff63f8a2946e64fa860bbf5,하나코 나나,Hanako Nana,CLICHE,talent,208161,CLOSE,False,,,,,,3131
2026-08-15T18:36:13.381195+00:00,8fd39bb8de623317de90654718638b10,유즈하 리코,Yuzuha Riko,CLICHE,talent,210072,CLOSE,False,,,,,,2911
2026-08-15T19:01:53.870102+00:00,b5ed5db484d04faf4d150aedd362f34b,강지,Kangji,STELLIVE,founder,287917,CLOSE,False,,,,,,1671
2026-08-15T19:01:53.870102+00:00,45e71a76e949e16a34764deb962f9d9f,아야츠노 유니,Ayatsuno Yuni,EVERYS,talent,302444,CLOSE,False,,,,,,3025
2026-08-15T19:01:53.870102+00:00,36ddb9bb4f17593b60f1b63cec86611d,사키하네 후야,Sakihane Huya,EVERYS,talent,157168,CLOSE,False,,,,,,1401
2026-08-15T19:01:53.870102+00:00,b044e3a3b9259246bc92e863e7d3f3b8,시라유키 히나,Shirayuki Hina,UNIVERSE,talent,237463,CLOSE,False,,,,,,3881
2026-08-15T19:01:53.870102+00:00,4515b179f86b67b4981e16190817c580,네네코 마시로,Neneko Mashiro,UNIVERSE,talent,210312,CLOSE,False,,,,,,2329
2026-08-15T19:01:53.870102+00:00,4325b1d5bbc321fad3042306646e2e50,아카네 리제,Akane Lize,UNIVERSE,talent,253467,CLOSE,False,,,,,,3326
2026-08-15T19:01:53.870102+00:00,a6c4ddb09cdb160478996007bff35296,아라하시 타비,Arahashi Tabi,UNIVERSE,talent,255959,OPEN,True,4282,0,난 잘했는데,talk,스텔라이브|타비|버튜버|2기생,
2026-08-15T19:01:53.870102+00:00,64d76089fba26b180d9c9e48a32600d9,텐코 시부키,Tenko Shibuki,CLICHE,talent,241749,CLOSE,False,,,,,,3062
2026-08-15T19:01:53.870102+00:00,516937b5f85cbf2249ce31b0ad046b0f,아오쿠모 린,Aokumo Rin,CLICHE,talent,219784,CLOSE,False,,,,,,2882
2026-08-15T19:01:53.870102+00:00,4d812b586ff63f8a2946e64fa860bbf5,하나코 나나,Hanako Nana,CLICHE,talent,208163,CLOSE,False,,,,,,3131
2026-08-15T19:01:53.870102+00:00,8fd39bb8de623317de90654718638b10,유즈하 리코,Yuzuha Riko,CLICHE,talent,210074,CLOSE,False,,,,,,2911
2026-08-15T19:31:40.529201+00:00,b5ed5db484d04faf4d150aedd362f34b,강지,Kangji,STELLIVE,founder,287917,CLOSE,False,,,,,,1671
2026-08-15T19:31:40.529201+00:00,45e71a76e949e16a34764deb962f9d9f,아야츠노 유니,Ayatsuno Yuni,EVERYS,talent,302447,CLOSE,False,,,,,,3025
2026-08-15T19:31:40.529201+00:00,36ddb9bb4f17593b60f1b63cec86611d,사키하네 후야,Sakihane Huya,EVERYS,talent,157171,CLOSE,False,,,,,,1401
2026-08-15T19:31:40.529201+00:00,b044e3a3b9259246bc92e863e7d3f3b8,시라유키 히나,Shirayuki Hina,UNIVERSE,talent,237466,CLOSE,False,,,,,,3881
2026-08-15T19:31:40.529201+00:00,4515b179f86b67b4981e16190817c580,네네코 마시로,Neneko Mashiro,UNIVERSE,talent,210313,CLOSE,False,,,,,,2329
2026-08-15T19:31:40.529201+00:00,4325b1d5bbc321fad3042306646e2e50,아카네 리제,Akane Lize,UNIVERSE,talent,253468,CLOSE,False,,,,,,3326
2026-08-15T19:31:40.529201+00:00,a6c4ddb09cdb160478996007bff35296,아라하시 타비,Arahashi Tabi,UNIVERSE,talent,255966,OPEN,True,4084,0,난 잘했는데,talk,스텔라이브|타비|버튜버|2기생,
2026-08-15T19:31:40.529201+00:00,64d76089fba26b180d9c9e48a32600d9,텐코 시부키,Tenko Shibuki,CLICHE,talent,241750,CLOSE,False,,,,,,3062
2026-08-15T19:31:40.529201+00:00,516937b5f85cbf2249ce31b0ad046b0f,아오쿠모 린,Aokumo Rin,CLICHE,talent,219787,CLOSE,False,,,,,,2882
2026-08-15T19:31:40.529201+00:00,4d812b586ff63f8a2946e64fa860bbf5,하나코 나나,Hanako Nana,CLICHE,talent,208165,CLOSE,False,,,,,,3131
2026-08-15T19:31:40.529201+00:00,8fd39bb8de623317de90654718638b10,유즈하 리코,Yuzuha Riko,CLICHE,talent,210076,CLOSE,False,,,,,,2911
2026-08-15T19:54:15.976818+00:00,b5ed5db484d04faf4d150aedd362f34b,강지,Kangji,STELLIVE,founder,287918,CLOSE,False,,,,,,1671
2026-08-15T19:54:15.976818+00:00,45e71a76e949e16a34764deb962f9d9f,아야츠노 유니,Ayatsuno Yuni,EVERYS,talent,302448,CLOSE,False,,,,,,3025
2026-08-15T19:54:15.976818+00:00,36ddb9bb4f17593b60f1b63cec86611d,사키하네 후야,Sakihane Huya,EVERYS,talent,157172,CLOSE,False,,,,,,1401
2026-08-15T19:54:15.976818+00:00,b044e3a3b9259246bc92e863e7d3f3b8,시라유키 히나,Shirayuki Hina,UNIVERSE,talent,237468,CLOSE,False,,,,,,3881
2026-08-15T19:54:15.976818+00:00,4515b179f86b67b4981e16190817c580,네네코 마시로,Neneko Mashiro,UNIVERSE,talent,210314,CLOSE,False,,,,,,2329
2026-08-15T19:54:15.976818+00:00,4325b1d5bbc321fad3042306646e2e50,아카네 리제,Akane Lize,UNIVERSE,talent,253469,CLOSE,False,,,,,,3326
2026-08-15T19:54:15.976818+00:00,a6c4ddb09cdb160478996007bff35296,아라하시 타비,Arahashi Tabi,UNIVERSE,talent,255973,OPEN,True,3914,0,난 잘했는데,talk,스텔라이브|타비|버튜버|2기생,
2026-08-15T19:54:15.976818+00:00,64d76089fba26b180d9c9e48a32600d9,텐코 시부키,Tenko Shibuki,CLICHE,talent,241752,CLOSE,False,,,,,,3062
2026-08-15T19:54:15.976818+00:00,516937b5f85cbf2249ce31b0ad046b0f,아오쿠모 린,Aokumo Rin,CLICHE,talent,219790,CLOSE,False,,,,,,2882
2026-08-15T19:54:15.976818+00:00,4d812b586ff63f8a2946e64fa860bbf5,하나코 나나,Hanako Nana,CLICHE,talent,208166,CLOSE,False,,,,,,3131
2026-08-15T19:54:15.976818+00:00,8fd39bb8de623317de90654718638b10,유즈하 리코,Yuzuha Riko,CLICHE,talent,210078,CLOSE,False,,,,,,2911
2026-08-15T20:27:27.376074+00:00,b5ed5db484d04faf4d150aedd362f34b,강지,Kangji,STELLIVE,founder,287919,CLOSE,False,,,,,,1671
2026-08-15T20:27:27.376074+00:00,45e71a76e949e16a34764deb962f9d9f,아야츠노 유니,Ayatsuno Yuni,EVERYS,talent,302450,CLOSE,False,,,,,,3025
2026-08-15T20:27:27.376074+00:00,36ddb9bb4f17593b60f1b63cec86611d,사키하네 후야,Sakihane Huya,EVERYS,talent,157173,CLOSE,False,,,,,,1401
2026-08-15T20:27:27.376074+00:00,b044e3a3b9259246bc92e863e7d3f3b8,시라유키 히나,Shirayuki Hina,UNIVERSE,talent,237469,CLOSE,False,,,,,,3881
2026-08-15T20:27:27.376074+00:00,4515b179f86b67b4981e16190817c580,네네코 마시로,Neneko Mashiro,UNIVERSE,talent,210316,CLOSE,False,,,,,,2329
2026-08-15T20:27:27.376074+00:00,4325b1d5bbc321fad3042306646e2e50,아카네 리제,Akane Lize,UNIVERSE,talent,253471,CLOSE,False,,,,,,3326
2026-08-15T20:27:27.376074+00:00,a6c4ddb09cdb160478996007bff35296,아라하시 타비,Arahashi Tabi,UNIVERSE,talent,255976,CLOSE,False,,,,,,3843
2026-08-15T20:27:27.376074+00:00,64d76089fba26b180d9c9e48a32600d9,텐코 시부키,Tenko Shibuki,CLICHE,talent,241754,CLOSE,False,,,,,,3062
2026-08-15T20:27:27.376074+00:00,516937b5f85cbf2249ce31b0ad046b0f,아오쿠모 린,Aokumo Rin,CLICHE,talent,219791,CLOSE,False,,,,,,2882
2026-08-15T20:27:27.376074+00:00,4d812b586ff63f8a2946e64fa860bbf5,하나코 나나,Hanako Nana,CLICHE,talent,208167,CLOSE,False,,,,,,3131
2026-08-15T20:27:27.376074+00:00,8fd39bb8de623317de90654718638b10,유즈하 리코,Yuzuha Riko,CLICHE,talent,210079,CLOSE,False,,,,,,2911
2026-08-15T20:51:44.329649+00:00,b5ed5db484d04faf4d150aedd362f34b,강지,Kangji,STELLIVE,founder,287922,CLOSE,False,,,,,,1671
2026-08-15T20:51:44.329649+00:00,45e71a76e949e16a34764deb962f9d9f,아야츠노 유니,Ayatsuno Yuni,EVERYS,talent,302451,CLOSE,False,,,,,,3025
2026-08-15T20:51:44.329649+00:00,36ddb9bb4f17593b60f1b63cec86611d,사키하네 후야,Sakihane Huya,EVERYS,talent,157175,CLOSE,False,,,,,,1401
2026-08-15T20:51:44.329649+00:00,b044e3a3b9259246bc92e863e7d3f3b8,시라유키 히나,Shirayuki Hina,UNIVERSE,talent,237471,CLOSE,False,,,,,,3881
2026-08-15T20:51:44.329649+00:00,4515b179f86b67b4981e16190817c580,네네코 마시로,Neneko Mashiro,UNIVERSE,talent,210318,CLOSE,False,,,,,,2329
2026-08-15T20:51:44.329649+00:00,4325b1d5bbc321fad3042306646e2e50,아카네 리제,Akane Lize,UNIVERSE,talent,253471,CLOSE,False,,,,,,3326
2026-08-15T20:51:44.329649+00:00,a6c4ddb09cdb160478996007bff35296,아라하시 타비,Arahashi Tabi,UNIVERSE,talent,255978,CLOSE,False,,,,,,3843
2026-08-15T20:51:44.329649+00:00,64d76089fba26b180d9c9e48a32600d9,텐코 시부키,Tenko Shibuki,CLICHE,talent,241757,CLOSE,False,,,,,,3062
2026-08-15T20:51:44.329649+00:00,516937b5f85cbf2249ce31b0ad046b0f,아오쿠모 린,Aokumo Rin,CLICHE,talent,219793,CLOSE,False,,,,,,2882
2026-08-15T20:51:44.329649+00:00,4d812b586ff63f8a2946e64fa860bbf5,하나코 나나,Hanako Nana,CLICHE,talent,208171,CLOSE,False,,,,,,3131
2026-08-15T20:51:44.329649+00:00,8fd39bb8de623317de90654718638b10,유즈하 리코,Yuzuha Riko,CLICHE,talent,210081,CLOSE,False,,,,,,2911
2026-08-15T21:25:45.717288+00:00,b5ed5db484d04faf4d150aedd362f34b,강지,Kangji,STELLIVE,founder,287923,CLOSE,False,,,,,,1671
2026-08-15T21:25:45.717288+00:00,45e71a76e949e16a34764deb962f9d9f,아야츠노 유니,Ayatsuno Yuni,EVERYS,talent,302451,CLOSE,False,,,,,,3025
2026-08-15T21:25:45.717288+00:00,36ddb9bb4f17593b60f1b63cec86611d,사키하네 후야,Sakihane Huya,EVERYS,talent,157175,CLOSE,False,,,,,,1401
2026-08-15T21:25:45.717288+00:00,b044e3a3b9259246bc92e863e7d3f3b8,시라유키 히나,Shirayuki Hina,UNIVERSE,talent,237470,CLOSE,False,,,,,,3881
2026-08-15T21:25:45.717288+00:00,4515b179f86b67b4981e16190817c580,네네코 마시로,Neneko Mashiro,UNIVERSE,talent,210318,CLOSE,False,,,,,,2329
2026-08-15T21:25:45.717288+00:00,4325b1d5bbc321fad3042306646e2e50,아카네 리제,Akane Lize,UNIVERSE,talent,253472,CLOSE,False,,,,,,3326
2026-08-15T21:25:45.717288+00:00,a6c4ddb09cdb160478996007bff35296,아라하시 타비,Arahashi Tabi,UNIVERSE,talent,255978,CLOSE,False,,,,,,3843
2026-08-15T21:25:45.717288+00:00,64d76089fba26b180d9c9e48a32600d9,텐코 시부키,Tenko Shibuki,CLICHE,talent,241757,CLOSE,False,,,,,,3062
2026-08-15T21:25:45.717288+00:00,516937b5f85cbf2249ce31b0ad046b0f,아오쿠모 린,Aokumo Rin,CLICHE,talent,219793,CLOSE,False,,,,,,2882
2026-08-15T21:25:45.717288+00:00,4d812b586ff63f8a2946e64fa860bbf5,하나코 나나,Hanako Nana,CLICHE,talent,208171,CLOSE,False,,,,,,3131
2026-08-15T21:25:45.717288+00:00,8fd39bb8de623317de90654718638b10,유즈하 리코,Yuzuha Riko,CLICHE,talent,210082,CLOSE,False,,,,,,2911
2026-08-15T21:47:42.524956+00:00,b5ed5db484d04faf4d150aedd362f34b,강지,Kangji,STELLIVE,founder,287923,CLOSE,False,,,,,,1671
2026-08-15T21:47:42.524956+00:00,45e71a76e949e16a34764deb962f9d9f,아야츠노 유니,Ayatsuno Yuni,EVERYS,talent,302451,CLOSE,False,,,,,,3025
2026-08-15T21:47:42.524956+00:00,36ddb9bb4f17593b60f1b63cec86611d,사키하네 후야,Sakihane Huya,EVERYS,talent,157175,CLOSE,False,,,,,,1401
2026-08-15T21:47:42.524956+00:00,b044e3a3b9259246bc92e863e7d3f3b8,시라유키 히나,Shirayuki Hina,UNIVERSE,talent,237469,CLOSE,False,,,,,,3881
2026-08-15T21:47:42.524956+00:00,4515b179f86b67b4981e16190817c580,네네코 마시로,Neneko Mashiro,UNIVERSE,talent,210316,CLOSE,False,,,,,,2329
2026-08-15T21:47:42.524956+00:00,4325b1d5bbc321fad3042306646e2e50,아카네 리제,Akane Lize,UNIVERSE,talent,253471,CLOSE,False,,,,,,3326
2026-08-15T21:47:42.524956+00:00,a6c4ddb09cdb160478996007bff35296,아라하시 타비,Arahashi Tabi,UNIVERSE,talent,255978,CLOSE,False,,,,,,3843
2026-08-15T21:47:42.524956+00:00,64d76089fba26b180d9c9e48a32600d9,텐코 시부키,Tenko Shibuki,CLICHE,talent,241757,CLOSE,False,,,,,,3062
2026-08-15T21:47:42.524956+00:00,516937b5f85cbf2249ce31b0ad046b0f,아오쿠모 린,Aokumo Rin,CLICHE,talent,219794,CLOSE,False,,,,,,2882
2026-08-15T21:47:42.524956+00:00,4d812b586ff63f8a2946e64fa860bbf5,하나코 나나,Hanako Nana,CLICHE,talent,208171,CLOSE,False,,,,,,3131
2026-08-15T21:47:42.524956+00:00,8fd39bb8de623317de90654718638b10,유즈하 리코,Yuzuha Riko,CLICHE,talent,210083,CLOSE,False,,,,,,2911
2026-08-15T22:02:28.592678+00:00,b5ed5db484d04faf4d150aedd362f34b,강지,Kangji,STELLIVE,founder,287924,CLOSE,False,,,,,,1671
2026-08-15T22:02:28.592678+00:00,45e71a76e949e16a34764deb962f9d9f,아야츠노 유니,Ayatsuno Yuni,EVERYS,talent,302453,CLOSE,False,,,,,,3025
2026-08-15T22:02:28.592678+00:00,36ddb9bb4f17593b60f1b63cec86611d,사키하네 후야,Sakihane Huya,EVERYS,talent,157177,CLOSE,False,,,,,,1401
2026-08-15T22:02:28.592678+00:00,b044e3a3b9259246bc92e863e7d3f3b8,시라유키 히나,Shirayuki Hina,UNIVERSE,talent,237471,CLOSE,False,,,,,,3881
2026-08-15T22:02:28.592678+00:00,4515b179f86b67b4981e16190817c580,네네코 마시로,Neneko Mashiro,UNIVERSE,talent,210318,CLOSE,False,,,,,,2329
2026-08-15T22:02:28.592678+00:00,4325b1d5bbc321fad3042306646e2e50,아카네 리제,Akane Lize,UNIVERSE,talent,253471,CLOSE,False,,,,,,3326
2026-08-15T22:02:28.592678+00:00,a6c4ddb09cdb160478996007bff35296,아라하시 타비,Arahashi Tabi,UNIVERSE,talent,255979,CLOSE,False,,,,,,3843
2026-08-15T22:02:28.592678+00:00,64d76089fba26b180d9c9e48a32600d9,텐코 시부키,Tenko Shibuki,CLICHE,talent,241758,CLOSE,False,,,,,,3062
2026-08-15T22:02:28.592678+00:00,516937b5f85cbf2249ce31b0ad046b0f,아오쿠모 린,Aokumo Rin,CLICHE,talent,219796,CLOSE,False,,,,,,2882
2026-08-15T22:02:28.592678+00:00,4d812b586ff63f8a2946e64fa860bbf5,하나코 나나,Hanako Nana,CLICHE,talent,208172,CLOSE,False,,,,,,3131
2026-08-15T22:02:28.592678+00:00,8fd39bb8de623317de90654718638b10,유즈하 리코,Yuzuha Riko,CLICHE,talent,210085,CLOSE,False,,,,,,2911
2026-08-15T22:35:59.508377+00:00,b5ed5db484d04faf4d150aedd362f34b,강지,Kangji,STELLIVE,founder,287926,CLOSE,False,,,,,,1671
2026-08-15T22:35:59.508377+00:00,45e71a76e949e16a34764deb962f9d9f,아야츠노 유니,Ayatsuno Yuni,EVERYS,talent,302452,CLOSE,False,,,,,,3025
2026-08-15T22:35:59.508377+00:00,36ddb9bb4f17593b60f1b63cec86611d,사키하네 후야,Sakihane Huya,EVERYS,talent,157179,CLOSE,False,,,,,,1401
2026-08-15T22:35:59.508377+00:00,b044e3a3b9259246bc92e863e7d3f3b8,시라유키 히나,Shirayuki Hina,UNIVERSE,talent,237472,CLOSE,False,,,,,,3881
2026-08-15T22:35:59.508377+00:00,4515b179f86b67b4981e16190817c580,네네코 마시로,Neneko Mashiro,UNIVERSE,talent,210319,CLOSE,False,,,,,,2329
2026-08-15T22:35:59.508377+00:00,4325b1d5bbc321fad3042306646e2e50,아카네 리제,Akane Lize,UNIVERSE,talent,253470,CLOSE,False,,,,,,3326
2026-08-15T22:35:59.508377+00:00,a6c4ddb09cdb160478996007bff35296,아라하시 타비,Arahashi Tabi,UNIVERSE,talent,255979,CLOSE,False,,,,,,3843
2026-08-15T22:35:59.508377+00:00,64d76089fba26b180d9c9e48a32600d9,텐코 시부키,Tenko Shibuki,CLICHE,talent,241758,CLOSE,False,,,,,,3062
2026-08-15T22:35:59.508377+00:00,516937b5f85cbf2249ce31b0ad046b0f,아오쿠모 린,Aokumo Rin,CLICHE,talent,219795,CLOSE,False,,,,,,2882
2026-08-15T22:35:59.508377+00:00,4d812b586ff63f8a2946e64fa860bbf5,하나코 나나,Hanako Nana,CLICHE,talent,208173,CLOSE,False,,,,,,3131
2026-08-15T22:35:59.508377+00:00,8fd39bb8de623317de90654718638b10,유즈하 리코,Yuzuha Riko,CLICHE,talent,210086,CLOSE,False,,,,,,2911
2026-08-15T22:57:24.201458+00:00,b5ed5db484d04faf4d150aedd362f34b,강지,Kangji,STELLIVE,founder,287927,CLOSE,False,,,,,,1671
2026-08-15T22:57:24.201458+00:00,45e71a76e949e16a34764deb962f9d9f,아야츠노 유니,Ayatsuno Yuni,EVERYS,talent,302450,CLOSE,False,,,,,,3025
2026-08-15T22:57:24.201458+00:00,36ddb9bb4f17593b60f1b63cec86611d,사키하네 후야,Sakihane Huya,EVERYS,talent,157179,CLOSE,False,,,,,,1401
2026-08-15T22:57:24.201458+00:00,b044e3a3b9259246bc92e863e7d3f3b8,시라유키 히나,Shirayuki Hina,UNIVERSE,talent,237473,CLOSE,False,,,,,,3881
2026-08-15T22:57:24.201458+00:00,4515b179f86b67b4981e16190817c580,네네코 마시로,Neneko Mashiro,UNIVERSE,talent,210319,CLOSE,False,,,,,,2329
2026-08-15T22:57:24.201458+00:00,4325b1d5bbc321fad3042306646e2e50,아카네 리제,Akane Lize,UNIVERSE,talent,253469,CLOSE,False,,,,,,3326
2026-08-15T22:57:24.201458+00:00,a6c4ddb09cdb160478996007bff35296,아라하시 타비,Arahashi Tabi,UNIVERSE,talent,255979,CLOSE,False,,,,,,3843
2026-08-15T22:57:24.201458+00:00,64d76089fba26b180d9c9e48a32600d9,텐코 시부키,Tenko Shibuki,CLICHE,talent,241758,CLOSE,False,,,,,,3062
2026-08-15T22:57:24.201458+00:00,516937b5f85cbf2249ce31b0ad046b0f,아오쿠모 린,Aokumo Rin,CLICHE,talent,219795,CLOSE,False,,,,,,2882
2026-08-15T22:57:24.201458+00:00,4d812b586ff63f8a2946e64fa860bbf5,하나코 나나,Hanako Nana,CLICHE,talent,208173,CLOSE,False,,,,,,3131
2026-08-15T22:57:24.201458+00:00,8fd39bb8de623317de90654718638b10,유즈하 리코,Yuzuha Riko,CLICHE,talent,210086,CLOSE,False,,,,,,2911
2026-08-15T23:28:06.916482+00:00,b5ed5db484d04faf4d150aedd362f34b,강지,Kangji,STELLIVE,founder,287928,CLOSE,False,,,,,,1671
2026-08-15T23:28:06.916482+00:00,45e71a76e949e16a34764deb962f9d9f,아야츠노 유니,Ayatsuno Yuni,EVERYS,talent,302451,CLOSE,False,,,,,,3025
2026-08-15T23:28:06.916482+00:00,36ddb9bb4f17593b60f1b63cec86611d,사키하네 후야,Sakihane Huya,EVERYS,talent,157180,CLOSE,False,,,,,,1401
2026-08-15T23:28:06.916482+00:00,b044e3a3b9259246bc92e863e7d3f3b8,시라유키 히나,Shirayuki Hina,UNIVERSE,talent,237471,CLOSE,False,,,,,,3881
2026-08-15T23:28:06.916482+00:00,4515b179f86b67b4981e16190817c580,네네코 마시로,Neneko Mashiro,UNIVERSE,talent,210319,CLOSE,False,,,,,,2329
2026-08-15T23:28:06.916482+00:00,4325b1d5bbc321fad3042306646e2e50,아카네 리제,Akane Lize,UNIVERSE,talent,253470,CLOSE,False,,,,,,3326
2026-08-15T23:28:06.916482+00:00,a6c4ddb09cdb160478996007bff35296,아라하시 타비,Arahashi Tabi,UNIVERSE,talent,255980,CLOSE,False,,,,,,3843
2026-08-15T23:28:06.916482+00:00,64d76089fba26b180d9c9e48a32600d9,텐코 시부키,Tenko Shibuki,CLICHE,talent,241759,CLOSE,False,,,,,,3062
2026-08-15T23:28:06.916482+00:00,516937b5f85cbf2249ce31b0ad046b0f,아오쿠모 린,Aokumo Rin,CLICHE,talent,219797,CLOSE,False,,,,,,2882
2026-08-15T23:28:06.916482+00:00,4d812b586ff63f8a2946e64fa860bbf5,하나코 나나,Hanako Nana,CLICHE,talent,208174,CLOSE,False,,,,,,3131
2026-08-15T23:28:06.916482+00:00,8fd39bb8de623317de90654718638b10,유즈하 리코,Yuzuha Riko,CLICHE,talent,210088,CLOSE,False,,,,,,2911
2026-08-15T23:50:03.041681+00:00,b5ed5db484d04faf4d150aedd362f34b,강지,Kangji,STELLIVE,founder,287929,CLOSE,False,,,,,,1671
2026-08-15T23:50:03.041681+00:00,45e71a76e949e16a34764deb962f9d9f,아야츠노 유니,Ayatsuno Yuni,EVERYS,talent,302452,CLOSE,False,,,,,,3025
2026-08-15T23:50:03.041681+00:00,36ddb9bb4f17593b60f1b63cec86611d,사키하네 후야,Sakihane Huya,EVERYS,talent,157179,CLOSE,False,,,,,,1401
2026-08-15T23:50:03.041681+00:00,b044e3a3b9259246bc92e863e7d3f3b8,시라유키 히나,Shirayuki Hina,UNIVERSE,talent,237471,CLOSE,False,,,,,,3881
2026-08-15T23:50:03.041681+00:00,4515b179f86b67b4981e16190817c580,네네코 마시로,Neneko Mashiro,UNIVERSE,talent,210320,CLOSE,False,,,,,,2329
2026-08-15T23:50:03.041681+00:00,4325b1d5bbc321fad3042306646e2e50,아카네 리제,Akane Lize,UNIVERSE,talent,253472,CLOSE,False,,,,,,3326
2026-08-15T23:50:03.041681+00:00,a6c4ddb09cdb160478996007bff35296,아라하시 타비,Arahashi Tabi,UNIVERSE,talent,255982,CLOSE,False,,,,,,3843
2026-08-15T23:50:03.041681+00:00,64d76089fba26b180d9c9e48a32600d9,텐코 시부키,Tenko Shibuki,CLICHE,talent,241760,CLOSE,False,,,,,,3062
2026-08-15T23:50:03.041681+00:00,516937b5f85cbf2249ce31b0ad046b0f,아오쿠모 린,Aokumo Rin,CLICHE,talent,219799,CLOSE,False,,,,,,2882
2026-08-15T23:50:03.041681+00:00,4d812b586ff63f8a2946e64fa860bbf5,하나코 나나,Hanako Nana,CLICHE,talent,208174,CLOSE,False,,,,,,3131
2026-08-15T23:50:03.041681+00:00,8fd39bb8de623317de90654718638b10,유즈하 리코,Yuzuha Riko,CLICHE,talent,210087,CLOSE,False,,,,,,2911
2026-08-16T00:41:48.414797+00:00,b5ed5db484d04faf4d150aedd362f34b,강지,Kangji,STELLIVE,founder,287931,CLOSE,False,,,,,,1671
2026-08-16T00:41:48.414797+00:00,45e71a76e949e16a34764deb962f9d9f,아야츠노 유니,Ayatsuno Yuni,EVERYS,talent,302456,CLOSE,False,,,,,,3025
2026-08-16T00:41:48.414797+00:00,36ddb9bb4f17593b60f1b63cec86611d,사키하네 후야,Sakihane Huya,EVERYS,talent,157183,CLOSE,False,,,,,,1401
2026-08-16T00:41:48.414797+00:00,b044e3a3b9259246bc92e863e7d3f3b8,시라유키 히나,Shirayuki Hina,UNIVERSE,talent,237474,CLOSE,False,,,,,,3881
2026-08-16T00:41:48.414797+00:00,4515b179f86b67b4981e16190817c580,네네코 마시로,Neneko Mashiro,UNIVERSE,talent,210323,CLOSE,False,,,,,,2329
2026-08-16T00:41:48.414797+00:00,4325b1d5bbc321fad3042306646e2e50,아카네 리제,Akane Lize,UNIVERSE,talent,253477,CLOSE,False,,,,,,3326
2026-08-16T00:41:48.414797+00:00,a6c4ddb09cdb160478996007bff35296,아라하시 타비,Arahashi Tabi,UNIVERSE,talent,255986,CLOSE,False,,,,,,3843
2026-08-16T00:41:48.414797+00:00,64d76089fba26b180d9c9e48a32600d9,텐코 시부키,Tenko Shibuki,CLICHE,talent,241764,CLOSE,False,,,,,,3062
2026-08-16T00:41:48.414797+00:00,516937b5f85cbf2249ce31b0ad046b0f,아오쿠모 린,Aokumo Rin,CLICHE,talent,219802,CLOSE,False,,,,,,2882
2026-08-16T00:41:48.414797+00:00,4d812b586ff63f8a2946e64fa860bbf5,하나코 나나,Hanako Nana,CLICHE,talent,208177,CLOSE,False,,,,,,3131
2026-08-16T00:41:48.414797+00:00,8fd39bb8de623317de90654718638b10,유즈하 리코,Yuzuha Riko,CLICHE,talent,210093,CLOSE,False,,,,,,2911
2026-08-16T02:12:34.010895+00:00,b5ed5db484d04faf4d150aedd362f34b,강지,Kangji,STELLIVE,founder,287930,CLOSE,False,,,,,,1671
2026-08-16T02:12:34.010895+00:00,45e71a76e949e16a34764deb962f9d9f,아야츠노 유니,Ayatsuno Yuni,EVERYS,talent,302458,CLOSE,False,,,,,,3025
2026-08-16T02:12:34.010895+00:00,36ddb9bb4f17593b60f1b63cec86611d,사키하네 후야,Sakihane Huya,EVERYS,talent,157190,CLOSE,False,,,,,,1401
2026-08-16T02:12:34.010895+00:00,b044e3a3b9259246bc92e863e7d3f3b8,시라유키 히나,Shirayuki Hina,UNIVERSE,talent,237478,CLOSE,False,,,,,,3881
2026-08-16T02:12:34.010895+00:00,4515b179f86b67b4981e16190817c580,네네코 마시로,Neneko Mashiro,UNIVERSE,talent,210331,CLOSE,False,,,,,,2329
2026-08-16T02:12:34.010895+00:00,4325b1d5bbc321fad3042306646e2e50,아카네 리제,Akane Lize,UNIVERSE,talent,253488,CLOSE,False,,,,,,3326
2026-08-16T02:12:34.010895+00:00,a6c4ddb09cdb160478996007bff35296,아라하시 타비,Arahashi Tabi,UNIVERSE,talent,255991,CLOSE,False,,,,,,3843
2026-08-16T02:12:34.010895+00:00,64d76089fba26b180d9c9e48a32600d9,텐코 시부키,Tenko Shibuki,CLICHE,talent,241768,CLOSE,False,,,,,,3062
2026-08-16T02:12:34.010895+00:00,516937b5f85cbf2249ce31b0ad046b0f,아오쿠모 린,Aokumo Rin,CLICHE,talent,219806,CLOSE,False,,,,,,2882
2026-08-16T02:12:34.010895+00:00,4d812b586ff63f8a2946e64fa860bbf5,하나코 나나,Hanako Nana,CLICHE,talent,208186,CLOSE,False,,,,,,3131
2026-08-16T02:12:34.010895+00:00,8fd39bb8de623317de90654718638b10,유즈하 리코,Yuzuha Riko,CLICHE,talent,210095,CLOSE,False,,,,,,2911
2026-08-16T03:16:08.416084+00:00,b5ed5db484d04faf4d150aedd362f34b,강지,Kangji,STELLIVE,founder,287936,CLOSE,False,,,,,,1671
2026-08-16T03:16:08.416084+00:00,45e71a76e949e16a34764deb962f9d9f,아야츠노 유니,Ayatsuno Yuni,EVERYS,talent,302462,CLOSE,False,,,,,,3025
2026-08-16T03:16:08.416084+00:00,36ddb9bb4f17593b60f1b63cec86611d,사키하네 후야,Sakihane Huya,EVERYS,talent,157188,CLOSE,False,,,,,,1401
2026-08-16T03:16:08.416084+00:00,b044e3a3b9259246bc92e863e7d3f3b8,시라유키 히나,Shirayuki Hina,UNIVERSE,talent,237481,CLOSE,False,,,,,,3881
2026-08-16T03:16:08.416084+00:00,4515b179f86b67b4981e16190817c580,네네코 마시로,Neneko Mashiro,UNIVERSE,talent,210338,CLOSE,False,,,,,,2329
2026-08-16T03:16:08.416084+00:00,4325b1d5bbc321fad3042306646e2e50,아카네 리제,Akane Lize,UNIVERSE,talent,253492,CLOSE,False,,,,,,3326
2026-08-16T03:16:08.416084+00:00,a6c4ddb09cdb160478996007bff35296,아라하시 타비,Arahashi Tabi,UNIVERSE,talent,255993,CLOSE,False,,,,,,3843
2026-08-16T03:16:08.416084+00:00,64d76089fba26b180d9c9e48a32600d9,텐코 시부키,Tenko Shibuki,CLICHE,talent,241774,CLOSE,False,,,,,,3062
2026-08-16T03:16:08.416084+00:00,516937b5f85cbf2249ce31b0ad046b0f,아오쿠모 린,Aokumo Rin,CLICHE,talent,219811,CLOSE,False,,,,,,2882
2026-08-16T03:16:08.416084+00:00,4d812b586ff63f8a2946e64fa860bbf5,하나코 나나,Hanako Nana,CLICHE,talent,208187,CLOSE,False,,,,,,3131
2026-08-16T03:16:08.416084+00:00,8fd39bb8de623317de90654718638b10,유즈하 리코,Yuzuha Riko,CLICHE,talent,210098,CLOSE,False,,,,,,2911
2026-08-16T04:04:44.451090+00:00,b5ed5db484d04faf4d150aedd362f34b,강지,Kangji,STELLIVE,founder,287945,CLOSE,False,,,,,,1671
2026-08-16T04:04:44.451090+00:00,45e71a76e949e16a34764deb962f9d9f,아야츠노 유니,Ayatsuno Yuni,EVERYS,talent,302469,CLOSE,False,,,,,,3025
2026-08-16T04:04:44.451090+00:00,36ddb9bb4f17593b60f1b63cec86611d,사키하네 후야,Sakihane Huya,EVERYS,talent,157191,CLOSE,False,,,,,,1401
2026-08-16T04:04:44.451090+00:00,b044e3a3b9259246bc92e863e7d3f3b8,시라유키 히나,Shirayuki Hina,UNIVERSE,talent,237485,CLOSE,False,,,,,,3881
2026-08-16T04:04:44.451090+00:00,4515b179f86b67b4981e16190817c580,네네코 마시로,Neneko Mashiro,UNIVERSE,talent,210344,CLOSE,False,,,,,,2329
2026-08-16T04:04:44.451090+00:00,4325b1d5bbc321fad3042306646e2e50,아카네 리제,Akane Lize,UNIVERSE,talent,253495,CLOSE,False,,,,,,3326
2026-08-16T04:04:44.451090+00:00,a6c4ddb09cdb160478996007bff35296,아라하시 타비,Arahashi Tabi,UNIVERSE,talent,255997,CLOSE,False,,,,,,3843
2026-08-16T04:04:44.451090+00:00,64d76089fba26b180d9c9e48a32600d9,텐코 시부키,Tenko Shibuki,CLICHE,talent,241781,CLOSE,False,,,,,,3062
2026-08-16T04:04:44.451090+00:00,516937b5f85cbf2249ce31b0ad046b0f,아오쿠모 린,Aokumo Rin,CLICHE,talent,219815,CLOSE,False,,,,,,2882
2026-08-16T04:04:44.451090+00:00,4d812b586ff63f8a2946e64fa860bbf5,하나코 나나,Hanako Nana,CLICHE,talent,208194,CLOSE,False,,,,,,3131
2026-08-16T04:04:44.451090+00:00,8fd39bb8de623317de90654718638b10,유즈하 리코,Yuzuha Riko,CLICHE,talent,210103,CLOSE,False,,,,,,2911
2026-08-16T04:48:53.223751+00:00,b5ed5db484d04faf4d150aedd362f34b,강지,Kangji,STELLIVE,founder,287948,CLOSE,False,,,,,,1671
2026-08-16T04:48:53.223751+00:00,45e71a76e949e16a34764deb962f9d9f,아야츠노 유니,Ayatsuno Yuni,EVERYS,talent,302471,CLOSE,False,,,,,,3025
2026-08-16T04:48:53.223751+00:00,36ddb9bb4f17593b60f1b63cec86611d,사키하네 후야,Sakihane Huya,EVERYS,talent,157192,CLOSE,False,,,,,,1401
2026-08-16T04:48:53.223751+00:00,b044e3a3b9259246bc92e863e7d3f3b8,시라유키 히나,Shirayuki Hina,UNIVERSE,talent,237486,CLOSE,False,,,,,,3881
2026-08-16T04:48:53.223751+00:00,4515b179f86b67b4981e16190817c580,네네코 마시로,Neneko Mashiro,UNIVERSE,talent,210344,CLOSE,False,,,,,,2329
2026-08-16T04:48:53.223751+00:00,4325b1d5bbc321fad3042306646e2e50,아카네 리제,Akane Lize,UNIVERSE,talent,253497,CLOSE,False,,,,,,3326
2026-08-16T04:48:53.223751+00:00,a6c4ddb09cdb160478996007bff35296,아라하시 타비,Arahashi Tabi,UNIVERSE,talent,256000,CLOSE,False,,,,,,3843
2026-08-16T04:48:53.223751+00:00,64d76089fba26b180d9c9e48a32600d9,텐코 시부키,Tenko Shibuki,CLICHE,talent,241785,CLOSE,False,,,,,,3062
2026-08-16T04:48:53.223751+00:00,516937b5f85cbf2249ce31b0ad046b0f,아오쿠모 린,Aokumo Rin,CLICHE,talent,219819,CLOSE,False,,,,,,2882
2026-08-16T04:48:53.223751+00:00,4d812b586ff63f8a2946e64fa860bbf5,하나코 나나,Hanako Nana,CLICHE,talent,208196,CLOSE,False,,,,,,3131
2026-08-16T04:48:53.223751+00:00,8fd39bb8de623317de90654718638b10,유즈하 리코,Yuzuha Riko,CLICHE,talent,210103,CLOSE,False,,,,,,2911
2026-08-16T05:16:36.348378+00:00,b5ed5db484d04faf4d150aedd362f34b,강지,Kangji,STELLIVE,founder,287951,CLOSE,False,,,,,,1671
2026-08-16T05:16:36.348378+00:00,45e71a76e949e16a34764deb962f9d9f,아야츠노 유니,Ayatsuno Yuni,EVERYS,talent,302473,CLOSE,False,,,,,,3025
2026-08-16T05:16:36.348378+00:00,36ddb9bb4f17593b60f1b63cec86611d,사키하네 후야,Sakihane Huya,EVERYS,talent,157193,CLOSE,False,,,,,,1401
2026-08-16T05:16:36.348378+00:00,b044e3a3b9259246bc92e863e7d3f3b8,시라유키 히나,Shirayuki Hina,UNIVERSE,talent,237487,CLOSE,False,,,,,,3881
2026-08-16T05:16:36.348378+00:00,4515b179f86b67b4981e16190817c580,네네코 마시로,Neneko Mashiro,UNIVERSE,talent,210344,CLOSE,False,,,,,,2329
2026-08-16T05:16:36.348378+00:00,4325b1d5bbc321fad3042306646e2e50,아카네 리제,Akane Lize,UNIVERSE,talent,253500,CLOSE,False,,,,,,3326
2026-08-16T05:16:36.348378+00:00,a6c4ddb09cdb160478996007bff35296,아라하시 타비,Arahashi Tabi,UNIVERSE,talent,255999,CLOSE,False,,,,,,3843
2026-08-16T05:16:36.348378+00:00,64d76089fba26b180d9c9e48a32600d9,텐코 시부키,Tenko Shibuki,CLICHE,talent,241786,CLOSE,False,,,,,,3062
2026-08-16T05:16:36.348378+00:00,516937b5f85cbf2249ce31b0ad046b0f,아오쿠모 린,Aokumo Rin,CLICHE,talent,219819,CLOSE,False,,,,,,2882
2026-08-16T05:16:36.348378+00:00,4d812b586ff63f8a2946e64fa860bbf5,하나코 나나,Hanako Nana,CLICHE,talent,208200,CLOSE,False,,,,,,3131
2026-08-16T05:16:36.348378+00:00,8fd39bb8de623317de90654718638b10,유즈하 리코,Yuzuha Riko,CLICHE,talent,210104,CLOSE,False,,,,,,2911
2026-08-16T05:49:18.776058+00:00,b5ed5db484d04faf4d150aedd362f34b,강지,Kangji,STELLIVE,founder,287952,CLOSE,False,,,,,,1671
2026-08-16T05:49:18.776058+00:00,45e71a76e949e16a34764deb962f9d9f,아야츠노 유니,Ayatsuno Yuni,EVERYS,talent,302476,CLOSE,False,,,,,,3025
2026-08-16T05:49:18.776058+00:00,36ddb9bb4f17593b60f1b63cec86611d,사키하네 후야,Sakihane Huya,EVERYS,talent,157196,CLOSE,False,,,,,,1401
2026-08-16T05:49:18.776058+00:00,b044e3a3b9259246bc92e863e7d3f3b8,시라유키 히나,Shirayuki Hina,UNIVERSE,talent,237489,CLOSE,False,,,,,,3881
2026-08-16T05:49:18.776058+00:00,4515b179f86b67b4981e16190817c580,네네코 마시로,Neneko Mashiro,UNIVERSE,talent,210345,CLOSE,False,,,,,,2329
2026-08-16T05:49:18.776058+00:00,4325b1d5bbc321fad3042306646e2e50,아카네 리제,Akane Lize,UNIVERSE,talent,253503,CLOSE,False,,,,,,3326
2026-08-16T05:49:18.776058+00:00,a6c4ddb09cdb160478996007bff35296,아라하시 타비,Arahashi Tabi,UNIVERSE,talent,256002,CLOSE,False,,,,,,3843
2026-08-16T05:49:18.776058+00:00,64d76089fba26b180d9c9e48a32600d9,텐코 시부키,Tenko Shibuki,CLICHE,talent,241789,CLOSE,False,,,,,,3062
2026-08-16T05:49:18.776058+00:00,516937b5f85cbf2249ce31b0ad046b0f,아오쿠모 린,Aokumo Rin,CLICHE,talent,219821,CLOSE,False,,,,,,2882
2026-08-16T05:49:18.776058+00:00,4d812b586ff63f8a2946e64fa860bbf5,하나코 나나,Hanako Nana,CLICHE,talent,208202,CLOSE,False,,,,,,3131
2026-08-16T05:49:18.776058+00:00,8fd39bb8de623317de90654718638b10,유즈하 리코,Yuzuha Riko,CLICHE,talent,210104,CLOSE,False,,,,,,2911
2026-08-16T06:20:21.629803+00:00,b5ed5db484d04faf4d150aedd362f34b,강지,Kangji,STELLIVE,founder,287950,OPEN,True,2166,0,( ܸ ⩌⩊⩌ ܸ ),talk,강지|스텔라이브|픽셀네트워크,
2026-08-16T06:20:21.629803+00:00,45e71a76e949e16a34764deb962f9d9f,아야츠노 유니,Ayatsuno Yuni,EVERYS,talent,302476,CLOSE,False,,,,,,3025
2026-08-16T06:20:21.629803+00:00,36ddb9bb4f17593b60f1b63cec86611d,사키하네 후야,Sakihane Huya,EVERYS,talent,157196,CLOSE,False,,,,,,1401
2026-08-16T06:20:21.629803+00:00,b044e3a3b9259246bc92e863e7d3f3b8,시라유키 히나,Shirayuki Hina,UNIVERSE,talent,237487,CLOSE,False,,,,,,3881
2026-08-16T06:20:21.629803+00:00,4515b179f86b67b4981e16190817c580,네네코 마시로,Neneko Mashiro,UNIVERSE,talent,210345,CLOSE,False,,,,,,2329
2026-08-16T06:20:21.629803+00:00,4325b1d5bbc321fad3042306646e2e50,아카네 리제,Akane Lize,UNIVERSE,talent,253500,CLOSE,False,,,,,,3326
2026-08-16T06:20:21.629803+00:00,a6c4ddb09cdb160478996007bff35296,아라하시 타비,Arahashi Tabi,UNIVERSE,talent,255999,CLOSE,False,,,,,,3843
2026-08-16T06:20:21.629803+00:00,64d76089fba26b180d9c9e48a32600d9,텐코 시부키,Tenko Shibuki,CLICHE,talent,241789,CLOSE,False,,,,,,3062
2026-08-16T06:20:21.629803+00:00,516937b5f85cbf2249ce31b0ad046b0f,아오쿠모 린,Aokumo Rin,CLICHE,talent,219820,CLOSE,False,,,,,,2882
2026-08-16T06:20:21.629803+00:00,4d812b586ff63f8a2946e64fa860bbf5,하나코 나나,Hanako Nana,CLICHE,talent,208201,CLOSE,False,,,,,,3131
2026-08-16T06:20:21.629803+00:00,8fd39bb8de623317de90654718638b10,유즈하 리코,Yuzuha Riko,CLICHE,talent,210103,CLOSE,False,,,,,,2911
2026-08-16T07:07:53.357534+00:00,b5ed5db484d04faf4d150aedd362f34b,강지,Kangji,STELLIVE,founder,287978,OPEN,True,3028,0,( ܸ ⩌⩊⩌ ܸ ),talk,강지|스텔라이브|픽셀네트워크,
2026-08-16T07:07:53.357534+00:00,45e71a76e949e16a34764deb962f9d9f,아야츠노 유니,Ayatsuno Yuni,EVERYS,talent,302485,CLOSE,False,,,,,,3025
2026-08-16T07:07:53.357534+00:00,36ddb9bb4f17593b60f1b63cec86611d,사키하네 후야,Sakihane Huya,EVERYS,talent,157208,CLOSE,False,,,,,,1401
2026-08-16T07:07:53.357534+00:00,b044e3a3b9259246bc92e863e7d3f3b8,시라유키 히나,Shirayuki Hina,UNIVERSE,talent,237497,CLOSE,False,,,,,,3881
2026-08-16T07:07:53.357534+00:00,4515b179f86b67b4981e16190817c580,네네코 마시로,Neneko Mashiro,UNIVERSE,talent,210358,OPEN,True,2743,0,다 디지는거야ㅑㅑㅑㅑㅑㅑㅑㅑㅑㅑㅑㅑㅑㅑㅑㅑㅑㅑ,종합 게임,스텔라이브|네네코마시로|밍,
2026-08-16T07:07:53.357534+00:00,4325b1d5bbc321fad3042306646e2e50,아카네 리제,Akane Lize,UNIVERSE,talent,253510,CLOSE,False,,,,,,3326
2026-08-16T07:07:53.357534+00:00,a6c4ddb09cdb160478996007bff35296,아라하시 타비,Arahashi Tabi,UNIVERSE,talent,256033,OPEN,True,4240,0,이 세상은 이 세상은 이 세상은 이 세상은 이 세상은 이 세상은 이 세상은 이 세상은 이 세상은 이 세상은 이 세상은 이 세상은 이 세상은 이 세상은 이 세상은 이 세상은 이 세상,talk,스텔라이브|타비|버튜버|2기생,
2026-08-16T07:07:53.357534+00:00,64d76089fba26b180d9c9e48a32600d9,텐코 시부키,Tenko Shibuki,CLICHE,talent,241800,CLOSE,False,,,,,,3062
2026-08-16T07:07:53.357534+00:00,516937b5f85cbf2249ce31b0ad046b0f,아오쿠모 린,Aokumo Rin,CLICHE,talent,219832,CLOSE,False,,,,,,2882
2026-08-16T07:07:53.357534+00:00,4d812b586ff63f8a2946e64fa860bbf5,하나코 나나,Hanako Nana,CLICHE,talent,208211,CLOSE,False,,,,,,3131
2026-08-16T07:07:53.357534+00:00,8fd39bb8de623317de90654718638b10,유즈하 리코,Yuzuha Riko,CLICHE,talent,210116,CLOSE,False,,,,,,2911
2026-08-16T07:45:03.362626+00:00,b5ed5db484d04faf4d150aedd362f34b,강지,Kangji,STELLIVE,founder,287995,OPEN,True,2840,0,( ܸ ⩌⩊⩌ ܸ ),talk,강지|스텔라이브|픽셀네트워크,
2026-08-16T07:45:03.362626+00:00,45e71a76e949e16a34764deb962f9d9f,아야츠노 유니,Ayatsuno Yuni,EVERYS,talent,302485,OPEN,True,4,0,카봉컵 대회 하는날 ~!! ,오버워치,스텔라이브|유니,
2026-08-16T07:45:03.362626+00:00,36ddb9bb4f17593b60f1b63cec86611d,사키하네 후야,Sakihane Huya,EVERYS,talent,157211,CLOSE,False,,,,,,1401
2026-08-16T07:45:03.362626+00:00,b044e3a3b9259246bc92e863e7d3f3b8,시라유키 히나,Shirayuki Hina,UNIVERSE,talent,237501,OPEN,True,556,0,나우울해서빵먹고곤약냉면먹고닭가슴살먹고닭가슴살깐풍기먹고비타민은안먹고일하다가소처럼뒤집어잔다음방송켰어,talk,스텔라이브|버튜버|2기생|히나|노래,
2026-08-16T07:45:03.362626+00:00,4515b179f86b67b4981e16190817c580,네네코 마시로,Neneko Mashiro,UNIVERSE,talent,210367,OPEN,True,3568,0,다 디지는거야ㅑㅑㅑㅑㅑㅑㅑㅑㅑㅑㅑㅑㅑㅑㅑㅑㅑㅑ,종합 게임,스텔라이브|네네코마시로|밍,
2026-08-16T07:45:03.362626+00:00,4325b1d5bbc321fad3042306646e2e50,아카네 리제,Akane Lize,UNIVERSE,talent,253515,CLOSE,False,,,,,,3326
2026-08-16T07:45:03.362626+00:00,a6c4ddb09cdb160478996007bff35296,아라하시 타비,Arahashi Tabi,UNIVERSE,talent,256065,OPEN,True,5218,0,이 세상은 이 세상은 이 세상은 이 세상은 이 세상은 이 세상은 이 세상은 이 세상은 이 세상은 이 세상은 이 세상은 이 세상은 이 세상은 이 세상은 이 세상은 이 세상은 이 세상,talk,스텔라이브|타비|버튜버|2기생,
2026-08-16T07:45:03.362626+00:00,64d76089fba26b180d9c9e48a32600d9,텐코 시부키,Tenko Shibuki,CLICHE,talent,241806,CLOSE,False,,,,,,3062
2026-08-16T07:45:03.362626+00:00,516937b5f85cbf2249ce31b0ad046b0f,아오쿠모 린,Aokumo Rin,CLICHE,talent,219838,CLOSE,False,,,,,,2882
2026-08-16T07:45:03.362626+00:00,4d812b586ff63f8a2946e64fa860bbf5,하나코 나나,Hanako Nana,CLICHE,talent,208214,CLOSE,False,,,,,,3131
2026-08-16T07:45:03.362626+00:00,8fd39bb8de623317de90654718638b10,유즈하 리코,Yuzuha Riko,CLICHE,talent,210121,CLOSE,False,,,,,,2911
2026-08-16T08:11:29.684117+00:00,b5ed5db484d04faf4d150aedd362f34b,강지,Kangji,STELLIVE,founder,288008,OPEN,True,2438,0,( ܸ ⩌⩊⩌ ܸ ),talk,강지|스텔라이브|픽셀네트워크,
2026-08-16T08:11:29.684117+00:00,45e71a76e949e16a34764deb962f9d9f,아야츠노 유니,Ayatsuno Yuni,EVERYS,talent,302490,OPEN,True,2291,0,카봉컵 대회 하는날 ~!! ,오버워치,스텔라이브|유니,
2026-08-16T08:11:29.684117+00:00,36ddb9bb4f17593b60f1b63cec86611d,사키하네 후야,Sakihane Huya,EVERYS,talent,157210,CLOSE,False,,,,,,1401
2026-08-16T08:11:29.684117+00:00,b044e3a3b9259246bc92e863e7d3f3b8,시라유키 히나,Shirayuki Hina,UNIVERSE,talent,237501,OPEN,True,1729,0,나우울해서빵먹고곤약냉면먹고닭가슴살먹고닭가슴살깐풍기먹고비타민은안먹고일하다가소처럼뒤집어잔다음방송켰어,talk,스텔라이브|버튜버|2기생|히나|노래,
2026-08-16T08:11:29.684117+00:00,4515b179f86b67b4981e16190817c580,네네코 마시로,Neneko Mashiro,UNIVERSE,talent,210368,OPEN,True,2950,0,다 디지는거야ㅑㅑㅑㅑㅑㅑㅑㅑㅑㅑㅑㅑㅑㅑㅑㅑㅑㅑ,종합 게임,스텔라이브|네네코마시로|밍,
2026-08-16T08:11:29.684117+00:00,4325b1d5bbc321fad3042306646e2e50,아카네 리제,Akane Lize,UNIVERSE,talent,253516,CLOSE,False,,,,,,3326
2026-08-16T08:11:29.684117+00:00,a6c4ddb09cdb160478996007bff35296,아라하시 타비,Arahashi Tabi,UNIVERSE,talent,256079,OPEN,True,4756,0,이 세상은 이 세상은 이 세상은 이 세상은 이 세상은 이 세상은 이 세상은 이 세상은 이 세상은 이 세상은 이 세상은 이 세상은 이 세상은 이 세상은 이 세상은 이 세상은 이 세상,talk,스텔라이브|타비|버튜버|2기생,
2026-08-16T08:11:29.684117+00:00,64d76089fba26b180d9c9e48a32600d9,텐코 시부키,Tenko Shibuki,CLICHE,talent,241808,CLOSE,False,,,,,,3062
2026-08-16T08:11:29.684117+00:00,516937b5f85cbf2249ce31b0ad046b0f,아오쿠모 린,Aokumo Rin,CLICHE,talent,219841,CLOSE,False,,,,,,2882
2026-08-16T08:11:29.684117+00:00,4d812b586ff63f8a2946e64fa860bbf5,하나코 나나,Hanako Nana,CLICHE,talent,208218,CLOSE,False,,,,,,3131
2026-08-16T08:11:29.684117+00:00,8fd39bb8de623317de90654718638b10,유즈하 리코,Yuzuha Riko,CLICHE,talent,210121,CLOSE,False,,,,,,2911
2026-08-16T08:51:26.223987+00:00,b5ed5db484d04faf4d150aedd362f34b,강지,Kangji,STELLIVE,founder,288017,OPEN,True,1919,0,( ܸ ⩌⩊⩌ ܸ ),talk,강지|스텔라이브|픽셀네트워크,
2026-08-16T08:51:26.223987+00:00,45e71a76e949e16a34764deb962f9d9f,아야츠노 유니,Ayatsuno Yuni,EVERYS,talent,302497,OPEN,True,2928,0,카봉컵 대회 하는날 ~!! ,오버워치,스텔라이브|유니|카봉컵,
2026-08-16T08:51:26.223987+00:00,36ddb9bb4f17593b60f1b63cec86611d,사키하네 후야,Sakihane Huya,EVERYS,talent,157215,CLOSE,False,,,,,,1401
2026-08-16T08:51:26.223987+00:00,b044e3a3b9259246bc92e863e7d3f3b8,시라유키 히나,Shirayuki Hina,UNIVERSE,talent,237507,OPEN,True,2082,0,나우울해서빵먹고곤약냉면먹고닭가슴살먹고닭가슴살깐풍기먹고비타민은안먹고일하다가소처럼뒤집어잔다음방송켰어,talk,스텔라이브|버튜버|2기생|히나|노래,
2026-08-16T08:51:26.223987+00:00,4515b179f86b67b4981e16190817c580,네네코 마시로,Neneko Mashiro,UNIVERSE,talent,210376,OPEN,True,2858,0,다 디지는거야ㅑㅑㅑㅑㅑㅑㅑㅑㅑㅑㅑㅑㅑㅑㅑㅑㅑㅑ,종합 게임,스텔라이브|네네코마시로|밍,
2026-08-16T08:51:26.223987+00:00,4325b1d5bbc321fad3042306646e2e50,아카네 리제,Akane Lize,UNIVERSE,talent,253524,CLOSE,False,,,,,,3326
2026-08-16T08:51:26.223987+00:00,a6c4ddb09cdb160478996007bff35296,아라하시 타비,Arahashi Tabi,UNIVERSE,talent,256093,OPEN,True,4488,0,7시 스텔라이브와 삐부넴의 내전 ! 전 연습 ! (❁´◡`❁),데드 바이 데이라이트,스텔라이브|타비|버튜버|2기생,
2026-08-16T08:51:26.223987+00:00,64d76089fba26b180d9c9e48a32600d9,텐코 시부키,Tenko Shibuki,CLICHE,talent,241815,CLOSE,False,,,,,,3062
2026-08-16T08:51:26.223987+00:00,516937b5f85cbf2249ce31b0ad046b0f,아오쿠모 린,Aokumo Rin,CLICHE,talent,219849,CLOSE,False,,,,,,2882
2026-08-16T08:51:26.223987+00:00,4d812b586ff63f8a2946e64fa860bbf5,하나코 나나,Hanako Nana,CLICHE,talent,208225,CLOSE,False,,,,,,3131
2026-08-16T08:51:26.223987+00:00,8fd39bb8de623317de90654718638b10,유즈하 리코,Yuzuha Riko,CLICHE,talent,210128,CLOSE,False,,,,,,2911
2026-08-16T09:31:49.372773+00:00,b5ed5db484d04faf4d150aedd362f34b,강지,Kangji,STELLIVE,founder,288028,OPEN,True,1478,0,( ܸ ⩌⩊⩌ ܸ ),talk,강지|스텔라이브|픽셀네트워크,
2026-08-16T09:31:49.372773+00:00,45e71a76e949e16a34764deb962f9d9f,아야츠노 유니,Ayatsuno Yuni,EVERYS,talent,302511,OPEN,True,4666,0,카봉컵 대회 하는날 ~!! ,오버워치,스텔라이브|유니|카봉컵,
2026-08-16T09:31:49.372773+00:00,36ddb9bb4f17593b60f1b63cec86611d,사키하네 후야,Sakihane Huya,EVERYS,talent,157219,CLOSE,False,,,,,,1401
2026-08-16T09:31:49.372773+00:00,b044e3a3b9259246bc92e863e7d3f3b8,시라유키 히나,Shirayuki Hina,UNIVERSE,talent,237511,OPEN,True,2002,0,7시 스텔+삐부 님 데바데 내전 스텔의 히구 출동,데드 바이 데이라이트,스텔라이브|버튜버|2기생|히나|노래,
2026-08-16T09:31:49.372773+00:00,4515b179f86b67b4981e16190817c580,네네코 마시로,Neneko Mashiro,UNIVERSE,talent,210383,OPEN,True,2636,0,다 디지는거야ㅑㅑㅑㅑㅑㅑㅑㅑㅑㅑㅑㅑㅑㅑㅑㅑㅑㅑ,종합 게임,스텔라이브|네네코마시로|밍,
2026-08-16T09:31:49.372773+00:00,4325b1d5bbc321fad3042306646e2e50,아카네 리제,Akane Lize,UNIVERSE,talent,253532,OPEN,True,102,0,스텔데바데내전 으마무시한 살인마 등장,talk,스텔라이브|아카네리제,
2026-08-16T09:31:49.372773+00:00,a6c4ddb09cdb160478996007bff35296,아라하시 타비,Arahashi Tabi,UNIVERSE,talent,256094,OPEN,True,3942,0,7시 스텔라이브와 삐부넴의 내전 ! 전 연습 ! (❁´◡`❁),데드 바이 데이라이트,스텔라이브|타비|버튜버|2기생,
2026-08-16T09:31:49.372773+00:00,64d76089fba26b180d9c9e48a32600d9,텐코 시부키,Tenko Shibuki,CLICHE,talent,241826,OPEN,True,2346,0,스ㅡㅡㅡㅡㅡㅡ파이더맨보고 먹먹해진ㅇ ㅕ우,talk,스텔라이브|시부키|3기생|대박박|부키,
2026-08-16T09:31:49.372773+00:00,516937b5f85cbf2249ce31b0ad046b0f,아오쿠모 린,Aokumo Rin,CLICHE,talent,219857,CLOSE,False,,,,,,2882
2026-08-16T09:31:49.372773+00:00,4d812b586ff63f8a2946e64fa860bbf5,하나코 나나,Hanako Nana,CLICHE,talent,208244,OPEN,True,2712,0,커버곡 나온댜아아~!!! 논브레스 오블리이쥬!,talk,스텔라이브|나나|하나코나나|클리셰,
2026-08-16T09:31:49.372773+00:00,8fd39bb8de623317de90654718638b10,유즈하 리코,Yuzuha Riko,CLICHE,talent,210142,OPEN,True,1526,0,여름감기는 개도 안걸린다는데,talk,스텔라이브|3기생|리코|클리셰,
2026-08-16T09:57:13.154778+00:00,b5ed5db484d04faf4d150aedd362f34b,강지,Kangji,STELLIVE,founder,288035,OPEN,True,2041,0,( ܸ ⩌⩊⩌ ܸ ),talk,강지|스텔라이브|픽셀네트워크,
2026-08-16T09:57:13.154778+00:00,45e71a76e949e16a34764deb962f9d9f,아야츠노 유니,Ayatsuno Yuni,EVERYS,talent,302514,OPEN,True,5850,0,카봉컵 대회 하는날 ~!! ,오버워치,스텔라이브|유니|카봉컵,
2026-08-16T09:57:13.154778+00:00,36ddb9bb4f17593b60f1b63cec86611d,사키하네 후야,Sakihane Huya,EVERYS,talent,157229,CLOSE,False,,,,,,1401
2026-08-16T09:57:13.154778+00:00,b044e3a3b9259246bc92e863e7d3f3b8,시라유키 히나,Shirayuki Hina,UNIVERSE,talent,237509,OPEN,True,2079,0,7시 스텔+삐부 님 데바데 내전 스텔의 히구 출동,데드 바이 데이라이트,스텔라이브|버튜버|2기생|히나|노래,
2026-08-16T09:57:13.154778+00:00,4515b179f86b67b4981e16190817c580,네네코 마시로,Neneko Mashiro,UNIVERSE,talent,210385,OPEN,True,2752,0,살려주세요....,종합 게임,스텔라이브|네네코마시로|밍,
2026-08-16T09:57:13.154778+00:00,4325b1d5bbc321fad3042306646e2e50,아카네 리제,Akane Lize,UNIVERSE,talent,253532,OPEN,True,1627,0,스텔데바데내전 으마무시한 살인마 등장,talk,스텔라이브|아카네리제,
2026-08-16T09:57:13.154778+00:00,a6c4ddb09cdb160478996007bff35296,아라하시 타비,Arahashi Tabi,UNIVERSE,talent,256100,OPEN,True,4449,0,7시 스텔라이브와 삐부넴의 내전 ! 전 연습 ! (❁´◡`❁),데드 바이 데이라이트,스텔라이브|타비|버튜버|2기생,
2026-08-16T09:57:13.154778+00:00,64d76089fba26b180d9c9e48a32600d9,텐코 시부키,Tenko Shibuki,CLICHE,talent,241834,OPEN,True,3977,0,스ㅡㅡㅡㅡㅡㅡ파이더맨보고 먹먹해진ㅇ ㅕ우,talk,스텔라이브|시부키|3기생|대박박|부키,
2026-08-16T09:57:13.154778+00:00,516937b5f85cbf2249ce31b0ad046b0f,아오쿠모 린,Aokumo Rin,CLICHE,talent,219867,OPEN,True,1856,0,7시 스텔+삐부님 내전! (근데 목감기를 곁들인),데드 바이 데이라이트,스텔라이브|3기생|아오쿠모린|vtuber|뇨,
2026-08-16T09:57:13.154778+00:00,4d812b586ff63f8a2946e64fa860bbf5,하나코 나나,Hanako Nana,CLICHE,talent,208253,OPEN,True,2746,0,스텔+삐부님 8인 데바데 간드아~ / 커버곡도 공개했어요!,데드 바이 데이라이트,스텔라이브|나나|하나코나나|클리셰,
2026-08-16T09:57:13.154778+00:00,8fd39bb8de623317de90654718638b10,유즈하 리코,Yuzuha Riko,CLICHE,talent,210151,OPEN,True,2468,0,에이메스 3돌,명조:워더링 웨이브,스텔라이브|3기생|리코|클리셰,
2026-08-16T10:31:47.105966+00:00,b5ed5db484d04faf4d150aedd362f34b,강지,Kangji,STELLIVE,founder,288046,OPEN,True,3193,0,( ܸ ⩌⩊⩌ ܸ ),talk,강지|스텔라이브|픽셀네트워크,
2026-08-16T10:31:47.105966+00:00,45e71a76e949e16a34764deb962f9d9f,아야츠노 유니,Ayatsuno Yuni,EVERYS,talent,302528,OPEN,True,6341,0,카봉컵 대회 하는날 ~!! ,오버워치,스텔라이브|유니|카봉컵,
2026-08-16T10:31:47.105966+00:00,36ddb9bb4f17593b60f1b63cec86611d,사키하네 후야,Sakihane Huya,EVERYS,talent,157237,CLOSE,False,,,,,,1401
2026-08-16T10:31:47.105966+00:00,b044e3a3b9259246bc92e863e7d3f3b8,시라유키 히나,Shirayuki Hina,UNIVERSE,talent,237517,OPEN,True,3254,0,7시 스텔+삐부 님 데바데 내전 스텔의 히구 출동,데드 바이 데이라이트,스텔라이브|버튜버|2기생|히나|노래,
2026-08-16T10:31:47.105966+00:00,4515b179f86b67b4981e16190817c580,네네코 마시로,Neneko Mashiro,UNIVERSE,talent,210389,OPEN,True,2429,0,살려주세요....,종합 게임,스텔라이브|네네코마시로|밍,
2026-08-16T10:31:47.105966+00:00,4325b1d5bbc321fad3042306646e2e50,아카네 리제,Akane Lize,UNIVERSE,talent,253547,OPEN,True,2208,0,스텔데바데내전 으마무시한 살인마 등장,데드 바이 데이라이트,스텔라이브|아카네리제,
2026-08-16T10:31:47.105966+00:00,a6c4ddb09cdb160478996007bff35296,아라하시 타비,Arahashi Tabi,UNIVERSE,talent,256107,OPEN,True,4591,0,7시 스텔라이브와 삐부넴의 내전 ! 전 연습 ! (❁´◡`❁),데드 바이 데이라이트,스텔라이브|타비|버튜버|2기생,
2026-08-16T10:31:47.105966+00:00,64d76089fba26b180d9c9e48a32600d9,텐코 시부키,Tenko Shibuki,CLICHE,talent,241843,OPEN,True,4341,0,삐부님과 함께하는 스텔라이브 데바데 ,데드 바이 데이라이트,스텔라이브|시부키|3기생|대박박|부키,
2026-08-16T10:31:47.105966+00:00,516937b5f85cbf2249ce31b0ad046b0f,아오쿠모 린,Aokumo Rin,CLICHE,talent,219884,OPEN,True,2752,0,7시 스텔+삐부님 내전! (근데 목감기를 곁들인),데드 바이 데이라이트,스텔라이브|3기생|아오쿠모린|vtuber|뇨,
2026-08-16T10:31:47.105966+00:00,4d812b586ff63f8a2946e64fa860bbf5,하나코 나나,Hanako Nana,CLICHE,talent,208262,OPEN,True,2642,0,스텔+삐부님 8인 데바데 간드아~ / 커버곡도 공개했어요!,데드 바이 데이라이트,스텔라이브|나나|하나코나나|클리셰,
2026-08-16T10:31:47.105966+00:00,8fd39bb8de623317de90654718638b10,유즈하 리코,Yuzuha Riko,CLICHE,talent,210165,OPEN,True,2139,0,스텔라이브 데바데 내전 (w.삐부님),데드 바이 데이라이트,스텔라이브|3기생|리코|클리셰,
2026-08-16T10:57:57.614913+00:00,b5ed5db484d04faf4d150aedd362f34b,강지,Kangji,STELLIVE,founder,288057,OPEN,True,3093,0,( ܸ ⩌⩊⩌ ܸ ),talk,강지|스텔라이브|픽셀네트워크,
2026-08-16T10:57:57.614913+00:00,45e71a76e949e16a34764deb962f9d9f,아야츠노 유니,Ayatsuno Yuni,EVERYS,talent,302534,OPEN,True,6295,0,카봉컵 대회 하는날 ~!! ,오버워치,스텔라이브|유니|카봉컵,
2026-08-16T10:57:57.614913+00:00,36ddb9bb4f17593b60f1b63cec86611d,사키하네 후야,Sakihane Huya,EVERYS,talent,157244,CLOSE,False,,,,,,1401
2026-08-16T10:57:57.614913+00:00,b044e3a3b9259246bc92e863e7d3f3b8,시라유키 히나,Shirayuki Hina,UNIVERSE,talent,237521,OPEN,True,2208,0,7시 스텔+삐부 님 데바데 내전 스텔의 히구 출동,데드 바이 데이라이트,스텔라이브|버튜버|2기생|히나|노래,
2026-08-16T10:57:57.614913+00:00,4515b179f86b67b4981e16190817c580,네네코 마시로,Neneko Mashiro,UNIVERSE,talent,210398,OPEN,True,2193,0,살려주세요....,종합 게임,스텔라이브|네네코마시로|밍,
2026-08-16T10:57:57.614913+00:00,4325b1d5bbc321fad3042306646e2e50,아카네 리제,Akane Lize,UNIVERSE,talent,253555,OPEN,True,2267,0,스텔데바데내전 으마무시한 살인마 등장,데드 바이 데이라이트,스텔라이브|아카네리제,
2026-08-16T10:57:57.614913+00:00,a6c4ddb09cdb160478996007bff35296,아라하시 타비,Arahashi Tabi,UNIVERSE,talent,256111,OPEN,True,4714,0,7시 스텔라이브와 삐부넴의 내전 ! 전 연습 ! (❁´◡`❁),데드 바이 데이라이트,스텔라이브|타비|버튜버|2기생,
2026-08-16T10:57:57.614913+00:00,64d76089fba26b180d9c9e48a32600d9,텐코 시부키,Tenko Shibuki,CLICHE,talent,241850,OPEN,True,4120,0,삐부님과 함께하는 스텔라이브 데바데 ,데드 바이 데이라이트,스텔라이브|시부키|3기생|대박박|부키,
2026-08-16T10:57:57.614913+00:00,516937b5f85cbf2249ce31b0ad046b0f,아오쿠모 린,Aokumo Rin,CLICHE,talent,219892,OPEN,True,2840,0,7시 스텔+삐부님 내전! (근데 목감기를 곁들인),데드 바이 데이라이트,스텔라이브|3기생|아오쿠모린|vtuber|뇨,
2026-08-16T10:57:57.614913+00:00,4d812b586ff63f8a2946e64fa860bbf5,하나코 나나,Hanako Nana,CLICHE,talent,208273,OPEN,True,2558,0,스텔+삐부님 8인 데바데 간드아~ / 커버곡도 공개했어요!,데드 바이 데이라이트,스텔라이브|나나|하나코나나|클리셰,
2026-08-16T10:57:57.614913+00:00,8fd39bb8de623317de90654718638b10,유즈하 리코,Yuzuha Riko,CLICHE,talent,210170,OPEN,True,2092,0,스텔라이브 데바데 내전 (w.삐부님),데드 바이 데이라이트,스텔라이브|3기생|리코|클리셰,
2026-08-16T11:28:37.521583+00:00,b5ed5db484d04faf4d150aedd362f34b,강지,Kangji,STELLIVE,founder,288063,OPEN,True,3230,0,( ܸ ⩌⩊⩌ ܸ ),talk,강지|스텔라이브|픽셀네트워크,
2026-08-16T11:28:37.521583+00:00,45e71a76e949e16a34764deb962f9d9f,아야츠노 유니,Ayatsuno Yuni,EVERYS,talent,302540,OPEN,True,6098,0,카봉컵 대회 하는날 ~!! ,오버워치,스텔라이브|유니|카봉컵,
2026-08-16T11:28:37.521583+00:00,36ddb9bb4f17593b60f1b63cec86611d,사키하네 후야,Sakihane Huya,EVERYS,talent,157248,CLOSE,False,,,,,,1401
2026-08-16T11:28:37.521583+00:00,b044e3a3b9259246bc92e863e7d3f3b8,시라유키 히나,Shirayuki Hina,UNIVERSE,talent,237523,OPEN,True,2044,0,7시 스텔+삐부 님 데바데 내전 스텔의 히구 출동,데드 바이 데이라이트,스텔라이브|버튜버|2기생|히나|노래,
2026-08-16T11:28:37.521583+00:00,4515b179f86b67b4981e16190817c580,네네코 마시로,Neneko Mashiro,UNIVERSE,talent,210400,OPEN,True,1953,0,밍,talk,스텔라이브|네네코마시로|밍,
2026-08-16T11:28:37.521583+00:00,4325b1d5bbc321fad3042306646e2e50,아카네 리제,Akane Lize,UNIVERSE,talent,253571,OPEN,True,2474,0,스텔데바데내전 으마무시한 살인마 등장,데드 바이 데이라이트,스텔라이브|아카네리제,
2026-08-16T11:28:37.521583+00:00,a6c4ddb09cdb160478996007bff35296,아라하시 타비,Arahashi Tabi,UNIVERSE,talent,256111,OPEN,True,3853,0,7시 스텔라이브와 삐부넴의 내전 ! 전 연습 ! (❁´◡`❁),데드 바이 데이라이트,스텔라이브|타비|버튜버|2기생,
2026-08-16T11:28:37.521583+00:00,64d76089fba26b180d9c9e48a32600d9,텐코 시부키,Tenko Shibuki,CLICHE,talent,241856,OPEN,True,4323,0,삐부님과 함께하는 스텔라이브 데바데 ,데드 바이 데이라이트,스텔라이브|시부키|3기생|대박박|부키,
2026-08-16T11:28:37.521583+00:00,516937b5f85cbf2249ce31b0ad046b0f,아오쿠모 린,Aokumo Rin,CLICHE,talent,219904,OPEN,True,3049,0,7시 스텔+삐부님 내전! (근데 목감기를 곁들인),데드 바이 데이라이트,스텔라이브|3기생|아오쿠모린|vtuber|뇨,
2026-08-16T11:28:37.521583+00:00,4d812b586ff63f8a2946e64fa860bbf5,하나코 나나,Hanako Nana,CLICHE,talent,208282,OPEN,True,2433,0,스텔+삐부님 8인 데바데 간드아~ / 커버곡도 공개했어요!,데드 바이 데이라이트,스텔라이브|나나|하나코나나|클리셰,
2026-08-16T11:28:37.521583+00:00,8fd39bb8de623317de90654718638b10,유즈하 리코,Yuzuha Riko,CLICHE,talent,210175,OPEN,True,2751,0,스텔라이브 데바데 내전 (w.삐부님),데드 바이 데이라이트,스텔라이브|3기생|리코|클리셰,
2026-08-16T11:50:24.751854+00:00,b5ed5db484d04faf4d150aedd362f34b,강지,Kangji,STELLIVE,founder,288077,OPEN,True,3287,0,( ܸ ⩌⩊⩌ ܸ ),talk,강지|스텔라이브|픽셀네트워크,
2026-08-16T11:50:24.751854+00:00,45e71a76e949e16a34764deb962f9d9f,아야츠노 유니,Ayatsuno Yuni,EVERYS,talent,302538,OPEN,True,5972,0,카봉컵 대회 하는날 ~!! ,오버워치,스텔라이브|유니|카봉컵,
2026-08-16T11:50:24.751854+00:00,36ddb9bb4f17593b60f1b63cec86611d,사키하네 후야,Sakihane Huya,EVERYS,talent,157253,CLOSE,False,,,,,,1401
2026-08-16T11:50:24.751854+00:00,b044e3a3b9259246bc92e863e7d3f3b8,시라유키 히나,Shirayuki Hina,UNIVERSE,talent,237531,OPEN,True,1857,0,7시 스텔+삐부 님 데바데 내전 스텔의 히구 출동,데드 바이 데이라이트,스텔라이브|버튜버|2기생|히나|노래,
2026-08-16T11:50:24.751854+00:00,4515b179f86b67b4981e16190817c580,네네코 마시로,Neneko Mashiro,UNIVERSE,talent,210402,OPEN,True,2083,0,밍,talk,스텔라이브|네네코마시로|밍,
2026-08-16T11:50:24.751854+00:00,4325b1d5bbc321fad3042306646e2e50,아카네 리제,Akane Lize,UNIVERSE,talent,253572,OPEN,True,2465,0,스텔데바데내전 으마무시한 살인마 등장,데드 바이 데이라이트,스텔라이브|아카네리제,
2026-08-16T11:50:24.751854+00:00,a6c4ddb09cdb160478996007bff35296,아라하시 타비,Arahashi Tabi,UNIVERSE,talent,256115,OPEN,True,3765,0,7시 스텔라이브와 삐부넴의 내전 ! 전 연습 ! (❁´◡`❁),데드 바이 데이라이트,스텔라이브|타비|버튜버|2기생,
2026-08-16T11:50:24.751854+00:00,64d76089fba26b180d9c9e48a32600d9,텐코 시부키,Tenko Shibuki,CLICHE,talent,241856,OPEN,True,4270,0,삐부님과 함께하는 스텔라이브 데바데 ,데드 바이 데이라이트,스텔라이브|시부키|3기생|대박박|부키,
2026-08-16T11:50:24.751854+00:00,516937b5f85cbf2249ce31b0ad046b0f,아오쿠모 린,Aokumo Rin,CLICHE,talent,219915,OPEN,True,3299,0,7시 스텔+삐부님 내전! (근데 목감기를 곁들인),데드 바이 데이라이트,스텔라이브|3기생|아오쿠모린|vtuber|뇨,
2026-08-16T11:50:24.751854+00:00,4d812b586ff63f8a2946e64fa860bbf5,하나코 나나,Hanako Nana,CLICHE,talent,208289,OPEN,True,2399,0,스텔+삐부님 8인 데바데 간드아~ / 커버곡도 공개했어요!,데드 바이 데이라이트,스텔라이브|나나|하나코나나|클리셰,
2026-08-16T11:50:24.751854+00:00,8fd39bb8de623317de90654718638b10,유즈하 리코,Yuzuha Riko,CLICHE,talent,210180,OPEN,True,2398,0,스텔라이브 데바데 내전 (w.삐부님),데드 바이 데이라이트,스텔라이브|3기생|리코|클리셰,
2026-08-16T12:21:07.565061+00:00,b5ed5db484d04faf4d150aedd362f34b,강지,Kangji,STELLIVE,founder,288089,OPEN,True,3116,0,( ܸ ⩌⩊⩌ ܸ ),talk,강지|스텔라이브|픽셀네트워크,
2026-08-16T12:21:07.565061+00:00,45e71a76e949e16a34764deb962f9d9f,아야츠노 유니,Ayatsuno Yuni,EVERYS,talent,302539,OPEN,True,6316,0,카봉컵 대회 하는날 ~!! ,오버워치,스텔라이브|유니|카봉컵,
2026-08-16T12:21:07.565061+00:00,36ddb9bb4f17593b60f1b63cec86611d,사키하네 후야,Sakihane Huya,EVERYS,talent,157260,CLOSE,False,,,,,,1401
2026-08-16T12:21:07.565061+00:00,b044e3a3b9259246bc92e863e7d3f3b8,시라유키 히나,Shirayuki Hina,UNIVERSE,talent,237534,OPEN,True,1440,0,7시 스텔+삐부 님 데바데 내전 스텔의 히구 출동,데드 바이 데이라이트,스텔라이브|버튜버|2기생|히나|노래,
2026-08-16T12:21:07.565061+00:00,4515b179f86b67b4981e16190817c580,네네코 마시로,Neneko Mashiro,UNIVERSE,talent,210412,OPEN,True,2022,0,밍,talk,스텔라이브|네네코마시로|밍,
2026-08-16T12:21:07.565061+00:00,4325b1d5bbc321fad3042306646e2e50,아카네 리제,Akane Lize,UNIVERSE,talent,253574,OPEN,True,2366,0,스텔데바데내전 으마무시한 살인마 등장,데드 바이 데이라이트,스텔라이브|아카네리제,
2026-08-16T12:21:07.565061+00:00,a6c4ddb09cdb160478996007bff35296,아라하시 타비,Arahashi Tabi,UNIVERSE,talent,256118,OPEN,True,3622,0,7시 스텔라이브와 삐부넴의 내전 ! 전 연습 ! (❁´◡`❁),데드 바이 데이라이트,스텔라이브|타비|버튜버|2기생,
2026-08-16T12:21:07.565061+00:00,64d76089fba26b180d9c9e48a32600d9,텐코 시부키,Tenko Shibuki,CLICHE,talent,241866,OPEN,True,4387,0,삐부님과 함께하는 스텔라이브 데바데 ,데드 바이 데이라이트,스텔라이브|시부키|3기생|대박박|부키,
2026-08-16T12:21:07.565061+00:00,516937b5f85cbf2249ce31b0ad046b0f,아오쿠모 린,Aokumo Rin,CLICHE,talent,219922,OPEN,True,3529,0,7시 스텔+삐부님 내전! (근데 목감기를 곁들인),데드 바이 데이라이트,스텔라이브|3기생|아오쿠모린|vtuber|뇨,
2026-08-16T12:21:07.565061+00:00,4d812b586ff63f8a2946e64fa860bbf5,하나코 나나,Hanako Nana,CLICHE,talent,208295,OPEN,True,2332,0,스텔+삐부님 8인 데바데 간드아~ / 커버곡도 공개했어요!,데드 바이 데이라이트,스텔라이브|나나|하나코나나|클리셰,
2026-08-16T12:21:07.565061+00:00,8fd39bb8de623317de90654718638b10,유즈하 리코,Yuzuha Riko,CLICHE,talent,210186,OPEN,True,2269,0,스텔라이브 데바데 내전 (w.삐부님),데드 바이 데이라이트,스텔라이브|3기생|리코|클리셰,
2026-08-16T13:10:28.334842+00:00,b5ed5db484d04faf4d150aedd362f34b,강지,Kangji,STELLIVE,founder,288100,OPEN,True,3238,0,( ܸ ⩌⩊⩌ ܸ ),talk,강지|스텔라이브|픽셀네트워크,
2026-08-16T13:10:28.334842+00:00,45e71a76e949e16a34764deb962f9d9f,아야츠노 유니,Ayatsuno Yuni,EVERYS,talent,302561,OPEN,True,5975,0,카봉컵 대회 하는날 ~!! ,오버워치,스텔라이브|유니|카봉컵,
2026-08-16T13:10:28.334842+00:00,36ddb9bb4f17593b60f1b63cec86611d,사키하네 후야,Sakihane Huya,EVERYS,talent,157263,CLOSE,False,,,,,,1401
2026-08-16T13:10:28.334842+00:00,b044e3a3b9259246bc92e863e7d3f3b8,시라유키 히나,Shirayuki Hina,UNIVERSE,talent,237540,OPEN,True,2135,0,7시 스텔+삐부 님 데바데 내전 스텔의 히구 출동,데드 바이 데이라이트,스텔라이브|버튜버|2기생|히나|노래,
2026-08-16T13:10:28.334842+00:00,4515b179f86b67b4981e16190817c580,네네코 마시로,Neneko Mashiro,UNIVERSE,talent,210421,CLOSE,False,,,,,,2085
2026-08-16T13:10:28.334842+00:00,4325b1d5bbc321fad3042306646e2e50,아카네 리제,Akane Lize,UNIVERSE,talent,253587,OPEN,True,2465,0,스텔데바데내전 으마무시한 살인마 등장,데드 바이 데이라이트,스텔라이브|아카네리제,
2026-08-16T13:10:28.334842+00:00,a6c4ddb09cdb160478996007bff35296,아라하시 타비,Arahashi Tabi,UNIVERSE,talent,256122,OPEN,True,3952,0,7시 스텔라이브와 삐부넴의 내전 ! 전 연습 ! (❁´◡`❁),데드 바이 데이라이트,스텔라이브|타비|버튜버|2기생,
2026-08-16T13:10:28.334842+00:00,64d76089fba26b180d9c9e48a32600d9,텐코 시부키,Tenko Shibuki,CLICHE,talent,241882,OPEN,True,4734,0,삐부님과 함께하는 스텔라이브 데바데 ,데드 바이 데이라이트,스텔라이브|시부키|3기생|대박박|부키,
2026-08-16T13:10:28.334842+00:00,516937b5f85cbf2249ce31b0ad046b0f,아오쿠모 린,Aokumo Rin,CLICHE,talent,219928,OPEN,True,3036,0,7시 스텔+삐부님 내전! (근데 목감기를 곁들인),데드 바이 데이라이트,스텔라이브|3기생|아오쿠모린|vtuber|뇨,
2026-08-16T13:10:28.334842+00:00,4d812b586ff63f8a2946e64fa860bbf5,하나코 나나,Hanako Nana,CLICHE,talent,208306,OPEN,True,2739,0,스텔+삐부님 8인 데바데 간드아~ / 커버곡도 공개했어요!,데드 바이 데이라이트,스텔라이브|나나|하나코나나|클리셰,
2026-08-16T13:10:28.334842+00:00,8fd39bb8de623317de90654718638b10,유즈하 리코,Yuzuha Riko,CLICHE,talent,210188,OPEN,True,2316,0,스텔라이브 데바데 내전 (w.삐부님),데드 바이 데이라이트,스텔라이브|3기생|리코|클리셰,
2026-08-16T13:48:00.466092+00:00,b5ed5db484d04faf4d150aedd362f34b,강지,Kangji,STELLIVE,founder,288105,OPEN,True,3467,0,( ܸ ⩌⩊⩌ ܸ ),데드 바이 데이라이트,강지|스텔라이브|픽셀네트워크,
2026-08-16T13:48:00.466092+00:00,45e71a76e949e16a34764deb962f9d9f,아야츠노 유니,Ayatsuno Yuni,EVERYS,talent,302563,CLOSE,False,,,,,,3385
2026-08-16T13:48:00.466092+00:00,36ddb9bb4f17593b60f1b63cec86611d,사키하네 후야,Sakihane Huya,EVERYS,talent,157264,CLOSE,False,,,,,,1401
2026-08-16T13:48:00.466092+00:00,b044e3a3b9259246bc92e863e7d3f3b8,시라유키 히나,Shirayuki Hina,UNIVERSE,talent,237544,OPEN,True,2158,0,7시 스텔+삐부 님 데바데 내전 스텔의 히구 출동,데드 바이 데이라이트,스텔라이브|버튜버|2기생|히나|노래,
2026-08-16T13:48:00.466092+00:00,4515b179f86b67b4981e16190817c580,네네코 마시로,Neneko Mashiro,UNIVERSE,talent,210430,CLOSE,False,,,,,,2085
2026-08-16T13:48:00.466092+00:00,4325b1d5bbc321fad3042306646e2e50,아카네 리제,Akane Lize,UNIVERSE,talent,253598,OPEN,True,2509,0,스텔데바데내전 으마무시한 살인마 등장,데드 바이 데이라이트,스텔라이브|아카네리제,
2026-08-16T13:48:00.466092+00:00,a6c4ddb09cdb160478996007bff35296,아라하시 타비,Arahashi Tabi,UNIVERSE,talent,256131,OPEN,True,3803,0,7시 스텔라이브와 삐부넴의 내전 ! 전 연습 ! (❁´◡`❁),데드 바이 데이라이트,스텔라이브|타비|버튜버|2기생,
2026-08-16T13:48:00.466092+00:00,64d76089fba26b180d9c9e48a32600d9,텐코 시부키,Tenko Shibuki,CLICHE,talent,241890,OPEN,True,5184,0,삐부님과 함께하는 스텔라이브 데바데 ,데드 바이 데이라이트,스텔라이브|시부키|3기생|대박박|부키,
2026-08-16T13:48:00.466092+00:00,516937b5f85cbf2249ce31b0ad046b0f,아오쿠모 린,Aokumo Rin,CLICHE,talent,219940,OPEN,True,3068,0,7시 스텔+삐부님 내전! (근데 목감기를 곁들인),데드 바이 데이라이트,스텔라이브|3기생|아오쿠모린|vtuber|뇨,
2026-08-16T13:48:00.466092+00:00,4d812b586ff63f8a2946e64fa860bbf5,하나코 나나,Hanako Nana,CLICHE,talent,208314,OPEN,True,2446,0,스텔+삐부님 8인 데바데 간드아~ / 커버곡도 공개했어요!,데드 바이 데이라이트,스텔라이브|나나|하나코나나|클리셰,
2026-08-16T13:48:00.466092+00:00,8fd39bb8de623317de90654718638b10,유즈하 리코,Yuzuha Riko,CLICHE,talent,210201,OPEN,True,2378,0,스텔라이브 데바데 내전 (w.삐부님),데드 바이 데이라이트,스텔라이브|3기생|리코|클리셰,
2026-08-16T14:10:14.581035+00:00,b5ed5db484d04faf4d150aedd362f34b,강지,Kangji,STELLIVE,founder,288114,OPEN,True,3377,0,( ܸ ⩌⩊⩌ ܸ ),데드 바이 데이라이트,강지|스텔라이브|픽셀네트워크,
2026-08-16T14:10:14.581035+00:00,45e71a76e949e16a34764deb962f9d9f,아야츠노 유니,Ayatsuno Yuni,EVERYS,talent,302564,CLOSE,False,,,,,,3385
2026-08-16T14:10:14.581035+00:00,36ddb9bb4f17593b60f1b63cec86611d,사키하네 후야,Sakihane Huya,EVERYS,talent,157264,CLOSE,False,,,,,,1401
2026-08-16T14:10:14.581035+00:00,b044e3a3b9259246bc92e863e7d3f3b8,시라유키 히나,Shirayuki Hina,UNIVERSE,talent,237546,OPEN,True,2036,0,7시 스텔+삐부 님 데바데 내전 스텔의 히구 출동,데드 바이 데이라이트,스텔라이브|버튜버|2기생|히나|노래,
2026-08-16T14:10:14.581035+00:00,4515b179f86b67b4981e16190817c580,네네코 마시로,Neneko Mashiro,UNIVERSE,talent,210430,CLOSE,False,,,,,,2085
2026-08-16T14:10:14.581035+00:00,4325b1d5bbc321fad3042306646e2e50,아카네 리제,Akane Lize,UNIVERSE,talent,253603,OPEN,True,2542,0,스텔데바데내전 으마무시한 살인마 등장,데드 바이 데이라이트,스텔라이브|아카네리제,
2026-08-16T14:10:14.581035+00:00,a6c4ddb09cdb160478996007bff35296,아라하시 타비,Arahashi Tabi,UNIVERSE,talent,256132,OPEN,True,3523,0,7시 스텔라이브와 삐부넴의 내전 ! 전 연습 ! (❁´◡`❁),데드 바이 데이라이트,스텔라이브|타비|버튜버|2기생,
2026-08-16T14:10:14.581035+00:00,64d76089fba26b180d9c9e48a32600d9,텐코 시부키,Tenko Shibuki,CLICHE,talent,241892,OPEN,True,4994,0,삐부님과 함께하는 스텔라이브 데바데 ,데드 바이 데이라이트,스텔라이브|시부키|3기생|대박박|부키,
2026-08-16T14:10:14.581035+00:00,516937b5f85cbf2249ce31b0ad046b0f,아오쿠모 린,Aokumo Rin,CLICHE,talent,219945,OPEN,True,3594,0,7시 스텔+삐부님 내전! (근데 목감기를 곁들인),데드 바이 데이라이트,스텔라이브|3기생|아오쿠모린|vtuber|뇨,
2026-08-16T14:10:14.581035+00:00,4d812b586ff63f8a2946e64fa860bbf5,하나코 나나,Hanako Nana,CLICHE,talent,208317,OPEN,True,2488,0,스텔+삐부님 8인 데바데 간드아~ / 커버곡도 공개했어요!,데드 바이 데이라이트,스텔라이브|나나|하나코나나|클리셰,
2026-08-16T14:10:14.581035+00:00,8fd39bb8de623317de90654718638b10,유즈하 리코,Yuzuha Riko,CLICHE,talent,210204,OPEN,True,2480,0,스텔라이브 데바데 내전 (w.삐부님),데드 바이 데이라이트,스텔라이브|3기생|리코|클리셰,
2026-08-16T14:41:09.797290+00:00,b5ed5db484d04faf4d150aedd362f34b,강지,Kangji,STELLIVE,founder,288125,OPEN,True,2227,0,( ܸ ⩌⩊⩌ ܸ ),talk,강지|스텔라이브|픽셀네트워크,
2026-08-16T14:41:09.797290+00:00,45e71a76e949e16a34764deb962f9d9f,아야츠노 유니,Ayatsuno Yuni,EVERYS,talent,302568,CLOSE,False,,,,,,3385
2026-08-16T14:41:09.797290+00:00,36ddb9bb4f17593b60f1b63cec86611d,사키하네 후야,Sakihane Huya,EVERYS,talent,157269,CLOSE,False,,,,,,1401
2026-08-16T14:41:09.797290+00:00,b044e3a3b9259246bc92e863e7d3f3b8,시라유키 히나,Shirayuki Hina,UNIVERSE,talent,237552,OPEN,True,2187,0,7시 스텔+삐부 님 데바데 내전 스텔의 히구 출동,talk,스텔라이브|버튜버|2기생|히나|노래,
2026-08-16T14:41:09.797290+00:00,4515b179f86b67b4981e16190817c580,네네코 마시로,Neneko Mashiro,UNIVERSE,talent,210435,CLOSE,False,,,,,,2085
2026-08-16T14:41:09.797290+00:00,4325b1d5bbc321fad3042306646e2e50,아카네 리제,Akane Lize,UNIVERSE,talent,253613,OPEN,True,2739,0,스텔데바데내전 으마무시한 살인마 등장,데드 바이 데이라이트,스텔라이브|아카네리제,
2026-08-16T14:41:09.797290+00:00,a6c4ddb09cdb160478996007bff35296,아라하시 타비,Arahashi Tabi,UNIVERSE,talent,256140,OPEN,True,3793,0,재미써땨,talk,스텔라이브|타비|버튜버|2기생,
2026-08-16T14:41:09.797290+00:00,64d76089fba26b180d9c9e48a32600d9,텐코 시부키,Tenko Shibuki,CLICHE,talent,241905,OPEN,True,5102,0,삐부님과 함께하는 스텔라이브 데바데 ,데드 바이 데이라이트,스텔라이브|시부키|3기생|대박박|부키,
2026-08-16T14:41:09.797290+00:00,516937b5f85cbf2249ce31b0ad046b0f,아오쿠모 린,Aokumo Rin,CLICHE,talent,219953,CLOSE,False,,,,,,3105
2026-08-16T14:41:09.797290+00:00,4d812b586ff63f8a2946e64fa860bbf5,하나코 나나,Hanako Nana,CLICHE,talent,208325,OPEN,True,2512,0,스텔+삐부님 8인 데바데 간드아~ / 커버곡도 공개했어요!,데드 바이 데이라이트,스텔라이브|나나|하나코나나|클리셰,
2026-08-16T14:41:09.797290+00:00,8fd39bb8de623317de90654718638b10,유즈하 리코,Yuzuha Riko,CLICHE,talent,210220,OPEN,True,2898,0,스텔라이브 데바데 내전 (w.삐부님),talk,스텔라이브|3기생|리코|클리셰,
2026-08-16T15:02:42.819665+00:00,b5ed5db484d04faf4d150aedd362f34b,강지,Kangji,STELLIVE,founder,288129,OPEN,True,1942,0,( ܸ ⩌⩊⩌ ܸ ),talk,강지|스텔라이브|픽셀네트워크,
2026-08-16T15:02:42.819665+00:00,45e71a76e949e16a34764deb962f9d9f,아야츠노 유니,Ayatsuno Yuni,EVERYS,talent,302575,CLOSE,False,,,,,,3385
2026-08-16T15:02:42.819665+00:00,36ddb9bb4f17593b60f1b63cec86611d,사키하네 후야,Sakihane Huya,EVERYS,talent,157273,CLOSE,False,,,,,,1401
2026-08-16T15:02:42.819665+00:00,b044e3a3b9259246bc92e863e7d3f3b8,시라유키 히나,Shirayuki Hina,UNIVERSE,talent,237559,CLOSE,False,,,,,,2082
2026-08-16T15:02:42.819665+00:00,4515b179f86b67b4981e16190817c580,네네코 마시로,Neneko Mashiro,UNIVERSE,talent,210443,CLOSE,False,,,,,,2085
2026-08-16T15:02:42.819665+00:00,4325b1d5bbc321fad3042306646e2e50,아카네 리제,Akane Lize,UNIVERSE,talent,253623,OPEN,True,2848,0,스텔데바데내전 으마무시한 살인마 등장,데드 바이 데이라이트,스텔라이브|아카네리제,
2026-08-16T15:02:42.819665+00:00,a6c4ddb09cdb160478996007bff35296,아라하시 타비,Arahashi Tabi,UNIVERSE,talent,256149,OPEN,True,3901,0,재미써땨,talk,스텔라이브|타비|버튜버|2기생,
2026-08-16T15:02:42.819665+00:00,64d76089fba26b180d9c9e48a32600d9,텐코 시부키,Tenko Shibuki,CLICHE,talent,241910,OPEN,True,4903,0,삐부님과 함께하는 스텔라이브 데바데 ,데드 바이 데이라이트,스텔라이브|시부키|3기생|대박박|부키,
2026-08-16T15:02:42.819665+00:00,516937b5f85cbf2249ce31b0ad046b0f,아오쿠모 린,Aokumo Rin,CLICHE,talent,219957,CLOSE,False,,,,,,3105
2026-08-16T15:02:42.819665+00:00,4d812b586ff63f8a2946e64fa860bbf5,하나코 나나,Hanako Nana,CLICHE,talent,208330,CLOSE,False,,,,,,2358
2026-08-16T15:02:42.819665+00:00,8fd39bb8de623317de90654718638b10,유즈하 리코,Yuzuha Riko,CLICHE,talent,210227,CLOSE,False,,,,,,2796
2026-08-16T15:34:16.324301+00:00,b5ed5db484d04faf4d150aedd362f34b,강지,Kangji,STELLIVE,founder,288142,OPEN,True,1953,0,( ܸ ⩌⩊⩌ ܸ ),talk,강지|스텔라이브|픽셀네트워크,
2026-08-16T15:34:16.324301+00:00,45e71a76e949e16a34764deb962f9d9f,아야츠노 유니,Ayatsuno Yuni,EVERYS,talent,302578,CLOSE,False,,,,,,3385
2026-08-16T15:34:16.324301+00:00,36ddb9bb4f17593b60f1b63cec86611d,사키하네 후야,Sakihane Huya,EVERYS,talent,157278,CLOSE,False,,,,,,1401
2026-08-16T15:34:16.324301+00:00,b044e3a3b9259246bc92e863e7d3f3b8,시라유키 히나,Shirayuki Hina,UNIVERSE,talent,237566,CLOSE,False,,,,,,2082
2026-08-16T15:34:16.324301+00:00,4515b179f86b67b4981e16190817c580,네네코 마시로,Neneko Mashiro,UNIVERSE,talent,210445,CLOSE,False,,,,,,2085
2026-08-16T15:34:16.324301+00:00,4325b1d5bbc321fad3042306646e2e50,아카네 리제,Akane Lize,UNIVERSE,talent,253635,OPEN,True,3266,0,스텔데바데내전 으마무시한 살인마 등장,데드 바이 데이라이트,스텔라이브|아카네리제,
2026-08-16T15:34:16.324301+00:00,a6c4ddb09cdb160478996007bff35296,아라하시 타비,Arahashi Tabi,UNIVERSE,talent,256154,CLOSE,False,,,,,,3912
2026-08-16T15:34:16.324301+00:00,64d76089fba26b180d9c9e48a32600d9,텐코 시부키,Tenko Shibuki,CLICHE,talent,241917,OPEN,True,5266,0,삐부님과 함께하는 스텔라이브 데바데 ,데드 바이 데이라이트,스텔라이브|시부키|3기생|대박박|부키,
2026-08-16T15:34:16.324301+00:00,516937b5f85cbf2249ce31b0ad046b0f,아오쿠모 린,Aokumo Rin,CLICHE,talent,219962,CLOSE,False,,,,,,3105
2026-08-16T15:34:16.324301+00:00,4d812b586ff63f8a2946e64fa860bbf5,하나코 나나,Hanako Nana,CLICHE,talent,208337,CLOSE,False,,,,,,2358
2026-08-16T15:34:16.324301+00:00,8fd39bb8de623317de90654718638b10,유즈하 리코,Yuzuha Riko,CLICHE,talent,210234,CLOSE,False,,,,,,2796
2026-08-16T15:55:40.954778+00:00,b5ed5db484d04faf4d150aedd362f34b,강지,Kangji,STELLIVE,founder,288146,CLOSE,False,,,,,,1953
2026-08-16T15:55:40.954778+00:00,45e71a76e949e16a34764deb962f9d9f,아야츠노 유니,Ayatsuno Yuni,EVERYS,talent,302583,CLOSE,False,,,,,,3385
2026-08-16T15:55:40.954778+00:00,36ddb9bb4f17593b60f1b63cec86611d,사키하네 후야,Sakihane Huya,EVERYS,talent,157281,CLOSE,False,,,,,,1401
2026-08-16T15:55:40.954778+00:00,b044e3a3b9259246bc92e863e7d3f3b8,시라유키 히나,Shirayuki Hina,UNIVERSE,talent,237569,CLOSE,False,,,,,,2082
2026-08-16T15:55:40.954778+00:00,4515b179f86b67b4981e16190817c580,네네코 마시로,Neneko Mashiro,UNIVERSE,talent,210448,CLOSE,False,,,,,,2085
2026-08-16T15:55:40.954778+00:00,4325b1d5bbc321fad3042306646e2e50,아카네 리제,Akane Lize,UNIVERSE,talent,253650,CLOSE,False,,,,,,3192
2026-08-16T15:55:40.954778+00:00,a6c4ddb09cdb160478996007bff35296,아라하시 타비,Arahashi Tabi,UNIVERSE,talent,256158,CLOSE,False,,,,,,3912
2026-08-16T15:55:40.954778+00:00,64d76089fba26b180d9c9e48a32600d9,텐코 시부키,Tenko Shibuki,CLICHE,talent,241928,OPEN,True,5602,0,삐부님과 함께하는 스텔라이브 데바데 ,데드 바이 데이라이트,스텔라이브|시부키|3기생|대박박|부키,
2026-08-16T15:55:40.954778+00:00,516937b5f85cbf2249ce31b0ad046b0f,아오쿠모 린,Aokumo Rin,CLICHE,talent,219965,CLOSE,False,,,,,,3105
2026-08-16T15:55:40.954778+00:00,4d812b586ff63f8a2946e64fa860bbf5,하나코 나나,Hanako Nana,CLICHE,talent,208342,CLOSE,False,,,,,,2358
2026-08-16T15:55:40.954778+00:00,8fd39bb8de623317de90654718638b10,유즈하 리코,Yuzuha Riko,CLICHE,talent,210237,CLOSE,False,,,,,,2796
2026-08-16T16:31:49.242341+00:00,b5ed5db484d04faf4d150aedd362f34b,강지,Kangji,STELLIVE,founder,288151,CLOSE,False,,,,,,1953
2026-08-16T16:31:49.242341+00:00,45e71a76e949e16a34764deb962f9d9f,아야츠노 유니,Ayatsuno Yuni,EVERYS,talent,302591,CLOSE,False,,,,,,3385
2026-08-16T16:31:49.242341+00:00,36ddb9bb4f17593b60f1b63cec86611d,사키하네 후야,Sakihane Huya,EVERYS,talent,157286,CLOSE,False,,,,,,1401
2026-08-16T16:31:49.242341+00:00,b044e3a3b9259246bc92e863e7d3f3b8,시라유키 히나,Shirayuki Hina,UNIVERSE,talent,237577,CLOSE,False,,,,,,2082
2026-08-16T16:31:49.242341+00:00,4515b179f86b67b4981e16190817c580,네네코 마시로,Neneko Mashiro,UNIVERSE,talent,210451,CLOSE,False,,,,,,2085
2026-08-16T16:31:49.242341+00:00,4325b1d5bbc321fad3042306646e2e50,아카네 리제,Akane Lize,UNIVERSE,talent,253653,CLOSE,False,,,,,,3192
2026-08-16T16:31:49.242341+00:00,a6c4ddb09cdb160478996007bff35296,아라하시 타비,Arahashi Tabi,UNIVERSE,talent,256169,CLOSE,False,,,,,,3912
2026-08-16T16:31:49.242341+00:00,64d76089fba26b180d9c9e48a32600d9,텐코 시부키,Tenko Shibuki,CLICHE,talent,241951,OPEN,True,5870,0,삐부님과 함께하는 스텔라이브 데바데 ,데드 바이 데이라이트,스텔라이브|시부키|3기생|대박박|부키,
2026-08-16T16:31:49.242341+00:00,516937b5f85cbf2249ce31b0ad046b0f,아오쿠모 린,Aokumo Rin,CLICHE,talent,219975,CLOSE,False,,,,,,3105
2026-08-16T16:31:49.242341+00:00,4d812b586ff63f8a2946e64fa860bbf5,하나코 나나,Hanako Nana,CLICHE,talent,208349,CLOSE,False,,,,,,2358
2026-08-16T16:31:49.242341+00:00,8fd39bb8de623317de90654718638b10,유즈하 리코,Yuzuha Riko,CLICHE,talent,210243,CLOSE,False,,,,,,2796
2026-08-16T16:58:35.445811+00:00,b5ed5db484d04faf4d150aedd362f34b,강지,Kangji,STELLIVE,founder,288152,CLOSE,False,,,,,,1953
2026-08-16T16:58:35.445811+00:00,45e71a76e949e16a34764deb962f9d9f,아야츠노 유니,Ayatsuno Yuni,EVERYS,talent,302594,CLOSE,False,,,,,,3385
2026-08-16T16:58:35.445811+00:00,36ddb9bb4f17593b60f1b63cec86611d,사키하네 후야,Sakihane Huya,EVERYS,talent,157288,CLOSE,False,,,,,,1401
2026-08-16T16:58:35.445811+00:00,b044e3a3b9259246bc92e863e7d3f3b8,시라유키 히나,Shirayuki Hina,UNIVERSE,talent,237580,CLOSE,False,,,,,,2082
2026-08-16T16:58:35.445811+00:00,4515b179f86b67b4981e16190817c580,네네코 마시로,Neneko Mashiro,UNIVERSE,talent,210455,CLOSE,False,,,,,,2085
2026-08-16T16:58:35.445811+00:00,4325b1d5bbc321fad3042306646e2e50,아카네 리제,Akane Lize,UNIVERSE,talent,253655,CLOSE,False,,,,,,3192
2026-08-16T16:58:35.445811+00:00,a6c4ddb09cdb160478996007bff35296,아라하시 타비,Arahashi Tabi,UNIVERSE,talent,256172,CLOSE,False,,,,,,3912
2026-08-16T16:58:35.445811+00:00,64d76089fba26b180d9c9e48a32600d9,텐코 시부키,Tenko Shibuki,CLICHE,talent,241957,CLOSE,False,,,,,,5084
2026-08-16T16:58:35.445811+00:00,516937b5f85cbf2249ce31b0ad046b0f,아오쿠모 린,Aokumo Rin,CLICHE,talent,219978,CLOSE,False,,,,,,3105
2026-08-16T16:58:35.445811+00:00,4d812b586ff63f8a2946e64fa860bbf5,하나코 나나,Hanako Nana,CLICHE,talent,208351,CLOSE,False,,,,,,2358
2026-08-16T16:58:35.445811+00:00,8fd39bb8de623317de90654718638b10,유즈하 리코,Yuzuha Riko,CLICHE,talent,210245,CLOSE,False,,,,,,2796
2026-08-16T17:28:46.339346+00:00,b5ed5db484d04faf4d150aedd362f34b,강지,Kangji,STELLIVE,founder,288149,CLOSE,False,,,,,,1953
2026-08-16T17:28:46.339346+00:00,45e71a76e949e16a34764deb962f9d9f,아야츠노 유니,Ayatsuno Yuni,EVERYS,talent,302592,CLOSE,False,,,,,,3385
2026-08-16T17:28:46.339346+00:00,36ddb9bb4f17593b60f1b63cec86611d,사키하네 후야,Sakihane Huya,EVERYS,talent,157284,CLOSE,False,,,,,,1401
2026-08-16T17:28:46.339346+00:00,b044e3a3b9259246bc92e863e7d3f3b8,시라유키 히나,Shirayuki Hina,UNIVERSE,talent,237577,CLOSE,False,,,,,,2082
2026-08-16T17:28:46.339346+00:00,4515b179f86b67b4981e16190817c580,네네코 마시로,Neneko Mashiro,UNIVERSE,talent,210452,CLOSE,False,,,,,,2085
2026-08-16T17:28:46.339346+00:00,4325b1d5bbc321fad3042306646e2e50,아카네 리제,Akane Lize,UNIVERSE,talent,253653,CLOSE,False,,,,,,3192
2026-08-16T17:28:46.339346+00:00,a6c4ddb09cdb160478996007bff35296,아라하시 타비,Arahashi Tabi,UNIVERSE,talent,256170,CLOSE,False,,,,,,3912
2026-08-16T17:28:46.339346+00:00,64d76089fba26b180d9c9e48a32600d9,텐코 시부키,Tenko Shibuki,CLICHE,talent,241952,CLOSE,False,,,,,,5084
2026-08-16T17:28:46.339346+00:00,516937b5f85cbf2249ce31b0ad046b0f,아오쿠모 린,Aokumo Rin,CLICHE,talent,219974,CLOSE,False,,,,,,3105
2026-08-16T17:28:46.339346+00:00,4d812b586ff63f8a2946e64fa860bbf5,하나코 나나,Hanako Nana,CLICHE,talent,208348,CLOSE,False,,,,,,2358
2026-08-16T17:28:46.339346+00:00,8fd39bb8de623317de90654718638b10,유즈하 리코,Yuzuha Riko,CLICHE,talent,210243,CLOSE,False,,,,,,2796
2026-08-16T17:50:04.854105+00:00,b5ed5db484d04faf4d150aedd362f34b,강지,Kangji,STELLIVE,founder,288151,CLOSE,False,,,,,,1953
2026-08-16T17:50:04.854105+00:00,45e71a76e949e16a34764deb962f9d9f,아야츠노 유니,Ayatsuno Yuni,EVERYS,talent,302593,CLOSE,False,,,,,,3385
2026-08-16T17:50:04.854105+00:00,36ddb9bb4f17593b60f1b63cec86611d,사키하네 후야,Sakihane Huya,EVERYS,talent,157285,CLOSE,False,,,,,,1401
2026-08-16T17:50:04.854105+00:00,b044e3a3b9259246bc92e863e7d3f3b8,시라유키 히나,Shirayuki Hina,UNIVERSE,talent,237578,CLOSE,False,,,,,,2082
2026-08-16T17:50:04.854105+00:00,4515b179f86b67b4981e16190817c580,네네코 마시로,Neneko Mashiro,UNIVERSE,talent,210453,CLOSE,False,,,,,,2085
2026-08-16T17:50:04.854105+00:00,4325b1d5bbc321fad3042306646e2e50,아카네 리제,Akane Lize,UNIVERSE,talent,253655,CLOSE,False,,,,,,3192
2026-08-16T17:50:04.854105+00:00,a6c4ddb09cdb160478996007bff35296,아라하시 타비,Arahashi Tabi,UNIVERSE,talent,256172,CLOSE,False,,,,,,3912
2026-08-16T17:50:04.854105+00:00,64d76089fba26b180d9c9e48a32600d9,텐코 시부키,Tenko Shibuki,CLICHE,talent,241954,CLOSE,False,,,,,,5084
2026-08-16T17:50:04.854105+00:00,516937b5f85cbf2249ce31b0ad046b0f,아오쿠모 린,Aokumo Rin,CLICHE,talent,219977,CLOSE,False,,,,,,3105
2026-08-16T17:50:04.854105+00:00,4d812b586ff63f8a2946e64fa860bbf5,하나코 나나,Hanako Nana,CLICHE,talent,208348,CLOSE,False,,,,,,2358
2026-08-16T17:50:04.854105+00:00,8fd39bb8de623317de90654718638b10,유즈하 리코,Yuzuha Riko,CLICHE,talent,210245,CLOSE,False,,,,,,2796
2026-08-16T18:14:51.588766+00:00,b5ed5db484d04faf4d150aedd362f34b,강지,Kangji,STELLIVE,founder,288151,CLOSE,False,,,,,,1953
2026-08-16T18:14:51.588766+00:00,45e71a76e949e16a34764deb962f9d9f,아야츠노 유니,Ayatsuno Yuni,EVERYS,talent,302593,CLOSE,False,,,,,,3385
2026-08-16T18:14:51.588766+00:00,36ddb9bb4f17593b60f1b63cec86611d,사키하네 후야,Sakihane Huya,EVERYS,talent,157286,CLOSE,False,,,,,,1401
2026-08-16T18:14:51.588766+00:00,b044e3a3b9259246bc92e863e7d3f3b8,시라유키 히나,Shirayuki Hina,UNIVERSE,talent,237580,CLOSE,False,,,,,,2082
2026-08-16T18:14:51.588766+00:00,4515b179f86b67b4981e16190817c580,네네코 마시로,Neneko Mashiro,UNIVERSE,talent,210455,CLOSE,False,,,,,,2085
2026-08-16T18:14:51.588766+00:00,4325b1d5bbc321fad3042306646e2e50,아카네 리제,Akane Lize,UNIVERSE,talent,253657,CLOSE,False,,,,,,3192
2026-08-16T18:14:51.588766+00:00,a6c4ddb09cdb160478996007bff35296,아라하시 타비,Arahashi Tabi,UNIVERSE,talent,256174,CLOSE,False,,,,,,3912
2026-08-16T18:14:51.588766+00:00,64d76089fba26b180d9c9e48a32600d9,텐코 시부키,Tenko Shibuki,CLICHE,talent,241957,CLOSE,False,,,,,,5084
2026-08-16T18:14:51.588766+00:00,516937b5f85cbf2249ce31b0ad046b0f,아오쿠모 린,Aokumo Rin,CLICHE,talent,219978,CLOSE,False,,,,,,3105
2026-08-16T18:14:51.588766+00:00,4d812b586ff63f8a2946e64fa860bbf5,하나코 나나,Hanako Nana,CLICHE,talent,208350,CLOSE,False,,,,,,2358
2026-08-16T18:14:51.588766+00:00,8fd39bb8de623317de90654718638b10,유즈하 리코,Yuzuha Riko,CLICHE,talent,210246,CLOSE,False,,,,,,2796
2026-08-16T18:50:46.805958+00:00,b5ed5db484d04faf4d150aedd362f34b,강지,Kangji,STELLIVE,founder,288154,CLOSE,False,,,,,,1953
2026-08-16T18:50:46.805958+00:00,45e71a76e949e16a34764deb962f9d9f,아야츠노 유니,Ayatsuno Yuni,EVERYS,talent,302597,CLOSE,False,,,,,,3385
2026-08-16T18:50:46.805958+00:00,36ddb9bb4f17593b60f1b63cec86611d,사키하네 후야,Sakihane Huya,EVERYS,talent,157286,CLOSE,False,,,,,,1401
2026-08-16T18:50:46.805958+00:00,b044e3a3b9259246bc92e863e7d3f3b8,시라유키 히나,Shirayuki Hina,UNIVERSE,talent,237582,CLOSE,False,,,,,,2082
2026-08-16T18:50:46.805958+00:00,4515b179f86b67b4981e16190817c580,네네코 마시로,Neneko Mashiro,UNIVERSE,talent,210456,CLOSE,False,,,,,,2085
2026-08-16T18:50:46.805958+00:00,4325b1d5bbc321fad3042306646e2e50,아카네 리제,Akane Lize,UNIVERSE,talent,253659,CLOSE,False,,,,,,3192
2026-08-16T18:50:46.805958+00:00,a6c4ddb09cdb160478996007bff35296,아라하시 타비,Arahashi Tabi,UNIVERSE,talent,256176,CLOSE,False,,,,,,3912
2026-08-16T18:50:46.805958+00:00,64d76089fba26b180d9c9e48a32600d9,텐코 시부키,Tenko Shibuki,CLICHE,talent,241959,CLOSE,False,,,,,,5084
2026-08-16T18:50:46.805958+00:00,516937b5f85cbf2249ce31b0ad046b0f,아오쿠모 린,Aokumo Rin,CLICHE,talent,219980,CLOSE,False,,,,,,3105
2026-08-16T18:50:46.805958+00:00,4d812b586ff63f8a2946e64fa860bbf5,하나코 나나,Hanako Nana,CLICHE,talent,208353,CLOSE,False,,,,,,2358
2026-08-16T18:50:46.805958+00:00,8fd39bb8de623317de90654718638b10,유즈하 리코,Yuzuha Riko,CLICHE,talent,210248,CLOSE,False,,,,,,2796
2026-08-16T19:24:05.974595+00:00,b5ed5db484d04faf4d150aedd362f34b,강지,Kangji,STELLIVE,founder,288153,CLOSE,False,,,,,,1953
2026-08-16T19:24:05.974595+00:00,45e71a76e949e16a34764deb962f9d9f,아야츠노 유니,Ayatsuno Yuni,EVERYS,talent,302597,CLOSE,False,,,,,,3385
2026-08-16T19:24:05.974595+00:00,36ddb9bb4f17593b60f1b63cec86611d,사키하네 후야,Sakihane Huya,EVERYS,talent,157287,CLOSE,False,,,,,,1401
2026-08-16T19:24:05.974595+00:00,b044e3a3b9259246bc92e863e7d3f3b8,시라유키 히나,Shirayuki Hina,UNIVERSE,talent,237582,CLOSE,False,,,,,,2082
2026-08-16T19:24:05.974595+00:00,4515b179f86b67b4981e16190817c580,네네코 마시로,Neneko Mashiro,UNIVERSE,talent,210457,CLOSE,False,,,,,,2085
2026-08-16T19:24:05.974595+00:00,4325b1d5bbc321fad3042306646e2e50,아카네 리제,Akane Lize,UNIVERSE,talent,253658,CLOSE,False,,,,,,3192
2026-08-16T19:24:05.974595+00:00,a6c4ddb09cdb160478996007bff35296,아라하시 타비,Arahashi Tabi,UNIVERSE,talent,256175,CLOSE,False,,,,,,3912
2026-08-16T19:24:05.974595+00:00,64d76089fba26b180d9c9e48a32600d9,텐코 시부키,Tenko Shibuki,CLICHE,talent,241960,CLOSE,False,,,,,,5084
2026-08-16T19:24:05.974595+00:00,516937b5f85cbf2249ce31b0ad046b0f,아오쿠모 린,Aokumo Rin,CLICHE,talent,219981,CLOSE,False,,,,,,3105
2026-08-16T19:24:05.974595+00:00,4d812b586ff63f8a2946e64fa860bbf5,하나코 나나,Hanako Nana,CLICHE,talent,208355,CLOSE,False,,,,,,2358
2026-08-16T19:24:05.974595+00:00,8fd39bb8de623317de90654718638b10,유즈하 리코,Yuzuha Riko,CLICHE,talent,210247,CLOSE,False,,,,,,2796
2026-08-16T19:46:37.371525+00:00,b5ed5db484d04faf4d150aedd362f34b,강지,Kangji,STELLIVE,founder,288153,CLOSE,False,,,,,,1953
2026-08-16T19:46:37.371525+00:00,45e71a76e949e16a34764deb962f9d9f,아야츠노 유니,Ayatsuno Yuni,EVERYS,talent,302598,CLOSE,False,,,,,,3385
2026-08-16T19:46:37.371525+00:00,36ddb9bb4f17593b60f1b63cec86611d,사키하네 후야,Sakihane Huya,EVERYS,talent,157288,CLOSE,False,,,,,,1401
2026-08-16T19:46:37.371525+00:00,b044e3a3b9259246bc92e863e7d3f3b8,시라유키 히나,Shirayuki Hina,UNIVERSE,talent,237584,CLOSE,False,,,,,,2082
2026-08-16T19:46:37.371525+00:00,4515b179f86b67b4981e16190817c580,네네코 마시로,Neneko Mashiro,UNIVERSE,talent,210458,CLOSE,False,,,,,,2085
2026-08-16T19:46:37.371525+00:00,4325b1d5bbc321fad3042306646e2e50,아카네 리제,Akane Lize,UNIVERSE,talent,253659,CLOSE,False,,,,,,3192
2026-08-16T19:46:37.371525+00:00,a6c4ddb09cdb160478996007bff35296,아라하시 타비,Arahashi Tabi,UNIVERSE,talent,256177,CLOSE,False,,,,,,3912
2026-08-16T19:46:37.371525+00:00,64d76089fba26b180d9c9e48a32600d9,텐코 시부키,Tenko Shibuki,CLICHE,talent,241962,CLOSE,False,,,,,,5084
2026-08-16T19:46:37.371525+00:00,516937b5f85cbf2249ce31b0ad046b0f,아오쿠모 린,Aokumo Rin,CLICHE,talent,219982,CLOSE,False,,,,,,3105
2026-08-16T19:46:37.371525+00:00,4d812b586ff63f8a2946e64fa860bbf5,하나코 나나,Hanako Nana,CLICHE,talent,208356,CLOSE,False,,,,,,2358
2026-08-16T19:46:37.371525+00:00,8fd39bb8de623317de90654718638b10,유즈하 리코,Yuzuha Riko,CLICHE,talent,210249,CLOSE,False,,,,,,2796
2026-08-16T20:01:06.659706+00:00,b5ed5db484d04faf4d150aedd362f34b,강지,Kangji,STELLIVE,founder,288152,CLOSE,False,,,,,,1953
2026-08-16T20:01:06.659706+00:00,45e71a76e949e16a34764deb962f9d9f,아야츠노 유니,Ayatsuno Yuni,EVERYS,talent,302596,CLOSE,False,,,,,,3385
2026-08-16T20:01:06.659706+00:00,36ddb9bb4f17593b60f1b63cec86611d,사키하네 후야,Sakihane Huya,EVERYS,talent,157288,CLOSE,False,,,,,,1401
2026-08-16T20:01:06.659706+00:00,b044e3a3b9259246bc92e863e7d3f3b8,시라유키 히나,Shirayuki Hina,UNIVERSE,talent,237584,CLOSE,False,,,,,,2082
2026-08-16T20:01:06.659706+00:00,4515b179f86b67b4981e16190817c580,네네코 마시로,Neneko Mashiro,UNIVERSE,talent,210459,CLOSE,False,,,,,,2085
2026-08-16T20:01:06.659706+00:00,4325b1d5bbc321fad3042306646e2e50,아카네 리제,Akane Lize,UNIVERSE,talent,253658,CLOSE,False,,,,,,3192
2026-08-16T20:01:06.659706+00:00,a6c4ddb09cdb160478996007bff35296,아라하시 타비,Arahashi Tabi,UNIVERSE,talent,256176,CLOSE,False,,,,,,3912
2026-08-16T20:01:06.659706+00:00,64d76089fba26b180d9c9e48a32600d9,텐코 시부키,Tenko Shibuki,CLICHE,talent,241961,CLOSE,False,,,,,,5084
2026-08-16T20:01:06.659706+00:00,516937b5f85cbf2249ce31b0ad046b0f,아오쿠모 린,Aokumo Rin,CLICHE,talent,219981,CLOSE,False,,,,,,3105
2026-08-16T20:01:06.659706+00:00,4d812b586ff63f8a2946e64fa860bbf5,하나코 나나,Hanako Nana,CLICHE,talent,208356,CLOSE,False,,,,,,2358
2026-08-16T20:01:06.659706+00:00,8fd39bb8de623317de90654718638b10,유즈하 리코,Yuzuha Riko,CLICHE,talent,210249,CLOSE,False,,,,,,2796
2026-08-16T20:35:37.393271+00:00,b5ed5db484d04faf4d150aedd362f34b,강지,Kangji,STELLIVE,founder,288151,CLOSE,False,,,,,,1953
2026-08-16T20:35:37.393271+00:00,45e71a76e949e16a34764deb962f9d9f,아야츠노 유니,Ayatsuno Yuni,EVERYS,talent,302597,CLOSE,False,,,,,,3385
2026-08-16T20:35:37.393271+00:00,36ddb9bb4f17593b60f1b63cec86611d,사키하네 후야,Sakihane Huya,EVERYS,talent,157287,CLOSE,False,,,,,,1401
2026-08-16T20:35:37.393271+00:00,b044e3a3b9259246bc92e863e7d3f3b8,시라유키 히나,Shirayuki Hina,UNIVERSE,talent,237583,CLOSE,False,,,,,,2082
2026-08-16T20:35:37.393271+00:00,4515b179f86b67b4981e16190817c580,네네코 마시로,Neneko Mashiro,UNIVERSE,talent,210459,CLOSE,False,,,,,,2085
2026-08-16T20:35:37.393271+00:00,4325b1d5bbc321fad3042306646e2e50,아카네 리제,Akane Lize,UNIVERSE,talent,253658,CLOSE,False,,,,,,3192
2026-08-16T20:35:37.393271+00:00,a6c4ddb09cdb160478996007bff35296,아라하시 타비,Arahashi Tabi,UNIVERSE,talent,256175,CLOSE,False,,,,,,3912
2026-08-16T20:35:37.393271+00:00,64d76089fba26b180d9c9e48a32600d9,텐코 시부키,Tenko Shibuki,CLICHE,talent,241960,CLOSE,False,,,,,,5084
2026-08-16T20:35:37.393271+00:00,516937b5f85cbf2249ce31b0ad046b0f,아오쿠모 린,Aokumo Rin,CLICHE,talent,219980,CLOSE,False,,,,,,3105
2026-08-16T20:35:37.393271+00:00,4d812b586ff63f8a2946e64fa860bbf5,하나코 나나,Hanako Nana,CLICHE,talent,208355,CLOSE,False,,,,,,2358
2026-08-16T20:35:37.393271+00:00,8fd39bb8de623317de90654718638b10,유즈하 리코,Yuzuha Riko,CLICHE,talent,210249,CLOSE,False,,,,,,2796
2026-08-16T20:57:16.627612+00:00,b5ed5db484d04faf4d150aedd362f34b,강지,Kangji,STELLIVE,founder,288151,CLOSE,False,,,,,,1953
2026-08-16T20:57:16.627612+00:00,45e71a76e949e16a34764deb962f9d9f,아야츠노 유니,Ayatsuno Yuni,EVERYS,talent,302597,CLOSE,False,,,,,,3385
2026-08-16T20:57:16.627612+00:00,36ddb9bb4f17593b60f1b63cec86611d,사키하네 후야,Sakihane Huya,EVERYS,talent,157287,CLOSE,False,,,,,,1401
2026-08-16T20:57:16.627612+00:00,b044e3a3b9259246bc92e863e7d3f3b8,시라유키 히나,Shirayuki Hina,UNIVERSE,talent,237583,CLOSE,False,,,,,,2082
2026-08-16T20:57:16.627612+00:00,4515b179f86b67b4981e16190817c580,네네코 마시로,Neneko Mashiro,UNIVERSE,talent,210459,CLOSE,False,,,,,,2085
2026-08-16T20:57:16.627612+00:00,4325b1d5bbc321fad3042306646e2e50,아카네 리제,Akane Lize,UNIVERSE,talent,253657,CLOSE,False,,,,,,3192
2026-08-16T20:57:16.627612+00:00,a6c4ddb09cdb160478996007bff35296,아라하시 타비,Arahashi Tabi,UNIVERSE,talent,256175,CLOSE,False,,,,,,3912
2026-08-16T20:57:16.627612+00:00,64d76089fba26b180d9c9e48a32600d9,텐코 시부키,Tenko Shibuki,CLICHE,talent,241960,CLOSE,False,,,,,,5084
2026-08-16T20:57:16.627612+00:00,516937b5f85cbf2249ce31b0ad046b0f,아오쿠모 린,Aokumo Rin,CLICHE,talent,219980,CLOSE,False,,,,,,3105
2026-08-16T20:57:16.627612+00:00,4d812b586ff63f8a2946e64fa860bbf5,하나코 나나,Hanako Nana,CLICHE,talent,208355,CLOSE,False,,,,,,2358
2026-08-16T20:57:16.627612+00:00,8fd39bb8de623317de90654718638b10,유즈하 리코,Yuzuha Riko,CLICHE,talent,210249,CLOSE,False,,,,,,2796
2026-08-16T21:28:05.361620+00:00,b5ed5db484d04faf4d150aedd362f34b,강지,Kangji,STELLIVE,founder,288152,CLOSE,False,,,,,,1953
2026-08-16T21:28:05.361620+00:00,45e71a76e949e16a34764deb962f9d9f,아야츠노 유니,Ayatsuno Yuni,EVERYS,talent,302600,CLOSE,False,,,,,,3385
2026-08-16T21:28:05.361620+00:00,36ddb9bb4f17593b60f1b63cec86611d,사키하네 후야,Sakihane Huya,EVERYS,talent,157289,CLOSE,False,,,,,,1401
2026-08-16T21:28:05.361620+00:00,b044e3a3b9259246bc92e863e7d3f3b8,시라유키 히나,Shirayuki Hina,UNIVERSE,talent,237584,CLOSE,False,,,,,,2082
2026-08-16T21:28:05.361620+00:00,4515b179f86b67b4981e16190817c580,네네코 마시로,Neneko Mashiro,UNIVERSE,talent,210460,CLOSE,False,,,,,,2085
2026-08-16T21:28:05.361620+00:00,4325b1d5bbc321fad3042306646e2e50,아카네 리제,Akane Lize,UNIVERSE,talent,253658,CLOSE,False,,,,,,3192
2026-08-16T21:28:05.361620+00:00,a6c4ddb09cdb160478996007bff35296,아라하시 타비,Arahashi Tabi,UNIVERSE,talent,256178,CLOSE,False,,,,,,3912
2026-08-16T21:28:05.361620+00:00,64d76089fba26b180d9c9e48a32600d9,텐코 시부키,Tenko Shibuki,CLICHE,talent,241959,CLOSE,False,,,,,,5084
2026-08-16T21:28:05.361620+00:00,516937b5f85cbf2249ce31b0ad046b0f,아오쿠모 린,Aokumo Rin,CLICHE,talent,219981,CLOSE,False,,,,,,3105
2026-08-16T21:28:05.361620+00:00,4d812b586ff63f8a2946e64fa860bbf5,하나코 나나,Hanako Nana,CLICHE,talent,208357,CLOSE,False,,,,,,2358
2026-08-16T21:28:05.361620+00:00,8fd39bb8de623317de90654718638b10,유즈하 리코,Yuzuha Riko,CLICHE,talent,210250,CLOSE,False,,,,,,2796
2026-08-16T21:48:59.362178+00:00,b5ed5db484d04faf4d150aedd362f34b,강지,Kangji,STELLIVE,founder,288152,CLOSE,False,,,,,,1953
2026-08-16T21:48:59.362178+00:00,45e71a76e949e16a34764deb962f9d9f,아야츠노 유니,Ayatsuno Yuni,EVERYS,talent,302600,CLOSE,False,,,,,,3385
2026-08-16T21:48:59.362178+00:00,36ddb9bb4f17593b60f1b63cec86611d,사키하네 후야,Sakihane Huya,EVERYS,talent,157289,CLOSE,False,,,,,,1401
2026-08-16T21:48:59.362178+00:00,b044e3a3b9259246bc92e863e7d3f3b8,시라유키 히나,Shirayuki Hina,UNIVERSE,talent,237584,CLOSE,False,,,,,,2082
2026-08-16T21:48:59.362178+00:00,4515b179f86b67b4981e16190817c580,네네코 마시로,Neneko Mashiro,UNIVERSE,talent,210460,CLOSE,False,,,,,,2085
2026-08-16T21:48:59.362178+00:00,4325b1d5bbc321fad3042306646e2e50,아카네 리제,Akane Lize,UNIVERSE,talent,253658,CLOSE,False,,,,,,3192
2026-08-16T21:48:59.362178+00:00,a6c4ddb09cdb160478996007bff35296,아라하시 타비,Arahashi Tabi,UNIVERSE,talent,256178,CLOSE,False,,,,,,3912
2026-08-16T21:48:59.362178+00:00,64d76089fba26b180d9c9e48a32600d9,텐코 시부키,Tenko Shibuki,CLICHE,talent,241959,CLOSE,False,,,,,,5084
2026-08-16T21:48:59.362178+00:00,516937b5f85cbf2249ce31b0ad046b0f,아오쿠모 린,Aokumo Rin,CLICHE,talent,219981,CLOSE,False,,,,,,3105
2026-08-16T21:48:59.362178+00:00,4d812b586ff63f8a2946e64fa860bbf5,하나코 나나,Hanako Nana,CLICHE,talent,208358,CLOSE,False,,,,,,2358
2026-08-16T21:48:59.362178+00:00,8fd39bb8de623317de90654718638b10,유즈하 리코,Yuzuha Riko,CLICHE,talent,210250,CLOSE,False,,,,,,2796
2026-08-16T22:08:24.877183+00:00,b5ed5db484d04faf4d150aedd362f34b,강지,Kangji,STELLIVE,founder,288152,CLOSE,False,,,,,,1953
2026-08-16T22:08:24.877183+00:00,45e71a76e949e16a34764deb962f9d9f,아야츠노 유니,Ayatsuno Yuni,EVERYS,talent,302599,CLOSE,False,,,,,,3385
2026-08-16T22:08:24.877183+00:00,36ddb9bb4f17593b60f1b63cec86611d,사키하네 후야,Sakihane Huya,EVERYS,talent,157288,CLOSE,False,,,,,,1401
2026-08-16T22:08:24.877183+00:00,b044e3a3b9259246bc92e863e7d3f3b8,시라유키 히나,Shirayuki Hina,UNIVERSE,talent,237583,CLOSE,False,,,,,,2082
2026-08-16T22:08:24.877183+00:00,4515b179f86b67b4981e16190817c580,네네코 마시로,Neneko Mashiro,UNIVERSE,talent,210459,CLOSE,False,,,,,,2085
2026-08-16T22:08:24.877183+00:00,4325b1d5bbc321fad3042306646e2e50,아카네 리제,Akane Lize,UNIVERSE,talent,253657,CLOSE,False,,,,,,3192
2026-08-16T22:08:24.877183+00:00,a6c4ddb09cdb160478996007bff35296,아라하시 타비,Arahashi Tabi,UNIVERSE,talent,256177,CLOSE,False,,,,,,3912
2026-08-16T22:08:24.877183+00:00,64d76089fba26b180d9c9e48a32600d9,텐코 시부키,Tenko Shibuki,CLICHE,talent,241958,CLOSE,False,,,,,,5084
2026-08-16T22:08:24.877183+00:00,516937b5f85cbf2249ce31b0ad046b0f,아오쿠모 린,Aokumo Rin,CLICHE,talent,219980,CLOSE,False,,,,,,3105
2026-08-16T22:08:24.877183+00:00,4d812b586ff63f8a2946e64fa860bbf5,하나코 나나,Hanako Nana,CLICHE,talent,208357,CLOSE,False,,,,,,2358
2026-08-16T22:08:24.877183+00:00,8fd39bb8de623317de90654718638b10,유즈하 리코,Yuzuha Riko,CLICHE,talent,210250,CLOSE,False,,,,,,2796
2026-08-16T22:36:52.394082+00:00,b5ed5db484d04faf4d150aedd362f34b,강지,Kangji,STELLIVE,founder,288150,CLOSE,False,,,,,,1953
2026-08-16T22:36:52.394082+00:00,45e71a76e949e16a34764deb962f9d9f,아야츠노 유니,Ayatsuno Yuni,EVERYS,talent,302598,CLOSE,False,,,,,,3385
2026-08-16T22:36:52.394082+00:00,36ddb9bb4f17593b60f1b63cec86611d,사키하네 후야,Sakihane Huya,EVERYS,talent,157288,CLOSE,False,,,,,,1401
2026-08-16T22:36:52.394082+00:00,b044e3a3b9259246bc92e863e7d3f3b8,시라유키 히나,Shirayuki Hina,UNIVERSE,talent,237583,CLOSE,False,,,,,,2082
2026-08-16T22:36:52.394082+00:00,4515b179f86b67b4981e16190817c580,네네코 마시로,Neneko Mashiro,UNIVERSE,talent,210458,CLOSE,False,,,,,,2085
2026-08-16T22:36:52.394082+00:00,4325b1d5bbc321fad3042306646e2e50,아카네 리제,Akane Lize,UNIVERSE,talent,253657,CLOSE,False,,,,,,3192
2026-08-16T22:36:52.394082+00:00,a6c4ddb09cdb160478996007bff35296,아라하시 타비,Arahashi Tabi,UNIVERSE,talent,256178,CLOSE,False,,,,,,3912
2026-08-16T22:36:52.394082+00:00,64d76089fba26b180d9c9e48a32600d9,텐코 시부키,Tenko Shibuki,CLICHE,talent,241957,CLOSE,False,,,,,,5084
2026-08-16T22:36:52.394082+00:00,516937b5f85cbf2249ce31b0ad046b0f,아오쿠모 린,Aokumo Rin,CLICHE,talent,219981,CLOSE,False,,,,,,3105
2026-08-16T22:36:52.394082+00:00,4d812b586ff63f8a2946e64fa860bbf5,하나코 나나,Hanako Nana,CLICHE,talent,208356,CLOSE,False,,,,,,2358
2026-08-16T22:36:52.394082+00:00,8fd39bb8de623317de90654718638b10,유즈하 리코,Yuzuha Riko,CLICHE,talent,210250,CLOSE,False,,,,,,2796
2026-08-16T22:57:49.228988+00:00,b5ed5db484d04faf4d150aedd362f34b,강지,Kangji,STELLIVE,founder,288151,CLOSE,False,,,,,,1953
2026-08-16T22:57:49.228988+00:00,45e71a76e949e16a34764deb962f9d9f,아야츠노 유니,Ayatsuno Yuni,EVERYS,talent,302598,CLOSE,False,,,,,,3385
2026-08-16T22:57:49.228988+00:00,36ddb9bb4f17593b60f1b63cec86611d,사키하네 후야,Sakihane Huya,EVERYS,talent,157289,CLOSE,False,,,,,,1401
2026-08-16T22:57:49.228988+00:00,b044e3a3b9259246bc92e863e7d3f3b8,시라유키 히나,Shirayuki Hina,UNIVERSE,talent,237584,CLOSE,False,,,,,,2082
2026-08-16T22:57:49.228988+00:00,4515b179f86b67b4981e16190817c580,네네코 마시로,Neneko Mashiro,UNIVERSE,talent,210459,CLOSE,False,,,,,,2085
2026-08-16T22:57:49.228988+00:00,4325b1d5bbc321fad3042306646e2e50,아카네 리제,Akane Lize,UNIVERSE,talent,253658,CLOSE,False,,,,,,3192
2026-08-16T22:57:49.228988+00:00,a6c4ddb09cdb160478996007bff35296,아라하시 타비,Arahashi Tabi,UNIVERSE,talent,256178,CLOSE,False,,,,,,3912
2026-08-16T22:57:49.228988+00:00,64d76089fba26b180d9c9e48a32600d9,텐코 시부키,Tenko Shibuki,CLICHE,talent,241958,CLOSE,False,,,,,,5084
2026-08-16T22:57:49.228988+00:00,516937b5f85cbf2249ce31b0ad046b0f,아오쿠모 린,Aokumo Rin,CLICHE,talent,219982,CLOSE,False,,,,,,3105
2026-08-16T22:57:49.228988+00:00,4d812b586ff63f8a2946e64fa860bbf5,하나코 나나,Hanako Nana,CLICHE,talent,208357,CLOSE,False,,,,,,2358
2026-08-16T22:57:49.228988+00:00,8fd39bb8de623317de90654718638b10,유즈하 리코,Yuzuha Riko,CLICHE,talent,210251,CLOSE,False,,,,,,2796
2026-08-16T23:29:02.697439+00:00,b5ed5db484d04faf4d150aedd362f34b,강지,Kangji,STELLIVE,founder,288151,CLOSE,False,,,,,,1953
2026-08-16T23:29:02.697439+00:00,45e71a76e949e16a34764deb962f9d9f,아야츠노 유니,Ayatsuno Yuni,EVERYS,talent,302598,CLOSE,False,,,,,,3385
2026-08-16T23:29:02.697439+00:00,36ddb9bb4f17593b60f1b63cec86611d,사키하네 후야,Sakihane Huya,EVERYS,talent,157289,CLOSE,False,,,,,,1401
2026-08-16T23:29:02.697439+00:00,b044e3a3b9259246bc92e863e7d3f3b8,시라유키 히나,Shirayuki Hina,UNIVERSE,talent,237584,CLOSE,False,,,,,,2082
2026-08-16T23:29:02.697439+00:00,4515b179f86b67b4981e16190817c580,네네코 마시로,Neneko Mashiro,UNIVERSE,talent,210458,CLOSE,False,,,,,,2085
2026-08-16T23:29:02.697439+00:00,4325b1d5bbc321fad3042306646e2e50,아카네 리제,Akane Lize,UNIVERSE,talent,253658,CLOSE,False,,,,,,3192
2026-08-16T23:29:02.697439+00:00,a6c4ddb09cdb160478996007bff35296,아라하시 타비,Arahashi Tabi,UNIVERSE,talent,256177,CLOSE,False,,,,,,3912
2026-08-16T23:29:02.697439+00:00,64d76089fba26b180d9c9e48a32600d9,텐코 시부키,Tenko Shibuki,CLICHE,talent,241957,CLOSE,False,,,,,,5084
2026-08-16T23:29:02.697439+00:00,516937b5f85cbf2249ce31b0ad046b0f,아오쿠모 린,Aokumo Rin,CLICHE,talent,219983,CLOSE,False,,,,,,3105
2026-08-16T23:29:02.697439+00:00,4d812b586ff63f8a2946e64fa860bbf5,하나코 나나,Hanako Nana,CLICHE,talent,208357,CLOSE,False,,,,,,2358
2026-08-16T23:29:02.697439+00:00,8fd39bb8de623317de90654718638b10,유즈하 리코,Yuzuha Riko,CLICHE,talent,210251,CLOSE,False,,,,,,2796
2026-08-16T23:50:44.229933+00:00,b5ed5db484d04faf4d150aedd362f34b,강지,Kangji,STELLIVE,founder,288151,CLOSE,False,,,,,,1953
2026-08-16T23:50:44.229933+00:00,45e71a76e949e16a34764deb962f9d9f,아야츠노 유니,Ayatsuno Yuni,EVERYS,talent,302599,CLOSE,False,,,,,,3385
2026-08-16T23:50:44.229933+00:00,36ddb9bb4f17593b60f1b63cec86611d,사키하네 후야,Sakihane Huya,EVERYS,talent,157289,CLOSE,False,,,,,,1401
2026-08-16T23:50:44.229933+00:00,b044e3a3b9259246bc92e863e7d3f3b8,시라유키 히나,Shirayuki Hina,UNIVERSE,talent,237586,CLOSE,False,,,,,,2082
2026-08-16T23:50:44.229933+00:00,4515b179f86b67b4981e16190817c580,네네코 마시로,Neneko Mashiro,UNIVERSE,talent,210459,CLOSE,False,,,,,,2085
2026-08-16T23:50:44.229933+00:00,4325b1d5bbc321fad3042306646e2e50,아카네 리제,Akane Lize,UNIVERSE,talent,253660,CLOSE,False,,,,,,3192
2026-08-16T23:50:44.229933+00:00,a6c4ddb09cdb160478996007bff35296,아라하시 타비,Arahashi Tabi,UNIVERSE,talent,256179,CLOSE,False,,,,,,3912
2026-08-16T23:50:44.229933+00:00,64d76089fba26b180d9c9e48a32600d9,텐코 시부키,Tenko Shibuki,CLICHE,talent,241958,CLOSE,False,,,,,,5084
2026-08-16T23:50:44.229933+00:00,516937b5f85cbf2249ce31b0ad046b0f,아오쿠모 린,Aokumo Rin,CLICHE,talent,219984,CLOSE,False,,,,,,3105
2026-08-16T23:50:44.229933+00:00,4d812b586ff63f8a2946e64fa860bbf5,하나코 나나,Hanako Nana,CLICHE,talent,208358,CLOSE,False,,,,,,2358
2026-08-16T23:50:44.229933+00:00,8fd39bb8de623317de90654718638b10,유즈하 리코,Yuzuha Riko,CLICHE,talent,210253,CLOSE,False,,,,,,2796
2026-08-17T01:37:59.589933+00:00,b5ed5db484d04faf4d150aedd362f34b,강지,Kangji,STELLIVE,founder,288155,CLOSE,False,,,,,,1953
2026-08-17T01:37:59.589933+00:00,45e71a76e949e16a34764deb962f9d9f,아야츠노 유니,Ayatsuno Yuni,EVERYS,talent,302600,CLOSE,False,,,,,,3385
2026-08-17T01:37:59.589933+00:00,36ddb9bb4f17593b60f1b63cec86611d,사키하네 후야,Sakihane Huya,EVERYS,talent,157293,CLOSE,False,,,,,,1401
2026-08-17T01:37:59.589933+00:00,b044e3a3b9259246bc92e863e7d3f3b8,시라유키 히나,Shirayuki Hina,UNIVERSE,talent,237591,CLOSE,False,,,,,,2082
2026-08-17T01:37:59.589933+00:00,4515b179f86b67b4981e16190817c580,네네코 마시로,Neneko Mashiro,UNIVERSE,talent,210464,CLOSE,False,,,,,,2085
2026-08-17T01:37:59.589933+00:00,4325b1d5bbc321fad3042306646e2e50,아카네 리제,Akane Lize,UNIVERSE,talent,253666,CLOSE,False,,,,,,3192
2026-08-17T01:37:59.589933+00:00,a6c4ddb09cdb160478996007bff35296,아라하시 타비,Arahashi Tabi,UNIVERSE,talent,256185,CLOSE,False,,,,,,3912
2026-08-17T01:37:59.589933+00:00,64d76089fba26b180d9c9e48a32600d9,텐코 시부키,Tenko Shibuki,CLICHE,talent,241960,CLOSE,False,,,,,,5084
2026-08-17T01:37:59.589933+00:00,516937b5f85cbf2249ce31b0ad046b0f,아오쿠모 린,Aokumo Rin,CLICHE,talent,219991,CLOSE,False,,,,,,3105
2026-08-17T01:37:59.589933+00:00,4d812b586ff63f8a2946e64fa860bbf5,하나코 나나,Hanako Nana,CLICHE,talent,208360,CLOSE,False,,,,,,2358
2026-08-17T01:37:59.589933+00:00,8fd39bb8de623317de90654718638b10,유즈하 리코,Yuzuha Riko,CLICHE,talent,210258,CLOSE,False,,,,,,2796
2026-08-17T02:46:26.861077+00:00,b5ed5db484d04faf4d150aedd362f34b,강지,Kangji,STELLIVE,founder,288158,CLOSE,False,,,,,,1953
2026-08-17T02:46:26.861077+00:00,45e71a76e949e16a34764deb962f9d9f,아야츠노 유니,Ayatsuno Yuni,EVERYS,talent,302605,CLOSE,False,,,,,,3385
2026-08-17T02:46:26.861077+00:00,36ddb9bb4f17593b60f1b63cec86611d,사키하네 후야,Sakihane Huya,EVERYS,talent,157298,CLOSE,False,,,,,,1401
2026-08-17T02:46:26.861077+00:00,b044e3a3b9259246bc92e863e7d3f3b8,시라유키 히나,Shirayuki Hina,UNIVERSE,talent,237596,CLOSE,False,,,,,,2082
2026-08-17T02:46:26.861077+00:00,4515b179f86b67b4981e16190817c580,네네코 마시로,Neneko Mashiro,UNIVERSE,talent,210466,CLOSE,False,,,,,,2085
2026-08-17T02:46:26.861077+00:00,4325b1d5bbc321fad3042306646e2e50,아카네 리제,Akane Lize,UNIVERSE,talent,253674,CLOSE,False,,,,,,3192
2026-08-17T02:46:26.861077+00:00,a6c4ddb09cdb160478996007bff35296,아라하시 타비,Arahashi Tabi,UNIVERSE,talent,256185,CLOSE,False,,,,,,3912
2026-08-17T02:46:26.861077+00:00,64d76089fba26b180d9c9e48a32600d9,텐코 시부키,Tenko Shibuki,CLICHE,talent,241966,CLOSE,False,,,,,,5084
2026-08-17T02:46:26.861077+00:00,516937b5f85cbf2249ce31b0ad046b0f,아오쿠모 린,Aokumo Rin,CLICHE,talent,219992,CLOSE,False,,,,,,3105
2026-08-17T02:46:26.861077+00:00,4d812b586ff63f8a2946e64fa860bbf5,하나코 나나,Hanako Nana,CLICHE,talent,208362,CLOSE,False,,,,,,2358
2026-08-17T02:46:26.861077+00:00,8fd39bb8de623317de90654718638b10,유즈하 리코,Yuzuha Riko,CLICHE,talent,210258,CLOSE,False,,,,,,2796
2026-08-17T03:37:07.782994+00:00,b5ed5db484d04faf4d150aedd362f34b,강지,Kangji,STELLIVE,founder,288157,CLOSE,False,,,,,,1953
2026-08-17T03:37:07.782994+00:00,45e71a76e949e16a34764deb962f9d9f,아야츠노 유니,Ayatsuno Yuni,EVERYS,talent,302603,CLOSE,False,,,,,,3385
2026-08-17T03:37:07.782994+00:00,36ddb9bb4f17593b60f1b63cec86611d,사키하네 후야,Sakihane Huya,EVERYS,talent,157299,CLOSE,False,,,,,,1401
2026-08-17T03:37:07.782994+00:00,b044e3a3b9259246bc92e863e7d3f3b8,시라유키 히나,Shirayuki Hina,UNIVERSE,talent,237592,CLOSE,False,,,,,,2082
2026-08-17T03:37:07.782994+00:00,4515b179f86b67b4981e16190817c580,네네코 마시로,Neneko Mashiro,UNIVERSE,talent,210465,CLOSE,False,,,,,,2085
2026-08-17T03:37:07.782994+00:00,4325b1d5bbc321fad3042306646e2e50,아카네 리제,Akane Lize,UNIVERSE,talent,253675,CLOSE,False,,,,,,3192
2026-08-17T03:37:07.782994+00:00,a6c4ddb09cdb160478996007bff35296,아라하시 타비,Arahashi Tabi,UNIVERSE,talent,256187,CLOSE,False,,,,,,3912
2026-08-17T03:37:07.782994+00:00,64d76089fba26b180d9c9e48a32600d9,텐코 시부키,Tenko Shibuki,CLICHE,talent,241968,CLOSE,False,,,,,,5084
2026-08-17T03:37:07.782994+00:00,516937b5f85cbf2249ce31b0ad046b0f,아오쿠모 린,Aokumo Rin,CLICHE,talent,219996,CLOSE,False,,,,,,3105
2026-08-17T03:37:07.782994+00:00,4d812b586ff63f8a2946e64fa860bbf5,하나코 나나,Hanako Nana,CLICHE,talent,208364,CLOSE,False,,,,,,2358
2026-08-17T03:37:07.782994+00:00,8fd39bb8de623317de90654718638b10,유즈하 리코,Yuzuha Riko,CLICHE,talent,210259,CLOSE,False,,,,,,2796
2026-08-17T04:25:16.076581+00:00,b5ed5db484d04faf4d150aedd362f34b,강지,Kangji,STELLIVE,founder,288160,CLOSE,False,,,,,,1953
2026-08-17T04:25:16.076581+00:00,45e71a76e949e16a34764deb962f9d9f,아야츠노 유니,Ayatsuno Yuni,EVERYS,talent,302603,CLOSE,False,,,,,,3385
2026-08-17T04:25:16.076581+00:00,36ddb9bb4f17593b60f1b63cec86611d,사키하네 후야,Sakihane Huya,EVERYS,talent,157304,CLOSE,False,,,,,,1401
2026-08-17T04:25:16.076581+00:00,b044e3a3b9259246bc92e863e7d3f3b8,시라유키 히나,Shirayuki Hina,UNIVERSE,talent,237592,CLOSE,False,,,,,,2082
2026-08-17T04:25:16.076581+00:00,4515b179f86b67b4981e16190817c580,네네코 마시로,Neneko Mashiro,UNIVERSE,talent,210471,CLOSE,False,,,,,,2085
2026-08-17T04:25:16.076581+00:00,4325b1d5bbc321fad3042306646e2e50,아카네 리제,Akane Lize,UNIVERSE,talent,253675,CLOSE,False,,,,,,3192
2026-08-17T04:25:16.076581+00:00,a6c4ddb09cdb160478996007bff35296,아라하시 타비,Arahashi Tabi,UNIVERSE,talent,256189,CLOSE,False,,,,,,3912
2026-08-17T04:25:16.076581+00:00,64d76089fba26b180d9c9e48a32600d9,텐코 시부키,Tenko Shibuki,CLICHE,talent,241974,CLOSE,False,,,,,,5084
2026-08-17T04:25:16.076581+00:00,516937b5f85cbf2249ce31b0ad046b0f,아오쿠모 린,Aokumo Rin,CLICHE,talent,220002,CLOSE,False,,,,,,3105
2026-08-17T04:25:16.076581+00:00,4d812b586ff63f8a2946e64fa860bbf5,하나코 나나,Hanako Nana,CLICHE,talent,208366,CLOSE,False,,,,,,2358
2026-08-17T04:25:16.076581+00:00,8fd39bb8de623317de90654718638b10,유즈하 리코,Yuzuha Riko,CLICHE,talent,210262,CLOSE,False,,,,,,2796
2026-08-17T05:10:10.146863+00:00,b5ed5db484d04faf4d150aedd362f34b,강지,Kangji,STELLIVE,founder,288161,CLOSE,False,,,,,,1953
2026-08-17T05:10:10.146863+00:00,45e71a76e949e16a34764deb962f9d9f,아야츠노 유니,Ayatsuno Yuni,EVERYS,talent,302609,CLOSE,False,,,,,,3385
2026-08-17T05:10:10.146863+00:00,36ddb9bb4f17593b60f1b63cec86611d,사키하네 후야,Sakihane Huya,EVERYS,talent,157311,CLOSE,False,,,,,,1401
2026-08-17T05:10:10.146863+00:00,b044e3a3b9259246bc92e863e7d3f3b8,시라유키 히나,Shirayuki Hina,UNIVERSE,talent,237598,CLOSE,False,,,,,,2082
2026-08-17T05:10:10.146863+00:00,4515b179f86b67b4981e16190817c580,네네코 마시로,Neneko Mashiro,UNIVERSE,talent,210476,CLOSE,False,,,,,,2085
2026-08-17T05:10:10.146863+00:00,4325b1d5bbc321fad3042306646e2e50,아카네 리제,Akane Lize,UNIVERSE,talent,253682,CLOSE,False,,,,,,3192
2026-08-17T05:10:10.146863+00:00,a6c4ddb09cdb160478996007bff35296,아라하시 타비,Arahashi Tabi,UNIVERSE,talent,256194,CLOSE,False,,,,,,3912
2026-08-17T05:10:10.146863+00:00,64d76089fba26b180d9c9e48a32600d9,텐코 시부키,Tenko Shibuki,CLICHE,talent,241981,CLOSE,False,,,,,,5084
2026-08-17T05:10:10.146863+00:00,516937b5f85cbf2249ce31b0ad046b0f,아오쿠모 린,Aokumo Rin,CLICHE,talent,220009,CLOSE,False,,,,,,3105
2026-08-17T05:10:10.146863+00:00,4d812b586ff63f8a2946e64fa860bbf5,하나코 나나,Hanako Nana,CLICHE,talent,208371,CLOSE,False,,,,,,2358
2026-08-17T05:10:10.146863+00:00,8fd39bb8de623317de90654718638b10,유즈하 리코,Yuzuha Riko,CLICHE,talent,210266,CLOSE,False,,,,,,2796
2026-08-17T05:51:57.404812+00:00,b5ed5db484d04faf4d150aedd362f34b,강지,Kangji,STELLIVE,founder,288165,CLOSE,False,,,,,,1953
2026-08-17T05:51:57.404812+00:00,45e71a76e949e16a34764deb962f9d9f,아야츠노 유니,Ayatsuno Yuni,EVERYS,talent,302612,CLOSE,False,,,,,,3385
2026-08-17T05:51:57.404812+00:00,36ddb9bb4f17593b60f1b63cec86611d,사키하네 후야,Sakihane Huya,EVERYS,talent,157313,CLOSE,False,,,,,,1401
2026-08-17T05:51:57.404812+00:00,b044e3a3b9259246bc92e863e7d3f3b8,시라유키 히나,Shirayuki Hina,UNIVERSE,talent,237604,CLOSE,False,,,,,,2082
2026-08-17T05:51:57.404812+00:00,4515b179f86b67b4981e16190817c580,네네코 마시로,Neneko Mashiro,UNIVERSE,talent,210479,CLOSE,False,,,,,,2085
2026-08-17T05:51:57.404812+00:00,4325b1d5bbc321fad3042306646e2e50,아카네 리제,Akane Lize,UNIVERSE,talent,253687,CLOSE,False,,,,,,3192
2026-08-17T05:51:57.404812+00:00,a6c4ddb09cdb160478996007bff35296,아라하시 타비,Arahashi Tabi,UNIVERSE,talent,256202,CLOSE,False,,,,,,3912
2026-08-17T05:51:57.404812+00:00,64d76089fba26b180d9c9e48a32600d9,텐코 시부키,Tenko Shibuki,CLICHE,talent,241984,CLOSE,False,,,,,,5084
2026-08-17T05:51:57.404812+00:00,516937b5f85cbf2249ce31b0ad046b0f,아오쿠모 린,Aokumo Rin,CLICHE,talent,220016,CLOSE,False,,,,,,3105
2026-08-17T05:51:57.404812+00:00,4d812b586ff63f8a2946e64fa860bbf5,하나코 나나,Hanako Nana,CLICHE,talent,208376,CLOSE,False,,,,,,2358
2026-08-17T05:51:57.404812+00:00,8fd39bb8de623317de90654718638b10,유즈하 리코,Yuzuha Riko,CLICHE,talent,210269,CLOSE,False,,,,,,2796
2026-08-17T07:04:40.424204+00:00,b5ed5db484d04faf4d150aedd362f34b,강지,Kangji,STELLIVE,founder,288171,CLOSE,False,,,,,,1953
2026-08-17T07:04:40.424204+00:00,45e71a76e949e16a34764deb962f9d9f,아야츠노 유니,Ayatsuno Yuni,EVERYS,talent,302616,CLOSE,False,,,,,,3385
2026-08-17T07:04:40.424204+00:00,36ddb9bb4f17593b60f1b63cec86611d,사키하네 후야,Sakihane Huya,EVERYS,talent,157320,CLOSE,False,,,,,,1401
2026-08-17T07:04:40.424204+00:00,b044e3a3b9259246bc92e863e7d3f3b8,시라유키 히나,Shirayuki Hina,UNIVERSE,talent,237613,CLOSE,False,,,,,,2082
2026-08-17T07:04:40.424204+00:00,4515b179f86b67b4981e16190817c580,네네코 마시로,Neneko Mashiro,UNIVERSE,talent,210483,CLOSE,False,,,,,,2085
2026-08-17T07:04:40.424204+00:00,4325b1d5bbc321fad3042306646e2e50,아카네 리제,Akane Lize,UNIVERSE,talent,253698,CLOSE,False,,,,,,3192
2026-08-17T07:04:40.424204+00:00,a6c4ddb09cdb160478996007bff35296,아라하시 타비,Arahashi Tabi,UNIVERSE,talent,256212,CLOSE,False,,,,,,3912
2026-08-17T07:04:40.424204+00:00,64d76089fba26b180d9c9e48a32600d9,텐코 시부키,Tenko Shibuki,CLICHE,talent,241994,CLOSE,False,,,,,,5084
2026-08-17T07:04:40.424204+00:00,516937b5f85cbf2249ce31b0ad046b0f,아오쿠모 린,Aokumo Rin,CLICHE,talent,220025,CLOSE,False,,,,,,3105
2026-08-17T07:04:40.424204+00:00,4d812b586ff63f8a2946e64fa860bbf5,하나코 나나,Hanako Nana,CLICHE,talent,208382,CLOSE,False,,,,,,2358
2026-08-17T07:04:40.424204+00:00,8fd39bb8de623317de90654718638b10,유즈하 리코,Yuzuha Riko,CLICHE,talent,210280,CLOSE,False,,,,,,2796
2026-08-17T07:59:04.623293+00:00,b5ed5db484d04faf4d150aedd362f34b,강지,Kangji,STELLIVE,founder,288175,CLOSE,False,,,,,,1953
2026-08-17T07:59:04.623293+00:00,45e71a76e949e16a34764deb962f9d9f,아야츠노 유니,Ayatsuno Yuni,EVERYS,talent,302621,OPEN,True,1926,0,대회 결승 하는날 무관귀신 탈출 ????????,오버워치,스텔라이브|유니|카봉컵,
2026-08-17T07:59:04.623293+00:00,36ddb9bb4f17593b60f1b63cec86611d,사키하네 후야,Sakihane Huya,EVERYS,talent,157329,CLOSE,False,,,,,,1401
2026-08-17T07:59:04.623293+00:00,b044e3a3b9259246bc92e863e7d3f3b8,시라유키 히나,Shirayuki Hina,UNIVERSE,talent,237614,CLOSE,False,,,,,,2082
2026-08-17T07:59:04.623293+00:00,4515b179f86b67b4981e16190817c580,네네코 마시로,Neneko Mashiro,UNIVERSE,talent,210490,CLOSE,False,,,,,,2085
2026-08-17T07:59:04.623293+00:00,4325b1d5bbc321fad3042306646e2e50,아카네 리제,Akane Lize,UNIVERSE,talent,253708,CLOSE,False,,,,,,3192
2026-08-17T07:59:04.623293+00:00,a6c4ddb09cdb160478996007bff35296,아라하시 타비,Arahashi Tabi,UNIVERSE,talent,256226,CLOSE,False,,,,,,3912
2026-08-17T07:59:04.623293+00:00,64d76089fba26b180d9c9e48a32600d9,텐코 시부키,Tenko Shibuki,CLICHE,talent,242001,CLOSE,False,,,,,,5084
2026-08-17T07:59:04.623293+00:00,516937b5f85cbf2249ce31b0ad046b0f,아오쿠모 린,Aokumo Rin,CLICHE,talent,220033,CLOSE,False,,,,,,3105
2026-08-17T07:59:04.623293+00:00,4d812b586ff63f8a2946e64fa860bbf5,하나코 나나,Hanako Nana,CLICHE,talent,208387,CLOSE,False,,,,,,2358
2026-08-17T07:59:04.623293+00:00,8fd39bb8de623317de90654718638b10,유즈하 리코,Yuzuha Riko,CLICHE,talent,210287,CLOSE,False,,,,,,2796
2026-08-17T08:55:25.007752+00:00,b5ed5db484d04faf4d150aedd362f34b,강지,Kangji,STELLIVE,founder,288178,CLOSE,False,,,,,,1953
2026-08-17T08:55:25.007752+00:00,45e71a76e949e16a34764deb962f9d9f,아야츠노 유니,Ayatsuno Yuni,EVERYS,talent,302633,OPEN,True,5117,0,대회 결승 하는날 무관귀신 탈출 ????????,오버워치,스텔라이브|유니|카봉컵,
2026-08-17T08:55:25.007752+00:00,36ddb9bb4f17593b60f1b63cec86611d,사키하네 후야,Sakihane Huya,EVERYS,talent,157337,CLOSE,False,,,,,,1401
2026-08-17T08:55:25.007752+00:00,b044e3a3b9259246bc92e863e7d3f3b8,시라유키 히나,Shirayuki Hina,UNIVERSE,talent,237622,OPEN,True,1229,0,꺼어어어엉ㅅ,talk,스텔라이브|버튜버|2기생|히나|노래,
2026-08-17T08:55:25.007752+00:00,4515b179f86b67b4981e16190817c580,네네코 마시로,Neneko Mashiro,UNIVERSE,talent,210500,OPEN,True,1753,0,모해,talk,스텔라이브|네네코마시로|밍,
2026-08-17T08:55:25.007752+00:00,4325b1d5bbc321fad3042306646e2e50,아카네 리제,Akane Lize,UNIVERSE,talent,253718,CLOSE,False,,,,,,3192
2026-08-17T08:55:25.007752+00:00,a6c4ddb09cdb160478996007bff35296,아라하시 타비,Arahashi Tabi,UNIVERSE,talent,256248,OPEN,True,3710,0,왜ㅐㅐㅐㅐㅐㅐㅐㅐㅐㅐㅐㅐㅐㅐㅐㅐㅐㅐㅐㅐㅐㅐㅐㅐㅐㅐㅐㅐㅐㅐㅐㅐㅐㅐㅐㅐㅐㅐㅐㅐㅐㅐㅐㅐㅐㅐ째서 !!!!!!!!!!!!!!!!!,talk,스텔라이브|타비|버튜버|2기생,
2026-08-17T08:55:25.007752+00:00,64d76089fba26b180d9c9e48a32600d9,텐코 시부키,Tenko Shibuki,CLICHE,talent,242012,OPEN,True,2847,0,걷고걷고걷고걷고걷고걷고걷고걷고걷고걷는날,talk,스텔라이브|시부키|3기생|대박박|부키,
2026-08-17T08:55:25.007752+00:00,516937b5f85cbf2249ce31b0ad046b0f,아오쿠모 린,Aokumo Rin,CLICHE,talent,220043,CLOSE,False,,,,,,3105
2026-08-17T08:55:25.007752+00:00,4d812b586ff63f8a2946e64fa860bbf5,하나코 나나,Hanako Nana,CLICHE,talent,208407,OPEN,True,3253,0,월요일이다 근데 휴일인,talk,스텔라이브|나나|하나코나나|클리셰,
2026-08-17T08:55:25.007752+00:00,8fd39bb8de623317de90654718638b10,유즈하 리코,Yuzuha Riko,CLICHE,talent,210299,OPEN,True,2334,0,6시 클리셰 합방,talk,스텔라이브|3기생|리코|클리셰,
2026-08-17T09:48:31.648052+00:00,b5ed5db484d04faf4d150aedd362f34b,강지,Kangji,STELLIVE,founder,288183,CLOSE,False,,,,,,1953
2026-08-17T09:48:31.648052+00:00,45e71a76e949e16a34764deb962f9d9f,아야츠노 유니,Ayatsuno Yuni,EVERYS,talent,302652,OPEN,True,7408,0,대회 결승 하는날 무관귀신 탈출 ????????,오버워치,스텔라이브|유니|카봉컵,
2026-08-17T09:48:31.648052+00:00,36ddb9bb4f17593b60f1b63cec86611d,사키하네 후야,Sakihane Huya,EVERYS,talent,157343,CLOSE,False,,,,,,1401
2026-08-17T09:48:31.648052+00:00,b044e3a3b9259246bc92e863e7d3f3b8,시라유키 히나,Shirayuki Hina,UNIVERSE,talent,237629,OPEN,True,2121,0,오랜만에 유니버스 합빵 / 하나 100만 ㄱㅏㅁ사합니다,머신 파티,스텔라이브|버튜버|2기생|히나|노래,
2026-08-17T09:48:31.648052+00:00,4515b179f86b67b4981e16190817c580,네네코 마시로,Neneko Mashiro,UNIVERSE,talent,210514,OPEN,True,2094,0,머신파티 유니버스,머신 파티,스텔라이브|네네코마시로|밍,
2026-08-17T09:48:31.648052+00:00,4325b1d5bbc321fad3042306646e2e50,아카네 리제,Akane Lize,UNIVERSE,talent,253727,OPEN,True,1716,0,유니버스 하빵날 저희 싸우는거 맞습니다,talk,스텔라이브|아카네리제,
2026-08-17T09:48:31.648052+00:00,a6c4ddb09cdb160478996007bff35296,아라하시 타비,Arahashi Tabi,UNIVERSE,talent,256269,OPEN,True,3932,0,왜ㅐㅐㅐㅐㅐㅐㅐㅐㅐㅐㅐㅐㅐㅐㅐㅐㅐㅐㅐㅐㅐㅐㅐㅐㅐㅐㅐㅐㅐㅐㅐㅐㅐㅐㅐㅐㅐㅐㅐㅐㅐㅐㅐㅐㅐㅐ째서 !!!!!!!!!!!!!!!!!,talk,스텔라이브|타비|버튜버|2기생,
2026-08-17T09:48:31.648052+00:00,64d76089fba26b180d9c9e48a32600d9,텐코 시부키,Tenko Shibuki,CLICHE,talent,242026,OPEN,True,4998,0,클리셰걷고걷고걷고걷고걷고걷고걷고걷고걷고걷는날,빅 워크,스텔라이브|시부키|3기생|대박박|부키,
2026-08-17T09:48:31.648052+00:00,516937b5f85cbf2249ce31b0ad046b0f,아오쿠모 린,Aokumo Rin,CLICHE,talent,220083,OPEN,True,3172,0,클리셰와 함께 조깅해,빅 워크,스텔라이브|3기생|아오쿠모린|vtuber|뇨,
2026-08-17T09:48:31.648052+00:00,4d812b586ff63f8a2946e64fa860bbf5,하나코 나나,Hanako Nana,CLICHE,talent,208422,OPEN,True,3172,0,클리셰랑 비꾸워꾸,빅 워크,스텔라이브|나나|하나코나나|클리셰,
2026-08-17T09:48:31.648052+00:00,8fd39bb8de623317de90654718638b10,유즈하 리코,Yuzuha Riko,CLICHE,talent,210317,OPEN,True,2852,0,6시 클리셰 합방,빅 워크,스텔라이브|3기생|리코|클리셰,
2026-08-17T10:18:06.265781+00:00,b5ed5db484d04faf4d150aedd362f34b,강지,Kangji,STELLIVE,founder,288184,CLOSE,False,,,,,,1953
2026-08-17T10:18:06.265781+00:00,45e71a76e949e16a34764deb962f9d9f,아야츠노 유니,Ayatsuno Yuni,EVERYS,talent,302660,OPEN,True,6766,0,대회 결승 하는날 무관귀신 탈출 ????????,오버워치,스텔라이브|유니|카봉컵,
2026-08-17T10:18:06.265781+00:00,36ddb9bb4f17593b60f1b63cec86611d,사키하네 후야,Sakihane Huya,EVERYS,talent,157348,CLOSE,False,,,,,,1401
2026-08-17T10:18:06.265781+00:00,b044e3a3b9259246bc92e863e7d3f3b8,시라유키 히나,Shirayuki Hina,UNIVERSE,talent,237638,OPEN,True,2790,0,오랜만에 유니버스 합빵 / 하나 100만 ㄱㅏㅁ사합니다,머신 파티,스텔라이브|버튜버|2기생|히나|노래,
2026-08-17T10:18:06.265781+00:00,4515b179f86b67b4981e16190817c580,네네코 마시로,Neneko Mashiro,UNIVERSE,talent,210531,OPEN,True,3063,0,머신파티 유니버스,머신 파티,스텔라이브|네네코마시로|밍,
2026-08-17T10:18:06.265781+00:00,4325b1d5bbc321fad3042306646e2e50,아카네 리제,Akane Lize,UNIVERSE,talent,253745,OPEN,True,2749,0,"유니버스 하빵날 저희 싸우는거 맞습니다 (w. 타비, 시로, 히나)",머신 파티,스텔라이브|아카네리제,
2026-08-17T10:18:06.265781+00:00,a6c4ddb09cdb160478996007bff35296,아라하시 타비,Arahashi Tabi,UNIVERSE,talent,256279,OPEN,True,4939,0,백만년만에 유니버스 합방,머신 파티,스텔라이브|타비|버튜버|2기생,
2026-08-17T10:18:06.265781+00:00,64d76089fba26b180d9c9e48a32600d9,텐코 시부키,Tenko Shibuki,CLICHE,talent,242042,OPEN,True,4947,0,클리셰걷고걷고걷고걷고걷고걷고걷고걷고걷고걷는날,빅 워크,스텔라이브|시부키|3기생|대박박|부키,
2026-08-17T10:18:06.265781+00:00,516937b5f85cbf2249ce31b0ad046b0f,아오쿠모 린,Aokumo Rin,CLICHE,talent,220093,OPEN,True,3062,0,클리셰와 함께 조깅해,빅 워크,스텔라이브|3기생|아오쿠모린|vtuber|뇨,
2026-08-17T10:18:06.265781+00:00,4d812b586ff63f8a2946e64fa860bbf5,하나코 나나,Hanako Nana,CLICHE,talent,208441,OPEN,True,2983,0,클리셰랑 비꾸워꾸,빅 워크,스텔라이브|나나|하나코나나|클리셰,
2026-08-17T10:18:06.265781+00:00,8fd39bb8de623317de90654718638b10,유즈하 리코,Yuzuha Riko,CLICHE,talent,210322,OPEN,True,2677,0,6시 클리셰 합방,빅 워크,스텔라이브|3기생|리코|클리셰,
2026-08-17T10:52:37.125441+00:00,b5ed5db484d04faf4d150aedd362f34b,강지,Kangji,STELLIVE,founder,288191,CLOSE,False,,,,,,1953
2026-08-17T10:52:37.125441+00:00,45e71a76e949e16a34764deb962f9d9f,아야츠노 유니,Ayatsuno Yuni,EVERYS,talent,302672,OPEN,True,8239,0,대회 결승 하는날 무관귀신 탈출 ????????,오버워치,스텔라이브|유니|카봉컵,
2026-08-17T10:52:37.125441+00:00,36ddb9bb4f17593b60f1b63cec86611d,사키하네 후야,Sakihane Huya,EVERYS,talent,157354,CLOSE,False,,,,,,1401
2026-08-17T10:52:37.125441+00:00,b044e3a3b9259246bc92e863e7d3f3b8,시라유키 히나,Shirayuki Hina,UNIVERSE,talent,237648,OPEN,True,2975,0,오랜만에 유니버스 합빵 / 하나 100만 ㄱㅏㅁ사합니다,머신 파티,스텔라이브|버튜버|2기생|히나|노래,
2026-08-17T10:52:37.125441+00:00,4515b179f86b67b4981e16190817c580,네네코 마시로,Neneko Mashiro,UNIVERSE,talent,210543,OPEN,True,3430,0,머신파티 유니버스,머신 파티,스텔라이브|네네코마시로|밍,
2026-08-17T10:52:37.125441+00:00,4325b1d5bbc321fad3042306646e2e50,아카네 리제,Akane Lize,UNIVERSE,talent,253761,OPEN,True,3360,0,"유니버스 하빵날 저희 싸우는거 맞습니다 (w. 타비, 시로, 히나)",머신 파티,스텔라이브|아카네리제,
2026-08-17T10:52:37.125441+00:00,a6c4ddb09cdb160478996007bff35296,아라하시 타비,Arahashi Tabi,UNIVERSE,talent,256295,OPEN,True,5858,0,백만년만에 유니버스 합방,머신 파티,스텔라이브|타비|버튜버|2기생,
2026-08-17T10:52:37.125441+00:00,64d76089fba26b180d9c9e48a32600d9,텐코 시부키,Tenko Shibuki,CLICHE,talent,242054,OPEN,True,4911,0,클리셰걷고걷고걷고걷고걷고걷고걷고걷고걷고걷는날,빅 워크,스텔라이브|시부키|3기생|대박박|부키,
2026-08-17T10:52:37.125441+00:00,516937b5f85cbf2249ce31b0ad046b0f,아오쿠모 린,Aokumo Rin,CLICHE,talent,220106,OPEN,True,3212,0,클리셰와 함께 조깅해,빅 워크,스텔라이브|3기생|아오쿠모린|vtuber|뇨,
2026-08-17T10:52:37.125441+00:00,4d812b586ff63f8a2946e64fa860bbf5,하나코 나나,Hanako Nana,CLICHE,talent,208453,OPEN,True,2891,0,클리셰랑 비꾸워꾸,빅 워크,스텔라이브|나나|하나코나나|클리셰,
2026-08-17T10:52:37.125441+00:00,8fd39bb8de623317de90654718638b10,유즈하 리코,Yuzuha Riko,CLICHE,talent,210331,OPEN,True,2583,0,6시 클리셰 합방,빅 워크,스텔라이브|3기생|리코|클리셰,
2026-08-17T11:30:43.264957+00:00,b5ed5db484d04faf4d150aedd362f34b,강지,Kangji,STELLIVE,founder,288194,CLOSE,False,,,,,,1953
2026-08-17T11:30:43.264957+00:00,45e71a76e949e16a34764deb962f9d9f,아야츠노 유니,Ayatsuno Yuni,EVERYS,talent,302702,OPEN,True,7636,0,대회 결승 하는날 무관귀신 탈출 ????????,오버워치,스텔라이브|유니|카봉컵,
2026-08-17T11:30:43.264957+00:00,36ddb9bb4f17593b60f1b63cec86611d,사키하네 후야,Sakihane Huya,EVERYS,talent,157364,CLOSE,False,,,,,,1401
2026-08-17T11:30:43.264957+00:00,b044e3a3b9259246bc92e863e7d3f3b8,시라유키 히나,Shirayuki Hina,UNIVERSE,talent,237661,OPEN,True,2834,0,오랜만에 유니버스 합빵 / 하나 100만 ㄱㅏㅁ사합니다,종합 게임,스텔라이브|버튜버|2기생|히나|노래,
2026-08-17T11:30:43.264957+00:00,4515b179f86b67b4981e16190817c580,네네코 마시로,Neneko Mashiro,UNIVERSE,talent,210560,OPEN,True,3348,0,도박게임 유니버스,갬블 위드 유어 프렌즈,스텔라이브|네네코마시로|밍,
2026-08-17T11:30:43.264957+00:00,4325b1d5bbc321fad3042306646e2e50,아카네 리제,Akane Lize,UNIVERSE,talent,253786,OPEN,True,3308,0,"유니버스 하빵날 저희 싸우는거 맞습니다 (w. 타비, 시로, 히나)",갬블 위드 유어 프렌즈,스텔라이브|아카네리제,
2026-08-17T11:30:43.264957+00:00,a6c4ddb09cdb160478996007bff35296,아라하시 타비,Arahashi Tabi,UNIVERSE,talent,256307,OPEN,True,5452,0,백만년만에 유니버스 합방,갬블 위드 유어 프렌즈,스텔라이브|타비|버튜버|2기생,
2026-08-17T11:30:43.264957+00:00,64d76089fba26b180d9c9e48a32600d9,텐코 시부키,Tenko Shibuki,CLICHE,talent,242071,OPEN,True,4921,0,클리셰걷고걷고걷고걷고걷고걷고걷고걷고걷고걷는날,빅 워크,스텔라이브|시부키|3기생|대박박|부키,
2026-08-17T11:30:43.264957+00:00,516937b5f85cbf2249ce31b0ad046b0f,아오쿠모 린,Aokumo Rin,CLICHE,talent,220118,OPEN,True,3257,0,클리셰와 함께 조깅해,빅 워크,스텔라이브|3기생|아오쿠모린|vtuber|뇨,
2026-08-17T11:30:43.264957+00:00,4d812b586ff63f8a2946e64fa860bbf5,하나코 나나,Hanako Nana,CLICHE,talent,208462,OPEN,True,2740,0,클리셰랑 비꾸워꾸,빅 워크,스텔라이브|나나|하나코나나|클리셰,
2026-08-17T11:30:43.264957+00:00,8fd39bb8de623317de90654718638b10,유즈하 리코,Yuzuha Riko,CLICHE,talent,210343,OPEN,True,2606,0,6시 클리셰 합방,빅 워크,스텔라이브|3기생|리코|클리셰,
2026-08-17T11:57:47.543002+00:00,b5ed5db484d04faf4d150aedd362f34b,강지,Kangji,STELLIVE,founder,288198,CLOSE,False,,,,,,1953
2026-08-17T11:57:47.543002+00:00,45e71a76e949e16a34764deb962f9d9f,아야츠노 유니,Ayatsuno Yuni,EVERYS,talent,302709,OPEN,True,6281,0,대회 결승 하는날 무관귀신 탈출 ????????,오버워치,스텔라이브|유니|카봉컵,
2026-08-17T11:57:47.543002+00:00,36ddb9bb4f17593b60f1b63cec86611d,사키하네 후야,Sakihane Huya,EVERYS,talent,157371,OPEN,True,725,0,자연산 용가리가 왔어,talk,스텔라이브|에버리스|통통꼬리,
2026-08-17T11:57:47.543002+00:00,b044e3a3b9259246bc92e863e7d3f3b8,시라유키 히나,Shirayuki Hina,UNIVERSE,talent,237665,OPEN,True,2866,0,오랜만에 유니버스 합빵 / 하나 100만 ㄱㅏㅁ사합니다,종합 게임,스텔라이브|버튜버|2기생|히나|노래,
2026-08-17T11:57:47.543002+00:00,4515b179f86b67b4981e16190817c580,네네코 마시로,Neneko Mashiro,UNIVERSE,talent,210578,OPEN,True,4017,0,도박게임 유니버스,갬블 위드 유어 프렌즈,스텔라이브|네네코마시로|밍,
2026-08-17T11:57:47.543002+00:00,4325b1d5bbc321fad3042306646e2e50,아카네 리제,Akane Lize,UNIVERSE,talent,253797,OPEN,True,3217,0,"유니버스 하빵날 저희 싸우는거 맞습니다 (w. 타비, 시로, 히나)",갬블 위드 유어 프렌즈,스텔라이브|아카네리제,
2026-08-17T11:57:47.543002+00:00,a6c4ddb09cdb160478996007bff35296,아라하시 타비,Arahashi Tabi,UNIVERSE,talent,256314,OPEN,True,5426,0,백만년만에 유니버스 합방,갬블 위드 유어 프렌즈,스텔라이브|타비|버튜버|2기생,
2026-08-17T11:57:47.543002+00:00,64d76089fba26b180d9c9e48a32600d9,텐코 시부키,Tenko Shibuki,CLICHE,talent,242073,OPEN,True,4731,0,클리셰걷고걷고걷고걷고걷고걷고걷고걷고걷고걷는날,빅 워크,스텔라이브|시부키|3기생|대박박|부키,
2026-08-17T11:57:47.543002+00:00,516937b5f85cbf2249ce31b0ad046b0f,아오쿠모 린,Aokumo Rin,CLICHE,talent,220127,OPEN,True,3248,0,클리셰와 함께 조깅해,빅 워크,스텔라이브|3기생|아오쿠모린|vtuber|뇨,
2026-08-17T11:57:47.543002+00:00,4d812b586ff63f8a2946e64fa860bbf5,하나코 나나,Hanako Nana,CLICHE,talent,208469,OPEN,True,2691,0,클리셰랑 비꾸워꾸,빅 워크,스텔라이브|나나|하나코나나|클리셰,
2026-08-17T11:57:47.543002+00:00,8fd39bb8de623317de90654718638b10,유즈하 리코,Yuzuha Riko,CLICHE,talent,210347,OPEN,True,2605,0,6시 클리셰 합방,빅 워크,스텔라이브|3기생|리코|클리셰,
2026-08-17T12:59:45.951503+00:00,b5ed5db484d04faf4d150aedd362f34b,강지,Kangji,STELLIVE,founder,288206,CLOSE,False,,,,,,1953
2026-08-17T12:59:45.951503+00:00,45e71a76e949e16a34764deb962f9d9f,아야츠노 유니,Ayatsuno Yuni,EVERYS,talent,302722,OPEN,True,4707,0,대회 결승 하는날 무관귀신 탈출 ????????,오버워치,스텔라이브|유니|카봉컵,
2026-08-17T12:59:45.951503+00:00,36ddb9bb4f17593b60f1b63cec86611d,사키하네 후야,Sakihane Huya,EVERYS,talent,157387,OPEN,True,1620,0,자연산 용가리가 왔어,talk,스텔라이브|에버리스|통통꼬리,
2026-08-17T12:59:45.951503+00:00,b044e3a3b9259246bc92e863e7d3f3b8,시라유키 히나,Shirayuki Hina,UNIVERSE,talent,237679,OPEN,True,2736,0,오랜만에 유니버스 합빵 / 하나 100만 ㄱㅏㅁ사합니다,종합 게임,스텔라이브|버튜버|2기생|히나|노래,
2026-08-17T12:59:45.951503+00:00,4515b179f86b67b4981e16190817c580,네네코 마시로,Neneko Mashiro,UNIVERSE,talent,210602,OPEN,True,3187,0,도박게임 유니버스,갬블 위드 유어 프렌즈,스텔라이브|네네코마시로|밍,
2026-08-17T12:59:45.951503+00:00,4325b1d5bbc321fad3042306646e2e50,아카네 리제,Akane Lize,UNIVERSE,talent,253813,OPEN,True,2974,0,"유니버스 하빵날 저희 싸우는거 맞습니다 (w. 타비, 시로, 히나)",갬블 위드 유어 프렌즈,스텔라이브|아카네리제,
2026-08-17T12:59:45.951503+00:00,a6c4ddb09cdb160478996007bff35296,아라하시 타비,Arahashi Tabi,UNIVERSE,talent,256318,OPEN,True,4948,0,백만년만에 유니버스 합방,갬블 위드 유어 프렌즈,스텔라이브|타비|버튜버|2기생,
2026-08-17T12:59:45.951503+00:00,64d76089fba26b180d9c9e48a32600d9,텐코 시부키,Tenko Shibuki,CLICHE,talent,242083,OPEN,True,4523,0,클리셰걷고걷고걷고걷고걷고걷고걷고걷고걷고걷는날,빅 워크,스텔라이브|시부키|3기생|대박박|부키,
2026-08-17T12:59:45.951503+00:00,516937b5f85cbf2249ce31b0ad046b0f,아오쿠모 린,Aokumo Rin,CLICHE,talent,220142,OPEN,True,3127,0,클리셰와 함께 조깅해,빅 워크,스텔라이브|3기생|아오쿠모린|vtuber|뇨,
2026-08-17T12:59:45.951503+00:00,4d812b586ff63f8a2946e64fa860bbf5,하나코 나나,Hanako Nana,CLICHE,talent,208478,OPEN,True,2547,0,클리셰랑 비꾸워꾸,빅 워크,스텔라이브|나나|하나코나나|클리셰,
2026-08-17T12:59:45.951503+00:00,8fd39bb8de623317de90654718638b10,유즈하 리코,Yuzuha Riko,CLICHE,talent,210354,OPEN,True,2455,0,6시 클리셰 합방,빅 워크,스텔라이브|3기생|리코|클리셰,
2026-08-17T13:48:41.670464+00:00,b5ed5db484d04faf4d150aedd362f34b,강지,Kangji,STELLIVE,founder,288214,CLOSE,False,,,,,,1953
2026-08-17T13:48:41.670464+00:00,45e71a76e949e16a34764deb962f9d9f,아야츠노 유니,Ayatsuno Yuni,EVERYS,talent,302740,OPEN,True,4458,0,대회 결승 하는날 무관귀신 탈출 ????????,오버워치,스텔라이브|유니|카봉컵,
2026-08-17T13:48:41.670464+00:00,36ddb9bb4f17593b60f1b63cec86611d,사키하네 후야,Sakihane Huya,EVERYS,talent,157410,OPEN,True,2267,0,자연산 용가리가 왔어,talk,스텔라이브|에버리스|통통꼬리,
2026-08-17T13:48:41.670464+00:00,b044e3a3b9259246bc92e863e7d3f3b8,시라유키 히나,Shirayuki Hina,UNIVERSE,talent,237688,CLOSE,False,,,,,,2529
2026-08-17T13:48:41.670464+00:00,4515b179f86b67b4981e16190817c580,네네코 마시로,Neneko Mashiro,UNIVERSE,talent,210618,CLOSE,False,,,,,,2500
2026-08-17T13:48:41.670464+00:00,4325b1d5bbc321fad3042306646e2e50,아카네 리제,Akane Lize,UNIVERSE,talent,253823,OPEN,True,3067,0,"유니버스 하빵날 저희 싸우는거 맞습니다 (w. 타비, 시로, 히나)",talk,스텔라이브|아카네리제,
2026-08-17T13:48:41.670464+00:00,a6c4ddb09cdb160478996007bff35296,아라하시 타비,Arahashi Tabi,UNIVERSE,talent,256323,CLOSE,False,,,,,,3888
2026-08-17T13:48:41.670464+00:00,64d76089fba26b180d9c9e48a32600d9,텐코 시부키,Tenko Shibuki,CLICHE,talent,242089,OPEN,True,4959,0,클리셰걷고걷고걷고걷고걷고걷고걷고걷고걷고걷는날,빅 워크,스텔라이브|시부키|3기생|대박박|부키,
2026-08-17T13:48:41.670464+00:00,516937b5f85cbf2249ce31b0ad046b0f,아오쿠모 린,Aokumo Rin,CLICHE,talent,220163,CLOSE,False,,,,,,3105
2026-08-17T13:48:41.670464+00:00,4d812b586ff63f8a2946e64fa860bbf5,하나코 나나,Hanako Nana,CLICHE,talent,208493,OPEN,True,2739,0,재미있었다~!!,talk,스텔라이브|나나|하나코나나|클리셰,
2026-08-17T13:48:41.670464+00:00,8fd39bb8de623317de90654718638b10,유즈하 리코,Yuzuha Riko,CLICHE,talent,210370,OPEN,True,2810,0,6시 클리셰 합방,talk,스텔라이브|3기생|리코|클리셰,
2026-08-17T14:15:06.483298+00:00,b5ed5db484d04faf4d150aedd362f34b,강지,Kangji,STELLIVE,founder,288219,CLOSE,False,,,,,,1953
2026-08-17T14:15:06.483298+00:00,45e71a76e949e16a34764deb962f9d9f,아야츠노 유니,Ayatsuno Yuni,EVERYS,talent,302747,OPEN,True,3700,0,대회 결승 하는날 무관귀신 탈출 ????????,talk,스텔라이브|유니|카봉컵,
2026-08-17T14:15:06.483298+00:00,36ddb9bb4f17593b60f1b63cec86611d,사키하네 후야,Sakihane Huya,EVERYS,talent,157424,OPEN,True,2698,0,자연산 용가리가 왔어,돌록 타운,스텔라이브|에버리스|통통꼬리,
2026-08-17T14:15:06.483298+00:00,b044e3a3b9259246bc92e863e7d3f3b8,시라유키 히나,Shirayuki Hina,UNIVERSE,talent,237695,CLOSE,False,,,,,,2529
2026-08-17T14:15:06.483298+00:00,4515b179f86b67b4981e16190817c580,네네코 마시로,Neneko Mashiro,UNIVERSE,talent,210626,CLOSE,False,,,,,,2500
2026-08-17T14:15:06.483298+00:00,4325b1d5bbc321fad3042306646e2e50,아카네 리제,Akane Lize,UNIVERSE,talent,253833,OPEN,True,3503,0,"유니버스 하빵날 저희 싸우는거 맞습니다 (w. 타비, 시로, 히나)",talk,스텔라이브|아카네리제,
2026-08-17T14:15:06.483298+00:00,a6c4ddb09cdb160478996007bff35296,아라하시 타비,Arahashi Tabi,UNIVERSE,talent,256330,CLOSE,False,,,,,,3888
2026-08-17T14:15:06.483298+00:00,64d76089fba26b180d9c9e48a32600d9,텐코 시부키,Tenko Shibuki,CLICHE,talent,242103,OPEN,True,4822,0,클리셰걷고걷고걷고걷고걷고걷고걷고걷고걷고걷는날,빅 워크,스텔라이브|시부키|3기생|대박박|부키,
2026-08-17T14:15:06.483298+00:00,516937b5f85cbf2249ce31b0ad046b0f,아오쿠모 린,Aokumo Rin,CLICHE,talent,220174,CLOSE,False,,,,,,3105
2026-08-17T14:15:06.483298+00:00,4d812b586ff63f8a2946e64fa860bbf5,하나코 나나,Hanako Nana,CLICHE,talent,208498,CLOSE,False,,,,,,2668
2026-08-17T14:15:06.483298+00:00,8fd39bb8de623317de90654718638b10,유즈하 리코,Yuzuha Riko,CLICHE,talent,210371,CLOSE,False,,,,,,2807
2026-08-17T14:49:12.249452+00:00,b5ed5db484d04faf4d150aedd362f34b,강지,Kangji,STELLIVE,founder,288230,CLOSE,False,,,,,,1953
2026-08-17T14:49:12.249452+00:00,45e71a76e949e16a34764deb962f9d9f,아야츠노 유니,Ayatsuno Yuni,EVERYS,talent,302752,OPEN,True,2834,0,대회 결승 하는날 무관귀신 탈출 ????????,talk,스텔라이브|유니|카봉컵,
2026-08-17T14:49:12.249452+00:00,36ddb9bb4f17593b60f1b63cec86611d,사키하네 후야,Sakihane Huya,EVERYS,talent,157429,OPEN,True,2664,0,자연산 용가리가 왔어,돌록 타운,스텔라이브|에버리스|통통꼬리,
2026-08-17T14:49:12.249452+00:00,b044e3a3b9259246bc92e863e7d3f3b8,시라유키 히나,Shirayuki Hina,UNIVERSE,talent,237705,CLOSE,False,,,,,,2529
2026-08-17T14:49:12.249452+00:00,4515b179f86b67b4981e16190817c580,네네코 마시로,Neneko Mashiro,UNIVERSE,talent,210635,CLOSE,False,,,,,,2500
2026-08-17T14:49:12.249452+00:00,4325b1d5bbc321fad3042306646e2e50,아카네 리제,Akane Lize,UNIVERSE,talent,253860,OPEN,True,3347,0,"유니버스 하빵날 저희 싸우는거 맞습니다 (w. 타비, 시로, 히나)",talk,스텔라이브|아카네리제,
2026-08-17T14:49:12.249452+00:00,a6c4ddb09cdb160478996007bff35296,아라하시 타비,Arahashi Tabi,UNIVERSE,talent,256338,CLOSE,False,,,,,,3888
2026-08-17T14:49:12.249452+00:00,64d76089fba26b180d9c9e48a32600d9,텐코 시부키,Tenko Shibuki,CLICHE,talent,242120,OPEN,True,4258,0,클리셰걷고걷고걷고걷고걷고걷고걷고걷고걷고걷는날,빅 워크,스텔라이브|시부키|3기생|대박박|부키,
2026-08-17T14:49:12.249452+00:00,516937b5f85cbf2249ce31b0ad046b0f,아오쿠모 린,Aokumo Rin,CLICHE,talent,220180,CLOSE,False,,,,,,3105
2026-08-17T14:49:12.249452+00:00,4d812b586ff63f8a2946e64fa860bbf5,하나코 나나,Hanako Nana,CLICHE,talent,208508,CLOSE,False,,,,,,2668
2026-08-17T14:49:12.249452+00:00,8fd39bb8de623317de90654718638b10,유즈하 리코,Yuzuha Riko,CLICHE,talent,210384,CLOSE,False,,,,,,2807
2026-08-17T15:14:26.424972+00:00,b5ed5db484d04faf4d150aedd362f34b,강지,Kangji,STELLIVE,founder,288235,CLOSE,False,,,,,,1953
2026-08-17T15:14:26.424972+00:00,45e71a76e949e16a34764deb962f9d9f,아야츠노 유니,Ayatsuno Yuni,EVERYS,talent,302753,CLOSE,False,,,,,,2547
2026-08-17T15:14:26.424972+00:00,36ddb9bb4f17593b60f1b63cec86611d,사키하네 후야,Sakihane Huya,EVERYS,talent,157436,CLOSE,False,,,,,,2241
2026-08-17T15:14:26.424972+00:00,b044e3a3b9259246bc92e863e7d3f3b8,시라유키 히나,Shirayuki Hina,UNIVERSE,talent,237708,CLOSE,False,,,,,,2529
2026-08-17T15:14:26.424972+00:00,4515b179f86b67b4981e16190817c580,네네코 마시로,Neneko Mashiro,UNIVERSE,talent,210636,CLOSE,False,,,,,,2500
2026-08-17T15:14:26.424972+00:00,4325b1d5bbc321fad3042306646e2e50,아카네 리제,Akane Lize,UNIVERSE,talent,253874,CLOSE,False,,,,,,3226
2026-08-17T15:14:26.424972+00:00,a6c4ddb09cdb160478996007bff35296,아라하시 타비,Arahashi Tabi,UNIVERSE,talent,256341,CLOSE,False,,,,,,3888
2026-08-17T15:14:26.424972+00:00,64d76089fba26b180d9c9e48a32600d9,텐코 시부키,Tenko Shibuki,CLICHE,talent,242128,OPEN,True,5336,0,클리셰걷고걷고걷고걷고걷고걷고걷고걷고걷고걷는날,빅 워크,스텔라이브|시부키|3기생|대박박|부키,
2026-08-17T15:14:26.424972+00:00,516937b5f85cbf2249ce31b0ad046b0f,아오쿠모 린,Aokumo Rin,CLICHE,talent,220186,CLOSE,False,,,,,,3105
2026-08-17T15:14:26.424972+00:00,4d812b586ff63f8a2946e64fa860bbf5,하나코 나나,Hanako Nana,CLICHE,talent,208511,CLOSE,False,,,,,,2668
2026-08-17T15:14:26.424972+00:00,8fd39bb8de623317de90654718638b10,유즈하 리코,Yuzuha Riko,CLICHE,talent,210390,CLOSE,False,,,,,,2807
2026-08-17T15:44:57.515075+00:00,b5ed5db484d04faf4d150aedd362f34b,강지,Kangji,STELLIVE,founder,288236,CLOSE,False,,,,,,1953
2026-08-17T15:44:57.515075+00:00,45e71a76e949e16a34764deb962f9d9f,아야츠노 유니,Ayatsuno Yuni,EVERYS,talent,302754,CLOSE,False,,,,,,2547
2026-08-17T15:44:57.515075+00:00,36ddb9bb4f17593b60f1b63cec86611d,사키하네 후야,Sakihane Huya,EVERYS,talent,157437,CLOSE,False,,,,,,2241
2026-08-17T15:44:57.515075+00:00,b044e3a3b9259246bc92e863e7d3f3b8,시라유키 히나,Shirayuki Hina,UNIVERSE,talent,237712,CLOSE,False,,,,,,2529
2026-08-17T15:44:57.515075+00:00,4515b179f86b67b4981e16190817c580,네네코 마시로,Neneko Mashiro,UNIVERSE,talent,210641,CLOSE,False,,,,,,2500
2026-08-17T15:44:57.515075+00:00,4325b1d5bbc321fad3042306646e2e50,아카네 리제,Akane Lize,UNIVERSE,talent,253876,CLOSE,False,,,,,,3226
2026-08-17T15:44:57.515075+00:00,a6c4ddb09cdb160478996007bff35296,아라하시 타비,Arahashi Tabi,UNIVERSE,talent,256348,CLOSE,False,,,,,,3888
2026-08-17T15:44:57.515075+00:00,64d76089fba26b180d9c9e48a32600d9,텐코 시부키,Tenko Shibuki,CLICHE,talent,242133,CLOSE,False,,,,,,5280
2026-08-17T15:44:57.515075+00:00,516937b5f85cbf2249ce31b0ad046b0f,아오쿠모 린,Aokumo Rin,CLICHE,talent,220191,CLOSE,False,,,,,,3105
2026-08-17T15:44:57.515075+00:00,4d812b586ff63f8a2946e64fa860bbf5,하나코 나나,Hanako Nana,CLICHE,talent,208512,CLOSE,False,,,,,,2668
2026-08-17T15:44:57.515075+00:00,8fd39bb8de623317de90654718638b10,유즈하 리코,Yuzuha Riko,CLICHE,talent,210399,CLOSE,False,,,,,,2807
2026-08-17T16:09:59.557652+00:00,b5ed5db484d04faf4d150aedd362f34b,강지,Kangji,STELLIVE,founder,288239,CLOSE,False,,,,,,1953
2026-08-17T16:09:59.557652+00:00,45e71a76e949e16a34764deb962f9d9f,아야츠노 유니,Ayatsuno Yuni,EVERYS,talent,302756,CLOSE,False,,,,,,2547
2026-08-17T16:09:59.557652+00:00,36ddb9bb4f17593b60f1b63cec86611d,사키하네 후야,Sakihane Huya,EVERYS,talent,157439,CLOSE,False,,,,,,2241
2026-08-17T16:09:59.557652+00:00,b044e3a3b9259246bc92e863e7d3f3b8,시라유키 히나,Shirayuki Hina,UNIVERSE,talent,237712,CLOSE,False,,,,,,2529
2026-08-17T16:09:59.557652+00:00,4515b179f86b67b4981e16190817c580,네네코 마시로,Neneko Mashiro,UNIVERSE,talent,210642,CLOSE,False,,,,,,2500
2026-08-17T16:09:59.557652+00:00,4325b1d5bbc321fad3042306646e2e50,아카네 리제,Akane Lize,UNIVERSE,talent,253879,CLOSE,False,,,,,,3226
2026-08-17T16:09:59.557652+00:00,a6c4ddb09cdb160478996007bff35296,아라하시 타비,Arahashi Tabi,UNIVERSE,talent,256348,CLOSE,False,,,,,,3888
2026-08-17T16:09:59.557652+00:00,64d76089fba26b180d9c9e48a32600d9,텐코 시부키,Tenko Shibuki,CLICHE,talent,242136,CLOSE,False,,,,,,5280
2026-08-17T16:09:59.557652+00:00,516937b5f85cbf2249ce31b0ad046b0f,아오쿠모 린,Aokumo Rin,CLICHE,talent,220196,CLOSE,False,,,,,,3105
2026-08-17T16:09:59.557652+00:00,4d812b586ff63f8a2946e64fa860bbf5,하나코 나나,Hanako Nana,CLICHE,talent,208514,CLOSE,False,,,,,,2668
2026-08-17T16:09:59.557652+00:00,8fd39bb8de623317de90654718638b10,유즈하 리코,Yuzuha Riko,CLICHE,talent,210402,CLOSE,False,,,,,,2807
