corp_code,corp_name,bsns_year,fs_div,sj_div,sj_nm,account_id,account_nm,thstrm_amount,frmtrm_amount,ord,currency
00399694,SOOP,2016,CFS,BS,재무상태표,ifrs_CurrentAssets,유동자산,50207534073,37204626879,1,KRW
00399694,SOOP,2016,CFS,BS,재무상태표,ifrs_CashAndCashEquivalents,현금및현금성자산,16558120716,17125030820,19,KRW
00399694,SOOP,2016,CFS,BS,재무상태표,ifrs_OtherCurrentFinancialAssets,기타유동금융자산,9344974860,281410558,30,KRW
00399694,SOOP,2016,CFS,BS,재무상태표,ifrs_TradeAndOtherCurrentReceivables,매출채권및기타채권,23036786372,19060315214,38,KRW
00399694,SOOP,2016,CFS,BS,재무상태표,ifrs_OtherCurrentNonfinancialAssets,기타유동자산,1257361365,707388122,56,KRW
00399694,SOOP,2016,CFS,BS,재무상태표,ifrs_CurrentTaxAssets,당기법인세자산,10290760,30482165,60,KRW
00399694,SOOP,2016,CFS,BS,재무상태표,ifrs_NoncurrentAssets,비유동자산,33218862901,30840202168,61,KRW
00399694,SOOP,2016,CFS,BS,재무상태표,ifrs_OtherNoncurrentFinancialAssets,기타비유동금융자산,12599941053,8708915299,62,KRW
00399694,SOOP,2016,CFS,BS,재무상태표,ifrs_InvestmentAccountedForUsingEquityMethod,관계기업투자,641920473,639006737,70,KRW
00399694,SOOP,2016,CFS,BS,재무상태표,ifrs_PropertyPlantAndEquipment,유형자산,12050021277,11869486083,71,KRW
00399694,SOOP,2016,CFS,BS,재무상태표,ifrs_IntangibleAssetsOtherThanGoodwill,무형자산,2778358232,4851767368,112,KRW
00399694,SOOP,2016,CFS,BS,재무상태표,dart_LongTermTradeAndOtherNonCurrentReceivablesGross,기타비유동채권,2560101895,2581891393,139,KRW
00399694,SOOP,2016,CFS,BS,재무상태표,ifrs_OtherNoncurrentNonfinancialAssets,기타비유동자산,29202008,55356133,153,KRW
00399694,SOOP,2016,CFS,BS,재무상태표,ifrs_DeferredTaxAssets,이연법인세자산,2559317963,2133779155,154,KRW
00399694,SOOP,2016,CFS,BS,재무상태표,ifrs_Assets,자산총계,83426396974,68044829047,155,KRW
00399694,SOOP,2016,CFS,BS,재무상태표,ifrs_CurrentLiabilities,유동부채,26121591428,18790730226,157,KRW
00399694,SOOP,2016,CFS,BS,재무상태표,ifrs_TradeAndOtherCurrentPayables,매입채무및기타채무,20199458621,13124752620,158,KRW
00399694,SOOP,2016,CFS,BS,재무상태표,ifrs_OtherCurrentNonfinancialLiabilities,기타유동부채,3464930427,3597325499,166,KRW
00399694,SOOP,2016,CFS,BS,재무상태표,ifrs_CurrentTaxLiabilities,당기법인세부채,2457202380,1128652107,167,KRW
00399694,SOOP,2016,CFS,BS,재무상태표,dart_ShortTermBorrowings,단기차입금,0,0,177,KRW
00399694,SOOP,2016,CFS,BS,재무상태표,ifrs_CurrentPortionOfLongtermBorrowings,유동성장기차입금,0,940000000,178,KRW
00399694,SOOP,2016,CFS,BS,재무상태표,ifrs_NoncurrentLiabilities,비유동부채,0,1175000000,182,KRW
00399694,SOOP,2016,CFS,BS,재무상태표,dart_LongTermBorrowingsGross,장기차입금,0,1175000000,192,KRW
00399694,SOOP,2016,CFS,BS,재무상태표,ifrs_Liabilities,부채총계,26121591428,19965730226,212,KRW
00399694,SOOP,2016,CFS,BS,재무상태표,dart_ContributedEquity,납입자본,5435858500,5164433500,214,KRW
00399694,SOOP,2016,CFS,BS,재무상태표,ifrs_IssuedCapital,자본금,5435858500,5164433500,215,KRW
00399694,SOOP,2016,CFS,BS,재무상태표,-표준계정코드 미사용-,자본잉여금,37717593923,33085088923,219,KRW
00399694,SOOP,2016,CFS,BS,재무상태표,-표준계정코드 미사용-,기타자본항목,-1343581630,1123078161,220,KRW
00399694,SOOP,2016,CFS,BS,재무상태표,-표준계정코드 미사용-,기타포괄손익누계액,-1287402648,-347242249,221,KRW
00399694,SOOP,2016,CFS,BS,재무상태표,ifrs_RetainedEarnings,이익잉여금,16723628568,8485328409,222,KRW
00399694,SOOP,2016,CFS,BS,재무상태표,ifrs_EquityAttributableToOwnersOfParent,지배기업의 소유주지분,57246096713,47510686744,231,KRW
00399694,SOOP,2016,CFS,BS,재무상태표,ifrs_NoncontrollingInterests,비지배지분,58708833,568412077,232,KRW
00399694,SOOP,2016,CFS,BS,재무상태표,ifrs_Equity,자본총계,57304805546,48079098821,233,KRW
00399694,SOOP,2016,CFS,BS,재무상태표,ifrs_EquityAndLiabilities,자본과부채총계,83426396974,68044829047,234,KRW
00399694,SOOP,2016,CFS,CIS,포괄손익계산서,ifrs_Revenue,수익(매출액),79830291786,62867913447,0,KRW
00399694,SOOP,2016,CFS,CIS,포괄손익계산서,-표준계정코드 미사용-,영업비용,63810194676,55233470979,16,KRW
00399694,SOOP,2016,CFS,CIS,포괄손익계산서,dart_OperatingIncomeLoss,영업이익,16020097110,7634442468,43,KRW
00399694,SOOP,2016,CFS,CIS,포괄손익계산서,ifrs_FinanceIncome,금융수익,330062404,404933085,44,KRW
00399694,SOOP,2016,CFS,CIS,포괄손익계산서,ifrs_FinanceCosts,금융원가,1862454349,1177117124,47,KRW
00399694,SOOP,2016,CFS,CIS,포괄손익계산서,dart_OtherGains,기타이익,123239400,139757283,49,KRW
00399694,SOOP,2016,CFS,CIS,포괄손익계산서,dart_OtherLosses,기타손실,1776665955,1808535668,63,KRW
00399694,SOOP,2016,CFS,CIS,포괄손익계산서,ifrs_ShareOfProfitLossOfAssociatesAndJointVenturesAccountedForUsingEquityMethod,관계기업수익,2913736,-71623916,78,KRW
00399694,SOOP,2016,CFS,CIS,포괄손익계산서,ifrs_ProfitLossBeforeTax,계속사업 법인세비용차감전이익,12837192346,5121856128,84,KRW
00399694,SOOP,2016,CFS,CIS,포괄손익계산서,ifrs_IncomeTaxExpenseContinuingOperations,법인세비용,2788807886,977213197,85,KRW
00399694,SOOP,2016,CFS,CIS,포괄손익계산서,-표준계정코드 미사용-,계속사업 이익,10048384460,4144642931,87,KRW
00399694,SOOP,2016,CFS,CIS,포괄손익계산서,-표준계정코드 미사용-,중단영업이익,0,0,89,KRW
00399694,SOOP,2016,CFS,CIS,포괄손익계산서,ifrs_ProfitLoss,당기순이익(손실),10048384460,4144642931,90,KRW
00399694,SOOP,2016,CFS,CIS,포괄손익계산서,ifrs_ProfitLossAttributableToOwnersOfParent,지배기업의소유주지분,10242629559,4935454496,92,KRW
00399694,SOOP,2016,CFS,CIS,포괄손익계산서,-표준계정코드 미사용-,계속영업이익(손실)),10242629559,4935454496,93,KRW
00399694,SOOP,2016,CFS,CIS,포괄손익계산서,-표준계정코드 미사용-,중단영업손익,0,0,94,KRW
00399694,SOOP,2016,CFS,CIS,포괄손익계산서,ifrs_ProfitLossAttributableToNoncontrollingInterests,비지배지분,-194245099,-790811565,95,KRW
00399694,SOOP,2016,CFS,CIS,포괄손익계산서,ifrs_OtherComprehensiveIncome,법인세차감후기타포괄손익,-929988628,-203119780,96,KRW
00399694,SOOP,2016,CFS,CIS,포괄손익계산서,dart_OtherComprehensiveIncomeThatWillBeReclassifiedToProfitOrLossNetOfTax,당기손익으로 재분류되는 세후기타포괄손익,-946454273,-263414494,105,KRW
00399694,SOOP,2016,CFS,CIS,포괄손익계산서,ifrs_OtherComprehensiveIncomeNetOfTaxAvailableforsaleFinancialAssets,매도가능금융자산,-946454273,-263414494,109,KRW
00399694,SOOP,2016,CFS,CIS,포괄손익계산서,ifrs_GainsLossesOnRemeasuringAvailableforsaleFinancialAssetsNetOfTax,매도가능금융자산의 세후재측정이익(손실),-907055016,-303747088,110,KRW
00399694,SOOP,2016,CFS,CIS,포괄손익계산서,ifrs_ReclassificationAdjustmentsOnAvailableforsaleFinancialAssetsNetOfTax,매도가능금융자산의 세후재분류조정,39399257,-40332594,111,KRW
00399694,SOOP,2016,CFS,CIS,포괄손익계산서,-표준계정코드 미사용-,해외사업환산손익,16465645,60294714,120,KRW
00399694,SOOP,2016,CFS,CIS,포괄손익계산서,ifrs_ComprehensiveIncome,총포괄손익,9118395832,3941523151,121,KRW
00399694,SOOP,2016,CFS,CIS,포괄손익계산서,ifrs_ComprehensiveIncomeAttributableToOwnersOfParent,지배기업의소유주지분,9302469160,4723501373,123,KRW
00399694,SOOP,2016,CFS,CIS,포괄손익계산서,ifrs_ComprehensiveIncomeAttributableToNoncontrollingInterests,비지배지분,-184073328,-781978222,124,KRW
00399694,SOOP,2016,CFS,CIS,포괄손익계산서,-표준계정코드 미사용-,기본주당순이익,995,493,128,KRW
00399694,SOOP,2016,CFS,CIS,포괄손익계산서,-표준계정코드 미사용-,희석주당순이익,952,465,130,KRW
00399694,SOOP,2016,CFS,CIS,포괄손익계산서,-표준계정코드 미사용-,기본주당순이익,,,133,KRW
00399694,SOOP,2016,CFS,CIS,포괄손익계산서,-표준계정코드 미사용-,희석주당순이익,,,135,KRW
00399694,SOOP,2016,CFS,CF,현금흐름표,ifrs_CashFlowsFromUsedInOperatingActivities,영업활동현금흐름,21486217852,15495867967,0,KRW
00399694,SOOP,2016,CFS,CF,현금흐름표,dart_ProfitLossForStatementOfCashFlows,계속영업당기순이익(손실),10048384460,4144642931,1,KRW
00399694,SOOP,2016,CFS,CF,현금흐름표,ifrs_AdjustmentsForReconcileProfitLoss,당기순이익조정을 위한 가감,12924659292,11462715325,2,KRW
00399694,SOOP,2016,CFS,CF,현금흐름표,ifrs_AdjustmentsForIncomeTaxExpense,법인세비용,2788807886,977213197,5,KRW
00399694,SOOP,2016,CFS,CF,현금흐름표,-표준계정코드 미사용-,임차료(현재가치할인차금),22892509,9538546,6,KRW
00399694,SOOP,2016,CFS,CF,현금흐름표,dart_AdjustmentsForInterestExpenses,이자비용,27919878,135243226,7,KRW
00399694,SOOP,2016,CFS,CF,현금흐름표,-표준계정코드 미사용-,급여(연차수당),98458229,0,9,KRW
00399694,SOOP,2016,CFS,CF,현금흐름표,-표준계정코드 미사용-,행사비,9570669,0,10,KRW
00399694,SOOP,2016,CFS,CF,현금흐름표,dart_AdjustmentsForInterestIncome,이자수익,180076734,186243860,11,KRW
00399694,SOOP,2016,CFS,CF,현금흐름표,-표준계정코드 미사용-,배당금수익,1848000,6835000,12,KRW
00399694,SOOP,2016,CFS,CF,현금흐름표,dart_AdjustmentsForBadDebtExpenses,대손상각비,573593111,809526560,13,KRW
00399694,SOOP,2016,CFS,CF,현금흐름표,-표준계정코드 미사용-,기타의대손상각비,0,116324028,15,KRW
00399694,SOOP,2016,CFS,CF,현금흐름표,dart_AdjustmentsForGainOnDispositionOfTangibleAssets,유형자산처분이익,4891181,2501915,16,KRW
00399694,SOOP,2016,CFS,CF,현금흐름표,dart_AdjustmentsForLossOnDispositionOfTangibleAssets,유형자산처분손실,16327844,5449003,17,KRW
00399694,SOOP,2016,CFS,CF,현금흐름표,ifrs_AdjustmentsForSharebasedPayments,주식보상비용,1900578643,1704992788,18,KRW
00399694,SOOP,2016,CFS,CF,현금흐름표,dart_AdjustmentsForDepreciationExpense,감가상각비,2122839525,1903641558,19,KRW
00399694,SOOP,2016,CFS,CF,현금흐름표,dart_AdjustmentsForAmortisationExpense,무형자산상각비,596056051,1027165374,20,KRW
00399694,SOOP,2016,CFS,CF,현금흐름표,-표준계정코드 미사용-,사채상환손실,0,0,21,KRW
00399694,SOOP,2016,CFS,CF,현금흐름표,-표준계정코드 미사용-,무형자산감액손실,1562481689,1566667810,22,KRW
00399694,SOOP,2016,CFS,CF,현금흐름표,-표준계정코드 미사용-,무형자산처분이익,83333325,0,23,KRW
00399694,SOOP,2016,CFS,CF,현금흐름표,dart_AdjustmentsForLossOnForeignExchangeTranslations,외화환산손실,6943950,116418,24,KRW
00399694,SOOP,2016,CFS,CF,현금흐름표,dart_AdjustmentsForGainOnForeignExchangeTranslations,외화환산이익,46578421,5496627,25,KRW
00399694,SOOP,2016,CFS,CF,현금흐름표,-표준계정코드 미사용-,매도가능증권처분이익,87643673,170250217,26,KRW
00399694,SOOP,2016,CFS,CF,현금흐름표,-표준계정코드 미사용-,매도가능증권처분손실,0,0,27,KRW
00399694,SOOP,2016,CFS,CF,현금흐름표,-표준계정코드 미사용-,매도가능증권감액손실,1810838377,1019571156,28,KRW
00399694,SOOP,2016,CFS,CF,현금흐름표,-표준계정코드 미사용-,사업부매각이익,0,0,29,KRW
00399694,SOOP,2016,CFS,CF,현금흐름표,-표준계정코드 미사용-,지분법평가손실,-2913736,71623916,30,KRW
00399694,SOOP,2016,CFS,CF,현금흐름표,-표준계정코드 미사용-,관계기업처분손실,0,0,31,KRW
00399694,SOOP,2016,CFS,CF,현금흐름표,-표준계정코드 미사용-,잡이익,0,-39604649,32,KRW
00399694,SOOP,2016,CFS,CF,현금흐름표,ifrs_AdjustmentsForDecreaseIncreaseInTradeAccountReceivable,매출채권의 감소(증가),508061768,-764603989,33,KRW
00399694,SOOP,2016,CFS,CF,현금흐름표,dart_AdjustmentsForDecreaseincreaseInOtherReceivables,기타채권의 감소(증가),-5932506293,-2347392364,34,KRW
00399694,SOOP,2016,CFS,CF,현금흐름표,-표준계정코드 미사용-,기타유동자산의 감소(증가),-381915774,407436963,35,KRW
00399694,SOOP,2016,CFS,CF,현금흐름표,ifrs_AdjustmentsForIncreaseDecreaseInTradeAccountPayable,매입채무의 증가(감소),-17259691,-122879890,69,KRW
00399694,SOOP,2016,CFS,CF,현금흐름표,dart_AdjustmentsForIncreasedecreaseInOtherPayables,기타채무의 증가(감소),2598206694,852784958,129,KRW
00399694,SOOP,2016,CFS,CF,현금흐름표,dart_AdjustmentsForIncreasedecreaseInOtherCurrentNonFinancialLiabilities,기타유동부채의 증가(감소),4999256082,4469315082,130,KRW
00399694,SOOP,2016,CFS,CF,현금흐름표,-표준계정코드 미사용-,해외사업환산 변동,20793215,31913253,133,KRW
00399694,SOOP,2016,CFS,CF,현금흐름표,ifrs_InterestReceivedClassifiedAsOperatingActivities,이자의 수취,160828770,169962473,162,KRW
00399694,SOOP,2016,CFS,CF,현금흐름표,ifrs_DividendsReceivedClassifiedAsOperatingActivities,배당금의 수취,1848000,6835000,163,KRW
00399694,SOOP,2016,CFS,CF,현금흐름표,-표준계정코드 미사용-,이자의 지급,-30654890,-138543732,164,KRW
00399694,SOOP,2016,CFS,CF,현금흐름표,ifrs_IncomeTaxesPaidRefundClassifiedAsOperatingActivities,법인세의 납부,1618847780,149744030,165,KRW
00399694,SOOP,2016,CFS,CF,현금흐름표,-표준계정코드 미사용-,중단사업으로 인한 현금흐름,0,0,167,KRW
00399694,SOOP,2016,CFS,CF,현금흐름표,ifrs_CashFlowsFromUsedInInvestingActivities,투자활동현금흐름,-18774859833,-4554836101,170,KRW
00399694,SOOP,2016,CFS,CF,현금흐름표,-표준계정코드 미사용-,단기대여금의 회수,64800000,493587500,171,KRW
00399694,SOOP,2016,CFS,CF,현금흐름표,-표준계정코드 미사용-,장기대여금의 회수,74400000,57600000,172,KRW
00399694,SOOP,2016,CFS,CF,현금흐름표,dart_ProceedsFromSalesOfAvailableForSaleFinancialAssets,매도가능금융자산의 처분,445876663,1036238960,173,KRW
00399694,SOOP,2016,CFS,CF,현금흐름표,-표준계정코드 미사용-,사업부의 처분,0,0,174,KRW
00399694,SOOP,2016,CFS,CF,현금흐름표,ifrs_ProceedsFromSalesOfPropertyPlantAndEquipmentClassifiedAsInvestingActivities,유형자산의 처분,85443634,40272727,175,KRW
00399694,SOOP,2016,CFS,CF,현금흐름표,ifrs_ProceedsFromSalesOfIntangibleAssetsClassifiedAsInvestingActivities,무형자산의 처분,214269048,5000000,176,KRW
00399694,SOOP,2016,CFS,CF,현금흐름표,dart_DecreaseInGuaranteeDeposits,보증금의 감소,49877687,71800870,177,KRW
00399694,SOOP,2016,CFS,CF,현금흐름표,dart_PurchaseOfShortTermFinancialInstruments,단기금융상품의 취득,9000000000,0,178,KRW
00399694,SOOP,2016,CFS,CF,현금흐름표,dart_ProceedsFromSalesOfShortTermFinancialInstruments,단기금융상품의 처분,0,26373097,179,KRW
00399694,SOOP,2016,CFS,CF,현금흐름표,dart_PurchaseOfLongTermFinancialInstruments,장기금융상품의 취득,6863965786,0,184,KRW
00399694,SOOP,2016,CFS,CF,현금흐름표,-표준계정코드 미사용-,단기대여금의 증가,65721396,0,187,KRW
00399694,SOOP,2016,CFS,CF,현금흐름표,-표준계정코드 미사용-,장기대여금의 증가,10000000,40000000,188,KRW
00399694,SOOP,2016,CFS,CF,현금흐름표,dart_PurchaseOfAvailableForSaleFinancialAssets,매도가능금융자산의 취득,482669220,1699993925,189,KRW
00399694,SOOP,2016,CFS,CF,현금흐름표,-표준계정코드 미사용-,종속기업의 추가지분 취득,605662500,0,190,KRW
00399694,SOOP,2016,CFS,CF,현금흐름표,ifrs_PurchaseOfPropertyPlantAndEquipmentClassifiedAsInvestingActivities,유형자산의 취득,2397256983,2251141654,191,KRW
00399694,SOOP,2016,CFS,CF,현금흐름표,dart_PurchaseOfIntangibleAssetsOtherThanGoodwill,무형자산의 증가,215949380,898054368,192,KRW
00399694,SOOP,2016,CFS,CF,현금흐름표,-표준계정코드 미사용-,임차보증금의 증가,0,1295470000,193,KRW
00399694,SOOP,2016,CFS,CF,현금흐름표,dart_IncreaseInGuaranteeDeposits,보증금의 증가,68301600,101049308,194,KRW
00399694,SOOP,2016,CFS,CF,현금흐름표,ifrs_CashFlowsFromUsedInFinancingActivities,재무활동현금흐름,-3300919730,-5844606783,312,KRW
00399694,SOOP,2016,CFS,CF,현금흐름표,dart_ProceedsFromShortTermBorrowings,단기차입금의 차입,0,0,313,KRW
00399694,SOOP,2016,CFS,CF,현금흐름표,dart_ProceedsFromLongTermBorrowings,장기차입금의 차입,0,0,315,KRW
00399694,SOOP,2016,CFS,CF,현금흐름표,ifrs_ProceedsFromIssuingShares,신주의 발행,4327022500,995855027,316,KRW
00399694,SOOP,2016,CFS,CF,현금흐름표,dart_RepaymentsOfShortTermBorrowings,단기차입금의 상환,0,3000000000,317,KRW
00399694,SOOP,2016,CFS,CF,현금흐름표,-표준계정코드 미사용-,유동성장기차입금의 상환,940000000,1340000000,318,KRW
00399694,SOOP,2016,CFS,CF,현금흐름표,dart_RepaymentsOfLongTermBorrowings,장기차입금의 상환,1175000000,1000000000,319,KRW
00399694,SOOP,2016,CFS,CF,현금흐름표,-표준계정코드 미사용-,신주인수권부사채의 상환,0,0,320,KRW
00399694,SOOP,2016,CFS,CF,현금흐름표,dart_AcquisitionOfTreasuryShares,자기주식의 취득,3510298350,0,321,KRW
00399694,SOOP,2016,CFS,CF,현금흐름표,ifrs_DividendsPaidClassifiedAsFinancingActivities,배당금의 지급,2002643880,1500461810,322,KRW
00399694,SOOP,2016,CFS,CF,현금흐름표,-표준계정코드 미사용-,연결범위변동으로인한감소,0,0,337,KRW
00399694,SOOP,2016,CFS,CF,현금흐름표,ifrs_IncreaseDecreaseInCashAndCashEquivalentsBeforeEffectOfExchangeRateChanges,환율변동효과 반영전 현금및현금성자산의 순증가(감소),-589561711,5096425083,338,KRW
00399694,SOOP,2016,CFS,CF,현금흐름표,dart_CashAndCashEquivalentsAtBeginningOfPeriodCf,기초현금및현금성자산,17125030820,12023374041,340,KRW
00399694,SOOP,2016,CFS,CF,현금흐름표,ifrs_EffectOfExchangeRateChangesOnCashAndCashEquivalents,현금및현금성자산에 대한 환율변동효과,22651607,5231696,341,KRW
00399694,SOOP,2016,CFS,CF,현금흐름표,dart_CashAndCashEquivalentsAtEndOfPeriodCf,기말현금및현금성자산,16558120716,17125030820,342,KRW
00399694,SOOP,2016,CFS,SCE,자본변동표,dart_EquityAtBeginningOfPeriod,기초자본,5164433500,5159433500,1,KRW
00399694,SOOP,2016,CFS,SCE,자본변동표,dart_EquityAtBeginningOfPeriod,기초자본,8485328409,5051620963,1,KRW
00399694,SOOP,2016,CFS,SCE,자본변동표,dart_EquityAtBeginningOfPeriod,기초자본,-347242249,-135289126,1,KRW
00399694,SOOP,2016,CFS,SCE,자본변동표,dart_EquityAtBeginningOfPeriod,기초자본,1123078161,-532954627,1,KRW
00399694,SOOP,2016,CFS,SCE,자본변동표,dart_EquityAtBeginningOfPeriod,기초자본,47510686744,42458439633,1,KRW
00399694,SOOP,2016,CFS,SCE,자본변동표,dart_EquityAtBeginningOfPeriod,기초자본,568412077,480035272,1,KRW
00399694,SOOP,2016,CFS,SCE,자본변동표,dart_EquityAtBeginningOfPeriod,기초자본,48079098821,42938474905,1,KRW
00399694,SOOP,2016,CFS,SCE,자본변동표,dart_EquityAtBeginningOfPeriod,기초자본,33085088923,32915628923,1,KRW
00399694,SOOP,2016,CFS,SCE,자본변동표,ifrs_ProfitLoss,당기순이익(손실),0,0,6,KRW
00399694,SOOP,2016,CFS,SCE,자본변동표,ifrs_ProfitLoss,당기순이익(손실),0,0,6,KRW
00399694,SOOP,2016,CFS,SCE,자본변동표,ifrs_ProfitLoss,당기순이익(손실),10242629559,4935454496,6,KRW
00399694,SOOP,2016,CFS,SCE,자본변동표,ifrs_ProfitLoss,당기순이익(손실),0,0,6,KRW
00399694,SOOP,2016,CFS,SCE,자본변동표,ifrs_ProfitLoss,당기순이익(손실),0,0,6,KRW
00399694,SOOP,2016,CFS,SCE,자본변동표,ifrs_ProfitLoss,당기순이익(손실),10242629559,4935454496,6,KRW
00399694,SOOP,2016,CFS,SCE,자본변동표,ifrs_ProfitLoss,당기순이익(손실),10048384460,4144642931,6,KRW
00399694,SOOP,2016,CFS,SCE,자본변동표,ifrs_ProfitLoss,당기순이익(손실),-194245099,-790811565,6,KRW
00399694,SOOP,2016,CFS,SCE,자본변동표,dart_OtherComprehensiveIncomeForStatementOfChangesInEquity,기타포괄손익,-946454273,-263414494,7,KRW
00399694,SOOP,2016,CFS,SCE,자본변동표,dart_OtherComprehensiveIncomeForStatementOfChangesInEquity,기타포괄손익,0,0,7,KRW
00399694,SOOP,2016,CFS,SCE,자본변동표,dart_OtherComprehensiveIncomeForStatementOfChangesInEquity,기타포괄손익,-946454273,-263414494,7,KRW
00399694,SOOP,2016,CFS,SCE,자본변동표,dart_OtherComprehensiveIncomeForStatementOfChangesInEquity,기타포괄손익,0,0,7,KRW
00399694,SOOP,2016,CFS,SCE,자본변동표,dart_OtherComprehensiveIncomeForStatementOfChangesInEquity,기타포괄손익,-946454273,-263414494,7,KRW
00399694,SOOP,2016,CFS,SCE,자본변동표,dart_OtherComprehensiveIncomeForStatementOfChangesInEquity,기타포괄손익,0,0,7,KRW
00399694,SOOP,2016,CFS,SCE,자본변동표,dart_OtherComprehensiveIncomeForStatementOfChangesInEquity,기타포괄손익,0,0,7,KRW
00399694,SOOP,2016,CFS,SCE,자본변동표,dart_OtherComprehensiveIncomeForStatementOfChangesInEquity,기타포괄손익,0,0,7,KRW
00399694,SOOP,2016,CFS,SCE,자본변동표,-표준계정코드 미사용-,해외사업환산손익,16465645,60294714,8,KRW
00399694,SOOP,2016,CFS,SCE,자본변동표,-표준계정코드 미사용-,해외사업환산손익,10171771,8833343,8,KRW
00399694,SOOP,2016,CFS,SCE,자본변동표,-표준계정코드 미사용-,해외사업환산손익,6293874,51461371,8,KRW
00399694,SOOP,2016,CFS,SCE,자본변동표,-표준계정코드 미사용-,해외사업환산손익,0,0,8,KRW
00399694,SOOP,2016,CFS,SCE,자본변동표,-표준계정코드 미사용-,해외사업환산손익,6293874,51461371,8,KRW
00399694,SOOP,2016,CFS,SCE,자본변동표,-표준계정코드 미사용-,해외사업환산손익,0,0,8,KRW
00399694,SOOP,2016,CFS,SCE,자본변동표,-표준계정코드 미사용-,해외사업환산손익,0,0,8,KRW
00399694,SOOP,2016,CFS,SCE,자본변동표,-표준계정코드 미사용-,해외사업환산손익,0,0,8,KRW
00399694,SOOP,2016,CFS,SCE,자본변동표,dart_ComprehensiveIncomeForStatementOfChangesInEquity,총포괄손익,-940160399,-211953123,9,KRW
00399694,SOOP,2016,CFS,SCE,자본변동표,dart_ComprehensiveIncomeForStatementOfChangesInEquity,총포괄손익,10242629559,4935454496,9,KRW
00399694,SOOP,2016,CFS,SCE,자본변동표,dart_ComprehensiveIncomeForStatementOfChangesInEquity,총포괄손익,0,0,9,KRW
00399694,SOOP,2016,CFS,SCE,자본변동표,dart_ComprehensiveIncomeForStatementOfChangesInEquity,총포괄손익,0,0,9,KRW
00399694,SOOP,2016,CFS,SCE,자본변동표,dart_ComprehensiveIncomeForStatementOfChangesInEquity,총포괄손익,9302469160,4723501373,9,KRW
00399694,SOOP,2016,CFS,SCE,자본변동표,dart_ComprehensiveIncomeForStatementOfChangesInEquity,총포괄손익,-184073328,-781978222,9,KRW
00399694,SOOP,2016,CFS,SCE,자본변동표,dart_ComprehensiveIncomeForStatementOfChangesInEquity,총포괄손익,9118395832,3941523151,9,KRW
00399694,SOOP,2016,CFS,SCE,자본변동표,dart_ComprehensiveIncomeForStatementOfChangesInEquity,총포괄손익,0,0,9,KRW
00399694,SOOP,2016,CFS,SCE,자본변동표,ifrs_DividendsPaid,연차배당의 지급,2004329400,1501747050,11,KRW
00399694,SOOP,2016,CFS,SCE,자본변동표,ifrs_DividendsPaid,연차배당의 지급,0,0,11,KRW
00399694,SOOP,2016,CFS,SCE,자본변동표,ifrs_DividendsPaid,연차배당의 지급,2004329400,1501747050,11,KRW
00399694,SOOP,2016,CFS,SCE,자본변동표,ifrs_DividendsPaid,연차배당의 지급,0,0,11,KRW
00399694,SOOP,2016,CFS,SCE,자본변동표,ifrs_DividendsPaid,연차배당의 지급,0,0,11,KRW
00399694,SOOP,2016,CFS,SCE,자본변동표,ifrs_DividendsPaid,연차배당의 지급,0,0,11,KRW
00399694,SOOP,2016,CFS,SCE,자본변동표,ifrs_DividendsPaid,연차배당의 지급,2004329400,1501747050,11,KRW
00399694,SOOP,2016,CFS,SCE,자본변동표,ifrs_DividendsPaid,연차배당의 지급,0,0,11,KRW
00399694,SOOP,2016,CFS,SCE,자본변동표,-표준계정코드 미사용-,신주인수권 행사,0,0,14,KRW
00399694,SOOP,2016,CFS,SCE,자본변동표,-표준계정코드 미사용-,신주인수권 행사,0,0,14,KRW
00399694,SOOP,2016,CFS,SCE,자본변동표,-표준계정코드 미사용-,신주인수권 행사,0,0,14,KRW
00399694,SOOP,2016,CFS,SCE,자본변동표,-표준계정코드 미사용-,신주인수권 행사,2999992500,0,14,KRW
00399694,SOOP,2016,CFS,SCE,자본변동표,-표준계정코드 미사용-,신주인수권 행사,0,0,14,KRW
00399694,SOOP,2016,CFS,SCE,자본변동표,-표준계정코드 미사용-,신주인수권 행사,2999992500,0,14,KRW
00399694,SOOP,2016,CFS,SCE,자본변동표,-표준계정코드 미사용-,신주인수권 행사,198675000,0,14,KRW
00399694,SOOP,2016,CFS,SCE,자본변동표,-표준계정코드 미사용-,신주인수권 행사,2801317500,0,14,KRW
00399694,SOOP,2016,CFS,SCE,자본변동표,-표준계정코드 미사용-,주식선택권 행사,1327030000,125500000,16,KRW
00399694,SOOP,2016,CFS,SCE,자본변동표,-표준계정코드 미사용-,주식선택권 행사,0,0,16,KRW
00399694,SOOP,2016,CFS,SCE,자본변동표,-표준계정코드 미사용-,주식선택권 행사,1327030000,125500000,16,KRW
00399694,SOOP,2016,CFS,SCE,자본변동표,-표준계정코드 미사용-,주식선택권 행사,0,0,16,KRW
00399694,SOOP,2016,CFS,SCE,자본변동표,-표준계정코드 미사용-,주식선택권 행사,0,0,16,KRW
00399694,SOOP,2016,CFS,SCE,자본변동표,-표준계정코드 미사용-,주식선택권 행사,72750000,5000000,16,KRW
00399694,SOOP,2016,CFS,SCE,자본변동표,-표준계정코드 미사용-,주식선택권 행사,1831187500,169460000,16,KRW
00399694,SOOP,2016,CFS,SCE,자본변동표,-표준계정코드 미사용-,주식선택권 행사,-576907500,-48960000,16,KRW
00399694,SOOP,2016,CFS,SCE,자본변동표,-표준계정코드 미사용-,주식보상비용의 인식,1900578643,1704992788,19,KRW
00399694,SOOP,2016,CFS,SCE,자본변동표,-표준계정코드 미사용-,주식보상비용의 인식,0,0,19,KRW
00399694,SOOP,2016,CFS,SCE,자본변동표,-표준계정코드 미사용-,주식보상비용의 인식,1900578643,1704992788,19,KRW
00399694,SOOP,2016,CFS,SCE,자본변동표,-표준계정코드 미사용-,주식보상비용의 인식,1900578643,1704992788,19,KRW
00399694,SOOP,2016,CFS,SCE,자본변동표,-표준계정코드 미사용-,주식보상비용의 인식,0,0,19,KRW
00399694,SOOP,2016,CFS,SCE,자본변동표,-표준계정코드 미사용-,주식보상비용의 인식,0,0,19,KRW
00399694,SOOP,2016,CFS,SCE,자본변동표,-표준계정코드 미사용-,주식보상비용의 인식,0,0,19,KRW
00399694,SOOP,2016,CFS,SCE,자본변동표,-표준계정코드 미사용-,주식보상비용의 인식,0,0,19,KRW
00399694,SOOP,2016,CFS,SCE,자본변동표,-표준계정코드 미사용-,자기주식의 변동,0,0,22,KRW
00399694,SOOP,2016,CFS,SCE,자본변동표,-표준계정코드 미사용-,자기주식의 변동,0,0,22,KRW
00399694,SOOP,2016,CFS,SCE,자본변동표,-표준계정코드 미사용-,자기주식의 변동,0,0,22,KRW
00399694,SOOP,2016,CFS,SCE,자본변동표,-표준계정코드 미사용-,자기주식의 변동,0,0,22,KRW
00399694,SOOP,2016,CFS,SCE,자본변동표,-표준계정코드 미사용-,자기주식의 변동,-3510298350,0,22,KRW
00399694,SOOP,2016,CFS,SCE,자본변동표,-표준계정코드 미사용-,자기주식의 변동,-3510298350,0,22,KRW
00399694,SOOP,2016,CFS,SCE,자본변동표,-표준계정코드 미사용-,자기주식의 변동,-3510298350,0,22,KRW
00399694,SOOP,2016,CFS,SCE,자본변동표,-표준계정코드 미사용-,자기주식의 변동,0,0,22,KRW
00399694,SOOP,2016,CFS,SCE,자본변동표,-표준계정코드 미사용-,연결실체의변동,0,0,24,KRW
00399694,SOOP,2016,CFS,SCE,자본변동표,-표준계정코드 미사용-,연결실체의변동,0,0,24,KRW
00399694,SOOP,2016,CFS,SCE,자본변동표,-표준계정코드 미사용-,연결실체의변동,0,0,24,KRW
00399694,SOOP,2016,CFS,SCE,자본변동표,-표준계정코드 미사용-,연결실체의변동,0,0,24,KRW
00399694,SOOP,2016,CFS,SCE,자본변동표,-표준계정코드 미사용-,연결실체의변동,-280032584,0,24,KRW
00399694,SOOP,2016,CFS,SCE,자본변동표,-표준계정코드 미사용-,연결실체의변동,-280032584,0,24,KRW
00399694,SOOP,2016,CFS,SCE,자본변동표,-표준계정코드 미사용-,연결실체의변동,-325629916,870355027,24,KRW
00399694,SOOP,2016,CFS,SCE,자본변동표,-표준계정코드 미사용-,연결실체의변동,-605662500,870355027,24,KRW
00399694,SOOP,2016,CFS,SCE,자본변동표,ifrs_Equity,기말자본,37717593923,33085088923,25,KRW
00399694,SOOP,2016,CFS,SCE,자본변동표,ifrs_Equity,기말자본,57304805546,48079098821,25,KRW
00399694,SOOP,2016,CFS,SCE,자본변동표,ifrs_Equity,기말자본,58708833,568412077,25,KRW
00399694,SOOP,2016,CFS,SCE,자본변동표,ifrs_Equity,기말자본,57246096713,47510686744,25,KRW
00399694,SOOP,2016,CFS,SCE,자본변동표,ifrs_Equity,기말자본,-1343581630,1123078161,25,KRW
00399694,SOOP,2016,CFS,SCE,자본변동표,ifrs_Equity,기말자본,-1287402648,-347242249,25,KRW
00399694,SOOP,2016,CFS,SCE,자본변동표,ifrs_Equity,기말자본,16723628568,8485328409,25,KRW
00399694,SOOP,2016,CFS,SCE,자본변동표,ifrs_Equity,기말자본,5435858500,5164433500,25,KRW
00399694,SOOP,2016,OFS,BS,재무상태표,ifrs_CurrentAssets,유동자산,48876242926,35657674864,1,KRW
00399694,SOOP,2016,OFS,BS,재무상태표,ifrs_CashAndCashEquivalents,현금및현금성자산,14294985307,15504040588,2,KRW
00399694,SOOP,2016,OFS,BS,재무상태표,ifrs_OtherCurrentFinancialAssets,기타유동금융자산,9344974860,281410558,13,KRW
00399694,SOOP,2016,OFS,BS,재무상태표,ifrs_TradeAndOtherCurrentReceivables,매출채권및기타채권,24015648387,19223140933,21,KRW
00399694,SOOP,2016,OFS,BS,재무상태표,ifrs_OtherCurrentNonfinancialAssets,기타유동자산,1220634372,649082785,35,KRW
00399694,SOOP,2016,OFS,BS,재무상태표,ifrs_CurrentTaxAssets,당기법인세자산,0,0,36,KRW
00399694,SOOP,2016,OFS,BS,재무상태표,ifrs_NoncurrentAssets,비유동자산,40877216965,35219791321,61,KRW
00399694,SOOP,2016,OFS,BS,재무상태표,ifrs_OtherNoncurrentFinancialAssets,기타비유동금융자산,11745545936,8708915299,62,KRW
00399694,SOOP,2016,OFS,BS,재무상태표,ifrs_InvestmentsInSubsidiariesJointVenturesAndAssociates,종속기업및관계기업 투자,9669820673,6833335089,70,KRW
00399694,SOOP,2016,OFS,BS,재무상태표,ifrs_PropertyPlantAndEquipment,유형자산,11965199864,11775106533,74,KRW
00399694,SOOP,2016,OFS,BS,재무상태표,ifrs_IntangibleAssetsOtherThanGoodwill,무형자산,2295503639,3132407230,114,KRW
00399694,SOOP,2016,OFS,BS,재무상태표,dart_LongTermTradeAndOtherNonCurrentReceivablesGross,기타비유동채권,2495254501,2515599600,133,KRW
00399694,SOOP,2016,OFS,BS,재무상태표,ifrs_OtherNoncurrentNonfinancialAssets,기타비유동자산,28615641,51508150,151,KRW
00399694,SOOP,2016,OFS,BS,재무상태표,ifrs_DeferredTaxAssets,이연법인세자산,2677276711,2202919420,158,KRW
00399694,SOOP,2016,OFS,BS,재무상태표,ifrs_Assets,자산총계,89753459891,70877466185,159,KRW
00399694,SOOP,2016,OFS,BS,재무상태표,ifrs_CurrentLiabilities,유동부채,25695060415,18385270390,161,KRW
00399694,SOOP,2016,OFS,BS,재무상태표,ifrs_TradeAndOtherCurrentPayables,매입채무및기타채무,19857679370,12748490387,162,KRW
00399694,SOOP,2016,OFS,BS,재무상태표,ifrs_OtherCurrentNonfinancialLiabilities,기타유동부채,3380178665,3568127896,170,KRW
00399694,SOOP,2016,OFS,BS,재무상태표,ifrs_CurrentTaxLiabilities,당기법인세부채,2457202380,1128652107,171,KRW
00399694,SOOP,2016,OFS,BS,재무상태표,dart_ShortTermBorrowings,단기차입금,0,0,172,KRW
00399694,SOOP,2016,OFS,BS,재무상태표,ifrs_CurrentPortionOfLongtermBorrowings,유동성장기차입금,0,940000000,173,KRW
00399694,SOOP,2016,OFS,BS,재무상태표,ifrs_NoncurrentLiabilities,비유동부채,0,1175000000,186,KRW
00399694,SOOP,2016,OFS,BS,재무상태표,dart_LongTermBorrowingsGross,장기차입금,0,1175000000,187,KRW
00399694,SOOP,2016,OFS,BS,재무상태표,ifrs_Liabilities,부채총계,25695060415,19560270390,216,KRW
00399694,SOOP,2016,OFS,BS,재무상태표,dart_ContributedEquity,납입자본,5435858500,5164433500,218,KRW
00399694,SOOP,2016,OFS,BS,재무상태표,ifrs_IssuedCapital,자본금,5435858500,5164433500,219,KRW
00399694,SOOP,2016,OFS,BS,재무상태표,-표준계정코드 미사용-,자본잉여금,37717593923,33085088923,223,KRW
00399694,SOOP,2016,OFS,BS,재무상태표,-표준계정코드 미사용-,기타자본항목,-1063549046,1123078161,224,KRW
00399694,SOOP,2016,OFS,BS,재무상태표,-표준계정코드 미사용-,기타포괄손익누계액,-1243433519,-296979246,225,KRW
00399694,SOOP,2016,OFS,BS,재무상태표,ifrs_RetainedEarnings,이익잉여금,23211929618,12241574457,226,KRW
00399694,SOOP,2016,OFS,BS,재무상태표,ifrs_Equity,자본총계,64058399476,51317195795,235,KRW
00399694,SOOP,2016,OFS,BS,재무상태표,ifrs_EquityAndLiabilities,자본과부채총계,89753459891,70877466185,236,KRW
00399694,SOOP,2016,OFS,CIS,포괄손익계산서,ifrs_Revenue,수익(매출액),78984486256,62368597018,0,KRW
00399694,SOOP,2016,OFS,CIS,포괄손익계산서,-표준계정코드 미사용-,영업비용,59687524316,51418291903,16,KRW
00399694,SOOP,2016,OFS,CIS,포괄손익계산서,dart_OperatingIncomeLoss,영업이익,19296961940,10950305115,42,KRW
00399694,SOOP,2016,OFS,CIS,포괄손익계산서,ifrs_FinanceIncome,금융수익,325325524,423176394,44,KRW
00399694,SOOP,2016,OFS,CIS,포괄손익계산서,ifrs_FinanceCosts,금융원가,1860644390,1159023933,47,KRW
00399694,SOOP,2016,OFS,CIS,포괄손익계산서,dart_OtherGains,기타이익,137628427,127895042,49,KRW
00399694,SOOP,2016,OFS,CIS,포괄손익계산서,dart_OtherLosses,기타손실,2204007233,1898660567,63,KRW
00399694,SOOP,2016,OFS,CIS,포괄손익계산서,ifrs_ProfitLossBeforeTax,계속사업 법인세비용차감전이익,15695264268,8443692051,85,KRW
00399694,SOOP,2016,OFS,CIS,포괄손익계산서,ifrs_IncomeTaxExpenseContinuingOperations,법인세비용,2720579707,888426283,86,KRW
00399694,SOOP,2016,OFS,CIS,포괄손익계산서,-표준계정코드 미사용-,계속사업 이익,12974684561,7555265768,87,KRW
00399694,SOOP,2016,OFS,CIS,포괄손익계산서,-표준계정코드 미사용-,중단영업이익,0,0,89,KRW
00399694,SOOP,2016,OFS,CIS,포괄손익계산서,ifrs_ProfitLoss,당기순이익(손실),12974684561,7555265768,91,KRW
00399694,SOOP,2016,OFS,CIS,포괄손익계산서,ifrs_OtherComprehensiveIncome,법인세차감후기타포괄손익,-946454273,-263414494,92,KRW
00399694,SOOP,2016,OFS,CIS,포괄손익계산서,dart_OtherComprehensiveIncomeThatWillBeReclassifiedToProfitOrLossNetOfTax,당기손익으로 재분류되는 세후기타포괄손익,-946454273,-263414494,101,KRW
00399694,SOOP,2016,OFS,CIS,포괄손익계산서,ifrs_OtherComprehensiveIncomeNetOfTaxAvailableforsaleFinancialAssets,매도가능금융자산,-946454273,-263414494,105,KRW
00399694,SOOP,2016,OFS,CIS,포괄손익계산서,ifrs_GainsLossesOnRemeasuringAvailableforsaleFinancialAssetsNetOfTax,매도가능금융자산의 세후재측정이익(손실),-907055016,-303747088,106,KRW
00399694,SOOP,2016,OFS,CIS,포괄손익계산서,ifrs_ReclassificationAdjustmentsOnAvailableforsaleFinancialAssetsNetOfTax,매도가능금융자산의 세후재분류조정,39399257,-40332594,107,KRW
00399694,SOOP,2016,OFS,CIS,포괄손익계산서,ifrs_ComprehensiveIncome,총포괄손익,12028230288,7291851274,116,KRW
00399694,SOOP,2016,OFS,CIS,포괄손익계산서,-표준계정코드 미사용-,기본주당순이익,1260,754,120,KRW
00399694,SOOP,2016,OFS,CIS,포괄손익계산서,-표준계정코드 미사용-,희석주당순이익,1206,711,122,KRW
00399694,SOOP,2016,OFS,CIS,포괄손익계산서,-표준계정코드 미사용-,기본주당순이익,0,0,125,KRW
00399694,SOOP,2016,OFS,CIS,포괄손익계산서,-표준계정코드 미사용-,희석주당순이익,0,0,127,KRW
00399694,SOOP,2016,OFS,CF,현금흐름표,ifrs_CashFlowsFromUsedInOperatingActivities,영업활동현금흐름,23825131272,18306984908,0,KRW
00399694,SOOP,2016,OFS,CF,현금흐름표,dart_ProfitLossForStatementOfCashFlows,계속영업당기순이익(손실),12974684561,7555265768,1,KRW
00399694,SOOP,2016,OFS,CF,현금흐름표,ifrs_AdjustmentsForReconcileProfitLoss,당기순이익조정을 위한 가감,12322185291,10871642491,2,KRW
00399694,SOOP,2016,OFS,CF,현금흐름표,ifrs_AdjustmentsForIncomeTaxExpense,법인세비용,2720579707,888426283,5,KRW
00399694,SOOP,2016,OFS,CF,현금흐름표,dart_AdjustmentsForInterestExpenses,이자비용,27919878,134859674,6,KRW
00399694,SOOP,2016,OFS,CF,현금흐름표,dart_AdjustmentsForInterestIncome,이자수익,177599087,177407667,8,KRW
00399694,SOOP,2016,OFS,CF,현금흐름표,-표준계정코드 미사용-,배당금수익,1848000,6835000,9,KRW
00399694,SOOP,2016,OFS,CF,현금흐름표,dart_AdjustmentsForBadDebtExpenses,대손상각비,543593111,809526560,10,KRW
00399694,SOOP,2016,OFS,CF,현금흐름표,-표준계정코드 미사용-,기타의대손상각비,0,116324028,12,KRW
00399694,SOOP,2016,OFS,CF,현금흐름표,-표준계정코드 미사용-,급여(연차수당),98458229,0,13,KRW
00399694,SOOP,2016,OFS,CF,현금흐름표,dart_AdjustmentsForGainOnDispositionOfTangibleAssets,유형자산처분이익,4891181,2501915,14,KRW
00399694,SOOP,2016,OFS,CF,현금흐름표,dart_AdjustmentsForLossOnDispositionOfTangibleAssets,유형자산처분손실,16327844,5449003,15,KRW
00399694,SOOP,2016,OFS,CF,현금흐름표,ifrs_AdjustmentsForSharebasedPayments,주식보상비용,1900578643,1704992788,16,KRW
00399694,SOOP,2016,OFS,CF,현금흐름표,dart_AdjustmentsForDepreciationExpense,감가상각비,2075499862,1876944913,17,KRW
00399694,SOOP,2016,OFS,CF,현금흐름표,dart_AdjustmentsForAmortisationExpense,무형자산상각비,465786296,1002128294,18,KRW
00399694,SOOP,2016,OFS,CF,현금흐름표,-표준계정코드 미사용-,비현금지급임차료,22892509,9538546,19,KRW
00399694,SOOP,2016,OFS,CF,현금흐름표,-표준계정코드 미사용-,무형자산처분이익,112933325,0,20,KRW
00399694,SOOP,2016,OFS,CF,현금흐름표,-표준계정코드 미사용-,무형자산감액손실,0,1166667810,21,KRW
00399694,SOOP,2016,OFS,CF,현금흐름표,dart_AdjustmentsForLossOnForeignExchangeTranslations,외화환산손실,6943950,292194,22,KRW
00399694,SOOP,2016,OFS,CF,현금흐름표,dart_AdjustmentsForGainOnForeignExchangeTranslations,외화환산이익,46578421,32872897,23,KRW
00399694,SOOP,2016,OFS,CF,현금흐름표,-표준계정코드 미사용-,관계기업투자손상차손,2060555953,500000000,24,KRW
00399694,SOOP,2016,OFS,CF,현금흐름표,-표준계정코드 미사용-,매도가능증권처분이익,87643673,170250217,25,KRW
00399694,SOOP,2016,OFS,CF,현금흐름표,-표준계정코드 미사용-,지분법적용투자주식처분손실,0,0,26,KRW
00399694,SOOP,2016,OFS,CF,현금흐름표,-표준계정코드 미사용-,매도가능증권감액손실,1810838377,1019571156,27,KRW
00399694,SOOP,2016,OFS,CF,현금흐름표,-표준계정코드 미사용-,지분법평가손실,0,0,28,KRW
00399694,SOOP,2016,OFS,CF,현금흐름표,-표준계정코드 미사용-,사업부매각이익,0,0,29,KRW
00399694,SOOP,2016,OFS,CF,현금흐름표,-표준계정코드 미사용-,잡이익,0,39604649,42,KRW
00399694,SOOP,2016,OFS,CF,현금흐름표,ifrs_AdjustmentsForDecreaseIncreaseInTradeAccountReceivable,매출채권의 감소(증가),477788051,-747383488,58,KRW
00399694,SOOP,2016,OFS,CF,현금흐름표,dart_AdjustmentsForDecreaseincreaseInOtherReceivables,기타채권의 감소(증가),-5902988143,-2297441344,59,KRW
00399694,SOOP,2016,OFS,CF,현금흐름표,-표준계정코드 미사용-,기타유동자산의 감소(증가),-396947139,419069744,60,KRW
00399694,SOOP,2016,OFS,CF,현금흐름표,ifrs_AdjustmentsForIncreaseDecreaseInTradeAccountPayable,매입채무의 증가(감소),-14905815,-166457939,65,KRW
00399694,SOOP,2016,OFS,CF,현금흐름표,dart_AdjustmentsForIncreasedecreaseInOtherPayables,기타채무의 증가(감소),1913512986,378550123,67,KRW
00399694,SOOP,2016,OFS,CF,현금흐름표,dart_AdjustmentsForIncreasedecreaseInOtherCurrentNonFinancialLiabilities,기타유동부채의 증가(감소),4927244679,4480056491,139,KRW
00399694,SOOP,2016,OFS,CF,현금흐름표,ifrs_InterestReceivedClassifiedAsOperatingActivities,이자의 수취,156506394,161126280,159,KRW
00399694,SOOP,2016,OFS,CF,현금흐름표,ifrs_DividendsReceivedClassifiedAsOperatingActivities,배당금의 수취,1848000,6835000,160,KRW
00399694,SOOP,2016,OFS,CF,현금흐름표,-표준계정코드 미사용-,이자의 지급,-30654890,-138160180,162,KRW
00399694,SOOP,2016,OFS,CF,현금흐름표,ifrs_IncomeTaxesPaidRefundClassifiedAsOperatingActivities,법인세의 납부,1599438084,149724451,163,KRW
00399694,SOOP,2016,OFS,CF,현금흐름표,-표준계정코드 미사용-,중단사업으로 인한 현금흐름,0,0,165,KRW
00399694,SOOP,2016,OFS,CF,현금흐름표,ifrs_CashFlowsFromUsedInInvestingActivities,투자활동현금흐름,-21755918430,-7358627280,166,KRW
00399694,SOOP,2016,OFS,CF,현금흐름표,-표준계정코드 미사용-,단기대여금의 회수,64800000,493587500,167,KRW
00399694,SOOP,2016,OFS,CF,현금흐름표,-표준계정코드 미사용-,장기대여금의 회수,74400000,57600000,168,KRW
00399694,SOOP,2016,OFS,CF,현금흐름표,dart_ProceedsFromSalesOfAvailableForSaleFinancialAssets,매도가능금융자산의 처분,445876663,1036238960,169,KRW
00399694,SOOP,2016,OFS,CF,현금흐름표,-표준계정코드 미사용-,사업부의 처분,0,0,170,KRW
00399694,SOOP,2016,OFS,CF,현금흐름표,ifrs_ProceedsFromSalesOfPropertyPlantAndEquipmentClassifiedAsInvestingActivities,유형자산의 처분,85443634,40272727,171,KRW
00399694,SOOP,2016,OFS,CF,현금흐름표,ifrs_ProceedsFromSalesOfIntangibleAssetsClassifiedAsInvestingActivities,무형자산의 처분,700000000,5000000,172,KRW
00399694,SOOP,2016,OFS,CF,현금흐름표,dart_DecreaseInGuaranteeDeposits,보증금의 감소,44110000,42800870,177,KRW
00399694,SOOP,2016,OFS,CF,현금흐름표,-표준계정코드 미사용-,단기대여금의 증가,137363700,0,178,KRW
00399694,SOOP,2016,OFS,CF,현금흐름표,-표준계정코드 미사용-,장기대여금의 증가,10000000,40000000,179,KRW
00399694,SOOP,2016,OFS,CF,현금흐름표,dart_PurchaseOfAvailableForSaleFinancialAssets,매도가능금융자산의 취득,482669220,1699993925,180,KRW
00399694,SOOP,2016,OFS,CF,현금흐름표,dart_PurchaseOfInvestmentsInAssociates,관계기업투자의 취득,4897041537,3013758357,181,KRW
00399694,SOOP,2016,OFS,CF,현금흐름표,ifrs_PurchaseOfPropertyPlantAndEquipmentClassifiedAsInvestingActivities,유형자산의 취득,2362473490,2166791055,184,KRW
00399694,SOOP,2016,OFS,CF,현금흐름표,-표준계정코드 미사용-,단기금융상품의 증가,9000000000,0,185,KRW
00399694,SOOP,2016,OFS,CF,현금흐름표,-표준계정코드 미사용-,장기금융상품의 증가,6000000000,0,186,KRW
00399694,SOOP,2016,OFS,CF,현금흐름표,dart_PurchaseOfIntangibleAssetsOtherThanGoodwill,무형자산의 증가,215949380,736260000,187,KRW
00399694,SOOP,2016,OFS,CF,현금흐름표,-표준계정코드 미사용-,임차보증금의 증가,0,1295470000,188,KRW
00399694,SOOP,2016,OFS,CF,현금흐름표,dart_IncreaseInGuaranteeDeposits,보증금의 증가,65051400,81854000,189,KRW
00399694,SOOP,2016,OFS,CF,현금흐름표,-표준계정코드 미사용-,중단사업으로 인한 현금흐름,0,0,191,KRW
00399694,SOOP,2016,OFS,CF,현금흐름표,ifrs_CashFlowsFromUsedInFinancingActivities,재무활동현금흐름,-3300919730,-6714961810,310,KRW
00399694,SOOP,2016,OFS,CF,현금흐름표,dart_ProceedsFromShortTermBorrowings,단기차입금의 차입,0,0,311,KRW
00399694,SOOP,2016,OFS,CF,현금흐름표,dart_ProceedsFromLongTermBorrowings,장기차입금의 차입,0,0,312,KRW
00399694,SOOP,2016,OFS,CF,현금흐름표,ifrs_ProceedsFromIssuingShares,신주의 발행,4327022500,125500000,313,KRW
00399694,SOOP,2016,OFS,CF,현금흐름표,dart_RepaymentsOfShortTermBorrowings,단기차입금의 상환,0,3000000000,316,KRW
00399694,SOOP,2016,OFS,CF,현금흐름표,dart_RepaymentsOfLongTermBorrowings,장기차입금의 상환,1175000000,1000000000,317,KRW
00399694,SOOP,2016,OFS,CF,현금흐름표,-표준계정코드 미사용-,유동성장기차입금의 상환,940000000,1340000000,318,KRW
00399694,SOOP,2016,OFS,CF,현금흐름표,-표준계정코드 미사용-,신주인수권부사채의 상환,0,0,319,KRW
00399694,SOOP,2016,OFS,CF,현금흐름표,dart_AcquisitionOfTreasuryShares,자기주식의 취득,3510298350,0,320,KRW
00399694,SOOP,2016,OFS,CF,현금흐름표,ifrs_DividendsPaidClassifiedAsFinancingActivities,배당금의 지급,2002643880,1500461810,321,KRW
00399694,SOOP,2016,OFS,CF,현금흐름표,ifrs_IncreaseDecreaseInCashAndCashEquivalentsBeforeEffectOfExchangeRateChanges,환율변동효과 반영전 현금및현금성자산의 순증가(감소),-1231706888,4233395818,335,KRW
00399694,SOOP,2016,OFS,CF,현금흐름표,dart_CashAndCashEquivalentsAtBeginningOfPeriodCf,기초현금및현금성자산,15504040588,11265413074,337,KRW
00399694,SOOP,2016,OFS,CF,현금흐름표,ifrs_EffectOfExchangeRateChangesOnCashAndCashEquivalents,현금및현금성자산에 대한 환율변동효과,22651607,5231696,338,KRW
00399694,SOOP,2016,OFS,CF,현금흐름표,dart_CashAndCashEquivalentsAtEndOfPeriodCf,기말현금및현금성자산,14294985307,15504040588,339,KRW
00399694,SOOP,2016,OFS,SCE,자본변동표,dart_EquityAtBeginningOfPeriod,기초자본,5164433500,5159433500,1,KRW
00399694,SOOP,2016,OFS,SCE,자본변동표,dart_EquityAtBeginningOfPeriod,기초자본,12241574457,6188055739,1,KRW
00399694,SOOP,2016,OFS,SCE,자본변동표,dart_EquityAtBeginningOfPeriod,기초자본,-296979246,-33564752,1,KRW
00399694,SOOP,2016,OFS,SCE,자본변동표,dart_EquityAtBeginningOfPeriod,기초자본,1123078161,-532954627,1,KRW
00399694,SOOP,2016,OFS,SCE,자본변동표,dart_EquityAtBeginningOfPeriod,기초자본,51317195795,43696598783,1,KRW
00399694,SOOP,2016,OFS,SCE,자본변동표,dart_EquityAtBeginningOfPeriod,기초자본,33085088923,32915628923,1,KRW
00399694,SOOP,2016,OFS,SCE,자본변동표,ifrs_ProfitLoss,당기순이익(손실),0,0,6,KRW
00399694,SOOP,2016,OFS,SCE,자본변동표,ifrs_ProfitLoss,당기순이익(손실),0,0,6,KRW
00399694,SOOP,2016,OFS,SCE,자본변동표,ifrs_ProfitLoss,당기순이익(손실),12974684561,7555265768,6,KRW
00399694,SOOP,2016,OFS,SCE,자본변동표,ifrs_ProfitLoss,당기순이익(손실),0,0,6,KRW
00399694,SOOP,2016,OFS,SCE,자본변동표,ifrs_ProfitLoss,당기순이익(손실),12974684561,7555265768,6,KRW
00399694,SOOP,2016,OFS,SCE,자본변동표,ifrs_ProfitLoss,당기순이익(손실),0,0,6,KRW
00399694,SOOP,2016,OFS,SCE,자본변동표,dart_OtherComprehensiveIncomeForStatementOfChangesInEquity,기타포괄손익,-946454273,-263414494,7,KRW
00399694,SOOP,2016,OFS,SCE,자본변동표,dart_OtherComprehensiveIncomeForStatementOfChangesInEquity,기타포괄손익,0,0,7,KRW
00399694,SOOP,2016,OFS,SCE,자본변동표,dart_OtherComprehensiveIncomeForStatementOfChangesInEquity,기타포괄손익,-946454273,-263414494,7,KRW
00399694,SOOP,2016,OFS,SCE,자본변동표,dart_OtherComprehensiveIncomeForStatementOfChangesInEquity,기타포괄손익,0,0,7,KRW
00399694,SOOP,2016,OFS,SCE,자본변동표,dart_OtherComprehensiveIncomeForStatementOfChangesInEquity,기타포괄손익,0,0,7,KRW
00399694,SOOP,2016,OFS,SCE,자본변동표,dart_OtherComprehensiveIncomeForStatementOfChangesInEquity,기타포괄손익,0,0,7,KRW
00399694,SOOP,2016,OFS,SCE,자본변동표,dart_ComprehensiveIncomeForStatementOfChangesInEquity,총포괄손익,0,0,8,KRW
00399694,SOOP,2016,OFS,SCE,자본변동표,dart_ComprehensiveIncomeForStatementOfChangesInEquity,총포괄손익,0,0,8,KRW
00399694,SOOP,2016,OFS,SCE,자본변동표,dart_ComprehensiveIncomeForStatementOfChangesInEquity,총포괄손익,12974684561,7555265768,8,KRW
00399694,SOOP,2016,OFS,SCE,자본변동표,dart_ComprehensiveIncomeForStatementOfChangesInEquity,총포괄손익,-946454273,-263414494,8,KRW
00399694,SOOP,2016,OFS,SCE,자본변동표,dart_ComprehensiveIncomeForStatementOfChangesInEquity,총포괄손익,12028230288,7291851274,8,KRW
00399694,SOOP,2016,OFS,SCE,자본변동표,dart_ComprehensiveIncomeForStatementOfChangesInEquity,총포괄손익,0,0,8,KRW
00399694,SOOP,2016,OFS,SCE,자본변동표,ifrs_DividendsPaid,연차배당의 지급,0,0,10,KRW
00399694,SOOP,2016,OFS,SCE,자본변동표,ifrs_DividendsPaid,연차배당의 지급,0,0,10,KRW
00399694,SOOP,2016,OFS,SCE,자본변동표,ifrs_DividendsPaid,연차배당의 지급,2004329400,1501747050,10,KRW
00399694,SOOP,2016,OFS,SCE,자본변동표,ifrs_DividendsPaid,연차배당의 지급,0,0,10,KRW
00399694,SOOP,2016,OFS,SCE,자본변동표,ifrs_DividendsPaid,연차배당의 지급,0,0,10,KRW
00399694,SOOP,2016,OFS,SCE,자본변동표,ifrs_DividendsPaid,연차배당의 지급,2004329400,1501747050,10,KRW
00399694,SOOP,2016,OFS,SCE,자본변동표,-표준계정코드 미사용-,신주인수권행사,0,0,16,KRW
00399694,SOOP,2016,OFS,SCE,자본변동표,-표준계정코드 미사용-,신주인수권행사,2999992500,0,16,KRW
00399694,SOOP,2016,OFS,SCE,자본변동표,-표준계정코드 미사용-,신주인수권행사,0,0,16,KRW
00399694,SOOP,2016,OFS,SCE,자본변동표,-표준계정코드 미사용-,신주인수권행사,2801317500,0,16,KRW
00399694,SOOP,2016,OFS,SCE,자본변동표,-표준계정코드 미사용-,신주인수권행사,198675000,0,16,KRW
00399694,SOOP,2016,OFS,SCE,자본변동표,-표준계정코드 미사용-,신주인수권행사,0,0,16,KRW
00399694,SOOP,2016,OFS,SCE,자본변동표,-표준계정코드 미사용-,주식선택권행사,72750000,5000000,17,KRW
00399694,SOOP,2016,OFS,SCE,자본변동표,-표준계정코드 미사용-,주식선택권행사,0,0,17,KRW
00399694,SOOP,2016,OFS,SCE,자본변동표,-표준계정코드 미사용-,주식선택권행사,1327030000,125500000,17,KRW
00399694,SOOP,2016,OFS,SCE,자본변동표,-표준계정코드 미사용-,주식선택권행사,-576907500,-48960000,17,KRW
00399694,SOOP,2016,OFS,SCE,자본변동표,-표준계정코드 미사용-,주식선택권행사,0,0,17,KRW
00399694,SOOP,2016,OFS,SCE,자본변동표,-표준계정코드 미사용-,주식선택권행사,1831187500,169460000,17,KRW
00399694,SOOP,2016,OFS,SCE,자본변동표,-표준계정코드 미사용-,주식보상비용의 인식,1900578643,1704992788,18,KRW
00399694,SOOP,2016,OFS,SCE,자본변동표,-표준계정코드 미사용-,주식보상비용의 인식,0,0,18,KRW
00399694,SOOP,2016,OFS,SCE,자본변동표,-표준계정코드 미사용-,주식보상비용의 인식,1900578643,1704992788,18,KRW
00399694,SOOP,2016,OFS,SCE,자본변동표,-표준계정코드 미사용-,주식보상비용의 인식,0,0,18,KRW
00399694,SOOP,2016,OFS,SCE,자본변동표,-표준계정코드 미사용-,주식보상비용의 인식,0,0,18,KRW
00399694,SOOP,2016,OFS,SCE,자본변동표,-표준계정코드 미사용-,주식보상비용의 인식,0,0,18,KRW
00399694,SOOP,2016,OFS,SCE,자본변동표,-표준계정코드 미사용-,자기주식의 취득,0,0,20,KRW
00399694,SOOP,2016,OFS,SCE,자본변동표,-표준계정코드 미사용-,자기주식의 취득,0,0,20,KRW
00399694,SOOP,2016,OFS,SCE,자본변동표,-표준계정코드 미사용-,자기주식의 취득,0,0,20,KRW
00399694,SOOP,2016,OFS,SCE,자본변동표,-표준계정코드 미사용-,자기주식의 취득,-3510298350,0,20,KRW
00399694,SOOP,2016,OFS,SCE,자본변동표,-표준계정코드 미사용-,자기주식의 취득,-3510298350,0,20,KRW
00399694,SOOP,2016,OFS,SCE,자본변동표,-표준계정코드 미사용-,자기주식의 취득,0,0,20,KRW
00399694,SOOP,2016,OFS,SCE,자본변동표,ifrs_Equity,기말자본,5435858500,5164433500,23,KRW
00399694,SOOP,2016,OFS,SCE,자본변동표,ifrs_Equity,기말자본,23211929618,12241574457,23,KRW
00399694,SOOP,2016,OFS,SCE,자본변동표,ifrs_Equity,기말자본,-1243433519,-296979246,23,KRW
00399694,SOOP,2016,OFS,SCE,자본변동표,ifrs_Equity,기말자본,-1063549046,1123078161,23,KRW
00399694,SOOP,2016,OFS,SCE,자본변동표,ifrs_Equity,기말자본,64058399476,51317195795,23,KRW
00399694,SOOP,2016,OFS,SCE,자본변동표,ifrs_Equity,기말자본,37717593923,33085088923,23,KRW
00399694,SOOP,2017,CFS,BS,재무상태표,ifrs_CurrentAssets,유동자산,63375196543,50207534073,1,KRW
00399694,SOOP,2017,CFS,BS,재무상태표,ifrs_CashAndCashEquivalents,현금및현금성자산,23004085915,16558120716,2,KRW
00399694,SOOP,2017,CFS,BS,재무상태표,dart_ShortTermDepositsNotClassifiedAsCashEquivalents,단기금융상품,10000000000,9000000000,3,KRW
00399694,SOOP,2017,CFS,BS,재무상태표,ifrs_TradeAndOtherCurrentReceivables,매출채권 및 기타채권,28540895248,23036786372,4,KRW
00399694,SOOP,2017,CFS,BS,재무상태표,dart_CurrentAvailableForSaleFinancialAssets,유동매도가능금융자산,207965796,344974860,5,KRW
00399694,SOOP,2017,CFS,BS,재무상태표,dart_OtherCurrentAssets,기타유동자산,1621879564,1257361365,6,KRW
00399694,SOOP,2017,CFS,BS,재무상태표,ifrs_CurrentTaxAssets,당기법인세자산,370020,10290760,7,KRW
00399694,SOOP,2017,CFS,BS,재무상태표,ifrs_NoncurrentAssets,비유동자산,40066959875,33218862901,8,KRW
00399694,SOOP,2017,CFS,BS,재무상태표,dart_LongTermDepositsNotClassifiedAsCashEquivalents,장기금융상품,6002500000,6856895117,9,KRW
00399694,SOOP,2017,CFS,BS,재무상태표,dart_NonCurrentAvailableForSaleFinancialAssets,비유동매도가능금융자산,6642166318,5743045936,10,KRW
00399694,SOOP,2017,CFS,BS,재무상태표,ifrs_InvestmentAccountedForUsingEquityMethod,지분법적용 투자지분,607971735,641920473,11,KRW
00399694,SOOP,2017,CFS,BS,재무상태표,ifrs_PropertyPlantAndEquipment,유형자산,13899655604,12050021277,12,KRW
00399694,SOOP,2017,CFS,BS,재무상태표,ifrs_IntangibleAssetsOtherThanGoodwill,무형자산,2357466594,2778358232,13,KRW
00399694,SOOP,2017,CFS,BS,재무상태표,dart_GoodwillGross,영업권,0,2501251411,14,KRW
00399694,SOOP,2017,CFS,BS,재무상태표,dart_AccumulatedImpairmentLossGoodwillGross,손상차손누계액,0,2501251411,15,KRW
00399694,SOOP,2017,CFS,BS,재무상태표,dart_LongTermTradeAndOtherNonCurrentReceivablesGross,기타비유동채권,9023668217,2560101895,16,KRW
00399694,SOOP,2017,CFS,BS,재무상태표,dart_OtherNonCurrentAssets,기타비유동자산,84640998,29202008,17,KRW
00399694,SOOP,2017,CFS,BS,재무상태표,ifrs_DeferredTaxAssets,이연법인세자산,1448890409,2559317963,18,KRW
00399694,SOOP,2017,CFS,BS,재무상태표,ifrs_Assets,자산총계,103442156418,83426396974,19,KRW
00399694,SOOP,2017,CFS,BS,재무상태표,ifrs_CurrentLiabilities,유동부채,33334044109,26121591428,21,KRW
00399694,SOOP,2017,CFS,BS,재무상태표,ifrs_TradeAndOtherCurrentPayables,매입채무 및 기타채무,27425706812,20199458621,22,KRW
00399694,SOOP,2017,CFS,BS,재무상태표,dart_OtherCurrentLiabilities,기타유동부채,4919673559,3464930427,23,KRW
00399694,SOOP,2017,CFS,BS,재무상태표,ifrs_CurrentTaxLiabilities,당기법인세부채,988663738,2457202380,24,KRW
00399694,SOOP,2017,CFS,BS,재무상태표,ifrs_CurrentPortionOfLongtermBorrowings,유동성장기차입금,0,0,25,KRW
00399694,SOOP,2017,CFS,BS,재무상태표,ifrs_NoncurrentLiabilities,비유동부채,0,0,26,KRW
00399694,SOOP,2017,CFS,BS,재무상태표,dart_LongTermBorrowingsGross,장기차입금,0,0,27,KRW
00399694,SOOP,2017,CFS,BS,재무상태표,ifrs_Liabilities,부채총계,33334044109,26121591428,28,KRW
00399694,SOOP,2017,CFS,BS,재무상태표,ifrs_EquityAttributableToOwnersOfParent,지배기업의 소유주에게 귀속되는 자본,69672712147,57246096713,30,KRW
00399694,SOOP,2017,CFS,BS,재무상태표,ifrs_IssuedCapital,자본금,5652533500,5435858500,31,KRW
00399694,SOOP,2017,CFS,BS,재무상태표,dart_CapitalSurplus,자본잉여금,41012563543,37717593923,32,KRW
00399694,SOOP,2017,CFS,BS,재무상태표,dart_ElementsOfOtherStockholdersEquity,기타자본구성요소,-4518345342,-1343581630,33,KRW
00399694,SOOP,2017,CFS,BS,재무상태표,dart_OtherComprehensiveIncomeLossAccumulatedAmount,기타포괄손익누계액,-922764052,-1287402648,34,KRW
00399694,SOOP,2017,CFS,BS,재무상태표,ifrs_RetainedEarnings,이익잉여금(결손금),28448724498,16723628568,35,KRW
00399694,SOOP,2017,CFS,BS,재무상태표,ifrs_NoncontrollingInterests,비지배지분,435400162,58708833,36,KRW
00399694,SOOP,2017,CFS,BS,재무상태표,ifrs_Equity,자본총계,70108112309,57304805546,37,KRW
00399694,SOOP,2017,CFS,BS,재무상태표,ifrs_EquityAndLiabilities,자본과부채총계,103442156418,83426396974,38,KRW
00399694,SOOP,2017,CFS,CIS,포괄손익계산서,ifrs_Revenue,영업수익,94552464738,79830291786,0,KRW
00399694,SOOP,2017,CFS,CIS,포괄손익계산서,dart_OperatingExpenses,영업비용,76229498086,63810194676,1,KRW
00399694,SOOP,2017,CFS,CIS,포괄손익계산서,dart_OperatingIncomeLoss,영업이익(손실),18322966652,16020097110,2,KRW
00399694,SOOP,2017,CFS,CIS,포괄손익계산서,ifrs_FinanceIncome,금융수익,468049972,330062404,3,KRW
00399694,SOOP,2017,CFS,CIS,포괄손익계산서,ifrs_FinanceCosts,금융원가,255935631,1862454349,4,KRW
00399694,SOOP,2017,CFS,CIS,포괄손익계산서,dart_OtherGains,기타이익,50713492,126153136,5,KRW
00399694,SOOP,2017,CFS,CIS,포괄손익계산서,dart_OtherLosses,기타손실,519341681,1776665955,6,KRW
00399694,SOOP,2017,CFS,CIS,포괄손익계산서,ifrs_ProfitLossBeforeTax,법인세비용차감전순이익(손실),18066452804,12837192346,7,KRW
00399694,SOOP,2017,CFS,CIS,포괄손익계산서,ifrs_IncomeTaxExpenseContinuingOperations,법인세비용,3407255738,2788807886,8,KRW
00399694,SOOP,2017,CFS,CIS,포괄손익계산서,ifrs_ProfitLossFromContinuingOperations,계속영업이익(손실),14659197066,10048384460,9,KRW
00399694,SOOP,2017,CFS,CIS,포괄손익계산서,ifrs_ProfitLossFromDiscontinuedOperations,중단영업이익(손실),0,0,10,KRW
00399694,SOOP,2017,CFS,CIS,포괄손익계산서,ifrs_ProfitLoss,당기순이익(손실),14659197066,10048384460,11,KRW
00399694,SOOP,2017,CFS,CIS,포괄손익계산서,ifrs_OtherComprehensiveIncome,기타포괄손익,364638596,-929988628,12,KRW
00399694,SOOP,2017,CFS,CIS,포괄손익계산서,dart_OtherComprehensiveIncomeThatWillBeReclassifiedToProfitOrLossNetOfTax,당기손익으로 재분류될 수 있는 항목(세후기타포괄손익),364638596,-929988628,13,KRW
00399694,SOOP,2017,CFS,CIS,포괄손익계산서,ifrs_GainsLossesOnRemeasuringAvailableforsaleFinancialAssetsNetOfTax,매도가능금융자산평가손익(세후기타포괄손익),345804734,-907055016,14,KRW
00399694,SOOP,2017,CFS,CIS,포괄손익계산서,ifrs_ReclassificationAdjustmentsOnAvailableforsaleFinancialAssetsNetOfTax,매도가능금융자산평가손익의 세후재분류조정,,39399257,15,KRW
00399694,SOOP,2017,CFS,CIS,포괄손익계산서,ifrs_GainsLossesOnExchangeDifferencesOnTranslationNetOfTax,해외사업장환산외환차이(세후기타포괄손익),18833862,16465645,16,KRW
00399694,SOOP,2017,CFS,CIS,포괄손익계산서,ifrs_ReclassificationAdjustmentsOnExchangeDifferencesOnTranslationNetOfTax,해외사업장환산외환차이 세후재분류조정,0,0,17,KRW
00399694,SOOP,2017,CFS,CIS,포괄손익계산서,ifrs_ComprehensiveIncome,총포괄손익,15023835662,9118395832,18,KRW
00399694,SOOP,2017,CFS,CIS,포괄손익계산서,ifrs_ProfitLossAttributableToOwnersOfParent,지배기업의 소유주에게 귀속되는 당기순이익(손실),14744824170,10242629559,20,KRW
00399694,SOOP,2017,CFS,CIS,포괄손익계산서,ifrs_ProfitLossAttributableToNoncontrollingInterests,비지배지분에 귀속되는 당기순이익(손실),-85627104,-194245099,21,KRW
00399694,SOOP,2017,CFS,CIS,포괄손익계산서,ifrs_ComprehensiveIncomeAttributableToOwnersOfParent,"총 포괄손익, 지배기업의 소유주에게 귀속되는 지분",15109462766,9302469160,23,KRW
00399694,SOOP,2017,CFS,CIS,포괄손익계산서,ifrs_ComprehensiveIncomeAttributableToNoncontrollingInterests,"총 포괄손익, 비지배지분",-85627104,-184073328,24,KRW
00399694,SOOP,2017,CFS,CIS,포괄손익계산서,ifrs_BasicEarningsLossPerShare,기본주당이익(손실),1418,995,26,KRW
00399694,SOOP,2017,CFS,CIS,포괄손익계산서,ifrs_DilutedEarningsLossPerShare,희석주당이익(손실),1382,952,27,KRW
00399694,SOOP,2017,CFS,CF,현금흐름표,ifrs_CashFlowsFromUsedInOperatingActivities,영업활동현금흐름,21254543789,21486217852,0,KRW
00399694,SOOP,2017,CFS,CF,현금흐름표,dart_ProfitLossForStatementOfCashFlows,당기순이익(손실),14659197066,10048384460,1,KRW
00399694,SOOP,2017,CFS,CF,현금흐름표,ifrs_AdjustmentsForReconcileProfitLoss,당기순이익조정을 위한 가감,8168817764,11130023291,2,KRW
00399694,SOOP,2017,CFS,CF,현금흐름표,ifrs_AdjustmentsForIncomeTaxExpense,법인세비용,3407255738,2788807886,3,KRW
00399694,SOOP,2017,CFS,CF,현금흐름표,dart_AdjustmentsForInterestExpenses,이자비용,0,27919878,4,KRW
00399694,SOOP,2017,CFS,CF,현금흐름표,-표준계정코드 미사용-,급여(연차수당),70620998,98458229,5,KRW
00399694,SOOP,2017,CFS,CF,현금흐름표,dart_AdjustmentsForBadDebtExpenses,대손상각비,508436866,573593111,6,KRW
00399694,SOOP,2017,CFS,CF,현금흐름표,dart_AdjustmentsForOtherBadDebtExpenses,기타의 대손상각비,30000000,0,7,KRW
00399694,SOOP,2017,CFS,CF,현금흐름표,dart_AdjustmentsForShareBasedPayment,주식보상비용,1160876788,1900578643,8,KRW
00399694,SOOP,2017,CFS,CF,현금흐름표,dart_AdjustmentsForLossesOfAssociatesAndJointVenturesAccountedForUsingEquityMethod,지분법손실,33948738,0,9,KRW
00399694,SOOP,2017,CFS,CF,현금흐름표,dart_AdjustmentsForProfitsOfAssociatesAndJointVenturesAccountedForUsingEquityMethod,지분법이익,0,2913736,10,KRW
00399694,SOOP,2017,CFS,CF,현금흐름표,dart_AdjustmentsForLossesOnDisposalsofInvestmentsInAssociates,종속기업처분손실,25121045,0,11,KRW
00399694,SOOP,2017,CFS,CF,현금흐름표,dart_AdjustmentsForImpairmentLossesOnAvailableForSaleFinancialAssets,매도가능증권손상차손,100000000,1810838377,12,KRW
00399694,SOOP,2017,CFS,CF,현금흐름표,dart_AdjustmentsForGainOnForeignExchangeTranslations,외화환산이익,,46578421,13,KRW
00399694,SOOP,2017,CFS,CF,현금흐름표,dart_AdjustmentsForLossesOnForeignExchangeTranslations,외화환산손실,109487502,6943950,14,KRW
00399694,SOOP,2017,CFS,CF,현금흐름표,-표준계정코드 미사용-,지급임차료,42187890,22892509,15,KRW
00399694,SOOP,2017,CFS,CF,현금흐름표,dart_AdjustmentsForDepreciationExpense,감가상각비,2546659258,2122839525,16,KRW
00399694,SOOP,2017,CFS,CF,현금흐름표,dart_AdjustmentsForAmortisationExpense,무형자산상각비,291254206,596056051,17,KRW
00399694,SOOP,2017,CFS,CF,현금흐름표,dart_AdjustmentsForImpairmentLossesOfIntangibleAssets,무형자산손상차손,223673541,1562481689,18,KRW
00399694,SOOP,2017,CFS,CF,현금흐름표,-표준계정코드 미사용-,행사비,28719329,9570669,19,KRW
00399694,SOOP,2017,CFS,CF,현금흐름표,dart_AdjustmentsForInterestIncome,이자수익,455523246,180076734,20,KRW
00399694,SOOP,2017,CFS,CF,현금흐름표,-표준계정코드 미사용-,배당금수익,0,1848000,21,KRW
00399694,SOOP,2017,CFS,CF,현금흐름표,dart_AdjustmentsForLossesOnDisposalsOfFinancialAssets,매도가능증권처분손익,30468084,-87643673,22,KRW
00399694,SOOP,2017,CFS,CF,현금흐름표,dart_AdjustmentsForGainOnDispositionOfTangibleAssets,유형자산처분이익,10848831,4891181,23,KRW
00399694,SOOP,2017,CFS,CF,현금흐름표,dart_AdjustmentsForLossesOnDispositionOfPropertyPlantAndEquipment,유형자산처분손실,8008714,16327844,24,KRW
00399694,SOOP,2017,CFS,CF,현금흐름표,dart_AdjustmentsForGainsOnDisposalsOfIntangibleAssets,무형자산처분이익,0,83333325,25,KRW
00399694,SOOP,2017,CFS,CF,현금흐름표,dart_AdjustmentsForMiscellaneousLosses,잡손실,18471144,0,26,KRW
00399694,SOOP,2017,CFS,CF,현금흐름표,dart_AdjustmentsForMiscellaneousIncome,잡이익,0,0,27,KRW
00399694,SOOP,2017,CFS,CF,현금흐름표,dart_AdjustmentsForAssetsLiabilitiesOfOperatingActivities,영업활동으로인한자산ㆍ부채의변동,1930575357,1794636001,28,KRW
00399694,SOOP,2017,CFS,CF,현금흐름표,ifrs_AdjustmentsForDecreaseIncreaseInTradeAccountReceivable,매출채권의 감소(증가),294623837,508061768,29,KRW
00399694,SOOP,2017,CFS,CF,현금흐름표,ifrs_AdjustmentsForDecreaseIncreaseInOtherOperatingReceivables,기타채권의감소(증가),-5849637286,-5932506293,30,KRW
00399694,SOOP,2017,CFS,CF,현금흐름표,dart_AdjustmentsForDecreaseIncreaseInOtherCurrentAssets,기타유동자산의 감소(증가),-1045848670,-381915774,31,KRW
00399694,SOOP,2017,CFS,CF,현금흐름표,ifrs_AdjustmentsForIncreaseDecreaseInTradeAccountPayable,매입채무의 증가(감소),-244194466,-17259691,32,KRW
00399694,SOOP,2017,CFS,CF,현금흐름표,ifrs_AdjustmentsForIncreaseDecreaseInOtherOperatingPayables,기타채무의증가(감소),6763092455,2598206694,33,KRW
00399694,SOOP,2017,CFS,CF,현금흐름표,dart_AdjustmentsForIncreaseDecreaseInOtherCurrentLiabilities,기타유동부채의 증가(감소),2001423165,4999256082,34,KRW
00399694,SOOP,2017,CFS,CF,현금흐름표,-표준계정코드 미사용-,해외사업환산 변동,11116322,20793215,35,KRW
00399694,SOOP,2017,CFS,CF,현금흐름표,ifrs_InterestReceivedClassifiedAsOperatingActivities,이자의 수취,348949346,160828770,37,KRW
00399694,SOOP,2017,CFS,CF,현금흐름표,ifrs_DividendsReceivedClassifiedAsOperatingActivities,배당금의 수취,0,1848000,38,KRW
00399694,SOOP,2017,CFS,CF,현금흐름표,ifrs_InterestPaidClassifiedAsOperatingActivities,이자의 지급,0,30654890,39,KRW
00399694,SOOP,2017,CFS,CF,현금흐름표,ifrs_IncomeTaxesPaidRefundClassifiedAsOperatingActivities,법인세의 납부,3852995744,1618847780,40,KRW
00399694,SOOP,2017,CFS,CF,현금흐름표,ifrs_CashFlowsFromUsedInInvestingActivities,투자활동현금흐름,-11463583800,-18774859833,41,KRW
00399694,SOOP,2017,CFS,CF,현금흐름표,-표준계정코드 미사용-,단기대여금의 감소,46800000,64800000,42,KRW
00399694,SOOP,2017,CFS,CF,현금흐름표,-표준계정코드 미사용-,장기대여금의 회수,322900000,74400000,43,KRW
00399694,SOOP,2017,CFS,CF,현금흐름표,dart_ProceedsFromSalesOfAvailableForSaleFinancialAssets,매도가능증권의 처분,151180000,445876663,44,KRW
00399694,SOOP,2017,CFS,CF,현금흐름표,-표준계정코드 미사용-,투자예치금의 감소,1018707460,0,45,KRW
00399694,SOOP,2017,CFS,CF,현금흐름표,ifrs_ProceedsFromSalesOfPropertyPlantAndEquipmentClassifiedAsInvestingActivities,유형자산의 처분,33181818,85443634,46,KRW
00399694,SOOP,2017,CFS,CF,현금흐름표,ifrs_ProceedsFromSalesOfIntangibleAssetsClassifiedAsInvestingActivities,무형자산의 처분,4580469,214269048,47,KRW
00399694,SOOP,2017,CFS,CF,현금흐름표,-표준계정코드 미사용-,보증금의 감소,254775751,49877687,48,KRW
00399694,SOOP,2017,CFS,CF,현금흐름표,dart_DecreaseInGuaranteeDeposits,임차보증금의 감소,20000000,0,49,KRW
00399694,SOOP,2017,CFS,CF,현금흐름표,-표준계정코드 미사용-,단기대여금의 증가,120000000,65721396,50,KRW
00399694,SOOP,2017,CFS,CF,현금흐름표,-표준계정코드 미사용-,장기대여금의 증가,360000000,10000000,51,KRW
00399694,SOOP,2017,CFS,CF,현금흐름표,dart_PurchaseOfAvailableForSaleFinancialAssets,매도가능증권의 취득,600420000,482669220,52,KRW
00399694,SOOP,2017,CFS,CF,현금흐름표,dart_PurchaseOfInvestmentsInSubsidiaries,종속기업에 대한 투자지분의 취득,0,605662500,53,KRW
00399694,SOOP,2017,CFS,CF,현금흐름표,ifrs_PurchaseOfPropertyPlantAndEquipmentClassifiedAsInvestingActivities,유형자산의 취득,4434716395,2397256983,54,KRW
00399694,SOOP,2017,CFS,CF,현금흐름표,ifrs_PurchaseOfIntangibleAssetsClassifiedAsInvestingActivities,무형자산의 취득,153122000,215949380,55,KRW
00399694,SOOP,2017,CFS,CF,현금흐름표,-표준계정코드 미사용-,단기금융상품의 순증가,1000000000,9000000000,56,KRW
00399694,SOOP,2017,CFS,CF,현금흐름표,dart_PurchaseOfLongTermFinancialInstruments,장기금융상품의 취득,0,6863965786,57,KRW
00399694,SOOP,2017,CFS,CF,현금흐름표,-표준계정코드 미사용-,투자예치금의 취득,3877500000,0,58,KRW
00399694,SOOP,2017,CFS,CF,현금흐름표,-표준계정코드 미사용-,보증금의 증가,2461566100,68301600,59,KRW
00399694,SOOP,2017,CFS,CF,현금흐름표,-표준계정코드 미사용-,연결실체변동으로 인한 감소,594166,0,60,KRW
00399694,SOOP,2017,CFS,CF,현금흐름표,dart_IncreaseInGuaranteeDeposits,임차보증금의 증가,307790637,0,61,KRW
00399694,SOOP,2017,CFS,CF,현금흐름표,ifrs_CashFlowsFromUsedInFinancingActivities,재무활동현금흐름,-3343451750,-3300919730,62,KRW
00399694,SOOP,2017,CFS,CF,현금흐름표,dart_ProceedsFromExerciseOfShareOptions,주식선택권행사,358786000,1327030000,63,KRW
00399694,SOOP,2017,CFS,CF,현금흐름표,dart_ProceedsFromExerciseOfConvertibleRightOrWarrant,신주인수권 행사,2997012620,2999992500,64,KRW
00399694,SOOP,2017,CFS,CF,현금흐름표,ifrs_ProceedsFromIssuingShares,비지배주주의 자본불입,500000000,0,65,KRW
00399694,SOOP,2017,CFS,CF,현금흐름표,ifrs_RepaymentsOfBorrowingsClassifiedAsFinancingActivities,유동성장기차입금의 상환,0,940000000,66,KRW
00399694,SOOP,2017,CFS,CF,현금흐름표,dart_RepaymentsOfLongTermBorrowings,장기차입금의 상환,0,1175000000,67,KRW
00399694,SOOP,2017,CFS,CF,현금흐름표,dart_RepaymentsOfShortTermBorrowings,단기차입금의 상환,0,0,68,KRW
00399694,SOOP,2017,CFS,CF,현금흐름표,dart_DecreaseInGuaranteeDepositsAsFinancialActivities,임대보증금의 감소,2400000,0,69,KRW
00399694,SOOP,2017,CFS,CF,현금흐름표,dart_AcquisitionOfTreasuryShares,자기주식의 취득,4179794500,3510298350,70,KRW
00399694,SOOP,2017,CFS,CF,현금흐름표,ifrs_DividendsPaidClassifiedAsFinancingActivities,배당금의 지급,3017055870,2002643880,71,KRW
00399694,SOOP,2017,CFS,CF,현금흐름표,ifrs_EffectOfExchangeRateChangesOnCashAndCashEquivalents,현금및현금성자산에 대한 환율변동효과,-1543040,22651607,72,KRW
00399694,SOOP,2017,CFS,CF,현금흐름표,ifrs_IncreaseDecreaseInCashAndCashEquivalents,현금및현금성자산의순증가(감소),6445965199,-566910104,73,KRW
00399694,SOOP,2017,CFS,CF,현금흐름표,dart_CashAndCashEquivalentsAtBeginningOfPeriodCf,기초현금및현금성자산,16558120716,17125030820,74,KRW
00399694,SOOP,2017,CFS,CF,현금흐름표,dart_CashAndCashEquivalentsAtEndOfPeriodCf,기말현금및현금성자산,23004085915,16558120716,75,KRW
00399694,SOOP,2017,CFS,SCE,자본변동표,dart_EquityAtBeginningOfPeriod,기초자본,-1287402648,-347242249,1,KRW
00399694,SOOP,2017,CFS,SCE,자본변동표,dart_EquityAtBeginningOfPeriod,기초자본,16723628568,8485328409,1,KRW
00399694,SOOP,2017,CFS,SCE,자본변동표,dart_EquityAtBeginningOfPeriod,기초자본,5435858500,5164433500,1,KRW
00399694,SOOP,2017,CFS,SCE,자본변동표,dart_EquityAtBeginningOfPeriod,기초자본,-1343581630,1123078161,1,KRW
00399694,SOOP,2017,CFS,SCE,자본변동표,dart_EquityAtBeginningOfPeriod,기초자본,57246096713,47510686744,1,KRW
00399694,SOOP,2017,CFS,SCE,자본변동표,dart_EquityAtBeginningOfPeriod,기초자본,58708833,568412077,1,KRW
00399694,SOOP,2017,CFS,SCE,자본변동표,dart_EquityAtBeginningOfPeriod,기초자본,57304805546,48079098821,1,KRW
00399694,SOOP,2017,CFS,SCE,자본변동표,dart_EquityAtBeginningOfPeriod,기초자본,37717593923,33085088923,1,KRW
00399694,SOOP,2017,CFS,SCE,자본변동표,ifrs_ProfitLoss,당기순이익(손실),14744824170,10242629559,2,KRW
00399694,SOOP,2017,CFS,SCE,자본변동표,ifrs_ProfitLoss,당기순이익(손실),-85627104,-194245099,2,KRW
00399694,SOOP,2017,CFS,SCE,자본변동표,ifrs_ProfitLoss,당기순이익(손실),14659197066,10048384460,2,KRW
00399694,SOOP,2017,CFS,SCE,자본변동표,ifrs_ProfitLoss,당기순이익(손실),0,0,2,KRW
00399694,SOOP,2017,CFS,SCE,자본변동표,ifrs_ProfitLoss,당기순이익(손실),0,0,2,KRW
00399694,SOOP,2017,CFS,SCE,자본변동표,ifrs_ProfitLoss,당기순이익(손실),0,0,2,KRW
00399694,SOOP,2017,CFS,SCE,자본변동표,ifrs_ProfitLoss,당기순이익(손실),14744824170,10242629559,2,KRW
00399694,SOOP,2017,CFS,SCE,자본변동표,ifrs_ProfitLoss,당기순이익(손실),0,0,2,KRW
00399694,SOOP,2017,CFS,SCE,자본변동표,dart_OtherComprehensiveIncomeForStatementOfChangesInEquity,기타포괄손익,0,10171771,3,KRW
00399694,SOOP,2017,CFS,SCE,자본변동표,dart_OtherComprehensiveIncomeForStatementOfChangesInEquity,기타포괄손익,364638596,-940160399,3,KRW
00399694,SOOP,2017,CFS,SCE,자본변동표,dart_OtherComprehensiveIncomeForStatementOfChangesInEquity,기타포괄손익,0,0,3,KRW
00399694,SOOP,2017,CFS,SCE,자본변동표,dart_OtherComprehensiveIncomeForStatementOfChangesInEquity,기타포괄손익,0,0,3,KRW
00399694,SOOP,2017,CFS,SCE,자본변동표,dart_OtherComprehensiveIncomeForStatementOfChangesInEquity,기타포괄손익,0,0,3,KRW
00399694,SOOP,2017,CFS,SCE,자본변동표,dart_OtherComprehensiveIncomeForStatementOfChangesInEquity,기타포괄손익,0,0,3,KRW
00399694,SOOP,2017,CFS,SCE,자본변동표,dart_OtherComprehensiveIncomeForStatementOfChangesInEquity,기타포괄손익,364638596,-940160399,3,KRW
00399694,SOOP,2017,CFS,SCE,자본변동표,dart_OtherComprehensiveIncomeForStatementOfChangesInEquity,기타포괄손익,364638596,-929988628,3,KRW
00399694,SOOP,2017,CFS,SCE,자본변동표,ifrs_DividendsPaid,배당금지급,0,,4,KRW
00399694,SOOP,2017,CFS,SCE,자본변동표,ifrs_DividendsPaid,배당금지급,0,,4,KRW
00399694,SOOP,2017,CFS,SCE,자본변동표,ifrs_DividendsPaid,배당금지급,3019728240,2004329400,4,KRW
00399694,SOOP,2017,CFS,SCE,자본변동표,ifrs_DividendsPaid,배당금지급,0,0,4,KRW
00399694,SOOP,2017,CFS,SCE,자본변동표,ifrs_DividendsPaid,배당금지급,0,0,4,KRW
00399694,SOOP,2017,CFS,SCE,자본변동표,ifrs_DividendsPaid,배당금지급,3019728240,2004329400,4,KRW
00399694,SOOP,2017,CFS,SCE,자본변동표,ifrs_DividendsPaid,배당금지급,0,0,4,KRW
00399694,SOOP,2017,CFS,SCE,자본변동표,ifrs_DividendsPaid,배당금지급,3019728240,2004329400,4,KRW
00399694,SOOP,2017,CFS,SCE,자본변동표,ifrs_IssueOfEquity,지분의 발행,3355798620,4327022500,5,KRW
00399694,SOOP,2017,CFS,SCE,자본변동표,ifrs_IssueOfEquity,지분의 발행,0,0,5,KRW
00399694,SOOP,2017,CFS,SCE,자본변동표,ifrs_IssueOfEquity,지분의 발행,3355798620,4327022500,5,KRW
00399694,SOOP,2017,CFS,SCE,자본변동표,ifrs_IssueOfEquity,지분의 발행,-155846000,-576907500,5,KRW
00399694,SOOP,2017,CFS,SCE,자본변동표,ifrs_IssueOfEquity,지분의 발행,0,0,5,KRW
00399694,SOOP,2017,CFS,SCE,자본변동표,ifrs_IssueOfEquity,지분의 발행,0,0,5,KRW
00399694,SOOP,2017,CFS,SCE,자본변동표,ifrs_IssueOfEquity,지분의 발행,216675000,271425000,5,KRW
00399694,SOOP,2017,CFS,SCE,자본변동표,ifrs_IssueOfEquity,지분의 발행,3294969620,4632505000,5,KRW
00399694,SOOP,2017,CFS,SCE,자본변동표,dart_ShareBasedPaymentTransactions,주식기준보상거래,1160876788,1900578643,6,KRW
00399694,SOOP,2017,CFS,SCE,자본변동표,dart_ShareBasedPaymentTransactions,주식기준보상거래,0,0,6,KRW
00399694,SOOP,2017,CFS,SCE,자본변동표,dart_ShareBasedPaymentTransactions,주식기준보상거래,1160876788,1900578643,6,KRW
00399694,SOOP,2017,CFS,SCE,자본변동표,dart_ShareBasedPaymentTransactions,주식기준보상거래,1160876788,1900578643,6,KRW
00399694,SOOP,2017,CFS,SCE,자본변동표,dart_ShareBasedPaymentTransactions,주식기준보상거래,0,,6,KRW
00399694,SOOP,2017,CFS,SCE,자본변동표,dart_ShareBasedPaymentTransactions,주식기준보상거래,0,,6,KRW
00399694,SOOP,2017,CFS,SCE,자본변동표,dart_ShareBasedPaymentTransactions,주식기준보상거래,0,,6,KRW
00399694,SOOP,2017,CFS,SCE,자본변동표,dart_ShareBasedPaymentTransactions,주식기준보상거래,0,,6,KRW
00399694,SOOP,2017,CFS,SCE,자본변동표,dart_TreasuryShareTransactions,자기주식 거래로 인한 증감,0,0,7,KRW
00399694,SOOP,2017,CFS,SCE,자본변동표,dart_TreasuryShareTransactions,자기주식 거래로 인한 증감,0,0,7,KRW
00399694,SOOP,2017,CFS,SCE,자본변동표,dart_TreasuryShareTransactions,자기주식 거래로 인한 증감,0,0,7,KRW
00399694,SOOP,2017,CFS,SCE,자본변동표,dart_TreasuryShareTransactions,자기주식 거래로 인한 증감,-4179794500,-3510298350,7,KRW
00399694,SOOP,2017,CFS,SCE,자본변동표,dart_TreasuryShareTransactions,자기주식 거래로 인한 증감,-4179794500,-3510298350,7,KRW
00399694,SOOP,2017,CFS,SCE,자본변동표,dart_TreasuryShareTransactions,자기주식 거래로 인한 증감,0,0,7,KRW
00399694,SOOP,2017,CFS,SCE,자본변동표,dart_TreasuryShareTransactions,자기주식 거래로 인한 증감,-4179794500,-3510298350,7,KRW
00399694,SOOP,2017,CFS,SCE,자본변동표,dart_TreasuryShareTransactions,자기주식 거래로 인한 증감,0,0,7,KRW
00399694,SOOP,2017,CFS,SCE,자본변동표,dart_ChangesInConsolidatedCompanies,연결대상범위의 변동,0,0,8,KRW
00399694,SOOP,2017,CFS,SCE,자본변동표,dart_ChangesInConsolidatedCompanies,연결대상범위의 변동,0,0,8,KRW
00399694,SOOP,2017,CFS,SCE,자본변동표,dart_ChangesInConsolidatedCompanies,연결대상범위의 변동,0,0,8,KRW
00399694,SOOP,2017,CFS,SCE,자본변동표,dart_ChangesInConsolidatedCompanies,연결대상범위의 변동,0,,8,KRW
00399694,SOOP,2017,CFS,SCE,자본변동표,dart_ChangesInConsolidatedCompanies,연결대상범위의 변동,0,-280032584,8,KRW
00399694,SOOP,2017,CFS,SCE,자본변동표,dart_ChangesInConsolidatedCompanies,연결대상범위의 변동,0,-280032584,8,KRW
00399694,SOOP,2017,CFS,SCE,자본변동표,dart_ChangesInConsolidatedCompanies,연결대상범위의 변동,462318433,-605662500,8,KRW
00399694,SOOP,2017,CFS,SCE,자본변동표,dart_ChangesInConsolidatedCompanies,연결대상범위의 변동,462318433,-325629916,8,KRW
00399694,SOOP,2017,CFS,SCE,자본변동표,ifrs_ChangesInEquity,자본 증가(감소) 합계,12803306763,9225706725,9,KRW
00399694,SOOP,2017,CFS,SCE,자본변동표,ifrs_ChangesInEquity,자본 증가(감소) 합계,376691329,-509703244,9,KRW
00399694,SOOP,2017,CFS,SCE,자본변동표,ifrs_ChangesInEquity,자본 증가(감소) 합계,3294969620,4632505000,9,KRW
00399694,SOOP,2017,CFS,SCE,자본변동표,ifrs_ChangesInEquity,자본 증가(감소) 합계,216675000,271425000,9,KRW
00399694,SOOP,2017,CFS,SCE,자본변동표,ifrs_ChangesInEquity,자본 증가(감소) 합계,11725095930,8238300159,9,KRW
00399694,SOOP,2017,CFS,SCE,자본변동표,ifrs_ChangesInEquity,자본 증가(감소) 합계,364638596,-940160399,9,KRW
00399694,SOOP,2017,CFS,SCE,자본변동표,ifrs_ChangesInEquity,자본 증가(감소) 합계,-3174763712,-2466659791,9,KRW
00399694,SOOP,2017,CFS,SCE,자본변동표,ifrs_ChangesInEquity,자본 증가(감소) 합계,12426615434,9735409969,9,KRW
00399694,SOOP,2017,CFS,SCE,자본변동표,ifrs_Equity,기말자본,70108112309,57304805546,10,KRW
00399694,SOOP,2017,CFS,SCE,자본변동표,ifrs_Equity,기말자본,5652533500,5435858500,10,KRW
00399694,SOOP,2017,CFS,SCE,자본변동표,ifrs_Equity,기말자본,28448724498,16723628568,10,KRW
00399694,SOOP,2017,CFS,SCE,자본변동표,ifrs_Equity,기말자본,-922764052,-1287402648,10,KRW
00399694,SOOP,2017,CFS,SCE,자본변동표,ifrs_Equity,기말자본,-4518345342,-1343581630,10,KRW
00399694,SOOP,2017,CFS,SCE,자본변동표,ifrs_Equity,기말자본,69672712147,57246096713,10,KRW
00399694,SOOP,2017,CFS,SCE,자본변동표,ifrs_Equity,기말자본,435400162,58708833,10,KRW
00399694,SOOP,2017,CFS,SCE,자본변동표,ifrs_Equity,기말자본,41012563543,37717593923,10,KRW
00399694,SOOP,2017,OFS,BS,재무상태표,ifrs_CurrentAssets,유동자산,64084412877,48876242926,1,KRW
00399694,SOOP,2017,OFS,BS,재무상태표,ifrs_CashAndCashEquivalents,현금및현금성자산,21279646840,14294985307,2,KRW
00399694,SOOP,2017,OFS,BS,재무상태표,dart_ShortTermDepositsNotClassifiedAsCashEquivalents,단기금융상품,10000000000,9000000000,3,KRW
00399694,SOOP,2017,OFS,BS,재무상태표,ifrs_TradeAndOtherCurrentReceivables,매출채권 및 기타채권,30702576825,24015648387,4,KRW
00399694,SOOP,2017,OFS,BS,재무상태표,dart_CurrentAvailableForSaleFinancialAssets,유동매도가능금융자산,207965796,344974860,5,KRW
00399694,SOOP,2017,OFS,BS,재무상태표,dart_OtherCurrentAssets,기타유동자산,1894223416,1220634372,6,KRW
00399694,SOOP,2017,OFS,BS,재무상태표,ifrs_NoncurrentAssets,비유동자산,43368877415,40877216965,7,KRW
00399694,SOOP,2017,OFS,BS,재무상태표,dart_LongTermDepositsNotClassifiedAsCashEquivalents,장기금융상품,6002500000,6002500000,8,KRW
00399694,SOOP,2017,OFS,BS,재무상태표,dart_NonCurrentAvailableForSaleFinancialAssets,비유동매도가능금융자산,6642166318,5743045936,9,KRW
00399694,SOOP,2017,OFS,BS,재무상태표,dart_LongTermTradeAndOtherNonCurrentReceivablesGross,기타비유동채권,4980507481,2495254501,10,KRW
00399694,SOOP,2017,OFS,BS,재무상태표,ifrs_PropertyPlantAndEquipment,유형자산,13776482138,11965199864,11,KRW
00399694,SOOP,2017,OFS,BS,재무상태표,ifrs_IntangibleAssetsOtherThanGoodwill,무형자산,2049058101,2295503639,12,KRW
00399694,SOOP,2017,OFS,BS,재무상태표,ifrs_InvestmentAccountedForUsingEquityMethod,지분법적용 투자지분,8430339720,9669820673,13,KRW
00399694,SOOP,2017,OFS,BS,재무상태표,dart_OtherNonCurrentAssets,기타비유동자산,82220683,28615641,14,KRW
00399694,SOOP,2017,OFS,BS,재무상태표,ifrs_DeferredTaxAssets,이연법인세자산,1405602974,2677276711,15,KRW
00399694,SOOP,2017,OFS,BS,재무상태표,ifrs_Assets,자산총계,107453290292,89753459891,16,KRW
00399694,SOOP,2017,OFS,BS,재무상태표,ifrs_CurrentLiabilities,유동부채,32746592051,25695060415,18,KRW
00399694,SOOP,2017,OFS,BS,재무상태표,ifrs_TradeAndOtherCurrentPayables,매입채무 및 기타채무,26913086195,19857679370,19,KRW
00399694,SOOP,2017,OFS,BS,재무상태표,dart_OtherCurrentLiabilities,기타유동부채,4844842118,3380178665,20,KRW
00399694,SOOP,2017,OFS,BS,재무상태표,ifrs_CurrentTaxLiabilities,당기법인세부채,988663738,2457202380,21,KRW
00399694,SOOP,2017,OFS,BS,재무상태표,ifrs_CurrentPortionOfLongtermBorrowings,유동성장기차입금,0,0,22,KRW
00399694,SOOP,2017,OFS,BS,재무상태표,ifrs_NoncurrentLiabilities,비유동부채,0,0,23,KRW
00399694,SOOP,2017,OFS,BS,재무상태표,dart_LongTermBorrowingsGross,장기차입금,0,0,24,KRW
00399694,SOOP,2017,OFS,BS,재무상태표,ifrs_Liabilities,부채총계,32746592051,25695060415,25,KRW
00399694,SOOP,2017,OFS,BS,재무상태표,ifrs_IssuedCapital,자본금,5652533500,5435858500,27,KRW
00399694,SOOP,2017,OFS,BS,재무상태표,dart_CapitalSurplus,자본잉여금,41012563543,37717593923,28,KRW
00399694,SOOP,2017,OFS,BS,재무상태표,dart_ElementsOfOtherStockholdersEquity,기타자본구성요소,-4238312758,-1063549046,29,KRW
00399694,SOOP,2017,OFS,BS,재무상태표,dart_OtherComprehensiveIncomeLossAccumulatedAmount,기타포괄손익누계액,-897628785,-1243433519,30,KRW
00399694,SOOP,2017,OFS,BS,재무상태표,ifrs_RetainedEarnings,이익잉여금(결손금),33177542741,23211929618,31,KRW
00399694,SOOP,2017,OFS,BS,재무상태표,ifrs_Equity,자본총계,74706698241,64058399476,32,KRW
00399694,SOOP,2017,OFS,BS,재무상태표,ifrs_EquityAndLiabilities,자본과부채총계,107453290292,89753459891,33,KRW
00399694,SOOP,2017,OFS,CIS,포괄손익계산서,ifrs_Revenue,영업수익,94003216194,78984486256,0,KRW
00399694,SOOP,2017,OFS,CIS,포괄손익계산서,dart_OperatingExpenses,영업비용,73110136302,59687524316,1,KRW
00399694,SOOP,2017,OFS,CIS,포괄손익계산서,dart_OperatingIncomeLoss,영업이익(손실),20893079892,19296961940,2,KRW
00399694,SOOP,2017,OFS,CIS,포괄손익계산서,ifrs_FinanceIncome,금융수익,478397778,325325524,3,KRW
00399694,SOOP,2017,OFS,CIS,포괄손익계산서,ifrs_FinanceCosts,금융원가,252302795,1860644390,4,KRW
00399694,SOOP,2017,OFS,CIS,포괄손익계산서,dart_OtherGains,기타이익,25407855,137628427,5,KRW
00399694,SOOP,2017,OFS,CIS,포괄손익계산서,dart_OtherLosses,기타손실,4596697701,2204007233,6,KRW
00399694,SOOP,2017,OFS,CIS,포괄손익계산서,ifrs_ProfitLossBeforeTax,법인세비용차감전순이익(손실),16547885029,15695264268,7,KRW
00399694,SOOP,2017,OFS,CIS,포괄손익계산서,ifrs_IncomeTaxExpenseContinuingOperations,법인세비용,3562543666,2720579707,8,KRW
00399694,SOOP,2017,OFS,CIS,포괄손익계산서,ifrs_ProfitLossFromContinuingOperations,계속영업이익(손실),12985341363,12974684561,9,KRW
00399694,SOOP,2017,OFS,CIS,포괄손익계산서,ifrs_ProfitLossFromDiscontinuedOperations,중단영업이익(손실),0,0,10,KRW
00399694,SOOP,2017,OFS,CIS,포괄손익계산서,ifrs_ProfitLoss,당기순이익(손실),12985341363,12974684561,11,KRW
00399694,SOOP,2017,OFS,CIS,포괄손익계산서,ifrs_OtherComprehensiveIncome,기타포괄손익,345804734,-946454273,12,KRW
00399694,SOOP,2017,OFS,CIS,포괄손익계산서,dart_OtherComprehensiveIncomeThatWillBeReclassifiedToProfitOrLossNetOfTax,당기손익으로 재분류될 수 있는 항목(세후기타포괄손익),345804734,-946454273,13,KRW
00399694,SOOP,2017,OFS,CIS,포괄손익계산서,ifrs_GainsLossesOnRemeasuringAvailableforsaleFinancialAssetsNetOfTax,매도가능금융자산평가손익(세후기타포괄손익),345804734,-907055016,14,KRW
00399694,SOOP,2017,OFS,CIS,포괄손익계산서,ifrs_ReclassificationAdjustmentsOnAvailableforsaleFinancialAssetsNetOfTax,매도가능금융자산평가손익의 세후재분류조정,,39399257,15,KRW
00399694,SOOP,2017,OFS,CIS,포괄손익계산서,ifrs_ComprehensiveIncome,총포괄손익,13331146097,12028230288,16,KRW
00399694,SOOP,2017,OFS,CIS,포괄손익계산서,ifrs_BasicEarningsLossPerShare,기본주당이익(손실),1248,1260,18,KRW
00399694,SOOP,2017,OFS,CIS,포괄손익계산서,ifrs_DilutedEarningsLossPerShare,희석주당이익(손실),1217,1206,19,KRW
00399694,SOOP,2017,OFS,CF,현금흐름표,ifrs_CashFlowsFromUsedInOperatingActivities,영업활동현금흐름,23807006619,23825131272,0,KRW
00399694,SOOP,2017,OFS,CF,현금흐름표,dart_ProfitLossForStatementOfCashFlows,당기순이익(손실),12985341363,12974684561,1,KRW
00399694,SOOP,2017,OFS,CF,현금흐름표,ifrs_AdjustmentsForReconcileProfitLoss,당기순이익조정을 위한 가감,12262215221,11318480672,2,KRW
00399694,SOOP,2017,OFS,CF,현금흐름표,ifrs_AdjustmentsForIncomeTaxExpense,법인세비용,3562543666,2720579707,3,KRW
00399694,SOOP,2017,OFS,CF,현금흐름표,dart_AdjustmentsForInterestExpenses,이자비용,0,27919878,4,KRW
00399694,SOOP,2017,OFS,CF,현금흐름표,-표준계정코드 미사용-,급여(연차수당),61582435,98458229,5,KRW
00399694,SOOP,2017,OFS,CF,현금흐름표,dart_AdjustmentsForBadDebtExpenses,대손상각비,512988780,543593111,6,KRW
00399694,SOOP,2017,OFS,CF,현금흐름표,dart_AdjustmentsForOtherBadDebtExpenses,기타의 대손상각비,58986000,0,7,KRW
00399694,SOOP,2017,OFS,CF,현금흐름표,dart_AdjustmentsForLossesOnDispositionOfPropertyPlantAndEquipment,유형자산처분손실,27834099,16327844,8,KRW
00399694,SOOP,2017,OFS,CF,현금흐름표,dart_AdjustmentsForGainsOnDisposalsOfIntangibleAssets,무형자산처분이익,0,112933325,9,KRW
00399694,SOOP,2017,OFS,CF,현금흐름표,dart_AdjustmentsForImpairmentLossesOfIntangibleAssets,무형자산손상차손,216254010,0,10,KRW
00399694,SOOP,2017,OFS,CF,현금흐름표,dart_AdjustmentsForShareBasedPayment,주식보상비용,1160876788,1900578643,11,KRW
00399694,SOOP,2017,OFS,CF,현금흐름표,dart_AdjustmentsForDepreciationExpense,감가상각비,2505275982,2075499862,12,KRW
00399694,SOOP,2017,OFS,CF,현금흐름표,dart_AdjustmentsForAmortisationExpense,무형자산상각비,183313528,465786296,13,KRW
00399694,SOOP,2017,OFS,CF,현금흐름표,-표준계정코드 미사용-,지급임차료,42187890,22892509,14,KRW
00399694,SOOP,2017,OFS,CF,현금흐름표,dart_AdjustmentsForGainOnForeignExchangeTranslations,외화환산이익,0,46578421,15,KRW
00399694,SOOP,2017,OFS,CF,현금흐름표,dart_AdjustmentsForLossesOnForeignExchangeTranslations,외화환산손실,109487502,6943950,16,KRW
00399694,SOOP,2017,OFS,CF,현금흐름표,dart_AdjustmentsForInterestIncome,이자수익,468236121,177599087,17,KRW
00399694,SOOP,2017,OFS,CF,현금흐름표,-표준계정코드 미사용-,배당금수익,0,1848000,18,KRW
00399694,SOOP,2017,OFS,CF,현금흐름표,dart_AdjustmentsForImpairmentLossesOnInvestmentsInAssociates,종속기업손상차손,4169501409,2060555953,19,KRW
00399694,SOOP,2017,OFS,CF,현금흐름표,dart_AdjustmentsForImpairmentLossesOnAvailableForSaleFinancialAssets,매도가능증권손상차손,100000000,1810838377,20,KRW
00399694,SOOP,2017,OFS,CF,현금흐름표,dart_AdjustmentsForGainsOnDisposalsOfFinancialAssets,매도가능증권처분이익,0,87643673,21,KRW
00399694,SOOP,2017,OFS,CF,현금흐름표,dart_AdjustmentsForLossesOnDisposalsOfFinancialAssets,매도가능증권처분손익,30468084,0,22,KRW
00399694,SOOP,2017,OFS,CF,현금흐름표,dart_AdjustmentsForGainOnDispositionOfTangibleAssets,유형자산처분이익,10848831,4891181,23,KRW
00399694,SOOP,2017,OFS,CF,현금흐름표,dart_AdjustmentsForMiscellaneousIncome,잡이익,0,0,24,KRW
00399694,SOOP,2017,OFS,CF,현금흐름표,dart_AdjustmentsForAssetsLiabilitiesOfOperatingActivities,영업활동으로인한자산ㆍ부채의변동,2054731053,1003704619,25,KRW
00399694,SOOP,2017,OFS,CF,현금흐름표,ifrs_AdjustmentsForDecreaseIncreaseInTradeAccountReceivable,매출채권의 감소(증가),376421160,477788051,26,KRW
00399694,SOOP,2017,OFS,CF,현금흐름표,ifrs_AdjustmentsForDecreaseIncreaseInOtherOperatingReceivables,기타채권의감소(증가),-6094302213,-5902988143,27,KRW
00399694,SOOP,2017,OFS,CF,현금흐름표,dart_AdjustmentsForDecreaseIncreaseInOtherCurrentAssets,기타유동자산의 감소(증가),-685603367,-396947139,28,KRW
00399694,SOOP,2017,OFS,CF,현금흐름표,ifrs_AdjustmentsForIncreaseDecreaseInTradeAccountPayable,매입채무의 증가(감소),-10274480,-14905815,29,KRW
00399694,SOOP,2017,OFS,CF,현금흐름표,ifrs_AdjustmentsForIncreaseDecreaseInOtherOperatingPayables,기타채무의증가(감소),7003826500,1913512986,30,KRW
00399694,SOOP,2017,OFS,CF,현금흐름표,dart_AdjustmentsForIncreaseDecreaseInOtherCurrentLiabilities,기타유동부채의 증가(감소),1464663453,4927244679,31,KRW
00399694,SOOP,2017,OFS,CF,현금흐름표,ifrs_InterestReceivedClassifiedAsOperatingActivities,이자의 수취,361662221,156506394,32,KRW
00399694,SOOP,2017,OFS,CF,현금흐름표,ifrs_DividendsReceivedClassifiedAsOperatingActivities,배당금의 수취,0,1848000,33,KRW
00399694,SOOP,2017,OFS,CF,현금흐름표,ifrs_InterestPaidClassifiedAsOperatingActivities,이자의 지급,0,30654890,34,KRW
00399694,SOOP,2017,OFS,CF,현금흐름표,ifrs_IncomeTaxesPaidRefundClassifiedAsOperatingActivities,법인세의 납부,3856943239,1599438084,35,KRW
00399694,SOOP,2017,OFS,CF,현금흐름표,ifrs_CashFlowsFromUsedInInvestingActivities,투자활동현금흐름,-12977350296,-21755918430,36,KRW
00399694,SOOP,2017,OFS,CF,현금흐름표,-표준계정코드 미사용-,단기대여금의 회수,46800000,64800000,37,KRW
00399694,SOOP,2017,OFS,CF,현금흐름표,-표준계정코드 미사용-,장기대여금의 회수,322900000,74400000,38,KRW
00399694,SOOP,2017,OFS,CF,현금흐름표,dart_ProceedsFromSalesOfAvailableForSaleFinancialAssets,매도가능증권의 처분,151180000,445876663,39,KRW
00399694,SOOP,2017,OFS,CF,현금흐름표,ifrs_ProceedsFromSalesOfPropertyPlantAndEquipmentClassifiedAsInvestingActivities,유형자산의 처분,85181818,85443634,40,KRW
00399694,SOOP,2017,OFS,CF,현금흐름표,ifrs_ProceedsFromSalesOfIntangibleAssetsClassifiedAsInvestingActivities,무형자산의 처분,0,700000000,41,KRW
00399694,SOOP,2017,OFS,CF,현금흐름표,-표준계정코드 미사용-,보증금의 감소,248232421,44110000,42,KRW
00399694,SOOP,2017,OFS,CF,현금흐름표,dart_DecreaseInGuaranteeDeposits,임차보증금의 감소,20000000,0,43,KRW
00399694,SOOP,2017,OFS,CF,현금흐름표,-표준계정코드 미사용-,단기대여금의 대여,1620000000,137363700,44,KRW
00399694,SOOP,2017,OFS,CF,현금흐름표,-표준계정코드 미사용-,장기대여금의 대여,360000000,10000000,45,KRW
00399694,SOOP,2017,OFS,CF,현금흐름표,dart_PurchaseOfAvailableForSaleFinancialAssets,매도가능증권의 취득,600420000,482669220,46,KRW
00399694,SOOP,2017,OFS,CF,현금흐름표,ifrs_PurchaseOfPropertyPlantAndEquipmentClassifiedAsInvestingActivities,유형자산의 취득,4418725342,2362473490,47,KRW
00399694,SOOP,2017,OFS,CF,현금흐름표,ifrs_PurchaseOfIntangibleAssetsClassifiedAsInvestingActivities,무형자산의 취득,153122000,215949380,48,KRW
00399694,SOOP,2017,OFS,CF,현금흐름표,-표준계정코드 미사용-,단기금융상품의 순증가,1000000000,9000000000,49,KRW
00399694,SOOP,2017,OFS,CF,현금흐름표,dart_PurchaseOfLongTermFinancialInstruments,장기금융상품의 취득,0,6000000000,50,KRW
00399694,SOOP,2017,OFS,CF,현금흐름표,dart_PurchaseOfInvestmentsInSubsidiaries,종속기업에 대한 투자지분의 취득,2930020456,4897041537,51,KRW
00399694,SOOP,2017,OFS,CF,현금흐름표,-표준계정코드 미사용-,보증금의 증가,307790637,65051400,52,KRW
00399694,SOOP,2017,OFS,CF,현금흐름표,dart_IncreaseInGuaranteeDeposits,임차보증금의 증가,2461566100,,53,KRW
00399694,SOOP,2017,OFS,CF,현금흐름표,ifrs_CashFlowsFromUsedInFinancingActivities,재무활동현금흐름,-3843451750,-3300919730,54,KRW
00399694,SOOP,2017,OFS,CF,현금흐름표,dart_ProceedsFromExerciseOfShareOptions,주식선택권행사,358786000,1327030000,55,KRW
00399694,SOOP,2017,OFS,CF,현금흐름표,dart_ProceedsFromExerciseOfConvertibleRightOrWarrant,신주인수권 행사,2997012620,2999992500,56,KRW
00399694,SOOP,2017,OFS,CF,현금흐름표,ifrs_RepaymentsOfBorrowingsClassifiedAsFinancingActivities,유동성장기차입금의 상환,0,940000000,57,KRW
00399694,SOOP,2017,OFS,CF,현금흐름표,dart_RepaymentsOfLongTermBorrowings,장기차입금의 상환,0,1175000000,58,KRW
00399694,SOOP,2017,OFS,CF,현금흐름표,dart_RepaymentsOfShortTermBorrowings,단기차입금의 상환,0,0,59,KRW
00399694,SOOP,2017,OFS,CF,현금흐름표,dart_DecreaseInGuaranteeDepositsAsFinancialActivities,임대보증금의 감소,2400000,0,60,KRW
00399694,SOOP,2017,OFS,CF,현금흐름표,dart_AcquisitionOfTreasuryShares,자기주식의 취득,4179794500,3510298350,61,KRW
00399694,SOOP,2017,OFS,CF,현금흐름표,ifrs_DividendsPaidClassifiedAsFinancingActivities,배당금의 지급,3017055870,2002643880,62,KRW
00399694,SOOP,2017,OFS,CF,현금흐름표,ifrs_EffectOfExchangeRateChangesOnCashAndCashEquivalents,현금및현금성자산에 대한 환율변동효과,-1543040,22651607,63,KRW
00399694,SOOP,2017,OFS,CF,현금흐름표,ifrs_IncreaseDecreaseInCashAndCashEquivalents,현금및현금성자산의순증가(감소),6984661533,-1209055281,64,KRW
00399694,SOOP,2017,OFS,CF,현금흐름표,dart_CashAndCashEquivalentsAtBeginningOfPeriodCf,기초현금및현금성자산,14294985307,15504040588,65,KRW
00399694,SOOP,2017,OFS,CF,현금흐름표,dart_CashAndCashEquivalentsAtEndOfPeriodCf,기말현금및현금성자산,21279646840,14294985307,66,KRW
00399694,SOOP,2017,OFS,SCE,자본변동표,dart_EquityAtBeginningOfPeriod,기초자본,23211929618,12241574457,1,KRW
00399694,SOOP,2017,OFS,SCE,자본변동표,dart_EquityAtBeginningOfPeriod,기초자본,5435858500,5164433500,1,KRW
00399694,SOOP,2017,OFS,SCE,자본변동표,dart_EquityAtBeginningOfPeriod,기초자본,-1243433519,-296979246,1,KRW
00399694,SOOP,2017,OFS,SCE,자본변동표,dart_EquityAtBeginningOfPeriod,기초자본,64058399476,51317195795,1,KRW
00399694,SOOP,2017,OFS,SCE,자본변동표,dart_EquityAtBeginningOfPeriod,기초자본,37717593923,33085088923,1,KRW
00399694,SOOP,2017,OFS,SCE,자본변동표,dart_EquityAtBeginningOfPeriod,기초자본,-1063549046,1123078161,1,KRW
00399694,SOOP,2017,OFS,SCE,자본변동표,ifrs_ProfitLoss,당기순이익(손실),0,0,2,KRW
00399694,SOOP,2017,OFS,SCE,자본변동표,ifrs_ProfitLoss,당기순이익(손실),0,0,2,KRW
00399694,SOOP,2017,OFS,SCE,자본변동표,ifrs_ProfitLoss,당기순이익(손실),12985341363,12974684561,2,KRW
00399694,SOOP,2017,OFS,SCE,자본변동표,ifrs_ProfitLoss,당기순이익(손실),0,0,2,KRW
00399694,SOOP,2017,OFS,SCE,자본변동표,ifrs_ProfitLoss,당기순이익(손실),0,0,2,KRW
00399694,SOOP,2017,OFS,SCE,자본변동표,ifrs_ProfitLoss,당기순이익(손실),12985341363,12974684561,2,KRW
00399694,SOOP,2017,OFS,SCE,자본변동표,dart_OtherComprehensiveIncomeForStatementOfChangesInEquity,기타포괄손익,0,0,3,KRW
00399694,SOOP,2017,OFS,SCE,자본변동표,dart_OtherComprehensiveIncomeForStatementOfChangesInEquity,기타포괄손익,345804734,-946454273,3,KRW
00399694,SOOP,2017,OFS,SCE,자본변동표,dart_OtherComprehensiveIncomeForStatementOfChangesInEquity,기타포괄손익,0,0,3,KRW
00399694,SOOP,2017,OFS,SCE,자본변동표,dart_OtherComprehensiveIncomeForStatementOfChangesInEquity,기타포괄손익,0,0,3,KRW
00399694,SOOP,2017,OFS,SCE,자본변동표,dart_OtherComprehensiveIncomeForStatementOfChangesInEquity,기타포괄손익,0,0,3,KRW
00399694,SOOP,2017,OFS,SCE,자본변동표,dart_OtherComprehensiveIncomeForStatementOfChangesInEquity,기타포괄손익,345804734,-946454273,3,KRW
00399694,SOOP,2017,OFS,SCE,자본변동표,ifrs_DividendsPaid,배당금지급,0,0,4,KRW
00399694,SOOP,2017,OFS,SCE,자본변동표,ifrs_DividendsPaid,배당금지급,0,0,4,KRW
00399694,SOOP,2017,OFS,SCE,자본변동표,ifrs_DividendsPaid,배당금지급,0,0,4,KRW
00399694,SOOP,2017,OFS,SCE,자본변동표,ifrs_DividendsPaid,배당금지급,3019728240,2004329400,4,KRW
00399694,SOOP,2017,OFS,SCE,자본변동표,ifrs_DividendsPaid,배당금지급,0,0,4,KRW
00399694,SOOP,2017,OFS,SCE,자본변동표,ifrs_DividendsPaid,배당금지급,3019728240,2004329400,4,KRW
00399694,SOOP,2017,OFS,SCE,자본변동표,ifrs_IssueOfEquity,지분의 발행,0,0,5,KRW
00399694,SOOP,2017,OFS,SCE,자본변동표,ifrs_IssueOfEquity,지분의 발행,216675000,271425000,5,KRW
00399694,SOOP,2017,OFS,SCE,자본변동표,ifrs_IssueOfEquity,지분의 발행,0,0,5,KRW
00399694,SOOP,2017,OFS,SCE,자본변동표,ifrs_IssueOfEquity,지분의 발행,-155846000,-576907500,5,KRW
00399694,SOOP,2017,OFS,SCE,자본변동표,ifrs_IssueOfEquity,지분의 발행,3355798620,4327022500,5,KRW
00399694,SOOP,2017,OFS,SCE,자본변동표,ifrs_IssueOfEquity,지분의 발행,3294969620,4632505000,5,KRW
00399694,SOOP,2017,OFS,SCE,자본변동표,dart_ShareBasedPaymentTransactions,주식기준보상거래,0,0,6,KRW
00399694,SOOP,2017,OFS,SCE,자본변동표,dart_ShareBasedPaymentTransactions,주식기준보상거래,0,0,6,KRW
00399694,SOOP,2017,OFS,SCE,자본변동표,dart_ShareBasedPaymentTransactions,주식기준보상거래,0,0,6,KRW
00399694,SOOP,2017,OFS,SCE,자본변동표,dart_ShareBasedPaymentTransactions,주식기준보상거래,1160876788,1900578643,6,KRW
00399694,SOOP,2017,OFS,SCE,자본변동표,dart_ShareBasedPaymentTransactions,주식기준보상거래,1160876788,1900578643,6,KRW
00399694,SOOP,2017,OFS,SCE,자본변동표,dart_ShareBasedPaymentTransactions,주식기준보상거래,0,0,6,KRW
00399694,SOOP,2017,OFS,SCE,자본변동표,dart_TreasuryShareTransactions,자기주식 거래로 인한 증감,-4179794500,-3510298350,7,KRW
00399694,SOOP,2017,OFS,SCE,자본변동표,dart_TreasuryShareTransactions,자기주식 거래로 인한 증감,0,0,7,KRW
00399694,SOOP,2017,OFS,SCE,자본변동표,dart_TreasuryShareTransactions,자기주식 거래로 인한 증감,0,0,7,KRW
00399694,SOOP,2017,OFS,SCE,자본변동표,dart_TreasuryShareTransactions,자기주식 거래로 인한 증감,0,0,7,KRW
00399694,SOOP,2017,OFS,SCE,자본변동표,dart_TreasuryShareTransactions,자기주식 거래로 인한 증감,0,0,7,KRW
00399694,SOOP,2017,OFS,SCE,자본변동표,dart_TreasuryShareTransactions,자기주식 거래로 인한 증감,-4179794500,-3510298350,7,KRW
00399694,SOOP,2017,OFS,SCE,자본변동표,ifrs_ChangesInEquity,자본 증가(감소) 합계,3294969620,4632505000,8,KRW
00399694,SOOP,2017,OFS,SCE,자본변동표,ifrs_ChangesInEquity,자본 증가(감소) 합계,216675000,271425000,8,KRW
00399694,SOOP,2017,OFS,SCE,자본변동표,ifrs_ChangesInEquity,자본 증가(감소) 합계,9965613123,10970355161,8,KRW
00399694,SOOP,2017,OFS,SCE,자본변동표,ifrs_ChangesInEquity,자본 증가(감소) 합계,345804734,-946454273,8,KRW
00399694,SOOP,2017,OFS,SCE,자본변동표,ifrs_ChangesInEquity,자본 증가(감소) 합계,10648298765,12741203681,8,KRW
00399694,SOOP,2017,OFS,SCE,자본변동표,ifrs_ChangesInEquity,자본 증가(감소) 합계,-3174763712,-2186627207,8,KRW
00399694,SOOP,2017,OFS,SCE,자본변동표,ifrs_Equity,기말자본,5652533500,5435858500,9,KRW
00399694,SOOP,2017,OFS,SCE,자본변동표,ifrs_Equity,기말자본,33177542741,23211929618,9,KRW
00399694,SOOP,2017,OFS,SCE,자본변동표,ifrs_Equity,기말자본,-897628785,-1243433519,9,KRW
00399694,SOOP,2017,OFS,SCE,자본변동표,ifrs_Equity,기말자본,-4238312758,-1063549046,9,KRW
00399694,SOOP,2017,OFS,SCE,자본변동표,ifrs_Equity,기말자본,74706698241,64058399476,9,KRW
00399694,SOOP,2017,OFS,SCE,자본변동표,ifrs_Equity,기말자본,41012563543,37717593923,9,KRW
00399694,SOOP,2018,CFS,BS,재무상태표,ifrs_CurrentAssets,유동자산,95822126520,63375196543,1,KRW
00399694,SOOP,2018,CFS,BS,재무상태표,ifrs_CashAndCashEquivalents,현금및현금성자산,35720958925,23004085915,2,KRW
00399694,SOOP,2018,CFS,BS,재무상태표,dart_ShortTermDepositsNotClassifiedAsCashEquivalents,단기금융상품,10083590000,10000000000,3,KRW
00399694,SOOP,2018,CFS,BS,재무상태표,ifrs_TradeAndOtherCurrentReceivables,매출채권 및 기타채권,45172403220,28540895248,4,KRW
00399694,SOOP,2018,CFS,BS,재무상태표,dart_CurrentAvailableForSaleFinancialAssets,유동매도가능금융자산,0,207965796,5,KRW
00399694,SOOP,2018,CFS,BS,재무상태표,ifrs_CurrentFinancialAssetsAtFairValueThroughProfitOrLossDesignatedUponInitialRecognition,유동 당기손익-공정가치 금융자산,2750291435,0,6,KRW
00399694,SOOP,2018,CFS,BS,재무상태표,dart_OtherCurrentAssets,기타유동자산,2088714094,1621879564,7,KRW
00399694,SOOP,2018,CFS,BS,재무상태표,ifrs_CurrentTaxAssets,당기법인세자산,6168846,370020,8,KRW
00399694,SOOP,2018,CFS,BS,재무상태표,ifrs_NoncurrentAssets,비유동자산,61721892962,40066959875,9,KRW
00399694,SOOP,2018,CFS,BS,재무상태표,dart_LongTermDepositsNotClassifiedAsCashEquivalents,장기금융상품,0,6002500000,10,KRW
00399694,SOOP,2018,CFS,BS,재무상태표,dart_NonCurrentAvailableForSaleFinancialAssets,비유동매도가능금융자산,0,6642166318,11,KRW
00399694,SOOP,2018,CFS,BS,재무상태표,ifrs_NoncurrentFinancialAssetsMeasuredAtFairValueThroughOtherComprehensiveIncome,비유동 기타포괄손익-공정가치 금융자산,3806194462,0,12,KRW
00399694,SOOP,2018,CFS,BS,재무상태표,ifrs_InvestmentAccountedForUsingEquityMethod,지분법적용 투자지분,3433548207,607971735,13,KRW
00399694,SOOP,2018,CFS,BS,재무상태표,ifrs_PropertyPlantAndEquipment,유형자산,25084592721,13899655604,14,KRW
00399694,SOOP,2018,CFS,BS,재무상태표,ifrs_IntangibleAssetsOtherThanGoodwill,무형자산,8132624157,2357466594,15,KRW
00399694,SOOP,2018,CFS,BS,재무상태표,ifrs_NoncurrentFinancialAssetsAtFairValueThroughProfitOrLossDesignatedUponInitialRecognition,비유동 당기손익-공정가치 금융자산,10503006746,0,16,KRW
00399694,SOOP,2018,CFS,BS,재무상태표,dart_LongTermTradeAndOtherNonCurrentReceivablesGross,기타비유동채권,9216990655,9023668217,17,KRW
00399694,SOOP,2018,CFS,BS,재무상태표,dart_OtherNonCurrentAssets,기타비유동자산,184505812,84640998,18,KRW
00399694,SOOP,2018,CFS,BS,재무상태표,ifrs_DeferredTaxAssets,이연법인세자산,1360430202,1448890409,19,KRW
00399694,SOOP,2018,CFS,BS,재무상태표,ifrs_Assets,자산총계,157544019482,103442156418,20,KRW
00399694,SOOP,2018,CFS,BS,재무상태표,ifrs_CurrentLiabilities,유동부채,64344158682,33334044109,22,KRW
00399694,SOOP,2018,CFS,BS,재무상태표,ifrs_TradeAndOtherCurrentPayables,매입채무 및 기타채무,50062046033,27425706812,23,KRW
00399694,SOOP,2018,CFS,BS,재무상태표,ifrs_ShorttermBorrowings,단기차입금,1093000000,0,24,KRW
00399694,SOOP,2018,CFS,BS,재무상태표,dart_OtherCurrentLiabilities,기타유동부채,8677792889,4919673559,25,KRW
00399694,SOOP,2018,CFS,BS,재무상태표,ifrs_CurrentTaxLiabilities,당기법인세부채,4511319760,988663738,26,KRW
00399694,SOOP,2018,CFS,BS,재무상태표,ifrs_NoncurrentLiabilities,비유동부채,306836327,0,27,KRW
00399694,SOOP,2018,CFS,BS,재무상태표,ifrs_NoncurrentProvisions,복구충당부채,306836327,0,28,KRW
00399694,SOOP,2018,CFS,BS,재무상태표,ifrs_Liabilities,부채총계,64650995009,33334044109,29,KRW
00399694,SOOP,2018,CFS,BS,재무상태표,ifrs_EquityAttributableToOwnersOfParent,지배기업의 소유주에게 귀속되는 자본,92428378009,69672712147,31,KRW
00399694,SOOP,2018,CFS,BS,재무상태표,ifrs_IssuedCapital,자본금,5747383500,5652533500,32,KRW
00399694,SOOP,2018,CFS,BS,재무상태표,dart_CapitalSurplus,자본잉여금,48008003643,41012563543,33,KRW
00399694,SOOP,2018,CFS,BS,재무상태표,dart_ElementsOfOtherStockholdersEquity,기타자본구성요소,-5822653328,-4518345342,34,KRW
00399694,SOOP,2018,CFS,BS,재무상태표,dart_OtherComprehensiveIncomeLossAccumulatedAmount,기타포괄손익누계액,-2395194398,-922764052,35,KRW
00399694,SOOP,2018,CFS,BS,재무상태표,ifrs_RetainedEarnings,이익잉여금(결손금),46890838592,28448724498,36,KRW
00399694,SOOP,2018,CFS,BS,재무상태표,ifrs_NoncontrollingInterests,비지배지분,464646464,435400162,37,KRW
00399694,SOOP,2018,CFS,BS,재무상태표,ifrs_Equity,자본총계,92893024473,70108112309,38,KRW
00399694,SOOP,2018,CFS,BS,재무상태표,ifrs_EquityAndLiabilities,자본과부채총계,157544019482,103442156418,39,KRW
00399694,SOOP,2018,CFS,CIS,포괄손익계산서,ifrs_Revenue,영업수익,126627785921,94552464738,0,KRW
00399694,SOOP,2018,CFS,CIS,포괄손익계산서,dart_OperatingExpenses,영업비용,99504535528,76229498086,1,KRW
00399694,SOOP,2018,CFS,CIS,포괄손익계산서,dart_OperatingIncomeLoss,영업이익(손실),27123250393,18322966652,2,KRW
00399694,SOOP,2018,CFS,CIS,포괄손익계산서,ifrs_FinanceIncome,금융수익,835995067,455523246,3,KRW
00399694,SOOP,2018,CFS,CIS,포괄손익계산서,ifrs_FinanceCosts,금융원가,519490245,130468084,4,KRW
00399694,SOOP,2018,CFS,CIS,포괄손익계산서,dart_OtherGains,기타이익,375698967,63240218,5,KRW
00399694,SOOP,2018,CFS,CIS,포괄손익계산서,dart_OtherLosses,기타손실,548898414,610860490,6,KRW
00399694,SOOP,2018,CFS,CIS,포괄손익계산서,-표준계정코드 미사용-,관계기업손익,-674423528,-33948738,7,KRW
00399694,SOOP,2018,CFS,CIS,포괄손익계산서,ifrs_ProfitLossBeforeTax,법인세비용차감전순이익(손실),26592132240,18066452804,8,KRW
00399694,SOOP,2018,CFS,CIS,포괄손익계산서,ifrs_IncomeTaxExpenseContinuingOperations,법인세비용,5257377896,3407255738,9,KRW
00399694,SOOP,2018,CFS,CIS,포괄손익계산서,ifrs_ProfitLossFromContinuingOperations,계속영업이익(손실),21334754344,14659197066,10,KRW
00399694,SOOP,2018,CFS,CIS,포괄손익계산서,ifrs_ProfitLossFromDiscontinuedOperations,중단영업이익(손실),0,0,11,KRW
00399694,SOOP,2018,CFS,CIS,포괄손익계산서,ifrs_ProfitLoss,당기순이익(손실),21334754344,14659197066,12,KRW
00399694,SOOP,2018,CFS,CIS,포괄손익계산서,ifrs_OtherComprehensiveIncome,기타포괄손익,-266753991,364638596,13,KRW
00399694,SOOP,2018,CFS,CIS,포괄손익계산서,dart_OtherComprehensiveIncomeThatWillBeReclassifiedToProfitOrLossNetOfTax,당기손익으로 재분류될 수 있는 항목(세후기타포괄손익),-266753991,364638596,14,KRW
00399694,SOOP,2018,CFS,CIS,포괄손익계산서,ifrs_GainsLossesOnExchangeDifferencesOnTranslationNetOfTax,해외사업장환산외환차이(세후기타포괄손익),-32579896,18833862,15,KRW
00399694,SOOP,2018,CFS,CIS,포괄손익계산서,ifrs_GainsLossesOnRemeasuringAvailableforsaleFinancialAssetsNetOfTax,매도가능금융자산평가손익(세후기타포괄손익),-234174095,345804734,16,KRW
00399694,SOOP,2018,CFS,CIS,포괄손익계산서,ifrs_ReclassificationAdjustmentsOnAvailableforsaleFinancialAssetsNetOfTax,매도가능금융자산평가손익의 세후재분류조정,,,17,KRW
00399694,SOOP,2018,CFS,CIS,포괄손익계산서,ifrs_ComprehensiveIncome,총포괄손익,21068000353,15023835662,18,KRW
00399694,SOOP,2018,CFS,CIS,포괄손익계산서,ifrs_ProfitLossAttributableToOwnersOfParent,지배기업의 소유주에게 귀속되는 당기순이익(손실),21562866325,14744824170,20,KRW
00399694,SOOP,2018,CFS,CIS,포괄손익계산서,ifrs_ProfitLossAttributableToNoncontrollingInterests,비지배지분에 귀속되는 당기순이익(손실),-228111981,-85627104,21,KRW
00399694,SOOP,2018,CFS,CIS,포괄손익계산서,ifrs_ComprehensiveIncomeAttributableToOwnersOfParent,"총 포괄손익, 지배기업의 소유주에게 귀속되는 지분",21296112334,15109462766,23,KRW
00399694,SOOP,2018,CFS,CIS,포괄손익계산서,ifrs_ComprehensiveIncomeAttributableToNoncontrollingInterests,"총 포괄손익, 비지배지분",-228111981,-85627104,24,KRW
00399694,SOOP,2018,CFS,CIS,포괄손익계산서,ifrs_BasicEarningsLossPerShare,기본주당이익(손실),2016,1418,26,KRW
00399694,SOOP,2018,CFS,CIS,포괄손익계산서,ifrs_DilutedEarningsLossPerShare,희석주당이익(손실),1975,1382,27,KRW
00399694,SOOP,2018,CFS,CF,현금흐름표,ifrs_CashFlowsFromUsedInOperatingActivities,영업활동현금흐름,38754013491,21254543789,0,KRW
00399694,SOOP,2018,CFS,CF,현금흐름표,dart_ProfitLossForStatementOfCashFlows,당기순이익(손실),21334754344,14659197066,1,KRW
00399694,SOOP,2018,CFS,CF,현금흐름표,ifrs_AdjustmentsForReconcileProfitLoss,당기순이익조정을 위한 가감,11845034861,8168817764,2,KRW
00399694,SOOP,2018,CFS,CF,현금흐름표,ifrs_AdjustmentsForIncomeTaxExpense,법인세비용,5257377896,3407255738,3,KRW
00399694,SOOP,2018,CFS,CF,현금흐름표,dart_AdjustmentsForInterestExpenses,이자비용,7392989,0,4,KRW
00399694,SOOP,2018,CFS,CF,현금흐름표,-표준계정코드 미사용-,복구충당부채환입액,4249720,0,5,KRW
00399694,SOOP,2018,CFS,CF,현금흐름표,dart_AdjustmentsForBadDebtExpenses,대손상각비,753496062,508436866,6,KRW
00399694,SOOP,2018,CFS,CF,현금흐름표,-표준계정코드 미사용-,지급임차료,163091882,42187890,7,KRW
00399694,SOOP,2018,CFS,CF,현금흐름표,dart_AdjustmentsForOtherBadDebtExpenses,기타의 대손상각비,0,30000000,8,KRW
00399694,SOOP,2018,CFS,CF,현금흐름표,dart_AdjustmentsForShareBasedPayment,주식보상비용,1209446964,1160876788,9,KRW
00399694,SOOP,2018,CFS,CF,현금흐름표,dart_AdjustmentsForLossesOfAssociatesAndJointVenturesAccountedForUsingEquityMethod,지분법손실,674423528,33948738,10,KRW
00399694,SOOP,2018,CFS,CF,현금흐름표,dart_AdjustmentsForLossesOnForeignExchangeTranslations,외화환산손실,20514356,109487502,11,KRW
00399694,SOOP,2018,CFS,CF,현금흐름표,dart_AdjustmentsForGainOnForeignExchangeTranslations,외화환산이익,55559667,0,12,KRW
00399694,SOOP,2018,CFS,CF,현금흐름표,dart_AdjustmentsForLossesOnEvaluationOfFairValueFinancialAssets,당기손익-공정가치금융자산평가손실,487108117,0,13,KRW
00399694,SOOP,2018,CFS,CF,현금흐름표,dart_AdjustmentsForGainsOnEvaluationOfFairValueFinancialAssets,당기손익-공정가치금융자산평가이익,179993309,0,14,KRW
00399694,SOOP,2018,CFS,CF,현금흐름표,-표준계정코드 미사용-,당기손익-공정가치금융자산처분이익,6857500,0,15,KRW
00399694,SOOP,2018,CFS,CF,현금흐름표,dart_AdjustmentsForDepreciationExpense,감가상각비,3737930050,2546659258,16,KRW
00399694,SOOP,2018,CFS,CF,현금흐름표,dart_AdjustmentsForAmortisationExpense,무형자산상각비,283296758,291254206,17,KRW
00399694,SOOP,2018,CFS,CF,현금흐름표,dart_AdjustmentsForImpairmentLossesOfIntangibleAssets,무형자산손상차손,85000000,223673541,18,KRW
00399694,SOOP,2018,CFS,CF,현금흐름표,-표준계정코드 미사용-,급여(연차수당),129434745,70620998,19,KRW
00399694,SOOP,2018,CFS,CF,현금흐름표,dart_AdjustmentsForMiscellaneousIncome,잡이익,4516859,0,20,KRW
00399694,SOOP,2018,CFS,CF,현금흐름표,dart_AdjustmentsForMiscellaneousLosses,잡손실,-7333330,18471144,21,KRW
00399694,SOOP,2018,CFS,CF,현금흐름표,-표준계정코드 미사용-,행사비,0,28719329,22,KRW
00399694,SOOP,2018,CFS,CF,현금흐름표,dart_AdjustmentsForInterestIncome,이자수익,645336258,455523246,23,KRW
00399694,SOOP,2018,CFS,CF,현금흐름표,dart_AdjustmentsForGainOnDispositionOfTangibleAssets,유형자산처분이익,37634570,10848831,24,KRW
00399694,SOOP,2018,CFS,CF,현금흐름표,dart_AdjustmentsForLossesOnDispositionOfPropertyPlantAndEquipment,유형자산처분손실,36997988,8008714,25,KRW
00399694,SOOP,2018,CFS,CF,현금흐름표,dart_AdjustmentsForGainsOnDisposalsOfInvestmentsInAssociates,종속기업처분이익,42959427,0,26,KRW
00399694,SOOP,2018,CFS,CF,현금흐름표,dart_AdjustmentsForLossesOnDisposalsofInvestmentsInAssociates,종속기업처분손실,0,25121045,27,KRW
00399694,SOOP,2018,CFS,CF,현금흐름표,dart_AdjustmentsForLossesOnDisposalsOfIntangibleAssets,무형자산처분손실,0,0,28,KRW
00399694,SOOP,2018,CFS,CF,현금흐름표,dart_AdjustmentsForLossesOnDisposalsOfFinancialAssets,매도가능증권처분손실,0,30468084,29,KRW
00399694,SOOP,2018,CFS,CF,현금흐름표,-표준계정코드 미사용-,배당금수익,-3808000,0,30,KRW
00399694,SOOP,2018,CFS,CF,현금흐름표,dart_AdjustmentsForImpairmentLossesOnAvailableForSaleFinancialAssets,매도가능금융자산손상차손,0,100000000,31,KRW
00399694,SOOP,2018,CFS,CF,현금흐름표,dart_AdjustmentsForGainsOnDisposalsOfIntangibleAssets,무형자산처분이익,20727274,0,32,KRW
00399694,SOOP,2018,CFS,CF,현금흐름표,dart_AdjustmentsForGainsOnDisposalsOfFinancialAssets,매도가능증권처분이익,0,0,33,KRW
00399694,SOOP,2018,CFS,CF,현금흐름표,dart_AdjustmentsForProfitsOfAssociatesAndJointVenturesAccountedForUsingEquityMethod,지분법이익,0,0,34,KRW
00399694,SOOP,2018,CFS,CF,현금흐름표,dart_AdjustmentsForAssetsLiabilitiesOfOperatingActivities,영업활동으로인한자산ㆍ부채의변동,6817158106,1930575357,35,KRW
00399694,SOOP,2018,CFS,CF,현금흐름표,ifrs_AdjustmentsForDecreaseIncreaseInTradeAccountReceivable,매출채권의 감소(증가),-3850951357,294623837,36,KRW
00399694,SOOP,2018,CFS,CF,현금흐름표,ifrs_AdjustmentsForDecreaseIncreaseInOtherOperatingReceivables,기타채권의감소(증가),-19592110869,-5849637286,37,KRW
00399694,SOOP,2018,CFS,CF,현금흐름표,dart_AdjustmentsForDecreaseIncreaseInOtherCurrentAssets,기타유동자산의 감소(증가),-459446843,-1045848670,38,KRW
00399694,SOOP,2018,CFS,CF,현금흐름표,ifrs_AdjustmentsForIncreaseDecreaseInTradeAccountPayable,매입채무의 증가(감소),-43290689,-244194466,39,KRW
00399694,SOOP,2018,CFS,CF,현금흐름표,ifrs_AdjustmentsForIncreaseDecreaseInOtherOperatingPayables,기타채무의증가(감소),27477924015,6763092455,40,KRW
00399694,SOOP,2018,CFS,CF,현금흐름표,dart_AdjustmentsForIncreaseDecreaseInOtherCurrentLiabilities,기타유동부채의 증가(감소),3319845669,2001423165,41,KRW
00399694,SOOP,2018,CFS,CF,현금흐름표,-표준계정코드 미사용-,해외사업환산 변동,-34811820,11116322,42,KRW
00399694,SOOP,2018,CFS,CF,현금흐름표,ifrs_InterestReceivedClassifiedAsOperatingActivities,이자의 수취,440053557,348949346,43,KRW
00399694,SOOP,2018,CFS,CF,현금흐름표,ifrs_DividendsReceivedClassifiedAsOperatingActivities,배당금의 수취,3808000,0,44,KRW
00399694,SOOP,2018,CFS,CF,현금흐름표,ifrs_InterestPaidClassifiedAsOperatingActivities,이자지급,7392989,0,45,KRW
00399694,SOOP,2018,CFS,CF,현금흐름표,ifrs_IncomeTaxesPaidRefundClassifiedAsOperatingActivities,법인세의 납부,1679402388,3852995744,46,KRW
00399694,SOOP,2018,CFS,CF,현금흐름표,ifrs_CashFlowsFromUsedInInvestingActivities,투자활동현금흐름,-26622734840,-11463583800,47,KRW
00399694,SOOP,2018,CFS,CF,현금흐름표,-표준계정코드 미사용-,단기대여금의 감소,36200000,46800000,48,KRW
00399694,SOOP,2018,CFS,CF,현금흐름표,-표준계정코드 미사용-,장기대여금의 감소,66200000,322900000,49,KRW
00399694,SOOP,2018,CFS,CF,현금흐름표,dart_ProceedsFromSalesOfAvailableForSaleFinancialAssets,매도가능금융자산의 처분,0,151180000,50,KRW
00399694,SOOP,2018,CFS,CF,현금흐름표,-표준계정코드 미사용-,보증금의 감소,36712000,254775751,51,KRW
00399694,SOOP,2018,CFS,CF,현금흐름표,-표준계정코드 미사용-,투자예치금의 감소,3461106296,1018707460,52,KRW
00399694,SOOP,2018,CFS,CF,현금흐름표,dart_ProceedsFromSalesOfLongTermFinancialInstruments,장기금융상품의 처분,2500000,0,53,KRW
00399694,SOOP,2018,CFS,CF,현금흐름표,ifrs_ProceedsFromSalesOfPropertyPlantAndEquipmentClassifiedAsInvestingActivities,유형자산의 처분,85090909,33181818,54,KRW
00399694,SOOP,2018,CFS,CF,현금흐름표,ifrs_ProceedsFromSalesOfIntangibleAssetsClassifiedAsInvestingActivities,무형자산의 처분,272727274,4580469,55,KRW
00399694,SOOP,2018,CFS,CF,현금흐름표,-표준계정코드 미사용-,단기대여금의 증가,30000000,120000000,56,KRW
00399694,SOOP,2018,CFS,CF,현금흐름표,dart_PurchaseOfLongTermLoansAndReceivables,장기대여금의 증가,0,360000000,57,KRW
00399694,SOOP,2018,CFS,CF,현금흐름표,-표준계정코드 미사용-,당기손익-공정가치금융자산의 처분,6857500,0,58,KRW
00399694,SOOP,2018,CFS,CF,현금흐름표,dart_PurchaseOfLongTermFinancialInstruments,장기금융상품의 취득,0,0,59,KRW
00399694,SOOP,2018,CFS,CF,현금흐름표,dart_PurchaseOfNonCurrentFairValueFinancialAsset,당기손익-공정가치금융자산의 취득,4500000000,0,60,KRW
00399694,SOOP,2018,CFS,CF,현금흐름표,-표준계정코드 미사용-,기타포괄인식-공정가치금융자산의 취득,202024462,0,61,KRW
00399694,SOOP,2018,CFS,CF,현금흐름표,dart_PurchaseOfCurrentAvailableForSaleFinancialAssets,매도가능증권의 취득,0,600420000,62,KRW
00399694,SOOP,2018,CFS,CF,현금흐름표,dart_PurchaseOfInvestmentsInAssociates,관계기업에 대한 투자지분의 취득,2900000000,,63,KRW
00399694,SOOP,2018,CFS,CF,현금흐름표,ifrs_PurchaseOfPropertyPlantAndEquipmentClassifiedAsInvestingActivities,유형자산의 취득,13099770235,4434716395,64,KRW
00399694,SOOP,2018,CFS,CF,현금흐름표,ifrs_PurchaseOfIntangibleAssetsClassifiedAsInvestingActivities,무형자산의 취득,627779091,153122000,65,KRW
00399694,SOOP,2018,CFS,CF,현금흐름표,-표준계정코드 미사용-,보증금의 증가,1334428310,2461566100,66,KRW
00399694,SOOP,2018,CFS,CF,현금흐름표,-표준계정코드 미사용-,단기금융상품의 순감소(순증가),0,1000000000,67,KRW
00399694,SOOP,2018,CFS,CF,현금흐름표,-표준계정코드 미사용-,투자예치금의 취득,1782879941,3877500000,68,KRW
00399694,SOOP,2018,CFS,CF,현금흐름표,dart_DecreaseInGuaranteeDeposits,임차보증금의 감소,985000000,20000000,69,KRW
00399694,SOOP,2018,CFS,CF,현금흐름표,dart_IncreaseInGuaranteeDeposits,임차보증금의 증가,1463018244,307790637,70,KRW
00399694,SOOP,2018,CFS,CF,현금흐름표,-표준계정코드 미사용-,사업결합으로인한 순현금흐름,5073946062,0,71,KRW
00399694,SOOP,2018,CFS,CF,현금흐름표,ifrs_CashFlowsFromLosingControlOfSubsidiariesOrOtherBusinessesClassifiedAsInvestingActivities,종속기업과 기타 사업의 지배력 상실에 따른 현금흐름,-561282474,-594166,72,KRW
00399694,SOOP,2018,CFS,CF,현금흐름표,ifrs_CashFlowsFromUsedInFinancingActivities,재무활동현금흐름,599467134,-3343451750,73,KRW
00399694,SOOP,2018,CFS,CF,현금흐름표,ifrs_ProceedsFromIssuingShares,주식의 발행,5007647124,3855798620,74,KRW
00399694,SOOP,2018,CFS,CF,현금흐름표,dart_RepaymentsOfLongTermBorrowings,장기차입금의 상환,0,0,75,KRW
00399694,SOOP,2018,CFS,CF,현금흐름표,dart_RepaymentsOfBonds,사채의 상환,68000000,0,76,KRW
00399694,SOOP,2018,CFS,CF,현금흐름표,ifrs_DividendsPaidClassifiedAsFinancingActivities,배당금지급,4049795140,3017055870,77,KRW
00399694,SOOP,2018,CFS,CF,현금흐름표,dart_DecreaseInGuaranteeDepositsAsFinancialActivities,임대보증금의 감소,0,2400000,78,KRW
00399694,SOOP,2018,CFS,CF,현금흐름표,dart_AcquisitionOfTreasuryShares,자기주식의 취득,282384850,4179794500,79,KRW
00399694,SOOP,2018,CFS,CF,현금흐름표,dart_PaymentForConsolidatedCapitalTransactions,연결자본거래로 인한 현금유출,8000000,,80,KRW
00399694,SOOP,2018,CFS,CF,현금흐름표,ifrs_IncreaseDecreaseInCashAndCashEquivalentsBeforeEffectOfExchangeRateChanges,환율변동효과 반영전 현금및현금성자산의 순증가(감소),12730745785,6447508239,81,KRW
00399694,SOOP,2018,CFS,CF,현금흐름표,ifrs_EffectOfExchangeRateChangesOnCashAndCashEquivalents,현금및현금성자산에 대한 환율변동효과,-13872775,-1543040,82,KRW
00399694,SOOP,2018,CFS,CF,현금흐름표,dart_CashAndCashEquivalentsAtBeginningOfPeriodCf,기초현금및현금성자산,23004085915,16558120716,83,KRW
00399694,SOOP,2018,CFS,CF,현금흐름표,dart_CashAndCashEquivalentsAtEndOfPeriodCf,기말현금및현금성자산,35720958925,23004085915,84,KRW
00399694,SOOP,2018,CFS,SCE,자본변동표,dart_EquityAtBeginningOfPeriod,기초자본,70108112309,57304805546,1,KRW
00399694,SOOP,2018,CFS,SCE,자본변동표,dart_EquityAtBeginningOfPeriod,기초자본,435400162,58708833,1,KRW
00399694,SOOP,2018,CFS,SCE,자본변동표,dart_EquityAtBeginningOfPeriod,기초자본,69672712147,57246096713,1,KRW
00399694,SOOP,2018,CFS,SCE,자본변동표,dart_EquityAtBeginningOfPeriod,기초자본,41012563543,37717593923,1,KRW
00399694,SOOP,2018,CFS,SCE,자본변동표,dart_EquityAtBeginningOfPeriod,기초자본,-922764052,-1287402648,1,KRW
00399694,SOOP,2018,CFS,SCE,자본변동표,dart_EquityAtBeginningOfPeriod,기초자본,28448724498,16723628568,1,KRW
00399694,SOOP,2018,CFS,SCE,자본변동표,dart_EquityAtBeginningOfPeriod,기초자본,5652533500,5435858500,1,KRW
00399694,SOOP,2018,CFS,SCE,자본변동표,dart_EquityAtBeginningOfPeriod,기초자본,-4518345342,-1343581630,1,KRW
00399694,SOOP,2018,CFS,SCE,자본변동표,ifrs_IncreaseDecreaseThroughChangesInAccountingPolicies,회계정책변경에 따른 증가(감소),929758589,0,2,KRW
00399694,SOOP,2018,CFS,SCE,자본변동표,ifrs_IncreaseDecreaseThroughChangesInAccountingPolicies,회계정책변경에 따른 증가(감소),0,0,2,KRW
00399694,SOOP,2018,CFS,SCE,자본변동표,ifrs_IncreaseDecreaseThroughChangesInAccountingPolicies,회계정책변경에 따른 증가(감소),0,0,2,KRW
00399694,SOOP,2018,CFS,SCE,자본변동표,ifrs_IncreaseDecreaseThroughChangesInAccountingPolicies,회계정책변경에 따른 증가(감소),-275917766,0,2,KRW
00399694,SOOP,2018,CFS,SCE,자본변동표,ifrs_IncreaseDecreaseThroughChangesInAccountingPolicies,회계정책변경에 따른 증가(감소),0,0,2,KRW
00399694,SOOP,2018,CFS,SCE,자본변동표,ifrs_IncreaseDecreaseThroughChangesInAccountingPolicies,회계정책변경에 따른 증가(감소),-275917766,0,2,KRW
00399694,SOOP,2018,CFS,SCE,자본변동표,ifrs_IncreaseDecreaseThroughChangesInAccountingPolicies,회계정책변경에 따른 증가(감소),0,0,2,KRW
00399694,SOOP,2018,CFS,SCE,자본변동표,ifrs_IncreaseDecreaseThroughChangesInAccountingPolicies,회계정책변경에 따른 증가(감소),-1205676355,0,2,KRW
00399694,SOOP,2018,CFS,SCE,자본변동표,ifrs_ProfitLoss,당기순이익(손실),21334754344,14659197066,3,KRW
00399694,SOOP,2018,CFS,SCE,자본변동표,ifrs_ProfitLoss,당기순이익(손실),-228111981,-85627104,3,KRW
00399694,SOOP,2018,CFS,SCE,자본변동표,ifrs_ProfitLoss,당기순이익(손실),21562866325,14744824170,3,KRW
00399694,SOOP,2018,CFS,SCE,자본변동표,ifrs_ProfitLoss,당기순이익(손실),0,0,3,KRW
00399694,SOOP,2018,CFS,SCE,자본변동표,ifrs_ProfitLoss,당기순이익(손실),,0,3,KRW
00399694,SOOP,2018,CFS,SCE,자본변동표,ifrs_ProfitLoss,당기순이익(손실),21562866325,14744824170,3,KRW
00399694,SOOP,2018,CFS,SCE,자본변동표,ifrs_ProfitLoss,당기순이익(손실),0,0,3,KRW
00399694,SOOP,2018,CFS,SCE,자본변동표,ifrs_ProfitLoss,당기순이익(손실),0,0,3,KRW
00399694,SOOP,2018,CFS,SCE,자본변동표,dart_OtherComprehensiveIncomeForStatementOfChangesInEquity,기타포괄손익,-266753991,364638596,4,KRW
00399694,SOOP,2018,CFS,SCE,자본변동표,dart_OtherComprehensiveIncomeForStatementOfChangesInEquity,기타포괄손익,0,0,4,KRW
00399694,SOOP,2018,CFS,SCE,자본변동표,dart_OtherComprehensiveIncomeForStatementOfChangesInEquity,기타포괄손익,-266753991,364638596,4,KRW
00399694,SOOP,2018,CFS,SCE,자본변동표,dart_OtherComprehensiveIncomeForStatementOfChangesInEquity,기타포괄손익,0,0,4,KRW
00399694,SOOP,2018,CFS,SCE,자본변동표,dart_OtherComprehensiveIncomeForStatementOfChangesInEquity,기타포괄손익,-266753991,364638596,4,KRW
00399694,SOOP,2018,CFS,SCE,자본변동표,dart_OtherComprehensiveIncomeForStatementOfChangesInEquity,기타포괄손익,0,0,4,KRW
00399694,SOOP,2018,CFS,SCE,자본변동표,dart_OtherComprehensiveIncomeForStatementOfChangesInEquity,기타포괄손익,0,0,4,KRW
00399694,SOOP,2018,CFS,SCE,자본변동표,dart_OtherComprehensiveIncomeForStatementOfChangesInEquity,기타포괄손익,0,0,4,KRW
00399694,SOOP,2018,CFS,SCE,자본변동표,ifrs_IssueOfEquity,지분의 발행,4858920000,3355798620,5,KRW
00399694,SOOP,2018,CFS,SCE,자본변동표,ifrs_IssueOfEquity,지분의 발행,,0,5,KRW
00399694,SOOP,2018,CFS,SCE,자본변동표,ifrs_IssueOfEquity,지분의 발행,4858920000,3355798620,5,KRW
00399694,SOOP,2018,CFS,SCE,자본변동표,ifrs_IssueOfEquity,지분의 발행,-2136618100,-155846000,5,KRW
00399694,SOOP,2018,CFS,SCE,자본변동표,ifrs_IssueOfEquity,지분의 발행,0,0,5,KRW
00399694,SOOP,2018,CFS,SCE,자본변동표,ifrs_IssueOfEquity,지분의 발행,0,0,5,KRW
00399694,SOOP,2018,CFS,SCE,자본변동표,ifrs_IssueOfEquity,지분의 발행,94850000,216675000,5,KRW
00399694,SOOP,2018,CFS,SCE,자본변동표,ifrs_IssueOfEquity,지분의 발행,6900688100,3294969620,5,KRW
00399694,SOOP,2018,CFS,SCE,자본변동표,ifrs_DividendsPaid,배당금지급,4050510820,3019728240,6,KRW
00399694,SOOP,2018,CFS,SCE,자본변동표,ifrs_DividendsPaid,배당금지급,0,0,6,KRW
00399694,SOOP,2018,CFS,SCE,자본변동표,ifrs_DividendsPaid,배당금지급,4050510820,3019728240,6,KRW
00399694,SOOP,2018,CFS,SCE,자본변동표,ifrs_DividendsPaid,배당금지급,0,0,6,KRW
00399694,SOOP,2018,CFS,SCE,자본변동표,ifrs_DividendsPaid,배당금지급,0,0,6,KRW
00399694,SOOP,2018,CFS,SCE,자본변동표,ifrs_DividendsPaid,배당금지급,4050510820,3019728240,6,KRW
00399694,SOOP,2018,CFS,SCE,자본변동표,ifrs_DividendsPaid,배당금지급,0,0,6,KRW
00399694,SOOP,2018,CFS,SCE,자본변동표,ifrs_DividendsPaid,배당금지급,0,0,6,KRW
00399694,SOOP,2018,CFS,SCE,자본변동표,dart_TreasuryShareTransactions,자기주식 거래로 인한 증감,-282384850,-4179794500,7,KRW
00399694,SOOP,2018,CFS,SCE,자본변동표,dart_TreasuryShareTransactions,자기주식 거래로 인한 증감,0,0,7,KRW
00399694,SOOP,2018,CFS,SCE,자본변동표,dart_TreasuryShareTransactions,자기주식 거래로 인한 증감,-282384850,-4179794500,7,KRW
00399694,SOOP,2018,CFS,SCE,자본변동표,dart_TreasuryShareTransactions,자기주식 거래로 인한 증감,-282384850,-4179794500,7,KRW
00399694,SOOP,2018,CFS,SCE,자본변동표,dart_TreasuryShareTransactions,자기주식 거래로 인한 증감,0,0,7,KRW
00399694,SOOP,2018,CFS,SCE,자본변동표,dart_TreasuryShareTransactions,자기주식 거래로 인한 증감,0,0,7,KRW
00399694,SOOP,2018,CFS,SCE,자본변동표,dart_TreasuryShareTransactions,자기주식 거래로 인한 증감,0,0,7,KRW
00399694,SOOP,2018,CFS,SCE,자본변동표,dart_TreasuryShareTransactions,자기주식 거래로 인한 증감,0,0,7,KRW
00399694,SOOP,2018,CFS,SCE,자본변동표,dart_ShareBasedPaymentTransactions,주식기준보상거래,1209446964,1160876788,8,KRW
00399694,SOOP,2018,CFS,SCE,자본변동표,dart_ShareBasedPaymentTransactions,주식기준보상거래,0,0,8,KRW
00399694,SOOP,2018,CFS,SCE,자본변동표,dart_ShareBasedPaymentTransactions,주식기준보상거래,1209446964,1160876788,8,KRW
00399694,SOOP,2018,CFS,SCE,자본변동표,dart_ShareBasedPaymentTransactions,주식기준보상거래,1209446964,1160876788,8,KRW
00399694,SOOP,2018,CFS,SCE,자본변동표,dart_ShareBasedPaymentTransactions,주식기준보상거래,0,0,8,KRW
00399694,SOOP,2018,CFS,SCE,자본변동표,dart_ShareBasedPaymentTransactions,주식기준보상거래,0,0,8,KRW
00399694,SOOP,2018,CFS,SCE,자본변동표,dart_ShareBasedPaymentTransactions,주식기준보상거래,0,0,8,KRW
00399694,SOOP,2018,CFS,SCE,자본변동표,dart_ShareBasedPaymentTransactions,주식기준보상거래,,0,8,KRW
00399694,SOOP,2018,CFS,SCE,자본변동표,-표준계정코드 미사용-,가득기간만료 주식선택권,0,,9,KRW
00399694,SOOP,2018,CFS,SCE,자본변동표,-표준계정코드 미사용-,가득기간만료 주식선택권,-94752000,,9,KRW
00399694,SOOP,2018,CFS,SCE,자본변동표,-표준계정코드 미사용-,가득기간만료 주식선택권,94752000,,9,KRW
00399694,SOOP,2018,CFS,SCE,자본변동표,dart_ChangesInConsolidatedCompanies,연결대상범위의 변동,257358283,462318433,10,KRW
00399694,SOOP,2018,CFS,SCE,자본변동표,dart_ChangesInConsolidatedCompanies,연결대상범위의 변동,257358283,462318433,10,KRW
00399694,SOOP,2018,CFS,SCE,자본변동표,dart_ChangesInConsolidatedCompanies,연결대상범위의 변동,0,0,10,KRW
00399694,SOOP,2018,CFS,SCE,자본변동표,dart_ChangesInConsolidatedCompanies,연결대상범위의 변동,0,0,10,KRW
00399694,SOOP,2018,CFS,SCE,자본변동표,dart_ChangesInConsolidatedCompanies,연결대상범위의 변동,0,0,10,KRW
00399694,SOOP,2018,CFS,SCE,자본변동표,dart_ChangesInConsolidatedCompanies,연결대상범위의 변동,0,0,10,KRW
00399694,SOOP,2018,CFS,SCE,자본변동표,dart_ChangesInConsolidatedCompanies,연결대상범위의 변동,0,0,10,KRW
00399694,SOOP,2018,CFS,SCE,자본변동표,dart_ChangesInConsolidatedCompanies,연결대상범위의 변동,0,0,10,KRW
00399694,SOOP,2018,CFS,SCE,자본변동표,ifrs_Equity,기말자본,92893024473,70108112309,11,KRW
00399694,SOOP,2018,CFS,SCE,자본변동표,ifrs_Equity,기말자본,464646464,435400162,11,KRW
00399694,SOOP,2018,CFS,SCE,자본변동표,ifrs_Equity,기말자본,92428378009,69672712147,11,KRW
00399694,SOOP,2018,CFS,SCE,자본변동표,ifrs_Equity,기말자본,-5822653328,-4518345342,11,KRW
00399694,SOOP,2018,CFS,SCE,자본변동표,ifrs_Equity,기말자본,-2395194398,-922764052,11,KRW
00399694,SOOP,2018,CFS,SCE,자본변동표,ifrs_Equity,기말자본,46890838592,28448724498,11,KRW
00399694,SOOP,2018,CFS,SCE,자본변동표,ifrs_Equity,기말자본,5747383500,5652533500,11,KRW
00399694,SOOP,2018,CFS,SCE,자본변동표,ifrs_Equity,기말자본,48008003643,41012563543,11,KRW
00399694,SOOP,2018,OFS,BS,재무상태표,ifrs_CurrentAssets,유동자산,90756750028,64084412877,1,KRW
00399694,SOOP,2018,OFS,BS,재무상태표,ifrs_CashAndCashEquivalents,현금및현금성자산,29590903231,21279646840,2,KRW
00399694,SOOP,2018,OFS,BS,재무상태표,dart_ShortTermDepositsNotClassifiedAsCashEquivalents,단기금융상품,10000000000,10000000000,3,KRW
00399694,SOOP,2018,OFS,BS,재무상태표,ifrs_TradeAndOtherCurrentReceivables,매출채권 및 기타채권,47166524201,30702576825,4,KRW
00399694,SOOP,2018,OFS,BS,재무상태표,dart_CurrentAvailableForSaleFinancialAssets,유동매도가능금융자산,0,207965796,5,KRW
00399694,SOOP,2018,OFS,BS,재무상태표,ifrs_CurrentFinancialAssetsAtFairValueThroughProfitOrLossDesignatedUponInitialRecognition,유동 당기손익-공정가치 금융자산,2750291435,0,6,KRW
00399694,SOOP,2018,OFS,BS,재무상태표,dart_OtherCurrentAssets,기타유동자산,1249031161,1894223416,7,KRW
00399694,SOOP,2018,OFS,BS,재무상태표,ifrs_NoncurrentAssets,비유동자산,65790538120,43368877415,8,KRW
00399694,SOOP,2018,OFS,BS,재무상태표,dart_LongTermDepositsNotClassifiedAsCashEquivalents,장기금융상품,0,6002500000,9,KRW
00399694,SOOP,2018,OFS,BS,재무상태표,dart_NonCurrentAvailableForSaleFinancialAssets,비유동매도가능금융자산,0,6642166318,10,KRW
00399694,SOOP,2018,OFS,BS,재무상태표,ifrs_NoncurrentFinancialAssetsAtFairValueThroughProfitOrLossDesignatedUponInitialRecognition,비유동 당기손익-공정가치 금융자산,10388332671,0,11,KRW
00399694,SOOP,2018,OFS,BS,재무상태표,ifrs_NoncurrentFinancialAssetsMeasuredAtFairValueThroughOtherComprehensiveIncome,비유동 기타포괄손익-공정가치 금융자산,3806194462,0,12,KRW
00399694,SOOP,2018,OFS,BS,재무상태표,dart_LongTermTradeAndOtherNonCurrentReceivablesGross,기타비유동채권,5384143964,4980507481,13,KRW
00399694,SOOP,2018,OFS,BS,재무상태표,ifrs_PropertyPlantAndEquipment,유형자산,17607934364,13776482138,14,KRW
00399694,SOOP,2018,OFS,BS,재무상태표,ifrs_IntangibleAssetsOtherThanGoodwill,무형자산,1955702645,2049058101,15,KRW
00399694,SOOP,2018,OFS,BS,재무상태표,ifrs_InvestmentAccountedForUsingEquityMethod,지분법적용 투자지분,24885134099,8430339720,16,KRW
00399694,SOOP,2018,OFS,BS,재무상태표,dart_OtherNonCurrentAssets,기타비유동자산,55762742,82220683,17,KRW
00399694,SOOP,2018,OFS,BS,재무상태표,ifrs_DeferredTaxAssets,이연법인세자산,1707333173,1405602974,18,KRW
00399694,SOOP,2018,OFS,BS,재무상태표,ifrs_Assets,자산총계,156547288148,107453290292,19,KRW
00399694,SOOP,2018,OFS,BS,재무상태표,ifrs_CurrentLiabilities,유동부채,58976257389,32746592051,21,KRW
00399694,SOOP,2018,OFS,BS,재무상태표,ifrs_TradeAndOtherCurrentPayables,매입채무 및 기타채무,46484778929,26913086195,22,KRW
00399694,SOOP,2018,OFS,BS,재무상태표,dart_OtherCurrentLiabilities,기타유동부채,7989210888,4844842118,23,KRW
00399694,SOOP,2018,OFS,BS,재무상태표,ifrs_CurrentTaxLiabilities,당기법인세부채,4502267572,988663738,24,KRW
00399694,SOOP,2018,OFS,BS,재무상태표,ifrs_Liabilities,부채총계,58976257389,32746592051,25,KRW
00399694,SOOP,2018,OFS,BS,재무상태표,ifrs_IssuedCapital,자본금,5747383500,5652533500,27,KRW
00399694,SOOP,2018,OFS,BS,재무상태표,dart_CapitalSurplus,자본잉여금,48008003643,41012563543,28,KRW
00399694,SOOP,2018,OFS,BS,재무상태표,dart_ElementsOfOtherStockholdersEquity,기타자본구성요소,-5542620744,-4238312758,29,KRW
00399694,SOOP,2018,OFS,BS,재무상태표,dart_OtherComprehensiveIncomeLossAccumulatedAmount,기타포괄손익누계액,-2337479235,-897628785,30,KRW
00399694,SOOP,2018,OFS,BS,재무상태표,ifrs_RetainedEarnings,이익잉여금(결손금),51695743595,33177542741,31,KRW
00399694,SOOP,2018,OFS,BS,재무상태표,ifrs_Equity,자본총계,97571030759,74706698241,32,KRW
00399694,SOOP,2018,OFS,BS,재무상태표,ifrs_EquityAndLiabilities,자본과부채총계,156547288148,107453290292,33,KRW
00399694,SOOP,2018,OFS,CIS,포괄손익계산서,ifrs_Revenue,영업수익,120649540008,94003216194,0,KRW
00399694,SOOP,2018,OFS,CIS,포괄손익계산서,dart_OperatingExpenses,영업비용,89613363892,73110136302,1,KRW
00399694,SOOP,2018,OFS,CIS,포괄손익계산서,dart_OperatingIncomeLoss,영업이익(손실),31036176116,20893079892,2,KRW
00399694,SOOP,2018,OFS,CIS,포괄손익계산서,ifrs_FinanceIncome,금융수익,843982021,468236121,3,KRW
00399694,SOOP,2018,OFS,CIS,포괄손익계산서,ifrs_FinanceCosts,금융원가,487108117,130468084,4,KRW
00399694,SOOP,2018,OFS,CIS,포괄손익계산서,dart_OtherGains,기타이익,284414045,35569512,5,KRW
00399694,SOOP,2018,OFS,CIS,포괄손익계산서,dart_OtherLosses,기타손실,4139008085,4718532412,6,KRW
00399694,SOOP,2018,OFS,CIS,포괄손익계산서,ifrs_ProfitLossBeforeTax,법인세비용차감전순이익(손실),27538455980,16547885029,7,KRW
00399694,SOOP,2018,OFS,CIS,포괄손익계산서,ifrs_IncomeTaxExpenseContinuingOperations,법인세비용,5192363925,3562543666,8,KRW
00399694,SOOP,2018,OFS,CIS,포괄손익계산서,ifrs_ProfitLossFromContinuingOperations,계속영업이익(손실),22346092055,12985341363,9,KRW
00399694,SOOP,2018,OFS,CIS,포괄손익계산서,ifrs_ProfitLossFromDiscontinuedOperations,중단영업이익(손실),0,0,10,KRW
00399694,SOOP,2018,OFS,CIS,포괄손익계산서,ifrs_ProfitLoss,당기순이익(손실),22346092055,12985341363,11,KRW
00399694,SOOP,2018,OFS,CIS,포괄손익계산서,ifrs_OtherComprehensiveIncome,기타포괄손익,-234174095,345804734,12,KRW
00399694,SOOP,2018,OFS,CIS,포괄손익계산서,dart_OtherComprehensiveIncomeThatWillBeReclassifiedToProfitOrLossNetOfTax,당기손익으로 재분류될 수 있는 항목(세후기타포괄손익),-234174095,345804734,13,KRW
00399694,SOOP,2018,OFS,CIS,포괄손익계산서,ifrs_GainsLossesOnRemeasuringAvailableforsaleFinancialAssetsNetOfTax,매도가능금융자산평가손익(세후기타포괄손익),-234174095,345804734,14,KRW
00399694,SOOP,2018,OFS,CIS,포괄손익계산서,ifrs_ReclassificationAdjustmentsOnAvailableforsaleFinancialAssetsNetOfTax,매도가능금융자산평가손익의 세후재분류조정,0,0,15,KRW
00399694,SOOP,2018,OFS,CIS,포괄손익계산서,ifrs_ComprehensiveIncome,총포괄손익,22111917960,13331146097,16,KRW
00399694,SOOP,2018,OFS,CIS,포괄손익계산서,ifrs_BasicEarningsLossPerShare,기본주당이익(손실),2090,1248,18,KRW
00399694,SOOP,2018,OFS,CIS,포괄손익계산서,ifrs_DilutedEarningsLossPerShare,희석주당이익(손실),2046,1217,19,KRW
00399694,SOOP,2018,OFS,CF,현금흐름표,ifrs_CashFlowsFromUsedInOperatingActivities,영업활동현금흐름,39284800276,23807006619,0,KRW
00399694,SOOP,2018,OFS,CF,현금흐름표,dart_ProfitLossForStatementOfCashFlows,당기순이익(손실),22346092055,12985341363,1,KRW
00399694,SOOP,2018,OFS,CF,현금흐름표,ifrs_AdjustmentsForReconcileProfitLoss,당기순이익조정을 위한 가감,14268370983,12262215221,2,KRW
00399694,SOOP,2018,OFS,CF,현금흐름표,ifrs_AdjustmentsForIncomeTaxExpense,법인세비용,5192363925,3562543666,3,KRW
00399694,SOOP,2018,OFS,CF,현금흐름표,-표준계정코드 미사용-,급여(연차수당),107603157,61582435,4,KRW
00399694,SOOP,2018,OFS,CF,현금흐름표,-표준계정코드 미사용-,지급임차료,142562019,42187890,5,KRW
00399694,SOOP,2018,OFS,CF,현금흐름표,dart_AdjustmentsForBadDebtExpenses,대손상각비,1251349124,512988780,6,KRW
00399694,SOOP,2018,OFS,CF,현금흐름표,dart_AdjustmentsForOtherBadDebtExpenses,기타의 대손상각비,0,58986000,7,KRW
00399694,SOOP,2018,OFS,CF,현금흐름표,dart_AdjustmentsForLossesOnDispositionOfPropertyPlantAndEquipment,유형자산처분손실,5699655,27834099,8,KRW
00399694,SOOP,2018,OFS,CF,현금흐름표,dart_AdjustmentsForImpairmentLossesOfIntangibleAssets,무형자산손상차손,60000000,216254010,9,KRW
00399694,SOOP,2018,OFS,CF,현금흐름표,dart_AdjustmentsForShareBasedPayment,주식보상비용,1209446964,1160876788,10,KRW
00399694,SOOP,2018,OFS,CF,현금흐름표,dart_AdjustmentsForDepreciationExpense,감가상각비,2892509232,2505275982,11,KRW
00399694,SOOP,2018,OFS,CF,현금흐름표,dart_AdjustmentsForAmortisationExpense,무형자산상각비,149910714,183313528,12,KRW
00399694,SOOP,2018,OFS,CF,현금흐름표,dart_AdjustmentsForLossesOnEvaluationOfFairValueFinancialAssets,당기손익-공정가치금융자산평가손실,487108117,0,13,KRW
00399694,SOOP,2018,OFS,CF,현금흐름표,dart_AdjustmentsForGainsOnEvaluationOfFairValueFinancialAssets,당기손익-공정가치금융자산평가이익,179993309,0,14,KRW
00399694,SOOP,2018,OFS,CF,현금흐름표,-표준계정코드 미사용-,당기손익-공정가치금융자산처분이익,6857500,0,15,KRW
00399694,SOOP,2018,OFS,CF,현금흐름표,dart_AdjustmentsForLossesOnForeignExchangeTranslations,외화환산손실,20514356,109487502,16,KRW
00399694,SOOP,2018,OFS,CF,현금흐름표,dart_AdjustmentsForGainOnForeignExchangeTranslations,외화환산이익,55559667,0,17,KRW
00399694,SOOP,2018,OFS,CF,현금흐름표,dart_AdjustmentsForInterestIncome,이자수익,653323212,468236121,18,KRW
00399694,SOOP,2018,OFS,CF,현금흐름표,dart_AdjustmentsForImpairmentLossesOnInvestmentsInAssociates,종속기업손상차손,3703744227,4169501409,19,KRW
00399694,SOOP,2018,OFS,CF,현금흐름표,dart_AdjustmentsForLossesOnDisposalsOfIntangibleAssets,무형자산처분손실,3004742,0,20,KRW
00399694,SOOP,2018,OFS,CF,현금흐름표,dart_AdjustmentsForLossesOnDisposalsOfFinancialAssets,매도가능증권처분손실,0,30468084,21,KRW
00399694,SOOP,2018,OFS,CF,현금흐름표,dart_AdjustmentsForGainsOnDisposalsOfFinancialAssets,매도가능증권처분이익,0,0,22,KRW
00399694,SOOP,2018,OFS,CF,현금흐름표,dart_AdjustmentsForImpairmentLossesOnAvailableForSaleFinancialAssets,매도가능금융자산손상차손,0,100000000,23,KRW
00399694,SOOP,2018,OFS,CF,현금흐름표,-표준계정코드 미사용-,배당금수익,3808000,0,24,KRW
00399694,SOOP,2018,OFS,CF,현금흐름표,dart_AdjustmentsForInterestExpenses,이자비용,0,0,25,KRW
00399694,SOOP,2018,OFS,CF,현금흐름표,dart_AdjustmentsForGainOnDispositionOfTangibleAssets,유형자산처분이익,37176287,10848831,26,KRW
00399694,SOOP,2018,OFS,CF,현금흐름표,dart_AdjustmentsForGainsOnDisposalsOfIntangibleAssets,무형자산처분이익,20727274,0,27,KRW
00399694,SOOP,2018,OFS,CF,현금흐름표,dart_AdjustmentsForAssetsLiabilitiesOfOperatingActivities,영업활동으로인한자산ㆍ부채의변동,3838468888,2054731053,28,KRW
00399694,SOOP,2018,OFS,CF,현금흐름표,ifrs_AdjustmentsForDecreaseIncreaseInTradeAccountReceivable,매출채권의 감소(증가),-2928423982,376421160,29,KRW
00399694,SOOP,2018,OFS,CF,현금흐름표,ifrs_AdjustmentsForDecreaseIncreaseInOtherOperatingReceivables,기타채권의감소(증가),-16121307604,-6094302213,30,KRW
00399694,SOOP,2018,OFS,CF,현금흐름표,dart_AdjustmentsForDecreaseIncreaseInOtherCurrentAssets,기타유동자산의 감소(증가),311451155,-685603367,31,KRW
00399694,SOOP,2018,OFS,CF,현금흐름표,ifrs_AdjustmentsForIncreaseDecreaseInTradeAccountPayable,매입채무의 증가(감소),-2780000,-10274480,32,KRW
00399694,SOOP,2018,OFS,CF,현금흐름표,ifrs_AdjustmentsForIncreaseDecreaseInOtherOperatingPayables,기타채무의증가(감소),19435160549,7003826500,33,KRW
00399694,SOOP,2018,OFS,CF,현금흐름표,dart_AdjustmentsForIncreaseDecreaseInOtherCurrentLiabilities,기타유동부채의 증가(감소),3144368770,1464663453,34,KRW
00399694,SOOP,2018,OFS,CF,현금흐름표,ifrs_InterestReceivedClassifiedAsOperatingActivities,이자의 수취,465229122,361662221,35,KRW
00399694,SOOP,2018,OFS,CF,현금흐름표,ifrs_DividendsReceivedClassifiedAsOperatingActivities,배당금의 수취,3808000,0,36,KRW
00399694,SOOP,2018,OFS,CF,현금흐름표,ifrs_InterestPaidClassifiedAsOperatingActivities,이자지급,0,0,37,KRW
00399694,SOOP,2018,OFS,CF,현금흐름표,ifrs_IncomeTaxesPaidRefundClassifiedAsOperatingActivities,법인세의 납부,1637168772,3856943239,38,KRW
00399694,SOOP,2018,OFS,CF,현금흐름표,ifrs_CashFlowsFromUsedInInvestingActivities,투자활동현금흐름,-31516411120,-12977350296,39,KRW
00399694,SOOP,2018,OFS,CF,현금흐름표,-표준계정코드 미사용-,단기대여금의 회수,2936200000,46800000,40,KRW
00399694,SOOP,2018,OFS,CF,현금흐름표,-표준계정코드 미사용-,장기대여금의 회수,66200000,322900000,41,KRW
00399694,SOOP,2018,OFS,CF,현금흐름표,dart_ProceedsFromSalesOfShortTermFinancialInstruments,단기금융상품의 처분,0,0,42,KRW
00399694,SOOP,2018,OFS,CF,현금흐름표,dart_ProceedsFromSalesOfLongTermFinancialInstruments,장기금융상품의 처분,2500000,0,43,KRW
00399694,SOOP,2018,OFS,CF,현금흐름표,dart_PurchaseOfAvailableForSaleFinancialAssets,매도가능금융자산의 취득,0,0,44,KRW
00399694,SOOP,2018,OFS,CF,현금흐름표,dart_ProceedsFromSalesOfAvailableForSaleFinancialAssets,매도가능금융자산의 처분,0,151180000,45,KRW
00399694,SOOP,2018,OFS,CF,현금흐름표,-표준계정코드 미사용-,보증금의 감소,36712000,248232421,46,KRW
00399694,SOOP,2018,OFS,CF,현금흐름표,dart_DecreaseInGuaranteeDeposits,임차보증금의 감소,985000000,20000000,47,KRW
00399694,SOOP,2018,OFS,CF,현금흐름표,ifrs_ProceedsFromSalesOfIntangibleAssetsClassifiedAsInvestingActivities,무형자산의 처분,391537274,0,48,KRW
00399694,SOOP,2018,OFS,CF,현금흐름표,ifrs_ProceedsFromSalesOfPropertyPlantAndEquipmentClassifiedAsInvestingActivities,유형자산의 처분,4346097909,85181818,49,KRW
00399694,SOOP,2018,OFS,CF,현금흐름표,dart_ProceedsFromSalesOfCurrentFairValueFinancialAsset,당기손익-공정가치금융자산의 처분,6857500,0,50,KRW
00399694,SOOP,2018,OFS,CF,현금흐름표,-표준계정코드 미사용-,단기대여금의 증가,2430000000,1620000000,51,KRW
00399694,SOOP,2018,OFS,CF,현금흐름표,dart_PurchaseOfLongTermLoansAndReceivables,장기대여금의 증가,0,360000000,52,KRW
00399694,SOOP,2018,OFS,CF,현금흐름표,dart_PurchaseOfShortTermFinancialInstruments,단기금융상품의 취득,0,1000000000,53,KRW
00399694,SOOP,2018,OFS,CF,현금흐름표,ifrs_PurchaseOfIntangibleAssetsClassifiedAsInvestingActivities,무형자산의 취득,490370000,153122000,54,KRW
00399694,SOOP,2018,OFS,CF,현금흐름표,-표준계정코드 미사용-,보증금의 증가,8000000,307790637,55,KRW
00399694,SOOP,2018,OFS,CF,현금흐름표,ifrs_PurchaseOfPropertyPlantAndEquipmentClassifiedAsInvestingActivities,유형자산의 취득,11038582735,4418725342,56,KRW
00399694,SOOP,2018,OFS,CF,현금흐름표,dart_PurchaseOfCurrentAvailableForSaleFinancialAssets,매도가능증권의 취득,0,600420000,57,KRW
00399694,SOOP,2018,OFS,CF,현금흐름표,dart_PurchaseOfNonCurrentFairValueFinancialAsset,당기손익-공정가치금융자산의 취득,4500000000,0,58,KRW
00399694,SOOP,2018,OFS,CF,현금흐름표,-표준계정코드 미사용-,기타포괄인식-공정가치 금융자산의 취득,202024462,0,59,KRW
00399694,SOOP,2018,OFS,CF,현금흐름표,dart_PurchaseOfInvestmentsInSubsidiaries,종속기업에 대한 투자자산의 취득,20158538606,2930020456,60,KRW
00399694,SOOP,2018,OFS,CF,현금흐름표,dart_IncreaseInGuaranteeDeposits,임차보증금의 증가,1460000000,2461566100,61,KRW
00399694,SOOP,2018,OFS,CF,현금흐름표,dart_PurchaseOfLongTermFinancialInstruments,장기금융상품의 취득,0,0,62,KRW
00399694,SOOP,2018,OFS,CF,현금흐름표,ifrs_CashFlowsFromUsedInFinancingActivities,재무활동현금흐름,556740010,-3843451750,63,KRW
00399694,SOOP,2018,OFS,CF,현금흐름표,ifrs_ProceedsFromIssuingShares,주식의 발행,4858920000,3355798620,64,KRW
00399694,SOOP,2018,OFS,CF,현금흐름표,dart_IncreaseInGuaranteeDepositsAsFinancialActivities,임대보증금의 증가,30000000,0,65,KRW
00399694,SOOP,2018,OFS,CF,현금흐름표,ifrs_DividendsPaidClassifiedAsFinancingActivities,배당금지급,4049795140,3017055870,66,KRW
00399694,SOOP,2018,OFS,CF,현금흐름표,dart_AcquisitionOfTreasuryShares,자기주식의 취득,282384850,4179794500,67,KRW
00399694,SOOP,2018,OFS,CF,현금흐름표,dart_RepaymentsOfLongTermBorrowings,장기차입금의 상환,0,0,68,KRW
00399694,SOOP,2018,OFS,CF,현금흐름표,dart_DecreaseInGuaranteeDepositsAsFinancialActivities,임대보증금의 감소,0,2400000,69,KRW
00399694,SOOP,2018,OFS,CF,현금흐름표,ifrs_IncreaseDecreaseInCashAndCashEquivalentsBeforeEffectOfExchangeRateChanges,환율변동효과 반영전 현금및현금성자산의 순증가(감소),8325129166,6986204573,70,KRW
00399694,SOOP,2018,OFS,CF,현금흐름표,ifrs_EffectOfExchangeRateChangesOnCashAndCashEquivalents,현금및현금성자산에 대한 환율변동효과,-13872775,-1543040,71,KRW
00399694,SOOP,2018,OFS,CF,현금흐름표,dart_CashAndCashEquivalentsAtBeginningOfPeriodCf,기초현금및현금성자산,21279646840,14294985307,72,KRW
00399694,SOOP,2018,OFS,CF,현금흐름표,dart_CashAndCashEquivalentsAtEndOfPeriodCf,기말현금및현금성자산,29590903231,21279646840,73,KRW
00399694,SOOP,2018,OFS,SCE,자본변동표,dart_EquityAtBeginningOfPeriod,기초자본,74706698241,64058399476,1,KRW
00399694,SOOP,2018,OFS,SCE,자본변동표,dart_EquityAtBeginningOfPeriod,기초자본,-4238312758,-1063549046,1,KRW
00399694,SOOP,2018,OFS,SCE,자본변동표,dart_EquityAtBeginningOfPeriod,기초자본,-897628785,-1243433519,1,KRW
00399694,SOOP,2018,OFS,SCE,자본변동표,dart_EquityAtBeginningOfPeriod,기초자본,33177542741,23211929618,1,KRW
00399694,SOOP,2018,OFS,SCE,자본변동표,dart_EquityAtBeginningOfPeriod,기초자본,5652533500,5435858500,1,KRW
00399694,SOOP,2018,OFS,SCE,자본변동표,dart_EquityAtBeginningOfPeriod,기초자본,41012563543,37717593923,1,KRW
00399694,SOOP,2018,OFS,SCE,자본변동표,ifrs_IncreaseDecreaseThroughChangesInAccountingPolicies,회계정책변경에 따른 증가(감소),0,0,2,KRW
00399694,SOOP,2018,OFS,SCE,자본변동표,ifrs_IncreaseDecreaseThroughChangesInAccountingPolicies,회계정책변경에 따른 증가(감소),0,0,2,KRW
00399694,SOOP,2018,OFS,SCE,자본변동표,ifrs_IncreaseDecreaseThroughChangesInAccountingPolicies,회계정책변경에 따른 증가(감소),222619619,0,2,KRW
00399694,SOOP,2018,OFS,SCE,자본변동표,ifrs_IncreaseDecreaseThroughChangesInAccountingPolicies,회계정책변경에 따른 증가(감소),-1205676355,0,2,KRW
00399694,SOOP,2018,OFS,SCE,자본변동표,ifrs_IncreaseDecreaseThroughChangesInAccountingPolicies,회계정책변경에 따른 증가(감소),0,0,2,KRW
00399694,SOOP,2018,OFS,SCE,자본변동표,ifrs_IncreaseDecreaseThroughChangesInAccountingPolicies,회계정책변경에 따른 증가(감소),-983056736,0,2,KRW
00399694,SOOP,2018,OFS,SCE,자본변동표,ifrs_ProfitLoss,당기순이익(손실),0,0,3,KRW
00399694,SOOP,2018,OFS,SCE,자본변동표,ifrs_ProfitLoss,당기순이익(손실),0,0,3,KRW
00399694,SOOP,2018,OFS,SCE,자본변동표,ifrs_ProfitLoss,당기순이익(손실),22346092055,12985341363,3,KRW
00399694,SOOP,2018,OFS,SCE,자본변동표,ifrs_ProfitLoss,당기순이익(손실),0,0,3,KRW
00399694,SOOP,2018,OFS,SCE,자본변동표,ifrs_ProfitLoss,당기순이익(손실),0,0,3,KRW
00399694,SOOP,2018,OFS,SCE,자본변동표,ifrs_ProfitLoss,당기순이익(손실),22346092055,12985341363,3,KRW
00399694,SOOP,2018,OFS,SCE,자본변동표,dart_OtherComprehensiveIncomeForStatementOfChangesInEquity,기타포괄손익,-234174095,345804734,4,KRW
00399694,SOOP,2018,OFS,SCE,자본변동표,dart_OtherComprehensiveIncomeForStatementOfChangesInEquity,기타포괄손익,0,0,4,KRW
00399694,SOOP,2018,OFS,SCE,자본변동표,dart_OtherComprehensiveIncomeForStatementOfChangesInEquity,기타포괄손익,-234174095,345804734,4,KRW
00399694,SOOP,2018,OFS,SCE,자본변동표,dart_OtherComprehensiveIncomeForStatementOfChangesInEquity,기타포괄손익,0,0,4,KRW
00399694,SOOP,2018,OFS,SCE,자본변동표,dart_OtherComprehensiveIncomeForStatementOfChangesInEquity,기타포괄손익,0,0,4,KRW
00399694,SOOP,2018,OFS,SCE,자본변동표,dart_OtherComprehensiveIncomeForStatementOfChangesInEquity,기타포괄손익,0,0,4,KRW
00399694,SOOP,2018,OFS,SCE,자본변동표,ifrs_IssueOfEquity,지분의 발행,-2136618100,-155846000,5,KRW
00399694,SOOP,2018,OFS,SCE,자본변동표,ifrs_IssueOfEquity,지분의 발행,0,0,5,KRW
00399694,SOOP,2018,OFS,SCE,자본변동표,ifrs_IssueOfEquity,지분의 발행,0,0,5,KRW
00399694,SOOP,2018,OFS,SCE,자본변동표,ifrs_IssueOfEquity,지분의 발행,94850000,216675000,5,KRW
00399694,SOOP,2018,OFS,SCE,자본변동표,ifrs_IssueOfEquity,지분의 발행,6900688100,3294969620,5,KRW
00399694,SOOP,2018,OFS,SCE,자본변동표,ifrs_IssueOfEquity,지분의 발행,4858920000,3355798620,5,KRW
00399694,SOOP,2018,OFS,SCE,자본변동표,ifrs_DividendsPaid,배당금지급,4050510820,3019728240,6,KRW
00399694,SOOP,2018,OFS,SCE,자본변동표,ifrs_DividendsPaid,배당금지급,0,0,6,KRW
00399694,SOOP,2018,OFS,SCE,자본변동표,ifrs_DividendsPaid,배당금지급,0,0,6,KRW
00399694,SOOP,2018,OFS,SCE,자본변동표,ifrs_DividendsPaid,배당금지급,4050510820,3019728240,6,KRW
00399694,SOOP,2018,OFS,SCE,자본변동표,ifrs_DividendsPaid,배당금지급,0,0,6,KRW
00399694,SOOP,2018,OFS,SCE,자본변동표,ifrs_DividendsPaid,배당금지급,0,0,6,KRW
00399694,SOOP,2018,OFS,SCE,자본변동표,dart_TreasuryShareTransactions,자기주식 거래로 인한 증감,0,0,7,KRW
00399694,SOOP,2018,OFS,SCE,자본변동표,dart_TreasuryShareTransactions,자기주식 거래로 인한 증감,0,0,7,KRW
00399694,SOOP,2018,OFS,SCE,자본변동표,dart_TreasuryShareTransactions,자기주식 거래로 인한 증감,0,0,7,KRW
00399694,SOOP,2018,OFS,SCE,자본변동표,dart_TreasuryShareTransactions,자기주식 거래로 인한 증감,-282384850,-4179794500,7,KRW
00399694,SOOP,2018,OFS,SCE,자본변동표,dart_TreasuryShareTransactions,자기주식 거래로 인한 증감,-282384850,-4179794500,7,KRW
00399694,SOOP,2018,OFS,SCE,자본변동표,dart_TreasuryShareTransactions,자기주식 거래로 인한 증감,0,0,7,KRW
00399694,SOOP,2018,OFS,SCE,자본변동표,dart_ShareBasedPaymentTransactions,주식기준보상거래,1209446964,1160876788,8,KRW
00399694,SOOP,2018,OFS,SCE,자본변동표,dart_ShareBasedPaymentTransactions,주식기준보상거래,1209446964,1160876788,8,KRW
00399694,SOOP,2018,OFS,SCE,자본변동표,dart_ShareBasedPaymentTransactions,주식기준보상거래,0,0,8,KRW
00399694,SOOP,2018,OFS,SCE,자본변동표,dart_ShareBasedPaymentTransactions,주식기준보상거래,0,0,8,KRW
00399694,SOOP,2018,OFS,SCE,자본변동표,dart_ShareBasedPaymentTransactions,주식기준보상거래,0,0,8,KRW
00399694,SOOP,2018,OFS,SCE,자본변동표,dart_ShareBasedPaymentTransactions,주식기준보상거래,0,0,8,KRW
00399694,SOOP,2018,OFS,SCE,자본변동표,-표준계정코드 미사용-,가득기간만료 주식선택권,94752000,0,9,KRW
00399694,SOOP,2018,OFS,SCE,자본변동표,-표준계정코드 미사용-,가득기간만료 주식선택권,0,0,9,KRW
00399694,SOOP,2018,OFS,SCE,자본변동표,-표준계정코드 미사용-,가득기간만료 주식선택권,0,0,9,KRW
00399694,SOOP,2018,OFS,SCE,자본변동표,-표준계정코드 미사용-,가득기간만료 주식선택권,0,0,9,KRW
00399694,SOOP,2018,OFS,SCE,자본변동표,-표준계정코드 미사용-,가득기간만료 주식선택권,-94752000,0,9,KRW
00399694,SOOP,2018,OFS,SCE,자본변동표,-표준계정코드 미사용-,가득기간만료 주식선택권,0,0,9,KRW
00399694,SOOP,2018,OFS,SCE,자본변동표,ifrs_Equity,기말자본,97571030759,74706698241,10,KRW
00399694,SOOP,2018,OFS,SCE,자본변동표,ifrs_Equity,기말자본,-5542620744,-4238312758,10,KRW
00399694,SOOP,2018,OFS,SCE,자본변동표,ifrs_Equity,기말자본,-2337479235,-897628785,10,KRW
00399694,SOOP,2018,OFS,SCE,자본변동표,ifrs_Equity,기말자본,51695743595,33177542741,10,KRW
00399694,SOOP,2018,OFS,SCE,자본변동표,ifrs_Equity,기말자본,5747383500,5652533500,10,KRW
00399694,SOOP,2018,OFS,SCE,자본변동표,ifrs_Equity,기말자본,48008003643,41012563543,10,KRW
00399694,SOOP,2019,CFS,BS,재무상태표,ifrs-full_CurrentAssets,유동자산,145005201645,95822126520,1,KRW
00399694,SOOP,2019,CFS,BS,재무상태표,ifrs-full_CashAndCashEquivalents,현금및현금성자산,27335697902,35720958925,2,KRW
00399694,SOOP,2019,CFS,BS,재무상태표,dart_ShortTermDepositsNotClassifiedAsCashEquivalents,단기금융상품,31578894790,10083590000,3,KRW
00399694,SOOP,2019,CFS,BS,재무상태표,ifrs-full_TradeAndOtherCurrentReceivables,매출채권 및 기타채권,49989461920,45172403220,4,KRW
00399694,SOOP,2019,CFS,BS,재무상태표,dart_CurrentAvailableForSaleFinancialAssets,유동매도가능금융자산,0,0,5,KRW
00399694,SOOP,2019,CFS,BS,재무상태표,ifrs-full_CurrentFinancialAssetsAtFairValueThroughProfitOrLossDesignatedUponInitialRecognition,유동 당기손익-공정가치 금융자산,33143371707,2750291435,6,KRW
00399694,SOOP,2019,CFS,BS,재무상태표,dart_OtherCurrentAssets,기타유동자산,2946925196,2088714094,7,KRW
00399694,SOOP,2019,CFS,BS,재무상태표,ifrs-full_CurrentTaxAssets,당기법인세자산,10850130,6168846,8,KRW
00399694,SOOP,2019,CFS,BS,재무상태표,ifrs-full_NoncurrentAssets,비유동자산,83544353792,61721892962,9,KRW
00399694,SOOP,2019,CFS,BS,재무상태표,dart_LongTermDepositsNotClassifiedAsCashEquivalents,장기금융상품,0,0,10,KRW
00399694,SOOP,2019,CFS,BS,재무상태표,dart_NonCurrentAvailableForSaleFinancialAssets,비유동매도가능금융자산,0,0,11,KRW
00399694,SOOP,2019,CFS,BS,재무상태표,ifrs-full_NoncurrentFinancialAssetsAtFairValueThroughProfitOrLossDesignatedUponInitialRecognition,비유동 당기손익-공정가치 금융자산,9751666051,10503006746,12,KRW
00399694,SOOP,2019,CFS,BS,재무상태표,ifrs-full_NoncurrentFinancialAssetsMeasuredAtFairValueThroughOtherComprehensiveIncome,비유동 기타포괄손익-공정가치 금융자산,7237130000,3806194462,13,KRW
00399694,SOOP,2019,CFS,BS,재무상태표,ifrs-full_InvestmentAccountedForUsingEquityMethod,지분법적용 투자지분,6342271033,3433548207,14,KRW
00399694,SOOP,2019,CFS,BS,재무상태표,ifrs-full_PropertyPlantAndEquipment,유형자산,28203651091,25084592721,15,KRW
00399694,SOOP,2019,CFS,BS,재무상태표,ifrs-full_RightofuseAssets,사용권자산,8538761085,0,16,KRW
00399694,SOOP,2019,CFS,BS,재무상태표,ifrs-full_InvestmentProperty,투자부동산,709909958,0,17,KRW
00399694,SOOP,2019,CFS,BS,재무상태표,ifrs-full_IntangibleAssetsOtherThanGoodwill,무형자산,8550688752,8132624157,18,KRW
00399694,SOOP,2019,CFS,BS,재무상태표,dart_LongTermTradeAndOtherNonCurrentReceivablesGross,기타비유동채권,11482186176,9216990655,19,KRW
00399694,SOOP,2019,CFS,BS,재무상태표,dart_OtherNonCurrentAssets,기타비유동자산,0,184505812,20,KRW
00399694,SOOP,2019,CFS,BS,재무상태표,ifrs-full_DeferredTaxAssets,이연법인세자산,2728089646,1360430202,21,KRW
00399694,SOOP,2019,CFS,BS,재무상태표,ifrs-full_Assets,자산총계,228549555437,157544019482,22,KRW
00399694,SOOP,2019,CFS,BS,재무상태표,ifrs-full_CurrentLiabilities,유동부채,93108530917,64344158682,24,KRW
00399694,SOOP,2019,CFS,BS,재무상태표,ifrs-full_TradeAndOtherCurrentPayables,매입채무 및 기타채무,70527542395,50062046033,25,KRW
00399694,SOOP,2019,CFS,BS,재무상태표,ifrs-full_CurrentLeaseLiabilities,유동리스부채,3296104693,0,26,KRW
00399694,SOOP,2019,CFS,BS,재무상태표,ifrs-full_ShorttermBorrowings,단기차입금,1983700000,1093000000,27,KRW
00399694,SOOP,2019,CFS,BS,재무상태표,dart_OtherCurrentLiabilities,기타유동부채,8857311603,8677792889,28,KRW
00399694,SOOP,2019,CFS,BS,재무상태표,ifrs-full_CurrentTaxLiabilities,당기법인세부채,8443872226,4511319760,29,KRW
00399694,SOOP,2019,CFS,BS,재무상태표,ifrs-full_NoncurrentLiabilities,비유동부채,13652171290,306836327,30,KRW
00399694,SOOP,2019,CFS,BS,재무상태표,dart_LongTermBorrowingsGross,장기차입금,8100000000,0,31,KRW
00399694,SOOP,2019,CFS,BS,재무상태표,ifrs-full_NoncurrentLeaseLiabilities,비유동리스부채,4737230682,0,32,KRW
00399694,SOOP,2019,CFS,BS,재무상태표,ifrs-full_NoncurrentProvisions,복구충당부채,814940608,306836327,33,KRW
00399694,SOOP,2019,CFS,BS,재무상태표,ifrs-full_Liabilities,부채총계,106760702207,64650995009,34,KRW
00399694,SOOP,2019,CFS,BS,재무상태표,ifrs-full_EquityAttributableToOwnersOfParent,지배기업의 소유주에게 귀속되는 자본,118929262604,92428378009,36,KRW
00399694,SOOP,2019,CFS,BS,재무상태표,ifrs-full_IssuedCapital,자본금,5747383500,5747383500,37,KRW
00399694,SOOP,2019,CFS,BS,재무상태표,dart_CapitalSurplus,자본잉여금,48008003643,48008003643,38,KRW
00399694,SOOP,2019,CFS,BS,재무상태표,dart_ElementsOfOtherStockholdersEquity,기타자본구성요소,-7387988523,-5822653328,39,KRW
00399694,SOOP,2019,CFS,BS,재무상태표,dart_OtherComprehensiveIncomeLossAccumulatedAmount,기타포괄손익누계액,-3617190792,-2395194398,40,KRW
00399694,SOOP,2019,CFS,BS,재무상태표,ifrs-full_RetainedEarnings,이익잉여금(결손금),76179054776,46890838592,41,KRW
00399694,SOOP,2019,CFS,BS,재무상태표,ifrs-full_NoncontrollingInterests,비지배지분,2859590626,464646464,42,KRW
00399694,SOOP,2019,CFS,BS,재무상태표,ifrs-full_Equity,자본총계,121788853230,92893024473,43,KRW
00399694,SOOP,2019,CFS,BS,재무상태표,ifrs-full_EquityAndLiabilities,자본과부채총계,228549555437,157544019482,44,KRW
00399694,SOOP,2019,CFS,CIS,포괄손익계산서,ifrs-full_Revenue,영업수익,167656442900,126627785921,0,KRW
00399694,SOOP,2019,CFS,CIS,포괄손익계산서,dart_OperatingExpenses,영업비용,130930629737,99504535528,1,KRW
00399694,SOOP,2019,CFS,CIS,포괄손익계산서,dart_OperatingIncomeLoss,영업이익(손실),36725813163,27123250393,2,KRW
00399694,SOOP,2019,CFS,CIS,포괄손익계산서,ifrs-full_FinanceIncome,금융수익,6886731550,835995067,3,KRW
00399694,SOOP,2019,CFS,CIS,포괄손익계산서,ifrs-full_FinanceCosts,금융원가,468566634,519490245,4,KRW
00399694,SOOP,2019,CFS,CIS,포괄손익계산서,dart_OtherGains,기타이익,651802824,375698967,5,KRW
00399694,SOOP,2019,CFS,CIS,포괄손익계산서,dart_OtherLosses,기타손실,866547102,548898414,6,KRW
00399694,SOOP,2019,CFS,CIS,포괄손익계산서,-표준계정코드 미사용-,관계기업손익,-991300174,-674423528,7,KRW
00399694,SOOP,2019,CFS,CIS,포괄손익계산서,ifrs-full_ProfitLossBeforeTax,법인세비용차감전순이익(손실),41937933627,26592132240,8,KRW
00399694,SOOP,2019,CFS,CIS,포괄손익계산서,ifrs-full_IncomeTaxExpenseContinuingOperations,법인세비용,7777547806,5257377896,9,KRW
00399694,SOOP,2019,CFS,CIS,포괄손익계산서,ifrs-full_ProfitLossFromContinuingOperations,계속영업이익(손실),34160385821,21334754344,10,KRW
00399694,SOOP,2019,CFS,CIS,포괄손익계산서,ifrs-full_ProfitLossFromDiscontinuedOperations,중단영업이익(손실),0,0,11,KRW
00399694,SOOP,2019,CFS,CIS,포괄손익계산서,ifrs-full_ProfitLoss,당기순이익(손실),34160385821,21334754344,12,KRW
00399694,SOOP,2019,CFS,CIS,포괄손익계산서,ifrs-full_OtherComprehensiveIncome,기타포괄손익,-1221996394,-266753991,13,KRW
00399694,SOOP,2019,CFS,CIS,포괄손익계산서,-표준계정코드 미사용-,기타포괄손익-공정가치금융자산평가손익,-1188060036,-234174095,15,KRW
00399694,SOOP,2019,CFS,CIS,포괄손익계산서,ifrs-full_GainsLossesOnExchangeDifferencesOnTranslationNetOfTax,해외사업장환산외환차이,-33936358,-32579896,17,KRW
00399694,SOOP,2019,CFS,CIS,포괄손익계산서,ifrs-full_ReclassificationAdjustmentsOnAvailableforsaleFinancialAssetsNetOfTax,매도가능금융자산평가손익,0,0,18,KRW
00399694,SOOP,2019,CFS,CIS,포괄손익계산서,ifrs-full_ComprehensiveIncome,총포괄손익,32938389427,21068000353,19,KRW
00399694,SOOP,2019,CFS,CIS,포괄손익계산서,ifrs-full_ProfitLossAttributableToOwnersOfParent,지배기업의 소유주에게 귀속되는 당기순이익(손실),34371002514,21562866325,21,KRW
00399694,SOOP,2019,CFS,CIS,포괄손익계산서,ifrs-full_ProfitLossAttributableToNoncontrollingInterests,비지배지분에 귀속되는 당기순이익(손실),-210616693,-228111981,22,KRW
00399694,SOOP,2019,CFS,CIS,포괄손익계산서,ifrs-full_ComprehensiveIncomeAttributableToOwnersOfParent,"총 포괄손익, 지배기업의 소유주에게 귀속되는 지분",33149006120,21296112334,24,KRW
00399694,SOOP,2019,CFS,CIS,포괄손익계산서,ifrs-full_ComprehensiveIncomeAttributableToNoncontrollingInterests,"총 포괄손익, 비지배지분",-210616693,-228111981,25,KRW
00399694,SOOP,2019,CFS,CIS,포괄손익계산서,ifrs-full_BasicEarningsLossPerShare,기본주당이익(손실),3164,2016,27,KRW
00399694,SOOP,2019,CFS,CIS,포괄손익계산서,ifrs-full_DilutedEarningsLossPerShare,희석주당이익(손실),3082,1975,28,KRW
00399694,SOOP,2019,CFS,CF,현금흐름표,ifrs-full_CashFlowsFromUsedInOperatingActivities,영업활동현금흐름,60835842940,38754013491,0,KRW
00399694,SOOP,2019,CFS,CF,현금흐름표,dart_ProfitLossForStatementOfCashFlows,당기순이익(손실),34160385821,21334754344,1,KRW
00399694,SOOP,2019,CFS,CF,현금흐름표,ifrs-full_AdjustmentsForReconcileProfitLoss,당기순이익조정을 위한 가감,21526079422,11845034861,2,KRW
00399694,SOOP,2019,CFS,CF,현금흐름표,ifrs-full_AdjustmentsForIncomeTaxExpense,법인세비용,7777547806,5257377896,3,KRW
00399694,SOOP,2019,CFS,CF,현금흐름표,dart_AdjustmentsForInterestExpenses,이자비용,415117831,7392989,4,KRW
00399694,SOOP,2019,CFS,CF,현금흐름표,dart_AdjustmentsForBadDebtExpenses,대손상각비,3914163452,753496062,5,KRW
00399694,SOOP,2019,CFS,CF,현금흐름표,-표준계정코드 미사용-,지급임차료,0,163091882,6,KRW
00399694,SOOP,2019,CFS,CF,현금흐름표,dart_AdjustmentsForOtherBadDebtExpenses,기타의 대손상각비,0,0,7,KRW
00399694,SOOP,2019,CFS,CF,현금흐름표,dart_AdjustmentsForShareBasedPayment,주식보상비용,2269185453,1209446964,8,KRW
00399694,SOOP,2019,CFS,CF,현금흐름표,dart_AdjustmentsForLossesOfAssociatesAndJointVenturesAccountedForUsingEquityMethod,지분법손실,991300174,674423528,9,KRW
00399694,SOOP,2019,CFS,CF,현금흐름표,dart_AdjustmentsForLossesOnForeignExchangeTranslations,외화환산손실,85138269,20514356,10,KRW
00399694,SOOP,2019,CFS,CF,현금흐름표,dart_AdjustmentsForGainOnForeignExchangeTranslations,외화환산이익,95736206,55559667,11,KRW
00399694,SOOP,2019,CFS,CF,현금흐름표,dart_AdjustmentsForLossesOnEvaluationOfFairValueFinancialAssets,당기손익-공정가치금융자산평가손실,29180245,487108117,12,KRW
00399694,SOOP,2019,CFS,CF,현금흐름표,dart_AdjustmentsForGainsOnEvaluationOfFairValueFinancialAssets,당기손익-공정가치금융자산평가이익,2818047412,179993309,13,KRW
00399694,SOOP,2019,CFS,CF,현금흐름표,-표준계정코드 미사용-,당기손익-공정가치금융자산처분이익,3134235211,6857500,14,KRW
00399694,SOOP,2019,CFS,CF,현금흐름표,dart_AdjustmentsForDepreciationExpense,감가상각비,9766587636,3737930050,15,KRW
00399694,SOOP,2019,CFS,CF,현금흐름표,dart_AdjustmentsForAmortisationExpense,무형자산상각비,950579540,283296758,16,KRW
00399694,SOOP,2019,CFS,CF,현금흐름표,dart_AdjustmentsForImpairmentLossesOfIntangibleAssets,무형자산손상차손,157743083,85000000,17,KRW
00399694,SOOP,2019,CFS,CF,현금흐름표,-표준계정코드 미사용-,급여,1986312875,129434745,18,KRW
00399694,SOOP,2019,CFS,CF,현금흐름표,dart_AdjustmentsForMiscellaneousIncome,잡이익,0,4516859,19,KRW
00399694,SOOP,2019,CFS,CF,현금흐름표,dart_AdjustmentsForMiscellaneousLosses,잡손실,9683052,-7333330,20,KRW
00399694,SOOP,2019,CFS,CF,현금흐름표,-표준계정코드 미사용-,행사비,0,0,21,KRW
00399694,SOOP,2019,CFS,CF,현금흐름표,dart_AdjustmentsForInterestIncome,이자수익,927448927,645336258,22,KRW
00399694,SOOP,2019,CFS,CF,현금흐름표,dart_AdjustmentsForGainOnDispositionOfTangibleAssets,유형자산처분이익,53696539,37634570,23,KRW
00399694,SOOP,2019,CFS,CF,현금흐름표,dart_AdjustmentsForLossesOnDispositionOfPropertyPlantAndEquipment,유형자산처분손실,220877288,36997988,24,KRW
00399694,SOOP,2019,CFS,CF,현금흐름표,dart_AdjustmentsForGainsOnDisposalsOfInvestmentsInAssociates,종속기업처분이익,0,42959427,25,KRW
00399694,SOOP,2019,CFS,CF,현금흐름표,dart_AdjustmentsForImpairmentLossesOfPropertyPlantAndEquipment,유형자산손상차손,958455,0,26,KRW
00399694,SOOP,2019,CFS,CF,현금흐름표,dart_AdjustmentsForLossesOnDisposalsofInvestmentsInAssociates,종속기업처분손실,0,0,27,KRW
00399694,SOOP,2019,CFS,CF,현금흐름표,dart_AdjustmentsForLossesOnDisposalsOfIntangibleAssets,무형자산처분손실,0,0,28,KRW
00399694,SOOP,2019,CFS,CF,현금흐름표,dart_AdjustmentsForLossesOnDisposalsOfFinancialAssets,매도가능증권처분손실,0,0,29,KRW
00399694,SOOP,2019,CFS,CF,현금흐름표,-표준계정코드 미사용-,배당금수익,-7000000,-3808000,30,KRW
00399694,SOOP,2019,CFS,CF,현금흐름표,dart_AdjustmentsForImpairmentLossesOnAvailableForSaleFinancialAssets,매도가능금융자산손상차손,0,0,31,KRW
00399694,SOOP,2019,CFS,CF,현금흐름표,dart_AdjustmentsForExpenseOfProvisions,복충당부채전입액,24268558,4249720,32,KRW
00399694,SOOP,2019,CFS,CF,현금흐름표,dart_AdjustmentsForGainsOnDisposalsOfIntangibleAssets,무형자산처분이익,36400000,20727274,33,KRW
00399694,SOOP,2019,CFS,CF,현금흐름표,dart_AdjustmentsForAssetsLiabilitiesOfOperatingActivities,영업활동으로인한자산ㆍ부채의변동,10562196643,6817158106,34,KRW
00399694,SOOP,2019,CFS,CF,현금흐름표,ifrs-full_AdjustmentsForDecreaseIncreaseInTradeAccountReceivable,매출채권의 감소(증가),2929601998,-3850951357,35,KRW
00399694,SOOP,2019,CFS,CF,현금흐름표,ifrs-full_AdjustmentsForDecreaseIncreaseInOtherOperatingReceivables,기타채권의감소(증가),-11511595580,-19592110869,36,KRW
00399694,SOOP,2019,CFS,CF,현금흐름표,dart_AdjustmentsForDecreaseIncreaseInOtherCurrentAssets,기타유동자산의 감소(증가),454360381,-459446843,37,KRW
00399694,SOOP,2019,CFS,CF,현금흐름표,ifrs-full_AdjustmentsForIncreaseDecreaseInTradeAccountPayable,매입채무의 증가(감소),2420000,-43290689,38,KRW
00399694,SOOP,2019,CFS,CF,현금흐름표,ifrs-full_AdjustmentsForIncreaseDecreaseInOtherOperatingPayables,기타채무의증가(감소),18672511447,27477924015,39,KRW
00399694,SOOP,2019,CFS,CF,현금흐름표,dart_AdjustmentsForIncreaseDecreaseInOtherCurrentLiabilities,기타유동부채의 증가(감소),47764457,3319845669,40,KRW
00399694,SOOP,2019,CFS,CF,현금흐름표,-표준계정코드 미사용-,해외사업환산 변동,-32866060,-34811820,41,KRW
00399694,SOOP,2019,CFS,CF,현금흐름표,ifrs-full_InterestReceivedClassifiedAsOperatingActivities,이자의 수취,835959421,440053557,42,KRW
00399694,SOOP,2019,CFS,CF,현금흐름표,ifrs-full_DividendsReceivedClassifiedAsOperatingActivities,배당금의 수취,7000000,3808000,43,KRW
00399694,SOOP,2019,CFS,CF,현금흐름표,ifrs-full_InterestPaidClassifiedAsOperatingActivities,이자지급,150048995,7392989,44,KRW
00399694,SOOP,2019,CFS,CF,현금흐름표,ifrs-full_IncomeTaxesPaidRefundClassifiedAsOperatingActivities,법인세의 납부,6105729372,1679402388,45,KRW
00399694,SOOP,2019,CFS,CF,현금흐름표,ifrs-full_CashFlowsFromUsedInInvestingActivities,투자활동현금흐름,-70041055890,-26622734840,46,KRW
00399694,SOOP,2019,CFS,CF,현금흐름표,-표준계정코드 미사용-,단기대여금의 감소,8400000,36200000,47,KRW
00399694,SOOP,2019,CFS,CF,현금흐름표,-표준계정코드 미사용-,장기대여금의 감소,219600000,66200000,48,KRW
00399694,SOOP,2019,CFS,CF,현금흐름표,dart_ProceedsFromSalesOfAvailableForSaleFinancialAssets,매도가능금융자산의 처분,0,0,49,KRW
00399694,SOOP,2019,CFS,CF,현금흐름표,-표준계정코드 미사용-,보증금의 감소,19600000,36712000,50,KRW
00399694,SOOP,2019,CFS,CF,현금흐름표,-표준계정코드 미사용-,투자예치금의 감소,2576281317,3461106296,51,KRW
00399694,SOOP,2019,CFS,CF,현금흐름표,dart_ProceedsFromSalesOfLongTermFinancialInstruments,장기금융상품의 처분,0,2500000,52,KRW
00399694,SOOP,2019,CFS,CF,현금흐름표,ifrs-full_ProceedsFromSalesOfPropertyPlantAndEquipmentClassifiedAsInvestingActivities,유형자산의 처분,70443639,85090909,53,KRW
00399694,SOOP,2019,CFS,CF,현금흐름표,ifrs-full_ProceedsFromSalesOfIntangibleAssetsClassifiedAsInvestingActivities,무형자산의 처분,50400000,272727274,54,KRW
00399694,SOOP,2019,CFS,CF,현금흐름표,-표준계정코드 미사용-,당기손익-공정가치금융자산의 처분,13206417719,6857500,55,KRW
00399694,SOOP,2019,CFS,CF,현금흐름표,-표준계정코드 미사용-,단기대여금의 증가,15000000,30000000,56,KRW
00399694,SOOP,2019,CFS,CF,현금흐름표,dart_PurchaseOfLongTermLoansAndReceivables,장기대여금의 증가,300000000,0,57,KRW
00399694,SOOP,2019,CFS,CF,현금흐름표,dart_PurchaseOfLongTermFinancialInstruments,장기금융상품의 취득,0,0,58,KRW
00399694,SOOP,2019,CFS,CF,현금흐름표,dart_PurchaseOfNonCurrentFairValueFinancialAsset,당기손익-공정가치금융자산의 취득,36841464918,4500000000,59,KRW
00399694,SOOP,2019,CFS,CF,현금흐름표,-표준계정코드 미사용-,기타포괄인식-공정가치금융자산의 취득,4998297063,202024462,60,KRW
00399694,SOOP,2019,CFS,CF,현금흐름표,dart_PurchaseOfCurrentAvailableForSaleFinancialAssets,매도가능증권의 취득,0,0,61,KRW
00399694,SOOP,2019,CFS,CF,현금흐름표,dart_PurchaseOfInvestmentsInAssociates,관계기업에 대한 투자지분의 취득,3900023000,2900000000,62,KRW
00399694,SOOP,2019,CFS,CF,현금흐름표,ifrs-full_PurchaseOfPropertyPlantAndEquipmentClassifiedAsInvestingActivities,유형자산의 취득,11794725278,13099770235,63,KRW
00399694,SOOP,2019,CFS,CF,현금흐름표,ifrs-full_PurchaseOfIntangibleAssetsClassifiedAsInvestingActivities,무형자산의 취득,1581670573,627779091,64,KRW
00399694,SOOP,2019,CFS,CF,현금흐름표,-표준계정코드 미사용-,보증금의 증가,2455078000,1334428310,65,KRW
00399694,SOOP,2019,CFS,CF,현금흐름표,-표준계정코드 미사용-,단기금융상품의 순감소(순증가),21557232758,0,66,KRW
00399694,SOOP,2019,CFS,CF,현금흐름표,-표준계정코드 미사용-,투자예치금의 취득,2799706975,1782879941,67,KRW
00399694,SOOP,2019,CFS,CF,현금흐름표,dart_DecreaseInGuaranteeDeposits,임차보증금의 감소,51000000,985000000,68,KRW
00399694,SOOP,2019,CFS,CF,현금흐름표,dart_IncreaseInGuaranteeDeposits,임차보증금의 증가,0,1463018244,69,KRW
00399694,SOOP,2019,CFS,CF,현금흐름표,-표준계정코드 미사용-,사업결합으로인한 순현금흐름,0,5073946062,70,KRW
00399694,SOOP,2019,CFS,CF,현금흐름표,ifrs-full_CashFlowsFromLosingControlOfSubsidiariesOrOtherBusinessesClassifiedAsInvestingActivities,종속기업과 기타 사업의 지배력 상실에 따른 현금흐름,0,-561282474,71,KRW
00399694,SOOP,2019,CFS,CF,현금흐름표,ifrs-full_CashFlowsFromUsedInFinancingActivities,재무활동현금흐름,836523889,599467134,72,KRW
00399694,SOOP,2019,CFS,CF,현금흐름표,ifrs-full_ProceedsFromIssuingShares,주식의 발행,40000000,5007647124,73,KRW
00399694,SOOP,2019,CFS,CF,현금흐름표,dart_ProceedsFromShortTermBorrowings,단기차입금의 증가,1000000000,0,74,KRW
00399694,SOOP,2019,CFS,CF,현금흐름표,dart_ProceedsFromLongTermBorrowings,장기차입금의 증가,8100000000,0,75,KRW
00399694,SOOP,2019,CFS,CF,현금흐름표,ifrs-full_PaymentsOfFinanceLeaseLiabilitiesClassifiedAsFinancingActivities,리스부채 원금의 지급,3114263311,0,76,KRW
00399694,SOOP,2019,CFS,CF,현금흐름표,dart_RepaymentsOfShortTermBorrowings,단기차입금의 상환,109300000,0,77,KRW
00399694,SOOP,2019,CFS,CF,현금흐름표,dart_RepaymentsOfBonds,사채의 상환,0,68000000,78,KRW
00399694,SOOP,2019,CFS,CF,현금흐름표,ifrs-full_DividendsPaidClassifiedAsFinancingActivities,배당금지급,5078647800,4049795140,79,KRW
00399694,SOOP,2019,CFS,CF,현금흐름표,dart_DecreaseInGuaranteeDepositsAsFinancialActivities,임대보증금의 감소,0,0,80,KRW
00399694,SOOP,2019,CFS,CF,현금흐름표,dart_AcquisitionOfTreasuryShares,자기주식의 취득,0,282384850,81,KRW
00399694,SOOP,2019,CFS,CF,현금흐름표,dart_PaymentForConsolidatedCapitalTransactions,연결자본거래로 인한 현금유출,1265000,8000000,82,KRW
00399694,SOOP,2019,CFS,CF,현금흐름표,ifrs-full_IncreaseDecreaseInCashAndCashEquivalentsBeforeEffectOfExchangeRateChanges,환율변동효과 반영전 현금및현금성자산의 순증가(감소),-8368689061,12730745785,83,KRW
00399694,SOOP,2019,CFS,CF,현금흐름표,ifrs-full_EffectOfExchangeRateChangesOnCashAndCashEquivalents,현금및현금성자산에 대한 환율변동효과,-16571962,-13872775,84,KRW
00399694,SOOP,2019,CFS,CF,현금흐름표,dart_CashAndCashEquivalentsAtBeginningOfPeriodCf,기초현금및현금성자산,35720958925,23004085915,85,KRW
00399694,SOOP,2019,CFS,CF,현금흐름표,dart_CashAndCashEquivalentsAtEndOfPeriodCf,기말현금및현금성자산,27335697902,35720958925,86,KRW
00399694,SOOP,2019,CFS,SCE,자본변동표,dart_EquityAtBeginningOfPeriod,기초자본,92893024473,70108112309,1,KRW
00399694,SOOP,2019,CFS,SCE,자본변동표,dart_EquityAtBeginningOfPeriod,기초자본,464646464,435400162,1,KRW
00399694,SOOP,2019,CFS,SCE,자본변동표,dart_EquityAtBeginningOfPeriod,기초자본,92428378009,69672712147,1,KRW
00399694,SOOP,2019,CFS,SCE,자본변동표,dart_EquityAtBeginningOfPeriod,기초자본,-5822653328,-4518345342,1,KRW
00399694,SOOP,2019,CFS,SCE,자본변동표,dart_EquityAtBeginningOfPeriod,기초자본,-2395194398,-922764052,1,KRW
00399694,SOOP,2019,CFS,SCE,자본변동표,dart_EquityAtBeginningOfPeriod,기초자본,46890838592,28448724498,1,KRW
00399694,SOOP,2019,CFS,SCE,자본변동표,dart_EquityAtBeginningOfPeriod,기초자본,5747383500,5652533500,1,KRW
00399694,SOOP,2019,CFS,SCE,자본변동표,dart_EquityAtBeginningOfPeriod,기초자본,48008003643,41012563543,1,KRW
00399694,SOOP,2019,CFS,SCE,자본변동표,ifrs-full_IncreaseDecreaseThroughChangesInAccountingPolicies,회계정책변경에 따른 증가(감소),0,0,2,KRW
00399694,SOOP,2019,CFS,SCE,자본변동표,ifrs-full_IncreaseDecreaseThroughChangesInAccountingPolicies,회계정책변경에 따른 증가(감소),0,929758589,2,KRW
00399694,SOOP,2019,CFS,SCE,자본변동표,ifrs-full_IncreaseDecreaseThroughChangesInAccountingPolicies,회계정책변경에 따른 증가(감소),0,-1205676355,2,KRW
00399694,SOOP,2019,CFS,SCE,자본변동표,ifrs-full_IncreaseDecreaseThroughChangesInAccountingPolicies,회계정책변경에 따른 증가(감소),0,0,2,KRW
00399694,SOOP,2019,CFS,SCE,자본변동표,ifrs-full_IncreaseDecreaseThroughChangesInAccountingPolicies,회계정책변경에 따른 증가(감소),0,-275917766,2,KRW
00399694,SOOP,2019,CFS,SCE,자본변동표,ifrs-full_IncreaseDecreaseThroughChangesInAccountingPolicies,회계정책변경에 따른 증가(감소),0,0,2,KRW
00399694,SOOP,2019,CFS,SCE,자본변동표,ifrs-full_IncreaseDecreaseThroughChangesInAccountingPolicies,회계정책변경에 따른 증가(감소),0,-275917766,2,KRW
00399694,SOOP,2019,CFS,SCE,자본변동표,ifrs-full_IncreaseDecreaseThroughChangesInAccountingPolicies,회계정책변경에 따른 증가(감소),0,0,2,KRW
00399694,SOOP,2019,CFS,SCE,자본변동표,ifrs-full_ProfitLoss,당기순이익(손실),0,0,3,KRW
00399694,SOOP,2019,CFS,SCE,자본변동표,ifrs-full_ProfitLoss,당기순이익(손실),34371002514,21562866325,3,KRW
00399694,SOOP,2019,CFS,SCE,자본변동표,ifrs-full_ProfitLoss,당기순이익(손실),0,,3,KRW
00399694,SOOP,2019,CFS,SCE,자본변동표,ifrs-full_ProfitLoss,당기순이익(손실),0,0,3,KRW
00399694,SOOP,2019,CFS,SCE,자본변동표,ifrs-full_ProfitLoss,당기순이익(손실),34371002514,21562866325,3,KRW
00399694,SOOP,2019,CFS,SCE,자본변동표,ifrs-full_ProfitLoss,당기순이익(손실),-210616693,-228111981,3,KRW
00399694,SOOP,2019,CFS,SCE,자본변동표,ifrs-full_ProfitLoss,당기순이익(손실),34160385821,21334754344,3,KRW
00399694,SOOP,2019,CFS,SCE,자본변동표,ifrs-full_ProfitLoss,당기순이익(손실),0,0,3,KRW
00399694,SOOP,2019,CFS,SCE,자본변동표,dart_OtherComprehensiveIncomeForStatementOfChangesInEquity,기타포괄손익,0,0,4,KRW
00399694,SOOP,2019,CFS,SCE,자본변동표,dart_OtherComprehensiveIncomeForStatementOfChangesInEquity,기타포괄손익,-1221996394,-266753991,4,KRW
00399694,SOOP,2019,CFS,SCE,자본변동표,dart_OtherComprehensiveIncomeForStatementOfChangesInEquity,기타포괄손익,0,0,4,KRW
00399694,SOOP,2019,CFS,SCE,자본변동표,dart_OtherComprehensiveIncomeForStatementOfChangesInEquity,기타포괄손익,-1221996394,-266753991,4,KRW
00399694,SOOP,2019,CFS,SCE,자본변동표,dart_OtherComprehensiveIncomeForStatementOfChangesInEquity,기타포괄손익,0,0,4,KRW
00399694,SOOP,2019,CFS,SCE,자본변동표,dart_OtherComprehensiveIncomeForStatementOfChangesInEquity,기타포괄손익,-1221996394,-266753991,4,KRW
00399694,SOOP,2019,CFS,SCE,자본변동표,dart_OtherComprehensiveIncomeForStatementOfChangesInEquity,기타포괄손익,0,0,4,KRW
00399694,SOOP,2019,CFS,SCE,자본변동표,dart_OtherComprehensiveIncomeForStatementOfChangesInEquity,기타포괄손익,,0,4,KRW
00399694,SOOP,2019,CFS,SCE,자본변동표,ifrs-full_IssueOfEquity,유상증자,0,0,5,KRW
00399694,SOOP,2019,CFS,SCE,자본변동표,ifrs-full_IssueOfEquity,유상증자,0,0,5,KRW
00399694,SOOP,2019,CFS,SCE,자본변동표,ifrs-full_IssueOfEquity,유상증자,0,0,5,KRW
00399694,SOOP,2019,CFS,SCE,자본변동표,ifrs-full_IssueOfEquity,유상증자,0,0,5,KRW
00399694,SOOP,2019,CFS,SCE,자본변동표,ifrs-full_IssueOfEquity,유상증자,0,0,5,KRW
00399694,SOOP,2019,CFS,SCE,자본변동표,ifrs-full_IssueOfEquity,유상증자,40000000,0,5,KRW
00399694,SOOP,2019,CFS,SCE,자본변동표,ifrs-full_IssueOfEquity,유상증자,40000000,0,5,KRW
00399694,SOOP,2019,CFS,SCE,자본변동표,ifrs-full_IssueOfEquity,유상증자,0,0,5,KRW
00399694,SOOP,2019,CFS,SCE,자본변동표,-표준계정코드 미사용-,신주인수권의 행사,0,0,6,KRW
00399694,SOOP,2019,CFS,SCE,자본변동표,-표준계정코드 미사용-,신주인수권의 행사,0,0,6,KRW
00399694,SOOP,2019,CFS,SCE,자본변동표,-표준계정코드 미사용-,신주인수권의 행사,0,0,6,KRW
00399694,SOOP,2019,CFS,SCE,자본변동표,-표준계정코드 미사용-,신주인수권의 행사,0,0,6,KRW
00399694,SOOP,2019,CFS,SCE,자본변동표,-표준계정코드 미사용-,신주인수권의 행사,0,0,6,KRW
00399694,SOOP,2019,CFS,SCE,자본변동표,-표준계정코드 미사용-,신주인수권의 행사,0,0,6,KRW
00399694,SOOP,2019,CFS,SCE,자본변동표,-표준계정코드 미사용-,신주인수권의 행사,0,0,6,KRW
00399694,SOOP,2019,CFS,SCE,자본변동표,-표준계정코드 미사용-,신주인수권의 행사,0,0,6,KRW
00399694,SOOP,2019,CFS,SCE,자본변동표,-표준계정코드 미사용-,주식선택권 행사,-1268959793,4858920000,7,KRW
00399694,SOOP,2019,CFS,SCE,자본변동표,-표준계정코드 미사용-,주식선택권 행사,0,,7,KRW
00399694,SOOP,2019,CFS,SCE,자본변동표,-표준계정코드 미사용-,주식선택권 행사,-1268959793,4858920000,7,KRW
00399694,SOOP,2019,CFS,SCE,자본변동표,-표준계정코드 미사용-,주식선택권 행사,-1268959793,-2136618100,7,KRW
00399694,SOOP,2019,CFS,SCE,자본변동표,-표준계정코드 미사용-,주식선택권 행사,0,0,7,KRW
00399694,SOOP,2019,CFS,SCE,자본변동표,-표준계정코드 미사용-,주식선택권 행사,0,0,7,KRW
00399694,SOOP,2019,CFS,SCE,자본변동표,-표준계정코드 미사용-,주식선택권 행사,0,94850000,7,KRW
00399694,SOOP,2019,CFS,SCE,자본변동표,-표준계정코드 미사용-,주식선택권 행사,0,6900688100,7,KRW
00399694,SOOP,2019,CFS,SCE,자본변동표,ifrs-full_DividendsPaid,배당금지급,5082786330,4050510820,8,KRW
00399694,SOOP,2019,CFS,SCE,자본변동표,ifrs-full_DividendsPaid,배당금지급,0,0,8,KRW
00399694,SOOP,2019,CFS,SCE,자본변동표,ifrs-full_DividendsPaid,배당금지급,0,0,8,KRW
00399694,SOOP,2019,CFS,SCE,자본변동표,ifrs-full_DividendsPaid,배당금지급,0,0,8,KRW
00399694,SOOP,2019,CFS,SCE,자본변동표,ifrs-full_DividendsPaid,배당금지급,5082786330,4050510820,8,KRW
00399694,SOOP,2019,CFS,SCE,자본변동표,ifrs-full_DividendsPaid,배당금지급,0,0,8,KRW
00399694,SOOP,2019,CFS,SCE,자본변동표,ifrs-full_DividendsPaid,배당금지급,0,0,8,KRW
00399694,SOOP,2019,CFS,SCE,자본변동표,ifrs-full_DividendsPaid,배당금지급,5082786330,4050510820,8,KRW
00399694,SOOP,2019,CFS,SCE,자본변동표,dart_TreasuryShareTransactions,자기주식 거래로 인한 증감,0,-282384850,9,KRW
00399694,SOOP,2019,CFS,SCE,자본변동표,dart_TreasuryShareTransactions,자기주식 거래로 인한 증감,0,0,9,KRW
00399694,SOOP,2019,CFS,SCE,자본변동표,dart_TreasuryShareTransactions,자기주식 거래로 인한 증감,0,0,9,KRW
00399694,SOOP,2019,CFS,SCE,자본변동표,dart_TreasuryShareTransactions,자기주식 거래로 인한 증감,0,0,9,KRW
00399694,SOOP,2019,CFS,SCE,자본변동표,dart_TreasuryShareTransactions,자기주식 거래로 인한 증감,0,-282384850,9,KRW
00399694,SOOP,2019,CFS,SCE,자본변동표,dart_TreasuryShareTransactions,자기주식 거래로 인한 증감,0,-282384850,9,KRW
00399694,SOOP,2019,CFS,SCE,자본변동표,dart_TreasuryShareTransactions,자기주식 거래로 인한 증감,0,0,9,KRW
00399694,SOOP,2019,CFS,SCE,자본변동표,dart_TreasuryShareTransactions,자기주식 거래로 인한 증감,0,0,9,KRW
00399694,SOOP,2019,CFS,SCE,자본변동표,dart_ShareBasedPaymentTransactions,주식기준보상거래,0,0,10,KRW
00399694,SOOP,2019,CFS,SCE,자본변동표,dart_ShareBasedPaymentTransactions,주식기준보상거래,2269185453,1209446964,10,KRW
00399694,SOOP,2019,CFS,SCE,자본변동표,dart_ShareBasedPaymentTransactions,주식기준보상거래,2269185453,1209446964,10,KRW
00399694,SOOP,2019,CFS,SCE,자본변동표,dart_ShareBasedPaymentTransactions,주식기준보상거래,2269185453,1209446964,10,KRW
00399694,SOOP,2019,CFS,SCE,자본변동표,dart_ShareBasedPaymentTransactions,주식기준보상거래,0,0,10,KRW
00399694,SOOP,2019,CFS,SCE,자본변동표,dart_ShareBasedPaymentTransactions,주식기준보상거래,0,0,10,KRW
00399694,SOOP,2019,CFS,SCE,자본변동표,dart_ShareBasedPaymentTransactions,주식기준보상거래,0,0,10,KRW
00399694,SOOP,2019,CFS,SCE,자본변동표,dart_ShareBasedPaymentTransactions,주식기준보상거래,0,0,10,KRW
00399694,SOOP,2019,CFS,SCE,자본변동표,-표준계정코드 미사용-,가득기간만료 주식선택권,0,94752000,11,KRW
00399694,SOOP,2019,CFS,SCE,자본변동표,-표준계정코드 미사용-,가득기간만료 주식선택권,0,0,11,KRW
00399694,SOOP,2019,CFS,SCE,자본변동표,-표준계정코드 미사용-,가득기간만료 주식선택권,0,0,11,KRW
00399694,SOOP,2019,CFS,SCE,자본변동표,-표준계정코드 미사용-,가득기간만료 주식선택권,0,0,11,KRW
00399694,SOOP,2019,CFS,SCE,자본변동표,-표준계정코드 미사용-,가득기간만료 주식선택권,0,-94752000,11,KRW
00399694,SOOP,2019,CFS,SCE,자본변동표,-표준계정코드 미사용-,가득기간만료 주식선택권,0,0,11,KRW
00399694,SOOP,2019,CFS,SCE,자본변동표,-표준계정코드 미사용-,가득기간만료 주식선택권,0,0,11,KRW
00399694,SOOP,2019,CFS,SCE,자본변동표,-표준계정코드 미사용-,가득기간만료 주식선택권,0,0,11,KRW
00399694,SOOP,2019,CFS,SCE,자본변동표,-표준계정코드 미사용-,비지배지분의 출자,0,0,12,KRW
00399694,SOOP,2019,CFS,SCE,자본변동표,-표준계정코드 미사용-,비지배지분의 출자,0,0,12,KRW
00399694,SOOP,2019,CFS,SCE,자본변동표,-표준계정코드 미사용-,비지배지분의 출자,0,0,12,KRW
00399694,SOOP,2019,CFS,SCE,자본변동표,-표준계정코드 미사용-,비지배지분의 출자,0,0,12,KRW
00399694,SOOP,2019,CFS,SCE,자본변동표,-표준계정코드 미사용-,비지배지분의 출자,5534439145,0,12,KRW
00399694,SOOP,2019,CFS,SCE,자본변동표,-표준계정코드 미사용-,비지배지분의 출자,5534439145,0,12,KRW
00399694,SOOP,2019,CFS,SCE,자본변동표,-표준계정코드 미사용-,비지배지분의 출자,2565560855,0,12,KRW
00399694,SOOP,2019,CFS,SCE,자본변동표,-표준계정코드 미사용-,비지배지분의 출자,8100000000,0,12,KRW
00399694,SOOP,2019,CFS,SCE,자본변동표,ifrs-full_IncreaseDecreaseThroughChangesInOwnershipInterestsInSubsidiariesThatDoNotResultInLossOfControl,비지배지분의 변동,0,0,13,KRW
00399694,SOOP,2019,CFS,SCE,자본변동표,ifrs-full_IncreaseDecreaseThroughChangesInOwnershipInterestsInSubsidiariesThatDoNotResultInLossOfControl,비지배지분의 변동,0,0,13,KRW
00399694,SOOP,2019,CFS,SCE,자본변동표,ifrs-full_IncreaseDecreaseThroughChangesInOwnershipInterestsInSubsidiariesThatDoNotResultInLossOfControl,비지배지분의 변동,0,0,13,KRW
00399694,SOOP,2019,CFS,SCE,자본변동표,ifrs-full_IncreaseDecreaseThroughChangesInOwnershipInterestsInSubsidiariesThatDoNotResultInLossOfControl,비지배지분의 변동,0,0,13,KRW
00399694,SOOP,2019,CFS,SCE,자본변동표,ifrs-full_IncreaseDecreaseThroughChangesInOwnershipInterestsInSubsidiariesThatDoNotResultInLossOfControl,비지배지분의 변동,-8100000000,0,13,KRW
00399694,SOOP,2019,CFS,SCE,자본변동표,ifrs-full_IncreaseDecreaseThroughChangesInOwnershipInterestsInSubsidiariesThatDoNotResultInLossOfControl,비지배지분의 변동,-8100000000,0,13,KRW
00399694,SOOP,2019,CFS,SCE,자본변동표,ifrs-full_IncreaseDecreaseThroughChangesInOwnershipInterestsInSubsidiariesThatDoNotResultInLossOfControl,비지배지분의 변동,0,0,13,KRW
00399694,SOOP,2019,CFS,SCE,자본변동표,ifrs-full_IncreaseDecreaseThroughChangesInOwnershipInterestsInSubsidiariesThatDoNotResultInLossOfControl,비지배지분의 변동,-8100000000,0,13,KRW
00399694,SOOP,2019,CFS,SCE,자본변동표,dart_ChangesInConsolidatedCompanies,연결대상범위의 변동,0,0,14,KRW
00399694,SOOP,2019,CFS,SCE,자본변동표,dart_ChangesInConsolidatedCompanies,연결대상범위의 변동,0,0,14,KRW
00399694,SOOP,2019,CFS,SCE,자본변동표,dart_ChangesInConsolidatedCompanies,연결대상범위의 변동,0,0,14,KRW
00399694,SOOP,2019,CFS,SCE,자본변동표,dart_ChangesInConsolidatedCompanies,연결대상범위의 변동,0,0,14,KRW
00399694,SOOP,2019,CFS,SCE,자본변동표,dart_ChangesInConsolidatedCompanies,연결대상범위의 변동,0,0,14,KRW
00399694,SOOP,2019,CFS,SCE,자본변동표,dart_ChangesInConsolidatedCompanies,연결대상범위의 변동,0,0,14,KRW
00399694,SOOP,2019,CFS,SCE,자본변동표,dart_ChangesInConsolidatedCompanies,연결대상범위의 변동,0,257358283,14,KRW
00399694,SOOP,2019,CFS,SCE,자본변동표,dart_ChangesInConsolidatedCompanies,연결대상범위의 변동,0,257358283,14,KRW
00399694,SOOP,2019,CFS,SCE,자본변동표,ifrs-full_Equity,기말자본,121788853230,92893024473,15,KRW
00399694,SOOP,2019,CFS,SCE,자본변동표,ifrs-full_Equity,기말자본,2859590626,464646464,15,KRW
00399694,SOOP,2019,CFS,SCE,자본변동표,ifrs-full_Equity,기말자본,118929262604,92428378009,15,KRW
00399694,SOOP,2019,CFS,SCE,자본변동표,ifrs-full_Equity,기말자본,-7387988523,-5822653328,15,KRW
00399694,SOOP,2019,CFS,SCE,자본변동표,ifrs-full_Equity,기말자본,-3617190792,-2395194398,15,KRW
00399694,SOOP,2019,CFS,SCE,자본변동표,ifrs-full_Equity,기말자본,76179054776,46890838592,15,KRW
00399694,SOOP,2019,CFS,SCE,자본변동표,ifrs-full_Equity,기말자본,5747383500,5747383500,15,KRW
00399694,SOOP,2019,CFS,SCE,자본변동표,ifrs-full_Equity,기말자본,48008003643,48008003643,15,KRW
00399694,SOOP,2019,OFS,BS,재무상태표,ifrs-full_CurrentAssets,유동자산,135742395655,90756750028,1,KRW
00399694,SOOP,2019,OFS,BS,재무상태표,ifrs-full_CashAndCashEquivalents,현금및현금성자산,22276354074,29590903231,2,KRW
00399694,SOOP,2019,OFS,BS,재무상태표,dart_ShortTermDepositsNotClassifiedAsCashEquivalents,단기금융상품,31157800000,10000000000,3,KRW
00399694,SOOP,2019,OFS,BS,재무상태표,ifrs-full_TradeAndOtherCurrentReceivables,매출채권 및 기타채권,49223755461,47166524201,4,KRW
00399694,SOOP,2019,OFS,BS,재무상태표,dart_CurrentAvailableForSaleFinancialAssets,유동매도가능금융자산,0,0,5,KRW
00399694,SOOP,2019,OFS,BS,재무상태표,ifrs-full_CurrentFinancialAssetsAtFairValueThroughProfitOrLossDesignatedUponInitialRecognition,유동 당기손익-공정가치 금융자산,30582921031,2750291435,6,KRW
00399694,SOOP,2019,OFS,BS,재무상태표,dart_OtherCurrentAssets,기타유동자산,2501565089,1249031161,7,KRW
00399694,SOOP,2019,OFS,BS,재무상태표,ifrs-full_NoncurrentAssets,비유동자산,81297125339,65790538120,8,KRW
00399694,SOOP,2019,OFS,BS,재무상태표,dart_LongTermDepositsNotClassifiedAsCashEquivalents,장기금융상품,0,0,9,KRW
00399694,SOOP,2019,OFS,BS,재무상태표,dart_NonCurrentAvailableForSaleFinancialAssets,비유동매도가능금융자산,0,0,10,KRW
00399694,SOOP,2019,OFS,BS,재무상태표,ifrs-full_NoncurrentFinancialAssetsAtFairValueThroughProfitOrLossDesignatedUponInitialRecognition,비유동 당기손익-공정가치 금융자산,9649226374,10388332671,11,KRW
00399694,SOOP,2019,OFS,BS,재무상태표,ifrs-full_NoncurrentFinancialAssetsMeasuredAtFairValueThroughOtherComprehensiveIncome,비유동 기타포괄손익-공정가치 금융자산,7237130000,3806194462,12,KRW
00399694,SOOP,2019,OFS,BS,재무상태표,dart_LongTermTradeAndOtherNonCurrentReceivablesGross,기타비유동채권,7073917983,5384143964,13,KRW
00399694,SOOP,2019,OFS,BS,재무상태표,ifrs-full_PropertyPlantAndEquipment,유형자산,21177712981,17607934364,14,KRW
00399694,SOOP,2019,OFS,BS,재무상태표,ifrs-full_RightofuseAssets,사용권자산,5130414106,0,15,KRW
00399694,SOOP,2019,OFS,BS,재무상태표,ifrs-full_IntangibleAssetsOtherThanGoodwill,무형자산,2640545739,1955702645,16,KRW
00399694,SOOP,2019,OFS,BS,재무상태표,ifrs-full_InvestmentAccountedForUsingEquityMethod,지분법적용 투자지분,24460619891,24885134099,17,KRW
00399694,SOOP,2019,OFS,BS,재무상태표,dart_OtherNonCurrentAssets,기타비유동자산,0,55762742,18,KRW
00399694,SOOP,2019,OFS,BS,재무상태표,ifrs-full_DeferredTaxAssets,이연법인세자산,3927558265,1707333173,19,KRW
00399694,SOOP,2019,OFS,BS,재무상태표,ifrs-full_Assets,자산총계,217039520994,156547288148,20,KRW
00399694,SOOP,2019,OFS,BS,재무상태표,ifrs-full_CurrentLiabilities,유동부채,86039008260,58976257389,22,KRW
00399694,SOOP,2019,OFS,BS,재무상태표,ifrs-full_TradeAndOtherCurrentPayables,매입채무 및 기타채무,66538323479,46484778929,23,KRW
00399694,SOOP,2019,OFS,BS,재무상태표,ifrs-full_CurrentLeaseLiabilities,유동리스부채,2167458783,0,24,KRW
00399694,SOOP,2019,OFS,BS,재무상태표,ifrs-full_ShorttermBorrowings,단기차입금,1000000000,0,25,KRW
00399694,SOOP,2019,OFS,BS,재무상태표,dart_OtherCurrentLiabilities,기타유동부채,8053195347,7989210888,26,KRW
00399694,SOOP,2019,OFS,BS,재무상태표,ifrs-full_CurrentTaxLiabilities,당기법인세부채,8280030651,4502267572,27,KRW
00399694,SOOP,2019,OFS,BS,재무상태표,ifrs-full_NoncurrentLiabilities,비유동부채,8547652458,0,28,KRW
00399694,SOOP,2019,OFS,BS,재무상태표,ifrs-full_NoncurrentLeaseLiabilities,비유동리스부채,2842418078,0,29,KRW
00399694,SOOP,2019,OFS,BS,재무상태표,dart_NonCurrentDerivativeLiabilities,파생상품부채,5444100580,0,30,KRW
00399694,SOOP,2019,OFS,BS,재무상태표,ifrs-full_LongtermProvisionForDecommissioningRestorationAndRehabilitationCosts,복구충당부채,261133800,0,31,KRW
00399694,SOOP,2019,OFS,BS,재무상태표,ifrs-full_Liabilities,부채총계,94586660718,58976257389,32,KRW
00399694,SOOP,2019,OFS,BS,재무상태표,ifrs-full_IssuedCapital,자본금,5747383500,5747383500,34,KRW
00399694,SOOP,2019,OFS,BS,재무상태표,dart_CapitalSurplus,자본잉여금,48008003643,48008003643,35,KRW
00399694,SOOP,2019,OFS,BS,재무상태표,dart_ElementsOfOtherStockholdersEquity,기타자본구성요소,-4542395084,-5542620744,36,KRW
00399694,SOOP,2019,OFS,BS,재무상태표,dart_OtherComprehensiveIncomeLossAccumulatedAmount,기타포괄손익누계액,-3525539271,-2337479235,37,KRW
00399694,SOOP,2019,OFS,BS,재무상태표,ifrs-full_RetainedEarnings,이익잉여금(결손금),76765407488,51695743595,38,KRW
00399694,SOOP,2019,OFS,BS,재무상태표,ifrs-full_Equity,자본총계,122452860276,97571030759,39,KRW
00399694,SOOP,2019,OFS,BS,재무상태표,ifrs-full_EquityAndLiabilities,자본과부채총계,217039520994,156547288148,40,KRW
00399694,SOOP,2019,OFS,CIS,포괄손익계산서,ifrs-full_Revenue,영업수익,154771821532,120649540008,0,KRW
00399694,SOOP,2019,OFS,CIS,포괄손익계산서,dart_OperatingExpenses,영업비용,112747000223,89613363892,1,KRW
00399694,SOOP,2019,OFS,CIS,포괄손익계산서,dart_OperatingIncomeLoss,영업이익(손실),42024821309,31036176116,2,KRW
00399694,SOOP,2019,OFS,CIS,포괄손익계산서,ifrs-full_FinanceIncome,금융수익,6804912606,843982021,3,KRW
00399694,SOOP,2019,OFS,CIS,포괄손익계산서,ifrs-full_FinanceCosts,금융원가,5579698203,487108117,4,KRW
00399694,SOOP,2019,OFS,CIS,포괄손익계산서,dart_OtherGains,기타이익,616917048,284414045,5,KRW
00399694,SOOP,2019,OFS,CIS,포괄손익계산서,dart_OtherLosses,기타손실,6968866643,4139008085,6,KRW
00399694,SOOP,2019,OFS,CIS,포괄손익계산서,ifrs-full_ProfitLossBeforeTax,법인세비용차감전순이익(손실),36898086117,27538455980,7,KRW
00399694,SOOP,2019,OFS,CIS,포괄손익계산서,ifrs-full_IncomeTaxExpenseContinuingOperations,법인세비용,6745635894,5192363925,8,KRW
00399694,SOOP,2019,OFS,CIS,포괄손익계산서,ifrs-full_ProfitLossFromContinuingOperations,계속영업이익(손실),30152450223,22346092055,9,KRW
00399694,SOOP,2019,OFS,CIS,포괄손익계산서,ifrs-full_ProfitLossFromDiscontinuedOperations,중단영업이익(손실),0,0,10,KRW
00399694,SOOP,2019,OFS,CIS,포괄손익계산서,ifrs-full_ProfitLoss,당기순이익(손실),30152450223,22346092055,11,KRW
00399694,SOOP,2019,OFS,CIS,포괄손익계산서,ifrs-full_OtherComprehensiveIncome,기타포괄손익,-1188060036,-234174095,12,KRW
00399694,SOOP,2019,OFS,CIS,포괄손익계산서,-표준계정코드 미사용-,기타포괄손익-공정가치금융자산평가손익,-1188060036,-234174095,14,KRW
00399694,SOOP,2019,OFS,CIS,포괄손익계산서,ifrs-full_ReclassificationAdjustmentsOnAvailableforsaleFinancialAssetsNetOfTax,매도가능금융자산평가손익,0,0,16,KRW
00399694,SOOP,2019,OFS,CIS,포괄손익계산서,ifrs-full_ComprehensiveIncome,총포괄손익,28964390187,22111917960,17,KRW
00399694,SOOP,2019,OFS,CIS,포괄손익계산서,ifrs-full_BasicEarningsLossPerShare,기본주당이익(손실),2776,2090,19,KRW
00399694,SOOP,2019,OFS,CIS,포괄손익계산서,ifrs-full_DilutedEarningsLossPerShare,희석주당이익(손실),2704,2046,20,KRW
00399694,SOOP,2019,OFS,CF,현금흐름표,ifrs-full_CashFlowsFromUsedInOperatingActivities,영업활동현금흐름,64059223039,39284800276,0,KRW
00399694,SOOP,2019,OFS,CF,현금흐름표,dart_ProfitLossForStatementOfCashFlows,당기순이익(손실),30152450223,22346092055,1,KRW
00399694,SOOP,2019,OFS,CF,현금흐름표,ifrs-full_AdjustmentsForReconcileProfitLoss,당기순이익조정을 위한 가감,27834301850,14268370983,2,KRW
00399694,SOOP,2019,OFS,CF,현금흐름표,ifrs-full_AdjustmentsForIncomeTaxExpense,법인세비용,6745635894,5192363925,3,KRW
00399694,SOOP,2019,OFS,CF,현금흐름표,-표준계정코드 미사용-,급여,1791708071,107603157,4,KRW
00399694,SOOP,2019,OFS,CF,현금흐름표,-표준계정코드 미사용-,지급임차료,0,142562019,5,KRW
00399694,SOOP,2019,OFS,CF,현금흐름표,dart_AdjustmentsForBadDebtExpenses,대손상각비,5383058417,1251349124,6,KRW
00399694,SOOP,2019,OFS,CF,현금흐름표,dart_AdjustmentsForOtherBadDebtExpenses,기타의 대손상각비,0,0,7,KRW
00399694,SOOP,2019,OFS,CF,현금흐름표,dart_AdjustmentsForLossesOnDispositionOfPropertyPlantAndEquipment,유형자산처분손실,0,5699655,8,KRW
00399694,SOOP,2019,OFS,CF,현금흐름표,dart_AdjustmentsForImpairmentLossesOfIntangibleAssets,무형자산손상차손,7333338,60000000,9,KRW
00399694,SOOP,2019,OFS,CF,현금흐름표,dart_AdjustmentsForShareBasedPayment,주식보상비용,2269185453,1209446964,10,KRW
00399694,SOOP,2019,OFS,CF,현금흐름표,dart_AdjustmentsForDepreciationExpense,감가상각비,6252224571,2892509232,11,KRW
00399694,SOOP,2019,OFS,CF,현금흐름표,dart_AdjustmentsForAmortisationExpense,무형자산상각비,136703346,149910714,12,KRW
00399694,SOOP,2019,OFS,CF,현금흐름표,dart_AdjustmentsForLossesOnEvaluationOfFairValueFinancialAssets,당기손익-공정가치금융자산평가손실,14904,487108117,13,KRW
00399694,SOOP,2019,OFS,CF,현금흐름표,dart_AdjustmentsForGainsOnEvaluationOfFairValueFinancialAssets,당기손익-공정가치금융자산평가이익,2809596422,179993309,14,KRW
00399694,SOOP,2019,OFS,CF,현금흐름표,-표준계정코드 미사용-,당기손익-공정가치금융자산처분이익,3134235211,6857500,15,KRW
00399694,SOOP,2019,OFS,CF,현금흐름표,dart_AdjustmentsForLossesOnForeignExchangeTranslations,외화환산손실,70395098,20514356,16,KRW
00399694,SOOP,2019,OFS,CF,현금흐름표,dart_AdjustmentsForGainOnForeignExchangeTranslations,외화환산이익,95736206,55559667,17,KRW
00399694,SOOP,2019,OFS,CF,현금흐름표,dart_AdjustmentsForInterestIncome,이자수익,854080973,653323212,18,KRW
00399694,SOOP,2019,OFS,CF,현금흐름표,dart_AdjustmentsForImpairmentLossesOnInvestmentsInAssociates,종속기업손상차손,6585113334,3703744227,19,KRW
00399694,SOOP,2019,OFS,CF,현금흐름표,dart_AdjustmentsForLossesOnDisposalsOfIntangibleAssets,무형자산처분손실,0,3004742,20,KRW
00399694,SOOP,2019,OFS,CF,현금흐름표,dart_AdjustmentsForLossesOnDisposalsOfFinancialAssets,매도가능증권처분손실,0,0,21,KRW
00399694,SOOP,2019,OFS,CF,현금흐름표,dart_AdjustmentsForGainsOnDisposalsOfFinancialAssets,금융자산처분이익,0,0,22,KRW
00399694,SOOP,2019,OFS,CF,현금흐름표,dart_AdjustmentsForImpairmentLossesOnAvailableForSaleFinancialAssets,매도가능금융자산손상차손,0,0,23,KRW
00399694,SOOP,2019,OFS,CF,현금흐름표,dart_AdjustmentsForLossesOnEvaluationOfDerivativeFinancialAssets,파생상품평가손실,5444100580,0,24,KRW
00399694,SOOP,2019,OFS,CF,현금흐름표,-표준계정코드 미사용-,배당금수익,7000000,3808000,25,KRW
00399694,SOOP,2019,OFS,CF,현금흐름표,dart_AdjustmentsForExpenseOfProvisions,복충당부채전입액,7028879,0,26,KRW
00399694,SOOP,2019,OFS,CF,현금흐름표,dart_AdjustmentsForInterestExpenses,이자비용,128553840,0,27,KRW
00399694,SOOP,2019,OFS,CF,현금흐름표,dart_AdjustmentsForGainOnDispositionOfTangibleAssets,유형자산처분이익,49705063,37176287,28,KRW
00399694,SOOP,2019,OFS,CF,현금흐름표,dart_AdjustmentsForGainsOnDisposalsOfIntangibleAssets,무형자산처분이익,36400000,20727274,29,KRW
00399694,SOOP,2019,OFS,CF,현금흐름표,dart_AdjustmentsForAssetsLiabilitiesOfOperatingActivities,영업활동으로인한자산ㆍ부채의변동,11445013293,3838468888,30,KRW
00399694,SOOP,2019,OFS,CF,현금흐름표,ifrs-full_AdjustmentsForDecreaseIncreaseInTradeAccountReceivable,매출채권의 감소(증가),2510853854,-2928423982,31,KRW
00399694,SOOP,2019,OFS,CF,현금흐름표,ifrs-full_AdjustmentsForDecreaseIncreaseInOtherOperatingReceivables,기타채권의감소(증가),-9390938140,-16121307604,32,KRW
00399694,SOOP,2019,OFS,CF,현금흐름표,dart_AdjustmentsForDecreaseIncreaseInOtherCurrentAssets,기타유동자산의 감소(증가),5743343,311451155,33,KRW
00399694,SOOP,2019,OFS,CF,현금흐름표,ifrs-full_AdjustmentsForIncreaseDecreaseInTradeAccountPayable,매입채무의 증가(감소),2420000,-2780000,34,KRW
00399694,SOOP,2019,OFS,CF,현금흐름표,ifrs-full_AdjustmentsForIncreaseDecreaseInOtherOperatingPayables,기타채무의증가(감소),18252949777,19435160549,35,KRW
00399694,SOOP,2019,OFS,CF,현금흐름표,dart_AdjustmentsForIncreaseDecreaseInOtherCurrentLiabilities,기타유동부채의 증가(감소),63984459,3144368770,36,KRW
00399694,SOOP,2019,OFS,CF,현금흐름표,ifrs-full_InterestReceivedClassifiedAsOperatingActivities,이자의 수취,698716007,465229122,37,KRW
00399694,SOOP,2019,OFS,CF,현금흐름표,ifrs-full_DividendsReceivedClassifiedAsOperatingActivities,배당금의 수취,7000000,3808000,38,KRW
00399694,SOOP,2019,OFS,CF,현금흐름표,ifrs-full_InterestPaidClassifiedAsOperatingActivities,이자지급,1767123,0,39,KRW
00399694,SOOP,2019,OFS,CF,현금흐름표,ifrs-full_IncomeTaxesPaidRefundClassifiedAsOperatingActivities,법인세의 납부,6076491211,1637168772,40,KRW
00399694,SOOP,2019,OFS,CF,현금흐름표,ifrs-full_CashFlowsFromUsedInInvestingActivities,투자활동현금흐름,-65259605028,-31516411120,41,KRW
00399694,SOOP,2019,OFS,CF,현금흐름표,-표준계정코드 미사용-,단기대여금의 회수,1008400000,2936200000,42,KRW
00399694,SOOP,2019,OFS,CF,현금흐름표,-표준계정코드 미사용-,장기대여금의 회수,219600000,66200000,43,KRW
00399694,SOOP,2019,OFS,CF,현금흐름표,dart_ProceedsFromSalesOfShortTermFinancialInstruments,단기금융상품의 처분,0,0,44,KRW
00399694,SOOP,2019,OFS,CF,현금흐름표,dart_ProceedsFromSalesOfLongTermFinancialInstruments,장기금융상품의 처분,0,2500000,45,KRW
00399694,SOOP,2019,OFS,CF,현금흐름표,dart_PurchaseOfAvailableForSaleFinancialAssets,매도가능금융자산의 취득,0,0,46,KRW
00399694,SOOP,2019,OFS,CF,현금흐름표,dart_ProceedsFromSalesOfAvailableForSaleFinancialAssets,매도가능금융자산의 처분,0,0,47,KRW
00399694,SOOP,2019,OFS,CF,현금흐름표,-표준계정코드 미사용-,보증금의 감소,19600000,36712000,48,KRW
00399694,SOOP,2019,OFS,CF,현금흐름표,dart_DecreaseInGuaranteeDeposits,임차보증금의 감소,30000000,985000000,49,KRW
00399694,SOOP,2019,OFS,CF,현금흐름표,ifrs-full_ProceedsFromSalesOfIntangibleAssetsClassifiedAsInvestingActivities,무형자산의 처분,50400000,391537274,50,KRW
00399694,SOOP,2019,OFS,CF,현금흐름표,ifrs-full_ProceedsFromSalesOfPropertyPlantAndEquipmentClassifiedAsInvestingActivities,유형자산의 처분,55272729,4346097909,51,KRW
00399694,SOOP,2019,OFS,CF,현금흐름표,dart_ProceedsFromSalesOfCurrentFairValueFinancialAsset,당기손익-공정가치금융자산의 처분,13145250981,6857500,52,KRW
00399694,SOOP,2019,OFS,CF,현금흐름표,-표준계정코드 미사용-,단기대여금의 증가,1495000000,2430000000,53,KRW
00399694,SOOP,2019,OFS,CF,현금흐름표,dart_PurchaseOfLongTermLoansAndReceivables,장기대여금의 증가,300000000,0,54,KRW
00399694,SOOP,2019,OFS,CF,현금흐름표,dart_PurchaseOfShortTermFinancialInstruments,단기금융상품의 순감소(순증가),21136137968,0,55,KRW
00399694,SOOP,2019,OFS,CF,현금흐름표,ifrs-full_PurchaseOfIntangibleAssetsClassifiedAsInvestingActivities,무형자산의 취득,884229778,490370000,56,KRW
00399694,SOOP,2019,OFS,CF,현금흐름표,-표준계정코드 미사용-,보증금의 증가,0,8000000,57,KRW
00399694,SOOP,2019,OFS,CF,현금흐름표,ifrs-full_PurchaseOfPropertyPlantAndEquipmentClassifiedAsInvestingActivities,유형자산의 취득,8768907252,11038582735,58,KRW
00399694,SOOP,2019,OFS,CF,현금흐름표,dart_PurchaseOfCurrentAvailableForSaleFinancialAssets,매도가능증권의 취득,0,0,59,KRW
00399694,SOOP,2019,OFS,CF,현금흐름표,dart_PurchaseOfNonCurrentFairValueFinancialAsset,당기손익-공정가치금융자산의 취득,34294957551,4500000000,60,KRW
00399694,SOOP,2019,OFS,CF,현금흐름표,-표준계정코드 미사용-,기타포괄인식-공정가치 금융자산의 취득,4998297063,202024462,61,KRW
00399694,SOOP,2019,OFS,CF,현금흐름표,dart_PurchaseOfInvestmentsInSubsidiaries,종속기업에 대한 투자자산의 취득,6160599126,20158538606,62,KRW
00399694,SOOP,2019,OFS,CF,현금흐름표,dart_IncreaseInGuaranteeDeposits,임차보증금의 증가,1750000000,1460000000,63,KRW
00399694,SOOP,2019,OFS,CF,현금흐름표,dart_PurchaseOfLongTermFinancialInstruments,장기금융상품의 취득,0,0,64,KRW
00399694,SOOP,2019,OFS,CF,현금흐름표,ifrs-full_CashFlowsFromUsedInFinancingActivities,재무활동현금흐름,-6117245957,556740010,65,KRW
00399694,SOOP,2019,OFS,CF,현금흐름표,ifrs-full_ProceedsFromIssuingShares,주식의 발행,0,4858920000,66,KRW
00399694,SOOP,2019,OFS,CF,현금흐름표,dart_IncreaseInGuaranteeDepositsAsFinancialActivities,임대보증금의 증가,10000000,30000000,67,KRW
00399694,SOOP,2019,OFS,CF,현금흐름표,ifrs-full_DividendsPaidClassifiedAsFinancingActivities,배당금지급,5078647800,4049795140,68,KRW
00399694,SOOP,2019,OFS,CF,현금흐름표,dart_AcquisitionOfTreasuryShares,자기주식의 취득,0,282384850,69,KRW
00399694,SOOP,2019,OFS,CF,현금흐름표,dart_ProceedsFromShortTermBorrowings,단기차입금의 증가,1000000000,0,70,KRW
00399694,SOOP,2019,OFS,CF,현금흐름표,dart_RepaymentsOfLongTermBorrowings,장기차입금의 상환,0,0,71,KRW
00399694,SOOP,2019,OFS,CF,현금흐름표,ifrs-full_PaymentsOfFinanceLeaseLiabilitiesClassifiedAsFinancingActivities,리스부채 원금의 지급,2047333157,0,72,KRW
00399694,SOOP,2019,OFS,CF,현금흐름표,dart_DecreaseInGuaranteeDepositsAsFinancialActivities,임대보증금의 감소,0,0,73,KRW
00399694,SOOP,2019,OFS,CF,현금흐름표,-표준계정코드 미사용-,주식선택권 행사로 인한 유출,1265000,0,74,KRW
00399694,SOOP,2019,OFS,CF,현금흐름표,ifrs-full_IncreaseDecreaseInCashAndCashEquivalentsBeforeEffectOfExchangeRateChanges,환율변동효과 반영전 현금및현금성자산의 순증가(감소),-7317627946,8325129166,75,KRW
00399694,SOOP,2019,OFS,CF,현금흐름표,ifrs-full_EffectOfExchangeRateChangesOnCashAndCashEquivalents,현금및현금성자산에 대한 환율변동효과,3078789,-13872775,76,KRW
00399694,SOOP,2019,OFS,CF,현금흐름표,dart_CashAndCashEquivalentsAtBeginningOfPeriodCf,기초현금및현금성자산,29590903231,21279646840,77,KRW
00399694,SOOP,2019,OFS,CF,현금흐름표,dart_CashAndCashEquivalentsAtEndOfPeriodCf,기말현금및현금성자산,22276354074,29590903231,78,KRW
00399694,SOOP,2019,OFS,SCE,자본변동표,dart_EquityAtBeginningOfPeriod,기초자본,97571030759,74706698241,1,KRW
00399694,SOOP,2019,OFS,SCE,자본변동표,dart_EquityAtBeginningOfPeriod,기초자본,-5542620744,-4238312758,1,KRW
00399694,SOOP,2019,OFS,SCE,자본변동표,dart_EquityAtBeginningOfPeriod,기초자본,-2337479235,-897628785,1,KRW
00399694,SOOP,2019,OFS,SCE,자본변동표,dart_EquityAtBeginningOfPeriod,기초자본,51695743595,33177542741,1,KRW
00399694,SOOP,2019,OFS,SCE,자본변동표,dart_EquityAtBeginningOfPeriod,기초자본,5747383500,5652533500,1,KRW
00399694,SOOP,2019,OFS,SCE,자본변동표,dart_EquityAtBeginningOfPeriod,기초자본,48008003643,41012563543,1,KRW
00399694,SOOP,2019,OFS,SCE,자본변동표,ifrs-full_IncreaseDecreaseThroughChangesInAccountingPolicies,회계정책변경에 따른 증가(감소),0,-983056736,2,KRW
00399694,SOOP,2019,OFS,SCE,자본변동표,ifrs-full_IncreaseDecreaseThroughChangesInAccountingPolicies,회계정책변경에 따른 증가(감소),0,0,2,KRW
00399694,SOOP,2019,OFS,SCE,자본변동표,ifrs-full_IncreaseDecreaseThroughChangesInAccountingPolicies,회계정책변경에 따른 증가(감소),0,-1205676355,2,KRW
00399694,SOOP,2019,OFS,SCE,자본변동표,ifrs-full_IncreaseDecreaseThroughChangesInAccountingPolicies,회계정책변경에 따른 증가(감소),0,222619619,2,KRW
00399694,SOOP,2019,OFS,SCE,자본변동표,ifrs-full_IncreaseDecreaseThroughChangesInAccountingPolicies,회계정책변경에 따른 증가(감소),0,0,2,KRW
00399694,SOOP,2019,OFS,SCE,자본변동표,ifrs-full_IncreaseDecreaseThroughChangesInAccountingPolicies,회계정책변경에 따른 증가(감소),0,0,2,KRW
00399694,SOOP,2019,OFS,SCE,자본변동표,ifrs-full_ProfitLoss,당기순이익(손실),0,0,3,KRW
00399694,SOOP,2019,OFS,SCE,자본변동표,ifrs-full_ProfitLoss,당기순이익(손실),0,0,3,KRW
00399694,SOOP,2019,OFS,SCE,자본변동표,ifrs-full_ProfitLoss,당기순이익(손실),30152450223,22346092055,3,KRW
00399694,SOOP,2019,OFS,SCE,자본변동표,ifrs-full_ProfitLoss,당기순이익(손실),0,0,3,KRW
00399694,SOOP,2019,OFS,SCE,자본변동표,ifrs-full_ProfitLoss,당기순이익(손실),0,0,3,KRW
00399694,SOOP,2019,OFS,SCE,자본변동표,ifrs-full_ProfitLoss,당기순이익(손실),30152450223,22346092055,3,KRW
00399694,SOOP,2019,OFS,SCE,자본변동표,dart_OtherComprehensiveIncomeForStatementOfChangesInEquity,기타포괄손익,0,0,4,KRW
00399694,SOOP,2019,OFS,SCE,자본변동표,dart_OtherComprehensiveIncomeForStatementOfChangesInEquity,기타포괄손익,-1188060036,-234174095,4,KRW
00399694,SOOP,2019,OFS,SCE,자본변동표,dart_OtherComprehensiveIncomeForStatementOfChangesInEquity,기타포괄손익,0,0,4,KRW
00399694,SOOP,2019,OFS,SCE,자본변동표,dart_OtherComprehensiveIncomeForStatementOfChangesInEquity,기타포괄손익,0,0,4,KRW
00399694,SOOP,2019,OFS,SCE,자본변동표,dart_OtherComprehensiveIncomeForStatementOfChangesInEquity,기타포괄손익,-1188060036,-234174095,4,KRW
00399694,SOOP,2019,OFS,SCE,자본변동표,dart_OtherComprehensiveIncomeForStatementOfChangesInEquity,기타포괄손익,0,0,4,KRW
00399694,SOOP,2019,OFS,SCE,자본변동표,-표준계정코드 미사용-,신주인수권의 행사,0,0,5,KRW
00399694,SOOP,2019,OFS,SCE,자본변동표,-표준계정코드 미사용-,신주인수권의 행사,0,0,5,KRW
00399694,SOOP,2019,OFS,SCE,자본변동표,-표준계정코드 미사용-,신주인수권의 행사,0,0,5,KRW
00399694,SOOP,2019,OFS,SCE,자본변동표,-표준계정코드 미사용-,신주인수권의 행사,0,0,5,KRW
00399694,SOOP,2019,OFS,SCE,자본변동표,-표준계정코드 미사용-,신주인수권의 행사,0,0,5,KRW
00399694,SOOP,2019,OFS,SCE,자본변동표,-표준계정코드 미사용-,신주인수권의 행사,0,0,5,KRW
00399694,SOOP,2019,OFS,SCE,자본변동표,-표준계정코드 미사용-,주식선택권 행사,0,94850000,6,KRW
00399694,SOOP,2019,OFS,SCE,자본변동표,-표준계정코드 미사용-,주식선택권 행사,0,0,6,KRW
00399694,SOOP,2019,OFS,SCE,자본변동표,-표준계정코드 미사용-,주식선택권 행사,0,0,6,KRW
00399694,SOOP,2019,OFS,SCE,자본변동표,-표준계정코드 미사용-,주식선택권 행사,-1268959793,-2136618100,6,KRW
00399694,SOOP,2019,OFS,SCE,자본변동표,-표준계정코드 미사용-,주식선택권 행사,-1268959793,4858920000,6,KRW
00399694,SOOP,2019,OFS,SCE,자본변동표,-표준계정코드 미사용-,주식선택권 행사,0,6900688100,6,KRW
00399694,SOOP,2019,OFS,SCE,자본변동표,ifrs-full_DividendsPaid,배당금지급,5082786330,4050510820,7,KRW
00399694,SOOP,2019,OFS,SCE,자본변동표,ifrs-full_DividendsPaid,배당금지급,0,0,7,KRW
00399694,SOOP,2019,OFS,SCE,자본변동표,ifrs-full_DividendsPaid,배당금지급,0,0,7,KRW
00399694,SOOP,2019,OFS,SCE,자본변동표,ifrs-full_DividendsPaid,배당금지급,0,0,7,KRW
00399694,SOOP,2019,OFS,SCE,자본변동표,ifrs-full_DividendsPaid,배당금지급,5082786330,4050510820,7,KRW
00399694,SOOP,2019,OFS,SCE,자본변동표,ifrs-full_DividendsPaid,배당금지급,0,0,7,KRW
00399694,SOOP,2019,OFS,SCE,자본변동표,dart_TreasuryShareTransactions,자기주식 거래로 인한 증감,0,-282384850,8,KRW
00399694,SOOP,2019,OFS,SCE,자본변동표,dart_TreasuryShareTransactions,자기주식 거래로 인한 증감,0,-282384850,8,KRW
00399694,SOOP,2019,OFS,SCE,자본변동표,dart_TreasuryShareTransactions,자기주식 거래로 인한 증감,0,0,8,KRW
00399694,SOOP,2019,OFS,SCE,자본변동표,dart_TreasuryShareTransactions,자기주식 거래로 인한 증감,0,0,8,KRW
00399694,SOOP,2019,OFS,SCE,자본변동표,dart_TreasuryShareTransactions,자기주식 거래로 인한 증감,0,0,8,KRW
00399694,SOOP,2019,OFS,SCE,자본변동표,dart_TreasuryShareTransactions,자기주식 거래로 인한 증감,0,0,8,KRW
00399694,SOOP,2019,OFS,SCE,자본변동표,dart_ShareBasedPaymentTransactions,주식기준보상거래,2269185453,1209446964,9,KRW
00399694,SOOP,2019,OFS,SCE,자본변동표,dart_ShareBasedPaymentTransactions,주식기준보상거래,2269185453,1209446964,9,KRW
00399694,SOOP,2019,OFS,SCE,자본변동표,dart_ShareBasedPaymentTransactions,주식기준보상거래,0,0,9,KRW
00399694,SOOP,2019,OFS,SCE,자본변동표,dart_ShareBasedPaymentTransactions,주식기준보상거래,0,0,9,KRW
00399694,SOOP,2019,OFS,SCE,자본변동표,dart_ShareBasedPaymentTransactions,주식기준보상거래,0,0,9,KRW
00399694,SOOP,2019,OFS,SCE,자본변동표,dart_ShareBasedPaymentTransactions,주식기준보상거래,0,0,9,KRW
00399694,SOOP,2019,OFS,SCE,자본변동표,-표준계정코드 미사용-,가득기간만료 주식선택권,0,0,10,KRW
00399694,SOOP,2019,OFS,SCE,자본변동표,-표준계정코드 미사용-,가득기간만료 주식선택권,0,0,10,KRW
00399694,SOOP,2019,OFS,SCE,자본변동표,-표준계정코드 미사용-,가득기간만료 주식선택권,0,0,10,KRW
00399694,SOOP,2019,OFS,SCE,자본변동표,-표준계정코드 미사용-,가득기간만료 주식선택권,0,-94752000,10,KRW
00399694,SOOP,2019,OFS,SCE,자본변동표,-표준계정코드 미사용-,가득기간만료 주식선택권,0,0,10,KRW
00399694,SOOP,2019,OFS,SCE,자본변동표,-표준계정코드 미사용-,가득기간만료 주식선택권,0,94752000,10,KRW
00399694,SOOP,2019,OFS,SCE,자본변동표,ifrs-full_Equity,기말자본,122452860276,97571030759,11,KRW
00399694,SOOP,2019,OFS,SCE,자본변동표,ifrs-full_Equity,기말자본,-4542395084,-5542620744,11,KRW
00399694,SOOP,2019,OFS,SCE,자본변동표,ifrs-full_Equity,기말자본,-3525539271,-2337479235,11,KRW
00399694,SOOP,2019,OFS,SCE,자본변동표,ifrs-full_Equity,기말자본,76765407488,51695743595,11,KRW
00399694,SOOP,2019,OFS,SCE,자본변동표,ifrs-full_Equity,기말자본,5747383500,5747383500,11,KRW
00399694,SOOP,2019,OFS,SCE,자본변동표,ifrs-full_Equity,기말자본,48008003643,48008003643,11,KRW
00399694,SOOP,2020,CFS,BS,재무상태표,ifrs-full_CurrentAssets,유동자산,195601485945,145005201645,1,KRW
00399694,SOOP,2020,CFS,BS,재무상태표,ifrs-full_CashAndCashEquivalents,현금및현금성자산,66012081825,27335697902,2,KRW
00399694,SOOP,2020,CFS,BS,재무상태표,dart_ShortTermDepositsNotClassifiedAsCashEquivalents,단기금융상품,30377889701,31578894790,3,KRW
00399694,SOOP,2020,CFS,BS,재무상태표,ifrs-full_TradeAndOtherCurrentReceivables,매출채권 및 기타채권,65507482749,49989461920,4,KRW
00399694,SOOP,2020,CFS,BS,재무상태표,ifrs-full_CurrentFinancialAssetsAtFairValueThroughProfitOrLossDesignatedUponInitialRecognition,유동 당기손익-공정가치 금융자산,30990123875,33143371707,5,KRW
00399694,SOOP,2020,CFS,BS,재무상태표,ifrs-full_NoncurrentAssetsOrDisposalGroupsClassifiedAsHeldForSaleOrAsHeldForDistributionToOwners,매각예정자산,1055093191,0,6,KRW
00399694,SOOP,2020,CFS,BS,재무상태표,dart_OtherCurrentAssets,기타유동자산,1610683415,2946925196,7,KRW
00399694,SOOP,2020,CFS,BS,재무상태표,ifrs-full_CurrentTaxAssets,당기법인세자산,48131189,10850130,8,KRW
00399694,SOOP,2020,CFS,BS,재무상태표,ifrs-full_NoncurrentAssets,비유동자산,96436125383,83544353792,9,KRW
00399694,SOOP,2020,CFS,BS,재무상태표,ifrs-full_NoncurrentFinancialAssetsAtFairValueThroughProfitOrLossDesignatedUponInitialRecognition,비유동 당기손익-공정가치 금융자산,9294037002,9751666051,10,KRW
00399694,SOOP,2020,CFS,BS,재무상태표,ifrs-full_NoncurrentFinancialAssetsMeasuredAtFairValueThroughOtherComprehensiveIncome,비유동 기타포괄손익-공정가치 금융자산,7565617428,7237130000,11,KRW
00399694,SOOP,2020,CFS,BS,재무상태표,ifrs-full_InvestmentAccountedForUsingEquityMethod,지분법적용 투자지분,3900000000,6342271033,12,KRW
00399694,SOOP,2020,CFS,BS,재무상태표,ifrs-full_PropertyPlantAndEquipment,유형자산,38157450981,28203651091,13,KRW
00399694,SOOP,2020,CFS,BS,재무상태표,ifrs-full_RightofuseAssets,사용권자산,6265819862,8538761085,14,KRW
00399694,SOOP,2020,CFS,BS,재무상태표,ifrs-full_InvestmentProperty,투자부동산,696808458,709909958,15,KRW
00399694,SOOP,2020,CFS,BS,재무상태표,ifrs-full_IntangibleAssetsOtherThanGoodwill,무형자산,16315652200,8550688752,16,KRW
00399694,SOOP,2020,CFS,BS,재무상태표,dart_LongTermTradeAndOtherNonCurrentReceivablesGross,기타비유동채권,12445339545,11482186176,17,KRW
00399694,SOOP,2020,CFS,BS,재무상태표,dart_OtherNonCurrentAssets,기타비유동자산,0,0,18,KRW
00399694,SOOP,2020,CFS,BS,재무상태표,ifrs-full_DeferredTaxAssets,이연법인세자산,1795399907,2728089646,19,KRW
00399694,SOOP,2020,CFS,BS,재무상태표,ifrs-full_Assets,자산총계,292037611328,228549555437,20,KRW
00399694,SOOP,2020,CFS,BS,재무상태표,ifrs-full_CurrentLiabilities,유동부채,128640636782,93108530917,22,KRW
00399694,SOOP,2020,CFS,BS,재무상태표,ifrs-full_TradeAndOtherCurrentPayables,매입채무 및 기타채무,102834259752,70527542395,23,KRW
00399694,SOOP,2020,CFS,BS,재무상태표,ifrs-full_ShorttermBorrowings,단기차입금,1900000000,1983700000,24,KRW
00399694,SOOP,2020,CFS,BS,재무상태표,dart_OtherCurrentLiabilities,기타유동부채,12478519922,8857311603,25,KRW
00399694,SOOP,2020,CFS,BS,재무상태표,ifrs-full_CurrentLeaseLiabilities,유동리스부채,3140976742,3296104693,26,KRW
00399694,SOOP,2020,CFS,BS,재무상태표,ifrs-full_CurrentProvisions,유동충당부채,1196559961,0,27,KRW
00399694,SOOP,2020,CFS,BS,재무상태표,ifrs-full_LiabilitiesIncludedInDisposalGroupsClassifiedAsHeldForSale,매각예정부채,525093191,0,28,KRW
00399694,SOOP,2020,CFS,BS,재무상태표,ifrs-full_CurrentTaxLiabilities,당기법인세부채,6565227214,8443872226,29,KRW
00399694,SOOP,2020,CFS,BS,재무상태표,ifrs-full_NoncurrentLiabilities,비유동부채,15837651132,13652171290,30,KRW
00399694,SOOP,2020,CFS,BS,재무상태표,dart_LongTermBorrowingsGross,장기차입금,8100000000,8100000000,31,KRW
00399694,SOOP,2020,CFS,BS,재무상태표,dart_LongTermTradeAndOtherNonCurrentPayables,장기매입채무 및 기타비유동채무,3534565924,0,32,KRW
00399694,SOOP,2020,CFS,BS,재무상태표,ifrs-full_NoncurrentLeaseLiabilities,비유동리스부채,3457685180,4737230682,33,KRW
00399694,SOOP,2020,CFS,BS,재무상태표,ifrs-full_NoncurrentProvisions,복구충당부채,745400028,814940608,34,KRW
00399694,SOOP,2020,CFS,BS,재무상태표,ifrs-full_Liabilities,부채총계,144478287914,106760702207,35,KRW
00399694,SOOP,2020,CFS,BS,재무상태표,ifrs-full_EquityAttributableToOwnersOfParent,지배기업의 소유주에게 귀속되는 자본,146654367248,118929262604,37,KRW
00399694,SOOP,2020,CFS,BS,재무상태표,ifrs-full_IssuedCapital,자본금,5747383500,5747383500,38,KRW
00399694,SOOP,2020,CFS,BS,재무상태표,dart_CapitalSurplus,자본잉여금,48008003643,48008003643,39,KRW
00399694,SOOP,2020,CFS,BS,재무상태표,dart_ElementsOfOtherStockholdersEquity,기타자본구성요소,-10377740793,-7387988523,40,KRW
00399694,SOOP,2020,CFS,BS,재무상태표,dart_OtherComprehensiveIncomeLossAccumulatedAmount,기타포괄손익누계액,-3139673267,-3617190792,41,KRW
00399694,SOOP,2020,CFS,BS,재무상태표,ifrs-full_RetainedEarnings,이익잉여금(결손금),106416394165,76179054776,42,KRW
00399694,SOOP,2020,CFS,BS,재무상태표,ifrs-full_NoncontrollingInterests,비지배지분,904956166,2859590626,43,KRW
00399694,SOOP,2020,CFS,BS,재무상태표,ifrs-full_Equity,자본총계,147559323414,121788853230,44,KRW
00399694,SOOP,2020,CFS,BS,재무상태표,ifrs-full_EquityAndLiabilities,자본과부채총계,292037611328,228549555437,45,KRW
00399694,SOOP,2020,CFS,CIS,포괄손익계산서,ifrs-full_Revenue,영업수익,195028225439,166317984249,0,KRW
00399694,SOOP,2020,CFS,CIS,포괄손익계산서,dart_OperatingExpenses,영업비용,144614697091,129130696729,1,KRW
00399694,SOOP,2020,CFS,CIS,포괄손익계산서,dart_OperatingIncomeLoss,영업이익(손실),50413528348,37187287520,2,KRW
00399694,SOOP,2020,CFS,CIS,포괄손익계산서,ifrs-full_FinanceIncome,금융수익,1948541046,6879249386,3,KRW
00399694,SOOP,2020,CFS,CIS,포괄손익계산서,ifrs-full_FinanceCosts,금융원가,647510189,439596822,4,KRW
00399694,SOOP,2020,CFS,CIS,포괄손익계산서,dart_OtherGains,기타이익,762120795,651300899,5,KRW
00399694,SOOP,2020,CFS,CIS,포괄손익계산서,dart_OtherLosses,기타손실,4898986801,663671020,6,KRW
00399694,SOOP,2020,CFS,CIS,포괄손익계산서,-표준계정코드 미사용-,관계기업손익,-42671033,-991300174,7,KRW
00399694,SOOP,2020,CFS,CIS,포괄손익계산서,ifrs-full_ProfitLossBeforeTax,법인세비용차감전순이익(손실),47535022166,42623269789,8,KRW
00399694,SOOP,2020,CFS,CIS,포괄손익계산서,ifrs-full_IncomeTaxExpenseContinuingOperations,법인세비용,9683809555,7777547806,9,KRW
00399694,SOOP,2020,CFS,CIS,포괄손익계산서,ifrs-full_ProfitLossFromContinuingOperations,계속영업이익(손실),37851212611,34845721983,10,KRW
00399694,SOOP,2020,CFS,CIS,포괄손익계산서,ifrs-full_ProfitLossFromDiscontinuedOperations,중단영업이익(손실),-1590878620,-685336162,11,KRW
00399694,SOOP,2020,CFS,CIS,포괄손익계산서,ifrs-full_ProfitLoss,당기순이익(손실),36260333991,34160385821,12,KRW
00399694,SOOP,2020,CFS,CIS,포괄손익계산서,ifrs-full_OtherComprehensiveIncome,기타포괄손익,132373776,-1221996394,13,KRW
00399694,SOOP,2020,CFS,CIS,포괄손익계산서,-표준계정코드 미사용-,기타포괄손익-공정가치금융자산평가손익,173196244,-1188060036,15,KRW
00399694,SOOP,2020,CFS,CIS,포괄손익계산서,ifrs-full_GainsLossesOnExchangeDifferencesOnTranslationNetOfTax,해외사업장환산외환차이,-40822468,-33936358,17,KRW
00399694,SOOP,2020,CFS,CIS,포괄손익계산서,ifrs-full_ReclassificationAdjustmentsOnAvailableforsaleFinancialAssetsNetOfTax,매도가능금융자산평가손익,,0,18,KRW
00399694,SOOP,2020,CFS,CIS,포괄손익계산서,ifrs-full_ComprehensiveIncome,총포괄손익,36392707767,32938389427,19,KRW
00399694,SOOP,2020,CFS,CIS,포괄손익계산서,ifrs-full_ProfitLossAttributableToOwnersOfParent,지배기업의 소유주에게 귀속되는 당기순이익(손실),38185851758,35056338676,21,KRW
00399694,SOOP,2020,CFS,CIS,포괄손익계산서,ifrs-full_ProfitLossAttributableToNoncontrollingInterests,비지배지분에 귀속되는 당기순이익(손실),-334639147,-210616693,22,KRW
00399694,SOOP,2020,CFS,CIS,포괄손익계산서,-표준계정코드 미사용-,지배기업의 소유주에게 귀속되는 당기순이익(손실),-1590878620,-685336162,24,KRW
00399694,SOOP,2020,CFS,CIS,포괄손익계산서,ifrs-full_ComprehensiveIncomeAttributableToOwnersOfParent,"총 포괄손익, 지배기업의 소유주에게 귀속되는 지분",36727346914,33149006120,26,KRW
00399694,SOOP,2020,CFS,CIS,포괄손익계산서,ifrs-full_ComprehensiveIncomeAttributableToNoncontrollingInterests,"총 포괄손익, 비지배지분",-334639147,-210616693,27,KRW
00399694,SOOP,2020,CFS,CIS,포괄손익계산서,ifrs-full_BasicEarningsLossPerShareFromContinuingOperations,계속영업기본주당이익(손실),3511,3227,30,KRW
00399694,SOOP,2020,CFS,CIS,포괄손익계산서,ifrs-full_BasicEarningsLossPerShareFromDiscontinuedOperations,중단영업기본주당이익(손실),-146,-63,31,KRW
00399694,SOOP,2020,CFS,CIS,포괄손익계산서,ifrs-full_DilutedEarningsLossPerShareFromContinuingOperations,계속영업희석주당이익(손실),3441,3143,33,KRW
00399694,SOOP,2020,CFS,CIS,포괄손익계산서,ifrs-full_DilutedEarningsLossPerShareFromDiscontinuedOperations,중단영업희석주당이익(손실),-143,-61,34,KRW
00399694,SOOP,2020,CFS,CF,현금흐름표,ifrs-full_CashFlowsFromUsedInOperatingActivities,영업활동현금흐름,72316360603,60835842940,0,KRW
00399694,SOOP,2020,CFS,CF,현금흐름표,dart_ProfitLossForStatementOfCashFlows,당기순이익(손실),36260333991,34160385821,1,KRW
00399694,SOOP,2020,CFS,CF,현금흐름표,ifrs-full_AdjustmentsForReconcileProfitLoss,당기순이익조정을 위한 가감,38455373086,21526079422,2,KRW
00399694,SOOP,2020,CFS,CF,현금흐름표,dart_AdjustmentsForAssetsLiabilitiesOfOperatingActivities,영업활동으로인한자산ㆍ부채의변동,8021313267,10562196643,3,KRW
00399694,SOOP,2020,CFS,CF,현금흐름표,ifrs-full_InterestReceivedClassifiedAsOperatingActivities,이자의 수취,781596978,835959421,4,KRW
00399694,SOOP,2020,CFS,CF,현금흐름표,ifrs-full_DividendsReceivedClassifiedAsOperatingActivities,배당금의 수취,11500000,7000000,5,KRW
00399694,SOOP,2020,CFS,CF,현금흐름표,ifrs-full_InterestPaidClassifiedAsOperatingActivities,이자지급,46752751,150048995,6,KRW
00399694,SOOP,2020,CFS,CF,현금흐름표,ifrs-full_IncomeTaxesPaidRefundClassifiedAsOperatingActivities,법인세의 납부,11167003968,6105729372,7,KRW
00399694,SOOP,2020,CFS,CF,현금흐름표,ifrs-full_CashFlowsFromUsedInInvestingActivities,투자활동현금흐름,-17826331072,-70041055890,8,KRW
00399694,SOOP,2020,CFS,CF,현금흐름표,-표준계정코드 미사용-,단기대여금의 감소,106840789,8400000,9,KRW
00399694,SOOP,2020,CFS,CF,현금흐름표,-표준계정코드 미사용-,장기대여금의 감소,88788908,219600000,10,KRW
00399694,SOOP,2020,CFS,CF,현금흐름표,-표준계정코드 미사용-,당기손익-공정가치금융자산의 처분,52437525310,17752338716,11,KRW
00399694,SOOP,2020,CFS,CF,현금흐름표,ifrs-full_ProceedsFromSalesOfPropertyPlantAndEquipmentClassifiedAsInvestingActivities,유형자산의 처분,103904682,70443639,12,KRW
00399694,SOOP,2020,CFS,CF,현금흐름표,ifrs-full_ProceedsFromSalesOfIntangibleAssetsClassifiedAsInvestingActivities,무형자산의 처분,0,50400000,13,KRW
00399694,SOOP,2020,CFS,CF,현금흐름표,-표준계정코드 미사용-,보증금의 감소,99368216,19600000,14,KRW
00399694,SOOP,2020,CFS,CF,현금흐름표,-표준계정코드 미사용-,투자예치금의 감소,1523207119,2576281317,15,KRW
00399694,SOOP,2020,CFS,CF,현금흐름표,dart_DecreaseInGuaranteeDeposits,임차보증금의 감소,2484542000,51000000,16,KRW
00399694,SOOP,2020,CFS,CF,현금흐름표,dart_ProceedsFromSalesOfLongTermFinancialInstruments,장기금융상품의 처분,0,0,17,KRW
00399694,SOOP,2020,CFS,CF,현금흐름표,ifrs-full_CashFlowsUsedInObtainingControlOfSubsidiariesOrOtherBusinessesClassifiedAsInvestingActivities,종속기업과 기타 사업의 지배력 획득에 따른 현금흐름,262804313,0,18,KRW
00399694,SOOP,2020,CFS,CF,현금흐름표,-표준계정코드 미사용-,단기대여금의 증가,487402550,15000000,19,KRW
00399694,SOOP,2020,CFS,CF,현금흐름표,dart_PurchaseOfLongTermLoansAndReceivables,장기대여금의 증가,920000000,300000000,20,KRW
00399694,SOOP,2020,CFS,CF,현금흐름표,dart_PurchaseOfNonCurrentFairValueFinancialAsset,당기손익-공정가치금융자산의 취득,45966257181,41387385915,21,KRW
00399694,SOOP,2020,CFS,CF,현금흐름표,-표준계정코드 미사용-,기타포괄인식-공정가치금융자산의 취득,99996341,4998297063,22,KRW
00399694,SOOP,2020,CFS,CF,현금흐름표,dart_PurchaseOfInvestmentsInAssociates,관계기업에 대한 투자지분의 취득,0,3900023000,23,KRW
00399694,SOOP,2020,CFS,CF,현금흐름표,-표준계정코드 미사용-,투자예치금의 증가,1535138295,2799706975,24,KRW
00399694,SOOP,2020,CFS,CF,현금흐름표,ifrs-full_PurchaseOfPropertyPlantAndEquipmentClassifiedAsInvestingActivities,유형자산의 취득,19303213744,11794725278,25,KRW
00399694,SOOP,2020,CFS,CF,현금흐름표,ifrs-full_PurchaseOfIntangibleAssetsClassifiedAsInvestingActivities,무형자산의 취득,3862820000,1581670573,26,KRW
00399694,SOOP,2020,CFS,CF,현금흐름표,-표준계정코드 미사용-,단기금융상품의 순감소(순증가),-962674253,21557232758,27,KRW
00399694,SOOP,2020,CFS,CF,현금흐름표,dart_IncreaseInGuaranteeDeposits,임차보증금의 증가,3182156942,1770000000,28,KRW
00399694,SOOP,2020,CFS,CF,현금흐름표,-표준계정코드 미사용-,보증금의 증가,5000000,685078000,29,KRW
00399694,SOOP,2020,CFS,CF,현금흐름표,ifrs-full_CashFlowsFromLosingControlOfSubsidiariesOrOtherBusinessesClassifiedAsInvestingActivities,종속기업과 기타 사업의 지배력 상실에 따른 현금흐름,-8392983,0,30,KRW
00399694,SOOP,2020,CFS,CF,현금흐름표,ifrs-full_CashFlowsFromUsedInFinancingActivities,재무활동현금흐름,-15654494740,836523889,31,KRW
00399694,SOOP,2020,CFS,CF,현금흐름표,ifrs-full_ProceedsFromIssuingShares,주식의 발행,0,40000000,32,KRW
00399694,SOOP,2020,CFS,CF,현금흐름표,dart_ProceedsFromShortTermBorrowings,단기차입금의 증가,900000000,1000000000,33,KRW
00399694,SOOP,2020,CFS,CF,현금흐름표,dart_ProceedsFromLongTermBorrowings,장기차입금의 증가,0,8100000000,34,KRW
00399694,SOOP,2020,CFS,CF,현금흐름표,dart_RepaymentsOfShortTermBorrowings,단기차입금의 상환,983700200,109300000,35,KRW
00399694,SOOP,2020,CFS,CF,현금흐름표,dart_RepaymentsOfBonds,사채의 상환,0,0,36,KRW
00399694,SOOP,2020,CFS,CF,현금흐름표,dart_AcquisitionOfTreasuryShares,자기주식의 취득,5945077400,0,37,KRW
00399694,SOOP,2020,CFS,CF,현금흐름표,-표준계정코드 미사용-,주식선택권 행사로 인한 현금유출,3585800,1265000,38,KRW
00399694,SOOP,2020,CFS,CF,현금흐름표,ifrs-full_DividendsPaidClassifiedAsFinancingActivities,배당금지급,6008324340,5078647800,39,KRW
00399694,SOOP,2020,CFS,CF,현금흐름표,ifrs-full_PaymentsOfFinanceLeaseLiabilitiesClassifiedAsFinancingActivities,리스부채 원금의 지급,3613807000,3114263311,40,KRW
00399694,SOOP,2020,CFS,CF,현금흐름표,dart_PaymentForConsolidatedCapitalTransactions,연결자본거래로 인한 현금유출,0,0,41,KRW
00399694,SOOP,2020,CFS,CF,현금흐름표,ifrs-full_IncreaseDecreaseInCashAndCashEquivalentsBeforeEffectOfExchangeRateChanges,환율변동효과 반영전 현금및현금성자산의 순증가(감소),38835534791,-8368689061,42,KRW
00399694,SOOP,2020,CFS,CF,현금흐름표,ifrs-full_EffectOfExchangeRateChangesOnCashAndCashEquivalents,현금및현금성자산에 대한 환율변동효과,-159150868,-16571962,43,KRW
00399694,SOOP,2020,CFS,CF,현금흐름표,dart_CashAndCashEquivalentsAtBeginningOfPeriodCf,기초현금및현금성자산,27335697902,35720958925,44,KRW
00399694,SOOP,2020,CFS,CF,현금흐름표,dart_CashAndCashEquivalentsAtEndOfPeriodCf,기말현금및현금성자산,66012081825,27335697902,45,KRW
00399694,SOOP,2020,CFS,SCE,자본변동표,dart_EquityAtBeginningOfPeriod,기초자본,121788853230,92893024473,1,KRW
00399694,SOOP,2020,CFS,SCE,자본변동표,dart_EquityAtBeginningOfPeriod,기초자본,2859590626,464646464,1,KRW
00399694,SOOP,2020,CFS,SCE,자본변동표,dart_EquityAtBeginningOfPeriod,기초자본,48008003643,48008003643,1,KRW
00399694,SOOP,2020,CFS,SCE,자본변동표,dart_EquityAtBeginningOfPeriod,기초자본,5747383500,5747383500,1,KRW
00399694,SOOP,2020,CFS,SCE,자본변동표,dart_EquityAtBeginningOfPeriod,기초자본,76179054776,46890838592,1,KRW
00399694,SOOP,2020,CFS,SCE,자본변동표,dart_EquityAtBeginningOfPeriod,기초자본,-3617190792,-2395194398,1,KRW
00399694,SOOP,2020,CFS,SCE,자본변동표,dart_EquityAtBeginningOfPeriod,기초자본,-7387988523,-5822653328,1,KRW
00399694,SOOP,2020,CFS,SCE,자본변동표,dart_EquityAtBeginningOfPeriod,기초자본,118929262604,92428378009,1,KRW
00399694,SOOP,2020,CFS,SCE,자본변동표,ifrs-full_IncreaseDecreaseThroughChangesInAccountingPolicies,회계정책변경에 따른 증가(감소),0,0,2,KRW
00399694,SOOP,2020,CFS,SCE,자본변동표,ifrs-full_IncreaseDecreaseThroughChangesInAccountingPolicies,회계정책변경에 따른 증가(감소),0,0,2,KRW
00399694,SOOP,2020,CFS,SCE,자본변동표,ifrs-full_IncreaseDecreaseThroughChangesInAccountingPolicies,회계정책변경에 따른 증가(감소),0,0,2,KRW
00399694,SOOP,2020,CFS,SCE,자본변동표,ifrs-full_IncreaseDecreaseThroughChangesInAccountingPolicies,회계정책변경에 따른 증가(감소),0,0,2,KRW
00399694,SOOP,2020,CFS,SCE,자본변동표,ifrs-full_IncreaseDecreaseThroughChangesInAccountingPolicies,회계정책변경에 따른 증가(감소),0,0,2,KRW
00399694,SOOP,2020,CFS,SCE,자본변동표,ifrs-full_IncreaseDecreaseThroughChangesInAccountingPolicies,회계정책변경에 따른 증가(감소),0,0,2,KRW
00399694,SOOP,2020,CFS,SCE,자본변동표,ifrs-full_IncreaseDecreaseThroughChangesInAccountingPolicies,회계정책변경에 따른 증가(감소),0,0,2,KRW
00399694,SOOP,2020,CFS,SCE,자본변동표,ifrs-full_IncreaseDecreaseThroughChangesInAccountingPolicies,회계정책변경에 따른 증가(감소),0,0,2,KRW
00399694,SOOP,2020,CFS,SCE,자본변동표,ifrs-full_ProfitLoss,당기순이익(손실),36260333991,34160385821,3,KRW
00399694,SOOP,2020,CFS,SCE,자본변동표,ifrs-full_ProfitLoss,당기순이익(손실),-334639147,-210616693,3,KRW
00399694,SOOP,2020,CFS,SCE,자본변동표,ifrs-full_ProfitLoss,당기순이익(손실),36594973138,34371002514,3,KRW
00399694,SOOP,2020,CFS,SCE,자본변동표,ifrs-full_ProfitLoss,당기순이익(손실),0,0,3,KRW
00399694,SOOP,2020,CFS,SCE,자본변동표,ifrs-full_ProfitLoss,당기순이익(손실),,0,3,KRW
00399694,SOOP,2020,CFS,SCE,자본변동표,ifrs-full_ProfitLoss,당기순이익(손실),36594973138,34371002514,3,KRW
00399694,SOOP,2020,CFS,SCE,자본변동표,ifrs-full_ProfitLoss,당기순이익(손실),0,0,3,KRW
00399694,SOOP,2020,CFS,SCE,자본변동표,ifrs-full_ProfitLoss,당기순이익(손실),0,0,3,KRW
00399694,SOOP,2020,CFS,SCE,자본변동표,dart_OtherComprehensiveIncomeForStatementOfChangesInEquity,기타포괄손익,132373776,-1221996394,4,KRW
00399694,SOOP,2020,CFS,SCE,자본변동표,dart_OtherComprehensiveIncomeForStatementOfChangesInEquity,기타포괄손익,0,0,4,KRW
00399694,SOOP,2020,CFS,SCE,자본변동표,dart_OtherComprehensiveIncomeForStatementOfChangesInEquity,기타포괄손익,132373776,-1221996394,4,KRW
00399694,SOOP,2020,CFS,SCE,자본변동표,dart_OtherComprehensiveIncomeForStatementOfChangesInEquity,기타포괄손익,0,0,4,KRW
00399694,SOOP,2020,CFS,SCE,자본변동표,dart_OtherComprehensiveIncomeForStatementOfChangesInEquity,기타포괄손익,132373776,-1221996394,4,KRW
00399694,SOOP,2020,CFS,SCE,자본변동표,dart_OtherComprehensiveIncomeForStatementOfChangesInEquity,기타포괄손익,0,,4,KRW
00399694,SOOP,2020,CFS,SCE,자본변동표,dart_OtherComprehensiveIncomeForStatementOfChangesInEquity,기타포괄손익,0,0,4,KRW
00399694,SOOP,2020,CFS,SCE,자본변동표,dart_OtherComprehensiveIncomeForStatementOfChangesInEquity,기타포괄손익,0,0,4,KRW
00399694,SOOP,2020,CFS,SCE,자본변동표,ifrs-full_IncreaseDecreaseThroughTransfersAndOtherChangesEquity,기타포괄손익의 대체,0,0,5,KRW
00399694,SOOP,2020,CFS,SCE,자본변동표,ifrs-full_IncreaseDecreaseThroughTransfersAndOtherChangesEquity,기타포괄손익의 대체,0,0,5,KRW
00399694,SOOP,2020,CFS,SCE,자본변동표,ifrs-full_IncreaseDecreaseThroughTransfersAndOtherChangesEquity,기타포괄손익의 대체,0,0,5,KRW
00399694,SOOP,2020,CFS,SCE,자본변동표,ifrs-full_IncreaseDecreaseThroughTransfersAndOtherChangesEquity,기타포괄손익의 대체,0,0,5,KRW
00399694,SOOP,2020,CFS,SCE,자본변동표,ifrs-full_IncreaseDecreaseThroughTransfersAndOtherChangesEquity,기타포괄손익의 대체,345143749,0,5,KRW
00399694,SOOP,2020,CFS,SCE,자본변동표,ifrs-full_IncreaseDecreaseThroughTransfersAndOtherChangesEquity,기타포괄손익의 대체,-345143749,0,5,KRW
00399694,SOOP,2020,CFS,SCE,자본변동표,ifrs-full_IncreaseDecreaseThroughTransfersAndOtherChangesEquity,기타포괄손익의 대체,0,0,5,KRW
00399694,SOOP,2020,CFS,SCE,자본변동표,ifrs-full_IncreaseDecreaseThroughTransfersAndOtherChangesEquity,기타포괄손익의 대체,0,0,5,KRW
00399694,SOOP,2020,CFS,SCE,자본변동표,ifrs-full_IssueOfEquity,유상증자,0,40000000,6,KRW
00399694,SOOP,2020,CFS,SCE,자본변동표,ifrs-full_IssueOfEquity,유상증자,0,40000000,6,KRW
00399694,SOOP,2020,CFS,SCE,자본변동표,ifrs-full_IssueOfEquity,유상증자,0,0,6,KRW
00399694,SOOP,2020,CFS,SCE,자본변동표,ifrs-full_IssueOfEquity,유상증자,0,0,6,KRW
00399694,SOOP,2020,CFS,SCE,자본변동표,ifrs-full_IssueOfEquity,유상증자,0,0,6,KRW
00399694,SOOP,2020,CFS,SCE,자본변동표,ifrs-full_IssueOfEquity,유상증자,0,0,6,KRW
00399694,SOOP,2020,CFS,SCE,자본변동표,ifrs-full_IssueOfEquity,유상증자,0,0,6,KRW
00399694,SOOP,2020,CFS,SCE,자본변동표,ifrs-full_IssueOfEquity,유상증자,0,0,6,KRW
00399694,SOOP,2020,CFS,SCE,자본변동표,-표준계정코드 미사용-,신주인수권의 행사,0,0,7,KRW
00399694,SOOP,2020,CFS,SCE,자본변동표,-표준계정코드 미사용-,신주인수권의 행사,0,0,7,KRW
00399694,SOOP,2020,CFS,SCE,자본변동표,-표준계정코드 미사용-,신주인수권의 행사,0,0,7,KRW
00399694,SOOP,2020,CFS,SCE,자본변동표,-표준계정코드 미사용-,신주인수권의 행사,0,0,7,KRW
00399694,SOOP,2020,CFS,SCE,자본변동표,-표준계정코드 미사용-,신주인수권의 행사,0,0,7,KRW
00399694,SOOP,2020,CFS,SCE,자본변동표,-표준계정코드 미사용-,신주인수권의 행사,0,0,7,KRW
00399694,SOOP,2020,CFS,SCE,자본변동표,-표준계정코드 미사용-,신주인수권의 행사,0,0,7,KRW
00399694,SOOP,2020,CFS,SCE,자본변동표,-표준계정코드 미사용-,신주인수권의 행사,0,0,7,KRW
00399694,SOOP,2020,CFS,SCE,자본변동표,-표준계정코드 미사용-,주식선택권 행사,-419960868,-1268959793,8,KRW
00399694,SOOP,2020,CFS,SCE,자본변동표,-표준계정코드 미사용-,주식선택권 행사,0,0,8,KRW
00399694,SOOP,2020,CFS,SCE,자본변동표,-표준계정코드 미사용-,주식선택권 행사,-419960868,-1268959793,8,KRW
00399694,SOOP,2020,CFS,SCE,자본변동표,-표준계정코드 미사용-,주식선택권 행사,-419960868,-1268959793,8,KRW
00399694,SOOP,2020,CFS,SCE,자본변동표,-표준계정코드 미사용-,주식선택권 행사,0,0,8,KRW
00399694,SOOP,2020,CFS,SCE,자본변동표,-표준계정코드 미사용-,주식선택권 행사,0,0,8,KRW
00399694,SOOP,2020,CFS,SCE,자본변동표,-표준계정코드 미사용-,주식선택권 행사,0,0,8,KRW
00399694,SOOP,2020,CFS,SCE,자본변동표,-표준계정코드 미사용-,주식선택권 행사,0,0,8,KRW
00399694,SOOP,2020,CFS,SCE,자본변동표,ifrs-full_DividendsPaid,배당금지급,6012490000,5082786330,9,KRW
00399694,SOOP,2020,CFS,SCE,자본변동표,ifrs-full_DividendsPaid,배당금지급,0,0,9,KRW
00399694,SOOP,2020,CFS,SCE,자본변동표,ifrs-full_DividendsPaid,배당금지급,6012490000,5082786330,9,KRW
00399694,SOOP,2020,CFS,SCE,자본변동표,ifrs-full_DividendsPaid,배당금지급,0,0,9,KRW
00399694,SOOP,2020,CFS,SCE,자본변동표,ifrs-full_DividendsPaid,배당금지급,0,0,9,KRW
00399694,SOOP,2020,CFS,SCE,자본변동표,ifrs-full_DividendsPaid,배당금지급,6012490000,5082786330,9,KRW
00399694,SOOP,2020,CFS,SCE,자본변동표,ifrs-full_DividendsPaid,배당금지급,0,0,9,KRW
00399694,SOOP,2020,CFS,SCE,자본변동표,ifrs-full_DividendsPaid,배당금지급,0,0,9,KRW
00399694,SOOP,2020,CFS,SCE,자본변동표,dart_TreasuryShareTransactions,자기주식 취득,-5945077400,0,10,KRW
00399694,SOOP,2020,CFS,SCE,자본변동표,dart_TreasuryShareTransactions,자기주식 취득,0,0,10,KRW
00399694,SOOP,2020,CFS,SCE,자본변동표,dart_TreasuryShareTransactions,자기주식 취득,-5945077400,0,10,KRW
00399694,SOOP,2020,CFS,SCE,자본변동표,dart_TreasuryShareTransactions,자기주식 취득,-5945077400,0,10,KRW
00399694,SOOP,2020,CFS,SCE,자본변동표,dart_TreasuryShareTransactions,자기주식 취득,0,0,10,KRW
00399694,SOOP,2020,CFS,SCE,자본변동표,dart_TreasuryShareTransactions,자기주식 취득,0,0,10,KRW
00399694,SOOP,2020,CFS,SCE,자본변동표,dart_TreasuryShareTransactions,자기주식 취득,0,0,10,KRW
00399694,SOOP,2020,CFS,SCE,자본변동표,dart_TreasuryShareTransactions,자기주식 취득,0,0,10,KRW
00399694,SOOP,2020,CFS,SCE,자본변동표,dart_ShareBasedPaymentTransactions,주식기준보상거래,1749145279,2269185453,11,KRW
00399694,SOOP,2020,CFS,SCE,자본변동표,dart_ShareBasedPaymentTransactions,주식기준보상거래,0,0,11,KRW
00399694,SOOP,2020,CFS,SCE,자본변동표,dart_ShareBasedPaymentTransactions,주식기준보상거래,1749145279,2269185453,11,KRW
00399694,SOOP,2020,CFS,SCE,자본변동표,dart_ShareBasedPaymentTransactions,주식기준보상거래,1749145279,2269185453,11,KRW
00399694,SOOP,2020,CFS,SCE,자본변동표,dart_ShareBasedPaymentTransactions,주식기준보상거래,0,0,11,KRW
00399694,SOOP,2020,CFS,SCE,자본변동표,dart_ShareBasedPaymentTransactions,주식기준보상거래,0,0,11,KRW
00399694,SOOP,2020,CFS,SCE,자본변동표,dart_ShareBasedPaymentTransactions,주식기준보상거래,0,0,11,KRW
00399694,SOOP,2020,CFS,SCE,자본변동표,dart_ShareBasedPaymentTransactions,주식기준보상거래,0,0,11,KRW
00399694,SOOP,2020,CFS,SCE,자본변동표,-표준계정코드 미사용-,가득기간만료 주식선택권,0,0,12,KRW
00399694,SOOP,2020,CFS,SCE,자본변동표,-표준계정코드 미사용-,가득기간만료 주식선택권,0,0,12,KRW
00399694,SOOP,2020,CFS,SCE,자본변동표,-표준계정코드 미사용-,가득기간만료 주식선택권,0,0,12,KRW
00399694,SOOP,2020,CFS,SCE,자본변동표,-표준계정코드 미사용-,가득기간만료 주식선택권,0,0,12,KRW
00399694,SOOP,2020,CFS,SCE,자본변동표,-표준계정코드 미사용-,가득기간만료 주식선택권,0,0,12,KRW
00399694,SOOP,2020,CFS,SCE,자본변동표,-표준계정코드 미사용-,가득기간만료 주식선택권,0,0,12,KRW
00399694,SOOP,2020,CFS,SCE,자본변동표,-표준계정코드 미사용-,가득기간만료 주식선택권,0,0,12,KRW
00399694,SOOP,2020,CFS,SCE,자본변동표,-표준계정코드 미사용-,가득기간만료 주식선택권,0,0,12,KRW
00399694,SOOP,2020,CFS,SCE,자본변동표,-표준계정코드 미사용-,비지배지분의 출자,0,8100000000,13,KRW
00399694,SOOP,2020,CFS,SCE,자본변동표,-표준계정코드 미사용-,비지배지분의 출자,0,2565560855,13,KRW
00399694,SOOP,2020,CFS,SCE,자본변동표,-표준계정코드 미사용-,비지배지분의 출자,0,5534439145,13,KRW
00399694,SOOP,2020,CFS,SCE,자본변동표,-표준계정코드 미사용-,비지배지분의 출자,0,5534439145,13,KRW
00399694,SOOP,2020,CFS,SCE,자본변동표,-표준계정코드 미사용-,비지배지분의 출자,0,0,13,KRW
00399694,SOOP,2020,CFS,SCE,자본변동표,-표준계정코드 미사용-,비지배지분의 출자,0,0,13,KRW
00399694,SOOP,2020,CFS,SCE,자본변동표,-표준계정코드 미사용-,비지배지분의 출자,0,0,13,KRW
00399694,SOOP,2020,CFS,SCE,자본변동표,-표준계정코드 미사용-,비지배지분의 출자,0,0,13,KRW
00399694,SOOP,2020,CFS,SCE,자본변동표,ifrs-full_IncreaseDecreaseThroughChangesInOwnershipInterestsInSubsidiariesThatDoNotResultInLossOfControl,비지배지분의 변동,0,-8100000000,14,KRW
00399694,SOOP,2020,CFS,SCE,자본변동표,ifrs-full_IncreaseDecreaseThroughChangesInOwnershipInterestsInSubsidiariesThatDoNotResultInLossOfControl,비지배지분의 변동,-1949354136,0,14,KRW
00399694,SOOP,2020,CFS,SCE,자본변동표,ifrs-full_IncreaseDecreaseThroughChangesInOwnershipInterestsInSubsidiariesThatDoNotResultInLossOfControl,비지배지분의 변동,1949354136,-8100000000,14,KRW
00399694,SOOP,2020,CFS,SCE,자본변동표,ifrs-full_IncreaseDecreaseThroughChangesInOwnershipInterestsInSubsidiariesThatDoNotResultInLossOfControl,비지배지분의 변동,1949354136,-8100000000,14,KRW
00399694,SOOP,2020,CFS,SCE,자본변동표,ifrs-full_IncreaseDecreaseThroughChangesInOwnershipInterestsInSubsidiariesThatDoNotResultInLossOfControl,비지배지분의 변동,0,0,14,KRW
00399694,SOOP,2020,CFS,SCE,자본변동표,ifrs-full_IncreaseDecreaseThroughChangesInOwnershipInterestsInSubsidiariesThatDoNotResultInLossOfControl,비지배지분의 변동,0,0,14,KRW
00399694,SOOP,2020,CFS,SCE,자본변동표,ifrs-full_IncreaseDecreaseThroughChangesInOwnershipInterestsInSubsidiariesThatDoNotResultInLossOfControl,비지배지분의 변동,0,0,14,KRW
00399694,SOOP,2020,CFS,SCE,자본변동표,ifrs-full_IncreaseDecreaseThroughChangesInOwnershipInterestsInSubsidiariesThatDoNotResultInLossOfControl,비지배지분의 변동,0,0,14,KRW
00399694,SOOP,2020,CFS,SCE,자본변동표,dart_ChangesInConsolidatedCompanies,연결대상범위의 변동,6145406,0,15,KRW
00399694,SOOP,2020,CFS,SCE,자본변동표,dart_ChangesInConsolidatedCompanies,연결대상범위의 변동,329358823,0,15,KRW
00399694,SOOP,2020,CFS,SCE,자본변동표,dart_ChangesInConsolidatedCompanies,연결대상범위의 변동,-323213417,0,15,KRW
00399694,SOOP,2020,CFS,SCE,자본변동표,dart_ChangesInConsolidatedCompanies,연결대상범위의 변동,-323213417,0,15,KRW
00399694,SOOP,2020,CFS,SCE,자본변동표,dart_ChangesInConsolidatedCompanies,연결대상범위의 변동,0,0,15,KRW
00399694,SOOP,2020,CFS,SCE,자본변동표,dart_ChangesInConsolidatedCompanies,연결대상범위의 변동,0,0,15,KRW
00399694,SOOP,2020,CFS,SCE,자본변동표,dart_ChangesInConsolidatedCompanies,연결대상범위의 변동,0,0,15,KRW
00399694,SOOP,2020,CFS,SCE,자본변동표,dart_ChangesInConsolidatedCompanies,연결대상범위의 변동,0,0,15,KRW
00399694,SOOP,2020,CFS,SCE,자본변동표,ifrs-full_Equity,기말자본,147559323414,121788853230,16,KRW
00399694,SOOP,2020,CFS,SCE,자본변동표,ifrs-full_Equity,기말자본,904956166,2859590626,16,KRW
00399694,SOOP,2020,CFS,SCE,자본변동표,ifrs-full_Equity,기말자본,146654367248,118929262604,16,KRW
00399694,SOOP,2020,CFS,SCE,자본변동표,ifrs-full_Equity,기말자본,-10377740793,-7387988523,16,KRW
00399694,SOOP,2020,CFS,SCE,자본변동표,ifrs-full_Equity,기말자본,-3139673267,-3617190792,16,KRW
00399694,SOOP,2020,CFS,SCE,자본변동표,ifrs-full_Equity,기말자본,106416394165,76179054776,16,KRW
00399694,SOOP,2020,CFS,SCE,자본변동표,ifrs-full_Equity,기말자본,5747383500,5747383500,16,KRW
00399694,SOOP,2020,CFS,SCE,자본변동표,ifrs-full_Equity,기말자본,48008003643,48008003643,16,KRW
00399694,SOOP,2020,OFS,BS,재무상태표,ifrs-full_CurrentAssets,유동자산,184090695803,135742395655,1,KRW
00399694,SOOP,2020,OFS,BS,재무상태표,ifrs-full_CashAndCashEquivalents,현금및현금성자산,58605940199,22276354074,2,KRW
00399694,SOOP,2020,OFS,BS,재무상태표,dart_ShortTermDepositsNotClassifiedAsCashEquivalents,단기금융상품,28305987671,31157800000,3,KRW
00399694,SOOP,2020,OFS,BS,재무상태표,ifrs-full_TradeAndOtherCurrentReceivables,매출채권 및 기타채권,65553633073,49223755461,4,KRW
00399694,SOOP,2020,OFS,BS,재무상태표,ifrs-full_CurrentFinancialAssetsAtFairValueThroughProfitOrLossDesignatedUponInitialRecognition,유동 당기손익-공정가치 금융자산,30935052312,30582921031,5,KRW
00399694,SOOP,2020,OFS,BS,재무상태표,dart_OtherCurrentAssets,기타유동자산,690082548,2501565089,6,KRW
00399694,SOOP,2020,OFS,BS,재무상태표,ifrs-full_NoncurrentAssets,비유동자산,94100559074,81297125339,7,KRW
00399694,SOOP,2020,OFS,BS,재무상태표,ifrs-full_NoncurrentFinancialAssetsAtFairValueThroughProfitOrLossDesignatedUponInitialRecognition,비유동 당기손익-공정가치 금융자산,8959463070,9649226374,8,KRW
00399694,SOOP,2020,OFS,BS,재무상태표,ifrs-full_NoncurrentFinancialAssetsMeasuredAtFairValueThroughOtherComprehensiveIncome,비유동 기타포괄손익-공정가치 금융자산,7565617428,7237130000,9,KRW
00399694,SOOP,2020,OFS,BS,재무상태표,dart_LongTermTradeAndOtherNonCurrentReceivablesGross,기타비유동채권,8262922293,7073917983,10,KRW
00399694,SOOP,2020,OFS,BS,재무상태표,ifrs-full_InvestmentAccountedForUsingEquityMethod,지분법적용 투자지분,22678467303,24460619891,11,KRW
00399694,SOOP,2020,OFS,BS,재무상태표,ifrs-full_PropertyPlantAndEquipment,유형자산,34807220141,21177712981,12,KRW
00399694,SOOP,2020,OFS,BS,재무상태표,ifrs-full_RightofuseAssets,사용권자산,4997600103,5130414106,13,KRW
00399694,SOOP,2020,OFS,BS,재무상태표,ifrs-full_IntangibleAssetsOtherThanGoodwill,무형자산,2891741905,2640545739,14,KRW
00399694,SOOP,2020,OFS,BS,재무상태표,dart_OtherNonCurrentAssets,기타비유동자산,0,0,15,KRW
00399694,SOOP,2020,OFS,BS,재무상태표,ifrs-full_DeferredTaxAssets,이연법인세자산,3937526831,3927558265,16,KRW
00399694,SOOP,2020,OFS,BS,재무상태표,ifrs-full_Assets,자산총계,278191254877,217039520994,17,KRW
00399694,SOOP,2020,OFS,BS,재무상태표,ifrs-full_CurrentLiabilities,유동부채,119702320983,86039008260,19,KRW
00399694,SOOP,2020,OFS,BS,재무상태표,ifrs-full_TradeAndOtherCurrentPayables,매입채무 및 기타채무,96979379746,66538323479,20,KRW
00399694,SOOP,2020,OFS,BS,재무상태표,ifrs-full_ShorttermBorrowings,단기차입금,1000000000,1000000000,21,KRW
00399694,SOOP,2020,OFS,BS,재무상태표,dart_OtherCurrentLiabilities,기타유동부채,11691509276,8053195347,22,KRW
00399694,SOOP,2020,OFS,BS,재무상태표,ifrs-full_CurrentLeaseLiabilities,유동리스부채,2274038812,2167458783,23,KRW
00399694,SOOP,2020,OFS,BS,재무상태표,ifrs-full_CurrentProvisions,유동충당부채,1196559961,0,24,KRW
00399694,SOOP,2020,OFS,BS,재무상태표,ifrs-full_CurrentTaxLiabilities,당기법인세부채,6560833188,8280030651,25,KRW
00399694,SOOP,2020,OFS,BS,재무상태표,ifrs-full_NoncurrentLiabilities,비유동부채,11491549110,8547652458,26,KRW
00399694,SOOP,2020,OFS,BS,재무상태표,dart_NonCurrentDerivativeLiabilities,파생상품부채,8528460157,5444100580,27,KRW
00399694,SOOP,2020,OFS,BS,재무상태표,ifrs-full_NoncurrentLeaseLiabilities,비유동리스부채,2660448588,2842418078,28,KRW
00399694,SOOP,2020,OFS,BS,재무상태표,ifrs-full_LongtermProvisionForDecommissioningRestorationAndRehabilitationCosts,복구충당부채,302640365,261133800,29,KRW
00399694,SOOP,2020,OFS,BS,재무상태표,ifrs-full_Liabilities,부채총계,131193870093,94586660718,30,KRW
00399694,SOOP,2020,OFS,BS,재무상태표,ifrs-full_IssuedCapital,자본금,5747383500,5747383500,32,KRW
00399694,SOOP,2020,OFS,BS,재무상태표,dart_CapitalSurplus,자본잉여금,48008003643,48008003643,33,KRW
00399694,SOOP,2020,OFS,BS,재무상태표,dart_ElementsOfOtherStockholdersEquity,기타자본구성요소,-9177929946,-4542395084,34,KRW
00399694,SOOP,2020,OFS,BS,재무상태표,dart_OtherComprehensiveIncomeLossAccumulatedAmount,기타포괄손익누계액,-3007199278,-3525539271,35,KRW
00399694,SOOP,2020,OFS,BS,재무상태표,ifrs-full_RetainedEarnings,이익잉여금(결손금),105427126865,76765407488,36,KRW
00399694,SOOP,2020,OFS,BS,재무상태표,ifrs-full_Equity,자본총계,146997384784,122452860276,37,KRW
00399694,SOOP,2020,OFS,BS,재무상태표,ifrs-full_EquityAndLiabilities,자본과부채총계,278191254877,217039520994,38,KRW
00399694,SOOP,2020,OFS,CIS,포괄손익계산서,ifrs-full_Revenue,영업수익,185436110107,154771821532,0,KRW
00399694,SOOP,2020,OFS,CIS,포괄손익계산서,dart_OperatingExpenses,영업비용,128358372897,112747000223,1,KRW
00399694,SOOP,2020,OFS,CIS,포괄손익계산서,dart_OperatingIncomeLoss,영업이익(손실),57077737210,42024821309,2,KRW
00399694,SOOP,2020,OFS,CIS,포괄손익계산서,ifrs-full_FinanceIncome,금융수익,1929379306,6804912606,3,KRW
00399694,SOOP,2020,OFS,CIS,포괄손익계산서,ifrs-full_FinanceCosts,금융원가,3380460405,5579698203,4,KRW
00399694,SOOP,2020,OFS,CIS,포괄손익계산서,dart_OtherGains,기타이익,567275061,616917048,5,KRW
00399694,SOOP,2020,OFS,CIS,포괄손익계산서,dart_OtherLosses,기타손실,12349569516,6968866643,6,KRW
00399694,SOOP,2020,OFS,CIS,포괄손익계산서,ifrs-full_ProfitLossBeforeTax,법인세비용차감전순이익(손실),43844361656,36898086117,7,KRW
00399694,SOOP,2020,OFS,CIS,포괄손익계산서,ifrs-full_IncomeTaxExpenseContinuingOperations,법인세비용,8825008530,6745635894,8,KRW
00399694,SOOP,2020,OFS,CIS,포괄손익계산서,ifrs-full_ProfitLossFromContinuingOperations,계속영업이익(손실),35019353126,30152450223,9,KRW
00399694,SOOP,2020,OFS,CIS,포괄손익계산서,ifrs-full_ProfitLossFromDiscontinuedOperations,중단영업이익(손실),0,0,10,KRW
00399694,SOOP,2020,OFS,CIS,포괄손익계산서,ifrs-full_ProfitLoss,당기순이익(손실),35019353126,30152450223,11,KRW
00399694,SOOP,2020,OFS,CIS,포괄손익계산서,ifrs-full_OtherComprehensiveIncome,기타포괄손익,173196244,-1188060036,12,KRW
00399694,SOOP,2020,OFS,CIS,포괄손익계산서,-표준계정코드 미사용-,기타포괄손익-공정가치금융자산평가손익,173196244,-1188060036,14,KRW
00399694,SOOP,2020,OFS,CIS,포괄손익계산서,ifrs-full_ReclassificationAdjustmentsOnAvailableforsaleFinancialAssetsNetOfTax,매도가능금융자산평가손익,0,0,16,KRW
00399694,SOOP,2020,OFS,CIS,포괄손익계산서,ifrs-full_ComprehensiveIncome,총포괄손익,35192549370,28964390187,17,KRW
00399694,SOOP,2020,OFS,CIS,포괄손익계산서,ifrs-full_BasicEarningsLossPerShare,기본주당이익(손실),3220,2776,19,KRW
00399694,SOOP,2020,OFS,CIS,포괄손익계산서,ifrs-full_DilutedEarningsLossPerShare,희석주당이익(손실),3156,2704,20,KRW
00399694,SOOP,2020,OFS,CF,현금흐름표,ifrs-full_CashFlowsFromUsedInOperatingActivities,영업활동현금흐름,79738612406,64059223039,0,KRW
00399694,SOOP,2020,OFS,CF,현금흐름표,dart_ProfitLossForStatementOfCashFlows,당기순이익(손실),35019353126,30152450223,1,KRW
00399694,SOOP,2020,OFS,CF,현금흐름표,ifrs-full_AdjustmentsForReconcileProfitLoss,당기순이익조정을 위한 가감,45351193750,27834301850,2,KRW
00399694,SOOP,2020,OFS,CF,현금흐름표,dart_AdjustmentsForAssetsLiabilitiesOfOperatingActivities,영업활동으로인한자산ㆍ부채의변동,9562238210,11445013293,3,KRW
00399694,SOOP,2020,OFS,CF,현금흐름표,ifrs-full_InterestReceivedClassifiedAsOperatingActivities,이자의 수취,841508334,698716007,4,KRW
00399694,SOOP,2020,OFS,CF,현금흐름표,ifrs-full_DividendsReceivedClassifiedAsOperatingActivities,배당금의 수취,11500000,7000000,5,KRW
00399694,SOOP,2020,OFS,CF,현금흐름표,ifrs-full_InterestPaidClassifiedAsOperatingActivities,이자지급,21336544,1767123,6,KRW
00399694,SOOP,2020,OFS,CF,현금흐름표,ifrs-full_IncomeTaxesPaidRefundClassifiedAsOperatingActivities,법인세의 납부,11025844470,6076491211,7,KRW
00399694,SOOP,2020,OFS,CF,현금흐름표,ifrs-full_CashFlowsFromUsedInInvestingActivities,투자활동현금흐름,-28995318628,-65259605028,8,KRW
00399694,SOOP,2020,OFS,CF,현금흐름표,-표준계정코드 미사용-,단기대여금의 회수,620768789,1008400000,9,KRW
00399694,SOOP,2020,OFS,CF,현금흐름표,-표준계정코드 미사용-,장기대여금의 회수,88788908,219600000,10,KRW
00399694,SOOP,2020,OFS,CF,현금흐름표,dart_ProceedsFromSalesOfLongTermFinancialInstruments,장기금융상품의 처분,0,0,11,KRW
00399694,SOOP,2020,OFS,CF,현금흐름표,dart_ProceedsFromSalesOfCurrentFairValueFinancialAsset,당기손익-공정가치금융자산의 처분,45903397760,13145250981,12,KRW
00399694,SOOP,2020,OFS,CF,현금흐름표,ifrs-full_ProceedsFromSalesOfPropertyPlantAndEquipmentClassifiedAsInvestingActivities,유형자산의 처분,24875818,55272729,13,KRW
00399694,SOOP,2020,OFS,CF,현금흐름표,ifrs-full_ProceedsFromSalesOfIntangibleAssetsClassifiedAsInvestingActivities,무형자산의 처분,0,50400000,14,KRW
00399694,SOOP,2020,OFS,CF,현금흐름표,-표준계정코드 미사용-,보증금의 감소,99368216,19600000,15,KRW
00399694,SOOP,2020,OFS,CF,현금흐름표,dart_DecreaseInGuaranteeDeposits,임차보증금의 감소,2484542000,30000000,16,KRW
00399694,SOOP,2020,OFS,CF,현금흐름표,-표준계정코드 미사용-,단기대여금의 증가,3753000000,1495000000,17,KRW
00399694,SOOP,2020,OFS,CF,현금흐름표,dart_PurchaseOfLongTermLoansAndReceivables,장기대여금의 증가,920000000,300000000,18,KRW
00399694,SOOP,2020,OFS,CF,현금흐름표,dart_PurchaseOfNonCurrentFairValueFinancialAsset,당기손익-공정가치금융자산의 취득,44762317265,34294957551,19,KRW
00399694,SOOP,2020,OFS,CF,현금흐름표,-표준계정코드 미사용-,기타포괄인식-공정가치 금융자산의 취득,99996341,4998297063,20,KRW
00399694,SOOP,2020,OFS,CF,현금흐름표,dart_PurchaseOfInvestmentsInSubsidiaries,종속기업에 대한 투자자산의 취득,8644730757,6160599126,21,KRW
00399694,SOOP,2020,OFS,CF,현금흐름표,ifrs-full_PurchaseOfPropertyPlantAndEquipmentClassifiedAsInvestingActivities,유형자산의 취득,18017689522,8768907252,22,KRW
00399694,SOOP,2020,OFS,CF,현금흐름표,ifrs-full_PurchaseOfIntangibleAssetsClassifiedAsInvestingActivities,무형자산의 취득,1472807727,884229778,23,KRW
00399694,SOOP,2020,OFS,CF,현금흐름표,dart_PurchaseOfShortTermFinancialInstruments,단기금융상품의 순감소(순증가),-2613481493,21136137968,24,KRW
00399694,SOOP,2020,OFS,CF,현금흐름표,-표준계정코드 미사용-,보증금의 증가,0,0,25,KRW
00399694,SOOP,2020,OFS,CF,현금흐름표,dart_IncreaseInGuaranteeDeposits,임차보증금의 증가,3160000000,1750000000,26,KRW
00399694,SOOP,2020,OFS,CF,현금흐름표,ifrs-full_CashFlowsFromUsedInFinancingActivities,재무활동현금흐름,-14293873940,-6117245957,27,KRW
00399694,SOOP,2020,OFS,CF,현금흐름표,ifrs-full_ProceedsFromIssuingShares,주식의 발행,0,0,28,KRW
00399694,SOOP,2020,OFS,CF,현금흐름표,dart_ProceedsFromShortTermBorrowings,단기차입금의 증가,0,1000000000,29,KRW
00399694,SOOP,2020,OFS,CF,현금흐름표,dart_IncreaseInGuaranteeDepositsAsFinancialActivities,임대보증금의 증가,81000000,10000000,30,KRW
00399694,SOOP,2020,OFS,CF,현금흐름표,dart_AcquisitionOfTreasuryShares,자기주식의 취득,5945077400,0,31,KRW
00399694,SOOP,2020,OFS,CF,현금흐름표,-표준계정코드 미사용-,주식선택권 행사로 인한 유출,3585800,1265000,32,KRW
00399694,SOOP,2020,OFS,CF,현금흐름표,ifrs-full_DividendsPaidClassifiedAsFinancingActivities,배당금지급,6008324340,5078647800,33,KRW
00399694,SOOP,2020,OFS,CF,현금흐름표,ifrs-full_PaymentsOfFinanceLeaseLiabilitiesClassifiedAsFinancingActivities,리스부채 원금의 지급,2417886400,2047333157,34,KRW
00399694,SOOP,2020,OFS,CF,현금흐름표,ifrs-full_IncreaseDecreaseInCashAndCashEquivalentsBeforeEffectOfExchangeRateChanges,환율변동효과 반영전 현금및현금성자산의 순증가(감소),36449419838,-7317627946,35,KRW
00399694,SOOP,2020,OFS,CF,현금흐름표,ifrs-full_EffectOfExchangeRateChangesOnCashAndCashEquivalents,현금및현금성자산에 대한 환율변동효과,-119833713,3078789,36,KRW
00399694,SOOP,2020,OFS,CF,현금흐름표,dart_CashAndCashEquivalentsAtBeginningOfPeriodCf,기초현금및현금성자산,22276354074,29590903231,37,KRW
00399694,SOOP,2020,OFS,CF,현금흐름표,dart_CashAndCashEquivalentsAtEndOfPeriodCf,기말현금및현금성자산,58605940199,22276354074,38,KRW
00399694,SOOP,2020,OFS,SCE,자본변동표,dart_EquityAtBeginningOfPeriod,기초자본,48008003643,48008003643,1,KRW
00399694,SOOP,2020,OFS,SCE,자본변동표,dart_EquityAtBeginningOfPeriod,기초자본,5747383500,5747383500,1,KRW
00399694,SOOP,2020,OFS,SCE,자본변동표,dart_EquityAtBeginningOfPeriod,기초자본,76765407488,51695743595,1,KRW
00399694,SOOP,2020,OFS,SCE,자본변동표,dart_EquityAtBeginningOfPeriod,기초자본,-3525539271,-2337479235,1,KRW
00399694,SOOP,2020,OFS,SCE,자본변동표,dart_EquityAtBeginningOfPeriod,기초자본,-4542395084,-5542620744,1,KRW
00399694,SOOP,2020,OFS,SCE,자본변동표,dart_EquityAtBeginningOfPeriod,기초자본,122452860276,97571030759,1,KRW
00399694,SOOP,2020,OFS,SCE,자본변동표,ifrs-full_IncreaseDecreaseThroughChangesInAccountingPolicies,회계정책변경에 따른 증가(감소),0,0,2,KRW
00399694,SOOP,2020,OFS,SCE,자본변동표,ifrs-full_IncreaseDecreaseThroughChangesInAccountingPolicies,회계정책변경에 따른 증가(감소),0,0,2,KRW
00399694,SOOP,2020,OFS,SCE,자본변동표,ifrs-full_IncreaseDecreaseThroughChangesInAccountingPolicies,회계정책변경에 따른 증가(감소),0,0,2,KRW
00399694,SOOP,2020,OFS,SCE,자본변동표,ifrs-full_IncreaseDecreaseThroughChangesInAccountingPolicies,회계정책변경에 따른 증가(감소),0,0,2,KRW
00399694,SOOP,2020,OFS,SCE,자본변동표,ifrs-full_IncreaseDecreaseThroughChangesInAccountingPolicies,회계정책변경에 따른 증가(감소),0,0,2,KRW
00399694,SOOP,2020,OFS,SCE,자본변동표,ifrs-full_IncreaseDecreaseThroughChangesInAccountingPolicies,회계정책변경에 따른 증가(감소),0,0,2,KRW
00399694,SOOP,2020,OFS,SCE,자본변동표,ifrs-full_ProfitLoss,당기순이익(손실),0,0,3,KRW
00399694,SOOP,2020,OFS,SCE,자본변동표,ifrs-full_ProfitLoss,당기순이익(손실),35019353126,30152450223,3,KRW
00399694,SOOP,2020,OFS,SCE,자본변동표,ifrs-full_ProfitLoss,당기순이익(손실),0,0,3,KRW
00399694,SOOP,2020,OFS,SCE,자본변동표,ifrs-full_ProfitLoss,당기순이익(손실),0,0,3,KRW
00399694,SOOP,2020,OFS,SCE,자본변동표,ifrs-full_ProfitLoss,당기순이익(손실),35019353126,30152450223,3,KRW
00399694,SOOP,2020,OFS,SCE,자본변동표,ifrs-full_ProfitLoss,당기순이익(손실),0,0,3,KRW
00399694,SOOP,2020,OFS,SCE,자본변동표,dart_OtherComprehensiveIncomeForStatementOfChangesInEquity,기타포괄손익,0,0,4,KRW
00399694,SOOP,2020,OFS,SCE,자본변동표,dart_OtherComprehensiveIncomeForStatementOfChangesInEquity,기타포괄손익,0,0,4,KRW
00399694,SOOP,2020,OFS,SCE,자본변동표,dart_OtherComprehensiveIncomeForStatementOfChangesInEquity,기타포괄손익,173196244,-1188060036,4,KRW
00399694,SOOP,2020,OFS,SCE,자본변동표,dart_OtherComprehensiveIncomeForStatementOfChangesInEquity,기타포괄손익,0,0,4,KRW
00399694,SOOP,2020,OFS,SCE,자본변동표,dart_OtherComprehensiveIncomeForStatementOfChangesInEquity,기타포괄손익,173196244,-1188060036,4,KRW
00399694,SOOP,2020,OFS,SCE,자본변동표,dart_OtherComprehensiveIncomeForStatementOfChangesInEquity,기타포괄손익,0,0,4,KRW
00399694,SOOP,2020,OFS,SCE,자본변동표,ifrs-full_IncreaseDecreaseThroughTransfersAndOtherChangesEquity,기타포괄손익의 대체,0,0,5,KRW
00399694,SOOP,2020,OFS,SCE,자본변동표,ifrs-full_IncreaseDecreaseThroughTransfersAndOtherChangesEquity,기타포괄손익의 대체,0,0,5,KRW
00399694,SOOP,2020,OFS,SCE,자본변동표,ifrs-full_IncreaseDecreaseThroughTransfersAndOtherChangesEquity,기타포괄손익의 대체,0,0,5,KRW
00399694,SOOP,2020,OFS,SCE,자본변동표,ifrs-full_IncreaseDecreaseThroughTransfersAndOtherChangesEquity,기타포괄손익의 대체,0,0,5,KRW
00399694,SOOP,2020,OFS,SCE,자본변동표,ifrs-full_IncreaseDecreaseThroughTransfersAndOtherChangesEquity,기타포괄손익의 대체,345143749,0,5,KRW
00399694,SOOP,2020,OFS,SCE,자본변동표,ifrs-full_IncreaseDecreaseThroughTransfersAndOtherChangesEquity,기타포괄손익의 대체,-345143749,0,5,KRW
00399694,SOOP,2020,OFS,SCE,자본변동표,-표준계정코드 미사용-,신주인수권의 행사,0,0,6,KRW
00399694,SOOP,2020,OFS,SCE,자본변동표,-표준계정코드 미사용-,신주인수권의 행사,0,0,6,KRW
00399694,SOOP,2020,OFS,SCE,자본변동표,-표준계정코드 미사용-,신주인수권의 행사,0,0,6,KRW
00399694,SOOP,2020,OFS,SCE,자본변동표,-표준계정코드 미사용-,신주인수권의 행사,0,0,6,KRW
00399694,SOOP,2020,OFS,SCE,자본변동표,-표준계정코드 미사용-,신주인수권의 행사,0,0,6,KRW
00399694,SOOP,2020,OFS,SCE,자본변동표,-표준계정코드 미사용-,신주인수권의 행사,0,0,6,KRW
00399694,SOOP,2020,OFS,SCE,자본변동표,-표준계정코드 미사용-,주식선택권 행사,-419960868,-1268959793,7,KRW
00399694,SOOP,2020,OFS,SCE,자본변동표,-표준계정코드 미사용-,주식선택권 행사,-419960868,-1268959793,7,KRW
00399694,SOOP,2020,OFS,SCE,자본변동표,-표준계정코드 미사용-,주식선택권 행사,0,0,7,KRW
00399694,SOOP,2020,OFS,SCE,자본변동표,-표준계정코드 미사용-,주식선택권 행사,0,0,7,KRW
00399694,SOOP,2020,OFS,SCE,자본변동표,-표준계정코드 미사용-,주식선택권 행사,0,0,7,KRW
00399694,SOOP,2020,OFS,SCE,자본변동표,-표준계정코드 미사용-,주식선택권 행사,0,0,7,KRW
00399694,SOOP,2020,OFS,SCE,자본변동표,ifrs-full_DividendsPaid,배당금지급,,0,8,KRW
00399694,SOOP,2020,OFS,SCE,자본변동표,ifrs-full_DividendsPaid,배당금지급,0,0,8,KRW
00399694,SOOP,2020,OFS,SCE,자본변동표,ifrs-full_DividendsPaid,배당금지급,6012490000,5082786330,8,KRW
00399694,SOOP,2020,OFS,SCE,자본변동표,ifrs-full_DividendsPaid,배당금지급,0,0,8,KRW
00399694,SOOP,2020,OFS,SCE,자본변동표,ifrs-full_DividendsPaid,배당금지급,0,0,8,KRW
00399694,SOOP,2020,OFS,SCE,자본변동표,ifrs-full_DividendsPaid,배당금지급,6012490000,5082786330,8,KRW
00399694,SOOP,2020,OFS,SCE,자본변동표,dart_ShareBasedPaymentTransactions,주식기준보상거래,0,0,9,KRW
00399694,SOOP,2020,OFS,SCE,자본변동표,dart_ShareBasedPaymentTransactions,주식기준보상거래,0,0,9,KRW
00399694,SOOP,2020,OFS,SCE,자본변동표,dart_ShareBasedPaymentTransactions,주식기준보상거래,0,0,9,KRW
00399694,SOOP,2020,OFS,SCE,자본변동표,dart_ShareBasedPaymentTransactions,주식기준보상거래,0,0,9,KRW
00399694,SOOP,2020,OFS,SCE,자본변동표,dart_ShareBasedPaymentTransactions,주식기준보상거래,1729503406,2269185453,9,KRW
00399694,SOOP,2020,OFS,SCE,자본변동표,dart_ShareBasedPaymentTransactions,주식기준보상거래,1729503406,2269185453,9,KRW
00399694,SOOP,2020,OFS,SCE,자본변동표,dart_TreasuryShareTransactions,자기주식 취득,-5945077400,0,10,KRW
00399694,SOOP,2020,OFS,SCE,자본변동표,dart_TreasuryShareTransactions,자기주식 취득,-5945077400,0,10,KRW
00399694,SOOP,2020,OFS,SCE,자본변동표,dart_TreasuryShareTransactions,자기주식 취득,0,0,10,KRW
00399694,SOOP,2020,OFS,SCE,자본변동표,dart_TreasuryShareTransactions,자기주식 취득,0,0,10,KRW
00399694,SOOP,2020,OFS,SCE,자본변동표,dart_TreasuryShareTransactions,자기주식 취득,0,0,10,KRW
00399694,SOOP,2020,OFS,SCE,자본변동표,dart_TreasuryShareTransactions,자기주식 취득,0,0,10,KRW
00399694,SOOP,2020,OFS,SCE,자본변동표,-표준계정코드 미사용-,가득기간만료 주식선택권,0,0,11,KRW
00399694,SOOP,2020,OFS,SCE,자본변동표,-표준계정코드 미사용-,가득기간만료 주식선택권,0,0,11,KRW
00399694,SOOP,2020,OFS,SCE,자본변동표,-표준계정코드 미사용-,가득기간만료 주식선택권,0,0,11,KRW
00399694,SOOP,2020,OFS,SCE,자본변동표,-표준계정코드 미사용-,가득기간만료 주식선택권,0,0,11,KRW
00399694,SOOP,2020,OFS,SCE,자본변동표,-표준계정코드 미사용-,가득기간만료 주식선택권,0,0,11,KRW
00399694,SOOP,2020,OFS,SCE,자본변동표,-표준계정코드 미사용-,가득기간만료 주식선택권,0,0,11,KRW
00399694,SOOP,2020,OFS,SCE,자본변동표,ifrs-full_Equity,기말자본,146997384784,122452860276,12,KRW
00399694,SOOP,2020,OFS,SCE,자본변동표,ifrs-full_Equity,기말자본,-9177929946,-4542395084,12,KRW
00399694,SOOP,2020,OFS,SCE,자본변동표,ifrs-full_Equity,기말자본,-3007199278,-3525539271,12,KRW
00399694,SOOP,2020,OFS,SCE,자본변동표,ifrs-full_Equity,기말자본,105427126865,76765407488,12,KRW
00399694,SOOP,2020,OFS,SCE,자본변동표,ifrs-full_Equity,기말자본,5747383500,5747383500,12,KRW
00399694,SOOP,2020,OFS,SCE,자본변동표,ifrs-full_Equity,기말자본,48008003643,48008003643,12,KRW
00399694,SOOP,2021,CFS,BS,재무상태표,ifrs-full_CurrentAssets,유동자산,313041678404,195601485945,1,KRW
00399694,SOOP,2021,CFS,BS,재무상태표,ifrs-full_CashAndCashEquivalents,현금및현금성자산,75103091970,66012081825,2,KRW
00399694,SOOP,2021,CFS,BS,재무상태표,dart_ShortTermDepositsNotClassifiedAsCashEquivalents,단기금융상품,40500000000,30377889701,3,KRW
00399694,SOOP,2021,CFS,BS,재무상태표,ifrs-full_TradeAndOtherCurrentReceivables,매출채권 및 기타채권,75101475562,65507482749,4,KRW
00399694,SOOP,2021,CFS,BS,재무상태표,ifrs-full_CurrentFinancialAssetsAtFairValueThroughProfitOrLossDesignatedUponInitialRecognition,유동 당기손익-공정가치 금융자산,118133529374,30990123875,5,KRW
00399694,SOOP,2021,CFS,BS,재무상태표,ifrs-full_NoncurrentAssetsOrDisposalGroupsClassifiedAsHeldForSaleOrAsHeldForDistributionToOwners,매각예정자산,0,1055093191,6,KRW
00399694,SOOP,2021,CFS,BS,재무상태표,dart_OtherCurrentAssets,기타유동자산,4203101638,1610683415,7,KRW
00399694,SOOP,2021,CFS,BS,재무상태표,ifrs-full_CurrentTaxAssets,당기법인세자산,479860,48131189,8,KRW
00399694,SOOP,2021,CFS,BS,재무상태표,ifrs-full_NoncurrentAssets,비유동자산,95108082243,96436125383,9,KRW
00399694,SOOP,2021,CFS,BS,재무상태표,ifrs-full_NoncurrentFinancialAssetsAtFairValueThroughProfitOrLossDesignatedUponInitialRecognition,비유동 당기손익-공정가치 금융자산,10937940730,9294037002,10,KRW
00399694,SOOP,2021,CFS,BS,재무상태표,ifrs-full_NoncurrentFinancialAssetsMeasuredAtFairValueThroughOtherComprehensiveIncome,비유동 기타포괄손익-공정가치 금융자산,9000019058,7565617428,11,KRW
00399694,SOOP,2021,CFS,BS,재무상태표,ifrs-full_InvestmentAccountedForUsingEquityMethod,지분법적용 투자지분,3974463983,3900000000,12,KRW
00399694,SOOP,2021,CFS,BS,재무상태표,ifrs-full_PropertyPlantAndEquipment,유형자산,34416331606,38157450981,13,KRW
00399694,SOOP,2021,CFS,BS,재무상태표,ifrs-full_RightofuseAssets,사용권자산,4423548972,6265819862,14,KRW
00399694,SOOP,2021,CFS,BS,재무상태표,ifrs-full_InvestmentProperty,투자부동산,683706958,696808458,15,KRW
00399694,SOOP,2021,CFS,BS,재무상태표,ifrs-full_IntangibleAssetsOtherThanGoodwill,무형자산,15976962069,16315652200,16,KRW
00399694,SOOP,2021,CFS,BS,재무상태표,dart_LongTermTradeAndOtherNonCurrentReceivablesGross,기타비유동채권,12794051524,12445339545,17,KRW
00399694,SOOP,2021,CFS,BS,재무상태표,ifrs-full_DeferredTaxAssets,이연법인세자산,2901057343,1795399907,18,KRW
00399694,SOOP,2021,CFS,BS,재무상태표,ifrs-full_Assets,자산총계,408149760647,292037611328,19,KRW
00399694,SOOP,2021,CFS,BS,재무상태표,ifrs-full_CurrentLiabilities,유동부채,193391539998,128640636782,21,KRW
00399694,SOOP,2021,CFS,BS,재무상태표,ifrs-full_TradeAndOtherCurrentPayables,매입채무 및 기타채무,144335642716,102834259752,22,KRW
00399694,SOOP,2021,CFS,BS,재무상태표,ifrs-full_ShorttermBorrowings,단기차입금,1900000000,1900000000,23,KRW
00399694,SOOP,2021,CFS,BS,재무상태표,ifrs-full_CurrentPortionOfLongtermBorrowings,유동성장기차입금,8100000000,0,24,KRW
00399694,SOOP,2021,CFS,BS,재무상태표,dart_OtherCurrentLiabilities,기타유동부채,16204123468,12478519922,25,KRW
00399694,SOOP,2021,CFS,BS,재무상태표,ifrs-full_CurrentLeaseLiabilities,유동리스부채,3567413456,3140976742,26,KRW
00399694,SOOP,2021,CFS,BS,재무상태표,ifrs-full_CurrentProvisions,유동충당부채,1555633469,1196559961,27,KRW
00399694,SOOP,2021,CFS,BS,재무상태표,ifrs-full_LiabilitiesIncludedInDisposalGroupsClassifiedAsHeldForSale,매각예정부채,0,525093191,28,KRW
00399694,SOOP,2021,CFS,BS,재무상태표,ifrs-full_CurrentTaxLiabilities,당기법인세부채,17728726889,6565227214,29,KRW
00399694,SOOP,2021,CFS,BS,재무상태표,ifrs-full_NoncurrentLiabilities,비유동부채,5331470091,15837651132,30,KRW
00399694,SOOP,2021,CFS,BS,재무상태표,dart_LongTermBorrowingsGross,장기차입금,0,8100000000,31,KRW
00399694,SOOP,2021,CFS,BS,재무상태표,dart_LongTermTradeAndOtherNonCurrentPayables,장기매입채무 및 기타비유동채무,2440265530,3534565924,32,KRW
00399694,SOOP,2021,CFS,BS,재무상태표,ifrs-full_NoncurrentLeaseLiabilities,비유동리스부채,1546547256,3457685180,33,KRW
00399694,SOOP,2021,CFS,BS,재무상태표,ifrs-full_NoncurrentProvisions,비유동충당부채,1344657305,745400028,34,KRW
00399694,SOOP,2021,CFS,BS,재무상태표,ifrs-full_Liabilities,부채총계,198723010089,144478287914,35,KRW
00399694,SOOP,2021,CFS,BS,재무상태표,ifrs-full_EquityAttributableToOwnersOfParent,지배기업의 소유주에게 귀속되는 자본,209308904984,146654367248,37,KRW
00399694,SOOP,2021,CFS,BS,재무상태표,ifrs-full_IssuedCapital,자본금,5747383500,5747383500,38,KRW
00399694,SOOP,2021,CFS,BS,재무상태표,dart_CapitalSurplus,자본잉여금,48008003643,48008003643,39,KRW
00399694,SOOP,2021,CFS,BS,재무상태표,dart_ElementsOfOtherStockholdersEquity,기타자본구성요소,-10717922286,-10377740793,40,KRW
00399694,SOOP,2021,CFS,BS,재무상태표,dart_OtherComprehensiveIncomeLossAccumulatedAmount,기타포괄손익누계액,-4099083341,-3139673267,41,KRW
00399694,SOOP,2021,CFS,BS,재무상태표,ifrs-full_RetainedEarnings,이익잉여금(결손금),170370523468,106416394165,42,KRW
00399694,SOOP,2021,CFS,BS,재무상태표,ifrs-full_NoncontrollingInterests,비지배지분,117845574,904956166,43,KRW
00399694,SOOP,2021,CFS,BS,재무상태표,ifrs-full_Equity,자본총계,209426750558,147559323414,44,KRW
00399694,SOOP,2021,CFS,BS,재무상태표,ifrs-full_EquityAndLiabilities,자본과부채총계,408149760647,292037611328,45,KRW
00399694,SOOP,2021,CFS,CIS,포괄손익계산서,ifrs-full_Revenue,영업수익,260479480423,195028225439,0,KRW
00399694,SOOP,2021,CFS,CIS,포괄손익계산서,dart_OperatingExpenses,영업비용,171657470668,144614697091,1,KRW
00399694,SOOP,2021,CFS,CIS,포괄손익계산서,dart_OperatingIncomeLoss,영업이익(손실),88822009755,50413528348,2,KRW
00399694,SOOP,2021,CFS,CIS,포괄손익계산서,ifrs-full_FinanceIncome,금융수익,3953276429,1948541046,3,KRW
00399694,SOOP,2021,CFS,CIS,포괄손익계산서,ifrs-full_FinanceCosts,금융원가,1230336928,628673355,4,KRW
00399694,SOOP,2021,CFS,CIS,포괄손익계산서,dart_OtherGains,기타이익,1847803768,762120795,5,KRW
00399694,SOOP,2021,CFS,CIS,포괄손익계산서,dart_OtherLosses,기타손실,4403877582,4917823635,6,KRW
00399694,SOOP,2021,CFS,CIS,포괄손익계산서,-표준계정코드 미사용-,관계기업손익,74463983,-42671033,7,KRW
00399694,SOOP,2021,CFS,CIS,포괄손익계산서,ifrs-full_ProfitLossBeforeTax,법인세비용차감전순이익(손실),89063339425,47535022166,8,KRW
00399694,SOOP,2021,CFS,CIS,포괄손익계산서,ifrs-full_IncomeTaxExpenseContinuingOperations,법인세비용,18125247832,9683809555,9,KRW
00399694,SOOP,2021,CFS,CIS,포괄손익계산서,ifrs-full_ProfitLossFromContinuingOperations,계속영업이익(손실),70938091593,37851212611,10,KRW
00399694,SOOP,2021,CFS,CIS,포괄손익계산서,ifrs-full_ProfitLossFromDiscontinuedOperations,중단영업이익(손실),-69343263,-1590878620,11,KRW
00399694,SOOP,2021,CFS,CIS,포괄손익계산서,ifrs-full_ProfitLoss,당기순이익(손실),70868748330,36260333991,12,KRW
00399694,SOOP,2021,CFS,CIS,포괄손익계산서,ifrs-full_OtherComprehensiveIncome,기타포괄손익,-959410074,132373776,13,KRW
00399694,SOOP,2021,CFS,CIS,포괄손익계산서,-표준계정코드 미사용-,기타포괄손익-공정가치금융자산평가손익,-982024896,173196244,15,KRW
00399694,SOOP,2021,CFS,CIS,포괄손익계산서,ifrs-full_GainsLossesOnExchangeDifferencesOnTranslationNetOfTax,해외사업장환산외환차이,22614822,-40822468,17,KRW
00399694,SOOP,2021,CFS,CIS,포괄손익계산서,ifrs-full_ComprehensiveIncome,총포괄손익,69909338256,36392707767,18,KRW
00399694,SOOP,2021,CFS,CIS,포괄손익계산서,ifrs-full_ProfitLossAttributableToOwnersOfParent,지배기업의 소유주에게 귀속되는 당기순이익(손실),71091356766,38185851758,20,KRW
00399694,SOOP,2021,CFS,CIS,포괄손익계산서,ifrs-full_ProfitLossAttributableToNoncontrollingInterests,비지배지분에 귀속되는 당기순이익(손실),-153265173,-334639147,21,KRW
00399694,SOOP,2021,CFS,CIS,포괄손익계산서,-표준계정코드 미사용-,지배기업의 소유주에게 귀속되는 당기순이익(손실),-69343263,-1590878620,23,KRW
00399694,SOOP,2021,CFS,CIS,포괄손익계산서,ifrs-full_ComprehensiveIncomeAttributableToOwnersOfParent,"총 포괄손익, 지배기업의 소유주에게 귀속되는 지분",70062603429,36727346914,25,KRW
00399694,SOOP,2021,CFS,CIS,포괄손익계산서,ifrs-full_ComprehensiveIncomeAttributableToNoncontrollingInterests,"총 포괄손익, 비지배지분",-153265173,-334639147,26,KRW
00399694,SOOP,2021,CFS,CIS,포괄손익계산서,ifrs-full_BasicEarningsLossPerShareFromContinuingOperations,계속영업기본주당이익(손실),6471,3511,29,KRW
00399694,SOOP,2021,CFS,CIS,포괄손익계산서,ifrs-full_BasicEarningsLossPerShareFromDiscontinuedOperations,중단영업기본주당이익(손실),-6,-146,30,KRW
00399694,SOOP,2021,CFS,CIS,포괄손익계산서,ifrs-full_DilutedEarningsLossPerShareFromContinuingOperations,계속영업희석주당이익(손실),6313,3441,32,KRW
00399694,SOOP,2021,CFS,CIS,포괄손익계산서,ifrs-full_DilutedEarningsLossPerShareFromDiscontinuedOperations,중단영업희석주당이익(손실),-6,-143,33,KRW
00399694,SOOP,2021,CFS,CF,현금흐름표,ifrs-full_CashFlowsFromUsedInOperatingActivities,영업활동현금흐름,133463743907,72316360603,0,KRW
00399694,SOOP,2021,CFS,CF,현금흐름표,dart_ProfitLossForStatementOfCashFlows,당기순이익(손실),70868748330,36260333991,1,KRW
00399694,SOOP,2021,CFS,CF,현금흐름표,ifrs-full_AdjustmentsForReconcileProfitLoss,당기순이익조정을 위한 가감,43397946777,38455373086,2,KRW
00399694,SOOP,2021,CFS,CF,현금흐름표,dart_AdjustmentsForAssetsLiabilitiesOfOperatingActivities,영업활동으로인한자산ㆍ부채의변동,27238944959,8021313267,3,KRW
00399694,SOOP,2021,CFS,CF,현금흐름표,ifrs-full_InterestReceivedClassifiedAsOperatingActivities,이자의 수취,734438910,781596978,4,KRW
00399694,SOOP,2021,CFS,CF,현금흐름표,ifrs-full_DividendsReceivedClassifiedAsOperatingActivities,배당금의 수취,1048650000,11500000,5,KRW
00399694,SOOP,2021,CFS,CF,현금흐름표,ifrs-full_InterestPaidClassifiedAsOperatingActivities,이자지급,42381664,46752751,6,KRW
00399694,SOOP,2021,CFS,CF,현금흐름표,ifrs-full_IncomeTaxesPaidRefundClassifiedAsOperatingActivities,법인세의 납부,9782603405,11167003968,7,KRW
00399694,SOOP,2021,CFS,CF,현금흐름표,ifrs-full_CashFlowsFromUsedInInvestingActivities,투자활동현금흐름,-113440066736,-17826331072,8,KRW
00399694,SOOP,2021,CFS,CF,현금흐름표,-표준계정코드 미사용-,단기대여금의 감소,91425756,106840789,9,KRW
00399694,SOOP,2021,CFS,CF,현금흐름표,-표준계정코드 미사용-,장기대여금의 감소,319844367,88788908,10,KRW
00399694,SOOP,2021,CFS,CF,현금흐름표,-표준계정코드 미사용-,당기손익-공정가치금융자산의 처분,36984172064,52437525310,11,KRW
00399694,SOOP,2021,CFS,CF,현금흐름표,dart_ProceedsFromSalesOfNonCurrentAssetsOrDisposalGroupsClassifiedAsHeldForSale,매각예정으로 분류된 비유동자산이나 처분자산집단의 처분,367909091,0,12,KRW
00399694,SOOP,2021,CFS,CF,현금흐름표,ifrs-full_ProceedsFromSalesOfPropertyPlantAndEquipmentClassifiedAsInvestingActivities,유형자산의 처분,772216003,103904682,13,KRW
00399694,SOOP,2021,CFS,CF,현금흐름표,ifrs-full_ProceedsFromSalesOfIntangibleAssetsClassifiedAsInvestingActivities,무형자산의 처분,0,0,14,KRW
00399694,SOOP,2021,CFS,CF,현금흐름표,-표준계정코드 미사용-,보증금의 감소,9000000,99368216,15,KRW
00399694,SOOP,2021,CFS,CF,현금흐름표,ifrs-full_CashFlowsUsedInObtainingControlOfSubsidiariesOrOtherBusinessesClassifiedAsInvestingActivities,종속기업과 기타 사업의 지배력 획득에 따른 현금흐름,0,262804313,16,KRW
00399694,SOOP,2021,CFS,CF,현금흐름표,dart_DecreaseInGuaranteeDeposits,임차보증금의 감소,2057385640,2484542000,17,KRW
00399694,SOOP,2021,CFS,CF,현금흐름표,dart_ProceedsFromSalesOfLongTermFinancialInstruments,장기금융상품의 처분,0,0,18,KRW
00399694,SOOP,2021,CFS,CF,현금흐름표,-표준계정코드 미사용-,단기대여금의 증가,190008207,487402550,19,KRW
00399694,SOOP,2021,CFS,CF,현금흐름표,dart_PurchaseOfLongTermLoansAndReceivables,장기대여금의 증가,290000000,920000000,20,KRW
00399694,SOOP,2021,CFS,CF,현금흐름표,dart_PurchaseOfNonCurrentFairValueFinancialAsset,당기손익-공정가치금융자산의 취득,123965685692,45966257181,21,KRW
00399694,SOOP,2021,CFS,CF,현금흐름표,-표준계정코드 미사용-,기타포괄인식-공정가치금융자산의 취득,2729948986,99996341,22,KRW
00399694,SOOP,2021,CFS,CF,현금흐름표,dart_PurchaseOfInvestmentsInAssociates,관계기업에 대한 투자지분의 취득,763945524,0,23,KRW
00399694,SOOP,2021,CFS,CF,현금흐름표,-표준계정코드 미사용-,투자예치금의 순감소(순증가),770118657,11931176,24,KRW
00399694,SOOP,2021,CFS,CF,현금흐름표,ifrs-full_PurchaseOfPropertyPlantAndEquipmentClassifiedAsInvestingActivities,유형자산의 취득,9416777710,19303213744,25,KRW
00399694,SOOP,2021,CFS,CF,현금흐름표,ifrs-full_PurchaseOfIntangibleAssetsClassifiedAsInvestingActivities,무형자산의 취득,3883761782,3862820000,26,KRW
00399694,SOOP,2021,CFS,CF,현금흐름표,-표준계정코드 미사용-,단기금융상품의 순감소(순증가),10122110299,-962674253,27,KRW
00399694,SOOP,2021,CFS,CF,현금흐름표,dart_IncreaseInGuaranteeDeposits,임차보증금의 증가,1700662800,3182156942,28,KRW
00399694,SOOP,2021,CFS,CF,현금흐름표,-표준계정코드 미사용-,보증금의 증가,209000000,5000000,29,KRW
00399694,SOOP,2021,CFS,CF,현금흐름표,ifrs-full_CashFlowsFromLosingControlOfSubsidiariesOrOtherBusinessesClassifiedAsInvestingActivities,종속기업과 기타 사업의 지배력 상실에 따른 현금흐름,0,-8392983,30,KRW
00399694,SOOP,2021,CFS,CF,현금흐름표,ifrs-full_CashFlowsFromUsedInFinancingActivities,재무활동현금흐름,-11163745687,-15654494740,31,KRW
00399694,SOOP,2021,CFS,CF,현금흐름표,ifrs-full_ProceedsFromIssuingShares,주식의 발행,0,0,32,KRW
00399694,SOOP,2021,CFS,CF,현금흐름표,dart_ProceedsFromShortTermBorrowings,단기차입금의 증가,0,900000000,33,KRW
00399694,SOOP,2021,CFS,CF,현금흐름표,dart_ProceedsFromLongTermBorrowings,장기차입금의 증가,0,0,34,KRW
00399694,SOOP,2021,CFS,CF,현금흐름표,dart_RepaymentsOfShortTermBorrowings,단기차입금의 상환,0,983700200,35,KRW
00399694,SOOP,2021,CFS,CF,현금흐름표,dart_RepaymentsOfBonds,사채의 상환,0,0,36,KRW
00399694,SOOP,2021,CFS,CF,현금흐름표,dart_AcquisitionOfTreasuryShares,자기주식의 취득,0,5945077400,37,KRW
00399694,SOOP,2021,CFS,CF,현금흐름표,-표준계정코드 미사용-,주식선택권 행사로 인한 현금유출,4433800,3585800,38,KRW
00399694,SOOP,2021,CFS,CF,현금흐름표,ifrs-full_DividendsPaidClassifiedAsFinancingActivities,배당금지급,6914393230,6008324340,39,KRW
00399694,SOOP,2021,CFS,CF,현금흐름표,ifrs-full_PaymentsOfFinanceLeaseLiabilitiesClassifiedAsFinancingActivities,리스부채 원금의 지급,4244918657,3613807000,40,KRW
00399694,SOOP,2021,CFS,CF,현금흐름표,dart_PaymentForConsolidatedCapitalTransactions,연결자본거래로 인한 현금유출,0,0,41,KRW
00399694,SOOP,2021,CFS,CF,현금흐름표,ifrs-full_IncreaseDecreaseInCashAndCashEquivalentsBeforeEffectOfExchangeRateChanges,환율변동효과 반영전 현금및현금성자산의 순증가(감소),8859931484,38835534791,42,KRW
00399694,SOOP,2021,CFS,CF,현금흐름표,ifrs-full_EffectOfExchangeRateChangesOnCashAndCashEquivalents,현금및현금성자산에 대한 환율변동효과,231078661,-159150868,43,KRW
00399694,SOOP,2021,CFS,CF,현금흐름표,dart_CashAndCashEquivalentsAtBeginningOfPeriodCf,기초현금및현금성자산,66012081825,27335697902,44,KRW
00399694,SOOP,2021,CFS,CF,현금흐름표,dart_CashAndCashEquivalentsAtEndOfPeriodCf,기말현금및현금성자산,75103091970,66012081825,45,KRW
00399694,SOOP,2021,CFS,SCE,자본변동표,dart_EquityAtBeginningOfPeriod,기초자본,48008003643,48008003643,1,KRW
00399694,SOOP,2021,CFS,SCE,자본변동표,dart_EquityAtBeginningOfPeriod,기초자본,5747383500,5747383500,1,KRW
00399694,SOOP,2021,CFS,SCE,자본변동표,dart_EquityAtBeginningOfPeriod,기초자본,147559323414,121788853230,1,KRW
00399694,SOOP,2021,CFS,SCE,자본변동표,dart_EquityAtBeginningOfPeriod,기초자본,904956166,2859590626,1,KRW
00399694,SOOP,2021,CFS,SCE,자본변동표,dart_EquityAtBeginningOfPeriod,기초자본,146654367248,118929262604,1,KRW
00399694,SOOP,2021,CFS,SCE,자본변동표,dart_EquityAtBeginningOfPeriod,기초자본,-10377740793,-7387988523,1,KRW
00399694,SOOP,2021,CFS,SCE,자본변동표,dart_EquityAtBeginningOfPeriod,기초자본,-3139673267,-3617190792,1,KRW
00399694,SOOP,2021,CFS,SCE,자본변동표,dart_EquityAtBeginningOfPeriod,기초자본,106416394165,76179054776,1,KRW
00399694,SOOP,2021,CFS,SCE,자본변동표,ifrs-full_ProfitLoss,당기순이익(손실),0,0,2,KRW
00399694,SOOP,2021,CFS,SCE,자본변동표,ifrs-full_ProfitLoss,당기순이익(손실),-153265173,-334639147,2,KRW
00399694,SOOP,2021,CFS,SCE,자본변동표,ifrs-full_ProfitLoss,당기순이익(손실),71022013503,36594973138,2,KRW
00399694,SOOP,2021,CFS,SCE,자본변동표,ifrs-full_ProfitLoss,당기순이익(손실),0,0,2,KRW
00399694,SOOP,2021,CFS,SCE,자본변동표,ifrs-full_ProfitLoss,당기순이익(손실),0,,2,KRW
00399694,SOOP,2021,CFS,SCE,자본변동표,ifrs-full_ProfitLoss,당기순이익(손실),71022013503,36594973138,2,KRW
00399694,SOOP,2021,CFS,SCE,자본변동표,ifrs-full_ProfitLoss,당기순이익(손실),0,0,2,KRW
00399694,SOOP,2021,CFS,SCE,자본변동표,ifrs-full_ProfitLoss,당기순이익(손실),70868748330,36260333991,2,KRW
00399694,SOOP,2021,CFS,SCE,자본변동표,dart_OtherComprehensiveIncomeForStatementOfChangesInEquity,기타포괄손익,0,0,3,KRW
00399694,SOOP,2021,CFS,SCE,자본변동표,dart_OtherComprehensiveIncomeForStatementOfChangesInEquity,기타포괄손익,0,0,3,KRW
00399694,SOOP,2021,CFS,SCE,자본변동표,dart_OtherComprehensiveIncomeForStatementOfChangesInEquity,기타포괄손익,0,0,3,KRW
00399694,SOOP,2021,CFS,SCE,자본변동표,dart_OtherComprehensiveIncomeForStatementOfChangesInEquity,기타포괄손익,-959410074,132373776,3,KRW
00399694,SOOP,2021,CFS,SCE,자본변동표,dart_OtherComprehensiveIncomeForStatementOfChangesInEquity,기타포괄손익,0,0,3,KRW
00399694,SOOP,2021,CFS,SCE,자본변동표,dart_OtherComprehensiveIncomeForStatementOfChangesInEquity,기타포괄손익,-959410074,132373776,3,KRW
00399694,SOOP,2021,CFS,SCE,자본변동표,dart_OtherComprehensiveIncomeForStatementOfChangesInEquity,기타포괄손익,0,0,3,KRW
00399694,SOOP,2021,CFS,SCE,자본변동표,dart_OtherComprehensiveIncomeForStatementOfChangesInEquity,기타포괄손익,-959410074,132373776,3,KRW
00399694,SOOP,2021,CFS,SCE,자본변동표,ifrs-full_IncreaseDecreaseThroughTransfersAndOtherChangesEquity,기타포괄손익의 대체,0,0,4,KRW
00399694,SOOP,2021,CFS,SCE,자본변동표,ifrs-full_IncreaseDecreaseThroughTransfersAndOtherChangesEquity,기타포괄손익의 대체,0,0,4,KRW
00399694,SOOP,2021,CFS,SCE,자본변동표,ifrs-full_IncreaseDecreaseThroughTransfersAndOtherChangesEquity,기타포괄손익의 대체,0,0,4,KRW
00399694,SOOP,2021,CFS,SCE,자본변동표,ifrs-full_IncreaseDecreaseThroughTransfersAndOtherChangesEquity,기타포괄손익의 대체,0,0,4,KRW
00399694,SOOP,2021,CFS,SCE,자본변동표,ifrs-full_IncreaseDecreaseThroughTransfersAndOtherChangesEquity,기타포괄손익의 대체,0,0,4,KRW
00399694,SOOP,2021,CFS,SCE,자본변동표,ifrs-full_IncreaseDecreaseThroughTransfersAndOtherChangesEquity,기타포괄손익의 대체,0,0,4,KRW
00399694,SOOP,2021,CFS,SCE,자본변동표,ifrs-full_IncreaseDecreaseThroughTransfersAndOtherChangesEquity,기타포괄손익의 대체,0,345143749,4,KRW
00399694,SOOP,2021,CFS,SCE,자본변동표,ifrs-full_IncreaseDecreaseThroughTransfersAndOtherChangesEquity,기타포괄손익의 대체,0,-345143749,4,KRW
00399694,SOOP,2021,CFS,SCE,자본변동표,ifrs-full_IssueOfEquity,유상증자,0,0,5,KRW
00399694,SOOP,2021,CFS,SCE,자본변동표,ifrs-full_IssueOfEquity,유상증자,0,0,5,KRW
00399694,SOOP,2021,CFS,SCE,자본변동표,ifrs-full_IssueOfEquity,유상증자,0,0,5,KRW
00399694,SOOP,2021,CFS,SCE,자본변동표,ifrs-full_IssueOfEquity,유상증자,0,0,5,KRW
00399694,SOOP,2021,CFS,SCE,자본변동표,ifrs-full_IssueOfEquity,유상증자,0,0,5,KRW
00399694,SOOP,2021,CFS,SCE,자본변동표,ifrs-full_IssueOfEquity,유상증자,0,0,5,KRW
00399694,SOOP,2021,CFS,SCE,자본변동표,ifrs-full_IssueOfEquity,유상증자,0,0,5,KRW
00399694,SOOP,2021,CFS,SCE,자본변동표,ifrs-full_IssueOfEquity,유상증자,0,0,5,KRW
00399694,SOOP,2021,CFS,SCE,자본변동표,-표준계정코드 미사용-,신주인수권의 행사,0,0,6,KRW
00399694,SOOP,2021,CFS,SCE,자본변동표,-표준계정코드 미사용-,신주인수권의 행사,0,0,6,KRW
00399694,SOOP,2021,CFS,SCE,자본변동표,-표준계정코드 미사용-,신주인수권의 행사,0,0,6,KRW
00399694,SOOP,2021,CFS,SCE,자본변동표,-표준계정코드 미사용-,신주인수권의 행사,0,0,6,KRW
00399694,SOOP,2021,CFS,SCE,자본변동표,-표준계정코드 미사용-,신주인수권의 행사,0,0,6,KRW
00399694,SOOP,2021,CFS,SCE,자본변동표,-표준계정코드 미사용-,신주인수권의 행사,0,0,6,KRW
00399694,SOOP,2021,CFS,SCE,자본변동표,-표준계정코드 미사용-,신주인수권의 행사,0,0,6,KRW
00399694,SOOP,2021,CFS,SCE,자본변동표,-표준계정코드 미사용-,신주인수권의 행사,0,0,6,KRW
00399694,SOOP,2021,CFS,SCE,자본변동표,-표준계정코드 미사용-,주식선택권 행사,-2086003738,-419960868,7,KRW
00399694,SOOP,2021,CFS,SCE,자본변동표,-표준계정코드 미사용-,주식선택권 행사,0,0,7,KRW
00399694,SOOP,2021,CFS,SCE,자본변동표,-표준계정코드 미사용-,주식선택권 행사,-2086003738,-419960868,7,KRW
00399694,SOOP,2021,CFS,SCE,자본변동표,-표준계정코드 미사용-,주식선택권 행사,-2086003738,-419960868,7,KRW
00399694,SOOP,2021,CFS,SCE,자본변동표,-표준계정코드 미사용-,주식선택권 행사,0,0,7,KRW
00399694,SOOP,2021,CFS,SCE,자본변동표,-표준계정코드 미사용-,주식선택권 행사,0,0,7,KRW
00399694,SOOP,2021,CFS,SCE,자본변동표,-표준계정코드 미사용-,주식선택권 행사,0,0,7,KRW
00399694,SOOP,2021,CFS,SCE,자본변동표,-표준계정코드 미사용-,주식선택권 행사,0,0,7,KRW
00399694,SOOP,2021,CFS,SCE,자본변동표,ifrs-full_DividendsPaid,배당금지급,0,0,8,KRW
00399694,SOOP,2021,CFS,SCE,자본변동표,ifrs-full_DividendsPaid,배당금지급,0,0,8,KRW
00399694,SOOP,2021,CFS,SCE,자본변동표,ifrs-full_DividendsPaid,배당금지급,7067884200,6012490000,8,KRW
00399694,SOOP,2021,CFS,SCE,자본변동표,ifrs-full_DividendsPaid,배당금지급,0,0,8,KRW
00399694,SOOP,2021,CFS,SCE,자본변동표,ifrs-full_DividendsPaid,배당금지급,0,0,8,KRW
00399694,SOOP,2021,CFS,SCE,자본변동표,ifrs-full_DividendsPaid,배당금지급,7067884200,6012490000,8,KRW
00399694,SOOP,2021,CFS,SCE,자본변동표,ifrs-full_DividendsPaid,배당금지급,7067884200,6012490000,8,KRW
00399694,SOOP,2021,CFS,SCE,자본변동표,ifrs-full_DividendsPaid,배당금지급,0,0,8,KRW
00399694,SOOP,2021,CFS,SCE,자본변동표,dart_TreasuryShareTransactions,자기주식 취득,0,0,9,KRW
00399694,SOOP,2021,CFS,SCE,자본변동표,dart_TreasuryShareTransactions,자기주식 취득,0,0,9,KRW
00399694,SOOP,2021,CFS,SCE,자본변동표,dart_TreasuryShareTransactions,자기주식 취득,0,0,9,KRW
00399694,SOOP,2021,CFS,SCE,자본변동표,dart_TreasuryShareTransactions,자기주식 취득,0,-5945077400,9,KRW
00399694,SOOP,2021,CFS,SCE,자본변동표,dart_TreasuryShareTransactions,자기주식 취득,0,-5945077400,9,KRW
00399694,SOOP,2021,CFS,SCE,자본변동표,dart_TreasuryShareTransactions,자기주식 취득,0,0,9,KRW
00399694,SOOP,2021,CFS,SCE,자본변동표,dart_TreasuryShareTransactions,자기주식 취득,0,-5945077400,9,KRW
00399694,SOOP,2021,CFS,SCE,자본변동표,dart_TreasuryShareTransactions,자기주식 취득,0,0,9,KRW
00399694,SOOP,2021,CFS,SCE,자본변동표,dart_ShareBasedPaymentTransactions,주식기준보상거래,0,0,10,KRW
00399694,SOOP,2021,CFS,SCE,자본변동표,dart_ShareBasedPaymentTransactions,주식기준보상거래,0,0,10,KRW
00399694,SOOP,2021,CFS,SCE,자본변동표,dart_ShareBasedPaymentTransactions,주식기준보상거래,0,0,10,KRW
00399694,SOOP,2021,CFS,SCE,자본변동표,dart_ShareBasedPaymentTransactions,주식기준보상거래,0,0,10,KRW
00399694,SOOP,2021,CFS,SCE,자본변동표,dart_ShareBasedPaymentTransactions,주식기준보상거래,1817126314,1749145279,10,KRW
00399694,SOOP,2021,CFS,SCE,자본변동표,dart_ShareBasedPaymentTransactions,주식기준보상거래,1817126314,1749145279,10,KRW
00399694,SOOP,2021,CFS,SCE,자본변동표,dart_ShareBasedPaymentTransactions,주식기준보상거래,0,0,10,KRW
00399694,SOOP,2021,CFS,SCE,자본변동표,dart_ShareBasedPaymentTransactions,주식기준보상거래,1817126314,1749145279,10,KRW
00399694,SOOP,2021,CFS,SCE,자본변동표,-표준계정코드 미사용-,비지배지분의 출자,0,0,11,KRW
00399694,SOOP,2021,CFS,SCE,자본변동표,-표준계정코드 미사용-,비지배지분의 출자,0,0,11,KRW
00399694,SOOP,2021,CFS,SCE,자본변동표,-표준계정코드 미사용-,비지배지분의 출자,0,0,11,KRW
00399694,SOOP,2021,CFS,SCE,자본변동표,-표준계정코드 미사용-,비지배지분의 출자,0,0,11,KRW
00399694,SOOP,2021,CFS,SCE,자본변동표,-표준계정코드 미사용-,비지배지분의 출자,0,0,11,KRW
00399694,SOOP,2021,CFS,SCE,자본변동표,-표준계정코드 미사용-,비지배지분의 출자,0,0,11,KRW
00399694,SOOP,2021,CFS,SCE,자본변동표,-표준계정코드 미사용-,비지배지분의 출자,0,0,11,KRW
00399694,SOOP,2021,CFS,SCE,자본변동표,-표준계정코드 미사용-,비지배지분의 출자,0,0,11,KRW
00399694,SOOP,2021,CFS,SCE,자본변동표,ifrs-full_IncreaseDecreaseThroughChangesInOwnershipInterestsInSubsidiariesThatDoNotResultInLossOfControl,비지배지분의 변동,0,0,12,KRW
00399694,SOOP,2021,CFS,SCE,자본변동표,ifrs-full_IncreaseDecreaseThroughChangesInOwnershipInterestsInSubsidiariesThatDoNotResultInLossOfControl,비지배지분의 변동,0,0,12,KRW
00399694,SOOP,2021,CFS,SCE,자본변동표,ifrs-full_IncreaseDecreaseThroughChangesInOwnershipInterestsInSubsidiariesThatDoNotResultInLossOfControl,비지배지분의 변동,0,0,12,KRW
00399694,SOOP,2021,CFS,SCE,자본변동표,ifrs-full_IncreaseDecreaseThroughChangesInOwnershipInterestsInSubsidiariesThatDoNotResultInLossOfControl,비지배지분의 변동,0,0,12,KRW
00399694,SOOP,2021,CFS,SCE,자본변동표,ifrs-full_IncreaseDecreaseThroughChangesInOwnershipInterestsInSubsidiariesThatDoNotResultInLossOfControl,비지배지분의 변동,427860837,1949354136,12,KRW
00399694,SOOP,2021,CFS,SCE,자본변동표,ifrs-full_IncreaseDecreaseThroughChangesInOwnershipInterestsInSubsidiariesThatDoNotResultInLossOfControl,비지배지분의 변동,427860837,1949354136,12,KRW
00399694,SOOP,2021,CFS,SCE,자본변동표,ifrs-full_IncreaseDecreaseThroughChangesInOwnershipInterestsInSubsidiariesThatDoNotResultInLossOfControl,비지배지분의 변동,0,0,12,KRW
00399694,SOOP,2021,CFS,SCE,자본변동표,ifrs-full_IncreaseDecreaseThroughChangesInOwnershipInterestsInSubsidiariesThatDoNotResultInLossOfControl,비지배지분의 변동,-427860837,-1949354136,12,KRW
00399694,SOOP,2021,CFS,SCE,자본변동표,dart_ChangesInConsolidatedCompanies,연결대상범위의 변동,-705149488,6145406,13,KRW
00399694,SOOP,2021,CFS,SCE,자본변동표,dart_ChangesInConsolidatedCompanies,연결대상범위의 변동,-205984582,329358823,13,KRW
00399694,SOOP,2021,CFS,SCE,자본변동표,dart_ChangesInConsolidatedCompanies,연결대상범위의 변동,-499164906,-323213417,13,KRW
00399694,SOOP,2021,CFS,SCE,자본변동표,dart_ChangesInConsolidatedCompanies,연결대상범위의 변동,-499164906,-323213417,13,KRW
00399694,SOOP,2021,CFS,SCE,자본변동표,dart_ChangesInConsolidatedCompanies,연결대상범위의 변동,0,0,13,KRW
00399694,SOOP,2021,CFS,SCE,자본변동표,dart_ChangesInConsolidatedCompanies,연결대상범위의 변동,0,0,13,KRW
00399694,SOOP,2021,CFS,SCE,자본변동표,dart_ChangesInConsolidatedCompanies,연결대상범위의 변동,0,0,13,KRW
00399694,SOOP,2021,CFS,SCE,자본변동표,dart_ChangesInConsolidatedCompanies,연결대상범위의 변동,0,0,13,KRW
00399694,SOOP,2021,CFS,SCE,자본변동표,ifrs-full_Equity,기말자본,209426750558,147559323414,14,KRW
00399694,SOOP,2021,CFS,SCE,자본변동표,ifrs-full_Equity,기말자본,117845574,904956166,14,KRW
00399694,SOOP,2021,CFS,SCE,자본변동표,ifrs-full_Equity,기말자본,209308904984,146654367248,14,KRW
00399694,SOOP,2021,CFS,SCE,자본변동표,ifrs-full_Equity,기말자본,-10717922286,-10377740793,14,KRW
00399694,SOOP,2021,CFS,SCE,자본변동표,ifrs-full_Equity,기말자본,-4099083341,-3139673267,14,KRW
00399694,SOOP,2021,CFS,SCE,자본변동표,ifrs-full_Equity,기말자본,170370523468,106416394165,14,KRW
00399694,SOOP,2021,CFS,SCE,자본변동표,ifrs-full_Equity,기말자본,5747383500,5747383500,14,KRW
00399694,SOOP,2021,CFS,SCE,자본변동표,ifrs-full_Equity,기말자본,48008003643,48008003643,14,KRW
00399694,SOOP,2021,OFS,BS,재무상태표,ifrs-full_CurrentAssets,유동자산,301344193870,184090695803,1,KRW
00399694,SOOP,2021,OFS,BS,재무상태표,ifrs-full_CashAndCashEquivalents,현금및현금성자산,66490619176,58605940199,2,KRW
00399694,SOOP,2021,OFS,BS,재무상태표,dart_ShortTermDepositsNotClassifiedAsCashEquivalents,단기금융상품,40000000000,28305987671,3,KRW
00399694,SOOP,2021,OFS,BS,재무상태표,ifrs-full_TradeAndOtherCurrentReceivables,매출채권 및 기타채권,73755231074,65553633073,4,KRW
00399694,SOOP,2021,OFS,BS,재무상태표,ifrs-full_CurrentFinancialAssetsAtFairValueThroughProfitOrLossDesignatedUponInitialRecognition,유동 당기손익-공정가치 금융자산,118077909802,30935052312,5,KRW
00399694,SOOP,2021,OFS,BS,재무상태표,dart_OtherCurrentAssets,기타유동자산,3020433818,690082548,6,KRW
00399694,SOOP,2021,OFS,BS,재무상태표,ifrs-full_NoncurrentAssets,비유동자산,94436811459,94100559074,7,KRW
00399694,SOOP,2021,OFS,BS,재무상태표,ifrs-full_NoncurrentFinancialAssetsAtFairValueThroughProfitOrLossDesignatedUponInitialRecognition,비유동 당기손익-공정가치 금융자산,10732674707,8959463070,8,KRW
00399694,SOOP,2021,OFS,BS,재무상태표,ifrs-full_NoncurrentFinancialAssetsMeasuredAtFairValueThroughOtherComprehensiveIncome,비유동 기타포괄손익-공정가치 금융자산,9000019058,7565617428,9,KRW
00399694,SOOP,2021,OFS,BS,재무상태표,dart_LongTermTradeAndOtherNonCurrentReceivablesGross,기타비유동채권,8464474578,8262922293,10,KRW
00399694,SOOP,2021,OFS,BS,재무상태표,ifrs-full_InvestmentAccountedForUsingEquityMethod,지분법적용 투자지분,19079209455,22678467303,11,KRW
00399694,SOOP,2021,OFS,BS,재무상태표,ifrs-full_PropertyPlantAndEquipment,유형자산,32880905281,34807220141,12,KRW
00399694,SOOP,2021,OFS,BS,재무상태표,ifrs-full_RightofuseAssets,사용권자산,4351842190,4997600103,13,KRW
00399694,SOOP,2021,OFS,BS,재무상태표,ifrs-full_IntangibleAssetsOtherThanGoodwill,무형자산,4843666377,2891741905,14,KRW
00399694,SOOP,2021,OFS,BS,재무상태표,ifrs-full_DeferredTaxAssets,이연법인세자산,5084019813,3937526831,15,KRW
00399694,SOOP,2021,OFS,BS,재무상태표,ifrs-full_Assets,자산총계,395781005329,278191254877,16,KRW
00399694,SOOP,2021,OFS,BS,재무상태표,ifrs-full_CurrentLiabilities,유동부채,184858453184,119702320983,18,KRW
00399694,SOOP,2021,OFS,BS,재무상태표,ifrs-full_TradeAndOtherCurrentPayables,매입채무 및 기타채무,138537648401,96979379746,19,KRW
00399694,SOOP,2021,OFS,BS,재무상태표,ifrs-full_ShorttermBorrowings,단기차입금,1000000000,1000000000,20,KRW
00399694,SOOP,2021,OFS,BS,재무상태표,dart_OtherCurrentLiabilities,기타유동부채,14023660513,11691509276,21,KRW
00399694,SOOP,2021,OFS,BS,재무상태표,ifrs-full_CurrentLeaseLiabilities,유동리스부채,3109970085,2274038812,22,KRW
00399694,SOOP,2021,OFS,BS,재무상태표,ifrs-full_CurrentProvisions,유동충당부채,1555633469,1196559961,23,KRW
00399694,SOOP,2021,OFS,BS,재무상태표,dart_CurrentDerivativeLiabilities,유동파생상품부채,9034740000,0,24,KRW
00399694,SOOP,2021,OFS,BS,재무상태표,ifrs-full_CurrentTaxLiabilities,당기법인세부채,17596800716,6560833188,25,KRW
00399694,SOOP,2021,OFS,BS,재무상태표,ifrs-full_NoncurrentLiabilities,비유동부채,2371321655,11491549110,26,KRW
00399694,SOOP,2021,OFS,BS,재무상태표,dart_NonCurrentDerivativeLiabilities,파생상품부채,0,8528460157,27,KRW
00399694,SOOP,2021,OFS,BS,재무상태표,ifrs-full_NoncurrentLeaseLiabilities,비유동리스부채,1315502354,2660448588,28,KRW
00399694,SOOP,2021,OFS,BS,재무상태표,ifrs-full_NoncurrentProvisions,비유동충당부채,1055819301,302640365,29,KRW
00399694,SOOP,2021,OFS,BS,재무상태표,ifrs-full_Liabilities,부채총계,187229774839,131193870093,30,KRW
00399694,SOOP,2021,OFS,BS,재무상태표,ifrs-full_IssuedCapital,자본금,5747383500,5747383500,32,KRW
00399694,SOOP,2021,OFS,BS,재무상태표,dart_CapitalSurplus,자본잉여금,48008003643,48008003643,33,KRW
00399694,SOOP,2021,OFS,BS,재무상태표,dart_ElementsOfOtherStockholdersEquity,기타자본구성요소,-9481629455,-9177929946,34,KRW
00399694,SOOP,2021,OFS,BS,재무상태표,dart_OtherComprehensiveIncomeLossAccumulatedAmount,기타포괄손익누계액,-3989224174,-3007199278,35,KRW
00399694,SOOP,2021,OFS,BS,재무상태표,ifrs-full_RetainedEarnings,이익잉여금(결손금),168266696976,105427126865,36,KRW
00399694,SOOP,2021,OFS,BS,재무상태표,ifrs-full_Equity,자본총계,208551230490,146997384784,37,KRW
00399694,SOOP,2021,OFS,BS,재무상태표,ifrs-full_EquityAndLiabilities,자본과부채총계,395781005329,278191254877,38,KRW
00399694,SOOP,2021,OFS,CIS,포괄손익계산서,ifrs-full_Revenue,영업수익,250835714827,185436110107,0,KRW
00399694,SOOP,2021,OFS,CIS,포괄손익계산서,dart_OperatingExpenses,영업비용,156644251450,128358372897,1,KRW
00399694,SOOP,2021,OFS,CIS,포괄손익계산서,dart_OperatingIncomeLoss,영업이익(손실),94191463377,57077737210,2,KRW
00399694,SOOP,2021,OFS,CIS,포괄손익계산서,ifrs-full_FinanceIncome,금융수익,3940824310,1929379306,3,KRW
00399694,SOOP,2021,OFS,CIS,포괄손익계산서,ifrs-full_FinanceCosts,금융원가,755698178,3372624388,4,KRW
00399694,SOOP,2021,OFS,CIS,포괄손익계산서,dart_OtherGains,기타이익,737346997,567275061,5,KRW
00399694,SOOP,2021,OFS,CIS,포괄손익계산서,dart_OtherLosses,기타손실,10290402926,12357405533,6,KRW
00399694,SOOP,2021,OFS,CIS,포괄손익계산서,ifrs-full_ProfitLossBeforeTax,법인세비용차감전순이익(손실),87823533580,43844361656,7,KRW
00399694,SOOP,2021,OFS,CIS,포괄손익계산서,ifrs-full_IncomeTaxExpenseContinuingOperations,법인세비용,17916079269,8825008530,8,KRW
00399694,SOOP,2021,OFS,CIS,포괄손익계산서,ifrs-full_ProfitLossFromContinuingOperations,계속영업이익(손실),69907454311,35019353126,9,KRW
00399694,SOOP,2021,OFS,CIS,포괄손익계산서,ifrs-full_ProfitLossFromDiscontinuedOperations,중단영업이익(손실),,0,10,KRW
00399694,SOOP,2021,OFS,CIS,포괄손익계산서,ifrs-full_ProfitLoss,당기순이익(손실),69907454311,35019353126,11,KRW
00399694,SOOP,2021,OFS,CIS,포괄손익계산서,ifrs-full_OtherComprehensiveIncome,기타포괄손익,-982024896,173196244,12,KRW
00399694,SOOP,2021,OFS,CIS,포괄손익계산서,-표준계정코드 미사용-,기타포괄손익-공정가치금융자산평가손익,-982024896,173196244,14,KRW
00399694,SOOP,2021,OFS,CIS,포괄손익계산서,ifrs-full_ComprehensiveIncome,총포괄손익,68925429415,35192549370,16,KRW
00399694,SOOP,2021,OFS,CIS,포괄손익계산서,ifrs-full_BasicEarningsLossPerShare,기본주당이익(손실),6363,3220,18,KRW
00399694,SOOP,2021,OFS,CIS,포괄손익계산서,ifrs-full_DilutedEarningsLossPerShare,희석주당이익(손실),6208,3156,19,KRW
00399694,SOOP,2021,OFS,CF,현금흐름표,ifrs-full_CashFlowsFromUsedInOperatingActivities,영업활동현금흐름,138471825164,79738612406,0,KRW
00399694,SOOP,2021,OFS,CF,현금흐름표,dart_ProfitLossForStatementOfCashFlows,당기순이익(손실),69907454311,35019353126,1,KRW
00399694,SOOP,2021,OFS,CF,현금흐름표,ifrs-full_AdjustmentsForReconcileProfitLoss,당기순이익조정을 위한 가감,48362878562,45351193750,2,KRW
00399694,SOOP,2021,OFS,CF,현금흐름표,dart_AdjustmentsForAssetsLiabilitiesOfOperatingActivities,영업활동으로인한자산ㆍ부채의변동,28205299997,9562238210,3,KRW
00399694,SOOP,2021,OFS,CF,현금흐름표,ifrs-full_InterestReceivedClassifiedAsOperatingActivities,이자의 수취,756808043,841508334,4,KRW
00399694,SOOP,2021,OFS,CF,현금흐름표,ifrs-full_DividendsReceivedClassifiedAsOperatingActivities,배당금의 수취,1048650000,11500000,5,KRW
00399694,SOOP,2021,OFS,CF,현금흐름표,ifrs-full_InterestPaidClassifiedAsOperatingActivities,이자지급,19811885,21336544,6,KRW
00399694,SOOP,2021,OFS,CF,현금흐름표,ifrs-full_IncomeTaxesPaidRefundClassifiedAsOperatingActivities,법인세의 납부,9789453864,11025844470,7,KRW
00399694,SOOP,2021,OFS,CF,현금흐름표,ifrs-full_CashFlowsFromUsedInInvestingActivities,투자활동현금흐름,-120439347528,-28995318628,8,KRW
00399694,SOOP,2021,OFS,CF,현금흐름표,-표준계정코드 미사용-,단기대여금의 회수,74080956,620768789,9,KRW
00399694,SOOP,2021,OFS,CF,현금흐름표,-표준계정코드 미사용-,장기대여금의 회수,319844367,88788908,10,KRW
00399694,SOOP,2021,OFS,CF,현금흐름표,dart_ProceedsFromSalesOfLongTermFinancialInstruments,장기금융상품의 처분,0,0,11,KRW
00399694,SOOP,2021,OFS,CF,현금흐름표,dart_ProceedsFromSalesOfCurrentFairValueFinancialAsset,당기손익-공정가치금융자산의 처분,35182382968,45903397760,12,KRW
00399694,SOOP,2021,OFS,CF,현금흐름표,ifrs-full_ProceedsFromSalesOfPropertyPlantAndEquipmentClassifiedAsInvestingActivities,유형자산의 처분,92002819,24875818,13,KRW
00399694,SOOP,2021,OFS,CF,현금흐름표,ifrs-full_ProceedsFromSalesOfIntangibleAssetsClassifiedAsInvestingActivities,무형자산의 처분,,0,14,KRW
00399694,SOOP,2021,OFS,CF,현금흐름표,-표준계정코드 미사용-,보증금의 감소,9000000,99368216,15,KRW
00399694,SOOP,2021,OFS,CF,현금흐름표,dart_DecreaseInGuaranteeDeposits,임차보증금의 감소,1680000000,2484542000,16,KRW
00399694,SOOP,2021,OFS,CF,현금흐름표,-표준계정코드 미사용-,단기대여금의 증가,1734000000,3753000000,17,KRW
00399694,SOOP,2021,OFS,CF,현금흐름표,dart_PurchaseOfLongTermLoansAndReceivables,장기대여금의 증가,290000000,920000000,18,KRW
00399694,SOOP,2021,OFS,CF,현금흐름표,dart_PurchaseOfNonCurrentFairValueFinancialAsset,당기손익-공정가치금융자산의 취득,122128318292,44762317265,19,KRW
00399694,SOOP,2021,OFS,CF,현금흐름표,-표준계정코드 미사용-,기타포괄인식-공정가치 금융자산의 취득,2729948986,99996341,20,KRW
00399694,SOOP,2021,OFS,CF,현금흐름표,dart_PurchaseOfInvestmentsInSubsidiaries,종속기업에 대한 투자자산의 취득,6176340560,8644730757,21,KRW
00399694,SOOP,2021,OFS,CF,현금흐름표,ifrs-full_PurchaseOfPropertyPlantAndEquipmentClassifiedAsInvestingActivities,유형자산의 취득,9283522861,18017689522,22,KRW
00399694,SOOP,2021,OFS,CF,현금흐름표,ifrs-full_PurchaseOfIntangibleAssetsClassifiedAsInvestingActivities,무형자산의 취득,1855742810,1472807727,23,KRW
00399694,SOOP,2021,OFS,CF,현금흐름표,dart_PurchaseOfShortTermFinancialInstruments,단기금융상품의 순감소(순증가),11694012329,-2613481493,24,KRW
00399694,SOOP,2021,OFS,CF,현금흐름표,-표준계정코드 미사용-,보증금의 증가,209000000,0,25,KRW
00399694,SOOP,2021,OFS,CF,현금흐름표,dart_IncreaseInGuaranteeDeposits,임차보증금의 증가,1695772800,3160000000,26,KRW
00399694,SOOP,2021,OFS,CF,현금흐름표,ifrs-full_CashFlowsFromUsedInFinancingActivities,재무활동현금흐름,-10368113003,-14293873940,27,KRW
00399694,SOOP,2021,OFS,CF,현금흐름표,ifrs-full_ProceedsFromIssuingShares,주식의 발행,,0,28,KRW
00399694,SOOP,2021,OFS,CF,현금흐름표,dart_ProceedsFromShortTermBorrowings,단기차입금의 증가,,0,29,KRW
00399694,SOOP,2021,OFS,CF,현금흐름표,dart_IncreaseInGuaranteeDepositsAsFinancialActivities,임대보증금의 증가,,81000000,30,KRW
00399694,SOOP,2021,OFS,CF,현금흐름표,dart_DecreaseInGuaranteeDepositsAsFinancialActivities,임대보증금의 감소,30000000,,31,KRW
00399694,SOOP,2021,OFS,CF,현금흐름표,dart_AcquisitionOfTreasuryShares,자기주식의 취득,,5945077400,32,KRW
00399694,SOOP,2021,OFS,CF,현금흐름표,-표준계정코드 미사용-,주식선택권 행사로 인한 유출,4433800,3585800,33,KRW
00399694,SOOP,2021,OFS,CF,현금흐름표,ifrs-full_DividendsPaidClassifiedAsFinancingActivities,배당금지급,7063193230,6008324340,34,KRW
00399694,SOOP,2021,OFS,CF,현금흐름표,ifrs-full_PaymentsOfFinanceLeaseLiabilitiesClassifiedAsFinancingActivities,리스부채 원금의 지급,3270485973,2417886400,35,KRW
00399694,SOOP,2021,OFS,CF,현금흐름표,ifrs-full_IncreaseDecreaseInCashAndCashEquivalentsBeforeEffectOfExchangeRateChanges,환율변동효과 반영전 현금및현금성자산의 순증가(감소),7664364633,36449419838,36,KRW
00399694,SOOP,2021,OFS,CF,현금흐름표,ifrs-full_EffectOfExchangeRateChangesOnCashAndCashEquivalents,현금및현금성자산에 대한 환율변동효과,220314344,-119833713,37,KRW
00399694,SOOP,2021,OFS,CF,현금흐름표,dart_CashAndCashEquivalentsAtBeginningOfPeriodCf,기초현금및현금성자산,58605940199,22276354074,38,KRW
00399694,SOOP,2021,OFS,CF,현금흐름표,dart_CashAndCashEquivalentsAtEndOfPeriodCf,기말현금및현금성자산,66490619176,58605940199,39,KRW
00399694,SOOP,2021,OFS,SCE,자본변동표,dart_EquityAtBeginningOfPeriod,기초자본,146997384784,122452860276,1,KRW
00399694,SOOP,2021,OFS,SCE,자본변동표,dart_EquityAtBeginningOfPeriod,기초자본,-9177929946,-4542395084,1,KRW
00399694,SOOP,2021,OFS,SCE,자본변동표,dart_EquityAtBeginningOfPeriod,기초자본,-3007199278,-3525539271,1,KRW
00399694,SOOP,2021,OFS,SCE,자본변동표,dart_EquityAtBeginningOfPeriod,기초자본,105427126865,76765407488,1,KRW
00399694,SOOP,2021,OFS,SCE,자본변동표,dart_EquityAtBeginningOfPeriod,기초자본,5747383500,5747383500,1,KRW
00399694,SOOP,2021,OFS,SCE,자본변동표,dart_EquityAtBeginningOfPeriod,기초자본,48008003643,48008003643,1,KRW
00399694,SOOP,2021,OFS,SCE,자본변동표,ifrs-full_ProfitLoss,당기순이익(손실),0,0,2,KRW
00399694,SOOP,2021,OFS,SCE,자본변동표,ifrs-full_ProfitLoss,당기순이익(손실),0,0,2,KRW
00399694,SOOP,2021,OFS,SCE,자본변동표,ifrs-full_ProfitLoss,당기순이익(손실),69907454311,35019353126,2,KRW
00399694,SOOP,2021,OFS,SCE,자본변동표,ifrs-full_ProfitLoss,당기순이익(손실),0,0,2,KRW
00399694,SOOP,2021,OFS,SCE,자본변동표,ifrs-full_ProfitLoss,당기순이익(손실),0,0,2,KRW
00399694,SOOP,2021,OFS,SCE,자본변동표,ifrs-full_ProfitLoss,당기순이익(손실),69907454311,35019353126,2,KRW
00399694,SOOP,2021,OFS,SCE,자본변동표,dart_OtherComprehensiveIncomeForStatementOfChangesInEquity,기타포괄손익,0,0,3,KRW
00399694,SOOP,2021,OFS,SCE,자본변동표,dart_OtherComprehensiveIncomeForStatementOfChangesInEquity,기타포괄손익,0,0,3,KRW
00399694,SOOP,2021,OFS,SCE,자본변동표,dart_OtherComprehensiveIncomeForStatementOfChangesInEquity,기타포괄손익,,0,3,KRW
00399694,SOOP,2021,OFS,SCE,자본변동표,dart_OtherComprehensiveIncomeForStatementOfChangesInEquity,기타포괄손익,-982024896,173196244,3,KRW
00399694,SOOP,2021,OFS,SCE,자본변동표,dart_OtherComprehensiveIncomeForStatementOfChangesInEquity,기타포괄손익,0,0,3,KRW
00399694,SOOP,2021,OFS,SCE,자본변동표,dart_OtherComprehensiveIncomeForStatementOfChangesInEquity,기타포괄손익,-982024896,173196244,3,KRW
00399694,SOOP,2021,OFS,SCE,자본변동표,ifrs-full_IncreaseDecreaseThroughTransfersAndOtherChangesEquity,기타포괄손익의 대체,0,0,4,KRW
00399694,SOOP,2021,OFS,SCE,자본변동표,ifrs-full_IncreaseDecreaseThroughTransfersAndOtherChangesEquity,기타포괄손익의 대체,0,0,4,KRW
00399694,SOOP,2021,OFS,SCE,자본변동표,ifrs-full_IncreaseDecreaseThroughTransfersAndOtherChangesEquity,기타포괄손익의 대체,0,345143749,4,KRW
00399694,SOOP,2021,OFS,SCE,자본변동표,ifrs-full_IncreaseDecreaseThroughTransfersAndOtherChangesEquity,기타포괄손익의 대체,0,-345143749,4,KRW
00399694,SOOP,2021,OFS,SCE,자본변동표,ifrs-full_IncreaseDecreaseThroughTransfersAndOtherChangesEquity,기타포괄손익의 대체,0,0,4,KRW
00399694,SOOP,2021,OFS,SCE,자본변동표,ifrs-full_IncreaseDecreaseThroughTransfersAndOtherChangesEquity,기타포괄손익의 대체,0,0,4,KRW
00399694,SOOP,2021,OFS,SCE,자본변동표,-표준계정코드 미사용-,신주인수권의 행사,0,0,5,KRW
00399694,SOOP,2021,OFS,SCE,자본변동표,-표준계정코드 미사용-,신주인수권의 행사,0,0,5,KRW
00399694,SOOP,2021,OFS,SCE,자본변동표,-표준계정코드 미사용-,신주인수권의 행사,0,0,5,KRW
00399694,SOOP,2021,OFS,SCE,자본변동표,-표준계정코드 미사용-,신주인수권의 행사,0,0,5,KRW
00399694,SOOP,2021,OFS,SCE,자본변동표,-표준계정코드 미사용-,신주인수권의 행사,0,0,5,KRW
00399694,SOOP,2021,OFS,SCE,자본변동표,-표준계정코드 미사용-,신주인수권의 행사,0,0,5,KRW
00399694,SOOP,2021,OFS,SCE,자본변동표,-표준계정코드 미사용-,주식선택권 행사,0,0,6,KRW
00399694,SOOP,2021,OFS,SCE,자본변동표,-표준계정코드 미사용-,주식선택권 행사,0,0,6,KRW
00399694,SOOP,2021,OFS,SCE,자본변동표,-표준계정코드 미사용-,주식선택권 행사,0,0,6,KRW
00399694,SOOP,2021,OFS,SCE,자본변동표,-표준계정코드 미사용-,주식선택권 행사,0,0,6,KRW
00399694,SOOP,2021,OFS,SCE,자본변동표,-표준계정코드 미사용-,주식선택권 행사,-2086003738,-419960868,6,KRW
00399694,SOOP,2021,OFS,SCE,자본변동표,-표준계정코드 미사용-,주식선택권 행사,-2086003738,-419960868,6,KRW
00399694,SOOP,2021,OFS,SCE,자본변동표,ifrs-full_DividendsPaid,배당금지급,7067884200,6012490000,7,KRW
00399694,SOOP,2021,OFS,SCE,자본변동표,ifrs-full_DividendsPaid,배당금지급,0,,7,KRW
00399694,SOOP,2021,OFS,SCE,자본변동표,ifrs-full_DividendsPaid,배당금지급,0,0,7,KRW
00399694,SOOP,2021,OFS,SCE,자본변동표,ifrs-full_DividendsPaid,배당금지급,7067884200,6012490000,7,KRW
00399694,SOOP,2021,OFS,SCE,자본변동표,ifrs-full_DividendsPaid,배당금지급,0,0,7,KRW
00399694,SOOP,2021,OFS,SCE,자본변동표,ifrs-full_DividendsPaid,배당금지급,0,0,7,KRW
00399694,SOOP,2021,OFS,SCE,자본변동표,dart_ShareBasedPaymentTransactions,주식기준보상거래,1782304229,1729503406,8,KRW
00399694,SOOP,2021,OFS,SCE,자본변동표,dart_ShareBasedPaymentTransactions,주식기준보상거래,1782304229,1729503406,8,KRW
00399694,SOOP,2021,OFS,SCE,자본변동표,dart_ShareBasedPaymentTransactions,주식기준보상거래,0,0,8,KRW
00399694,SOOP,2021,OFS,SCE,자본변동표,dart_ShareBasedPaymentTransactions,주식기준보상거래,0,0,8,KRW
00399694,SOOP,2021,OFS,SCE,자본변동표,dart_ShareBasedPaymentTransactions,주식기준보상거래,0,0,8,KRW
00399694,SOOP,2021,OFS,SCE,자본변동표,dart_ShareBasedPaymentTransactions,주식기준보상거래,0,0,8,KRW
00399694,SOOP,2021,OFS,SCE,자본변동표,dart_TreasuryShareTransactions,자기주식 취득,0,0,9,KRW
00399694,SOOP,2021,OFS,SCE,자본변동표,dart_TreasuryShareTransactions,자기주식 취득,0,0,9,KRW
00399694,SOOP,2021,OFS,SCE,자본변동표,dart_TreasuryShareTransactions,자기주식 취득,0,0,9,KRW
00399694,SOOP,2021,OFS,SCE,자본변동표,dart_TreasuryShareTransactions,자기주식 취득,0,-5945077400,9,KRW
00399694,SOOP,2021,OFS,SCE,자본변동표,dart_TreasuryShareTransactions,자기주식 취득,0,-5945077400,9,KRW
00399694,SOOP,2021,OFS,SCE,자본변동표,dart_TreasuryShareTransactions,자기주식 취득,0,0,9,KRW
00399694,SOOP,2021,OFS,SCE,자본변동표,ifrs-full_Equity,기말자본,168266696976,105427126865,10,KRW
00399694,SOOP,2021,OFS,SCE,자본변동표,ifrs-full_Equity,기말자본,-3989224174,-3007199278,10,KRW
00399694,SOOP,2021,OFS,SCE,자본변동표,ifrs-full_Equity,기말자본,-9481629455,-9177929946,10,KRW
00399694,SOOP,2021,OFS,SCE,자본변동표,ifrs-full_Equity,기말자본,208551230490,146997384784,10,KRW
00399694,SOOP,2021,OFS,SCE,자본변동표,ifrs-full_Equity,기말자본,48008003643,48008003643,10,KRW
00399694,SOOP,2021,OFS,SCE,자본변동표,ifrs-full_Equity,기말자본,5747383500,5747383500,10,KRW
00399694,SOOP,2022,CFS,BS,재무상태표,ifrs-full_CurrentAssets,유동자산,370259685206,313041678404,1,KRW
00399694,SOOP,2022,CFS,BS,재무상태표,ifrs-full_CashAndCashEquivalents,현금및현금성자산,76594653138,75103091970,2,KRW
00399694,SOOP,2022,CFS,BS,재무상태표,dart_ShortTermDepositsNotClassifiedAsCashEquivalents,단기금융상품,60000000000,40500000000,3,KRW
00399694,SOOP,2022,CFS,BS,재무상태표,ifrs-full_TradeAndOtherCurrentReceivables,매출채권 및 기타채권,84243695761,75101475562,4,KRW
00399694,SOOP,2022,CFS,BS,재무상태표,ifrs-full_OtherCurrentFinancialAssets,기타유동금융자산,143333162749,118133529374,5,KRW
00399694,SOOP,2022,CFS,BS,재무상태표,ifrs-full_NoncurrentAssetsOrDisposalGroupsClassifiedAsHeldForSaleOrAsHeldForDistributionToOwners,매각예정자산,0,0,6,KRW
00399694,SOOP,2022,CFS,BS,재무상태표,dart_OtherCurrentAssets,기타유동자산,6087700558,4203101638,7,KRW
00399694,SOOP,2022,CFS,BS,재무상태표,ifrs-full_CurrentTaxAssets,당기법인세자산,473000,479860,8,KRW
00399694,SOOP,2022,CFS,BS,재무상태표,ifrs-full_NoncurrentAssets,비유동자산,94865785581,95108082243,9,KRW
00399694,SOOP,2022,CFS,BS,재무상태표,ifrs-full_OtherNoncurrentFinancialAssets,기타비유동금융자산,20879651118,19937959788,10,KRW
00399694,SOOP,2022,CFS,BS,재무상태표,ifrs-full_InvestmentAccountedForUsingEquityMethod,지분법적용 투자지분,0,3974463983,11,KRW
00399694,SOOP,2022,CFS,BS,재무상태표,ifrs-full_PropertyPlantAndEquipment,유형자산,37618923527,34416331606,12,KRW
00399694,SOOP,2022,CFS,BS,재무상태표,ifrs-full_RightofuseAssets,사용권자산,6844258393,4423548972,13,KRW
00399694,SOOP,2022,CFS,BS,재무상태표,ifrs-full_InvestmentProperty,투자부동산,1458448800,683706958,14,KRW
00399694,SOOP,2022,CFS,BS,재무상태표,ifrs-full_IntangibleAssetsOtherThanGoodwill,무형자산,11888795862,15976962069,15,KRW
00399694,SOOP,2022,CFS,BS,재무상태표,dart_LongTermTradeAndOtherNonCurrentReceivablesGross,기타비유동채권,9917325266,12794051524,16,KRW
00399694,SOOP,2022,CFS,BS,재무상태표,ifrs-full_DeferredTaxAssets,이연법인세자산,6258382615,2901057343,17,KRW
00399694,SOOP,2022,CFS,BS,재무상태표,ifrs-full_Assets,자산총계,465125470787,408149760647,18,KRW
00399694,SOOP,2022,CFS,BS,재무상태표,ifrs-full_CurrentLiabilities,유동부채,217402142629,193391539998,20,KRW
00399694,SOOP,2022,CFS,BS,재무상태표,ifrs-full_TradeAndOtherCurrentPayables,매입채무 및 기타유동채무,179664347831,144335642716,21,KRW
00399694,SOOP,2022,CFS,BS,재무상태표,ifrs-full_ShorttermBorrowings,단기차입금,800000000,1900000000,22,KRW
00399694,SOOP,2022,CFS,BS,재무상태표,ifrs-full_CurrentPortionOfLongtermBorrowings,유동성장기차입금,0,8100000000,23,KRW
00399694,SOOP,2022,CFS,BS,재무상태표,dart_OtherCurrentLiabilities,기타유동부채,17459421933,16204123468,24,KRW
00399694,SOOP,2022,CFS,BS,재무상태표,ifrs-full_CurrentLeaseLiabilities,유동리스부채,3961623012,3567413456,25,KRW
00399694,SOOP,2022,CFS,BS,재무상태표,ifrs-full_CurrentProvisions,유동충당부채,2679017074,1555633469,26,KRW
00399694,SOOP,2022,CFS,BS,재무상태표,ifrs-full_LiabilitiesIncludedInDisposalGroupsClassifiedAsHeldForSale,매각예정부채,0,0,27,KRW
00399694,SOOP,2022,CFS,BS,재무상태표,ifrs-full_CurrentTaxLiabilities,당기법인세부채,12837732779,17728726889,28,KRW
00399694,SOOP,2022,CFS,BS,재무상태표,ifrs-full_NoncurrentLiabilities,비유동부채,6548697636,5331470091,29,KRW
00399694,SOOP,2022,CFS,BS,재무상태표,dart_LongTermBorrowingsGross,장기차입금,0,0,30,KRW
00399694,SOOP,2022,CFS,BS,재무상태표,dart_LongTermTradeAndOtherNonCurrentPayables,장기매입채무 및 기타비유동채무,1738035537,2440265530,31,KRW
00399694,SOOP,2022,CFS,BS,재무상태표,ifrs-full_NoncurrentLeaseLiabilities,비유동리스부채,2557736844,1546547256,32,KRW
00399694,SOOP,2022,CFS,BS,재무상태표,ifrs-full_NoncurrentProvisions,비유동충당부채,2252925255,1344657305,33,KRW
00399694,SOOP,2022,CFS,BS,재무상태표,ifrs-full_Liabilities,부채총계,223950840265,198723010089,34,KRW
00399694,SOOP,2022,CFS,BS,재무상태표,ifrs-full_EquityAttributableToOwnersOfParent,지배기업의 소유주에게 귀속되는 자본,241145144723,209308904984,36,KRW
00399694,SOOP,2022,CFS,BS,재무상태표,ifrs-full_IssuedCapital,자본금,5747383500,5747383500,37,KRW
00399694,SOOP,2022,CFS,BS,재무상태표,dart_CapitalSurplus,자본잉여금,48014211643,48008003643,38,KRW
00399694,SOOP,2022,CFS,BS,재무상태표,dart_ElementsOfOtherStockholdersEquity,기타자본구성요소,-29145906142,-10717922286,39,KRW
00399694,SOOP,2022,CFS,BS,재무상태표,dart_OtherComprehensiveIncomeLossAccumulatedAmount,기타포괄손익누계액,-5459760371,-4099083341,40,KRW
00399694,SOOP,2022,CFS,BS,재무상태표,ifrs-full_RetainedEarnings,이익잉여금(결손금),221989216093,170370523468,41,KRW
00399694,SOOP,2022,CFS,BS,재무상태표,ifrs-full_NoncontrollingInterests,비지배지분,29485799,117845574,42,KRW
00399694,SOOP,2022,CFS,BS,재무상태표,ifrs-full_Equity,자본총계,241174630522,209426750558,43,KRW
00399694,SOOP,2022,CFS,BS,재무상태표,ifrs-full_EquityAndLiabilities,자본과부채총계,465125470787,408149760647,44,KRW
00399694,SOOP,2022,CFS,CIS,포괄손익계산서,ifrs-full_Revenue,영업수익,289087250014,260479480423,0,KRW
00399694,SOOP,2022,CFS,CIS,포괄손익계산서,dart_OperatingExpenses,영업비용,206668429232,171657470668,1,KRW
00399694,SOOP,2022,CFS,CIS,포괄손익계산서,dart_OperatingIncomeLoss,영업이익(손실),82418820782,88822009755,2,KRW
00399694,SOOP,2022,CFS,CIS,포괄손익계산서,ifrs-full_FinanceIncome,금융수익,4393827103,3953276429,3,KRW
00399694,SOOP,2022,CFS,CIS,포괄손익계산서,ifrs-full_FinanceCosts,금융원가,1234431227,1230336928,4,KRW
00399694,SOOP,2022,CFS,CIS,포괄손익계산서,dart_OtherGains,기타이익,2705675059,1847803768,5,KRW
00399694,SOOP,2022,CFS,CIS,포괄손익계산서,dart_OtherLosses,기타손실,5859119014,4403877582,6,KRW
00399694,SOOP,2022,CFS,CIS,포괄손익계산서,-표준계정코드 미사용-,관계기업에 대한 지분법손익,148411436,74463983,7,KRW
00399694,SOOP,2022,CFS,CIS,포괄손익계산서,ifrs-full_ProfitLossBeforeTax,법인세비용차감전순이익(손실),82573184139,89063339425,8,KRW
00399694,SOOP,2022,CFS,CIS,포괄손익계산서,ifrs-full_IncomeTaxExpenseContinuingOperations,법인세비용,23060127914,18125247832,9,KRW
00399694,SOOP,2022,CFS,CIS,포괄손익계산서,ifrs-full_ProfitLossFromContinuingOperations,계속영업이익(손실),59513056225,70938091593,10,KRW
00399694,SOOP,2022,CFS,CIS,포괄손익계산서,ifrs-full_ProfitLossFromDiscontinuedOperations,중단영업이익(손실),0,-69343263,11,KRW
00399694,SOOP,2022,CFS,CIS,포괄손익계산서,ifrs-full_ProfitLoss,당기순이익(손실),59513056225,70868748330,12,KRW
00399694,SOOP,2022,CFS,CIS,포괄손익계산서,ifrs-full_ProfitLossAttributableToOwnersOfParent,지배기업의 소유주에게 귀속되는 당기순이익(손실),59741392272,71091356766,14,KRW
00399694,SOOP,2022,CFS,CIS,포괄손익계산서,ifrs-full_ProfitLossAttributableToNoncontrollingInterests,비지배지분에 귀속되는 당기순이익(손실),-228336047,-153265173,15,KRW
00399694,SOOP,2022,CFS,CIS,포괄손익계산서,-표준계정코드 미사용-,지배기업의 소유주에게 귀속되는 당기순이익(손실),0,-69343263,17,KRW
00399694,SOOP,2022,CFS,CIS,포괄손익계산서,ifrs-full_OtherComprehensiveIncome,기타포괄손익,-1436474257,-959410074,18,KRW
00399694,SOOP,2022,CFS,CIS,포괄손익계산서,-표준계정코드 미사용-,기타포괄손익-공정가치금융자산평가손익,-1456456798,-982024896,20,KRW
00399694,SOOP,2022,CFS,CIS,포괄손익계산서,ifrs-full_GainsLossesOnExchangeDifferencesOnTranslationNetOfTax,해외사업장환산외환차이,19982541,22614822,22,KRW
00399694,SOOP,2022,CFS,CIS,포괄손익계산서,ifrs-full_ComprehensiveIncomeAttributableToOwnersOfParent,"총 포괄손익, 지배기업의 소유주에게 귀속되는 지분",58304918015,70062603429,25,KRW
00399694,SOOP,2022,CFS,CIS,포괄손익계산서,ifrs-full_ComprehensiveIncomeAttributableToNoncontrollingInterests,"총 포괄손익, 비지배지분",-228336047,-153265173,26,KRW
00399694,SOOP,2022,CFS,CIS,포괄손익계산서,ifrs-full_BasicEarningsLossPerShareFromContinuingOperations,계속영업기본주당이익(손실),5445,6471,29,KRW
00399694,SOOP,2022,CFS,CIS,포괄손익계산서,ifrs-full_BasicEarningsLossPerShareFromDiscontinuedOperations,중단영업기본주당이익(손실),0,-6,30,KRW
00399694,SOOP,2022,CFS,CIS,포괄손익계산서,ifrs-full_DilutedEarningsLossPerShareFromContinuingOperations,계속영업희석주당이익(손실),5372,6313,32,KRW
00399694,SOOP,2022,CFS,CIS,포괄손익계산서,ifrs-full_DilutedEarningsLossPerShareFromDiscontinuedOperations,중단영업희석주당이익(손실),0,-6,33,KRW
00399694,SOOP,2022,CFS,CF,현금흐름표,ifrs-full_CashFlowsFromUsedInOperatingActivities,영업활동현금흐름,100910110641,133463743907,0,KRW
00399694,SOOP,2022,CFS,CF,현금흐름표,dart_ProfitLossForStatementOfCashFlows,당기순이익(손실),59513056225,70868748330,1,KRW
00399694,SOOP,2022,CFS,CF,현금흐름표,ifrs-full_AdjustmentsForReconcileProfitLoss,당기순이익조정을 위한 가감,49177014652,43397946777,2,KRW
00399694,SOOP,2022,CFS,CF,현금흐름표,dart_AdjustmentsForAssetsLiabilitiesOfOperatingActivities,영업활동으로인한자산ㆍ부채의변동,23509343073,27238944959,3,KRW
00399694,SOOP,2022,CFS,CF,현금흐름표,ifrs-full_InterestReceivedClassifiedAsOperatingActivities,이자의 수취,1959694504,734438910,4,KRW
00399694,SOOP,2022,CFS,CF,현금흐름표,ifrs-full_DividendsReceivedClassifiedAsOperatingActivities,배당금의 수취,8830000,1048650000,5,KRW
00399694,SOOP,2022,CFS,CF,현금흐름표,ifrs-full_InterestPaidClassifiedAsOperatingActivities,이자지급,801648059,42381664,6,KRW
00399694,SOOP,2022,CFS,CF,현금흐름표,ifrs-full_IncomeTaxesPaidRefundClassifiedAsOperatingActivities,법인세의 납부,32456179754,9782603405,7,KRW
00399694,SOOP,2022,CFS,CF,현금흐름표,ifrs-full_CashFlowsFromUsedInInvestingActivities,투자활동현금흐름,-57178713338,-113440066736,8,KRW
00399694,SOOP,2022,CFS,CF,현금흐름표,-표준계정코드 미사용-,단기대여금의 감소,202947332,91425756,9,KRW
00399694,SOOP,2022,CFS,CF,현금흐름표,-표준계정코드 미사용-,장기대여금의 감소,633659179,319844367,10,KRW
00399694,SOOP,2022,CFS,CF,현금흐름표,dart_ProceedsFromSalesOfOtherFinancialAssets,기타금융자산의 처분,61007859825,36984172064,11,KRW
00399694,SOOP,2022,CFS,CF,현금흐름표,-표준계정코드 미사용-,보증금의 감소,54298688,9000000,12,KRW
00399694,SOOP,2022,CFS,CF,현금흐름표,dart_DecreaseInGuaranteeDeposits,임차보증금의 감소,1142000000,2057385640,13,KRW
00399694,SOOP,2022,CFS,CF,현금흐름표,dart_ProceedsFromSalesOfNonCurrentAssetsOrDisposalGroupsClassifiedAsHeldForSale,매각예정으로 분류된 비유동자산이나 처분자산집단의 처분,0,367909091,14,KRW
00399694,SOOP,2022,CFS,CF,현금흐름표,dart_ProceedsFromSalesOfInvestmentsInAssociates,관계기업에 대한 투자자산의 처분,4130870419,0,15,KRW
00399694,SOOP,2022,CFS,CF,현금흐름표,ifrs-full_ProceedsFromSalesOfPropertyPlantAndEquipmentClassifiedAsInvestingActivities,유형자산의 처분,669912849,772216003,16,KRW
00399694,SOOP,2022,CFS,CF,현금흐름표,ifrs-full_ProceedsFromSalesOfIntangibleAssetsClassifiedAsInvestingActivities,무형자산의 처분,0,0,17,KRW
00399694,SOOP,2022,CFS,CF,현금흐름표,-표준계정코드 미사용-,사업결합으로인한 순현금흐름,-255320672,0,18,KRW
00399694,SOOP,2022,CFS,CF,현금흐름표,-표준계정코드 미사용-,단기대여금의 증가,241392195,190008207,19,KRW
00399694,SOOP,2022,CFS,CF,현금흐름표,dart_PurchaseOfLongTermLoansAndReceivables,장기대여금의 증가,1530000000,290000000,20,KRW
00399694,SOOP,2022,CFS,CF,현금흐름표,-표준계정코드 미사용-,단기금융상품의 순감소(순증가),19500000000,10122110299,21,KRW
00399694,SOOP,2022,CFS,CF,현금흐름표,dart_PurchaseOfOtherFinancialAssets,기타금융자산의 취득,87280998864,126695634678,22,KRW
00399694,SOOP,2022,CFS,CF,현금흐름표,dart_PurchaseOfInvestmentsInAssociates,관계기업에 대한 투자지분의 취득,0,763945524,23,KRW
00399694,SOOP,2022,CFS,CF,현금흐름표,-표준계정코드 미사용-,투자예치금의 순감소(순증가),-2708595,770118657,24,KRW
00399694,SOOP,2022,CFS,CF,현금흐름표,ifrs-full_PurchaseOfPropertyPlantAndEquipmentClassifiedAsInvestingActivities,유형자산의 취득,14570693544,9416777710,25,KRW
00399694,SOOP,2022,CFS,CF,현금흐름표,ifrs-full_PurchaseOfIntangibleAssetsClassifiedAsInvestingActivities,무형자산의 취득,731428391,3883761782,26,KRW
00399694,SOOP,2022,CFS,CF,현금흐름표,-표준계정코드 미사용-,보증금의 증가,37764699,209000000,27,KRW
00399694,SOOP,2022,CFS,CF,현금흐름표,dart_IncreaseInGuaranteeDeposits,임차보증금의 증가,875371860,1700662800,28,KRW
00399694,SOOP,2022,CFS,CF,현금흐름표,ifrs-full_CashFlowsFromLosingControlOfSubsidiariesOrOtherBusinessesClassifiedAsInvestingActivities,종속기업과 기타 사업의 지배력 상실에 따른 현금흐름,0,0,29,KRW
00399694,SOOP,2022,CFS,CF,현금흐름표,ifrs-full_CashFlowsFromUsedInFinancingActivities,재무활동현금흐름,-41956960556,-11163745687,30,KRW
00399694,SOOP,2022,CFS,CF,현금흐름표,dart_IncreaseInGuaranteeDepositsAsFinancialActivities,임대보증금의 증가,49320000,0,31,KRW
00399694,SOOP,2022,CFS,CF,현금흐름표,ifrs-full_ProceedsFromIssuingShares,주식의 발행,147000000,0,32,KRW
00399694,SOOP,2022,CFS,CF,현금흐름표,dart_ProceedsFromShortTermBorrowings,단기차입금의 증가,0,0,33,KRW
00399694,SOOP,2022,CFS,CF,현금흐름표,dart_RepaymentsOfShortTermBorrowings,단기차입금의 상환,1100000000,0,34,KRW
00399694,SOOP,2022,CFS,CF,현금흐름표,dart_RepaymentsOfLongTermBorrowings,유동성장기차입금의 상환,8100000000,0,35,KRW
00399694,SOOP,2022,CFS,CF,현금흐름표,dart_AcquisitionOfTreasuryShares,자기주식의 취득,19965225100,0,36,KRW
00399694,SOOP,2022,CFS,CF,현금흐름표,-표준계정코드 미사용-,주식선택권 행사로 인한 현금유출,6063000,4433800,37,KRW
00399694,SOOP,2022,CFS,CF,현금흐름표,ifrs-full_DividendsPaidClassifiedAsFinancingActivities,배당금지급,8041634190,6914393230,38,KRW
00399694,SOOP,2022,CFS,CF,현금흐름표,ifrs-full_PaymentsOfFinanceLeaseLiabilitiesClassifiedAsFinancingActivities,리스부채 원금의 지급,4940358266,4244918657,39,KRW
00399694,SOOP,2022,CFS,CF,현금흐름표,ifrs-full_IncreaseDecreaseInCashAndCashEquivalentsBeforeEffectOfExchangeRateChanges,환율변동효과 반영전 현금및현금성자산의 순증가(감소),1774436747,8859931484,40,KRW
00399694,SOOP,2022,CFS,CF,현금흐름표,dart_CashAndCashEquivalentsAtBeginningOfPeriodCf,기초현금및현금성자산,75103091970,66012081825,41,KRW
00399694,SOOP,2022,CFS,CF,현금흐름표,ifrs-full_EffectOfExchangeRateChangesOnCashAndCashEquivalents,현금및현금성자산에 대한 환율변동효과,-282875579,231078661,42,KRW
00399694,SOOP,2022,CFS,CF,현금흐름표,dart_CashAndCashEquivalentsAtEndOfPeriodCf,기말현금및현금성자산,76594653138,75103091970,43,KRW
00399694,SOOP,2022,CFS,SCE,자본변동표,dart_EquityAtBeginningOfPeriod,기초자본,48008003643,48008003643,1,KRW
00399694,SOOP,2022,CFS,SCE,자본변동표,dart_EquityAtBeginningOfPeriod,기초자본,5747383500,5747383500,1,KRW
00399694,SOOP,2022,CFS,SCE,자본변동표,dart_EquityAtBeginningOfPeriod,기초자본,209426750558,147559323414,1,KRW
00399694,SOOP,2022,CFS,SCE,자본변동표,dart_EquityAtBeginningOfPeriod,기초자본,117845574,904956166,1,KRW
00399694,SOOP,2022,CFS,SCE,자본변동표,dart_EquityAtBeginningOfPeriod,기초자본,209308904984,146654367248,1,KRW
00399694,SOOP,2022,CFS,SCE,자본변동표,dart_EquityAtBeginningOfPeriod,기초자본,-10717922286,-10377740793,1,KRW
00399694,SOOP,2022,CFS,SCE,자본변동표,dart_EquityAtBeginningOfPeriod,기초자본,-4099083341,-3139673267,1,KRW
00399694,SOOP,2022,CFS,SCE,자본변동표,dart_EquityAtBeginningOfPeriod,기초자본,170370523468,106416394165,1,KRW
00399694,SOOP,2022,CFS,SCE,자본변동표,ifrs-full_ProfitLoss,당기순이익(손실),59513056225,70868748330,2,KRW
00399694,SOOP,2022,CFS,SCE,자본변동표,ifrs-full_ProfitLoss,당기순이익(손실),0,0,2,KRW
00399694,SOOP,2022,CFS,SCE,자본변동표,ifrs-full_ProfitLoss,당기순이익(손실),59741392272,71022013503,2,KRW
00399694,SOOP,2022,CFS,SCE,자본변동표,ifrs-full_ProfitLoss,당기순이익(손실),0,0,2,KRW
00399694,SOOP,2022,CFS,SCE,자본변동표,ifrs-full_ProfitLoss,당기순이익(손실),0,0,2,KRW
00399694,SOOP,2022,CFS,SCE,자본변동표,ifrs-full_ProfitLoss,당기순이익(손실),59741392272,71022013503,2,KRW
00399694,SOOP,2022,CFS,SCE,자본변동표,ifrs-full_ProfitLoss,당기순이익(손실),-228336047,-153265173,2,KRW
00399694,SOOP,2022,CFS,SCE,자본변동표,ifrs-full_ProfitLoss,당기순이익(손실),0,0,2,KRW
00399694,SOOP,2022,CFS,SCE,자본변동표,dart_OtherComprehensiveIncomeForStatementOfChangesInEquity,기타포괄손익,0,0,3,KRW
00399694,SOOP,2022,CFS,SCE,자본변동표,dart_OtherComprehensiveIncomeForStatementOfChangesInEquity,기타포괄손익,0,0,3,KRW
00399694,SOOP,2022,CFS,SCE,자본변동표,dart_OtherComprehensiveIncomeForStatementOfChangesInEquity,기타포괄손익,0,0,3,KRW
00399694,SOOP,2022,CFS,SCE,자본변동표,dart_OtherComprehensiveIncomeForStatementOfChangesInEquity,기타포괄손익,-1436474257,-959410074,3,KRW
00399694,SOOP,2022,CFS,SCE,자본변동표,dart_OtherComprehensiveIncomeForStatementOfChangesInEquity,기타포괄손익,0,0,3,KRW
00399694,SOOP,2022,CFS,SCE,자본변동표,dart_OtherComprehensiveIncomeForStatementOfChangesInEquity,기타포괄손익,-1436474257,-959410074,3,KRW
00399694,SOOP,2022,CFS,SCE,자본변동표,dart_OtherComprehensiveIncomeForStatementOfChangesInEquity,기타포괄손익,0,0,3,KRW
00399694,SOOP,2022,CFS,SCE,자본변동표,dart_OtherComprehensiveIncomeForStatementOfChangesInEquity,기타포괄손익,-1436474257,-959410074,3,KRW
00399694,SOOP,2022,CFS,SCE,자본변동표,ifrs-full_IncreaseDecreaseThroughTransfersAndOtherChangesEquity,기타포괄손익의 대체,0,0,4,KRW
00399694,SOOP,2022,CFS,SCE,자본변동표,ifrs-full_IncreaseDecreaseThroughTransfersAndOtherChangesEquity,기타포괄손익의 대체,0,0,4,KRW
00399694,SOOP,2022,CFS,SCE,자본변동표,ifrs-full_IncreaseDecreaseThroughTransfersAndOtherChangesEquity,기타포괄손익의 대체,0,0,4,KRW
00399694,SOOP,2022,CFS,SCE,자본변동표,ifrs-full_IncreaseDecreaseThroughTransfersAndOtherChangesEquity,기타포괄손익의 대체,0,0,4,KRW
00399694,SOOP,2022,CFS,SCE,자본변동표,ifrs-full_IncreaseDecreaseThroughTransfersAndOtherChangesEquity,기타포괄손익의 대체,75797227,0,4,KRW
00399694,SOOP,2022,CFS,SCE,자본변동표,ifrs-full_IncreaseDecreaseThroughTransfersAndOtherChangesEquity,기타포괄손익의 대체,-75797227,0,4,KRW
00399694,SOOP,2022,CFS,SCE,자본변동표,ifrs-full_IncreaseDecreaseThroughTransfersAndOtherChangesEquity,기타포괄손익의 대체,0,0,4,KRW
00399694,SOOP,2022,CFS,SCE,자본변동표,ifrs-full_IncreaseDecreaseThroughTransfersAndOtherChangesEquity,기타포괄손익의 대체,0,0,4,KRW
00399694,SOOP,2022,CFS,SCE,자본변동표,ifrs-full_DividendsPaid,배당금지급,8046902420,7067884200,5,KRW
00399694,SOOP,2022,CFS,SCE,자본변동표,ifrs-full_DividendsPaid,배당금지급,0,0,5,KRW
00399694,SOOP,2022,CFS,SCE,자본변동표,ifrs-full_DividendsPaid,배당금지급,8046902420,7067884200,5,KRW
00399694,SOOP,2022,CFS,SCE,자본변동표,ifrs-full_DividendsPaid,배당금지급,0,0,5,KRW
00399694,SOOP,2022,CFS,SCE,자본변동표,ifrs-full_DividendsPaid,배당금지급,0,0,5,KRW
00399694,SOOP,2022,CFS,SCE,자본변동표,ifrs-full_DividendsPaid,배당금지급,8046902420,7067884200,5,KRW
00399694,SOOP,2022,CFS,SCE,자본변동표,ifrs-full_DividendsPaid,배당금지급,0,0,5,KRW
00399694,SOOP,2022,CFS,SCE,자본변동표,ifrs-full_DividendsPaid,배당금지급,0,0,5,KRW
00399694,SOOP,2022,CFS,SCE,자본변동표,dart_ShareBasedPaymentTransactions,주식보상비용의 인식,0,0,6,KRW
00399694,SOOP,2022,CFS,SCE,자본변동표,dart_ShareBasedPaymentTransactions,주식보상비용의 인식,0,0,6,KRW
00399694,SOOP,2022,CFS,SCE,자본변동표,dart_ShareBasedPaymentTransactions,주식보상비용의 인식,3045333254,1817126314,6,KRW
00399694,SOOP,2022,CFS,SCE,자본변동표,dart_ShareBasedPaymentTransactions,주식보상비용의 인식,3045333254,1817126314,6,KRW
00399694,SOOP,2022,CFS,SCE,자본변동표,dart_ShareBasedPaymentTransactions,주식보상비용의 인식,0,0,6,KRW
00399694,SOOP,2022,CFS,SCE,자본변동표,dart_ShareBasedPaymentTransactions,주식보상비용의 인식,0,0,6,KRW
00399694,SOOP,2022,CFS,SCE,자본변동표,dart_ShareBasedPaymentTransactions,주식보상비용의 인식,0,0,6,KRW
00399694,SOOP,2022,CFS,SCE,자본변동표,dart_ShareBasedPaymentTransactions,주식보상비용의 인식,3045333254,1817126314,6,KRW
00399694,SOOP,2022,CFS,SCE,자본변동표,-표준계정코드 미사용-,주식선택권 행사,0,0,7,KRW
00399694,SOOP,2022,CFS,SCE,자본변동표,-표준계정코드 미사용-,주식선택권 행사,-1516902738,-2086003738,7,KRW
00399694,SOOP,2022,CFS,SCE,자본변동표,-표준계정코드 미사용-,주식선택권 행사,0,0,7,KRW
00399694,SOOP,2022,CFS,SCE,자본변동표,-표준계정코드 미사용-,주식선택권 행사,-1516902738,-2086003738,7,KRW
00399694,SOOP,2022,CFS,SCE,자본변동표,-표준계정코드 미사용-,주식선택권 행사,-1516902738,-2086003738,7,KRW
00399694,SOOP,2022,CFS,SCE,자본변동표,-표준계정코드 미사용-,주식선택권 행사,0,0,7,KRW
00399694,SOOP,2022,CFS,SCE,자본변동표,-표준계정코드 미사용-,주식선택권 행사,0,0,7,KRW
00399694,SOOP,2022,CFS,SCE,자본변동표,-표준계정코드 미사용-,주식선택권 행사,0,0,7,KRW
00399694,SOOP,2022,CFS,SCE,자본변동표,-표준계정코드 미사용-,주식선택권의 대체,6208000,0,8,KRW
00399694,SOOP,2022,CFS,SCE,자본변동표,-표준계정코드 미사용-,주식선택권의 대체,,0,8,KRW
00399694,SOOP,2022,CFS,SCE,자본변동표,-표준계정코드 미사용-,주식선택권의 대체,0,0,8,KRW
00399694,SOOP,2022,CFS,SCE,자본변동표,-표준계정코드 미사용-,주식선택권의 대체,0,0,8,KRW
00399694,SOOP,2022,CFS,SCE,자본변동표,-표준계정코드 미사용-,주식선택권의 대체,-6208000,0,8,KRW
00399694,SOOP,2022,CFS,SCE,자본변동표,-표준계정코드 미사용-,주식선택권의 대체,0,0,8,KRW
00399694,SOOP,2022,CFS,SCE,자본변동표,-표준계정코드 미사용-,주식선택권의 대체,0,0,8,KRW
00399694,SOOP,2022,CFS,SCE,자본변동표,-표준계정코드 미사용-,주식선택권의 대체,0,0,8,KRW
00399694,SOOP,2022,CFS,SCE,자본변동표,ifrs-full_IssueOfEquity,지분의 발행,0,0,9,KRW
00399694,SOOP,2022,CFS,SCE,자본변동표,ifrs-full_IssueOfEquity,지분의 발행,0,0,9,KRW
00399694,SOOP,2022,CFS,SCE,자본변동표,ifrs-full_IssueOfEquity,지분의 발행,0,0,9,KRW
00399694,SOOP,2022,CFS,SCE,자본변동표,ifrs-full_IssueOfEquity,지분의 발행,0,0,9,KRW
00399694,SOOP,2022,CFS,SCE,자본변동표,ifrs-full_IssueOfEquity,지분의 발행,0,0,9,KRW
00399694,SOOP,2022,CFS,SCE,자본변동표,ifrs-full_IssueOfEquity,지분의 발행,147000000,0,9,KRW
00399694,SOOP,2022,CFS,SCE,자본변동표,ifrs-full_IssueOfEquity,지분의 발행,147000000,0,9,KRW
00399694,SOOP,2022,CFS,SCE,자본변동표,ifrs-full_IssueOfEquity,지분의 발행,0,0,9,KRW
00399694,SOOP,2022,CFS,SCE,자본변동표,dart_TreasuryShareTransactions,자기주식 거래로 인한 증감,0,0,10,KRW
00399694,SOOP,2022,CFS,SCE,자본변동표,dart_TreasuryShareTransactions,자기주식 거래로 인한 증감,0,0,10,KRW
00399694,SOOP,2022,CFS,SCE,자본변동표,dart_TreasuryShareTransactions,자기주식 거래로 인한 증감,0,0,10,KRW
00399694,SOOP,2022,CFS,SCE,자본변동표,dart_TreasuryShareTransactions,자기주식 거래로 인한 증감,-19965225100,0,10,KRW
00399694,SOOP,2022,CFS,SCE,자본변동표,dart_TreasuryShareTransactions,자기주식 거래로 인한 증감,-19965225100,0,10,KRW
00399694,SOOP,2022,CFS,SCE,자본변동표,dart_TreasuryShareTransactions,자기주식 거래로 인한 증감,0,0,10,KRW
00399694,SOOP,2022,CFS,SCE,자본변동표,dart_TreasuryShareTransactions,자기주식 거래로 인한 증감,-19965225100,0,10,KRW
00399694,SOOP,2022,CFS,SCE,자본변동표,dart_TreasuryShareTransactions,자기주식 거래로 인한 증감,0,0,10,KRW
00399694,SOOP,2022,CFS,SCE,자본변동표,ifrs-full_IncreaseDecreaseThroughChangesInOwnershipInterestsInSubsidiariesThatDoNotResultInLossOfControl,비지배지분의 변동,7995000,0,11,KRW
00399694,SOOP,2022,CFS,SCE,자본변동표,ifrs-full_IncreaseDecreaseThroughChangesInOwnershipInterestsInSubsidiariesThatDoNotResultInLossOfControl,비지배지분의 변동,-7023728,-427860837,11,KRW
00399694,SOOP,2022,CFS,SCE,자본변동표,ifrs-full_IncreaseDecreaseThroughChangesInOwnershipInterestsInSubsidiariesThatDoNotResultInLossOfControl,비지배지분의 변동,15018728,427860837,11,KRW
00399694,SOOP,2022,CFS,SCE,자본변동표,ifrs-full_IncreaseDecreaseThroughChangesInOwnershipInterestsInSubsidiariesThatDoNotResultInLossOfControl,비지배지분의 변동,15018728,427860837,11,KRW
00399694,SOOP,2022,CFS,SCE,자본변동표,ifrs-full_IncreaseDecreaseThroughChangesInOwnershipInterestsInSubsidiariesThatDoNotResultInLossOfControl,비지배지분의 변동,0,0,11,KRW
00399694,SOOP,2022,CFS,SCE,자본변동표,ifrs-full_IncreaseDecreaseThroughChangesInOwnershipInterestsInSubsidiariesThatDoNotResultInLossOfControl,비지배지분의 변동,0,,11,KRW
00399694,SOOP,2022,CFS,SCE,자본변동표,ifrs-full_IncreaseDecreaseThroughChangesInOwnershipInterestsInSubsidiariesThatDoNotResultInLossOfControl,비지배지분의 변동,0,0,11,KRW
00399694,SOOP,2022,CFS,SCE,자본변동표,ifrs-full_IncreaseDecreaseThroughChangesInOwnershipInterestsInSubsidiariesThatDoNotResultInLossOfControl,비지배지분의 변동,0,0,11,KRW
00399694,SOOP,2022,CFS,SCE,자본변동표,dart_ChangesInConsolidatedCompanies,연결대상범위의 변동,0,0,12,KRW
00399694,SOOP,2022,CFS,SCE,자본변동표,dart_ChangesInConsolidatedCompanies,연결대상범위의 변동,0,0,12,KRW
00399694,SOOP,2022,CFS,SCE,자본변동표,dart_ChangesInConsolidatedCompanies,연결대상범위의 변동,0,0,12,KRW
00399694,SOOP,2022,CFS,SCE,자본변동표,dart_ChangesInConsolidatedCompanies,연결대상범위의 변동,0,-499164906,12,KRW
00399694,SOOP,2022,CFS,SCE,자본변동표,dart_ChangesInConsolidatedCompanies,연결대상범위의 변동,0,-499164906,12,KRW
00399694,SOOP,2022,CFS,SCE,자본변동표,dart_ChangesInConsolidatedCompanies,연결대상범위의 변동,,-205984582,12,KRW
00399694,SOOP,2022,CFS,SCE,자본변동표,dart_ChangesInConsolidatedCompanies,연결대상범위의 변동,0,-705149488,12,KRW
00399694,SOOP,2022,CFS,SCE,자본변동표,dart_ChangesInConsolidatedCompanies,연결대상범위의 변동,0,0,12,KRW
00399694,SOOP,2022,CFS,SCE,자본변동표,ifrs-full_Equity,기말자본,5747383500,5747383500,13,KRW
00399694,SOOP,2022,CFS,SCE,자본변동표,ifrs-full_Equity,기말자본,221989216093,170370523468,13,KRW
00399694,SOOP,2022,CFS,SCE,자본변동표,ifrs-full_Equity,기말자본,-5459760371,-4099083341,13,KRW
00399694,SOOP,2022,CFS,SCE,자본변동표,ifrs-full_Equity,기말자본,-29145906142,-10717922286,13,KRW
00399694,SOOP,2022,CFS,SCE,자본변동표,ifrs-full_Equity,기말자본,241145144723,209308904984,13,KRW
00399694,SOOP,2022,CFS,SCE,자본변동표,ifrs-full_Equity,기말자본,29485799,117845574,13,KRW
00399694,SOOP,2022,CFS,SCE,자본변동표,ifrs-full_Equity,기말자본,241174630522,209426750558,13,KRW
00399694,SOOP,2022,CFS,SCE,자본변동표,ifrs-full_Equity,기말자본,48014211643,48008003643,13,KRW
00399694,SOOP,2022,OFS,BS,재무상태표,ifrs-full_CurrentAssets,유동자산,358294628024,301344193870,1,KRW
00399694,SOOP,2022,OFS,BS,재무상태표,ifrs-full_CashAndCashEquivalents,현금및현금성자산,66729160064,66490619176,2,KRW
00399694,SOOP,2022,OFS,BS,재무상태표,dart_ShortTermDepositsNotClassifiedAsCashEquivalents,단기금융상품,60000000000,40000000000,3,KRW
00399694,SOOP,2022,OFS,BS,재무상태표,ifrs-full_TradeAndOtherCurrentReceivables,매출채권 및 기타채권,85173441671,73755231074,4,KRW
00399694,SOOP,2022,OFS,BS,재무상태표,ifrs-full_OtherCurrentFinancialAssets,기타유동금융자산,143276916395,118077909802,5,KRW
00399694,SOOP,2022,OFS,BS,재무상태표,dart_OtherCurrentAssets,기타유동자산,3115109894,3020433818,6,KRW
00399694,SOOP,2022,OFS,BS,재무상태표,ifrs-full_NoncurrentAssets,비유동자산,92295940180,94436811459,7,KRW
00399694,SOOP,2022,OFS,BS,재무상태표,ifrs-full_OtherNoncurrentFinancialAssets,기타비유동금융자산,20671157149,19732693765,8,KRW
00399694,SOOP,2022,OFS,BS,재무상태표,dart_LongTermTradeAndOtherNonCurrentReceivablesGross,기타비유동채권,6917660028,8464474578,9,KRW
00399694,SOOP,2022,OFS,BS,재무상태표,ifrs-full_InvestmentsInSubsidiariesJointVenturesAndAssociates,"종속기업, 조인트벤처와 관계기업에 대한 투자자산",10261800733,19079209455,10,KRW
00399694,SOOP,2022,OFS,BS,재무상태표,ifrs-full_PropertyPlantAndEquipment,유형자산,37446002251,32880905281,11,KRW
00399694,SOOP,2022,OFS,BS,재무상태표,ifrs-full_RightofuseAssets,사용권자산,6269884802,4351842190,12,KRW
00399694,SOOP,2022,OFS,BS,재무상태표,ifrs-full_IntangibleAssetsOtherThanGoodwill,무형자산,5109296985,4843666377,13,KRW
00399694,SOOP,2022,OFS,BS,재무상태표,ifrs-full_DeferredTaxAssets,이연법인세자산,5620138232,5084019813,14,KRW
00399694,SOOP,2022,OFS,BS,재무상태표,ifrs-full_Assets,자산총계,450590568204,395781005329,15,KRW
00399694,SOOP,2022,OFS,BS,재무상태표,ifrs-full_CurrentLiabilities,유동부채,207169699501,184858453184,17,KRW
00399694,SOOP,2022,OFS,BS,재무상태표,ifrs-full_TradeAndOtherCurrentPayables,매입채무 및 기타유동채무,172855080297,138537648401,18,KRW
00399694,SOOP,2022,OFS,BS,재무상태표,ifrs-full_ShorttermBorrowings,단기차입금,0,1000000000,19,KRW
00399694,SOOP,2022,OFS,BS,재무상태표,dart_OtherCurrentLiabilities,기타유동부채,14949576261,14023660513,20,KRW
00399694,SOOP,2022,OFS,BS,재무상태표,ifrs-full_CurrentLeaseLiabilities,유동리스부채,3945768037,3109970085,21,KRW
00399694,SOOP,2022,OFS,BS,재무상태표,ifrs-full_CurrentProvisions,유동충당부채,2679017074,1555633469,22,KRW
00399694,SOOP,2022,OFS,BS,재무상태표,dart_CurrentDerivativeLiabilities,유동파생상품부채,0,9034740000,23,KRW
00399694,SOOP,2022,OFS,BS,재무상태표,ifrs-full_CurrentTaxLiabilities,당기법인세부채,12740257832,17596800716,24,KRW
00399694,SOOP,2022,OFS,BS,재무상태표,ifrs-full_NoncurrentLiabilities,비유동부채,4863267586,2371321655,25,KRW
00399694,SOOP,2022,OFS,BS,재무상태표,dart_LongTermTradeAndOtherNonCurrentPayables,장기매입채무 및 기타비유동채무,178900000,0,26,KRW
00399694,SOOP,2022,OFS,BS,재무상태표,dart_NonCurrentDerivativeLiabilities,비유동파생상품부채,0,0,27,KRW
00399694,SOOP,2022,OFS,BS,재무상태표,ifrs-full_NoncurrentLeaseLiabilities,비유동리스부채,2530957538,1315502354,28,KRW
00399694,SOOP,2022,OFS,BS,재무상태표,ifrs-full_NoncurrentProvisions,비유동충당부채,2153410048,1055819301,29,KRW
00399694,SOOP,2022,OFS,BS,재무상태표,ifrs-full_Liabilities,부채총계,212032967087,187229774839,30,KRW
00399694,SOOP,2022,OFS,BS,재무상태표,ifrs-full_IssuedCapital,자본금,5747383500,5747383500,32,KRW
00399694,SOOP,2022,OFS,BS,재무상태표,dart_CapitalSurplus,자본잉여금,48014211643,48008003643,33,KRW
00399694,SOOP,2022,OFS,BS,재무상태표,dart_ElementsOfOtherStockholdersEquity,기타자본구성요소,-27965336565,-9481629455,34,KRW
00399694,SOOP,2022,OFS,BS,재무상태표,dart_OtherComprehensiveIncomeLossAccumulatedAmount,기타포괄손익누계액,-5369883745,-3989224174,35,KRW
00399694,SOOP,2022,OFS,BS,재무상태표,ifrs-full_RetainedEarnings,이익잉여금(결손금),218131226284,168266696976,36,KRW
00399694,SOOP,2022,OFS,BS,재무상태표,ifrs-full_Equity,자본총계,238557601117,208551230490,37,KRW
00399694,SOOP,2022,OFS,BS,재무상태표,ifrs-full_EquityAndLiabilities,자본과부채총계,450590568204,395781005329,38,KRW
00399694,SOOP,2022,OFS,CIS,포괄손익계산서,ifrs-full_Revenue,영업수익,278450587313,250835714827,0,KRW
00399694,SOOP,2022,OFS,CIS,포괄손익계산서,dart_OperatingExpenses,영업비용,188975587161,156644251450,1,KRW
00399694,SOOP,2022,OFS,CIS,포괄손익계산서,dart_OperatingIncomeLoss,영업이익(손실),89475000152,94191463377,2,KRW
00399694,SOOP,2022,OFS,CIS,포괄손익계산서,ifrs-full_FinanceIncome,금융수익,4761560596,3940824310,3,KRW
00399694,SOOP,2022,OFS,CIS,포괄손익계산서,ifrs-full_FinanceCosts,금융원가,714368246,755698178,4,KRW
00399694,SOOP,2022,OFS,CIS,포괄손익계산서,dart_OtherGains,기타이익,1954807933,737346997,5,KRW
00399694,SOOP,2022,OFS,CIS,포괄손익계산서,dart_OtherLosses,기타손실,11796052935,10290402926,6,KRW
00399694,SOOP,2022,OFS,CIS,포괄손익계산서,ifrs-full_ProfitLossBeforeTax,법인세비용차감전순이익(손실),83680947500,87823533580,7,KRW
00399694,SOOP,2022,OFS,CIS,포괄손익계산서,ifrs-full_IncomeTaxExpenseContinuingOperations,법인세비용,25693718545,17916079269,8,KRW
00399694,SOOP,2022,OFS,CIS,포괄손익계산서,ifrs-full_ProfitLossFromContinuingOperations,계속영업이익(손실),57987228955,69907454311,9,KRW
00399694,SOOP,2022,OFS,CIS,포괄손익계산서,ifrs-full_ProfitLossFromDiscontinuedOperations,중단영업이익(손실),0,0,10,KRW
00399694,SOOP,2022,OFS,CIS,포괄손익계산서,ifrs-full_ProfitLoss,당기순이익(손실),57987228955,69907454311,11,KRW
00399694,SOOP,2022,OFS,CIS,포괄손익계산서,ifrs-full_OtherComprehensiveIncome,기타포괄손익,-1456456798,-982024896,12,KRW
00399694,SOOP,2022,OFS,CIS,포괄손익계산서,-표준계정코드 미사용-,기타포괄손익-공정가치금융자산평가손익,-1456456798,-982024896,14,KRW
00399694,SOOP,2022,OFS,CIS,포괄손익계산서,ifrs-full_ComprehensiveIncome,총포괄손익,56530772157,68925429415,15,KRW
00399694,SOOP,2022,OFS,CIS,포괄손익계산서,ifrs-full_BasicEarningsLossPerShare,기본주당이익(손실),5285,6363,17,KRW
00399694,SOOP,2022,OFS,CIS,포괄손익계산서,ifrs-full_DilutedEarningsLossPerShare,희석주당이익(손실),5214,6208,18,KRW
00399694,SOOP,2022,OFS,CF,현금흐름표,ifrs-full_CashFlowsFromUsedInOperatingActivities,영업활동현금흐름,110045550876,138471825164,0,KRW
00399694,SOOP,2022,OFS,CF,현금흐름표,dart_ProfitLossForStatementOfCashFlows,당기순이익(손실),57987228955,69907454311,1,KRW
00399694,SOOP,2022,OFS,CF,현금흐름표,ifrs-full_AdjustmentsForReconcileProfitLoss,당기순이익조정을 위한 가감,56109599486,48362878562,2,KRW
00399694,SOOP,2022,OFS,CF,현금흐름표,dart_AdjustmentsForAssetsLiabilitiesOfOperatingActivities,영업활동으로인한자산ㆍ부채의변동,26137860576,28205299997,3,KRW
00399694,SOOP,2022,OFS,CF,현금흐름표,ifrs-full_InterestReceivedClassifiedAsOperatingActivities,이자의 수취,2055094633,756808043,4,KRW
00399694,SOOP,2022,OFS,CF,현금흐름표,ifrs-full_DividendsReceivedClassifiedAsOperatingActivities,배당금의 수취,8830000,1048650000,5,KRW
00399694,SOOP,2022,OFS,CF,현금흐름표,ifrs-full_InterestPaidClassifiedAsOperatingActivities,이자지급,21384928,19811885,6,KRW
00399694,SOOP,2022,OFS,CF,현금흐름표,ifrs-full_IncomeTaxesPaidRefundClassifiedAsOperatingActivities,법인세의 납부,32231677846,9789453864,7,KRW
00399694,SOOP,2022,OFS,CF,현금흐름표,ifrs-full_CashFlowsFromUsedInInvestingActivities,투자활동현금흐름,-75908697213,-120439347528,8,KRW
00399694,SOOP,2022,OFS,CF,현금흐름표,-표준계정코드 미사용-,단기대여금의 회수,214744532,74080956,9,KRW
00399694,SOOP,2022,OFS,CF,현금흐름표,-표준계정코드 미사용-,장기대여금의 회수,633659179,319844367,10,KRW
00399694,SOOP,2022,OFS,CF,현금흐름표,dart_ProceedsFromSalesOfOtherFinancialAssets,기타금융자산의 처분,60557237813,35182382968,11,KRW
00399694,SOOP,2022,OFS,CF,현금흐름표,-표준계정코드 미사용-,보증금의 감소,7410000,9000000,12,KRW
00399694,SOOP,2022,OFS,CF,현금흐름표,dart_DecreaseInGuaranteeDeposits,임차보증금의 감소,100000000,1680000000,13,KRW
00399694,SOOP,2022,OFS,CF,현금흐름표,ifrs-full_ProceedsFromSalesOfPropertyPlantAndEquipmentClassifiedAsInvestingActivities,유형자산의 처분,34090909,92002819,14,KRW
00399694,SOOP,2022,OFS,CF,현금흐름표,ifrs-full_ProceedsFromSalesOfIntangibleAssetsClassifiedAsInvestingActivities,무형자산의 처분,0,0,15,KRW
00399694,SOOP,2022,OFS,CF,현금흐름표,dart_ProceedsFromSalesOfInvestmentsInSubsidiariesJointVenturesAndAssociates,종속관계기업 및 공동기업투자의 처분,4130870419,0,16,KRW
00399694,SOOP,2022,OFS,CF,현금흐름표,-표준계정코드 미사용-,단기대여금의 증가,2853000000,1734000000,17,KRW
00399694,SOOP,2022,OFS,CF,현금흐름표,dart_PurchaseOfLongTermLoansAndReceivables,장기대여금의 증가,1530000000,290000000,18,KRW
00399694,SOOP,2022,OFS,CF,현금흐름표,dart_PurchaseOfShortTermFinancialInstruments,단기금융상품의 순감소(순증가),20000000000,11694012329,19,KRW
00399694,SOOP,2022,OFS,CF,현금흐름표,-표준계정코드 미사용-,파생금융상품부채의 정산,8851032000,0,20,KRW
00399694,SOOP,2022,OFS,CF,현금흐름표,dart_PurchaseOfOtherFinancialAssets,기타금융자산의 취득,86793631464,124858267278,21,KRW
00399694,SOOP,2022,OFS,CF,현금흐름표,dart_PurchaseOfInvestmentsInSubsidiariesJointVenturesAndAssociates,종속관계기업 및 공동기업투자의 취득,5489237565,6176340560,22,KRW
00399694,SOOP,2022,OFS,CF,현금흐름표,ifrs-full_PurchaseOfPropertyPlantAndEquipmentClassifiedAsInvestingActivities,유형자산의 취득,14450967566,9283522861,23,KRW
00399694,SOOP,2022,OFS,CF,현금흐름표,ifrs-full_PurchaseOfIntangibleAssetsClassifiedAsInvestingActivities,무형자산의 취득,729469610,1855742810,24,KRW
00399694,SOOP,2022,OFS,CF,현금흐름표,-표준계정코드 미사용-,보증금의 증가,14000000,209000000,25,KRW
00399694,SOOP,2022,OFS,CF,현금흐름표,dart_IncreaseInGuaranteeDeposits,임차보증금의 증가,875371860,1695772800,26,KRW
00399694,SOOP,2022,OFS,CF,현금흐름표,ifrs-full_CashFlowsFromUsedInFinancingActivities,재무활동현금흐름,-33579638068,-10368113003,27,KRW
00399694,SOOP,2022,OFS,CF,현금흐름표,dart_IncreaseInGuaranteeDepositsAsFinancialActivities,임대보증금의 증가,98900000,0,28,KRW
00399694,SOOP,2022,OFS,CF,현금흐름표,dart_DecreaseInGuaranteeDepositsAsFinancialActivities,임대보증금의 감소,71000000,30000000,29,KRW
00399694,SOOP,2022,OFS,CF,현금흐름표,dart_RepaymentsOfShortTermBorrowings,단기차입금의 상환,1000000000,0,30,KRW
00399694,SOOP,2022,OFS,CF,현금흐름표,dart_AcquisitionOfTreasuryShares,자기주식의 취득,19965225100,0,31,KRW
00399694,SOOP,2022,OFS,CF,현금흐름표,-표준계정코드 미사용-,주식선택권 행사로 인한 유출,6063000,4433800,32,KRW
00399694,SOOP,2022,OFS,CF,현금흐름표,ifrs-full_DividendsPaidClassifiedAsFinancingActivities,배당금지급,8041634190,7063193230,33,KRW
00399694,SOOP,2022,OFS,CF,현금흐름표,ifrs-full_PaymentsOfFinanceLeaseLiabilitiesClassifiedAsFinancingActivities,리스부채 원금의 지급,4594615778,3270485973,34,KRW
00399694,SOOP,2022,OFS,CF,현금흐름표,ifrs-full_IncreaseDecreaseInCashAndCashEquivalentsBeforeEffectOfExchangeRateChanges,환율변동효과 반영전 현금및현금성자산의 순증가(감소),557215595,7664364633,35,KRW
00399694,SOOP,2022,OFS,CF,현금흐름표,dart_CashAndCashEquivalentsAtBeginningOfPeriodCf,기초현금및현금성자산,66490619176,58605940199,36,KRW
00399694,SOOP,2022,OFS,CF,현금흐름표,ifrs-full_EffectOfExchangeRateChangesOnCashAndCashEquivalents,현금및현금성자산에 대한 환율변동효과,-318674707,220314344,37,KRW
00399694,SOOP,2022,OFS,CF,현금흐름표,dart_CashAndCashEquivalentsAtEndOfPeriodCf,기말현금및현금성자산,66729160064,66490619176,38,KRW
00399694,SOOP,2022,OFS,SCE,자본변동표,dart_EquityAtBeginningOfPeriod,기초자본,208551230490,146997384784,1,KRW
00399694,SOOP,2022,OFS,SCE,자본변동표,dart_EquityAtBeginningOfPeriod,기초자본,-9481629455,-9177929946,1,KRW
00399694,SOOP,2022,OFS,SCE,자본변동표,dart_EquityAtBeginningOfPeriod,기초자본,-3989224174,-3007199278,1,KRW
00399694,SOOP,2022,OFS,SCE,자본변동표,dart_EquityAtBeginningOfPeriod,기초자본,168266696976,105427126865,1,KRW
00399694,SOOP,2022,OFS,SCE,자본변동표,dart_EquityAtBeginningOfPeriod,기초자본,5747383500,5747383500,1,KRW
00399694,SOOP,2022,OFS,SCE,자본변동표,dart_EquityAtBeginningOfPeriod,기초자본,48008003643,48008003643,1,KRW
00399694,SOOP,2022,OFS,SCE,자본변동표,ifrs-full_ProfitLoss,당기순이익(손실),0,0,2,KRW
00399694,SOOP,2022,OFS,SCE,자본변동표,ifrs-full_ProfitLoss,당기순이익(손실),0,0,2,KRW
00399694,SOOP,2022,OFS,SCE,자본변동표,ifrs-full_ProfitLoss,당기순이익(손실),57987228955,69907454311,2,KRW
00399694,SOOP,2022,OFS,SCE,자본변동표,ifrs-full_ProfitLoss,당기순이익(손실),0,0,2,KRW
00399694,SOOP,2022,OFS,SCE,자본변동표,ifrs-full_ProfitLoss,당기순이익(손실),0,0,2,KRW
00399694,SOOP,2022,OFS,SCE,자본변동표,ifrs-full_ProfitLoss,당기순이익(손실),57987228955,69907454311,2,KRW
00399694,SOOP,2022,OFS,SCE,자본변동표,dart_OtherComprehensiveIncomeForStatementOfChangesInEquity,기타포괄손익,0,0,3,KRW
00399694,SOOP,2022,OFS,SCE,자본변동표,dart_OtherComprehensiveIncomeForStatementOfChangesInEquity,기타포괄손익,0,0,3,KRW
00399694,SOOP,2022,OFS,SCE,자본변동표,dart_OtherComprehensiveIncomeForStatementOfChangesInEquity,기타포괄손익,0,0,3,KRW
00399694,SOOP,2022,OFS,SCE,자본변동표,dart_OtherComprehensiveIncomeForStatementOfChangesInEquity,기타포괄손익,-1456456798,-982024896,3,KRW
00399694,SOOP,2022,OFS,SCE,자본변동표,dart_OtherComprehensiveIncomeForStatementOfChangesInEquity,기타포괄손익,0,0,3,KRW
00399694,SOOP,2022,OFS,SCE,자본변동표,dart_OtherComprehensiveIncomeForStatementOfChangesInEquity,기타포괄손익,-1456456798,-982024896,3,KRW
00399694,SOOP,2022,OFS,SCE,자본변동표,ifrs-full_IncreaseDecreaseThroughTransfersAndOtherChangesEquity,기타포괄손익의 대체,0,0,4,KRW
00399694,SOOP,2022,OFS,SCE,자본변동표,ifrs-full_IncreaseDecreaseThroughTransfersAndOtherChangesEquity,기타포괄손익의 대체,0,0,4,KRW
00399694,SOOP,2022,OFS,SCE,자본변동표,ifrs-full_IncreaseDecreaseThroughTransfersAndOtherChangesEquity,기타포괄손익의 대체,75797227,0,4,KRW
00399694,SOOP,2022,OFS,SCE,자본변동표,ifrs-full_IncreaseDecreaseThroughTransfersAndOtherChangesEquity,기타포괄손익의 대체,-75797227,0,4,KRW
00399694,SOOP,2022,OFS,SCE,자본변동표,ifrs-full_IncreaseDecreaseThroughTransfersAndOtherChangesEquity,기타포괄손익의 대체,0,0,4,KRW
00399694,SOOP,2022,OFS,SCE,자본변동표,ifrs-full_IncreaseDecreaseThroughTransfersAndOtherChangesEquity,기타포괄손익의 대체,0,0,4,KRW
00399694,SOOP,2022,OFS,SCE,자본변동표,ifrs-full_DividendsPaid,배당금지급,0,0,5,KRW
00399694,SOOP,2022,OFS,SCE,자본변동표,ifrs-full_DividendsPaid,배당금지급,8046902420,7067884200,5,KRW
00399694,SOOP,2022,OFS,SCE,자본변동표,ifrs-full_DividendsPaid,배당금지급,0,0,5,KRW
00399694,SOOP,2022,OFS,SCE,자본변동표,ifrs-full_DividendsPaid,배당금지급,0,0,5,KRW
00399694,SOOP,2022,OFS,SCE,자본변동표,ifrs-full_DividendsPaid,배당금지급,8046902420,7067884200,5,KRW
00399694,SOOP,2022,OFS,SCE,자본변동표,ifrs-full_DividendsPaid,배당금지급,0,0,5,KRW
00399694,SOOP,2022,OFS,SCE,자본변동표,dart_ShareBasedPaymentTransactions,주식보상비용의 인식,0,0,6,KRW
00399694,SOOP,2022,OFS,SCE,자본변동표,dart_ShareBasedPaymentTransactions,주식보상비용의 인식,0,0,6,KRW
00399694,SOOP,2022,OFS,SCE,자본변동표,dart_ShareBasedPaymentTransactions,주식보상비용의 인식,0,0,6,KRW
00399694,SOOP,2022,OFS,SCE,자본변동표,dart_ShareBasedPaymentTransactions,주식보상비용의 인식,0,0,6,KRW
00399694,SOOP,2022,OFS,SCE,자본변동표,dart_ShareBasedPaymentTransactions,주식보상비용의 인식,3004628728,1782304229,6,KRW
00399694,SOOP,2022,OFS,SCE,자본변동표,dart_ShareBasedPaymentTransactions,주식보상비용의 인식,3004628728,1782304229,6,KRW
00399694,SOOP,2022,OFS,SCE,자본변동표,-표준계정코드 미사용-,주식선택권 행사,0,0,7,KRW
00399694,SOOP,2022,OFS,SCE,자본변동표,-표준계정코드 미사용-,주식선택권 행사,0,,7,KRW
00399694,SOOP,2022,OFS,SCE,자본변동표,-표준계정코드 미사용-,주식선택권 행사,0,,7,KRW
00399694,SOOP,2022,OFS,SCE,자본변동표,-표준계정코드 미사용-,주식선택권 행사,-1516902738,-2086003738,7,KRW
00399694,SOOP,2022,OFS,SCE,자본변동표,-표준계정코드 미사용-,주식선택권 행사,-1516902738,-2086003738,7,KRW
00399694,SOOP,2022,OFS,SCE,자본변동표,-표준계정코드 미사용-,주식선택권 행사,0,0,7,KRW
00399694,SOOP,2022,OFS,SCE,자본변동표,-표준계정코드 미사용-,주식선택권의 대체,6208000,0,8,KRW
00399694,SOOP,2022,OFS,SCE,자본변동표,-표준계정코드 미사용-,주식선택권의 대체,0,0,8,KRW
00399694,SOOP,2022,OFS,SCE,자본변동표,-표준계정코드 미사용-,주식선택권의 대체,-6208000,0,8,KRW
00399694,SOOP,2022,OFS,SCE,자본변동표,-표준계정코드 미사용-,주식선택권의 대체,0,0,8,KRW
00399694,SOOP,2022,OFS,SCE,자본변동표,-표준계정코드 미사용-,주식선택권의 대체,0,0,8,KRW
00399694,SOOP,2022,OFS,SCE,자본변동표,-표준계정코드 미사용-,주식선택권의 대체,0,0,8,KRW
00399694,SOOP,2022,OFS,SCE,자본변동표,dart_TreasuryShareTransactions,자기주식 거래로 인한 증감,-19965225100,0,9,KRW
00399694,SOOP,2022,OFS,SCE,자본변동표,dart_TreasuryShareTransactions,자기주식 거래로 인한 증감,-19965225100,0,9,KRW
00399694,SOOP,2022,OFS,SCE,자본변동표,dart_TreasuryShareTransactions,자기주식 거래로 인한 증감,0,0,9,KRW
00399694,SOOP,2022,OFS,SCE,자본변동표,dart_TreasuryShareTransactions,자기주식 거래로 인한 증감,0,0,9,KRW
00399694,SOOP,2022,OFS,SCE,자본변동표,dart_TreasuryShareTransactions,자기주식 거래로 인한 증감,0,0,9,KRW
00399694,SOOP,2022,OFS,SCE,자본변동표,dart_TreasuryShareTransactions,자기주식 거래로 인한 증감,0,0,9,KRW
00399694,SOOP,2022,OFS,SCE,자본변동표,ifrs-full_Equity,기말자본,238557601117,208551230490,10,KRW
00399694,SOOP,2022,OFS,SCE,자본변동표,ifrs-full_Equity,기말자본,-27965336565,-9481629455,10,KRW
00399694,SOOP,2022,OFS,SCE,자본변동표,ifrs-full_Equity,기말자본,-5369883745,-3989224174,10,KRW
00399694,SOOP,2022,OFS,SCE,자본변동표,ifrs-full_Equity,기말자본,218131226284,168266696976,10,KRW
00399694,SOOP,2022,OFS,SCE,자본변동표,ifrs-full_Equity,기말자본,5747383500,5747383500,10,KRW
00399694,SOOP,2022,OFS,SCE,자본변동표,ifrs-full_Equity,기말자본,48014211643,48008003643,10,KRW
00399694,SOOP,2023,CFS,BS,재무상태표,ifrs-full_Assets,자산총계,578068356015,465125470787,7,KRW
00399694,SOOP,2023,CFS,BS,재무상태표,ifrs-full_CurrentAssets,유동자산,480797840927,370259685206,8,KRW
00399694,SOOP,2023,CFS,BS,재무상태표,ifrs-full_CashAndCashEquivalents,현금및현금성자산,136289810003,76594653138,9,KRW
00399694,SOOP,2023,CFS,BS,재무상태표,ifrs-full_CurrentTaxAssets,당기법인세자산,387611906,473000,10,KRW
00399694,SOOP,2023,CFS,BS,재무상태표,ifrs-full_Inventories,유동재고자산,890683869,0,11,KRW
00399694,SOOP,2023,CFS,BS,재무상태표,ifrs-full_OtherCurrentAssets,기타유동자산,1833021050,6087700558,12,KRW
00399694,SOOP,2023,CFS,BS,재무상태표,ifrs-full_OtherCurrentFinancialAssets,기타유동금융자산,152939668794,143333162749,13,KRW
00399694,SOOP,2023,CFS,BS,재무상태표,ifrs-full_ShorttermDepositsNotClassifiedAsCashEquivalents,단기금융상품,73000000000,60000000000,14,KRW
00399694,SOOP,2023,CFS,BS,재무상태표,ifrs-full_TradeAndOtherCurrentReceivables,매출채권 및 기타채권,115457045305,84243695761,15,KRW
00399694,SOOP,2023,CFS,BS,재무상태표,ifrs-full_NoncurrentAssets,비유동자산,97270515088,94865785581,16,KRW
00399694,SOOP,2023,CFS,BS,재무상태표,dart_LongTermTradeAndOtherNonCurrentReceivablesGross,기타비유동채권,12033078186,9917325266,17,KRW
00399694,SOOP,2023,CFS,BS,재무상태표,ifrs-full_DeferredTaxAssets,이연법인세자산,7678758110,6258382615,18,KRW
00399694,SOOP,2023,CFS,BS,재무상태표,ifrs-full_IntangibleAssetsAndGoodwill,무형자산,18035108529,11888795862,19,KRW
00399694,SOOP,2023,CFS,BS,재무상태표,ifrs-full_InvestmentAccountedForUsingEquityMethod,지분법적용 투자지분,0,0,20,KRW
00399694,SOOP,2023,CFS,BS,재무상태표,ifrs-full_InvestmentProperty,투자부동산,7216964470,1458448800,21,KRW
00399694,SOOP,2023,CFS,BS,재무상태표,ifrs-full_OtherNoncurrentFinancialAssets,기타비유동금융자산,9375318845,20879651118,22,KRW
00399694,SOOP,2023,CFS,BS,재무상태표,ifrs-full_PropertyPlantAndEquipment,유형자산,35803197502,37618923527,23,KRW
00399694,SOOP,2023,CFS,BS,재무상태표,ifrs-full_RightofuseAssets,사용권자산,7128089446,6844258393,24,KRW
00399694,SOOP,2023,CFS,BS,재무상태표,ifrs-full_Equity,자본총계,293346003262,241174630522,26,KRW
00399694,SOOP,2023,CFS,BS,재무상태표,ifrs-full_EquityAttributableToOwnersOfParent,지배기업의 소유주에게 귀속되는 자본,291243829169,241145144723,27,KRW
00399694,SOOP,2023,CFS,BS,재무상태표,dart_CapitalSurplus,자본잉여금,48039016643,48014211643,28,KRW
00399694,SOOP,2023,CFS,BS,재무상태표,dart_ElementsOfOtherStockholdersEquity,기타자본구성요소,-44139862595,-29145906142,29,KRW
00399694,SOOP,2023,CFS,BS,재무상태표,dart_OtherComprehensiveIncomeLossAccumulatedAmount,기타포괄손익누계액,-6796811885,-5459760371,30,KRW
00399694,SOOP,2023,CFS,BS,재무상태표,ifrs-full_IssuedCapital,자본금,5747383500,5747383500,31,KRW
00399694,SOOP,2023,CFS,BS,재무상태표,ifrs-full_RetainedEarnings,이익잉여금(결손금),288394103506,221989216093,32,KRW
00399694,SOOP,2023,CFS,BS,재무상태표,ifrs-full_NoncontrollingInterests,비지배지분,2102174093,29485799,33,KRW
00399694,SOOP,2023,CFS,BS,재무상태표,ifrs-full_EquityAndLiabilities,자본과부채총계,578068356015,465125470787,34,KRW
00399694,SOOP,2023,CFS,BS,재무상태표,ifrs-full_CurrentLiabilities,유동부채,274084873864,217402142629,36,KRW
00399694,SOOP,2023,CFS,BS,재무상태표,ifrs-full_CurrentLeaseLiabilities,유동 리스부채,4952609271,3961623012,37,KRW
00399694,SOOP,2023,CFS,BS,재무상태표,ifrs-full_CurrentPortionOfLongtermBorrowings,유동성장기차입금,1429800000,0,38,KRW
00399694,SOOP,2023,CFS,BS,재무상태표,ifrs-full_CurrentProvisions,유동충당부채,1462331456,2679017074,39,KRW
00399694,SOOP,2023,CFS,BS,재무상태표,ifrs-full_CurrentTaxLiabilities,당기법인세부채,17548055049,12837732779,40,KRW
00399694,SOOP,2023,CFS,BS,재무상태표,ifrs-full_OtherCurrentLiabilities,기타 유동부채,22658645189,17459421933,41,KRW
00399694,SOOP,2023,CFS,BS,재무상태표,ifrs-full_ShorttermBorrowings,유동 차입금,3823387615,800000000,42,KRW
00399694,SOOP,2023,CFS,BS,재무상태표,ifrs-full_TradeAndOtherCurrentPayables,매입채무 및 기타유동채무,222210045284,179664347831,43,KRW
00399694,SOOP,2023,CFS,BS,재무상태표,ifrs-full_Liabilities,부채총계,284722352753,223950840265,44,KRW
00399694,SOOP,2023,CFS,BS,재무상태표,ifrs-full_NoncurrentLiabilities,비유동부채,10637478889,6548697636,45,KRW
00399694,SOOP,2023,CFS,BS,재무상태표,dart_LongTermBorrowingsGross,장기차입금,4435534000,0,46,KRW
00399694,SOOP,2023,CFS,BS,재무상태표,dart_LongTermTradeAndOtherNonCurrentPayables,장기매입채무 및 기타비유동채무,924952031,1738035537,47,KRW
00399694,SOOP,2023,CFS,BS,재무상태표,ifrs-full_NoncurrentLeaseLiabilities,비유동 리스부채,1860019168,2557736844,48,KRW
00399694,SOOP,2023,CFS,BS,재무상태표,ifrs-full_NoncurrentProvisions,비유동충당부채,3416973690,2252925255,49,KRW
00399694,SOOP,2023,CFS,CIS,포괄손익계산서,dart_OperatingIncomeLoss,영업이익(손실),90309374651,82418820782,6,KRW
00399694,SOOP,2023,CFS,CIS,포괄손익계산서,dart_OtherGains,기타이익,2793917134,2705675059,7,KRW
00399694,SOOP,2023,CFS,CIS,포괄손익계산서,dart_OtherLosses,기타손실,7995444626,5859119014,8,KRW
00399694,SOOP,2023,CFS,CIS,포괄손익계산서,ifrs-full_ProfitLossFromDiscontinuedOperationsAttributableToOrdinaryEquityHoldersOfParentEntity,지배기업의 보통주에 귀속되는 중단영업당기순이익(손실),0,0,10,KRW
00399694,SOOP,2023,CFS,CIS,포괄손익계산서,-표준계정코드 미사용-,관계기업에 대한 지분법손익,-70182379,148411436,11,KRW
00399694,SOOP,2023,CFS,CIS,포괄손익계산서,ifrs-full_ComprehensiveIncomeAttributableToNoncontrollingInterests,"포괄손익, 비지배지분",31222276,-228336047,14,KRW
00399694,SOOP,2023,CFS,CIS,포괄손익계산서,ifrs-full_ComprehensiveIncomeAttributableToOwnersOfParent,"포괄손익, 지배기업의 소유주에게 귀속되는 지분",73031107329,58304918015,15,KRW
00399694,SOOP,2023,CFS,CIS,포괄손익계산서,ifrs-full_BasicEarningsLossPerShareFromContinuingOperations,계속영업기본주당이익(손실),6874,5445,18,KRW
00399694,SOOP,2023,CFS,CIS,포괄손익계산서,ifrs-full_BasicEarningsLossPerShareFromDiscontinuedOperations,중단영업기본주당이익(손실),0,0,19,KRW
00399694,SOOP,2023,CFS,CIS,포괄손익계산서,ifrs-full_DilutedEarningsLossPerShareFromContinuingOperations,계속영업희석주당이익(손실),6837,5372,21,KRW
00399694,SOOP,2023,CFS,CIS,포괄손익계산서,ifrs-full_DilutedEarningsLossPerShareFromDiscontinuedOperations,중단영업희석주당이익(손실),0,0,22,KRW
00399694,SOOP,2023,CFS,CIS,포괄손익계산서,ifrs-full_FinanceCosts,금융원가,929856775,1234431227,23,KRW
00399694,SOOP,2023,CFS,CIS,포괄손익계산서,ifrs-full_FinanceIncome,금융수익,11966037521,4393827103,24,KRW
00399694,SOOP,2023,CFS,CIS,포괄손익계산서,ifrs-full_IncomeTaxExpenseContinuingOperations,법인세비용(수익),21450049845,23060127914,25,KRW
00399694,SOOP,2023,CFS,CIS,포괄손익계산서,ifrs-full_OperatingExpense,영업비용,253706634238,206668429232,26,KRW
00399694,SOOP,2023,CFS,CIS,포괄손익계산서,ifrs-full_OtherComprehensiveIncome,기타포괄손익,-1561466076,-1436474257,27,KRW
00399694,SOOP,2023,CFS,CIS,포괄손익계산서,ifrs-full_OtherComprehensiveIncomeThatWillBeReclassifiedToProfitOrLossNetOfTax,당기손익으로 재분류되는 세후기타포괄손익,144835110,19982541,28,KRW
00399694,SOOP,2023,CFS,CIS,포괄손익계산서,ifrs-full_GainsLossesOnExchangeDifferencesOnTranslationNetOfTax,해외사업장환산손익,144835110,19982541,29,KRW
00399694,SOOP,2023,CFS,CIS,포괄손익계산서,ifrs-full_OtherComprehensiveIncomeThatWillNotBeReclassifiedToProfitOrLossNetOfTax,당기손익으로 재분류 되지않는 세후기타포괄손익,-1706301186,-1456456798,30,KRW
00399694,SOOP,2023,CFS,CIS,포괄손익계산서,dart_OtherComprehensiveIncomeNetOfTaxChangeInFairValueOfFinancialAssetsMeasuredAtFairValueThroughOtherComprehensiveIncome,기타포괄손익-공정가치측정금융자산평가손익,-1706301186,-1456456798,31,KRW
00399694,SOOP,2023,CFS,CIS,포괄손익계산서,ifrs-full_ProfitLoss,당기순이익(손실),74623795681,59513056225,32,KRW
00399694,SOOP,2023,CFS,CIS,포괄손익계산서,ifrs-full_ProfitLossAttributableToNoncontrollingInterests,비지배지분에 귀속되는 당기순이익(손실),31222276,-228336047,34,KRW
00399694,SOOP,2023,CFS,CIS,포괄손익계산서,ifrs-full_ProfitLossAttributableToOwnersOfParent,지배기업의 소유주에게 귀속되는 당기순이익(손실),74592573405,59741392272,35,KRW
00399694,SOOP,2023,CFS,CIS,포괄손익계산서,ifrs-full_ProfitLossBeforeTax,법인세비용차감전순이익(손실),96073845526,82573184139,36,KRW
00399694,SOOP,2023,CFS,CIS,포괄손익계산서,ifrs-full_ProfitLossFromContinuingOperations,계속영업이익(손실),74623795681,59513056225,37,KRW
00399694,SOOP,2023,CFS,CIS,포괄손익계산서,ifrs-full_ProfitLossFromDiscontinuedOperations,중단영업이익(손실),0,0,38,KRW
00399694,SOOP,2023,CFS,CIS,포괄손익계산서,ifrs-full_Revenue,영업수익,344016008889,289087250014,39,KRW
00399694,SOOP,2023,CFS,CF,현금흐름표,dart_CashAndCashEquivalentsAtBeginningOfPeriodCf,기초현금및현금성자산,76594653138,75103091970,2,KRW
00399694,SOOP,2023,CFS,CF,현금흐름표,dart_CashAndCashEquivalentsAtEndOfPeriodCf,기말현금및현금성자산,136289810003,76594653138,3,KRW
00399694,SOOP,2023,CFS,CF,현금흐름표,ifrs-full_CashFlowsFromUsedInFinancingActivities,재무활동현금흐름,-34005467443,-41956960556,8,KRW
00399694,SOOP,2023,CFS,CF,현금흐름표,dart_AcquisitionOfTreasuryShares,자기주식의 취득으로 인한 현금의 유출,18849973800,19965225100,9,KRW
00399694,SOOP,2023,CFS,CF,현금흐름표,dart_DecreaseInGuaranteeDepositsAsFinancialActivities,임대보증금의 감소,75000000,0,10,KRW
00399694,SOOP,2023,CFS,CF,현금흐름표,dart_IncreaseInGuaranteeDepositsAsFinancialActivities,임대보증금의 증가,0,49320000,11,KRW
00399694,SOOP,2023,CFS,CF,현금흐름표,dart_PaymentForConsolidatedCapitalTransactions,연결자본거래로 인한 현금유출,3997500,0,12,KRW
00399694,SOOP,2023,CFS,CF,현금흐름표,dart_PaymentsOfFinanceLeaseLiabilitiesClassifiedAsFinancingActivities,리스부채 원금의 지급,5580413298,4940358266,13,KRW
00399694,SOOP,2023,CFS,CF,현금흐름표,dart_ProceedsFromShortTermBorrowings,단기차입금의 증가,140000000,-1100000000,14,KRW
00399694,SOOP,2023,CFS,CF,현금흐름표,dart_RepaymentsOfLongTermBorrowings,장기차입금의 상환,138200000,0,15,KRW
00399694,SOOP,2023,CFS,CF,현금흐름표,dart_RepaymentsOfShortTermBorrowings,단기차입금의 상환,1539288745,0,16,KRW
00399694,SOOP,2023,CFS,CF,현금흐름표,-표준계정코드 미사용-,주식선택권 행사로 인한 현금유출,-590900,-6063000,17,KRW
00399694,SOOP,2023,CFS,CF,현금흐름표,ifrs-full_DividendsPaidClassifiedAsFinancingActivities,배당금지급,7958003200,8041634190,18,KRW
00399694,SOOP,2023,CFS,CF,현금흐름표,ifrs-full_ProceedsFromIssuingShares,주식의 발행,0,147000000,19,KRW
00399694,SOOP,2023,CFS,CF,현금흐름표,ifrs-full_RepaymentsOfBorrowingsClassifiedAsFinancingActivities,유동성장기차입금의 상환,0,8100000000,20,KRW
00399694,SOOP,2023,CFS,CF,현금흐름표,ifrs-full_CashFlowsFromUsedInInvestingActivities,투자활동현금흐름,-25741425414,-57178713338,21,KRW
00399694,SOOP,2023,CFS,CF,현금흐름표,dart_DecreaseInGuaranteeDeposits,보증금의 감소,505503306,1196298688,22,KRW
00399694,SOOP,2023,CFS,CF,현금흐름표,dart_IncreaseInGuaranteeDeposits,보증금의 증가,45407356,913136559,23,KRW
00399694,SOOP,2023,CFS,CF,현금흐름표,dart_ProceedsFromSalesOfInvestmentsInAssociates,관계기업에 대한 투자자산의 처분,4159600,4130870419,24,KRW
00399694,SOOP,2023,CFS,CF,현금흐름표,dart_ProceedsFromSalesOfLongTermLoansAndReceivables,장기대여금및수취채권의 처분,745354108,633659179,25,KRW
00399694,SOOP,2023,CFS,CF,현금흐름표,dart_ProceedsFromSalesOfNonCurrentAssetsOrDisposalGroupsClassifiedAsHeldForSaleOrAsHeldForDistributionToOwners,매각예정 또는 소유주에 대한 분배예정으로 분류된 비유동자산이나 처분자산집단의 처분,0,0,26,KRW
00399694,SOOP,2023,CFS,CF,현금흐름표,dart_ProceedsFromSalesOfOtherFinancialAssets,기타금융자산의 처분,46549928282,61007859825,27,KRW
00399694,SOOP,2023,CFS,CF,현금흐름표,dart_ProceedsFromSalesOfShortTermLoansAndReceivables,단기대여금및수취채권의 처분,1650039522,202947332,28,KRW
00399694,SOOP,2023,CFS,CF,현금흐름표,dart_PurchaseOfInvestmentsInAssociates,관계기업에 대한 투자자산의 취득,0,0,29,KRW
00399694,SOOP,2023,CFS,CF,현금흐름표,dart_PurchaseOfLongTermLoansAndReceivables,장기대여금및수취채권의 취득,3571000000,1530000000,30,KRW
00399694,SOOP,2023,CFS,CF,현금흐름표,dart_PurchaseOfOtherFinancialAssets,기타금융자산의 취득,41463756550,87280998864,31,KRW
00399694,SOOP,2023,CFS,CF,현금흐름표,dart_PurchaseOfShortTermLoansAndReceivables,단기대여금및수취채권의 취득,428507797,241392195,32,KRW
00399694,SOOP,2023,CFS,CF,현금흐름표,-표준계정코드 미사용-,사업결합으로인한 순현금흐름,-8718561772,-255320672,33,KRW
00399694,SOOP,2023,CFS,CF,현금흐름표,-표준계정코드 미사용-,단기금융상품의 순감소(순증가),-13000000000,-19500000000,34,KRW
00399694,SOOP,2023,CFS,CF,현금흐름표,-표준계정코드 미사용-,투자예치금의 순감소(순증가),397423966,2708595,35,KRW
00399694,SOOP,2023,CFS,CF,현금흐름표,ifrs-full_CashFlowsFromLosingControlOfSubsidiariesOrOtherBusinessesClassifiedAsInvestingActivities,종속기업과 기타 사업의 지배력 상실에 따른 현금흐름,-25858481,0,36,KRW
00399694,SOOP,2023,CFS,CF,현금흐름표,ifrs-full_ProceedsFromSalesOfIntangibleAssetsClassifiedAsInvestingActivities,무형자산의 처분,852357440,0,37,KRW
00399694,SOOP,2023,CFS,CF,현금흐름표,ifrs-full_ProceedsFromSalesOfPropertyPlantAndEquipmentClassifiedAsInvestingActivities,유형자산의 처분,164443637,669912849,38,KRW
00399694,SOOP,2023,CFS,CF,현금흐름표,ifrs-full_PurchaseOfIntangibleAssetsClassifiedAsInvestingActivities,무형자산의 취득,601877650,731428391,39,KRW
00399694,SOOP,2023,CFS,CF,현금흐름표,ifrs-full_PurchaseOfPropertyPlantAndEquipmentClassifiedAsInvestingActivities,유형자산의 취득,8755665669,14570693544,40,KRW
00399694,SOOP,2023,CFS,CF,현금흐름표,ifrs-full_CashFlowsFromUsedInOperatingActivities,영업활동현금흐름,119711252945,100910110641,41,KRW
00399694,SOOP,2023,CFS,CF,현금흐름표,dart_AdjustmentsForAssetsLiabilitiesOfOperatingActivities,영업활동으로 인한 자산 부채의 변동,12250761344,23509343073,42,KRW
00399694,SOOP,2023,CFS,CF,현금흐름표,ifrs-full_AdjustmentsForReconcileProfitLoss,당기순이익조정을 위한 가감,44187214951,49177014652,43,KRW
00399694,SOOP,2023,CFS,CF,현금흐름표,ifrs-full_DividendsReceivedClassifiedAsOperatingActivities,배당금수취(영업),15500000,8830000,44,KRW
00399694,SOOP,2023,CFS,CF,현금흐름표,ifrs-full_IncomeTaxesPaidRefundClassifiedAsOperatingActivities,법인세의 납부,17374320859,32456179754,45,KRW
00399694,SOOP,2023,CFS,CF,현금흐름표,ifrs-full_InterestPaidClassifiedAsOperatingActivities,이자지급(영업),182699055,801648059,46,KRW
00399694,SOOP,2023,CFS,CF,현금흐름표,ifrs-full_InterestReceivedClassifiedAsOperatingActivities,이자의 수취,6191000883,1959694504,47,KRW
00399694,SOOP,2023,CFS,CF,현금흐름표,ifrs-full_ProfitLoss,당기순이익(손실),74623795681,59513056225,48,KRW
00399694,SOOP,2023,CFS,CF,현금흐름표,ifrs-full_EffectOfExchangeRateChangesOnCashAndCashEquivalents,현금및현금성자산에 대한 환율변동효과,-269203223,-282875579,49,KRW
00399694,SOOP,2023,CFS,CF,현금흐름표,ifrs-full_IncreaseDecreaseInCashAndCashEquivalentsBeforeEffectOfExchangeRateChanges,환율변동효과 반영전 현금및현금성자산의 순증가(감소),59964360088,1774436747,50,KRW
00399694,SOOP,2023,CFS,SCE,자본변동표,dart_ChangesInConsolidatedCompanies,연결대상범위의 변동,2101855810,0,3,KRW
00399694,SOOP,2023,CFS,SCE,자본변동표,dart_ChangesInConsolidatedCompanies,연결대상범위의 변동,1880619262,0,3,KRW
00399694,SOOP,2023,CFS,SCE,자본변동표,dart_ChangesInConsolidatedCompanies,연결대상범위의 변동,221236548,0,3,KRW
00399694,SOOP,2023,CFS,SCE,자본변동표,dart_ChangesInConsolidatedCompanies,연결대상범위의 변동,221236548,0,3,KRW
00399694,SOOP,2023,CFS,SCE,자본변동표,dart_ChangesInConsolidatedCompanies,연결대상범위의 변동,0,0,3,KRW
00399694,SOOP,2023,CFS,SCE,자본변동표,dart_ChangesInConsolidatedCompanies,연결대상범위의 변동,0,0,3,KRW
00399694,SOOP,2023,CFS,SCE,자본변동표,dart_ChangesInConsolidatedCompanies,연결대상범위의 변동,0,0,3,KRW
00399694,SOOP,2023,CFS,SCE,자본변동표,dart_ChangesInConsolidatedCompanies,연결대상범위의 변동,0,0,3,KRW
00399694,SOOP,2023,CFS,SCE,자본변동표,dart_EquityAtBeginningOfPeriod,기초자본,241145144723,209308904984,4,KRW
00399694,SOOP,2023,CFS,SCE,자본변동표,dart_EquityAtBeginningOfPeriod,기초자본,29485799,117845574,4,KRW
00399694,SOOP,2023,CFS,SCE,자본변동표,dart_EquityAtBeginningOfPeriod,기초자본,241174630522,209426750558,4,KRW
00399694,SOOP,2023,CFS,SCE,자본변동표,dart_EquityAtBeginningOfPeriod,기초자본,-29145906142,-10717922286,4,KRW
00399694,SOOP,2023,CFS,SCE,자본변동표,dart_EquityAtBeginningOfPeriod,기초자본,48014211643,48008003643,4,KRW
00399694,SOOP,2023,CFS,SCE,자본변동표,dart_EquityAtBeginningOfPeriod,기초자본,5747383500,5747383500,4,KRW
00399694,SOOP,2023,CFS,SCE,자본변동표,dart_EquityAtBeginningOfPeriod,기초자본,221989216093,170370523468,4,KRW
00399694,SOOP,2023,CFS,SCE,자본변동표,dart_EquityAtBeginningOfPeriod,기초자본,-5459760371,-4099083341,4,KRW
00399694,SOOP,2023,CFS,SCE,자본변동표,dart_ExpenseFromSharebasedPaymentTransactionsWithEmployeesSellingGeneralAdministrativeExpenses,주식보상비용,4160672709,3045333254,5,KRW
00399694,SOOP,2023,CFS,SCE,자본변동표,dart_ExpenseFromSharebasedPaymentTransactionsWithEmployeesSellingGeneralAdministrativeExpenses,주식보상비용,0,0,5,KRW
00399694,SOOP,2023,CFS,SCE,자본변동표,dart_ExpenseFromSharebasedPaymentTransactionsWithEmployeesSellingGeneralAdministrativeExpenses,주식보상비용,4160672709,3045333254,5,KRW
00399694,SOOP,2023,CFS,SCE,자본변동표,dart_ExpenseFromSharebasedPaymentTransactionsWithEmployeesSellingGeneralAdministrativeExpenses,주식보상비용,0,0,5,KRW
00399694,SOOP,2023,CFS,SCE,자본변동표,dart_ExpenseFromSharebasedPaymentTransactionsWithEmployeesSellingGeneralAdministrativeExpenses,주식보상비용,0,0,5,KRW
00399694,SOOP,2023,CFS,SCE,자본변동표,dart_ExpenseFromSharebasedPaymentTransactionsWithEmployeesSellingGeneralAdministrativeExpenses,주식보상비용,0,0,5,KRW
00399694,SOOP,2023,CFS,SCE,자본변동표,dart_ExpenseFromSharebasedPaymentTransactionsWithEmployeesSellingGeneralAdministrativeExpenses,주식보상비용,4160672709,3045333254,5,KRW
00399694,SOOP,2023,CFS,SCE,자본변동표,dart_ExpenseFromSharebasedPaymentTransactionsWithEmployeesSellingGeneralAdministrativeExpenses,주식보상비용,0,0,5,KRW
00399694,SOOP,2023,CFS,SCE,자본변동표,dart_OtherComprehensiveIncomeNetOfTaxChangeInFairValueOfFinancialAssetsMeasuredAtFairValueThroughOtherComprehensiveIncome,기타포괄손익-공정가치측정금융자산평가손익,-1706301186,-1456456798,6,KRW
00399694,SOOP,2023,CFS,SCE,자본변동표,dart_OtherComprehensiveIncomeNetOfTaxChangeInFairValueOfFinancialAssetsMeasuredAtFairValueThroughOtherComprehensiveIncome,기타포괄손익-공정가치측정금융자산평가손익,0,0,6,KRW
00399694,SOOP,2023,CFS,SCE,자본변동표,dart_OtherComprehensiveIncomeNetOfTaxChangeInFairValueOfFinancialAssetsMeasuredAtFairValueThroughOtherComprehensiveIncome,기타포괄손익-공정가치측정금융자산평가손익,-1706301186,-1456456798,6,KRW
00399694,SOOP,2023,CFS,SCE,자본변동표,dart_OtherComprehensiveIncomeNetOfTaxChangeInFairValueOfFinancialAssetsMeasuredAtFairValueThroughOtherComprehensiveIncome,기타포괄손익-공정가치측정금융자산평가손익,0,0,6,KRW
00399694,SOOP,2023,CFS,SCE,자본변동표,dart_OtherComprehensiveIncomeNetOfTaxChangeInFairValueOfFinancialAssetsMeasuredAtFairValueThroughOtherComprehensiveIncome,기타포괄손익-공정가치측정금융자산평가손익,0,0,6,KRW
00399694,SOOP,2023,CFS,SCE,자본변동표,dart_OtherComprehensiveIncomeNetOfTaxChangeInFairValueOfFinancialAssetsMeasuredAtFairValueThroughOtherComprehensiveIncome,기타포괄손익-공정가치측정금융자산평가손익,0,0,6,KRW
00399694,SOOP,2023,CFS,SCE,자본변동표,dart_OtherComprehensiveIncomeNetOfTaxChangeInFairValueOfFinancialAssetsMeasuredAtFairValueThroughOtherComprehensiveIncome,기타포괄손익-공정가치측정금융자산평가손익,0,0,6,KRW
00399694,SOOP,2023,CFS,SCE,자본변동표,dart_OtherComprehensiveIncomeNetOfTaxChangeInFairValueOfFinancialAssetsMeasuredAtFairValueThroughOtherComprehensiveIncome,기타포괄손익-공정가치측정금융자산평가손익,-1706301186,-1456456798,6,KRW
00399694,SOOP,2023,CFS,SCE,자본변동표,dart_TreasuryShareTransactions,자기주식 거래로 인한 증감,-18849973800,-19965225100,7,KRW
00399694,SOOP,2023,CFS,SCE,자본변동표,dart_TreasuryShareTransactions,자기주식 거래로 인한 증감,0,0,7,KRW
00399694,SOOP,2023,CFS,SCE,자본변동표,dart_TreasuryShareTransactions,자기주식 거래로 인한 증감,-18849973800,-19965225100,7,KRW
00399694,SOOP,2023,CFS,SCE,자본변동표,dart_TreasuryShareTransactions,자기주식 거래로 인한 증감,-18849973800,-19965225100,7,KRW
00399694,SOOP,2023,CFS,SCE,자본변동표,dart_TreasuryShareTransactions,자기주식 거래로 인한 증감,0,0,7,KRW
00399694,SOOP,2023,CFS,SCE,자본변동표,dart_TreasuryShareTransactions,자기주식 거래로 인한 증감,0,0,7,KRW
00399694,SOOP,2023,CFS,SCE,자본변동표,dart_TreasuryShareTransactions,자기주식 거래로 인한 증감,0,0,7,KRW
00399694,SOOP,2023,CFS,SCE,자본변동표,dart_TreasuryShareTransactions,자기주식 거래로 인한 증감,0,0,7,KRW
00399694,SOOP,2023,CFS,SCE,자본변동표,-표준계정코드 미사용-,기타포괄손익-공정가치측정금융자산평가손익 대체,0,0,8,KRW
00399694,SOOP,2023,CFS,SCE,자본변동표,-표준계정코드 미사용-,기타포괄손익-공정가치측정금융자산평가손익 대체,0,0,8,KRW
00399694,SOOP,2023,CFS,SCE,자본변동표,-표준계정코드 미사용-,기타포괄손익-공정가치측정금융자산평가손익 대체,0,0,8,KRW
00399694,SOOP,2023,CFS,SCE,자본변동표,-표준계정코드 미사용-,기타포괄손익-공정가치측정금융자산평가손익 대체,0,0,8,KRW
00399694,SOOP,2023,CFS,SCE,자본변동표,-표준계정코드 미사용-,기타포괄손익-공정가치측정금융자산평가손익 대체,0,0,8,KRW
00399694,SOOP,2023,CFS,SCE,자본변동표,-표준계정코드 미사용-,기타포괄손익-공정가치측정금융자산평가손익 대체,0,0,8,KRW
00399694,SOOP,2023,CFS,SCE,자본변동표,-표준계정코드 미사용-,기타포괄손익-공정가치측정금융자산평가손익 대체,-224414562,-75797227,8,KRW
00399694,SOOP,2023,CFS,SCE,자본변동표,-표준계정코드 미사용-,기타포괄손익-공정가치측정금융자산평가손익 대체,224414562,75797227,8,KRW
00399694,SOOP,2023,CFS,SCE,자본변동표,ifrs-full_DividendsPaid,소유주에 대한 배분으로 인식된 배당금,7963271430,8046902420,9,KRW
00399694,SOOP,2023,CFS,SCE,자본변동표,ifrs-full_DividendsPaid,소유주에 대한 배분으로 인식된 배당금,0,0,9,KRW
00399694,SOOP,2023,CFS,SCE,자본변동표,ifrs-full_DividendsPaid,소유주에 대한 배분으로 인식된 배당금,7963271430,8046902420,9,KRW
00399694,SOOP,2023,CFS,SCE,자본변동표,ifrs-full_DividendsPaid,소유주에 대한 배분으로 인식된 배당금,0,0,9,KRW
00399694,SOOP,2023,CFS,SCE,자본변동표,ifrs-full_DividendsPaid,소유주에 대한 배분으로 인식된 배당금,0,0,9,KRW
00399694,SOOP,2023,CFS,SCE,자본변동표,ifrs-full_DividendsPaid,소유주에 대한 배분으로 인식된 배당금,7963271430,8046902420,9,KRW
00399694,SOOP,2023,CFS,SCE,자본변동표,ifrs-full_DividendsPaid,소유주에 대한 배분으로 인식된 배당금,0,0,9,KRW
00399694,SOOP,2023,CFS,SCE,자본변동표,ifrs-full_DividendsPaid,소유주에 대한 배분으로 인식된 배당금,0,0,9,KRW
00399694,SOOP,2023,CFS,SCE,자본변동표,ifrs-full_Equity,자본총계,293346003262,241174630522,10,KRW
00399694,SOOP,2023,CFS,SCE,자본변동표,ifrs-full_Equity,자본총계,2102174093,29485799,10,KRW
00399694,SOOP,2023,CFS,SCE,자본변동표,ifrs-full_Equity,자본총계,291243829169,241145144723,10,KRW
00399694,SOOP,2023,CFS,SCE,자본변동표,ifrs-full_Equity,자본총계,-44139862595,-29145906142,10,KRW
00399694,SOOP,2023,CFS,SCE,자본변동표,ifrs-full_Equity,자본총계,-6796811885,-5459760371,10,KRW
00399694,SOOP,2023,CFS,SCE,자본변동표,ifrs-full_Equity,자본총계,288394103506,221989216093,10,KRW
00399694,SOOP,2023,CFS,SCE,자본변동표,ifrs-full_Equity,자본총계,5747383500,5747383500,10,KRW
00399694,SOOP,2023,CFS,SCE,자본변동표,ifrs-full_Equity,자본총계,48039016643,48014211643,10,KRW
00399694,SOOP,2023,CFS,SCE,자본변동표,ifrs-full_IncreaseDecreaseThroughChangesInOwnershipInterestsInSubsidiariesThatDoNotResultInLossOfControl,비지배지분의 변동,-139665832,15018728,11,KRW
00399694,SOOP,2023,CFS,SCE,자본변동표,ifrs-full_IncreaseDecreaseThroughChangesInOwnershipInterestsInSubsidiariesThatDoNotResultInLossOfControl,비지배지분의 변동,160846756,-7023728,11,KRW
00399694,SOOP,2023,CFS,SCE,자본변동표,ifrs-full_IncreaseDecreaseThroughChangesInOwnershipInterestsInSubsidiariesThatDoNotResultInLossOfControl,비지배지분의 변동,0,0,11,KRW
00399694,SOOP,2023,CFS,SCE,자본변동표,ifrs-full_IncreaseDecreaseThroughChangesInOwnershipInterestsInSubsidiariesThatDoNotResultInLossOfControl,비지배지분의 변동,0,0,11,KRW
00399694,SOOP,2023,CFS,SCE,자본변동표,ifrs-full_IncreaseDecreaseThroughChangesInOwnershipInterestsInSubsidiariesThatDoNotResultInLossOfControl,비지배지분의 변동,0,0,11,KRW
00399694,SOOP,2023,CFS,SCE,자본변동표,ifrs-full_IncreaseDecreaseThroughChangesInOwnershipInterestsInSubsidiariesThatDoNotResultInLossOfControl,비지배지분의 변동,0,0,11,KRW
00399694,SOOP,2023,CFS,SCE,자본변동표,ifrs-full_IncreaseDecreaseThroughChangesInOwnershipInterestsInSubsidiariesThatDoNotResultInLossOfControl,비지배지분의 변동,-139665832,15018728,11,KRW
00399694,SOOP,2023,CFS,SCE,자본변동표,ifrs-full_IncreaseDecreaseThroughChangesInOwnershipInterestsInSubsidiariesThatDoNotResultInLossOfControl,비지배지분의 변동,21180924,7995000,11,KRW
00399694,SOOP,2023,CFS,SCE,자본변동표,ifrs-full_IncreaseDecreaseThroughSharebasedPaymentTransactions,주식기준보상거래에 따른 증가(감소),-361421078,-1516902738,12,KRW
00399694,SOOP,2023,CFS,SCE,자본변동표,ifrs-full_IncreaseDecreaseThroughSharebasedPaymentTransactions,주식기준보상거래에 따른 증가(감소),0,0,12,KRW
00399694,SOOP,2023,CFS,SCE,자본변동표,ifrs-full_IncreaseDecreaseThroughSharebasedPaymentTransactions,주식기준보상거래에 따른 증가(감소),0,0,12,KRW
00399694,SOOP,2023,CFS,SCE,자본변동표,ifrs-full_IncreaseDecreaseThroughSharebasedPaymentTransactions,주식기준보상거래에 따른 증가(감소),0,0,12,KRW
00399694,SOOP,2023,CFS,SCE,자본변동표,ifrs-full_IncreaseDecreaseThroughSharebasedPaymentTransactions,주식기준보상거래에 따른 증가(감소),-386226078,-1523110738,12,KRW
00399694,SOOP,2023,CFS,SCE,자본변동표,ifrs-full_IncreaseDecreaseThroughSharebasedPaymentTransactions,주식기준보상거래에 따른 증가(감소),-361421078,-1516902738,12,KRW
00399694,SOOP,2023,CFS,SCE,자본변동표,ifrs-full_IncreaseDecreaseThroughSharebasedPaymentTransactions,주식기준보상거래에 따른 증가(감소),0,0,12,KRW
00399694,SOOP,2023,CFS,SCE,자본변동표,ifrs-full_IncreaseDecreaseThroughSharebasedPaymentTransactions,주식기준보상거래에 따른 증가(감소),24805000,6208000,12,KRW
00399694,SOOP,2023,CFS,SCE,자본변동표,ifrs-full_IssueOfEquity,지분의 발행,0,0,13,KRW
00399694,SOOP,2023,CFS,SCE,자본변동표,ifrs-full_IssueOfEquity,지분의 발행,0,147000000,13,KRW
00399694,SOOP,2023,CFS,SCE,자본변동표,ifrs-full_IssueOfEquity,지분의 발행,0,147000000,13,KRW
00399694,SOOP,2023,CFS,SCE,자본변동표,ifrs-full_IssueOfEquity,지분의 발행,0,0,13,KRW
00399694,SOOP,2023,CFS,SCE,자본변동표,ifrs-full_IssueOfEquity,지분의 발행,0,0,13,KRW
00399694,SOOP,2023,CFS,SCE,자본변동표,ifrs-full_IssueOfEquity,지분의 발행,0,0,13,KRW
00399694,SOOP,2023,CFS,SCE,자본변동표,ifrs-full_IssueOfEquity,지분의 발행,0,0,13,KRW
00399694,SOOP,2023,CFS,SCE,자본변동표,ifrs-full_IssueOfEquity,지분의 발행,0,0,13,KRW
00399694,SOOP,2023,CFS,SCE,자본변동표,ifrs-full_OtherComprehensiveIncomeNetOfTaxExchangeDifferencesOnTranslation,해외사업장환산손익,144835110,19982541,14,KRW
00399694,SOOP,2023,CFS,SCE,자본변동표,ifrs-full_OtherComprehensiveIncomeNetOfTaxExchangeDifferencesOnTranslation,해외사업장환산손익,0,0,14,KRW
00399694,SOOP,2023,CFS,SCE,자본변동표,ifrs-full_OtherComprehensiveIncomeNetOfTaxExchangeDifferencesOnTranslation,해외사업장환산손익,0,0,14,KRW
00399694,SOOP,2023,CFS,SCE,자본변동표,ifrs-full_OtherComprehensiveIncomeNetOfTaxExchangeDifferencesOnTranslation,해외사업장환산손익,0,0,14,KRW
00399694,SOOP,2023,CFS,SCE,자본변동표,ifrs-full_OtherComprehensiveIncomeNetOfTaxExchangeDifferencesOnTranslation,해외사업장환산손익,0,0,14,KRW
00399694,SOOP,2023,CFS,SCE,자본변동표,ifrs-full_OtherComprehensiveIncomeNetOfTaxExchangeDifferencesOnTranslation,해외사업장환산손익,144835110,19982541,14,KRW
00399694,SOOP,2023,CFS,SCE,자본변동표,ifrs-full_OtherComprehensiveIncomeNetOfTaxExchangeDifferencesOnTranslation,해외사업장환산손익,0,0,14,KRW
00399694,SOOP,2023,CFS,SCE,자본변동표,ifrs-full_OtherComprehensiveIncomeNetOfTaxExchangeDifferencesOnTranslation,해외사업장환산손익,144835110,19982541,14,KRW
00399694,SOOP,2023,CFS,SCE,자본변동표,ifrs-full_ProfitLoss,당기순이익(손실),74623795681,59513056225,15,KRW
00399694,SOOP,2023,CFS,SCE,자본변동표,ifrs-full_ProfitLoss,당기순이익(손실),0,0,15,KRW
00399694,SOOP,2023,CFS,SCE,자본변동표,ifrs-full_ProfitLoss,당기순이익(손실),0,0,15,KRW
00399694,SOOP,2023,CFS,SCE,자본변동표,ifrs-full_ProfitLoss,당기순이익(손실),74592573405,59741392272,15,KRW
00399694,SOOP,2023,CFS,SCE,자본변동표,ifrs-full_ProfitLoss,당기순이익(손실),0,0,15,KRW
00399694,SOOP,2023,CFS,SCE,자본변동표,ifrs-full_ProfitLoss,당기순이익(손실),74592573405,59741392272,15,KRW
00399694,SOOP,2023,CFS,SCE,자본변동표,ifrs-full_ProfitLoss,당기순이익(손실),31222276,-228336047,15,KRW
00399694,SOOP,2023,CFS,SCE,자본변동표,ifrs-full_ProfitLoss,당기순이익(손실),0,0,15,KRW
00399694,SOOP,2023,OFS,BS,재무상태표,ifrs-full_Assets,자산총계,543387374366,450590568204,7,KRW
00399694,SOOP,2023,OFS,BS,재무상태표,ifrs-full_CurrentAssets,유동자산,454682110492,358294628024,8,KRW
00399694,SOOP,2023,OFS,BS,재무상태표,ifrs-full_CashAndCashEquivalents,현금및현금성자산,119368732289,66729160064,9,KRW
00399694,SOOP,2023,OFS,BS,재무상태표,ifrs-full_OtherCurrentAssets,기타유동자산,1070406411,3115109894,10,KRW
00399694,SOOP,2023,OFS,BS,재무상태표,ifrs-full_OtherCurrentFinancialAssets,기타유동금융자산,152834058237,143276916395,11,KRW
00399694,SOOP,2023,OFS,BS,재무상태표,ifrs-full_ShorttermDepositsNotClassifiedAsCashEquivalents,단기금융상품,73000000000,60000000000,12,KRW
00399694,SOOP,2023,OFS,BS,재무상태표,ifrs-full_TradeAndOtherCurrentReceivables,매출채권 및 기타채권,108408913555,85173441671,13,KRW
00399694,SOOP,2023,OFS,BS,재무상태표,ifrs-full_NoncurrentAssets,비유동자산,88705263874,92295940180,14,KRW
00399694,SOOP,2023,OFS,BS,재무상태표,dart_LongTermTradeAndOtherNonCurrentReceivablesGross,기타비유동채권,8247694970,6917660028,15,KRW
00399694,SOOP,2023,OFS,BS,재무상태표,ifrs-full_DeferredTaxAssets,이연법인세자산,6799291156,5620138232,16,KRW
00399694,SOOP,2023,OFS,BS,재무상태표,ifrs-full_IntangibleAssetsAndGoodwill,무형자산,4502037879,5109296985,17,KRW
00399694,SOOP,2023,OFS,BS,재무상태표,ifrs-full_InvestmentsInSubsidiariesJointVenturesAndAssociates,"종속기업, 공동기업과 관계기업에 대한 투자자산",20839050331,10261800733,18,KRW
00399694,SOOP,2023,OFS,BS,재무상태표,ifrs-full_OtherNoncurrentFinancialAssets,기타비유동금융자산,9082174938,20671157149,19,KRW
00399694,SOOP,2023,OFS,BS,재무상태표,ifrs-full_PropertyPlantAndEquipment,유형자산,34590171874,37446002251,20,KRW
00399694,SOOP,2023,OFS,BS,재무상태표,ifrs-full_RightofuseAssets,사용권자산,4644842726,6269884802,21,KRW
00399694,SOOP,2023,OFS,BS,재무상태표,dart_CapitalSurplus,자본잉여금,48039016643,48014211643,23,KRW
00399694,SOOP,2023,OFS,BS,재무상태표,dart_ElementsOfOtherStockholdersEquity,기타자본구성요소,-43070818270,-27965336565,24,KRW
00399694,SOOP,2023,OFS,BS,재무상태표,dart_OtherComprehensiveIncomeLossAccumulatedAmount,기타포괄손익누계액,-6851770369,-5369883745,25,KRW
00399694,SOOP,2023,OFS,BS,재무상태표,ifrs-full_Equity,자본총계,292125063793,238557601117,26,KRW
00399694,SOOP,2023,OFS,BS,재무상태표,ifrs-full_IssuedCapital,자본금,5747383500,5747383500,27,KRW
00399694,SOOP,2023,OFS,BS,재무상태표,ifrs-full_RetainedEarnings,이익잉여금(결손금),288261252289,218131226284,28,KRW
00399694,SOOP,2023,OFS,BS,재무상태표,ifrs-full_EquityAndLiabilities,자본과부채총계,543387374366,450590568204,29,KRW
00399694,SOOP,2023,OFS,BS,재무상태표,ifrs-full_CurrentLiabilities,유동부채,247846913075,207169699501,31,KRW
00399694,SOOP,2023,OFS,BS,재무상태표,dart_CurrentDerivativeLiabilities,유동파생상품부채,0,0,32,KRW
00399694,SOOP,2023,OFS,BS,재무상태표,ifrs-full_CurrentLeaseLiabilities,유동 리스부채,4157052402,3945768037,33,KRW
00399694,SOOP,2023,OFS,BS,재무상태표,ifrs-full_CurrentProvisions,유동충당부채,1462331456,2679017074,34,KRW
00399694,SOOP,2023,OFS,BS,재무상태표,ifrs-full_CurrentTaxLiabilities,당기법인세부채,17486611698,12740257832,35,KRW
00399694,SOOP,2023,OFS,BS,재무상태표,ifrs-full_OtherCurrentLiabilities,기타 유동부채,17939021479,14949576261,36,KRW
00399694,SOOP,2023,OFS,BS,재무상태표,ifrs-full_ShorttermBorrowings,유동 차입금,0,0,37,KRW
00399694,SOOP,2023,OFS,BS,재무상태표,ifrs-full_TradeAndOtherCurrentPayables,매입채무 및 기타유동채무,206801896040,172855080297,38,KRW
00399694,SOOP,2023,OFS,BS,재무상태표,ifrs-full_Liabilities,부채총계,251262310573,212032967087,39,KRW
00399694,SOOP,2023,OFS,BS,재무상태표,ifrs-full_NoncurrentLiabilities,비유동부채,3415397498,4863267586,40,KRW
00399694,SOOP,2023,OFS,BS,재무상태표,dart_LongTermTradeAndOtherNonCurrentPayables,장기매입채무 및 기타비유동채무,10000000,178900000,41,KRW
00399694,SOOP,2023,OFS,BS,재무상태표,ifrs-full_NoncurrentLeaseLiabilities,비유동 리스부채,482186090,2530957538,42,KRW
00399694,SOOP,2023,OFS,BS,재무상태표,ifrs-full_NoncurrentProvisions,비유동충당부채,2923211408,2153410048,43,KRW
00399694,SOOP,2023,OFS,CIS,포괄손익계산서,dart_OperatingIncomeLoss,영업이익(손실),94198864283,89475000152,6,KRW
00399694,SOOP,2023,OFS,CIS,포괄손익계산서,dart_OtherGains,기타이익,4435588697,1954807933,7,KRW
00399694,SOOP,2023,OFS,CIS,포괄손익계산서,dart_OtherLosses,기타손실,10631486941,11796052935,8,KRW
00399694,SOOP,2023,OFS,CIS,포괄손익계산서,ifrs-full_ComprehensiveIncome,총포괄손익,76611410811,56530772157,9,KRW
00399694,SOOP,2023,OFS,CIS,포괄손익계산서,ifrs-full_BasicEarningsLossPerShare,기본주당이익(손실),7218,5285,11,KRW
00399694,SOOP,2023,OFS,CIS,포괄손익계산서,ifrs-full_DilutedEarningsLossPerShare,희석주당이익(손실),7179,5214,12,KRW
00399694,SOOP,2023,OFS,CIS,포괄손익계산서,ifrs-full_FinanceCosts,금융원가,341597802,714368246,13,KRW
00399694,SOOP,2023,OFS,CIS,포괄손익계산서,ifrs-full_FinanceIncome,금융수익,11879022693,4761560596,14,KRW
00399694,SOOP,2023,OFS,CIS,포괄손익계산서,ifrs-full_IncomeTaxExpenseContinuingOperations,법인세비용(수익),21222678933,25693718545,15,KRW
00399694,SOOP,2023,OFS,CIS,포괄손익계산서,ifrs-full_OperatingExpense,영업비용,228377703075,188975587161,16,KRW
00399694,SOOP,2023,OFS,CIS,포괄손익계산서,ifrs-full_OtherComprehensiveIncome,기타포괄손익,-1706301186,-1456456798,17,KRW
00399694,SOOP,2023,OFS,CIS,포괄손익계산서,ifrs-full_OtherComprehensiveIncomeThatWillNotBeReclassifiedToProfitOrLossNetOfTax,당기손익으로 재분류 되지않는 세후기타포괄손익,-1706301186,-1456456798,18,KRW
00399694,SOOP,2023,OFS,CIS,포괄손익계산서,dart_OtherComprehensiveIncomeNetOfTaxChangeInFairValueOfFinancialAssetsMeasuredAtFairValueThroughOtherComprehensiveIncome,기타포괄손익-공정가치측정금융자산평가손익,-1706301186,-1456456798,19,KRW
00399694,SOOP,2023,OFS,CIS,포괄손익계산서,ifrs-full_ProfitLoss,당기순이익(손실),78317711997,57987228955,20,KRW
00399694,SOOP,2023,OFS,CIS,포괄손익계산서,ifrs-full_ProfitLossBeforeTax,법인세비용차감전순이익(손실),99540390930,83680947500,21,KRW
00399694,SOOP,2023,OFS,CIS,포괄손익계산서,ifrs-full_ProfitLossFromContinuingOperations,계속영업이익(손실),78317711997,57987228955,22,KRW
00399694,SOOP,2023,OFS,CIS,포괄손익계산서,ifrs-full_ProfitLossFromDiscontinuedOperations,중단영업이익(손실),0,0,23,KRW
00399694,SOOP,2023,OFS,CIS,포괄손익계산서,ifrs-full_Revenue,영업수익,322576567358,278450587313,24,KRW
00399694,SOOP,2023,OFS,CF,현금흐름표,dart_CashAndCashEquivalentsAtBeginningOfPeriodCf,기초현금및현금성자산,66729160064,66490619176,2,KRW
00399694,SOOP,2023,OFS,CF,현금흐름표,dart_CashAndCashEquivalentsAtEndOfPeriodCf,기말현금및현금성자산,119368732289,66729160064,3,KRW
00399694,SOOP,2023,OFS,CF,현금흐름표,ifrs-full_CashFlowsFromUsedInFinancingActivities,재무활동현금흐름,-31969396492,-33579638068,8,KRW
00399694,SOOP,2023,OFS,CF,현금흐름표,dart_AcquisitionOfTreasuryShares,자기주식의 취득으로 인한 현금의 유출,18849973800,19965225100,9,KRW
00399694,SOOP,2023,OFS,CF,현금흐름표,dart_DecreaseInGuaranteeDepositsAsFinancialActivities,임대보증금의 감소,0,71000000,10,KRW
00399694,SOOP,2023,OFS,CF,현금흐름표,dart_IncreaseInGuaranteeDepositsAsFinancialActivities,임대보증금의 증가,0,98900000,11,KRW
00399694,SOOP,2023,OFS,CF,현금흐름표,dart_PaymentsOfFinanceLeaseLiabilitiesClassifiedAsFinancingActivities,리스부채 원금의 지급,5160828592,4594615778,12,KRW
00399694,SOOP,2023,OFS,CF,현금흐름표,dart_RepaymentsOfShortTermBorrowings,단기차입금의 상환,0,1000000000,13,KRW
00399694,SOOP,2023,OFS,CF,현금흐름표,-표준계정코드 미사용-,주식선택권 행사로 인한 유출,-590900,-6063000,14,KRW
00399694,SOOP,2023,OFS,CF,현금흐름표,ifrs-full_DividendsPaidClassifiedAsFinancingActivities,배당금지급,7958003200,8041634190,15,KRW
00399694,SOOP,2023,OFS,CF,현금흐름표,ifrs-full_CashFlowsFromUsedInInvestingActivities,투자활동현금흐름,-37893436984,-75908697213,16,KRW
00399694,SOOP,2023,OFS,CF,현금흐름표,dart_DecreaseInGuaranteeDeposits,보증금의 감소,440150000,107410000,17,KRW
00399694,SOOP,2023,OFS,CF,현금흐름표,dart_IncreaseInGuaranteeDeposits,보증금의 증가,3000000,889371860,18,KRW
00399694,SOOP,2023,OFS,CF,현금흐름표,dart_ProceedsFromSalesOfInvestmentsInSubsidiariesJointVenturesAndAssociates,종속관계기업 및 공동기업투자의 처분,0,4130870419,19,KRW
00399694,SOOP,2023,OFS,CF,현금흐름표,dart_ProceedsFromSalesOfLongTermLoansAndReceivables,장기대여금및수취채권의 처분,735287614,633659179,20,KRW
00399694,SOOP,2023,OFS,CF,현금흐름표,dart_ProceedsFromSalesOfOtherFinancialAssets,기타금융자산의 처분,46201831103,60557237813,21,KRW
00399694,SOOP,2023,OFS,CF,현금흐름표,dart_ProceedsFromSalesOfShortTermLoansAndReceivables,단기대여금및수취채권의 처분,250575172,214744532,22,KRW
00399694,SOOP,2023,OFS,CF,현금흐름표,dart_PurchaseOfLongTermLoansAndReceivables,장기대여금및수취채권의 취득,3550000000,1530000000,23,KRW
00399694,SOOP,2023,OFS,CF,현금흐름표,dart_PurchaseOfOtherFinancialAssets,기타금융자산의 취득,41424896286,86793631464,24,KRW
00399694,SOOP,2023,OFS,CF,현금흐름표,dart_PurchaseOfShortTermFinancialInstruments,단기금융상품의 취득,13000000000,20000000000,25,KRW
00399694,SOOP,2023,OFS,CF,현금흐름표,dart_PurchaseOfShortTermLoansAndReceivables,단기대여금및수취채권의 취득,1048000000,2853000000,26,KRW
00399694,SOOP,2023,OFS,CF,현금흐름표,-표준계정코드 미사용-,파생금융상품부채의 정산,0,-8851032000,27,KRW
00399694,SOOP,2023,OFS,CF,현금흐름표,ifrs-full_ProceedsFromSalesOfIntangibleAssetsClassifiedAsInvestingActivities,무형자산의 처분,367272727,0,28,KRW
00399694,SOOP,2023,OFS,CF,현금흐름표,ifrs-full_ProceedsFromSalesOfPropertyPlantAndEquipmentClassifiedAsInvestingActivities,유형자산의 처분,52727273,34090909,29,KRW
00399694,SOOP,2023,OFS,CF,현금흐름표,ifrs-full_PurchaseOfIntangibleAssetsClassifiedAsInvestingActivities,무형자산의 취득,601877650,729469610,30,KRW
00399694,SOOP,2023,OFS,CF,현금흐름표,ifrs-full_PurchaseOfInterestsInInvestmentsAccountedForUsingEquityMethod,지분법적용 투자지분의 취득,17791901341,5489237565,31,KRW
00399694,SOOP,2023,OFS,CF,현금흐름표,ifrs-full_PurchaseOfPropertyPlantAndEquipmentClassifiedAsInvestingActivities,유형자산의 취득,8521605596,14450967566,32,KRW
00399694,SOOP,2023,OFS,CF,현금흐름표,ifrs-full_CashFlowsFromUsedInOperatingActivities,영업활동현금흐름,122719697235,110045550876,33,KRW
00399694,SOOP,2023,OFS,CF,현금흐름표,dart_AdjustmentsForAssetsLiabilitiesOfOperatingActivities,영업활동으로 인한 자산 부채의 변동,12487807779,26137860576,34,KRW
00399694,SOOP,2023,OFS,CF,현금흐름표,ifrs-full_AdjustmentsForReconcileProfitLoss,당기순이익조정을 위한 가감,42452063916,56109599486,35,KRW
00399694,SOOP,2023,OFS,CF,현금흐름표,ifrs-full_DividendsReceivedClassifiedAsOperatingActivities,배당금수취(영업),15500000,8830000,36,KRW
00399694,SOOP,2023,OFS,CF,현금흐름표,ifrs-full_IncomeTaxesPaidRefundClassifiedAsOperatingActivities,법인세의 납부,16849556623,32231677846,37,KRW
00399694,SOOP,2023,OFS,CF,현금흐름표,ifrs-full_InterestPaidClassifiedAsOperatingActivities,이자지급(영업),0,21384928,38,KRW
00399694,SOOP,2023,OFS,CF,현금흐름표,ifrs-full_InterestReceivedClassifiedAsOperatingActivities,이자의 수취,6296170166,2055094633,39,KRW
00399694,SOOP,2023,OFS,CF,현금흐름표,ifrs-full_ProfitLoss,당기순이익(손실),78317711997,57987228955,40,KRW
00399694,SOOP,2023,OFS,CF,현금흐름표,ifrs-full_EffectOfExchangeRateChangesOnCashAndCashEquivalents,현금및현금성자산에 대한 환율변동효과,-217291534,-318674707,41,KRW
00399694,SOOP,2023,OFS,CF,현금흐름표,ifrs-full_IncreaseDecreaseInCashAndCashEquivalentsBeforeEffectOfExchangeRateChanges,환율변동효과 반영전 현금및현금성자산의 순증가(감소),52856863759,557215595,42,KRW
00399694,SOOP,2023,OFS,SCE,자본변동표,dart_EquityAtBeginningOfPeriod,기초자본,5747383500,5747383500,3,KRW
00399694,SOOP,2023,OFS,SCE,자본변동표,dart_EquityAtBeginningOfPeriod,기초자본,218131226284,168266696976,3,KRW
00399694,SOOP,2023,OFS,SCE,자본변동표,dart_EquityAtBeginningOfPeriod,기초자본,-5369883745,-3989224174,3,KRW
00399694,SOOP,2023,OFS,SCE,자본변동표,dart_EquityAtBeginningOfPeriod,기초자본,238557601117,208551230490,3,KRW
00399694,SOOP,2023,OFS,SCE,자본변동표,dart_EquityAtBeginningOfPeriod,기초자본,-27965336565,-9481629455,3,KRW
00399694,SOOP,2023,OFS,SCE,자본변동표,dart_EquityAtBeginningOfPeriod,기초자본,48014211643,48008003643,3,KRW
00399694,SOOP,2023,OFS,SCE,자본변동표,dart_ExpenseFromSharebasedPaymentTransactionsWithEmployeesSellingGeneralAdministrativeExpenses,주식보상비용,0,0,4,KRW
00399694,SOOP,2023,OFS,SCE,자본변동표,dart_ExpenseFromSharebasedPaymentTransactionsWithEmployeesSellingGeneralAdministrativeExpenses,주식보상비용,0,0,4,KRW
00399694,SOOP,2023,OFS,SCE,자본변동표,dart_ExpenseFromSharebasedPaymentTransactionsWithEmployeesSellingGeneralAdministrativeExpenses,주식보상비용,0,0,4,KRW
00399694,SOOP,2023,OFS,SCE,자본변동표,dart_ExpenseFromSharebasedPaymentTransactionsWithEmployeesSellingGeneralAdministrativeExpenses,주식보상비용,4130718173,3004628728,4,KRW
00399694,SOOP,2023,OFS,SCE,자본변동표,dart_ExpenseFromSharebasedPaymentTransactionsWithEmployeesSellingGeneralAdministrativeExpenses,주식보상비용,4130718173,3004628728,4,KRW
00399694,SOOP,2023,OFS,SCE,자본변동표,dart_ExpenseFromSharebasedPaymentTransactionsWithEmployeesSellingGeneralAdministrativeExpenses,주식보상비용,0,0,4,KRW
00399694,SOOP,2023,OFS,SCE,자본변동표,dart_OtherComprehensiveIncomeNetOfTaxChangeInFairValueOfFinancialAssetsMeasuredAtFairValueThroughOtherComprehensiveIncome,기타포괄손익-공정가치측정금융자산평가손익,-1706301186,-1456456798,5,KRW
00399694,SOOP,2023,OFS,SCE,자본변동표,dart_OtherComprehensiveIncomeNetOfTaxChangeInFairValueOfFinancialAssetsMeasuredAtFairValueThroughOtherComprehensiveIncome,기타포괄손익-공정가치측정금융자산평가손익,0,0,5,KRW
00399694,SOOP,2023,OFS,SCE,자본변동표,dart_OtherComprehensiveIncomeNetOfTaxChangeInFairValueOfFinancialAssetsMeasuredAtFairValueThroughOtherComprehensiveIncome,기타포괄손익-공정가치측정금융자산평가손익,-1706301186,-1456456798,5,KRW
00399694,SOOP,2023,OFS,SCE,자본변동표,dart_OtherComprehensiveIncomeNetOfTaxChangeInFairValueOfFinancialAssetsMeasuredAtFairValueThroughOtherComprehensiveIncome,기타포괄손익-공정가치측정금융자산평가손익,0,0,5,KRW
00399694,SOOP,2023,OFS,SCE,자본변동표,dart_OtherComprehensiveIncomeNetOfTaxChangeInFairValueOfFinancialAssetsMeasuredAtFairValueThroughOtherComprehensiveIncome,기타포괄손익-공정가치측정금융자산평가손익,0,0,5,KRW
00399694,SOOP,2023,OFS,SCE,자본변동표,dart_OtherComprehensiveIncomeNetOfTaxChangeInFairValueOfFinancialAssetsMeasuredAtFairValueThroughOtherComprehensiveIncome,기타포괄손익-공정가치측정금융자산평가손익,0,0,5,KRW
00399694,SOOP,2023,OFS,SCE,자본변동표,dart_TreasuryShareTransactions,자기주식 거래로 인한 증감,-18849973800,-19965225100,6,KRW
00399694,SOOP,2023,OFS,SCE,자본변동표,dart_TreasuryShareTransactions,자기주식 거래로 인한 증감,-18849973800,-19965225100,6,KRW
00399694,SOOP,2023,OFS,SCE,자본변동표,dart_TreasuryShareTransactions,자기주식 거래로 인한 증감,0,0,6,KRW
00399694,SOOP,2023,OFS,SCE,자본변동표,dart_TreasuryShareTransactions,자기주식 거래로 인한 증감,0,0,6,KRW
00399694,SOOP,2023,OFS,SCE,자본변동표,dart_TreasuryShareTransactions,자기주식 거래로 인한 증감,0,0,6,KRW
00399694,SOOP,2023,OFS,SCE,자본변동표,dart_TreasuryShareTransactions,자기주식 거래로 인한 증감,0,0,6,KRW
00399694,SOOP,2023,OFS,SCE,자본변동표,-표준계정코드 미사용-,기타포괄손익-공정가치측정금융자산평가손익대체,0,0,7,KRW
00399694,SOOP,2023,OFS,SCE,자본변동표,-표준계정코드 미사용-,기타포괄손익-공정가치측정금융자산평가손익대체,0,0,7,KRW
00399694,SOOP,2023,OFS,SCE,자본변동표,-표준계정코드 미사용-,기타포괄손익-공정가치측정금융자산평가손익대체,224414562,75797227,7,KRW
00399694,SOOP,2023,OFS,SCE,자본변동표,-표준계정코드 미사용-,기타포괄손익-공정가치측정금융자산평가손익대체,0,0,7,KRW
00399694,SOOP,2023,OFS,SCE,자본변동표,-표준계정코드 미사용-,기타포괄손익-공정가치측정금융자산평가손익대체,0,0,7,KRW
00399694,SOOP,2023,OFS,SCE,자본변동표,-표준계정코드 미사용-,기타포괄손익-공정가치측정금융자산평가손익대체,-224414562,-75797227,7,KRW
00399694,SOOP,2023,OFS,SCE,자본변동표,ifrs-full_DividendsPaid,소유주에 대한 배분으로 인식된 배당금,0,0,8,KRW
00399694,SOOP,2023,OFS,SCE,자본변동표,ifrs-full_DividendsPaid,소유주에 대한 배분으로 인식된 배당금,-7963271430,-8046902420,8,KRW
00399694,SOOP,2023,OFS,SCE,자본변동표,ifrs-full_DividendsPaid,소유주에 대한 배분으로 인식된 배당금,0,0,8,KRW
00399694,SOOP,2023,OFS,SCE,자본변동표,ifrs-full_DividendsPaid,소유주에 대한 배분으로 인식된 배당금,0,0,8,KRW
00399694,SOOP,2023,OFS,SCE,자본변동표,ifrs-full_DividendsPaid,소유주에 대한 배분으로 인식된 배당금,-7963271430,-8046902420,8,KRW
00399694,SOOP,2023,OFS,SCE,자본변동표,ifrs-full_DividendsPaid,소유주에 대한 배분으로 인식된 배당금,0,0,8,KRW
00399694,SOOP,2023,OFS,SCE,자본변동표,ifrs-full_Equity,자본총계,5747383500,5747383500,9,KRW
00399694,SOOP,2023,OFS,SCE,자본변동표,ifrs-full_Equity,자본총계,288261252289,218131226284,9,KRW
00399694,SOOP,2023,OFS,SCE,자본변동표,ifrs-full_Equity,자본총계,-6851770369,-5369883745,9,KRW
00399694,SOOP,2023,OFS,SCE,자본변동표,ifrs-full_Equity,자본총계,-43070818270,-27965336565,9,KRW
00399694,SOOP,2023,OFS,SCE,자본변동표,ifrs-full_Equity,자본총계,292125063793,238557601117,9,KRW
00399694,SOOP,2023,OFS,SCE,자본변동표,ifrs-full_Equity,자본총계,48039016643,48014211643,9,KRW
00399694,SOOP,2023,OFS,SCE,자본변동표,ifrs-full_IncreaseDecreaseThroughSharebasedPaymentTransactions,주식기준보상거래에 따른 증가(감소),-361421078,-1516902738,10,KRW
00399694,SOOP,2023,OFS,SCE,자본변동표,ifrs-full_IncreaseDecreaseThroughSharebasedPaymentTransactions,주식기준보상거래에 따른 증가(감소),-386226078,-1523110738,10,KRW
00399694,SOOP,2023,OFS,SCE,자본변동표,ifrs-full_IncreaseDecreaseThroughSharebasedPaymentTransactions,주식기준보상거래에 따른 증가(감소),0,0,10,KRW
00399694,SOOP,2023,OFS,SCE,자본변동표,ifrs-full_IncreaseDecreaseThroughSharebasedPaymentTransactions,주식기준보상거래에 따른 증가(감소),0,0,10,KRW
00399694,SOOP,2023,OFS,SCE,자본변동표,ifrs-full_IncreaseDecreaseThroughSharebasedPaymentTransactions,주식기준보상거래에 따른 증가(감소),0,0,10,KRW
00399694,SOOP,2023,OFS,SCE,자본변동표,ifrs-full_IncreaseDecreaseThroughSharebasedPaymentTransactions,주식기준보상거래에 따른 증가(감소),24805000,6208000,10,KRW
00399694,SOOP,2023,OFS,SCE,자본변동표,ifrs-full_ProfitLoss,당기순이익(손실),78317711997,57987228955,11,KRW
00399694,SOOP,2023,OFS,SCE,자본변동표,ifrs-full_ProfitLoss,당기순이익(손실),0,0,11,KRW
00399694,SOOP,2023,OFS,SCE,자본변동표,ifrs-full_ProfitLoss,당기순이익(손실),0,0,11,KRW
00399694,SOOP,2023,OFS,SCE,자본변동표,ifrs-full_ProfitLoss,당기순이익(손실),78317711997,57987228955,11,KRW
00399694,SOOP,2023,OFS,SCE,자본변동표,ifrs-full_ProfitLoss,당기순이익(손실),0,0,11,KRW
00399694,SOOP,2023,OFS,SCE,자본변동표,ifrs-full_ProfitLoss,당기순이익(손실),0,0,11,KRW
00399694,SOOP,2024,CFS,BS,재무상태표,ifrs-full_Assets,자산총계,715724798333,578068356015,7,KRW
00399694,SOOP,2024,CFS,BS,재무상태표,ifrs-full_CurrentAssets,유동자산,615464053943,480797840927,8,KRW
00399694,SOOP,2024,CFS,BS,재무상태표,ifrs-full_CashAndCashEquivalents,현금및현금성자산,224032646581,136289810003,9,KRW
00399694,SOOP,2024,CFS,BS,재무상태표,ifrs-full_CurrentContractAssets,계약자산,5403592319,1854483457,10,KRW
00399694,SOOP,2024,CFS,BS,재무상태표,ifrs-full_CurrentTaxAssets,당기법인세자산,546161046,387611906,11,KRW
00399694,SOOP,2024,CFS,BS,재무상태표,ifrs-full_Inventories,재고자산,101007122,890683869,12,KRW
00399694,SOOP,2024,CFS,BS,재무상태표,ifrs-full_OtherCurrentAssets,기타유동자산,4336522581,1833021050,13,KRW
00399694,SOOP,2024,CFS,BS,재무상태표,ifrs-full_OtherCurrentFinancialAssets,기타유동금융자산,180836867704,152939668794,14,KRW
00399694,SOOP,2024,CFS,BS,재무상태표,ifrs-full_ShorttermDepositsNotClassifiedAsCashEquivalents,단기금융상품,77410000000,73000000000,15,KRW
00399694,SOOP,2024,CFS,BS,재무상태표,ifrs-full_TradeAndOtherCurrentReceivables,매출채권및기타채권,122797256590,113602561848,16,KRW
00399694,SOOP,2024,CFS,BS,재무상태표,ifrs-full_NoncurrentAssets,비유동자산,100260744390,97270515088,17,KRW
00399694,SOOP,2024,CFS,BS,재무상태표,ifrs-full_IntangibleAssetsAndGoodwill,무형자산,15878082607,18035108529,18,KRW
00399694,SOOP,2024,CFS,BS,재무상태표,ifrs-full_InvestmentAccountedForUsingEquityMethod,관계기업 및 공동기업투자,0,0,19,KRW
00399694,SOOP,2024,CFS,BS,재무상태표,ifrs-full_InvestmentProperty,투자부동산,7305439132,7216964470,20,KRW
00399694,SOOP,2024,CFS,BS,재무상태표,ifrs-full_NetDeferredTaxAssets,이연법인세자산,11587763857,7678758110,21,KRW
00399694,SOOP,2024,CFS,BS,재무상태표,ifrs-full_OtherNoncurrentFinancialAssets,기타비유동금융자산,9518730106,9375318845,22,KRW
00399694,SOOP,2024,CFS,BS,재무상태표,ifrs-full_OtherNoncurrentReceivables,기타 비유동채권,10810392710,12033078186,23,KRW
00399694,SOOP,2024,CFS,BS,재무상태표,ifrs-full_PropertyPlantAndEquipment,유형자산,36313281866,35803197502,24,KRW
00399694,SOOP,2024,CFS,BS,재무상태표,ifrs-full_RightofuseAssets,사용권자산,8847054112,7128089446,25,KRW
00399694,SOOP,2024,CFS,BS,재무상태표,ifrs-full_Equity,자본총계,382424625846,293346003262,27,KRW
00399694,SOOP,2024,CFS,BS,재무상태표,dart_CapitalSurplus,자본잉여금,48039016643,48039016643,28,KRW
00399694,SOOP,2024,CFS,BS,재무상태표,dart_ElementsOfOtherStockholdersEquity,기타자본구성요소,-49071822299,-44139862595,29,KRW
00399694,SOOP,2024,CFS,BS,재무상태표,dart_OtherComprehensiveIncomeLossAccumulatedAmount,기타포괄손익누계액,-6334764294,-6796811885,30,KRW
00399694,SOOP,2024,CFS,BS,재무상태표,ifrs-full_IssuedCapital,자본금,5747383500,5747383500,31,KRW
00399694,SOOP,2024,CFS,BS,재무상태표,ifrs-full_NoncontrollingInterests,비지배지분,3553349472,2102174093,32,KRW
00399694,SOOP,2024,CFS,BS,재무상태표,ifrs-full_RetainedEarnings,이익잉여금,380491462824,288394103506,33,KRW
00399694,SOOP,2024,CFS,BS,재무상태표,ifrs-full_EquityAndLiabilities,자본과부채총계,715724798333,578068356015,34,KRW
00399694,SOOP,2024,CFS,BS,재무상태표,ifrs-full_CurrentLiabilities,유동부채,324878082191,274084873864,36,KRW
00399694,SOOP,2024,CFS,BS,재무상태표,ifrs-full_CurrentLeaseLiabilities,유동 리스부채,4311822634,4952609271,37,KRW
00399694,SOOP,2024,CFS,BS,재무상태표,ifrs-full_CurrentPortionOfLongtermBorrowings,유동성장기차입금,4098240000,1429800000,38,KRW
00399694,SOOP,2024,CFS,BS,재무상태표,ifrs-full_CurrentProvisions,유동충당부채,1379660784,1462331456,39,KRW
00399694,SOOP,2024,CFS,BS,재무상태표,ifrs-full_CurrentTaxLiabilities,당기법인세부채,20972118570,17548055049,40,KRW
00399694,SOOP,2024,CFS,BS,재무상태표,ifrs-full_OtherCurrentLiabilities,기타 유동부채,23741645705,22658645189,41,KRW
00399694,SOOP,2024,CFS,BS,재무상태표,ifrs-full_ShorttermBorrowings,단기차입금,2456095040,3823387615,42,KRW
00399694,SOOP,2024,CFS,BS,재무상태표,ifrs-full_TradeAndOtherCurrentPayables,매입채무및기타채무,267918499458,222210045284,43,KRW
00399694,SOOP,2024,CFS,BS,재무상태표,ifrs-full_Liabilities,부채총계,333300172487,284722352753,44,KRW
00399694,SOOP,2024,CFS,BS,재무상태표,ifrs-full_NoncurrentLiabilities,비유동부채,8422090296,10637478889,45,KRW
00399694,SOOP,2024,CFS,BS,재무상태표,dart_LongTermTradeAndOtherNonCurrentPayables,장기매입채무및기타채무,69320000,924952031,46,KRW
00399694,SOOP,2024,CFS,BS,재무상태표,ifrs-full_LongtermBorrowings,장기차입금,29880000,4435534000,47,KRW
00399694,SOOP,2024,CFS,BS,재무상태표,ifrs-full_NoncurrentLeaseLiabilities,비유동 리스부채,4685308668,1860019168,48,KRW
00399694,SOOP,2024,CFS,BS,재무상태표,ifrs-full_NoncurrentProvisions,비유동충당부채,3637581628,3416973690,49,KRW
00399694,SOOP,2024,CFS,CIS,포괄손익계산서,dart_OperatingIncomeLoss,영업이익,113506476450,90309374651,6,KRW
00399694,SOOP,2024,CFS,CIS,포괄손익계산서,dart_OtherGains,기타이익,7187907040,2793917134,7,KRW
00399694,SOOP,2024,CFS,CIS,포괄손익계산서,dart_OtherLosses,기타손실,2963076910,7995444626,8,KRW
00399694,SOOP,2024,CFS,CIS,포괄손익계산서,ifrs-full_ComprehensiveIncome,총포괄이익,102885356614,73062329605,9,KRW
00399694,SOOP,2024,CFS,CIS,포괄손익계산서,ifrs-full_ComprehensiveIncomeFromContinuingOperationsAttributableToNoncontrollingInterests,비지배지분에 귀속될 총포괄이익(손실),1211046105,31222276,10,KRW
00399694,SOOP,2024,CFS,CIS,포괄손익계산서,ifrs-full_ComprehensiveIncomeFromContinuingOperationsAttributableToOwnersOfParent,지배기업의 소유주에 귀속될 총포괄이익,101674310509,73031107329,11,KRW
00399694,SOOP,2024,CFS,CIS,포괄손익계산서,ifrs-full_BasicEarningsLossPerShareFromContinuingOperations,계속영업 기본주당순이익,9489,6874,13,KRW
00399694,SOOP,2024,CFS,CIS,포괄손익계산서,ifrs-full_BasicEarningsLossPerShareFromDiscontinuedOperations,중단영업 기본주당순이익,0,0,14,KRW
00399694,SOOP,2024,CFS,CIS,포괄손익계산서,ifrs-full_DilutedEarningsLossPerShareFromContinuingOperations,계속영업 희석주당순이익,9411,6837,15,KRW
00399694,SOOP,2024,CFS,CIS,포괄손익계산서,ifrs-full_DilutedEarningsLossPerShareFromDiscontinuedOperations,중단영업 희석주당순이익,0,0,16,KRW
00399694,SOOP,2024,CFS,CIS,포괄손익계산서,ifrs-full_FinanceCosts,금융원가,879314186,929856775,17,KRW
00399694,SOOP,2024,CFS,CIS,포괄손익계산서,ifrs-full_FinanceIncome,금융수익,11455708025,11966037521,18,KRW
00399694,SOOP,2024,CFS,CIS,포괄손익계산서,ifrs-full_IncomeTaxExpenseContinuingOperations,법인세비용,25884391396,21450049845,19,KRW
00399694,SOOP,2024,CFS,CIS,포괄손익계산서,ifrs-full_OperatingExpense,영업비용,299671970514,253706634238,20,KRW
00399694,SOOP,2024,CFS,CIS,포괄손익계산서,ifrs-full_OtherComprehensiveIncome,기타포괄손익,462047591,-1561466076,21,KRW
00399694,SOOP,2024,CFS,CIS,포괄손익계산서,ifrs-full_OtherComprehensiveIncomeThatWillBeReclassifiedToProfitOrLossNetOfTax,당기손익으로 재분류될 수 있는 항목,378226591,144835110,22,KRW
00399694,SOOP,2024,CFS,CIS,포괄손익계산서,ifrs-full_GainsLossesOnExchangeDifferencesOnTranslationNetOfTax,해외사업환산손익,378226591,144835110,23,KRW
00399694,SOOP,2024,CFS,CIS,포괄손익계산서,ifrs-full_OtherComprehensiveIncomeThatWillNotBeReclassifiedToProfitOrLossNetOfTax,당기손익으로 재분류되지 않는 항목,83821000,-1706301186,24,KRW
00399694,SOOP,2024,CFS,CIS,포괄손익계산서,ifrs-full_OtherComprehensiveIncomeNetOfTaxFinancialAssetsMeasuredAtFairValueThroughOtherComprehensiveIncome,기타포괄손익-공정가치평가손익,83821000,-1706301186,25,KRW
00399694,SOOP,2024,CFS,CIS,포괄손익계산서,ifrs-full_ProfitLoss,당기순이익,102423309023,74623795681,26,KRW
00399694,SOOP,2024,CFS,CIS,포괄손익계산서,ifrs-full_ProfitLossAttributableToNoncontrollingInterests,비지배지분에 귀속될 당기순이익,1211046105,31222276,27,KRW
00399694,SOOP,2024,CFS,CIS,포괄손익계산서,ifrs-full_ProfitLossFromContinuingOperationsAttributableToNoncontrollingInterests,계속영업당기순이익,1211046105,31222276,28,KRW
00399694,SOOP,2024,CFS,CIS,포괄손익계산서,ifrs-full_ProfitLossFromDiscontinuedOperationsAttributableToNoncontrollingInterests,중단영업당기순이익,0,0,29,KRW
00399694,SOOP,2024,CFS,CIS,포괄손익계산서,ifrs-full_ProfitLossAttributableToOwnersOfParent,지배기업의 소유주에 귀속될 당기순이익,101212262918,74592573405,30,KRW
00399694,SOOP,2024,CFS,CIS,포괄손익계산서,ifrs-full_IncomeFromContinuingOperationsAttributableToOwnersOfParent,계속영업당기순이익,101212262918,74592573405,31,KRW
00399694,SOOP,2024,CFS,CIS,포괄손익계산서,ifrs-full_IncomeFromDiscontinuedOperationsAttributableToOwnersOfParent,중단영업당기순이익,0,0,32,KRW
00399694,SOOP,2024,CFS,CIS,포괄손익계산서,ifrs-full_ProfitLossBeforeTax,법인세비용차감전이익,128307700419,96073845526,33,KRW
00399694,SOOP,2024,CFS,CIS,포괄손익계산서,ifrs-full_ProfitLossFromContinuingOperations,계속영업당기순이익,102423309023,74623795681,34,KRW
00399694,SOOP,2024,CFS,CIS,포괄손익계산서,ifrs-full_ProfitLossFromDiscontinuedOperations,중단영업당기순이익,0,0,35,KRW
00399694,SOOP,2024,CFS,CIS,포괄손익계산서,ifrs-full_Revenue,영업수익,413178446964,344016008889,36,KRW
00399694,SOOP,2024,CFS,CIS,포괄손익계산서,ifrs-full_ShareOfProfitLossOfAssociatesAccountedForUsingEquityMethod,관계기업에 대한 지분법손익,0,-70182379,37,KRW
00399694,SOOP,2024,CFS,CF,현금흐름표,dart_CashAndCashEquivalentsAtBeginningOfPeriodCf,기초 현금및현금성자산,136289810003,76594653138,2,KRW
00399694,SOOP,2024,CFS,CF,현금흐름표,dart_CashAndCashEquivalentsAtEndOfPeriodCf,당기말 현금및현금성자산,224032646581,136289810003,3,KRW
00399694,SOOP,2024,CFS,CF,현금흐름표,ifrs-full_CashFlowsFromUsedInFinancingActivities,재무활동으로 인한 현금흐름,-27641550787,-34005467443,8,KRW
00399694,SOOP,2024,CFS,CF,현금흐름표,dart_AcquisitionOfTreasuryShares,자기주식의 취득,9145418400,18849973800,9,KRW
00399694,SOOP,2024,CFS,CF,현금흐름표,dart_IncreaseInGuaranteeDepositsAsFinancialActivities,임대보증금의 증가,,,10,KRW
00399694,SOOP,2024,CFS,CF,현금흐름표,dart_PaymentForConsolidatedCapitalTransactions,연결자본거래로 인한 현금유출,0,3997500,11,KRW
00399694,SOOP,2024,CFS,CF,현금흐름표,dart_ProceedsFromConsolidatedCapitalTransactions,연결자본거래로 인한 현금유입,3759,0,12,KRW
00399694,SOOP,2024,CFS,CF,현금흐름표,dart_ProceedsFromShortTermBorrowings,단기차입금의 차입,975095040,140000000,13,KRW
00399694,SOOP,2024,CFS,CF,현금흐름표,dart_RepaymentsOfLongTermBorrowings,장기차입금의 상환,387334000,138200000,14,KRW
00399694,SOOP,2024,CFS,CF,현금흐름표,dart_RepaymentsOfShortTermBorrowings,단기차입금의 상환,2342387615,1539288745,15,KRW
00399694,SOOP,2024,CFS,CF,현금흐름표,-표준계정코드 미사용-,주식선택권 행사로 인한 현금유출,601700,590900,16,KRW
00399694,SOOP,2024,CFS,CF,현금흐름표,-표준계정코드 미사용-,영업보증금의 감소,20000000,75000000,17,KRW
00399694,SOOP,2024,CFS,CF,현금흐름표,-표준계정코드 미사용-,유동성장기차입금의 상환,1349880000,0,18,KRW
00399694,SOOP,2024,CFS,CF,현금흐름표,ifrs-full_DividendsPaidClassifiedAsFinancingActivities,배당금의 지급,9108769480,7958003200,19,KRW
00399694,SOOP,2024,CFS,CF,현금흐름표,ifrs-full_PaymentsOfLeaseLiabilitiesClassifiedAsFinancingActivities,리스부채 원금의 지급,6262258391,5580413298,20,KRW
00399694,SOOP,2024,CFS,CF,현금흐름표,ifrs-full_ProceedsFromIssuingOtherEquityInstruments,자본의 증가,0,0,21,KRW
00399694,SOOP,2024,CFS,CF,현금흐름표,ifrs-full_CashFlowsFromUsedInInvestingActivities,투자활동으로 인한 현금흐름,-42835383337,-25741425414,22,KRW
00399694,SOOP,2024,CFS,CF,현금흐름표,dart_DecreaseInGuaranteeDeposits,임차보증금의 감소,0,464259000,23,KRW
00399694,SOOP,2024,CFS,CF,현금흐름표,dart_IncreaseInGuaranteeDeposits,임차보증금의 증가,190986000,35973000,24,KRW
00399694,SOOP,2024,CFS,CF,현금흐름표,dart_ProceedsFromSalesOfInvestmentsInAssociates,관계기업 및 공동기업투자 처분,0,4159600,25,KRW
00399694,SOOP,2024,CFS,CF,현금흐름표,dart_ProceedsFromSalesOfLongTermLoansAndReceivables,장기대여금의 회수,1531328393,745354108,26,KRW
00399694,SOOP,2024,CFS,CF,현금흐름표,dart_ProceedsFromSalesOfOtherFinancialAssets,기타금융자산의 처분,27337292832,46549928282,27,KRW
00399694,SOOP,2024,CFS,CF,현금흐름표,dart_ProceedsFromSalesOfShortTermLoansAndReceivables,단기대여금의 회수,377588152,1650039522,28,KRW
00399694,SOOP,2024,CFS,CF,현금흐름표,dart_PurchaseOfLongTermLoansAndReceivables,장기대여금의 증가,2130000000,3571000000,29,KRW
00399694,SOOP,2024,CFS,CF,현금흐름표,dart_PurchaseOfOtherFinancialAssets,기타금융자산의 취득,51223119303,41463756550,30,KRW
00399694,SOOP,2024,CFS,CF,현금흐름표,dart_PurchaseOfShortTermFinancialInstruments,단기금융상품의 순감소(증가),-3868200000,-13000000000,31,KRW
00399694,SOOP,2024,CFS,CF,현금흐름표,dart_PurchaseOfShortTermLoansAndReceivables,단기대여금의 증가,153000000,428507797,32,KRW
00399694,SOOP,2024,CFS,CF,현금흐름표,-표준계정코드 미사용-,보증금의 감소,30162974,41244306,33,KRW
00399694,SOOP,2024,CFS,CF,현금흐름표,-표준계정코드 미사용-,투자예치금의 순감소(증가),203026948,397423966,34,KRW
00399694,SOOP,2024,CFS,CF,현금흐름표,-표준계정코드 미사용-,보증금의 증가,194239948,9434356,35,KRW
00399694,SOOP,2024,CFS,CF,현금흐름표,-표준계정코드 미사용-,사업제외에 따른 순현금흐름,0,-25858481,36,KRW
00399694,SOOP,2024,CFS,CF,현금흐름표,ifrs-full_CashFlowsUsedInObtainingControlOfSubsidiariesOrOtherBusinessesClassifiedAsInvestingActivities,사업결합으로인한순현금흐름,0,8718561772,37,KRW
00399694,SOOP,2024,CFS,CF,현금흐름표,ifrs-full_ProceedsFromSalesOfIntangibleAssetsClassifiedAsInvestingActivities,무형자산의 처분,98000000,852357440,38,KRW
00399694,SOOP,2024,CFS,CF,현금흐름표,ifrs-full_ProceedsFromSalesOfPropertyPlantAndEquipmentClassifiedAsInvestingActivities,유형자산의 처분,6632905,164443637,39,KRW
00399694,SOOP,2024,CFS,CF,현금흐름표,ifrs-full_PurchaseOfIntangibleAssetsClassifiedAsInvestingActivities,무형자산의 취득,1404005000,601877650,40,KRW
00399694,SOOP,2024,CFS,CF,현금흐름표,ifrs-full_PurchaseOfPropertyPlantAndEquipmentClassifiedAsInvestingActivities,유형자산의 취득,13255865290,8755665669,41,KRW
00399694,SOOP,2024,CFS,CF,현금흐름표,ifrs-full_CashFlowsFromUsedInOperatingActivities,영업활동으로 인한 현금흐름,157459816632,119711252945,42,KRW
00399694,SOOP,2024,CFS,CF,현금흐름표,dart_AdjustmentsForAssetsLiabilitiesOfOperatingActivities,운전자본의 변동,27245043547,12250761344,43,KRW
00399694,SOOP,2024,CFS,CF,현금흐름표,dart_NetCashflowsFromUsedInOperations,영업에서 창출된 현금,176246929406,131061771976,44,KRW
00399694,SOOP,2024,CFS,CF,현금흐름표,ifrs-full_AdjustmentsForReconcileProfitLoss,조정,46578576836,44187214951,45,KRW
00399694,SOOP,2024,CFS,CF,현금흐름표,ifrs-full_DividendsReceivedClassifiedAsOperatingActivities,배당금의 수취,574730000,15500000,46,KRW
00399694,SOOP,2024,CFS,CF,현금흐름표,ifrs-full_IncomeTaxesPaidRefundClassifiedAsOperatingActivities,법인세의 납부,26526937931,17374320859,47,KRW
00399694,SOOP,2024,CFS,CF,현금흐름표,ifrs-full_InterestPaidClassifiedAsOperatingActivities,이자의 지급,463355297,182699055,48,KRW
00399694,SOOP,2024,CFS,CF,현금흐름표,ifrs-full_InterestReceivedClassifiedAsOperatingActivities,이자의 수취,7628450454,6191000883,49,KRW
00399694,SOOP,2024,CFS,CF,현금흐름표,ifrs-full_ProfitLoss,당기순이익,102423309023,74623795681,50,KRW
00399694,SOOP,2024,CFS,CF,현금흐름표,ifrs-full_EffectOfExchangeRateChangesOnCashAndCashEquivalents,외화표시 현금및현금성자산의 환율변동효과,759954070,-269203223,51,KRW
00399694,SOOP,2024,CFS,CF,현금흐름표,ifrs-full_IncreaseDecreaseInCashAndCashEquivalents,현금및현금성자산의순증가(감소),86982882508,59964360088,52,KRW
00399694,SOOP,2024,CFS,SCE,자본변동표,dart_ChangesInConsolidatedCompanies,연결실체의 변동,48823454,2101855810,3,KRW
00399694,SOOP,2024,CFS,SCE,자본변동표,dart_ChangesInConsolidatedCompanies,연결실체의 변동,-336962,1880619262,3,KRW
00399694,SOOP,2024,CFS,SCE,자본변동표,dart_ChangesInConsolidatedCompanies,연결실체의 변동,49160416,221236548,3,KRW
00399694,SOOP,2024,CFS,SCE,자본변동표,dart_ChangesInConsolidatedCompanies,연결실체의 변동,49160416,221236548,3,KRW
00399694,SOOP,2024,CFS,SCE,자본변동표,dart_ChangesInConsolidatedCompanies,연결실체의 변동,0,0,3,KRW
00399694,SOOP,2024,CFS,SCE,자본변동표,dart_ChangesInConsolidatedCompanies,연결실체의 변동,0,0,3,KRW
00399694,SOOP,2024,CFS,SCE,자본변동표,dart_ChangesInConsolidatedCompanies,연결실체의 변동,0,0,3,KRW
00399694,SOOP,2024,CFS,SCE,자본변동표,dart_ChangesInConsolidatedCompanies,연결실체의 변동,0,0,3,KRW
00399694,SOOP,2024,CFS,SCE,자본변동표,dart_EquityAtBeginningOfPeriod,기초자본,293346003262,241174630522,4,KRW
00399694,SOOP,2024,CFS,SCE,자본변동표,dart_EquityAtBeginningOfPeriod,기초자본,2102174093,29485799,4,KRW
00399694,SOOP,2024,CFS,SCE,자본변동표,dart_EquityAtBeginningOfPeriod,기초자본,291243829169,241145144723,4,KRW
00399694,SOOP,2024,CFS,SCE,자본변동표,dart_EquityAtBeginningOfPeriod,기초자본,-44139862595,-29145906142,4,KRW
00399694,SOOP,2024,CFS,SCE,자본변동표,dart_EquityAtBeginningOfPeriod,기초자본,-6796811885,-5459760371,4,KRW
00399694,SOOP,2024,CFS,SCE,자본변동표,dart_EquityAtBeginningOfPeriod,기초자본,288394103506,221989216093,4,KRW
00399694,SOOP,2024,CFS,SCE,자본변동표,dart_EquityAtBeginningOfPeriod,기초자본,5747383500,5747383500,4,KRW
00399694,SOOP,2024,CFS,SCE,자본변동표,dart_EquityAtBeginningOfPeriod,기초자본,48039016643,48014211643,4,KRW
00399694,SOOP,2024,CFS,SCE,자본변동표,dart_TransferOfAmountRecognisedInOtherComprehensiveIncomeAndAccumulatedInEquityRelatingToDisposalOfInvestmentsInEquityInstruments,기타포괄손익의 대체,,0,5,KRW
00399694,SOOP,2024,CFS,SCE,자본변동표,dart_TransferOfAmountRecognisedInOtherComprehensiveIncomeAndAccumulatedInEquityRelatingToDisposalOfInvestmentsInEquityInstruments,기타포괄손익의 대체,,0,5,KRW
00399694,SOOP,2024,CFS,SCE,자본변동표,dart_TransferOfAmountRecognisedInOtherComprehensiveIncomeAndAccumulatedInEquityRelatingToDisposalOfInvestmentsInEquityInstruments,기타포괄손익의 대체,,0,5,KRW
00399694,SOOP,2024,CFS,SCE,자본변동표,dart_TransferOfAmountRecognisedInOtherComprehensiveIncomeAndAccumulatedInEquityRelatingToDisposalOfInvestmentsInEquityInstruments,기타포괄손익의 대체,,0,5,KRW
00399694,SOOP,2024,CFS,SCE,자본변동표,dart_TransferOfAmountRecognisedInOtherComprehensiveIncomeAndAccumulatedInEquityRelatingToDisposalOfInvestmentsInEquityInstruments,기타포괄손익의 대체,,224414562,5,KRW
00399694,SOOP,2024,CFS,SCE,자본변동표,dart_TransferOfAmountRecognisedInOtherComprehensiveIncomeAndAccumulatedInEquityRelatingToDisposalOfInvestmentsInEquityInstruments,기타포괄손익의 대체,,-224414562,5,KRW
00399694,SOOP,2024,CFS,SCE,자본변동표,dart_TransferOfAmountRecognisedInOtherComprehensiveIncomeAndAccumulatedInEquityRelatingToDisposalOfInvestmentsInEquityInstruments,기타포괄손익의 대체,,0,5,KRW
00399694,SOOP,2024,CFS,SCE,자본변동표,dart_TransferOfAmountRecognisedInOtherComprehensiveIncomeAndAccumulatedInEquityRelatingToDisposalOfInvestmentsInEquityInstruments,기타포괄손익의 대체,,0,5,KRW
00399694,SOOP,2024,CFS,SCE,자본변동표,dart_TreasuryShareTransactions,자기주식의 변동,-9145418400,-18849973800,6,KRW
00399694,SOOP,2024,CFS,SCE,자본변동표,dart_TreasuryShareTransactions,자기주식의 변동,0,0,6,KRW
00399694,SOOP,2024,CFS,SCE,자본변동표,dart_TreasuryShareTransactions,자기주식의 변동,-9145418400,-18849973800,6,KRW
00399694,SOOP,2024,CFS,SCE,자본변동표,dart_TreasuryShareTransactions,자기주식의 변동,-9145418400,-18849973800,6,KRW
00399694,SOOP,2024,CFS,SCE,자본변동표,dart_TreasuryShareTransactions,자기주식의 변동,0,0,6,KRW
00399694,SOOP,2024,CFS,SCE,자본변동표,dart_TreasuryShareTransactions,자기주식의 변동,0,0,6,KRW
00399694,SOOP,2024,CFS,SCE,자본변동표,dart_TreasuryShareTransactions,자기주식의 변동,0,0,6,KRW
00399694,SOOP,2024,CFS,SCE,자본변동표,dart_TreasuryShareTransactions,자기주식의 변동,0,0,6,KRW
00399694,SOOP,2024,CFS,SCE,자본변동표,-표준계정코드 미사용-,주식선택권 대체,,0,7,KRW
00399694,SOOP,2024,CFS,SCE,자본변동표,-표준계정코드 미사용-,주식선택권 대체,,0,7,KRW
00399694,SOOP,2024,CFS,SCE,자본변동표,-표준계정코드 미사용-,주식선택권 대체,,0,7,KRW
00399694,SOOP,2024,CFS,SCE,자본변동표,-표준계정코드 미사용-,주식선택권 대체,,-24805000,7,KRW
00399694,SOOP,2024,CFS,SCE,자본변동표,-표준계정코드 미사용-,주식선택권 대체,,0,7,KRW
00399694,SOOP,2024,CFS,SCE,자본변동표,-표준계정코드 미사용-,주식선택권 대체,,0,7,KRW
00399694,SOOP,2024,CFS,SCE,자본변동표,-표준계정코드 미사용-,주식선택권 대체,,0,7,KRW
00399694,SOOP,2024,CFS,SCE,자본변동표,-표준계정코드 미사용-,주식선택권 대체,,24805000,7,KRW
00399694,SOOP,2024,CFS,SCE,자본변동표,ifrs-full_ComprehensiveIncome,총포괄이익,102885356614,73062329605,8,KRW
00399694,SOOP,2024,CFS,SCE,자본변동표,ifrs-full_ComprehensiveIncome,총포괄이익,1211046105,31222276,8,KRW
00399694,SOOP,2024,CFS,SCE,자본변동표,ifrs-full_ComprehensiveIncome,총포괄이익,101674310509,73031107329,8,KRW
00399694,SOOP,2024,CFS,SCE,자본변동표,ifrs-full_ComprehensiveIncome,총포괄이익,0,0,8,KRW
00399694,SOOP,2024,CFS,SCE,자본변동표,ifrs-full_ComprehensiveIncome,총포괄이익,462047591,-1337051514,8,KRW
00399694,SOOP,2024,CFS,SCE,자본변동표,ifrs-full_ComprehensiveIncome,총포괄이익,101212262918,74368158843,8,KRW
00399694,SOOP,2024,CFS,SCE,자본변동표,ifrs-full_ComprehensiveIncome,총포괄이익,0,0,8,KRW
00399694,SOOP,2024,CFS,SCE,자본변동표,ifrs-full_ComprehensiveIncome,총포괄이익,0,0,8,KRW
00399694,SOOP,2024,CFS,SCE,자본변동표,ifrs-full_DividendsPaid,연차배당의 지급,9114903600,7963271430,9,KRW
00399694,SOOP,2024,CFS,SCE,자본변동표,ifrs-full_DividendsPaid,연차배당의 지급,0,0,9,KRW
00399694,SOOP,2024,CFS,SCE,자본변동표,ifrs-full_DividendsPaid,연차배당의 지급,9114903600,7963271430,9,KRW
00399694,SOOP,2024,CFS,SCE,자본변동표,ifrs-full_DividendsPaid,연차배당의 지급,0,0,9,KRW
00399694,SOOP,2024,CFS,SCE,자본변동표,ifrs-full_DividendsPaid,연차배당의 지급,0,0,9,KRW
00399694,SOOP,2024,CFS,SCE,자본변동표,ifrs-full_DividendsPaid,연차배당의 지급,9114903600,7963271430,9,KRW
00399694,SOOP,2024,CFS,SCE,자본변동표,ifrs-full_DividendsPaid,연차배당의 지급,0,0,9,KRW
00399694,SOOP,2024,CFS,SCE,자본변동표,ifrs-full_DividendsPaid,연차배당의 지급,0,0,9,KRW
00399694,SOOP,2024,CFS,SCE,자본변동표,ifrs-full_Equity,자본총계,382424625846,293346003262,10,KRW
00399694,SOOP,2024,CFS,SCE,자본변동표,ifrs-full_Equity,자본총계,3553349472,2102174093,10,KRW
00399694,SOOP,2024,CFS,SCE,자본변동표,ifrs-full_Equity,자본총계,378871276374,291243829169,10,KRW
00399694,SOOP,2024,CFS,SCE,자본변동표,ifrs-full_Equity,자본총계,-49071822299,-44139862595,10,KRW
00399694,SOOP,2024,CFS,SCE,자본변동표,ifrs-full_Equity,자본총계,-6334764294,-6796811885,10,KRW
00399694,SOOP,2024,CFS,SCE,자본변동표,ifrs-full_Equity,자본총계,380491462824,288394103506,10,KRW
00399694,SOOP,2024,CFS,SCE,자본변동표,ifrs-full_Equity,자본총계,5747383500,5747383500,10,KRW
00399694,SOOP,2024,CFS,SCE,자본변동표,ifrs-full_Equity,자본총계,48039016643,48039016643,10,KRW
00399694,SOOP,2024,CFS,SCE,자본변동표,ifrs-full_IncreaseDecreaseThroughChangesInOwnershipInterestsInSubsidiariesThatDoNotResultInLossOfControl,비지배지분의 변동,0,21180924,11,KRW
00399694,SOOP,2024,CFS,SCE,자본변동표,ifrs-full_IncreaseDecreaseThroughChangesInOwnershipInterestsInSubsidiariesThatDoNotResultInLossOfControl,비지배지분의 변동,214227831,160846756,11,KRW
00399694,SOOP,2024,CFS,SCE,자본변동표,ifrs-full_IncreaseDecreaseThroughChangesInOwnershipInterestsInSubsidiariesThatDoNotResultInLossOfControl,비지배지분의 변동,-214227831,-139665832,11,KRW
00399694,SOOP,2024,CFS,SCE,자본변동표,ifrs-full_IncreaseDecreaseThroughChangesInOwnershipInterestsInSubsidiariesThatDoNotResultInLossOfControl,비지배지분의 변동,-214227831,-139665832,11,KRW
00399694,SOOP,2024,CFS,SCE,자본변동표,ifrs-full_IncreaseDecreaseThroughChangesInOwnershipInterestsInSubsidiariesThatDoNotResultInLossOfControl,비지배지분의 변동,0,0,11,KRW
00399694,SOOP,2024,CFS,SCE,자본변동표,ifrs-full_IncreaseDecreaseThroughChangesInOwnershipInterestsInSubsidiariesThatDoNotResultInLossOfControl,비지배지분의 변동,0,0,11,KRW
00399694,SOOP,2024,CFS,SCE,자본변동표,ifrs-full_IncreaseDecreaseThroughChangesInOwnershipInterestsInSubsidiariesThatDoNotResultInLossOfControl,비지배지분의 변동,0,0,11,KRW
00399694,SOOP,2024,CFS,SCE,자본변동표,ifrs-full_IncreaseDecreaseThroughChangesInOwnershipInterestsInSubsidiariesThatDoNotResultInLossOfControl,비지배지분의 변동,0,0,11,KRW
00399694,SOOP,2024,CFS,SCE,자본변동표,ifrs-full_IncreaseDecreaseThroughExerciseOfWarrantsEquity,주식선택권 행사,25522131,-361421078,12,KRW
00399694,SOOP,2024,CFS,SCE,자본변동표,ifrs-full_IncreaseDecreaseThroughExerciseOfWarrantsEquity,주식선택권 행사,0,0,12,KRW
00399694,SOOP,2024,CFS,SCE,자본변동표,ifrs-full_IncreaseDecreaseThroughExerciseOfWarrantsEquity,주식선택권 행사,25522131,-361421078,12,KRW
00399694,SOOP,2024,CFS,SCE,자본변동표,ifrs-full_IncreaseDecreaseThroughExerciseOfWarrantsEquity,주식선택권 행사,25522131,-361421078,12,KRW
00399694,SOOP,2024,CFS,SCE,자본변동표,ifrs-full_IncreaseDecreaseThroughExerciseOfWarrantsEquity,주식선택권 행사,0,0,12,KRW
00399694,SOOP,2024,CFS,SCE,자본변동표,ifrs-full_IncreaseDecreaseThroughExerciseOfWarrantsEquity,주식선택권 행사,0,0,12,KRW
00399694,SOOP,2024,CFS,SCE,자본변동표,ifrs-full_IncreaseDecreaseThroughExerciseOfWarrantsEquity,주식선택권 행사,0,0,12,KRW
00399694,SOOP,2024,CFS,SCE,자본변동표,ifrs-full_IncreaseDecreaseThroughExerciseOfWarrantsEquity,주식선택권 행사,0,0,12,KRW
00399694,SOOP,2024,CFS,SCE,자본변동표,ifrs-full_IncreaseDecreaseThroughSharebasedPaymentTransactions,주식기준보상거래,4379242385,4160672709,13,KRW
00399694,SOOP,2024,CFS,SCE,자본변동표,ifrs-full_IncreaseDecreaseThroughSharebasedPaymentTransactions,주식기준보상거래,26238405,0,13,KRW
00399694,SOOP,2024,CFS,SCE,자본변동표,ifrs-full_IncreaseDecreaseThroughSharebasedPaymentTransactions,주식기준보상거래,4353003980,4160672709,13,KRW
00399694,SOOP,2024,CFS,SCE,자본변동표,ifrs-full_IncreaseDecreaseThroughSharebasedPaymentTransactions,주식기준보상거래,4353003980,4160672709,13,KRW
00399694,SOOP,2024,CFS,SCE,자본변동표,ifrs-full_IncreaseDecreaseThroughSharebasedPaymentTransactions,주식기준보상거래,0,0,13,KRW
00399694,SOOP,2024,CFS,SCE,자본변동표,ifrs-full_IncreaseDecreaseThroughSharebasedPaymentTransactions,주식기준보상거래,0,0,13,KRW
00399694,SOOP,2024,CFS,SCE,자본변동표,ifrs-full_IncreaseDecreaseThroughSharebasedPaymentTransactions,주식기준보상거래,0,0,13,KRW
00399694,SOOP,2024,CFS,SCE,자본변동표,ifrs-full_IncreaseDecreaseThroughSharebasedPaymentTransactions,주식기준보상거래,0,0,13,KRW
00399694,SOOP,2024,CFS,SCE,자본변동표,ifrs-full_IncreaseDecreaseThroughTransactionsWithOwners,소유주와의 거래 총액,-13806734030,-20890956865,14,KRW
00399694,SOOP,2024,CFS,SCE,자본변동표,ifrs-full_IncreaseDecreaseThroughTransactionsWithOwners,소유주와의 거래 총액,240129274,2041466018,14,KRW
00399694,SOOP,2024,CFS,SCE,자본변동표,ifrs-full_IncreaseDecreaseThroughTransactionsWithOwners,소유주와의 거래 총액,-14046863304,-22932422883,14,KRW
00399694,SOOP,2024,CFS,SCE,자본변동표,ifrs-full_IncreaseDecreaseThroughTransactionsWithOwners,소유주와의 거래 총액,-4931959704,-14993956453,14,KRW
00399694,SOOP,2024,CFS,SCE,자본변동표,ifrs-full_IncreaseDecreaseThroughTransactionsWithOwners,소유주와의 거래 총액,0,0,14,KRW
00399694,SOOP,2024,CFS,SCE,자본변동표,ifrs-full_IncreaseDecreaseThroughTransactionsWithOwners,소유주와의 거래 총액,-9114903600,-7963271430,14,KRW
00399694,SOOP,2024,CFS,SCE,자본변동표,ifrs-full_IncreaseDecreaseThroughTransactionsWithOwners,소유주와의 거래 총액,0,0,14,KRW
00399694,SOOP,2024,CFS,SCE,자본변동표,ifrs-full_IncreaseDecreaseThroughTransactionsWithOwners,소유주와의 거래 총액,0,24805000,14,KRW
00399694,SOOP,2024,CFS,SCE,자본변동표,ifrs-full_IssueOfEquity,지분의 발행,,,15,KRW
00399694,SOOP,2024,CFS,SCE,자본변동표,ifrs-full_IssueOfEquity,지분의 발행,,,15,KRW
00399694,SOOP,2024,CFS,SCE,자본변동표,ifrs-full_IssueOfEquity,지분의 발행,,,15,KRW
00399694,SOOP,2024,CFS,SCE,자본변동표,ifrs-full_IssueOfEquity,지분의 발행,,,15,KRW
00399694,SOOP,2024,CFS,SCE,자본변동표,ifrs-full_IssueOfEquity,지분의 발행,,,15,KRW
00399694,SOOP,2024,CFS,SCE,자본변동표,ifrs-full_IssueOfEquity,지분의 발행,,,15,KRW
00399694,SOOP,2024,CFS,SCE,자본변동표,ifrs-full_IssueOfEquity,지분의 발행,,,15,KRW
00399694,SOOP,2024,CFS,SCE,자본변동표,ifrs-full_IssueOfEquity,지분의 발행,,,15,KRW
00399694,SOOP,2024,CFS,SCE,자본변동표,ifrs-full_OtherComprehensiveIncomeNetOfTaxExchangeDifferencesOnTranslation,해외사업환산,378226591,144835110,16,KRW
00399694,SOOP,2024,CFS,SCE,자본변동표,ifrs-full_OtherComprehensiveIncomeNetOfTaxExchangeDifferencesOnTranslation,해외사업환산,0,0,16,KRW
00399694,SOOP,2024,CFS,SCE,자본변동표,ifrs-full_OtherComprehensiveIncomeNetOfTaxExchangeDifferencesOnTranslation,해외사업환산,378226591,144835110,16,KRW
00399694,SOOP,2024,CFS,SCE,자본변동표,ifrs-full_OtherComprehensiveIncomeNetOfTaxExchangeDifferencesOnTranslation,해외사업환산,0,0,16,KRW
00399694,SOOP,2024,CFS,SCE,자본변동표,ifrs-full_OtherComprehensiveIncomeNetOfTaxExchangeDifferencesOnTranslation,해외사업환산,378226591,144835110,16,KRW
00399694,SOOP,2024,CFS,SCE,자본변동표,ifrs-full_OtherComprehensiveIncomeNetOfTaxExchangeDifferencesOnTranslation,해외사업환산,0,0,16,KRW
00399694,SOOP,2024,CFS,SCE,자본변동표,ifrs-full_OtherComprehensiveIncomeNetOfTaxExchangeDifferencesOnTranslation,해외사업환산,0,0,16,KRW
00399694,SOOP,2024,CFS,SCE,자본변동표,ifrs-full_OtherComprehensiveIncomeNetOfTaxExchangeDifferencesOnTranslation,해외사업환산,0,0,16,KRW
00399694,SOOP,2024,CFS,SCE,자본변동표,ifrs-full_OtherComprehensiveIncomeNetOfTaxFinancialAssetsMeasuredAtFairValueThroughOtherComprehensiveIncome,기타포괄손익-공정가치평가손익,83821000,-1706301186,17,KRW
00399694,SOOP,2024,CFS,SCE,자본변동표,ifrs-full_OtherComprehensiveIncomeNetOfTaxFinancialAssetsMeasuredAtFairValueThroughOtherComprehensiveIncome,기타포괄손익-공정가치평가손익,0,0,17,KRW
00399694,SOOP,2024,CFS,SCE,자본변동표,ifrs-full_OtherComprehensiveIncomeNetOfTaxFinancialAssetsMeasuredAtFairValueThroughOtherComprehensiveIncome,기타포괄손익-공정가치평가손익,83821000,-1706301186,17,KRW
00399694,SOOP,2024,CFS,SCE,자본변동표,ifrs-full_OtherComprehensiveIncomeNetOfTaxFinancialAssetsMeasuredAtFairValueThroughOtherComprehensiveIncome,기타포괄손익-공정가치평가손익,0,0,17,KRW
00399694,SOOP,2024,CFS,SCE,자본변동표,ifrs-full_OtherComprehensiveIncomeNetOfTaxFinancialAssetsMeasuredAtFairValueThroughOtherComprehensiveIncome,기타포괄손익-공정가치평가손익,83821000,-1706301186,17,KRW
00399694,SOOP,2024,CFS,SCE,자본변동표,ifrs-full_OtherComprehensiveIncomeNetOfTaxFinancialAssetsMeasuredAtFairValueThroughOtherComprehensiveIncome,기타포괄손익-공정가치평가손익,0,0,17,KRW
00399694,SOOP,2024,CFS,SCE,자본변동표,ifrs-full_OtherComprehensiveIncomeNetOfTaxFinancialAssetsMeasuredAtFairValueThroughOtherComprehensiveIncome,기타포괄손익-공정가치평가손익,0,0,17,KRW
00399694,SOOP,2024,CFS,SCE,자본변동표,ifrs-full_OtherComprehensiveIncomeNetOfTaxFinancialAssetsMeasuredAtFairValueThroughOtherComprehensiveIncome,기타포괄손익-공정가치평가손익,0,0,17,KRW
00399694,SOOP,2024,CFS,SCE,자본변동표,ifrs-full_ProfitLoss,당기순이익,102423309023,74623795681,18,KRW
00399694,SOOP,2024,CFS,SCE,자본변동표,ifrs-full_ProfitLoss,당기순이익,1211046105,31222276,18,KRW
00399694,SOOP,2024,CFS,SCE,자본변동표,ifrs-full_ProfitLoss,당기순이익,101212262918,74592573405,18,KRW
00399694,SOOP,2024,CFS,SCE,자본변동표,ifrs-full_ProfitLoss,당기순이익,0,0,18,KRW
00399694,SOOP,2024,CFS,SCE,자본변동표,ifrs-full_ProfitLoss,당기순이익,0,0,18,KRW
00399694,SOOP,2024,CFS,SCE,자본변동표,ifrs-full_ProfitLoss,당기순이익,101212262918,74592573405,18,KRW
00399694,SOOP,2024,CFS,SCE,자본변동표,ifrs-full_ProfitLoss,당기순이익,0,0,18,KRW
00399694,SOOP,2024,CFS,SCE,자본변동표,ifrs-full_ProfitLoss,당기순이익,0,0,18,KRW
00399694,SOOP,2024,OFS,BS,재무상태표,ifrs-full_Assets,자산총계,692891030149,543387374366,7,KRW
00399694,SOOP,2024,OFS,BS,재무상태표,ifrs-full_CurrentAssets,유동자산,592638555689,454682110492,8,KRW
00399694,SOOP,2024,OFS,BS,재무상태표,ifrs-full_CashAndCashEquivalents,현금및현금성자산,206294440361,119368732289,9,KRW
00399694,SOOP,2024,OFS,BS,재무상태표,ifrs-full_CurrentContractAssets,계약자산,4464406540,617133046,10,KRW
00399694,SOOP,2024,OFS,BS,재무상태표,ifrs-full_Inventories,재고자산,13338824,0,11,KRW
00399694,SOOP,2024,OFS,BS,재무상태표,ifrs-full_OtherCurrentAssets,기타유동자산,3850710190,1070406411,12,KRW
00399694,SOOP,2024,OFS,BS,재무상태표,ifrs-full_OtherCurrentFinancialAssets,기타유동금융자산,180766766219,152834058237,13,KRW
00399694,SOOP,2024,OFS,BS,재무상태표,ifrs-full_ShorttermDepositsNotClassifiedAsCashEquivalents,단기금융상품,77410000000,73000000000,14,KRW
00399694,SOOP,2024,OFS,BS,재무상태표,ifrs-full_TradeAndOtherCurrentReceivables,매출채권및기타채권,119838893555,107791780509,15,KRW
00399694,SOOP,2024,OFS,BS,재무상태표,ifrs-full_NoncurrentAssets,비유동자산,100252474460,88705263874,16,KRW
00399694,SOOP,2024,OFS,BS,재무상태표,ifrs-full_IntangibleAssetsAndGoodwill,무형자산,3643464508,4502037879,17,KRW
00399694,SOOP,2024,OFS,BS,재무상태표,ifrs-full_InvestmentsInSubsidiariesJointVenturesAndAssociates,"종속기업, 공동기업과 관계기업에 대한 투자자산",29608186461,20839050331,18,KRW
00399694,SOOP,2024,OFS,BS,재무상태표,ifrs-full_NetDeferredTaxAssets,이연법인세자산,8220200872,6799291156,19,KRW
00399694,SOOP,2024,OFS,BS,재무상태표,ifrs-full_OtherNoncurrentFinancialAssets,기타비유동금융자산,9191988411,9082174938,20,KRW
00399694,SOOP,2024,OFS,BS,재무상태표,ifrs-full_OtherNoncurrentReceivables,기타 비유동채권,7987671657,8247694970,21,KRW
00399694,SOOP,2024,OFS,BS,재무상태표,ifrs-full_PropertyPlantAndEquipment,유형자산,34740987793,34590171874,22,KRW
00399694,SOOP,2024,OFS,BS,재무상태표,ifrs-full_RightofuseAssets,사용권자산,6859974758,4644842726,23,KRW
00399694,SOOP,2024,OFS,BS,재무상태표,dart_CapitalSurplus,자본잉여금,48039016643,48039016643,25,KRW
00399694,SOOP,2024,OFS,BS,재무상태표,dart_ElementsOfOtherStockholdersEquity,기타자본구성요소,-47837710559,-43070818270,26,KRW
00399694,SOOP,2024,OFS,BS,재무상태표,dart_OtherComprehensiveIncomeLossAccumulatedAmount,기타포괄손익누계액,-6767949369,-6851770369,27,KRW
00399694,SOOP,2024,OFS,BS,재무상태표,ifrs-full_Equity,자본총계,379324955287,292125063793,28,KRW
00399694,SOOP,2024,OFS,BS,재무상태표,ifrs-full_IssuedCapital,자본금,5747383500,5747383500,29,KRW
00399694,SOOP,2024,OFS,BS,재무상태표,ifrs-full_RetainedEarnings,이익잉여금,380144215072,288261252289,30,KRW
00399694,SOOP,2024,OFS,BS,재무상태표,ifrs-full_EquityAndLiabilities,자본과부채총계,692891030149,543387374366,31,KRW
00399694,SOOP,2024,OFS,BS,재무상태표,ifrs-full_CurrentLiabilities,유동부채,306230880402,247846913075,33,KRW
00399694,SOOP,2024,OFS,BS,재무상태표,ifrs-full_CurrentLeaseLiabilities,유동 리스부채,3621691341,4157052402,34,KRW
00399694,SOOP,2024,OFS,BS,재무상태표,ifrs-full_CurrentProvisions,유동충당부채,1379660784,1462331456,35,KRW
00399694,SOOP,2024,OFS,BS,재무상태표,ifrs-full_CurrentTaxLiabilities,당기법인세부채,20384620806,17486611698,36,KRW
00399694,SOOP,2024,OFS,BS,재무상태표,ifrs-full_OtherCurrentLiabilities,기타 유동부채,21109343161,17939021479,37,KRW
00399694,SOOP,2024,OFS,BS,재무상태표,ifrs-full_TradeAndOtherCurrentPayables,매입채무및기타채무,259735564310,206801896040,38,KRW
00399694,SOOP,2024,OFS,BS,재무상태표,ifrs-full_Liabilities,부채총계,313566074862,251262310573,39,KRW
00399694,SOOP,2024,OFS,BS,재무상태표,ifrs-full_NoncurrentLiabilities,비유동부채,7335194460,3415397498,40,KRW
00399694,SOOP,2024,OFS,BS,재무상태표,dart_LongTermTradeAndOtherNonCurrentPayables,장기매입채무및기타채무,120000000,10000000,41,KRW
00399694,SOOP,2024,OFS,BS,재무상태표,ifrs-full_NoncurrentLeaseLiabilities,비유동 리스부채,3965379775,482186090,42,KRW
00399694,SOOP,2024,OFS,BS,재무상태표,ifrs-full_NoncurrentProvisions,비유동충당부채,3249814685,2923211408,43,KRW
00399694,SOOP,2024,OFS,CIS,포괄손익계산서,dart_OperatingIncomeLoss,영업이익,114605495202,94198864283,6,KRW
00399694,SOOP,2024,OFS,CIS,포괄손익계산서,dart_OtherGains,기타이익,8824481014,4435588697,7,KRW
00399694,SOOP,2024,OFS,CIS,포괄손익계산서,dart_OtherLosses,기타손실,5428091028,10631486941,8,KRW
00399694,SOOP,2024,OFS,CIS,포괄손익계산서,ifrs-full_ComprehensiveIncome,총포괄이익,101081687383,76611410811,9,KRW
00399694,SOOP,2024,OFS,CIS,포괄손익계산서,ifrs-full_BasicEarningsLossPerShare,기본주당이익(손실),9469,7218,11,KRW
00399694,SOOP,2024,OFS,CIS,포괄손익계산서,ifrs-full_DilutedEarningsLossPerShare,희석주당이익(손실),9391,7179,12,KRW
00399694,SOOP,2024,OFS,CIS,포괄손익계산서,ifrs-full_FinanceCosts,금융원가,214708958,341597802,13,KRW
00399694,SOOP,2024,OFS,CIS,포괄손익계산서,ifrs-full_FinanceIncome,금융수익,11537654524,11879022693,14,KRW
00399694,SOOP,2024,OFS,CIS,포괄손익계산서,ifrs-full_IncomeTaxExpenseContinuingOperations,법인세비용,28326964371,21222678933,15,KRW
00399694,SOOP,2024,OFS,CIS,포괄손익계산서,ifrs-full_OperatingExpense,영업비용,267762988395,228377703075,16,KRW
00399694,SOOP,2024,OFS,CIS,포괄손익계산서,ifrs-full_OtherComprehensiveIncome,기타포괄손익,83821000,-1706301186,17,KRW
00399694,SOOP,2024,OFS,CIS,포괄손익계산서,ifrs-full_OtherComprehensiveIncomeThatWillBeReclassifiedToProfitOrLossNetOfTax,당기손익으로 재분류될 수 있는 항목,,0,18,KRW
00399694,SOOP,2024,OFS,CIS,포괄손익계산서,ifrs-full_OtherComprehensiveIncomeThatWillNotBeReclassifiedToProfitOrLossNetOfTax,당기손익으로 재분류되지 않는 항목,83821000,-1706301186,19,KRW
00399694,SOOP,2024,OFS,CIS,포괄손익계산서,ifrs-full_OtherComprehensiveIncomeNetOfTaxFinancialAssetsMeasuredAtFairValueThroughOtherComprehensiveIncome,기타포괄손익-공정가치평가손익,83821000,-1706301186,20,KRW
00399694,SOOP,2024,OFS,CIS,포괄손익계산서,ifrs-full_ProfitLoss,당기순이익,100997866383,78317711997,21,KRW
00399694,SOOP,2024,OFS,CIS,포괄손익계산서,ifrs-full_ProfitLossBeforeTax,법인세비용차감전이익,129324830754,99540390930,22,KRW
00399694,SOOP,2024,OFS,CIS,포괄손익계산서,ifrs-full_Revenue,영업수익,382368483597,322576567358,23,KRW
00399694,SOOP,2024,OFS,CF,현금흐름표,dart_CashAndCashEquivalentsAtBeginningOfPeriodCf,기초 현금및현금성자산,119368732289,66729160064,2,KRW
00399694,SOOP,2024,OFS,CF,현금흐름표,dart_CashAndCashEquivalentsAtEndOfPeriodCf,당기말 현금및현금성자산,206294440361,119368732289,3,KRW
00399694,SOOP,2024,OFS,CF,현금흐름표,ifrs-full_CashFlowsFromUsedInFinancingActivities,재무활동으로 인한 현금흐름,-23679984894,-31969396492,8,KRW
00399694,SOOP,2024,OFS,CF,현금흐름표,dart_AcquisitionOfTreasuryShares,자기주식의 취득,9145418400,18849973800,9,KRW
00399694,SOOP,2024,OFS,CF,현금흐름표,dart_DecreaseInGuaranteeDepositsAsFinancialActivities,임대보증금의 감소,,,10,KRW
00399694,SOOP,2024,OFS,CF,현금흐름표,dart_IncreaseInGuaranteeDepositsAsFinancialActivities,임대보증금의 증가,,,11,KRW
00399694,SOOP,2024,OFS,CF,현금흐름표,dart_RepaymentsOfShortTermBorrowings,단기차입금의 상환,,,12,KRW
00399694,SOOP,2024,OFS,CF,현금흐름표,-표준계정코드 미사용-,주식선택권 행사로 인한 현금유출,601700,590900,13,KRW
00399694,SOOP,2024,OFS,CF,현금흐름표,ifrs-full_DividendsPaidClassifiedAsFinancingActivities,배당금의 지급,9108769480,7958003200,14,KRW
00399694,SOOP,2024,OFS,CF,현금흐름표,ifrs-full_PaymentsOfLeaseLiabilitiesClassifiedAsFinancingActivities,리스부채 원금의 지급,5425195314,5160828592,15,KRW
00399694,SOOP,2024,OFS,CF,현금흐름표,ifrs-full_CashFlowsFromUsedInInvestingActivities,투자활동으로 인한 현금흐름,-44630186164,-37893436984,16,KRW
00399694,SOOP,2024,OFS,CF,현금흐름표,dart_AdjustmentsForDecreaseIncreaseInFinanceLeaseReceivable,리스채권의 회수,378188311,0,17,KRW
00399694,SOOP,2024,OFS,CF,현금흐름표,dart_DecreaseInGuaranteeDeposits,임차보증금의 감소,,,18,KRW
00399694,SOOP,2024,OFS,CF,현금흐름표,dart_IncreaseInGuaranteeDeposits,임차보증금의 증가,183486000,,19,KRW
00399694,SOOP,2024,OFS,CF,현금흐름표,dart_ProceedsFromSalesOfLongTermLoansAndReceivables,장기대여금의 회수,1527466241,735287614,20,KRW
00399694,SOOP,2024,OFS,CF,현금흐름표,dart_ProceedsFromSalesOfOtherFinancialAssets,기타금융자산의 처분,26875739094,46201831103,21,KRW
00399694,SOOP,2024,OFS,CF,현금흐름표,dart_ProceedsFromSalesOfShortTermFinancialInstruments,단기금융상품의 감소,73000000000,0,22,KRW
00399694,SOOP,2024,OFS,CF,현금흐름표,dart_ProceedsFromSalesOfShortTermLoansAndReceivables,단기대여금의 회수,3572554352,250575172,23,KRW
00399694,SOOP,2024,OFS,CF,현금흐름표,dart_PurchaseOfInvestmentsInSubsidiariesJointVenturesAndAssociates,"종속,관계기업 및 공동기업투자의 취득",7224422337,17791901341,24,KRW
00399694,SOOP,2024,OFS,CF,현금흐름표,dart_PurchaseOfLongTermLoansAndReceivables,장기대여금의 증가,2130000000,3550000000,25,KRW
00399694,SOOP,2024,OFS,CF,현금흐름표,dart_PurchaseOfOtherFinancialAssets,기타금융자산의 취득,50744806802,41424896286,26,KRW
00399694,SOOP,2024,OFS,CF,현금흐름표,dart_PurchaseOfShortTermFinancialInstruments,단기금융상품의 순감소(증가),76868200000,13000000000,27,KRW
00399694,SOOP,2024,OFS,CF,현금흐름표,dart_PurchaseOfShortTermLoansAndReceivables,단기대여금의 증가,333000000,1048000000,28,KRW
00399694,SOOP,2024,OFS,CF,현금흐름표,-표준계정코드 미사용-,파생금융상품부채의 정산,,,29,KRW
00399694,SOOP,2024,OFS,CF,현금흐름표,-표준계정코드 미사용-,보증금의 감소,13500000,440150000,30,KRW
00399694,SOOP,2024,OFS,CF,현금흐름표,-표준계정코드 미사용-,보증금의 증가,190000000,3000000,31,KRW
00399694,SOOP,2024,OFS,CF,현금흐름표,ifrs-full_CashFlowsFromLosingControlOfSubsidiariesOrOtherBusinessesClassifiedAsInvestingActivities,종속관계기업 및 공동기업투자의 처분,68204630,0,32,KRW
00399694,SOOP,2024,OFS,CF,현금흐름표,ifrs-full_ProceedsFromSalesOfIntangibleAssetsClassifiedAsInvestingActivities,무형자산의 처분,98000000,367272727,33,KRW
00399694,SOOP,2024,OFS,CF,현금흐름표,ifrs-full_ProceedsFromSalesOfPropertyPlantAndEquipmentClassifiedAsInvestingActivities,유형자산의 처분,0,52727273,34,KRW
00399694,SOOP,2024,OFS,CF,현금흐름표,ifrs-full_PurchaseOfIntangibleAssetsClassifiedAsInvestingActivities,무형자산의 취득,74005000,601877650,35,KRW
00399694,SOOP,2024,OFS,CF,현금흐름표,ifrs-full_PurchaseOfPropertyPlantAndEquipmentClassifiedAsInvestingActivities,유형자산의 취득,12415918653,8521605596,36,KRW
00399694,SOOP,2024,OFS,CF,현금흐름표,ifrs-full_CashFlowsFromUsedInOperatingActivities,영업활동으로 인한 현금흐름,154483879490,122719697235,37,KRW
00399694,SOOP,2024,OFS,CF,현금흐름표,dart_NetCashflowsFromUsedInOperations,영업에서 창출된 현금,173082404117,133257583692,38,KRW
00399694,SOOP,2024,OFS,CF,현금흐름표,dart_AdjustmentsForAssetsLiabilitiesOfOperatingActivities,운전자본의 변동,25523021926,12487807779,39,KRW
00399694,SOOP,2024,OFS,CF,현금흐름표,ifrs-full_AdjustmentsForReconcileProfitLoss,조정,46561515808,42452063916,40,KRW
00399694,SOOP,2024,OFS,CF,현금흐름표,ifrs-full_ProfitLoss,당기순이익,100997866383,78317711997,41,KRW
00399694,SOOP,2024,OFS,CF,현금흐름표,ifrs-full_DividendsReceivedClassifiedAsOperatingActivities,배당금의 수취,574730000,15500000,42,KRW
00399694,SOOP,2024,OFS,CF,현금흐름표,ifrs-full_IncomeTaxesPaidRefundClassifiedAsOperatingActivities,법인세의 납부,26848920148,16849556623,43,KRW
00399694,SOOP,2024,OFS,CF,현금흐름표,ifrs-full_InterestPaidClassifiedAsOperatingActivities,이자의 지급,0,0,44,KRW
00399694,SOOP,2024,OFS,CF,현금흐름표,ifrs-full_InterestReceivedClassifiedAsOperatingActivities,이자의 수취,7675665521,6296170166,45,KRW
00399694,SOOP,2024,OFS,CF,현금흐름표,ifrs-full_EffectOfExchangeRateChangesOnCashAndCashEquivalents,외화표시 현금및현금성자산의 환율변동효과,751999640,-217291534,46,KRW
00399694,SOOP,2024,OFS,CF,현금흐름표,ifrs-full_IncreaseDecreaseInCashAndCashEquivalentsBeforeEffectOfExchangeRateChanges,현금및현금성자산의 순증가(감소),86173708432,52856863759,47,KRW
00399694,SOOP,2024,OFS,SCE,자본변동표,dart_EquityAtBeginningOfPeriod,기초자본,292125063793,238557601117,3,KRW
00399694,SOOP,2024,OFS,SCE,자본변동표,dart_EquityAtBeginningOfPeriod,기초자본,-43070818270,-27965336565,3,KRW
00399694,SOOP,2024,OFS,SCE,자본변동표,dart_EquityAtBeginningOfPeriod,기초자본,-6851770369,-5369883745,3,KRW
00399694,SOOP,2024,OFS,SCE,자본변동표,dart_EquityAtBeginningOfPeriod,기초자본,288261252289,218131226284,3,KRW
00399694,SOOP,2024,OFS,SCE,자본변동표,dart_EquityAtBeginningOfPeriod,기초자본,5747383500,5747383500,3,KRW
00399694,SOOP,2024,OFS,SCE,자본변동표,dart_EquityAtBeginningOfPeriod,기초자본,48039016643,48014211643,3,KRW
00399694,SOOP,2024,OFS,SCE,자본변동표,dart_TransferOfAmountRecognisedInOtherComprehensiveIncomeAndAccumulatedInEquityRelatingToDisposalOfInvestmentsInEquityInstruments,기타포괄손익의 대체,,0,4,KRW
00399694,SOOP,2024,OFS,SCE,자본변동표,dart_TransferOfAmountRecognisedInOtherComprehensiveIncomeAndAccumulatedInEquityRelatingToDisposalOfInvestmentsInEquityInstruments,기타포괄손익의 대체,,-224414562,4,KRW
00399694,SOOP,2024,OFS,SCE,자본변동표,dart_TransferOfAmountRecognisedInOtherComprehensiveIncomeAndAccumulatedInEquityRelatingToDisposalOfInvestmentsInEquityInstruments,기타포괄손익의 대체,,224414562,4,KRW
00399694,SOOP,2024,OFS,SCE,자본변동표,dart_TransferOfAmountRecognisedInOtherComprehensiveIncomeAndAccumulatedInEquityRelatingToDisposalOfInvestmentsInEquityInstruments,기타포괄손익의 대체,,0,4,KRW
00399694,SOOP,2024,OFS,SCE,자본변동표,dart_TransferOfAmountRecognisedInOtherComprehensiveIncomeAndAccumulatedInEquityRelatingToDisposalOfInvestmentsInEquityInstruments,기타포괄손익의 대체,,0,4,KRW
00399694,SOOP,2024,OFS,SCE,자본변동표,dart_TransferOfAmountRecognisedInOtherComprehensiveIncomeAndAccumulatedInEquityRelatingToDisposalOfInvestmentsInEquityInstruments,기타포괄손익의 대체,,0,4,KRW
00399694,SOOP,2024,OFS,SCE,자본변동표,dart_TreasuryShareTransactions,자기주식의 변동,-9145418400,-18849973800,5,KRW
00399694,SOOP,2024,OFS,SCE,자본변동표,dart_TreasuryShareTransactions,자기주식의 변동,-9145418400,-18849973800,5,KRW
00399694,SOOP,2024,OFS,SCE,자본변동표,dart_TreasuryShareTransactions,자기주식의 변동,0,0,5,KRW
00399694,SOOP,2024,OFS,SCE,자본변동표,dart_TreasuryShareTransactions,자기주식의 변동,0,0,5,KRW
00399694,SOOP,2024,OFS,SCE,자본변동표,dart_TreasuryShareTransactions,자기주식의 변동,0,0,5,KRW
00399694,SOOP,2024,OFS,SCE,자본변동표,dart_TreasuryShareTransactions,자기주식의 변동,0,0,5,KRW
00399694,SOOP,2024,OFS,SCE,자본변동표,-표준계정코드 미사용-,주식선택권 대체,,,6,KRW
00399694,SOOP,2024,OFS,SCE,자본변동표,-표준계정코드 미사용-,주식선택권 대체,,,6,KRW
00399694,SOOP,2024,OFS,SCE,자본변동표,-표준계정코드 미사용-,주식선택권 대체,,,6,KRW
00399694,SOOP,2024,OFS,SCE,자본변동표,-표준계정코드 미사용-,주식선택권 대체,,,6,KRW
00399694,SOOP,2024,OFS,SCE,자본변동표,-표준계정코드 미사용-,주식선택권 대체,,,6,KRW
00399694,SOOP,2024,OFS,SCE,자본변동표,-표준계정코드 미사용-,주식선택권 대체,,,6,KRW
00399694,SOOP,2024,OFS,SCE,자본변동표,ifrs-full_DividendsPaid,연차배당의 지급,0,0,7,KRW
00399694,SOOP,2024,OFS,SCE,자본변동표,ifrs-full_DividendsPaid,연차배당의 지급,9114903600,7963271430,7,KRW
00399694,SOOP,2024,OFS,SCE,자본변동표,ifrs-full_DividendsPaid,연차배당의 지급,0,0,7,KRW
00399694,SOOP,2024,OFS,SCE,자본변동표,ifrs-full_DividendsPaid,연차배당의 지급,0,0,7,KRW
00399694,SOOP,2024,OFS,SCE,자본변동표,ifrs-full_DividendsPaid,연차배당의 지급,9114903600,7963271430,7,KRW
00399694,SOOP,2024,OFS,SCE,자본변동표,ifrs-full_DividendsPaid,연차배당의 지급,0,0,7,KRW
00399694,SOOP,2024,OFS,SCE,자본변동표,ifrs-full_Equity,자본총계,-47837710559,-43070818270,8,KRW
00399694,SOOP,2024,OFS,SCE,자본변동표,ifrs-full_Equity,자본총계,379324955287,292125063793,8,KRW
00399694,SOOP,2024,OFS,SCE,자본변동표,ifrs-full_Equity,자본총계,-6767949369,-6851770369,8,KRW
00399694,SOOP,2024,OFS,SCE,자본변동표,ifrs-full_Equity,자본총계,380144215072,288261252289,8,KRW
00399694,SOOP,2024,OFS,SCE,자본변동표,ifrs-full_Equity,자본총계,5747383500,5747383500,8,KRW
00399694,SOOP,2024,OFS,SCE,자본변동표,ifrs-full_Equity,자본총계,48039016643,48039016643,8,KRW
00399694,SOOP,2024,OFS,SCE,자본변동표,ifrs-full_IncreaseDecreaseThroughExerciseOfWarrantsEquity,주식선택권 행사,25522131,-361421078,9,KRW
00399694,SOOP,2024,OFS,SCE,자본변동표,ifrs-full_IncreaseDecreaseThroughExerciseOfWarrantsEquity,주식선택권 행사,25522131,-386226078,9,KRW
00399694,SOOP,2024,OFS,SCE,자본변동표,ifrs-full_IncreaseDecreaseThroughExerciseOfWarrantsEquity,주식선택권 행사,0,0,9,KRW
00399694,SOOP,2024,OFS,SCE,자본변동표,ifrs-full_IncreaseDecreaseThroughExerciseOfWarrantsEquity,주식선택권 행사,0,0,9,KRW
00399694,SOOP,2024,OFS,SCE,자본변동표,ifrs-full_IncreaseDecreaseThroughExerciseOfWarrantsEquity,주식선택권 행사,0,0,9,KRW
00399694,SOOP,2024,OFS,SCE,자본변동표,ifrs-full_IncreaseDecreaseThroughExerciseOfWarrantsEquity,주식선택권 행사,0,24805000,9,KRW
00399694,SOOP,2024,OFS,SCE,자본변동표,ifrs-full_IncreaseDecreaseThroughSharebasedPaymentTransactions,주식기준보상거래,4353003980,4130718173,10,KRW
00399694,SOOP,2024,OFS,SCE,자본변동표,ifrs-full_IncreaseDecreaseThroughSharebasedPaymentTransactions,주식기준보상거래,4353003980,4130718173,10,KRW
00399694,SOOP,2024,OFS,SCE,자본변동표,ifrs-full_IncreaseDecreaseThroughSharebasedPaymentTransactions,주식기준보상거래,0,0,10,KRW
00399694,SOOP,2024,OFS,SCE,자본변동표,ifrs-full_IncreaseDecreaseThroughSharebasedPaymentTransactions,주식기준보상거래,0,0,10,KRW
00399694,SOOP,2024,OFS,SCE,자본변동표,ifrs-full_IncreaseDecreaseThroughSharebasedPaymentTransactions,주식기준보상거래,0,0,10,KRW
00399694,SOOP,2024,OFS,SCE,자본변동표,ifrs-full_IncreaseDecreaseThroughSharebasedPaymentTransactions,주식기준보상거래,0,0,10,KRW
00399694,SOOP,2024,OFS,SCE,자본변동표,ifrs-full_OtherComprehensiveIncomeNetOfTaxFinancialAssetsMeasuredAtFairValueThroughOtherComprehensiveIncome,기타포괄손익-공정가치평가손익,83821000,-1706301186,11,KRW
00399694,SOOP,2024,OFS,SCE,자본변동표,ifrs-full_OtherComprehensiveIncomeNetOfTaxFinancialAssetsMeasuredAtFairValueThroughOtherComprehensiveIncome,기타포괄손익-공정가치평가손익,0,0,11,KRW
00399694,SOOP,2024,OFS,SCE,자본변동표,ifrs-full_OtherComprehensiveIncomeNetOfTaxFinancialAssetsMeasuredAtFairValueThroughOtherComprehensiveIncome,기타포괄손익-공정가치평가손익,83821000,-1706301186,11,KRW
00399694,SOOP,2024,OFS,SCE,자본변동표,ifrs-full_OtherComprehensiveIncomeNetOfTaxFinancialAssetsMeasuredAtFairValueThroughOtherComprehensiveIncome,기타포괄손익-공정가치평가손익,0,0,11,KRW
00399694,SOOP,2024,OFS,SCE,자본변동표,ifrs-full_OtherComprehensiveIncomeNetOfTaxFinancialAssetsMeasuredAtFairValueThroughOtherComprehensiveIncome,기타포괄손익-공정가치평가손익,0,0,11,KRW
00399694,SOOP,2024,OFS,SCE,자본변동표,ifrs-full_OtherComprehensiveIncomeNetOfTaxFinancialAssetsMeasuredAtFairValueThroughOtherComprehensiveIncome,기타포괄손익-공정가치평가손익,0,0,11,KRW
00399694,SOOP,2024,OFS,SCE,자본변동표,ifrs-full_ProfitLoss,당기순이익,100997866383,78317711997,12,KRW
00399694,SOOP,2024,OFS,SCE,자본변동표,ifrs-full_ProfitLoss,당기순이익,0,0,12,KRW
00399694,SOOP,2024,OFS,SCE,자본변동표,ifrs-full_ProfitLoss,당기순이익,0,0,12,KRW
00399694,SOOP,2024,OFS,SCE,자본변동표,ifrs-full_ProfitLoss,당기순이익,100997866383,78317711997,12,KRW
00399694,SOOP,2024,OFS,SCE,자본변동표,ifrs-full_ProfitLoss,당기순이익,0,0,12,KRW
00399694,SOOP,2024,OFS,SCE,자본변동표,ifrs-full_ProfitLoss,당기순이익,0,0,12,KRW
00399694,SOOP,2025,CFS,BS,재무상태표,ifrs-full_Assets,자산총계,884795265717,715724798333,7,KRW
00399694,SOOP,2025,CFS,BS,재무상태표,ifrs-full_CurrentAssets,유동자산,744817083600,615464053943,8,KRW
00399694,SOOP,2025,CFS,BS,재무상태표,ifrs-full_CashAndCashEquivalents,현금및현금성자산,134011835737,224032646581,9,KRW
00399694,SOOP,2025,CFS,BS,재무상태표,ifrs-full_CurrentContractAssets,계약자산,3519234282,5403592319,10,KRW
00399694,SOOP,2025,CFS,BS,재무상태표,ifrs-full_CurrentTaxAssets,당기법인세자산,957422,546161046,11,KRW
00399694,SOOP,2025,CFS,BS,재무상태표,ifrs-full_Inventories,재고자산,506567641,101007122,12,KRW
00399694,SOOP,2025,CFS,BS,재무상태표,ifrs-full_OtherCurrentAssets,기타유동자산,17026107279,4336522581,13,KRW
00399694,SOOP,2025,CFS,BS,재무상태표,ifrs-full_OtherCurrentFinancialAssets,기타유동금융자산,294402879106,180836867704,14,KRW
00399694,SOOP,2025,CFS,BS,재무상태표,ifrs-full_ShorttermDepositsNotClassifiedAsCashEquivalents,단기금융상품,116354281889,77410000000,15,KRW
00399694,SOOP,2025,CFS,BS,재무상태표,ifrs-full_TradeAndOtherCurrentReceivables,매출채권및기타채권,178995220244,122797256590,16,KRW
00399694,SOOP,2025,CFS,BS,재무상태표,ifrs-full_NoncurrentAssets,비유동자산,139978182117,100260744390,17,KRW
00399694,SOOP,2025,CFS,BS,재무상태표,dart_LongTermDepositsNotClassifiedAsCashEquivalents,장기금융상품,1002000000,0,18,KRW
00399694,SOOP,2025,CFS,BS,재무상태표,ifrs-full_DeferredTaxAssets,이연법인세자산,16129399156,11587763857,19,KRW
00399694,SOOP,2025,CFS,BS,재무상태표,ifrs-full_IntangibleAssetsAndGoodwill,무형자산,51360348752,15878082607,20,KRW
00399694,SOOP,2025,CFS,BS,재무상태표,ifrs-full_InvestmentAccountedForUsingEquityMethod,관계기업 및 공동기업투자,0,0,21,KRW
00399694,SOOP,2025,CFS,BS,재무상태표,ifrs-full_InvestmentProperty,투자부동산,7274913794,7305439132,22,KRW
00399694,SOOP,2025,CFS,BS,재무상태표,ifrs-full_NoncurrentRecognisedAssetsDefinedBenefitPlan,비유동 순확정급여자산,695179198,0,23,KRW
00399694,SOOP,2025,CFS,BS,재무상태표,ifrs-full_OtherNoncurrentAssets,기타비유동자산,3042000,0,24,KRW
00399694,SOOP,2025,CFS,BS,재무상태표,ifrs-full_OtherNoncurrentFinancialAssets,기타비유동금융자산,3638833390,9518730106,25,KRW
00399694,SOOP,2025,CFS,BS,재무상태표,ifrs-full_OtherNoncurrentReceivables,기타 비유동채권,9292929316,10810392710,26,KRW
00399694,SOOP,2025,CFS,BS,재무상태표,ifrs-full_PropertyPlantAndEquipment,유형자산,41803307840,36313281866,27,KRW
00399694,SOOP,2025,CFS,BS,재무상태표,ifrs-full_RightofuseAssets,사용권자산,8778228671,8847054112,28,KRW
00399694,SOOP,2025,CFS,BS,재무상태표,ifrs-full_Equity,자본총계,503173580919,382424625846,30,KRW
00399694,SOOP,2025,CFS,BS,재무상태표,ifrs-full_EquityAttributableToOwnersOfParent,지배기업의 소유주에게 귀속되는 자본,467005108503,378871276374,31,KRW
00399694,SOOP,2025,CFS,BS,재무상태표,dart_CapitalSurplus,자본잉여금,48039016643,48039016643,32,KRW
00399694,SOOP,2025,CFS,BS,재무상태표,dart_ElementsOfOtherStockholdersEquity,기타자본구성요소,-46273712222,-49071822299,33,KRW
00399694,SOOP,2025,CFS,BS,재무상태표,dart_OtherComprehensiveIncomeLossAccumulatedAmount,기타포괄손익누계액,-4641211432,-6334764294,34,KRW
00399694,SOOP,2025,CFS,BS,재무상태표,ifrs-full_IssuedCapital,자본금,5747383500,5747383500,35,KRW
00399694,SOOP,2025,CFS,BS,재무상태표,ifrs-full_RetainedEarnings,이익잉여금,464133632014,380491462824,36,KRW
00399694,SOOP,2025,CFS,BS,재무상태표,ifrs-full_NoncontrollingInterests,비지배지분,36168472416,3553349472,37,KRW
00399694,SOOP,2025,CFS,BS,재무상태표,ifrs-full_EquityAndLiabilities,자본과부채총계,884795265717,715724798333,38,KRW
00399694,SOOP,2025,CFS,BS,재무상태표,ifrs-full_CurrentLiabilities,유동부채,371101907725,324878082191,40,KRW
00399694,SOOP,2025,CFS,BS,재무상태표,-표준계정코드 미사용-,단기차입금,341000000,2456095040,41,KRW
00399694,SOOP,2025,CFS,BS,재무상태표,-표준계정코드 미사용-,유동성장기차입금,19920000,4098240000,42,KRW
00399694,SOOP,2025,CFS,BS,재무상태표,ifrs-full_CurrentLeaseLiabilities,유동 리스부채,7613201860,4311822634,43,KRW
00399694,SOOP,2025,CFS,BS,재무상태표,ifrs-full_CurrentTaxLiabilities,당기법인세부채,16795922694,20972118570,44,KRW
00399694,SOOP,2025,CFS,BS,재무상태표,ifrs-full_OtherCurrentLiabilities,기타 유동부채,25413510297,23741645705,45,KRW
00399694,SOOP,2025,CFS,BS,재무상태표,ifrs-full_OtherShorttermProvisions,유동충당부채,1564014609,1379660784,46,KRW
00399694,SOOP,2025,CFS,BS,재무상태표,ifrs-full_TradeAndOtherCurrentPayables,매입채무및기타채무,319354338265,267918499458,47,KRW
00399694,SOOP,2025,CFS,BS,재무상태표,ifrs-full_Liabilities,부채총계,381621684798,333300172487,48,KRW
00399694,SOOP,2025,CFS,BS,재무상태표,ifrs-full_NoncurrentLiabilities,비유동부채,10519777073,8422090296,49,KRW
00399694,SOOP,2025,CFS,BS,재무상태표,ifrs-full_DeferredTaxLiabilities,이연법인세부채,1385008214,0,50,KRW
00399694,SOOP,2025,CFS,BS,재무상태표,ifrs-full_NoncurrentLeaseLiabilities,비유동 리스부채,2097134014,4685308668,51,KRW
00399694,SOOP,2025,CFS,BS,재무상태표,ifrs-full_NoncurrentPayables,장기매입채무 및 기타채무,20000000,69320000,52,KRW
00399694,SOOP,2025,CFS,BS,재무상태표,ifrs-full_NoncurrentPortionOfNoncurrentLoansReceived,장기차입금,3009960000,29880000,53,KRW
00399694,SOOP,2025,CFS,BS,재무상태표,ifrs-full_OtherLongtermProvisions,비유동충당부채,3977191687,3637581628,54,KRW
00399694,SOOP,2025,CFS,BS,재무상태표,ifrs-full_RecognisedLiabilitiesDefinedBenefitPlan,순확정급여부채,30483158,0,55,KRW
00399694,SOOP,2025,CFS,CIS,포괄손익계산서,dart_OperatingIncomeLoss,영업이익,124840445238,113506476450,6,KRW
00399694,SOOP,2025,CFS,CIS,포괄손익계산서,dart_OtherGains,기타이익,992214164,7187907040,7,KRW
00399694,SOOP,2025,CFS,CIS,포괄손익계산서,dart_OtherLosses,기타손실,4842530507,2963076910,8,KRW
00399694,SOOP,2025,CFS,CIS,포괄손익계산서,ifrs-full_FinanceCosts,금융원가,1898838247,879314186,9,KRW
00399694,SOOP,2025,CFS,CIS,포괄손익계산서,ifrs-full_FinanceIncome,금융수익,12470271394,11455708025,10,KRW
00399694,SOOP,2025,CFS,CIS,포괄손익계산서,ifrs-full_ShareOfProfitLossOfAssociatesAccountedForUsingEquityMethod,관계기업에 대한 지분법손익,0,0,11,KRW
00399694,SOOP,2025,CFS,CIS,포괄손익계산서,ifrs-full_ComprehensiveIncome,총포괄이익,103363006685,102885356614,12,KRW
00399694,SOOP,2025,CFS,CIS,포괄손익계산서,ifrs-full_ComprehensiveIncomeFromContinuingOperationsAttributableToNoncontrollingInterests,비지배지분에 귀속될 총포괄이익(손실),2041928633,1211046105,13,KRW
00399694,SOOP,2025,CFS,CIS,포괄손익계산서,ifrs-full_ComprehensiveIncomeFromContinuingOperationsAttributableToOwnersOfParent,지배기업의 소유주에 귀속될 총포괄이익,101321078052,101674310509,14,KRW
00399694,SOOP,2025,CFS,CIS,포괄손익계산서,ifrs-full_BasicEarningsLossPerShare,기본주당이익(손실),9556,9489,16,KRW
00399694,SOOP,2025,CFS,CIS,포괄손익계산서,ifrs-full_DilutedEarningsLossPerShare,희석주당이익(손실),9511,9411,17,KRW
00399694,SOOP,2025,CFS,CIS,포괄손익계산서,ifrs-full_OperatingExpense,영업비용,341729820844,299671970514,18,KRW
00399694,SOOP,2025,CFS,CIS,포괄손익계산서,ifrs-full_OtherComprehensiveIncome,기타포괄손익,-381262690,462047591,19,KRW
00399694,SOOP,2025,CFS,CIS,포괄손익계산서,ifrs-full_OtherComprehensiveIncomeThatWillBeReclassifiedToProfitOrLossNetOfTax,당기손익으로 재분류될 수 있는 항목,26083435,378226591,20,KRW
00399694,SOOP,2025,CFS,CIS,포괄손익계산서,ifrs-full_GainsLossesOnExchangeDifferencesOnTranslationNetOfTax,해외사업환산손익,26083435,378226591,21,KRW
00399694,SOOP,2025,CFS,CIS,포괄손익계산서,ifrs-full_OtherComprehensiveIncomeThatWillNotBeReclassifiedToProfitOrLossNetOfTax,당기손익으로 재분류되지 않는 항목,-407346125,83821000,22,KRW
00399694,SOOP,2025,CFS,CIS,포괄손익계산서,ifrs-full_OtherComprehensiveIncomeNetOfTaxFinancialAssetsMeasuredAtFairValueThroughOtherComprehensiveIncome,기타포괄손익-공정가치평가손익,-869794819,83821000,23,KRW
00399694,SOOP,2025,CFS,CIS,포괄손익계산서,ifrs-full_OtherComprehensiveIncomeNetOfTaxGainsLossesOnRemeasurementsOfDefinedBenefitPlans,확정급여제도의재측정요소,462448694,0,24,KRW
00399694,SOOP,2025,CFS,CIS,포괄손익계산서,ifrs-full_ProfitLoss,당기순이익,103744269375,102423309023,25,KRW
00399694,SOOP,2025,CFS,CIS,포괄손익계산서,ifrs-full_ProfitLossAttributableToNoncontrollingInterests,비지배지분에 귀속될 분기순이익,1904929658,1211046105,26,KRW
00399694,SOOP,2025,CFS,CIS,포괄손익계산서,ifrs-full_ProfitLossAttributableToOwnersOfParent,지배기업의 소유주에 귀속될 당기순이익,101839339717,101212262918,27,KRW
00399694,SOOP,2025,CFS,CIS,포괄손익계산서,ifrs-full_ProfitLossBeforeTax,법인세비용차감전이익,131561562042,128307700419,28,KRW
00399694,SOOP,2025,CFS,CIS,포괄손익계산서,ifrs-full_IncomeTaxExpenseContinuingOperations,법인세비용,27817292667,25884391396,29,KRW
00399694,SOOP,2025,CFS,CIS,포괄손익계산서,ifrs-full_Revenue,영업수익,466570266082,413178446964,30,KRW
00399694,SOOP,2025,CFS,CF,현금흐름표,dart_CashAndCashEquivalentsAtBeginningOfPeriodCf,기초 현금및현금성자산,224032646581,136289810003,2,KRW
00399694,SOOP,2025,CFS,CF,현금흐름표,dart_CashAndCashEquivalentsAtEndOfPeriodCf,당분기말 현금및현금성자산,134011835737,224032646581,3,KRW
00399694,SOOP,2025,CFS,CF,현금흐름표,ifrs-full_CashFlowsFromUsedInFinancingActivities,재무활동현금흐름,-26876885992,-27641550787,8,KRW
00399694,SOOP,2025,CFS,CF,현금흐름표,dart_AcquisitionOfTreasuryShares,자기주식의 취득,0,9145418400,9,KRW
00399694,SOOP,2025,CFS,CF,현금흐름표,dart_DecreaseInGuaranteeDepositsAsFinancialActivities,임대보증금의 감소,10000000,0,10,KRW
00399694,SOOP,2025,CFS,CF,현금흐름표,dart_IncreaseInGuaranteeDepositsAsFinancialActivities,임대보증금의 증가,143911254,0,11,KRW
00399694,SOOP,2025,CFS,CF,현금흐름표,dart_PaymentForConsolidatedCapitalTransactions,연결자본거래로 인한 현금유출,0,0,12,KRW
00399694,SOOP,2025,CFS,CF,현금흐름표,dart_ProceedsFromConsolidatedCapitalTransactions,연결자본거래로 인한 현금유입,0,3759,13,KRW
00399694,SOOP,2025,CFS,CF,현금흐름표,dart_ProceedsFromShortTermBorrowings,단기차입금의 증가,27727000,975095040,14,KRW
00399694,SOOP,2025,CFS,CF,현금흐름표,dart_RepaymentsOfLongTermBorrowings,장기차입금의 상환,19920000,387334000,15,KRW
00399694,SOOP,2025,CFS,CF,현금흐름표,dart_RepaymentsOfShortTermBorrowings,단기차입금의 상환,2115095040,2342387615,16,KRW
00399694,SOOP,2025,CFS,CF,현금흐름표,-표준계정코드 미사용-,주식선택권 행사로 인한 현금유출,0,601700,17,KRW
00399694,SOOP,2025,CFS,CF,현금흐름표,-표준계정코드 미사용-,영업보증금의 감소,20000000,20000000,18,KRW
00399694,SOOP,2025,CFS,CF,현금흐름표,-표준계정코드 미사용-,유동성장기차입금의 상환,1078320000,1349880000,19,KRW
00399694,SOOP,2025,CFS,CF,현금흐름표,ifrs-full_DividendsPaidClassifiedAsFinancingActivities,배당금지급,15974531260,9108769480,20,KRW
00399694,SOOP,2025,CFS,CF,현금흐름표,ifrs-full_PaymentsOfLeaseLiabilitiesClassifiedAsFinancingActivities,리스부채 원금의 지급,7830657946,6262258391,21,KRW
00399694,SOOP,2025,CFS,CF,현금흐름표,ifrs-full_CashFlowsFromUsedInInvestingActivities,투자활동으로 인한 현금흐름,-184610807966,-42835383337,22,KRW
00399694,SOOP,2025,CFS,CF,현금흐름표,dart_DecreaseInGuaranteeDeposits,임차보증금의 감소,1155000000,0,23,KRW
00399694,SOOP,2025,CFS,CF,현금흐름표,dart_IncreaseInGuaranteeDeposits,임차보증금의 증가,1170000000,190986000,24,KRW
00399694,SOOP,2025,CFS,CF,현금흐름표,dart_ProceedsFromSalesOfLongTermLoansAndReceivables,장기대여금의 회수,2333637126,1531328393,25,KRW
00399694,SOOP,2025,CFS,CF,현금흐름표,dart_ProceedsFromSalesOfOtherFinancialAssets,기타금융자산의 처분,68217687364,27337292832,26,KRW
00399694,SOOP,2025,CFS,CF,현금흐름표,dart_ProceedsFromSalesOfShortTermFinancialInstruments,단기금융상품의 감소,0,0,27,KRW
00399694,SOOP,2025,CFS,CF,현금흐름표,dart_ProceedsFromSalesOfShortTermLoansAndReceivables,단기대여금의 회수,1481998054,377588152,28,KRW
00399694,SOOP,2025,CFS,CF,현금흐름표,dart_PurchaseOfFinancialAssetsAtFairValueThroughOtherComprehensiveIncome,기타포괄손익-공정가치측정금융자산의취득,0,0,29,KRW
00399694,SOOP,2025,CFS,CF,현금흐름표,dart_PurchaseOfLongTermFinancialInstruments,장기금융상품의 순감소(증가),2700000000,0,30,KRW
00399694,SOOP,2025,CFS,CF,현금흐름표,dart_PurchaseOfLongTermLoansAndReceivables,장기대여금의 증가,2222800000,2130000000,31,KRW
00399694,SOOP,2025,CFS,CF,현금흐름표,dart_PurchaseOfOtherFinancialAssets,기타금융자산의 취득,174651156967,51223119303,32,KRW
00399694,SOOP,2025,CFS,CF,현금흐름표,dart_PurchaseOfShortTermFinancialInstruments,단기금융상품의 순감소(증가),4446994755,3868200000,33,KRW
00399694,SOOP,2025,CFS,CF,현금흐름표,dart_PurchaseOfShortTermLoansAndReceivables,단기대여금의 증가,616000000,153000000,34,KRW
00399694,SOOP,2025,CFS,CF,현금흐름표,-표준계정코드 미사용-,보증금의 감소,98223532,30162974,35,KRW
00399694,SOOP,2025,CFS,CF,현금흐름표,-표준계정코드 미사용-,투자예치금의 순감소(증가),683475325,203026948,36,KRW
00399694,SOOP,2025,CFS,CF,현금흐름표,-표준계정코드 미사용-,보증금의 증가,6942490,194239948,37,KRW
00399694,SOOP,2025,CFS,CF,현금흐름표,-표준계정코드 미사용-,종속기업과 기타 사업의 지배력 획득에 따른 현금흐름,20220092966,0,38,KRW
00399694,SOOP,2025,CFS,CF,현금흐름표,-표준계정코드 미사용-,리스채권의 회수,50414307,0,39,KRW
00399694,SOOP,2025,CFS,CF,현금흐름표,ifrs-full_CashFlowsFromLosingControlOfSubsidiariesOrOtherBusinessesClassifiedAsInvestingActivities,종속기업과 기타 사업의 지배력 상실에 따른 현금흐름,0,0,40,KRW
00399694,SOOP,2025,CFS,CF,현금흐름표,ifrs-full_CashFlowsUsedInObtainingControlOfSubsidiariesOrOtherBusinessesClassifiedAsInvestingActivities,종속기업의 취득,73498973880,0,41,KRW
00399694,SOOP,2025,CFS,CF,현금흐름표,ifrs-full_OtherCashReceiptsFromSalesOfInterestsInJointVenturesClassifiedAsInvestingActivities,공동기업 투자지분의 처분에 따른 기타현금유입,0,0,42,KRW
00399694,SOOP,2025,CFS,CF,현금흐름표,ifrs-full_ProceedsFromSalesOfIntangibleAssetsClassifiedAsInvestingActivities,무형자산의 처분,1125210198,98000000,43,KRW
00399694,SOOP,2025,CFS,CF,현금흐름표,ifrs-full_ProceedsFromSalesOfPropertyPlantAndEquipmentClassifiedAsInvestingActivities,유형자산의 처분,331338910,6632905,44,KRW
00399694,SOOP,2025,CFS,CF,현금흐름표,ifrs-full_PurchaseOfIntangibleAssetsClassifiedAsInvestingActivities,무형자산의 취득,1848100497,1404005000,45,KRW
00399694,SOOP,2025,CFS,CF,현금흐름표,ifrs-full_PurchaseOfPropertyPlantAndEquipmentClassifiedAsInvestingActivities,유형자산의 취득,19146917159,13255865290,46,KRW
00399694,SOOP,2025,CFS,CF,현금흐름표,ifrs-full_CashFlowsFromUsedInOperatingActivities,영업활동으로 인한 현금흐름,121415447009,157459816632,47,KRW
00399694,SOOP,2025,CFS,CF,현금흐름표,dart_AdjustmentsForAssetsLiabilitiesOfOperatingActivities,운전자본의 변동,-8046529659,27245043547,48,KRW
00399694,SOOP,2025,CFS,CF,현금흐름표,dart_NetCashflowsFromUsedInOperations,영업에서 창출된 현금,149218934741,176246929406,49,KRW
00399694,SOOP,2025,CFS,CF,현금흐름표,ifrs-full_AdjustmentsForReconcileProfitLoss,조정,53521195025,46578576836,50,KRW
00399694,SOOP,2025,CFS,CF,현금흐름표,ifrs-full_DividendsReceivedClassifiedAsOperatingActivities,배당금의 수취,9752890,574730000,51,KRW
00399694,SOOP,2025,CFS,CF,현금흐름표,ifrs-full_IncomeTaxesPaidRefundClassifiedAsOperatingActivities,법인세의 납부,35562591554,26526937931,52,KRW
00399694,SOOP,2025,CFS,CF,현금흐름표,ifrs-full_InterestPaidClassifiedAsOperatingActivities,이자의 지급,253161520,463355297,53,KRW
00399694,SOOP,2025,CFS,CF,현금흐름표,ifrs-full_InterestReceivedClassifiedAsOperatingActivities,이자의 수취,8002512452,7628450454,54,KRW
00399694,SOOP,2025,CFS,CF,현금흐름표,ifrs-full_ProfitLoss,당기순이익,103744269375,102423309023,55,KRW
00399694,SOOP,2025,CFS,CF,현금흐름표,ifrs-full_EffectOfExchangeRateChangesOnCashAndCashEquivalents,외화표시 현금및현금성자산의 환율변동효과,51436105,759954070,56,KRW
00399694,SOOP,2025,CFS,CF,현금흐름표,ifrs-full_IncreaseDecreaseInCashAndCashEquivalentsBeforeEffectOfExchangeRateChanges,환율변동효과 반영전 현금및현금성자산의 순증가(감소),-90072246949,86982882508,57,KRW
00399694,SOOP,2025,CFS,SCE,자본변동표,dart_ChangesInConsolidatedCompanies,연결대상범위의 변동,30939600000,48823454,3,KRW
00399694,SOOP,2025,CFS,SCE,자본변동표,dart_ChangesInConsolidatedCompanies,연결대상범위의 변동,30939600000,-336962,3,KRW
00399694,SOOP,2025,CFS,SCE,자본변동표,dart_ChangesInConsolidatedCompanies,연결대상범위의 변동,0,49160416,3,KRW
00399694,SOOP,2025,CFS,SCE,자본변동표,dart_ChangesInConsolidatedCompanies,연결대상범위의 변동,0,49160416,3,KRW
00399694,SOOP,2025,CFS,SCE,자본변동표,dart_ChangesInConsolidatedCompanies,연결대상범위의 변동,0,0,3,KRW
00399694,SOOP,2025,CFS,SCE,자본변동표,dart_ChangesInConsolidatedCompanies,연결대상범위의 변동,0,0,3,KRW
00399694,SOOP,2025,CFS,SCE,자본변동표,dart_ChangesInConsolidatedCompanies,연결대상범위의 변동,0,0,3,KRW
00399694,SOOP,2025,CFS,SCE,자본변동표,dart_ChangesInConsolidatedCompanies,연결대상범위의 변동,0,0,3,KRW
00399694,SOOP,2025,CFS,SCE,자본변동표,dart_EquityAtBeginningOfPeriod,기초자본,382424625846,293346003262,4,KRW
00399694,SOOP,2025,CFS,SCE,자본변동표,dart_EquityAtBeginningOfPeriod,기초자본,3553349472,2102174093,4,KRW
00399694,SOOP,2025,CFS,SCE,자본변동표,dart_EquityAtBeginningOfPeriod,기초자본,378871276374,291243829169,4,KRW
00399694,SOOP,2025,CFS,SCE,자본변동표,dart_EquityAtBeginningOfPeriod,기초자본,-49071822299,-44139862595,4,KRW
00399694,SOOP,2025,CFS,SCE,자본변동표,dart_EquityAtBeginningOfPeriod,기초자본,-6334764294,-6796811885,4,KRW
00399694,SOOP,2025,CFS,SCE,자본변동표,dart_EquityAtBeginningOfPeriod,기초자본,380491462824,288394103506,4,KRW
00399694,SOOP,2025,CFS,SCE,자본변동표,dart_EquityAtBeginningOfPeriod,기초자본,5747383500,5747383500,4,KRW
00399694,SOOP,2025,CFS,SCE,자본변동표,dart_EquityAtBeginningOfPeriod,기초자본,48039016643,48039016643,4,KRW
00399694,SOOP,2025,CFS,SCE,자본변동표,dart_OtherComprehensiveIncomeNetOfTaxChangeInFairValueOfFinancialAssetsMeasuredAtFairValueThroughOtherComprehensiveIncome,기타포괄손익-공정가치측정금융자산평가손익,-869794819,83821000,5,KRW
00399694,SOOP,2025,CFS,SCE,자본변동표,dart_OtherComprehensiveIncomeNetOfTaxChangeInFairValueOfFinancialAssetsMeasuredAtFairValueThroughOtherComprehensiveIncome,기타포괄손익-공정가치측정금융자산평가손익,0,0,5,KRW
00399694,SOOP,2025,CFS,SCE,자본변동표,dart_OtherComprehensiveIncomeNetOfTaxChangeInFairValueOfFinancialAssetsMeasuredAtFairValueThroughOtherComprehensiveIncome,기타포괄손익-공정가치측정금융자산평가손익,-869794819,83821000,5,KRW
00399694,SOOP,2025,CFS,SCE,자본변동표,dart_OtherComprehensiveIncomeNetOfTaxChangeInFairValueOfFinancialAssetsMeasuredAtFairValueThroughOtherComprehensiveIncome,기타포괄손익-공정가치측정금융자산평가손익,0,0,5,KRW
00399694,SOOP,2025,CFS,SCE,자본변동표,dart_OtherComprehensiveIncomeNetOfTaxChangeInFairValueOfFinancialAssetsMeasuredAtFairValueThroughOtherComprehensiveIncome,기타포괄손익-공정가치측정금융자산평가손익,-869794819,83821000,5,KRW
00399694,SOOP,2025,CFS,SCE,자본변동표,dart_OtherComprehensiveIncomeNetOfTaxChangeInFairValueOfFinancialAssetsMeasuredAtFairValueThroughOtherComprehensiveIncome,기타포괄손익-공정가치측정금융자산평가손익,0,0,5,KRW
00399694,SOOP,2025,CFS,SCE,자본변동표,dart_OtherComprehensiveIncomeNetOfTaxChangeInFairValueOfFinancialAssetsMeasuredAtFairValueThroughOtherComprehensiveIncome,기타포괄손익-공정가치측정금융자산평가손익,0,0,5,KRW
00399694,SOOP,2025,CFS,SCE,자본변동표,dart_OtherComprehensiveIncomeNetOfTaxChangeInFairValueOfFinancialAssetsMeasuredAtFairValueThroughOtherComprehensiveIncome,기타포괄손익-공정가치측정금융자산평가손익,0,0,5,KRW
00399694,SOOP,2025,CFS,SCE,자본변동표,dart_TransferOfAmountRecognisedInOtherComprehensiveIncomeAndAccumulatedInEquityRelatingToDisposalOfInvestmentsInEquityInstruments,기타포괄손익의 대체,0,0,6,KRW
00399694,SOOP,2025,CFS,SCE,자본변동표,dart_TransferOfAmountRecognisedInOtherComprehensiveIncomeAndAccumulatedInEquityRelatingToDisposalOfInvestmentsInEquityInstruments,기타포괄손익의 대체,0,0,6,KRW
00399694,SOOP,2025,CFS,SCE,자본변동표,dart_TransferOfAmountRecognisedInOtherComprehensiveIncomeAndAccumulatedInEquityRelatingToDisposalOfInvestmentsInEquityInstruments,기타포괄손익의 대체,0,0,6,KRW
00399694,SOOP,2025,CFS,SCE,자본변동표,dart_TransferOfAmountRecognisedInOtherComprehensiveIncomeAndAccumulatedInEquityRelatingToDisposalOfInvestmentsInEquityInstruments,기타포괄손익의 대체,0,0,6,KRW
00399694,SOOP,2025,CFS,SCE,자본변동표,dart_TransferOfAmountRecognisedInOtherComprehensiveIncomeAndAccumulatedInEquityRelatingToDisposalOfInvestmentsInEquityInstruments,기타포괄손익의 대체,2537264246,0,6,KRW
00399694,SOOP,2025,CFS,SCE,자본변동표,dart_TransferOfAmountRecognisedInOtherComprehensiveIncomeAndAccumulatedInEquityRelatingToDisposalOfInvestmentsInEquityInstruments,기타포괄손익의 대체,-2537264246,0,6,KRW
00399694,SOOP,2025,CFS,SCE,자본변동표,dart_TransferOfAmountRecognisedInOtherComprehensiveIncomeAndAccumulatedInEquityRelatingToDisposalOfInvestmentsInEquityInstruments,기타포괄손익의 대체,0,0,6,KRW
00399694,SOOP,2025,CFS,SCE,자본변동표,dart_TransferOfAmountRecognisedInOtherComprehensiveIncomeAndAccumulatedInEquityRelatingToDisposalOfInvestmentsInEquityInstruments,기타포괄손익의 대체,0,0,6,KRW
00399694,SOOP,2025,CFS,SCE,자본변동표,dart_TreasuryShareTransactions,자기주식 거래로 인한 증감,0,-9145418400,7,KRW
00399694,SOOP,2025,CFS,SCE,자본변동표,dart_TreasuryShareTransactions,자기주식 거래로 인한 증감,0,0,7,KRW
00399694,SOOP,2025,CFS,SCE,자본변동표,dart_TreasuryShareTransactions,자기주식 거래로 인한 증감,0,-9145418400,7,KRW
00399694,SOOP,2025,CFS,SCE,자본변동표,dart_TreasuryShareTransactions,자기주식 거래로 인한 증감,0,-9145418400,7,KRW
00399694,SOOP,2025,CFS,SCE,자본변동표,dart_TreasuryShareTransactions,자기주식 거래로 인한 증감,0,0,7,KRW
00399694,SOOP,2025,CFS,SCE,자본변동표,dart_TreasuryShareTransactions,자기주식 거래로 인한 증감,0,0,7,KRW
00399694,SOOP,2025,CFS,SCE,자본변동표,dart_TreasuryShareTransactions,자기주식 거래로 인한 증감,0,0,7,KRW
00399694,SOOP,2025,CFS,SCE,자본변동표,dart_TreasuryShareTransactions,자기주식 거래로 인한 증감,0,0,7,KRW
00399694,SOOP,2025,CFS,SCE,자본변동표,-표준계정코드 미사용-,비지배지분의 변동,0,0,8,KRW
00399694,SOOP,2025,CFS,SCE,자본변동표,-표준계정코드 미사용-,비지배지분의 변동,-371830777,214227831,8,KRW
00399694,SOOP,2025,CFS,SCE,자본변동표,-표준계정코드 미사용-,비지배지분의 변동,371830777,-214227831,8,KRW
00399694,SOOP,2025,CFS,SCE,자본변동표,-표준계정코드 미사용-,비지배지분의 변동,371830777,-214227831,8,KRW
00399694,SOOP,2025,CFS,SCE,자본변동표,-표준계정코드 미사용-,비지배지분의 변동,0,0,8,KRW
00399694,SOOP,2025,CFS,SCE,자본변동표,-표준계정코드 미사용-,비지배지분의 변동,0,0,8,KRW
00399694,SOOP,2025,CFS,SCE,자본변동표,-표준계정코드 미사용-,비지배지분의 변동,0,0,8,KRW
00399694,SOOP,2025,CFS,SCE,자본변동표,-표준계정코드 미사용-,비지배지분의 변동,0,0,8,KRW
00399694,SOOP,2025,CFS,SCE,자본변동표,-표준계정코드 미사용-,주식선택권 행사,0,25522131,9,KRW
00399694,SOOP,2025,CFS,SCE,자본변동표,-표준계정코드 미사용-,주식선택권 행사,0,0,9,KRW
00399694,SOOP,2025,CFS,SCE,자본변동표,-표준계정코드 미사용-,주식선택권 행사,0,25522131,9,KRW
00399694,SOOP,2025,CFS,SCE,자본변동표,-표준계정코드 미사용-,주식선택권 행사,0,25522131,9,KRW
00399694,SOOP,2025,CFS,SCE,자본변동표,-표준계정코드 미사용-,주식선택권 행사,0,0,9,KRW
00399694,SOOP,2025,CFS,SCE,자본변동표,-표준계정코드 미사용-,주식선택권 행사,0,0,9,KRW
00399694,SOOP,2025,CFS,SCE,자본변동표,-표준계정코드 미사용-,주식선택권 행사,0,0,9,KRW
00399694,SOOP,2025,CFS,SCE,자본변동표,-표준계정코드 미사용-,주식선택권 행사,0,0,9,KRW
00399694,SOOP,2025,CFS,SCE,자본변동표,-표준계정코드 미사용-,주식선택권 대체,0,0,10,KRW
00399694,SOOP,2025,CFS,SCE,자본변동표,-표준계정코드 미사용-,주식선택권 대체,0,0,10,KRW
00399694,SOOP,2025,CFS,SCE,자본변동표,-표준계정코드 미사용-,주식선택권 대체,0,0,10,KRW
00399694,SOOP,2025,CFS,SCE,자본변동표,-표준계정코드 미사용-,주식선택권 대체,0,0,10,KRW
00399694,SOOP,2025,CFS,SCE,자본변동표,-표준계정코드 미사용-,주식선택권 대체,0,0,10,KRW
00399694,SOOP,2025,CFS,SCE,자본변동표,-표준계정코드 미사용-,주식선택권 대체,0,0,10,KRW
00399694,SOOP,2025,CFS,SCE,자본변동표,-표준계정코드 미사용-,주식선택권 대체,0,0,10,KRW
00399694,SOOP,2025,CFS,SCE,자본변동표,-표준계정코드 미사용-,주식선택권 대체,0,0,10,KRW
00399694,SOOP,2025,CFS,SCE,자본변동표,ifrs-full_ComprehensiveIncome,총포괄이익,103363006685,102885356614,11,KRW
00399694,SOOP,2025,CFS,SCE,자본변동표,ifrs-full_ComprehensiveIncome,총포괄이익,2041928633,1211046105,11,KRW
00399694,SOOP,2025,CFS,SCE,자본변동표,ifrs-full_ComprehensiveIncome,총포괄이익,101321078052,101674310509,11,KRW
00399694,SOOP,2025,CFS,SCE,자본변동표,ifrs-full_ComprehensiveIncome,총포괄이익,0,0,11,KRW
00399694,SOOP,2025,CFS,SCE,자본변동표,ifrs-full_ComprehensiveIncome,총포괄이익,1693552862,462047591,11,KRW
00399694,SOOP,2025,CFS,SCE,자본변동표,ifrs-full_ComprehensiveIncome,총포괄이익,99627525190,101212262918,11,KRW
00399694,SOOP,2025,CFS,SCE,자본변동표,ifrs-full_ComprehensiveIncome,총포괄이익,0,0,11,KRW
00399694,SOOP,2025,CFS,SCE,자본변동표,ifrs-full_ComprehensiveIncome,총포괄이익,0,0,11,KRW
00399694,SOOP,2025,CFS,SCE,자본변동표,ifrs-full_DividendsPaid,연차배당의 지급,15985356000,9114903600,12,KRW
00399694,SOOP,2025,CFS,SCE,자본변동표,ifrs-full_DividendsPaid,연차배당의 지급,0,0,12,KRW
00399694,SOOP,2025,CFS,SCE,자본변동표,ifrs-full_DividendsPaid,연차배당의 지급,15985356000,9114903600,12,KRW
00399694,SOOP,2025,CFS,SCE,자본변동표,ifrs-full_DividendsPaid,연차배당의 지급,0,0,12,KRW
00399694,SOOP,2025,CFS,SCE,자본변동표,ifrs-full_DividendsPaid,연차배당의 지급,0,0,12,KRW
00399694,SOOP,2025,CFS,SCE,자본변동표,ifrs-full_DividendsPaid,연차배당의 지급,15985356000,9114903600,12,KRW
00399694,SOOP,2025,CFS,SCE,자본변동표,ifrs-full_DividendsPaid,연차배당의 지급,0,0,12,KRW
00399694,SOOP,2025,CFS,SCE,자본변동표,ifrs-full_DividendsPaid,연차배당의 지급,0,0,12,KRW
00399694,SOOP,2025,CFS,SCE,자본변동표,ifrs-full_Equity,자본총계,503173580919,382424625846,13,KRW
00399694,SOOP,2025,CFS,SCE,자본변동표,ifrs-full_Equity,자본총계,36168472416,3553349472,13,KRW
00399694,SOOP,2025,CFS,SCE,자본변동표,ifrs-full_Equity,자본총계,467005108503,378871276374,13,KRW
00399694,SOOP,2025,CFS,SCE,자본변동표,ifrs-full_Equity,자본총계,-46273712222,-49071822299,13,KRW
00399694,SOOP,2025,CFS,SCE,자본변동표,ifrs-full_Equity,자본총계,-4641211432,-6334764294,13,KRW
00399694,SOOP,2025,CFS,SCE,자본변동표,ifrs-full_Equity,자본총계,464133632014,380491462824,13,KRW
00399694,SOOP,2025,CFS,SCE,자본변동표,ifrs-full_Equity,자본총계,5747383500,5747383500,13,KRW
00399694,SOOP,2025,CFS,SCE,자본변동표,ifrs-full_Equity,자본총계,48039016643,48039016643,13,KRW
00399694,SOOP,2025,CFS,SCE,자본변동표,ifrs-full_GainsLossesOnExchangeDifferencesOnTranslationNetOfTax,해외사업환산손익,26083435,378226591,14,KRW
00399694,SOOP,2025,CFS,SCE,자본변동표,ifrs-full_GainsLossesOnExchangeDifferencesOnTranslationNetOfTax,해외사업환산손익,0,0,14,KRW
00399694,SOOP,2025,CFS,SCE,자본변동표,ifrs-full_GainsLossesOnExchangeDifferencesOnTranslationNetOfTax,해외사업환산손익,26083435,378226591,14,KRW
00399694,SOOP,2025,CFS,SCE,자본변동표,ifrs-full_GainsLossesOnExchangeDifferencesOnTranslationNetOfTax,해외사업환산손익,0,0,14,KRW
00399694,SOOP,2025,CFS,SCE,자본변동표,ifrs-full_GainsLossesOnExchangeDifferencesOnTranslationNetOfTax,해외사업환산손익,26083435,378226591,14,KRW
00399694,SOOP,2025,CFS,SCE,자본변동표,ifrs-full_GainsLossesOnExchangeDifferencesOnTranslationNetOfTax,해외사업환산손익,0,0,14,KRW
00399694,SOOP,2025,CFS,SCE,자본변동표,ifrs-full_GainsLossesOnExchangeDifferencesOnTranslationNetOfTax,해외사업환산손익,0,0,14,KRW
00399694,SOOP,2025,CFS,SCE,자본변동표,ifrs-full_GainsLossesOnExchangeDifferencesOnTranslationNetOfTax,해외사업환산손익,0,0,14,KRW
00399694,SOOP,2025,CFS,SCE,자본변동표,ifrs-full_IncreaseDecreaseThroughSharebasedPaymentTransactions,주식기준보상거래,2431704388,4379242385,15,KRW
00399694,SOOP,2025,CFS,SCE,자본변동표,ifrs-full_IncreaseDecreaseThroughSharebasedPaymentTransactions,주식기준보상거래,5425088,26238405,15,KRW
00399694,SOOP,2025,CFS,SCE,자본변동표,ifrs-full_IncreaseDecreaseThroughSharebasedPaymentTransactions,주식기준보상거래,2426279300,4353003980,15,KRW
00399694,SOOP,2025,CFS,SCE,자본변동표,ifrs-full_IncreaseDecreaseThroughSharebasedPaymentTransactions,주식기준보상거래,2426279300,4353003980,15,KRW
00399694,SOOP,2025,CFS,SCE,자본변동표,ifrs-full_IncreaseDecreaseThroughSharebasedPaymentTransactions,주식기준보상거래,0,0,15,KRW
00399694,SOOP,2025,CFS,SCE,자본변동표,ifrs-full_IncreaseDecreaseThroughSharebasedPaymentTransactions,주식기준보상거래,0,0,15,KRW
00399694,SOOP,2025,CFS,SCE,자본변동표,ifrs-full_IncreaseDecreaseThroughSharebasedPaymentTransactions,주식기준보상거래,0,0,15,KRW
00399694,SOOP,2025,CFS,SCE,자본변동표,ifrs-full_IncreaseDecreaseThroughSharebasedPaymentTransactions,주식기준보상거래,0,0,15,KRW
00399694,SOOP,2025,CFS,SCE,자본변동표,ifrs-full_IncreaseDecreaseThroughTransactionsWithOwners,소유주와의 거래 총액,17385948388,-13806734030,16,KRW
00399694,SOOP,2025,CFS,SCE,자본변동표,ifrs-full_IncreaseDecreaseThroughTransactionsWithOwners,소유주와의 거래 총액,30573194311,240129274,16,KRW
00399694,SOOP,2025,CFS,SCE,자본변동표,ifrs-full_IncreaseDecreaseThroughTransactionsWithOwners,소유주와의 거래 총액,-13187245923,-14046863304,16,KRW
00399694,SOOP,2025,CFS,SCE,자본변동표,ifrs-full_IncreaseDecreaseThroughTransactionsWithOwners,소유주와의 거래 총액,2798110077,-4931959704,16,KRW
00399694,SOOP,2025,CFS,SCE,자본변동표,ifrs-full_IncreaseDecreaseThroughTransactionsWithOwners,소유주와의 거래 총액,0,0,16,KRW
00399694,SOOP,2025,CFS,SCE,자본변동표,ifrs-full_IncreaseDecreaseThroughTransactionsWithOwners,소유주와의 거래 총액,-15985356000,-9114903600,16,KRW
00399694,SOOP,2025,CFS,SCE,자본변동표,ifrs-full_IncreaseDecreaseThroughTransactionsWithOwners,소유주와의 거래 총액,0,0,16,KRW
00399694,SOOP,2025,CFS,SCE,자본변동표,ifrs-full_IncreaseDecreaseThroughTransactionsWithOwners,소유주와의 거래 총액,0,0,16,KRW
00399694,SOOP,2025,CFS,SCE,자본변동표,ifrs-full_OtherComprehensiveIncomeNetOfTaxGainsLossesOnRemeasurementsOfDefinedBenefitPlans,확정급여제도의재측정요소,462448694,0,17,KRW
00399694,SOOP,2025,CFS,SCE,자본변동표,ifrs-full_OtherComprehensiveIncomeNetOfTaxGainsLossesOnRemeasurementsOfDefinedBenefitPlans,확정급여제도의재측정요소,136998975,0,17,KRW
00399694,SOOP,2025,CFS,SCE,자본변동표,ifrs-full_OtherComprehensiveIncomeNetOfTaxGainsLossesOnRemeasurementsOfDefinedBenefitPlans,확정급여제도의재측정요소,325449719,0,17,KRW
00399694,SOOP,2025,CFS,SCE,자본변동표,ifrs-full_OtherComprehensiveIncomeNetOfTaxGainsLossesOnRemeasurementsOfDefinedBenefitPlans,확정급여제도의재측정요소,0,0,17,KRW
00399694,SOOP,2025,CFS,SCE,자본변동표,ifrs-full_OtherComprehensiveIncomeNetOfTaxGainsLossesOnRemeasurementsOfDefinedBenefitPlans,확정급여제도의재측정요소,0,0,17,KRW
00399694,SOOP,2025,CFS,SCE,자본변동표,ifrs-full_OtherComprehensiveIncomeNetOfTaxGainsLossesOnRemeasurementsOfDefinedBenefitPlans,확정급여제도의재측정요소,325449719,0,17,KRW
00399694,SOOP,2025,CFS,SCE,자본변동표,ifrs-full_OtherComprehensiveIncomeNetOfTaxGainsLossesOnRemeasurementsOfDefinedBenefitPlans,확정급여제도의재측정요소,0,0,17,KRW
00399694,SOOP,2025,CFS,SCE,자본변동표,ifrs-full_OtherComprehensiveIncomeNetOfTaxGainsLossesOnRemeasurementsOfDefinedBenefitPlans,확정급여제도의재측정요소,0,0,17,KRW
00399694,SOOP,2025,CFS,SCE,자본변동표,ifrs-full_ProfitLoss,당기순이익,103744269375,102423309023,18,KRW
00399694,SOOP,2025,CFS,SCE,자본변동표,ifrs-full_ProfitLoss,당기순이익,1904929658,1211046105,18,KRW
00399694,SOOP,2025,CFS,SCE,자본변동표,ifrs-full_ProfitLoss,당기순이익,101839339717,101212262918,18,KRW
00399694,SOOP,2025,CFS,SCE,자본변동표,ifrs-full_ProfitLoss,당기순이익,0,0,18,KRW
00399694,SOOP,2025,CFS,SCE,자본변동표,ifrs-full_ProfitLoss,당기순이익,0,0,18,KRW
00399694,SOOP,2025,CFS,SCE,자본변동표,ifrs-full_ProfitLoss,당기순이익,101839339717,101212262918,18,KRW
00399694,SOOP,2025,CFS,SCE,자본변동표,ifrs-full_ProfitLoss,당기순이익,0,0,18,KRW
00399694,SOOP,2025,CFS,SCE,자본변동표,ifrs-full_ProfitLoss,당기순이익,0,0,18,KRW
00399694,SOOP,2025,OFS,BS,재무상태표,ifrs-full_Assets,자산총계,766166594851,692891030149,7,KRW
00399694,SOOP,2025,OFS,BS,재무상태표,ifrs-full_CurrentAssets,유동자산,595894186064,592638555689,8,KRW
00399694,SOOP,2025,OFS,BS,재무상태표,ifrs-full_CashAndCashEquivalents,현금및현금성자산,94152574134,206294440361,9,KRW
00399694,SOOP,2025,OFS,BS,재무상태표,ifrs-full_CurrentContractAssets,계약자산,2751270871,4464406540,10,KRW
00399694,SOOP,2025,OFS,BS,재무상태표,ifrs-full_Inventories,재고자산,1045244,13338824,11,KRW
00399694,SOOP,2025,OFS,BS,재무상태표,ifrs-full_OtherCurrentAssets,기타유동자산,7811814050,3850710190,12,KRW
00399694,SOOP,2025,OFS,BS,재무상태표,ifrs-full_OtherCurrentFinancialAssets,기타유동금융자산,294397304038,180766766219,13,KRW
00399694,SOOP,2025,OFS,BS,재무상태표,ifrs-full_ShorttermDepositsNotClassifiedAsCashEquivalents,단기금융상품,75783900000,77410000000,14,KRW
00399694,SOOP,2025,OFS,BS,재무상태표,ifrs-full_TradeAndOtherCurrentReceivables,매출채권및기타채권,120996277727,119838893555,15,KRW
00399694,SOOP,2025,OFS,BS,재무상태표,ifrs-full_NoncurrentAssets,비유동자산,170272408787,100252474460,16,KRW
00399694,SOOP,2025,OFS,BS,재무상태표,ifrs-full_DeferredTaxAssets,이연법인세자산,12455054177,8220200872,17,KRW
00399694,SOOP,2025,OFS,BS,재무상태표,ifrs-full_IntangibleAssetsAndGoodwill,무형자산,3295757883,3643464508,18,KRW
00399694,SOOP,2025,OFS,BS,재무상태표,ifrs-full_InvestmentsInSubsidiariesJointVenturesAndAssociates,"종속기업, 공동기업과 관계기업에 대한 투자자산",96896455669,29608186461,19,KRW
00399694,SOOP,2025,OFS,BS,재무상태표,ifrs-full_OtherNoncurrentFinancialAssets,기타비유동금융자산,3618746694,9191988411,20,KRW
00399694,SOOP,2025,OFS,BS,재무상태표,ifrs-full_OtherNoncurrentReceivables,기타 비유동채권,7103129448,7987671657,21,KRW
00399694,SOOP,2025,OFS,BS,재무상태표,ifrs-full_PropertyPlantAndEquipment,유형자산,39487048665,34740987793,22,KRW
00399694,SOOP,2025,OFS,BS,재무상태표,ifrs-full_RightofuseAssets,사용권자산,7416216251,6859974758,23,KRW
00399694,SOOP,2025,OFS,BS,재무상태표,dart_CapitalSurplus,자본잉여금,48039016643,48039016643,25,KRW
00399694,SOOP,2025,OFS,BS,재무상태표,dart_ElementsOfOtherStockholdersEquity,기타자본구성요소,-45411431259,-47837710559,26,KRW
00399694,SOOP,2025,OFS,BS,재무상태표,dart_OtherComprehensiveIncomeLossAccumulatedAmount,기타포괄손익누계액,-5100479942,-6767949369,27,KRW
00399694,SOOP,2025,OFS,BS,재무상태표,ifrs-full_Equity,자본총계,451572044500,379324955287,28,KRW
00399694,SOOP,2025,OFS,BS,재무상태표,ifrs-full_IssuedCapital,자본금,5747383500,5747383500,29,KRW
00399694,SOOP,2025,OFS,BS,재무상태표,ifrs-full_RetainedEarnings,이익잉여금,448297555558,380144215072,30,KRW
00399694,SOOP,2025,OFS,BS,재무상태표,ifrs-full_EquityAndLiabilities,자본과부채총계,766166594851,692891030149,31,KRW
00399694,SOOP,2025,OFS,BS,재무상태표,ifrs-full_CurrentLiabilities,유동부채,308778680468,306230880402,33,KRW
00399694,SOOP,2025,OFS,BS,재무상태표,ifrs-full_CurrentLeaseLiabilities,유동 리스부채,5905281371,3621691341,34,KRW
00399694,SOOP,2025,OFS,BS,재무상태표,ifrs-full_CurrentTaxLiabilities,당기법인세부채,15404603911,20384620806,35,KRW
00399694,SOOP,2025,OFS,BS,재무상태표,ifrs-full_OtherCurrentLiabilities,기타 유동부채,20767552066,21109343161,36,KRW
00399694,SOOP,2025,OFS,BS,재무상태표,ifrs-full_OtherShorttermProvisions,유동충당부채,832915485,1379660784,37,KRW
00399694,SOOP,2025,OFS,BS,재무상태표,ifrs-full_TradeAndOtherCurrentPayables,매입채무및기타채무,265868327635,259735564310,38,KRW
00399694,SOOP,2025,OFS,BS,재무상태표,ifrs-full_Liabilities,부채총계,314594550351,313566074862,39,KRW
00399694,SOOP,2025,OFS,BS,재무상태표,ifrs-full_NoncurrentLiabilities,비유동부채,5815869883,7335194460,40,KRW
00399694,SOOP,2025,OFS,BS,재무상태표,ifrs-full_NoncurrentLeaseLiabilities,비유동 리스부채,2174169765,3965379775,41,KRW
00399694,SOOP,2025,OFS,BS,재무상태표,ifrs-full_NoncurrentPayables,장기매입채무 및 기타채무,100000000,120000000,42,KRW
00399694,SOOP,2025,OFS,BS,재무상태표,ifrs-full_OtherLongtermProvisions,비유동충당부채,3541700118,3249814685,43,KRW
00399694,SOOP,2025,OFS,CIS,포괄손익계산서,dart_OperatingIncomeLoss,영업이익,113768689299,114605495202,6,KRW
00399694,SOOP,2025,OFS,CIS,포괄손익계산서,dart_OtherGains,기타이익,3308129727,8824481014,7,KRW
00399694,SOOP,2025,OFS,CIS,포괄손익계산서,dart_OtherLosses,기타손실,14870324240,5428091028,8,KRW
00399694,SOOP,2025,OFS,CIS,포괄손익계산서,ifrs-full_FinanceCosts,금융원가,1599169611,214708958,9,KRW
00399694,SOOP,2025,OFS,CIS,포괄손익계산서,ifrs-full_FinanceIncome,금융수익,11436411887,11537654524,10,KRW
00399694,SOOP,2025,OFS,CIS,포괄손익계산서,ifrs-full_ComprehensiveIncome,총포괄이익,85806165913,101081687383,11,KRW
00399694,SOOP,2025,OFS,CIS,포괄손익계산서,ifrs-full_BasicEarningsLossPerShare,기본주당이익(손실),8133,9469,13,KRW
00399694,SOOP,2025,OFS,CIS,포괄손익계산서,ifrs-full_DilutedEarningsLossPerShare,희석주당이익(손실),8095,9391,14,KRW
00399694,SOOP,2025,OFS,CIS,포괄손익계산서,ifrs-full_OperatingExpense,영업비용,290101473328,267762988395,15,KRW
00399694,SOOP,2025,OFS,CIS,포괄손익계산서,ifrs-full_OtherComprehensiveIncome,기타포괄손익,-869794819,83821000,16,KRW
00399694,SOOP,2025,OFS,CIS,포괄손익계산서,ifrs-full_OtherComprehensiveIncomeThatWillBeReclassifiedToProfitOrLossNetOfTax,당기손익으로 재분류될 수 있는 항목,0,0,17,KRW
00399694,SOOP,2025,OFS,CIS,포괄손익계산서,ifrs-full_OtherComprehensiveIncomeThatWillNotBeReclassifiedToProfitOrLossNetOfTax,당기손익으로 재분류되지 않는 항목,-869794819,83821000,18,KRW
00399694,SOOP,2025,OFS,CIS,포괄손익계산서,ifrs-full_OtherComprehensiveIncomeNetOfTaxFinancialAssetsMeasuredAtFairValueThroughOtherComprehensiveIncome,기타포괄손익-공정가치평가손익,-869794819,83821000,19,KRW
00399694,SOOP,2025,OFS,CIS,포괄손익계산서,ifrs-full_ProfitLoss,당기순이익,86675960732,100997866383,20,KRW
00399694,SOOP,2025,OFS,CIS,포괄손익계산서,ifrs-full_ProfitLossBeforeTax,법인세비용차감전이익,112043737062,129324830754,21,KRW
00399694,SOOP,2025,OFS,CIS,포괄손익계산서,ifrs-full_IncomeTaxExpenseContinuingOperations,법인세비용,25367776330,28326964371,22,KRW
00399694,SOOP,2025,OFS,CIS,포괄손익계산서,ifrs-full_Revenue,영업수익,403870162627,382368483597,23,KRW
00399694,SOOP,2025,OFS,CF,현금흐름표,dart_CashAndCashEquivalentsAtBeginningOfPeriodCf,기초 현금및현금성자산,206294440361,119368732289,2,KRW
00399694,SOOP,2025,OFS,CF,현금흐름표,dart_CashAndCashEquivalentsAtEndOfPeriodCf,당분기말 현금및현금성자산,94152574134,206294440361,3,KRW
00399694,SOOP,2025,OFS,CF,현금흐름표,ifrs-full_CashFlowsFromUsedInFinancingActivities,재무활동현금흐름,-21939421726,-23679984894,8,KRW
00399694,SOOP,2025,OFS,CF,현금흐름표,dart_AcquisitionOfTreasuryShares,자기주식의 취득,0,9145418400,9,KRW
00399694,SOOP,2025,OFS,CF,현금흐름표,dart_DecreaseInGuaranteeDepositsAsFinancialActivities,임대보증금의 감소,10000000,0,10,KRW
00399694,SOOP,2025,OFS,CF,현금흐름표,dart_IncreaseInGuaranteeDepositsAsFinancialActivities,임대보증금의 증가,100000000,0,11,KRW
00399694,SOOP,2025,OFS,CF,현금흐름표,-표준계정코드 미사용-,주식선택권 행사로 인한 현금 유출,0,601700,12,KRW
00399694,SOOP,2025,OFS,CF,현금흐름표,ifrs-full_DividendsPaidClassifiedAsFinancingActivities,배당금지급,15974531260,9108769480,13,KRW
00399694,SOOP,2025,OFS,CF,현금흐름표,ifrs-full_PaymentsOfLeaseLiabilitiesClassifiedAsFinancingActivities,리스부채 원금의 지급,6054890466,5425195314,14,KRW
00399694,SOOP,2025,OFS,CF,현금흐름표,ifrs-full_CashFlowsFromUsedInInvestingActivities,투자활동으로 인한 현금흐름,-198833151956,-44630186164,15,KRW
00399694,SOOP,2025,OFS,CF,현금흐름표,dart_DecreaseInGuaranteeDeposits,임차보증금의 감소,1135000000,0,16,KRW
00399694,SOOP,2025,OFS,CF,현금흐름표,dart_IncreaseInGuaranteeDeposits,임차보증금의 증가,1080000000,183486000,17,KRW
00399694,SOOP,2025,OFS,CF,현금흐름표,dart_ProceedsFromSalesOfInvestmentsInSubsidiaries,종속기업에 대한 투자자산의 처분,3400475820,68204630,18,KRW
00399694,SOOP,2025,OFS,CF,현금흐름표,dart_ProceedsFromSalesOfLongTermLoansAndReceivables,장기대여금의 회수,2329774974,1527466241,19,KRW
00399694,SOOP,2025,OFS,CF,현금흐름표,dart_ProceedsFromSalesOfOtherFinancialAssets,기타금융자산의 처분,67567485408,26875739094,20,KRW
00399694,SOOP,2025,OFS,CF,현금흐름표,dart_ProceedsFromSalesOfShortTermFinancialInstruments,단기금융상품의 감소,77410000000,73000000000,21,KRW
00399694,SOOP,2025,OFS,CF,현금흐름표,dart_ProceedsFromSalesOfShortTermLoansAndReceivables,단기대여금의 회수,2021998054,3572554352,22,KRW
00399694,SOOP,2025,OFS,CF,현금흐름표,dart_PurchaseOfInvestmentsInSubsidiariesJointVenturesAndAssociates,"종속,관계기업 및 공동기업투자의 취득",78270848880,7224422337,23,KRW
00399694,SOOP,2025,OFS,CF,현금흐름표,dart_PurchaseOfLongTermLoansAndReceivables,장기대여금의 증가,2222800000,2130000000,24,KRW
00399694,SOOP,2025,OFS,CF,현금흐름표,dart_PurchaseOfOtherFinancialAssets,기타금융자산의 취득,174455575821,50744806802,25,KRW
00399694,SOOP,2025,OFS,CF,현금흐름표,dart_PurchaseOfShortTermFinancialInstruments,단기금융상품의 순감소(증가),76050494755,76868200000,26,KRW
00399694,SOOP,2025,OFS,CF,현금흐름표,dart_PurchaseOfShortTermLoansAndReceivables,단기대여금의 증가,3119746000,333000000,27,KRW
00399694,SOOP,2025,OFS,CF,현금흐름표,-표준계정코드 미사용-,리스채권의 회수,429340391,378188311,28,KRW
00399694,SOOP,2025,OFS,CF,현금흐름표,-표준계정코드 미사용-,보증금의 감소,91500000,13500000,29,KRW
00399694,SOOP,2025,OFS,CF,현금흐름표,-표준계정코드 미사용-,보증금의 증가,4000000,190000000,30,KRW
00399694,SOOP,2025,OFS,CF,현금흐름표,ifrs-full_ProceedsFromSalesOfIntangibleAssetsClassifiedAsInvestingActivities,무형자산의 처분,281818182,98000000,31,KRW
00399694,SOOP,2025,OFS,CF,현금흐름표,ifrs-full_ProceedsFromSalesOfPropertyPlantAndEquipmentClassifiedAsInvestingActivities,유형자산의 처분,187529819,0,32,KRW
00399694,SOOP,2025,OFS,CF,현금흐름표,ifrs-full_PurchaseOfIntangibleAssetsClassifiedAsInvestingActivities,무형자산의 취득,0,74005000,33,KRW
00399694,SOOP,2025,OFS,CF,현금흐름표,ifrs-full_PurchaseOfPropertyPlantAndEquipmentClassifiedAsInvestingActivities,유형자산의 취득,18484609148,12415918653,34,KRW
00399694,SOOP,2025,OFS,CF,현금흐름표,ifrs-full_CashFlowsFromUsedInOperatingActivities,영업활동으로 인한 현금흐름,108616271943,154483879490,35,KRW
00399694,SOOP,2025,OFS,CF,현금흐름표,dart_AdjustmentsForAssetsLiabilitiesOfOperatingActivities,운전자본의 변동,-16251690428,25523021926,36,KRW
00399694,SOOP,2025,OFS,CF,현금흐름표,dart_NetCashflowsFromUsedInOperations,영업에서 창출된 현금,136360289032,173082404117,37,KRW
00399694,SOOP,2025,OFS,CF,현금흐름표,ifrs-full_AdjustmentsForReconcileProfitLoss,조정,65936018728,46561515808,38,KRW
00399694,SOOP,2025,OFS,CF,현금흐름표,ifrs-full_DividendsReceivedClassifiedAsOperatingActivities,배당금의 수취,9752890,574730000,39,KRW
00399694,SOOP,2025,OFS,CF,현금흐름표,ifrs-full_IncomeTaxesPaidRefundClassifiedAsOperatingActivities,법인세의 납부,34793981620,26848920148,40,KRW
00399694,SOOP,2025,OFS,CF,현금흐름표,ifrs-full_InterestReceivedClassifiedAsOperatingActivities,이자의 수취,7040211641,7675665521,41,KRW
00399694,SOOP,2025,OFS,CF,현금흐름표,ifrs-full_ProfitLoss,당기순이익,86675960732,100997866383,42,KRW
00399694,SOOP,2025,OFS,CF,현금흐름표,ifrs-full_EffectOfExchangeRateChangesOnCashAndCashEquivalents,외화표시 현금및현금성자산의 환율변동효과,14435512,751999640,43,KRW
00399694,SOOP,2025,OFS,CF,현금흐름표,ifrs-full_IncreaseDecreaseInCashAndCashEquivalentsBeforeEffectOfExchangeRateChanges,환율변동효과 반영전 현금및현금성자산의 순증가(감소),-112156301739,86173708432,44,KRW
00399694,SOOP,2025,OFS,SCE,자본변동표,dart_EquityAtBeginningOfPeriod,기초자본,5747383500,5747383500,3,KRW
00399694,SOOP,2025,OFS,SCE,자본변동표,dart_EquityAtBeginningOfPeriod,기초자본,380144215072,288261252289,3,KRW
00399694,SOOP,2025,OFS,SCE,자본변동표,dart_EquityAtBeginningOfPeriod,기초자본,-6767949369,-6851770369,3,KRW
00399694,SOOP,2025,OFS,SCE,자본변동표,dart_EquityAtBeginningOfPeriod,기초자본,379324955287,292125063793,3,KRW
00399694,SOOP,2025,OFS,SCE,자본변동표,dart_EquityAtBeginningOfPeriod,기초자본,-47837710559,-43070818270,3,KRW
00399694,SOOP,2025,OFS,SCE,자본변동표,dart_EquityAtBeginningOfPeriod,기초자본,48039016643,48039016643,3,KRW
00399694,SOOP,2025,OFS,SCE,자본변동표,dart_OtherComprehensiveIncomeNetOfTaxChangeInFairValueOfFinancialAssetsMeasuredAtFairValueThroughOtherComprehensiveIncome,기타포괄손익-공정가치측정금융자산평가손익,0,0,4,KRW
00399694,SOOP,2025,OFS,SCE,자본변동표,dart_OtherComprehensiveIncomeNetOfTaxChangeInFairValueOfFinancialAssetsMeasuredAtFairValueThroughOtherComprehensiveIncome,기타포괄손익-공정가치측정금융자산평가손익,0,0,4,KRW
00399694,SOOP,2025,OFS,SCE,자본변동표,dart_OtherComprehensiveIncomeNetOfTaxChangeInFairValueOfFinancialAssetsMeasuredAtFairValueThroughOtherComprehensiveIncome,기타포괄손익-공정가치측정금융자산평가손익,-869794819,83821000,4,KRW
00399694,SOOP,2025,OFS,SCE,자본변동표,dart_OtherComprehensiveIncomeNetOfTaxChangeInFairValueOfFinancialAssetsMeasuredAtFairValueThroughOtherComprehensiveIncome,기타포괄손익-공정가치측정금융자산평가손익,0,0,4,KRW
00399694,SOOP,2025,OFS,SCE,자본변동표,dart_OtherComprehensiveIncomeNetOfTaxChangeInFairValueOfFinancialAssetsMeasuredAtFairValueThroughOtherComprehensiveIncome,기타포괄손익-공정가치측정금융자산평가손익,-869794819,83821000,4,KRW
00399694,SOOP,2025,OFS,SCE,자본변동표,dart_OtherComprehensiveIncomeNetOfTaxChangeInFairValueOfFinancialAssetsMeasuredAtFairValueThroughOtherComprehensiveIncome,기타포괄손익-공정가치측정금융자산평가손익,0,0,4,KRW
00399694,SOOP,2025,OFS,SCE,자본변동표,dart_TransferOfAmountRecognisedInOtherComprehensiveIncomeAndAccumulatedInEquityRelatingToDisposalOfInvestmentsInEquityInstruments,기타포괄손익의 대체,0,0,5,KRW
00399694,SOOP,2025,OFS,SCE,자본변동표,dart_TransferOfAmountRecognisedInOtherComprehensiveIncomeAndAccumulatedInEquityRelatingToDisposalOfInvestmentsInEquityInstruments,기타포괄손익의 대체,0,0,5,KRW
00399694,SOOP,2025,OFS,SCE,자본변동표,dart_TransferOfAmountRecognisedInOtherComprehensiveIncomeAndAccumulatedInEquityRelatingToDisposalOfInvestmentsInEquityInstruments,기타포괄손익의 대체,2537264246,0,5,KRW
00399694,SOOP,2025,OFS,SCE,자본변동표,dart_TransferOfAmountRecognisedInOtherComprehensiveIncomeAndAccumulatedInEquityRelatingToDisposalOfInvestmentsInEquityInstruments,기타포괄손익의 대체,-2537264246,0,5,KRW
00399694,SOOP,2025,OFS,SCE,자본변동표,dart_TransferOfAmountRecognisedInOtherComprehensiveIncomeAndAccumulatedInEquityRelatingToDisposalOfInvestmentsInEquityInstruments,기타포괄손익의 대체,0,0,5,KRW
00399694,SOOP,2025,OFS,SCE,자본변동표,dart_TransferOfAmountRecognisedInOtherComprehensiveIncomeAndAccumulatedInEquityRelatingToDisposalOfInvestmentsInEquityInstruments,기타포괄손익의 대체,0,0,5,KRW
00399694,SOOP,2025,OFS,SCE,자본변동표,dart_TreasuryShareTransactions,자기주식 거래로 인한 증감,0,-9145418400,6,KRW
00399694,SOOP,2025,OFS,SCE,자본변동표,dart_TreasuryShareTransactions,자기주식 거래로 인한 증감,0,-9145418400,6,KRW
00399694,SOOP,2025,OFS,SCE,자본변동표,dart_TreasuryShareTransactions,자기주식 거래로 인한 증감,0,0,6,KRW
00399694,SOOP,2025,OFS,SCE,자본변동표,dart_TreasuryShareTransactions,자기주식 거래로 인한 증감,0,0,6,KRW
00399694,SOOP,2025,OFS,SCE,자본변동표,dart_TreasuryShareTransactions,자기주식 거래로 인한 증감,0,0,6,KRW
00399694,SOOP,2025,OFS,SCE,자본변동표,dart_TreasuryShareTransactions,자기주식 거래로 인한 증감,0,0,6,KRW
00399694,SOOP,2025,OFS,SCE,자본변동표,-표준계정코드 미사용-,주식선택권의 행사,0,25522131,7,KRW
00399694,SOOP,2025,OFS,SCE,자본변동표,-표준계정코드 미사용-,주식선택권의 행사,0,25522131,7,KRW
00399694,SOOP,2025,OFS,SCE,자본변동표,-표준계정코드 미사용-,주식선택권의 행사,0,0,7,KRW
00399694,SOOP,2025,OFS,SCE,자본변동표,-표준계정코드 미사용-,주식선택권의 행사,0,0,7,KRW
00399694,SOOP,2025,OFS,SCE,자본변동표,-표준계정코드 미사용-,주식선택권의 행사,0,0,7,KRW
00399694,SOOP,2025,OFS,SCE,자본변동표,-표준계정코드 미사용-,주식선택권의 행사,0,0,7,KRW
00399694,SOOP,2025,OFS,SCE,자본변동표,ifrs-full_DividendsPaid,연차배당의 지급,0,0,8,KRW
00399694,SOOP,2025,OFS,SCE,자본변동표,ifrs-full_DividendsPaid,연차배당의 지급,15985356000,9114903600,8,KRW
00399694,SOOP,2025,OFS,SCE,자본변동표,ifrs-full_DividendsPaid,연차배당의 지급,0,0,8,KRW
00399694,SOOP,2025,OFS,SCE,자본변동표,ifrs-full_DividendsPaid,연차배당의 지급,0,0,8,KRW
00399694,SOOP,2025,OFS,SCE,자본변동표,ifrs-full_DividendsPaid,연차배당의 지급,15985356000,9114903600,8,KRW
00399694,SOOP,2025,OFS,SCE,자본변동표,ifrs-full_DividendsPaid,연차배당의 지급,0,0,8,KRW
00399694,SOOP,2025,OFS,SCE,자본변동표,ifrs-full_Equity,자본총계,5747383500,5747383500,9,KRW
00399694,SOOP,2025,OFS,SCE,자본변동표,ifrs-full_Equity,자본총계,448297555558,380144215072,9,KRW
00399694,SOOP,2025,OFS,SCE,자본변동표,ifrs-full_Equity,자본총계,-5100479942,-6767949369,9,KRW
00399694,SOOP,2025,OFS,SCE,자본변동표,ifrs-full_Equity,자본총계,-45411431259,-47837710559,9,KRW
00399694,SOOP,2025,OFS,SCE,자본변동표,ifrs-full_Equity,자본총계,451572044500,379324955287,9,KRW
00399694,SOOP,2025,OFS,SCE,자본변동표,ifrs-full_Equity,자본총계,48039016643,48039016643,9,KRW
00399694,SOOP,2025,OFS,SCE,자본변동표,ifrs-full_IncreaseDecreaseThroughSharebasedPaymentTransactions,주식기준보상거래,2426279300,4353003980,10,KRW
00399694,SOOP,2025,OFS,SCE,자본변동표,ifrs-full_IncreaseDecreaseThroughSharebasedPaymentTransactions,주식기준보상거래,2426279300,4353003980,10,KRW
00399694,SOOP,2025,OFS,SCE,자본변동표,ifrs-full_IncreaseDecreaseThroughSharebasedPaymentTransactions,주식기준보상거래,0,0,10,KRW
00399694,SOOP,2025,OFS,SCE,자본변동표,ifrs-full_IncreaseDecreaseThroughSharebasedPaymentTransactions,주식기준보상거래,0,0,10,KRW
00399694,SOOP,2025,OFS,SCE,자본변동표,ifrs-full_IncreaseDecreaseThroughSharebasedPaymentTransactions,주식기준보상거래,0,0,10,KRW
00399694,SOOP,2025,OFS,SCE,자본변동표,ifrs-full_IncreaseDecreaseThroughSharebasedPaymentTransactions,주식기준보상거래,0,0,10,KRW
00399694,SOOP,2025,OFS,SCE,자본변동표,ifrs-full_ProfitLoss,당기순이익,86675960732,100997866383,11,KRW
00399694,SOOP,2025,OFS,SCE,자본변동표,ifrs-full_ProfitLoss,당기순이익,0,0,11,KRW
00399694,SOOP,2025,OFS,SCE,자본변동표,ifrs-full_ProfitLoss,당기순이익,0,0,11,KRW
00399694,SOOP,2025,OFS,SCE,자본변동표,ifrs-full_ProfitLoss,당기순이익,86675960732,100997866383,11,KRW
00399694,SOOP,2025,OFS,SCE,자본변동표,ifrs-full_ProfitLoss,당기순이익,0,0,11,KRW
00399694,SOOP,2025,OFS,SCE,자본변동표,ifrs-full_ProfitLoss,당기순이익,0,0,11,KRW
00266961,NAVER,2016,CFS,BS,재무상태표,ifrs_CurrentAssets,유동자산,4199933246655,2639382642620,1,KRW
00266961,NAVER,2016,CFS,BS,재무상태표,ifrs_CashAndCashEquivalents,현금및현금성자산,1726231781291,813391895453,2,KRW
00266961,NAVER,2016,CFS,BS,재무상태표,-표준계정코드 미사용-,단기금융상품,1243188526333,931889351371,3,KRW
00266961,NAVER,2016,CFS,BS,재무상태표,-표준계정코드 미사용-,당기손익인식금융자산,352050575067,295150847205,4,KRW
00266961,NAVER,2016,CFS,BS,재무상태표,-표준계정코드 미사용-,매출채권및기타채권,760913097079,526632267394,5,KRW
00266961,NAVER,2016,CFS,BS,재무상태표,-표준계정코드 미사용-,매도가능금융자산,31239415661,19350684347,6,KRW
00266961,NAVER,2016,CFS,BS,재무상태표,ifrs_Inventories,재고자산,10346098622,15506932611,7,KRW
00266961,NAVER,2016,CFS,BS,재무상태표,-표준계정코드 미사용-,기타유동자산,75963752602,37460664239,8,KRW
00266961,NAVER,2016,CFS,BS,재무상태표,ifrs_NoncurrentAssets,비유동자산,2170701933937,1746530375501,9,KRW
00266961,NAVER,2016,CFS,BS,재무상태표,ifrs_PropertyPlantAndEquipment,유형자산,863258398071,863804604637,10,KRW
00266961,NAVER,2016,CFS,BS,재무상태표,dart_GoodwillGross,무형자산,112131534109,103318772173,11,KRW
00266961,NAVER,2016,CFS,BS,재무상태표,-표준계정코드 미사용-,장기금융상품,192181000000,47529767124,12,KRW
00266961,NAVER,2016,CFS,BS,재무상태표,-표준계정코드 미사용-,당기손익인식금융자산,4338051108,8469206146,13,KRW
00266961,NAVER,2016,CFS,BS,재무상태표,-표준계정코드 미사용-,매출채권및기타채권,122501672197,71364581468,14,KRW
00266961,NAVER,2016,CFS,BS,재무상태표,-표준계정코드 미사용-,매도가능금융자산,385267016322,313297731930,15,KRW
00266961,NAVER,2016,CFS,BS,재무상태표,-표준계정코드 미사용-,만기보유금융자산,2907350285,2726392064,16,KRW
00266961,NAVER,2016,CFS,BS,재무상태표,ifrs_InvestmentAccountedForUsingEquityMethod,지분법적용 투자지분,182152420107,64864935132,17,KRW
00266961,NAVER,2016,CFS,BS,재무상태표,ifrs_DeferredTaxAssets,이연법인세자산,285890760768,244792136518,18,KRW
00266961,NAVER,2016,CFS,BS,재무상태표,-표준계정코드 미사용-,기타비유동자산,20073730970,26362248309,19,KRW
00266961,NAVER,2016,CFS,BS,재무상태표,ifrs_Assets,자산총계,6370635180592,4385913018121,20,KRW
00266961,NAVER,2016,CFS,BS,재무상태표,ifrs_CurrentLiabilities,유동부채,1803925551271,1683655879811,22,KRW
00266961,NAVER,2016,CFS,BS,재무상태표,-표준계정코드 미사용-,매입채무및기타채무,671823271030,548631754883,23,KRW
00266961,NAVER,2016,CFS,BS,재무상태표,dart_ShortTermBorrowings,단기차입금,227320592500,412759705493,24,KRW
00266961,NAVER,2016,CFS,BS,재무상태표,-표준계정코드 미사용-,유동성사채,,104957251000,25,KRW
00266961,NAVER,2016,CFS,BS,재무상태표,dart_PaymentsOfIncomeTaxesPayable,미지급법인세,239105201541,178936057617,26,KRW
00266961,NAVER,2016,CFS,BS,재무상태표,ifrs_CurrentProvisions,유동충당부채,46354541621,48705510961,27,KRW
00266961,NAVER,2016,CFS,BS,재무상태표,-표준계정코드 미사용-,기타유동부채,619321944579,389665599857,28,KRW
00266961,NAVER,2016,CFS,BS,재무상태표,ifrs_NoncurrentLiabilities,비유동부채,437110766381,432678618822,29,KRW
00266961,NAVER,2016,CFS,BS,재무상태표,-표준계정코드 미사용-,매입채무및기타채무,9065271620,4158772050,30,KRW
00266961,NAVER,2016,CFS,BS,재무상태표,dart_LongTermBorrowingsGross,장기차입금,,,31,KRW
00266961,NAVER,2016,CFS,BS,재무상태표,-표준계정코드 미사용-,사채,150000000000,150000000000,32,KRW
00266961,NAVER,2016,CFS,BS,재무상태표,dart_PostemploymentBenefitObligations,퇴직급여채무,241674742927,233680449457,33,KRW
00266961,NAVER,2016,CFS,BS,재무상태표,ifrs_NoncurrentProvisions,비유동충당부채,15120742106,16617717512,34,KRW
00266961,NAVER,2016,CFS,BS,재무상태표,ifrs_DeferredTaxLiabilities,이연법인세부채,20622509111,27619241024,35,KRW
00266961,NAVER,2016,CFS,BS,재무상태표,-표준계정코드 미사용-,기타비유동부채,627500617,602438779,36,KRW
00266961,NAVER,2016,CFS,BS,재무상태표,ifrs_Liabilities,부채총계,2241036317652,2116334498633,37,KRW
00266961,NAVER,2016,CFS,BS,재무상태표,-표준계정코드 미사용-,자 본 금,16481339500,16481339500,39,KRW
00266961,NAVER,2016,CFS,BS,재무상태표,-표준계정코드 미사용-,자본잉여금,1217201126674,133088065258,40,KRW
00266961,NAVER,2016,CFS,BS,재무상태표,dart_ElementsOfOtherStockholdersEquity,기타자본구성요소,-1449123370169,-1094415009876,41,KRW
00266961,NAVER,2016,CFS,BS,재무상태표,ifrs_RetainedEarnings,이익잉여금(결손금),3810189403596,3069369884003,42,KRW
00266961,NAVER,2016,CFS,BS,재무상태표,ifrs_NoncontrollingInterests,비지배지분,534850363339,145054240603,43,KRW
00266961,NAVER,2016,CFS,BS,재무상태표,ifrs_Equity,자본총계,4129598862940,2269578519488,44,KRW
00266961,NAVER,2016,CFS,BS,재무상태표,ifrs_EquityAndLiabilities,자본과부채총계,6370635180592,4385913018121,45,KRW
00266961,NAVER,2016,CFS,CIS,포괄손익계산서,ifrs_Revenue,영업수익,4022629619982,3253930352202,0,KRW
00266961,NAVER,2016,CFS,CIS,포괄손익계산서,ifrs_CostOfSales,영업비용,2920589144190,2423705391328,1,KRW
00266961,NAVER,2016,CFS,CIS,포괄손익계산서,dart_OperatingIncomeLoss,영업이익,1102040475792,830224960874,2,KRW
00266961,NAVER,2016,CFS,CIS,포괄손익계산서,dart_OtherGains,기타이익,102016939984,63036498817,3,KRW
00266961,NAVER,2016,CFS,CIS,포괄손익계산서,dart_OtherLosses,기타손실,91759944041,82593405763,4,KRW
00266961,NAVER,2016,CFS,CIS,포괄손익계산서,ifrs_FinanceIncome,금융수익,66704079766,67236221456,5,KRW
00266961,NAVER,2016,CFS,CIS,포괄손익계산서,ifrs_FinanceCosts,금융비용,37789903111,52997259343,6,KRW
00266961,NAVER,2016,CFS,CIS,포괄손익계산서,ifrs_GainsArisingFromDerecognitionOfFinancialAssetsMeasuredAtAmortisedCost,관계기업투자이익,,,7,KRW
00266961,NAVER,2016,CFS,CIS,포괄손익계산서,ifrs_LossesArisingFromDerecognitionOfFinancialAssetsMeasuredAtAmortisedCost,관계기업투자손실,9440699473,1685213454,8,KRW
00266961,NAVER,2016,CFS,CIS,포괄손익계산서,ifrs_ProfitLossBeforeTax,법인세비용차감전이익,1131770948917,823221802587,9,KRW
00266961,NAVER,2016,CFS,CIS,포괄손익계산서,ifrs_IncomeTaxExpenseContinuingOperations,법인세비용,360863616391,229003000109,10,KRW
00266961,NAVER,2016,CFS,CIS,포괄손익계산서,ifrs_ProfitLossFromContinuingOperations,계속영업순이익,770907332526,594218802478,11,KRW
00266961,NAVER,2016,CFS,CIS,포괄손익계산서,ifrs_ProfitLossFromDiscontinuedOperations,중단영업이익(손실),-11834381339,-77232522938,12,KRW
00266961,NAVER,2016,CFS,CIS,포괄손익계산서,ifrs_ProfitLoss,당기순이익(손실),759072951187,516986279540,13,KRW
00266961,NAVER,2016,CFS,CIS,포괄손익계산서,ifrs_ProfitLossAttributableToOwnersOfParent,지배기업의 소유주에게 귀속되는 당기순이익(손실),749305674065,518746486316,15,KRW
00266961,NAVER,2016,CFS,CIS,포괄손익계산서,ifrs_ProfitLossAttributableToNoncontrollingInterests,비지배지분에 귀속되는 당기순이익(손실),9767277122,-1760206776,16,KRW
00266961,NAVER,2016,CFS,CIS,포괄손익계산서,ifrs_OtherComprehensiveIncome,기타포괄손익,-35481484286,37020883472,17,KRW
00266961,NAVER,2016,CFS,CIS,포괄손익계산서,dart_OtherComprehensiveIncomeThatWillNotBeReclassifiedToProfitOrLossNetOfTax,당기손익으로 재분류되지 않는 세후기타포괄손익,24496714917,-9915798321,18,KRW
00266961,NAVER,2016,CFS,CIS,포괄손익계산서,ifrs_OtherComprehensiveIncomeNetOfTaxActuarialGainsLossesOnDefinedBenefitPlans,확정급여제도의 보험수리적손익의 세후기타포괄손익,24496714917,-9915798321,19,KRW
00266961,NAVER,2016,CFS,CIS,포괄손익계산서,dart_OtherComprehensiveIncomeThatWillBeReclassifiedToProfitOrLossNetOfTax,당기손익으로 재분류되는 세후기타포괄손익,-59978199203,46936681793,20,KRW
00266961,NAVER,2016,CFS,CIS,포괄손익계산서,ifrs_OtherComprehensiveIncomeNetOfTaxAvailableforsaleFinancialAssets,매도가능금융자산,-12944646949,45781430957,21,KRW
00266961,NAVER,2016,CFS,CIS,포괄손익계산서,ifrs_GainsLossesOnRemeasuringAvailableforsaleFinancialAssetsNetOfTax,매도가능금융자산의 세후재측정이익(손실),-12901819949,46096783563,22,KRW
00266961,NAVER,2016,CFS,CIS,포괄손익계산서,ifrs_ReclassificationAdjustmentsOnAvailableforsaleFinancialAssetsNetOfTax,매도가능금융자산의 세후재분류조정,42827000,315352606,23,KRW
00266961,NAVER,2016,CFS,CIS,포괄손익계산서,ifrs_OtherComprehensiveIncomeNetOfTaxExchangeDifferencesOnTranslation,외화환산외환차이,-48071575946,838302740,24,KRW
00266961,NAVER,2016,CFS,CIS,포괄손익계산서,-표준계정코드 미사용-,지분법자본변동,1038023692,316948096,25,KRW
00266961,NAVER,2016,CFS,CIS,포괄손익계산서,ifrs_ComprehensiveIncome,총포괄손익,723591466901,554007163012,26,KRW
00266961,NAVER,2016,CFS,CIS,포괄손익계산서,ifrs_ComprehensiveIncomeAttributableToOwnersOfParent,"포괄손익, 지배기업의 소유주에게 귀속되는 지분",733007313456,555637191071,28,KRW
00266961,NAVER,2016,CFS,CIS,포괄손익계산서,ifrs_ComprehensiveIncomeAttributableToNoncontrollingInterests,"포괄손익, 비지배지분",-9415846555,-1630028059,29,KRW
00266961,NAVER,2016,CFS,CIS,포괄손익계산서,ifrs_BasicEarningsLossPerShare,기본주당계속영업이익,26153,20242,31,KRW
00266961,NAVER,2016,CFS,CIS,포괄손익계산서,-표준계정코드 미사용-,기본주당중단영업이익,-407,-2623,32,KRW
00266961,NAVER,2016,CFS,CIS,포괄손익계산서,ifrs_DilutedEarningsLossPerShare,희석주당계속영업이익,25921,20242,33,KRW
00266961,NAVER,2016,CFS,CIS,포괄손익계산서,-표준계정코드 미사용-,희석주당중단영업이익,-407,-2623,34,KRW
00266961,NAVER,2016,CFS,CF,현금흐름표,-표준계정코드 미사용-,영업활동 현금흐름,1164024257897,851367412445,0,KRW
00266961,NAVER,2016,CFS,CF,현금흐름표,-표준계정코드 미사용-,영업에서 창출된 현금,1471646010009,1087915691287,1,KRW
00266961,NAVER,2016,CFS,CF,현금흐름표,-표준계정코드 미사용-,당기순이익,759072951187,516986279540,2,KRW
00266961,NAVER,2016,CFS,CF,현금흐름표,-표준계정코드 미사용-,조정사항,624246932523,507510701371,3,KRW
00266961,NAVER,2016,CFS,CF,현금흐름표,-표준계정코드 미사용-,대손상각비,10858609434,825132375,4,KRW
00266961,NAVER,2016,CFS,CF,현금흐름표,-표준계정코드 미사용-,유형자산상각비,145653897523,142530955277,5,KRW
00266961,NAVER,2016,CFS,CF,현금흐름표,-표준계정코드 미사용-,무형자산상각비,17299617509,13452553414,6,KRW
00266961,NAVER,2016,CFS,CF,현금흐름표,-표준계정코드 미사용-,외화환산이익,-13981034967,-10003949887,7,KRW
00266961,NAVER,2016,CFS,CF,현금흐름표,-표준계정코드 미사용-,외화환산손실,10253881433,8533625643,8,KRW
00266961,NAVER,2016,CFS,CF,현금흐름표,-표준계정코드 미사용-,유형자산처분이익,-27867310122,-1388875076,9,KRW
00266961,NAVER,2016,CFS,CF,현금흐름표,-표준계정코드 미사용-,유형자산처분손실,1628625714,147715090,10,KRW
00266961,NAVER,2016,CFS,CF,현금흐름표,-표준계정코드 미사용-,무형자산처분이익,-10518842,,11,KRW
00266961,NAVER,2016,CFS,CF,현금흐름표,-표준계정코드 미사용-,무형자산처분손실,77726548,701187,12,KRW
00266961,NAVER,2016,CFS,CF,현금흐름표,-표준계정코드 미사용-,유형자산손상차손,-136872843,535837964,13,KRW
00266961,NAVER,2016,CFS,CF,현금흐름표,-표준계정코드 미사용-,무형자산손상차손,5393644797,45774131274,14,KRW
00266961,NAVER,2016,CFS,CF,현금흐름표,-표준계정코드 미사용-,당기손익인식금융자산평가이익,-2911607548,-2938944307,15,KRW
00266961,NAVER,2016,CFS,CF,현금흐름표,-표준계정코드 미사용-,당기손익인식금융자산평가손실,9387629052,2833192052,16,KRW
00266961,NAVER,2016,CFS,CF,현금흐름표,-표준계정코드 미사용-,당기손익인식금융자산처분이익,-5723289766,-7283232341,17,KRW
00266961,NAVER,2016,CFS,CF,현금흐름표,-표준계정코드 미사용-,당기손익인식금융자산처분손실,3152100082,2404989613,18,KRW
00266961,NAVER,2016,CFS,CF,현금흐름표,-표준계정코드 미사용-,매도가능금융자산처분이익,-60000000,-5935373701,19,KRW
00266961,NAVER,2016,CFS,CF,현금흐름표,-표준계정코드 미사용-,매도가능금융자산처분손실,,238769601,20,KRW
00266961,NAVER,2016,CFS,CF,현금흐름표,-표준계정코드 미사용-,매도가능금융자산손상차손,5979510316,17169134944,21,KRW
00266961,NAVER,2016,CFS,CF,현금흐름표,-표준계정코드 미사용-,종속기업및관계기업투자처분이익,-19201945124,-3327276373,22,KRW
00266961,NAVER,2016,CFS,CF,현금흐름표,-표준계정코드 미사용-,지분법평가이익,-4409220502,-1641825182,23,KRW
00266961,NAVER,2016,CFS,CF,현금흐름표,-표준계정코드 미사용-,지분법평가손실,13849919975,3327038636,24,KRW
00266961,NAVER,2016,CFS,CF,현금흐름표,-표준계정코드 미사용-,주식보상비용,100969351842,105016671014,25,KRW
00266961,NAVER,2016,CFS,CF,현금흐름표,-표준계정코드 미사용-,퇴직급여,73438469268,56489426464,26,KRW
00266961,NAVER,2016,CFS,CF,현금흐름표,-표준계정코드 미사용-,이자수익,-35583751916,-28199735141,27,KRW
00266961,NAVER,2016,CFS,CF,현금흐름표,-표준계정코드 미사용-,이자비용,6070381290,5743347330,28,KRW
00266961,NAVER,2016,CFS,CF,현금흐름표,-표준계정코드 미사용-,배당금수익,-7817460175,-11742292026,29,KRW
00266961,NAVER,2016,CFS,CF,현금흐름표,-표준계정코드 미사용-,법인세비용,353795315209,191311058258,30,KRW
00266961,NAVER,2016,CFS,CF,현금흐름표,-표준계정코드 미사용-,기타현금의유입이없는수익,-15858735664,-16362074731,31,KRW
00266961,NAVER,2016,CFS,CF,현금흐름표,-표준계정코드 미사용-,자산및부채의증감,88326126299,63418710376,32,KRW
00266961,NAVER,2016,CFS,CF,현금흐름표,-표준계정코드 미사용-,매출채권및기타채권의감소(증가),-143053965124,-96011059140,33,KRW
00266961,NAVER,2016,CFS,CF,현금흐름표,-표준계정코드 미사용-,기타유동자산의감소(증가),-24323199949,-16089352429,34,KRW
00266961,NAVER,2016,CFS,CF,현금흐름표,-표준계정코드 미사용-,기타유동부채의증가(감소),202774769674,146456303448,35,KRW
00266961,NAVER,2016,CFS,CF,현금흐름표,-표준계정코드 미사용-,매입채무및기타채무의증가(감소),,,36,KRW
00266961,NAVER,2016,CFS,CF,현금흐름표,-표준계정코드 미사용-,충당부채의 증가(감소),-356000423,-2061863533,37,KRW
00266961,NAVER,2016,CFS,CF,현금흐름표,-표준계정코드 미사용-,확정급여부채의증가(감소),-34817633015,-12894438408,38,KRW
00266961,NAVER,2016,CFS,CF,현금흐름표,-표준계정코드 미사용-,미지급금의 증가(감소),10505245554,39559090050,39,KRW
00266961,NAVER,2016,CFS,CF,현금흐름표,-표준계정코드 미사용-,미지급비용의 증가(감소),68520171640,13620072064,40,KRW
00266961,NAVER,2016,CFS,CF,현금흐름표,-표준계정코드 미사용-,기타,9076737942,-9160041676,41,KRW
00266961,NAVER,2016,CFS,CF,현금흐름표,-표준계정코드 미사용-,이자수취,29646878900,28992544627,42,KRW
00266961,NAVER,2016,CFS,CF,현금흐름표,-표준계정코드 미사용-,이자지급,-6732073925,-6402743975,43,KRW
00266961,NAVER,2016,CFS,CF,현금흐름표,-표준계정코드 미사용-,배당금수취,8272597252,8391316422,44,KRW
00266961,NAVER,2016,CFS,CF,현금흐름표,-표준계정코드 미사용-,법인세의납부,-338809154339,-267529395916,45,KRW
00266961,NAVER,2016,CFS,CF,현금흐름표,ifrs_CashFlowsFromUsedInInvestingActivities,투자활동현금흐름,-941712566991,-785858501641,46,KRW
00266961,NAVER,2016,CFS,CF,현금흐름표,-표준계정코드 미사용-,투자활동으로인한현금유입액,95872683134,112723436186,47,KRW
00266961,NAVER,2016,CFS,CF,현금흐름표,-표준계정코드 미사용-,당기손익인식금융자산의감소,,4474619597,48,KRW
00266961,NAVER,2016,CFS,CF,현금흐름표,-표준계정코드 미사용-,장기금융상품의감소,10050000000,,49,KRW
00266961,NAVER,2016,CFS,CF,현금흐름표,-표준계정코드 미사용-,매도가능금융자산의처분,19004020280,71969133049,50,KRW
00266961,NAVER,2016,CFS,CF,현금흐름표,-표준계정코드 미사용-,유형자산의처분,56618452246,2317872703,51,KRW
00266961,NAVER,2016,CFS,CF,현금흐름표,-표준계정코드 미사용-,무형자산의처분,187761297,513450649,52,KRW
00266961,NAVER,2016,CFS,CF,현금흐름표,-표준계정코드 미사용-,관계기업투자주식의처분,2712000000,573236928,53,KRW
00266961,NAVER,2016,CFS,CF,현금흐름표,-표준계정코드 미사용-,종속기업처분,7300449311,30898580015,54,KRW
00266961,NAVER,2016,CFS,CF,현금흐름표,-표준계정코드 미사용-,기타투자활동으로 인한 현금유입액,,1976543245,55,KRW
00266961,NAVER,2016,CFS,CF,현금흐름표,-표준계정코드 미사용-,투자활동으로인한현금유출액,-1037585250125,-898581937827,56,KRW
00266961,NAVER,2016,CFS,CF,현금흐름표,-표준계정코드 미사용-,단기금융상품의증가,-292254027607,-540835258765,57,KRW
00266961,NAVER,2016,CFS,CF,현금흐름표,-표준계정코드 미사용-,당기손익인식금융자산의증가,-68725459908,,58,KRW
00266961,NAVER,2016,CFS,CF,현금흐름표,-표준계정코드 미사용-,매도가능금융자산의취득,-124184790622,-113889594787,59,KRW
00266961,NAVER,2016,CFS,CF,현금흐름표,-표준계정코드 미사용-,장기금융상품의증가,-175854608696,-43050000000,60,KRW
00266961,NAVER,2016,CFS,CF,현금흐름표,-표준계정코드 미사용-,관계기업투자주식의취득,-104722327187,-31219735536,61,KRW
00266961,NAVER,2016,CFS,CF,현금흐름표,-표준계정코드 미사용-,유형자산의취득,-153799500551,-120794916406,62,KRW
00266961,NAVER,2016,CFS,CF,현금흐름표,-표준계정코드 미사용-,무형자산의취득,-20810426358,-15846552754,63,KRW
00266961,NAVER,2016,CFS,CF,현금흐름표,-표준계정코드 미사용-,사업결합으로 인한 현금의 감소,-4597667305,-32945879579,64,KRW
00266961,NAVER,2016,CFS,CF,현금흐름표,-표준계정코드 미사용-,기타투자활동으로 인한 현금유출액,-92636441891,,65,KRW
00266961,NAVER,2016,CFS,CF,현금흐름표,ifrs_CashFlowsFromUsedInFinancingActivities,재무활동현금흐름,697849839617,5898778302,66,KRW
00266961,NAVER,2016,CFS,CF,현금흐름표,-표준계정코드 미사용-,재무활동으로인한현금유입액,1607972953608,346892916723,67,KRW
00266961,NAVER,2016,CFS,CF,현금흐름표,-표준계정코드 미사용-,단기차입금의차입,232880139130,195578068896,68,KRW
00266961,NAVER,2016,CFS,CF,현금흐름표,-표준계정코드 미사용-,장기차입금의차입,,,69,KRW
00266961,NAVER,2016,CFS,CF,현금흐름표,-표준계정코드 미사용-,사채의 발행,,150000000000,70,KRW
00266961,NAVER,2016,CFS,CF,현금흐름표,-표준계정코드 미사용-,종속기업의 유상증자,1374092814478,,71,KRW
00266961,NAVER,2016,CFS,CF,현금흐름표,-표준계정코드 미사용-,기타재무활동으로 인한 현금유출입액,1000000000,1314847827,72,KRW
00266961,NAVER,2016,CFS,CF,현금흐름표,-표준계정코드 미사용-,재무활동으로인한현금유출액,-910123113991,-340994138421,73,KRW
00266961,NAVER,2016,CFS,CF,현금흐름표,-표준계정코드 미사용-,단기차입금의상환,-468100761103,-153960560000,74,KRW
00266961,NAVER,2016,CFS,CF,현금흐름표,-표준계정코드 미사용-,사채의 상환,-105454275958,-4590746257,75,KRW
00266961,NAVER,2016,CFS,CF,현금흐름표,-표준계정코드 미사용-,자기주식의취득,-304437387130,-159399898570,76,KRW
00266961,NAVER,2016,CFS,CF,현금흐름표,-표준계정코드 미사용-,배당금지급,-32130689800,-23042933594,77,KRW
00266961,NAVER,2016,CFS,CF,현금흐름표,ifrs_EffectOfExchangeRateChangesOnCashAndCashEquivalents,현금및현금성자산에 대한 환율변동효과,-7321644685,19457893439,78,KRW
00266961,NAVER,2016,CFS,CF,현금흐름표,-표준계정코드 미사용-,현금및현금성자산의 순증가(감소),912839885838,90865582545,79,KRW
00266961,NAVER,2016,CFS,CF,현금흐름표,dart_CashAndCashEquivalentsAtBeginningOfPeriodCf,기초현금및현금성자산,813391895453,722526312908,80,KRW
00266961,NAVER,2016,CFS,CF,현금흐름표,dart_CashAndCashEquivalentsAtEndOfPeriodCf,기말현금및현금성자산,1726231781291,813391895453,81,KRW
00266961,NAVER,2016,CFS,SCE,자본변동표,dart_EquityAtBeginningOfPeriod,기초자본,2269578519488,1797418214955,1,KRW
00266961,NAVER,2016,CFS,SCE,자본변동표,dart_EquityAtBeginningOfPeriod,기초자본,145054240603,1416211467,1,KRW
00266961,NAVER,2016,CFS,SCE,자본변동표,dart_EquityAtBeginningOfPeriod,기초자본,-1094415009876,-937172720213,1,KRW
00266961,NAVER,2016,CFS,SCE,자본변동표,dart_EquityAtBeginningOfPeriod,기초자본,3069369884003,2583591599131,1,KRW
00266961,NAVER,2016,CFS,SCE,자본변동표,dart_EquityAtBeginningOfPeriod,기초자본,133088065258,133101785070,1,KRW
00266961,NAVER,2016,CFS,SCE,자본변동표,dart_EquityAtBeginningOfPeriod,기초자본,16481339500,16481339500,1,KRW
00266961,NAVER,2016,CFS,SCE,자본변동표,-표준계정코드 미사용-,당기순이익,759072951187,516986279540,3,KRW
00266961,NAVER,2016,CFS,SCE,자본변동표,-표준계정코드 미사용-,당기순이익,9767277122,-1760206776,3,KRW
00266961,NAVER,2016,CFS,SCE,자본변동표,-표준계정코드 미사용-,당기순이익,749305674065,518746486316,3,KRW
00266961,NAVER,2016,CFS,SCE,자본변동표,-표준계정코드 미사용-,매도가능금융자산의 평가에 따른 증가(감소),-12944646949,45781430957,4,KRW
00266961,NAVER,2016,CFS,SCE,자본변동표,-표준계정코드 미사용-,매도가능금융자산의 평가에 따른 증가(감소),-11010316915,45781430957,4,KRW
00266961,NAVER,2016,CFS,SCE,자본변동표,-표준계정코드 미사용-,매도가능금융자산의 평가에 따른 증가(감소),-1934330034,,4,KRW
00266961,NAVER,2016,CFS,SCE,자본변동표,-표준계정코드 미사용-,해외사업환산손익,-48071575946,838302740,5,KRW
00266961,NAVER,2016,CFS,SCE,자본변동표,-표준계정코드 미사용-,해외사업환산손익,-29809084598,717593552,5,KRW
00266961,NAVER,2016,CFS,SCE,자본변동표,-표준계정코드 미사용-,해외사업환산손익,-18262491348,120709188,5,KRW
00266961,NAVER,2016,CFS,SCE,자본변동표,-표준계정코드 미사용-,지분법자본변동,1038023692,316948096,6,KRW
00266961,NAVER,2016,CFS,SCE,자본변동표,-표준계정코드 미사용-,지분법자본변동,876505576,316948096,6,KRW
00266961,NAVER,2016,CFS,SCE,자본변동표,-표준계정코드 미사용-,지분법자본변동,161518116,,6,KRW
00266961,NAVER,2016,CFS,SCE,자본변동표,-표준계정코드 미사용-,확정급여제도의 재측정요소(보험수리적손익),24496714917,-9915798321,7,KRW
00266961,NAVER,2016,CFS,SCE,자본변동표,-표준계정코드 미사용-,확정급여제도의 재측정요소(보험수리적손익),852179589,9469529,7,KRW
00266961,NAVER,2016,CFS,SCE,자본변동표,-표준계정코드 미사용-,확정급여제도의 재측정요소(보험수리적손익),23644535328,-9925267850,7,KRW
00266961,NAVER,2016,CFS,SCE,자본변동표,-표준계정코드 미사용-,총포괄이익 소계,-9415846555,-1630028059,8,KRW
00266961,NAVER,2016,CFS,SCE,자본변동표,-표준계정코드 미사용-,총포괄이익 소계,772950209393,508821218466,8,KRW
00266961,NAVER,2016,CFS,SCE,자본변동표,-표준계정코드 미사용-,총포괄이익 소계,723591466901,554007163012,8,KRW
00266961,NAVER,2016,CFS,SCE,자본변동표,-표준계정코드 미사용-,총포괄이익 소계,-39942895937,46815972605,8,KRW
00266961,NAVER,2016,CFS,SCE,자본변동표,-표준계정코드 미사용-,종속기업의설립,1856146059,,10,KRW
00266961,NAVER,2016,CFS,SCE,자본변동표,-표준계정코드 미사용-,종속기업의설립,1856146059,,10,KRW
00266961,NAVER,2016,CFS,SCE,자본변동표,-표준계정코드 미사용-,종속기업의처분,,,11,KRW
00266961,NAVER,2016,CFS,SCE,자본변동표,-표준계정코드 미사용-,종속기업의처분,,,11,KRW
00266961,NAVER,2016,CFS,SCE,자본변동표,-표준계정코드 미사용-,종속기업의처분,,,11,KRW
00266961,NAVER,2016,CFS,SCE,자본변동표,-표준계정코드 미사용-,배당금지급,-32130689800,-23042933594,12,KRW
00266961,NAVER,2016,CFS,SCE,자본변동표,-표준계정코드 미사용-,배당금지급,-32130689800,-23042933594,12,KRW
00266961,NAVER,2016,CFS,SCE,자본변동표,-표준계정코드 미사용-,주식보상비용,100992243024,105016671014,13,KRW
00266961,NAVER,2016,CFS,SCE,자본변동표,-표준계정코드 미사용-,주식보상비용,100992243024,105016671014,13,KRW
00266961,NAVER,2016,CFS,SCE,자본변동표,-표준계정코드 미사용-,주식보상비용,,,13,KRW
00266961,NAVER,2016,CFS,SCE,자본변동표,-표준계정코드 미사용-,자기주식의 취득,-298713406870,-165123878830,14,KRW
00266961,NAVER,2016,CFS,SCE,자본변동표,-표준계정코드 미사용-,자기주식의 취득,-298713406870,-165123878830,14,KRW
00266961,NAVER,2016,CFS,SCE,자본변동표,-표준계정코드 미사용-,감자차손의 보전,,,15,KRW
00266961,NAVER,2016,CFS,SCE,자본변동표,-표준계정코드 미사용-,감자차손의 보전,,,15,KRW
00266961,NAVER,2016,CFS,SCE,자본변동표,-표준계정코드 미사용-,유상증자,,-8886875,16,KRW
00266961,NAVER,2016,CFS,SCE,자본변동표,-표준계정코드 미사용-,유상증자,,1325894614,16,KRW
00266961,NAVER,2016,CFS,SCE,자본변동표,-표준계정코드 미사용-,유상증자,,1317007739,16,KRW
00266961,NAVER,2016,CFS,SCE,자본변동표,-표준계정코드 미사용-,종속기업의 유상증자,1084113061416,,17,KRW
00266961,NAVER,2016,CFS,SCE,자본변동표,-표준계정코드 미사용-,종속기업의 유상증자,1364424584138,,17,KRW
00266961,NAVER,2016,CFS,SCE,자본변동표,-표준계정코드 미사용-,종속기업의 유상증자,296363580208,,17,KRW
00266961,NAVER,2016,CFS,SCE,자본변동표,-표준계정코드 미사용-,종속기업의 유상증자,-16052057486,,17,KRW
00266961,NAVER,2016,CFS,SCE,자본변동표,-표준계정코드 미사용-,기타,,38925491567,18,KRW
00266961,NAVER,2016,CFS,SCE,자본변동표,-표준계정코드 미사용-,기타,,-13724808,18,KRW
00266961,NAVER,2016,CFS,SCE,자본변동표,-표준계정코드 미사용-,기타,,-38925496563,18,KRW
00266961,NAVER,2016,CFS,SCE,자본변동표,-표준계정코드 미사용-,기타,,-13719812,18,KRW
00266961,NAVER,2016,CFS,SCE,자본변동표,-표준계정코드 미사용-,자본에 직접 인식된 주주와의 거래 등 소계,1084113061416,-13719812,19,KRW
00266961,NAVER,2016,CFS,SCE,자본변동표,-표준계정코드 미사용-,자본에 직접 인식된 주주와의 거래 등 소계,-32130689800,-23042933594,19,KRW
00266961,NAVER,2016,CFS,SCE,자본변동표,-표준계정코드 미사용-,자본에 직접 인식된 주주와의 거래 등 소계,399211969291,145268057195,19,KRW
00266961,NAVER,2016,CFS,SCE,자본변동표,-표준계정코드 미사용-,자본에 직접 인식된 주주와의 거래 등 소계,-314765464356,-204058262268,19,KRW
00266961,NAVER,2016,CFS,SCE,자본변동표,-표준계정코드 미사용-,자본에 직접 인식된 주주와의 거래 등 소계,1136428876551,-81846858479,19,KRW
00266961,NAVER,2016,CFS,SCE,자본변동표,ifrs_Equity,기말자본,4129598862940,2269578519488,20,KRW
00266961,NAVER,2016,CFS,SCE,자본변동표,ifrs_Equity,기말자본,-1449123370169,-1094415009876,20,KRW
00266961,NAVER,2016,CFS,SCE,자본변동표,ifrs_Equity,기말자본,534850363339,145054240603,20,KRW
00266961,NAVER,2016,CFS,SCE,자본변동표,ifrs_Equity,기말자본,3810189403596,3069369884003,20,KRW
00266961,NAVER,2016,CFS,SCE,자본변동표,ifrs_Equity,기말자본,16481339500,16481339500,20,KRW
00266961,NAVER,2016,CFS,SCE,자본변동표,ifrs_Equity,기말자본,1217201126674,133088065258,20,KRW
00266961,NAVER,2016,OFS,BS,재무상태표,ifrs_CurrentAssets,유동자산,2108036835289,1804796318644,1,KRW
00266961,NAVER,2016,OFS,BS,재무상태표,ifrs_CashAndCashEquivalents,현금및현금성자산,203718076301,355121986568,2,KRW
00266961,NAVER,2016,OFS,BS,재무상태표,-표준계정코드 미사용-,단기금융상품,1103579767124,873657801370,3,KRW
00266961,NAVER,2016,OFS,BS,재무상태표,-표준계정코드 미사용-,당기손익인식금융자산,351997815454,283696218092,4,KRW
00266961,NAVER,2016,OFS,BS,재무상태표,-표준계정코드 미사용-,매출채권및기타채권,404329177515,265502472886,5,KRW
00266961,NAVER,2016,OFS,BS,재무상태표,-표준계정코드 미사용-,매도가능금융자산,13074615661,13627940351,6,KRW
00266961,NAVER,2016,OFS,BS,재무상태표,-표준계정코드 미사용-,기타유동자산,30455489884,12119401430,7,KRW
00266961,NAVER,2016,OFS,BS,재무상태표,ifrs_Inventories,재고자산,881893350,1070497947,8,KRW
00266961,NAVER,2016,OFS,BS,재무상태표,ifrs_NoncurrentAssets,비유동자산,1748453838642,1578921331247,9,KRW
00266961,NAVER,2016,OFS,BS,재무상태표,ifrs_PropertyPlantAndEquipment,유형자산,666613521909,662033286558,10,KRW
00266961,NAVER,2016,OFS,BS,재무상태표,dart_GoodwillGross,무형자산,38498542839,36594246883,11,KRW
00266961,NAVER,2016,OFS,BS,재무상태표,-표준계정코드 미사용-,장기금융상품,78000000000,47029767124,12,KRW
00266961,NAVER,2016,OFS,BS,재무상태표,-표준계정코드 미사용-,당기손익인식금융자산,398571789,,13,KRW
00266961,NAVER,2016,OFS,BS,재무상태표,-표준계정코드 미사용-,매출채권및기타채권,4785105153,4595477500,14,KRW
00266961,NAVER,2016,OFS,BS,재무상태표,-표준계정코드 미사용-,매도가능금융자산,238240116895,158903498592,15,KRW
00266961,NAVER,2016,OFS,BS,재무상태표,ifrs_InvestmentsInSubsidiariesJointVenturesAndAssociates,"종속기업, 조인트벤처와 관계기업에 대한 투자자산",625004918653,574134042865,16,KRW
00266961,NAVER,2016,OFS,BS,재무상태표,ifrs_DeferredTaxAssets,이연법인세자산,82770172100,72188151098,17,KRW
00266961,NAVER,2016,OFS,BS,재무상태표,-표준계정코드 미사용-,기타비유동자산,14142889304,23442860627,18,KRW
00266961,NAVER,2016,OFS,BS,재무상태표,ifrs_Assets,자산총계,3856490673931,3383717649891,19,KRW
00266961,NAVER,2016,OFS,BS,재무상태표,ifrs_CurrentLiabilities,유동부채,875568258127,739150463993,21,KRW
00266961,NAVER,2016,OFS,BS,재무상태표,-표준계정코드 미사용-,매입채무및기타채무,329248629773,251792887576,22,KRW
00266961,NAVER,2016,OFS,BS,재무상태표,-표준계정코드 미사용-,사채,,100000000000,23,KRW
00266961,NAVER,2016,OFS,BS,재무상태표,dart_PaymentsOfIncomeTaxesPayable,미지급법인세,173575904655,138975420488,24,KRW
00266961,NAVER,2016,OFS,BS,재무상태표,ifrs_CurrentProvisions,유동충당부채,41175493363,47252766548,25,KRW
00266961,NAVER,2016,OFS,BS,재무상태표,-표준계정코드 미사용-,기타유동부채,331568230336,201129389381,26,KRW
00266961,NAVER,2016,OFS,BS,재무상태표,ifrs_NoncurrentLiabilities,비유동부채,271506512177,268850850727,27,KRW
00266961,NAVER,2016,OFS,BS,재무상태표,-표준계정코드 미사용-,매입채무및기타채무,10327382600,6849576400,28,KRW
00266961,NAVER,2016,OFS,BS,재무상태표,dart_LongTermBorrowingsGross,장기차입금,,,29,KRW
00266961,NAVER,2016,OFS,BS,재무상태표,-표준계정코드 미사용-,사채,150000000000,150000000000,30,KRW
00266961,NAVER,2016,OFS,BS,재무상태표,dart_PostemploymentBenefitObligations,퇴직급여채무,109708610624,110840788343,31,KRW
00266961,NAVER,2016,OFS,BS,재무상태표,ifrs_NoncurrentProvisions,비유동충당부채,984407849,630972100,32,KRW
00266961,NAVER,2016,OFS,BS,재무상태표,-표준계정코드 미사용-,기타비유동부채,486111104,529513884,33,KRW
00266961,NAVER,2016,OFS,BS,재무상태표,ifrs_Liabilities,부채총계,1147074770304,1008001314720,34,KRW
00266961,NAVER,2016,OFS,BS,재무상태표,-표준계정코드 미사용-,자 본 금,16481339500,16481339500,36,KRW
00266961,NAVER,2016,OFS,BS,재무상태표,-표준계정코드 미사용-,자본 잉여금,162512767863,162512767863,37,KRW
00266961,NAVER,2016,OFS,BS,재무상태표,-표준계정코드 미사용-,기타자본구성 요소,-1394972128339,-1096969276671,38,KRW
00266961,NAVER,2016,OFS,BS,재무상태표,ifrs_RetainedEarnings,이익잉여금(결손금),3925393924603,3293691504479,39,KRW
00266961,NAVER,2016,OFS,BS,재무상태표,ifrs_Equity,자본총계,2709415903627,2375716335171,40,KRW
00266961,NAVER,2016,OFS,BS,재무상태표,ifrs_EquityAndLiabilities,자본과부채총계,3856490673931,3383717649891,41,KRW
00266961,NAVER,2016,OFS,CIS,포괄손익계산서,ifrs_Revenue,영업수익,2496498317219,2141274743504,0,KRW
00266961,NAVER,2016,OFS,CIS,포괄손익계산서,ifrs_CostOfSales,영업비용,1528147409640,1314783445733,1,KRW
00266961,NAVER,2016,OFS,CIS,포괄손익계산서,dart_OperatingIncomeLoss,영업이익,968350907579,826491297771,2,KRW
00266961,NAVER,2016,OFS,CIS,포괄손익계산서,dart_OtherGains,기타이익,10209874415,28903177541,3,KRW
00266961,NAVER,2016,OFS,CIS,포괄손익계산서,dart_OtherLosses,기타손실,105328091885,45210354308,4,KRW
00266961,NAVER,2016,OFS,CIS,포괄손익계산서,ifrs_FinanceIncome,금융수익,48787132074,50553729188,5,KRW
00266961,NAVER,2016,OFS,CIS,포괄손익계산서,ifrs_FinanceCosts,금융비용,12294392453,12237116929,6,KRW
00266961,NAVER,2016,OFS,CIS,포괄손익계산서,ifrs_ProfitLossBeforeTax,법인세비용차감전이익,909725429730,848500733263,7,KRW
00266961,NAVER,2016,OFS,CIS,포괄손익계산서,ifrs_IncomeTaxExpenseContinuingOperations,법인세비용,257909490324,205905080211,8,KRW
00266961,NAVER,2016,OFS,CIS,포괄손익계산서,ifrs_ProfitLossFromContinuingOperations,계속영업순이익,651815939406,642595653052,9,KRW
00266961,NAVER,2016,OFS,CIS,포괄손익계산서,ifrs_ProfitLoss,당기순이익(손실),651815939406,642595653052,10,KRW
00266961,NAVER,2016,OFS,CIS,포괄손익계산서,ifrs_OtherComprehensiveIncome,기타포괄손익,12727725720,2375699124,11,KRW
00266961,NAVER,2016,OFS,CIS,포괄손익계산서,dart_OtherComprehensiveIncomeThatWillBeReclassifiedToProfitOrLossNetOfTax,당기손익으로 재분류되는 세후기타포괄손익,710555202,1225647358,12,KRW
00266961,NAVER,2016,OFS,CIS,포괄손익계산서,ifrs_OtherComprehensiveIncomeNetOfTaxAvailableforsaleFinancialAssets,매도가능금융자산,710555202,1225647358,13,KRW
00266961,NAVER,2016,OFS,CIS,포괄손익계산서,ifrs_GainsLossesOnRemeasuringAvailableforsaleFinancialAssetsNetOfTax,매도가능금융자산의 세후재측정이익(손실),753382202,1335016063,14,KRW
00266961,NAVER,2016,OFS,CIS,포괄손익계산서,ifrs_ReclassificationAdjustmentsOnAvailableforsaleFinancialAssetsNetOfTax,매도가능금융자산의 세후재분류조정,42827000,109368705,15,KRW
00266961,NAVER,2016,OFS,CIS,포괄손익계산서,dart_OtherComprehensiveIncomeThatWillNotBeReclassifiedToProfitOrLossNetOfTax,당기손익으로 재분류되지 않는 세후기타포괄손익,12017170518,1150051766,16,KRW
00266961,NAVER,2016,OFS,CIS,포괄손익계산서,ifrs_OtherComprehensiveIncomeNetOfTaxActuarialGainsLossesOnDefinedBenefitPlans,확정급여제도의 보험수리적손익의 세후기타포괄손익,12017170518,1150051766,17,KRW
00266961,NAVER,2016,OFS,CIS,포괄손익계산서,ifrs_ComprehensiveIncome,총포괄손익,664543665126,644971352176,18,KRW
00266961,NAVER,2016,OFS,CIS,포괄손익계산서,ifrs_BasicEarningsLossPerShare,기본주당계속영업이익,22397,21825,20,KRW
00266961,NAVER,2016,OFS,CIS,포괄손익계산서,ifrs_DilutedEarningsLossPerShare,희석주당계속영업이익,22397,21825,21,KRW
00266961,NAVER,2016,OFS,CF,현금흐름표,ifrs_CashFlowsFromUsedInOperatingActivities,영업활동현금흐름,842858855457,786615563176,0,KRW
00266961,NAVER,2016,OFS,CF,현금흐름표,-표준계정코드 미사용-,영업에서창출된현금,1051554736690,898750494302,1,KRW
00266961,NAVER,2016,OFS,CF,현금흐름표,-표준계정코드 미사용-,당기순이익,651815939406,642595653052,2,KRW
00266961,NAVER,2016,OFS,CF,현금흐름표,-표준계정코드 미사용-,조정,348204769406,202849149021,3,KRW
00266961,NAVER,2016,OFS,CF,현금흐름표,-표준계정코드 미사용-,유형자산상각비,29635844439,29509773867,4,KRW
00266961,NAVER,2016,OFS,CF,현금흐름표,-표준계정코드 미사용-,무형자산상각비,2437367813,3411183237,5,KRW
00266961,NAVER,2016,OFS,CF,현금흐름표,-표준계정코드 미사용-,당기손익인식금융자산처분이익,-4787191509,-6329712582,6,KRW
00266961,NAVER,2016,OFS,CF,현금흐름표,-표준계정코드 미사용-,당기손익인식금융자산처분손실,1739469709,1056183532,7,KRW
00266961,NAVER,2016,OFS,CF,현금흐름표,-표준계정코드 미사용-,당기손익인식금융자산평가이익,-3660828425,-2288643767,8,KRW
00266961,NAVER,2016,OFS,CF,현금흐름표,-표준계정코드 미사용-,당기손익인식금융자산평가손실,1786212072,2610952380,9,KRW
00266961,NAVER,2016,OFS,CF,현금흐름표,-표준계정코드 미사용-,매도가능금융자산처분이익,-60000000,-5071779849,10,KRW
00266961,NAVER,2016,OFS,CF,현금흐름표,-표준계정코드 미사용-,매도가능금융자산처분손실,,,11,KRW
00266961,NAVER,2016,OFS,CF,현금흐름표,-표준계정코드 미사용-,매도가능금융자산손상차손,2806733000,196464263,12,KRW
00266961,NAVER,2016,OFS,CF,현금흐름표,-표준계정코드 미사용-,종속기업및관계기업투자주식처분이익,-95573923,-4604612120,13,KRW
00266961,NAVER,2016,OFS,CF,현금흐름표,-표준계정코드 미사용-,종속기업및관계기업투자주식처분손실,343269308,,14,KRW
00266961,NAVER,2016,OFS,CF,현금흐름표,-표준계정코드 미사용-,종속기업및관계기업투자주식손상차손,67899642842,2003836942,15,KRW
00266961,NAVER,2016,OFS,CF,현금흐름표,-표준계정코드 미사용-,퇴직급여,26165556476,25186464758,16,KRW
00266961,NAVER,2016,OFS,CF,현금흐름표,-표준계정코드 미사용-,이자수익,-31559990895,-23953634706,17,KRW
00266961,NAVER,2016,OFS,CF,현금흐름표,-표준계정코드 미사용-,이자비용,5515389475,4563935854,18,KRW
00266961,NAVER,2016,OFS,CF,현금흐름표,-표준계정코드 미사용-,배당금수익,-8630597983,-12767334586,19,KRW
00266961,NAVER,2016,OFS,CF,현금흐름표,-표준계정코드 미사용-,법인세비용,257909490324,205905080211,20,KRW
00266961,NAVER,2016,OFS,CF,현금흐름표,-표준계정코드 미사용-,기타,759976683,-16579008413,21,KRW
00266961,NAVER,2016,OFS,CF,현금흐름표,-표준계정코드 미사용-,자산및부채의증감,51534027878,53305692229,22,KRW
00266961,NAVER,2016,OFS,CF,현금흐름표,-표준계정코드 미사용-,매출채권및기타채권의감소(증가),-133547738072,-57080887629,23,KRW
00266961,NAVER,2016,OFS,CF,현금흐름표,-표준계정코드 미사용-,기타유동자산의감소(증가),-9762675868,-12320090841,24,KRW
00266961,NAVER,2016,OFS,CF,현금흐름표,-표준계정코드 미사용-,매입채무및기타채무의증가(감소),,,25,KRW
00266961,NAVER,2016,OFS,CF,현금흐름표,-표준계정코드 미사용-,미지급금의 증가,43150645469,28351782971,26,KRW
00266961,NAVER,2016,OFS,CF,현금흐름표,-표준계정코드 미사용-,미지급비용의 증가,37905030742,3779661417,27,KRW
00266961,NAVER,2016,OFS,CF,현금흐름표,-표준계정코드 미사용-,기타유동부채의증가(감소),130394822690,103975505260,28,KRW
00266961,NAVER,2016,OFS,CF,현금흐름표,-표준계정코드 미사용-,확정급여부채의증가(감소),-11669387872,-8013679021,29,KRW
00266961,NAVER,2016,OFS,CF,현금흐름표,-표준계정코드 미사용-,충당부채의증가(감소),-5125273808,-5386599928,30,KRW
00266961,NAVER,2016,OFS,CF,현금흐름표,-표준계정코드 미사용-,기타,188604597,,31,KRW
00266961,NAVER,2016,OFS,CF,현금흐름표,ifrs_InterestReceivedClassifiedAsOperatingActivities,이자수취,26143406579,23386529200,32,KRW
00266961,NAVER,2016,OFS,CF,현금흐름표,ifrs_InterestPaidClassifiedAsOperatingActivities,이자지급,5515389475,4563935854,33,KRW
00266961,NAVER,2016,OFS,CF,현금흐름표,ifrs_DividendsReceivedClassifiedAsOperatingActivities,배당금수취,8630597983,8391316422,34,KRW
00266961,NAVER,2016,OFS,CF,현금흐름표,ifrs_IncomeTaxesPaidRefundClassifiedAsOperatingActivities,법인세납부(환급),237954496320,139348840894,35,KRW
00266961,NAVER,2016,OFS,CF,현금흐름표,ifrs_CashFlowsFromUsedInInvestingActivities,투자활동현금흐름,-557336623859,-651115853547,36,KRW
00266961,NAVER,2016,OFS,CF,현금흐름표,-표준계정코드 미사용-,투자활동으로인한현금유입액,49957742567,99761187567,37,KRW
00266961,NAVER,2016,OFS,CF,현금흐름표,-표준계정코드 미사용-,매도가능금융자산의처분,16522680345,41272397748,38,KRW
00266961,NAVER,2016,OFS,CF,현금흐름표,-표준계정코드 미사용-,종속기업및관계기업투자주식의처분,32064937274,45702252771,39,KRW
00266961,NAVER,2016,OFS,CF,현금흐름표,-표준계정코드 미사용-,유형자산의처분,732721194,910043100,40,KRW
00266961,NAVER,2016,OFS,CF,현금흐름표,-표준계정코드 미사용-,무형자산의처분,,,41,KRW
00266961,NAVER,2016,OFS,CF,현금흐름표,-표준계정코드 미사용-,합병으로인한증가,,,42,KRW
00266961,NAVER,2016,OFS,CF,현금흐름표,-표준계정코드 미사용-,당기손익인식금융자산의 감소,,6718967296,43,KRW
00266961,NAVER,2016,OFS,CF,현금흐름표,-표준계정코드 미사용-,보증금의 감소,637403754,464000000,44,KRW
00266961,NAVER,2016,OFS,CF,현금흐름표,-표준계정코드 미사용-,기타투자활동으로 인한 현금유입액,,4693526652,45,KRW
00266961,NAVER,2016,OFS,CF,현금흐름표,-표준계정코드 미사용-,투자활동으로인한현금유출액,-607294366426,-750877041114,46,KRW
00266961,NAVER,2016,OFS,CF,현금흐름표,-표준계정코드 미사용-,단기금융상품의증가,-210942198630,-512964656015,47,KRW
00266961,NAVER,2016,OFS,CF,현금흐름표,-표준계정코드 미사용-,당기손익인식금융자산의 증가,-63777830998,,48,KRW
00266961,NAVER,2016,OFS,CF,현금흐름표,-표준계정코드 미사용-,장기대여금의증가,-700000000,-788440000,49,KRW
00266961,NAVER,2016,OFS,CF,현금흐름표,-표준계정코드 미사용-,매도가능금융자산의취득,-97113914925,-108903739167,50,KRW
00266961,NAVER,2016,OFS,CF,현금흐름표,-표준계정코드 미사용-,종속기업및관계기업투자주식의취득,-151083151289,-54394733418,51,KRW
00266961,NAVER,2016,OFS,CF,현금흐름표,-표준계정코드 미사용-,유형자산의취득,-28679946836,-27829920256,52,KRW
00266961,NAVER,2016,OFS,CF,현금흐름표,-표준계정코드 미사용-,무형자산의취득,-4920574988,-2770552258,53,KRW
00266961,NAVER,2016,OFS,CF,현금흐름표,-표준계정코드 미사용-,장기금융상품의증가,-49950000000,-43050000000,54,KRW
00266961,NAVER,2016,OFS,CF,현금흐름표,-표준계정코드 미사용-,보증금의 증가,-126748760,-175000000,55,KRW
00266961,NAVER,2016,OFS,CF,현금흐름표,ifrs_CashFlowsFromUsedInFinancingActivities,재무활동현금흐름,-436568076930,-173836728664,56,KRW
00266961,NAVER,2016,OFS,CF,현금흐름표,-표준계정코드 미사용-,재무활동으로인한현금유입액,,150000000000,57,KRW
00266961,NAVER,2016,OFS,CF,현금흐름표,-표준계정코드 미사용-,장기차입금의차입,,,58,KRW
00266961,NAVER,2016,OFS,CF,현금흐름표,-표준계정코드 미사용-,사채의 차입,,150000000000,59,KRW
00266961,NAVER,2016,OFS,CF,현금흐름표,-표준계정코드 미사용-,재무활동으로인한현금유출액,-436568076930,-323836728664,60,KRW
00266961,NAVER,2016,OFS,CF,현금흐름표,-표준계정코드 미사용-,단기차입금의상환,,-141393896500,61,KRW
00266961,NAVER,2016,OFS,CF,현금흐름표,-표준계정코드 미사용-,자기주식의취득,-304437387130,-159399898570,62,KRW
00266961,NAVER,2016,OFS,CF,현금흐름표,-표준계정코드 미사용-,배당금지급,-32130689800,-23042933594,63,KRW
00266961,NAVER,2016,OFS,CF,현금흐름표,-표준계정코드 미사용-,사채의 상환,-100000000000,,64,KRW
00266961,NAVER,2016,OFS,CF,현금흐름표,-표준계정코드 미사용-,기타재무활동으로 인한 현금순유출액,,,65,KRW
00266961,NAVER,2016,OFS,CF,현금흐름표,ifrs_EffectOfExchangeRateChangesOnCashAndCashEquivalents,현금및현금성자산에 대한 환율변동효과,-358064935,-110575951,66,KRW
00266961,NAVER,2016,OFS,CF,현금흐름표,ifrs_IncreaseDecreaseInCashAndCashEquivalents,현금및현금성자산의순증가(감소),-151403910267,-38447594986,67,KRW
00266961,NAVER,2016,OFS,CF,현금흐름표,dart_CashAndCashEquivalentsAtBeginningOfPeriodCf,기초현금및현금성자산,355121986568,393569581554,68,KRW
00266961,NAVER,2016,OFS,CF,현금흐름표,dart_CashAndCashEquivalentsAtEndOfPeriodCf,기말현금및현금성자산,203718076301,355121986568,69,KRW
00266961,NAVER,2016,OFS,SCE,자본변동표,dart_EquityAtBeginningOfPeriod,기초자본,2375716335171,1911346446055,1,KRW
00266961,NAVER,2016,OFS,SCE,자본변동표,dart_EquityAtBeginningOfPeriod,기초자본,-1096969276671,-933071045199,1,KRW
00266961,NAVER,2016,OFS,SCE,자본변동표,dart_EquityAtBeginningOfPeriod,기초자본,3293691504479,2672988733255,1,KRW
00266961,NAVER,2016,OFS,SCE,자본변동표,dart_EquityAtBeginningOfPeriod,기초자본,16481339500,16481339500,1,KRW
00266961,NAVER,2016,OFS,SCE,자본변동표,dart_EquityAtBeginningOfPeriod,기초자본,162512767863,154947418499,1,KRW
00266961,NAVER,2016,OFS,SCE,자본변동표,-표준계정코드 미사용-,당기순이익,651815939406,642595653052,3,KRW
00266961,NAVER,2016,OFS,SCE,자본변동표,-표준계정코드 미사용-,당기순이익,651815939406,642595653052,3,KRW
00266961,NAVER,2016,OFS,SCE,자본변동표,-표준계정코드 미사용-,매도가능금융자산의 평가에 따른 증가(감소),710555202,1225647358,4,KRW
00266961,NAVER,2016,OFS,SCE,자본변동표,-표준계정코드 미사용-,매도가능금융자산의 평가에 따른 증가(감소),710555202,1225647358,4,KRW
00266961,NAVER,2016,OFS,SCE,자본변동표,-표준계정코드 미사용-,보험수리적손익,12017170518,1150051766,5,KRW
00266961,NAVER,2016,OFS,SCE,자본변동표,-표준계정코드 미사용-,보험수리적손익,12017170518,1150051766,5,KRW
00266961,NAVER,2016,OFS,SCE,자본변동표,-표준계정코드 미사용-,총포괄이익 소계,710555202,1225647358,6,KRW
00266961,NAVER,2016,OFS,SCE,자본변동표,-표준계정코드 미사용-,총포괄이익 소계,663833109924,643745704818,6,KRW
00266961,NAVER,2016,OFS,SCE,자본변동표,-표준계정코드 미사용-,총포괄이익 소계,664543665126,644971352176,6,KRW
00266961,NAVER,2016,OFS,SCE,자본변동표,-표준계정코드 미사용-,배당금지급,-32130689800,-23042933594,8,KRW
00266961,NAVER,2016,OFS,SCE,자본변동표,-표준계정코드 미사용-,배당금지급,-32130689800,-23042933594,8,KRW
00266961,NAVER,2016,OFS,SCE,자본변동표,-표준계정코드 미사용-,자기주식의 취득,-298713406870,-165123878830,9,KRW
00266961,NAVER,2016,OFS,SCE,자본변동표,-표준계정코드 미사용-,자기주식의 취득,-298713406870,-165123878830,9,KRW
00266961,NAVER,2016,OFS,SCE,자본변동표,-표준계정코드 미사용-,감자차손의 보전,,,10,KRW
00266961,NAVER,2016,OFS,SCE,자본변동표,-표준계정코드 미사용-,감자차손의 보전,,,10,KRW
00266961,NAVER,2016,OFS,SCE,자본변동표,-표준계정코드 미사용-,영업양수도,,7565349364,11,KRW
00266961,NAVER,2016,OFS,SCE,자본변동표,-표준계정코드 미사용-,영업양수도,,7565349364,11,KRW
00266961,NAVER,2016,OFS,SCE,자본변동표,-표준계정코드 미사용-,합병으로 인한 자본증가,,,12,KRW
00266961,NAVER,2016,OFS,SCE,자본변동표,-표준계정코드 미사용-,합병으로 인한 자본증가,,,12,KRW
00266961,NAVER,2016,OFS,SCE,자본변동표,-표준계정코드 미사용-,자본에 직접 인식된 주주와의 거래 등 소계,-298713406870,-165123878830,13,KRW
00266961,NAVER,2016,OFS,SCE,자본변동표,-표준계정코드 미사용-,자본에 직접 인식된 주주와의 거래 등 소계,,7565349364,13,KRW
00266961,NAVER,2016,OFS,SCE,자본변동표,-표준계정코드 미사용-,자본에 직접 인식된 주주와의 거래 등 소계,-32130689800,-23042933594,13,KRW
00266961,NAVER,2016,OFS,SCE,자본변동표,-표준계정코드 미사용-,자본에 직접 인식된 주주와의 거래 등 소계,-330844096670,-180601463060,13,KRW
00266961,NAVER,2016,OFS,SCE,자본변동표,ifrs_Equity,기말자본,2709415903627,2375716335171,14,KRW
00266961,NAVER,2016,OFS,SCE,자본변동표,ifrs_Equity,기말자본,162512767863,162512767863,14,KRW
00266961,NAVER,2016,OFS,SCE,자본변동표,ifrs_Equity,기말자본,-1394972128339,-1096969276671,14,KRW
00266961,NAVER,2016,OFS,SCE,자본변동표,ifrs_Equity,기말자본,3925393924603,3293691504479,14,KRW
00266961,NAVER,2016,OFS,SCE,자본변동표,ifrs_Equity,기말자본,16481339500,16481339500,14,KRW
00266961,NAVER,2017,CFS,BS,재무상태표,ifrs_CurrentAssets,유동자산,4784227776883,4199933246655,1,KRW
00266961,NAVER,2017,CFS,BS,재무상태표,ifrs_CashAndCashEquivalents,현금및현금성자산,1907575060667,1726231781291,2,KRW
00266961,NAVER,2017,CFS,BS,재무상태표,dart_ShortTermDepositsNotClassifiedAsCashEquivalents,단기금융상품,1333889498274,1243188526333,3,KRW
00266961,NAVER,2017,CFS,BS,재무상태표,dart_CurrentFinancialAssetDesignationAsAtFairValueThroughProfitOrLoss,유동당기손익인식지정금융자산,274532710666,352050575067,4,KRW
00266961,NAVER,2017,CFS,BS,재무상태표,ifrs_TradeAndOtherCurrentReceivables,매출채권 및 기타유동채권,1026872808889,760913097079,5,KRW
00266961,NAVER,2017,CFS,BS,재무상태표,dart_CurrentAvailableForSaleFinancialAssets,유동매도가능금융자산,79435727110,31239415661,6,KRW
00266961,NAVER,2017,CFS,BS,재무상태표,ifrs_Inventories,재고자산,36204513812,10346098622,7,KRW
00266961,NAVER,2017,CFS,BS,재무상태표,ifrs_CurrentTaxAssets,당기법인세자산,1099626162,,8,KRW
00266961,NAVER,2017,CFS,BS,재무상태표,dart_OtherCurrentAssets,기타유동자산,124617831303,75963752602,9,KRW
00266961,NAVER,2017,CFS,BS,재무상태표,ifrs_NoncurrentAssets,비유동자산,3235023783031,2170701933937,10,KRW
00266961,NAVER,2017,CFS,BS,재무상태표,ifrs_PropertyPlantAndEquipment,유형자산,1150012698630,863258398071,11,KRW
00266961,NAVER,2017,CFS,BS,재무상태표,dart_GoodwillGross,무형자산,339511680983,112131534109,12,KRW
00266961,NAVER,2017,CFS,BS,재무상태표,dart_LongTermDepositsNotClassifiedAsCashEquivalents,장기금융상품,120301393998,192181000000,13,KRW
00266961,NAVER,2017,CFS,BS,재무상태표,dart_NonCurrentFairValueFinancialAsset,비유동당기손익인식금융자산,39151181682,4338051108,14,KRW
00266961,NAVER,2017,CFS,BS,재무상태표,dart_LongTermTradeAndOtherNonCurrentReceivablesGross,장기매출채권 및 기타비유동채권,74199645388,122501672197,15,KRW
00266961,NAVER,2017,CFS,BS,재무상태표,dart_NonCurrentAvailableForSaleFinancialAssets,비유동매도가능금융자산,943632439930,385267016322,16,KRW
00266961,NAVER,2017,CFS,BS,재무상태표,dart_NonCurrentFinancialAssetsHeldToMaturity,비유동만기보유금융자산,2660696298,2907350285,17,KRW
00266961,NAVER,2017,CFS,BS,재무상태표,ifrs_InvestmentAccountedForUsingEquityMethod,지분법적용 투자지분,280997122915,182152420107,18,KRW
00266961,NAVER,2017,CFS,BS,재무상태표,ifrs_DeferredTaxAssets,이연법인세자산,248493530447,285890760768,19,KRW
00266961,NAVER,2017,CFS,BS,재무상태표,dart_OtherNonCurrentAssets,기타비유동자산,36063392760,20073730970,20,KRW
00266961,NAVER,2017,CFS,BS,재무상태표,ifrs_Assets,자산총계,8019251559914,6370635180592,21,KRW
00266961,NAVER,2017,CFS,BS,재무상태표,ifrs_CurrentLiabilities,유동부채,2302730294235,1803925551271,23,KRW
00266961,NAVER,2017,CFS,BS,재무상태표,ifrs_TradeAndOtherCurrentPayables,매입채무 및 기타유동채무,770724455666,671823271030,24,KRW
00266961,NAVER,2017,CFS,BS,재무상태표,dart_CurrentFinancialLiabilitiesDesignationAsAtFairValueThroughProfitOrLoss,유동당기손익인식지정금융부채,30360536,,25,KRW
00266961,NAVER,2017,CFS,BS,재무상태표,ifrs_ShorttermBorrowings,단기차입금,211011222442,227320592500,26,KRW
00266961,NAVER,2017,CFS,BS,재무상태표,dart_CurrentPortionOfBonds,유동성사채,150000000000,,27,KRW
00266961,NAVER,2017,CFS,BS,재무상태표,dart_PaymentsOfIncomeTaxesPayable,미지급법인세,,,28,KRW
00266961,NAVER,2017,CFS,BS,재무상태표,ifrs_CurrentTaxLiabilities,당기법인세부채,305730913120,239105201541,29,KRW
00266961,NAVER,2017,CFS,BS,재무상태표,ifrs_CurrentProvisions,유동충당부채,5897847971,46354541621,30,KRW
00266961,NAVER,2017,CFS,BS,재무상태표,dart_OtherCurrentLiabilities,기타유동부채,859335494500,619321944579,31,KRW
00266961,NAVER,2017,CFS,BS,재무상태표,ifrs_NoncurrentLiabilities,비유동부채,411335030730,437110766381,32,KRW
00266961,NAVER,2017,CFS,BS,재무상태표,dart_LongTermTradeAndOtherNonCurrentPayables,장기매입채무 및 기타비유동채무,11652173744,9065271620,33,KRW
00266961,NAVER,2017,CFS,BS,재무상태표,dart_NonCurrentFinancialLiabilitiesAtFairValueThroughProfitOrLoss,비유동당기손익인식금융부채,4608180098,,34,KRW
00266961,NAVER,2017,CFS,BS,재무상태표,dart_LongTermBorrowingsGross,장기차입금,49933677257,,35,KRW
00266961,NAVER,2017,CFS,BS,재무상태표,dart_BondsIssued,사채,,150000000000,36,KRW
00266961,NAVER,2017,CFS,BS,재무상태표,dart_PostemploymentBenefitObligations,퇴직급여부채,284033206529,241674742927,37,KRW
00266961,NAVER,2017,CFS,BS,재무상태표,ifrs_NoncurrentProvisions,비유동충당부채,34765546071,15120742106,38,KRW
00266961,NAVER,2017,CFS,BS,재무상태표,ifrs_DeferredTaxLiabilities,이연법인세부채,25177671162,20622509111,39,KRW
00266961,NAVER,2017,CFS,BS,재무상태표,dart_OtherNonCurrentLiabilities,기타비유동부채,1164575869,627500617,40,KRW
00266961,NAVER,2017,CFS,BS,재무상태표,ifrs_Liabilities,부채총계,2714065324965,2241036317652,41,KRW
00266961,NAVER,2017,CFS,BS,재무상태표,ifrs_EquityAttributableToOwnersOfParent,지배기업의 소유주에게 귀속되는 자본,4762346095984,3594748499601,43,KRW
00266961,NAVER,2017,CFS,BS,재무상태표,ifrs_IssuedCapital,자본금,16481339500,16481339500,44,KRW
00266961,NAVER,2017,CFS,BS,재무상태표,dart_CapitalSurplus,자본잉여금,1507878510842,1217201126674,45,KRW
00266961,NAVER,2017,CFS,BS,재무상태표,dart_ElementsOfOtherStockholdersEquity,기타자본구성요소,-1317531622681,-1449123370169,46,KRW
00266961,NAVER,2017,CFS,BS,재무상태표,ifrs_RetainedEarnings,이익잉여금(결손금),4555517868323,3810189403596,47,KRW
00266961,NAVER,2017,CFS,BS,재무상태표,ifrs_NoncontrollingInterests,비지배지분,542840138965,534850363339,48,KRW
00266961,NAVER,2017,CFS,BS,재무상태표,ifrs_Equity,자본총계,5305186234949,4129598862940,49,KRW
00266961,NAVER,2017,CFS,BS,재무상태표,ifrs_EquityAndLiabilities,자본과부채총계,8019251559914,6370635180592,50,KRW
00266961,NAVER,2017,CFS,CIS,포괄손익계산서,ifrs_Revenue,수익(매출액),4678468928032,4022629619982,0,KRW
00266961,NAVER,2017,CFS,CIS,포괄손익계산서,-표준계정코드 미사용-,영업비용,-3499281121701,-2920589144190,1,KRW
00266961,NAVER,2017,CFS,CIS,포괄손익계산서,dart_OperatingIncomeLoss,영업이익(손실),1179187806331,1102040475792,2,KRW
00266961,NAVER,2017,CFS,CIS,포괄손익계산서,dart_OtherGains,기타이익,35057161984,102016939984,3,KRW
00266961,NAVER,2017,CFS,CIS,포괄손익계산서,dart_OtherLosses,기타손실,86985385595,91759944041,4,KRW
00266961,NAVER,2017,CFS,CIS,포괄손익계산서,ifrs_FinanceIncome,금융수익,115010335280,66704079766,5,KRW
00266961,NAVER,2017,CFS,CIS,포괄손익계산서,ifrs_FinanceCosts,금융원가,32414107346,37789903111,6,KRW
00266961,NAVER,2017,CFS,CIS,포괄손익계산서,-표준계정코드 미사용-,지분법손익,-14026821694,-9440699473,7,KRW
00266961,NAVER,2017,CFS,CIS,포괄손익계산서,ifrs_ProfitLossBeforeTax,법인세비용차감전순이익(손실),1195828988960,1131770948917,8,KRW
00266961,NAVER,2017,CFS,CIS,포괄손익계산서,ifrs_IncomeTaxExpenseContinuingOperations,법인세비용,423173257798,360863616391,9,KRW
00266961,NAVER,2017,CFS,CIS,포괄손익계산서,ifrs_ProfitLossFromContinuingOperations,계속영업이익(손실),772655731162,770907332526,10,KRW
00266961,NAVER,2017,CFS,CIS,포괄손익계산서,ifrs_ProfitLossFromDiscontinuedOperations,중단영업이익(손실),-2554060955,-11834381339,11,KRW
00266961,NAVER,2017,CFS,CIS,포괄손익계산서,ifrs_ProfitLoss,당기순이익(손실),770101670207,759072951187,12,KRW
00266961,NAVER,2017,CFS,CIS,포괄손익계산서,ifrs_ProfitLossAttributableToOwnersOfParent,지배기업의 소유주에게 귀속되는 당기순이익(손실),772879579921,749305674065,14,KRW
00266961,NAVER,2017,CFS,CIS,포괄손익계산서,-표준계정코드 미사용-,계속영업이익,775433640876,761140055404,15,KRW
00266961,NAVER,2017,CFS,CIS,포괄손익계산서,-표준계정코드 미사용-,중단영업손실,-2554060955,-11834381339,16,KRW
00266961,NAVER,2017,CFS,CIS,포괄손익계산서,ifrs_ProfitLossAttributableToNoncontrollingInterests,비지배지분에 귀속되는 당기순이익(손실),-2777909714,9767277122,17,KRW
00266961,NAVER,2017,CFS,CIS,포괄손익계산서,ifrs_OtherComprehensiveIncome,기타포괄손익,-142862945354,-35481484286,18,KRW
00266961,NAVER,2017,CFS,CIS,포괄손익계산서,dart_OtherComprehensiveIncomeThatWillBeReclassifiedToProfitOrLossNetOfTax,당기손익으로 재분류될 수 있는 항목(세후기타포괄손익),-151278607530,-59978199203,19,KRW
00266961,NAVER,2017,CFS,CIS,포괄손익계산서,ifrs_GainsLossesOnRemeasuringAvailableforsaleFinancialAssetsNetOfTax,매도가능금융자산평가손익(세후기타포괄손익),-1660488494,-12901819949,20,KRW
00266961,NAVER,2017,CFS,CIS,포괄손익계산서,ifrs_ReclassificationAdjustmentsOnAvailableforsaleFinancialAssetsNetOfTax,매도가능금융자산평가손익의 세후재분류조정,21149295045,42827000,21,KRW
00266961,NAVER,2017,CFS,CIS,포괄손익계산서,ifrs_GainsLossesOnExchangeDifferencesOnTranslationNetOfTax,해외사업장환산외환차이(세후기타포괄손익),-120113501595,-48071575946,22,KRW
00266961,NAVER,2017,CFS,CIS,포괄손익계산서,-표준계정코드 미사용-,지분법자본변동,-8355322396,1038023692,23,KRW
00266961,NAVER,2017,CFS,CIS,포괄손익계산서,dart_OtherComprehensiveIncomeThatWillNotBeReclassifiedToProfitOrLossNetOfTax,당기손익으로 재분류되지 않는항목(세후기타포괄손익),8415662176,24496714917,24,KRW
00266961,NAVER,2017,CFS,CIS,포괄손익계산서,dart_OtherComprehensiveIncomeNetOfTaxGainsLossesOnRemeasurementsOfDefinedBenefitPlans,확정급여제도의 재측정손익(세후기타포괄손익),8580245095,24496714917,25,KRW
00266961,NAVER,2017,CFS,CIS,포괄손익계산서,-표준계정코드 미사용-,지분법자본변동,-164582919,,26,KRW
00266961,NAVER,2017,CFS,CIS,포괄손익계산서,ifrs_ComprehensiveIncome,총포괄손익,627238724853,723591466901,27,KRW
00266961,NAVER,2017,CFS,CIS,포괄손익계산서,ifrs_ComprehensiveIncomeAttributableToOwnersOfParent,"총 포괄손익, 지배기업의 소유주에게 귀속되는 지분",672515439629,733007313456,29,KRW
00266961,NAVER,2017,CFS,CIS,포괄손익계산서,ifrs_ComprehensiveIncomeAttributableToNoncontrollingInterests,"총 포괄손익, 비지배지분",-45276714776,-9415846555,30,KRW
00266961,NAVER,2017,CFS,CIS,포괄손익계산서,ifrs_BasicEarningsLossPerShare,기본주당이익(손실),26562,25746,32,KRW
00266961,NAVER,2017,CFS,CIS,포괄손익계산서,ifrs_BasicEarningsLossPerShareFromContinuingOperations,계속영업기본주당이익(손실),26650,26153,33,KRW
00266961,NAVER,2017,CFS,CIS,포괄손익계산서,ifrs_BasicEarningsLossPerShareFromDiscontinuedOperations,중단영업기본주당이익(손실),-88,-407,34,KRW
00266961,NAVER,2017,CFS,CIS,포괄손익계산서,ifrs_DilutedEarningsLossPerShare,희석주당이익(손실),26482,25514,35,KRW
00266961,NAVER,2017,CFS,CIS,포괄손익계산서,ifrs_DilutedEarningsLossPerShareFromContinuingOperations,계속영업희석주당이익(손실),26570,25921,36,KRW
00266961,NAVER,2017,CFS,CIS,포괄손익계산서,ifrs_DilutedEarningsLossPerShareFromDiscontinuedOperations,중단영업희석주당이익(손실),-88,-407,37,KRW
00266961,NAVER,2017,CFS,CF,현금흐름표,ifrs_CashFlowsFromUsedInOperatingActivities,영업활동현금흐름,939981997688,1164024257897,0,KRW
00266961,NAVER,2017,CFS,CF,현금흐름표,-표준계정코드 미사용-,영업으로부터 창출된 현금흐름,1294925991320,1471646010009,1,KRW
00266961,NAVER,2017,CFS,CF,현금흐름표,dart_ProfitLossForStatementOfCashFlows,당기순이익(손실),770101670207,759072951187,2,KRW
00266961,NAVER,2017,CFS,CF,현금흐름표,ifrs_AdjustmentsForReconcileProfitLoss,당기순이익조정을 위한 가감,663366279395,624246932523,3,KRW
00266961,NAVER,2017,CFS,CF,현금흐름표,dart_AdjustmentsForBadDebtExpenses,대손상각비,-3623071493,10858609434,4,KRW
00266961,NAVER,2017,CFS,CF,현금흐름표,dart_AdjustmentsForDepreciationExpense,감가상각비,182673334667,145653897523,5,KRW
00266961,NAVER,2017,CFS,CF,현금흐름표,dart_AdjustmentsForAmortisationExpense,무형자산상각비,23582742096,17299617509,6,KRW
00266961,NAVER,2017,CFS,CF,현금흐름표,dart_AdjustmentsForGainOnForeignExchangeTranslations,외화환산이익,7297442386,13981034967,7,KRW
00266961,NAVER,2017,CFS,CF,현금흐름표,dart_AdjustmentsForLossesOnForeignExchangeTranslations,외화환산손실,12701181717,10253881433,8,KRW
00266961,NAVER,2017,CFS,CF,현금흐름표,dart_AdjustmentsForGainOnDispositionOfTangibleAssets,유형자산처분이익,1039694954,27867310122,9,KRW
00266961,NAVER,2017,CFS,CF,현금흐름표,dart_AdjustmentsForLossesOnDispositionOfPropertyPlantAndEquipment,유형자산처분손실,1076023312,1628625714,10,KRW
00266961,NAVER,2017,CFS,CF,현금흐름표,dart_AdjustmentsForLossesOnDisposalsOfIntangibleAssets,무형자산처분손실,,,11,KRW
00266961,NAVER,2017,CFS,CF,현금흐름표,dart_AdjustmentsForImpairmentLossesOfPropertyPlantAndEquipment,유형자산손상차손,,,12,KRW
00266961,NAVER,2017,CFS,CF,현금흐름표,dart_AdjustmentsForImpairmentLossesOfIntangibleAssets,무형자산손상차손,1829001333,5393644797,13,KRW
00266961,NAVER,2017,CFS,CF,현금흐름표,dart_AdjustmentsForGainsOnEvaluationOfFairValueFinancialAssets,당기손익인식금융자산평가이익,46761928077,2911607548,14,KRW
00266961,NAVER,2017,CFS,CF,현금흐름표,dart_AdjustmentsForLossesOnEvaluationOfFairValueFinancialAssets,당기손익인식금융자산평가손실,706658898,9387629052,15,KRW
00266961,NAVER,2017,CFS,CF,현금흐름표,-표준계정코드 미사용-,당기손익인식금융자산거래이익,4816406425,5723289766,16,KRW
00266961,NAVER,2017,CFS,CF,현금흐름표,-표준계정코드 미사용-,당기손익인식금융자산거래손실,467675492,3152100082,17,KRW
00266961,NAVER,2017,CFS,CF,현금흐름표,-표준계정코드 미사용-,매도가능금융자산처분이익,8938417986,60000000,19,KRW
00266961,NAVER,2017,CFS,CF,현금흐름표,-표준계정코드 미사용-,매도가능금융자산처분손실,2444159930,,20,KRW
00266961,NAVER,2017,CFS,CF,현금흐름표,dart_AdjustmentsForImpairmentLossesOnAvailableForSaleFinancialAssets,매도가능금융자산손상차손,20616107363,5979510316,21,KRW
00266961,NAVER,2017,CFS,CF,현금흐름표,dart_AdjustmentsForGainsOnDisposalsOfInvestmentsInAssociates,종속기업/관계기업/공동기업투자처분이익,3263910168,19201945124,22,KRW
00266961,NAVER,2017,CFS,CF,현금흐름표,dart_AdjustmentsForImpairmentLossesOnInvestmentsInAssociates,종속기업/관계기업/공동기업투자손상차손,2418419893,,23,KRW
00266961,NAVER,2017,CFS,CF,현금흐름표,dart_AdjustmentsForProfitsOfAssociatesAndJointVenturesAccountedForUsingEquityMethod,지분법이익,18565928622,4409220502,24,KRW
00266961,NAVER,2017,CFS,CF,현금흐름표,dart_AdjustmentsForLossesOfAssociatesAndJointVenturesAccountedForUsingEquityMethod,지분법손실,32592750316,13849919975,25,KRW
00266961,NAVER,2017,CFS,CF,현금흐름표,dart_AdjustmentsForShareBasedPayment,주식보상비용(환입),27404743974,100969351842,26,KRW
00266961,NAVER,2017,CFS,CF,현금흐름표,dart_AdjustmentsForProvisionForSeveranceIndemnities,퇴직급여,69105426137,73438469268,27,KRW
00266961,NAVER,2017,CFS,CF,현금흐름표,dart_AdjustmentsForInterestIncome,이자수익,36678030573,35583751916,28,KRW
00266961,NAVER,2017,CFS,CF,현금흐름표,dart_AdjustmentsForInterestExpenses,이자비용,568580043,6070381290,29,KRW
00266961,NAVER,2017,CFS,CF,현금흐름표,-표준계정코드 미사용-,배당금수익,11039822676,7817460175,30,KRW
00266961,NAVER,2017,CFS,CF,현금흐름표,ifrs_AdjustmentsForIncomeTaxExpense,법인세비용,425479149243,353795315209,31,KRW
00266961,NAVER,2017,CFS,CF,현금흐름표,dart_AdjustmentsForOtherGainsWithoutCashFlowIn,기타 현금의 유입 없는 수익등,-1724978341,15928400801,32,KRW
00266961,NAVER,2017,CFS,CF,현금흐름표,dart_AdjustmentsForAssetsLiabilitiesOfOperatingActivities,영업활동으로인한자산ㆍ부채의변동,-138541958282,88326126299,33,KRW
00266961,NAVER,2017,CFS,CF,현금흐름표,dart_AdjustmentsForDecreaseincreaseInTradeAndOtherReceivables,매출채권 및 기타채권의 감소(증가),-359903219968,-143053965124,34,KRW
00266961,NAVER,2017,CFS,CF,현금흐름표,dart_AdjustmentsForDecreaseIncreaseInOtherCurrentAssets,기타유동자산의 감소(증가),-60745391487,-24323199949,35,KRW
00266961,NAVER,2017,CFS,CF,현금흐름표,dart_AdjustmentsForIncreaseDecreaseInOtherCurrentLiabilities,기타유동부채의 증가(감소),249771119046,202774769674,36,KRW
00266961,NAVER,2017,CFS,CF,현금흐름표,dart_AdjustmentsForIncreasedecreaseInOtherPayables,미지급금의 증가(감소),96619547596,10505245554,37,KRW
00266961,NAVER,2017,CFS,CF,현금흐름표,dart_AdjustmentsForIncreasedecreaseInAccruedExpenses,미지급비용의 증가(감소),-10059834982,68520171640,38,KRW
00266961,NAVER,2017,CFS,CF,현금흐름표,dart_AdjustmentsForIncreasedecreaseInProvisions,충당부채의 증가(감소),-34847834151,-356000423,39,KRW
00266961,NAVER,2017,CFS,CF,현금흐름표,-표준계정코드 미사용-,순확정급여부채의 증가(감소),-12872334790,-34817633015,40,KRW
00266961,NAVER,2017,CFS,CF,현금흐름표,-표준계정코드 미사용-,기타,-6504009546,9076737942,41,KRW
00266961,NAVER,2017,CFS,CF,현금흐름표,ifrs_InterestReceivedClassifiedAsOperatingActivities,이자수취(영업),40844270854,29646878900,42,KRW
00266961,NAVER,2017,CFS,CF,현금흐름표,ifrs_InterestPaidClassifiedAsOperatingActivities,이자지급(영업),2113445772,6732073925,43,KRW
00266961,NAVER,2017,CFS,CF,현금흐름표,ifrs_DividendsReceivedClassifiedAsOperatingActivities,배당금수취(영업),21196536973,8272597252,44,KRW
00266961,NAVER,2017,CFS,CF,현금흐름표,ifrs_IncomeTaxesPaidRefundClassifiedAsOperatingActivities,법인세납부(환급),414871355687,338809154339,45,KRW
00266961,NAVER,2017,CFS,CF,현금흐름표,ifrs_CashFlowsFromUsedInInvestingActivities,투자활동현금흐름,-1310331331653,-941712566991,46,KRW
00266961,NAVER,2017,CFS,CF,현금흐름표,-표준계정코드 미사용-,단기금융상품의 순감소(증가),160523617087,-292254027607,47,KRW
00266961,NAVER,2017,CFS,CF,현금흐름표,-표준계정코드 미사용-,당기손익인식금융자산의 순감소(증가),103499196889,-68725459908,48,KRW
00266961,NAVER,2017,CFS,CF,현금흐름표,-표준계정코드 미사용-,장기금융상품의 증가,183619742032,175854608696,49,KRW
00266961,NAVER,2017,CFS,CF,현금흐름표,-표준계정코드 미사용-,장기금융상품의 감소,10000000000,10050000000,50,KRW
00266961,NAVER,2017,CFS,CF,현금흐름표,ifrs_PurchaseOfPropertyPlantAndEquipmentClassifiedAsInvestingActivities,유형자산의 취득,472167146968,153799500551,51,KRW
00266961,NAVER,2017,CFS,CF,현금흐름표,ifrs_ProceedsFromSalesOfPropertyPlantAndEquipmentClassifiedAsInvestingActivities,유형자산의 처분,5965531286,56618452246,52,KRW
00266961,NAVER,2017,CFS,CF,현금흐름표,ifrs_PurchaseOfIntangibleAssetsClassifiedAsInvestingActivities,무형자산의 취득,31072901155,20810426358,53,KRW
00266961,NAVER,2017,CFS,CF,현금흐름표,ifrs_ProceedsFromSalesOfIntangibleAssetsClassifiedAsInvestingActivities,무형자산의 처분,3132644885,187761297,54,KRW
00266961,NAVER,2017,CFS,CF,현금흐름표,dart_PurchaseOfAvailableForSaleFinancialAssets,매도가능금융자산의 취득,708671194496,124184790622,55,KRW
00266961,NAVER,2017,CFS,CF,현금흐름표,dart_ProceedsFromSalesOfAvailableForSaleFinancialAssets,매도가능금융자산의 처분,57147603136,19004020280,56,KRW
00266961,NAVER,2017,CFS,CF,현금흐름표,-표준계정코드 미사용-,관계기업투자주식의 취득,136126745603,104722327187,57,KRW
00266961,NAVER,2017,CFS,CF,현금흐름표,-표준계정코드 미사용-,관계기업투자주식의 처분,7150302942,2712000000,58,KRW
00266961,NAVER,2017,CFS,CF,현금흐름표,-표준계정코드 미사용-,사업결합으로 인한 현금의 감소,-198281260652,-4597667305,59,KRW
00266961,NAVER,2017,CFS,CF,현금흐름표,dart_ProceedsFromSalesOfInvestmentsInSubsidiaries,종속기업에 대한 투자자산의 처분,1799666549,7300449311,60,KRW
00266961,NAVER,2017,CFS,CF,현금흐름표,ifrs_OtherInflowsOutflowsOfCashClassifiedAsInvestingActivities,현금의기타유입(유출),70389096479,-92636441891,61,KRW
00266961,NAVER,2017,CFS,CF,현금흐름표,ifrs_CashFlowsFromUsedInFinancingActivities,재무활동현금흐름,636244225939,697849839617,62,KRW
00266961,NAVER,2017,CFS,CF,현금흐름표,dart_ProceedsFromShortTermBorrowings,단기차입금의 증가,122544486739,232880139130,63,KRW
00266961,NAVER,2017,CFS,CF,현금흐름표,dart_RepaymentsOfShortTermBorrowings,단기차입금의 상환,123466235617,468100761103,64,KRW
00266961,NAVER,2017,CFS,CF,현금흐름표,dart_ProceedsFromBonds,사채의 증가,,,65,KRW
00266961,NAVER,2017,CFS,CF,현금흐름표,dart_RepaymentsOfBonds,사채의 상환,,105454275958,66,KRW
00266961,NAVER,2017,CFS,CF,현금흐름표,dart_ProceedsFromLongTermBorrowings,장기차입금의 증가,49026203012,,67,KRW
00266961,NAVER,2017,CFS,CF,현금흐름표,dart_AcquisitionOfTreasuryShares,자기주식의 취득,,304437387130,68,KRW
00266961,NAVER,2017,CFS,CF,현금흐름표,dart_DispositionOfTreasuryShares,자기주식의 처분,498449944178,,69,KRW
00266961,NAVER,2017,CFS,CF,현금흐름표,ifrs_DividendsPaidClassifiedAsFinancingActivities,배당금지급,32581184103,32130689800,70,KRW
00266961,NAVER,2017,CFS,CF,현금흐름표,-표준계정코드 미사용-,종속기업의 유상증자,129793266196,1374092814478,71,KRW
00266961,NAVER,2017,CFS,CF,현금흐름표,ifrs_OtherInflowsOutflowsOfCashClassifiedAsFinancingActivities,현금의기타유입(유출),-7522254466,1000000000,72,KRW
00266961,NAVER,2017,CFS,CF,현금흐름표,ifrs_EffectOfExchangeRateChangesOnCashAndCashEquivalents,현금및현금성자산에 대한 환율변동효과,-84551612598,-7321644685,73,KRW
00266961,NAVER,2017,CFS,CF,현금흐름표,ifrs_IncreaseDecreaseInCashAndCashEquivalents,현금및현금성자산의순증가(감소),181343279376,912839885838,74,KRW
00266961,NAVER,2017,CFS,CF,현금흐름표,dart_CashAndCashEquivalentsAtBeginningOfPeriodCf,기초현금및현금성자산,1726231781291,813391895453,75,KRW
00266961,NAVER,2017,CFS,CF,현금흐름표,dart_CashAndCashEquivalentsAtEndOfPeriodCf,기말현금및현금성자산,1907575060667,1726231781291,76,KRW
00266961,NAVER,2017,CFS,SCE,자본변동표,dart_EquityAtBeginningOfPeriod,기초자본,4129598862940,2269578519488,1,KRW
00266961,NAVER,2017,CFS,SCE,자본변동표,dart_EquityAtBeginningOfPeriod,기초자본,534850363339,145054240603,1,KRW
00266961,NAVER,2017,CFS,SCE,자본변동표,dart_EquityAtBeginningOfPeriod,기초자본,3594748499601,2124524278885,1,KRW
00266961,NAVER,2017,CFS,SCE,자본변동표,dart_EquityAtBeginningOfPeriod,기초자본,-1449123370169,-1094415009876,1,KRW
00266961,NAVER,2017,CFS,SCE,자본변동표,dart_EquityAtBeginningOfPeriod,기초자본,3810189403596,3069369884003,1,KRW
00266961,NAVER,2017,CFS,SCE,자본변동표,dart_EquityAtBeginningOfPeriod,기초자본,16481339500,16481339500,1,KRW
00266961,NAVER,2017,CFS,SCE,자본변동표,dart_EquityAtBeginningOfPeriod,기초자본,1217201126674,133088065258,1,KRW
00266961,NAVER,2017,CFS,SCE,자본변동표,ifrs_ProfitLoss,당기순이익(손실),772879579921,749305674065,2,KRW
00266961,NAVER,2017,CFS,SCE,자본변동표,ifrs_ProfitLoss,당기순이익(손실),772879579921,749305674065,2,KRW
00266961,NAVER,2017,CFS,SCE,자본변동표,ifrs_ProfitLoss,당기순이익(손실),-2777909714,9767277122,2,KRW
00266961,NAVER,2017,CFS,SCE,자본변동표,ifrs_ProfitLoss,당기순이익(손실),770101670207,759072951187,2,KRW
00266961,NAVER,2017,CFS,SCE,자본변동표,-표준계정코드 미사용-,매도가능금융자산평가손익,-19160034716,-11010316915,3,KRW
00266961,NAVER,2017,CFS,SCE,자본변동표,-표준계정코드 미사용-,매도가능금융자산평가손익,-22809783539,-12944646949,3,KRW
00266961,NAVER,2017,CFS,SCE,자본변동표,-표준계정코드 미사용-,매도가능금융자산평가손익,-3649748823,-1934330034,3,KRW
00266961,NAVER,2017,CFS,SCE,자본변동표,-표준계정코드 미사용-,매도가능금융자산평가손익,-19160034716,-11010316915,3,KRW
00266961,NAVER,2017,CFS,SCE,자본변동표,-표준계정코드 미사용-,해외사업환산손익,-78917839096,-29809084598,4,KRW
00266961,NAVER,2017,CFS,SCE,자본변동표,-표준계정코드 미사용-,해외사업환산손익,-78917839096,-29809084598,4,KRW
00266961,NAVER,2017,CFS,SCE,자본변동표,-표준계정코드 미사용-,해외사업환산손익,-41195662499,-18262491348,4,KRW
00266961,NAVER,2017,CFS,SCE,자본변동표,-표준계정코드 미사용-,해외사업환산손익,-120113501595,-48071575946,4,KRW
00266961,NAVER,2017,CFS,SCE,자본변동표,-표준계정코드 미사용-,지분법자본변동,-7316335389,876505576,5,KRW
00266961,NAVER,2017,CFS,SCE,자본변동표,-표준계정코드 미사용-,지분법자본변동,-164582919,,5,KRW
00266961,NAVER,2017,CFS,SCE,자본변동표,-표준계정코드 미사용-,지분법자본변동,-7480918308,876505576,5,KRW
00266961,NAVER,2017,CFS,SCE,자본변동표,-표준계정코드 미사용-,지분법자본변동,-1038987007,161518116,5,KRW
00266961,NAVER,2017,CFS,SCE,자본변동표,-표준계정코드 미사용-,지분법자본변동,-8519905315,1038023692,5,KRW
00266961,NAVER,2017,CFS,SCE,자본변동표,-표준계정코드 미사용-,순확정급여부채의 재측정요소,8580245095,24496714917,6,KRW
00266961,NAVER,2017,CFS,SCE,자본변동표,-표준계정코드 미사용-,순확정급여부채의 재측정요소,3385593267,852179589,6,KRW
00266961,NAVER,2017,CFS,SCE,자본변동표,-표준계정코드 미사용-,순확정급여부채의 재측정요소,5194651828,23644535328,6,KRW
00266961,NAVER,2017,CFS,SCE,자본변동표,-표준계정코드 미사용-,순확정급여부채의 재측정요소,5194651828,23644535328,6,KRW
00266961,NAVER,2017,CFS,SCE,자본변동표,ifrs_DividendsPaid,배당금지급,32581184103,32130689800,7,KRW
00266961,NAVER,2017,CFS,SCE,자본변동표,ifrs_DividendsPaid,배당금지급,32581184103,32130689800,7,KRW
00266961,NAVER,2017,CFS,SCE,자본변동표,ifrs_DividendsPaid,배당금지급,32581184103,32130689800,7,KRW
00266961,NAVER,2017,CFS,SCE,자본변동표,-표준계정코드 미사용-,주식보상비용,19018329936,100992243024,8,KRW
00266961,NAVER,2017,CFS,SCE,자본변동표,-표준계정코드 미사용-,주식보상비용,19018329936,100992243024,8,KRW
00266961,NAVER,2017,CFS,SCE,자본변동표,dart_TreasuryShareTransactions,자기주식 거래로 인한 증감,198906442679,,9,KRW
00266961,NAVER,2017,CFS,SCE,자본변동표,dart_TreasuryShareTransactions,자기주식 거래로 인한 증감,223384587753,-298713406870,9,KRW
00266961,NAVER,2017,CFS,SCE,자본변동표,dart_TreasuryShareTransactions,자기주식 거래로 인한 증감,422291030432,-298713406870,9,KRW
00266961,NAVER,2017,CFS,SCE,자본변동표,dart_TreasuryShareTransactions,자기주식 거래로 인한 증감,422291030432,-298713406870,9,KRW
00266961,NAVER,2017,CFS,SCE,자본변동표,ifrs_IncreaseDecreaseThroughChangesInOwnershipInterestsInSubsidiariesThatDoNotResultInLossOfControl,지배력을 상실하지 않는 종속기업에 대한 소유지분의 변동에 따른 증가(감소)/비지배지분의 변동,39217696494,1856146059,11,KRW
00266961,NAVER,2017,CFS,SCE,자본변동표,ifrs_IncreaseDecreaseThroughChangesInOwnershipInterestsInSubsidiariesThatDoNotResultInLossOfControl,지배력을 상실하지 않는 종속기업에 대한 소유지분의 변동에 따른 증가(감소)/비지배지분의 변동,39217696494,1856146059,11,KRW
00266961,NAVER,2017,CFS,SCE,자본변동표,-표준계정코드 미사용-,종속기업의 유상증자,118548791706,1084113061416,12,KRW
00266961,NAVER,2017,CFS,SCE,자본변동표,-표준계정코드 미사용-,종속기업의 유상증자,122944726345,1364424584138,12,KRW
00266961,NAVER,2017,CFS,SCE,자본변동표,-표준계정코드 미사용-,종속기업의 유상증자,132150160642,1068061003930,12,KRW
00266961,NAVER,2017,CFS,SCE,자본변동표,-표준계정코드 미사용-,종속기업의 유상증자,13601368936,-16052057486,12,KRW
00266961,NAVER,2017,CFS,SCE,자본변동표,-표준계정코드 미사용-,종속기업의 유상증자,-9205434297,296363580208,12,KRW
00266961,NAVER,2017,CFS,SCE,자본변동표,dart_OtherTransactions,기타거래,-26777850217,,13,KRW
00266961,NAVER,2017,CFS,SCE,자본변동표,dart_OtherTransactions,기타거래,-22541951948,,13,KRW
00266961,NAVER,2017,CFS,SCE,자본변동표,dart_OtherTransactions,기타거래,4235898269,,13,KRW
00266961,NAVER,2017,CFS,SCE,자본변동표,dart_OtherTransactions,기타거래,-26777850217,,13,KRW
00266961,NAVER,2017,CFS,SCE,자본변동표,dart_OtherTransactions,기타거래,,,13,KRW
00266961,NAVER,2017,CFS,SCE,자본변동표,ifrs_Equity,기말자본,1507878510842,1217201126674,14,KRW
00266961,NAVER,2017,CFS,SCE,자본변동표,ifrs_Equity,기말자본,4762346095984,3594748499601,14,KRW
00266961,NAVER,2017,CFS,SCE,자본변동표,ifrs_Equity,기말자본,542840138965,534850363339,14,KRW
00266961,NAVER,2017,CFS,SCE,자본변동표,ifrs_Equity,기말자본,5305186234949,4129598862940,14,KRW
00266961,NAVER,2017,CFS,SCE,자본변동표,ifrs_Equity,기말자본,16481339500,16481339500,14,KRW
00266961,NAVER,2017,CFS,SCE,자본변동표,ifrs_Equity,기말자본,4555517868323,3810189403596,14,KRW
00266961,NAVER,2017,CFS,SCE,자본변동표,ifrs_Equity,기말자본,-1317531622681,-1449123370169,14,KRW
00266961,NAVER,2017,OFS,BS,재무상태표,ifrs_CurrentAssets,유동자산,2629855599793,2108036835289,1,KRW
00266961,NAVER,2017,OFS,BS,재무상태표,ifrs_CashAndCashEquivalents,현금및현금성자산,457779230883,203718076301,2,KRW
00266961,NAVER,2017,OFS,BS,재무상태표,dart_ShortTermDepositsNotClassifiedAsCashEquivalents,단기금융상품,1196197600000,1103579767124,3,KRW
00266961,NAVER,2017,OFS,BS,재무상태표,dart_CurrentFinancialAssetDesignationAsAtFairValueThroughProfitOrLoss,유동당기손익인식지정금융자산,247381468534,351997815454,4,KRW
00266961,NAVER,2017,OFS,BS,재무상태표,ifrs_TradeAndOtherCurrentReceivables,매출채권 및 기타유동채권,612717764308,404329177515,5,KRW
00266961,NAVER,2017,OFS,BS,재무상태표,dart_CurrentAvailableForSaleFinancialAssets,유동매도가능금융자산,66257408598,13074615661,6,KRW
00266961,NAVER,2017,OFS,BS,재무상태표,dart_OtherCurrentAssets,기타유동자산,46097492438,30455489884,7,KRW
00266961,NAVER,2017,OFS,BS,재무상태표,ifrs_Inventories,재고자산,3424635032,881893350,8,KRW
00266961,NAVER,2017,OFS,BS,재무상태표,ifrs_NoncurrentAssets,비유동자산,2712498982568,1748453838642,9,KRW
00266961,NAVER,2017,OFS,BS,재무상태표,ifrs_PropertyPlantAndEquipment,유형자산,765297081436,666613521909,10,KRW
00266961,NAVER,2017,OFS,BS,재무상태표,dart_GoodwillGross,무형자산,40436915162,38498542839,11,KRW
00266961,NAVER,2017,OFS,BS,재무상태표,dart_LongTermDepositsNotClassifiedAsCashEquivalents,장기금융상품,43800000000,78000000000,12,KRW
00266961,NAVER,2017,OFS,BS,재무상태표,dart_NonCurrentFairValueFinancialAsset,비유동당기손익인식금융자산,21796000000,398571789,13,KRW
00266961,NAVER,2017,OFS,BS,재무상태표,dart_LongTermTradeAndOtherNonCurrentReceivablesGross,장기매출채권 및 기타비유동채권,3652112902,4785105153,14,KRW
00266961,NAVER,2017,OFS,BS,재무상태표,dart_NonCurrentAvailableForSaleFinancialAssets,비유동매도가능금융자산,794088945126,238240116895,15,KRW
00266961,NAVER,2017,OFS,BS,재무상태표,ifrs_InvestmentsInSubsidiariesJointVenturesAndAssociates,"종속기업, 조인트벤처와 관계기업에 대한 투자자산",962363868404,625004918653,16,KRW
00266961,NAVER,2017,OFS,BS,재무상태표,ifrs_DeferredTaxAssets,이연법인세자산,70733510891,82770172100,17,KRW
00266961,NAVER,2017,OFS,BS,재무상태표,dart_OtherNonCurrentAssets,기타비유동자산,10330548647,14142889304,18,KRW
00266961,NAVER,2017,OFS,BS,재무상태표,ifrs_Assets,자산총계,5342354582361,3856490673931,19,KRW
00266961,NAVER,2017,OFS,BS,재무상태표,ifrs_CurrentLiabilities,유동부채,1266827512521,875568258127,21,KRW
00266961,NAVER,2017,OFS,BS,재무상태표,ifrs_TradeAndOtherCurrentPayables,매입채무 및 기타유동채무,322635927821,329248629773,22,KRW
00266961,NAVER,2017,OFS,BS,재무상태표,dart_CurrentPortionOfBonds,유동성사채,150000000000,,23,KRW
00266961,NAVER,2017,OFS,BS,재무상태표,ifrs_CurrentTaxLiabilities,당기법인세부채,277083302167,173575904655,24,KRW
00266961,NAVER,2017,OFS,BS,재무상태표,ifrs_CurrentProvisions,유동충당부채,1175493363,41175493363,25,KRW
00266961,NAVER,2017,OFS,BS,재무상태표,dart_PaymentsOfIncomeTaxesPayable,미지급법인세,,,27,KRW
00266961,NAVER,2017,OFS,BS,재무상태표,dart_OtherCurrentLiabilities,기타유동부채,515932789170,331568230336,28,KRW
00266961,NAVER,2017,OFS,BS,재무상태표,ifrs_NoncurrentLiabilities,비유동부채,141666445169,271506512177,29,KRW
00266961,NAVER,2017,OFS,BS,재무상태표,dart_LongTermTradeAndOtherNonCurrentPayables,장기매입채무 및 기타비유동채무,10847875400,10327382600,30,KRW
00266961,NAVER,2017,OFS,BS,재무상태표,dart_BondsIssued,사채,,150000000000,31,KRW
00266961,NAVER,2017,OFS,BS,재무상태표,dart_PostemploymentBenefitObligations,퇴직급여부채,129307419463,109708610624,32,KRW
00266961,NAVER,2017,OFS,BS,재무상태표,ifrs_NoncurrentProvisions,비유동충당부채,1085803094,984407849,33,KRW
00266961,NAVER,2017,OFS,BS,재무상태표,dart_OtherNonCurrentLiabilities,기타비유동부채,425347212,486111104,34,KRW
00266961,NAVER,2017,OFS,BS,재무상태표,ifrs_Liabilities,부채총계,1408493957690,1147074770304,35,KRW
00266961,NAVER,2017,OFS,BS,재무상태표,ifrs_IssuedCapital,자본금,16481339500,16481339500,37,KRW
00266961,NAVER,2017,OFS,BS,재무상태표,dart_CapitalSurplus,자본잉여금,362406388434,162512767863,38,KRW
00266961,NAVER,2017,OFS,BS,재무상태표,dart_ElementsOfOtherStockholdersEquity,기타자본구성요소,-1178358989169,-1394972128339,39,KRW
00266961,NAVER,2017,OFS,BS,재무상태표,ifrs_RetainedEarnings,이익잉여금(결손금),4733331885906,3925393924603,40,KRW
00266961,NAVER,2017,OFS,BS,재무상태표,ifrs_Equity,자본총계,3933860624671,2709415903627,41,KRW
00266961,NAVER,2017,OFS,BS,재무상태표,ifrs_EquityAndLiabilities,자본과부채총계,5342354582361,3856490673931,42,KRW
00266961,NAVER,2017,OFS,CIS,포괄손익계산서,ifrs_Revenue,수익(매출액),2930661324862,2496498317219,0,KRW
00266961,NAVER,2017,OFS,CIS,포괄손익계산서,-표준계정코드 미사용-,영업비용,-1752423852137,-1528147409640,1,KRW
00266961,NAVER,2017,OFS,CIS,포괄손익계산서,dart_OperatingIncomeLoss,영업이익(손실),1178237472725,968350907579,2,KRW
00266961,NAVER,2017,OFS,CIS,포괄손익계산서,dart_OtherGains,기타이익,7546980201,10209874415,3,KRW
00266961,NAVER,2017,OFS,CIS,포괄손익계산서,dart_OtherLosses,기타손실,108940998443,105328091885,4,KRW
00266961,NAVER,2017,OFS,CIS,포괄손익계산서,ifrs_FinanceIncome,금융수익,93711227928,48787132074,5,KRW
00266961,NAVER,2017,OFS,CIS,포괄손익계산서,ifrs_FinanceCosts,금융원가,7556656611,12294392453,6,KRW
00266961,NAVER,2017,OFS,CIS,포괄손익계산서,ifrs_ProfitLossBeforeTax,법인세비용차감전순이익(손실),1162998025800,909725429730,7,KRW
00266961,NAVER,2017,OFS,CIS,포괄손익계산서,ifrs_IncomeTaxExpenseContinuingOperations,법인세비용,313585673092,257909490324,8,KRW
00266961,NAVER,2017,OFS,CIS,포괄손익계산서,ifrs_ProfitLoss,당기순이익(손실),849412352708,651815939406,9,KRW
00266961,NAVER,2017,OFS,CIS,포괄손익계산서,ifrs_OtherComprehensiveIncome,기타포괄손익,-15664655885,12727725720,10,KRW
00266961,NAVER,2017,OFS,CIS,포괄손익계산서,dart_OtherComprehensiveIncomeThatWillBeReclassifiedToProfitOrLossNetOfTax,당기손익으로 재분류될 수 있는 항목(세후기타포괄손익),-6771448583,710555202,11,KRW
00266961,NAVER,2017,OFS,CIS,포괄손익계산서,ifrs_GainsLossesOnRemeasuringAvailableforsaleFinancialAssetsNetOfTax,매도가능금융자산평가손익(세후기타포괄손익),-6692953383,753382202,12,KRW
00266961,NAVER,2017,OFS,CIS,포괄손익계산서,ifrs_ReclassificationAdjustmentsOnAvailableforsaleFinancialAssetsNetOfTax,매도가능금융자산평가손익의 세후재분류조정,78495200,42827000,13,KRW
00266961,NAVER,2017,OFS,CIS,포괄손익계산서,dart_OtherComprehensiveIncomeThatWillNotBeReclassifiedToProfitOrLossNetOfTax,당기손익으로 재분류되지 않는항목(세후기타포괄손익),-8893207302,12017170518,14,KRW
00266961,NAVER,2017,OFS,CIS,포괄손익계산서,dart_OtherComprehensiveIncomeNetOfTaxGainsLossesOnRemeasurementsOfDefinedBenefitPlans,확정급여제도의 재측정손익(세후기타포괄손익),-8893207302,12017170518,15,KRW
00266961,NAVER,2017,OFS,CIS,포괄손익계산서,ifrs_ComprehensiveIncome,총포괄손익,833747696823,664543665126,16,KRW
00266961,NAVER,2017,OFS,CIS,포괄손익계산서,ifrs_BasicEarningsLossPerShare,기본주당이익(손실),29192,22397,18,KRW
00266961,NAVER,2017,OFS,CIS,포괄손익계산서,ifrs_DilutedEarningsLossPerShare,희석주당이익(손실),29192,22397,19,KRW
00266961,NAVER,2017,OFS,CF,현금흐름표,ifrs_CashFlowsFromUsedInOperatingActivities,영업활동현금흐름,911508643320,842858855457,0,KRW
00266961,NAVER,2017,OFS,CF,현금흐름표,-표준계정코드 미사용-,영업으로부터 창출된 현금흐름,1126075283885,1051554736690,1,KRW
00266961,NAVER,2017,OFS,CF,현금흐름표,dart_ProfitLossForStatementOfCashFlows,당기순이익(손실),849412352708,651815939406,2,KRW
00266961,NAVER,2017,OFS,CF,현금흐름표,ifrs_AdjustmentsForReconcileProfitLoss,당기순이익조정을 위한 가감,353070143403,348204769406,3,KRW
00266961,NAVER,2017,OFS,CF,현금흐름표,dart_AdjustmentsForDepreciationExpense,감가상각비,30780540388,29635844439,4,KRW
00266961,NAVER,2017,OFS,CF,현금흐름표,dart_AdjustmentsForAmortisationExpense,무형자산상각비,2738989929,2437367813,5,KRW
00266961,NAVER,2017,OFS,CF,현금흐름표,dart_AdjustmentsForGainsOnEvaluationOfFairValueFinancialAssets,당기손익인식금융자산평가이익,35281813141,3660828425,6,KRW
00266961,NAVER,2017,OFS,CF,현금흐름표,dart_AdjustmentsForLossesOnEvaluationOfFairValueFinancialAssets,당기손익인식금융자산평가손실,706658898,1786212072,7,KRW
00266961,NAVER,2017,OFS,CF,현금흐름표,-표준계정코드 미사용-,당기손익인식금융자산거래이익,-4372886031,-4787191509,8,KRW
00266961,NAVER,2017,OFS,CF,현금흐름표,-표준계정코드 미사용-,당기손익인식금융자산거래손실,86738654,1739469709,9,KRW
00266961,NAVER,2017,OFS,CF,현금흐름표,-표준계정코드 미사용-,매도가능금융자산처분이익,-428000000,-60000000,11,KRW
00266961,NAVER,2017,OFS,CF,현금흐름표,-표준계정코드 미사용-,매도가능금융자산처분손실,1961115413,,12,KRW
00266961,NAVER,2017,OFS,CF,현금흐름표,dart_AdjustmentsForImpairmentLossesOnAvailableForSaleFinancialAssets,매도가능금융자산손상차손,3392097135,2806733000,13,KRW
00266961,NAVER,2017,OFS,CF,현금흐름표,dart_AdjustmentsForGainsOnDisposalsOfInvestmentsInAssociates,종속기업/관계기업/공동기업투자처분이익,373640575,95573923,14,KRW
00266961,NAVER,2017,OFS,CF,현금흐름표,dart_AdjustmentsForLossesOnDisposalsofInvestmentsInAssociates,종속기업/관계기업/공동기업투자처분손실,2043642121,343269308,15,KRW
00266961,NAVER,2017,OFS,CF,현금흐름표,dart_AdjustmentsForImpairmentLossesOnInvestmentsInAssociates,종속기업/관계기업/공동기업투자손상차손,62619345996,67899642842,16,KRW
00266961,NAVER,2017,OFS,CF,현금흐름표,dart_AdjustmentsForInterestIncome,이자수익,31595117412,31559990895,17,KRW
00266961,NAVER,2017,OFS,CF,현금흐름표,dart_AdjustmentsForInterestExpenses,이자비용,204348215,5515389475,18,KRW
00266961,NAVER,2017,OFS,CF,현금흐름표,-표준계정코드 미사용-,배당금수익,-22032249090,-8630597983,19,KRW
00266961,NAVER,2017,OFS,CF,현금흐름표,dart_AdjustmentsForProvisionForSeveranceIndemnities,퇴직급여,26507396369,26165556476,20,KRW
00266961,NAVER,2017,OFS,CF,현금흐름표,ifrs_AdjustmentsForIncomeTaxExpense,법인세비용,313585673092,257909490324,21,KRW
00266961,NAVER,2017,OFS,CF,현금흐름표,-표준계정코드 미사용-,기타,2527303442,759976683,22,KRW
00266961,NAVER,2017,OFS,CF,현금흐름표,dart_AdjustmentsForAssetsLiabilitiesOfOperatingActivities,영업활동으로인한자산ㆍ부채의변동,-76407212226,51534027878,23,KRW
00266961,NAVER,2017,OFS,CF,현금흐름표,dart_AdjustmentsForDecreaseincreaseInTradeAndOtherCurrentReceivables,매출채권 및 기타유동채권의 감소(증가),-213418485063,-133547738072,24,KRW
00266961,NAVER,2017,OFS,CF,현금흐름표,dart_AdjustmentsForDecreaseIncreaseInOtherCurrentAssets,기타유동자산의 감소(증가),-3541991556,-9762675868,25,KRW
00266961,NAVER,2017,OFS,CF,현금흐름표,dart_AdjustmentsForIncreasedecreaseInOtherPayables,미지급금의 증가(감소),49226552283,43150645469,26,KRW
00266961,NAVER,2017,OFS,CF,현금흐름표,dart_AdjustmentsForIncreasedecreaseInAccruedExpenses,미지급비용의 증가(감소),-41863890902,37905030742,27,KRW
00266961,NAVER,2017,OFS,CF,현금흐름표,dart_AdjustmentsForIncreaseDecreaseInOtherCurrentLiabilities,기타유동부채의 증가(감소),185257197255,130394822690,28,KRW
00266961,NAVER,2017,OFS,CF,현금흐름표,dart_AdjustmentsForIncreasedecreaseInProvisions,충당부채의 증가(감소),-40000000000,-5125273808,29,KRW
00266961,NAVER,2017,OFS,CF,현금흐름표,-표준계정코드 미사용-,순확정급여부채의 증가(감소),-11789964554,-11669387872,30,KRW
00266961,NAVER,2017,OFS,CF,현금흐름표,-표준계정코드 미사용-,기타,-276629689,188604597,31,KRW
00266961,NAVER,2017,OFS,CF,현금흐름표,ifrs_InterestReceivedClassifiedAsOperatingActivities,이자수취(영업),35419859016,26143406579,32,KRW
00266961,NAVER,2017,OFS,CF,현금흐름표,ifrs_InterestPaidClassifiedAsOperatingActivities,이자지급(영업),126311134,5515389475,33,KRW
00266961,NAVER,2017,OFS,CF,현금흐름표,ifrs_DividendsReceivedClassifiedAsOperatingActivities,배당금수취(영업),20204424297,8630597983,34,KRW
00266961,NAVER,2017,OFS,CF,현금흐름표,ifrs_IncomeTaxesPaidRefundClassifiedAsOperatingActivities,법인세납부(환급),270064612744,237954496320,35,KRW
00266961,NAVER,2017,OFS,CF,현금흐름표,ifrs_CashFlowsFromUsedInInvestingActivities,투자활동현금흐름,-1122126781599,-557336623859,36,KRW
00266961,NAVER,2017,OFS,CF,현금흐름표,-표준계정코드 미사용-,단기금융상품의 순감소(증가),57382167124,-210942198630,37,KRW
00266961,NAVER,2017,OFS,CF,현금흐름표,-표준계정코드 미사용-,당기손익인식금융자산의 순감소(증가),124321800047,-63777830998,38,KRW
00266961,NAVER,2017,OFS,CF,현금흐름표,dart_PurchaseOfLongTermFinancialInstruments,장기금융상품의 취득,125800000000,49950000000,39,KRW
00266961,NAVER,2017,OFS,CF,현금흐름표,ifrs_PurchaseOfPropertyPlantAndEquipmentClassifiedAsInvestingActivities,유형자산의 취득,141322469508,28679946836,40,KRW
00266961,NAVER,2017,OFS,CF,현금흐름표,ifrs_ProceedsFromSalesOfPropertyPlantAndEquipmentClassifiedAsInvestingActivities,유형자산의 처분,6094135439,732721194,41,KRW
00266961,NAVER,2017,OFS,CF,현금흐름표,ifrs_PurchaseOfIntangibleAssetsClassifiedAsInvestingActivities,무형자산의 취득,5747069913,4920574988,42,KRW
00266961,NAVER,2017,OFS,CF,현금흐름표,ifrs_ProceedsFromSalesOfIntangibleAssetsClassifiedAsInvestingActivities,무형자산의 처분,2230367244,,43,KRW
00266961,NAVER,2017,OFS,CF,현금흐름표,dart_PurchaseOfAvailableForSaleFinancialAssets,매도가능금융자산의 취득,647862585724,97113914925,44,KRW
00266961,NAVER,2017,OFS,CF,현금흐름표,dart_ProceedsFromSalesOfAvailableForSaleFinancialAssets,매도가능금융자산의 처분,24344372620,16522680345,45,KRW
00266961,NAVER,2017,OFS,CF,현금흐름표,dart_PurchaseOfInvestmentsInSubsidiariesJointVenturesAndAssociates,"종속기업, 조인트벤처와 관계기업에 대한 투자자산의 취득",426455920257,151083151289,46,KRW
00266961,NAVER,2017,OFS,CF,현금흐름표,dart_ProceedsFromSalesOfInvestmentsInSubsidiariesJointVenturesAndAssociates,"종속기업, 조인트벤처와 관계기업에 대한 투자자산의 처분",12135904525,32064937274,47,KRW
00266961,NAVER,2017,OFS,CF,현금흐름표,dart_PurchaseOfLongTermLoansAndReceivables,장기대여금및수취채권의 취득,,700000000,48,KRW
00266961,NAVER,2017,OFS,CF,현금흐름표,dart_IncreaseInGuaranteeDeposits,임차보증금의 증가,1704723486,126748760,49,KRW
00266961,NAVER,2017,OFS,CF,현금흐름표,dart_DecreaseInGuaranteeDeposits,임차보증금의 감소,297240290,637403754,50,KRW
00266961,NAVER,2017,OFS,CF,현금흐름표,ifrs_OtherInflowsOutflowsOfCashClassifiedAsInvestingActivities,현금의기타유입(유출),-40000000,,51,KRW
00266961,NAVER,2017,OFS,CF,현금흐름표,ifrs_CashFlowsFromUsedInFinancingActivities,재무활동현금흐름,465868760075,-436568076930,52,KRW
00266961,NAVER,2017,OFS,CF,현금흐름표,dart_ProceedsFromBonds,사채의 증가,,,53,KRW
00266961,NAVER,2017,OFS,CF,현금흐름표,dart_RepaymentsOfBonds,사채의 상환,,100000000000,54,KRW
00266961,NAVER,2017,OFS,CF,현금흐름표,dart_RepaymentsOfShortTermBorrowings,단기차입금의 상환,,,55,KRW
00266961,NAVER,2017,OFS,CF,현금흐름표,ifrs_DividendsPaidClassifiedAsFinancingActivities,배당금지급,32581184103,32130689800,56,KRW
00266961,NAVER,2017,OFS,CF,현금흐름표,dart_AcquisitionOfTreasuryShares,자기주식의 취득,,304437387130,57,KRW
00266961,NAVER,2017,OFS,CF,현금흐름표,dart_DispositionOfTreasuryShares,자기주식의 처분,498449944178,,58,KRW
00266961,NAVER,2017,OFS,CF,현금흐름표,ifrs_EffectOfExchangeRateChangesOnCashAndCashEquivalents,현금및현금성자산에 대한 환율변동효과,-1189467214,-358064935,59,KRW
00266961,NAVER,2017,OFS,CF,현금흐름표,ifrs_IncreaseDecreaseInCashAndCashEquivalents,현금및현금성자산의순증가(감소),254061154582,-151403910267,60,KRW
00266961,NAVER,2017,OFS,CF,현금흐름표,dart_CashAndCashEquivalentsAtBeginningOfPeriodCf,기초현금및현금성자산,203718076301,355121986568,61,KRW
00266961,NAVER,2017,OFS,CF,현금흐름표,dart_CashAndCashEquivalentsAtEndOfPeriodCf,기말현금및현금성자산,457779230883,203718076301,62,KRW
00266961,NAVER,2017,OFS,SCE,자본변동표,dart_EquityAtBeginningOfPeriod,기초자본,16481339500,16481339500,1,KRW
00266961,NAVER,2017,OFS,SCE,자본변동표,dart_EquityAtBeginningOfPeriod,기초자본,3925393924603,3293691504479,1,KRW
00266961,NAVER,2017,OFS,SCE,자본변동표,dart_EquityAtBeginningOfPeriod,기초자본,-1394972128339,-1096969276671,1,KRW
00266961,NAVER,2017,OFS,SCE,자본변동표,dart_EquityAtBeginningOfPeriod,기초자본,2709415903627,2375716335171,1,KRW
00266961,NAVER,2017,OFS,SCE,자본변동표,dart_EquityAtBeginningOfPeriod,기초자본,162512767863,162512767863,1,KRW
00266961,NAVER,2017,OFS,SCE,자본변동표,ifrs_ProfitLoss,당기순이익(손실),849412352708,651815939406,2,KRW
00266961,NAVER,2017,OFS,SCE,자본변동표,ifrs_ProfitLoss,당기순이익(손실),849412352708,651815939406,2,KRW
00266961,NAVER,2017,OFS,SCE,자본변동표,-표준계정코드 미사용-,매도가능금융자산평가손익,-6771448583,710555202,3,KRW
00266961,NAVER,2017,OFS,SCE,자본변동표,-표준계정코드 미사용-,매도가능금융자산평가손익,-6771448583,710555202,3,KRW
00266961,NAVER,2017,OFS,SCE,자본변동표,-표준계정코드 미사용-,순확정급여부채의 재측정요소,-8893207302,12017170518,4,KRW
00266961,NAVER,2017,OFS,SCE,자본변동표,-표준계정코드 미사용-,순확정급여부채의 재측정요소,-8893207302,12017170518,4,KRW
00266961,NAVER,2017,OFS,SCE,자본변동표,dart_TreasuryShareTransactions,자기주식 거래로 인한 증감,223384587753,-298713406870,5,KRW
00266961,NAVER,2017,OFS,SCE,자본변동표,dart_TreasuryShareTransactions,자기주식 거래로 인한 증감,422291030432,-298713406870,5,KRW
00266961,NAVER,2017,OFS,SCE,자본변동표,dart_TreasuryShareTransactions,자기주식 거래로 인한 증감,198906442679,,5,KRW
00266961,NAVER,2017,OFS,SCE,자본변동표,ifrs_DividendsPaid,배당금지급,32581184103,32130689800,6,KRW
00266961,NAVER,2017,OFS,SCE,자본변동표,ifrs_DividendsPaid,배당금지급,32581184103,32130689800,6,KRW
00266961,NAVER,2017,OFS,SCE,자본변동표,-표준계정코드 미사용-,자산양수도,987177892,,7,KRW
00266961,NAVER,2017,OFS,SCE,자본변동표,-표준계정코드 미사용-,자산양수도,987177892,,7,KRW
00266961,NAVER,2017,OFS,SCE,자본변동표,ifrs_Equity,기말자본,362406388434,162512767863,8,KRW
00266961,NAVER,2017,OFS,SCE,자본변동표,ifrs_Equity,기말자본,16481339500,16481339500,8,KRW
00266961,NAVER,2017,OFS,SCE,자본변동표,ifrs_Equity,기말자본,4733331885906,3925393924603,8,KRW
00266961,NAVER,2017,OFS,SCE,자본변동표,ifrs_Equity,기말자본,-1178358989169,-1394972128339,8,KRW
00266961,NAVER,2017,OFS,SCE,자본변동표,ifrs_Equity,기말자본,3933860624671,2709415903627,8,KRW
00266961,NAVER,2018,CFS,BS,재무상태표,ifrs_CurrentAssets,유동자산,5385569586465,4784227776883,1,KRW
00266961,NAVER,2018,CFS,BS,재무상태표,ifrs_CashAndCashEquivalents,현금및현금성자산,3322884102567,1907575060667,2,KRW
00266961,NAVER,2018,CFS,BS,재무상태표,dart_ShortTermDepositsNotClassifiedAsCashEquivalents,단기금융상품,444702261235,1333889498274,3,KRW
00266961,NAVER,2018,CFS,BS,재무상태표,-표준계정코드 미사용-,당기손익인식금융자산,,274532710666,4,KRW
00266961,NAVER,2018,CFS,BS,재무상태표,-표준계정코드 미사용-,당기손익-공정가치금융자산,230774469760,,5,KRW
00266961,NAVER,2018,CFS,BS,재무상태표,ifrs_TradeAndOtherCurrentReceivables,매출채권및기타채권,1101551045302,1026872808889,6,KRW
00266961,NAVER,2018,CFS,BS,재무상태표,dart_CurrentAvailableForSaleFinancialAssets,매도가능금융자산,,79435727110,7,KRW
00266961,NAVER,2018,CFS,BS,재무상태표,-표준계정코드 미사용-,기타포괄손익-공정가치금융자산,62725505906,,8,KRW
00266961,NAVER,2018,CFS,BS,재무상태표,ifrs_Inventories,재고자산,57440292749,36204513812,9,KRW
00266961,NAVER,2018,CFS,BS,재무상태표,ifrs_CurrentTaxAssets,당기법인세자산,8044073349,1099626162,10,KRW
00266961,NAVER,2018,CFS,BS,재무상태표,dart_OtherCurrentAssets,기타유동자산,157447835597,124617831303,11,KRW
00266961,NAVER,2018,CFS,BS,재무상태표,ifrs_NoncurrentAssets,비유동자산,4495621322859,3235023783031,12,KRW
00266961,NAVER,2018,CFS,BS,재무상태표,ifrs_PropertyPlantAndEquipment,유형자산,1457302209262,1150012698630,13,KRW
00266961,NAVER,2018,CFS,BS,재무상태표,dart_GoodwillGross,무형자산,306963470197,339511680983,14,KRW
00266961,NAVER,2018,CFS,BS,재무상태표,dart_LongTermDepositsNotClassifiedAsCashEquivalents,장기금융상품,25990573425,120301393998,15,KRW
00266961,NAVER,2018,CFS,BS,재무상태표,dart_NonCurrentFairValueFinancialAsset,당기손익인식금융자산,,39151181682,16,KRW
00266961,NAVER,2018,CFS,BS,재무상태표,-표준계정코드 미사용-,당기손익-공정가치금융자산,553399539414,,17,KRW
00266961,NAVER,2018,CFS,BS,재무상태표,dart_LongTermTradeAndOtherNonCurrentReceivablesGross,매출채권및기타채권,113160988276,74199645388,18,KRW
00266961,NAVER,2018,CFS,BS,재무상태표,dart_NonCurrentAvailableForSaleFinancialAssets,매도가능금융자산,,943632439930,19,KRW
00266961,NAVER,2018,CFS,BS,재무상태표,-표준계정코드 미사용-,기타포괄손익-공정가치금융자산,666651322237,,20,KRW
00266961,NAVER,2018,CFS,BS,재무상태표,dart_NonCurrentFinancialAssetsHeldToMaturity,만기보유금융자산,,2660696298,21,KRW
00266961,NAVER,2018,CFS,BS,재무상태표,ifrs_InvestmentAccountedForUsingEquityMethod,관계기업및공동기업 투자,1001362122331,280997122915,22,KRW
00266961,NAVER,2018,CFS,BS,재무상태표,ifrs_DeferredTaxAssets,이연법인세자산,340178774174,248493530447,23,KRW
00266961,NAVER,2018,CFS,BS,재무상태표,dart_OtherNonCurrentAssets,기타비유동자산,30612323543,36063392760,24,KRW
00266961,NAVER,2018,CFS,BS,재무상태표,ifrs_Assets,자산총계,9881190909324,8019251559914,25,KRW
00266961,NAVER,2018,CFS,BS,재무상태표,ifrs_CurrentLiabilities,유동부채,2619671652587,2302730294235,27,KRW
00266961,NAVER,2018,CFS,BS,재무상태표,ifrs_TradeAndOtherCurrentPayables,매입채무및기타채무,896276258656,770724455666,28,KRW
00266961,NAVER,2018,CFS,BS,재무상태표,ifrs_CurrentFinancialLiabilitiesAtFairValueThroughProfitOrLossDesignatedUponInitialRecognition,당기손익-공정가치금융부채,7418409882,30360536,29,KRW
00266961,NAVER,2018,CFS,BS,재무상태표,ifrs_ShorttermBorrowings,단기차입금,349846018275,211011222442,30,KRW
00266961,NAVER,2018,CFS,BS,재무상태표,ifrs_CurrentPortionOfLongtermBorrowings,유동성장기차입금,26991114,,31,KRW
00266961,NAVER,2018,CFS,BS,재무상태표,dart_CurrentPortionOfBonds,유동성사채,,150000000000,32,KRW
00266961,NAVER,2018,CFS,BS,재무상태표,ifrs_CurrentTaxLiabilities,당기법인세부채,277992093674,305730913120,33,KRW
00266961,NAVER,2018,CFS,BS,재무상태표,ifrs_CurrentProvisions,충당부채,2462733532,5897847971,34,KRW
00266961,NAVER,2018,CFS,BS,재무상태표,dart_OtherCurrentLiabilities,기타유동부채,1085649147454,859335494500,35,KRW
00266961,NAVER,2018,CFS,BS,재무상태표,ifrs_NoncurrentLiabilities,비유동부채,1312378743444,411335030730,36,KRW
00266961,NAVER,2018,CFS,BS,재무상태표,dart_LongTermTradeAndOtherNonCurrentPayables,매입채무및기타채무,23370588587,11652173744,37,KRW
00266961,NAVER,2018,CFS,BS,재무상태표,ifrs_NoncurrentFinancialLiabilitiesAtFairValueThroughProfitOrLossDesignatedUponInitialRecognition,당기손익-공정가치금융부채,2785234016,4608180098,38,KRW
00266961,NAVER,2018,CFS,BS,재무상태표,dart_LongTermBorrowingsGross,장기차입금,100061591213,49933677257,39,KRW
00266961,NAVER,2018,CFS,BS,재무상태표,dart_BondsIssued,사채,711561946218,,40,KRW
00266961,NAVER,2018,CFS,BS,재무상태표,dart_PostemploymentBenefitObligations,순확정급여부채,344780260840,284033206529,41,KRW
00266961,NAVER,2018,CFS,BS,재무상태표,ifrs_NoncurrentProvisions,충당부채,42423909342,34765546071,42,KRW
00266961,NAVER,2018,CFS,BS,재무상태표,ifrs_DeferredTaxLiabilities,이연법인세부채,86244846912,25177671162,43,KRW
00266961,NAVER,2018,CFS,BS,재무상태표,dart_OtherNonCurrentLiabilities,기타비유동부채,1150366316,1164575869,44,KRW
00266961,NAVER,2018,CFS,BS,재무상태표,ifrs_Liabilities,부채총계,3932050396031,2714065324965,45,KRW
00266961,NAVER,2018,CFS,BS,재무상태표,ifrs_EquityAttributableToOwnersOfParent,지배기업의 소유주에게 귀속되는 자본,5240280006228,4762346095984,47,KRW
00266961,NAVER,2018,CFS,BS,재무상태표,ifrs_IssuedCapital,자본금,16481339500,16481339500,48,KRW
00266961,NAVER,2018,CFS,BS,재무상태표,dart_CapitalSurplus,자본잉여금,1540985517982,1507878510842,49,KRW
00266961,NAVER,2018,CFS,BS,재무상태표,dart_ElementsOfOtherStockholdersEquity,기타자본구성요소,-1546389664299,-1317531622681,50,KRW
00266961,NAVER,2018,CFS,BS,재무상태표,ifrs_RetainedEarnings,이익잉여금(결손금),5229202813045,4555517868323,51,KRW
00266961,NAVER,2018,CFS,BS,재무상태표,ifrs_NoncontrollingInterests,비지배지분,708860507065,542840138965,52,KRW
00266961,NAVER,2018,CFS,BS,재무상태표,ifrs_Equity,자본총계,5949140513293,5305186234949,53,KRW
00266961,NAVER,2018,CFS,BS,재무상태표,ifrs_EquityAndLiabilities,자본과부채총계,9881190909324,8019251559914,54,KRW
00266961,NAVER,2018,CFS,CIS,포괄손익계산서,ifrs_Revenue,영업수익,5586904533355,4678468928032,0,KRW
00266961,NAVER,2018,CFS,CIS,포괄손익계산서,-표준계정코드 미사용-,영업비용,-4644371971812,-3499281121701,1,KRW
00266961,NAVER,2018,CFS,CIS,포괄손익계산서,dart_OperatingIncomeLoss,영업이익(손실),942532561543,1179187806331,2,KRW
00266961,NAVER,2018,CFS,CIS,포괄손익계산서,dart_OtherGains,기타수익,316773923951,35057161984,3,KRW
00266961,NAVER,2018,CFS,CIS,포괄손익계산서,dart_OtherLosses,기타비용,114624964081,86985385595,4,KRW
00266961,NAVER,2018,CFS,CIS,포괄손익계산서,-표준계정코드 미사용-,이자수익,27243776093,36678030573,5,KRW
00266961,NAVER,2018,CFS,CIS,포괄손익계산서,ifrs_FinanceIncome,금융수익,164181993767,78332304707,6,KRW
00266961,NAVER,2018,CFS,CIS,포괄손익계산서,ifrs_FinanceCosts,금융비용,139365243783,32414107346,7,KRW
00266961,NAVER,2018,CFS,CIS,포괄손익계산서,-표준계정코드 미사용-,지분법손익,-85069772652,-14026821694,8,KRW
00266961,NAVER,2018,CFS,CIS,포괄손익계산서,ifrs_ProfitLossBeforeTax,법인세비용차감전순이익(손실),1111672274838,1195828988960,9,KRW
00266961,NAVER,2018,CFS,CIS,포괄손익계산서,ifrs_IncomeTaxExpenseContinuingOperations,법인세비용,488756397806,423173257798,10,KRW
00266961,NAVER,2018,CFS,CIS,포괄손익계산서,ifrs_ProfitLossFromContinuingOperations,계속영업순이익(손실),622915877032,772655731162,11,KRW
00266961,NAVER,2018,CFS,CIS,포괄손익계산서,ifrs_ProfitLossFromDiscontinuedOperations,중단영업이익(손실),4985996300,-2554060955,12,KRW
00266961,NAVER,2018,CFS,CIS,포괄손익계산서,ifrs_ProfitLoss,당기순이익(손실),627901873332,770101670207,13,KRW
00266961,NAVER,2018,CFS,CIS,포괄손익계산서,-표준계정코드 미사용-,계속영업이익,643826906430,775433640876,16,KRW
00266961,NAVER,2018,CFS,CIS,포괄손익계산서,-표준계정코드 미사용-,중단영업손실,4985996300,-2554060955,17,KRW
00266961,NAVER,2018,CFS,CIS,포괄손익계산서,ifrs_ProfitLossAttributableToNoncontrollingInterests,비지배지분에 귀속되는 당기순이익(손실),-20911029398,-2777909714,18,KRW
00266961,NAVER,2018,CFS,CIS,포괄손익계산서,ifrs_OtherComprehensiveIncome,기타포괄손익,5875475010,-142862945354,19,KRW
00266961,NAVER,2018,CFS,CIS,포괄손익계산서,dart_OtherComprehensiveIncomeThatWillBeReclassifiedToProfitOrLossNetOfTax,당기손익으로 재분류될 수 있는 항목,100178241737,-151278607530,20,KRW
00266961,NAVER,2018,CFS,CIS,포괄손익계산서,ifrs_GainsLossesOnRemeasuringAvailableforsaleFinancialAssetsNetOfTax,매도가능금융자산-평가손익,,-1660488494,21,KRW
00266961,NAVER,2018,CFS,CIS,포괄손익계산서,ifrs_ReclassificationAdjustmentsOnAvailableforsaleFinancialAssetsNetOfTax,매도가능금융자산-재분류조정,,21149295045,22,KRW
00266961,NAVER,2018,CFS,CIS,포괄손익계산서,ifrs_GainsLossesOnFinancialAssetsMeasuredAtFairValueThroughOtherComprehensiveIncomeNetOfTax,기타포괄손익-공정가치 채무상품 평가손익,2441198331,,23,KRW
00266961,NAVER,2018,CFS,CIS,포괄손익계산서,ifrs_GainsLossesOnExchangeDifferencesOnTranslationNetOfTax,해외사업환산손익,77213086172,-120113501595,24,KRW
00266961,NAVER,2018,CFS,CIS,포괄손익계산서,-표준계정코드 미사용-,지분법자본변동,20523957234,-8355322396,25,KRW
00266961,NAVER,2018,CFS,CIS,포괄손익계산서,dart_OtherComprehensiveIncomeThatWillNotBeReclassifiedToProfitOrLossNetOfTax,당기손익으로 재분류되지 않는항목,-94302766727,8415662176,26,KRW
00266961,NAVER,2018,CFS,CIS,포괄손익계산서,-표준계정코드 미사용-,순확정급여부채의 재측정요소,-7085480963,8580245095,27,KRW
00266961,NAVER,2018,CFS,CIS,포괄손익계산서,-표준계정코드 미사용-,기타포괄손익-공정가치 지분상품 평가손익,-105238566292,,28,KRW
00266961,NAVER,2018,CFS,CIS,포괄손익계산서,-표준계정코드 미사용-,기타포괄손익-공정가치 지분상품 처분손익,18158594324,,29,KRW
00266961,NAVER,2018,CFS,CIS,포괄손익계산서,-표준계정코드 미사용-,지분법자본변동,-137313796,-164582919,30,KRW
00266961,NAVER,2018,CFS,CIS,포괄손익계산서,ifrs_ComprehensiveIncome,총포괄이익,633777348342,627238724853,31,KRW
00266961,NAVER,2018,CFS,CIS,포괄손익계산서,ifrs_ComprehensiveIncomeAttributableToOwnersOfParent,"총 포괄손익, 지배기업의 소유주에게 귀속되는 지분",627230960514,672515439629,33,KRW
00266961,NAVER,2018,CFS,CIS,포괄손익계산서,ifrs_ComprehensiveIncomeAttributableToNoncontrollingInterests,"총 포괄손익, 비지배지분",6546387828,-45276714776,34,KRW
00266961,NAVER,2018,CFS,CIS,포괄손익계산서,ifrs_BasicEarningsLossPerShareFromContinuingOperations,계속영업기본주당이익(손실),4403,5330,37,KRW
00266961,NAVER,2018,CFS,CIS,포괄손익계산서,ifrs_BasicEarningsLossPerShareFromDiscontinuedOperations,중단영업기본주당이익(손실),34,-18,38,KRW
00266961,NAVER,2018,CFS,CIS,포괄손익계산서,ifrs_DilutedEarningsLossPerShareFromContinuingOperations,계속영업희석주당이익(손실),4403,5314,40,KRW
00266961,NAVER,2018,CFS,CIS,포괄손익계산서,ifrs_DilutedEarningsLossPerShareFromDiscontinuedOperations,중단영업희석주당이익(손실),34,-18,41,KRW
00266961,NAVER,2018,CFS,CF,현금흐름표,ifrs_CashFlowsFromUsedInOperatingActivities,영업활동현금흐름,973506368153,939981997688,0,KRW
00266961,NAVER,2018,CFS,CF,현금흐름표,-표준계정코드 미사용-,영업으로부터 창출된 현금흐름,1455189893246,1294925991320,1,KRW
00266961,NAVER,2018,CFS,CF,현금흐름표,ifrs_InterestReceivedClassifiedAsOperatingActivities,이자수취,27124396728,40844270854,2,KRW
00266961,NAVER,2018,CFS,CF,현금흐름표,ifrs_InterestPaidClassifiedAsOperatingActivities,이자지급,10694341270,2113445772,3,KRW
00266961,NAVER,2018,CFS,CF,현금흐름표,ifrs_DividendsReceivedClassifiedAsOperatingActivities,배당금수취(영업),27727492377,21196536973,4,KRW
00266961,NAVER,2018,CFS,CF,현금흐름표,ifrs_IncomeTaxesPaidRefundClassifiedAsOperatingActivities,법인세납부(환급),525841072928,414871355687,5,KRW
00266961,NAVER,2018,CFS,CF,현금흐름표,ifrs_CashFlowsFromUsedInInvestingActivities,투자활동현금흐름,-388286947217,-1310331331653,6,KRW
00266961,NAVER,2018,CFS,CF,현금흐름표,-표준계정코드 미사용-,단기금융상품의 순감소(증가),651167198299,160523617087,7,KRW
00266961,NAVER,2018,CFS,CF,현금흐름표,-표준계정코드 미사용-,장기금융상품의 증가,13756962062,183619742032,8,KRW
00266961,NAVER,2018,CFS,CF,현금흐름표,-표준계정코드 미사용-,장기금융상품의 감소,12000000000,10000000000,9,KRW
00266961,NAVER,2018,CFS,CF,현금흐름표,-표준계정코드 미사용-,당기손익인식금융자산의 순감소(증가),,103499196889,10,KRW
00266961,NAVER,2018,CFS,CF,현금흐름표,-표준계정코드 미사용-,당기손익-공정가치금융자산의 순감소(증가),184109996728,,11,KRW
00266961,NAVER,2018,CFS,CF,현금흐름표,ifrs_PurchaseOfPropertyPlantAndEquipmentClassifiedAsInvestingActivities,유형자산의 취득,535035089109,472167146968,12,KRW
00266961,NAVER,2018,CFS,CF,현금흐름표,ifrs_ProceedsFromSalesOfPropertyPlantAndEquipmentClassifiedAsInvestingActivities,유형자산의 처분,17665787353,5965531286,13,KRW
00266961,NAVER,2018,CFS,CF,현금흐름표,ifrs_PurchaseOfIntangibleAssetsClassifiedAsInvestingActivities,무형자산의 취득,46274584498,31072901155,14,KRW
00266961,NAVER,2018,CFS,CF,현금흐름표,ifrs_ProceedsFromSalesOfIntangibleAssetsClassifiedAsInvestingActivities,무형자산의 처분,4126716005,3132644885,15,KRW
00266961,NAVER,2018,CFS,CF,현금흐름표,dart_PurchaseOfAvailableForSaleFinancialAssets,매도가능금융자산의 취득,,708671194496,16,KRW
00266961,NAVER,2018,CFS,CF,현금흐름표,dart_ProceedsFromSalesOfAvailableForSaleFinancialAssets,매도가능금융자산의 처분,,57147603136,17,KRW
00266961,NAVER,2018,CFS,CF,현금흐름표,-표준계정코드 미사용-,기타포괄손익-공정가치금융자산의 취득,208558868121,,18,KRW
00266961,NAVER,2018,CFS,CF,현금흐름표,-표준계정코드 미사용-,기타포괄손익-공정가치금융자산의 처분,100973500025,,19,KRW
00266961,NAVER,2018,CFS,CF,현금흐름표,-표준계정코드 미사용-,관계기업및공동기업투자의 취득,502976581662,136126745603,20,KRW
00266961,NAVER,2018,CFS,CF,현금흐름표,-표준계정코드 미사용-,관계기업및공동기업투자의 처분,6111466320,7150302942,21,KRW
00266961,NAVER,2018,CFS,CF,현금흐름표,-표준계정코드 미사용-,사업결합으로 인한 현금의 증감,-6879491848,-198281260652,22,KRW
00266961,NAVER,2018,CFS,CF,현금흐름표,dart_ProceedsFromSalesOfInvestmentsInSubsidiaries,종속기업의 처분,-28108469981,1799666549,23,KRW
00266961,NAVER,2018,CFS,CF,현금흐름표,ifrs_OtherInflowsOutflowsOfCashClassifiedAsInvestingActivities,기타투자활동으로 인한 현금유출입액,-22851564666,70389096479,24,KRW
00266961,NAVER,2018,CFS,CF,현금흐름표,ifrs_CashFlowsFromUsedInFinancingActivities,재무활동현금흐름,750979898112,636244225939,25,KRW
00266961,NAVER,2018,CFS,CF,현금흐름표,dart_ProceedsFromShortTermBorrowings,단기차입금의 증가,533051141952,122544486739,26,KRW
00266961,NAVER,2018,CFS,CF,현금흐름표,dart_RepaymentsOfShortTermBorrowings,단기차입금의 상환,408323250753,123466235617,27,KRW
00266961,NAVER,2018,CFS,CF,현금흐름표,dart_ProceedsFromLongTermBorrowings,장기차입금의 증가,50973796988,49026203012,28,KRW
00266961,NAVER,2018,CFS,CF,현금흐름표,dart_ProceedsFromBonds,사채의 증가,705013490134,,29,KRW
00266961,NAVER,2018,CFS,CF,현금흐름표,-표준계정코드 미사용-,사채의 감소,150000000000,,30,KRW
00266961,NAVER,2018,CFS,CF,현금흐름표,-표준계정코드 미사용-,배당금 지급,42469708296,32581184103,31,KRW
00266961,NAVER,2018,CFS,CF,현금흐름표,dart_AcquisitionOfTreasuryShares,자기주식의 취득,124458933570,,32,KRW
00266961,NAVER,2018,CFS,CF,현금흐름표,dart_DispositionOfTreasuryShares,자기주식의 처분,,498449944178,33,KRW
00266961,NAVER,2018,CFS,CF,현금흐름표,-표준계정코드 미사용-,종속기업의 유상증자,190557847107,129793266196,34,KRW
00266961,NAVER,2018,CFS,CF,현금흐름표,ifrs_OtherInflowsOutflowsOfCashClassifiedAsFinancingActivities,기타재무활동으로 인한 현금유출입액,-3364485450,-7522254466,35,KRW
00266961,NAVER,2018,CFS,CF,현금흐름표,ifrs_EffectOfExchangeRateChangesOnCashAndCashEquivalents,현금및현금성자산에 대한 환율변동효과,79109722852,-84551612598,36,KRW
00266961,NAVER,2018,CFS,CF,현금흐름표,ifrs_IncreaseDecreaseInCashAndCashEquivalents,현금및현금성자산의순증가(감소),1415309041900,181343279376,37,KRW
00266961,NAVER,2018,CFS,CF,현금흐름표,dart_CashAndCashEquivalentsAtBeginningOfPeriodCf,기초현금및현금성자산,1907575060667,1726231781291,38,KRW
00266961,NAVER,2018,CFS,CF,현금흐름표,dart_CashAndCashEquivalentsAtEndOfPeriodCf,분기말현금및현금성자산,3322884102567,1907575060667,39,KRW
00266961,NAVER,2018,CFS,SCE,자본변동표,dart_EquityAtBeginningOfPeriod,기초자본,16481339500,16481339500,1,KRW
00266961,NAVER,2018,CFS,SCE,자본변동표,dart_EquityAtBeginningOfPeriod,기초자본,542840138965,534850363339,1,KRW
00266961,NAVER,2018,CFS,SCE,자본변동표,dart_EquityAtBeginningOfPeriod,기초자본,5305186234949,4129598862940,1,KRW
00266961,NAVER,2018,CFS,SCE,자본변동표,dart_EquityAtBeginningOfPeriod,기초자본,-1317531622681,-1449123370169,1,KRW
00266961,NAVER,2018,CFS,SCE,자본변동표,dart_EquityAtBeginningOfPeriod,기초자본,1507878510842,1217201126674,1,KRW
00266961,NAVER,2018,CFS,SCE,자본변동표,dart_EquityAtBeginningOfPeriod,기초자본,4762346095984,3594748499601,1,KRW
00266961,NAVER,2018,CFS,SCE,자본변동표,dart_EquityAtBeginningOfPeriod,기초자본,4555517868323,3810189403596,1,KRW
00266961,NAVER,2018,CFS,SCE,자본변동표,ifrs_IncreaseDecreaseThroughChangesInAccountingPolicies,회계정책의 변경효과,55366825496,,2,KRW
00266961,NAVER,2018,CFS,SCE,자본변동표,ifrs_IncreaseDecreaseThroughChangesInAccountingPolicies,회계정책의 변경효과,-64788048920,,2,KRW
00266961,NAVER,2018,CFS,SCE,자본변동표,ifrs_IncreaseDecreaseThroughChangesInAccountingPolicies,회계정책의 변경효과,-9421223424,,2,KRW
00266961,NAVER,2018,CFS,SCE,자본변동표,ifrs_IncreaseDecreaseThroughChangesInAccountingPolicies,회계정책의 변경효과,-9421223424,,2,KRW
00266961,NAVER,2018,CFS,SCE,자본변동표,-표준계정코드 미사용-,수정후 금액,1507878510842,,3,KRW
00266961,NAVER,2018,CFS,SCE,자본변동표,-표준계정코드 미사용-,수정후 금액,16481339500,,3,KRW
00266961,NAVER,2018,CFS,SCE,자본변동표,-표준계정코드 미사용-,수정후 금액,4610884693819,,3,KRW
00266961,NAVER,2018,CFS,SCE,자본변동표,-표준계정코드 미사용-,수정후 금액,-1382319671601,,3,KRW
00266961,NAVER,2018,CFS,SCE,자본변동표,-표준계정코드 미사용-,수정후 금액,4752924872560,,3,KRW
00266961,NAVER,2018,CFS,SCE,자본변동표,-표준계정코드 미사용-,수정후 금액,542840138965,,3,KRW
00266961,NAVER,2018,CFS,SCE,자본변동표,-표준계정코드 미사용-,수정후 금액,5295765011525,,3,KRW
00266961,NAVER,2018,CFS,SCE,자본변동표,ifrs_ProfitLoss,당기순이익(손실),648812902730,772879579921,4,KRW
00266961,NAVER,2018,CFS,SCE,자본변동표,ifrs_ProfitLoss,당기순이익(손실),648812902730,772879579921,4,KRW
00266961,NAVER,2018,CFS,SCE,자본변동표,ifrs_ProfitLoss,당기순이익(손실),627901873332,770101670207,4,KRW
00266961,NAVER,2018,CFS,SCE,자본변동표,ifrs_ProfitLoss,당기순이익(손실),-20911029398,-2777909714,4,KRW
00266961,NAVER,2018,CFS,SCE,자본변동표,-표준계정코드 미사용-,매도가능금융자산평가손익,,-22809783539,5,KRW
00266961,NAVER,2018,CFS,SCE,자본변동표,-표준계정코드 미사용-,매도가능금융자산평가손익,,-3649748823,5,KRW
00266961,NAVER,2018,CFS,SCE,자본변동표,-표준계정코드 미사용-,매도가능금융자산평가손익,,-19160034716,5,KRW
00266961,NAVER,2018,CFS,SCE,자본변동표,-표준계정코드 미사용-,매도가능금융자산평가손익,,-19160034716,5,KRW
00266961,NAVER,2018,CFS,SCE,자본변동표,-표준계정코드 미사용-,기타포괄손익-공정가치 채무상품 평가손익,2441198331,,6,KRW
00266961,NAVER,2018,CFS,SCE,자본변동표,-표준계정코드 미사용-,기타포괄손익-공정가치 채무상품 평가손익,-1626505799,,6,KRW
00266961,NAVER,2018,CFS,SCE,자본변동표,-표준계정코드 미사용-,기타포괄손익-공정가치 채무상품 평가손익,4067704130,,6,KRW
00266961,NAVER,2018,CFS,SCE,자본변동표,-표준계정코드 미사용-,기타포괄손익-공정가치 채무상품 평가손익,4067704130,,6,KRW
00266961,NAVER,2018,CFS,SCE,자본변동표,-표준계정코드 미사용-,기타포괄손익-공정가치 지분상품 평가손익,-11526417845,,7,KRW
00266961,NAVER,2018,CFS,SCE,자본변동표,-표준계정코드 미사용-,기타포괄손익-공정가치 지분상품 평가손익,-93712148447,,7,KRW
00266961,NAVER,2018,CFS,SCE,자본변동표,-표준계정코드 미사용-,기타포괄손익-공정가치 지분상품 평가손익,-105238566292,,7,KRW
00266961,NAVER,2018,CFS,SCE,자본변동표,-표준계정코드 미사용-,기타포괄손익-공정가치 지분상품 평가손익,-93712148447,,7,KRW
00266961,NAVER,2018,CFS,SCE,자본변동표,-표준계정코드 미사용-,기타포괄손익-공정가치 지분상품 처분손익,18158594324,,8,KRW
00266961,NAVER,2018,CFS,SCE,자본변동표,-표준계정코드 미사용-,기타포괄손익-공정가치 지분상품 처분손익,18044219824,,8,KRW
00266961,NAVER,2018,CFS,SCE,자본변동표,-표준계정코드 미사용-,기타포괄손익-공정가치 지분상품 처분손익,114374500,,8,KRW
00266961,NAVER,2018,CFS,SCE,자본변동표,-표준계정코드 미사용-,기타포괄손익-공정가치 지분상품 처분손익,18158594324,,8,KRW
00266961,NAVER,2018,CFS,SCE,자본변동표,-표준계정코드 미사용-,해외사업환산손익,39329933327,-41195662499,9,KRW
00266961,NAVER,2018,CFS,SCE,자본변동표,-표준계정코드 미사용-,해외사업환산손익,77213086172,-120113501595,9,KRW
00266961,NAVER,2018,CFS,SCE,자본변동표,-표준계정코드 미사용-,해외사업환산손익,37883152845,-78917839096,9,KRW
00266961,NAVER,2018,CFS,SCE,자본변동표,-표준계정코드 미사용-,해외사업환산손익,37883152845,-78917839096,9,KRW
00266961,NAVER,2018,CFS,SCE,자본변동표,-표준계정코드 미사용-,지분법자본변동,2433907270,-1038987007,10,KRW
00266961,NAVER,2018,CFS,SCE,자본변동표,-표준계정코드 미사용-,지분법자본변동,17952736168,-7480918308,10,KRW
00266961,NAVER,2018,CFS,SCE,자본변동표,-표준계정코드 미사용-,지분법자본변동,18090049964,-7316335389,10,KRW
00266961,NAVER,2018,CFS,SCE,자본변동표,-표준계정코드 미사용-,지분법자본변동,-137313796,-164582919,10,KRW
00266961,NAVER,2018,CFS,SCE,자본변동표,-표준계정코드 미사용-,지분법자본변동,20386643438,-8519905315,10,KRW
00266961,NAVER,2018,CFS,SCE,자본변동표,-표준계정코드 미사용-,순확정급여부채 재측정요소,-7085480963,8580245095,11,KRW
00266961,NAVER,2018,CFS,SCE,자본변동표,-표준계정코드 미사용-,순확정급여부채 재측정요소,-1153499727,3385593267,11,KRW
00266961,NAVER,2018,CFS,SCE,자본변동표,-표준계정코드 미사용-,순확정급여부채 재측정요소,-5931981236,5194651828,11,KRW
00266961,NAVER,2018,CFS,SCE,자본변동표,-표준계정코드 미사용-,순확정급여부채 재측정요소,-5931981236,5194651828,11,KRW
00266961,NAVER,2018,CFS,SCE,자본변동표,ifrs_DividendsPaid,배당금지급,42469708296,32581184103,12,KRW
00266961,NAVER,2018,CFS,SCE,자본변동표,ifrs_DividendsPaid,배당금지급,42469708296,32581184103,12,KRW
00266961,NAVER,2018,CFS,SCE,자본변동표,ifrs_DividendsPaid,배당금지급,42469708296,32581184103,12,KRW
00266961,NAVER,2018,CFS,SCE,자본변동표,-표준계정코드 미사용-,주식보상비용,0,0,13,KRW
00266961,NAVER,2018,CFS,SCE,자본변동표,-표준계정코드 미사용-,주식보상비용,14503846869,19018329936,13,KRW
00266961,NAVER,2018,CFS,SCE,자본변동표,-표준계정코드 미사용-,주식보상비용,14503846869,19018329936,13,KRW
00266961,NAVER,2018,CFS,SCE,자본변동표,dart_TreasuryShareTransactions,자기주식 거래로 인한 증감,,198906442679,14,KRW
00266961,NAVER,2018,CFS,SCE,자본변동표,dart_TreasuryShareTransactions,자기주식 거래로 인한 증감,-124458933570,223384587753,14,KRW
00266961,NAVER,2018,CFS,SCE,자본변동표,dart_TreasuryShareTransactions,자기주식 거래로 인한 증감,-124458933570,422291030432,14,KRW
00266961,NAVER,2018,CFS,SCE,자본변동표,dart_TreasuryShareTransactions,자기주식 거래로 인한 증감,-124458933570,422291030432,14,KRW
00266961,NAVER,2018,CFS,SCE,자본변동표,dart_IncreaseDecreaseThroughBusinessCombinations,사업결합,6840967703,39217696494,15,KRW
00266961,NAVER,2018,CFS,SCE,자본변동표,dart_IncreaseDecreaseThroughBusinessCombinations,사업결합,0,0,15,KRW
00266961,NAVER,2018,CFS,SCE,자본변동표,dart_IncreaseDecreaseThroughBusinessCombinations,사업결합,6840967703,39217696494,15,KRW
00266961,NAVER,2018,CFS,SCE,자본변동표,-표준계정코드 미사용-,종속기업의 유상증자,-6054192120,13601368936,16,KRW
00266961,NAVER,2018,CFS,SCE,자본변동표,-표준계정코드 미사용-,종속기업의 유상증자,7378776339,132150160642,16,KRW
00266961,NAVER,2018,CFS,SCE,자본변동표,-표준계정코드 미사용-,종속기업의 유상증자,197947525810,-9205434297,16,KRW
00266961,NAVER,2018,CFS,SCE,자본변동표,-표준계정코드 미사용-,종속기업의 유상증자,13432968459,118548791706,16,KRW
00266961,NAVER,2018,CFS,SCE,자본변동표,-표준계정코드 미사용-,종속기업의 유상증자,205326302149,122944726345,16,KRW
00266961,NAVER,2018,CFS,SCE,자본변동표,dart_OtherTransactions,기타,19674038681,-26777850217,17,KRW
00266961,NAVER,2018,CFS,SCE,자본변동표,dart_OtherTransactions,기타,-59818360110,4235898269,17,KRW
00266961,NAVER,2018,CFS,SCE,자본변동표,dart_OtherTransactions,기타,-40144321429,-22541951948,17,KRW
00266961,NAVER,2018,CFS,SCE,자본변동표,dart_OtherTransactions,기타,19674038681,-26777850217,17,KRW
00266961,NAVER,2018,CFS,SCE,자본변동표,ifrs_Equity,기말자본,16481339500,16481339500,18,KRW
00266961,NAVER,2018,CFS,SCE,자본변동표,ifrs_Equity,기말자본,5229202813045,4555517868323,18,KRW
00266961,NAVER,2018,CFS,SCE,자본변동표,ifrs_Equity,기말자본,-1546389664299,-1317531622681,18,KRW
00266961,NAVER,2018,CFS,SCE,자본변동표,ifrs_Equity,기말자본,5240280006228,4762346095984,18,KRW
00266961,NAVER,2018,CFS,SCE,자본변동표,ifrs_Equity,기말자본,708860507065,542840138965,18,KRW
00266961,NAVER,2018,CFS,SCE,자본변동표,ifrs_Equity,기말자본,5949140513293,5305186234949,18,KRW
00266961,NAVER,2018,CFS,SCE,자본변동표,ifrs_Equity,기말자본,1540985517982,1507878510842,18,KRW
00266961,NAVER,2018,OFS,BS,재무상태표,ifrs_CurrentAssets,유동자산,1226980759079,2629855599793,1,KRW
00266961,NAVER,2018,OFS,BS,재무상태표,ifrs_CashAndCashEquivalents,현금및현금성자산,111029337132,457779230883,2,KRW
00266961,NAVER,2018,OFS,BS,재무상태표,dart_ShortTermDepositsNotClassifiedAsCashEquivalents,단기금융상품,232338861060,1196197600000,3,KRW
00266961,NAVER,2018,OFS,BS,재무상태표,-표준계정코드 미사용-,당기손익인식금융자산,,247381468534,4,KRW
00266961,NAVER,2018,OFS,BS,재무상태표,-표준계정코드 미사용-,당기손익-공정가치금융자산,103754499866,,5,KRW
00266961,NAVER,2018,OFS,BS,재무상태표,ifrs_TradeAndOtherCurrentReceivables,매출채권및기타채권,706994025829,612717764308,6,KRW
00266961,NAVER,2018,OFS,BS,재무상태표,dart_CurrentAvailableForSaleFinancialAssets,매도가능금융자산,,66257408598,7,KRW
00266961,NAVER,2018,OFS,BS,재무상태표,-표준계정코드 미사용-,기타포괄손익-공정가치금융자산,32784625971,,8,KRW
00266961,NAVER,2018,OFS,BS,재무상태표,dart_OtherCurrentAssets,기타유동자산,37491967190,46097492438,9,KRW
00266961,NAVER,2018,OFS,BS,재무상태표,ifrs_Inventories,재고자산,2587442031,3424635032,10,KRW
00266961,NAVER,2018,OFS,BS,재무상태표,ifrs_NoncurrentAssets,비유동자산,4701611694177,2712498982568,11,KRW
00266961,NAVER,2018,OFS,BS,재무상태표,ifrs_PropertyPlantAndEquipment,유형자산,806940724581,765297081436,12,KRW
00266961,NAVER,2018,OFS,BS,재무상태표,dart_GoodwillGross,무형자산,38689880325,40436915162,13,KRW
00266961,NAVER,2018,OFS,BS,재무상태표,dart_LongTermDepositsNotClassifiedAsCashEquivalents,장기금융상품,21193640000,43800000000,14,KRW
00266961,NAVER,2018,OFS,BS,재무상태표,dart_NonCurrentFairValueFinancialAsset,당기손익인식금융자산,,21796000000,15,KRW
00266961,NAVER,2018,OFS,BS,재무상태표,-표준계정코드 미사용-,당기손익-공정가치금융자산,1151895834472,,16,KRW
00266961,NAVER,2018,OFS,BS,재무상태표,dart_LongTermTradeAndOtherNonCurrentReceivablesGross,매출채권및기타채권,10796871189,3652112902,17,KRW
00266961,NAVER,2018,OFS,BS,재무상태표,dart_NonCurrentAvailableForSaleFinancialAssets,매도가능금융자산,,794088945126,18,KRW
00266961,NAVER,2018,OFS,BS,재무상태표,-표준계정코드 미사용-,기타포괄손익-공정가치금융자산,440062634465,,19,KRW
00266961,NAVER,2018,OFS,BS,재무상태표,ifrs_InvestmentsInSubsidiariesJointVenturesAndAssociates,"종속기업, 관계기업 및 공동기업투자",2102324066199,962363868404,20,KRW
00266961,NAVER,2018,OFS,BS,재무상태표,ifrs_DeferredTaxAssets,이연법인세자산,120150050011,70733510891,21,KRW
00266961,NAVER,2018,OFS,BS,재무상태표,dart_OtherNonCurrentAssets,기타비유동자산,9557992935,10330548647,22,KRW
00266961,NAVER,2018,OFS,BS,재무상태표,ifrs_Assets,자산총계,5928592453256,5342354582361,23,KRW
00266961,NAVER,2018,OFS,BS,재무상태표,ifrs_CurrentLiabilities,유동부채,1210779989603,1266827512521,25,KRW
00266961,NAVER,2018,OFS,BS,재무상태표,ifrs_TradeAndOtherCurrentPayables,매입채무및기타채무,308738948031,322635927821,26,KRW
00266961,NAVER,2018,OFS,BS,재무상태표,-표준계정코드 미사용-,당기손익-공정가치금융부채,7256076665,,27,KRW
00266961,NAVER,2018,OFS,BS,재무상태표,dart_CurrentPortionOfBonds,유동성사채,,150000000000,28,KRW
00266961,NAVER,2018,OFS,BS,재무상태표,ifrs_CurrentTaxLiabilities,당기법인세부채,226181546167,277083302167,29,KRW
00266961,NAVER,2018,OFS,BS,재무상태표,ifrs_CurrentProvisions,충당부채,1175493363,1175493363,30,KRW
00266961,NAVER,2018,OFS,BS,재무상태표,dart_OtherCurrentLiabilities,기타유동부채,667427925377,515932789170,31,KRW
00266961,NAVER,2018,OFS,BS,재무상태표,ifrs_NoncurrentLiabilities,비유동부채,160930619841,141666445169,32,KRW
00266961,NAVER,2018,OFS,BS,재무상태표,dart_LongTermTradeAndOtherNonCurrentPayables,매입채무및기타채무,7212838490,10847875400,33,KRW
00266961,NAVER,2018,OFS,BS,재무상태표,dart_BondsIssued,사채,,,34,KRW
00266961,NAVER,2018,OFS,BS,재무상태표,dart_PostemploymentBenefitObligations,순확정급여부채,152548282722,129307419463,35,KRW
00266961,NAVER,2018,OFS,BS,재무상태표,ifrs_NoncurrentProvisions,충당부채,796234753,1085803094,36,KRW
00266961,NAVER,2018,OFS,BS,재무상태표,dart_OtherNonCurrentLiabilities,기타비유동부채,373263876,425347212,37,KRW
00266961,NAVER,2018,OFS,BS,재무상태표,ifrs_Liabilities,부채총계,1371710609444,1408493957690,38,KRW
00266961,NAVER,2018,OFS,BS,재무상태표,ifrs_IssuedCapital,자본금,16481339500,16481339500,40,KRW
00266961,NAVER,2018,OFS,BS,재무상태표,dart_CapitalSurplus,자본잉여금,362406388434,362406388434,41,KRW
00266961,NAVER,2018,OFS,BS,재무상태표,dart_ElementsOfOtherStockholdersEquity,기타자본구성요소,-1477546568301,-1178358989169,42,KRW
00266961,NAVER,2018,OFS,BS,재무상태표,ifrs_RetainedEarnings,이익잉여금(결손금),5655540684179,4733331885906,43,KRW
00266961,NAVER,2018,OFS,BS,재무상태표,ifrs_Equity,자본총계,4556881843812,3933860624671,44,KRW
00266961,NAVER,2018,OFS,BS,재무상태표,ifrs_EquityAndLiabilities,자본과부채총계,5928592453256,5342354582361,45,KRW
00266961,NAVER,2018,OFS,CIS,포괄손익계산서,ifrs_Revenue,영업수익,3459014042545,2930661324862,0,KRW
00266961,NAVER,2018,OFS,CIS,포괄손익계산서,-표준계정코드 미사용-,영업비용,-2195465089416,-1752423852137,1,KRW
00266961,NAVER,2018,OFS,CIS,포괄손익계산서,dart_OperatingIncomeLoss,영업이익(손실),1263548953129,1178237472725,2,KRW
00266961,NAVER,2018,OFS,CIS,포괄손익계산서,dart_OtherGains,기타수익,34248500036,7546980201,3,KRW
00266961,NAVER,2018,OFS,CIS,포괄손익계산서,dart_OtherLosses,기타비용,158244574044,108940998443,4,KRW
00266961,NAVER,2018,OFS,CIS,포괄손익계산서,-표준계정코드 미사용-,이자수익,20003925626,31595117412,5,KRW
00266961,NAVER,2018,OFS,CIS,포괄손익계산서,ifrs_FinanceIncome,금융수익,153034308231,62116110516,6,KRW
00266961,NAVER,2018,OFS,CIS,포괄손익계산서,ifrs_FinanceCosts,금융비용,89121314522,7556656611,7,KRW
00266961,NAVER,2018,OFS,CIS,포괄손익계산서,ifrs_ProfitLossBeforeTax,법인세비용차감전순이익(손실),1223469798456,1162998025800,8,KRW
00266961,NAVER,2018,OFS,CIS,포괄손익계산서,ifrs_IncomeTaxExpenseContinuingOperations,법인세비용,323047038865,313585673092,9,KRW
00266961,NAVER,2018,OFS,CIS,포괄손익계산서,ifrs_ProfitLoss,당기순이익(손실),900422759591,849412352708,10,KRW
00266961,NAVER,2018,OFS,CIS,포괄손익계산서,ifrs_OtherComprehensiveIncome,기타포괄손익,-53887230319,-15664655885,11,KRW
00266961,NAVER,2018,OFS,CIS,포괄손익계산서,dart_OtherComprehensiveIncomeThatWillBeReclassifiedToProfitOrLossNetOfTax,당기손익으로 재분류될 수 있는 항목,3468321711,-6771448583,12,KRW
00266961,NAVER,2018,OFS,CIS,포괄손익계산서,ifrs_GainsLossesOnRemeasuringAvailableforsaleFinancialAssetsNetOfTax,매도가능금융자산-평가손익,,-6692953383,13,KRW
00266961,NAVER,2018,OFS,CIS,포괄손익계산서,ifrs_ReclassificationAdjustmentsOnAvailableforsaleFinancialAssetsNetOfTax,매도가능금융자산-재분류조정,,78495200,14,KRW
00266961,NAVER,2018,OFS,CIS,포괄손익계산서,ifrs_GainsLossesOnFinancialAssetsMeasuredAtFairValueThroughOtherComprehensiveIncomeNetOfTax,기타포괄손익-공정가치 채무상품 평가손익,3468321711,,15,KRW
00266961,NAVER,2018,OFS,CIS,포괄손익계산서,dart_OtherComprehensiveIncomeThatWillNotBeReclassifiedToProfitOrLossNetOfTax,당기손익으로 재분류되지 않는항목,-57355552030,-8893207302,16,KRW
00266961,NAVER,2018,OFS,CIS,포괄손익계산서,-표준계정코드 미사용-,순확정급여부채의 재측정요소,11645748623,-8893207302,17,KRW
00266961,NAVER,2018,OFS,CIS,포괄손익계산서,-표준계정코드 미사용-,기타포괄손익-공정가치 지분상품 평가손익,-69115675153,,18,KRW
00266961,NAVER,2018,OFS,CIS,포괄손익계산서,-표준계정코드 미사용-,기타포괄손익-공정가치 지분상품 처분손익,114374500,,19,KRW
00266961,NAVER,2018,OFS,CIS,포괄손익계산서,ifrs_ComprehensiveIncome,총포괄이익,846535529272,833747696823,20,KRW
00266961,NAVER,2018,OFS,CIS,포괄손익계산서,ifrs_BasicEarningsLossPerShare,기본주당이익(손실),6157,5838,22,KRW
00266961,NAVER,2018,OFS,CIS,포괄손익계산서,ifrs_DilutedEarningsLossPerShare,희석주당이익(손실),6157,5838,23,KRW
00266961,NAVER,2018,OFS,CF,현금흐름표,ifrs_CashFlowsFromUsedInOperatingActivities,영업활동현금흐름,980430301789,911508643320,0,KRW
00266961,NAVER,2018,OFS,CF,현금흐름표,-표준계정코드 미사용-,영업으로부터 창출된 현금흐름,1333283780942,1126075283885,1,KRW
00266961,NAVER,2018,OFS,CF,현금흐름표,ifrs_InterestReceivedClassifiedAsOperatingActivities,이자수취,20537977470,35419859016,2,KRW
00266961,NAVER,2018,OFS,CF,현금흐름표,ifrs_InterestPaidClassifiedAsOperatingActivities,이자지급,2395991956,126311134,3,KRW
00266961,NAVER,2018,OFS,CF,현금흐름표,ifrs_DividendsReceivedClassifiedAsOperatingActivities,배당금수취(영업),26907439281,20204424297,4,KRW
00266961,NAVER,2018,OFS,CF,현금흐름표,ifrs_IncomeTaxesPaidRefundClassifiedAsOperatingActivities,법인세납부(환급),397902903948,270064612744,5,KRW
00266961,NAVER,2018,OFS,CF,현금흐름표,ifrs_CashFlowsFromUsedInInvestingActivities,투자활동현금흐름,-1009576123965,-1122126781599,6,KRW
00266961,NAVER,2018,OFS,CF,현금흐름표,-표준계정코드 미사용-,단기금융상품의 순감소(증가),752470000000,57382167124,7,KRW
00266961,NAVER,2018,OFS,CF,현금흐름표,dart_PurchaseOfLongTermFinancialInstruments,장기금융상품의 증가,12400000000,125800000000,8,KRW
00266961,NAVER,2018,OFS,CF,현금흐름표,dart_ProceedsFromSalesOfLongTermFinancialInstruments,장기금융상품의 감소,10000000000,,9,KRW
00266961,NAVER,2018,OFS,CF,현금흐름표,-표준계정코드 미사용-,당기손익인식금융자산의 순감소(증가),,124321800047,10,KRW
00266961,NAVER,2018,OFS,CF,현금흐름표,-표준계정코드 미사용-,당기손익-공정가치금융자산의 순감소(증가),-368512702784,,11,KRW
00266961,NAVER,2018,OFS,CF,현금흐름표,ifrs_PurchaseOfPropertyPlantAndEquipmentClassifiedAsInvestingActivities,유형자산의 취득,78675983650,141322469508,12,KRW
00266961,NAVER,2018,OFS,CF,현금흐름표,ifrs_ProceedsFromSalesOfPropertyPlantAndEquipmentClassifiedAsInvestingActivities,유형자산의 처분,2251804241,6094135439,13,KRW
00266961,NAVER,2018,OFS,CF,현금흐름표,ifrs_PurchaseOfIntangibleAssetsClassifiedAsInvestingActivities,무형자산의 취득,5229676201,5747069913,14,KRW
00266961,NAVER,2018,OFS,CF,현금흐름표,ifrs_ProceedsFromSalesOfIntangibleAssetsClassifiedAsInvestingActivities,무형자산의 처분,3717175964,2230367244,15,KRW
00266961,NAVER,2018,OFS,CF,현금흐름표,dart_PurchaseOfAvailableForSaleFinancialAssets,매도가능금융자산의 취득,,647862585724,16,KRW
00266961,NAVER,2018,OFS,CF,현금흐름표,dart_ProceedsFromSalesOfAvailableForSaleFinancialAssets,매도가능금융자산의 처분,,24344372620,17,KRW
00266961,NAVER,2018,OFS,CF,현금흐름표,-표준계정코드 미사용-,기타포괄손익-공정가치금융자산의 취득,41282537436,,18,KRW
00266961,NAVER,2018,OFS,CF,현금흐름표,-표준계정코드 미사용-,기타포괄손익-공정가치금융자산의 처분,37660568148,,19,KRW
00266961,NAVER,2018,OFS,CF,현금흐름표,dart_PurchaseOfInvestmentsInSubsidiariesJointVenturesAndAssociates,종속기업및관계기업투자주식의 취득,1328738576493,426455920257,20,KRW
00266961,NAVER,2018,OFS,CF,현금흐름표,dart_ProceedsFromSalesOfInvestmentsInSubsidiariesJointVenturesAndAssociates,종속기업및관계기업투자주식의 처분,5307666359,12135904525,21,KRW
00266961,NAVER,2018,OFS,CF,현금흐름표,dart_PurchaseOfLongTermLoansAndReceivables,장기대여금및수취채권의 취득,,,22,KRW
00266961,NAVER,2018,OFS,CF,현금흐름표,dart_IncreaseInGuaranteeDeposits,임차보증금의 증가,6805255858,1704723486,23,KRW
00266961,NAVER,2018,OFS,CF,현금흐름표,dart_DecreaseInGuaranteeDeposits,임차보증금의 감소,832569680,297240290,24,KRW
00266961,NAVER,2018,OFS,CF,현금흐름표,-표준계정코드 미사용-,합병으로 인한 현금유입,19788824065,,25,KRW
00266961,NAVER,2018,OFS,CF,현금흐름표,ifrs_OtherInflowsOutflowsOfCashClassifiedAsInvestingActivities,기타투자활동으로 인한 현금유출입액,40000000,-40000000,26,KRW
00266961,NAVER,2018,OFS,CF,현금흐름표,ifrs_CashFlowsFromUsedInFinancingActivities,재무활동현금흐름,-316928641866,465868760075,27,KRW
00266961,NAVER,2018,OFS,CF,현금흐름표,dart_ProceedsFromShortTermBorrowings,단기차입금의 증가,406000000000,,28,KRW
00266961,NAVER,2018,OFS,CF,현금흐름표,dart_RepaymentsOfShortTermBorrowings,단기차입금의 상환,406000000000,,29,KRW
00266961,NAVER,2018,OFS,CF,현금흐름표,-표준계정코드 미사용-,유동성사채의 상환,150000000000,,30,KRW
00266961,NAVER,2018,OFS,CF,현금흐름표,ifrs_DividendsPaidClassifiedAsFinancingActivities,배당금지급,42469708296,32581184103,31,KRW
00266961,NAVER,2018,OFS,CF,현금흐름표,dart_AcquisitionOfTreasuryShares,자기주식의 취득,124458933570,,32,KRW
00266961,NAVER,2018,OFS,CF,현금흐름표,dart_DispositionOfTreasuryShares,자기주식의 처분,,498449944178,33,KRW
00266961,NAVER,2018,OFS,CF,현금흐름표,ifrs_EffectOfExchangeRateChangesOnCashAndCashEquivalents,현금및현금성자산에 대한 환율변동효과,-675429709,-1189467214,34,KRW
00266961,NAVER,2018,OFS,CF,현금흐름표,ifrs_IncreaseDecreaseInCashAndCashEquivalents,현금및현금성자산의순증가(감소),-346749893751,254061154582,35,KRW
00266961,NAVER,2018,OFS,CF,현금흐름표,dart_CashAndCashEquivalentsAtBeginningOfPeriodCf,기초현금및현금성자산,457779230883,203718076301,36,KRW
00266961,NAVER,2018,OFS,CF,현금흐름표,dart_CashAndCashEquivalentsAtEndOfPeriodCf,분기말현금및현금성자산,111029337132,457779230883,37,KRW
00266961,NAVER,2018,OFS,SCE,자본변동표,dart_EquityAtBeginningOfPeriod,기초자본,16481339500,16481339500,1,KRW
00266961,NAVER,2018,OFS,SCE,자본변동표,dart_EquityAtBeginningOfPeriod,기초자본,4733331885906,3925393924603,1,KRW
00266961,NAVER,2018,OFS,SCE,자본변동표,dart_EquityAtBeginningOfPeriod,기초자본,-1178358989169,-1394972128339,1,KRW
00266961,NAVER,2018,OFS,SCE,자본변동표,dart_EquityAtBeginningOfPeriod,기초자본,3933860624671,2709415903627,1,KRW
00266961,NAVER,2018,OFS,SCE,자본변동표,dart_EquityAtBeginningOfPeriod,기초자본,362406388434,162512767863,1,KRW
00266961,NAVER,2018,OFS,SCE,자본변동표,-표준계정코드 미사용-,회계정책의 변경효과,2963607659,,2,KRW
00266961,NAVER,2018,OFS,SCE,자본변동표,-표준계정코드 미사용-,회계정책의 변경효과,-49646390696,,2,KRW
00266961,NAVER,2018,OFS,SCE,자본변동표,-표준계정코드 미사용-,회계정책의 변경효과,52609998355,,2,KRW
00266961,NAVER,2018,OFS,SCE,자본변동표,-표준계정코드 미사용-,수정후 금액,362406388434,162512767863,3,KRW
00266961,NAVER,2018,OFS,SCE,자본변동표,-표준계정코드 미사용-,수정후 금액,16481339500,16481339500,3,KRW
00266961,NAVER,2018,OFS,SCE,자본변동표,-표준계정코드 미사용-,수정후 금액,4785941884261,3925393924603,3,KRW
00266961,NAVER,2018,OFS,SCE,자본변동표,-표준계정코드 미사용-,수정후 금액,3936824232330,2709415903627,3,KRW
00266961,NAVER,2018,OFS,SCE,자본변동표,-표준계정코드 미사용-,수정후 금액,-1228005379865,-1394972128339,3,KRW
00266961,NAVER,2018,OFS,SCE,자본변동표,ifrs_ProfitLoss,당기순이익(손실),900422759591,849412352708,4,KRW
00266961,NAVER,2018,OFS,SCE,자본변동표,ifrs_ProfitLoss,당기순이익(손실),900422759591,849412352708,4,KRW
00266961,NAVER,2018,OFS,SCE,자본변동표,-표준계정코드 미사용-,매도가능금융자산평가손익,,-6771448583,5,KRW
00266961,NAVER,2018,OFS,SCE,자본변동표,-표준계정코드 미사용-,매도가능금융자산평가손익,,-6771448583,5,KRW
00266961,NAVER,2018,OFS,SCE,자본변동표,-표준계정코드 미사용-,기타포괄손익-공정가치 채무상품 평가손익,3468321711,,6,KRW
00266961,NAVER,2018,OFS,SCE,자본변동표,-표준계정코드 미사용-,기타포괄손익-공정가치 채무상품 평가손익,3468321711,,6,KRW
00266961,NAVER,2018,OFS,SCE,자본변동표,-표준계정코드 미사용-,기타포괄손익-공정가치 지분상품 평가손익,-69115675153,,7,KRW
00266961,NAVER,2018,OFS,SCE,자본변동표,-표준계정코드 미사용-,기타포괄손익-공정가치 지분상품 평가손익,-69115675153,,7,KRW
00266961,NAVER,2018,OFS,SCE,자본변동표,-표준계정코드 미사용-,기타포괄손익-공정가치 지분상품 처분손익,114374500,,8,KRW
00266961,NAVER,2018,OFS,SCE,자본변동표,-표준계정코드 미사용-,기타포괄손익-공정가치 지분상품 처분손익,114374500,,8,KRW
00266961,NAVER,2018,OFS,SCE,자본변동표,-표준계정코드 미사용-,순확정급여부채의 재측정요,11645748623,-8893207302,9,KRW
00266961,NAVER,2018,OFS,SCE,자본변동표,-표준계정코드 미사용-,순확정급여부채의 재측정요,11645748623,-8893207302,9,KRW
00266961,NAVER,2018,OFS,SCE,자본변동표,ifrs_DividendsPaid,배당금지급,42469708296,32581184103,10,KRW
00266961,NAVER,2018,OFS,SCE,자본변동표,ifrs_DividendsPaid,배당금지급,42469708296,32581184103,10,KRW
00266961,NAVER,2018,OFS,SCE,자본변동표,-표준계정코드 미사용-,자산양수도,,987177892,11,KRW
00266961,NAVER,2018,OFS,SCE,자본변동표,-표준계정코드 미사용-,자산양수도,,987177892,11,KRW
00266961,NAVER,2018,OFS,SCE,자본변동표,dart_TreasuryShareTransactions,자기주식 거래로 인한 증감,-124458933570,422291030432,12,KRW
00266961,NAVER,2018,OFS,SCE,자본변동표,dart_TreasuryShareTransactions,자기주식 거래로 인한 증감,-124458933570,223384587753,12,KRW
00266961,NAVER,2018,OFS,SCE,자본변동표,dart_TreasuryShareTransactions,자기주식 거래로 인한 증감,,198906442679,12,KRW
00266961,NAVER,2018,OFS,SCE,자본변동표,-표준계정코드 미사용-,종속기업 합병,-59549275924,,13,KRW
00266961,NAVER,2018,OFS,SCE,자본변동표,-표준계정코드 미사용-,종속기업 합병,-59549275924,,13,KRW
00266961,NAVER,2018,OFS,SCE,자본변동표,ifrs_Equity,기말자본,4556881843812,3933860624671,14,KRW
00266961,NAVER,2018,OFS,SCE,자본변동표,ifrs_Equity,기말자본,-1477546568301,-1178358989169,14,KRW
00266961,NAVER,2018,OFS,SCE,자본변동표,ifrs_Equity,기말자본,5655540684179,4733331885906,14,KRW
00266961,NAVER,2018,OFS,SCE,자본변동표,ifrs_Equity,기말자본,16481339500,16481339500,14,KRW
00266961,NAVER,2018,OFS,SCE,자본변동표,ifrs_Equity,기말자본,362406388434,362406388434,14,KRW
00266961,NAVER,2019,CFS,BS,재무상태표,ifrs-full_CurrentAssets,유동자산,5643714459664,5385569586465,1,KRW
00266961,NAVER,2019,CFS,BS,재무상태표,ifrs-full_CashAndCashEquivalents,현금및현금성자산,3740513761418,3322884102567,2,KRW
00266961,NAVER,2019,CFS,BS,재무상태표,dart_ShortTermDepositsNotClassifiedAsCashEquivalents,단기금융상품,289910618872,444702261235,3,KRW
00266961,NAVER,2019,CFS,BS,재무상태표,-표준계정코드 미사용-,당기손익인식금융자산,,,4,KRW
00266961,NAVER,2019,CFS,BS,재무상태표,-표준계정코드 미사용-,당기손익-공정가치금융자산,12920430454,230774469760,5,KRW
00266961,NAVER,2019,CFS,BS,재무상태표,ifrs-full_TradeAndOtherCurrentReceivables,매출채권및기타채권,1211072909858,1101551045302,6,KRW
00266961,NAVER,2019,CFS,BS,재무상태표,dart_CurrentAvailableForSaleFinancialAssets,매도가능금융자산,,,7,KRW
00266961,NAVER,2019,CFS,BS,재무상태표,-표준계정코드 미사용-,기타포괄손익-공정가치금융자산,63916531256,62725505906,8,KRW
00266961,NAVER,2019,CFS,BS,재무상태표,ifrs-full_Inventories,재고자산,55114731809,57440292749,9,KRW
00266961,NAVER,2019,CFS,BS,재무상태표,ifrs-full_CurrentTaxAssets,당기법인세자산,12717980739,8044073349,10,KRW
00266961,NAVER,2019,CFS,BS,재무상태표,dart_OtherCurrentAssets,기타유동자산,257547495258,157447835597,11,KRW
00266961,NAVER,2019,CFS,BS,재무상태표,ifrs-full_NoncurrentAssets,비유동자산,6655812661122,4495621322859,12,KRW
00266961,NAVER,2019,CFS,BS,재무상태표,ifrs-full_PropertyPlantAndEquipment,유형자산,1596271317726,1457302209262,13,KRW
00266961,NAVER,2019,CFS,BS,재무상태표,ifrs-full_RightofuseAssets,사용권자산,697351304664,,14,KRW
00266961,NAVER,2019,CFS,BS,재무상태표,dart_GoodwillGross,무형자산,341442833327,306963470197,15,KRW
00266961,NAVER,2019,CFS,BS,재무상태표,dart_LongTermDepositsNotClassifiedAsCashEquivalents,장기금융상품,24034591006,25990573425,16,KRW
00266961,NAVER,2019,CFS,BS,재무상태표,dart_NonCurrentFairValueFinancialAsset,당기손익인식금융자산,,,17,KRW
00266961,NAVER,2019,CFS,BS,재무상태표,-표준계정코드 미사용-,당기손익-공정가치금융자산,1229097428653,553399539414,18,KRW
00266961,NAVER,2019,CFS,BS,재무상태표,dart_LongTermTradeAndOtherNonCurrentReceivablesGross,매출채권및기타채권,124821356161,113160988276,19,KRW
00266961,NAVER,2019,CFS,BS,재무상태표,dart_NonCurrentAvailableForSaleFinancialAssets,매도가능금융자산,,,20,KRW
00266961,NAVER,2019,CFS,BS,재무상태표,-표준계정코드 미사용-,기타포괄손익-공정가치금융자산,675602433315,666651322237,21,KRW
00266961,NAVER,2019,CFS,BS,재무상태표,dart_NonCurrentFinancialAssetsHeldToMaturity,만기보유금융자산,,,22,KRW
00266961,NAVER,2019,CFS,BS,재무상태표,ifrs-full_InvestmentAccountedForUsingEquityMethod,관계기업및공동기업 투자,1558268184714,1001362122331,23,KRW
00266961,NAVER,2019,CFS,BS,재무상태표,ifrs-full_DeferredTaxAssets,이연법인세자산,381279417985,340178774174,24,KRW
00266961,NAVER,2019,CFS,BS,재무상태표,dart_OtherNonCurrentAssets,기타비유동자산,27643793571,30612323543,25,KRW
00266961,NAVER,2019,CFS,BS,재무상태표,ifrs-full_Assets,자산총계,12299527120786,9881190909324,26,KRW
00266961,NAVER,2019,CFS,BS,재무상태표,ifrs-full_CurrentLiabilities,유동부채,3773118830740,2619671652587,28,KRW
00266961,NAVER,2019,CFS,BS,재무상태표,ifrs-full_TradeAndOtherCurrentPayables,매입채무및기타채무,1211070361564,896276258656,29,KRW
00266961,NAVER,2019,CFS,BS,재무상태표,ifrs-full_CurrentFinancialLiabilitiesAtFairValueThroughProfitOrLossDesignatedUponInitialRecognition,당기손익-공정가치금융부채,649038368,7418409882,30,KRW
00266961,NAVER,2019,CFS,BS,재무상태표,ifrs-full_ShorttermBorrowings,단기차입금,559584776483,349846018275,31,KRW
00266961,NAVER,2019,CFS,BS,재무상태표,ifrs-full_CurrentPortionOfLongtermBorrowings,유동성장기차입금,,26991114,32,KRW
00266961,NAVER,2019,CFS,BS,재무상태표,dart_CurrentPortionOfBonds,유동성사채,,,33,KRW
00266961,NAVER,2019,CFS,BS,재무상태표,ifrs-full_CurrentTaxLiabilities,당기법인세부채,313781745056,277992093674,34,KRW
00266961,NAVER,2019,CFS,BS,재무상태표,ifrs-full_CurrentProvisions,충당부채,3822401193,2462733532,35,KRW
00266961,NAVER,2019,CFS,BS,재무상태표,ifrs-full_CurrentLeaseLiabilities,유동리스부채,168937301210,,36,KRW
00266961,NAVER,2019,CFS,BS,재무상태표,dart_OtherCurrentLiabilities,기타유동부채,1515273206866,1085649147454,37,KRW
00266961,NAVER,2019,CFS,BS,재무상태표,ifrs-full_NoncurrentLiabilities,비유동부채,2022482221466,1312378743444,38,KRW
00266961,NAVER,2019,CFS,BS,재무상태표,dart_LongTermTradeAndOtherNonCurrentPayables,매입채무및기타채무,42469680072,23370588587,39,KRW
00266961,NAVER,2019,CFS,BS,재무상태표,ifrs-full_NoncurrentFinancialLiabilitiesAtFairValueThroughProfitOrLossDesignatedUponInitialRecognition,당기손익-공정가치금융부채,8339734792,2785234016,40,KRW
00266961,NAVER,2019,CFS,BS,재무상태표,dart_LongTermBorrowingsGross,장기차입금,50039880125,100061591213,41,KRW
00266961,NAVER,2019,CFS,BS,재무상태표,dart_BondsIssued,사채,752270184693,711561946218,42,KRW
00266961,NAVER,2019,CFS,BS,재무상태표,dart_PostemploymentBenefitObligations,순확정급여부채,473437955422,344780260840,43,KRW
00266961,NAVER,2019,CFS,BS,재무상태표,ifrs-full_NoncurrentProvisions,충당부채,59046834258,42423909342,44,KRW
00266961,NAVER,2019,CFS,BS,재무상태표,ifrs-full_NoncurrentLeaseLiabilities,비유동리스부채,555287968236,,45,KRW
00266961,NAVER,2019,CFS,BS,재무상태표,ifrs-full_DeferredTaxLiabilities,이연법인세부채,80453751124,86244846912,46,KRW
00266961,NAVER,2019,CFS,BS,재무상태표,dart_OtherNonCurrentLiabilities,기타비유동부채,1136232744,1150366316,47,KRW
00266961,NAVER,2019,CFS,BS,재무상태표,ifrs-full_Liabilities,부채총계,5795601052206,3932050396031,48,KRW
00266961,NAVER,2019,CFS,BS,재무상태표,ifrs-full_EquityAttributableToOwnersOfParent,지배기업의 소유주에게 귀속되는 자본,5805227623271,5240280006228,50,KRW
00266961,NAVER,2019,CFS,BS,재무상태표,ifrs-full_IssuedCapital,자본금,16481339500,16481339500,51,KRW
00266961,NAVER,2019,CFS,BS,재무상태표,dart_CapitalSurplus,자본잉여금,1575307844438,1540985517982,52,KRW
00266961,NAVER,2019,CFS,BS,재무상태표,dart_ElementsOfOtherStockholdersEquity,기타자본구성요소,-1498653013809,-1546389664299,53,KRW
00266961,NAVER,2019,CFS,BS,재무상태표,ifrs-full_RetainedEarnings,이익잉여금(결손금),5712091453142,5229202813045,54,KRW
00266961,NAVER,2019,CFS,BS,재무상태표,ifrs-full_NoncontrollingInterests,비지배지분,698698445309,708860507065,55,KRW
00266961,NAVER,2019,CFS,BS,재무상태표,ifrs-full_Equity,자본총계,6503926068580,5949140513293,56,KRW
00266961,NAVER,2019,CFS,BS,재무상태표,ifrs-full_EquityAndLiabilities,자본과부채총계,12299527120786,9881190909324,57,KRW
00266961,NAVER,2019,CFS,CIS,포괄손익계산서,ifrs-full_Revenue,영업수익,6593400065244,5586904533355,0,KRW
00266961,NAVER,2019,CFS,CIS,포괄손익계산서,-표준계정코드 미사용-,영업비용,-5883329891731,-4644371971812,1,KRW
00266961,NAVER,2019,CFS,CIS,포괄손익계산서,dart_OperatingIncomeLoss,영업이익(손실),710070173513,942532561543,2,KRW
00266961,NAVER,2019,CFS,CIS,포괄손익계산서,dart_OtherGains,기타수익,127850039103,316773923951,3,KRW
00266961,NAVER,2019,CFS,CIS,포괄손익계산서,dart_OtherLosses,기타비용,152375851429,114624964081,4,KRW
00266961,NAVER,2019,CFS,CIS,포괄손익계산서,-표준계정코드 미사용-,이자수익,16395673587,27243776093,5,KRW
00266961,NAVER,2019,CFS,CIS,포괄손익계산서,ifrs-full_FinanceIncome,금융수익,395352360724,164181993767,6,KRW
00266961,NAVER,2019,CFS,CIS,포괄손익계산서,ifrs-full_FinanceCosts,금융비용,166169887339,139365243783,7,KRW
00266961,NAVER,2019,CFS,CIS,포괄손익계산서,-표준계정코드 미사용-,지분법손익,-64400374196,-85069772652,8,KRW
00266961,NAVER,2019,CFS,CIS,포괄손익계산서,ifrs-full_ProfitLossBeforeTax,법인세비용차감전순이익(손실),866722133963,1111672274838,9,KRW
00266961,NAVER,2019,CFS,CIS,포괄손익계산서,ifrs-full_IncomeTaxExpenseContinuingOperations,법인세비용,466311853314,488756397806,10,KRW
00266961,NAVER,2019,CFS,CIS,포괄손익계산서,ifrs-full_ProfitLossFromContinuingOperations,계속영업순이익(손실),400410280649,622915877032,11,KRW
00266961,NAVER,2019,CFS,CIS,포괄손익계산서,ifrs-full_ProfitLossFromDiscontinuedOperations,중단영업이익(손실),-3589218184,4985996300,12,KRW
00266961,NAVER,2019,CFS,CIS,포괄손익계산서,ifrs-full_ProfitLoss,당기순이익(손실),396821062465,627901873332,13,KRW
00266961,NAVER,2019,CFS,CIS,포괄손익계산서,-표준계정코드 미사용-,계속영업이익,586641122833,643826906430,16,KRW
00266961,NAVER,2019,CFS,CIS,포괄손익계산서,-표준계정코드 미사용-,중단영업이익(손실),-3589218184,4985996300,17,KRW
00266961,NAVER,2019,CFS,CIS,포괄손익계산서,ifrs-full_ProfitLossAttributableToNoncontrollingInterests,비지배지분에 귀속되는 당기순이익(손실),-186230842184,-20911029398,18,KRW
00266961,NAVER,2019,CFS,CIS,포괄손익계산서,ifrs-full_OtherComprehensiveIncome,기타포괄손익,138730945419,5875475010,19,KRW
00266961,NAVER,2019,CFS,CIS,포괄손익계산서,dart_OtherComprehensiveIncomeThatWillBeReclassifiedToProfitOrLossNetOfTax,당기손익으로 재분류될 수 있는 항목,145977055953,100178241737,20,KRW
00266961,NAVER,2019,CFS,CIS,포괄손익계산서,ifrs-full_GainsLossesOnRemeasuringAvailableforsaleFinancialAssetsNetOfTax,매도가능금융자산-평가손익,,,21,KRW
00266961,NAVER,2019,CFS,CIS,포괄손익계산서,ifrs-full_ReclassificationAdjustmentsOnAvailableforsaleFinancialAssetsNetOfTax,매도가능금융자산-재분류조정,,,22,KRW
00266961,NAVER,2019,CFS,CIS,포괄손익계산서,ifrs-full_GainsLossesOnFinancialAssetsMeasuredAtFairValueThroughOtherComprehensiveIncomeNetOfTax,기타포괄손익-공정가치 측정 채무상품 평가손익,248538199,2441198331,23,KRW
00266961,NAVER,2019,CFS,CIS,포괄손익계산서,ifrs-full_GainsLossesOnExchangeDifferencesOnTranslationNetOfTax,해외사업환산손익,139029178403,77213086172,24,KRW
00266961,NAVER,2019,CFS,CIS,포괄손익계산서,-표준계정코드 미사용-,지분법자본변동,6699339351,20523957234,25,KRW
00266961,NAVER,2019,CFS,CIS,포괄손익계산서,dart_OtherComprehensiveIncomeThatWillNotBeReclassifiedToProfitOrLossNetOfTax,당기손익으로 재분류되지 않는항목,-7246110534,-94302766727,26,KRW
00266961,NAVER,2019,CFS,CIS,포괄손익계산서,-표준계정코드 미사용-,순확정급여부채의 재측정요소,-52992040208,-7085480963,27,KRW
00266961,NAVER,2019,CFS,CIS,포괄손익계산서,-표준계정코드 미사용-,기타포괄손익-공정가치 지분상품 평가손익,50343180326,-105238566292,28,KRW
00266961,NAVER,2019,CFS,CIS,포괄손익계산서,-표준계정코드 미사용-,기타포괄손익-공정가치 지분상품 처분손익,-4611398596,18158594324,29,KRW
00266961,NAVER,2019,CFS,CIS,포괄손익계산서,-표준계정코드 미사용-,지분법자본변동,14147944,-137313796,30,KRW
00266961,NAVER,2019,CFS,CIS,포괄손익계산서,ifrs-full_ComprehensiveIncome,총포괄이익,535552007884,633777348342,31,KRW
00266961,NAVER,2019,CFS,CIS,포괄손익계산서,ifrs-full_ComprehensiveIncomeAttributableToOwnersOfParent,"총 포괄손익, 지배기업의 소유주에게 귀속되는 지분",659506460173,627230960514,33,KRW
00266961,NAVER,2019,CFS,CIS,포괄손익계산서,ifrs-full_ComprehensiveIncomeAttributableToNoncontrollingInterests,"총 포괄손익, 비지배지분",-123954452289,6546387828,34,KRW
00266961,NAVER,2019,CFS,CIS,포괄손익계산서,ifrs-full_BasicEarningsLossPerShareFromContinuingOperations,계속영업기본주당이익(손실),4031,4403,37,KRW
00266961,NAVER,2019,CFS,CIS,포괄손익계산서,ifrs-full_BasicEarningsLossPerShareFromDiscontinuedOperations,중단영업기본주당이익(손실),-25,34,38,KRW
00266961,NAVER,2019,CFS,CIS,포괄손익계산서,ifrs-full_DilutedEarningsLossPerShareFromContinuingOperations,계속영업희석주당이익(손실),4031,4403,40,KRW
00266961,NAVER,2019,CFS,CIS,포괄손익계산서,ifrs-full_DilutedEarningsLossPerShareFromDiscontinuedOperations,중단영업희석주당이익(손실),-25,34,41,KRW
00266961,NAVER,2019,CFS,CF,현금흐름표,ifrs-full_CashFlowsFromUsedInOperatingActivities,영업활동현금흐름,1356843480419,973506368153,0,KRW
00266961,NAVER,2019,CFS,CF,현금흐름표,-표준계정코드 미사용-,영업으로부터 창출된 현금흐름,1835912025978,1455189893246,1,KRW
00266961,NAVER,2019,CFS,CF,현금흐름표,ifrs-full_InterestReceivedClassifiedAsOperatingActivities,이자수취,17559981761,27124396728,2,KRW
00266961,NAVER,2019,CFS,CF,현금흐름표,ifrs-full_InterestPaidClassifiedAsOperatingActivities,이자지급,39296364906,10694341270,3,KRW
00266961,NAVER,2019,CFS,CF,현금흐름표,ifrs-full_DividendsReceivedClassifiedAsOperatingActivities,배당금수취(영업),20742864205,27727492377,4,KRW
00266961,NAVER,2019,CFS,CF,현금흐름표,ifrs-full_IncomeTaxesPaidRefundClassifiedAsOperatingActivities,법인세납부(환급),478075026619,525841072928,5,KRW
00266961,NAVER,2019,CFS,CF,현금흐름표,ifrs-full_CashFlowsFromUsedInInvestingActivities,투자활동현금흐름,-1078128842424,-388286947217,6,KRW
00266961,NAVER,2019,CFS,CF,현금흐름표,-표준계정코드 미사용-,단기금융상품의 순감소(증가),162122479766,651167198299,7,KRW
00266961,NAVER,2019,CFS,CF,현금흐름표,-표준계정코드 미사용-,장기금융상품의 증가,,13756962062,8,KRW
00266961,NAVER,2019,CFS,CF,현금흐름표,-표준계정코드 미사용-,장기금융상품의 감소,,12000000000,9,KRW
00266961,NAVER,2019,CFS,CF,현금흐름표,-표준계정코드 미사용-,당기손익인식금융자산의 순감소(증가),,,10,KRW
00266961,NAVER,2019,CFS,CF,현금흐름표,-표준계정코드 미사용-,당기손익-공정가치금융자산의 순감소(증가),-170452838537,184109996728,11,KRW
00266961,NAVER,2019,CFS,CF,현금흐름표,ifrs-full_PurchaseOfPropertyPlantAndEquipmentClassifiedAsInvestingActivities,유형자산의 취득,435908502083,535035089109,12,KRW
00266961,NAVER,2019,CFS,CF,현금흐름표,ifrs-full_ProceedsFromSalesOfPropertyPlantAndEquipmentClassifiedAsInvestingActivities,유형자산의 처분,6743736986,17665787353,13,KRW
00266961,NAVER,2019,CFS,CF,현금흐름표,-표준계정코드 미사용-,리스채권의 회수,257941120,,14,KRW
00266961,NAVER,2019,CFS,CF,현금흐름표,ifrs-full_PurchaseOfIntangibleAssetsClassifiedAsInvestingActivities,무형자산의 취득,75729758448,46274584498,15,KRW
00266961,NAVER,2019,CFS,CF,현금흐름표,ifrs-full_ProceedsFromSalesOfIntangibleAssetsClassifiedAsInvestingActivities,무형자산의 처분,4766029881,4126716005,16,KRW
00266961,NAVER,2019,CFS,CF,현금흐름표,dart_PurchaseOfAvailableForSaleFinancialAssets,매도가능금융자산의 취득,,,17,KRW
00266961,NAVER,2019,CFS,CF,현금흐름표,dart_ProceedsFromSalesOfAvailableForSaleFinancialAssets,매도가능금융자산의 처분,,,18,KRW
00266961,NAVER,2019,CFS,CF,현금흐름표,-표준계정코드 미사용-,기타포괄손익-공정가치금융자산의 취득,40967500755,208558868121,19,KRW
00266961,NAVER,2019,CFS,CF,현금흐름표,-표준계정코드 미사용-,기타포괄손익-공정가치금융자산의 처분,97789083542,100973500025,20,KRW
00266961,NAVER,2019,CFS,CF,현금흐름표,-표준계정코드 미사용-,관계기업및공동기업투자의 취득,621718974099,502976581662,21,KRW
00266961,NAVER,2019,CFS,CF,현금흐름표,-표준계정코드 미사용-,관계기업및공동기업투자의 처분,18714872614,6111466320,22,KRW
00266961,NAVER,2019,CFS,CF,현금흐름표,-표준계정코드 미사용-,사업결합으로 인한 현금의 증감,-4991454614,-6879491848,23,KRW
00266961,NAVER,2019,CFS,CF,현금흐름표,dart_ProceedsFromSalesOfInvestmentsInSubsidiaries,종속기업의 처분,9787731685,-28108469981,24,KRW
00266961,NAVER,2019,CFS,CF,현금흐름표,ifrs-full_OtherInflowsOutflowsOfCashClassifiedAsInvestingActivities,기타투자활동으로 인한 현금유출입액,-28541689482,-22851564666,25,KRW
00266961,NAVER,2019,CFS,CF,현금흐름표,ifrs-full_CashFlowsFromUsedInFinancingActivities,재무활동현금흐름,52336566385,750979898112,26,KRW
00266961,NAVER,2019,CFS,CF,현금흐름표,dart_ProceedsFromShortTermBorrowings,단기차입금의 증가,220649373194,533051141952,27,KRW
00266961,NAVER,2019,CFS,CF,현금흐름표,dart_RepaymentsOfShortTermBorrowings,단기차입금의 상환,76172581572,408323250753,28,KRW
00266961,NAVER,2019,CFS,CF,현금흐름표,dart_ProceedsFromLongTermBorrowings,장기차입금의 증가,,50973796988,29,KRW
00266961,NAVER,2019,CFS,CF,현금흐름표,dart_ProceedsFromBonds,사채의 증가,,705013490134,30,KRW
00266961,NAVER,2019,CFS,CF,현금흐름표,-표준계정코드 미사용-,사채의 감소,,150000000000,31,KRW
00266961,NAVER,2019,CFS,CF,현금흐름표,-표준계정코드 미사용-,리스부채의 상환,138021891444,,32,KRW
00266961,NAVER,2019,CFS,CF,현금흐름표,-표준계정코드 미사용-,배당금 지급,46861536936,42469708296,33,KRW
00266961,NAVER,2019,CFS,CF,현금흐름표,dart_AcquisitionOfTreasuryShares,자기주식의 취득,93689325190,124458933570,34,KRW
00266961,NAVER,2019,CFS,CF,현금흐름표,dart_DispositionOfTreasuryShares,자기주식의 처분,,,35,KRW
00266961,NAVER,2019,CFS,CF,현금흐름표,-표준계정코드 미사용-,종속기업의 유상증자,179186404036,190557847107,36,KRW
00266961,NAVER,2019,CFS,CF,현금흐름표,ifrs-full_OtherInflowsOutflowsOfCashClassifiedAsFinancingActivities,기타재무활동으로 인한 현금유출입,7246124297,-3364485450,37,KRW
00266961,NAVER,2019,CFS,CF,현금흐름표,ifrs-full_EffectOfExchangeRateChangesOnCashAndCashEquivalents,현금및현금성자산에 대한 환율변동효과,86578454471,79109722852,38,KRW
00266961,NAVER,2019,CFS,CF,현금흐름표,ifrs-full_IncreaseDecreaseInCashAndCashEquivalents,현금및현금성자산의순증가(감소),417629658851,1415309041900,39,KRW
00266961,NAVER,2019,CFS,CF,현금흐름표,dart_CashAndCashEquivalentsAtBeginningOfPeriodCf,기초현금및현금성자산,3322884102567,1907575060667,40,KRW
00266961,NAVER,2019,CFS,CF,현금흐름표,dart_CashAndCashEquivalentsAtEndOfPeriodCf,분기말현금및현금성자산,3740513761418,3322884102567,41,KRW
00266961,NAVER,2019,CFS,SCE,자본변동표,dart_EquityAtBeginningOfPeriod,기초자본,1540985517982,1507878510842,1,KRW
00266961,NAVER,2019,CFS,SCE,자본변동표,dart_EquityAtBeginningOfPeriod,기초자본,708860507065,542840138965,1,KRW
00266961,NAVER,2019,CFS,SCE,자본변동표,dart_EquityAtBeginningOfPeriod,기초자본,5949140513293,5305186234949,1,KRW
00266961,NAVER,2019,CFS,SCE,자본변동표,dart_EquityAtBeginningOfPeriod,기초자본,-1546389664299,-1317531622681,1,KRW
00266961,NAVER,2019,CFS,SCE,자본변동표,dart_EquityAtBeginningOfPeriod,기초자본,5229202813045,4555517868323,1,KRW
00266961,NAVER,2019,CFS,SCE,자본변동표,dart_EquityAtBeginningOfPeriod,기초자본,5240280006228,4762346095984,1,KRW
00266961,NAVER,2019,CFS,SCE,자본변동표,dart_EquityAtBeginningOfPeriod,기초자본,16481339500,16481339500,1,KRW
00266961,NAVER,2019,CFS,SCE,자본변동표,ifrs-full_IncreaseDecreaseThroughChangesInAccountingPolicies,회계정책의 변경효과,-200802631,55366825496,2,KRW
00266961,NAVER,2019,CFS,SCE,자본변동표,ifrs-full_IncreaseDecreaseThroughChangesInAccountingPolicies,회계정책의 변경효과,,-64788048920,2,KRW
00266961,NAVER,2019,CFS,SCE,자본변동표,ifrs-full_IncreaseDecreaseThroughChangesInAccountingPolicies,회계정책의 변경효과,-200802631,-9421223424,2,KRW
00266961,NAVER,2019,CFS,SCE,자본변동표,ifrs-full_IncreaseDecreaseThroughChangesInAccountingPolicies,회계정책의 변경효과,-71478344,,2,KRW
00266961,NAVER,2019,CFS,SCE,자본변동표,ifrs-full_IncreaseDecreaseThroughChangesInAccountingPolicies,회계정책의 변경효과,-272280975,-9421223424,2,KRW
00266961,NAVER,2019,CFS,SCE,자본변동표,-표준계정코드 미사용-,수정후 금액,16481339500,16481339500,3,KRW
00266961,NAVER,2019,CFS,SCE,자본변동표,-표준계정코드 미사용-,수정후 금액,1540985517982,1507878510842,3,KRW
00266961,NAVER,2019,CFS,SCE,자본변동표,-표준계정코드 미사용-,수정후 금액,5229002010414,4610884693819,3,KRW
00266961,NAVER,2019,CFS,SCE,자본변동표,-표준계정코드 미사용-,수정후 금액,-1546389664299,-1382319671601,3,KRW
00266961,NAVER,2019,CFS,SCE,자본변동표,-표준계정코드 미사용-,수정후 금액,5240079203597,4752924872560,3,KRW
00266961,NAVER,2019,CFS,SCE,자본변동표,-표준계정코드 미사용-,수정후 금액,708789028721,542840138965,3,KRW
00266961,NAVER,2019,CFS,SCE,자본변동표,-표준계정코드 미사용-,수정후 금액,5948868232318,5295765011525,3,KRW
00266961,NAVER,2019,CFS,SCE,자본변동표,ifrs-full_ProfitLoss,당기순이익(손실),583051904649,648812902730,4,KRW
00266961,NAVER,2019,CFS,SCE,자본변동표,ifrs-full_ProfitLoss,당기순이익(손실),583051904649,648812902730,4,KRW
00266961,NAVER,2019,CFS,SCE,자본변동표,ifrs-full_ProfitLoss,당기순이익(손실),396821062465,627901873332,4,KRW
00266961,NAVER,2019,CFS,SCE,자본변동표,ifrs-full_ProfitLoss,당기순이익(손실),-186230842184,-20911029398,4,KRW
00266961,NAVER,2019,CFS,SCE,자본변동표,-표준계정코드 미사용-,매도가능금융자산평가손익,,,5,KRW
00266961,NAVER,2019,CFS,SCE,자본변동표,-표준계정코드 미사용-,매도가능금융자산평가손익,,,5,KRW
00266961,NAVER,2019,CFS,SCE,자본변동표,-표준계정코드 미사용-,매도가능금융자산평가손익,,,5,KRW
00266961,NAVER,2019,CFS,SCE,자본변동표,-표준계정코드 미사용-,매도가능금융자산평가손익,,,5,KRW
00266961,NAVER,2019,CFS,SCE,자본변동표,-표준계정코드 미사용-,기타포괄손익-공정가치 채무상품 평가손익,248538199,2441198331,6,KRW
00266961,NAVER,2019,CFS,SCE,자본변동표,-표준계정코드 미사용-,기타포괄손익-공정가치 채무상품 평가손익,,-1626505799,6,KRW
00266961,NAVER,2019,CFS,SCE,자본변동표,-표준계정코드 미사용-,기타포괄손익-공정가치 채무상품 평가손익,248538199,4067704130,6,KRW
00266961,NAVER,2019,CFS,SCE,자본변동표,-표준계정코드 미사용-,기타포괄손익-공정가치 채무상품 평가손익,248538199,4067704130,6,KRW
00266961,NAVER,2019,CFS,SCE,자본변동표,-표준계정코드 미사용-,기타포괄손익-공정가치 지분상품 평가손익,10762760837,-11526417845,7,KRW
00266961,NAVER,2019,CFS,SCE,자본변동표,-표준계정코드 미사용-,기타포괄손익-공정가치 지분상품 평가손익,39580419489,-93712148447,7,KRW
00266961,NAVER,2019,CFS,SCE,자본변동표,-표준계정코드 미사용-,기타포괄손익-공정가치 지분상품 평가손익,50343180326,-105238566292,7,KRW
00266961,NAVER,2019,CFS,SCE,자본변동표,-표준계정코드 미사용-,기타포괄손익-공정가치 지분상품 평가손익,39580419489,-93712148447,7,KRW
00266961,NAVER,2019,CFS,SCE,자본변동표,-표준계정코드 미사용-,기타포괄손익-공정가치 지분상품 처분손익,-4611398596,18158594324,8,KRW
00266961,NAVER,2019,CFS,SCE,자본변동표,-표준계정코드 미사용-,기타포괄손익-공정가치 지분상품 처분손익,-4496364696,18044219824,8,KRW
00266961,NAVER,2019,CFS,SCE,자본변동표,-표준계정코드 미사용-,기타포괄손익-공정가치 지분상품 처분손익,-115033900,114374500,8,KRW
00266961,NAVER,2019,CFS,SCE,자본변동표,-표준계정코드 미사용-,기타포괄손익-공정가치 지분상품 처분손익,-4611398596,18158594324,8,KRW
00266961,NAVER,2019,CFS,SCE,자본변동표,-표준계정코드 미사용-,해외사업환산손익,51280978794,39329933327,9,KRW
00266961,NAVER,2019,CFS,SCE,자본변동표,-표준계정코드 미사용-,해외사업환산손익,139029178403,77213086172,9,KRW
00266961,NAVER,2019,CFS,SCE,자본변동표,-표준계정코드 미사용-,해외사업환산손익,87748199609,37883152845,9,KRW
00266961,NAVER,2019,CFS,SCE,자본변동표,-표준계정코드 미사용-,해외사업환산손익,87748199609,37883152845,9,KRW
00266961,NAVER,2019,CFS,SCE,자본변동표,-표준계정코드 미사용-,지분법자본변동,3645878410,2433907270,10,KRW
00266961,NAVER,2019,CFS,SCE,자본변동표,-표준계정코드 미사용-,지분법자본변동,3067608885,17952736168,10,KRW
00266961,NAVER,2019,CFS,SCE,자본변동표,-표준계정코드 미사용-,지분법자본변동,3053460941,18090049964,10,KRW
00266961,NAVER,2019,CFS,SCE,자본변동표,-표준계정코드 미사용-,지분법자본변동,14147944,-137313796,10,KRW
00266961,NAVER,2019,CFS,SCE,자본변동표,-표준계정코드 미사용-,지분법자본변동,6713487295,20386643438,10,KRW
00266961,NAVER,2019,CFS,SCE,자본변동표,-표준계정코드 미사용-,순확정급여부채 재측정요소,-52992040208,-7085480963,11,KRW
00266961,NAVER,2019,CFS,SCE,자본변동표,-표준계정코드 미사용-,순확정급여부채 재측정요소,-3413285299,-1153499727,11,KRW
00266961,NAVER,2019,CFS,SCE,자본변동표,-표준계정코드 미사용-,순확정급여부채 재측정요소,-49578754909,-5931981236,11,KRW
00266961,NAVER,2019,CFS,SCE,자본변동표,-표준계정코드 미사용-,순확정급여부채 재측정요소,-49578754909,-5931981236,11,KRW
00266961,NAVER,2019,CFS,SCE,자본변동표,-표준계정코드 미사용-,현금흐름위험회피 파생상품 평가손익,-57153,,12,KRW
00266961,NAVER,2019,CFS,SCE,자본변동표,-표준계정코드 미사용-,현금흐름위험회피 파생상품 평가손익,-57153,,12,KRW
00266961,NAVER,2019,CFS,SCE,자본변동표,-표준계정코드 미사용-,현금흐름위험회피 파생상품 평가손익,57153,,12,KRW
00266961,NAVER,2019,CFS,SCE,자본변동표,ifrs-full_DividendsPaid,배당금지급,-45901490260,42469708296,13,KRW
00266961,NAVER,2019,CFS,SCE,자본변동표,ifrs-full_DividendsPaid,배당금지급,-960046676,,13,KRW
00266961,NAVER,2019,CFS,SCE,자본변동표,ifrs-full_DividendsPaid,배당금지급,-46861536936,42469708296,13,KRW
00266961,NAVER,2019,CFS,SCE,자본변동표,ifrs-full_DividendsPaid,배당금지급,-45901490260,42469708296,13,KRW
00266961,NAVER,2019,CFS,SCE,자본변동표,-표준계정코드 미사용-,주식보상비용,18722674912,14503846869,14,KRW
00266961,NAVER,2019,CFS,SCE,자본변동표,-표준계정코드 미사용-,주식보상비용,10910448495,0,14,KRW
00266961,NAVER,2019,CFS,SCE,자본변동표,-표준계정코드 미사용-,주식보상비용,10910448495,,14,KRW
00266961,NAVER,2019,CFS,SCE,자본변동표,-표준계정코드 미사용-,주식보상비용,29633123407,14503846869,14,KRW
00266961,NAVER,2019,CFS,SCE,자본변동표,dart_TreasuryShareTransactions,자기주식 거래로 인한 증감,,,15,KRW
00266961,NAVER,2019,CFS,SCE,자본변동표,dart_TreasuryShareTransactions,자기주식 거래로 인한 증감,-93689325190,-124458933570,15,KRW
00266961,NAVER,2019,CFS,SCE,자본변동표,dart_TreasuryShareTransactions,자기주식 거래로 인한 증감,-93689325190,-124458933570,15,KRW
00266961,NAVER,2019,CFS,SCE,자본변동표,dart_TreasuryShareTransactions,자기주식 거래로 인한 증감,-93689325190,-124458933570,15,KRW
00266961,NAVER,2019,CFS,SCE,자본변동표,dart_IncreaseDecreaseThroughBusinessCombinations,사업결합,-474386383,6840967703,16,KRW
00266961,NAVER,2019,CFS,SCE,자본변동표,dart_IncreaseDecreaseThroughBusinessCombinations,사업결합,-474386383,6840967703,16,KRW
00266961,NAVER,2019,CFS,SCE,자본변동표,dart_IncreaseDecreaseThroughBusinessCombinations,사업결합,,0,16,KRW
00266961,NAVER,2019,CFS,SCE,자본변동표,-표준계정코드 미사용-,종속기업의 유상증자,,-6054192120,17,KRW
00266961,NAVER,2019,CFS,SCE,자본변동표,-표준계정코드 미사용-,종속기업의 유상증자,36319313514,13432968459,17,KRW
00266961,NAVER,2019,CFS,SCE,자본변동표,-표준계정코드 미사용-,종속기업의 유상증자,36319313514,7378776339,17,KRW
00266961,NAVER,2019,CFS,SCE,자본변동표,-표준계정코드 미사용-,종속기업의 유상증자,142867090522,197947525810,17,KRW
00266961,NAVER,2019,CFS,SCE,자본변동표,-표준계정코드 미사용-,종속기업의 유상증자,179186404036,205326302149,17,KRW
00266961,NAVER,2019,CFS,SCE,자본변동표,dart_OtherTransactions,기타,-1996987058,19674038681,18,KRW
00266961,NAVER,2019,CFS,SCE,자본변동표,dart_OtherTransactions,기타,-1996987058,19674038681,18,KRW
00266961,NAVER,2019,CFS,SCE,자본변동표,dart_OtherTransactions,기타,-48288450556,-40144321429,18,KRW
00266961,NAVER,2019,CFS,SCE,자본변동표,dart_OtherTransactions,기타,-46291463498,-59818360110,18,KRW
00266961,NAVER,2019,CFS,SCE,자본변동표,ifrs-full_Equity,기말자본,698698445309,708860507065,19,KRW
00266961,NAVER,2019,CFS,SCE,자본변동표,ifrs-full_Equity,기말자본,1575307844438,1540985517982,19,KRW
00266961,NAVER,2019,CFS,SCE,자본변동표,ifrs-full_Equity,기말자본,5805227623271,5240280006228,19,KRW
00266961,NAVER,2019,CFS,SCE,자본변동표,ifrs-full_Equity,기말자본,-1498653013809,-1546389664299,19,KRW
00266961,NAVER,2019,CFS,SCE,자본변동표,ifrs-full_Equity,기말자본,5712091453142,5229202813045,19,KRW
00266961,NAVER,2019,CFS,SCE,자본변동표,ifrs-full_Equity,기말자본,16481339500,16481339500,19,KRW
00266961,NAVER,2019,CFS,SCE,자본변동표,ifrs-full_Equity,기말자본,6503926068580,5949140513293,19,KRW
00266961,NAVER,2019,OFS,BS,재무상태표,ifrs-full_CurrentAssets,유동자산,880761992755,1226980759079,1,KRW
00266961,NAVER,2019,OFS,BS,재무상태표,ifrs-full_CashAndCashEquivalents,현금및현금성자산,414429035373,111029337132,2,KRW
00266961,NAVER,2019,OFS,BS,재무상태표,dart_ShortTermDepositsNotClassifiedAsCashEquivalents,단기금융상품,3998800000,232338861060,3,KRW
00266961,NAVER,2019,OFS,BS,재무상태표,-표준계정코드 미사용-,당기손익인식금융자산,,,4,KRW
00266961,NAVER,2019,OFS,BS,재무상태표,-표준계정코드 미사용-,당기손익-공정가치 측정 금융자산,11802308451,103754499866,5,KRW
00266961,NAVER,2019,OFS,BS,재무상태표,ifrs-full_TradeAndOtherCurrentReceivables,매출채권및기타채권,410689554192,706994025829,6,KRW
00266961,NAVER,2019,OFS,BS,재무상태표,dart_CurrentAvailableForSaleFinancialAssets,매도가능금융자산,,,7,KRW
00266961,NAVER,2019,OFS,BS,재무상태표,-표준계정코드 미사용-,기타포괄손익-공정가치 측정 금융자산,,32784625971,8,KRW
00266961,NAVER,2019,OFS,BS,재무상태표,dart_OtherCurrentAssets,기타유동자산,38935038474,37491967190,9,KRW
00266961,NAVER,2019,OFS,BS,재무상태표,ifrs-full_Inventories,재고자산,907256265,2587442031,10,KRW
00266961,NAVER,2019,OFS,BS,재무상태표,ifrs-full_NoncurrentAssets,비유동자산,5790825341027,4701611694177,11,KRW
00266961,NAVER,2019,OFS,BS,재무상태표,ifrs-full_PropertyPlantAndEquipment,유형자산,855943164259,806940724581,12,KRW
00266961,NAVER,2019,OFS,BS,재무상태표,ifrs-full_RightofuseAssets,사용권자산,24260629075,,13,KRW
00266961,NAVER,2019,OFS,BS,재무상태표,dart_GoodwillGross,무형자산,36324658454,38689880325,14,KRW
00266961,NAVER,2019,OFS,BS,재무상태표,dart_LongTermDepositsNotClassifiedAsCashEquivalents,장기금융상품,21193640000,21193640000,15,KRW
00266961,NAVER,2019,OFS,BS,재무상태표,dart_NonCurrentFairValueFinancialAsset,당기손익인식금융자산,,,16,KRW
00266961,NAVER,2019,OFS,BS,재무상태표,-표준계정코드 미사용-,당기손익-공정가치 측정 금융자산,1492283956575,1151895834472,17,KRW
00266961,NAVER,2019,OFS,BS,재무상태표,dart_LongTermTradeAndOtherNonCurrentReceivablesGross,매출채권및기타채권,36034353430,10796871189,18,KRW
00266961,NAVER,2019,OFS,BS,재무상태표,dart_NonCurrentAvailableForSaleFinancialAssets,매도가능금융자산,,,19,KRW
00266961,NAVER,2019,OFS,BS,재무상태표,-표준계정코드 미사용-,기타포괄손익-공정가치 측정 금융자산,444854718026,440062634465,20,KRW
00266961,NAVER,2019,OFS,BS,재무상태표,ifrs-full_InvestmentsInSubsidiariesJointVenturesAndAssociates,"종속기업, 관계기업 및 공동기업투자",2804011012118,2102324066199,21,KRW
00266961,NAVER,2019,OFS,BS,재무상태표,ifrs-full_DeferredTaxAssets,이연법인세자산,65002985690,120150050011,22,KRW
00266961,NAVER,2019,OFS,BS,재무상태표,dart_OtherNonCurrentAssets,기타비유동자산,10916223400,9557992935,23,KRW
00266961,NAVER,2019,OFS,BS,재무상태표,ifrs-full_Assets,자산총계,6671587333782,5928592453256,24,KRW
00266961,NAVER,2019,OFS,BS,재무상태표,ifrs-full_CurrentLiabilities,유동부채,908932799608,1210779989603,26,KRW
00266961,NAVER,2019,OFS,BS,재무상태표,ifrs-full_TradeAndOtherCurrentPayables,매입채무및기타채무,422526416408,308738948031,27,KRW
00266961,NAVER,2019,OFS,BS,재무상태표,-표준계정코드 미사용-,당기손익-공정가치 측정 금융부채,,7256076665,28,KRW
00266961,NAVER,2019,OFS,BS,재무상태표,dart_CurrentPortionOfBonds,유동성사채,,,29,KRW
00266961,NAVER,2019,OFS,BS,재무상태표,ifrs-full_CurrentTaxLiabilities,당기법인세부채,260073069099,226181546167,30,KRW
00266961,NAVER,2019,OFS,BS,재무상태표,ifrs-full_CurrentProvisions,충당부채,1899060110,1175493363,31,KRW
00266961,NAVER,2019,OFS,BS,재무상태표,ifrs-full_CurrentLeaseLiabilities,유동리스부채,18821003660,,32,KRW
00266961,NAVER,2019,OFS,BS,재무상태표,dart_OtherCurrentLiabilities,기타유동부채,205613250331,667427925377,33,KRW
00266961,NAVER,2019,OFS,BS,재무상태표,ifrs-full_NoncurrentLiabilities,비유동부채,233107661265,160930619841,34,KRW
00266961,NAVER,2019,OFS,BS,재무상태표,dart_LongTermTradeAndOtherNonCurrentPayables,매입채무및기타채무,8068802207,7212838490,35,KRW
00266961,NAVER,2019,OFS,BS,재무상태표,dart_PostemploymentBenefitObligations,순확정급여부채,184260624054,152548282722,36,KRW
00266961,NAVER,2019,OFS,BS,재무상태표,ifrs-full_NoncurrentProvisions,충당부채,1819748322,796234753,37,KRW
00266961,NAVER,2019,OFS,BS,재무상태표,ifrs-full_NoncurrentLeaseLiabilities,비유동리스부채,38637306142,,38,KRW
00266961,NAVER,2019,OFS,BS,재무상태표,dart_OtherNonCurrentLiabilities,기타비유동부채,321180540,373263876,39,KRW
00266961,NAVER,2019,OFS,BS,재무상태표,ifrs-full_Liabilities,부채총계,1142040460873,1371710609444,40,KRW
00266961,NAVER,2019,OFS,BS,재무상태표,ifrs-full_IssuedCapital,자본금,16481339500,16481339500,42,KRW
00266961,NAVER,2019,OFS,BS,재무상태표,dart_CapitalSurplus,자본잉여금,362406388434,362406388434,43,KRW
00266961,NAVER,2019,OFS,BS,재무상태표,dart_ElementsOfOtherStockholdersEquity,기타자본구성요소,-1548531531541,-1477546568301,44,KRW
00266961,NAVER,2019,OFS,BS,재무상태표,ifrs-full_RetainedEarnings,이익잉여금(결손금),6699190676516,5655540684179,45,KRW
00266961,NAVER,2019,OFS,BS,재무상태표,ifrs-full_Equity,자본총계,5529546872909,4556881843812,46,KRW
00266961,NAVER,2019,OFS,BS,재무상태표,ifrs-full_EquityAndLiabilities,자본과부채총계,6671587333782,5928592453256,47,KRW
00266961,NAVER,2019,OFS,CIS,포괄손익계산서,ifrs-full_Revenue,영업수익,3900013295633,3459014042545,0,KRW
00266961,NAVER,2019,OFS,CIS,포괄손익계산서,-표준계정코드 미사용-,영업비용,-2506201301207,-2195465089416,1,KRW
00266961,NAVER,2019,OFS,CIS,포괄손익계산서,dart_OperatingIncomeLoss,영업이익(손실),1393811994426,1263548953129,2,KRW
00266961,NAVER,2019,OFS,CIS,포괄손익계산서,dart_OtherGains,기타수익,19881970261,34248500036,3,KRW
00266961,NAVER,2019,OFS,CIS,포괄손익계산서,dart_OtherLosses,기타비용,99543705520,158244574044,4,KRW
00266961,NAVER,2019,OFS,CIS,포괄손익계산서,-표준계정코드 미사용-,이자수익,7819792284,20003925626,5,KRW
00266961,NAVER,2019,OFS,CIS,포괄손익계산서,ifrs-full_FinanceIncome,금융수익,267155641370,153034308231,6,KRW
00266961,NAVER,2019,OFS,CIS,포괄손익계산서,ifrs-full_FinanceCosts,금융비용,47629623696,89121314522,7,KRW
00266961,NAVER,2019,OFS,CIS,포괄손익계산서,ifrs-full_ProfitLossBeforeTax,법인세비용차감전순이익(손실),1541496069125,1223469798456,8,KRW
00266961,NAVER,2019,OFS,CIS,포괄손익계산서,ifrs-full_IncomeTaxExpenseContinuingOperations,법인세비용,448971525987,323047038865,9,KRW
00266961,NAVER,2019,OFS,CIS,포괄손익계산서,ifrs-full_ProfitLoss,당기순이익(손실),1092524543138,900422759591,10,KRW
00266961,NAVER,2019,OFS,CIS,포괄손익계산서,ifrs-full_OtherComprehensiveIncome,기타포괄손익,8821138556,-53887230319,11,KRW
00266961,NAVER,2019,OFS,CIS,포괄손익계산서,dart_OtherComprehensiveIncomeThatWillBeReclassifiedToProfitOrLossNetOfTax,당기손익으로 재분류될 수 있는 항목,297056077,3468321711,12,KRW
00266961,NAVER,2019,OFS,CIS,포괄손익계산서,ifrs-full_GainsLossesOnRemeasuringAvailableforsaleFinancialAssetsNetOfTax,매도가능금융자산-평가손익,,,13,KRW
00266961,NAVER,2019,OFS,CIS,포괄손익계산서,ifrs-full_ReclassificationAdjustmentsOnAvailableforsaleFinancialAssetsNetOfTax,매도가능금융자산-재분류조정,,,14,KRW
00266961,NAVER,2019,OFS,CIS,포괄손익계산서,ifrs-full_GainsLossesOnFinancialAssetsMeasuredAtFairValueThroughOtherComprehensiveIncomeNetOfTax,기타포괄손익-공정가치 측정 채무상품 평가손익,297056077,3468321711,15,KRW
00266961,NAVER,2019,OFS,CIS,포괄손익계산서,dart_OtherComprehensiveIncomeThatWillNotBeReclassifiedToProfitOrLossNetOfTax,당기손익으로 재분류되지 않는항목,8524082479,-57355552030,16,KRW
00266961,NAVER,2019,OFS,CIS,포괄손익계산서,-표준계정코드 미사용-,순확정급여부채의 재측정요소,-13343168446,11645748623,17,KRW
00266961,NAVER,2019,OFS,CIS,포괄손익계산서,-표준계정코드 미사용-,기타포괄손익-공정가치 측정 지분상품 평가손익,11611891278,-69115675153,18,KRW
00266961,NAVER,2019,OFS,CIS,포괄손익계산서,-표준계정코드 미사용-,기타포괄손익-공정가치 측정 지분상품 처분손익,10255359647,114374500,19,KRW
00266961,NAVER,2019,OFS,CIS,포괄손익계산서,ifrs-full_ComprehensiveIncome,총포괄이익,1101345681694,846535529272,20,KRW
00266961,NAVER,2019,OFS,CIS,포괄손익계산서,ifrs-full_BasicEarningsLossPerShare,기본주당이익(손실),7507,6157,22,KRW
00266961,NAVER,2019,OFS,CIS,포괄손익계산서,ifrs-full_DilutedEarningsLossPerShare,희석주당이익(손실),7507,6157,23,KRW
00266961,NAVER,2019,OFS,CF,현금흐름표,ifrs-full_CashFlowsFromUsedInOperatingActivities,영업활동현금흐름,1398627149171,980430301789,0,KRW
00266961,NAVER,2019,OFS,CF,현금흐름표,-표준계정코드 미사용-,영업으로부터 창출된 현금흐름,1724498206592,1333283780942,1,KRW
00266961,NAVER,2019,OFS,CF,현금흐름표,ifrs-full_InterestReceivedClassifiedAsOperatingActivities,이자수취,10306416837,20537977470,2,KRW
00266961,NAVER,2019,OFS,CF,현금흐름표,ifrs-full_InterestPaidClassifiedAsOperatingActivities,이자지급,1832925432,2395991956,3,KRW
00266961,NAVER,2019,OFS,CF,현금흐름표,ifrs-full_DividendsReceivedClassifiedAsOperatingActivities,배당금수취(영업),28780986878,26907439281,4,KRW
00266961,NAVER,2019,OFS,CF,현금흐름표,ifrs-full_IncomeTaxesPaidRefundClassifiedAsOperatingActivities,법인세납부(환급),363125535704,397902903948,5,KRW
00266961,NAVER,2019,OFS,CF,현금흐름표,ifrs-full_CashFlowsFromUsedInInvestingActivities,투자활동현금흐름,-950630469318,-1009576123965,6,KRW
00266961,NAVER,2019,OFS,CF,현금흐름표,-표준계정코드 미사용-,단기금융상품의 순감소(증가),219150000000,752470000000,7,KRW
00266961,NAVER,2019,OFS,CF,현금흐름표,dart_PurchaseOfLongTermFinancialInstruments,장기금융상품의 증가,,12400000000,8,KRW
00266961,NAVER,2019,OFS,CF,현금흐름표,dart_ProceedsFromSalesOfLongTermFinancialInstruments,장기금융상품의 감소,,10000000000,9,KRW
00266961,NAVER,2019,OFS,CF,현금흐름표,-표준계정코드 미사용-,당기손익인식금융자산의 순감소(증가),,,10,KRW
00266961,NAVER,2019,OFS,CF,현금흐름표,-표준계정코드 미사용-,당기손익-공정가치 측정 금융자산의 순감소(증가),-13069301749,-368512702784,11,KRW
00266961,NAVER,2019,OFS,CF,현금흐름표,ifrs-full_PurchaseOfPropertyPlantAndEquipmentClassifiedAsInvestingActivities,유형자산의 취득,84567828413,78675983650,12,KRW
00266961,NAVER,2019,OFS,CF,현금흐름표,ifrs-full_ProceedsFromSalesOfPropertyPlantAndEquipmentClassifiedAsInvestingActivities,유형자산의 처분,951525289,2251804241,13,KRW
00266961,NAVER,2019,OFS,CF,현금흐름표,ifrs-full_PurchaseOfIntangibleAssetsClassifiedAsInvestingActivities,무형자산의 취득,3819575914,5229676201,14,KRW
00266961,NAVER,2019,OFS,CF,현금흐름표,ifrs-full_ProceedsFromSalesOfIntangibleAssetsClassifiedAsInvestingActivities,무형자산의 처분,1343983185,3717175964,15,KRW
00266961,NAVER,2019,OFS,CF,현금흐름표,dart_PurchaseOfAvailableForSaleFinancialAssets,매도가능금융자산의 취득,,,16,KRW
00266961,NAVER,2019,OFS,CF,현금흐름표,dart_ProceedsFromSalesOfAvailableForSaleFinancialAssets,매도가능금융자산의 처분,,,17,KRW
00266961,NAVER,2019,OFS,CF,현금흐름표,-표준계정코드 미사용-,기타포괄손익-공정가치 측정 금융자산의 취득,8888500755,41282537436,18,KRW
00266961,NAVER,2019,OFS,CF,현금흐름표,-표준계정코드 미사용-,기타포괄손익-공정가치 측정 금융자산의 처분,48518637592,37660568148,19,KRW
00266961,NAVER,2019,OFS,CF,현금흐름표,dart_PurchaseOfInvestmentsInSubsidiariesJointVenturesAndAssociates,종속기업및관계기업투자주식의 취득,742186582086,1328738576493,20,KRW
00266961,NAVER,2019,OFS,CF,현금흐름표,dart_ProceedsFromSalesOfInvestmentsInSubsidiariesJointVenturesAndAssociates,종속기업및관계기업투자주식의 처분,33551733835,5307666359,21,KRW
00266961,NAVER,2019,OFS,CF,현금흐름표,dart_IncreaseInGuaranteeDeposits,임차보증금의 증가,5181472200,6805255858,23,KRW
00266961,NAVER,2019,OFS,CF,현금흐름표,dart_DecreaseInGuaranteeDeposits,임차보증금의 감소,1901454100,832569680,24,KRW
00266961,NAVER,2019,OFS,CF,현금흐름표,-표준계정코드 미사용-,합병으로 인한 현금유입,,19788824065,25,KRW
00266961,NAVER,2019,OFS,CF,현금흐름표,dart_ProceedsFromSalesOfFinanceLeaseAssets,리스채권의 회수,11766839089,,26,KRW
00266961,NAVER,2019,OFS,CF,현금흐름표,-표준계정코드 미사용-,분할로 인한 현금유출,-410101381291,,27,KRW
00266961,NAVER,2019,OFS,CF,현금흐름표,ifrs-full_OtherInflowsOutflowsOfCashClassifiedAsInvestingActivities,기타투자활동으로 인한 현금유출입액,,40000000,28,KRW
00266961,NAVER,2019,OFS,CF,현금흐름표,ifrs-full_CashFlowsFromUsedInFinancingActivities,재무활동현금흐름,-153370751111,-316928641866,29,KRW
00266961,NAVER,2019,OFS,CF,현금흐름표,ifrs-full_DividendsPaidClassifiedAsFinancingActivities,배당금지급,45901490260,42469708296,30,KRW
00266961,NAVER,2019,OFS,CF,현금흐름표,dart_AcquisitionOfTreasuryShares,자기주식의 취득,93689325190,124458933570,31,KRW
00266961,NAVER,2019,OFS,CF,현금흐름표,dart_DispositionOfTreasuryShares,자기주식의 처분,,,32,KRW
00266961,NAVER,2019,OFS,CF,현금흐름표,dart_ProceedsFromShortTermBorrowings,단기차입금의 증가,65000000000,406000000000,33,KRW
00266961,NAVER,2019,OFS,CF,현금흐름표,dart_RepaymentsOfShortTermBorrowings,단기차입금의 상환,65000000000,406000000000,34,KRW
00266961,NAVER,2019,OFS,CF,현금흐름표,-표준계정코드 미사용-,유동성사채의 상환,,150000000000,35,KRW
00266961,NAVER,2019,OFS,CF,현금흐름표,ifrs-full_PaymentsOfFinanceLeaseLiabilitiesClassifiedAsFinancingActivities,리스부채의 상환,14437745610,,36,KRW
00266961,NAVER,2019,OFS,CF,현금흐름표,ifrs-full_OtherInflowsOutflowsOfCashClassifiedAsFinancingActivities,기타재무활동으로 인한 현금유출입,657809949,,37,KRW
00266961,NAVER,2019,OFS,CF,현금흐름표,ifrs-full_EffectOfExchangeRateChangesOnCashAndCashEquivalents,현금및현금성자산에 대한 환율변동효과,8773769499,-675429709,38,KRW
00266961,NAVER,2019,OFS,CF,현금흐름표,ifrs-full_IncreaseDecreaseInCashAndCashEquivalents,현금및현금성자산의순증가(감소),303399698241,-346749893751,39,KRW
00266961,NAVER,2019,OFS,CF,현금흐름표,dart_CashAndCashEquivalentsAtBeginningOfPeriodCf,기초현금및현금성자산,111029337132,457779230883,40,KRW
00266961,NAVER,2019,OFS,CF,현금흐름표,dart_CashAndCashEquivalentsAtEndOfPeriodCf,분기말현금및현금성자산,414429035373,111029337132,41,KRW
00266961,NAVER,2019,OFS,SCE,자본변동표,dart_EquityAtBeginningOfPeriod,기초자본,16481339500,16481339500,1,KRW
00266961,NAVER,2019,OFS,SCE,자본변동표,dart_EquityAtBeginningOfPeriod,기초자본,5655540684179,4733331885906,1,KRW
00266961,NAVER,2019,OFS,SCE,자본변동표,dart_EquityAtBeginningOfPeriod,기초자본,362406388434,362406388434,1,KRW
00266961,NAVER,2019,OFS,SCE,자본변동표,dart_EquityAtBeginningOfPeriod,기초자본,4556881843812,3933860624671,1,KRW
00266961,NAVER,2019,OFS,SCE,자본변동표,dart_EquityAtBeginningOfPeriod,기초자본,-1477546568301,-1178358989169,1,KRW
00266961,NAVER,2019,OFS,SCE,자본변동표,-표준계정코드 미사용-,회계정책의 변경효과,,-49646390696,2,KRW
00266961,NAVER,2019,OFS,SCE,자본변동표,-표준계정코드 미사용-,회계정책의 변경효과,-285642,2963607659,2,KRW
00266961,NAVER,2019,OFS,SCE,자본변동표,-표준계정코드 미사용-,회계정책의 변경효과,-285642,52609998355,2,KRW
00266961,NAVER,2019,OFS,SCE,자본변동표,-표준계정코드 미사용-,수정후 금액,4556881558170,3936824232330,3,KRW
00266961,NAVER,2019,OFS,SCE,자본변동표,-표준계정코드 미사용-,수정후 금액,-1477546568301,-1228005379865,3,KRW
00266961,NAVER,2019,OFS,SCE,자본변동표,-표준계정코드 미사용-,수정후 금액,5655540398537,4785941884261,3,KRW
00266961,NAVER,2019,OFS,SCE,자본변동표,-표준계정코드 미사용-,수정후 금액,362406388434,362406388434,3,KRW
00266961,NAVER,2019,OFS,SCE,자본변동표,-표준계정코드 미사용-,수정후 금액,16481339500,16481339500,3,KRW
00266961,NAVER,2019,OFS,SCE,자본변동표,ifrs-full_ProfitLoss,당기순이익(손실),1092524543138,900422759591,4,KRW
00266961,NAVER,2019,OFS,SCE,자본변동표,ifrs-full_ProfitLoss,당기순이익(손실),1092524543138,900422759591,4,KRW
00266961,NAVER,2019,OFS,SCE,자본변동표,-표준계정코드 미사용-,매도가능금융자산평가손익,,,5,KRW
00266961,NAVER,2019,OFS,SCE,자본변동표,-표준계정코드 미사용-,매도가능금융자산평가손익,,,5,KRW
00266961,NAVER,2019,OFS,SCE,자본변동표,-표준계정코드 미사용-,기타포괄손익-공정가치 측정 채무상품 평가손익,297056077,3468321711,6,KRW
00266961,NAVER,2019,OFS,SCE,자본변동표,-표준계정코드 미사용-,기타포괄손익-공정가치 측정 채무상품 평가손익,297056077,3468321711,6,KRW
00266961,NAVER,2019,OFS,SCE,자본변동표,-표준계정코드 미사용-,기타포괄손익-공정가치 측정 지분상품 평가손익,11611891278,-69115675153,7,KRW
00266961,NAVER,2019,OFS,SCE,자본변동표,-표준계정코드 미사용-,기타포괄손익-공정가치 측정 지분상품 평가손익,11611891278,-69115675153,7,KRW
00266961,NAVER,2019,OFS,SCE,자본변동표,-표준계정코드 미사용-,기타포괄손익-공정가치 측정 지분상품 처분손익,-115033900,114374500,8,KRW
00266961,NAVER,2019,OFS,SCE,자본변동표,-표준계정코드 미사용-,기타포괄손익-공정가치 측정 지분상품 처분손익,10370393547,,8,KRW
00266961,NAVER,2019,OFS,SCE,자본변동표,-표준계정코드 미사용-,기타포괄손익-공정가치 측정 지분상품 처분손익,10255359647,114374500,8,KRW
00266961,NAVER,2019,OFS,SCE,자본변동표,-표준계정코드 미사용-,순확정급여부채의 재측정요,-13343168446,11645748623,9,KRW
00266961,NAVER,2019,OFS,SCE,자본변동표,-표준계정코드 미사용-,순확정급여부채의 재측정요,-13343168446,11645748623,9,KRW
00266961,NAVER,2019,OFS,SCE,자본변동표,ifrs-full_DividendsPaid,배당금지급,45901490260,42469708296,10,KRW
00266961,NAVER,2019,OFS,SCE,자본변동표,ifrs-full_DividendsPaid,배당금지급,45901490260,42469708296,10,KRW
00266961,NAVER,2019,OFS,SCE,자본변동표,-표준계정코드 미사용-,자산양수도,,,11,KRW
00266961,NAVER,2019,OFS,SCE,자본변동표,-표준계정코드 미사용-,자산양수도,,,11,KRW
00266961,NAVER,2019,OFS,SCE,자본변동표,dart_TreasuryShareTransactions,자기주식 거래로 인한 증감,-93689325190,-124458933570,12,KRW
00266961,NAVER,2019,OFS,SCE,자본변동표,dart_TreasuryShareTransactions,자기주식 거래로 인한 증감,-93689325190,-124458933570,12,KRW
00266961,NAVER,2019,OFS,SCE,자본변동표,dart_TreasuryShareTransactions,자기주식 거래로 인한 증감,,,12,KRW
00266961,NAVER,2019,OFS,SCE,자본변동표,dart_ShareBasedPaymentTransactions,주식보상비용,10910448495,,13,KRW
00266961,NAVER,2019,OFS,SCE,자본변동표,dart_ShareBasedPaymentTransactions,주식보상비용,10910448495,,13,KRW
00266961,NAVER,2019,OFS,SCE,자본변동표,-표준계정코드 미사용-,종속기업 합병,,-59549275924,14,KRW
00266961,NAVER,2019,OFS,SCE,자본변동표,-표준계정코드 미사용-,종속기업 합병,,-59549275924,14,KRW
00266961,NAVER,2019,OFS,SCE,자본변동표,ifrs-full_Equity,기말자본,362406388434,362406388434,15,KRW
00266961,NAVER,2019,OFS,SCE,자본변동표,ifrs-full_Equity,기말자본,16481339500,16481339500,15,KRW
00266961,NAVER,2019,OFS,SCE,자본변동표,ifrs-full_Equity,기말자본,-1548531531541,-1477546568301,15,KRW
00266961,NAVER,2019,OFS,SCE,자본변동표,ifrs-full_Equity,기말자본,5529546872909,4556881843812,15,KRW
00266961,NAVER,2019,OFS,SCE,자본변동표,ifrs-full_Equity,기말자본,6699190676516,5655540684179,15,KRW
00266961,NAVER,2020,CFS,BS,재무상태표,ifrs-full_CurrentAssets,유동자산,10544659200319,5643714459664,1,KRW
00266961,NAVER,2020,CFS,BS,재무상태표,ifrs-full_CashAndCashEquivalents,현금및현금성자산,1600304349922,3740513761418,2,KRW
00266961,NAVER,2020,CFS,BS,재무상태표,dart_ShortTermDepositsNotClassifiedAsCashEquivalents,단기금융상품,291292142737,289910618872,3,KRW
00266961,NAVER,2020,CFS,BS,재무상태표,-표준계정코드 미사용-,당기손익-공정가치 측정 금융자산,922939095062,12920430454,4,KRW
00266961,NAVER,2020,CFS,BS,재무상태표,ifrs-full_TradeAndOtherCurrentReceivables,매출채권및기타채권,986826023076,1211072909858,5,KRW
00266961,NAVER,2020,CFS,BS,재무상태표,-표준계정코드 미사용-,기타포괄손익-공정가치 측정 금융자산,,63916531256,6,KRW
00266961,NAVER,2020,CFS,BS,재무상태표,ifrs-full_Inventories,재고자산,4344942323,55114731809,7,KRW
00266961,NAVER,2020,CFS,BS,재무상태표,ifrs-full_CurrentTaxAssets,당기법인세자산,996472888,12717980739,8,KRW
00266961,NAVER,2020,CFS,BS,재무상태표,dart_OtherCurrentAssets,기타유동자산,77702716446,257547495258,9,KRW
00266961,NAVER,2020,CFS,BS,재무상태표,-표준계정코드 미사용-,매각예정자산,6660253457865,,10,KRW
00266961,NAVER,2020,CFS,BS,재무상태표,ifrs-full_NoncurrentAssets,비유동자산,6469579463451,6655812661122,11,KRW
00266961,NAVER,2020,CFS,BS,재무상태표,ifrs-full_PropertyPlantAndEquipment,유형자산,1684563340866,1596271317726,12,KRW
00266961,NAVER,2020,CFS,BS,재무상태표,ifrs-full_RightofuseAssets,사용권자산,129537198819,697351304664,13,KRW
00266961,NAVER,2020,CFS,BS,재무상태표,dart_GoodwillGross,무형자산,105136186861,341442833327,14,KRW
00266961,NAVER,2020,CFS,BS,재무상태표,dart_LongTermDepositsNotClassifiedAsCashEquivalents,장기금융상품,14255722000,24034591006,15,KRW
00266961,NAVER,2020,CFS,BS,재무상태표,-표준계정코드 미사용-,당기손익-공정가치 측정 금융자산,1801384240769,1229097428653,16,KRW
00266961,NAVER,2020,CFS,BS,재무상태표,dart_LongTermTradeAndOtherNonCurrentReceivablesGross,매출채권및기타채권,28578223832,124821356161,17,KRW
00266961,NAVER,2020,CFS,BS,재무상태표,-표준계정코드 미사용-,기타포괄손익-공정가치 측정 금융자산,1330951990243,675602433315,18,KRW
00266961,NAVER,2020,CFS,BS,재무상태표,ifrs-full_InvestmentAccountedForUsingEquityMethod,관계기업및공동기업 투자,1199425686734,1558268184714,19,KRW
00266961,NAVER,2020,CFS,BS,재무상태표,ifrs-full_DeferredTaxAssets,이연법인세자산,108572845624,381279417985,20,KRW
00266961,NAVER,2020,CFS,BS,재무상태표,dart_OtherNonCurrentAssets,기타비유동자산,67174027703,27643793571,21,KRW
00266961,NAVER,2020,CFS,BS,재무상태표,ifrs-full_Assets,자산총계,17014238663770,12299527120786,22,KRW
00266961,NAVER,2020,CFS,BS,재무상태표,ifrs-full_CurrentLiabilities,유동부채,7911751492331,3773118830740,24,KRW
00266961,NAVER,2020,CFS,BS,재무상태표,ifrs-full_TradeAndOtherCurrentPayables,매입채무및기타채무,689280186019,1211070361564,25,KRW
00266961,NAVER,2020,CFS,BS,재무상태표,ifrs-full_CurrentFinancialLiabilitiesAtFairValueThroughProfitOrLossDesignatedUponInitialRecognition,당기손익-공정가치 측정 금융부채,17137640886,649038368,26,KRW
00266961,NAVER,2020,CFS,BS,재무상태표,ifrs-full_ShorttermBorrowings,단기차입금,576223326575,559584776483,27,KRW
00266961,NAVER,2020,CFS,BS,재무상태표,ifrs-full_CurrentPortionOfLongtermBorrowings,유동성장기차입금,,,28,KRW
00266961,NAVER,2020,CFS,BS,재무상태표,ifrs-full_CurrentTaxLiabilities,당기법인세부채,384340634677,313781745056,29,KRW
00266961,NAVER,2020,CFS,BS,재무상태표,ifrs-full_CurrentProvisions,충당부채,31708383889,3822401193,30,KRW
00266961,NAVER,2020,CFS,BS,재무상태표,ifrs-full_CurrentLeaseLiabilities,리스부채,53345709463,168937301210,31,KRW
00266961,NAVER,2020,CFS,BS,재무상태표,dart_OtherCurrentLiabilities,기타유동부채,1484474330127,1515273206866,32,KRW
00266961,NAVER,2020,CFS,BS,재무상태표,-표준계정코드 미사용-,매각예정부채,4675241280695,,33,KRW
00266961,NAVER,2020,CFS,BS,재무상태표,ifrs-full_NoncurrentLiabilities,비유동부채,847355136226,2022482221466,34,KRW
00266961,NAVER,2020,CFS,BS,재무상태표,dart_LongTermTradeAndOtherNonCurrentPayables,매입채무및기타채무,68448327272,42469680072,35,KRW
00266961,NAVER,2020,CFS,BS,재무상태표,ifrs-full_NoncurrentFinancialLiabilitiesAtFairValueThroughProfitOrLossDesignatedUponInitialRecognition,당기손익-공정가치 측정 금융부채,7962264800,8339734792,36,KRW
00266961,NAVER,2020,CFS,BS,재무상태표,dart_LongTermBorrowingsGross,장기차입금,150678259061,50039880125,37,KRW
00266961,NAVER,2020,CFS,BS,재무상태표,dart_BondsIssued,사채,,752270184693,38,KRW
00266961,NAVER,2020,CFS,BS,재무상태표,dart_PostemploymentBenefitObligations,순확정급여부채,462094245426,473437955422,39,KRW
00266961,NAVER,2020,CFS,BS,재무상태표,ifrs-full_NoncurrentProvisions,충당부채,9186175870,59046834258,40,KRW
00266961,NAVER,2020,CFS,BS,재무상태표,ifrs-full_NoncurrentLeaseLiabilities,리스부채,92170749140,555287968236,41,KRW
00266961,NAVER,2020,CFS,BS,재무상태표,ifrs-full_DeferredTaxLiabilities,이연법인세부채,56519491022,80453751124,42,KRW
00266961,NAVER,2020,CFS,BS,재무상태표,dart_OtherNonCurrentLiabilities,기타비유동부채,295623635,1136232744,43,KRW
00266961,NAVER,2020,CFS,BS,재무상태표,ifrs-full_Liabilities,부채총계,8759106628557,5795601052206,44,KRW
00266961,NAVER,2020,CFS,BS,재무상태표,ifrs-full_EquityAttributableToOwnersOfParent,지배기업의 소유주에게 귀속되는 자본,7367219163302,5805227623271,46,KRW
00266961,NAVER,2020,CFS,BS,재무상태표,ifrs-full_IssuedCapital,자본금,16481339500,16481339500,47,KRW
00266961,NAVER,2020,CFS,BS,재무상태표,dart_CapitalSurplus,자본잉여금,1793273489872,1575307844438,48,KRW
00266961,NAVER,2020,CFS,BS,재무상태표,dart_ElementsOfOtherStockholdersEquity,기타자본구성요소,-1059479508530,-1498653013809,49,KRW
00266961,NAVER,2020,CFS,BS,재무상태표,-표준계정코드 미사용-,매각예정자산 관련 기타포괄손익누계액,-37870641018,,50,KRW
00266961,NAVER,2020,CFS,BS,재무상태표,ifrs-full_RetainedEarnings,이익잉여금(결손금),6654814483478,5712091453142,51,KRW
00266961,NAVER,2020,CFS,BS,재무상태표,ifrs-full_NoncontrollingInterests,비지배지분,887912871911,698698445309,52,KRW
00266961,NAVER,2020,CFS,BS,재무상태표,ifrs-full_Equity,자본총계,8255132035213,6503926068580,53,KRW
00266961,NAVER,2020,CFS,BS,재무상태표,ifrs-full_EquityAndLiabilities,자본과부채총계,17014238663770,12299527120786,54,KRW
00266961,NAVER,2020,CFS,CIS,포괄손익계산서,ifrs-full_Revenue,영업수익,5304145900386,4356239667491,0,KRW
00266961,NAVER,2020,CFS,CIS,포괄손익계산서,-표준계정코드 미사용-,영업비용,-4088803443113,-3201214223612,1,KRW
00266961,NAVER,2020,CFS,CIS,포괄손익계산서,dart_OperatingIncomeLoss,영업이익(손실),1215342457273,1155025443879,2,KRW
00266961,NAVER,2020,CFS,CIS,포괄손익계산서,dart_OtherGains,기타수익,43356685840,49155181402,3,KRW
00266961,NAVER,2020,CFS,CIS,포괄손익계산서,dart_OtherLosses,기타비용,118822813655,68575887239,4,KRW
00266961,NAVER,2020,CFS,CIS,포괄손익계산서,-표준계정코드 미사용-,이자수익,15997193160,11465169998,5,KRW
00266961,NAVER,2020,CFS,CIS,포괄손익계산서,ifrs-full_FinanceIncome,금융수익,508563848219,333130417324,6,KRW
00266961,NAVER,2020,CFS,CIS,포괄손익계산서,ifrs-full_FinanceCosts,금융비용,146432800279,107368331367,7,KRW
00266961,NAVER,2020,CFS,CIS,포괄손익계산서,-표준계정코드 미사용-,지분법손익,115554340355,18424132130,8,KRW
00266961,NAVER,2020,CFS,CIS,포괄손익계산서,ifrs-full_ProfitLossBeforeTax,법인세비용차감전순이익(손실),1633558910913,1391256126127,9,KRW
00266961,NAVER,2020,CFS,CIS,포괄손익계산서,ifrs-full_IncomeTaxExpenseContinuingOperations,법인세비용,492534781634,470550410267,10,KRW
00266961,NAVER,2020,CFS,CIS,포괄손익계산서,ifrs-full_ProfitLossFromContinuingOperations,계속영업순이익(손실),1141024129279,920705715860,11,KRW
00266961,NAVER,2020,CFS,CIS,포괄손익계산서,ifrs-full_ProfitLossFromDiscontinuedOperations,중단영업이익(손실),-296027152130,-523884653395,12,KRW
00266961,NAVER,2020,CFS,CIS,포괄손익계산서,ifrs-full_ProfitLoss,당기순이익(손실),844996977149,396821062465,13,KRW
00266961,NAVER,2020,CFS,CIS,포괄손익계산서,-표준계정코드 미사용-,계속영업이익,1144888651236,934306914911,16,KRW
00266961,NAVER,2020,CFS,CIS,포괄손익계산서,-표준계정코드 미사용-,중단영업손실,-142801884857,-351255010262,17,KRW
00266961,NAVER,2020,CFS,CIS,포괄손익계산서,-표준계정코드 미사용-,계속영업손실,-3864521957,-13601199051,19,KRW
00266961,NAVER,2020,CFS,CIS,포괄손익계산서,-표준계정코드 미사용-,중단영업손실,-153225267273,-172629643133,20,KRW
00266961,NAVER,2020,CFS,CIS,포괄손익계산서,ifrs-full_OtherComprehensiveIncome,기타포괄손익,221200846911,138730945419,21,KRW
00266961,NAVER,2020,CFS,CIS,포괄손익계산서,dart_OtherComprehensiveIncomeThatWillBeReclassifiedToProfitOrLossNetOfTax,당기손익으로 재분류될 수 있는 항목,17441573739,145977055953,22,KRW
00266961,NAVER,2020,CFS,CIS,포괄손익계산서,ifrs-full_GainsLossesOnFinancialAssetsMeasuredAtFairValueThroughOtherComprehensiveIncomeNetOfTax,기타포괄손익-공정가치 측정 채무상품 평가손익,-730019603,248538199,23,KRW
00266961,NAVER,2020,CFS,CIS,포괄손익계산서,ifrs-full_GainsLossesOnExchangeDifferencesOnTranslationNetOfTax,해외사업환산손익,76248398266,139029178403,24,KRW
00266961,NAVER,2020,CFS,CIS,포괄손익계산서,-표준계정코드 미사용-,지분법자본변동,-58076804924,6699339351,25,KRW
00266961,NAVER,2020,CFS,CIS,포괄손익계산서,dart_OtherComprehensiveIncomeThatWillNotBeReclassifiedToProfitOrLossNetOfTax,당기손익으로 재분류되지 않는항목,203759273172,-7246110534,26,KRW
00266961,NAVER,2020,CFS,CIS,포괄손익계산서,-표준계정코드 미사용-,기타포괄손익-공정가치 측정 지분상품 평가손익,168450037860,50343180326,27,KRW
00266961,NAVER,2020,CFS,CIS,포괄손익계산서,-표준계정코드 미사용-,기타포괄손익-공정가치 측정 지분상품 처분손익,37778484516,-4611398596,28,KRW
00266961,NAVER,2020,CFS,CIS,포괄손익계산서,-표준계정코드 미사용-,지분법자본변동,-1084708978,14147944,29,KRW
00266961,NAVER,2020,CFS,CIS,포괄손익계산서,-표준계정코드 미사용-,순확정급여부채의 재측정요소,-1384540226,-52992040208,30,KRW
00266961,NAVER,2020,CFS,CIS,포괄손익계산서,ifrs-full_ComprehensiveIncome,총포괄이익,1066197824060,535552007884,31,KRW
00266961,NAVER,2020,CFS,CIS,포괄손익계산서,ifrs-full_ComprehensiveIncomeAttributableToOwnersOfParent,"총 포괄손익, 지배기업의 소유주에게 귀속되는 지분",1219788331559,659506460173,33,KRW
00266961,NAVER,2020,CFS,CIS,포괄손익계산서,ifrs-full_ComprehensiveIncomeAttributableToNoncontrollingInterests,"총 포괄손익, 비지배지분",-153590507499,-123954452289,34,KRW
00266961,NAVER,2020,CFS,CIS,포괄손익계산서,ifrs-full_BasicEarningsLossPerShareFromContinuingOperations,계속영업기본주당이익(손실),7857,6420,37,KRW
00266961,NAVER,2020,CFS,CIS,포괄손익계산서,ifrs-full_BasicEarningsLossPerShareFromDiscontinuedOperations,중단영업기본주당이익(손실),-980,-2414,38,KRW
00266961,NAVER,2020,CFS,CIS,포괄손익계산서,ifrs-full_DilutedEarningsLossPerShareFromContinuingOperations,계속영업희석주당이익(손실),7813,6420,40,KRW
00266961,NAVER,2020,CFS,CIS,포괄손익계산서,ifrs-full_DilutedEarningsLossPerShareFromDiscontinuedOperations,중단영업희석주당이익(손실),-980,-2414,41,KRW
00266961,NAVER,2020,CFS,CF,현금흐름표,ifrs-full_CashFlowsFromUsedInOperatingActivities,영업활동현금흐름,1447212217640,1356843480419,0,KRW
00266961,NAVER,2020,CFS,CF,현금흐름표,-표준계정코드 미사용-,영업으로부터 창출된 현금흐름,2041772594491,1835912025978,1,KRW
00266961,NAVER,2020,CFS,CF,현금흐름표,ifrs-full_InterestReceivedClassifiedAsOperatingActivities,이자수입,20014015757,17559981761,2,KRW
00266961,NAVER,2020,CFS,CF,현금흐름표,ifrs-full_InterestPaidClassifiedAsOperatingActivities,이자지급,71543208626,39296364906,3,KRW
00266961,NAVER,2020,CFS,CF,현금흐름표,ifrs-full_DividendsReceivedClassifiedAsOperatingActivities,배당금수취(영업),30187486156,20742864205,4,KRW
00266961,NAVER,2020,CFS,CF,현금흐름표,ifrs-full_IncomeTaxesPaidRefundClassifiedAsOperatingActivities,법인세납부(환급),573218670138,478075026619,5,KRW
00266961,NAVER,2020,CFS,CF,현금흐름표,ifrs-full_CashFlowsFromUsedInInvestingActivities,투자활동현금흐름,-2503202276036,-1078128842424,6,KRW
00266961,NAVER,2020,CFS,CF,현금흐름표,-표준계정코드 미사용-,단기금융상품의 순증감,-25654808271,162122479766,7,KRW
00266961,NAVER,2020,CFS,CF,현금흐름표,-표준계정코드 미사용-,장기금융상품의 증가,2560000000,,8,KRW
00266961,NAVER,2020,CFS,CF,현금흐름표,-표준계정코드 미사용-,장기금융상품의 감소,21200000000,,9,KRW
00266961,NAVER,2020,CFS,CF,현금흐름표,-표준계정코드 미사용-,당기손익-공정가치 측정 금융자산의 취득,5243104789547,362880751518,10,KRW
00266961,NAVER,2020,CFS,CF,현금흐름표,-표준계정코드 미사용-,당기손익-공정가치 측정 금융자산의 처분,3894138692719,192427912981,11,KRW
00266961,NAVER,2020,CFS,CF,현금흐름표,ifrs-full_PurchaseOfPropertyPlantAndEquipmentClassifiedAsInvestingActivities,유형자산의 취득,759403180962,435908502083,12,KRW
00266961,NAVER,2020,CFS,CF,현금흐름표,ifrs-full_ProceedsFromSalesOfPropertyPlantAndEquipmentClassifiedAsInvestingActivities,유형자산의 처분,8987856807,6743736986,13,KRW
00266961,NAVER,2020,CFS,CF,현금흐름표,-표준계정코드 미사용-,리스채권의 회수,1417837269,257941120,14,KRW
00266961,NAVER,2020,CFS,CF,현금흐름표,ifrs-full_PurchaseOfIntangibleAssetsClassifiedAsInvestingActivities,무형자산의 취득,106290121972,75729758448,15,KRW
00266961,NAVER,2020,CFS,CF,현금흐름표,ifrs-full_ProceedsFromSalesOfIntangibleAssetsClassifiedAsInvestingActivities,무형자산의 처분,3304588760,4766029881,16,KRW
00266961,NAVER,2020,CFS,CF,현금흐름표,-표준계정코드 미사용-,기타포괄손익-공정가치 측정 금융자산의 취득,50971937342,40967500755,17,KRW
00266961,NAVER,2020,CFS,CF,현금흐름표,-표준계정코드 미사용-,기타포괄손익-공정가치 측정 금융자산의 처분,232310319161,97789083542,18,KRW
00266961,NAVER,2020,CFS,CF,현금흐름표,-표준계정코드 미사용-,관계기업및공동기업투자의 취득,504730950380,621718974099,19,KRW
00266961,NAVER,2020,CFS,CF,현금흐름표,-표준계정코드 미사용-,관계기업및공동기업투자의 처분,104952900033,18714872614,20,KRW
00266961,NAVER,2020,CFS,CF,현금흐름표,-표준계정코드 미사용-,사업결합으로 인한 현금의 증감,2260617141,-4991454614,21,KRW
00266961,NAVER,2020,CFS,CF,현금흐름표,dart_ProceedsFromSalesOfInvestmentsInSubsidiaries,종속기업의 처분,-20383308053,9787731685,22,KRW
00266961,NAVER,2020,CFS,CF,현금흐름표,-표준계정코드 미사용-,단기대여금의 순증감,-35244144863,3807864455,23,KRW
00266961,NAVER,2020,CFS,CF,현금흐름표,-표준계정코드 미사용-,장기대여금의 순증감,-11864566845,90000000,24,KRW
00266961,NAVER,2020,CFS,CF,현금흐름표,ifrs-full_OtherInflowsOutflowsOfCashClassifiedAsInvestingActivities,기타투자활동으로 인한 현금유출입액,-11567279691,-32439553937,25,KRW
00266961,NAVER,2020,CFS,CF,현금흐름표,ifrs-full_CashFlowsFromUsedInFinancingActivities,재무활동현금흐름,1192133678978,52336566385,26,KRW
00266961,NAVER,2020,CFS,CF,현금흐름표,dart_ProceedsFromShortTermBorrowings,단기차입금의 차입,2116540667363,220649373194,27,KRW
00266961,NAVER,2020,CFS,CF,현금흐름표,dart_RepaymentsOfShortTermBorrowings,단기차입금의 상환,915187873624,76172581572,28,KRW
00266961,NAVER,2020,CFS,CF,현금흐름표,dart_ProceedsFromLongTermBorrowings,장기차입금의 차입,886562480808,,29,KRW
00266961,NAVER,2020,CFS,CF,현금흐름표,dart_ProceedsFromBonds,사채의 발행,5960669395,,30,KRW
00266961,NAVER,2020,CFS,CF,현금흐름표,dart_RepaymentsOfBonds,사채의 상환,789055599548,,31,KRW
00266961,NAVER,2020,CFS,CF,현금흐름표,-표준계정코드 미사용-,리스부채의 상환,-174107173293,-138021891444,32,KRW
00266961,NAVER,2020,CFS,CF,현금흐름표,dart_AcquisitionOfTreasuryShares,자기주식의 취득,15516003480,93689325190,33,KRW
00266961,NAVER,2020,CFS,CF,현금흐름표,-표준계정코드 미사용-,배당금 지급,54949639640,46861536936,34,KRW
00266961,NAVER,2020,CFS,CF,현금흐름표,-표준계정코드 미사용-,종속기업의 유상증자,1023167174015,179186404036,35,KRW
00266961,NAVER,2020,CFS,CF,현금흐름표,-표준계정코드 미사용-,비지배지분과의 거래로 인한 현금유입,46060159984,13072761459,36,KRW
00266961,NAVER,2020,CFS,CF,현금흐름표,-표준계정코드 미사용-,비지배지분과의 거래로 인한 현금유출,945751987650,5921420442,37,KRW
00266961,NAVER,2020,CFS,CF,현금흐름표,ifrs-full_OtherInflowsOutflowsOfCashClassifiedAsFinancingActivities,기타재무활동으로 인한 현금유출입,8410804648,94783280,38,KRW
00266961,NAVER,2020,CFS,CF,현금흐름표,ifrs-full_EffectOfExchangeRateChangesOnCashAndCashEquivalents,현금및현금성자산에 대한 환율변동효과,-30989618453,86578454471,39,KRW
00266961,NAVER,2020,CFS,CF,현금흐름표,ifrs-full_IncreaseDecreaseInCashAndCashEquivalents,현금및현금성자산의순증가(감소),105154002129,417629658851,40,KRW
00266961,NAVER,2020,CFS,CF,현금흐름표,dart_CashAndCashEquivalentsAtBeginningOfPeriodCf,기초현금및현금성자산,3740513761418,3322884102567,41,KRW
00266961,NAVER,2020,CFS,CF,현금흐름표,dart_CashAndCashEquivalentsAtEndOfPeriodCf,기말현금및현금성자산,3845667763547,3740513761418,42,KRW
00266961,NAVER,2020,CFS,CF,현금흐름표,-표준계정코드 미사용-,매각예정자산으로 분류된 현금및현금성자산,-2245363413625,,43,KRW
00266961,NAVER,2020,CFS,CF,현금흐름표,-표준계정코드 미사용-,기말 재무상태표상 현금및현금성자산,1600304349922,3740513761418,44,KRW
00266961,NAVER,2020,CFS,SCE,자본변동표,dart_EquityAtBeginningOfPeriod,기초자본,1575307844438,1540985517982,1,KRW
00266961,NAVER,2020,CFS,SCE,자본변동표,dart_EquityAtBeginningOfPeriod,기초자본,-1498653013809,-1546389664299,1,KRW
00266961,NAVER,2020,CFS,SCE,자본변동표,dart_EquityAtBeginningOfPeriod,기초자본,5712091453142,5229202813045,1,KRW
00266961,NAVER,2020,CFS,SCE,자본변동표,dart_EquityAtBeginningOfPeriod,기초자본,16481339500,16481339500,1,KRW
00266961,NAVER,2020,CFS,SCE,자본변동표,dart_EquityAtBeginningOfPeriod,기초자본,5805227623271,5240280006228,1,KRW
00266961,NAVER,2020,CFS,SCE,자본변동표,dart_EquityAtBeginningOfPeriod,기초자본,698698445309,708860507065,1,KRW
00266961,NAVER,2020,CFS,SCE,자본변동표,dart_EquityAtBeginningOfPeriod,기초자본,6503926068580,5949140513293,1,KRW
00266961,NAVER,2020,CFS,SCE,자본변동표,ifrs-full_IncreaseDecreaseThroughChangesInAccountingPolicies,회계정책의 변경효과,,-200802631,2,KRW
00266961,NAVER,2020,CFS,SCE,자본변동표,ifrs-full_IncreaseDecreaseThroughChangesInAccountingPolicies,회계정책의 변경효과,,-71478344,2,KRW
00266961,NAVER,2020,CFS,SCE,자본변동표,ifrs-full_IncreaseDecreaseThroughChangesInAccountingPolicies,회계정책의 변경효과,,-272280975,2,KRW
00266961,NAVER,2020,CFS,SCE,자본변동표,ifrs-full_IncreaseDecreaseThroughChangesInAccountingPolicies,회계정책의 변경효과,,-200802631,2,KRW
00266961,NAVER,2020,CFS,SCE,자본변동표,ifrs-full_IncreaseDecreaseThroughChangesInAccountingPolicies,회계정책의 변경효과,,,2,KRW
00266961,NAVER,2020,CFS,SCE,자본변동표,-표준계정코드 미사용-,수정후 금액,16481339500,16481339500,3,KRW
00266961,NAVER,2020,CFS,SCE,자본변동표,-표준계정코드 미사용-,수정후 금액,1575307844438,1540985517982,3,KRW
00266961,NAVER,2020,CFS,SCE,자본변동표,-표준계정코드 미사용-,수정후 금액,-1498653013809,-1546389664299,3,KRW
00266961,NAVER,2020,CFS,SCE,자본변동표,-표준계정코드 미사용-,수정후 금액,698698445309,708789028721,3,KRW
00266961,NAVER,2020,CFS,SCE,자본변동표,-표준계정코드 미사용-,수정후 금액,5712091453142,5229002010414,3,KRW
00266961,NAVER,2020,CFS,SCE,자본변동표,-표준계정코드 미사용-,수정후 금액,5805227623271,5240079203597,3,KRW
00266961,NAVER,2020,CFS,SCE,자본변동표,-표준계정코드 미사용-,수정후 금액,6503926068580,5948868232318,3,KRW
00266961,NAVER,2020,CFS,SCE,자본변동표,ifrs-full_ProfitLoss,당기순이익(손실),1002086766379,583051904649,4,KRW
00266961,NAVER,2020,CFS,SCE,자본변동표,ifrs-full_ProfitLoss,당기순이익(손실),-157089789230,-186230842184,4,KRW
00266961,NAVER,2020,CFS,SCE,자본변동표,ifrs-full_ProfitLoss,당기순이익(손실),844996977149,396821062465,4,KRW
00266961,NAVER,2020,CFS,SCE,자본변동표,ifrs-full_ProfitLoss,당기순이익(손실),1002086766379,583051904649,4,KRW
00266961,NAVER,2020,CFS,SCE,자본변동표,-표준계정코드 미사용-,기타포괄손익-공정가치 채무상품 평가손익,-730019603,248538199,5,KRW
00266961,NAVER,2020,CFS,SCE,자본변동표,-표준계정코드 미사용-,기타포괄손익-공정가치 채무상품 평가손익,,,5,KRW
00266961,NAVER,2020,CFS,SCE,자본변동표,-표준계정코드 미사용-,기타포괄손익-공정가치 채무상품 평가손익,-730019603,248538199,5,KRW
00266961,NAVER,2020,CFS,SCE,자본변동표,-표준계정코드 미사용-,기타포괄손익-공정가치 채무상품 평가손익,-730019603,248538199,5,KRW
00266961,NAVER,2020,CFS,SCE,자본변동표,-표준계정코드 미사용-,기타포괄손익-공정가치 지분상품 평가손익,158566524618,39580419489,6,KRW
00266961,NAVER,2020,CFS,SCE,자본변동표,-표준계정코드 미사용-,기타포괄손익-공정가치 지분상품 평가손익,9883513242,10762760837,6,KRW
00266961,NAVER,2020,CFS,SCE,자본변동표,-표준계정코드 미사용-,기타포괄손익-공정가치 지분상품 평가손익,158566524618,39580419489,6,KRW
00266961,NAVER,2020,CFS,SCE,자본변동표,-표준계정코드 미사용-,기타포괄손익-공정가치 지분상품 평가손익,168450037860,50343180326,6,KRW
00266961,NAVER,2020,CFS,SCE,자본변동표,-표준계정코드 미사용-,기타포괄손익-공정가치 지분상품 처분손익,37778484516,-4611398596,7,KRW
00266961,NAVER,2020,CFS,SCE,자본변동표,-표준계정코드 미사용-,기타포괄손익-공정가치 지분상품 처분손익,37778484516,-4611398596,7,KRW
00266961,NAVER,2020,CFS,SCE,자본변동표,-표준계정코드 미사용-,기타포괄손익-공정가치 지분상품 처분손익,,-115033900,7,KRW
00266961,NAVER,2020,CFS,SCE,자본변동표,-표준계정코드 미사용-,기타포괄손익-공정가치 지분상품 처분손익,37778484516,-4496364696,7,KRW
00266961,NAVER,2020,CFS,SCE,자본변동표,-표준계정코드 미사용-,해외사업환산손익,-7915571630,51280978794,8,KRW
00266961,NAVER,2020,CFS,SCE,자본변동표,-표준계정코드 미사용-,해외사업환산손익,84163969896,87748199609,8,KRW
00266961,NAVER,2020,CFS,SCE,자본변동표,-표준계정코드 미사용-,해외사업환산손익,76248398266,139029178403,8,KRW
00266961,NAVER,2020,CFS,SCE,자본변동표,-표준계정코드 미사용-,해외사업환산손익,84163969896,87748199609,8,KRW
00266961,NAVER,2020,CFS,SCE,자본변동표,-표준계정코드 미사용-,지분법자본변동,-59161513902,6713487295,9,KRW
00266961,NAVER,2020,CFS,SCE,자본변동표,-표준계정코드 미사용-,지분법자본변동,-59070748325,3067608885,9,KRW
00266961,NAVER,2020,CFS,SCE,자본변동표,-표준계정코드 미사용-,지분법자본변동,-59070748325,3053460941,9,KRW
00266961,NAVER,2020,CFS,SCE,자본변동표,-표준계정코드 미사용-,지분법자본변동,,14147944,9,KRW
00266961,NAVER,2020,CFS,SCE,자본변동표,-표준계정코드 미사용-,지분법자본변동,-90765577,3645878410,9,KRW
00266961,NAVER,2020,CFS,SCE,자본변동표,-표준계정코드 미사용-,순확정급여부채 재측정요소,1622105696,-3413285299,10,KRW
00266961,NAVER,2020,CFS,SCE,자본변동표,-표준계정코드 미사용-,순확정급여부채 재측정요소,-3006645922,-49578754909,10,KRW
00266961,NAVER,2020,CFS,SCE,자본변동표,-표준계정코드 미사용-,순확정급여부채 재측정요소,-3006645922,-49578754909,10,KRW
00266961,NAVER,2020,CFS,SCE,자본변동표,-표준계정코드 미사용-,순확정급여부채 재측정요소,-1384540226,-52992040208,10,KRW
00266961,NAVER,2020,CFS,SCE,자본변동표,-표준계정코드 미사용-,현금흐름위험회피 파생상품 평가손익,,-57153,11,KRW
00266961,NAVER,2020,CFS,SCE,자본변동표,-표준계정코드 미사용-,현금흐름위험회피 파생상품 평가손익,,-57153,11,KRW
00266961,NAVER,2020,CFS,SCE,자본변동표,-표준계정코드 미사용-,현금흐름위험회피 파생상품 평가손익,,57153,11,KRW
00266961,NAVER,2020,CFS,SCE,자본변동표,ifrs-full_DividendsPaid,배당금지급,54688370920,45901490260,12,KRW
00266961,NAVER,2020,CFS,SCE,자본변동표,ifrs-full_DividendsPaid,배당금지급,54688370920,45901490260,12,KRW
00266961,NAVER,2020,CFS,SCE,자본변동표,ifrs-full_DividendsPaid,배당금지급,261268720,960046676,12,KRW
00266961,NAVER,2020,CFS,SCE,자본변동표,ifrs-full_DividendsPaid,배당금지급,54949639640,46861536936,12,KRW
00266961,NAVER,2020,CFS,SCE,자본변동표,-표준계정코드 미사용-,주식보상비용,44667256627,18722674912,13,KRW
00266961,NAVER,2020,CFS,SCE,자본변동표,-표준계정코드 미사용-,주식보상비용,28211760128,10910448495,13,KRW
00266961,NAVER,2020,CFS,SCE,자본변동표,-표준계정코드 미사용-,주식보상비용,72879016755,29633123407,13,KRW
00266961,NAVER,2020,CFS,SCE,자본변동표,-표준계정코드 미사용-,주식보상비용,28211760128,10910448495,13,KRW
00266961,NAVER,2020,CFS,SCE,자본변동표,dart_TreasuryShareTransactions,자기주식의 취득,-15516003480,-93689325190,14,KRW
00266961,NAVER,2020,CFS,SCE,자본변동표,dart_TreasuryShareTransactions,자기주식의 취득,-15516003480,-93689325190,14,KRW
00266961,NAVER,2020,CFS,SCE,자본변동표,dart_TreasuryShareTransactions,자기주식의 취득,-15516003480,-93689325190,14,KRW
00266961,NAVER,2020,CFS,SCE,자본변동표,-표준계정코드 미사용-,자기주식의 소각,39758492229,,15,KRW
00266961,NAVER,2020,CFS,SCE,자본변동표,-표준계정코드 미사용-,자기주식의 소각,-39758492229,,15,KRW
00266961,NAVER,2020,CFS,SCE,자본변동표,-표준계정코드 미사용-,자기주식의 처분,328485240566,,16,KRW
00266961,NAVER,2020,CFS,SCE,자본변동표,-표준계정코드 미사용-,자기주식의 처분,479874012867,,16,KRW
00266961,NAVER,2020,CFS,SCE,자본변동표,-표준계정코드 미사용-,자기주식의 처분,479874012867,,16,KRW
00266961,NAVER,2020,CFS,SCE,자본변동표,-표준계정코드 미사용-,자기주식의 처분,151388772301,,16,KRW
00266961,NAVER,2020,CFS,SCE,자본변동표,dart_IncreaseDecreaseThroughBusinessCombinations,사업결합,,-474386383,17,KRW
00266961,NAVER,2020,CFS,SCE,자본변동표,dart_IncreaseDecreaseThroughBusinessCombinations,사업결합,,-474386383,17,KRW
00266961,NAVER,2020,CFS,SCE,자본변동표,-표준계정코드 미사용-,종속기업의 유상증자,1078032247863,179186404036,18,KRW
00266961,NAVER,2020,CFS,SCE,자본변동표,-표준계정코드 미사용-,종속기업의 유상증자,290070044722,142867090522,18,KRW
00266961,NAVER,2020,CFS,SCE,자본변동표,-표준계정코드 미사용-,종속기업의 유상증자,787962203141,36319313514,18,KRW
00266961,NAVER,2020,CFS,SCE,자본변동표,-표준계정코드 미사용-,종속기업의 유상증자,,,18,KRW
00266961,NAVER,2020,CFS,SCE,자본변동표,-표준계정코드 미사용-,종속기업의 유상증자,787962203141,36319313514,18,KRW
00266961,NAVER,2020,CFS,SCE,자본변동표,-표준계정코드 미사용-,비지배주주와의 거래,-812763446847,,19,KRW
00266961,NAVER,2020,CFS,SCE,자본변동표,-표준계정코드 미사용-,비지배주주와의 거래,14530116497,,19,KRW
00266961,NAVER,2020,CFS,SCE,자본변동표,-표준계정코드 미사용-,비지배주주와의 거래,-798233330350,,19,KRW
00266961,NAVER,2020,CFS,SCE,자본변동표,-표준계정코드 미사용-,비지배주주와의 거래,-754255199702,,19,KRW
00266961,NAVER,2020,CFS,SCE,자본변동표,-표준계정코드 미사용-,비지배주주와의 거래,43978130648,,19,KRW
00266961,NAVER,2020,CFS,SCE,자본변동표,dart_OtherTransactions,기타,311288512,,20,KRW
00266961,NAVER,2020,CFS,SCE,자본변동표,dart_OtherTransactions,기타,-85718351426,-1996987058,20,KRW
00266961,NAVER,2020,CFS,SCE,자본변동표,dart_OtherTransactions,기타,-85407062914,-1996987058,20,KRW
00266961,NAVER,2020,CFS,SCE,자본변동표,dart_OtherTransactions,기타,-35649229176,-46291463498,20,KRW
00266961,NAVER,2020,CFS,SCE,자본변동표,dart_OtherTransactions,기타,-121056292090,-48288450556,20,KRW
00266961,NAVER,2020,CFS,SCE,자본변동표,ifrs-full_Equity,기말자본,1793273489872,1575307844438,21,KRW
00266961,NAVER,2020,CFS,SCE,자본변동표,ifrs-full_Equity,기말자본,8255132035213,6503926068580,21,KRW
00266961,NAVER,2020,CFS,SCE,자본변동표,ifrs-full_Equity,기말자본,887912871911,698698445309,21,KRW
00266961,NAVER,2020,CFS,SCE,자본변동표,ifrs-full_Equity,기말자본,7367219163302,5805227623271,21,KRW
00266961,NAVER,2020,CFS,SCE,자본변동표,ifrs-full_Equity,기말자본,-1097350149548,-1498653013809,21,KRW
00266961,NAVER,2020,CFS,SCE,자본변동표,ifrs-full_Equity,기말자본,6654814483478,5712091453142,21,KRW
00266961,NAVER,2020,CFS,SCE,자본변동표,ifrs-full_Equity,기말자본,16481339500,16481339500,21,KRW
00266961,NAVER,2020,OFS,BS,재무상태표,ifrs-full_CurrentAssets,유동자산,958002631668,880761992755,1,KRW
00266961,NAVER,2020,OFS,BS,재무상태표,ifrs-full_CashAndCashEquivalents,현금및현금성자산,369314307214,414429035373,2,KRW
00266961,NAVER,2020,OFS,BS,재무상태표,dart_ShortTermDepositsNotClassifiedAsCashEquivalents,단기금융상품,3998800000,3998800000,3,KRW
00266961,NAVER,2020,OFS,BS,재무상태표,-표준계정코드 미사용-,당기손익-공정가치 측정 금융자산,1134151477,11802308451,4,KRW
00266961,NAVER,2020,OFS,BS,재무상태표,ifrs-full_TradeAndOtherCurrentReceivables,매출채권및기타채권,553283357905,410689554192,5,KRW
00266961,NAVER,2020,OFS,BS,재무상태표,dart_OtherCurrentAssets,기타유동자산,27725389027,38935038474,6,KRW
00266961,NAVER,2020,OFS,BS,재무상태표,ifrs-full_CurrentFinancialAssetsMeasuredAtFairValueThroughOtherComprehensiveIncome,기타포괄손익-공정가치 측정 금융자산,,,7,KRW
00266961,NAVER,2020,OFS,BS,재무상태표,ifrs-full_Inventories,재고자산,2546626045,907256265,8,KRW
00266961,NAVER,2020,OFS,BS,재무상태표,ifrs-full_NoncurrentAssets,비유동자산,7865547902079,5790825341027,9,KRW
00266961,NAVER,2020,OFS,BS,재무상태표,ifrs-full_PropertyPlantAndEquipment,유형자산,1078819008478,855943164259,10,KRW
00266961,NAVER,2020,OFS,BS,재무상태표,ifrs-full_RightofuseAssets,사용권자산,22191160932,24260629075,11,KRW
00266961,NAVER,2020,OFS,BS,재무상태표,dart_GoodwillGross,무형자산,40107676668,36324658454,12,KRW
00266961,NAVER,2020,OFS,BS,재무상태표,dart_LongTermDepositsNotClassifiedAsCashEquivalents,장기금융상품,13755872000,21193640000,13,KRW
00266961,NAVER,2020,OFS,BS,재무상태표,-표준계정코드 미사용-,당기손익-공정가치 측정 금융자산,1370978035427,1492283956575,14,KRW
00266961,NAVER,2020,OFS,BS,재무상태표,dart_LongTermTradeAndOtherNonCurrentReceivablesGross,매출채권및기타채권,24861039898,36034353430,15,KRW
00266961,NAVER,2020,OFS,BS,재무상태표,-표준계정코드 미사용-,기타포괄손익-공정가치 측정 금융자산,1238899975144,444854718026,16,KRW
00266961,NAVER,2020,OFS,BS,재무상태표,ifrs-full_InvestmentsInSubsidiariesJointVenturesAndAssociates,"종속기업, 관계기업 및 공동기업투자",4046756563826,2804011012118,17,KRW
00266961,NAVER,2020,OFS,BS,재무상태표,ifrs-full_DeferredTaxAssets,이연법인세자산,,65002985690,18,KRW
00266961,NAVER,2020,OFS,BS,재무상태표,dart_OtherNonCurrentAssets,기타비유동자산,29178569706,10916223400,19,KRW
00266961,NAVER,2020,OFS,BS,재무상태표,ifrs-full_Assets,자산총계,8823550533747,6671587333782,20,KRW
00266961,NAVER,2020,OFS,BS,재무상태표,ifrs-full_CurrentLiabilities,유동부채,1269469278464,908932799608,22,KRW
00266961,NAVER,2020,OFS,BS,재무상태표,ifrs-full_TradeAndOtherCurrentPayables,매입채무및기타채무,569677851494,422526416408,23,KRW
00266961,NAVER,2020,OFS,BS,재무상태표,ifrs-full_ShorttermBorrowings,단기차입금,40000000000,,24,KRW
00266961,NAVER,2020,OFS,BS,재무상태표,-표준계정코드 미사용-,당기손익-공정가치 측정 금융부채,,,25,KRW
00266961,NAVER,2020,OFS,BS,재무상태표,ifrs-full_CurrentTaxLiabilities,당기법인세부채,359805275309,260073069099,26,KRW
00266961,NAVER,2020,OFS,BS,재무상태표,ifrs-full_CurrentProvisions,충당부채,32541708760,1899060110,27,KRW
00266961,NAVER,2020,OFS,BS,재무상태표,ifrs-full_CurrentLeaseLiabilities,리스부채,19788581544,18821003660,28,KRW
00266961,NAVER,2020,OFS,BS,재무상태표,dart_OtherCurrentLiabilities,기타유동부채,247655861357,205613250331,29,KRW
00266961,NAVER,2020,OFS,BS,재무상태표,ifrs-full_NoncurrentLiabilities,비유동부채,291954758846,233107661265,30,KRW
00266961,NAVER,2020,OFS,BS,재무상태표,dart_LongTermTradeAndOtherNonCurrentPayables,매입채무및기타채무,14510378435,8068802207,31,KRW
00266961,NAVER,2020,OFS,BS,재무상태표,dart_PostemploymentBenefitObligations,순확정급여부채,220740226032,184260624054,32,KRW
00266961,NAVER,2020,OFS,BS,재무상태표,ifrs-full_NoncurrentProvisions,충당부채,2092860956,1819748322,33,KRW
00266961,NAVER,2020,OFS,BS,재무상태표,ifrs-full_NoncurrentLeaseLiabilities,리스부채,24672861187,38637306142,34,KRW
00266961,NAVER,2020,OFS,BS,재무상태표,dart_OtherNonCurrentLiabilities,기타비유동부채,269097204,321180540,35,KRW
00266961,NAVER,2020,OFS,BS,재무상태표,ifrs-full_DeferredTaxLiabilities,이연법인세부채,29669335032,,36,KRW
00266961,NAVER,2020,OFS,BS,재무상태표,ifrs-full_Liabilities,부채총계,1561424037310,1142040460873,37,KRW
00266961,NAVER,2020,OFS,BS,재무상태표,ifrs-full_IssuedCapital,자본금,16481339500,16481339500,39,KRW
00266961,NAVER,2020,OFS,BS,재무상태표,dart_CapitalSurplus,자본잉여금,675891629000,362406388434,40,KRW
00266961,NAVER,2020,OFS,BS,재무상태표,dart_ElementsOfOtherStockholdersEquity,기타자본구성요소,-1233773041044,-1548531531541,41,KRW
00266961,NAVER,2020,OFS,BS,재무상태표,ifrs-full_RetainedEarnings,이익잉여금(결손금),7803526568981,6699190676516,42,KRW
00266961,NAVER,2020,OFS,BS,재무상태표,ifrs-full_Equity,자본총계,7262126496437,5529546872909,43,KRW
00266961,NAVER,2020,OFS,BS,재무상태표,ifrs-full_EquityAndLiabilities,자본과부채총계,8823550533747,6671587333782,44,KRW
00266961,NAVER,2020,OFS,CIS,포괄손익계산서,ifrs-full_Revenue,영업수익,4126629312584,3900013295633,0,KRW
00266961,NAVER,2020,OFS,CIS,포괄손익계산서,-표준계정코드 미사용-,영업비용,-2685815580704,-2506201301207,1,KRW
00266961,NAVER,2020,OFS,CIS,포괄손익계산서,dart_OperatingIncomeLoss,영업이익(손실),1440813731880,1393811994426,2,KRW
00266961,NAVER,2020,OFS,CIS,포괄손익계산서,dart_OtherGains,기타수익,50734211779,19881970261,3,KRW
00266961,NAVER,2020,OFS,CIS,포괄손익계산서,dart_OtherLosses,기타비용,206972193347,99543705520,4,KRW
00266961,NAVER,2020,OFS,CIS,포괄손익계산서,-표준계정코드 미사용-,이자수익,4956097488,7819792284,5,KRW
00266961,NAVER,2020,OFS,CIS,포괄손익계산서,ifrs-full_FinanceIncome,금융수익,412115444862,267155641370,6,KRW
00266961,NAVER,2020,OFS,CIS,포괄손익계산서,ifrs-full_FinanceCosts,금융비용,41343378557,47629623696,7,KRW
00266961,NAVER,2020,OFS,CIS,포괄손익계산서,ifrs-full_ProfitLossBeforeTax,법인세비용차감전순이익(손실),1660303914105,1541496069125,8,KRW
00266961,NAVER,2020,OFS,CIS,포괄손익계산서,ifrs-full_IncomeTaxExpenseContinuingOperations,법인세비용,463379370520,448971525987,9,KRW
00266961,NAVER,2020,OFS,CIS,포괄손익계산서,ifrs-full_ProfitLoss,당기순이익(손실),1196924543585,1092524543138,10,KRW
00266961,NAVER,2020,OFS,CIS,포괄손익계산서,ifrs-full_OtherComprehensiveIncome,기타포괄손익,112773681347,8821138556,11,KRW
00266961,NAVER,2020,OFS,CIS,포괄손익계산서,dart_OtherComprehensiveIncomeThatWillBeReclassifiedToProfitOrLossNetOfTax,당기손익으로 재분류될 수 있는 항목,,297056077,12,KRW
00266961,NAVER,2020,OFS,CIS,포괄손익계산서,ifrs-full_GainsLossesOnFinancialAssetsMeasuredAtFairValueThroughOtherComprehensiveIncomeNetOfTax,기타포괄손익-공정가치 측정 채무상품 평가손익,,297056077,13,KRW
00266961,NAVER,2020,OFS,CIS,포괄손익계산서,dart_OtherComprehensiveIncomeThatWillNotBeReclassifiedToProfitOrLossNetOfTax,당기손익으로 재분류되지 않는항목,112773681347,8524082479,14,KRW
00266961,NAVER,2020,OFS,CIS,포괄손익계산서,-표준계정코드 미사용-,기타포괄손익-공정가치 측정 지분상품 평가손익,110915469318,11611891278,15,KRW
00266961,NAVER,2020,OFS,CIS,포괄손익계산서,-표준계정코드 미사용-,기타포괄손익-공정가치 측정 지분상품 처분손익,2034430424,10255359647,16,KRW
00266961,NAVER,2020,OFS,CIS,포괄손익계산서,-표준계정코드 미사용-,순확정급여부채의 재측정요소,-176218395,-13343168446,17,KRW
00266961,NAVER,2020,OFS,CIS,포괄손익계산서,ifrs-full_ComprehensiveIncome,총포괄이익,1309698224932,1101345681694,18,KRW
00266961,NAVER,2020,OFS,CIS,포괄손익계산서,ifrs-full_BasicEarningsLossPerShare,기본주당이익(손실),8214,7507,20,KRW
00266961,NAVER,2020,OFS,CIS,포괄손익계산서,ifrs-full_DilutedEarningsLossPerShare,희석주당이익(손실),8168,7507,21,KRW
00266961,NAVER,2020,OFS,CF,현금흐름표,ifrs-full_CashFlowsFromUsedInOperatingActivities,영업활동현금흐름,1287119454572,1398627149171,0,KRW
00266961,NAVER,2020,OFS,CF,현금흐름표,-표준계정코드 미사용-,영업으로부터 창출된 현금흐름,1668333659331,1724498206592,1,KRW
00266961,NAVER,2020,OFS,CF,현금흐름표,ifrs-full_InterestReceivedClassifiedAsOperatingActivities,이자수입,3900318666,10306416837,2,KRW
00266961,NAVER,2020,OFS,CF,현금흐름표,ifrs-full_InterestPaidClassifiedAsOperatingActivities,이자지급,1709784849,1832925432,3,KRW
00266961,NAVER,2020,OFS,CF,현금흐름표,ifrs-full_DividendsReceivedClassifiedAsOperatingActivities,배당금수취(영업),46848446017,28780986878,4,KRW
00266961,NAVER,2020,OFS,CF,현금흐름표,ifrs-full_IncomeTaxesPaidRefundClassifiedAsOperatingActivities,법인세납부(환급),430253184593,363125535704,5,KRW
00266961,NAVER,2020,OFS,CF,현금흐름표,ifrs-full_CashFlowsFromUsedInInvestingActivities,투자활동현금흐름,-1284562175225,-950630469318,6,KRW
00266961,NAVER,2020,OFS,CF,현금흐름표,-표준계정코드 미사용-,단기금융상품의 순감소(증가),,219150000000,7,KRW
00266961,NAVER,2020,OFS,CF,현금흐름표,dart_IncreaseInLoans,단기대여금의 증가,95268000000,,8,KRW
00266961,NAVER,2020,OFS,CF,현금흐름표,-표준계정코드 미사용-,당기손익-공정가치 측정 금융자산의 순감소(증가),466176952290,-13069301749,9,KRW
00266961,NAVER,2020,OFS,CF,현금흐름표,ifrs-full_PurchaseOfPropertyPlantAndEquipmentClassifiedAsInvestingActivities,유형자산의 취득,256096494860,84567828413,10,KRW
00266961,NAVER,2020,OFS,CF,현금흐름표,ifrs-full_ProceedsFromSalesOfPropertyPlantAndEquipmentClassifiedAsInvestingActivities,유형자산의 처분,1617851470,951525289,11,KRW
00266961,NAVER,2020,OFS,CF,현금흐름표,ifrs-full_PurchaseOfIntangibleAssetsClassifiedAsInvestingActivities,무형자산의 취득,10516027161,3819575914,12,KRW
00266961,NAVER,2020,OFS,CF,현금흐름표,ifrs-full_ProceedsFromSalesOfIntangibleAssetsClassifiedAsInvestingActivities,무형자산의 처분,1032880000,1343983185,13,KRW
00266961,NAVER,2020,OFS,CF,현금흐름표,-표준계정코드 미사용-,기타포괄손익-공정가치 측정 금융자산의 취득,121333624699,8888500755,14,KRW
00266961,NAVER,2020,OFS,CF,현금흐름표,-표준계정코드 미사용-,기타포괄손익-공정가치 측정 금융자산의 처분,5584356500,48518637592,15,KRW
00266961,NAVER,2020,OFS,CF,현금흐름표,dart_PurchaseOfInvestmentsInSubsidiariesJointVenturesAndAssociates,종속기업및관계기업투자주식의 취득,1431580640651,742186582086,16,KRW
00266961,NAVER,2020,OFS,CF,현금흐름표,dart_ProceedsFromSalesOfInvestmentsInSubsidiariesJointVenturesAndAssociates,종속기업및관계기업투자주식의 처분,153479128783,33551733835,17,KRW
00266961,NAVER,2020,OFS,CF,현금흐름표,dart_IncreaseInGuaranteeDeposits,보증금의 증가,,5181472200,18,KRW
00266961,NAVER,2020,OFS,CF,현금흐름표,dart_DecreaseInGuaranteeDeposits,보증금의 감소,,1901454100,19,KRW
00266961,NAVER,2020,OFS,CF,현금흐름표,dart_ProceedsFromSalesOfFinanceLeaseAssets,리스채권의 회수,11161612229,11766839089,20,KRW
00266961,NAVER,2020,OFS,CF,현금흐름표,-표준계정코드 미사용-,분할로 인한 현금유출액,,-410101381291,21,KRW
00266961,NAVER,2020,OFS,CF,현금흐름표,dart_PurchaseOfLongTermFinancialInstruments,장기금융상품의 증가,2560000000,,22,KRW
00266961,NAVER,2020,OFS,CF,현금흐름표,dart_ProceedsFromSalesOfLongTermFinancialInstruments,장기금융상품의 처분,10000000000,,23,KRW
00266961,NAVER,2020,OFS,CF,현금흐름표,-표준계정코드 미사용-,사업결합으로인한 현금유출액,-13771707516,,24,KRW
00266961,NAVER,2020,OFS,CF,현금흐름표,ifrs-full_OtherInflowsOutflowsOfCashClassifiedAsInvestingActivities,기타투자활동으로 인한 현금유출입액,-2488461610,,25,KRW
00266961,NAVER,2020,OFS,CF,현금흐름표,ifrs-full_CashFlowsFromUsedInFinancingActivities,재무활동현금흐름,-48313674433,-153370751111,26,KRW
00266961,NAVER,2020,OFS,CF,현금흐름표,ifrs-full_DividendsPaidClassifiedAsFinancingActivities,배당금지급,54688370920,45901490260,27,KRW
00266961,NAVER,2020,OFS,CF,현금흐름표,dart_AcquisitionOfTreasuryShares,자기주식의 취득,15516003480,93689325190,28,KRW
00266961,NAVER,2020,OFS,CF,현금흐름표,dart_ProceedsFromShortTermBorrowings,단기차입금의 차입,40000000000,65000000000,29,KRW
00266961,NAVER,2020,OFS,CF,현금흐름표,dart_RepaymentsOfShortTermBorrowings,단기차입금의 상환,,65000000000,30,KRW
00266961,NAVER,2020,OFS,CF,현금흐름표,-표준계정코드 미사용-,유동성사채의 상환,,,31,KRW
00266961,NAVER,2020,OFS,CF,현금흐름표,ifrs-full_PaymentsOfFinanceLeaseLiabilitiesClassifiedAsFinancingActivities,리스부채의 상환,18288199584,14437745610,32,KRW
00266961,NAVER,2020,OFS,CF,현금흐름표,ifrs-full_OtherInflowsOutflowsOfCashClassifiedAsFinancingActivities,기타재무활동으로 인한 현금유출입,178899551,657809949,33,KRW
00266961,NAVER,2020,OFS,CF,현금흐름표,ifrs-full_EffectOfExchangeRateChangesOnCashAndCashEquivalents,현금및현금성자산에 대한 환율변동효과,641666927,8773769499,34,KRW
00266961,NAVER,2020,OFS,CF,현금흐름표,ifrs-full_IncreaseDecreaseInCashAndCashEquivalents,현금및현금성자산의순증가(감소),-45114728159,303399698241,35,KRW
00266961,NAVER,2020,OFS,CF,현금흐름표,dart_CashAndCashEquivalentsAtBeginningOfPeriodCf,기초현금및현금성자산,414429035373,111029337132,36,KRW
00266961,NAVER,2020,OFS,CF,현금흐름표,dart_CashAndCashEquivalentsAtEndOfPeriodCf,기말현금및현금성자산,369314307214,414429035373,37,KRW
00266961,NAVER,2020,OFS,SCE,자본변동표,dart_EquityAtBeginningOfPeriod,기초자본,362406388434,362406388434,1,KRW
00266961,NAVER,2020,OFS,SCE,자본변동표,dart_EquityAtBeginningOfPeriod,기초자본,5529546872909,4556881843812,1,KRW
00266961,NAVER,2020,OFS,SCE,자본변동표,dart_EquityAtBeginningOfPeriod,기초자본,-1548531531541,-1477546568301,1,KRW
00266961,NAVER,2020,OFS,SCE,자본변동표,dart_EquityAtBeginningOfPeriod,기초자본,6699190676516,5655540684179,1,KRW
00266961,NAVER,2020,OFS,SCE,자본변동표,dart_EquityAtBeginningOfPeriod,기초자본,16481339500,16481339500,1,KRW
00266961,NAVER,2020,OFS,SCE,자본변동표,-표준계정코드 미사용-,회계정책의 변경효과,,-285642,2,KRW
00266961,NAVER,2020,OFS,SCE,자본변동표,-표준계정코드 미사용-,회계정책의 변경효과,,-285642,2,KRW
00266961,NAVER,2020,OFS,SCE,자본변동표,-표준계정코드 미사용-,회계정책의 변경효과,,,2,KRW
00266961,NAVER,2020,OFS,SCE,자본변동표,-표준계정코드 미사용-,수정후 금액,5529546872909,4556881558170,3,KRW
00266961,NAVER,2020,OFS,SCE,자본변동표,-표준계정코드 미사용-,수정후 금액,362406388434,362406388434,3,KRW
00266961,NAVER,2020,OFS,SCE,자본변동표,-표준계정코드 미사용-,수정후 금액,16481339500,16481339500,3,KRW
00266961,NAVER,2020,OFS,SCE,자본변동표,-표준계정코드 미사용-,수정후 금액,6699190676516,5655540398537,3,KRW
00266961,NAVER,2020,OFS,SCE,자본변동표,-표준계정코드 미사용-,수정후 금액,-1548531531541,-1477546568301,3,KRW
00266961,NAVER,2020,OFS,SCE,자본변동표,ifrs-full_ProfitLoss,당기순이익(손실),1196924543585,1092524543138,4,KRW
00266961,NAVER,2020,OFS,SCE,자본변동표,ifrs-full_ProfitLoss,당기순이익(손실),1196924543585,1092524543138,4,KRW
00266961,NAVER,2020,OFS,SCE,자본변동표,-표준계정코드 미사용-,기타포괄손익-공정가치 측정 채무상품 평가손익,,297056077,5,KRW
00266961,NAVER,2020,OFS,SCE,자본변동표,-표준계정코드 미사용-,기타포괄손익-공정가치 측정 채무상품 평가손익,,297056077,5,KRW
00266961,NAVER,2020,OFS,SCE,자본변동표,-표준계정코드 미사용-,기타포괄손익-공정가치 측정 지분상품 평가손익,110915469318,11611891278,6,KRW
00266961,NAVER,2020,OFS,SCE,자본변동표,-표준계정코드 미사용-,기타포괄손익-공정가치 측정 지분상품 평가손익,110915469318,11611891278,6,KRW
00266961,NAVER,2020,OFS,SCE,자본변동표,-표준계정코드 미사용-,기타포괄손익-공정가치 측정 지분상품 처분손익,2034430424,10255359647,7,KRW
00266961,NAVER,2020,OFS,SCE,자본변동표,-표준계정코드 미사용-,기타포괄손익-공정가치 측정 지분상품 처분손익,,-115033900,7,KRW
00266961,NAVER,2020,OFS,SCE,자본변동표,-표준계정코드 미사용-,기타포괄손익-공정가치 측정 지분상품 처분손익,2034430424,10370393547,7,KRW
00266961,NAVER,2020,OFS,SCE,자본변동표,-표준계정코드 미사용-,순확정급여부채 재측정요소,-176218395,-13343168446,8,KRW
00266961,NAVER,2020,OFS,SCE,자본변동표,-표준계정코드 미사용-,순확정급여부채 재측정요소,-176218395,-13343168446,8,KRW
00266961,NAVER,2020,OFS,SCE,자본변동표,ifrs-full_DividendsPaid,배당금지급,54688370920,45901490260,9,KRW
00266961,NAVER,2020,OFS,SCE,자본변동표,ifrs-full_DividendsPaid,배당금지급,54688370920,45901490260,9,KRW
00266961,NAVER,2020,OFS,SCE,자본변동표,dart_ShareBasedPaymentTransactions,주식보상비용,28211760128,10910448495,10,KRW
00266961,NAVER,2020,OFS,SCE,자본변동표,dart_ShareBasedPaymentTransactions,주식보상비용,28211760128,10910448495,10,KRW
00266961,NAVER,2020,OFS,SCE,자본변동표,dart_TreasuryShareTransactions,자기주식의 취득,151388772302,-93689325190,11,KRW
00266961,NAVER,2020,OFS,SCE,자본변동표,dart_TreasuryShareTransactions,자기주식의 취득,479874012868,-93689325190,11,KRW
00266961,NAVER,2020,OFS,SCE,자본변동표,dart_TreasuryShareTransactions,자기주식의 취득,328485240566,,11,KRW
00266961,NAVER,2020,OFS,SCE,자본변동표,-표준계정코드 미사용-,종속기업 합병,,,12,KRW
00266961,NAVER,2020,OFS,SCE,자본변동표,-표준계정코드 미사용-,종속기업 합병,,,12,KRW
00266961,NAVER,2020,OFS,SCE,자본변동표,-표준계정코드 미사용-,사업결합으로 인한 자본변동,-15000000000,,13,KRW
00266961,NAVER,2020,OFS,SCE,자본변동표,-표준계정코드 미사용-,사업결합으로 인한 자본변동,-15000000000,,13,KRW
00266961,NAVER,2020,OFS,SCE,자본변동표,-표준계정코드 미사용-,자기주식의 소각,-39758492229,,14,KRW
00266961,NAVER,2020,OFS,SCE,자본변동표,-표준계정코드 미사용-,자기주식의 소각,39758492229,,14,KRW
00266961,NAVER,2020,OFS,SCE,자본변동표,ifrs-full_Equity,기말자본,16481339500,16481339500,15,KRW
00266961,NAVER,2020,OFS,SCE,자본변동표,ifrs-full_Equity,기말자본,7803526568981,6699190676516,15,KRW
00266961,NAVER,2020,OFS,SCE,자본변동표,ifrs-full_Equity,기말자본,675891629000,362406388434,15,KRW
00266961,NAVER,2020,OFS,SCE,자본변동표,ifrs-full_Equity,기말자본,7262126496437,5529546872909,15,KRW
00266961,NAVER,2020,OFS,SCE,자본변동표,ifrs-full_Equity,기말자본,1233773041044,-1548531531541,15,KRW
00266961,NAVER,2021,CFS,BS,재무상태표,ifrs-full_CurrentAssets,유동자산,5527878425552,10544659200319,1,KRW
00266961,NAVER,2021,CFS,BS,재무상태표,ifrs-full_CashAndCashEquivalents,현금및현금성자산,2781395543827,1600304349922,2,KRW
00266961,NAVER,2021,CFS,BS,재무상태표,dart_ShortTermDepositsNotClassifiedAsCashEquivalents,단기금융상품,673555739311,291292142737,3,KRW
00266961,NAVER,2021,CFS,BS,재무상태표,-표준계정코드 미사용-,당기손익-공정가치 측정 금융자산,461932777511,922939095062,4,KRW
00266961,NAVER,2021,CFS,BS,재무상태표,ifrs-full_TradeAndOtherCurrentReceivables,매출채권및기타채권,1454660666688,986826023076,5,KRW
00266961,NAVER,2021,CFS,BS,재무상태표,ifrs-full_CurrentFinancialAssetsMeasuredAtFairValueThroughOtherComprehensiveIncome,기타포괄손익-공정가치금융자산,24254505540,,6,KRW
00266961,NAVER,2021,CFS,BS,재무상태표,ifrs-full_Inventories,재고자산,6139904767,4344942323,7,KRW
00266961,NAVER,2021,CFS,BS,재무상태표,ifrs-full_CurrentTaxAssets,당기법인세자산,1643037279,996472888,8,KRW
00266961,NAVER,2021,CFS,BS,재무상태표,dart_OtherCurrentAssets,기타유동자산,124296250629,77702716446,9,KRW
00266961,NAVER,2021,CFS,BS,재무상태표,-표준계정코드 미사용-,매각예정자산,0,6660253457865,10,KRW
00266961,NAVER,2021,CFS,BS,재무상태표,ifrs-full_NoncurrentAssets,비유동자산,28163128331488,6469579463451,11,KRW
00266961,NAVER,2021,CFS,BS,재무상태표,ifrs-full_PropertyPlantAndEquipment,유형자산,2111261659613,1684563340866,12,KRW
00266961,NAVER,2021,CFS,BS,재무상태표,ifrs-full_RightofuseAssets,사용권자산,290462942745,129537198819,13,KRW
00266961,NAVER,2021,CFS,BS,재무상태표,dart_GoodwillGross,무형자산,932152347274,105136186861,14,KRW
00266961,NAVER,2021,CFS,BS,재무상태표,dart_LongTermDepositsNotClassifiedAsCashEquivalents,장기금융상품,14255722000,14255722000,15,KRW
00266961,NAVER,2021,CFS,BS,재무상태표,-표준계정코드 미사용-,당기손익-공정가치 측정 금융자산,2407725020317,1801384240769,16,KRW
00266961,NAVER,2021,CFS,BS,재무상태표,dart_LongTermTradeAndOtherNonCurrentReceivablesGross,매출채권및기타채권,46387217185,28578223832,17,KRW
00266961,NAVER,2021,CFS,BS,재무상태표,ifrs-full_NoncurrentFinancialAssetsMeasuredAtFairValueThroughOtherComprehensiveIncome,기타포괄손익-공정가치 측정 금융자산,2099232986626,1330951990243,18,KRW
00266961,NAVER,2021,CFS,BS,재무상태표,ifrs-full_InvestmentAccountedForUsingEquityMethod,관계기업및공동기업 투자,20090304016842,1199425686734,19,KRW
00266961,NAVER,2021,CFS,BS,재무상태표,ifrs-full_DeferredTaxAssets,이연법인세자산,98430685422,108572845624,20,KRW
00266961,NAVER,2021,CFS,BS,재무상태표,dart_OtherNonCurrentAssets,기타비유동자산,72915733464,67174027703,21,KRW
00266961,NAVER,2021,CFS,BS,재무상태표,ifrs-full_Assets,자산총계,33691006757040,17014238663770,22,KRW
00266961,NAVER,2021,CFS,BS,재무상태표,ifrs-full_CurrentLiabilities,유동부채,3923319146652,7911751492331,24,KRW
00266961,NAVER,2021,CFS,BS,재무상태표,ifrs-full_TradeAndOtherCurrentPayables,매입채무및기타채무,992675127701,689280186019,25,KRW
00266961,NAVER,2021,CFS,BS,재무상태표,ifrs-full_CurrentFinancialLiabilitiesAtFairValueThroughProfitOrLossDesignatedUponInitialRecognition,당기손익-공정가치 측정 금융부채,,17137640886,26,KRW
00266961,NAVER,2021,CFS,BS,재무상태표,ifrs-full_ShorttermBorrowings,단기차입금,461321818464,576223326575,27,KRW
00266961,NAVER,2021,CFS,BS,재무상태표,ifrs-full_CurrentTaxLiabilities,당기법인세부채,515246293598,384340634677,28,KRW
00266961,NAVER,2021,CFS,BS,재무상태표,ifrs-full_CurrentProvisions,충당부채,6657331759,31708383889,29,KRW
00266961,NAVER,2021,CFS,BS,재무상태표,ifrs-full_CurrentLeaseLiabilities,리스부채,105615989665,53345709463,30,KRW
00266961,NAVER,2021,CFS,BS,재무상태표,dart_OtherCurrentLiabilities,기타유동부채,1841802585465,1484474330127,31,KRW
00266961,NAVER,2021,CFS,BS,재무상태표,-표준계정코드 미사용-,매각예정부채,,4675241280695,32,KRW
00266961,NAVER,2021,CFS,BS,재무상태표,ifrs-full_NoncurrentLiabilities,비유동부채,5740311261113,847355136226,33,KRW
00266961,NAVER,2021,CFS,BS,재무상태표,dart_LongTermTradeAndOtherNonCurrentPayables,매입채무및기타채무,118079924927,68448327272,34,KRW
00266961,NAVER,2021,CFS,BS,재무상태표,ifrs-full_NoncurrentFinancialLiabilitiesAtFairValueThroughProfitOrLossDesignatedUponInitialRecognition,당기손익-공정가치 측정 금융부채,508994104631,7962264800,35,KRW
00266961,NAVER,2021,CFS,BS,재무상태표,dart_LongTermBorrowingsGross,장기차입금,1552014025878,150678259061,36,KRW
00266961,NAVER,2021,CFS,BS,재무상태표,dart_BondsIssued,사채,1636827463521,,37,KRW
00266961,NAVER,2021,CFS,BS,재무상태표,dart_PostemploymentBenefitObligations,순확정급여부채,554264628196,462094245426,38,KRW
00266961,NAVER,2021,CFS,BS,재무상태표,ifrs-full_NoncurrentProvisions,충당부채,8918100642,9186175870,39,KRW
00266961,NAVER,2021,CFS,BS,재무상태표,ifrs-full_NoncurrentLeaseLiabilities,리스부채,205661717226,92170749140,40,KRW
00266961,NAVER,2021,CFS,BS,재무상태표,ifrs-full_DeferredTaxLiabilities,이연법인세부채,1155139324751,56519491022,41,KRW
00266961,NAVER,2021,CFS,BS,재무상태표,dart_OtherNonCurrentLiabilities,기타비유동부채,411971341,295623635,42,KRW
00266961,NAVER,2021,CFS,BS,재무상태표,ifrs-full_Liabilities,부채총계,9663630407765,8759106628557,43,KRW
00266961,NAVER,2021,CFS,BS,재무상태표,ifrs-full_EquityAttributableToOwnersOfParent,지배기업의 소유주에게 귀속되는 자본,23535637694902,7367219163302,45,KRW
00266961,NAVER,2021,CFS,BS,재무상태표,ifrs-full_IssuedCapital,자본금,16481339500,16481339500,46,KRW
00266961,NAVER,2021,CFS,BS,재무상태표,dart_CapitalSurplus,자본잉여금,1490214367768,1793273489872,47,KRW
00266961,NAVER,2021,CFS,BS,재무상태표,dart_ElementsOfOtherStockholdersEquity,기타자본구성요소,-1051465837344,-1059479508530,48,KRW
00266961,NAVER,2021,CFS,BS,재무상태표,-표준계정코드 미사용-,매각예정자산 관련 기타포괄손익누계액,,-37870641018,49,KRW
00266961,NAVER,2021,CFS,BS,재무상태표,ifrs-full_RetainedEarnings,이익잉여금,23080407824978,6654814483478,50,KRW
00266961,NAVER,2021,CFS,BS,재무상태표,ifrs-full_NoncontrollingInterests,비지배지분,491738654373,887912871911,51,KRW
00266961,NAVER,2021,CFS,BS,재무상태표,ifrs-full_Equity,자본총계,24027376349275,8255132035213,52,KRW
00266961,NAVER,2021,CFS,BS,재무상태표,ifrs-full_EquityAndLiabilities,자본과부채총계,33691006757040,17014238663770,53,KRW
00266961,NAVER,2021,CFS,CIS,포괄손익계산서,ifrs-full_Revenue,영업수익,6817599707250,5304145900386,0,KRW
00266961,NAVER,2021,CFS,CIS,포괄손익계산서,ifrs-full_CostOfSales,영업비용,5492121536133,4088803443113,1,KRW
00266961,NAVER,2021,CFS,CIS,포괄손익계산서,dart_OperatingIncomeLoss,영업이익,1325478171117,1215342457273,2,KRW
00266961,NAVER,2021,CFS,CIS,포괄손익계산서,dart_OtherGains,기타수익,52722438756,43356685840,3,KRW
00266961,NAVER,2021,CFS,CIS,포괄손익계산서,dart_OtherLosses,기타비용,232866247091,118822813655,4,KRW
00266961,NAVER,2021,CFS,CIS,포괄손익계산서,-표준계정코드 미사용-,이자수익,20004490256,15997193160,5,KRW
00266961,NAVER,2021,CFS,CIS,포괄손익계산서,ifrs-full_FinanceIncome,금융수익,765693953525,508563848219,6,KRW
00266961,NAVER,2021,CFS,CIS,포괄손익계산서,ifrs-full_FinanceCosts,금융비용,349334091066,146432800279,7,KRW
00266961,NAVER,2021,CFS,CIS,포괄손익계산서,-표준계정코드 미사용-,지분법손익,544701156204,115554340355,8,KRW
00266961,NAVER,2021,CFS,CIS,포괄손익계산서,ifrs-full_ProfitLossBeforeTax,법인세비용차감전순이익,2126399871701,1633558910913,9,KRW
00266961,NAVER,2021,CFS,CIS,포괄손익계산서,ifrs-full_IncomeTaxExpenseContinuingOperations,법인세비용,648668889581,492534781634,10,KRW
00266961,NAVER,2021,CFS,CIS,포괄손익계산서,ifrs-full_ProfitLossFromContinuingOperations,계속영업순이익,1477730982120,1141024129279,11,KRW
00266961,NAVER,2021,CFS,CIS,포괄손익계산서,ifrs-full_ProfitLossFromDiscontinuedOperations,중단영업순이익(손실),14999894577525,-296027152130,12,KRW
00266961,NAVER,2021,CFS,CIS,포괄손익계산서,ifrs-full_ProfitLoss,당기순이익,16477625559645,844996977149,13,KRW
00266961,NAVER,2021,CFS,CIS,포괄손익계산서,-표준계정코드 미사용-,계속영업이익,1493472246748,1144888651236,16,KRW
00266961,NAVER,2021,CFS,CIS,포괄손익계산서,-표준계정코드 미사용-,중단영업이익(손실),14996377524381,-142801884857,17,KRW
00266961,NAVER,2021,CFS,CIS,포괄손익계산서,-표준계정코드 미사용-,계속영업손실,-15741264628,-3864521957,19,KRW
00266961,NAVER,2021,CFS,CIS,포괄손익계산서,-표준계정코드 미사용-,중단영업이익(손실),3517053144,-153225267273,20,KRW
00266961,NAVER,2021,CFS,CIS,포괄손익계산서,ifrs-full_OtherComprehensiveIncome,기타포괄손익,-252564745906,221200846911,21,KRW
00266961,NAVER,2021,CFS,CIS,포괄손익계산서,dart_OtherComprehensiveIncomeThatWillBeReclassifiedToProfitOrLossNetOfTax,후속기간에 당기손익으로 재분류되는 항목,-190772138482,17441573739,22,KRW
00266961,NAVER,2021,CFS,CIS,포괄손익계산서,-표준계정코드 미사용-,기타포괄손익-공정가치 채무상품 평가손익,-483039456,-730019603,23,KRW
00266961,NAVER,2021,CFS,CIS,포괄손익계산서,-표준계정코드 미사용-,해외사업환산손익,71043967706,76248398266,24,KRW
00266961,NAVER,2021,CFS,CIS,포괄손익계산서,-표준계정코드 미사용-,지분법자본변동,-261333066732,-58076804924,25,KRW
00266961,NAVER,2021,CFS,CIS,포괄손익계산서,dart_OtherComprehensiveIncomeThatWillNotBeReclassifiedToProfitOrLossNetOfTax,후속기간에 당기손익으로 재분류되지 않는 항목,-61792607424,203759273172,26,KRW
00266961,NAVER,2021,CFS,CIS,포괄손익계산서,-표준계정코드 미사용-,기타포괄손익-공정가치 지분상품 평가손익,-90787478622,168450037860,27,KRW
00266961,NAVER,2021,CFS,CIS,포괄손익계산서,-표준계정코드 미사용-,기타포괄손익-공정가치 지분상품 처분손익,21602409626,37778484516,28,KRW
00266961,NAVER,2021,CFS,CIS,포괄손익계산서,-표준계정코드 미사용-,지분법자본변동,9512437761,-1084708978,29,KRW
00266961,NAVER,2021,CFS,CIS,포괄손익계산서,-표준계정코드 미사용-,순확정급여부채의 재측정요소,-2119976189,-1384540226,30,KRW
00266961,NAVER,2021,CFS,CIS,포괄손익계산서,ifrs-full_ComprehensiveIncome,총포괄이익,16225060813739,1066197824060,31,KRW
00266961,NAVER,2021,CFS,CIS,포괄손익계산서,ifrs-full_ComprehensiveIncomeAttributableToOwnersOfParent,지배기업 소유주지분,16233387235875,1219788331559,33,KRW
00266961,NAVER,2021,CFS,CIS,포괄손익계산서,ifrs-full_ComprehensiveIncomeAttributableToNoncontrollingInterests,비지배지분,-8326422136,-153590507499,34,KRW
00266961,NAVER,2021,CFS,CIS,포괄손익계산서,ifrs-full_BasicEarningsLossPerShareFromContinuingOperations,계속영업순이익,9977,7857,37,KRW
00266961,NAVER,2021,CFS,CIS,포괄손익계산서,ifrs-full_BasicEarningsLossPerShareFromDiscontinuedOperations,중단영업순이익(손실),100877,-980,38,KRW
00266961,NAVER,2021,CFS,CIS,포괄손익계산서,ifrs-full_DilutedEarningsLossPerShareFromContinuingOperations,계속영업순이익,9887,7813,40,KRW
00266961,NAVER,2021,CFS,CIS,포괄손익계산서,ifrs-full_DilutedEarningsLossPerShareFromDiscontinuedOperations,중단영업순이익(손실),99973,-980,41,KRW
00266961,NAVER,2021,CFS,CF,현금흐름표,ifrs-full_CashFlowsFromUsedInOperatingActivities,영업활동현금흐름,1379905728836,1447212217640,0,KRW
00266961,NAVER,2021,CFS,CF,현금흐름표,-표준계정코드 미사용-,영업으로부터 창출된 현금흐름,2070030950700,2041772594491,1,KRW
00266961,NAVER,2021,CFS,CF,현금흐름표,ifrs-full_InterestReceivedClassifiedAsOperatingActivities,이자의 수입,26262580497,20014015757,2,KRW
00266961,NAVER,2021,CFS,CF,현금흐름표,ifrs-full_InterestPaidClassifiedAsOperatingActivities,이자의 지급,58256588522,71543208626,3,KRW
00266961,NAVER,2021,CFS,CF,현금흐름표,ifrs-full_DividendsReceivedClassifiedAsOperatingActivities,배당금의 수취,54754937073,30187486156,4,KRW
00266961,NAVER,2021,CFS,CF,현금흐름표,ifrs-full_IncomeTaxesPaidRefundClassifiedAsOperatingActivities,법인세의 납부,712886150912,573218670138,5,KRW
00266961,NAVER,2021,CFS,CF,현금흐름표,ifrs-full_CashFlowsFromUsedInInvestingActivities,투자활동현금흐름,-13998804731074,-2503202276036,6,KRW
00266961,NAVER,2021,CFS,CF,현금흐름표,-표준계정코드 미사용-,단기금융상품의 순증감,-348046243066,-25654808271,7,KRW
00266961,NAVER,2021,CFS,CF,현금흐름표,-표준계정코드 미사용-,장기금융상품의 증가,,-2560000000,8,KRW
00266961,NAVER,2021,CFS,CF,현금흐름표,-표준계정코드 미사용-,장기금융상품의 감소,,21200000000,9,KRW
00266961,NAVER,2021,CFS,CF,현금흐름표,-표준계정코드 미사용-,당기손익-공정가치 측정 금융자산의 취득,-6449235633165,-5243104789547,10,KRW
00266961,NAVER,2021,CFS,CF,현금흐름표,-표준계정코드 미사용-,당기손익-공정가치 측정 금융자산의 처분,6505643614364,3894138692719,11,KRW
00266961,NAVER,2021,CFS,CF,현금흐름표,ifrs-full_PurchaseOfPropertyPlantAndEquipmentClassifiedAsInvestingActivities,유형자산의 취득,753942606877,759403180962,12,KRW
00266961,NAVER,2021,CFS,CF,현금흐름표,ifrs-full_ProceedsFromSalesOfPropertyPlantAndEquipmentClassifiedAsInvestingActivities,유형자산의 처분,6695944177,8987856807,13,KRW
00266961,NAVER,2021,CFS,CF,현금흐름표,-표준계정코드 미사용-,리스채권의 회수,3773243178,1417837269,14,KRW
00266961,NAVER,2021,CFS,CF,현금흐름표,ifrs-full_PurchaseOfIntangibleAssetsClassifiedAsInvestingActivities,무형자산의 취득,51876515767,106290121972,15,KRW
00266961,NAVER,2021,CFS,CF,현금흐름표,ifrs-full_ProceedsFromSalesOfIntangibleAssetsClassifiedAsInvestingActivities,무형자산의 처분,167684511,3304588760,16,KRW
00266961,NAVER,2021,CFS,CF,현금흐름표,-표준계정코드 미사용-,기타포괄손익-공정가치 측정 금융자산의 취득,-509090098200,-50971937342,17,KRW
00266961,NAVER,2021,CFS,CF,현금흐름표,-표준계정코드 미사용-,기타포괄손익-공정가치 측정 금융자산의 처분,229335330042,232310319161,18,KRW
00266961,NAVER,2021,CFS,CF,현금흐름표,-표준계정코드 미사용-,관계기업및공동기업투자주식의 취득,-1005949593054,-504730950380,19,KRW
00266961,NAVER,2021,CFS,CF,현금흐름표,-표준계정코드 미사용-,관계기업및공동기업투자주식의 처분,440573420629,104952900033,20,KRW
00266961,NAVER,2021,CFS,CF,현금흐름표,-표준계정코드 미사용-,사업결합으로 인한 현금의 순증감,-692206904793,2260617141,21,KRW
00266961,NAVER,2021,CFS,CF,현금흐름표,-표준계정코드 미사용-,종속기업의 관계기업 전환 등으로 인한 순현금흐름,-11244715159430,-20383308053,22,KRW
00266961,NAVER,2021,CFS,CF,현금흐름표,-표준계정코드 미사용-,단기대여금의 순증감,-115777475728,-35244144863,23,KRW
00266961,NAVER,2021,CFS,CF,현금흐름표,-표준계정코드 미사용-,장기대여금의 순증감,-40000000,-11864566845,24,KRW
00266961,NAVER,2021,CFS,CF,현금흐름표,-표준계정코드 미사용-,기타투자활동으로 인한 현금의 유출입액,-14113737895,-11567279691,25,KRW
00266961,NAVER,2021,CFS,CF,현금흐름표,ifrs-full_CashFlowsFromUsedInFinancingActivities,재무활동현금흐름,11642326424402,1192133678978,26,KRW
00266961,NAVER,2021,CFS,CF,현금흐름표,dart_ProceedsFromShortTermBorrowings,단기차입금의 차입,260601900208,2116540667363,27,KRW
00266961,NAVER,2021,CFS,CF,현금흐름표,dart_RepaymentsOfShortTermBorrowings,단기차입금의 상환,529251392248,915187873624,28,KRW
00266961,NAVER,2021,CFS,CF,현금흐름표,dart_ProceedsFromLongTermBorrowings,장기차입금의 차입,1598040294214,886562480808,29,KRW
00266961,NAVER,2021,CFS,CF,현금흐름표,dart_ProceedsFromBonds,사채의 발행,9403866052933,5960669395,30,KRW
00266961,NAVER,2021,CFS,CF,현금흐름표,dart_RepaymentsOfBonds,사채의 상환,,789055599548,31,KRW
00266961,NAVER,2021,CFS,CF,현금흐름표,-표준계정코드 미사용-,리스부채의 상환,-114274687061,-174107173293,32,KRW
00266961,NAVER,2021,CFS,CF,현금흐름표,-표준계정코드 미사용-,당기손익-공정가치금융부채의 증가,386482769394,,33,KRW
00266961,NAVER,2021,CFS,CF,현금흐름표,dart_AcquisitionOfTreasuryShares,자기주식의 취득,,15516003480,34,KRW
00266961,NAVER,2021,CFS,CF,현금흐름표,dart_DispositionOfTreasuryShares,자기주식의 처분,176145173981,,35,KRW
00266961,NAVER,2021,CFS,CF,현금흐름표,ifrs-full_DividendsPaidClassifiedAsFinancingActivities,배당금지급,59784555522,54949639640,36,KRW
00266961,NAVER,2021,CFS,CF,현금흐름표,-표준계정코드 미사용-,종속기업의 유상증자,,1023167174015,37,KRW
00266961,NAVER,2021,CFS,CF,현금흐름표,dart_ProceedsFromExerciseOfShareOptions,주식선택권행사,39796328200,,38,KRW
00266961,NAVER,2021,CFS,CF,현금흐름표,-표준계정코드 미사용-,비지배지분과의 거래로 인한 현금유입,114530208868,46060159984,39,KRW
00266961,NAVER,2021,CFS,CF,현금흐름표,-표준계정코드 미사용-,비지배지분과의 거래로 인한 현금유출,-350963263102,-945751987650,40,KRW
00266961,NAVER,2021,CFS,CF,현금흐름표,-표준계정코드 미사용-,기타재무활동으로 인한 현금유입액,1070216109602,23806129662,41,KRW
00266961,NAVER,2021,CFS,CF,현금흐름표,-표준계정코드 미사용-,기타재무활동으로 인한 현금유출액,-353078515065,-15395325014,42,KRW
00266961,NAVER,2021,CFS,CF,현금흐름표,ifrs-full_EffectOfExchangeRateChangesOnCashAndCashEquivalents,현금및현금성자산의 환율변동효과,-87699641884,-30989618453,43,KRW
00266961,NAVER,2021,CFS,CF,현금흐름표,ifrs-full_IncreaseDecreaseInCashAndCashEquivalents,현금및현금성자산의순증감,-1064272219720,105154002129,44,KRW
00266961,NAVER,2021,CFS,CF,현금흐름표,dart_CashAndCashEquivalentsAtBeginningOfPeriodCf,기초현금및현금성자산,3845667763547,3740513761418,45,KRW
00266961,NAVER,2021,CFS,CF,현금흐름표,-표준계정코드 미사용-,기초 매각예정자산으로 분류된 현금및현금성자산,2245363413625,,46,KRW
00266961,NAVER,2021,CFS,CF,현금흐름표,-표준계정코드 미사용-,기초 재무상태표상 현금및현금성자산,1600304349922,3740513761418,47,KRW
00266961,NAVER,2021,CFS,CF,현금흐름표,dart_CashAndCashEquivalentsAtEndOfPeriodCf,기말현금및현금성자산,2781395543827,3845667763547,48,KRW
00266961,NAVER,2021,CFS,CF,현금흐름표,-표준계정코드 미사용-,매각예정자산으로 분류된 현금및현금성자산,,-2245363413625,49,KRW
00266961,NAVER,2021,CFS,CF,현금흐름표,-표준계정코드 미사용-,기말 재무상태표상 현금및현금성자산,2781395543827,1600304349922,50,KRW
00266961,NAVER,2021,CFS,SCE,자본변동표,dart_EquityAtBeginningOfPeriod,기초자본,887912871911,698698445309,1,KRW
00266961,NAVER,2021,CFS,SCE,자본변동표,dart_EquityAtBeginningOfPeriod,기초자본,16481339500,16481339500,1,KRW
00266961,NAVER,2021,CFS,SCE,자본변동표,dart_EquityAtBeginningOfPeriod,기초자본,6654814483478,5712091453142,1,KRW
00266961,NAVER,2021,CFS,SCE,자본변동표,dart_EquityAtBeginningOfPeriod,기초자본,-1097350149548,-1498653013809,1,KRW
00266961,NAVER,2021,CFS,SCE,자본변동표,dart_EquityAtBeginningOfPeriod,기초자본,8255132035213,6503926068580,1,KRW
00266961,NAVER,2021,CFS,SCE,자본변동표,dart_EquityAtBeginningOfPeriod,기초자본,1793273489872,1575307844438,1,KRW
00266961,NAVER,2021,CFS,SCE,자본변동표,dart_EquityAtBeginningOfPeriod,기초자본,7367219163302,5805227623271,1,KRW
00266961,NAVER,2021,CFS,SCE,자본변동표,ifrs-full_IncreaseDecreaseThroughChangesInAccountingPolicies,회계정책의 변경효과,,,2,KRW
00266961,NAVER,2021,CFS,SCE,자본변동표,ifrs-full_IncreaseDecreaseThroughChangesInAccountingPolicies,회계정책의 변경효과,,,2,KRW
00266961,NAVER,2021,CFS,SCE,자본변동표,ifrs-full_IncreaseDecreaseThroughChangesInAccountingPolicies,회계정책의 변경효과,,,2,KRW
00266961,NAVER,2021,CFS,SCE,자본변동표,ifrs-full_IncreaseDecreaseThroughChangesInAccountingPolicies,회계정책의 변경효과,,,2,KRW
00266961,NAVER,2021,CFS,SCE,자본변동표,-표준계정코드 미사용-,수정후 금액,-1097350149548,-1498653013809,3,KRW
00266961,NAVER,2021,CFS,SCE,자본변동표,-표준계정코드 미사용-,수정후 금액,6654814483478,5712091453142,3,KRW
00266961,NAVER,2021,CFS,SCE,자본변동표,-표준계정코드 미사용-,수정후 금액,16481339500,16481339500,3,KRW
00266961,NAVER,2021,CFS,SCE,자본변동표,-표준계정코드 미사용-,수정후 금액,1793273489872,1575307844438,3,KRW
00266961,NAVER,2021,CFS,SCE,자본변동표,-표준계정코드 미사용-,수정후 금액,8255132035213,6503926068580,3,KRW
00266961,NAVER,2021,CFS,SCE,자본변동표,-표준계정코드 미사용-,수정후 금액,887912871911,698698445309,3,KRW
00266961,NAVER,2021,CFS,SCE,자본변동표,-표준계정코드 미사용-,수정후 금액,7367219163302,5805227623271,3,KRW
00266961,NAVER,2021,CFS,SCE,자본변동표,ifrs-full_ProfitLoss,당기순이익,16477625559645,844996977149,4,KRW
00266961,NAVER,2021,CFS,SCE,자본변동표,ifrs-full_ProfitLoss,당기순이익,-12224211484,-157089789230,4,KRW
00266961,NAVER,2021,CFS,SCE,자본변동표,ifrs-full_ProfitLoss,당기순이익,16489849771129,1002086766379,4,KRW
00266961,NAVER,2021,CFS,SCE,자본변동표,ifrs-full_ProfitLoss,당기순이익,16489849771129,1002086766379,4,KRW
00266961,NAVER,2021,CFS,SCE,자본변동표,-표준계정코드 미사용-,기타포괄손익-공정가치 측정 채무상품 평가손익,-483039456,-730019603,5,KRW
00266961,NAVER,2021,CFS,SCE,자본변동표,-표준계정코드 미사용-,기타포괄손익-공정가치 측정 채무상품 평가손익,-483039456,-730019603,5,KRW
00266961,NAVER,2021,CFS,SCE,자본변동표,-표준계정코드 미사용-,기타포괄손익-공정가치 측정 채무상품 평가손익,-483039456,-730019603,5,KRW
00266961,NAVER,2021,CFS,SCE,자본변동표,-표준계정코드 미사용-,기타포괄손익-공정가치 측정 지분상품 평가손익,-90787478622,168450037860,6,KRW
00266961,NAVER,2021,CFS,SCE,자본변동표,-표준계정코드 미사용-,기타포괄손익-공정가치 측정 지분상품 평가손익,-857096887,9883513242,6,KRW
00266961,NAVER,2021,CFS,SCE,자본변동표,-표준계정코드 미사용-,기타포괄손익-공정가치 측정 지분상품 평가손익,-89930381735,158566524618,6,KRW
00266961,NAVER,2021,CFS,SCE,자본변동표,-표준계정코드 미사용-,기타포괄손익-공정가치 측정 지분상품 평가손익,-89930381735,158566524618,6,KRW
00266961,NAVER,2021,CFS,SCE,자본변동표,-표준계정코드 미사용-,기타포괄손익-공정가치 측정 지분상품 처분손익,21602409626,37778484516,7,KRW
00266961,NAVER,2021,CFS,SCE,자본변동표,-표준계정코드 미사용-,기타포괄손익-공정가치 측정 지분상품 처분손익,1488785167,,7,KRW
00266961,NAVER,2021,CFS,SCE,자본변동표,-표준계정코드 미사용-,기타포괄손익-공정가치 측정 지분상품 처분손익,20113624459,37778484516,7,KRW
00266961,NAVER,2021,CFS,SCE,자본변동표,-표준계정코드 미사용-,기타포괄손익-공정가치 측정 지분상품 처분손익,,,7,KRW
00266961,NAVER,2021,CFS,SCE,자본변동표,-표준계정코드 미사용-,기타포괄손익-공정가치 측정 지분상품 처분손익,20113624459,37778484516,7,KRW
00266961,NAVER,2021,CFS,SCE,자본변동표,-표준계정코드 미사용-,해외사업환산손익,71043967706,76248398266,8,KRW
00266961,NAVER,2021,CFS,SCE,자본변동표,-표준계정코드 미사용-,해외사업환산손익,1681997992,-7915571630,8,KRW
00266961,NAVER,2021,CFS,SCE,자본변동표,-표준계정코드 미사용-,해외사업환산손익,69361969714,84163969896,8,KRW
00266961,NAVER,2021,CFS,SCE,자본변동표,-표준계정코드 미사용-,해외사업환산손익,69361969714,84163969896,8,KRW
00266961,NAVER,2021,CFS,SCE,자본변동표,-표준계정코드 미사용-,지분법자본변동,-251820628971,-59161513902,9,KRW
00266961,NAVER,2021,CFS,SCE,자본변동표,-표준계정코드 미사용-,지분법자본변동,566271179,-90765577,9,KRW
00266961,NAVER,2021,CFS,SCE,자본변동표,-표준계정코드 미사용-,지분법자본변동,-252386900150,-59070748325,9,KRW
00266961,NAVER,2021,CFS,SCE,자본변동표,-표준계정코드 미사용-,지분법자본변동,-252386900150,-59070748325,9,KRW
00266961,NAVER,2021,CFS,SCE,자본변동표,-표준계정코드 미사용-,지분법자본변동,,,9,KRW
00266961,NAVER,2021,CFS,SCE,자본변동표,-표준계정코드 미사용-,순확정급여부채 재측정요소,-2119976189,-1384540226,10,KRW
00266961,NAVER,2021,CFS,SCE,자본변동표,-표준계정코드 미사용-,순확정급여부채 재측정요소,1017831897,1622105696,10,KRW
00266961,NAVER,2021,CFS,SCE,자본변동표,-표준계정코드 미사용-,순확정급여부채 재측정요소,-3137808086,-3006645922,10,KRW
00266961,NAVER,2021,CFS,SCE,자본변동표,-표준계정코드 미사용-,순확정급여부채 재측정요소,-3137808086,-3006645922,10,KRW
00266961,NAVER,2021,CFS,SCE,자본변동표,-표준계정코드 미사용-,현금흐름위험회피 파생상품 평가손익,,,11,KRW
00266961,NAVER,2021,CFS,SCE,자본변동표,-표준계정코드 미사용-,현금흐름위험회피 파생상품 평가손익,,,11,KRW
00266961,NAVER,2021,CFS,SCE,자본변동표,-표준계정코드 미사용-,현금흐름위험회피 파생상품 평가손익,,,11,KRW
00266961,NAVER,2021,CFS,SCE,자본변동표,ifrs-full_DividendsPaid,연차배당,59810106465,54949639640,12,KRW
00266961,NAVER,2021,CFS,SCE,자본변동표,ifrs-full_DividendsPaid,연차배당,531574395,261268720,12,KRW
00266961,NAVER,2021,CFS,SCE,자본변동표,ifrs-full_DividendsPaid,연차배당,59278532070,54688370920,12,KRW
00266961,NAVER,2021,CFS,SCE,자본변동표,ifrs-full_DividendsPaid,연차배당,59278532070,54688370920,12,KRW
00266961,NAVER,2021,CFS,SCE,자본변동표,-표준계정코드 미사용-,주식보상비용,,72879016755,13,KRW
00266961,NAVER,2021,CFS,SCE,자본변동표,-표준계정코드 미사용-,주식보상비용,,44667256627,13,KRW
00266961,NAVER,2021,CFS,SCE,자본변동표,-표준계정코드 미사용-,주식보상비용,,28211760128,13,KRW
00266961,NAVER,2021,CFS,SCE,자본변동표,-표준계정코드 미사용-,주식보상비용,,28211760128,13,KRW
00266961,NAVER,2021,CFS,SCE,자본변동표,dart_ShareBasedPaymentTransactions,주식기준보상거래,277291947956,,14,KRW
00266961,NAVER,2021,CFS,SCE,자본변동표,dart_ShareBasedPaymentTransactions,주식기준보상거래,31193147446,,14,KRW
00266961,NAVER,2021,CFS,SCE,자본변동표,dart_ShareBasedPaymentTransactions,주식기준보상거래,246098800510,,14,KRW
00266961,NAVER,2021,CFS,SCE,자본변동표,dart_ShareBasedPaymentTransactions,주식기준보상거래,203998585965,,14,KRW
00266961,NAVER,2021,CFS,SCE,자본변동표,dart_ShareBasedPaymentTransactions,주식기준보상거래,42100214545,,14,KRW
00266961,NAVER,2021,CFS,SCE,자본변동표,-표준계정코드 미사용-,자기주식의 취득,,-15516003480,15,KRW
00266961,NAVER,2021,CFS,SCE,자본변동표,-표준계정코드 미사용-,자기주식의 취득,,-15516003480,15,KRW
00266961,NAVER,2021,CFS,SCE,자본변동표,-표준계정코드 미사용-,자기주식의 취득,,-15516003480,15,KRW
00266961,NAVER,2021,CFS,SCE,자본변동표,-표준계정코드 미사용-,자기주식의 소각,0,0,16,KRW
00266961,NAVER,2021,CFS,SCE,자본변동표,-표준계정코드 미사용-,자기주식의 소각,15492077217,39758492229,16,KRW
00266961,NAVER,2021,CFS,SCE,자본변동표,-표준계정코드 미사용-,자기주식의 소각,-15492077217,-39758492229,16,KRW
00266961,NAVER,2021,CFS,SCE,자본변동표,-표준계정코드 미사용-,자기주식의 처분,,479874012867,17,KRW
00266961,NAVER,2021,CFS,SCE,자본변동표,-표준계정코드 미사용-,자기주식의 처분,,479874012867,17,KRW
00266961,NAVER,2021,CFS,SCE,자본변동표,-표준계정코드 미사용-,자기주식의 처분,,151388772301,17,KRW
00266961,NAVER,2021,CFS,SCE,자본변동표,-표준계정코드 미사용-,자기주식의 처분,,328485240566,17,KRW
00266961,NAVER,2021,CFS,SCE,자본변동표,dart_TreasuryShareTransactions,자기주식거래,437057938796,,18,KRW
00266961,NAVER,2021,CFS,SCE,자본변동표,dart_TreasuryShareTransactions,자기주식거래,437057938796,,18,KRW
00266961,NAVER,2021,CFS,SCE,자본변동표,dart_TreasuryShareTransactions,자기주식거래,104643917817,,18,KRW
00266961,NAVER,2021,CFS,SCE,자본변동표,dart_TreasuryShareTransactions,자기주식거래,332414020979,,18,KRW
00266961,NAVER,2021,CFS,SCE,자본변동표,dart_IncreaseDecreaseThroughBusinessCombinations,사업결합,,,19,KRW
00266961,NAVER,2021,CFS,SCE,자본변동표,dart_IncreaseDecreaseThroughBusinessCombinations,사업결합,,,19,KRW
00266961,NAVER,2021,CFS,SCE,자본변동표,-표준계정코드 미사용-,종속기업의 유상증자,,1078032247863,20,KRW
00266961,NAVER,2021,CFS,SCE,자본변동표,-표준계정코드 미사용-,종속기업의 유상증자,,290070044722,20,KRW
00266961,NAVER,2021,CFS,SCE,자본변동표,-표준계정코드 미사용-,종속기업의 유상증자,,787962203141,20,KRW
00266961,NAVER,2021,CFS,SCE,자본변동표,-표준계정코드 미사용-,종속기업의 유상증자,,787962203141,20,KRW
00266961,NAVER,2021,CFS,SCE,자본변동표,-표준계정코드 미사용-,종속기업의 처분,-146569645924,,21,KRW
00266961,NAVER,2021,CFS,SCE,자본변동표,-표준계정코드 미사용-,종속기업의 처분,-503245404163,,21,KRW
00266961,NAVER,2021,CFS,SCE,자본변동표,-표준계정코드 미사용-,종속기업의 처분,356675758239,,21,KRW
00266961,NAVER,2021,CFS,SCE,자본변동표,-표준계정코드 미사용-,종속기업의 처분,-215252060,,21,KRW
00266961,NAVER,2021,CFS,SCE,자본변동표,-표준계정코드 미사용-,종속기업의 처분,-6461636715,,21,KRW
00266961,NAVER,2021,CFS,SCE,자본변동표,-표준계정코드 미사용-,종속기업의 처분,363352647014,,21,KRW
00266961,NAVER,2021,CFS,SCE,자본변동표,-표준계정코드 미사용-,비지배주주와의 거래,-960786634040,-754255199702,22,KRW
00266961,NAVER,2021,CFS,SCE,자본변동표,-표준계정코드 미사용-,비지배주주와의 거래,84736035710,43978130648,22,KRW
00266961,NAVER,2021,CFS,SCE,자본변동표,-표준계정코드 미사용-,비지배주주와의 거래,-1045522669750,-798233330350,22,KRW
00266961,NAVER,2021,CFS,SCE,자본변동표,-표준계정코드 미사용-,비지배주주와의 거래,-4596665108,14530116497,22,KRW
00266961,NAVER,2021,CFS,SCE,자본변동표,-표준계정코드 미사용-,비지배주주와의 거래,-1040926004642,-812763446847,22,KRW
00266961,NAVER,2021,CFS,SCE,자본변동표,dart_OtherTransactions,기타,,-121056292090,23,KRW
00266961,NAVER,2021,CFS,SCE,자본변동표,dart_OtherTransactions,기타,,-35649229176,23,KRW
00266961,NAVER,2021,CFS,SCE,자본변동표,dart_OtherTransactions,기타,,-85407062914,23,KRW
00266961,NAVER,2021,CFS,SCE,자본변동표,dart_OtherTransactions,기타,,311288512,23,KRW
00266961,NAVER,2021,CFS,SCE,자본변동표,dart_OtherTransactions,기타,,-85718351426,23,KRW
00266961,NAVER,2021,CFS,SCE,자본변동표,ifrs-full_Equity,기말자본,24027376349275,8255132035213,24,KRW
00266961,NAVER,2021,CFS,SCE,자본변동표,ifrs-full_Equity,기말자본,491738654373,887912871911,24,KRW
00266961,NAVER,2021,CFS,SCE,자본변동표,ifrs-full_Equity,기말자본,23535637694902,7367219163302,24,KRW
00266961,NAVER,2021,CFS,SCE,자본변동표,ifrs-full_Equity,기말자본,-1051465837344,-1097350149548,24,KRW
00266961,NAVER,2021,CFS,SCE,자본변동표,ifrs-full_Equity,기말자본,23080407824978,6654814483478,24,KRW
00266961,NAVER,2021,CFS,SCE,자본변동표,ifrs-full_Equity,기말자본,16481339500,16481339500,24,KRW
00266961,NAVER,2021,CFS,SCE,자본변동표,ifrs-full_Equity,기말자본,1490214367768,1793273489872,24,KRW
00266961,NAVER,2021,OFS,BS,재무상태표,ifrs-full_CurrentAssets,유동자산,1779773191131,958002631668,1,KRW
00266961,NAVER,2021,OFS,BS,재무상태표,ifrs-full_CashAndCashEquivalents,현금및현금성자산,964418443986,369314307214,2,KRW
00266961,NAVER,2021,OFS,BS,재무상태표,dart_ShortTermDepositsNotClassifiedAsCashEquivalents,단기금융상품,205748800000,3998800000,3,KRW
00266961,NAVER,2021,OFS,BS,재무상태표,-표준계정코드 미사용-,당기손익-공정가치 측정 금융자산,3692735930,1134151477,4,KRW
00266961,NAVER,2021,OFS,BS,재무상태표,ifrs-full_TradeAndOtherCurrentReceivables,매출채권및기타채권,538909879285,553283357905,5,KRW
00266961,NAVER,2021,OFS,BS,재무상태표,ifrs-full_Inventories,재고자산,1657864895,2546626045,6,KRW
00266961,NAVER,2021,OFS,BS,재무상태표,ifrs-full_CurrentFinancialAssetsMeasuredAtFairValueThroughOtherComprehensiveIncome,기타포괄손익-공정가치금융자산,24254505540,,7,KRW
00266961,NAVER,2021,OFS,BS,재무상태표,dart_OtherCurrentAssets,기타유동자산,41090961495,27725389027,8,KRW
00266961,NAVER,2021,OFS,BS,재무상태표,ifrs-full_NoncurrentAssets,비유동자산,11182647374778,7865547902079,9,KRW
00266961,NAVER,2021,OFS,BS,재무상태표,ifrs-full_PropertyPlantAndEquipment,유형자산,1429366401646,1078819008478,10,KRW
00266961,NAVER,2021,OFS,BS,재무상태표,ifrs-full_RightofuseAssets,사용권자산,27825290362,22191160932,11,KRW
00266961,NAVER,2021,OFS,BS,재무상태표,dart_GoodwillGross,무형자산,52992451444,40107676668,12,KRW
00266961,NAVER,2021,OFS,BS,재무상태표,dart_LongTermDepositsNotClassifiedAsCashEquivalents,장기금융상품,13755872000,13755872000,13,KRW
00266961,NAVER,2021,OFS,BS,재무상태표,-표준계정코드 미사용-,당기손익-공정가치 측정 금융자산,1619663081922,1370978035427,14,KRW
00266961,NAVER,2021,OFS,BS,재무상태표,-표준계정코드 미사용-,기타포괄손익-공정가치 측정 금융자산,2009532628699,1238899975144,15,KRW
00266961,NAVER,2021,OFS,BS,재무상태표,ifrs-full_InvestmentsInSubsidiariesJointVenturesAndAssociates,"종속기업, 관계기업 및 공동기업투자",5872911000309,4046756563826,16,KRW
00266961,NAVER,2021,OFS,BS,재무상태표,ifrs-full_DeferredTaxAssets,이연법인세자산,95528039196,,17,KRW
00266961,NAVER,2021,OFS,BS,재무상태표,dart_LongTermTradeAndOtherNonCurrentReceivablesGross,매출채권및기타채권,27689808738,24861039898,18,KRW
00266961,NAVER,2021,OFS,BS,재무상태표,dart_OtherNonCurrentAssets,기타비유동자산,33382800462,29178569706,19,KRW
00266961,NAVER,2021,OFS,BS,재무상태표,ifrs-full_Assets,자산총계,12962420565909,8823550533747,20,KRW
00266961,NAVER,2021,OFS,BS,재무상태표,ifrs-full_CurrentLiabilities,유동부채,1334494719909,1269469278464,22,KRW
00266961,NAVER,2021,OFS,BS,재무상태표,ifrs-full_TradeAndOtherCurrentPayables,매입채무및기타채무,523648450674,569677851494,23,KRW
00266961,NAVER,2021,OFS,BS,재무상태표,ifrs-full_ShorttermBorrowings,단기차입금,,40000000000,24,KRW
00266961,NAVER,2021,OFS,BS,재무상태표,ifrs-full_CurrentTaxLiabilities,당기법인세부채,466079897352,359805275309,25,KRW
00266961,NAVER,2021,OFS,BS,재무상태표,ifrs-full_CurrentProvisions,충당부채,2674409542,32541708760,26,KRW
00266961,NAVER,2021,OFS,BS,재무상태표,ifrs-full_CurrentLeaseLiabilities,리스부채,18371326491,19788581544,27,KRW
00266961,NAVER,2021,OFS,BS,재무상태표,dart_OtherCurrentLiabilities,기타유동부채,323720635850,247655861357,28,KRW
00266961,NAVER,2021,OFS,BS,재무상태표,ifrs-full_NoncurrentLiabilities,비유동부채,2295467194248,291954758846,29,KRW
00266961,NAVER,2021,OFS,BS,재무상태표,dart_LongTermTradeAndOtherNonCurrentPayables,매입채무및기타채무,9533697878,14510378435,30,KRW
00266961,NAVER,2021,OFS,BS,재무상태표,dart_BondsIssued,사채,1636827463521,,31,KRW
00266961,NAVER,2021,OFS,BS,재무상태표,dart_LongTermBorrowingsGross,장기차입금,349525600000,,32,KRW
00266961,NAVER,2021,OFS,BS,재무상태표,dart_PostemploymentBenefitObligations,순확정급여부채,277385543494,220740226032,33,KRW
00266961,NAVER,2021,OFS,BS,재무상태표,ifrs-full_NoncurrentProvisions,충당부채,2302657082,2092860956,34,KRW
00266961,NAVER,2021,OFS,BS,재무상태표,ifrs-full_DeferredTaxLiabilities,이연법인세부채,,29669335032,35,KRW
00266961,NAVER,2021,OFS,BS,재무상태표,ifrs-full_NoncurrentLeaseLiabilities,리스부채,19505218405,24672861187,36,KRW
00266961,NAVER,2021,OFS,BS,재무상태표,dart_OtherNonCurrentLiabilities,기타비유동부채,387013868,269097204,37,KRW
00266961,NAVER,2021,OFS,BS,재무상태표,ifrs-full_Liabilities,부채총계,3629961914157,1561424037310,38,KRW
00266961,NAVER,2021,OFS,BS,재무상태표,ifrs-full_IssuedCapital,자본금,16481339500,16481339500,40,KRW
00266961,NAVER,2021,OFS,BS,재무상태표,dart_CapitalSurplus,자본잉여금,1055716814497,675891629000,41,KRW
00266961,NAVER,2021,OFS,BS,재무상태표,dart_ElementsOfOtherStockholdersEquity,기타자본구성요소,-997204415003,-1233773041044,42,KRW
00266961,NAVER,2021,OFS,BS,재무상태표,ifrs-full_RetainedEarnings,이익잉여금,9257464912758,7803526568981,43,KRW
00266961,NAVER,2021,OFS,BS,재무상태표,ifrs-full_Equity,자본총계,9332458651752,7262126496437,44,KRW
00266961,NAVER,2021,OFS,BS,재무상태표,ifrs-full_EquityAndLiabilities,자본과부채총계,12962420565909,8823550533747,45,KRW
00266961,NAVER,2021,OFS,CIS,포괄손익계산서,ifrs-full_Revenue,영업수익,5018667294374,4126629312584,0,KRW
00266961,NAVER,2021,OFS,CIS,포괄손익계산서,-표준계정코드 미사용-,영업비용,-3459938514095,-2685815580704,1,KRW
00266961,NAVER,2021,OFS,CIS,포괄손익계산서,dart_OperatingIncomeLoss,영업이익,1558728780279,1440813731880,2,KRW
00266961,NAVER,2021,OFS,CIS,포괄손익계산서,dart_OtherGains,기타수익,51361277372,50734211779,3,KRW
00266961,NAVER,2021,OFS,CIS,포괄손익계산서,dart_OtherLosses,기타비용,279284899638,206972193347,4,KRW
00266961,NAVER,2021,OFS,CIS,포괄손익계산서,-표준계정코드 미사용-,이자수익,5275649103,4956097488,5,KRW
00266961,NAVER,2021,OFS,CIS,포괄손익계산서,ifrs-full_FinanceIncome,금융수익,824513997579,412115444862,6,KRW
00266961,NAVER,2021,OFS,CIS,포괄손익계산서,ifrs-full_FinanceCosts,금융비용,71247340942,41343378557,7,KRW
00266961,NAVER,2021,OFS,CIS,포괄손익계산서,ifrs-full_ProfitLossBeforeTax,법인세비용차감전순이익,2089347463753,1660303914105,8,KRW
00266961,NAVER,2021,OFS,CIS,포괄손익계산서,ifrs-full_IncomeTaxExpenseContinuingOperations,법인세비용,564592453792,463379370520,9,KRW
00266961,NAVER,2021,OFS,CIS,포괄손익계산서,ifrs-full_ProfitLoss,당기순이익,1524755009961,1196924543585,10,KRW
00266961,NAVER,2021,OFS,CIS,포괄손익계산서,ifrs-full_OtherComprehensiveIncome,기타포괄손익,-70103083855,112773681347,11,KRW
00266961,NAVER,2021,OFS,CIS,포괄손익계산서,dart_OtherComprehensiveIncomeThatWillBeReclassifiedToProfitOrLossNetOfTax,후속기간에 당기손익으로 재분류되는 항목,,,12,KRW
00266961,NAVER,2021,OFS,CIS,포괄손익계산서,ifrs-full_GainsLossesOnFinancialAssetsMeasuredAtFairValueThroughOtherComprehensiveIncomeNetOfTax,기타포괄손익-공정가치 측정 금융자산 평가손익(세후기타포괄손익),,,13,KRW
00266961,NAVER,2021,OFS,CIS,포괄손익계산서,dart_OtherComprehensiveIncomeThatWillNotBeReclassifiedToProfitOrLossNetOfTax,후속기간에 당기손익으로 재분류되지 않는 항목,-70103083855,112773681347,14,KRW
00266961,NAVER,2021,OFS,CIS,포괄손익계산서,-표준계정코드 미사용-,기타포괄손익-공정가치 측정 지분상품 평가손익,-74057026958,110915469318,15,KRW
00266961,NAVER,2021,OFS,CIS,포괄손익계산서,-표준계정코드 미사용-,기타포괄손익-공정가치 측정 지분상품 처분손익,17199903875,2034430424,16,KRW
00266961,NAVER,2021,OFS,CIS,포괄손익계산서,-표준계정코드 미사용-,순확정급여부채의 재측정요소,-13245960772,-176218395,17,KRW
00266961,NAVER,2021,OFS,CIS,포괄손익계산서,ifrs-full_ComprehensiveIncome,총포괄이익,1454651926106,1309698224932,18,KRW
00266961,NAVER,2021,OFS,CIS,포괄손익계산서,ifrs-full_BasicEarningsLossPerShare,기본주당순이익,10257,8214,20,KRW
00266961,NAVER,2021,OFS,CIS,포괄손익계산서,ifrs-full_DilutedEarningsLossPerShare,희석주당순이익,10165,8168,21,KRW
00266961,NAVER,2021,OFS,CF,현금흐름표,ifrs-full_CashFlowsFromUsedInOperatingActivities,영업활동현금흐름,1365965764648,1287119454572,0,KRW
00266961,NAVER,2021,OFS,CF,현금흐름표,-표준계정코드 미사용-,영업으로부터 창출된 현금흐름,1656553370619,1668333659331,1,KRW
00266961,NAVER,2021,OFS,CF,현금흐름표,ifrs-full_InterestReceivedClassifiedAsOperatingActivities,이자의 수입,4581536466,3900318666,2,KRW
00266961,NAVER,2021,OFS,CF,현금흐름표,ifrs-full_InterestPaidClassifiedAsOperatingActivities,이자의 지급,15792780568,1709784849,3,KRW
00266961,NAVER,2021,OFS,CF,현금흐름표,ifrs-full_DividendsReceivedClassifiedAsOperatingActivities,배당금의 수취,330762793801,46848446017,4,KRW
00266961,NAVER,2021,OFS,CF,현금흐름표,ifrs-full_IncomeTaxesPaidRefundClassifiedAsOperatingActivities,법인세의 납부,610139155670,430253184593,5,KRW
00266961,NAVER,2021,OFS,CF,현금흐름표,ifrs-full_CashFlowsFromUsedInInvestingActivities,투자활동현금흐름,-2825494181055,-1284562175225,6,KRW
00266961,NAVER,2021,OFS,CF,현금흐름표,-표준계정코드 미사용-,단기금융상품의 순증감,-187544000000,,7,KRW
00266961,NAVER,2021,OFS,CF,현금흐름표,-표준계정코드 미사용-,단기대여금의 증가,40046440000,95268000000,8,KRW
00266961,NAVER,2021,OFS,CF,현금흐름표,dart_PurchaseOfLongTermFinancialInstruments,장기금융상품의 증가,,2560000000,9,KRW
00266961,NAVER,2021,OFS,CF,현금흐름표,-표준계정코드 미사용-,장기금융상품의 감소,,10000000000,10,KRW
00266961,NAVER,2021,OFS,CF,현금흐름표,-표준계정코드 미사용-,당기손익-공정가치 측정 금융자산의 취득,289352018876,334969205470,11,KRW
00266961,NAVER,2021,OFS,CF,현금흐름표,-표준계정코드 미사용-,당기손익-공정가치 측정 금융자산의 처분,176867578236,801146157760,12,KRW
00266961,NAVER,2021,OFS,CF,현금흐름표,ifrs-full_PurchaseOfPropertyPlantAndEquipmentClassifiedAsInvestingActivities,유형자산의 취득,381462480731,256096494860,13,KRW
00266961,NAVER,2021,OFS,CF,현금흐름표,ifrs-full_ProceedsFromSalesOfPropertyPlantAndEquipmentClassifiedAsInvestingActivities,유형자산의 처분,785914054,1617851470,14,KRW
00266961,NAVER,2021,OFS,CF,현금흐름표,ifrs-full_PurchaseOfIntangibleAssetsClassifiedAsInvestingActivities,무형자산의 취득,16905804564,10516027161,15,KRW
00266961,NAVER,2021,OFS,CF,현금흐름표,ifrs-full_ProceedsFromSalesOfIntangibleAssetsClassifiedAsInvestingActivities,무형자산의 처분,1572701194,1032880000,16,KRW
00266961,NAVER,2021,OFS,CF,현금흐름표,-표준계정코드 미사용-,기타포괄손익-공정가치 측정 금융자산의 취득,484354877014,46470714355,17,KRW
00266961,NAVER,2021,OFS,CF,현금흐름표,-표준계정코드 미사용-,기타포괄손익-공정가치 측정 금융자산의 처분,152862987099,5584356500,18,KRW
00266961,NAVER,2021,OFS,CF,현금흐름표,dart_PurchaseOfInvestmentsInSubsidiariesJointVenturesAndAssociates,종속기업및관계기업투자주식의 취득,1961871943107,1506443550995,19,KRW
00266961,NAVER,2021,OFS,CF,현금흐름표,dart_ProceedsFromSalesOfInvestmentsInSubsidiariesJointVenturesAndAssociates,종속기업및관계기업투자주식의 처분,207101722713,153479128783,20,KRW
00266961,NAVER,2021,OFS,CF,현금흐름표,dart_ProceedsFromSalesOfFinanceLeaseAssets,리스채권의 회수,11877750317,11161612229,21,KRW
00266961,NAVER,2021,OFS,CF,현금흐름표,-표준계정코드 미사용-,분할로 인한 현금유출액,,,22,KRW
00266961,NAVER,2021,OFS,CF,현금흐름표,-표준계정코드 미사용-,사업결합으로인한 현금유출입액,10476254714,-13771707516,23,KRW
00266961,NAVER,2021,OFS,CF,현금흐름표,ifrs-full_OtherInflowsOutflowsOfCashClassifiedAsInvestingActivities,기타투자활동으로 인한 현금유출입액,-25501525090,-2488461610,24,KRW
00266961,NAVER,2021,OFS,CF,현금흐름표,ifrs-full_CashFlowsFromUsedInFinancingActivities,재무활동현금흐름,2051785152074,-48313674433,25,KRW
00266961,NAVER,2021,OFS,CF,현금흐름표,dart_ProceedsFromShortTermBorrowings,단기차입금의 차입,158905500000,40000000000,26,KRW
00266961,NAVER,2021,OFS,CF,현금흐름표,dart_RepaymentsOfShortTermBorrowings,단기차입금의 상환,196301500000,,27,KRW
00266961,NAVER,2021,OFS,CF,현금흐름표,dart_ProceedsFromLongTermBorrowings,장기차입금의 차입,351297700000,,28,KRW
00266961,NAVER,2021,OFS,CF,현금흐름표,dart_ProceedsFromBonds,사채의 발행,1588456943730,,29,KRW
00266961,NAVER,2021,OFS,CF,현금흐름표,ifrs-full_PaymentsOfFinanceLeaseLiabilitiesClassifiedAsFinancingActivities,리스부채의 상환,20033517627,18288199584,30,KRW
00266961,NAVER,2021,OFS,CF,현금흐름표,dart_AcquisitionOfTreasuryShares,자기주식의 취득,,15516003480,31,KRW
00266961,NAVER,2021,OFS,CF,현금흐름표,dart_DispositionOfTreasuryShares,자기주식의 처분,188237813981,,32,KRW
00266961,NAVER,2021,OFS,CF,현금흐름표,dart_ProceedsFromExerciseOfShareOptions,주식선택권행사,39796328200,,33,KRW
00266961,NAVER,2021,OFS,CF,현금흐름표,ifrs-full_DividendsPaidClassifiedAsFinancingActivities,배당금지급,59278532070,54688370920,34,KRW
00266961,NAVER,2021,OFS,CF,현금흐름표,ifrs-full_OtherInflowsOutflowsOfCashClassifiedAsFinancingActivities,기타재무활동으로 인한 현금유출입액,704415860,178899551,35,KRW
00266961,NAVER,2021,OFS,CF,현금흐름표,ifrs-full_EffectOfExchangeRateChangesOnCashAndCashEquivalents,현금및현금성자산의 환율변동효과,2847401105,641666927,36,KRW
00266961,NAVER,2021,OFS,CF,현금흐름표,ifrs-full_IncreaseDecreaseInCashAndCashEquivalents,현금및현금성자산의순증감,595104136772,-45114728159,37,KRW
00266961,NAVER,2021,OFS,CF,현금흐름표,dart_CashAndCashEquivalentsAtBeginningOfPeriodCf,기초현금및현금성자산,369314307214,414429035373,38,KRW
00266961,NAVER,2021,OFS,CF,현금흐름표,dart_CashAndCashEquivalentsAtEndOfPeriodCf,기말현금및현금성자산,964418443986,369314307214,39,KRW
00266961,NAVER,2021,OFS,SCE,자본변동표,dart_EquityAtBeginningOfPeriod,기초자본,7262126496437,5529546872909,1,KRW
00266961,NAVER,2021,OFS,SCE,자본변동표,dart_EquityAtBeginningOfPeriod,기초자본,-1233773041044,-1548531531541,1,KRW
00266961,NAVER,2021,OFS,SCE,자본변동표,dart_EquityAtBeginningOfPeriod,기초자본,7803526568981,6699190676516,1,KRW
00266961,NAVER,2021,OFS,SCE,자본변동표,dart_EquityAtBeginningOfPeriod,기초자본,16481339500,16481339500,1,KRW
00266961,NAVER,2021,OFS,SCE,자본변동표,dart_EquityAtBeginningOfPeriod,기초자본,675891629000,362406388434,1,KRW
00266961,NAVER,2021,OFS,SCE,자본변동표,-표준계정코드 미사용-,회계정책의 변경효과,,,2,KRW
00266961,NAVER,2021,OFS,SCE,자본변동표,-표준계정코드 미사용-,회계정책의 변경효과,,,2,KRW
00266961,NAVER,2021,OFS,SCE,자본변동표,-표준계정코드 미사용-,수정 후 금액,-1233773041044,-1548531531541,3,KRW
00266961,NAVER,2021,OFS,SCE,자본변동표,-표준계정코드 미사용-,수정 후 금액,675891629000,362406388434,3,KRW
00266961,NAVER,2021,OFS,SCE,자본변동표,-표준계정코드 미사용-,수정 후 금액,16481339500,16481339500,3,KRW
00266961,NAVER,2021,OFS,SCE,자본변동표,-표준계정코드 미사용-,수정 후 금액,7803526568981,6699190676516,3,KRW
00266961,NAVER,2021,OFS,SCE,자본변동표,-표준계정코드 미사용-,수정 후 금액,7262126496437,5529546872909,3,KRW
00266961,NAVER,2021,OFS,SCE,자본변동표,ifrs-full_ProfitLoss,당기순이익,1524755009961,1196924543585,4,KRW
00266961,NAVER,2021,OFS,SCE,자본변동표,ifrs-full_ProfitLoss,당기순이익,1524755009961,1196924543585,4,KRW
00266961,NAVER,2021,OFS,SCE,자본변동표,-표준계정코드 미사용-,기타포괄손익-공정가치 측정 채무상품 평가손익,,,5,KRW
00266961,NAVER,2021,OFS,SCE,자본변동표,-표준계정코드 미사용-,기타포괄손익-공정가치 측정 채무상품 평가손익,,,5,KRW
00266961,NAVER,2021,OFS,SCE,자본변동표,-표준계정코드 미사용-,기타포괄손익-공정가치 측정 지분상품 평가손익,-74057026958,110915469318,6,KRW
00266961,NAVER,2021,OFS,SCE,자본변동표,-표준계정코드 미사용-,기타포괄손익-공정가치 측정 지분상품 평가손익,-74057026958,110915469318,6,KRW
00266961,NAVER,2021,OFS,SCE,자본변동표,-표준계정코드 미사용-,기타포괄손익-공정가치 측정 지분상품 처분손익,,,7,KRW
00266961,NAVER,2021,OFS,SCE,자본변동표,-표준계정코드 미사용-,기타포괄손익-공정가치 측정 지분상품 처분손익,17199903875,2034430424,7,KRW
00266961,NAVER,2021,OFS,SCE,자본변동표,-표준계정코드 미사용-,기타포괄손익-공정가치 측정 지분상품 처분손익,17199903875,2034430424,7,KRW
00266961,NAVER,2021,OFS,SCE,자본변동표,-표준계정코드 미사용-,순확정급여부채 재측정요소,-13245960772,-176218395,8,KRW
00266961,NAVER,2021,OFS,SCE,자본변동표,-표준계정코드 미사용-,순확정급여부채 재측정요소,-13245960772,-176218395,8,KRW
00266961,NAVER,2021,OFS,SCE,자본변동표,ifrs-full_DividendsPaid,연차배당,59278532070,54688370920,9,KRW
00266961,NAVER,2021,OFS,SCE,자본변동표,ifrs-full_DividendsPaid,연차배당,59278532070,54688370920,9,KRW
00266961,NAVER,2021,OFS,SCE,자본변동표,-표준계정코드 미사용-,자기주식의 취득,,-15516003480,10,KRW
00266961,NAVER,2021,OFS,SCE,자본변동표,-표준계정코드 미사용-,자기주식의 취득,,-15516003480,10,KRW
00266961,NAVER,2021,OFS,SCE,자본변동표,-표준계정코드 미사용-,자기주식의 처분,,151388772302,11,KRW
00266961,NAVER,2021,OFS,SCE,자본변동표,-표준계정코드 미사용-,자기주식의 처분,,328485240566,11,KRW
00266961,NAVER,2021,OFS,SCE,자본변동표,-표준계정코드 미사용-,자기주식의 처분,,479874012868,11,KRW
00266961,NAVER,2021,OFS,SCE,자본변동표,dart_TreasuryShareTransactions,자기주식거래,437057938796,,12,KRW
00266961,NAVER,2021,OFS,SCE,자본변동표,dart_TreasuryShareTransactions,자기주식거래,104643917817,,12,KRW
00266961,NAVER,2021,OFS,SCE,자본변동표,dart_TreasuryShareTransactions,자기주식거래,332414020979,,12,KRW
00266961,NAVER,2021,OFS,SCE,자본변동표,dart_ShareBasedPaymentTransactions,주식기준보상거래,42100214545,,13,KRW
00266961,NAVER,2021,OFS,SCE,자본변동표,dart_ShareBasedPaymentTransactions,주식기준보상거래,190489657965,,13,KRW
00266961,NAVER,2021,OFS,SCE,자본변동표,dart_ShareBasedPaymentTransactions,주식기준보상거래,232589872510,,13,KRW
00266961,NAVER,2021,OFS,SCE,자본변동표,-표준계정코드 미사용-,자기주식의 소각,-15492077217,-39758492229,14,KRW
00266961,NAVER,2021,OFS,SCE,자본변동표,-표준계정코드 미사용-,자기주식의 소각,15492077217,39758492229,14,KRW
00266961,NAVER,2021,OFS,SCE,자본변동표,-표준계정코드 미사용-,주식보상비용,,28211760128,15,KRW
00266961,NAVER,2021,OFS,SCE,자본변동표,-표준계정코드 미사용-,주식보상비용,,28211760128,15,KRW
00266961,NAVER,2021,OFS,SCE,자본변동표,-표준계정코드 미사용-,사업결합으로 인한 자본변동,5310949973,-15000000000,16,KRW
00266961,NAVER,2021,OFS,SCE,자본변동표,-표준계정코드 미사용-,사업결합으로 인한 자본변동,5310949973,-15000000000,16,KRW
00266961,NAVER,2021,OFS,SCE,자본변동표,ifrs-full_Equity,기말자본,1055716814497,675891629000,17,KRW
00266961,NAVER,2021,OFS,SCE,자본변동표,ifrs-full_Equity,기말자본,16481339500,16481339500,17,KRW
00266961,NAVER,2021,OFS,SCE,자본변동표,ifrs-full_Equity,기말자본,9257464912758,7803526568981,17,KRW
00266961,NAVER,2021,OFS,SCE,자본변동표,ifrs-full_Equity,기말자본,-997204415003,-1233773041044,17,KRW
00266961,NAVER,2021,OFS,SCE,자본변동표,ifrs-full_Equity,기말자본,9332458651752,7262126496437,17,KRW
00266961,NAVER,2022,CFS,BS,재무상태표,ifrs-full_CurrentAssets,유동자산,6439570710743,5527878425552,1,KRW
00266961,NAVER,2022,CFS,BS,재무상태표,ifrs-full_CashAndCashEquivalents,현금및현금성자산,2724168321708,2781395543827,2,KRW
00266961,NAVER,2022,CFS,BS,재무상태표,dart_ShortTermDepositsNotClassifiedAsCashEquivalents,단기금융상품,1216410034221,673555739311,3,KRW
00266961,NAVER,2022,CFS,BS,재무상태표,-표준계정코드 미사용-,당기손익-공정가치 측정 금융자산,745584919599,461932777511,4,KRW
00266961,NAVER,2022,CFS,BS,재무상태표,ifrs-full_CurrentFinancialAssetsMeasuredAtFairValueThroughOtherComprehensiveIncome,기타포괄손익-공정가치 측정 금융자산,,24254505540,5,KRW
00266961,NAVER,2022,CFS,BS,재무상태표,ifrs-full_TradeAndOtherCurrentReceivables,매출채권및기타채권,1540471078134,1454660666688,6,KRW
00266961,NAVER,2022,CFS,BS,재무상태표,ifrs-full_Inventories,재고자산,8651839041,6139904767,7,KRW
00266961,NAVER,2022,CFS,BS,재무상태표,dart_OtherCurrentAssets,기타유동자산,194039763315,124296250629,8,KRW
00266961,NAVER,2022,CFS,BS,재무상태표,ifrs-full_CurrentTaxAssets,당기법인세자산,10244754725,1643037279,9,KRW
00266961,NAVER,2022,CFS,BS,재무상태표,-표준계정코드 미사용-,매각예정자산,,,10,KRW
00266961,NAVER,2022,CFS,BS,재무상태표,ifrs-full_NoncurrentAssets,비유동자산,27459472178393,28163128331488,11,KRW
00266961,NAVER,2022,CFS,BS,재무상태표,ifrs-full_PropertyPlantAndEquipment,유형자산,2457820240295,2111261659613,12,KRW
00266961,NAVER,2022,CFS,BS,재무상태표,ifrs-full_RightofuseAssets,사용권자산,738710004475,290462942745,13,KRW
00266961,NAVER,2022,CFS,BS,재무상태표,dart_GoodwillGross,무형자산,1481423637125,932152347274,14,KRW
00266961,NAVER,2022,CFS,BS,재무상태표,dart_LongTermDepositsNotClassifiedAsCashEquivalents,장기금융상품,14255722000,14255722000,15,KRW
00266961,NAVER,2022,CFS,BS,재무상태표,-표준계정코드 미사용-,당기손익-공정가치 측정 금융자산,2427610041051,2407725020317,16,KRW
00266961,NAVER,2022,CFS,BS,재무상태표,ifrs-full_NoncurrentFinancialAssetsMeasuredAtFairValueThroughOtherComprehensiveIncome,기타포괄손익-공정가치 측정 금융자산,1354122792627,2099232986626,17,KRW
00266961,NAVER,2022,CFS,BS,재무상태표,ifrs-full_InvestmentAccountedForUsingEquityMethod,관계기업및공동기업 투자,18541286921720,20090304016842,18,KRW
00266961,NAVER,2022,CFS,BS,재무상태표,ifrs-full_DeferredTaxAssets,이연법인세자산,265767603355,98430685422,19,KRW
00266961,NAVER,2022,CFS,BS,재무상태표,dart_LongTermTradeAndOtherNonCurrentReceivablesGross,매출채권및기타채권,76754808757,46387217185,20,KRW
00266961,NAVER,2022,CFS,BS,재무상태표,dart_OtherNonCurrentAssets,기타비유동자산,101720406988,72915733464,21,KRW
00266961,NAVER,2022,CFS,BS,재무상태표,ifrs-full_Assets,자산총계,33899042889136,33691006757040,22,KRW
00266961,NAVER,2022,CFS,BS,재무상태표,ifrs-full_CurrentLiabilities,유동부채,5480633710849,3923319146652,24,KRW
00266961,NAVER,2022,CFS,BS,재무상태표,ifrs-full_TradeAndOtherCurrentPayables,매입채무및기타채무,1245664499219,992675127701,25,KRW
00266961,NAVER,2022,CFS,BS,재무상태표,ifrs-full_CurrentFinancialLiabilitiesAtFairValueThroughProfitOrLossDesignatedUponInitialRecognition,당기손익-공정가치 측정 금융부채,71905225561,,26,KRW
00266961,NAVER,2022,CFS,BS,재무상태표,ifrs-full_ShorttermBorrowings,단기차입금,1381399298786,461321818464,27,KRW
00266961,NAVER,2022,CFS,BS,재무상태표,ifrs-full_CurrentTaxLiabilities,당기법인세부채,349087471196,515246293598,28,KRW
00266961,NAVER,2022,CFS,BS,재무상태표,ifrs-full_CurrentProvisions,충당부채,5450342335,6657331759,29,KRW
00266961,NAVER,2022,CFS,BS,재무상태표,ifrs-full_CurrentLeaseLiabilities,리스부채,193376317267,105615989665,30,KRW
00266961,NAVER,2022,CFS,BS,재무상태표,dart_OtherCurrentLiabilities,기타유동부채,2233750556485,1841802585465,31,KRW
00266961,NAVER,2022,CFS,BS,재무상태표,-표준계정코드 미사용-,매각예정부채,,,32,KRW
00266961,NAVER,2022,CFS,BS,재무상태표,ifrs-full_NoncurrentLiabilities,비유동부채,4968086697836,5740311261113,33,KRW
00266961,NAVER,2022,CFS,BS,재무상태표,dart_LongTermTradeAndOtherNonCurrentPayables,매입채무및기타채무,69639961691,118079924927,34,KRW
00266961,NAVER,2022,CFS,BS,재무상태표,ifrs-full_NoncurrentFinancialLiabilitiesAtFairValueThroughProfitOrLossDesignatedUponInitialRecognition,당기손익-공정가치 측정 금융부채,684617869427,508994104631,35,KRW
00266961,NAVER,2022,CFS,BS,재무상태표,dart_BondsIssued,사채,1704518276546,1636827463521,36,KRW
00266961,NAVER,2022,CFS,BS,재무상태표,dart_LongTermBorrowingsGross,장기차입금,328034313380,1552014025878,37,KRW
00266961,NAVER,2022,CFS,BS,재무상태표,dart_PostemploymentBenefitObligations,순확정급여부채,577397964363,554264628196,38,KRW
00266961,NAVER,2022,CFS,BS,재무상태표,ifrs-full_NoncurrentProvisions,충당부채,17784624686,8918100642,39,KRW
00266961,NAVER,2022,CFS,BS,재무상태표,ifrs-full_NoncurrentLeaseLiabilities,리스부채,589253964655,205661717226,40,KRW
00266961,NAVER,2022,CFS,BS,재무상태표,ifrs-full_DeferredTaxLiabilities,이연법인세부채,985870669008,1155139324751,41,KRW
00266961,NAVER,2022,CFS,BS,재무상태표,dart_OtherNonCurrentLiabilities,기타비유동부채,10969054080,411971341,42,KRW
00266961,NAVER,2022,CFS,BS,재무상태표,ifrs-full_Liabilities,부채총계,10448720408685,9663630407765,43,KRW
00266961,NAVER,2022,CFS,BS,재무상태표,ifrs-full_EquityAttributableToOwnersOfParent,지배기업 소유주지분,22744095607040,23535637694902,45,KRW
00266961,NAVER,2022,CFS,BS,재무상태표,ifrs-full_IssuedCapital,자본금,16481339500,16481339500,46,KRW
00266961,NAVER,2022,CFS,BS,재무상태표,dart_CapitalSurplus,자본잉여금,1556453389615,1490214367768,47,KRW
00266961,NAVER,2022,CFS,BS,재무상태표,dart_ElementsOfOtherStockholdersEquity,기타자본구성요소,-2474526129371,-1051465837344,48,KRW
00266961,NAVER,2022,CFS,BS,재무상태표,-표준계정코드 미사용-,매각예정자산 관련 기타포괄손익누계액,,,49,KRW
00266961,NAVER,2022,CFS,BS,재무상태표,ifrs-full_RetainedEarnings,이익잉여금,23645687007296,23080407824978,50,KRW
00266961,NAVER,2022,CFS,BS,재무상태표,ifrs-full_NoncontrollingInterests,비지배지분,706226873411,491738654373,51,KRW
00266961,NAVER,2022,CFS,BS,재무상태표,ifrs-full_Equity,자본총계,23450322480451,24027376349275,52,KRW
00266961,NAVER,2022,CFS,BS,재무상태표,ifrs-full_EquityAndLiabilities,자본과부채총계,33899042889136,33691006757040,53,KRW
00266961,NAVER,2022,CFS,CIS,포괄손익계산서,ifrs-full_Revenue,영업수익,8220078708810,6817599707250,0,KRW
00266961,NAVER,2022,CFS,CIS,포괄손익계산서,-표준계정코드 미사용-,영업비용,-6915414298267,-5492121536133,1,KRW
00266961,NAVER,2022,CFS,CIS,포괄손익계산서,dart_OperatingIncomeLoss,영업이익,1304664410543,1325478171117,2,KRW
00266961,NAVER,2022,CFS,CIS,포괄손익계산서,dart_OtherGains,기타수익,310571804200,52722438756,3,KRW
00266961,NAVER,2022,CFS,CIS,포괄손익계산서,dart_OtherLosses,기타비용,375658237080,232866247091,4,KRW
00266961,NAVER,2022,CFS,CIS,포괄손익계산서,-표준계정코드 미사용-,이자수익,59164658931,20004490256,5,KRW
00266961,NAVER,2022,CFS,CIS,포괄손익계산서,ifrs-full_FinanceIncome,금융수익,619735977200,765693953525,6,KRW
00266961,NAVER,2022,CFS,CIS,포괄손익계산서,ifrs-full_FinanceCosts,금융비용,931522674095,349334091066,7,KRW
00266961,NAVER,2022,CFS,CIS,포괄손익계산서,-표준계정코드 미사용-,지분법손익,96761151453,544701156204,8,KRW
00266961,NAVER,2022,CFS,CIS,포괄손익계산서,ifrs-full_ProfitLossBeforeTax,법인세비용차감전순이익,1083717091152,2126399871701,9,KRW
00266961,NAVER,2022,CFS,CIS,포괄손익계산서,ifrs-full_IncomeTaxExpenseContinuingOperations,법인세비용,410536791065,648668889581,10,KRW
00266961,NAVER,2022,CFS,CIS,포괄손익계산서,ifrs-full_ProfitLossFromContinuingOperations,계속영업순이익,673180300087,1477730982120,11,KRW
00266961,NAVER,2022,CFS,CIS,포괄손익계산서,ifrs-full_ProfitLossFromDiscontinuedOperations,중단영업순이익,,14999894577525,12,KRW
00266961,NAVER,2022,CFS,CIS,포괄손익계산서,ifrs-full_ProfitLoss,당기순이익,673180300087,16477625559645,13,KRW
00266961,NAVER,2022,CFS,CIS,포괄손익계산서,ifrs-full_ProfitLossAttributableToOwnersOfParent,지배기업 소유주지분,760260876247,16489849771129,15,KRW
00266961,NAVER,2022,CFS,CIS,포괄손익계산서,-표준계정코드 미사용-,계속영업이익,760260876247,1493472246748,16,KRW
00266961,NAVER,2022,CFS,CIS,포괄손익계산서,-표준계정코드 미사용-,중단영업이익,,14996377524381,17,KRW
00266961,NAVER,2022,CFS,CIS,포괄손익계산서,ifrs-full_ProfitLossAttributableToNoncontrollingInterests,비지배지분,-87080576160,-12224211484,18,KRW
00266961,NAVER,2022,CFS,CIS,포괄손익계산서,-표준계정코드 미사용-,계속영업이익,-87080576160,-15741264628,19,KRW
00266961,NAVER,2022,CFS,CIS,포괄손익계산서,-표준계정코드 미사용-,중단영업이익,,3517053144,20,KRW
00266961,NAVER,2022,CFS,CIS,포괄손익계산서,ifrs-full_OtherComprehensiveIncome,기타포괄손익,-1388015023214,-252564745906,21,KRW
00266961,NAVER,2022,CFS,CIS,포괄손익계산서,dart_OtherComprehensiveIncomeThatWillBeReclassifiedToProfitOrLossNetOfTax,후속적으로 당기손익으로 재분류되는 항목,-1201075972444,-190772138482,22,KRW
00266961,NAVER,2022,CFS,CIS,포괄손익계산서,-표준계정코드 미사용-,기타포괄손익-공정가치 채무상품 평가손익,,-483039456,23,KRW
00266961,NAVER,2022,CFS,CIS,포괄손익계산서,ifrs-full_GainsLossesOnExchangeDifferencesOnTranslationNetOfTax,해외사업환산손익,122569353269,71043967706,24,KRW
00266961,NAVER,2022,CFS,CIS,포괄손익계산서,-표준계정코드 미사용-,지분법자본변동,-1323645325713,-261333066732,25,KRW
00266961,NAVER,2022,CFS,CIS,포괄손익계산서,dart_OtherComprehensiveIncomeThatWillNotBeReclassifiedToProfitOrLossNetOfTax,후속적으로 당기손익으로 재분류되지 않는 항목,-186939050770,-61792607424,26,KRW
00266961,NAVER,2022,CFS,CIS,포괄손익계산서,-표준계정코드 미사용-,기타포괄손익-공정가치 측정 지분상품 평가손익,-484843494849,-90787478622,27,KRW
00266961,NAVER,2022,CFS,CIS,포괄손익계산서,-표준계정코드 미사용-,기타포괄손익-공정가치 측정 지분상품 처분손익,-45127813925,21602409626,28,KRW
00266961,NAVER,2022,CFS,CIS,포괄손익계산서,-표준계정코드 미사용-,지분법자본변동,274285784800,9512437761,29,KRW
00266961,NAVER,2022,CFS,CIS,포괄손익계산서,-표준계정코드 미사용-,순확정급여부채의 재측정요소,68746473204,-2119976189,30,KRW
00266961,NAVER,2022,CFS,CIS,포괄손익계산서,ifrs-full_ComprehensiveIncome,총포괄손익,-714834723127,16225060813739,31,KRW
00266961,NAVER,2022,CFS,CIS,포괄손익계산서,ifrs-full_ComprehensiveIncomeAttributableToOwnersOfParent,지배기업 소유주지분,-681315237223,16233387235875,33,KRW
00266961,NAVER,2022,CFS,CIS,포괄손익계산서,ifrs-full_ComprehensiveIncomeAttributableToNoncontrollingInterests,비지배지분,-33519485904,-8326422136,34,KRW
00266961,NAVER,2022,CFS,CIS,포괄손익계산서,ifrs-full_BasicEarningsLossPerShareFromContinuingOperations,계속영업순이익,5007,9977,37,KRW
00266961,NAVER,2022,CFS,CIS,포괄손익계산서,ifrs-full_BasicEarningsLossPerShareFromDiscontinuedOperations,중단영업순이익,,100877,38,KRW
00266961,NAVER,2022,CFS,CIS,포괄손익계산서,ifrs-full_DilutedEarningsLossPerShareFromContinuingOperations,계속영업순이익,4985,9887,40,KRW
00266961,NAVER,2022,CFS,CIS,포괄손익계산서,ifrs-full_DilutedEarningsLossPerShareFromDiscontinuedOperations,중단영업순이익,,99973,41,KRW
00266961,NAVER,2022,CFS,CF,현금흐름표,ifrs-full_CashFlowsFromUsedInOperatingActivities,영업활동현금흐름,1453390444990,1379905728836,0,KRW
00266961,NAVER,2022,CFS,CF,현금흐름표,-표준계정코드 미사용-,영업으로부터 창출된 현금흐름,2298686419871,2070030950700,1,KRW
00266961,NAVER,2022,CFS,CF,현금흐름표,ifrs-full_InterestReceivedClassifiedAsOperatingActivities,이자의 수입,20673303127,26262580497,2,KRW
00266961,NAVER,2022,CFS,CF,현금흐름표,ifrs-full_InterestPaidClassifiedAsOperatingActivities,이자의 지급,40173810844,58256588522,3,KRW
00266961,NAVER,2022,CFS,CF,현금흐름표,ifrs-full_DividendsReceivedClassifiedAsOperatingActivities,배당금의 수취,34753150218,54754937073,4,KRW
00266961,NAVER,2022,CFS,CF,현금흐름표,ifrs-full_IncomeTaxesPaidRefundClassifiedAsOperatingActivities,법인세의 납부,860548617382,712886150912,5,KRW
00266961,NAVER,2022,CFS,CF,현금흐름표,ifrs-full_CashFlowsFromUsedInInvestingActivities,투자활동현금흐름,-1215888095959,-13998804731074,6,KRW
00266961,NAVER,2022,CFS,CF,현금흐름표,-표준계정코드 미사용-,단기금융상품의 순증감,-574934228334,-348046243066,7,KRW
00266961,NAVER,2022,CFS,CF,현금흐름표,-표준계정코드 미사용-,장기금융상품의 증가,,,8,KRW
00266961,NAVER,2022,CFS,CF,현금흐름표,-표준계정코드 미사용-,장기금융상품의 감소,,,9,KRW
00266961,NAVER,2022,CFS,CF,현금흐름표,-표준계정코드 미사용-,당기손익-공정가치 측정 금융자산의 취득,5151401634229,6449235633165,10,KRW
00266961,NAVER,2022,CFS,CF,현금흐름표,-표준계정코드 미사용-,당기손익-공정가치 측정 금융자산의 처분,4727172598822,6505643614364,11,KRW
00266961,NAVER,2022,CFS,CF,현금흐름표,-표준계정코드 미사용-,당기손익-공정가치 측정 금융부채의 증가,16016168742,,12,KRW
00266961,NAVER,2022,CFS,CF,현금흐름표,ifrs-full_PurchaseOfPropertyPlantAndEquipmentClassifiedAsInvestingActivities,유형자산의 취득,700733545914,753942606877,13,KRW
00266961,NAVER,2022,CFS,CF,현금흐름표,ifrs-full_ProceedsFromSalesOfPropertyPlantAndEquipmentClassifiedAsInvestingActivities,유형자산의 처분,12203857538,6695944177,14,KRW
00266961,NAVER,2022,CFS,CF,현금흐름표,dart_ProceedsFromSalesOfFinanceLeaseAssets,리스채권의 회수,7462366762,3773243178,15,KRW
00266961,NAVER,2022,CFS,CF,현금흐름표,ifrs-full_PurchaseOfIntangibleAssetsClassifiedAsInvestingActivities,무형자산의 취득,55500428444,51876515767,16,KRW
00266961,NAVER,2022,CFS,CF,현금흐름표,ifrs-full_ProceedsFromSalesOfIntangibleAssetsClassifiedAsInvestingActivities,무형자산의 처분,923978480,167684511,17,KRW
00266961,NAVER,2022,CFS,CF,현금흐름표,-표준계정코드 미사용-,기타포괄손익-공정가치 측정 금융자산의 취득,46595632596,509090098200,18,KRW
00266961,NAVER,2022,CFS,CF,현금흐름표,-표준계정코드 미사용-,기타포괄손익-공정가치 측정 금융자산의 처분,126380427929,229335330042,19,KRW
00266961,NAVER,2022,CFS,CF,현금흐름표,-표준계정코드 미사용-,관계기업및공동기업투자주식의 취득,257838142800,1005949593054,20,KRW
00266961,NAVER,2022,CFS,CF,현금흐름표,-표준계정코드 미사용-,관계기업및공동기업투자주식의 처분,702978746957,440573420629,21,KRW
00266961,NAVER,2022,CFS,CF,현금흐름표,-표준계정코드 미사용-,사업결합으로 인한 현금의 순증감,4264026832,-692206904793,22,KRW
00266961,NAVER,2022,CFS,CF,현금흐름표,-표준계정코드 미사용-,종속기업의 관계기업 전환 등으로 인한 순현금흐름,,-11244715159430,23,KRW
00266961,NAVER,2022,CFS,CF,현금흐름표,-표준계정코드 미사용-,단기대여금의 순증감,-494633010,-115777475728,24,KRW
00266961,NAVER,2022,CFS,CF,현금흐름표,-표준계정코드 미사용-,장기대여금의 순증감,146412000,-40000000,25,KRW
00266961,NAVER,2022,CFS,CF,현금흐름표,ifrs-full_OtherInflowsOutflowsOfCashClassifiedAsInvestingActivities,기타투자활동으로 인한 현금유출입액,6093902790,-14113737895,26,KRW
00266961,NAVER,2022,CFS,CF,현금흐름표,ifrs-full_CashFlowsFromUsedInFinancingActivities,재무활동현금흐름,-339465120952,11642326424402,27,KRW
00266961,NAVER,2022,CFS,CF,현금흐름표,dart_ProceedsFromShortTermBorrowings,단기차입금의 차입,139564583333,260601900208,28,KRW
00266961,NAVER,2022,CFS,CF,현금흐름표,dart_RepaymentsOfShortTermBorrowings,단기차입금의 상환,358505249749,529248749764,29,KRW
00266961,NAVER,2022,CFS,CF,현금흐름표,dart_ProceedsFromLongTermBorrowings,장기차입금의 차입,106435416667,1598040294214,30,KRW
00266961,NAVER,2022,CFS,CF,현금흐름표,dart_RepaymentsOfLongTermBorrowings,장기차입금의 상환,100690379540,2642484,31,KRW
00266961,NAVER,2022,CFS,CF,현금흐름표,dart_ProceedsFromBonds,사채의 발행,,9403866052933,32,KRW
00266961,NAVER,2022,CFS,CF,현금흐름표,dart_RepaymentsOfBonds,사채의 상환,,,33,KRW
00266961,NAVER,2022,CFS,CF,현금흐름표,ifrs-full_PaymentsOfFinanceLeaseLiabilitiesClassifiedAsFinancingActivities,리스부채의 상환,178551442728,114274687061,34,KRW
00266961,NAVER,2022,CFS,CF,현금흐름표,-표준계정코드 미사용-,당기손익-공정가치 측정 금융부채의 증가,130504106918,386482769394,35,KRW
00266961,NAVER,2022,CFS,CF,현금흐름표,dart_AcquisitionOfTreasuryShares,자기주식의 취득,,,36,KRW
00266961,NAVER,2022,CFS,CF,현금흐름표,dart_DispositionOfTreasuryShares,자기주식의 처분,,176145173981,37,KRW
00266961,NAVER,2022,CFS,CF,현금흐름표,ifrs-full_DividendsPaidClassifiedAsFinancingActivities,배당금지급,213363927393,59784555522,38,KRW
00266961,NAVER,2022,CFS,CF,현금흐름표,-표준계정코드 미사용-,종속기업의 유상증자,,,39,KRW
00266961,NAVER,2022,CFS,CF,현금흐름표,dart_ProceedsFromExerciseOfShareOptions,주식선택권 행사,61406468500,39796328200,40,KRW
00266961,NAVER,2022,CFS,CF,현금흐름표,-표준계정코드 미사용-,비지배지분과의 거래로 인한 현금유입,87981692188,114530208868,41,KRW
00266961,NAVER,2022,CFS,CF,현금흐름표,-표준계정코드 미사용-,비지배지분과의 거래로 인한 현금유출,15572499931,350963263102,42,KRW
00266961,NAVER,2022,CFS,CF,현금흐름표,-표준계정코드 미사용-,기타재무활동으로 인한 현금유입액,3916338007,1070216109602,44,KRW
00266961,NAVER,2022,CFS,CF,현금흐름표,-표준계정코드 미사용-,기타재무활동으로 인한 현금유출액,2590227224,353078515065,45,KRW
00266961,NAVER,2022,CFS,CF,현금흐름표,ifrs-full_EffectOfExchangeRateChangesOnCashAndCashEquivalents,현금및현금성자산에 대한 환율변동효과,44735549802,-87699641884,46,KRW
00266961,NAVER,2022,CFS,CF,현금흐름표,ifrs-full_IncreaseDecreaseInCashAndCashEquivalents,현금및현금성자산의순감소,-57227222119,-1064272219720,47,KRW
00266961,NAVER,2022,CFS,CF,현금흐름표,dart_CashAndCashEquivalentsAtBeginningOfPeriodCf,기초현금및현금성자산,2781395543827,3845667763547,48,KRW
00266961,NAVER,2022,CFS,CF,현금흐름표,-표준계정코드 미사용-,기초 매각예정자산으로 분류된 현금및현금성자산,,2245363413625,49,KRW
00266961,NAVER,2022,CFS,CF,현금흐름표,-표준계정코드 미사용-,기초 재무상태표상 현금및현금성자산,2781395543827,1600304349922,50,KRW
00266961,NAVER,2022,CFS,CF,현금흐름표,dart_CashAndCashEquivalentsAtEndOfPeriodCf,기말현금및현금성자산,2724168321708,2781395543827,51,KRW
00266961,NAVER,2022,CFS,SCE,자본변동표,dart_EquityAtBeginningOfPeriod,기초자본,491738654373,887912871911,1,KRW
00266961,NAVER,2022,CFS,SCE,자본변동표,dart_EquityAtBeginningOfPeriod,기초자본,24027376349275,8255132035213,1,KRW
00266961,NAVER,2022,CFS,SCE,자본변동표,dart_EquityAtBeginningOfPeriod,기초자본,16481339500,16481339500,1,KRW
00266961,NAVER,2022,CFS,SCE,자본변동표,dart_EquityAtBeginningOfPeriod,기초자본,23080407824978,6654814483478,1,KRW
00266961,NAVER,2022,CFS,SCE,자본변동표,dart_EquityAtBeginningOfPeriod,기초자본,-1051465837344,-1097350149548,1,KRW
00266961,NAVER,2022,CFS,SCE,자본변동표,dart_EquityAtBeginningOfPeriod,기초자본,23535637694902,7367219163302,1,KRW
00266961,NAVER,2022,CFS,SCE,자본변동표,dart_EquityAtBeginningOfPeriod,기초자본,1490214367768,1793273489872,1,KRW
00266961,NAVER,2022,CFS,SCE,자본변동표,ifrs-full_ProfitLoss,당기순이익,760260876247,16489849771129,2,KRW
00266961,NAVER,2022,CFS,SCE,자본변동표,ifrs-full_ProfitLoss,당기순이익,760260876247,16489849771129,2,KRW
00266961,NAVER,2022,CFS,SCE,자본변동표,ifrs-full_ProfitLoss,당기순이익,673180300087,16477625559645,2,KRW
00266961,NAVER,2022,CFS,SCE,자본변동표,ifrs-full_ProfitLoss,당기순이익,-87080576160,-12224211484,2,KRW
00266961,NAVER,2022,CFS,SCE,자본변동표,-표준계정코드 미사용-,기타포괄손익-공정가치 측정 채무상품 평가손익,,-483039456,3,KRW
00266961,NAVER,2022,CFS,SCE,자본변동표,-표준계정코드 미사용-,기타포괄손익-공정가치 측정 채무상품 평가손익,,-483039456,3,KRW
00266961,NAVER,2022,CFS,SCE,자본변동표,-표준계정코드 미사용-,기타포괄손익-공정가치 측정 채무상품 평가손익,,-483039456,3,KRW
00266961,NAVER,2022,CFS,SCE,자본변동표,-표준계정코드 미사용-,기타포괄손익-공정가치 측정 지분상품 평가손익,-474353140790,-89930381735,4,KRW
00266961,NAVER,2022,CFS,SCE,자본변동표,-표준계정코드 미사용-,기타포괄손익-공정가치 측정 지분상품 평가손익,-10490354059,-857096887,4,KRW
00266961,NAVER,2022,CFS,SCE,자본변동표,-표준계정코드 미사용-,기타포괄손익-공정가치 측정 지분상품 평가손익,-484843494849,-90787478622,4,KRW
00266961,NAVER,2022,CFS,SCE,자본변동표,-표준계정코드 미사용-,기타포괄손익-공정가치 측정 지분상품 평가손익,-474353140790,-89930381735,4,KRW
00266961,NAVER,2022,CFS,SCE,자본변동표,-표준계정코드 미사용-,기타포괄손익-공정가치 측정 지분상품 처분손익,-45127813925,21602409626,5,KRW
00266961,NAVER,2022,CFS,SCE,자본변동표,-표준계정코드 미사용-,기타포괄손익-공정가치 측정 지분상품 처분손익,-45127813925,20113624459,5,KRW
00266961,NAVER,2022,CFS,SCE,자본변동표,-표준계정코드 미사용-,기타포괄손익-공정가치 측정 지분상품 처분손익,-45127813925,20113624459,5,KRW
00266961,NAVER,2022,CFS,SCE,자본변동표,-표준계정코드 미사용-,기타포괄손익-공정가치 측정 지분상품 처분손익,,1488785167,5,KRW
00266961,NAVER,2022,CFS,SCE,자본변동표,-표준계정코드 미사용-,해외사업환산손익,63009982513,69361969714,6,KRW
00266961,NAVER,2022,CFS,SCE,자본변동표,-표준계정코드 미사용-,해외사업환산손익,59559370756,1681997992,6,KRW
00266961,NAVER,2022,CFS,SCE,자본변동표,-표준계정코드 미사용-,해외사업환산손익,63009982513,69361969714,6,KRW
00266961,NAVER,2022,CFS,SCE,자본변동표,-표준계정코드 미사용-,해외사업환산손익,122569353269,71043967706,6,KRW
00266961,NAVER,2022,CFS,SCE,자본변동표,-표준계정코드 미사용-,지분법자본변동,-1049359540913,-251820628971,7,KRW
00266961,NAVER,2022,CFS,SCE,자본변동표,-표준계정코드 미사용-,지분법자본변동,-744352256,566271179,7,KRW
00266961,NAVER,2022,CFS,SCE,자본변동표,-표준계정코드 미사용-,지분법자본변동,-1048615188657,-252386900150,7,KRW
00266961,NAVER,2022,CFS,SCE,자본변동표,-표준계정코드 미사용-,지분법자본변동,-1048615188657,-252386900150,7,KRW
00266961,NAVER,2022,CFS,SCE,자본변동표,-표준계정코드 미사용-,순확정급여부채 재측정요소,63510047389,-3137808086,8,KRW
00266961,NAVER,2022,CFS,SCE,자본변동표,-표준계정코드 미사용-,순확정급여부채 재측정요소,63510047389,-3137808086,8,KRW
00266961,NAVER,2022,CFS,SCE,자본변동표,-표준계정코드 미사용-,순확정급여부채 재측정요소,5236425815,1017831897,8,KRW
00266961,NAVER,2022,CFS,SCE,자본변동표,-표준계정코드 미사용-,순확정급여부채 재측정요소,68746473204,-2119976189,8,KRW
00266961,NAVER,2022,CFS,SCE,자본변동표,ifrs-full_DividendsPaid,연차배당,213363927393,59278532070,9,KRW
00266961,NAVER,2022,CFS,SCE,자본변동표,ifrs-full_DividendsPaid,연차배당,213363927393,59278532070,9,KRW
00266961,NAVER,2022,CFS,SCE,자본변동표,ifrs-full_DividendsPaid,연차배당,213363927393,59810106465,9,KRW
00266961,NAVER,2022,CFS,SCE,자본변동표,ifrs-full_DividendsPaid,연차배당,,531574395,9,KRW
00266961,NAVER,2022,CFS,SCE,자본변동표,dart_ShareBasedPaymentTransactions,주식기준보상거래,39825657554,203998585965,10,KRW
00266961,NAVER,2022,CFS,SCE,자본변동표,dart_ShareBasedPaymentTransactions,주식기준보상거래,107218700994,246098800510,10,KRW
00266961,NAVER,2022,CFS,SCE,자본변동표,dart_ShareBasedPaymentTransactions,주식기준보상거래,34276350905,31193147446,10,KRW
00266961,NAVER,2022,CFS,SCE,자본변동표,dart_ShareBasedPaymentTransactions,주식기준보상거래,141495051899,277291947956,10,KRW
00266961,NAVER,2022,CFS,SCE,자본변동표,dart_ShareBasedPaymentTransactions,주식기준보상거래,67393043440,42100214545,10,KRW
00266961,NAVER,2022,CFS,SCE,자본변동표,-표준계정코드 미사용-,자기주식의 취득,,,11,KRW
00266961,NAVER,2022,CFS,SCE,자본변동표,-표준계정코드 미사용-,자기주식의 취득,,,11,KRW
00266961,NAVER,2022,CFS,SCE,자본변동표,-표준계정코드 미사용-,자기주식의 취득,,,11,KRW
00266961,NAVER,2022,CFS,SCE,자본변동표,-표준계정코드 미사용-,자기주식의 소각,,-15492077217,12,KRW
00266961,NAVER,2022,CFS,SCE,자본변동표,-표준계정코드 미사용-,자기주식의 소각,,15492077217,12,KRW
00266961,NAVER,2022,CFS,SCE,자본변동표,-표준계정코드 미사용-,자기주식의 처분,,,13,KRW
00266961,NAVER,2022,CFS,SCE,자본변동표,-표준계정코드 미사용-,자기주식의 처분,,,13,KRW
00266961,NAVER,2022,CFS,SCE,자본변동표,-표준계정코드 미사용-,자기주식의 처분,,,13,KRW
00266961,NAVER,2022,CFS,SCE,자본변동표,-표준계정코드 미사용-,자기주식의 처분,,,13,KRW
00266961,NAVER,2022,CFS,SCE,자본변동표,-표준계정코드 미사용-,자기주식거래,,437057938796,14,KRW
00266961,NAVER,2022,CFS,SCE,자본변동표,-표준계정코드 미사용-,자기주식거래,,104643917817,14,KRW
00266961,NAVER,2022,CFS,SCE,자본변동표,-표준계정코드 미사용-,자기주식거래,,332414020979,14,KRW
00266961,NAVER,2022,CFS,SCE,자본변동표,-표준계정코드 미사용-,자기주식거래,,437057938796,14,KRW
00266961,NAVER,2022,CFS,SCE,자본변동표,-표준계정코드 미사용-,종속기업의 유상증자,,,15,KRW
00266961,NAVER,2022,CFS,SCE,자본변동표,-표준계정코드 미사용-,종속기업의 유상증자,,,15,KRW
00266961,NAVER,2022,CFS,SCE,자본변동표,-표준계정코드 미사용-,종속기업의 유상증자,,,15,KRW
00266961,NAVER,2022,CFS,SCE,자본변동표,-표준계정코드 미사용-,종속기업의 유상증자,,,15,KRW
00266961,NAVER,2022,CFS,SCE,자본변동표,-표준계정코드 미사용-,종속기업의 처분,,-146569645924,16,KRW
00266961,NAVER,2022,CFS,SCE,자본변동표,-표준계정코드 미사용-,종속기업의 처분,,-503245404163,16,KRW
00266961,NAVER,2022,CFS,SCE,자본변동표,-표준계정코드 미사용-,종속기업의 처분,,356675758239,16,KRW
00266961,NAVER,2022,CFS,SCE,자본변동표,-표준계정코드 미사용-,종속기업의 처분,,-6461636715,16,KRW
00266961,NAVER,2022,CFS,SCE,자본변동표,-표준계정코드 미사용-,종속기업의 처분,,363352647014,16,KRW
00266961,NAVER,2022,CFS,SCE,자본변동표,-표준계정코드 미사용-,종속기업의 처분,,-215252060,16,KRW
00266961,NAVER,2022,CFS,SCE,자본변동표,-표준계정코드 미사용-,비지배지분과의 거래,-2927602647,-4596665108,17,KRW
00266961,NAVER,2022,CFS,SCE,자본변동표,-표준계정코드 미사용-,비지배지분과의 거래,-1154021593,-1040926004642,17,KRW
00266961,NAVER,2022,CFS,SCE,자본변동표,-표준계정코드 미사용-,비지배지분과의 거래,-4081624240,-1045522669750,17,KRW
00266961,NAVER,2022,CFS,SCE,자본변동표,-표준계정코드 미사용-,비지배지분과의 거래,213731354037,84736035710,17,KRW
00266961,NAVER,2022,CFS,SCE,자본변동표,-표준계정코드 미사용-,비지배지분과의 거래,209649729797,-960786634040,17,KRW
00266961,NAVER,2022,CFS,SCE,자본변동표,dart_OtherTransactions,기타거래,,,18,KRW
00266961,NAVER,2022,CFS,SCE,자본변동표,dart_OtherTransactions,기타거래,,,18,KRW
00266961,NAVER,2022,CFS,SCE,자본변동표,dart_OtherTransactions,기타거래,,,18,KRW
00266961,NAVER,2022,CFS,SCE,자본변동표,dart_OtherTransactions,기타거래,,,18,KRW
00266961,NAVER,2022,CFS,SCE,자본변동표,dart_OtherTransactions,기타거래,,,18,KRW
00266961,NAVER,2022,CFS,SCE,자본변동표,ifrs-full_Equity,기말자본,23450322480451,24027376349275,19,KRW
00266961,NAVER,2022,CFS,SCE,자본변동표,ifrs-full_Equity,기말자본,22744095607040,23535637694902,19,KRW
00266961,NAVER,2022,CFS,SCE,자본변동표,ifrs-full_Equity,기말자본,-2474526129371,-1051465837344,19,KRW
00266961,NAVER,2022,CFS,SCE,자본변동표,ifrs-full_Equity,기말자본,23645687007296,23080407824978,19,KRW
00266961,NAVER,2022,CFS,SCE,자본변동표,ifrs-full_Equity,기말자본,16481339500,16481339500,19,KRW
00266961,NAVER,2022,CFS,SCE,자본변동표,ifrs-full_Equity,기말자본,1556453389615,1490214367768,19,KRW
00266961,NAVER,2022,CFS,SCE,자본변동표,ifrs-full_Equity,기말자본,706226873411,491738654373,19,KRW
00266961,NAVER,2022,OFS,BS,재무상태표,ifrs-full_CurrentAssets,유동자산,2030745992891,1779773191131,1,KRW
00266961,NAVER,2022,OFS,BS,재무상태표,ifrs-full_CashAndCashEquivalents,현금및현금성자산,841798144735,964418443986,2,KRW
00266961,NAVER,2022,OFS,BS,재무상태표,dart_ShortTermDepositsNotClassifiedAsCashEquivalents,단기금융상품,513311636005,205748800000,3,KRW
00266961,NAVER,2022,OFS,BS,재무상태표,-표준계정코드 미사용-,당기손익-공정가치 측정 금융자산,776459606,3692735930,4,KRW
00266961,NAVER,2022,OFS,BS,재무상태표,ifrs-full_CurrentFinancialAssetsMeasuredAtFairValueThroughOtherComprehensiveIncome,기타포괄손익-공정가치 측정 금융자산,,24254505540,5,KRW
00266961,NAVER,2022,OFS,BS,재무상태표,ifrs-full_TradeAndOtherCurrentReceivables,매출채권및기타채권,629806460191,538909879285,6,KRW
00266961,NAVER,2022,OFS,BS,재무상태표,ifrs-full_Inventories,재고자산,664259446,1657864895,7,KRW
00266961,NAVER,2022,OFS,BS,재무상태표,dart_OtherCurrentAssets,기타유동자산,44389032908,41090961495,8,KRW
00266961,NAVER,2022,OFS,BS,재무상태표,ifrs-full_NoncurrentAssets,비유동자산,11873096861351,11182647374778,9,KRW
00266961,NAVER,2022,OFS,BS,재무상태표,ifrs-full_PropertyPlantAndEquipment,유형자산,1755777290537,1429366401646,10,KRW
00266961,NAVER,2022,OFS,BS,재무상태표,ifrs-full_RightofuseAssets,사용권자산,41433967479,27825290362,11,KRW
00266961,NAVER,2022,OFS,BS,재무상태표,dart_GoodwillGross,무형자산,72452309393,52992451444,12,KRW
00266961,NAVER,2022,OFS,BS,재무상태표,ifrs-full_InvestmentProperty,투자부동산,302769701062,,13,KRW
00266961,NAVER,2022,OFS,BS,재무상태표,dart_LongTermDepositsNotClassifiedAsCashEquivalents,장기금융상품,13755872000,13755872000,14,KRW
00266961,NAVER,2022,OFS,BS,재무상태표,-표준계정코드 미사용-,당기손익-공정가치 측정 금융자산,1345111602072,1619663081922,15,KRW
00266961,NAVER,2022,OFS,BS,재무상태표,-표준계정코드 미사용-,기타포괄손익-공정가치 측정 금융자산,1300968382382,2009532628699,16,KRW
00266961,NAVER,2022,OFS,BS,재무상태표,ifrs-full_InvestmentsInSubsidiariesJointVenturesAndAssociates,"종속기업, 관계기업 및 공동기업투자",6679788696290,5872911000309,17,KRW
00266961,NAVER,2022,OFS,BS,재무상태표,ifrs-full_DeferredTaxAssets,이연법인세자산,273949308018,95528039196,18,KRW
00266961,NAVER,2022,OFS,BS,재무상태표,dart_LongTermTradeAndOtherNonCurrentReceivablesGross,매출채권및기타채권,60402336507,27689808738,19,KRW
00266961,NAVER,2022,OFS,BS,재무상태표,dart_OtherNonCurrentAssets,기타비유동자산,26687395611,33382800462,20,KRW
00266961,NAVER,2022,OFS,BS,재무상태표,ifrs-full_Assets,자산총계,13903842854242,12962420565909,21,KRW
00266961,NAVER,2022,OFS,BS,재무상태표,ifrs-full_CurrentLiabilities,유동부채,1503357999615,1334494719909,23,KRW
00266961,NAVER,2022,OFS,BS,재무상태표,ifrs-full_TradeAndOtherCurrentPayables,매입채무및기타채무,585350189629,523648450674,24,KRW
00266961,NAVER,2022,OFS,BS,재무상태표,ifrs-full_ShorttermBorrowings,단기차입금,,,25,KRW
00266961,NAVER,2022,OFS,BS,재무상태표,ifrs-full_CurrentTaxLiabilities,당기법인세부채,310985098623,466079897352,26,KRW
00266961,NAVER,2022,OFS,BS,재무상태표,ifrs-full_CurrentPortionOfLongtermBorrowings,유동성장기차입금,187274700000,,27,KRW
00266961,NAVER,2022,OFS,BS,재무상태표,ifrs-full_CurrentProvisions,충당부채,2059949479,2674409542,28,KRW
00266961,NAVER,2022,OFS,BS,재무상태표,ifrs-full_CurrentLeaseLiabilities,리스부채,48996419693,18371326491,29,KRW
00266961,NAVER,2022,OFS,BS,재무상태표,dart_OtherCurrentLiabilities,기타유동부채,368691642191,323720635850,30,KRW
00266961,NAVER,2022,OFS,BS,재무상태표,ifrs-full_NoncurrentLiabilities,비유동부채,2550665041160,2295467194248,31,KRW
00266961,NAVER,2022,OFS,BS,재무상태표,dart_LongTermTradeAndOtherNonCurrentPayables,매입채무및기타채무,30288080685,9533697878,32,KRW
00266961,NAVER,2022,OFS,BS,재무상태표,dart_BondsIssued,사채,1704518276546,1636827463521,33,KRW
00266961,NAVER,2022,OFS,BS,재무상태표,dart_LongTermBorrowingsGross,장기차입금,157977000000,349525600000,34,KRW
00266961,NAVER,2022,OFS,BS,재무상태표,dart_PostemploymentBenefitObligations,순확정급여부채,316047654369,277385543494,35,KRW
00266961,NAVER,2022,OFS,BS,재무상태표,ifrs-full_NoncurrentProvisions,충당부채,10042393730,2302657082,36,KRW
00266961,NAVER,2022,OFS,BS,재무상태표,ifrs-full_DeferredTaxLiabilities,이연법인세부채,,,37,KRW
00266961,NAVER,2022,OFS,BS,재무상태표,ifrs-full_NoncurrentLeaseLiabilities,리스부채,328806361025,19505218405,38,KRW
00266961,NAVER,2022,OFS,BS,재무상태표,dart_OtherNonCurrentLiabilities,기타비유동부채,2985274805,387013868,39,KRW
00266961,NAVER,2022,OFS,BS,재무상태표,ifrs-full_Liabilities,부채총계,4054023040775,3629961914157,40,KRW
00266961,NAVER,2022,OFS,BS,재무상태표,ifrs-full_IssuedCapital,자본금,16481339500,16481339500,42,KRW
00266961,NAVER,2022,OFS,BS,재무상태표,dart_CapitalSurplus,자본잉여금,1123109857937,1055716814497,43,KRW
00266961,NAVER,2022,OFS,BS,재무상태표,dart_ElementsOfOtherStockholdersEquity,기타자본구성요소,-1388661591817,-997204415003,44,KRW
00266961,NAVER,2022,OFS,BS,재무상태표,ifrs-full_RetainedEarnings,이익잉여금,10098890207847,9257464912758,45,KRW
00266961,NAVER,2022,OFS,BS,재무상태표,ifrs-full_Equity,자본총계,9849819813467,9332458651752,46,KRW
00266961,NAVER,2022,OFS,BS,재무상태표,ifrs-full_EquityAndLiabilities,자본과부채총계,13903842854242,12962420565909,47,KRW
00266961,NAVER,2022,OFS,CIS,포괄손익계산서,ifrs-full_Revenue,영업수익,5512586322305,5018667294374,0,KRW
00266961,NAVER,2022,OFS,CIS,포괄손익계산서,-표준계정코드 미사용-,영업비용,-3958791474206,-3459938514095,1,KRW
00266961,NAVER,2022,OFS,CIS,포괄손익계산서,dart_OperatingIncomeLoss,영업이익,1553794848099,1558728780279,2,KRW
00266961,NAVER,2022,OFS,CIS,포괄손익계산서,dart_OtherGains,기타수익,272016767875,51361277372,3,KRW
00266961,NAVER,2022,OFS,CIS,포괄손익계산서,dart_OtherLosses,기타비용,393092815383,279284899638,4,KRW
00266961,NAVER,2022,OFS,CIS,포괄손익계산서,-표준계정코드 미사용-,이자수익,24852752219,5275649103,5,KRW
00266961,NAVER,2022,OFS,CIS,포괄손익계산서,ifrs-full_FinanceIncome,금융수익,672701267366,824513997579,6,KRW
00266961,NAVER,2022,OFS,CIS,포괄손익계산서,ifrs-full_FinanceCosts,금융비용,563551581850,71247340942,7,KRW
00266961,NAVER,2022,OFS,CIS,포괄손익계산서,ifrs-full_ProfitLossBeforeTax,법인세비용차감전순이익,1566721238326,2089347463753,8,KRW
00266961,NAVER,2022,OFS,CIS,포괄손익계산서,ifrs-full_IncomeTaxExpenseContinuingOperations,법인세비용,474563630470,564592453792,9,KRW
00266961,NAVER,2022,OFS,CIS,포괄손익계산서,ifrs-full_ProfitLoss,당기순이익,1092157607856,1524755009961,10,KRW
00266961,NAVER,2022,OFS,CIS,포괄손익계산서,ifrs-full_OtherComprehensiveIncome,기타포괄손익,-466227189242,-70103083855,11,KRW
00266961,NAVER,2022,OFS,CIS,포괄손익계산서,dart_OtherComprehensiveIncomeThatWillNotBeReclassifiedToProfitOrLossNetOfTax,후속적으로 당기손익으로 재분류되지 않는 항목,-466227189242,-70103083855,12,KRW
00266961,NAVER,2022,OFS,CIS,포괄손익계산서,-표준계정코드 미사용-,기타포괄손익-공정가치 측정 지분상품 평가손익,-428858803868,-74057026958,13,KRW
00266961,NAVER,2022,OFS,CIS,포괄손익계산서,-표준계정코드 미사용-,기타포괄손익-공정가치 측정 지분상품 처분손익,-45127813925,17199903875,14,KRW
00266961,NAVER,2022,OFS,CIS,포괄손익계산서,-표준계정코드 미사용-,순확정급여부채 재측정요소,7759428551,-13245960772,15,KRW
00266961,NAVER,2022,OFS,CIS,포괄손익계산서,ifrs-full_ComprehensiveIncome,총포괄손익,625930418614,1454651926106,16,KRW
00266961,NAVER,2022,OFS,CIS,포괄손익계산서,ifrs-full_BasicEarningsLossPerShare,기본주당순이익,7293,10257,18,KRW
00266961,NAVER,2022,OFS,CIS,포괄손익계산서,ifrs-full_DilutedEarningsLossPerShare,희석주당순이익,7261,10165,19,KRW
00266961,NAVER,2022,OFS,CF,현금흐름표,ifrs-full_CashFlowsFromUsedInOperatingActivities,영업활동현금흐름,1451634975801,1365965764648,0,KRW
00266961,NAVER,2022,OFS,CF,현금흐름표,-표준계정코드 미사용-,영업으로부터 창출된 현금흐름,1753196758754,1656553370619,1,KRW
00266961,NAVER,2022,OFS,CF,현금흐름표,ifrs-full_InterestReceivedClassifiedAsOperatingActivities,이자의 수입,16343587372,4581536466,2,KRW
00266961,NAVER,2022,OFS,CF,현금흐름표,ifrs-full_InterestPaidClassifiedAsOperatingActivities,이자의 지급,28716517713,15792780568,3,KRW
00266961,NAVER,2022,OFS,CF,현금흐름표,ifrs-full_DividendsReceivedClassifiedAsOperatingActivities,배당금의 수취,468978562474,330762793801,4,KRW
00266961,NAVER,2022,OFS,CF,현금흐름표,ifrs-full_IncomeTaxesPaidRefundClassifiedAsOperatingActivities,법인세의 납부,758167415086,610139155670,5,KRW
00266961,NAVER,2022,OFS,CF,현금흐름표,ifrs-full_CashFlowsFromUsedInInvestingActivities,투자활동현금흐름,-1430279344276,-2825494181055,6,KRW
00266961,NAVER,2022,OFS,CF,현금흐름표,-표준계정코드 미사용-,단기금융상품의 순증감,-334942836005,-187544000000,7,KRW
00266961,NAVER,2022,OFS,CF,현금흐름표,-표준계정코드 미사용-,당기손익-공정가치 측정 금융자산의 취득,319252415435,289352018876,8,KRW
00266961,NAVER,2022,OFS,CF,현금흐름표,-표준계정코드 미사용-,당기손익-공정가치 측정 금융자산의 처분,301165331415,176867578236,9,KRW
00266961,NAVER,2022,OFS,CF,현금흐름표,-표준계정코드 미사용-,당기손익-공정가치 측정 금융부채의 감소,-16016168742,,10,KRW
00266961,NAVER,2022,OFS,CF,현금흐름표,ifrs-full_PurchaseOfPropertyPlantAndEquipmentClassifiedAsInvestingActivities,유형자산의 취득,396214814570,381462480731,11,KRW
00266961,NAVER,2022,OFS,CF,현금흐름표,ifrs-full_ProceedsFromSalesOfPropertyPlantAndEquipmentClassifiedAsInvestingActivities,유형자산의 처분,5856144181,785914054,12,KRW
00266961,NAVER,2022,OFS,CF,현금흐름표,dart_ProceedsFromSalesOfFinanceLeaseAssets,리스채권의 회수,12822926264,11877750317,13,KRW
00266961,NAVER,2022,OFS,CF,현금흐름표,ifrs-full_PurchaseOfIntangibleAssetsClassifiedAsInvestingActivities,무형자산의 취득,24029938051,16905804564,14,KRW
00266961,NAVER,2022,OFS,CF,현금흐름표,ifrs-full_ProceedsFromSalesOfIntangibleAssetsClassifiedAsInvestingActivities,무형자산의 처분,822791750,1572701194,15,KRW
00266961,NAVER,2022,OFS,CF,현금흐름표,-표준계정코드 미사용-,기타포괄손익-공정가치 측정 금융자산의 취득,26284601243,484354877014,16,KRW
00266961,NAVER,2022,OFS,CF,현금흐름표,-표준계정코드 미사용-,기타포괄손익-공정가치 측정 금융자산의 처분,123160305801,152862987099,17,KRW
00266961,NAVER,2022,OFS,CF,현금흐름표,dart_PurchaseOfInvestmentsInSubsidiariesJointVenturesAndAssociates,종속기업및관계기업투자주식의 취득,1008609893146,1961871943107,18,KRW
00266961,NAVER,2022,OFS,CF,현금흐름표,dart_ProceedsFromSalesOfInvestmentsInSubsidiariesJointVenturesAndAssociates,종속기업및관계기업투자주식의 처분,210780448459,207101722713,19,KRW
00266961,NAVER,2022,OFS,CF,현금흐름표,-표준계정코드 미사용-,사업결합으로 인한 현금의 순증감,,10476254714,20,KRW
00266961,NAVER,2022,OFS,CF,현금흐름표,-표준계정코드 미사용-,단기대여금의 순증감,36341800000,-40046440000,21,KRW
00266961,NAVER,2022,OFS,CF,현금흐름표,-표준계정코드 미사용-,장기금융상품의 증가,,,22,KRW
00266961,NAVER,2022,OFS,CF,현금흐름표,-표준계정코드 미사용-,장기금융상품의 감소,,,23,KRW
00266961,NAVER,2022,OFS,CF,현금흐름표,ifrs-full_OtherInflowsOutflowsOfCashClassifiedAsInvestingActivities,기타투자활동으로 인한 현금유출입액,4121575046,-25501525090,24,KRW
00266961,NAVER,2022,OFS,CF,현금흐름표,ifrs-full_CashFlowsFromUsedInFinancingActivities,재무활동현금흐름,-155928395383,2051785152074,25,KRW
00266961,NAVER,2022,OFS,CF,현금흐름표,dart_ProceedsFromShortTermBorrowings,단기차입금의 차입,,158905500000,26,KRW
00266961,NAVER,2022,OFS,CF,현금흐름표,dart_RepaymentsOfShortTermBorrowings,단기차입금의 상환,,196301500000,27,KRW
00266961,NAVER,2022,OFS,CF,현금흐름표,-표준계정코드 미사용-,장기차입금 증가,20000000000,351297700000,28,KRW
00266961,NAVER,2022,OFS,CF,현금흐름표,dart_ProceedsFromBonds,사채의 발행,,1588456943730,29,KRW
00266961,NAVER,2022,OFS,CF,현금흐름표,ifrs-full_PaymentsOfFinanceLeaseLiabilitiesClassifiedAsFinancingActivities,리스부채의 상환,45020165920,20033517627,30,KRW
00266961,NAVER,2022,OFS,CF,현금흐름표,dart_AcquisitionOfTreasuryShares,자기주식의 취득,,,31,KRW
00266961,NAVER,2022,OFS,CF,현금흐름표,dart_DispositionOfTreasuryShares,자기주식의 처분,,188237813981,32,KRW
00266961,NAVER,2022,OFS,CF,현금흐름표,ifrs-full_DividendsPaidClassifiedAsFinancingActivities,배당금지급,213363927393,59278532070,33,KRW
00266961,NAVER,2022,OFS,CF,현금흐름표,dart_ProceedsFromExerciseOfShareOptions,주식선택권 행사,61406468500,39796328200,34,KRW
00266961,NAVER,2022,OFS,CF,현금흐름표,ifrs-full_OtherInflowsOutflowsOfCashClassifiedAsFinancingActivities,기타재무활동으로 인한 현금유출입액,21049229430,704415860,35,KRW
00266961,NAVER,2022,OFS,CF,현금흐름표,ifrs-full_EffectOfExchangeRateChangesOnCashAndCashEquivalents,현금및현금성자산에 대한 환율변동효과,11952464607,2847401105,36,KRW
00266961,NAVER,2022,OFS,CF,현금흐름표,ifrs-full_IncreaseDecreaseInCashAndCashEquivalents,현금및현금성자산의순감소,-122620299251,595104136772,37,KRW
00266961,NAVER,2022,OFS,CF,현금흐름표,dart_CashAndCashEquivalentsAtBeginningOfPeriodCf,기초현금및현금성자산,964418443986,369314307214,38,KRW
00266961,NAVER,2022,OFS,CF,현금흐름표,dart_CashAndCashEquivalentsAtEndOfPeriodCf,기말현금및현금성자산,841798144735,964418443986,39,KRW
00266961,NAVER,2022,OFS,SCE,자본변동표,dart_EquityAtBeginningOfPeriod,기초자본,1055716814497,675891629000,1,KRW
00266961,NAVER,2022,OFS,SCE,자본변동표,dart_EquityAtBeginningOfPeriod,기초자본,9332458651752,7262126496437,1,KRW
00266961,NAVER,2022,OFS,SCE,자본변동표,dart_EquityAtBeginningOfPeriod,기초자본,-997204415003,-1233773041044,1,KRW
00266961,NAVER,2022,OFS,SCE,자본변동표,dart_EquityAtBeginningOfPeriod,기초자본,9257464912758,7803526568981,1,KRW
00266961,NAVER,2022,OFS,SCE,자본변동표,dart_EquityAtBeginningOfPeriod,기초자본,16481339500,16481339500,1,KRW
00266961,NAVER,2022,OFS,SCE,자본변동표,ifrs-full_ProfitLoss,당기순이익,1092157607856,1524755009961,2,KRW
00266961,NAVER,2022,OFS,SCE,자본변동표,ifrs-full_ProfitLoss,당기순이익,1092157607856,1524755009961,2,KRW
00266961,NAVER,2022,OFS,SCE,자본변동표,-표준계정코드 미사용-,기타포괄손익-공정가치 측정 지분상품 평가손익,-428858803868,-74057026958,3,KRW
00266961,NAVER,2022,OFS,SCE,자본변동표,-표준계정코드 미사용-,기타포괄손익-공정가치 측정 지분상품 평가손익,-428858803868,-74057026958,3,KRW
00266961,NAVER,2022,OFS,SCE,자본변동표,-표준계정코드 미사용-,기타포괄손익-공정가치 측정 지분상품 처분손익,-45127813925,17199903875,4,KRW
00266961,NAVER,2022,OFS,SCE,자본변동표,-표준계정코드 미사용-,기타포괄손익-공정가치 측정 지분상품 처분손익,-45127813925,17199903875,4,KRW
00266961,NAVER,2022,OFS,SCE,자본변동표,-표준계정코드 미사용-,순확정급여부채？재측정요소,7759428551,-13245960772,5,KRW
00266961,NAVER,2022,OFS,SCE,자본변동표,-표준계정코드 미사용-,순확정급여부채？재측정요소,7759428551,-13245960772,5,KRW
00266961,NAVER,2022,OFS,SCE,자본변동표,ifrs-full_DividendsPaid,연차배당,213363927393,59278532070,6,KRW
00266961,NAVER,2022,OFS,SCE,자본변동표,ifrs-full_DividendsPaid,연차배당,213363927393,59278532070,6,KRW
00266961,NAVER,2022,OFS,SCE,자본변동표,-표준계정코드 미사용-,자기주식의 취득,,,7,KRW
00266961,NAVER,2022,OFS,SCE,자본변동표,-표준계정코드 미사용-,자기주식의 취득,,,7,KRW
00266961,NAVER,2022,OFS,SCE,자본변동표,-표준계정코드 미사용-,자기주식의 처분,,,8,KRW
00266961,NAVER,2022,OFS,SCE,자본변동표,-표준계정코드 미사용-,자기주식의 처분,,,8,KRW
00266961,NAVER,2022,OFS,SCE,자본변동표,-표준계정코드 미사용-,자기주식의 처분,,,8,KRW
00266961,NAVER,2022,OFS,SCE,자본변동표,dart_ShareBasedPaymentTransactions,주식기준보상거래,37401627054,190489657965,9,KRW
00266961,NAVER,2022,OFS,SCE,자본변동표,dart_ShareBasedPaymentTransactions,주식기준보상거래,104794670494,232589872510,9,KRW
00266961,NAVER,2022,OFS,SCE,자본변동표,dart_ShareBasedPaymentTransactions,주식기준보상거래,67393043440,42100214545,9,KRW
00266961,NAVER,2022,OFS,SCE,자본변동표,-표준계정코드 미사용-,자기주식의 소각,,15492077217,10,KRW
00266961,NAVER,2022,OFS,SCE,자본변동표,-표준계정코드 미사용-,자기주식의 소각,,-15492077217,10,KRW
00266961,NAVER,2022,OFS,SCE,자본변동표,-표준계정코드 미사용-,주식보상비용,,,11,KRW
00266961,NAVER,2022,OFS,SCE,자본변동표,-표준계정코드 미사용-,주식보상비용,,,11,KRW
00266961,NAVER,2022,OFS,SCE,자본변동표,dart_TreasuryShareTransactions,자기주식거래,,437057938796,12,KRW
00266961,NAVER,2022,OFS,SCE,자본변동표,dart_TreasuryShareTransactions,자기주식거래,,104643917817,12,KRW
00266961,NAVER,2022,OFS,SCE,자본변동표,dart_TreasuryShareTransactions,자기주식거래,,332414020979,12,KRW
00266961,NAVER,2022,OFS,SCE,자본변동표,-표준계정코드 미사용-,사업결합으로 인한 자본변동,,5310949973,13,KRW
00266961,NAVER,2022,OFS,SCE,자본변동표,-표준계정코드 미사용-,사업결합으로 인한 자본변동,,5310949973,13,KRW
00266961,NAVER,2022,OFS,SCE,자본변동표,ifrs-full_Equity,기말자본,1123109857937,1055716814497,14,KRW
00266961,NAVER,2022,OFS,SCE,자본변동표,ifrs-full_Equity,기말자본,16481339500,16481339500,14,KRW
00266961,NAVER,2022,OFS,SCE,자본변동표,ifrs-full_Equity,기말자본,10098890207847,9257464912758,14,KRW
00266961,NAVER,2022,OFS,SCE,자본변동표,ifrs-full_Equity,기말자본,9849819813467,9332458651752,14,KRW
00266961,NAVER,2022,OFS,SCE,자본변동표,ifrs-full_Equity,기말자본,-1388661591817,-997204415003,14,KRW
00266961,NAVER,2023,CFS,BS,재무상태표,ifrs-full_Assets,자산총계,35737826964395,33899042889136,7,KRW
00266961,NAVER,2023,CFS,BS,재무상태표,ifrs-full_CurrentAssets,유동자산,7028076457880,6439570710743,8,KRW
00266961,NAVER,2023,CFS,BS,재무상태표,dart_CurrentFinancialAssetDesignationAsAtFairValueThroughProfitOrLoss,당기손익-공정가치 측정 금융자산,697743584418,745584919599,9,KRW
00266961,NAVER,2023,CFS,BS,재무상태표,ifrs-full_CashAndCashEquivalents,현금및현금성자산,3576456533329,2724168321708,10,KRW
00266961,NAVER,2023,CFS,BS,재무상태표,ifrs-full_CurrentFinancialAssetsMeasuredAtFairValueThroughOtherComprehensiveIncome,기타포괄손익-공정가치 측정 금융자산,,,11,KRW
00266961,NAVER,2023,CFS,BS,재무상태표,ifrs-full_CurrentTaxAssets,당기법인세자산,16471207827,10244754725,12,KRW
00266961,NAVER,2023,CFS,BS,재무상태표,ifrs-full_Inventories,재고자산,14811319796,8651839041,13,KRW
00266961,NAVER,2023,CFS,BS,재무상태표,ifrs-full_NoncurrentAssetsOrDisposalGroupsClassifiedAsHeldForSaleOrAsHeldForDistributionToOwners,매각예정자산,8802368097,,14,KRW
00266961,NAVER,2023,CFS,BS,재무상태표,ifrs-full_OtherCurrentAssets,기타유동자산,181397740106,194039763315,15,KRW
00266961,NAVER,2023,CFS,BS,재무상태표,ifrs-full_ShorttermDepositsNotClassifiedAsCashEquivalents,단기금융상품,808248060681,1216410034221,16,KRW
00266961,NAVER,2023,CFS,BS,재무상태표,ifrs-full_TradeAndOtherCurrentReceivables,매출채권및기타채권,1724145643626,1540471078134,17,KRW
00266961,NAVER,2023,CFS,BS,재무상태표,ifrs-full_NoncurrentAssets,비유동자산,28709750506515,27459472178393,18,KRW
00266961,NAVER,2023,CFS,BS,재무상태표,dart_LongTermDepositsNotClassifiedAsCashEquivalents,장기금융상품,13755872000,14255722000,19,KRW
00266961,NAVER,2023,CFS,BS,재무상태표,dart_LongTermTradeAndOtherNonCurrentReceivablesGross,매출채권및기타채권,97199883555,76754808757,20,KRW
00266961,NAVER,2023,CFS,BS,재무상태표,dart_NonCurrentFairValueFinancialAsset,당기손익-공정가치 측정 금융자산,2227335975392,2427610041051,21,KRW
00266961,NAVER,2023,CFS,BS,재무상태표,ifrs-full_DeferredTaxAssets,이연법인세자산,381436175332,265767603355,22,KRW
00266961,NAVER,2023,CFS,BS,재무상태표,ifrs-full_IntangibleAssetsAndGoodwill,무형자산,3445599901744,1481423637125,23,KRW
00266961,NAVER,2023,CFS,BS,재무상태표,ifrs-full_InvestmentAccountedForUsingEquityMethod,관계기업및공동기업 투자,17588864100100,18541286921720,24,KRW
00266961,NAVER,2023,CFS,BS,재무상태표,ifrs-full_InvestmentProperty,투자부동산,53430246000,,25,KRW
00266961,NAVER,2023,CFS,BS,재무상태표,ifrs-full_NoncurrentFinancialAssetsMeasuredAtFairValueThroughOtherComprehensiveIncome,기타포괄손익-공정가치 측정 금융자산,1378247811941,1354122792627,26,KRW
00266961,NAVER,2023,CFS,BS,재무상태표,ifrs-full_OtherNoncurrentAssets,기타비유동자산,90426504601,101720406988,27,KRW
00266961,NAVER,2023,CFS,BS,재무상태표,ifrs-full_PropertyPlantAndEquipment,유형자산,2741621328149,2457820240295,28,KRW
00266961,NAVER,2023,CFS,BS,재무상태표,ifrs-full_RightofuseAssets,사용권자산,691832707701,738710004475,29,KRW
00266961,NAVER,2023,CFS,BS,재무상태표,ifrs-full_Equity,자본총계,24237998815553,23450322480451,31,KRW
00266961,NAVER,2023,CFS,BS,재무상태표,ifrs-full_EquityAttributableToOwnersOfParent,지배기업의 소유주에게 귀속되는 자본,23206042240996,22744095607040,32,KRW
00266961,NAVER,2023,CFS,BS,재무상태표,dart_CapitalSurplus,자본잉여금,1242632248504,1556453389615,33,KRW
00266961,NAVER,2023,CFS,BS,재무상태표,dart_ElementsOfOtherStockholdersEquity,기타자본구성요소,-2597430397696,-2474526129371,34,KRW
00266961,NAVER,2023,CFS,BS,재무상태표,ifrs-full_IssuedCapital,자본금,16481339500,16481339500,35,KRW
00266961,NAVER,2023,CFS,BS,재무상태표,ifrs-full_RetainedEarnings,이익잉여금,24544359050688,23645687007296,36,KRW
00266961,NAVER,2023,CFS,BS,재무상태표,ifrs-full_NoncontrollingInterests,비지배지분,1031956574557,706226873411,37,KRW
00266961,NAVER,2023,CFS,BS,재무상태표,ifrs-full_EquityAndLiabilities,자본및부채총계,35737826964395,33899042889136,38,KRW
00266961,NAVER,2023,CFS,BS,재무상태표,ifrs-full_CurrentLiabilities,유동부채,6305568632198,5480633710849,40,KRW
00266961,NAVER,2023,CFS,BS,재무상태표,-표준계정코드 미사용-,단기차입금,333041315118,261430486390,41,KRW
00266961,NAVER,2023,CFS,BS,재무상태표,-표준계정코드 미사용-,유동성장기차입금,192923826668,1119968812396,42,KRW
00266961,NAVER,2023,CFS,BS,재무상태표,ifrs-full_CurrentBondsIssuedAndCurrentPortionOfNoncurrentBondsIssued,유동성사채,249962199849,,43,KRW
00266961,NAVER,2023,CFS,BS,재무상태표,ifrs-full_CurrentFinancialLiabilitiesAtFairValueThroughProfitOrLossDesignatedUponInitialRecognition,당기손익-공정가치 측정 금융부채,454823038561,71905225561,44,KRW
00266961,NAVER,2023,CFS,BS,재무상태표,ifrs-full_CurrentLeaseLiabilities,리스부채,234727100710,193376317267,45,KRW
00266961,NAVER,2023,CFS,BS,재무상태표,ifrs-full_CurrentProvisions,충당부채,6128374012,5450342335,46,KRW
00266961,NAVER,2023,CFS,BS,재무상태표,ifrs-full_CurrentTaxLiabilities,당기법인세부채,334267425429,349087471196,47,KRW
00266961,NAVER,2023,CFS,BS,재무상태표,ifrs-full_OtherCurrentLiabilities,기타유동부채,2661507460097,2233750556485,48,KRW
00266961,NAVER,2023,CFS,BS,재무상태표,ifrs-full_TradeAndOtherCurrentPayables,매입채무및기타채무,1838187891754,1245664499219,49,KRW
00266961,NAVER,2023,CFS,BS,재무상태표,ifrs-full_Liabilities,부채총계,11499828148842,10448720408685,50,KRW
00266961,NAVER,2023,CFS,BS,재무상태표,ifrs-full_NoncurrentLiabilities,비유동부채,5194259516644,4968086697836,51,KRW
00266961,NAVER,2023,CFS,BS,재무상태표,dart_LongTermTradeAndOtherNonCurrentPayables,매입채무및기타채무,102531973265,69639961691,52,KRW
00266961,NAVER,2023,CFS,BS,재무상태표,ifrs-full_DeferredTaxLiabilities,이연법인세부채,1051478119905,985870669008,53,KRW
00266961,NAVER,2023,CFS,BS,재무상태표,ifrs-full_NoncurrentFinancialLiabilitiesAtFairValueThroughProfitOrLossDesignatedUponInitialRecognition,당기손익-공정가치 측정 금융부채,249253989426,684617869427,54,KRW
00266961,NAVER,2023,CFS,BS,재무상태표,ifrs-full_NoncurrentLeaseLiabilities,리스부채,518909669133,589253964655,55,KRW
00266961,NAVER,2023,CFS,BS,재무상태표,ifrs-full_NoncurrentPortionOfNoncurrentBondsIssued,사채,1655718953449,1704518276546,56,KRW
00266961,NAVER,2023,CFS,BS,재무상태표,ifrs-full_NoncurrentPortionOfNoncurrentLoansReceived,장기차입금,993600442662,328034313380,57,KRW
00266961,NAVER,2023,CFS,BS,재무상태표,ifrs-full_NoncurrentProvisions,충당부채,14704327970,17784624686,58,KRW
00266961,NAVER,2023,CFS,BS,재무상태표,ifrs-full_NoncurrentRecognisedLiabilitiesDefinedBenefitPlan,순확정급여부채,607892193638,577397964363,59,KRW
00266961,NAVER,2023,CFS,BS,재무상태표,ifrs-full_OtherNoncurrentLiabilities,기타비유동부채,169847196,10969054080,60,KRW
00266961,NAVER,2023,CFS,CIS,포괄손익계산서,dart_OperatingIncomeLoss,영업이익,1488820269608,1304664410543,6,KRW
00266961,NAVER,2023,CFS,CIS,포괄손익계산서,dart_OtherGains,기타수익,206488339818,310571804200,7,KRW
00266961,NAVER,2023,CFS,CIS,포괄손익계산서,dart_OtherLosses,기타비용,401005659917,375658237080,8,KRW
00266961,NAVER,2023,CFS,CIS,포괄손익계산서,dart_ProfitsOfAssociatesAndJointVenturesAccountedForUsingEquityMethod,지분법손익,266544560781,96761151453,9,KRW
00266961,NAVER,2023,CFS,CIS,포괄손익계산서,ifrs-full_ComprehensiveIncome,총포괄손익,724369243688,-714834723127,10,KRW
00266961,NAVER,2023,CFS,CIS,포괄손익계산서,ifrs-full_ComprehensiveIncomeAttributableToNoncontrollingInterests,비지배지분,-24461947801,-33519485904,12,KRW
00266961,NAVER,2023,CFS,CIS,포괄손익계산서,ifrs-full_ComprehensiveIncomeAttributableToOwnersOfParent,지배기업 소유주지분,748831191489,-681315237223,13,KRW
00266961,NAVER,2023,CFS,CIS,포괄손익계산서,ifrs-full_BasicEarningsLossPerShareFromContinuingOperations,계속영업기본주당순이익,6661,5007,16,KRW
00266961,NAVER,2023,CFS,CIS,포괄손익계산서,ifrs-full_BasicEarningsLossPerShareFromDiscontinuedOperations,중단영업기본주당순이익,,,17,KRW
00266961,NAVER,2023,CFS,CIS,포괄손익계산서,ifrs-full_DilutedEarningsLossPerShareFromContinuingOperations,계속영업희석주당순이익,6576,4985,19,KRW
00266961,NAVER,2023,CFS,CIS,포괄손익계산서,ifrs-full_DilutedEarningsLossPerShareFromDiscontinuedOperations,중단영업희석주당순이익,,,20,KRW
00266961,NAVER,2023,CFS,CIS,포괄손익계산서,ifrs-full_FinanceCosts,금융비용,682767513153,931522674095,21,KRW
00266961,NAVER,2023,CFS,CIS,포괄손익계산서,ifrs-full_FinanceIncome,금융수익,502205185394,619735977200,22,KRW
00266961,NAVER,2023,CFS,CIS,포괄손익계산서,ifrs-full_IncomeTaxExpenseContinuingOperations,법인세비용,496378555058,410536791065,23,KRW
00266961,NAVER,2023,CFS,CIS,포괄손익계산서,ifrs-full_OperatingExpense,영업비용,8181823306977,6915414298267,24,KRW
00266961,NAVER,2023,CFS,CIS,포괄손익계산서,ifrs-full_OtherComprehensiveIncome,기타포괄손익,-260648518805,-1388015023214,25,KRW
00266961,NAVER,2023,CFS,CIS,포괄손익계산서,ifrs-full_OtherComprehensiveIncomeThatWillBeReclassifiedToProfitOrLossNetOfTax,후속적으로 당기손익으로 재분류되는 항목,-393810457545,-1201075972444,26,KRW
00266961,NAVER,2023,CFS,CIS,포괄손익계산서,dart_OtherComprehensiveIncomeNetOfTaxChangeInFairValueOfFinancialAssetsMeasuredAtFairValueThroughOtherComprehensiveIncome,기타포괄손익-공정가치 측정 채무상품평가손익,,,27,KRW
00266961,NAVER,2023,CFS,CIS,포괄손익계산서,ifrs-full_GainsLossesOnExchangeDifferencesOnTranslationNetOfTax,해외사업환산손익,151777835412,122569353269,28,KRW
00266961,NAVER,2023,CFS,CIS,포괄손익계산서,ifrs-full_ShareOfOtherComprehensiveIncomeOfAssociatesAndJointVenturesAccountedForUsingEquityMethodThatWillBeReclassifiedToProfitOrLossNetOfTax,지분법자본변동,545588292957,1323645325713,29,KRW
00266961,NAVER,2023,CFS,CIS,포괄손익계산서,ifrs-full_OtherComprehensiveIncomeThatWillNotBeReclassifiedToProfitOrLossNetOfTax,후속적으로 당기손익으로 재분류되지 않는 항목,133161938740,-186939050770,30,KRW
00266961,NAVER,2023,CFS,CIS,포괄손익계산서,dart_OtherComprehensiveIncomeNetOfTaxChangeInFairValueOfInvestmentsInEquityInstruments,기타포괄손익-공정가치 측정 지분상품평가손익,31535428016,-484843494849,31,KRW
00266961,NAVER,2023,CFS,CIS,포괄손익계산서,dart_OtherComprehensiveIncomeNetOfTaxDisposalOfInvestmentsInEquityInstruments,기타포괄손익-공정가치 측정 지분상품처분손익,4928744939,-45127813925,32,KRW
00266961,NAVER,2023,CFS,CIS,포괄손익계산서,ifrs-full_OtherComprehensiveIncomeNetOfTaxGainsLossesOnRemeasurementsOfDefinedBenefitPlans,순확정급여부채의 재측정요소,66838639983,68746473204,33,KRW
00266961,NAVER,2023,CFS,CIS,포괄손익계산서,ifrs-full_ShareOfOtherComprehensiveIncomeOfAssociatesAndJointVenturesAccountedForUsingEquityMethodThatWillNotBeReclassifiedToProfitOrLossNetOfTax,지분법자본변동,29859125802,274285784800,34,KRW
00266961,NAVER,2023,CFS,CIS,포괄손익계산서,ifrs-full_ProfitLoss,당기순이익,985017762493,673180300087,35,KRW
00266961,NAVER,2023,CFS,CIS,포괄손익계산서,ifrs-full_ProfitLossAttributableToNoncontrollingInterests,비지배지분,-27303765131,-87080576160,37,KRW
00266961,NAVER,2023,CFS,CIS,포괄손익계산서,ifrs-full_ProfitLossFromContinuingOperationsAttributableToNoncontrollingInterests,비지배지분에 귀속될 계속영업손익,-27303765131,-87080576160,38,KRW
00266961,NAVER,2023,CFS,CIS,포괄손익계산서,ifrs-full_ProfitLossFromDiscontinuedOperationsAttributableToNoncontrollingInterests,비지배지분에 귀속될 중단영업손익,,,39,KRW
00266961,NAVER,2023,CFS,CIS,포괄손익계산서,ifrs-full_ProfitLossAttributableToOwnersOfParent,지배기업 소유주지분,1012321527624,760260876247,40,KRW
00266961,NAVER,2023,CFS,CIS,포괄손익계산서,ifrs-full_IncomeFromContinuingOperationsAttributableToOwnersOfParent,지배기업의 소유주에게 귀속될 계속영업손익,1012321527624,760260876247,41,KRW
00266961,NAVER,2023,CFS,CIS,포괄손익계산서,ifrs-full_IncomeFromDiscontinuedOperationsAttributableToOwnersOfParent,지배기업의 소유주에게 귀속될 중단영업손익,,,42,KRW
00266961,NAVER,2023,CFS,CIS,포괄손익계산서,ifrs-full_ProfitLossBeforeTax,법인세비용차감전순이익,1481396317551,1083717091152,43,KRW
00266961,NAVER,2023,CFS,CIS,포괄손익계산서,ifrs-full_ProfitLossFromContinuingOperations,계속영업이익,985017762493,673180300087,44,KRW
00266961,NAVER,2023,CFS,CIS,포괄손익계산서,ifrs-full_ProfitLossFromDiscontinuedOperations,중단영업이익,,,45,KRW
00266961,NAVER,2023,CFS,CIS,포괄손익계산서,ifrs-full_Revenue,영업수익,9670643576585,8220078708810,46,KRW
00266961,NAVER,2023,CFS,CIS,포괄손익계산서,ifrs-full_RevenueFromInterest,이자수익,101111135020,59164658931,47,KRW
00266961,NAVER,2023,CFS,CF,현금흐름표,dart_CashAndCashEquivalentsAtBeginningOfPeriodCf,기초현금및현금성자산,2724168321708,2781395543827,2,KRW
00266961,NAVER,2023,CFS,CF,현금흐름표,-표준계정코드 미사용-,기초 매각예정자산으로 분류된 현금및현금성자산,,,3,KRW
00266961,NAVER,2023,CFS,CF,현금흐름표,dart_CashAndCashEquivalentsAtEndOfPeriodCf,기말현금및현금성자산,3576456533329,2724168321708,4,KRW
00266961,NAVER,2023,CFS,CF,현금흐름표,ifrs-full_CashFlowsFromUsedInFinancingActivities,재무활동현금흐름,-110032028405,-339465120952,9,KRW
00266961,NAVER,2023,CFS,CF,현금흐름표,dart_AdjustmentsForIncreaseInFinancialLiabilitiesDesignatedAtFairValueThroughProfitOrLossClassifiedAsFinancingActivities,당기손익-공정가치 측정 금융부채의 증가,100598886266,130504106918,10,KRW
00266961,NAVER,2023,CFS,CF,현금흐름표,dart_DispositionOfTreasuryShares,자기주식의 처분,,,11,KRW
00266961,NAVER,2023,CFS,CF,현금흐름표,dart_PaymentsOfFinanceLeaseLiabilitiesClassifiedAsFinancingActivities,리스부채의 상환,204064693090,178551442728,12,KRW
00266961,NAVER,2023,CFS,CF,현금흐름표,dart_ProceedsFromBonds,사채의 발행,176512823880,,13,KRW
00266961,NAVER,2023,CFS,CF,현금흐름표,dart_ProceedsFromExerciseOfShareOptions,주식선택권 행사,28003591900,61406468500,14,KRW
00266961,NAVER,2023,CFS,CF,현금흐름표,dart_ProceedsFromLongTermBorrowings,비유동차입금의 차입,835080704000,106435416667,15,KRW
00266961,NAVER,2023,CFS,CF,현금흐름표,dart_ProceedsFromShortTermBorrowings,유동차입금의 차입,905385000000,139564583333,16,KRW
00266961,NAVER,2023,CFS,CF,현금흐름표,dart_RepaymentsOfLongTermBorrowings,비유동차입금의 상환,616872943838,100690379540,17,KRW
00266961,NAVER,2023,CFS,CF,현금흐름표,dart_RepaymentsOfShortTermBorrowings,유동차입금의 상환,1276242190115,358505249749,18,KRW
00266961,NAVER,2023,CFS,CF,현금흐름표,-표준계정코드 미사용-,기타재무활동으로 인한 현금유입액,586740373,3916338007,19,KRW
00266961,NAVER,2023,CFS,CF,현금흐름표,-표준계정코드 미사용-,기타재무활동으로 인한 현금유출액,2800335249,2590227224,20,KRW
00266961,NAVER,2023,CFS,CF,현금흐름표,-표준계정코드 미사용-,비지배지분과의 거래로 인한 현금유출,237051042,15572499931,21,KRW
00266961,NAVER,2023,CFS,CF,현금흐름표,-표준계정코드 미사용-,비지배지분과의 거래로 인한 현금유입,6415123730,87981692188,22,KRW
00266961,NAVER,2023,CFS,CF,현금흐름표,ifrs-full_DividendsPaidClassifiedAsFinancingActivities,배당금지급,62397685220,213363927393,23,KRW
00266961,NAVER,2023,CFS,CF,현금흐름표,ifrs-full_CashFlowsFromUsedInInvestingActivities,투자활동현금흐름,-949822085262,-1215888095959,24,KRW
00266961,NAVER,2023,CFS,CF,현금흐름표,dart_ProceedsFromSalesOfFairValueFinancialAsset,당기손익-공정가치 측정 금융자산의 처분,2718635244975,4727172598822,25,KRW
00266961,NAVER,2023,CFS,CF,현금흐름표,dart_ProceedsFromSalesOfFinancialAssetsAtFairValueThroughOtherComprehensiveIncome,기타포괄손익-공정가치측정금융자산의처분,75852751999,126380427929,26,KRW
00266961,NAVER,2023,CFS,CF,현금흐름표,dart_ProceedsFromSalesOfInvestmentsInSubsidiariesJointVenturesAndAssociates,관계기업및공동기업투자주식의 처분,604752359248,702978746957,27,KRW
00266961,NAVER,2023,CFS,CF,현금흐름표,dart_PurchaseOfFairValueFinancialAsset,당기손익-공정가치 측정 금융자산의 취득,2693963338618,5151401634229,28,KRW
00266961,NAVER,2023,CFS,CF,현금흐름표,dart_PurchaseOfFinancialAssetsAtFairValueThroughOtherComprehensiveIncome,기타포괄손익-공정가치측정금융자산의취득,32121513088,46595632596,29,KRW
00266961,NAVER,2023,CFS,CF,현금흐름표,dart_PurchaseOfInvestmentsInSubsidiariesJointVenturesAndAssociates,관계기업및공동기업투자주식의 취득,70943419463,257838142800,30,KRW
00266961,NAVER,2023,CFS,CF,현금흐름표,-표준계정코드 미사용-,리스채권의 회수,6274783190,7462366762,31,KRW
00266961,NAVER,2023,CFS,CF,현금흐름표,-표준계정코드 미사용-,당기손익-공정가치 측정 금융부채의 감소,,16016168742,32,KRW
00266961,NAVER,2023,CFS,CF,현금흐름표,-표준계정코드 미사용-,장기금융상품의 순증감,500000000,,33,KRW
00266961,NAVER,2023,CFS,CF,현금흐름표,-표준계정코드 미사용-,장기대여금의 순증감,205778560,146412000,34,KRW
00266961,NAVER,2023,CFS,CF,현금흐름표,-표준계정코드 미사용-,단기금융상품의 순증감,409987282416,-574934228334,35,KRW
00266961,NAVER,2023,CFS,CF,현금흐름표,-표준계정코드 미사용-,단기대여금의 순증감,3268499231,-494633010,36,KRW
00266961,NAVER,2023,CFS,CF,현금흐름표,ifrs-full_CashFlowsFromLosingControlOfSubsidiariesOrOtherBusinessesClassifiedAsInvestingActivities,종속기업의 처분,1059104535,,37,KRW
00266961,NAVER,2023,CFS,CF,현금흐름표,ifrs-full_CashFlowsUsedInObtainingControlOfSubsidiariesOrOtherBusinessesClassifiedAsInvestingActivities,사업결합으로 인한 현금의 순증감,1283975361775,-4264026832,38,KRW
00266961,NAVER,2023,CFS,CF,현금흐름표,ifrs-full_OtherInflowsOutflowsOfCashClassifiedAsInvestingActivities,기타투자활동으로 인한 현금유출입액,-2925513367,6093902790,39,KRW
00266961,NAVER,2023,CFS,CF,현금흐름표,ifrs-full_ProceedsFromSalesOfIntangibleAssetsClassifiedAsInvestingActivities,무형자산의 처분,633805661,923978480,40,KRW
00266961,NAVER,2023,CFS,CF,현금흐름표,ifrs-full_ProceedsFromSalesOfPropertyPlantAndEquipmentClassifiedAsInvestingActivities,유형자산의 처분,7316798534,12203857538,41,KRW
00266961,NAVER,2023,CFS,CF,현금흐름표,ifrs-full_PurchaseOfIntangibleAssetsClassifiedAsInvestingActivities,무형자산의 취득,51637440980,55500428444,42,KRW
00266961,NAVER,2023,CFS,CF,현금흐름표,ifrs-full_PurchaseOfPropertyPlantAndEquipmentClassifiedAsInvestingActivities,유형자산의 취득,640623697250,700733545914,43,KRW
00266961,NAVER,2023,CFS,CF,현금흐름표,ifrs-full_CashFlowsFromUsedInOperatingActivities,영업활동현금흐름,2002233273518,1453390444990,44,KRW
00266961,NAVER,2023,CFS,CF,현금흐름표,ifrs-full_CashFlowsFromUsedInOperations,영업에서 창출된 현금흐름,2672160565366,2298686419871,45,KRW
00266961,NAVER,2023,CFS,CF,현금흐름표,ifrs-full_DividendsReceivedClassifiedAsOperatingActivities,배당금수취,43721525837,34753150218,46,KRW
00266961,NAVER,2023,CFS,CF,현금흐름표,ifrs-full_IncomeTaxesPaidRefundClassifiedAsOperatingActivities,법인세의 납부,682442625864,860548617382,47,KRW
00266961,NAVER,2023,CFS,CF,현금흐름표,ifrs-full_InterestPaidClassifiedAsOperatingActivities,이자의 지급,129405367641,40173810844,48,KRW
00266961,NAVER,2023,CFS,CF,현금흐름표,ifrs-full_InterestReceivedClassifiedAsOperatingActivities,이자의 수입,98199175820,20673303127,49,KRW
00266961,NAVER,2023,CFS,CF,현금흐름표,ifrs-full_EffectOfExchangeRateChangesOnCashAndCashEquivalents,현금및현금성자산의 환율변둉효과,-90090948230,44735549802,50,KRW
00266961,NAVER,2023,CFS,CF,현금흐름표,ifrs-full_IncreaseDecreaseInCashAndCashEquivalentsBeforeEffectOfExchangeRateChanges,현금및현금성자산의 순증감,852288211621,-57227222119,51,KRW
00266961,NAVER,2023,CFS,SCE,자본변동표,dart_EquityAtBeginningOfPeriod,기초자본,706226873411,491738654373,3,KRW
00266961,NAVER,2023,CFS,SCE,자본변동표,dart_EquityAtBeginningOfPeriod,기초자본,22744095607040,23535637694902,3,KRW
00266961,NAVER,2023,CFS,SCE,자본변동표,dart_EquityAtBeginningOfPeriod,기초자본,23450322480451,24027376349275,3,KRW
00266961,NAVER,2023,CFS,SCE,자본변동표,dart_EquityAtBeginningOfPeriod,기초자본,-2474526129371,-1051465837344,3,KRW
00266961,NAVER,2023,CFS,SCE,자본변동표,dart_EquityAtBeginningOfPeriod,기초자본,23645687007296,23080407824978,3,KRW
00266961,NAVER,2023,CFS,SCE,자본변동표,dart_EquityAtBeginningOfPeriod,기초자본,16481339500,16481339500,3,KRW
00266961,NAVER,2023,CFS,SCE,자본변동표,dart_EquityAtBeginningOfPeriod,기초자본,1556453389615,1490214367768,3,KRW
00266961,NAVER,2023,CFS,SCE,자본변동표,dart_TransferOfAmountRecognisedInOtherComprehensiveIncomeAndAccumulatedInEquityRelatingToDisposalOfInvestmentsInEquityInstruments,기타포괄손익-공정가치 측정 지분상품 처분손익,4928744939,-45127813925,4,KRW
00266961,NAVER,2023,CFS,SCE,자본변동표,dart_TransferOfAmountRecognisedInOtherComprehensiveIncomeAndAccumulatedInEquityRelatingToDisposalOfInvestmentsInEquityInstruments,기타포괄손익-공정가치 측정 지분상품 처분손익,,,4,KRW
00266961,NAVER,2023,CFS,SCE,자본변동표,dart_TransferOfAmountRecognisedInOtherComprehensiveIncomeAndAccumulatedInEquityRelatingToDisposalOfInvestmentsInEquityInstruments,기타포괄손익-공정가치 측정 지분상품 처분손익,4928744939,-45127813925,4,KRW
00266961,NAVER,2023,CFS,SCE,자본변동표,dart_TransferOfAmountRecognisedInOtherComprehensiveIncomeAndAccumulatedInEquityRelatingToDisposalOfInvestmentsInEquityInstruments,기타포괄손익-공정가치 측정 지분상품 처분손익,4928744939,-45127813925,4,KRW
00266961,NAVER,2023,CFS,SCE,자본변동표,dart_TreasuryShareTransactions,자기주식거래,,,5,KRW
00266961,NAVER,2023,CFS,SCE,자본변동표,dart_TreasuryShareTransactions,자기주식거래,,,5,KRW
00266961,NAVER,2023,CFS,SCE,자본변동표,dart_TreasuryShareTransactions,자기주식거래,,,5,KRW
00266961,NAVER,2023,CFS,SCE,자본변동표,dart_TreasuryShareTransactions,자기주식거래,,,5,KRW
00266961,NAVER,2023,CFS,SCE,자본변동표,-표준계정코드 미사용-,비지배지분과의 거래 및 연결범위변동,-92436638475,209649729797,6,KRW
00266961,NAVER,2023,CFS,SCE,자본변동표,-표준계정코드 미사용-,비지배지분과의 거래 및 연결범위변동,307669331109,213731354037,6,KRW
00266961,NAVER,2023,CFS,SCE,자본변동표,-표준계정코드 미사용-,비지배지분과의 거래 및 연결범위변동,-400105969584,-4081624240,6,KRW
00266961,NAVER,2023,CFS,SCE,자본변동표,-표준계정코드 미사용-,비지배지분과의 거래 및 연결범위변동,-24572043936,-2927602647,6,KRW
00266961,NAVER,2023,CFS,SCE,자본변동표,-표준계정코드 미사용-,비지배지분과의 거래 및 연결범위변동,,,6,KRW
00266961,NAVER,2023,CFS,SCE,자본변동표,-표준계정코드 미사용-,비지배지분과의 거래 및 연결범위변동,-375533925648,-1154021593,6,KRW
00266961,NAVER,2023,CFS,SCE,자본변동표,ifrs-full_CancellationOfTreasuryShares,자기주식의 소각,118588088501,,7,KRW
00266961,NAVER,2023,CFS,SCE,자본변동표,ifrs-full_CancellationOfTreasuryShares,자기주식의 소각,-118588088501,,7,KRW
00266961,NAVER,2023,CFS,SCE,자본변동표,ifrs-full_DividendsPaid,현금배당,62397685220,213363927393,8,KRW
00266961,NAVER,2023,CFS,SCE,자본변동표,ifrs-full_DividendsPaid,현금배당,,,8,KRW
00266961,NAVER,2023,CFS,SCE,자본변동표,ifrs-full_DividendsPaid,현금배당,62397685220,213363927393,8,KRW
00266961,NAVER,2023,CFS,SCE,자본변동표,ifrs-full_DividendsPaid,현금배당,62397685220,213363927393,8,KRW
00266961,NAVER,2023,CFS,SCE,자본변동표,ifrs-full_Equity,자본총계,23206042240996,22744095607040,9,KRW
00266961,NAVER,2023,CFS,SCE,자본변동표,ifrs-full_Equity,자본총계,1031956574557,706226873411,9,KRW
00266961,NAVER,2023,CFS,SCE,자본변동표,ifrs-full_Equity,자본총계,24237998815553,23450322480451,9,KRW
00266961,NAVER,2023,CFS,SCE,자본변동표,ifrs-full_Equity,자본총계,-2597430397696,-2474526129371,9,KRW
00266961,NAVER,2023,CFS,SCE,자본변동표,ifrs-full_Equity,자본총계,1242632248504,1556453389615,9,KRW
00266961,NAVER,2023,CFS,SCE,자본변동표,ifrs-full_Equity,자본총계,16481339500,16481339500,9,KRW
00266961,NAVER,2023,CFS,SCE,자본변동표,ifrs-full_Equity,자본총계,24544359050688,23645687007296,9,KRW
00266961,NAVER,2023,CFS,SCE,자본변동표,ifrs-full_GainsLossesOnExchangeDifferencesOnTranslationNetOfTax,해외사업환산손익,151777835412,122569353269,10,KRW
00266961,NAVER,2023,CFS,SCE,자본변동표,ifrs-full_GainsLossesOnExchangeDifferencesOnTranslationNetOfTax,해외사업환산손익,-1614994997,59559370756,10,KRW
00266961,NAVER,2023,CFS,SCE,자본변동표,ifrs-full_GainsLossesOnExchangeDifferencesOnTranslationNetOfTax,해외사업환산손익,153392830409,63009982513,10,KRW
00266961,NAVER,2023,CFS,SCE,자본변동표,ifrs-full_GainsLossesOnExchangeDifferencesOnTranslationNetOfTax,해외사업환산손익,153392830409,63009982513,10,KRW
00266961,NAVER,2023,CFS,SCE,자본변동표,ifrs-full_GainsLossesOnFinancialAssetsMeasuredAtFairValueThroughOtherComprehensiveIncomeNetOfTax,기타포괄손익-공정가치 측정 채무상품 평가손익,,,11,KRW
00266961,NAVER,2023,CFS,SCE,자본변동표,ifrs-full_GainsLossesOnFinancialAssetsMeasuredAtFairValueThroughOtherComprehensiveIncomeNetOfTax,기타포괄손익-공정가치 측정 채무상품 평가손익,,,11,KRW
00266961,NAVER,2023,CFS,SCE,자본변동표,ifrs-full_GainsLossesOnFinancialAssetsMeasuredAtFairValueThroughOtherComprehensiveIncomeNetOfTax,기타포괄손익-공정가치 측정 채무상품 평가손익,,,11,KRW
00266961,NAVER,2023,CFS,SCE,자본변동표,ifrs-full_IncreaseDecreaseThroughSharebasedPaymentTransactions,주식기준보상거래,218141415109,141495051899,12,KRW
00266961,NAVER,2023,CFS,SCE,자본변동표,ifrs-full_IncreaseDecreaseThroughSharebasedPaymentTransactions,주식기준보상거래,42522317838,34276350905,12,KRW
00266961,NAVER,2023,CFS,SCE,자본변동표,ifrs-full_IncreaseDecreaseThroughSharebasedPaymentTransactions,주식기준보상거래,175619097271,107218700994,12,KRW
00266961,NAVER,2023,CFS,SCE,자본변동표,ifrs-full_IncreaseDecreaseThroughSharebasedPaymentTransactions,주식기준보상거래,113906312734,39825657554,12,KRW
00266961,NAVER,2023,CFS,SCE,자본변동표,ifrs-full_IncreaseDecreaseThroughSharebasedPaymentTransactions,주식기준보상거래,61712784537,67393043440,12,KRW
00266961,NAVER,2023,CFS,SCE,자본변동표,ifrs-full_OtherComprehensiveIncomeNetOfTaxGainsLossesFromInvestmentsInEquityInstruments,기타포괄손익-공정가치 지분상품 평가손익,31535428016,-484843494849,13,KRW
00266961,NAVER,2023,CFS,SCE,자본변동표,ifrs-full_OtherComprehensiveIncomeNetOfTaxGainsLossesFromInvestmentsInEquityInstruments,기타포괄손익-공정가치 지분상품 평가손익,941271983,-10490354059,13,KRW
00266961,NAVER,2023,CFS,SCE,자본변동표,ifrs-full_OtherComprehensiveIncomeNetOfTaxGainsLossesFromInvestmentsInEquityInstruments,기타포괄손익-공정가치 지분상품 평가손익,30594156033,-474353140790,13,KRW
00266961,NAVER,2023,CFS,SCE,자본변동표,ifrs-full_OtherComprehensiveIncomeNetOfTaxGainsLossesFromInvestmentsInEquityInstruments,기타포괄손익-공정가치 지분상품 평가손익,30594156033,-474353140790,13,KRW
00266961,NAVER,2023,CFS,SCE,자본변동표,ifrs-full_OtherComprehensiveIncomeNetOfTaxGainsLossesOnRemeasurementsOfDefinedBenefitPlans,순확정급여부채의 재측정요소,66838639983,68746473204,14,KRW
00266961,NAVER,2023,CFS,SCE,자본변동표,ifrs-full_OtherComprehensiveIncomeNetOfTaxGainsLossesOnRemeasurementsOfDefinedBenefitPlans,순확정급여부채의 재측정요소,4431095433,5236425815,14,KRW
00266961,NAVER,2023,CFS,SCE,자본변동표,ifrs-full_OtherComprehensiveIncomeNetOfTaxGainsLossesOnRemeasurementsOfDefinedBenefitPlans,순확정급여부채의 재측정요소,62407544550,63510047389,14,KRW
00266961,NAVER,2023,CFS,SCE,자본변동표,ifrs-full_OtherComprehensiveIncomeNetOfTaxGainsLossesOnRemeasurementsOfDefinedBenefitPlans,순확정급여부채의 재측정요소,62407544550,63510047389,14,KRW
00266961,NAVER,2023,CFS,SCE,자본변동표,ifrs-full_ProfitLoss,당기순이익,985017762493,673180300087,15,KRW
00266961,NAVER,2023,CFS,SCE,자본변동표,ifrs-full_ProfitLoss,당기순이익,-27303765131,-87080576160,15,KRW
00266961,NAVER,2023,CFS,SCE,자본변동표,ifrs-full_ProfitLoss,당기순이익,1012321527624,760260876247,15,KRW
00266961,NAVER,2023,CFS,SCE,자본변동표,ifrs-full_ProfitLoss,당기순이익,1012321527624,760260876247,15,KRW
00266961,NAVER,2023,CFS,SCE,자본변동표,ifrs-full_ShareOfOtherComprehensiveIncomeOfAssociatesAndJointVenturesAccountedForUsingEquityMethod,지분법자본변동,-514813612066,-1048615188657,16,KRW
00266961,NAVER,2023,CFS,SCE,자본변동표,ifrs-full_ShareOfOtherComprehensiveIncomeOfAssociatesAndJointVenturesAccountedForUsingEquityMethod,지분법자본변동,-915555089,-744352256,16,KRW
00266961,NAVER,2023,CFS,SCE,자본변동표,ifrs-full_ShareOfOtherComprehensiveIncomeOfAssociatesAndJointVenturesAccountedForUsingEquityMethod,지분법자본변동,-515729167155,-1049359540913,16,KRW
00266961,NAVER,2023,CFS,SCE,자본변동표,ifrs-full_ShareOfOtherComprehensiveIncomeOfAssociatesAndJointVenturesAccountedForUsingEquityMethod,지분법자본변동,-514813612066,-1048615188657,16,KRW
00266961,NAVER,2023,OFS,BS,재무상태표,ifrs-full_Assets,자산총계,15479991448695,13903842854242,7,KRW
00266961,NAVER,2023,OFS,BS,재무상태표,ifrs-full_CurrentAssets,유동자산,1760970079780,2030745992891,8,KRW
00266961,NAVER,2023,OFS,BS,재무상태표,ifrs-full_CashAndCashEquivalents,현금및현금성자산,961792099745,841798144735,9,KRW
00266961,NAVER,2023,OFS,BS,재무상태표,ifrs-full_CurrentFinancialAssetsAtFairValueThroughProfitOrLoss,당기손익-공정가치 측정 금융자산,835010447,776459606,10,KRW
00266961,NAVER,2023,OFS,BS,재무상태표,ifrs-full_CurrentFinancialAssetsMeasuredAtFairValueThroughOtherComprehensiveIncome,기타포괄손익-공정가치 측정 금융자산,,,11,KRW
00266961,NAVER,2023,OFS,BS,재무상태표,ifrs-full_Inventories,재고자산,598811254,664259446,12,KRW
00266961,NAVER,2023,OFS,BS,재무상태표,ifrs-full_OtherCurrentAssets,기타유동자산,31429377417,44389032908,13,KRW
00266961,NAVER,2023,OFS,BS,재무상태표,ifrs-full_ShorttermDepositsNotClassifiedAsCashEquivalents,단기금융상품,209845859123,513311636005,14,KRW
00266961,NAVER,2023,OFS,BS,재무상태표,ifrs-full_TradeAndOtherCurrentReceivables,매출채권및기타채권,556468921794,629806460191,15,KRW
00266961,NAVER,2023,OFS,BS,재무상태표,ifrs-full_NoncurrentAssets,비유동자산,13719021368915,11873096861351,16,KRW
00266961,NAVER,2023,OFS,BS,재무상태표,dart_LongTermDepositsNotClassifiedAsCashEquivalents,장기금융상품,13755872000,13755872000,17,KRW
00266961,NAVER,2023,OFS,BS,재무상태표,dart_LongTermTradeAndOtherNonCurrentReceivablesGross,매출채권및기타채권,59813472319,60402336507,18,KRW
00266961,NAVER,2023,OFS,BS,재무상태표,dart_NonCurrentFairValueFinancialAsset,당기손익-공정가치 측정 금융자산,1171205683908,1345111602072,19,KRW
00266961,NAVER,2023,OFS,BS,재무상태표,ifrs-full_DeferredTaxAssets,이연법인세자산,260483230398,273949308018,20,KRW
00266961,NAVER,2023,OFS,BS,재무상태표,ifrs-full_IntangibleAssetsAndGoodwill,무형자산,95794442955,72452309393,21,KRW
00266961,NAVER,2023,OFS,BS,재무상태표,ifrs-full_InvestmentProperty,투자부동산,324106238733,302769701062,22,KRW
00266961,NAVER,2023,OFS,BS,재무상태표,ifrs-full_InvestmentsInSubsidiariesJointVenturesAndAssociates,"종속기업, 관계기업 및 공동기업 투자",8449634768760,6679788696290,23,KRW
00266961,NAVER,2023,OFS,BS,재무상태표,ifrs-full_NoncurrentFinancialAssetsMeasuredAtFairValueThroughOtherComprehensiveIncome,기타포괄손익-공정가치 측정 금융자산,1289535816103,1300968382382,24,KRW
00266961,NAVER,2023,OFS,BS,재무상태표,ifrs-full_OtherNoncurrentAssets,기타비유동자산,23503775347,26687395611,25,KRW
00266961,NAVER,2023,OFS,BS,재무상태표,ifrs-full_PropertyPlantAndEquipment,유형자산,1998637275912,1755777290537,26,KRW
00266961,NAVER,2023,OFS,BS,재무상태표,ifrs-full_RightofuseAssets,사용권자산,32550792480,41433967479,27,KRW
00266961,NAVER,2023,OFS,BS,재무상태표,dart_CapitalSurplus,자본잉여금,1187190629495,1123109857937,29,KRW
00266961,NAVER,2023,OFS,BS,재무상태표,dart_ElementsOfOtherStockholdersEquity,기타자본구성요소,-1132456364024,-1388661591817,30,KRW
00266961,NAVER,2023,OFS,BS,재무상태표,ifrs-full_Equity,자본총계,11450826041130,9849819813467,31,KRW
00266961,NAVER,2023,OFS,BS,재무상태표,ifrs-full_IssuedCapital,자본금,16481339500,16481339500,32,KRW
00266961,NAVER,2023,OFS,BS,재무상태표,ifrs-full_RetainedEarnings,이익잉여금,11379610436159,10098890207847,33,KRW
00266961,NAVER,2023,OFS,BS,재무상태표,ifrs-full_EquityAndLiabilities,자본및부채총계,15479991448695,13903842854242,34,KRW
00266961,NAVER,2023,OFS,BS,재무상태표,ifrs-full_CurrentLiabilities,유동부채,1730888911821,1503357999615,36,KRW
00266961,NAVER,2023,OFS,BS,재무상태표,-표준계정코드 미사용-,유동성장기차입금,136899000000,187274700000,37,KRW
00266961,NAVER,2023,OFS,BS,재무상태표,ifrs-full_CurrentLeaseLiabilities,리스부채,46811707988,48996419693,38,KRW
00266961,NAVER,2023,OFS,BS,재무상태표,ifrs-full_CurrentPortionOfLongtermBorrowings,유동성사채,249962199849,,39,KRW
00266961,NAVER,2023,OFS,BS,재무상태표,ifrs-full_CurrentProvisions,충당부채,41326854368,2059949479,40,KRW
00266961,NAVER,2023,OFS,BS,재무상태표,ifrs-full_CurrentTaxLiabilities,당기법인세부채,282111807168,310985098623,41,KRW
00266961,NAVER,2023,OFS,BS,재무상태표,ifrs-full_OtherCurrentLiabilities,기타유동부채,385046773779,368691642191,42,KRW
00266961,NAVER,2023,OFS,BS,재무상태표,ifrs-full_TradeAndOtherCurrentPayables,매입채무및기타채무,588730568669,585350189629,43,KRW
00266961,NAVER,2023,OFS,BS,재무상태표,ifrs-full_Liabilities,부채총계,4029165407565,4054023040775,44,KRW
00266961,NAVER,2023,OFS,BS,재무상태표,ifrs-full_NoncurrentLiabilities,비유동부채,2298276495744,2550665041160,45,KRW
00266961,NAVER,2023,OFS,BS,재무상태표,dart_LongTermTradeAndOtherNonCurrentPayables,매입채무및기타채무,34975906329,30288080685,46,KRW
00266961,NAVER,2023,OFS,BS,재무상태표,ifrs-full_NoncurrentLeaseLiabilities,리스부채,294272911773,328806361025,47,KRW
00266961,NAVER,2023,OFS,BS,재무상태표,ifrs-full_NoncurrentPortionOfNoncurrentBondsIssued,사채,1655718953449,1704518276546,48,KRW
00266961,NAVER,2023,OFS,BS,재무상태표,ifrs-full_NoncurrentPortionOfNoncurrentLoansReceived,장기차입금,15000000000,157977000000,49,KRW
00266961,NAVER,2023,OFS,BS,재무상태표,ifrs-full_NoncurrentProvisions,충당부채,10280136124,10042393730,50,KRW
00266961,NAVER,2023,OFS,BS,재무상태표,ifrs-full_NoncurrentRecognisedLiabilitiesDefinedBenefitPlan,순확정급여부채,285765168276,316047654369,51,KRW
00266961,NAVER,2023,OFS,BS,재무상태표,ifrs-full_OtherNoncurrentLiabilities,기타비유동부채,2263419793,2985274805,52,KRW
00266961,NAVER,2023,OFS,CIS,포괄손익계산서,dart_OperatingIncomeLoss,영업이익,1713205368367,1553794848099,6,KRW
00266961,NAVER,2023,OFS,CIS,포괄손익계산서,dart_OtherGains,기타수익,446969797378,272016767875,7,KRW
00266961,NAVER,2023,OFS,CIS,포괄손익계산서,dart_OtherLosses,기타비용,291024593787,393092815383,8,KRW
00266961,NAVER,2023,OFS,CIS,포괄손익계산서,ifrs-full_ComprehensiveIncome,총포괄손익,1489018587134,625930418614,9,KRW
00266961,NAVER,2023,OFS,CIS,포괄손익계산서,ifrs-full_BasicEarningsLossPerShare,기본주당이익,9402,7293,11,KRW
00266961,NAVER,2023,OFS,CIS,포괄손익계산서,ifrs-full_DilutedEarningsLossPerShare,희석주당이익(손실),9375,7261,12,KRW
00266961,NAVER,2023,OFS,CIS,포괄손익계산서,ifrs-full_FinanceCosts,금융비용,349606103473,563551581850,13,KRW
00266961,NAVER,2023,OFS,CIS,포괄손익계산서,ifrs-full_FinanceIncome,금융수익,382420762027,672701267366,14,KRW
00266961,NAVER,2023,OFS,CIS,포괄손익계산서,ifrs-full_IncomeTaxExpenseContinuingOperations,법인세비용,518079718340,474563630470,15,KRW
00266961,NAVER,2023,OFS,CIS,포괄손익계산서,ifrs-full_OperatingExpense,영업비용,3896593637516,3958791474206,16,KRW
00266961,NAVER,2023,OFS,CIS,포괄손익계산서,ifrs-full_OtherComprehensiveIncome,기타포괄손익,74705739202,-466227189242,17,KRW
00266961,NAVER,2023,OFS,CIS,포괄손익계산서,ifrs-full_OtherComprehensiveIncomeThatWillNotBeReclassifiedToProfitOrLossNetOfTax,후속적으로 당기손익으로 재분류되지 않는 항목,74705739202,-466227189242,18,KRW
00266961,NAVER,2023,OFS,CIS,포괄손익계산서,dart_OtherComprehensiveIncomeNetOfTaxDisposalOfInvestmentsInEquityInstruments,기타포괄손익-공정가치 측정 지분상품처분손익,1968598642,-45127813925,19,KRW
00266961,NAVER,2023,OFS,CIS,포괄손익계산서,ifrs-full_OtherComprehensiveIncomeNetOfTaxGainsLossesFromInvestmentsInEquityInstruments,기타포괄손익-공정가치 지분상품 평가손익,27312585101,-428858803868,20,KRW
00266961,NAVER,2023,OFS,CIS,포괄손익계산서,ifrs-full_OtherComprehensiveIncomeNetOfTaxGainsLossesOnRemeasurementsOfDefinedBenefitPlans,순확정급여부채의 재측정요소,45424555459,7759428551,21,KRW
00266961,NAVER,2023,OFS,CIS,포괄손익계산서,ifrs-full_ProfitLoss,당기순이익,1414312847932,1092157607856,22,KRW
00266961,NAVER,2023,OFS,CIS,포괄손익계산서,ifrs-full_ProfitLossBeforeTax,법인세비용차감전순이익,1932392566272,1566721238326,23,KRW
00266961,NAVER,2023,OFS,CIS,포괄손익계산서,ifrs-full_Revenue,영업수익,5609799005883,5512586322305,24,KRW
00266961,NAVER,2023,OFS,CIS,포괄손익계산서,ifrs-full_RevenueFromInterest,이자수익,30427335760,24852752219,25,KRW
00266961,NAVER,2023,OFS,CF,현금흐름표,dart_CashAndCashEquivalentsAtBeginningOfPeriodCf,기초현금및현금성자산,841798144735,964418443986,2,KRW
00266961,NAVER,2023,OFS,CF,현금흐름표,dart_CashAndCashEquivalentsAtEndOfPeriodCf,기말현금및현금성자산,961792099745,841798144735,3,KRW
00266961,NAVER,2023,OFS,CF,현금흐름표,ifrs-full_CashFlowsFromUsedInFinancingActivities,재무활동현금흐름,-89732802887,-155928395383,8,KRW
00266961,NAVER,2023,OFS,CF,현금흐름표,dart_DispositionOfTreasuryShares,자기주식의 처분,,,9,KRW
00266961,NAVER,2023,OFS,CF,현금흐름표,dart_PaymentsOfFinanceLeaseLiabilitiesClassifiedAsFinancingActivities,리스부채의 상환,36878822598,45020165920,10,KRW
00266961,NAVER,2023,OFS,CF,현금흐름표,dart_ProceedsFromBonds,사채의 발행,176512823880,,11,KRW
00266961,NAVER,2023,OFS,CF,현금흐름표,dart_ProceedsFromExerciseOfShareOptions,주식선택권 행사,28003591900,61406468500,12,KRW
00266961,NAVER,2023,OFS,CF,현금흐름표,dart_ProceedsFromLongTermBorrowings,비유동차입금의 차입,508840000000,20000000000,13,KRW
00266961,NAVER,2023,OFS,CF,현금흐름표,dart_ProceedsFromShortTermBorrowings,유동차입금의 차입,763260000000,,14,KRW
00266961,NAVER,2023,OFS,CF,현금흐름표,dart_RepaymentsOfLongTermBorrowings,비유동차입금의 상환,520192000000,,15,KRW
00266961,NAVER,2023,OFS,CF,현금흐름표,dart_RepaymentsOfShortTermBorrowings,유동차입금의 상환,947236800000,,16,KRW
00266961,NAVER,2023,OFS,CF,현금흐름표,ifrs-full_DividendsPaidClassifiedAsFinancingActivities,배당금지급,62397685220,213363927393,17,KRW
00266961,NAVER,2023,OFS,CF,현금흐름표,ifrs-full_OtherInflowsOutflowsOfCashClassifiedAsFinancingActivities,기타재무활동으로 인한 현금유출입액,356089151,21049229430,18,KRW
00266961,NAVER,2023,OFS,CF,현금흐름표,ifrs-full_CashFlowsFromUsedInInvestingActivities,투자활동현금흐름,-1419516270694,-1430279344276,19,KRW
00266961,NAVER,2023,OFS,CF,현금흐름표,dart_ProceedsFromSalesOfCurrentFairValueFinancialAsset,당기손익-공정가치 측정 금융자산의 처분,165770599303,301165331415,20,KRW
00266961,NAVER,2023,OFS,CF,현금흐름표,dart_ProceedsFromSalesOfFinancialAssetsAtFairValueThroughOtherComprehensiveIncome,기타포괄손익-공정가치측정금융자산의처분,74257364106,123160305801,21,KRW
00266961,NAVER,2023,OFS,CF,현금흐름표,dart_ProceedsFromSalesOfInvestmentsInSubsidiariesJointVenturesAndAssociates,관계기업및공동기업투자주식의 처분,436095808872,210780448459,22,KRW
00266961,NAVER,2023,OFS,CF,현금흐름표,dart_PurchaseOfCurrentFairValueFinancialAsset,당기손익-공정가치 측정 금융자산의 취득,81571658446,319252415435,23,KRW
00266961,NAVER,2023,OFS,CF,현금흐름표,dart_PurchaseOfFinancialAssetsAtFairValueThroughOtherComprehensiveIncome,기타포괄손익-공정가치측정금융자산의취득,699224000,26284601243,24,KRW
00266961,NAVER,2023,OFS,CF,현금흐름표,dart_PurchaseOfInvestmentsInSubsidiariesJointVenturesAndAssociates,관계기업및공동기업투자주식의 취득,1913103961106,1008609893146,25,KRW
00266961,NAVER,2023,OFS,CF,현금흐름표,-표준계정코드 미사용-,단기금융상품의 순증감,303785776882,-334942836005,26,KRW
00266961,NAVER,2023,OFS,CF,현금흐름표,-표준계정코드 미사용-,당기손익-공정가치 측정 금융부채의 감소,,16016168742,27,KRW
00266961,NAVER,2023,OFS,CF,현금흐름표,-표준계정코드 미사용-,리스채권의 회수,6377143955,12822926264,28,KRW
00266961,NAVER,2023,OFS,CF,현금흐름표,-표준계정코드 미사용-,단기대여금의 순증감,-95330503878,36341800000,29,KRW
00266961,NAVER,2023,OFS,CF,현금흐름표,ifrs-full_CashFlowsUsedInObtainingControlOfSubsidiariesOrOtherBusinessesClassifiedAsInvestingActivities,사업결합으로 인한 현금의 순증감,,,30,KRW
00266961,NAVER,2023,OFS,CF,현금흐름표,ifrs-full_OtherInflowsOutflowsOfCashClassifiedAsInvestingActivities,기타투자활동으로 인한 현금유출입액,80344586795,4121575046,31,KRW
00266961,NAVER,2023,OFS,CF,현금흐름표,ifrs-full_ProceedsFromSalesOfIntangibleAssetsClassifiedAsInvestingActivities,무형자산의 처분,317626531,822791750,32,KRW
00266961,NAVER,2023,OFS,CF,현금흐름표,ifrs-full_ProceedsFromSalesOfPropertyPlantAndEquipmentClassifiedAsInvestingActivities,유형자산의 처분,8505742733,5856144181,33,KRW
00266961,NAVER,2023,OFS,CF,현금흐름표,ifrs-full_PurchaseOfIntangibleAssetsClassifiedAsInvestingActivities,무형자산의 취득,27284019731,24029938051,34,KRW
00266961,NAVER,2023,OFS,CF,현금흐름표,ifrs-full_PurchaseOfPropertyPlantAndEquipmentClassifiedAsInvestingActivities,유형자산의 취득,376981552710,396214814570,35,KRW
00266961,NAVER,2023,OFS,CF,현금흐름표,ifrs-full_CashFlowsFromUsedInOperatingActivities,영업활동현금흐름,1627845864966,1451634975801,36,KRW
00266961,NAVER,2023,OFS,CF,현금흐름표,ifrs-full_CashFlowsFromUsedInOperations,영업에서 창출된 현금흐름,2063508775400,1753196758754,37,KRW
00266961,NAVER,2023,OFS,CF,현금흐름표,ifrs-full_DividendsReceivedClassifiedAsOperatingActivities,배당금수취,191541688548,468978562474,38,KRW
00266961,NAVER,2023,OFS,CF,현금흐름표,ifrs-full_IncomeTaxesPaidRefundClassifiedAsOperatingActivities,법인세의 납부,581548458718,758167415086,39,KRW
00266961,NAVER,2023,OFS,CF,현금흐름표,ifrs-full_InterestPaidClassifiedAsOperatingActivities,이자의 지급,80349537434,28716517713,40,KRW
00266961,NAVER,2023,OFS,CF,현금흐름표,ifrs-full_InterestReceivedClassifiedAsOperatingActivities,이자의 수입,34693397170,16343587372,41,KRW
00266961,NAVER,2023,OFS,CF,현금흐름표,ifrs-full_EffectOfExchangeRateChangesOnCashAndCashEquivalents,현금및현금성자산의 환율변둉효과,1397163625,11952464607,42,KRW
00266961,NAVER,2023,OFS,CF,현금흐름표,ifrs-full_IncreaseDecreaseInCashAndCashEquivalents,현금및현금성자산의 순증감,119993955010,-122620299251,43,KRW
00266961,NAVER,2023,OFS,SCE,자본변동표,dart_EquityAtBeginningOfPeriod,기초자본,9849819813467,9332458651752,3,KRW
00266961,NAVER,2023,OFS,SCE,자본변동표,dart_EquityAtBeginningOfPeriod,기초자본,-1388661591817,-997204415003,3,KRW
00266961,NAVER,2023,OFS,SCE,자본변동표,dart_EquityAtBeginningOfPeriod,기초자본,10098890207847,9257464912758,3,KRW
00266961,NAVER,2023,OFS,SCE,자본변동표,dart_EquityAtBeginningOfPeriod,기초자본,16481339500,16481339500,3,KRW
00266961,NAVER,2023,OFS,SCE,자본변동표,dart_EquityAtBeginningOfPeriod,기초자본,1123109857937,1055716814497,3,KRW
00266961,NAVER,2023,OFS,SCE,자본변동표,dart_IncreaseDecreaseThroughBusinessCombinations,사업결합으로 인한 자본변동,2367987021,,4,KRW
00266961,NAVER,2023,OFS,SCE,자본변동표,dart_IncreaseDecreaseThroughBusinessCombinations,사업결합으로 인한 자본변동,2367987021,,4,KRW
00266961,NAVER,2023,OFS,SCE,자본변동표,dart_TransferOfAmountRecognisedInOtherComprehensiveIncomeAndAccumulatedInEquityRelatingToDisposalOfInvestmentsInEquityInstruments,기타포괄손익-공정가치 측정 지분상품 처분손익,1968598642,-45127813925,5,KRW
00266961,NAVER,2023,OFS,SCE,자본변동표,dart_TransferOfAmountRecognisedInOtherComprehensiveIncomeAndAccumulatedInEquityRelatingToDisposalOfInvestmentsInEquityInstruments,기타포괄손익-공정가치 측정 지분상품 처분손익,1968598642,-45127813925,5,KRW
00266961,NAVER,2023,OFS,SCE,자본변동표,dart_TreasuryShareTransactions,자기주식거래,,,6,KRW
00266961,NAVER,2023,OFS,SCE,자본변동표,dart_TreasuryShareTransactions,자기주식거래,,,6,KRW
00266961,NAVER,2023,OFS,SCE,자본변동표,dart_TreasuryShareTransactions,자기주식거래,,,6,KRW
00266961,NAVER,2023,OFS,SCE,자본변동표,ifrs-full_CancellationOfTreasuryShares,자기주식의 소각,118588088501,,7,KRW
00266961,NAVER,2023,OFS,SCE,자본변동표,ifrs-full_CancellationOfTreasuryShares,자기주식의 소각,-118588088501,,7,KRW
00266961,NAVER,2023,OFS,SCE,자본변동표,ifrs-full_DividendsPaid,현금배당,62397685220,213363927393,8,KRW
00266961,NAVER,2023,OFS,SCE,자본변동표,ifrs-full_DividendsPaid,현금배당,62397685220,213363927393,8,KRW
00266961,NAVER,2023,OFS,SCE,자본변동표,ifrs-full_Equity,자본총계,11450826041130,9849819813467,9,KRW
00266961,NAVER,2023,OFS,SCE,자본변동표,ifrs-full_Equity,자본총계,-1132456364024,-1388661591817,9,KRW
00266961,NAVER,2023,OFS,SCE,자본변동표,ifrs-full_Equity,자본총계,11379610436159,10098890207847,9,KRW
00266961,NAVER,2023,OFS,SCE,자본변동표,ifrs-full_Equity,자본총계,16481339500,16481339500,9,KRW
00266961,NAVER,2023,OFS,SCE,자본변동표,ifrs-full_Equity,자본총계,1187190629495,1123109857937,9,KRW
00266961,NAVER,2023,OFS,SCE,자본변동표,ifrs-full_IncreaseDecreaseThroughSharebasedPaymentTransactions,주식기준보상거래,172017338728,104794670494,10,KRW
00266961,NAVER,2023,OFS,SCE,자본변동표,ifrs-full_IncreaseDecreaseThroughSharebasedPaymentTransactions,주식기준보상거래,110304554191,37401627054,10,KRW
00266961,NAVER,2023,OFS,SCE,자본변동표,ifrs-full_IncreaseDecreaseThroughSharebasedPaymentTransactions,주식기준보상거래,61712784537,67393043440,10,KRW
00266961,NAVER,2023,OFS,SCE,자본변동표,ifrs-full_OtherComprehensiveIncomeNetOfTaxGainsLossesFromInvestmentsInEquityInstruments,기타포괄손익-공정가치 지분상품 평가손익,27312585101,-428858803868,12,KRW
00266961,NAVER,2023,OFS,SCE,자본변동표,ifrs-full_OtherComprehensiveIncomeNetOfTaxGainsLossesFromInvestmentsInEquityInstruments,기타포괄손익-공정가치 지분상품 평가손익,27312585101,-428858803868,12,KRW
00266961,NAVER,2023,OFS,SCE,자본변동표,ifrs-full_OtherComprehensiveIncomeNetOfTaxGainsLossesOnRemeasurementsOfDefinedBenefitPlans,순확정급여부채의 재측정요소,45424555459,7759428551,13,KRW
00266961,NAVER,2023,OFS,SCE,자본변동표,ifrs-full_OtherComprehensiveIncomeNetOfTaxGainsLossesOnRemeasurementsOfDefinedBenefitPlans,순확정급여부채의 재측정요소,45424555459,7759428551,13,KRW
00266961,NAVER,2023,OFS,SCE,자본변동표,ifrs-full_ProfitLoss,당기순이익,1414312847932,1092157607856,14,KRW
00266961,NAVER,2023,OFS,SCE,자본변동표,ifrs-full_ProfitLoss,당기순이익,1414312847932,1092157607856,14,KRW
00266961,NAVER,2024,CFS,BS,재무상태표,ifrs-full_Assets,자산총계,38167876036020,35737826964395,7,KRW
00266961,NAVER,2024,CFS,BS,재무상태표,ifrs-full_CurrentAssets,유동자산,9374912034828,7028076457880,8,KRW
00266961,NAVER,2024,CFS,BS,재무상태표,dart_CurrentFinancialAssetDesignationAsAtFairValueThroughProfitOrLoss,당기손익-공정가치 측정 금융자산,412653427012,697743584418,9,KRW
00266961,NAVER,2024,CFS,BS,재무상태표,ifrs-full_CashAndCashEquivalents,현금및현금성자산,4195524637851,3576456533329,10,KRW
00266961,NAVER,2024,CFS,BS,재무상태표,ifrs-full_CurrentTaxAssets,당기법인세자산,15246426142,16471207827,11,KRW
00266961,NAVER,2024,CFS,BS,재무상태표,ifrs-full_Inventories,재고자산,21743796031,14811319796,12,KRW
00266961,NAVER,2024,CFS,BS,재무상태표,ifrs-full_NoncurrentAssetsOrDisposalGroupsClassifiedAsHeldForSaleOrAsHeldForDistributionToOwners,매각예정비유동자산,0,8802368097,13,KRW
00266961,NAVER,2024,CFS,BS,재무상태표,ifrs-full_OtherCurrentAssets,기타유동자산,214754613981,181397740106,14,KRW
00266961,NAVER,2024,CFS,BS,재무상태표,ifrs-full_ShorttermDepositsNotClassifiedAsCashEquivalents,단기금융상품,2859768247306,808248060681,15,KRW
00266961,NAVER,2024,CFS,BS,재무상태표,ifrs-full_TradeAndOtherCurrentReceivables,매출채권및기타채권,1655220886505,1724145643626,16,KRW
00266961,NAVER,2024,CFS,BS,재무상태표,ifrs-full_NoncurrentAssets,비유동자산,28792964001192,28709750506515,17,KRW
00266961,NAVER,2024,CFS,BS,재무상태표,dart_LongTermDepositsNotClassifiedAsCashEquivalents,장기금융상품,71155872000,13755872000,18,KRW
00266961,NAVER,2024,CFS,BS,재무상태표,dart_NonCurrentFairValueFinancialAsset,당기손익-공정가치 측정 금융자산,2124997152940,2227335975392,19,KRW
00266961,NAVER,2024,CFS,BS,재무상태표,ifrs-full_DeferredTaxAssets,이연법인세자산,473629416181,381436175332,20,KRW
00266961,NAVER,2024,CFS,BS,재무상태표,ifrs-full_IntangibleAssetsAndGoodwill,무형자산,3657186453124,3445599901744,21,KRW
00266961,NAVER,2024,CFS,BS,재무상태표,ifrs-full_InvestmentAccountedForUsingEquityMethod,관계기업 및 공동기업 투자,17406149463680,17588864100100,22,KRW
00266961,NAVER,2024,CFS,BS,재무상태표,ifrs-full_InvestmentProperty,투자부동산,97070332897,53430246000,23,KRW
00266961,NAVER,2024,CFS,BS,재무상태표,ifrs-full_NoncurrentFinancialAssetsMeasuredAtFairValueThroughOtherComprehensiveIncome,기타포괄손익-공정가치 측정 금융자산,1218556164988,1378247811941,24,KRW
00266961,NAVER,2024,CFS,BS,재무상태표,ifrs-full_NoncurrentReceivables,매출채권및기타채권,452109661559,97199883555,25,KRW
00266961,NAVER,2024,CFS,BS,재무상태표,ifrs-full_OtherNoncurrentAssets,기타비유동자산,64979255449,90426504601,26,KRW
00266961,NAVER,2024,CFS,BS,재무상태표,ifrs-full_PropertyPlantAndEquipment,유형자산,2909592132861,2741621328149,27,KRW
00266961,NAVER,2024,CFS,BS,재무상태표,ifrs-full_RightofuseAssets,사용권자산,317538095513,691832707701,28,KRW
00266961,NAVER,2024,CFS,BS,재무상태표,ifrs-full_Equity,자본총계,27000911848337,24237998815553,30,KRW
00266961,NAVER,2024,CFS,BS,재무상태표,ifrs-full_EquityAttributableToOwnersOfParent,지배기업의 소유주에게 귀속되는 자본,25459903574291,23206042240996,31,KRW
00266961,NAVER,2024,CFS,BS,재무상태표,dart_CapitalSurplus,자본잉여금,1422685316697,1242632248504,32,KRW
00266961,NAVER,2024,CFS,BS,재무상태표,dart_ElementsOfOtherStockholdersEquity,기타자본구성요소,-1944224642757,-2597430397696,33,KRW
00266961,NAVER,2024,CFS,BS,재무상태표,ifrs-full_IssuedCapital,자본금,16481339500,16481339500,34,KRW
00266961,NAVER,2024,CFS,BS,재무상태표,ifrs-full_RetainedEarnings,이익잉여금,25964961560851,24544359050688,35,KRW
00266961,NAVER,2024,CFS,BS,재무상태표,ifrs-full_NoncontrollingInterests,비지배지분,1541008274046,1031956574557,36,KRW
00266961,NAVER,2024,CFS,BS,재무상태표,ifrs-full_EquityAndLiabilities,자본및부채총계,38167876036020,35737826964395,37,KRW
00266961,NAVER,2024,CFS,BS,재무상태표,ifrs-full_CurrentLiabilities,유동부채,6092160669672,6305568632198,39,KRW
00266961,NAVER,2024,CFS,BS,재무상태표,dart_CurrentFinancialLiabilitiesDesignationAsAtFairValueThroughProfitOrLoss,당기손익-공정가치 측정 금융부채,561037204645,454823038561,40,KRW
00266961,NAVER,2024,CFS,BS,재무상태표,-표준계정코드 미사용-,유동성장기차입금,200000000000,192923826668,41,KRW
00266961,NAVER,2024,CFS,BS,재무상태표,ifrs-full_CurrentBondsIssuedAndCurrentPortionOfNoncurrentBondsIssued,유동성사채,0,249962199849,42,KRW
00266961,NAVER,2024,CFS,BS,재무상태표,ifrs-full_CurrentLeaseLiabilities,리스부채,208497038211,234727100710,43,KRW
00266961,NAVER,2024,CFS,BS,재무상태표,ifrs-full_CurrentProvisions,충당부채,4186275528,6128374012,44,KRW
00266961,NAVER,2024,CFS,BS,재무상태표,ifrs-full_CurrentTaxLiabilities,당기법인세부채,377616038486,334267425429,45,KRW
00266961,NAVER,2024,CFS,BS,재무상태표,ifrs-full_OtherCurrentLiabilities,기타유동부채,3046601701872,2661507460097,46,KRW
00266961,NAVER,2024,CFS,BS,재무상태표,ifrs-full_ShorttermBorrowings,단기차입금,135389909719,333041315118,47,KRW
00266961,NAVER,2024,CFS,BS,재무상태표,ifrs-full_TradeAndOtherCurrentPayables,매입채무및기타채무,1558832501211,1838187891754,48,KRW
00266961,NAVER,2024,CFS,BS,재무상태표,ifrs-full_Liabilities,부채총계,11166964187683,11499828148842,49,KRW
00266961,NAVER,2024,CFS,BS,재무상태표,ifrs-full_NoncurrentLiabilities,비유동부채,5074803518011,5194259516644,50,KRW
00266961,NAVER,2024,CFS,BS,재무상태표,dart_LongTermTradeAndOtherNonCurrentPayables,매입채무및기타채무,91281385940,102531973265,51,KRW
00266961,NAVER,2024,CFS,BS,재무상태표,ifrs-full_DeferredTaxLiabilities,이연법인세부채,927727840271,1051478119905,52,KRW
00266961,NAVER,2024,CFS,BS,재무상태표,ifrs-full_NoncurrentFinancialLiabilitiesAtFairValueThroughProfitOrLoss,당기손익-공정가치 측정 금융부채,15392012800,249253989426,53,KRW
00266961,NAVER,2024,CFS,BS,재무상태표,ifrs-full_NoncurrentLeaseLiabilities,리스부채,387635118602,518909669133,54,KRW
00266961,NAVER,2024,CFS,BS,재무상태표,ifrs-full_NoncurrentPortionOfNoncurrentBondsIssued,사채,2007288715797,1655718953449,55,KRW
00266961,NAVER,2024,CFS,BS,재무상태표,ifrs-full_NoncurrentPortionOfNoncurrentLoansReceived,장기차입금,863059968000,993600442662,56,KRW
00266961,NAVER,2024,CFS,BS,재무상태표,ifrs-full_NoncurrentProvisions,충당부채,19283443136,14704327970,57,KRW
00266961,NAVER,2024,CFS,BS,재무상태표,ifrs-full_NoncurrentRecognisedLiabilitiesDefinedBenefitPlan,순확정급여부채,762686537059,607892193638,58,KRW
00266961,NAVER,2024,CFS,BS,재무상태표,ifrs-full_OtherNoncurrentLiabilities,기타비유동부채,448496406,169847196,59,KRW
00266961,NAVER,2024,CFS,CIS,포괄손익계산서,dart_OperatingIncomeLoss,영업이익,1979263438827,1488820269608,6,KRW
00266961,NAVER,2024,CFS,CIS,포괄손익계산서,dart_OtherGains,기타수익,732532606257,206488339818,7,KRW
00266961,NAVER,2024,CFS,CIS,포괄손익계산서,dart_OtherLosses,기타비용,588474705472,401005659917,8,KRW
00266961,NAVER,2024,CFS,CIS,포괄손익계산서,dart_ProfitsOfAssociatesAndJointVenturesAccountedForUsingEquityMethod,지분법손익,144521227866,266544560781,9,KRW
00266961,NAVER,2024,CFS,CIS,포괄손익계산서,ifrs-full_ComprehensiveIncome,총포괄손익,2630663507211,724369243688,10,KRW
00266961,NAVER,2024,CFS,CIS,포괄손익계산서,ifrs-full_ComprehensiveIncomeAttributableToNoncontrollingInterests,비지배지분,69500917131,-24461947801,12,KRW
00266961,NAVER,2024,CFS,CIS,포괄손익계산서,ifrs-full_ComprehensiveIncomeAttributableToOwnersOfParent,지배기업 소유주지분,2561162590080,748831191489,13,KRW
00266961,NAVER,2024,CFS,CIS,포괄손익계산서,ifrs-full_BasicEarningsLossPerShare,기본주당순이익,12702,6661,15,KRW
00266961,NAVER,2024,CFS,CIS,포괄손익계산서,ifrs-full_DilutedEarningsLossPerShare,희석주당순이익,12553,6576,16,KRW
00266961,NAVER,2024,CFS,CIS,포괄손익계산서,ifrs-full_FinanceCosts,금융비용,578866062461,682767513153,17,KRW
00266961,NAVER,2024,CFS,CIS,포괄손익계산서,ifrs-full_FinanceIncome,금융수익,459652759343,502205185394,18,KRW
00266961,NAVER,2024,CFS,CIS,포괄손익계산서,ifrs-full_IncomeTaxExpenseContinuingOperations,법인세비용,390208118495,496378555058,19,KRW
00266961,NAVER,2024,CFS,CIS,포괄손익계산서,ifrs-full_OperatingExpense,영업비용,8758455825820,8181823306977,20,KRW
00266961,NAVER,2024,CFS,CIS,포괄손익계산서,ifrs-full_OtherComprehensiveIncome,기타포괄손익,698687134258,-260648518805,21,KRW
00266961,NAVER,2024,CFS,CIS,포괄손익계산서,ifrs-full_OtherComprehensiveIncomeThatWillBeReclassifiedToProfitOrLossNetOfTax,후속적으로 당기손익으로 재분류되는 항목,867742542665,-393810457545,22,KRW
00266961,NAVER,2024,CFS,CIS,포괄손익계산서,ifrs-full_GainsLossesOnExchangeDifferencesOnTranslationNetOfTax,해외사업환산손익,426508289750,151777835412,23,KRW
00266961,NAVER,2024,CFS,CIS,포괄손익계산서,ifrs-full_ShareOfOtherComprehensiveIncomeOfAssociatesAndJointVenturesAccountedForUsingEquityMethodThatWillBeReclassifiedToProfitOrLossNetOfTax,지분법자본변동,-441234252915,545588292957,24,KRW
00266961,NAVER,2024,CFS,CIS,포괄손익계산서,ifrs-full_OtherComprehensiveIncomeThatWillNotBeReclassifiedToProfitOrLossNetOfTax,후속적으로 당기손익으로 재분류되지 않는 항목,-169055408407,133161938740,25,KRW
00266961,NAVER,2024,CFS,CIS,포괄손익계산서,dart_OtherComprehensiveIncomeNetOfTaxChangeInFairValueOfInvestmentsInEquityInstruments,기타포괄손익-공정가치 측정 지분상품 평가손익,-93907386774,31535428016,26,KRW
00266961,NAVER,2024,CFS,CIS,포괄손익계산서,dart_OtherComprehensiveIncomeNetOfTaxDisposalOfInvestmentsInEquityInstruments,기타포괄손익-공정가치 측정 지분상품 처분손익,-8084970953,4928744939,27,KRW
00266961,NAVER,2024,CFS,CIS,포괄손익계산서,ifrs-full_OtherComprehensiveIncomeNetOfTaxGainsLossesOnRemeasurementsOfDefinedBenefitPlans,순확정급여부채의 재측정요소,-41190080973,66838639983,28,KRW
00266961,NAVER,2024,CFS,CIS,포괄손익계산서,ifrs-full_OtherComprehensiveIncomeNetOfTaxGainsLossesOnRevaluation,재평가손익,21389128638,0,29,KRW
00266961,NAVER,2024,CFS,CIS,포괄손익계산서,ifrs-full_ShareOfOtherComprehensiveIncomeOfAssociatesAndJointVenturesAccountedForUsingEquityMethodThatWillNotBeReclassifiedToProfitOrLossNetOfTax,지분법자본변동,-47262098345,29859125802,30,KRW
00266961,NAVER,2024,CFS,CIS,포괄손익계산서,ifrs-full_ProfitLoss,당기순이익,1931976372953,985017762493,31,KRW
00266961,NAVER,2024,CFS,CIS,포괄손익계산서,ifrs-full_ProfitLossAttributableToNoncontrollingInterests,비지배지분,8739115938,-27303765131,33,KRW
00266961,NAVER,2024,CFS,CIS,포괄손익계산서,ifrs-full_ProfitLossAttributableToOwnersOfParent,지배기업 소유주지분,1923237257015,1012321527624,34,KRW
00266961,NAVER,2024,CFS,CIS,포괄손익계산서,ifrs-full_ProfitLossBeforeTax,법인세비용차감전순이익,2322184491448,1481396317551,35,KRW
00266961,NAVER,2024,CFS,CIS,포괄손익계산서,ifrs-full_Revenue,영업수익,10737719264647,9670643576585,36,KRW
00266961,NAVER,2024,CFS,CIS,포괄손익계산서,ifrs-full_RevenueFromInterest,이자수익,173555227088,101111135020,37,KRW
00266961,NAVER,2024,CFS,CF,현금흐름표,dart_CashAndCashEquivalentsAtBeginningOfPeriodCf,기초현금및현금성자산,3576456533329,2724168321708,2,KRW
00266961,NAVER,2024,CFS,CF,현금흐름표,dart_CashAndCashEquivalentsAtEndOfPeriodCf,기말현금및현금성자산,4195524637851,3576456533329,3,KRW
00266961,NAVER,2024,CFS,CF,현금흐름표,ifrs-full_CashFlowsFromUsedInFinancingActivities,재무활동현금흐름,-770292464617,-110032028405,8,KRW
00266961,NAVER,2024,CFS,CF,현금흐름표,dart_AcquisitionOfTreasuryShares,자기주식의 취득,405122711100,0,9,KRW
00266961,NAVER,2024,CFS,CF,현금흐름표,dart_AdjustmentsForDecreaseInFinancialLiabilitiesDesignatedAtFairValueThroughProfitOrLossClassifiedAsFinancingActivities,당기손익-공정가치 측정 금융부채의 감소,990430000,0,10,KRW
00266961,NAVER,2024,CFS,CF,현금흐름표,dart_AdjustmentsForIncreaseInFinancialLiabilitiesDesignatedAtFairValueThroughProfitOrLossClassifiedAsFinancingActivities,당기손익-공정가치 측정 금융부채의 증가,19199160694,100598886266,11,KRW
00266961,NAVER,2024,CFS,CF,현금흐름표,dart_PaymentForConsolidatedCapitalTransactions,비지배지분과의 거래로 인한 현금유출,97486350308,237051042,12,KRW
00266961,NAVER,2024,CFS,CF,현금흐름표,dart_PaymentsOfFinanceLeaseLiabilitiesClassifiedAsFinancingActivities,리스부채의 상환,227133187845,204064693090,13,KRW
00266961,NAVER,2024,CFS,CF,현금흐름표,dart_ProceedsFromBonds,사채의 발행,199320560000,176512823880,14,KRW
00266961,NAVER,2024,CFS,CF,현금흐름표,dart_ProceedsFromConsolidatedCapitalTransactions,비지배지분과의 거래로 인한 현금유입,840940983,6415123730,15,KRW
00266961,NAVER,2024,CFS,CF,현금흐름표,dart_ProceedsFromExerciseOfShareOptions,주식기준보상관련 현금유입,11738394388,28003591900,16,KRW
00266961,NAVER,2024,CFS,CF,현금흐름표,dart_ProceedsFromLongTermBorrowings,비유동차입금의 차입,185000000000,835080704000,17,KRW
00266961,NAVER,2024,CFS,CF,현금흐름표,dart_ProceedsFromShortTermBorrowings,유동차입금의 차입,69282376150,905385000000,18,KRW
00266961,NAVER,2024,CFS,CF,현금흐름표,dart_RepaymentsOfBonds,사채의 상환,250000000000,0,19,KRW
00266961,NAVER,2024,CFS,CF,현금흐름표,dart_RepaymentsOfLongTermBorrowings,비유동차입금의 상환,79902083295,616872943838,20,KRW
00266961,NAVER,2024,CFS,CF,현금흐름표,dart_RepaymentsOfShortTermBorrowings,유동차입금의 상환,532636959383,1276242190115,21,KRW
00266961,NAVER,2024,CFS,CF,현금흐름표,-표준계정코드 미사용-,기타재무활동으로 인한 현금유입액,34441440768,586740373,22,KRW
00266961,NAVER,2024,CFS,CF,현금흐름표,-표준계정코드 미사용-,기타재무활동으로 인한 현금유출액,3089194969,2800335249,23,KRW
00266961,NAVER,2024,CFS,CF,현금흐름표,-표준계정코드 미사용-,종속회사 유상증자,425230435480,0,24,KRW
00266961,NAVER,2024,CFS,CF,현금흐름표,ifrs-full_DividendsPaidClassifiedAsFinancingActivities,배당금 지급,118984856180,62397685220,25,KRW
00266961,NAVER,2024,CFS,CF,현금흐름표,ifrs-full_CashFlowsFromUsedInInvestingActivities,투자활동현금흐름,-1340024321675,-949822085262,26,KRW
00266961,NAVER,2024,CFS,CF,현금흐름표,dart_ProceedsFromSalesOfFairValueFinancialAsset,당기손익-공정가치 측정 금융자산의 처분,2420636531989,2718635244975,27,KRW
00266961,NAVER,2024,CFS,CF,현금흐름표,dart_ProceedsFromSalesOfFinancialAssetsAtFairValueThroughOtherComprehensiveIncome,기타포괄손익-공정가치 측정 금융자산의 처분,3391793711,75852751999,28,KRW
00266961,NAVER,2024,CFS,CF,현금흐름표,dart_ProceedsFromSalesOfInvestmentsInSubsidiariesJointVenturesAndAssociates,관계기업및공동기업투자주식의 처분,964031680627,604752359248,29,KRW
00266961,NAVER,2024,CFS,CF,현금흐름표,dart_ProceedsFromSalesOfLongTermFinancialInstruments,장기금융상품의 감소,0,500000000,30,KRW
00266961,NAVER,2024,CFS,CF,현금흐름표,dart_ProceedsFromSalesOfLongTermLoansAndReceivables,장기대여금의 감소,399685200,205778560,31,KRW
00266961,NAVER,2024,CFS,CF,현금흐름표,dart_ProceedsFromSalesOfShortTermFinancialInstruments,단기금융상품의 감소,3751640407572,3583232926687,32,KRW
00266961,NAVER,2024,CFS,CF,현금흐름표,dart_ProceedsFromSalesOfShortTermLoansAndReceivables,단기대여금의 감소,641633700,5719159671,33,KRW
00266961,NAVER,2024,CFS,CF,현금흐름표,dart_PurchaseOfFairValueFinancialAsset,당기손익-공정가치 측정 금융자산의 취득,2035886207130,2693963338618,34,KRW
00266961,NAVER,2024,CFS,CF,현금흐름표,dart_PurchaseOfFinancialAssetsAtFairValueThroughOtherComprehensiveIncome,기타포괄손익-공정가치 측정 금융자산의 취득,1019700000,32121513088,35,KRW
00266961,NAVER,2024,CFS,CF,현금흐름표,dart_PurchaseOfInvestmentsInSubsidiariesJointVenturesAndAssociates,관계기업및공동기업투자주식의 취득,70991883087,70943419463,36,KRW
00266961,NAVER,2024,CFS,CF,현금흐름표,dart_PurchaseOfLongTermFinancialInstruments,장기금융상품의 증가,53200000000,0,37,KRW
00266961,NAVER,2024,CFS,CF,현금흐름표,dart_PurchaseOfLongTermLoansAndReceivables,장기대여금의 증가,1170000000,0,38,KRW
00266961,NAVER,2024,CFS,CF,현금흐름표,dart_PurchaseOfShortTermFinancialInstruments,단기금융상품의 증가,5817193562732,3173245644270,39,KRW
00266961,NAVER,2024,CFS,CF,현금흐름표,dart_PurchaseOfShortTermLoansAndReceivables,단기대여금의 증가,140000000,2450660440,40,KRW
00266961,NAVER,2024,CFS,CF,현금흐름표,-표준계정코드 미사용-,기타투자활동으로 인한 현금유출액,2950298871,9552645210,41,KRW
00266961,NAVER,2024,CFS,CF,현금흐름표,-표준계정코드 미사용-,리스채권의 회수,10595216673,6274783190,42,KRW
00266961,NAVER,2024,CFS,CF,현금흐름표,-표준계정코드 미사용-,당기손익-공정가치 측정 금융부채의 감소,0,0,43,KRW
00266961,NAVER,2024,CFS,CF,현금흐름표,ifrs-full_CashFlowsFromLosingControlOfSubsidiariesOrOtherBusinessesClassifiedAsInvestingActivities,종속기업의 처분,-80488783294,1059104535,44,KRW
00266961,NAVER,2024,CFS,CF,현금흐름표,ifrs-full_CashFlowsUsedInObtainingControlOfSubsidiariesOrOtherBusinessesClassifiedAsInvestingActivities,사업결합으로 인한 현금의 순증감,49636133077,1283975361775,45,KRW
00266961,NAVER,2024,CFS,CF,현금흐름표,ifrs-full_OtherInflowsOutflowsOfCashClassifiedAsInvestingActivities,기타투자활동으로 인한 현금유입액,6232579958,6627131842,46,KRW
00266961,NAVER,2024,CFS,CF,현금흐름표,ifrs-full_ProceedsFromSalesOfIntangibleAssetsClassifiedAsInvestingActivities,무형자산의 처분,2120720143,633805661,47,KRW
00266961,NAVER,2024,CFS,CF,현금흐름표,ifrs-full_ProceedsFromSalesOfPropertyPlantAndEquipmentClassifiedAsInvestingActivities,유형자산의 처분,32089663389,7316798534,48,KRW
00266961,NAVER,2024,CFS,CF,현금흐름표,ifrs-full_PurchaseOfIntangibleAssetsClassifiedAsInvestingActivities,무형자산의 취득,26108078025,51637440980,49,KRW
00266961,NAVER,2024,CFS,CF,현금흐름표,ifrs-full_PurchaseOfPropertyPlantAndEquipmentClassifiedAsInvestingActivities,유형자산의 취득,553997155009,640623697250,50,KRW
00266961,NAVER,2024,CFS,CF,현금흐름표,ifrs-full_CashFlowsFromUsedInOperatingActivities,영업활동현금흐름,2589874337746,2002233273518,51,KRW
00266961,NAVER,2024,CFS,CF,현금흐름표,ifrs-full_CashFlowsFromUsedInOperations,영업에서 창출된 현금흐름,3087220047400,2672160565366,52,KRW
00266961,NAVER,2024,CFS,CF,현금흐름표,ifrs-full_DividendsReceivedClassifiedAsOperatingActivities,배당금의 수취,55060773144,43721525837,53,KRW
00266961,NAVER,2024,CFS,CF,현금흐름표,ifrs-full_IncomeTaxesPaidRefundClassifiedAsOperatingActivities,법인세의 납부,607582633757,682442625864,54,KRW
00266961,NAVER,2024,CFS,CF,현금흐름표,ifrs-full_InterestPaidClassifiedAsOperatingActivities,이자의 지급,96195600801,129405367641,55,KRW
00266961,NAVER,2024,CFS,CF,현금흐름표,ifrs-full_InterestReceivedClassifiedAsOperatingActivities,이자의 수입,151371751760,98199175820,56,KRW
00266961,NAVER,2024,CFS,CF,현금흐름표,ifrs-full_EffectOfExchangeRateChangesOnCashAndCashEquivalents,현금및현금성자산의 환율변둉효과,139510553068,-90090948230,57,KRW
00266961,NAVER,2024,CFS,CF,현금흐름표,ifrs-full_IncreaseDecreaseInCashAndCashEquivalentsBeforeEffectOfExchangeRateChanges,현금및현금성자산의 순증감,619068104522,852288211621,58,KRW
00266961,NAVER,2024,CFS,SCE,자본변동표,dart_EquityAtBeginningOfPeriod,기초자본,-2597430397696,-2474526129371,3,KRW
00266961,NAVER,2024,CFS,SCE,자본변동표,dart_EquityAtBeginningOfPeriod,기초자본,23206042240996,22744095607040,3,KRW
00266961,NAVER,2024,CFS,SCE,자본변동표,dart_EquityAtBeginningOfPeriod,기초자본,1031956574557,706226873411,3,KRW
00266961,NAVER,2024,CFS,SCE,자본변동표,dart_EquityAtBeginningOfPeriod,기초자본,24237998815553,23450322480451,3,KRW
00266961,NAVER,2024,CFS,SCE,자본변동표,dart_EquityAtBeginningOfPeriod,기초자본,24544359050688,23645687007296,3,KRW
00266961,NAVER,2024,CFS,SCE,자본변동표,dart_EquityAtBeginningOfPeriod,기초자본,16481339500,16481339500,3,KRW
00266961,NAVER,2024,CFS,SCE,자본변동표,dart_EquityAtBeginningOfPeriod,기초자본,1242632248504,1556453389615,3,KRW
00266961,NAVER,2024,CFS,SCE,자본변동표,dart_OtherComprehensiveIncomeNetOfTaxDisposalOfInvestmentsInEquityInstruments,기타포괄손익-공정가치 측정 지분상품 처분손익,-8084970953,4928744939,4,KRW
00266961,NAVER,2024,CFS,SCE,자본변동표,dart_OtherComprehensiveIncomeNetOfTaxDisposalOfInvestmentsInEquityInstruments,기타포괄손익-공정가치 측정 지분상품 처분손익,215239282,,4,KRW
00266961,NAVER,2024,CFS,SCE,자본변동표,dart_OtherComprehensiveIncomeNetOfTaxDisposalOfInvestmentsInEquityInstruments,기타포괄손익-공정가치 측정 지분상품 처분손익,-8300210235,4928744939,4,KRW
00266961,NAVER,2024,CFS,SCE,자본변동표,dart_OtherComprehensiveIncomeNetOfTaxDisposalOfInvestmentsInEquityInstruments,기타포괄손익-공정가치 측정 지분상품 처분손익,-8300210235,4928744939,4,KRW
00266961,NAVER,2024,CFS,SCE,자본변동표,dart_TreasuryShareTransactions,자기주식취득,-405122711100,,5,KRW
00266961,NAVER,2024,CFS,SCE,자본변동표,dart_TreasuryShareTransactions,자기주식취득,-405122711100,,5,KRW
00266961,NAVER,2024,CFS,SCE,자본변동표,dart_TreasuryShareTransactions,자기주식취득,-405122711100,,5,KRW
00266961,NAVER,2024,CFS,SCE,자본변동표,-표준계정코드 미사용-,비지배지분과의 거래 및 연결범위변동,477562189322,-92436638475,6,KRW
00266961,NAVER,2024,CFS,SCE,자본변동표,-표준계정코드 미사용-,비지배지분과의 거래 및 연결범위변동,363817386909,307669331109,6,KRW
00266961,NAVER,2024,CFS,SCE,자본변동표,-표준계정코드 미사용-,비지배지분과의 거래 및 연결범위변동,113744802413,-400105969584,6,KRW
00266961,NAVER,2024,CFS,SCE,자본변동표,-표준계정코드 미사용-,비지배지분과의 거래 및 연결범위변동,-3506128359,-24572043936,6,KRW
00266961,NAVER,2024,CFS,SCE,자본변동표,-표준계정코드 미사용-,비지배지분과의 거래 및 연결범위변동,117250930772,-375533925648,6,KRW
00266961,NAVER,2024,CFS,SCE,자본변동표,ifrs-full_CancellationOfTreasuryShares,자기주식 소각,0,0,7,KRW
00266961,NAVER,2024,CFS,SCE,자본변동표,ifrs-full_CancellationOfTreasuryShares,자기주식 소각,-333599401646,-118588088501,7,KRW
00266961,NAVER,2024,CFS,SCE,자본변동표,ifrs-full_CancellationOfTreasuryShares,자기주식 소각,333599401646,118588088501,7,KRW
00266961,NAVER,2024,CFS,SCE,자본변동표,ifrs-full_CancellationOfTreasuryShares,자기주식 소각,0,0,7,KRW
00266961,NAVER,2024,CFS,SCE,자본변동표,ifrs-full_DividendsPaid,현금배당,118984856180,62397685220,8,KRW
00266961,NAVER,2024,CFS,SCE,자본변동표,ifrs-full_DividendsPaid,현금배당,118984856180,62397685220,8,KRW
00266961,NAVER,2024,CFS,SCE,자본변동표,ifrs-full_DividendsPaid,현금배당,118984856180,62397685220,8,KRW
00266961,NAVER,2024,CFS,SCE,자본변동표,ifrs-full_Equity,자본총계,-1944224642757,-2597430397696,9,KRW
00266961,NAVER,2024,CFS,SCE,자본변동표,ifrs-full_Equity,자본총계,25459903574291,23206042240996,9,KRW
00266961,NAVER,2024,CFS,SCE,자본변동표,ifrs-full_Equity,자본총계,1541008274046,1031956574557,9,KRW
00266961,NAVER,2024,CFS,SCE,자본변동표,ifrs-full_Equity,자본총계,27000911848337,24237998815553,9,KRW
00266961,NAVER,2024,CFS,SCE,자본변동표,ifrs-full_Equity,자본총계,25964961560851,24544359050688,9,KRW
00266961,NAVER,2024,CFS,SCE,자본변동표,ifrs-full_Equity,자본총계,1422685316697,1242632248504,9,KRW
00266961,NAVER,2024,CFS,SCE,자본변동표,ifrs-full_Equity,자본총계,16481339500,16481339500,9,KRW
00266961,NAVER,2024,CFS,SCE,자본변동표,ifrs-full_GainsLossesOnExchangeDifferencesOnTranslationNetOfTax,해외사업환산손익,60768105559,-1614994997,10,KRW
00266961,NAVER,2024,CFS,SCE,자본변동표,ifrs-full_GainsLossesOnExchangeDifferencesOnTranslationNetOfTax,해외사업환산손익,426508289750,151777835412,10,KRW
00266961,NAVER,2024,CFS,SCE,자본변동표,ifrs-full_GainsLossesOnExchangeDifferencesOnTranslationNetOfTax,해외사업환산손익,365740184191,153392830409,10,KRW
00266961,NAVER,2024,CFS,SCE,자본변동표,ifrs-full_GainsLossesOnExchangeDifferencesOnTranslationNetOfTax,해외사업환산손익,365740184191,153392830409,10,KRW
00266961,NAVER,2024,CFS,SCE,자본변동표,ifrs-full_IncreaseDecreaseThroughSharebasedPaymentTransactions,주식기준보상거래,75733395449,42522317838,11,KRW
00266961,NAVER,2024,CFS,SCE,자본변동표,ifrs-full_IncreaseDecreaseThroughSharebasedPaymentTransactions,주식기준보상거래,178794903531,218141415109,11,KRW
00266961,NAVER,2024,CFS,SCE,자본변동표,ifrs-full_IncreaseDecreaseThroughSharebasedPaymentTransactions,주식기준보상거래,103061508082,175619097271,11,KRW
00266961,NAVER,2024,CFS,SCE,자본변동표,ifrs-full_IncreaseDecreaseThroughSharebasedPaymentTransactions,주식기준보상거래,62802137421,61712784537,11,KRW
00266961,NAVER,2024,CFS,SCE,자본변동표,ifrs-full_IncreaseDecreaseThroughSharebasedPaymentTransactions,주식기준보상거래,40259370661,113906312734,11,KRW
00266961,NAVER,2024,CFS,SCE,자본변동표,ifrs-full_OtherComprehensiveIncomeNetOfTaxGainsLossesFromInvestmentsInEquityInstruments,기타포괄손익-공정가치 지분상품 평가손익,-93907386774,31535428016,12,KRW
00266961,NAVER,2024,CFS,SCE,자본변동표,ifrs-full_OtherComprehensiveIncomeNetOfTaxGainsLossesFromInvestmentsInEquityInstruments,기타포괄손익-공정가치 지분상품 평가손익,-92496324409,30594156033,12,KRW
00266961,NAVER,2024,CFS,SCE,자본변동표,ifrs-full_OtherComprehensiveIncomeNetOfTaxGainsLossesFromInvestmentsInEquityInstruments,기타포괄손익-공정가치 지분상품 평가손익,-1411062365,941271983,12,KRW
00266961,NAVER,2024,CFS,SCE,자본변동표,ifrs-full_OtherComprehensiveIncomeNetOfTaxGainsLossesFromInvestmentsInEquityInstruments,기타포괄손익-공정가치 지분상품 평가손익,-92496324409,30594156033,12,KRW
00266961,NAVER,2024,CFS,SCE,자본변동표,ifrs-full_OtherComprehensiveIncomeNetOfTaxGainsLossesOnRemeasurementsOfDefinedBenefitPlans,순확정급여부채의 재측정요소,-41190080973,66838639983,13,KRW
00266961,NAVER,2024,CFS,SCE,자본변동표,ifrs-full_OtherComprehensiveIncomeNetOfTaxGainsLossesOnRemeasurementsOfDefinedBenefitPlans,순확정급여부채의 재측정요소,-41750278791,62407544550,13,KRW
00266961,NAVER,2024,CFS,SCE,자본변동표,ifrs-full_OtherComprehensiveIncomeNetOfTaxGainsLossesOnRemeasurementsOfDefinedBenefitPlans,순확정급여부채의 재측정요소,-41750278791,62407544550,13,KRW
00266961,NAVER,2024,CFS,SCE,자본변동표,ifrs-full_OtherComprehensiveIncomeNetOfTaxGainsLossesOnRemeasurementsOfDefinedBenefitPlans,순확정급여부채의 재측정요소,560197818,4431095433,13,KRW
00266961,NAVER,2024,CFS,SCE,자본변동표,ifrs-full_OtherComprehensiveIncomeNetOfTaxGainsLossesOnRevaluation,재평가손익,21389128638,,14,KRW
00266961,NAVER,2024,CFS,SCE,자본변동표,ifrs-full_OtherComprehensiveIncomeNetOfTaxGainsLossesOnRevaluation,재평가손익,21389128638,0,14,KRW
00266961,NAVER,2024,CFS,SCE,자본변동표,ifrs-full_OtherComprehensiveIncomeNetOfTaxGainsLossesOnRevaluation,재평가손익,21389128638,,14,KRW
00266961,NAVER,2024,CFS,SCE,자본변동표,ifrs-full_ProfitLoss,당기순이익,8739115938,-27303765131,15,KRW
00266961,NAVER,2024,CFS,SCE,자본변동표,ifrs-full_ProfitLoss,당기순이익,1931976372953,985017762493,15,KRW
00266961,NAVER,2024,CFS,SCE,자본변동표,ifrs-full_ProfitLoss,당기순이익,1923237257015,1012321527624,15,KRW
00266961,NAVER,2024,CFS,SCE,자본변동표,ifrs-full_ProfitLoss,당기순이익,1923237257015,1012321527624,15,KRW
00266961,NAVER,2024,CFS,SCE,자본변동표,ifrs-full_ShareOfOtherComprehensiveIncomeOfAssociatesAndJointVenturesAccountedForUsingEquityMethod,지분법자본변동,629320899,-915555089,16,KRW
00266961,NAVER,2024,CFS,SCE,자본변동표,ifrs-full_ShareOfOtherComprehensiveIncomeOfAssociatesAndJointVenturesAccountedForUsingEquityMethod,지분법자본변동,393342833671,-514813612066,16,KRW
00266961,NAVER,2024,CFS,SCE,자본변동표,ifrs-full_ShareOfOtherComprehensiveIncomeOfAssociatesAndJointVenturesAccountedForUsingEquityMethod,지분법자본변동,393972154570,-515729167155,16,KRW
00266961,NAVER,2024,CFS,SCE,자본변동표,ifrs-full_ShareOfOtherComprehensiveIncomeOfAssociatesAndJointVenturesAccountedForUsingEquityMethod,지분법자본변동,393342833671,-514813612066,16,KRW
00266961,NAVER,2024,OFS,BS,재무상태표,ifrs-full_Assets,자산총계,17597111016833,15479991448695,7,KRW
00266961,NAVER,2024,OFS,BS,재무상태표,ifrs-full_CurrentAssets,유동자산,3777662815776,1760970079780,8,KRW
00266961,NAVER,2024,OFS,BS,재무상태표,ifrs-full_CashAndCashEquivalents,현금및현금성자산,886721942097,961792099745,9,KRW
00266961,NAVER,2024,OFS,BS,재무상태표,ifrs-full_CurrentFinancialAssetsAtFairValueThroughProfitOrLoss,당기손익-공정가치 측정 금융자산,1005553511,835010447,10,KRW
00266961,NAVER,2024,OFS,BS,재무상태표,ifrs-full_Inventories,재고자산,672629633,598811254,11,KRW
00266961,NAVER,2024,OFS,BS,재무상태표,ifrs-full_OtherCurrentAssets,기타유동자산,30848469645,31429377417,12,KRW
00266961,NAVER,2024,OFS,BS,재무상태표,ifrs-full_ShorttermDepositsNotClassifiedAsCashEquivalents,단기금융상품,1929168662223,209845859123,13,KRW
00266961,NAVER,2024,OFS,BS,재무상태표,ifrs-full_TradeAndOtherCurrentReceivables,매출채권및기타채권,929245558667,556468921794,14,KRW
00266961,NAVER,2024,OFS,BS,재무상태표,ifrs-full_NoncurrentAssets,비유동자산,13819448201057,13719021368915,15,KRW
00266961,NAVER,2024,OFS,BS,재무상태표,dart_LongTermDepositsNotClassifiedAsCashEquivalents,장기금융상품,70955872000,13755872000,16,KRW
00266961,NAVER,2024,OFS,BS,재무상태표,dart_NonCurrentFairValueFinancialAsset,당기손익-공정가치 측정 금융자산,1026111094524,1171205683908,17,KRW
00266961,NAVER,2024,OFS,BS,재무상태표,ifrs-full_DeferredTaxAssets,이연법인세자산,176745897214,260483230398,18,KRW
00266961,NAVER,2024,OFS,BS,재무상태표,ifrs-full_IntangibleAssetsAndGoodwill,무형자산,89486052361,95794442955,19,KRW
00266961,NAVER,2024,OFS,BS,재무상태표,ifrs-full_InvestmentProperty,투자부동산,792157236000,324106238733,20,KRW
00266961,NAVER,2024,OFS,BS,재무상태표,ifrs-full_InvestmentsInSubsidiariesJointVenturesAndAssociates,"종속기업, 관계기업 및 공동기업 투자",8360262679039,8449634768760,21,KRW
00266961,NAVER,2024,OFS,BS,재무상태표,ifrs-full_NoncurrentFinancialAssetsMeasuredAtFairValueThroughOtherComprehensiveIncome,기타포괄손익-공정가치 측정 금융자산,1170374376534,1289535816103,22,KRW
00266961,NAVER,2024,OFS,BS,재무상태표,ifrs-full_NoncurrentReceivables,매출채권및기타채권,416843661998,59813472319,23,KRW
00266961,NAVER,2024,OFS,BS,재무상태표,ifrs-full_OtherNoncurrentAssets,기타비유동자산,10469105923,23503775347,24,KRW
00266961,NAVER,2024,OFS,BS,재무상태표,ifrs-full_PropertyPlantAndEquipment,유형자산,1676426142472,1998637275912,25,KRW
00266961,NAVER,2024,OFS,BS,재무상태표,ifrs-full_RightofuseAssets,사용권자산,29616082992,32550792480,26,KRW
00266961,NAVER,2024,OFS,BS,재무상태표,dart_CapitalSurplus,자본잉여금,1249691454012,1187190629495,28,KRW
00266961,NAVER,2024,OFS,BS,재무상태표,dart_ElementsOfOtherStockholdersEquity,기타자본구성요소,-884636950607,-1132456364024,29,KRW
00266961,NAVER,2024,OFS,BS,재무상태표,ifrs-full_Equity,자본총계,13246655551905,11450826041130,30,KRW
00266961,NAVER,2024,OFS,BS,재무상태표,ifrs-full_IssuedCapital,자본금,16481339500,16481339500,31,KRW
00266961,NAVER,2024,OFS,BS,재무상태표,ifrs-full_RetainedEarnings,이익잉여금,12865119709000,11379610436159,32,KRW
00266961,NAVER,2024,OFS,BS,재무상태표,ifrs-full_EquityAndLiabilities,자본및부채총계,17597111016833,15479991448695,33,KRW
00266961,NAVER,2024,OFS,BS,재무상태표,ifrs-full_CurrentLiabilities,유동부채,1652795521728,1730888911821,35,KRW
00266961,NAVER,2024,OFS,BS,재무상태표,-표준계정코드 미사용-,유동성장기차입금,200000000000,136899000000,36,KRW
00266961,NAVER,2024,OFS,BS,재무상태표,ifrs-full_CurrentLeaseLiabilities,리스부채,47264692720,46811707988,37,KRW
00266961,NAVER,2024,OFS,BS,재무상태표,ifrs-full_CurrentPortionOfLongtermBorrowings,유동성사채,0,249962199849,38,KRW
00266961,NAVER,2024,OFS,BS,재무상태표,ifrs-full_CurrentProvisions,충당부채,32556086841,41326854368,39,KRW
00266961,NAVER,2024,OFS,BS,재무상태표,ifrs-full_CurrentTaxLiabilities,당기법인세부채,311190549450,282111807168,40,KRW
00266961,NAVER,2024,OFS,BS,재무상태표,ifrs-full_OtherCurrentLiabilities,기타유동부채,434890103854,385046773779,41,KRW
00266961,NAVER,2024,OFS,BS,재무상태표,ifrs-full_TradeAndOtherCurrentPayables,매입채무및기타채무,626894088863,588730568669,42,KRW
00266961,NAVER,2024,OFS,BS,재무상태표,ifrs-full_Liabilities,부채총계,4350455464928,4029165407565,43,KRW
00266961,NAVER,2024,OFS,BS,재무상태표,ifrs-full_NoncurrentLiabilities,비유동부채,2697659943200,2298276495744,44,KRW
00266961,NAVER,2024,OFS,BS,재무상태표,dart_LongTermTradeAndOtherNonCurrentPayables,매입채무및기타채무,52235285341,34975906329,45,KRW
00266961,NAVER,2024,OFS,BS,재무상태표,ifrs-full_NoncurrentLeaseLiabilities,리스부채,259413621583,294272911773,46,KRW
00266961,NAVER,2024,OFS,BS,재무상태표,ifrs-full_NoncurrentPortionOfNoncurrentBondsIssued,사채,2007288715797,1655718953449,47,KRW
00266961,NAVER,2024,OFS,BS,재무상태표,ifrs-full_NoncurrentPortionOfNoncurrentLoansReceived,장기차입금,0,15000000000,48,KRW
00266961,NAVER,2024,OFS,BS,재무상태표,ifrs-full_NoncurrentProvisions,충당부채,11802856713,10280136124,49,KRW
00266961,NAVER,2024,OFS,BS,재무상태표,ifrs-full_NoncurrentRecognisedLiabilitiesDefinedBenefitPlan,순확정급여부채,366858699906,285765168276,50,KRW
00266961,NAVER,2024,OFS,BS,재무상태표,ifrs-full_OtherNoncurrentLiabilities,기타비유동부채,60763860,2263419793,51,KRW
00266961,NAVER,2024,OFS,CIS,포괄손익계산서,dart_OperatingIncomeLoss,영업이익,1905258322935,1713205368367,6,KRW
00266961,NAVER,2024,OFS,CIS,포괄손익계산서,dart_OtherGains,기타수익,218991719312,446969797378,7,KRW
00266961,NAVER,2024,OFS,CIS,포괄손익계산서,dart_OtherLosses,기타비용,352222007094,291024593787,8,KRW
00266961,NAVER,2024,OFS,CIS,포괄손익계산서,ifrs-full_ComprehensiveIncome,총포괄손익,2197642165834,1489018587134,9,KRW
00266961,NAVER,2024,OFS,CIS,포괄손익계산서,ifrs-full_BasicEarningsLossPerShare,기본주당순이익,13073,9402,11,KRW
00266961,NAVER,2024,OFS,CIS,포괄손익계산서,ifrs-full_DilutedEarningsLossPerShare,희석주당순이익,13038,9375,12,KRW
00266961,NAVER,2024,OFS,CIS,포괄손익계산서,ifrs-full_FinanceCosts,금융비용,346526466036,349606103473,13,KRW
00266961,NAVER,2024,OFS,CIS,포괄손익계산서,ifrs-full_FinanceIncome,금융수익,973373098568,382420762027,14,KRW
00266961,NAVER,2024,OFS,CIS,포괄손익계산서,ifrs-full_IncomeTaxExpenseContinuingOperations,법인세비용,504405230244,518079718340,15,KRW
00266961,NAVER,2024,OFS,CIS,포괄손익계산서,ifrs-full_OperatingExpense,영업비용,4275633762007,3896593637516,16,KRW
00266961,NAVER,2024,OFS,CIS,포괄손익계산서,ifrs-full_OtherComprehensiveIncome,기타포괄손익,228937679471,74705739202,17,KRW
00266961,NAVER,2024,OFS,CIS,포괄손익계산서,ifrs-full_OtherComprehensiveIncomeThatWillNotBeReclassifiedToProfitOrLossNetOfTax,후속적으로 당기손익으로 재분류되지 않는 항목,228937679471,74705739202,18,KRW
00266961,NAVER,2024,OFS,CIS,포괄손익계산서,dart_OtherComprehensiveIncomeNetOfTaxDisposalOfInvestmentsInEquityInstruments,기타포괄손익-공정가치 측정 지분상품 처분손익,-9276275198,1968598642,19,KRW
00266961,NAVER,2024,OFS,CIS,포괄손익계산서,ifrs-full_OtherComprehensiveIncomeNetOfTaxGainsLossesFromInvestmentsInEquityInstruments,기타포괄손익-공정가치 지분상품 평가손익,-76525734184,27312585101,20,KRW
00266961,NAVER,2024,OFS,CIS,포괄손익계산서,ifrs-full_OtherComprehensiveIncomeNetOfTaxGainsLossesOnRemeasurementsOfDefinedBenefitPlans,순확정급여부채의 재측정요소,-21334680498,45424555459,21,KRW
00266961,NAVER,2024,OFS,CIS,포괄손익계산서,ifrs-full_OtherComprehensiveIncomeNetOfTaxGainsLossesOnRevaluation,재평가손익,336074369351,0,22,KRW
00266961,NAVER,2024,OFS,CIS,포괄손익계산서,ifrs-full_ProfitLoss,당기순이익,1968704486363,1414312847932,23,KRW
00266961,NAVER,2024,OFS,CIS,포괄손익계산서,ifrs-full_ProfitLossBeforeTax,법인세비용차감전순이익,2473109716607,1932392566272,24,KRW
00266961,NAVER,2024,OFS,CIS,포괄손익계산서,ifrs-full_Revenue,영업수익,6180892084942,5609799005883,25,KRW
00266961,NAVER,2024,OFS,CIS,포괄손익계산서,ifrs-full_RevenueFromInterest,이자수익,74235048922,30427335760,26,KRW
00266961,NAVER,2024,OFS,CF,현금흐름표,dart_CashAndCashEquivalentsAtBeginningOfPeriodCf,기초현금및현금성자산,961792099745,841798144735,2,KRW
00266961,NAVER,2024,OFS,CF,현금흐름표,dart_CashAndCashEquivalentsAtEndOfPeriodCf,기말현금및현금성자산,886721942097,961792099745,3,KRW
00266961,NAVER,2024,OFS,CF,현금흐름표,ifrs-full_CashFlowsFromUsedInFinancingActivities,재무활동현금흐름,-479638020407,-89732802887,8,KRW
00266961,NAVER,2024,OFS,CF,현금흐름표,dart_AcquisitionOfTreasuryShares,자기주식의 취득,405122711100,0,9,KRW
00266961,NAVER,2024,OFS,CF,현금흐름표,dart_PaymentsOfFinanceLeaseLiabilitiesClassifiedAsFinancingActivities,리스부채의 상환,36795152379,36878822598,10,KRW
00266961,NAVER,2024,OFS,CF,현금흐름표,dart_ProceedsFromBonds,사채의 발행,199320560000,176512823880,11,KRW
00266961,NAVER,2024,OFS,CF,현금흐름표,dart_ProceedsFromExerciseOfShareOptions,주식기준보상관련 현금유입,62717016652,28003591900,12,KRW
00266961,NAVER,2024,OFS,CF,현금흐름표,dart_ProceedsFromLongTermBorrowings,비유동차입금의 차입,185000000000,508840000000,13,KRW
00266961,NAVER,2024,OFS,CF,현금흐름표,dart_ProceedsFromShortTermBorrowings,유동차입금의 차입,0,763260000000,14,KRW
00266961,NAVER,2024,OFS,CF,현금흐름표,dart_RepaymentsOfBonds,사채의 상환,250000000000,0,15,KRW
00266961,NAVER,2024,OFS,CF,현금흐름표,dart_RepaymentsOfLongTermBorrowings,비유동차입금의 상환,0,520192000000,16,KRW
00266961,NAVER,2024,OFS,CF,현금흐름표,dart_RepaymentsOfShortTermBorrowings,유동차입금의 상환,139029000000,947236800000,17,KRW
00266961,NAVER,2024,OFS,CF,현금흐름표,-표준계정코드 미사용-,기타재무활동으로 인한 현금유출액,24288924558,1914678849,18,KRW
00266961,NAVER,2024,OFS,CF,현금흐름표,ifrs-full_DividendsPaidClassifiedAsFinancingActivities,배당금 지급,118984856180,62397685220,19,KRW
00266961,NAVER,2024,OFS,CF,현금흐름표,ifrs-full_OtherInflowsOutflowsOfCashClassifiedAsFinancingActivities,기타재무활동으로 인한 현금유입액,47545047158,2270768000,20,KRW
00266961,NAVER,2024,OFS,CF,현금흐름표,ifrs-full_CashFlowsFromUsedInInvestingActivities,투자활동현금흐름,-2166184106329,-1419516270694,21,KRW
00266961,NAVER,2024,OFS,CF,현금흐름표,dart_ProceedsFromSalesOfCurrentFairValueFinancialAsset,당기손익-공정가치 측정 금융자산의 처분,158531882804,165770599303,22,KRW
00266961,NAVER,2024,OFS,CF,현금흐름표,dart_ProceedsFromSalesOfFinancialAssetsAtFairValueThroughOtherComprehensiveIncome,기타포괄손익-공정가치 측정 금융자산의 처분,2401873711,74257364106,23,KRW
00266961,NAVER,2024,OFS,CF,현금흐름표,dart_ProceedsFromSalesOfInvestmentsInSubsidiariesJointVenturesAndAssociates,관계기업및공동기업투자주식의 처분,141405946656,436095808872,24,KRW
00266961,NAVER,2024,OFS,CF,현금흐름표,dart_ProceedsFromSalesOfLongTermLoansAndReceivables,장기대여금의 감소,59343864000,0,25,KRW
00266961,NAVER,2024,OFS,CF,현금흐름표,dart_ProceedsFromSalesOfShortTermFinancialInstruments,단기금융상품의 감소,2533398059123,1381832836005,26,KRW
00266961,NAVER,2024,OFS,CF,현금흐름표,dart_ProceedsFromSalesOfShortTermLoansAndReceivables,단기대여금의 감소,10000000,155073334557,27,KRW
00266961,NAVER,2024,OFS,CF,현금흐름표,dart_PurchaseOfCurrentFairValueFinancialAsset,당기손익-공정가치 측정 금융자산의 취득,99293212338,81571658446,28,KRW
00266961,NAVER,2024,OFS,CF,현금흐름표,dart_PurchaseOfFinancialAssetsAtFairValueThroughOtherComprehensiveIncome,기타포괄손익-공정가치 측정 금융자산의 취득,0,699224000,29,KRW
00266961,NAVER,2024,OFS,CF,현금흐름표,dart_PurchaseOfInvestmentsInSubsidiariesJointVenturesAndAssociates,관계기업및공동기업투자주식의 취득,117522092591,1913103961106,30,KRW
00266961,NAVER,2024,OFS,CF,현금흐름표,dart_PurchaseOfLongTermFinancialInstruments,장기금융상품의 증가,53200000000,0,31,KRW
00266961,NAVER,2024,OFS,CF,현금흐름표,dart_PurchaseOfLongTermLoansAndReceivables,장기대여금의 증가,60000000000,0,32,KRW
00266961,NAVER,2024,OFS,CF,현금흐름표,dart_PurchaseOfShortTermFinancialInstruments,단기금융상품의 증가,4259249862223,1078047059123,33,KRW
00266961,NAVER,2024,OFS,CF,현금흐름표,dart_PurchaseOfShortTermLoansAndReceivables,단기대여금의 증가,410500000000,250403838435,34,KRW
00266961,NAVER,2024,OFS,CF,현금흐름표,-표준계정코드 미사용-,당기손익-공정가치 측정 금융부채의 감소,0,0,35,KRW
00266961,NAVER,2024,OFS,CF,현금흐름표,-표준계정코드 미사용-,리스채권의 회수,11209254608,6377143955,36,KRW
00266961,NAVER,2024,OFS,CF,현금흐름표,-표준계정코드 미사용-,기타투자활동으로 인한 현금유출액,59702749,3622749205,37,KRW
00266961,NAVER,2024,OFS,CF,현금흐름표,ifrs-full_OtherInflowsOutflowsOfCashClassifiedAsInvestingActivities,기타투자활동으로 인한 현금유입액,1224268450,83967336000,38,KRW
00266961,NAVER,2024,OFS,CF,현금흐름표,ifrs-full_ProceedsFromSalesOfIntangibleAssetsClassifiedAsInvestingActivities,무형자산의 처분,1848657534,317626531,39,KRW
00266961,NAVER,2024,OFS,CF,현금흐름표,ifrs-full_ProceedsFromSalesOfPropertyPlantAndEquipmentClassifiedAsInvestingActivities,유형자산의 처분,1143916805,8505742733,40,KRW
00266961,NAVER,2024,OFS,CF,현금흐름표,ifrs-full_PurchaseOfIntangibleAssetsClassifiedAsInvestingActivities,무형자산의 취득,2696801832,27284019731,41,KRW
00266961,NAVER,2024,OFS,CF,현금흐름표,ifrs-full_PurchaseOfPropertyPlantAndEquipmentClassifiedAsInvestingActivities,유형자산의 취득,74180158287,376981552710,42,KRW
00266961,NAVER,2024,OFS,CF,현금흐름표,ifrs-full_CashFlowsFromUsedInOperatingActivities,영업활동현금흐름,2553656740707,1627845864966,43,KRW
00266961,NAVER,2024,OFS,CF,현금흐름표,ifrs-full_CashFlowsFromUsedInOperations,영업에서 창출된 현금흐름,2278808099734,2063508775400,44,KRW
00266961,NAVER,2024,OFS,CF,현금흐름표,ifrs-full_DividendsReceivedClassifiedAsOperatingActivities,배당금의 수취,759554623970,191541688548,45,KRW
00266961,NAVER,2024,OFS,CF,현금흐름표,ifrs-full_IncomeTaxesPaidRefundClassifiedAsOperatingActivities,법인세의 납부,490749957905,581548458718,46,KRW
00266961,NAVER,2024,OFS,CF,현금흐름표,ifrs-full_InterestPaidClassifiedAsOperatingActivities,이자의 지급,49900500157,80349537434,47,KRW
00266961,NAVER,2024,OFS,CF,현금흐름표,ifrs-full_InterestReceivedClassifiedAsOperatingActivities,이자의 수입,55944475065,34693397170,48,KRW
00266961,NAVER,2024,OFS,CF,현금흐름표,ifrs-full_EffectOfExchangeRateChangesOnCashAndCashEquivalents,현금및현금성자산의 환율변둉효과,17095228381,1397163625,49,KRW
00266961,NAVER,2024,OFS,CF,현금흐름표,ifrs-full_IncreaseDecreaseInCashAndCashEquivalents,현금및현금성자산의 순증감,-75070157648,119993955010,50,KRW
00266961,NAVER,2024,OFS,SCE,자본변동표,dart_EquityAtBeginningOfPeriod,기초자본,11450826041130,9849819813467,3,KRW
00266961,NAVER,2024,OFS,SCE,자본변동표,dart_EquityAtBeginningOfPeriod,기초자본,-1132456364024,-1388661591817,3,KRW
00266961,NAVER,2024,OFS,SCE,자본변동표,dart_EquityAtBeginningOfPeriod,기초자본,1187190629495,1123109857937,3,KRW
00266961,NAVER,2024,OFS,SCE,자본변동표,dart_EquityAtBeginningOfPeriod,기초자본,16481339500,16481339500,3,KRW
00266961,NAVER,2024,OFS,SCE,자본변동표,dart_EquityAtBeginningOfPeriod,기초자본,11379610436159,10098890207847,3,KRW
00266961,NAVER,2024,OFS,SCE,자본변동표,dart_IncreaseDecreaseThroughBusinessCombinations,사업결합으로 인한 자본변동,,2367987021,4,KRW
00266961,NAVER,2024,OFS,SCE,자본변동표,dart_IncreaseDecreaseThroughBusinessCombinations,사업결합으로 인한 자본변동,,2367987021,4,KRW
00266961,NAVER,2024,OFS,SCE,자본변동표,dart_OtherComprehensiveIncomeNetOfTaxDisposalOfInvestmentsInEquityInstruments,기타포괄손익-공정가치 측정 지분상품 처분손익,-9276275198,1968598642,5,KRW
00266961,NAVER,2024,OFS,SCE,자본변동표,dart_OtherComprehensiveIncomeNetOfTaxDisposalOfInvestmentsInEquityInstruments,기타포괄손익-공정가치 측정 지분상품 처분손익,-9276275198,1968598642,5,KRW
00266961,NAVER,2024,OFS,SCE,자본변동표,dart_OtherComprehensiveIncomeNetOfTaxGainsLossesOnRevaluationOfPropertyPlandAndEquipment,재평가손익,336074369351,,6,KRW
00266961,NAVER,2024,OFS,SCE,자본변동표,dart_OtherComprehensiveIncomeNetOfTaxGainsLossesOnRevaluationOfPropertyPlandAndEquipment,재평가손익,336074369351,,6,KRW
00266961,NAVER,2024,OFS,SCE,자본변동표,dart_TreasuryShareTransactions,자기주식취득,-405122711100,,7,KRW
00266961,NAVER,2024,OFS,SCE,자본변동표,dart_TreasuryShareTransactions,자기주식취득,-405122711100,,7,KRW
00266961,NAVER,2024,OFS,SCE,자본변동표,ifrs-full_CancellationOfTreasuryShares,자기주식 소각,0,0,8,KRW
00266961,NAVER,2024,OFS,SCE,자본변동표,ifrs-full_CancellationOfTreasuryShares,자기주식 소각,333599401646,118588088501,8,KRW
00266961,NAVER,2024,OFS,SCE,자본변동표,ifrs-full_CancellationOfTreasuryShares,자기주식 소각,-333599401646,-118588088501,8,KRW
00266961,NAVER,2024,OFS,SCE,자본변동표,ifrs-full_DividendsPaid,현금배당,118984856180,62397685220,9,KRW
00266961,NAVER,2024,OFS,SCE,자본변동표,ifrs-full_DividendsPaid,현금배당,118984856180,62397685220,9,KRW
00266961,NAVER,2024,OFS,SCE,자본변동표,ifrs-full_Equity,자본총계,13246655551905,11450826041130,10,KRW
00266961,NAVER,2024,OFS,SCE,자본변동표,ifrs-full_Equity,자본총계,1249691454012,1187190629495,10,KRW
00266961,NAVER,2024,OFS,SCE,자본변동표,ifrs-full_Equity,자본총계,16481339500,16481339500,10,KRW
00266961,NAVER,2024,OFS,SCE,자본변동표,ifrs-full_Equity,자본총계,12865119709000,11379610436159,10,KRW
00266961,NAVER,2024,OFS,SCE,자본변동표,ifrs-full_Equity,자본총계,-884636950607,-1132456364024,10,KRW
00266961,NAVER,2024,OFS,SCE,자본변동표,ifrs-full_IncreaseDecreaseThroughSharebasedPaymentTransactions,주식기준보상거래,122294912221,172017338728,11,KRW
00266961,NAVER,2024,OFS,SCE,자본변동표,ifrs-full_IncreaseDecreaseThroughSharebasedPaymentTransactions,주식기준보상거래,59794087704,110304554191,11,KRW
00266961,NAVER,2024,OFS,SCE,자본변동표,ifrs-full_IncreaseDecreaseThroughSharebasedPaymentTransactions,주식기준보상거래,62500824517,61712784537,11,KRW
00266961,NAVER,2024,OFS,SCE,자본변동표,ifrs-full_OtherComprehensiveIncomeNetOfTaxGainsLossesFromInvestmentsInEquityInstruments,기타포괄손익-공정가치 지분상품 평가손익,-76525734184,27312585101,13,KRW
00266961,NAVER,2024,OFS,SCE,자본변동표,ifrs-full_OtherComprehensiveIncomeNetOfTaxGainsLossesFromInvestmentsInEquityInstruments,기타포괄손익-공정가치 지분상품 평가손익,-76525734184,27312585101,13,KRW
00266961,NAVER,2024,OFS,SCE,자본변동표,ifrs-full_OtherComprehensiveIncomeNetOfTaxGainsLossesOnRemeasurementsOfDefinedBenefitPlans,순확정급여부채의 재측정요소,-21334680498,45424555459,14,KRW
00266961,NAVER,2024,OFS,SCE,자본변동표,ifrs-full_OtherComprehensiveIncomeNetOfTaxGainsLossesOnRemeasurementsOfDefinedBenefitPlans,순확정급여부채의 재측정요소,-21334680498,45424555459,14,KRW
00266961,NAVER,2024,OFS,SCE,자본변동표,ifrs-full_ProfitLoss,당기순이익,1968704486363,1414312847932,15,KRW
00266961,NAVER,2024,OFS,SCE,자본변동표,ifrs-full_ProfitLoss,당기순이익,1968704486363,1414312847932,15,KRW
00266961,NAVER,2025,CFS,BS,재무상태표,ifrs-full_Assets,자산총계,41084496327318,38167876036020,7,KRW
00266961,NAVER,2025,CFS,BS,재무상태표,ifrs-full_CurrentAssets,유동자산,10928462735839,9374912034828,8,KRW
00266961,NAVER,2025,CFS,BS,재무상태표,dart_CurrentFinancialAssetDesignationAsAtFairValueThroughProfitOrLoss,당기손익-공정가치 측정 금융자산,625230968353,412653427012,9,KRW
00266961,NAVER,2025,CFS,BS,재무상태표,ifrs-full_CashAndCashEquivalents,현금및현금성자산,5984018799741,4195524637851,10,KRW
00266961,NAVER,2025,CFS,BS,재무상태표,ifrs-full_CurrentTaxAssets,당기법인세자산,28747759501,15246426142,11,KRW
00266961,NAVER,2025,CFS,BS,재무상태표,ifrs-full_Inventories,재고자산,20235420058,21743796031,12,KRW
00266961,NAVER,2025,CFS,BS,재무상태표,ifrs-full_NoncurrentAssetsOrDisposalGroupsClassifiedAsHeldForSaleOrAsHeldForDistributionToOwners,매각예정비유동자산,0,0,13,KRW
00266961,NAVER,2025,CFS,BS,재무상태표,ifrs-full_OtherCurrentAssets,기타유동자산,243585172581,214754613981,14,KRW
00266961,NAVER,2025,CFS,BS,재무상태표,ifrs-full_ShorttermDepositsNotClassifiedAsCashEquivalents,단기금융상품,2336927834770,2859768247306,15,KRW
00266961,NAVER,2025,CFS,BS,재무상태표,ifrs-full_TradeAndOtherCurrentReceivables,매출채권및기타채권,1689716780835,1655220886505,16,KRW
00266961,NAVER,2025,CFS,BS,재무상태표,ifrs-full_NoncurrentAssets,비유동자산,30156033591479,28792964001192,17,KRW
00266961,NAVER,2025,CFS,BS,재무상태표,dart_LongTermDepositsNotClassifiedAsCashEquivalents,장기금융상품,102396914822,71155872000,18,KRW
00266961,NAVER,2025,CFS,BS,재무상태표,dart_NonCurrentFairValueFinancialAsset,당기손익-공정가치 측정 금융자산,2273153952087,2124997152940,19,KRW
00266961,NAVER,2025,CFS,BS,재무상태표,ifrs-full_DeferredTaxAssets,이연법인세자산,309675904713,473629416181,20,KRW
00266961,NAVER,2025,CFS,BS,재무상태표,ifrs-full_IntangibleAssetsAndGoodwill,무형자산,3421016567851,3657186453124,21,KRW
00266961,NAVER,2025,CFS,BS,재무상태표,ifrs-full_InvestmentAccountedForUsingEquityMethod,관계기업 및 공동기업 투자,16648890154568,17406149463680,22,KRW
00266961,NAVER,2025,CFS,BS,재무상태표,ifrs-full_InvestmentProperty,투자부동산,108328402678,97070332897,23,KRW
00266961,NAVER,2025,CFS,BS,재무상태표,ifrs-full_NoncurrentFinancialAssetsAtFairValueThroughOtherComprehensiveIncome,기타포괄손익-공정가치 측정 금융자산,2242763974261,1218556164988,24,KRW
00266961,NAVER,2025,CFS,BS,재무상태표,ifrs-full_NoncurrentReceivables,매출채권및기타채권,445669844589,452109661559,25,KRW
00266961,NAVER,2025,CFS,BS,재무상태표,ifrs-full_OtherNoncurrentAssets,기타비유동자산,74182811964,64979255449,26,KRW
00266961,NAVER,2025,CFS,BS,재무상태표,ifrs-full_PropertyPlantAndEquipment,유형자산,3607613771641,2909592132861,27,KRW
00266961,NAVER,2025,CFS,BS,재무상태표,ifrs-full_RightofuseAssets,사용권자산,922341292305,317538095513,28,KRW
00266961,NAVER,2025,CFS,BS,재무상태표,ifrs-full_Equity,자본총계,28953013365595,27000911848337,30,KRW
00266961,NAVER,2025,CFS,BS,재무상태표,ifrs-full_EquityAttributableToOwnersOfParent,지배기업의 소유주에게 귀속되는 자본,27581956984245,25459903574291,31,KRW
00266961,NAVER,2025,CFS,BS,재무상태표,dart_CapitalSurplus,자본잉여금,1586330390297,1422685316697,32,KRW
00266961,NAVER,2025,CFS,BS,재무상태표,dart_ElementsOfOtherStockholdersEquity,기타자본구성요소,-1646530116626,-1944224642757,33,KRW
00266961,NAVER,2025,CFS,BS,재무상태표,ifrs-full_IssuedCapital,자본금,16481339500,16481339500,34,KRW
00266961,NAVER,2025,CFS,BS,재무상태표,ifrs-full_RetainedEarnings,이익잉여금,27625675371074,25964961560851,35,KRW
00266961,NAVER,2025,CFS,BS,재무상태표,ifrs-full_NoncontrollingInterests,비지배지분,1371056381350,1541008274046,36,KRW
00266961,NAVER,2025,CFS,BS,재무상태표,ifrs-full_EquityAndLiabilities,자본및부채총계,41084496327318,38167876036020,37,KRW
00266961,NAVER,2025,CFS,BS,재무상태표,ifrs-full_CurrentLiabilities,유동부채,8018876510291,6092160669672,39,KRW
00266961,NAVER,2025,CFS,BS,재무상태표,-표준계정코드 미사용-,유동성장기차입금,0,200000000000,40,KRW
00266961,NAVER,2025,CFS,BS,재무상태표,ifrs-full_CurrentBondsIssuedAndCurrentPortionOfNoncurrentBondsIssued,유동성사채,1597174210005,0,41,KRW
00266961,NAVER,2025,CFS,BS,재무상태표,ifrs-full_CurrentFinancialLiabilitiesAtFairValueThroughProfitOrLoss,당기손익-공정가치 측정 금융부채,435073630683,561037204645,42,KRW
00266961,NAVER,2025,CFS,BS,재무상태표,ifrs-full_CurrentLeaseLiabilities,리스부채,233036237572,208497038211,43,KRW
00266961,NAVER,2025,CFS,BS,재무상태표,ifrs-full_CurrentProvisions,충당부채,7487459455,4186275528,44,KRW
00266961,NAVER,2025,CFS,BS,재무상태표,ifrs-full_CurrentTaxLiabilities,당기법인세부채,419146787042,377616038486,45,KRW
00266961,NAVER,2025,CFS,BS,재무상태표,ifrs-full_OtherCurrentLiabilities,기타유동부채,3654486608296,3046601701872,46,KRW
00266961,NAVER,2025,CFS,BS,재무상태표,ifrs-full_ShorttermBorrowings,단기차입금,132159574017,135389909719,47,KRW
00266961,NAVER,2025,CFS,BS,재무상태표,ifrs-full_TradeAndOtherCurrentPayables,매입채무및기타채무,1540312003221,1558832501211,48,KRW
00266961,NAVER,2025,CFS,BS,재무상태표,ifrs-full_Liabilities,부채총계,12131482961723,11166964187683,49,KRW
00266961,NAVER,2025,CFS,BS,재무상태표,ifrs-full_NoncurrentLiabilities,비유동부채,4112606451432,5074803518011,50,KRW
00266961,NAVER,2025,CFS,BS,재무상태표,dart_LongTermTradeAndOtherNonCurrentPayables,매입채무및기타채무,203259040280,91281385940,51,KRW
00266961,NAVER,2025,CFS,BS,재무상태표,ifrs-full_DeferredTaxLiabilities,이연법인세부채,854473540808,927727840271,52,KRW
00266961,NAVER,2025,CFS,BS,재무상태표,ifrs-full_NoncurrentFinancialLiabilitiesAtFairValueThroughProfitOrLoss,당기손익-공정가치 측정 금융부채,0,15392012800,53,KRW
00266961,NAVER,2025,CFS,BS,재무상태표,ifrs-full_NoncurrentLeaseLiabilities,리스부채,954765033419,387635118602,54,KRW
00266961,NAVER,2025,CFS,BS,재무상태표,ifrs-full_NoncurrentPortionOfNoncurrentBondsIssued,사채,382248922805,2007288715797,55,KRW
00266961,NAVER,2025,CFS,BS,재무상태표,ifrs-full_NoncurrentPortionOfNoncurrentLoansReceived,장기차입금,874112668001,863059968000,56,KRW
00266961,NAVER,2025,CFS,BS,재무상태표,ifrs-full_NoncurrentProvisions,충당부채,20277334458,19283443136,57,KRW
00266961,NAVER,2025,CFS,BS,재무상태표,ifrs-full_NoncurrentRecognisedLiabilitiesDefinedBenefitPlan,순확정급여부채,823311693402,762686537059,58,KRW
00266961,NAVER,2025,CFS,BS,재무상태표,ifrs-full_OtherNoncurrentLiabilities,기타비유동부채,158218259,448496406,59,KRW
00266961,NAVER,2025,CFS,CIS,포괄손익계산서,dart_OperatingIncomeLoss,영업이익,2208138388720,1979263438827,6,KRW
00266961,NAVER,2025,CFS,CIS,포괄손익계산서,dart_OtherGains,기타수익,83909268321,732532606257,7,KRW
00266961,NAVER,2025,CFS,CIS,포괄손익계산서,dart_OtherLosses,기타비용,612163634139,588474705472,8,KRW
00266961,NAVER,2025,CFS,CIS,포괄손익계산서,dart_ProfitsOfAssociatesAndJointVenturesAccountedForUsingEquityMethod,지분법손익,495156734079,144521227866,9,KRW
00266961,NAVER,2025,CFS,CIS,포괄손익계산서,ifrs-full_ComprehensiveIncome,총포괄이익,1937531588218,2630663507211,10,KRW
00266961,NAVER,2025,CFS,CIS,포괄손익계산서,ifrs-full_ComprehensiveIncomeAttributableToNoncontrollingInterests,비지배지분,-149912685532,69500917131,12,KRW
00266961,NAVER,2025,CFS,CIS,포괄손익계산서,ifrs-full_ComprehensiveIncomeAttributableToOwnersOfParent,지배기업 소유주지분,2087444273750,2561162590080,13,KRW
00266961,NAVER,2025,CFS,CIS,포괄손익계산서,ifrs-full_BasicEarningsLossPerShare,기본주당순이익,13009,12702,15,KRW
00266961,NAVER,2025,CFS,CIS,포괄손익계산서,ifrs-full_DilutedEarningsLossPerShare,희석주당순이익,12907,12553,16,KRW
00266961,NAVER,2025,CFS,CIS,포괄손익계산서,ifrs-full_FinanceCosts,금융비용,561520268279,578866062461,17,KRW
00266961,NAVER,2025,CFS,CIS,포괄손익계산서,ifrs-full_FinanceIncome,금융수익,584121145195,459652759343,18,KRW
00266961,NAVER,2025,CFS,CIS,포괄손익계산서,ifrs-full_IncomeTaxExpenseContinuingOperations,법인세비용,601396983055,390208118495,19,KRW
00266961,NAVER,2025,CFS,CIS,포괄손익계산서,ifrs-full_OperatingExpense,영업비용,9826868830255,8758455825820,20,KRW
00266961,NAVER,2025,CFS,CIS,포괄손익계산서,ifrs-full_OtherComprehensiveIncome,기타포괄손익,118785278203,698687134258,21,KRW
00266961,NAVER,2025,CFS,CIS,포괄손익계산서,ifrs-full_OtherComprehensiveIncomeThatWillBeReclassifiedToProfitOrLossNetOfTax,후속적으로 당기손익으로 재분류되는 항목,-567920613702,867742542665,22,KRW
00266961,NAVER,2025,CFS,CIS,포괄손익계산서,ifrs-full_GainsLossesOnCashFlowHedgesNetOfTax,현금흐름위험회피 파생상품평가손익,1847409508,0,23,KRW
00266961,NAVER,2025,CFS,CIS,포괄손익계산서,ifrs-full_GainsLossesOnExchangeDifferencesOnTranslationNetOfTax,해외사업환산손익,-36412564891,426508289750,24,KRW
00266961,NAVER,2025,CFS,CIS,포괄손익계산서,ifrs-full_ShareOfOtherComprehensiveIncomeOfAssociatesAndJointVenturesAccountedForUsingEquityMethodThatWillBeReclassifiedToProfitOrLossNetOfTax,지분법자본변동,533355458319,-441234252915,25,KRW
00266961,NAVER,2025,CFS,CIS,포괄손익계산서,ifrs-full_OtherComprehensiveIncomeThatWillNotBeReclassifiedToProfitOrLossNetOfTax,후속적으로 당기손익으로 재분류되지 않는 항목,686705891905,-169055408407,26,KRW
00266961,NAVER,2025,CFS,CIS,포괄손익계산서,dart_OtherComprehensiveIncomeNetOfTaxChangeInFairValueOfInvestmentsInEquityInstruments,기타포괄손익-공정가치 측정 지분상품 평가손익,683789170131,-93907386774,27,KRW
00266961,NAVER,2025,CFS,CIS,포괄손익계산서,dart_OtherComprehensiveIncomeNetOfTaxDisposalOfInvestmentsInEquityInstruments,기타포괄손익-공정가치 측정 지분상품 처분손익,-11258698535,-8084970953,28,KRW
00266961,NAVER,2025,CFS,CIS,포괄손익계산서,ifrs-full_OtherComprehensiveIncomeNetOfTaxGainsLossesOnRemeasurementsOfDefinedBenefitPlans,순확정급여부채 재측정요소,36169661078,-41190080973,29,KRW
00266961,NAVER,2025,CFS,CIS,포괄손익계산서,ifrs-full_OtherComprehensiveIncomeNetOfTaxGainsLossesOnRevaluation,재평가손익,443183895,21389128638,30,KRW
00266961,NAVER,2025,CFS,CIS,포괄손익계산서,ifrs-full_ShareOfOtherComprehensiveIncomeOfAssociatesAndJointVenturesAccountedForUsingEquityMethodThatWillNotBeReclassifiedToProfitOrLossNetOfTax,지분법자본변동,-22437424664,-47262098345,31,KRW
00266961,NAVER,2025,CFS,CIS,포괄손익계산서,ifrs-full_ProfitLoss,당기순이익,1818746310015,1931976372953,32,KRW
00266961,NAVER,2025,CFS,CIS,포괄손익계산서,ifrs-full_ProfitLossAttributableToNoncontrollingInterests,비지배지분,-134468424941,8739115938,34,KRW
00266961,NAVER,2025,CFS,CIS,포괄손익계산서,ifrs-full_ProfitLossAttributableToOwnersOfParent,지배기업 소유주지분,1953214734956,1923237257015,35,KRW
00266961,NAVER,2025,CFS,CIS,포괄손익계산서,ifrs-full_ProfitLossBeforeTax,법인세비용차감전순이익,2420143293070,2322184491448,36,KRW
00266961,NAVER,2025,CFS,CIS,포괄손익계산서,ifrs-full_Revenue,영업수익,12035007218975,10737719264647,37,KRW
00266961,NAVER,2025,CFS,CIS,포괄손익계산서,ifrs-full_RevenueFromInterest,이자수익,222501659173,173555227088,38,KRW
00266961,NAVER,2025,CFS,CF,현금흐름표,dart_CashAndCashEquivalentsAtBeginningOfPeriodCf,기초현금및현금성자산,4195524637851,3576456533329,2,KRW
00266961,NAVER,2025,CFS,CF,현금흐름표,dart_CashAndCashEquivalentsAtEndOfPeriodCf,기말현금및현금성자산,5984018799741,4195524637851,3,KRW
00266961,NAVER,2025,CFS,CF,현금흐름표,ifrs-full_CashFlowsFromUsedInFinancingActivities,재무활동현금흐름,-524459708761,-770292464617,8,KRW
00266961,NAVER,2025,CFS,CF,현금흐름표,dart_AcquisitionOfTreasuryShares,자기주식의 취득,0,405122711100,9,KRW
00266961,NAVER,2025,CFS,CF,현금흐름표,dart_AdjustmentsForDecreaseInFinancialLiabilitiesDesignatedAtFairValueThroughProfitOrLossClassifiedAsFinancingActivities,당기손익-공정가치 측정 금융부채의 감소,0,990430000,10,KRW
00266961,NAVER,2025,CFS,CF,현금흐름표,dart_AdjustmentsForIncreaseInFinancialLiabilitiesDesignatedAtFairValueThroughProfitOrLossClassifiedAsFinancingActivities,당기손익-공정가치 측정 금융부채의 증가,0,19199160694,11,KRW
00266961,NAVER,2025,CFS,CF,현금흐름표,dart_PaymentForConsolidatedCapitalTransactions,비지배지분과의 거래로 인한 현금유출,636075927,97486350308,12,KRW
00266961,NAVER,2025,CFS,CF,현금흐름표,dart_PaymentsOfFinanceLeaseLiabilitiesClassifiedAsFinancingActivities,리스부채의 상환,232376887036,227133187845,13,KRW
00266961,NAVER,2025,CFS,CF,현금흐름표,dart_ProceedsFromBonds,사채의 발행,0,199320560000,14,KRW
00266961,NAVER,2025,CFS,CF,현금흐름표,dart_ProceedsFromConsolidatedCapitalTransactions,비지배지분과의 거래로 인한 현금유입,2703231719,840940983,15,KRW
00266961,NAVER,2025,CFS,CF,현금흐름표,dart_ProceedsFromExerciseOfShareOptions,주식기준보상관련 현금유입,47845120758,11738394388,16,KRW
00266961,NAVER,2025,CFS,CF,현금흐름표,dart_ProceedsFromLongTermBorrowings,비유동차입금의 차입,100000000000,185000000000,17,KRW
00266961,NAVER,2025,CFS,CF,현금흐름표,dart_ProceedsFromShortTermBorrowings,유동차입금의 차입,51426368750,69282376150,18,KRW
00266961,NAVER,2025,CFS,CF,현금흐름표,dart_RepaymentsOfBonds,사채의 상환,0,250000000000,19,KRW
00266961,NAVER,2025,CFS,CF,현금흐름표,dart_RepaymentsOfLongTermBorrowings,비유동차입금의 상환,74171175000,79902083295,20,KRW
00266961,NAVER,2025,CFS,CF,현금흐름표,dart_RepaymentsOfShortTermBorrowings,유동차입금의 상환,251426368750,532636959383,21,KRW
00266961,NAVER,2025,CFS,CF,현금흐름표,-표준계정코드 미사용-,기타재무활동으로 인한 현금유입액,491858901,34441440768,22,KRW
00266961,NAVER,2025,CFS,CF,현금흐름표,-표준계정코드 미사용-,기타재무활동으로 인한 현금유출액,10339840,3089194969,23,KRW
00266961,NAVER,2025,CFS,CF,현금흐름표,-표준계정코드 미사용-,종속회사 유상증자,131224274,425230435480,24,KRW
00266961,NAVER,2025,CFS,CF,현금흐름표,ifrs-full_DividendsPaidClassifiedAsFinancingActivities,배당금 지급,168436666610,118984856180,25,KRW
00266961,NAVER,2025,CFS,CF,현금흐름표,ifrs-full_CashFlowsFromUsedInInvestingActivities,투자활동현금흐름,-743677268012,-1340024321675,26,KRW
00266961,NAVER,2025,CFS,CF,현금흐름표,dart_ProceedsFromSalesOfFairValueFinancialAsset,당기손익-공정가치 측정 금융자산의 처분,695701507898,2420636531989,27,KRW
00266961,NAVER,2025,CFS,CF,현금흐름표,dart_ProceedsFromSalesOfFinancialAssetsAtFairValueThroughOtherComprehensiveIncome,기타포괄손익-공정가치 측정 금융자산의 처분,11324117179,3391793711,28,KRW
00266961,NAVER,2025,CFS,CF,현금흐름표,dart_ProceedsFromSalesOfInvestmentsInSubsidiariesJointVenturesAndAssociates,관계기업및공동기업투자주식의 처분,677242799146,964031680627,29,KRW
00266961,NAVER,2025,CFS,CF,현금흐름표,dart_ProceedsFromSalesOfLongTermFinancialInstruments,장기금융상품의 감소,91160000000,0,30,KRW
00266961,NAVER,2025,CFS,CF,현금흐름표,dart_ProceedsFromSalesOfLongTermLoansAndReceivables,장기대여금의 감소,332781600,399685200,31,KRW
00266961,NAVER,2025,CFS,CF,현금흐름표,dart_ProceedsFromSalesOfShortTermFinancialInstruments,단기금융상품의 감소,5384261271861,3751640407572,32,KRW
00266961,NAVER,2025,CFS,CF,현금흐름표,dart_ProceedsFromSalesOfShortTermLoansAndReceivables,단기대여금의 감소,1955000000,641633700,33,KRW
00266961,NAVER,2025,CFS,CF,현금흐름표,dart_PurchaseOfFairValueFinancialAsset,당기손익-공정가치 측정 금융자산의 취득,1067486670905,2035886207130,34,KRW
00266961,NAVER,2025,CFS,CF,현금흐름표,dart_PurchaseOfFinancialAssetsAtFairValueThroughOtherComprehensiveIncome,기타포괄손익-공정가치 측정 금융자산의 취득,105999314111,1019700000,35,KRW
00266961,NAVER,2025,CFS,CF,현금흐름표,dart_PurchaseOfInvestmentsInSubsidiariesJointVenturesAndAssociates,관계기업및공동기업투자주식의 취득,41657607212,70991883087,36,KRW
00266961,NAVER,2025,CFS,CF,현금흐름표,dart_PurchaseOfLongTermFinancialInstruments,장기금융상품의 증가,122555779501,53200000000,37,KRW
00266961,NAVER,2025,CFS,CF,현금흐름표,dart_PurchaseOfLongTermLoansAndReceivables,장기대여금의 증가,40420000000,1170000000,38,KRW
00266961,NAVER,2025,CFS,CF,현금흐름표,dart_PurchaseOfShortTermFinancialInstruments,단기금융상품의 증가,4861379253553,5817193562732,39,KRW
00266961,NAVER,2025,CFS,CF,현금흐름표,dart_PurchaseOfShortTermLoansAndReceivables,단기대여금의 증가,965000000,140000000,40,KRW
00266961,NAVER,2025,CFS,CF,현금흐름표,-표준계정코드 미사용-,기타투자활동으로 인한 현금유출액,6071957666,2950298871,41,KRW
00266961,NAVER,2025,CFS,CF,현금흐름표,-표준계정코드 미사용-,리스채권의 회수,37893454121,10595216673,42,KRW
00266961,NAVER,2025,CFS,CF,현금흐름표,ifrs-full_CashFlowsFromLosingControlOfSubsidiariesOrOtherBusinessesClassifiedAsInvestingActivities,종속기업의 처분,0,-80488783294,43,KRW
00266961,NAVER,2025,CFS,CF,현금흐름표,ifrs-full_CashFlowsUsedInObtainingControlOfSubsidiariesOrOtherBusinessesClassifiedAsInvestingActivities,사업결합으로 인한 현금의 순증감,97510478126,49636133077,44,KRW
00266961,NAVER,2025,CFS,CF,현금흐름표,ifrs-full_OtherInflowsOutflowsOfCashClassifiedAsInvestingActivities,기타투자활동으로 인한 현금유입액,5288926561,6232579958,45,KRW
00266961,NAVER,2025,CFS,CF,현금흐름표,ifrs-full_ProceedsFromSalesOfIntangibleAssetsClassifiedAsInvestingActivities,무형자산의 처분,331105803,2120720143,46,KRW
00266961,NAVER,2025,CFS,CF,현금흐름표,ifrs-full_ProceedsFromSalesOfPropertyPlantAndEquipmentClassifiedAsInvestingActivities,유형자산의 처분,14318011903,32089663389,47,KRW
00266961,NAVER,2025,CFS,CF,현금흐름표,ifrs-full_PurchaseOfIntangibleAssetsClassifiedAsInvestingActivities,무형자산의 취득,84690628410,26108078025,48,KRW
00266961,NAVER,2025,CFS,CF,현금흐름표,ifrs-full_PurchaseOfInvestmentProperty,투자부동산의 취득,56393500,0,49,KRW
00266961,NAVER,2025,CFS,CF,현금흐름표,ifrs-full_PurchaseOfPropertyPlantAndEquipmentClassifiedAsInvestingActivities,유형자산의 취득,1234693161100,553997155009,50,KRW
00266961,NAVER,2025,CFS,CF,현금흐름표,ifrs-full_CashFlowsFromUsedInOperatingActivities,영업활동현금흐름,3095806604677,2589874337746,51,KRW
00266961,NAVER,2025,CFS,CF,현금흐름표,ifrs-full_CashFlowsFromUsedInOperations,영업에서 창출된 현금흐름,3642422955930,3087220047400,52,KRW
00266961,NAVER,2025,CFS,CF,현금흐름표,ifrs-full_DividendsReceivedClassifiedAsOperatingActivities,배당금의 수취,24899382984,55060773144,53,KRW
00266961,NAVER,2025,CFS,CF,현금흐름표,ifrs-full_IncomeTaxesPaidRefundClassifiedAsOperatingActivities,법인세의 납부,706842511405,607582633757,54,KRW
00266961,NAVER,2025,CFS,CF,현금흐름표,ifrs-full_InterestPaidClassifiedAsOperatingActivities,이자의 지급,89335999152,96195600801,55,KRW
00266961,NAVER,2025,CFS,CF,현금흐름표,ifrs-full_InterestReceivedClassifiedAsOperatingActivities,이자의 수입,224662776320,151371751760,56,KRW
00266961,NAVER,2025,CFS,CF,현금흐름표,ifrs-full_EffectOfExchangeRateChangesOnCashAndCashEquivalents,현금및현금성자산의 환율변동효과,-39175466014,139510553068,57,KRW
00266961,NAVER,2025,CFS,CF,현금흐름표,ifrs-full_IncreaseDecreaseInCashAndCashEquivalents,현금및현금성자산의 순증감,1788494161890,619068104522,58,KRW
00266961,NAVER,2025,CFS,SCE,자본변동표,dart_EquityAtBeginningOfPeriod,기초자본,16481339500,16481339500,3,KRW
00266961,NAVER,2025,CFS,SCE,자본변동표,dart_EquityAtBeginningOfPeriod,기초자본,25964961560851,24544359050688,3,KRW
00266961,NAVER,2025,CFS,SCE,자본변동표,dart_EquityAtBeginningOfPeriod,기초자본,-1944224642757,-2597430397696,3,KRW
00266961,NAVER,2025,CFS,SCE,자본변동표,dart_EquityAtBeginningOfPeriod,기초자본,27000911848337,24237998815553,3,KRW
00266961,NAVER,2025,CFS,SCE,자본변동표,dart_EquityAtBeginningOfPeriod,기초자본,1541008274046,1031956574557,3,KRW
00266961,NAVER,2025,CFS,SCE,자본변동표,dart_EquityAtBeginningOfPeriod,기초자본,25459903574291,23206042240996,3,KRW
00266961,NAVER,2025,CFS,SCE,자본변동표,dart_EquityAtBeginningOfPeriod,기초자본,1422685316697,1242632248504,3,KRW
00266961,NAVER,2025,CFS,SCE,자본변동표,dart_OtherComprehensiveIncomeNetOfTaxDisposalOfInvestmentsInEquityInstruments,기타포괄손익-공정가치 측정 지분상품 처분손익,0,0,4,KRW
00266961,NAVER,2025,CFS,SCE,자본변동표,dart_OtherComprehensiveIncomeNetOfTaxDisposalOfInvestmentsInEquityInstruments,기타포괄손익-공정가치 측정 지분상품 처분손익,-11337681761,-8300210235,4,KRW
00266961,NAVER,2025,CFS,SCE,자본변동표,dart_OtherComprehensiveIncomeNetOfTaxDisposalOfInvestmentsInEquityInstruments,기타포괄손익-공정가치 측정 지분상품 처분손익,0,0,4,KRW
00266961,NAVER,2025,CFS,SCE,자본변동표,dart_OtherComprehensiveIncomeNetOfTaxDisposalOfInvestmentsInEquityInstruments,기타포괄손익-공정가치 측정 지분상품 처분손익,-11337681761,-8300210235,4,KRW
00266961,NAVER,2025,CFS,SCE,자본변동표,dart_OtherComprehensiveIncomeNetOfTaxDisposalOfInvestmentsInEquityInstruments,기타포괄손익-공정가치 측정 지분상품 처분손익,78983226,215239282,4,KRW
00266961,NAVER,2025,CFS,SCE,자본변동표,dart_OtherComprehensiveIncomeNetOfTaxDisposalOfInvestmentsInEquityInstruments,기타포괄손익-공정가치 측정 지분상품 처분손익,-11258698535,-8084970953,4,KRW
00266961,NAVER,2025,CFS,SCE,자본변동표,dart_OtherComprehensiveIncomeNetOfTaxDisposalOfInvestmentsInEquityInstruments,기타포괄손익-공정가치 측정 지분상품 처분손익,0,0,4,KRW
00266961,NAVER,2025,CFS,SCE,자본변동표,-표준계정코드 미사용-,비지배지분과의 거래 및 연결범위변동,10443322272,477562189322,5,KRW
00266961,NAVER,2025,CFS,SCE,자본변동표,-표준계정코드 미사용-,비지배지분과의 거래 및 연결범위변동,-97368341062,363817386909,5,KRW
00266961,NAVER,2025,CFS,SCE,자본변동표,-표준계정코드 미사용-,비지배지분과의 거래 및 연결범위변동,107811663334,113744802413,5,KRW
00266961,NAVER,2025,CFS,SCE,자본변동표,-표준계정코드 미사용-,비지배지분과의 거래 및 연결범위변동,-1135590589,-3506128359,5,KRW
00266961,NAVER,2025,CFS,SCE,자본변동표,-표준계정코드 미사용-,비지배지분과의 거래 및 연결범위변동,0,0,5,KRW
00266961,NAVER,2025,CFS,SCE,자본변동표,-표준계정코드 미사용-,비지배지분과의 거래 및 연결범위변동,0,0,5,KRW
00266961,NAVER,2025,CFS,SCE,자본변동표,-표준계정코드 미사용-,비지배지분과의 거래 및 연결범위변동,108947253923,117250930772,5,KRW
00266961,NAVER,2025,CFS,SCE,자본변동표,ifrs-full_CancellationOfTreasuryShares,자기주식소각,0,0,6,KRW
00266961,NAVER,2025,CFS,SCE,자본변동표,ifrs-full_CancellationOfTreasuryShares,자기주식소각,0,0,6,KRW
00266961,NAVER,2025,CFS,SCE,자본변동표,ifrs-full_CancellationOfTreasuryShares,자기주식소각,0,0,6,KRW
00266961,NAVER,2025,CFS,SCE,자본변동표,ifrs-full_CancellationOfTreasuryShares,자기주식소각,145915381815,333599401646,6,KRW
00266961,NAVER,2025,CFS,SCE,자본변동표,ifrs-full_CancellationOfTreasuryShares,자기주식소각,-145915381815,-333599401646,6,KRW
00266961,NAVER,2025,CFS,SCE,자본변동표,ifrs-full_CancellationOfTreasuryShares,자기주식소각,0,0,6,KRW
00266961,NAVER,2025,CFS,SCE,자본변동표,ifrs-full_CancellationOfTreasuryShares,자기주식소각,0,0,6,KRW
00266961,NAVER,2025,CFS,SCE,자본변동표,ifrs-full_DividendsPaid,현금배당,168436666610,118984856180,7,KRW
00266961,NAVER,2025,CFS,SCE,자본변동표,ifrs-full_DividendsPaid,현금배당,0,0,7,KRW
00266961,NAVER,2025,CFS,SCE,자본변동표,ifrs-full_DividendsPaid,현금배당,168436666610,118984856180,7,KRW
00266961,NAVER,2025,CFS,SCE,자본변동표,ifrs-full_DividendsPaid,현금배당,0,0,7,KRW
00266961,NAVER,2025,CFS,SCE,자본변동표,ifrs-full_DividendsPaid,현금배당,0,0,7,KRW
00266961,NAVER,2025,CFS,SCE,자본변동표,ifrs-full_DividendsPaid,현금배당,0,0,7,KRW
00266961,NAVER,2025,CFS,SCE,자본변동표,ifrs-full_DividendsPaid,현금배당,168436666610,118984856180,7,KRW
00266961,NAVER,2025,CFS,SCE,자본변동표,ifrs-full_Equity,자본총계,16481339500,16481339500,8,KRW
00266961,NAVER,2025,CFS,SCE,자본변동표,ifrs-full_Equity,자본총계,27625675371074,25964961560851,8,KRW
00266961,NAVER,2025,CFS,SCE,자본변동표,ifrs-full_Equity,자본총계,-1646530116626,-1944224642757,8,KRW
00266961,NAVER,2025,CFS,SCE,자본변동표,ifrs-full_Equity,자본총계,27581956984245,25459903574291,8,KRW
00266961,NAVER,2025,CFS,SCE,자본변동표,ifrs-full_Equity,자본총계,1371056381350,1541008274046,8,KRW
00266961,NAVER,2025,CFS,SCE,자본변동표,ifrs-full_Equity,자본총계,28953013365595,27000911848337,8,KRW
00266961,NAVER,2025,CFS,SCE,자본변동표,ifrs-full_Equity,자본총계,1586330390297,1422685316697,8,KRW
00266961,NAVER,2025,CFS,SCE,자본변동표,ifrs-full_GainsLossesOnExchangeDifferencesOnTranslationNetOfTax,해외사업환산손익,0,0,9,KRW
00266961,NAVER,2025,CFS,SCE,자본변동표,ifrs-full_GainsLossesOnExchangeDifferencesOnTranslationNetOfTax,해외사업환산손익,0,0,9,KRW
00266961,NAVER,2025,CFS,SCE,자본변동표,ifrs-full_GainsLossesOnExchangeDifferencesOnTranslationNetOfTax,해외사업환산손익,-16993106764,365740184191,9,KRW
00266961,NAVER,2025,CFS,SCE,자본변동표,ifrs-full_GainsLossesOnExchangeDifferencesOnTranslationNetOfTax,해외사업환산손익,-16993106764,365740184191,9,KRW
00266961,NAVER,2025,CFS,SCE,자본변동표,ifrs-full_GainsLossesOnExchangeDifferencesOnTranslationNetOfTax,해외사업환산손익,-19419458127,60768105559,9,KRW
00266961,NAVER,2025,CFS,SCE,자본변동표,ifrs-full_GainsLossesOnExchangeDifferencesOnTranslationNetOfTax,해외사업환산손익,-36412564891,426508289750,9,KRW
00266961,NAVER,2025,CFS,SCE,자본변동표,ifrs-full_GainsLossesOnExchangeDifferencesOnTranslationNetOfTax,해외사업환산손익,0,0,9,KRW
00266961,NAVER,2025,CFS,SCE,자본변동표,ifrs-full_IncreaseDecreaseThroughSharebasedPaymentTransactions,주식기준보상거래,172563273378,178794903531,10,KRW
00266961,NAVER,2025,CFS,SCE,자본변동표,ifrs-full_IncreaseDecreaseThroughSharebasedPaymentTransactions,주식기준보상거래,77329133898,75733395449,10,KRW
00266961,NAVER,2025,CFS,SCE,자본변동표,ifrs-full_IncreaseDecreaseThroughSharebasedPaymentTransactions,주식기준보상거래,95234139480,103061508082,10,KRW
00266961,NAVER,2025,CFS,SCE,자본변동표,ifrs-full_IncreaseDecreaseThroughSharebasedPaymentTransactions,주식기준보상거래,40536319803,40259370661,10,KRW
00266961,NAVER,2025,CFS,SCE,자본변동표,ifrs-full_IncreaseDecreaseThroughSharebasedPaymentTransactions,주식기준보상거래,0,0,10,KRW
00266961,NAVER,2025,CFS,SCE,자본변동표,ifrs-full_IncreaseDecreaseThroughSharebasedPaymentTransactions,주식기준보상거래,0,0,10,KRW
00266961,NAVER,2025,CFS,SCE,자본변동표,ifrs-full_IncreaseDecreaseThroughSharebasedPaymentTransactions,주식기준보상거래,54697819677,62802137421,10,KRW
00266961,NAVER,2025,CFS,SCE,자본변동표,ifrs-full_OtherComprehensiveIncomeNetOfTaxCashFlowHedges,현금흐름위험회피 파생상품평가손익,1847409508,0,11,KRW
00266961,NAVER,2025,CFS,SCE,자본변동표,ifrs-full_OtherComprehensiveIncomeNetOfTaxCashFlowHedges,현금흐름위험회피 파생상품평가손익,0,0,11,KRW
00266961,NAVER,2025,CFS,SCE,자본변동표,ifrs-full_OtherComprehensiveIncomeNetOfTaxCashFlowHedges,현금흐름위험회피 파생상품평가손익,1847409508,0,11,KRW
00266961,NAVER,2025,CFS,SCE,자본변동표,ifrs-full_OtherComprehensiveIncomeNetOfTaxCashFlowHedges,현금흐름위험회피 파생상품평가손익,0,0,11,KRW
00266961,NAVER,2025,CFS,SCE,자본변동표,ifrs-full_OtherComprehensiveIncomeNetOfTaxCashFlowHedges,현금흐름위험회피 파생상품평가손익,0,0,11,KRW
00266961,NAVER,2025,CFS,SCE,자본변동표,ifrs-full_OtherComprehensiveIncomeNetOfTaxCashFlowHedges,현금흐름위험회피 파생상품평가손익,1847409508,0,11,KRW
00266961,NAVER,2025,CFS,SCE,자본변동표,ifrs-full_OtherComprehensiveIncomeNetOfTaxCashFlowHedges,현금흐름위험회피 파생상품평가손익,0,0,11,KRW
00266961,NAVER,2025,CFS,SCE,자본변동표,ifrs-full_OtherComprehensiveIncomeNetOfTaxGainsLossesFromInvestmentsInEquityInstruments,기타포괄손익-공정가치 측정 지분상품 평가손익,830464261,-1411062365,12,KRW
00266961,NAVER,2025,CFS,SCE,자본변동표,ifrs-full_OtherComprehensiveIncomeNetOfTaxGainsLossesFromInvestmentsInEquityInstruments,기타포괄손익-공정가치 측정 지분상품 평가손익,682958705870,-92496324409,12,KRW
00266961,NAVER,2025,CFS,SCE,자본변동표,ifrs-full_OtherComprehensiveIncomeNetOfTaxGainsLossesFromInvestmentsInEquityInstruments,기타포괄손익-공정가치 측정 지분상품 평가손익,682958705870,-92496324409,12,KRW
00266961,NAVER,2025,CFS,SCE,자본변동표,ifrs-full_OtherComprehensiveIncomeNetOfTaxGainsLossesFromInvestmentsInEquityInstruments,기타포괄손익-공정가치 측정 지분상품 평가손익,0,0,12,KRW
00266961,NAVER,2025,CFS,SCE,자본변동표,ifrs-full_OtherComprehensiveIncomeNetOfTaxGainsLossesFromInvestmentsInEquityInstruments,기타포괄손익-공정가치 측정 지분상품 평가손익,0,0,12,KRW
00266961,NAVER,2025,CFS,SCE,자본변동표,ifrs-full_OtherComprehensiveIncomeNetOfTaxGainsLossesFromInvestmentsInEquityInstruments,기타포괄손익-공정가치 측정 지분상품 평가손익,0,0,12,KRW
00266961,NAVER,2025,CFS,SCE,자본변동표,ifrs-full_OtherComprehensiveIncomeNetOfTaxGainsLossesFromInvestmentsInEquityInstruments,기타포괄손익-공정가치 측정 지분상품 평가손익,683789170131,-93907386774,12,KRW
00266961,NAVER,2025,CFS,SCE,자본변동표,ifrs-full_OtherComprehensiveIncomeNetOfTaxGainsLossesOnRemeasurementsOfDefinedBenefitPlans,순확정급여부채 재측정요소,33188805453,-41750278791,13,KRW
00266961,NAVER,2025,CFS,SCE,자본변동표,ifrs-full_OtherComprehensiveIncomeNetOfTaxGainsLossesOnRemeasurementsOfDefinedBenefitPlans,순확정급여부채 재측정요소,2980855625,560197818,13,KRW
00266961,NAVER,2025,CFS,SCE,자본변동표,ifrs-full_OtherComprehensiveIncomeNetOfTaxGainsLossesOnRemeasurementsOfDefinedBenefitPlans,순확정급여부채 재측정요소,36169661078,-41190080973,13,KRW
00266961,NAVER,2025,CFS,SCE,자본변동표,ifrs-full_OtherComprehensiveIncomeNetOfTaxGainsLossesOnRemeasurementsOfDefinedBenefitPlans,순확정급여부채 재측정요소,0,0,13,KRW
00266961,NAVER,2025,CFS,SCE,자본변동표,ifrs-full_OtherComprehensiveIncomeNetOfTaxGainsLossesOnRemeasurementsOfDefinedBenefitPlans,순확정급여부채 재측정요소,33188805453,-41750278791,13,KRW
00266961,NAVER,2025,CFS,SCE,자본변동표,ifrs-full_OtherComprehensiveIncomeNetOfTaxGainsLossesOnRemeasurementsOfDefinedBenefitPlans,순확정급여부채 재측정요소,0,0,13,KRW
00266961,NAVER,2025,CFS,SCE,자본변동표,ifrs-full_OtherComprehensiveIncomeNetOfTaxGainsLossesOnRemeasurementsOfDefinedBenefitPlans,순확정급여부채 재측정요소,0,0,13,KRW
00266961,NAVER,2025,CFS,SCE,자본변동표,ifrs-full_OtherComprehensiveIncomeNetOfTaxGainsLossesOnRevaluation,재평가손익,443183895,21389128638,14,KRW
00266961,NAVER,2025,CFS,SCE,자본변동표,ifrs-full_OtherComprehensiveIncomeNetOfTaxGainsLossesOnRevaluation,재평가손익,0,0,14,KRW
00266961,NAVER,2025,CFS,SCE,자본변동표,ifrs-full_OtherComprehensiveIncomeNetOfTaxGainsLossesOnRevaluation,재평가손익,443183895,21389128638,14,KRW
00266961,NAVER,2025,CFS,SCE,자본변동표,ifrs-full_OtherComprehensiveIncomeNetOfTaxGainsLossesOnRevaluation,재평가손익,443183895,21389128638,14,KRW
00266961,NAVER,2025,CFS,SCE,자본변동표,ifrs-full_OtherComprehensiveIncomeNetOfTaxGainsLossesOnRevaluation,재평가손익,0,0,14,KRW
00266961,NAVER,2025,CFS,SCE,자본변동표,ifrs-full_OtherComprehensiveIncomeNetOfTaxGainsLossesOnRevaluation,재평가손익,0,0,14,KRW
00266961,NAVER,2025,CFS,SCE,자본변동표,ifrs-full_OtherComprehensiveIncomeNetOfTaxGainsLossesOnRevaluation,재평가손익,0,0,14,KRW
00266961,NAVER,2025,CFS,SCE,자본변동표,ifrs-full_ProfitLoss,당기순이익,1953214734956,1923237257015,15,KRW
00266961,NAVER,2025,CFS,SCE,자본변동표,ifrs-full_ProfitLoss,당기순이익,-134468424941,8739115938,15,KRW
00266961,NAVER,2025,CFS,SCE,자본변동표,ifrs-full_ProfitLoss,당기순이익,1818746310015,1931976372953,15,KRW
00266961,NAVER,2025,CFS,SCE,자본변동표,ifrs-full_ProfitLoss,당기순이익,0,0,15,KRW
00266961,NAVER,2025,CFS,SCE,자본변동표,ifrs-full_ProfitLoss,당기순이익,0,0,15,KRW
00266961,NAVER,2025,CFS,SCE,자본변동표,ifrs-full_ProfitLoss,당기순이익,0,0,15,KRW
00266961,NAVER,2025,CFS,SCE,자본변동표,ifrs-full_ProfitLoss,당기순이익,1953214734956,1923237257015,15,KRW
00266961,NAVER,2025,CFS,SCE,자본변동표,ifrs-full_PurchaseOfTreasuryShares,자기주식취득,0,405122711100,16,KRW
00266961,NAVER,2025,CFS,SCE,자본변동표,ifrs-full_PurchaseOfTreasuryShares,자기주식취득,0,0,16,KRW
00266961,NAVER,2025,CFS,SCE,자본변동표,ifrs-full_PurchaseOfTreasuryShares,자기주식취득,0,405122711100,16,KRW
00266961,NAVER,2025,CFS,SCE,자본변동표,ifrs-full_PurchaseOfTreasuryShares,자기주식취득,0,405122711100,16,KRW
00266961,NAVER,2025,CFS,SCE,자본변동표,ifrs-full_PurchaseOfTreasuryShares,자기주식취득,0,0,16,KRW
00266961,NAVER,2025,CFS,SCE,자본변동표,ifrs-full_PurchaseOfTreasuryShares,자기주식취득,0,0,16,KRW
00266961,NAVER,2025,CFS,SCE,자본변동표,ifrs-full_PurchaseOfTreasuryShares,자기주식취득,0,0,16,KRW
00266961,NAVER,2025,CFS,SCE,자본변동표,ifrs-full_ShareOfOtherComprehensiveIncomeOfAssociatesAndJointVenturesAccountedForUsingEquityMethod,지분법자본변동,-555792882983,393972154570,17,KRW
00266961,NAVER,2025,CFS,SCE,자본변동표,ifrs-full_ShareOfOtherComprehensiveIncomeOfAssociatesAndJointVenturesAccountedForUsingEquityMethod,지분법자본변동,84894424,629320899,17,KRW
00266961,NAVER,2025,CFS,SCE,자본변동표,ifrs-full_ShareOfOtherComprehensiveIncomeOfAssociatesAndJointVenturesAccountedForUsingEquityMethod,지분법자본변동,-555877777407,393342833671,17,KRW
00266961,NAVER,2025,CFS,SCE,자본변동표,ifrs-full_ShareOfOtherComprehensiveIncomeOfAssociatesAndJointVenturesAccountedForUsingEquityMethod,지분법자본변동,0,0,17,KRW
00266961,NAVER,2025,CFS,SCE,자본변동표,ifrs-full_ShareOfOtherComprehensiveIncomeOfAssociatesAndJointVenturesAccountedForUsingEquityMethod,지분법자본변동,0,0,17,KRW
00266961,NAVER,2025,CFS,SCE,자본변동표,ifrs-full_ShareOfOtherComprehensiveIncomeOfAssociatesAndJointVenturesAccountedForUsingEquityMethod,지분법자본변동,-555877777407,393342833671,17,KRW
00266961,NAVER,2025,CFS,SCE,자본변동표,ifrs-full_ShareOfOtherComprehensiveIncomeOfAssociatesAndJointVenturesAccountedForUsingEquityMethod,지분법자본변동,0,0,17,KRW
00266961,NAVER,2025,OFS,BS,재무상태표,ifrs-full_Assets,자산총계,20341198572578,17597111016833,7,KRW
00266961,NAVER,2025,OFS,BS,재무상태표,ifrs-full_CurrentAssets,유동자산,4136395500892,3777662815776,8,KRW
00266961,NAVER,2025,OFS,BS,재무상태표,ifrs-full_CashAndCashEquivalents,현금및현금성자산,1293424831965,886721942097,9,KRW
00266961,NAVER,2025,OFS,BS,재무상태표,ifrs-full_CurrentFinancialAssetsAtFairValueThroughProfitOrLoss,당기손익-공정가치 측정 금융자산,201517185873,1005553511,10,KRW
00266961,NAVER,2025,OFS,BS,재무상태표,ifrs-full_Inventories,재고자산,648822220,672629633,11,KRW
00266961,NAVER,2025,OFS,BS,재무상태표,ifrs-full_OtherCurrentAssets,기타유동자산,36475166764,30848469645,12,KRW
00266961,NAVER,2025,OFS,BS,재무상태표,ifrs-full_ShorttermDepositsNotClassifiedAsCashEquivalents,단기금융상품,1993856048360,1929168662223,13,KRW
00266961,NAVER,2025,OFS,BS,재무상태표,ifrs-full_TradeAndOtherCurrentReceivables,매출채권및기타채권,610473445710,929245558667,14,KRW
00266961,NAVER,2025,OFS,BS,재무상태표,ifrs-full_NoncurrentAssets,비유동자산,16204803071686,13819448201057,15,KRW
00266961,NAVER,2025,OFS,BS,재무상태표,dart_LongTermDepositsNotClassifiedAsCashEquivalents,장기금융상품,95960000000,70955872000,16,KRW
00266961,NAVER,2025,OFS,BS,재무상태표,dart_NonCurrentFairValueFinancialAsset,당기손익-공정가치 측정 금융자산,1110705228185,1026111094524,17,KRW
00266961,NAVER,2025,OFS,BS,재무상태표,ifrs-full_DeferredTaxAssets,이연법인세자산,0,176745897214,18,KRW
00266961,NAVER,2025,OFS,BS,재무상태표,ifrs-full_IntangibleAssetsAndGoodwill,무형자산,271113017399,89486052361,19,KRW
00266961,NAVER,2025,OFS,BS,재무상태표,ifrs-full_InvestmentProperty,투자부동산,797243203910,792157236000,20,KRW
00266961,NAVER,2025,OFS,BS,재무상태표,ifrs-full_InvestmentsInSubsidiariesJointVenturesAndAssociates,"종속기업, 관계기업 및 공동기업 투자",8311404187026,8360262679039,21,KRW
00266961,NAVER,2025,OFS,BS,재무상태표,ifrs-full_NoncurrentFinancialAssetsAtFairValueThroughOtherComprehensiveIncome,기타포괄손익-공정가치 측정 금융자산,2176704103579,1170374376534,22,KRW
00266961,NAVER,2025,OFS,BS,재무상태표,ifrs-full_NoncurrentReceivables,매출채권및기타채권,419188965387,416843661998,23,KRW
00266961,NAVER,2025,OFS,BS,재무상태표,ifrs-full_OtherNoncurrentAssets,기타비유동자산,11065985440,10469105923,24,KRW
00266961,NAVER,2025,OFS,BS,재무상태표,ifrs-full_PropertyPlantAndEquipment,유형자산,2989527358370,1676426142472,25,KRW
00266961,NAVER,2025,OFS,BS,재무상태표,ifrs-full_RightofuseAssets,사용권자산,21891022390,29616082992,26,KRW
00266961,NAVER,2025,OFS,BS,재무상태표,dart_CapitalSurplus,자본잉여금,1304770330177,1249691454012,28,KRW
00266961,NAVER,2025,OFS,BS,재무상태표,dart_ElementsOfOtherStockholdersEquity,기타자본구성요소,-21386426862,-884636950607,29,KRW
00266961,NAVER,2025,OFS,BS,재무상태표,ifrs-full_Equity,자본총계,15729782986276,13246655551905,30,KRW
00266961,NAVER,2025,OFS,BS,재무상태표,ifrs-full_IssuedCapital,자본금,16481339500,16481339500,31,KRW
00266961,NAVER,2025,OFS,BS,재무상태표,ifrs-full_RetainedEarnings,이익잉여금,14429917743461,12865119709000,32,KRW
00266961,NAVER,2025,OFS,BS,재무상태표,ifrs-full_EquityAndLiabilities,자본및부채총계,20341198572578,17597111016833,33,KRW
00266961,NAVER,2025,OFS,BS,재무상태표,ifrs-full_CurrentLiabilities,유동부채,3267333001443,1652795521728,35,KRW
00266961,NAVER,2025,OFS,BS,재무상태표,-표준계정코드 미사용-,유동성장기차입금,0,200000000000,36,KRW
00266961,NAVER,2025,OFS,BS,재무상태표,ifrs-full_CurrentLeaseLiabilities,리스부채,47397692332,47264692720,37,KRW
00266961,NAVER,2025,OFS,BS,재무상태표,ifrs-full_CurrentPortionOfLongtermBorrowings,유동성사채,1597174210005,0,38,KRW
00266961,NAVER,2025,OFS,BS,재무상태표,ifrs-full_CurrentProvisions,충당부채,24553449047,32556086841,39,KRW
00266961,NAVER,2025,OFS,BS,재무상태표,ifrs-full_CurrentTaxLiabilities,당기법인세부채,355984845823,311190549450,40,KRW
00266961,NAVER,2025,OFS,BS,재무상태표,ifrs-full_OtherCurrentLiabilities,기타유동부채,433778643703,434890103854,41,KRW
00266961,NAVER,2025,OFS,BS,재무상태표,ifrs-full_TradeAndOtherCurrentPayables,매입채무및기타채무,808444160533,626894088863,42,KRW
00266961,NAVER,2025,OFS,BS,재무상태표,ifrs-full_Liabilities,부채총계,4611415586302,4350455464928,43,KRW
00266961,NAVER,2025,OFS,BS,재무상태표,ifrs-full_NoncurrentLiabilities,비유동부채,1344082584859,2697659943200,44,KRW
00266961,NAVER,2025,OFS,BS,재무상태표,dart_LongTermTradeAndOtherNonCurrentPayables,매입채무및기타채무,173713785780,52235285341,45,KRW
00266961,NAVER,2025,OFS,BS,재무상태표,ifrs-full_DeferredTaxLiabilities,이연법인세부채,43843783479,0,46,KRW
00266961,NAVER,2025,OFS,BS,재무상태표,ifrs-full_NoncurrentLeaseLiabilities,리스부채,222159351243,259413621583,47,KRW
00266961,NAVER,2025,OFS,BS,재무상태표,ifrs-full_NoncurrentPortionOfNoncurrentBondsIssued,사채,382248922805,2007288715797,48,KRW
00266961,NAVER,2025,OFS,BS,재무상태표,ifrs-full_NoncurrentPortionOfNoncurrentLoansReceived,장기차입금,100000000000,0,49,KRW
00266961,NAVER,2025,OFS,BS,재무상태표,ifrs-full_NoncurrentProvisions,충당부채,10988231244,11802856713,50,KRW
00266961,NAVER,2025,OFS,BS,재무상태표,ifrs-full_NoncurrentRecognisedLiabilitiesDefinedBenefitPlan,순확정급여부채,411119829784,366858699906,51,KRW
00266961,NAVER,2025,OFS,BS,재무상태표,ifrs-full_OtherNoncurrentLiabilities,기타비유동부채,8680524,60763860,52,KRW
00266961,NAVER,2025,OFS,CIS,포괄손익계산서,dart_OperatingIncomeLoss,영업이익,1945532432697,1905258322935,6,KRW
00266961,NAVER,2025,OFS,CIS,포괄손익계산서,dart_OtherGains,기타수익,73753242241,218991719312,7,KRW
00266961,NAVER,2025,OFS,CIS,포괄손익계산서,dart_OtherLosses,기타비용,198770192043,352222007094,8,KRW
00266961,NAVER,2025,OFS,CIS,포괄손익계산서,ifrs-full_ComprehensiveIncome,총포괄이익,2555948905013,2197642165834,9,KRW
00266961,NAVER,2025,OFS,CIS,포괄손익계산서,ifrs-full_BasicEarningsLossPerShare,기본주당순이익,12608,13073,11,KRW
00266961,NAVER,2025,OFS,CIS,포괄손익계산서,ifrs-full_DilutedEarningsLossPerShare,희석주당순이익,12542,13038,12,KRW
00266961,NAVER,2025,OFS,CIS,포괄손익계산서,ifrs-full_FinanceCosts,금융비용,292396477750,346526466036,13,KRW
00266961,NAVER,2025,OFS,CIS,포괄손익계산서,ifrs-full_FinanceIncome,금융수익,768744197867,973373098568,14,KRW
00266961,NAVER,2025,OFS,CIS,포괄손익계산서,ifrs-full_IncomeTaxExpenseContinuingOperations,법인세비용,528127836437,504405230244,15,KRW
00266961,NAVER,2025,OFS,CIS,포괄손익계산서,ifrs-full_OperatingExpense,영업비용,5073797557163,4275633762007,16,KRW
00266961,NAVER,2025,OFS,CIS,포괄손익계산서,ifrs-full_OtherComprehensiveIncome,기타포괄손익,672979776034,228937679471,17,KRW
00266961,NAVER,2025,OFS,CIS,포괄손익계산서,ifrs-full_OtherComprehensiveIncomeThatWillBeReclassifiedToProfitOrLossNetOfTax,후속적으로 당기손익으로 재분류되는 항목,1847409508,0,18,KRW
00266961,NAVER,2025,OFS,CIS,포괄손익계산서,ifrs-full_GainsLossesOnCashFlowHedgesNetOfTax,현금흐름위험회피 파생상품평가손익,1847409508,0,19,KRW
00266961,NAVER,2025,OFS,CIS,포괄손익계산서,ifrs-full_OtherComprehensiveIncomeThatWillNotBeReclassifiedToProfitOrLossNetOfTax,후속적으로 당기손익으로 재분류되지 않는 항목,671132366526,228937679471,20,KRW
00266961,NAVER,2025,OFS,CIS,포괄손익계산서,dart_OtherComprehensiveIncomeNetOfTaxDisposalOfInvestmentsInEquityInstruments,기타포괄손익-공정가치 측정 지분상품 처분손익,-12554540634,-9276275198,21,KRW
00266961,NAVER,2025,OFS,CIS,포괄손익계산서,ifrs-full_OtherComprehensiveIncomeNetOfTaxGainsLossesFromInvestmentsInEquityInstruments,기타포괄손익-공정가치 측정 지분상품 평가손익,679039767303,-76525734184,22,KRW
00266961,NAVER,2025,OFS,CIS,포괄손익계산서,ifrs-full_OtherComprehensiveIncomeNetOfTaxGainsLossesOnRemeasurementsOfDefinedBenefitPlans,순확정급여부채 재측정요소,8735494541,-21334680498,23,KRW
00266961,NAVER,2025,OFS,CIS,포괄손익계산서,ifrs-full_OtherComprehensiveIncomeNetOfTaxGainsLossesOnRevaluation,재평가손익,-4088354684,336074369351,24,KRW
00266961,NAVER,2025,OFS,CIS,포괄손익계산서,ifrs-full_ProfitLoss,당기순이익,1882969128979,1968704486363,25,KRW
00266961,NAVER,2025,OFS,CIS,포괄손익계산서,ifrs-full_ProfitLossBeforeTax,법인세비용차감전순이익,2411096965416,2473109716607,26,KRW
00266961,NAVER,2025,OFS,CIS,포괄손익계산서,ifrs-full_Revenue,영업수익,7019329989860,6180892084942,27,KRW
00266961,NAVER,2025,OFS,CIS,포괄손익계산서,ifrs-full_RevenueFromInterest,이자수익,114233762404,74235048922,28,KRW
00266961,NAVER,2025,OFS,CF,현금흐름표,dart_CashAndCashEquivalentsAtBeginningOfPeriodCf,기초현금및현금성자산,886721942097,961792099745,2,KRW
00266961,NAVER,2025,OFS,CF,현금흐름표,dart_CashAndCashEquivalentsAtEndOfPeriodCf,기말현금및현금성자산,1293424831965,886721942097,3,KRW
00266961,NAVER,2025,OFS,CF,현금흐름표,ifrs-full_CashFlowsFromUsedInFinancingActivities,재무활동현금흐름,-256940226242,-479638020407,8,KRW
00266961,NAVER,2025,OFS,CF,현금흐름표,dart_AcquisitionOfTreasuryShares,자기주식의 취득,0,405122711100,9,KRW
00266961,NAVER,2025,OFS,CF,현금흐름표,dart_PaymentsOfFinanceLeaseLiabilitiesClassifiedAsFinancingActivities,리스부채의 상환,37782988850,36795152379,10,KRW
00266961,NAVER,2025,OFS,CF,현금흐름표,dart_ProceedsFromBonds,사채의 발행,0,199320560000,11,KRW
00266961,NAVER,2025,OFS,CF,현금흐름표,dart_ProceedsFromExerciseOfShareOptions,주식기준보상관련 현금유입,47845120758,62717016652,12,KRW
00266961,NAVER,2025,OFS,CF,현금흐름표,dart_ProceedsFromLongTermBorrowings,비유동차입금의 차입,100000000000,185000000000,13,KRW
00266961,NAVER,2025,OFS,CF,현금흐름표,dart_ProceedsFromShortTermBorrowings,유동차입금의 차입,0,0,14,KRW
00266961,NAVER,2025,OFS,CF,현금흐름표,dart_RepaymentsOfBonds,사채의 상환,0,250000000000,15,KRW
00266961,NAVER,2025,OFS,CF,현금흐름표,dart_RepaymentsOfLongTermBorrowings,비유동차입금의 상환,0,0,16,KRW
00266961,NAVER,2025,OFS,CF,현금흐름표,dart_RepaymentsOfShortTermBorrowings,유동차입금의 상환,200000000000,139029000000,17,KRW
00266961,NAVER,2025,OFS,CF,현금흐름표,-표준계정코드 미사용-,기타재무활동으로 인한 현금유출액,133369000,24288924558,18,KRW
00266961,NAVER,2025,OFS,CF,현금흐름표,ifrs-full_DividendsPaidClassifiedAsFinancingActivities,배당금 지급,168436666610,118984856180,19,KRW
00266961,NAVER,2025,OFS,CF,현금흐름표,ifrs-full_OtherInflowsOutflowsOfCashClassifiedAsFinancingActivities,기타재무활동으로 인한 현금유입액,1567677460,47545047158,20,KRW
00266961,NAVER,2025,OFS,CF,현금흐름표,ifrs-full_CashFlowsFromUsedInInvestingActivities,투자활동현금흐름,-1624105685476,-2166184106329,21,KRW
00266961,NAVER,2025,OFS,CF,현금흐름표,dart_ProceedsFromSalesOfCurrentFairValueFinancialAsset,당기손익-공정가치 측정 금융자산의 처분,17388911837,158531882804,22,KRW
00266961,NAVER,2025,OFS,CF,현금흐름표,dart_ProceedsFromSalesOfFinancialAssetsAtFairValueThroughOtherComprehensiveIncome,기타포괄손익-공정가치 측정 금융자산의 처분,8521485213,2401873711,23,KRW
00266961,NAVER,2025,OFS,CF,현금흐름표,dart_ProceedsFromSalesOfInvestmentsInSubsidiariesJointVenturesAndAssociates,관계기업및공동기업투자주식의 처분,88952723566,141405946656,24,KRW
00266961,NAVER,2025,OFS,CF,현금흐름표,dart_ProceedsFromSalesOfLongTermFinancialInstruments,장기금융상품의 감소,90960000000,0,25,KRW
00266961,NAVER,2025,OFS,CF,현금흐름표,dart_ProceedsFromSalesOfLongTermLoansAndReceivables,장기대여금의 감소,0,59343864000,26,KRW
00266961,NAVER,2025,OFS,CF,현금흐름표,dart_ProceedsFromSalesOfShortTermFinancialInstruments,단기금융상품의 감소,3820961862223,2533398059123,27,KRW
00266961,NAVER,2025,OFS,CF,현금흐름표,dart_ProceedsFromSalesOfShortTermLoansAndReceivables,단기대여금의 감소,410220000000,10000000,28,KRW
00266961,NAVER,2025,OFS,CF,현금흐름표,dart_PurchaseOfCurrentFairValueFinancialAsset,당기손익-공정가치 측정 금융자산의 취득,299008469754,99293212338,29,KRW
00266961,NAVER,2025,OFS,CF,현금흐름표,dart_PurchaseOfFinancialAssetsAtFairValueThroughOtherComprehensiveIncome,기타포괄손익-공정가치 측정 금융자산의 취득,95357707391,0,30,KRW
00266961,NAVER,2025,OFS,CF,현금흐름표,dart_PurchaseOfInvestmentsInSubsidiariesJointVenturesAndAssociates,관계기업및공동기업투자주식의 취득,163653090958,117522092591,31,KRW
00266961,NAVER,2025,OFS,CF,현금흐름표,dart_PurchaseOfLongTermFinancialInstruments,장기금융상품의 증가,115960000000,53200000000,32,KRW
00266961,NAVER,2025,OFS,CF,현금흐름표,dart_PurchaseOfLongTermLoansAndReceivables,장기대여금의 증가,40000000000,60000000000,33,KRW
00266961,NAVER,2025,OFS,CF,현금흐름표,dart_PurchaseOfShortTermFinancialInstruments,단기금융상품의 증가,3883856048360,4259249862223,34,KRW
00266961,NAVER,2025,OFS,CF,현금흐름표,dart_PurchaseOfShortTermLoansAndReceivables,단기대여금의 증가,0,410500000000,35,KRW
00266961,NAVER,2025,OFS,CF,현금흐름표,-표준계정코드 미사용-,리스채권의 회수,37928601879,11209254608,36,KRW
00266961,NAVER,2025,OFS,CF,현금흐름표,-표준계정코드 미사용-,기타투자활동으로 인한 현금유출액,44161419,59702749,37,KRW
00266961,NAVER,2025,OFS,CF,현금흐름표,ifrs-full_OtherInflowsOutflowsOfCashClassifiedAsInvestingActivities,기타투자활동으로 인한 현금유입액,330000000,1224268450,38,KRW
00266961,NAVER,2025,OFS,CF,현금흐름표,ifrs-full_ProceedsFromSalesOfIntangibleAssetsClassifiedAsInvestingActivities,무형자산의 처분,237505371,1848657534,39,KRW
00266961,NAVER,2025,OFS,CF,현금흐름표,ifrs-full_ProceedsFromSalesOfPropertyPlantAndEquipmentClassifiedAsInvestingActivities,유형자산의 처분,3785670038,1143916805,40,KRW
00266961,NAVER,2025,OFS,CF,현금흐름표,ifrs-full_PurchaseOfIntangibleAssetsClassifiedAsInvestingActivities,무형자산의 취득,60236913556,2696801832,41,KRW
00266961,NAVER,2025,OFS,CF,현금흐름표,ifrs-full_PurchaseOfInvestmentProperty,투자부동산의 취득,783097910,0,42,KRW
00266961,NAVER,2025,OFS,CF,현금흐름표,ifrs-full_PurchaseOfPropertyPlantAndEquipmentClassifiedAsInvestingActivities,유형자산의 취득,1444492956255,74180158287,43,KRW
00266961,NAVER,2025,OFS,CF,현금흐름표,ifrs-full_CashFlowsFromUsedInOperatingActivities,영업활동현금흐름,2304981084029,2553656740707,44,KRW
00266961,NAVER,2025,OFS,CF,현금흐름표,ifrs-full_CashFlowsFromUsedInOperations,영업에서 창출된 현금흐름,2292610119293,2278808099734,45,KRW
00266961,NAVER,2025,OFS,CF,현금흐름표,ifrs-full_DividendsReceivedClassifiedAsOperatingActivities,배당금의 수취,529200980205,759554623970,46,KRW
00266961,NAVER,2025,OFS,CF,현금흐름표,ifrs-full_IncomeTaxesPaidRefundClassifiedAsOperatingActivities,법인세의 납부,576301427919,490749957905,47,KRW
00266961,NAVER,2025,OFS,CF,현금흐름표,ifrs-full_InterestPaidClassifiedAsOperatingActivities,이자의 지급,49964352836,49900500157,48,KRW
00266961,NAVER,2025,OFS,CF,현금흐름표,ifrs-full_InterestReceivedClassifiedAsOperatingActivities,이자의 수입,109435765286,55944475065,49,KRW
00266961,NAVER,2025,OFS,CF,현금흐름표,ifrs-full_EffectOfExchangeRateChangesOnCashAndCashEquivalents,현금및현금성자산의 환율변동효과,-17232282443,17095228381,50,KRW
00266961,NAVER,2025,OFS,CF,현금흐름표,ifrs-full_IncreaseDecreaseInCashAndCashEquivalents,현금및현금성자산의 순증감,406702889868,-75070157648,51,KRW
00266961,NAVER,2025,OFS,SCE,자본변동표,dart_EquityAtBeginningOfPeriod,기초자본,12865119709000,11379610436159,3,KRW
00266961,NAVER,2025,OFS,SCE,자본변동표,dart_EquityAtBeginningOfPeriod,기초자본,16481339500,16481339500,3,KRW
00266961,NAVER,2025,OFS,SCE,자본변동표,dart_EquityAtBeginningOfPeriod,기초자본,-884636950607,-1132456364024,3,KRW
00266961,NAVER,2025,OFS,SCE,자본변동표,dart_EquityAtBeginningOfPeriod,기초자본,13246655551905,11450826041130,3,KRW
00266961,NAVER,2025,OFS,SCE,자본변동표,dart_EquityAtBeginningOfPeriod,기초자본,1249691454012,1187190629495,3,KRW
00266961,NAVER,2025,OFS,SCE,자본변동표,dart_IncreaseDecreaseThroughBusinessCombinations,사업결합으로 인한 자본변동,1800099133,0,4,KRW
00266961,NAVER,2025,OFS,SCE,자본변동표,dart_IncreaseDecreaseThroughBusinessCombinations,사업결합으로 인한 자본변동,0,0,4,KRW
00266961,NAVER,2025,OFS,SCE,자본변동표,dart_IncreaseDecreaseThroughBusinessCombinations,사업결합으로 인한 자본변동,0,0,4,KRW
00266961,NAVER,2025,OFS,SCE,자본변동표,dart_IncreaseDecreaseThroughBusinessCombinations,사업결합으로 인한 자본변동,0,0,4,KRW
00266961,NAVER,2025,OFS,SCE,자본변동표,dart_IncreaseDecreaseThroughBusinessCombinations,사업결합으로 인한 자본변동,1800099133,0,4,KRW
00266961,NAVER,2025,OFS,SCE,자본변동표,dart_OtherComprehensiveIncomeNetOfTaxDisposalOfInvestmentsInEquityInstruments,기타포괄손익-공정가치 측정 지분상품 처분손익,0,0,5,KRW
00266961,NAVER,2025,OFS,SCE,자본변동표,dart_OtherComprehensiveIncomeNetOfTaxDisposalOfInvestmentsInEquityInstruments,기타포괄손익-공정가치 측정 지분상품 처분손익,-12554540634,-9276275198,5,KRW
00266961,NAVER,2025,OFS,SCE,자본변동표,dart_OtherComprehensiveIncomeNetOfTaxDisposalOfInvestmentsInEquityInstruments,기타포괄손익-공정가치 측정 지분상품 처분손익,-12554540634,-9276275198,5,KRW
00266961,NAVER,2025,OFS,SCE,자본변동표,dart_OtherComprehensiveIncomeNetOfTaxDisposalOfInvestmentsInEquityInstruments,기타포괄손익-공정가치 측정 지분상품 처분손익,0,0,5,KRW
00266961,NAVER,2025,OFS,SCE,자본변동표,dart_OtherComprehensiveIncomeNetOfTaxDisposalOfInvestmentsInEquityInstruments,기타포괄손익-공정가치 측정 지분상품 처분손익,0,0,5,KRW
00266961,NAVER,2025,OFS,SCE,자본변동표,dart_OtherComprehensiveIncomeNetOfTaxGainsLossesOnRevaluationOfPropertyPlandAndEquipment,재평가손익,-4088354684,336074369351,6,KRW
00266961,NAVER,2025,OFS,SCE,자본변동표,dart_OtherComprehensiveIncomeNetOfTaxGainsLossesOnRevaluationOfPropertyPlandAndEquipment,재평가손익,-4088354684,336074369351,6,KRW
00266961,NAVER,2025,OFS,SCE,자본변동표,dart_OtherComprehensiveIncomeNetOfTaxGainsLossesOnRevaluationOfPropertyPlandAndEquipment,재평가손익,0,0,6,KRW
00266961,NAVER,2025,OFS,SCE,자본변동표,dart_OtherComprehensiveIncomeNetOfTaxGainsLossesOnRevaluationOfPropertyPlandAndEquipment,재평가손익,0,0,6,KRW
00266961,NAVER,2025,OFS,SCE,자본변동표,dart_OtherComprehensiveIncomeNetOfTaxGainsLossesOnRevaluationOfPropertyPlandAndEquipment,재평가손익,0,0,6,KRW
00266961,NAVER,2025,OFS,SCE,자본변동표,ifrs-full_CancellationOfTreasuryShares,자기주식소각,0,0,7,KRW
00266961,NAVER,2025,OFS,SCE,자본변동표,ifrs-full_CancellationOfTreasuryShares,자기주식소각,145915381815,333599401646,7,KRW
00266961,NAVER,2025,OFS,SCE,자본변동표,ifrs-full_CancellationOfTreasuryShares,자기주식소각,0,0,7,KRW
00266961,NAVER,2025,OFS,SCE,자본변동표,ifrs-full_CancellationOfTreasuryShares,자기주식소각,-145915381815,-333599401646,7,KRW
00266961,NAVER,2025,OFS,SCE,자본변동표,ifrs-full_CancellationOfTreasuryShares,자기주식소각,0,0,7,KRW
00266961,NAVER,2025,OFS,SCE,자본변동표,ifrs-full_DividendsPaid,현금배당,0,0,8,KRW
00266961,NAVER,2025,OFS,SCE,자본변동표,ifrs-full_DividendsPaid,현금배당,168436666610,118984856180,8,KRW
00266961,NAVER,2025,OFS,SCE,자본변동표,ifrs-full_DividendsPaid,현금배당,0,0,8,KRW
00266961,NAVER,2025,OFS,SCE,자본변동표,ifrs-full_DividendsPaid,현금배당,168436666610,118984856180,8,KRW
00266961,NAVER,2025,OFS,SCE,자본변동표,ifrs-full_DividendsPaid,현금배당,0,0,8,KRW
00266961,NAVER,2025,OFS,SCE,자본변동표,ifrs-full_Equity,자본총계,16481339500,16481339500,9,KRW
00266961,NAVER,2025,OFS,SCE,자본변동표,ifrs-full_Equity,자본총계,14429917743461,12865119709000,9,KRW
00266961,NAVER,2025,OFS,SCE,자본변동표,ifrs-full_Equity,자본총계,-21386426862,-884636950607,9,KRW
00266961,NAVER,2025,OFS,SCE,자본변동표,ifrs-full_Equity,자본총계,15729782986276,13246655551905,9,KRW
00266961,NAVER,2025,OFS,SCE,자본변동표,ifrs-full_Equity,자본총계,1304770330177,1249691454012,9,KRW
00266961,NAVER,2025,OFS,SCE,자본변동표,ifrs-full_IncreaseDecreaseThroughSharebasedPaymentTransactions,주식기준보상거래,93815096835,122294912221,10,KRW
00266961,NAVER,2025,OFS,SCE,자본변동표,ifrs-full_IncreaseDecreaseThroughSharebasedPaymentTransactions,주식기준보상거래,40536319803,59794087704,10,KRW
00266961,NAVER,2025,OFS,SCE,자본변동표,ifrs-full_IncreaseDecreaseThroughSharebasedPaymentTransactions,주식기준보상거래,0,0,10,KRW
00266961,NAVER,2025,OFS,SCE,자본변동표,ifrs-full_IncreaseDecreaseThroughSharebasedPaymentTransactions,주식기준보상거래,0,0,10,KRW
00266961,NAVER,2025,OFS,SCE,자본변동표,ifrs-full_IncreaseDecreaseThroughSharebasedPaymentTransactions,주식기준보상거래,53278777032,62500824517,10,KRW
00266961,NAVER,2025,OFS,SCE,자본변동표,ifrs-full_OtherComprehensiveIncomeNetOfTaxCashFlowHedges,현금흐름위험회피 파생상품평가손익,0,0,11,KRW
00266961,NAVER,2025,OFS,SCE,자본변동표,ifrs-full_OtherComprehensiveIncomeNetOfTaxCashFlowHedges,현금흐름위험회피 파생상품평가손익,0,0,11,KRW
00266961,NAVER,2025,OFS,SCE,자본변동표,ifrs-full_OtherComprehensiveIncomeNetOfTaxCashFlowHedges,현금흐름위험회피 파생상품평가손익,1847409508,0,11,KRW
00266961,NAVER,2025,OFS,SCE,자본변동표,ifrs-full_OtherComprehensiveIncomeNetOfTaxCashFlowHedges,현금흐름위험회피 파생상품평가손익,1847409508,0,11,KRW
00266961,NAVER,2025,OFS,SCE,자본변동표,ifrs-full_OtherComprehensiveIncomeNetOfTaxCashFlowHedges,현금흐름위험회피 파생상품평가손익,0,0,11,KRW
00266961,NAVER,2025,OFS,SCE,자본변동표,ifrs-full_OtherComprehensiveIncomeNetOfTaxGainsLossesFromInvestmentsInEquityInstruments,기타포괄손익-공정가치 측정 지분상품 평가손익,679039767303,-76525734184,12,KRW
00266961,NAVER,2025,OFS,SCE,자본변동표,ifrs-full_OtherComprehensiveIncomeNetOfTaxGainsLossesFromInvestmentsInEquityInstruments,기타포괄손익-공정가치 측정 지분상품 평가손익,679039767303,-76525734184,12,KRW
00266961,NAVER,2025,OFS,SCE,자본변동표,ifrs-full_OtherComprehensiveIncomeNetOfTaxGainsLossesFromInvestmentsInEquityInstruments,기타포괄손익-공정가치 측정 지분상품 평가손익,0,0,12,KRW
00266961,NAVER,2025,OFS,SCE,자본변동표,ifrs-full_OtherComprehensiveIncomeNetOfTaxGainsLossesFromInvestmentsInEquityInstruments,기타포괄손익-공정가치 측정 지분상품 평가손익,0,0,12,KRW
00266961,NAVER,2025,OFS,SCE,자본변동표,ifrs-full_OtherComprehensiveIncomeNetOfTaxGainsLossesFromInvestmentsInEquityInstruments,기타포괄손익-공정가치 측정 지분상품 평가손익,0,0,12,KRW
00266961,NAVER,2025,OFS,SCE,자본변동표,ifrs-full_OtherComprehensiveIncomeNetOfTaxGainsLossesOnRemeasurementsOfDefinedBenefitPlans,순확정급여부채 재측정요소,0,0,13,KRW
00266961,NAVER,2025,OFS,SCE,자본변동표,ifrs-full_OtherComprehensiveIncomeNetOfTaxGainsLossesOnRemeasurementsOfDefinedBenefitPlans,순확정급여부채 재측정요소,8735494541,-21334680498,13,KRW
00266961,NAVER,2025,OFS,SCE,자본변동표,ifrs-full_OtherComprehensiveIncomeNetOfTaxGainsLossesOnRemeasurementsOfDefinedBenefitPlans,순확정급여부채 재측정요소,8735494541,-21334680498,13,KRW
00266961,NAVER,2025,OFS,SCE,자본변동표,ifrs-full_OtherComprehensiveIncomeNetOfTaxGainsLossesOnRemeasurementsOfDefinedBenefitPlans,순확정급여부채 재측정요소,0,0,13,KRW
00266961,NAVER,2025,OFS,SCE,자본변동표,ifrs-full_OtherComprehensiveIncomeNetOfTaxGainsLossesOnRemeasurementsOfDefinedBenefitPlans,순확정급여부채 재측정요소,0,0,13,KRW
00266961,NAVER,2025,OFS,SCE,자본변동표,ifrs-full_ProfitLoss,당기순이익,1882969128979,1968704486363,14,KRW
00266961,NAVER,2025,OFS,SCE,자본변동표,ifrs-full_ProfitLoss,당기순이익,0,0,14,KRW
00266961,NAVER,2025,OFS,SCE,자본변동표,ifrs-full_ProfitLoss,당기순이익,0,0,14,KRW
00266961,NAVER,2025,OFS,SCE,자본변동표,ifrs-full_ProfitLoss,당기순이익,1882969128979,1968704486363,14,KRW
00266961,NAVER,2025,OFS,SCE,자본변동표,ifrs-full_ProfitLoss,당기순이익,0,0,14,KRW
00266961,NAVER,2025,OFS,SCE,자본변동표,ifrs-full_PurchaseOfTreasuryShares,자기주식취득,0,0,15,KRW
00266961,NAVER,2025,OFS,SCE,자본변동표,ifrs-full_PurchaseOfTreasuryShares,자기주식취득,0,405122711100,15,KRW
00266961,NAVER,2025,OFS,SCE,자본변동표,ifrs-full_PurchaseOfTreasuryShares,자기주식취득,0,405122711100,15,KRW
00266961,NAVER,2025,OFS,SCE,자본변동표,ifrs-full_PurchaseOfTreasuryShares,자기주식취득,0,0,15,KRW
00266961,NAVER,2025,OFS,SCE,자본변동표,ifrs-full_PurchaseOfTreasuryShares,자기주식취득,0,0,15,KRW
